axis,library,term,overlap,set_size_in_universe,list_size,universe_size,fold_enrichment,p_value,genes,q_value
shared,Reactome,REACTOME_ADAPTIVE_IMMUNE_SYSTEM,10,52,50,1500,5.769230769230769,3.7017070403232225e-06,Ctsd|Ctss|Ifitm3|Mrc1|Mylip|Pik3ap1|Psmb8|Ptprc|Siglech|Tyrobp,0.0002109973012984237
shared,Reactome,REACTOME_ADHERENS_JUNCTIONS_INTERACTIONS,0,11,50,1500,0.0,1.0,,1.0
shared,Reactome,REACTOME_ANTIGEN_PROCESSING_UBIQUITINATION_PROTEASOME_DEGRADATION,1,11,50,1500,2.7272727272727275,0.31215205147852715,Mylip,1.0
shared,Reactome,REACTOME_APOPTOSIS,1,10,50,1500,3.0,0.2882684421548648,Cflar,1.0
shared,Reactome,REACTOME_ASPARAGINE_N_LINKED_GLYCOSYLATION,0,14,50,1500,0.0,1.0,,1.0
shared,Reactome,REACTOME_ASSEMBLY_OF_COLLAGEN_FIBRILS_AND_OTHER_MULTIMERIC_STRUCTURES,1,21,50,1500,1.4285714285714286,0.5116902720131731,Ctss,1.0
shared,Reactome,REACTOME_A_TETRASACCHARIDE_LINKER_SEQUENCE_IS_REQUIRED_FOR_GAG_SYNTHESIS,0,10,50,1500,0.0,1.0,,1.0
shared,Reactome,REACTOME_BASIGIN_INTERACTIONS,0,10,50,1500,0.0,1.0,,1.0
shared,Reactome,REACTOME_CARDIAC_CONDUCTION,0,21,50,1500,0.0,1.0,,1.0
shared,Reactome,REACTOME_CDC42_GTPASE_CYCLE,0,15,50,1500,0.0,1.0,,1.0
shared,Reactome,REACTOME_CELLULAR_RESPONSES_TO_STIMULI,3,46,50,1500,1.9565217391304346,0.19547782065070726,Gpx3|mt-Co2|mt-Co3,0.8253507983029863
shared,Reactome,REACTOME_CELLULAR_RESPONSE_TO_CHEMICAL_STRESS,3,15,50,1500,6.0,0.011956460152065383,Gpx3|mt-Co2|mt-Co3,0.17037955716693173
shared,Reactome,REACTOME_CELL_CELL_COMMUNICATION,1,14,50,1500,2.142857142857143,0.3791877227557184,Tyrobp,1.0
shared,Reactome,REACTOME_CELL_CELL_JUNCTION_ORGANIZATION,0,11,50,1500,0.0,1.0,,1.0
shared,Reactome,REACTOME_CELL_CYCLE,0,25,50,1500,0.0,1.0,,1.0
shared,Reactome,REACTOME_CELL_CYCLE_CHECKPOINTS,0,11,50,1500,0.0,1.0,,1.0
shared,Reactome,REACTOME_CELL_JUNCTION_ORGANIZATION,0,12,50,1500,0.0,1.0,,1.0
shared,Reactome,REACTOME_CELL_SURFACE_INTERACTIONS_AT_THE_VASCULAR_WALL,1,25,50,1500,1.2,0.5745095173169409,Pf4,1.0
shared,Reactome,REACTOME_CHONDROITIN_SULFATE_DERMATAN_SULFATE_METABOLISM,0,10,50,1500,0.0,1.0,,1.0
shared,Reactome,REACTOME_CLASS_A_1_RHODOPSIN_LIKE_RECEPTORS,4,43,50,1500,2.7906976744186047,0.05179156664360612,C5ar1|Ccl4|Cxcl12|Pf4,0.3678268695611416
shared,Reactome,REACTOME_CLASS_I_MHC_MEDIATED_ANTIGEN_PROCESSING_PRESENTATION,3,16,50,1500,5.625,0.014373895602843016,Mrc1|Mylip|Psmb8,0.1820693443026782
shared,Reactome,REACTOME_COLLAGEN_BIOSYNTHESIS_AND_MODIFYING_ENZYMES,0,25,50,1500,0.0,1.0,,1.0
shared,Reactome,REACTOME_COLLAGEN_CHAIN_TRIMERIZATION,0,23,50,1500,0.0,1.0,,1.0
shared,Reactome,REACTOME_COLLAGEN_DEGRADATION,1,19,50,1500,1.5789473684210527,0.4769581022710094,Ctsd,1.0
shared,Reactome,REACTOME_COLLAGEN_FORMATION,1,28,50,1500,1.0714285714285714,0.616356933817995,Ctss,1.0
shared,Reactome,REACTOME_COMPLEMENT_CASCADE,3,11,50,1500,8.181818181818182,0.004764529954141202,C1qa|C1qc|C5ar1,0.1086312829544194
shared,Reactome,REACTOME_CYTOKINE_SIGNALING_IN_IMMUNE_SYSTEM,2,34,50,1500,1.7647058823529411,0.3143712536930831,Csf2rb2|Tnfsf12,1.0
shared,Reactome,REACTOME_DEGRADATION_OF_THE_EXTRACELLULAR_MATRIX,2,30,50,1500,2.0,0.26406742974514547,Ctsd|Ctss,1.0
shared,Reactome,REACTOME_DEUBIQUITINATION,0,11,50,1500,0.0,1.0,,1.0
shared,Reactome,REACTOME_DEVELOPMENTAL_BIOLOGY,4,56,50,1500,2.142857142857143,0.11264955004562315,Cxcl12|Mef2c|Ptprc|Tyrobp,0.5583499437043931
shared,Reactome,REACTOME_ECM_PROTEOGLYCANS,0,19,50,1500,0.0,1.0,,1.0
shared,Reactome,REACTOME_ER_TO_GOLGI_ANTEROGRADE_TRANSPORT,0,10,50,1500,0.0,1.0,,1.0
shared,Reactome,REACTOME_EXTRACELLULAR_MATRIX_ORGANIZATION,2,67,50,1500,0.8955223880597015,0.6651326043560877,Ctsd|Ctss,1.0
shared,Reactome,REACTOME_FACTORS_INVOLVED_IN_MEGAKARYOCYTE_DEVELOPMENT_AND_PLATELET_PRODUCTION,0,10,50,1500,0.0,1.0,,1.0
shared,Reactome,REACTOME_FATTY_ACID_METABOLISM,0,12,50,1500,0.0,1.0,,1.0
shared,Reactome,REACTOME_GENERIC_TRANSCRIPTION_PATHWAY,2,34,50,1500,1.7647058823529411,0.3143712536930831,mt-Co2|mt-Co3,1.0
shared,Reactome,REACTOME_GENE_EXPRESSION_TRANSCRIPTION,2,36,50,1500,1.6666666666666667,0.33931461253673095,mt-Co2|mt-Co3,1.0
shared,Reactome,REACTOME_GLYCOSAMINOGLYCAN_METABOLISM,0,18,50,1500,0.0,1.0,,1.0
shared,Reactome,REACTOME_GPCR_LIGAND_BINDING,4,52,50,1500,2.3076923076923075,0.09140567889032583,C5ar1|Ccl4|Cxcl12|Pf4,0.5210123696748573
shared,Reactome,REACTOME_G_ALPHA_I_SIGNALLING_EVENTS,4,33,50,1500,3.6363636363636362,0.021911536874291787,C5ar1|Ccl4|Cxcl12|Pf4,0.2497915203669264
shared,Reactome,REACTOME_G_ALPHA_Q_SIGNALLING_EVENTS,0,27,50,1500,0.0,1.0,,1.0
shared,Reactome,REACTOME_G_ALPHA_S_SIGNALLING_EVENTS,0,18,50,1500,0.0,1.0,,1.0
shared,Reactome,REACTOME_HEMOSTASIS,2,76,50,1500,0.7894736842105263,0.7325908753187785,F13a1|Pf4,1.0
shared,Reactome,REACTOME_HEPARAN_SULFATE_HEPARIN_HS_GAG_METABOLISM,0,12,50,1500,0.0,1.0,,1.0
shared,Reactome,REACTOME_IMMUNE_SYSTEM,18,127,50,1500,4.251968503937007,2.7566352759325117e-08,Bst2|C1qa|C1qc|C5ar1|Csf2rb2|Ctsd|Ctss|Ifitm3|Lyz2|Mrc1|Mylip|Pik3ap1|Psmb8|Ptprc|Siglech|Tnfsf12|Ttr|Tyrobp,3.1425642145630637e-06
shared,Reactome,REACTOME_IMMUNOREGULATORY_INTERACTIONS_BETWEEN_A_LYMPHOID_AND_A_NON_LYMPHOID_CELL,3,15,50,1500,6.0,0.011956460152065383,Ifitm3|Siglech|Tyrobp,0.17037955716693173
shared,Reactome,REACTOME_INNATE_IMMUNE_SYSTEM,10,71,50,1500,4.225352112676056,6.693682960473977e-05,Bst2|C1qa|C1qc|C5ar1|Ctsd|Ctss|Lyz2|Ptprc|Ttr|Tyrobp,0.0025435995249801116
shared,Reactome,REACTOME_INTEGRIN_CELL_SURFACE_INTERACTIONS,0,30,50,1500,0.0,1.0,,1.0
shared,Reactome,REACTOME_INTERFERON_SIGNALING,0,14,50,1500,0.0,1.0,,1.0
shared,Reactome,REACTOME_INTRACELLULAR_SIGNALING_BY_SECOND_MESSENGERS,1,20,50,1500,1.5,0.49461650530034706,Pik3ap1,1.0
shared,Reactome,REACTOME_ION_CHANNEL_TRANSPORT,0,29,50,1500,0.0,1.0,,1.0
shared,Reactome,REACTOME_ION_HOMEOSTASIS,0,17,50,1500,0.0,1.0,,1.0
shared,Reactome,REACTOME_ION_TRANSPORT_BY_P_TYPE_ATPASES,0,19,50,1500,0.0,1.0,,1.0
shared,Reactome,REACTOME_L1CAM_INTERACTIONS,0,10,50,1500,0.0,1.0,,1.0
shared,Reactome,REACTOME_MAPK_FAMILY_SIGNALING_CASCADES,1,27,50,1500,1.1111111111111112,0.60287685419108,Csf2rb2,1.0
shared,Reactome,REACTOME_METABOLISM,6,99,50,1500,1.8181818181818183,0.10647675713075583,Apoe|Sat1|Ttr|mt-Co2|mt-Co3|mt-Nd4,0.5517431960411894
shared,Reactome,REACTOME_METABOLISM_OF_AMINO_ACIDS_AND_DERIVATIVES,1,13,50,1500,2.3076923076923075,0.3575867388571701,Sat1,1.0
shared,Reactome,REACTOME_METABOLISM_OF_CARBOHYDRATES_AND_CARBOHYDRATE_DERIVATIVES,0,23,50,1500,0.0,1.0,,1.0
shared,Reactome,REACTOME_METABOLISM_OF_LIPIDS,0,29,50,1500,0.0,1.0,,1.0
shared,Reactome,REACTOME_METABOLISM_OF_PROTEINS,7,93,50,1500,2.258064516129032,0.031222500788051055,Apoe|Cd52|Ctsd|Cul4b|Lgals1|Ly6e|Psmb8,0.29661375748648505
shared,Reactome,REACTOME_METABOLISM_OF_VITAMINS_AND_COFACTORS,2,10,50,1500,6.0,0.04131092728840577,Apoe|Ttr,0.3622650546829429
shared,Reactome,REACTOME_MHC_CLASS_II_ANTIGEN_PRESENTATION,2,16,50,1500,3.75,0.0970847228115921,Ctsd|Ctss,0.5270313524057857
shared,Reactome,REACTOME_MITOTIC_G2_G2_M_PHASES,0,15,50,1500,0.0,1.0,,1.0
shared,Reactome,REACTOME_MITOTIC_PROMETAPHASE,0,10,50,1500,0.0,1.0,,1.0
shared,Reactome,REACTOME_MUSCLE_CONTRACTION,0,35,50,1500,0.0,1.0,,1.0
shared,Reactome,REACTOME_M_PHASE,0,12,50,1500,0.0,1.0,,1.0
shared,Reactome,REACTOME_NCAM1_INTERACTIONS,0,12,50,1500,0.0,1.0,,1.0
shared,Reactome,REACTOME_NCAM_SIGNALING_FOR_NEURITE_OUT_GROWTH,0,13,50,1500,0.0,1.0,,1.0
shared,Reactome,REACTOME_NEGATIVE_REGULATION_OF_THE_PI3K_AKT_NETWORK,1,14,50,1500,2.142857142857143,0.3791877227557184,Pik3ap1,1.0
shared,Reactome,REACTOME_NERVOUS_SYSTEM_DEVELOPMENT,3,38,50,1500,2.368421052631579,0.1301690111571574,Cxcl12|Ptprc|Tyrobp,0.6183028029964976
shared,Reactome,REACTOME_NEUREXINS_AND_NEUROLIGINS,0,10,50,1500,0.0,1.0,,1.0
shared,Reactome,REACTOME_NEURONAL_SYSTEM,0,58,50,1500,0.0,1.0,,1.0
shared,Reactome,REACTOME_NEUROTRANSMITTER_RECEPTORS_AND_POSTSYNAPTIC_SIGNAL_TRANSMISSION,0,19,50,1500,0.0,1.0,,1.0
shared,Reactome,REACTOME_NEUROTRANSMITTER_RELEASE_CYCLE,0,13,50,1500,0.0,1.0,,1.0
shared,Reactome,REACTOME_NEUTROPHIL_DEGRANULATION,8,47,50,1500,5.1063829787234045,0.0001002315088984915,Bst2|C5ar1|Ctsd|Ctss|Lyz2|Ptprc|Ttr|Tyrobp,0.002856598003607008
shared,Reactome,REACTOME_NON_INTEGRIN_MEMBRANE_ECM_INTERACTIONS,0,16,50,1500,0.0,1.0,,1.0
shared,Reactome,REACTOME_O_LINKED_GLYCOSYLATION,0,13,50,1500,0.0,1.0,,1.0
shared,Reactome,REACTOME_PEPTIDE_LIGAND_BINDING_RECEPTORS,4,27,50,1500,4.444444444444445,0.010886994050722444,C5ar1|Ccl4|Cxcl12|Pf4,0.17037955716693173
shared,Reactome,REACTOME_PLATELET_ACTIVATION_SIGNALING_AND_AGGREGATION,2,32,50,1500,1.875,0.2892565406012864,F13a1|Pf4,1.0
shared,Reactome,REACTOME_PLATELET_HOMEOSTASIS,0,11,50,1500,0.0,1.0,,1.0
shared,Reactome,REACTOME_POST_TRANSLATIONAL_MODIFICATION_SYNTHESIS_OF_GPI_ANCHORED_PROTEINS,2,11,50,1500,5.454545454545455,0.04943234891824236,Cd52|Ly6e,0.3678268695611416
shared,Reactome,REACTOME_POST_TRANSLATIONAL_PROTEIN_MODIFICATION,6,82,50,1500,2.1951219512195124,0.05111496319066162,Apoe|Cd52|Cul4b|Lgals1|Ly6e|Psmb8,0.3678268695611416
shared,Reactome,REACTOME_PROGRAMMED_CELL_DEATH,1,12,50,1500,2.5,0.33524969917904673,Cflar,1.0
shared,Reactome,REACTOME_PROTEIN_PROTEIN_INTERACTIONS_AT_SYNAPSES,0,18,50,1500,0.0,1.0,,1.0
shared,Reactome,REACTOME_RAC1_GTPASE_CYCLE,0,22,50,1500,0.0,1.0,,1.0
shared,Reactome,REACTOME_RAC2_GTPASE_CYCLE,0,11,50,1500,0.0,1.0,,1.0
shared,Reactome,REACTOME_RAC3_GTPASE_CYCLE,0,13,50,1500,0.0,1.0,,1.0
shared,Reactome,REACTOME_REGULATION_OF_INSULIN_LIKE_GROWTH_FACTOR_IGF_TRANSPORT_AND_UPTAKE_BY_INSULIN_LIKE_GROWTH_FACTOR_BINDING_PROTEINS_IGFBPS,2,24,50,1500,2.5,0.18923912647371055,Apoe|Lgals1,0.8253507983029863
shared,Reactome,REACTOME_RESPONSE_TO_ELEVATED_PLATELET_CYTOSOLIC_CA2,2,24,50,1500,2.5,0.18923912647371055,F13a1|Pf4,0.8253507983029863
shared,Reactome,REACTOME_RHOA_GTPASE_CYCLE,0,20,50,1500,0.0,1.0,,1.0
shared,Reactome,REACTOME_RHOB_GTPASE_CYCLE,0,11,50,1500,0.0,1.0,,1.0
shared,Reactome,REACTOME_RHO_GTPASE_CYCLE,0,41,50,1500,0.0,1.0,,1.0
shared,Reactome,REACTOME_RHO_GTPASE_EFFECTORS,0,19,50,1500,0.0,1.0,,1.0
shared,Reactome,REACTOME_SENSORY_PERCEPTION,2,12,50,1500,5.0,0.05807792677281182,Apoe|Ttr,0.3678268695611416
shared,Reactome,REACTOME_SIGNALING_BY_GPCR,4,76,50,1500,1.5789473684210527,0.24491191778864405,C5ar1|Ccl4|Cxcl12|Pf4,0.9971413795680508
shared,Reactome,REACTOME_SIGNALING_BY_INTERLEUKINS,1,18,50,1500,1.6666666666666667,0.45869546617711976,Csf2rb2,1.0
shared,Reactome,REACTOME_SIGNALING_BY_NUCLEAR_RECEPTORS,0,10,50,1500,0.0,1.0,,1.0
shared,Reactome,REACTOME_SIGNALING_BY_PDGF,0,16,50,1500,0.0,1.0,,1.0
shared,Reactome,REACTOME_SIGNALING_BY_RECEPTOR_TYROSINE_KINASES,1,48,50,1500,0.625,0.8086739419485636,Ctsd,1.0
shared,Reactome,REACTOME_SIGNALING_BY_RHO_GTPASES_MIRO_GTPASES_AND_RHOBTB3,0,54,50,1500,0.0,1.0,,1.0
shared,Reactome,REACTOME_SIGNALING_BY_VEGF,0,12,50,1500,0.0,1.0,,1.0
shared,Reactome,REACTOME_SIGNALING_BY_WNT,0,11,50,1500,0.0,1.0,,1.0
shared,Reactome,REACTOME_SLC_MEDIATED_TRANSMEMBRANE_TRANSPORT,1,39,50,1500,0.7692307692307692,0.7380227031427208,Slc6a6,1.0
shared,Reactome,REACTOME_STIMULI_SENSING_CHANNELS,0,10,50,1500,0.0,1.0,,1.0
shared,Reactome,REACTOME_TOLL_LIKE_RECEPTOR_4_TLR4_CASCADE,0,10,50,1500,0.0,1.0,,1.0
shared,Reactome,REACTOME_TOLL_LIKE_RECEPTOR_CASCADES,1,12,50,1500,2.5,0.33524969917904673,Ctss,1.0
shared,Reactome,REACTOME_TRANSCRIPTIONAL_REGULATION_BY_TP53,2,14,50,1500,4.285714285714286,0.07677394817604072,mt-Co2|mt-Co3,0.4606436890562443
shared,Reactome,REACTOME_TRANSMISSION_ACROSS_CHEMICAL_SYNAPSES,0,36,50,1500,0.0,1.0,,1.0
shared,Reactome,REACTOME_TRANSPORT_OF_BILE_SALTS_AND_ORGANIC_ACIDS_METAL_IONS_AND_AMINE_COMPOUNDS,1,15,50,1500,2.0,0.4000764265660914,Slc6a6,1.0
shared,Reactome,REACTOME_TRANSPORT_OF_INORGANIC_CATIONS_ANIONS_AND_AMINO_ACIDS_OLIGOPEPTIDES,1,22,50,1500,1.3636363636363638,0.5281983764075895,Slc6a6,1.0
shared,Reactome,REACTOME_TRANSPORT_OF_SMALL_MOLECULES,3,91,50,1500,0.989010989010989,0.5951838582453176,Apoe|Mylip|Slc6a6,1.0
shared,Reactome,REACTOME_TRANSPORT_TO_THE_GOLGI_AND_SUBSEQUENT_MODIFICATION,0,12,50,1500,0.0,1.0,,1.0
shared,Reactome,REACTOME_VESICLE_MEDIATED_TRANSPORT,4,36,50,1500,3.3333333333333335,0.02931236097787959,Apoe|Cd163|Dab2|Stab1,0.29661375748648505
shared,Reactome,REACTOME_VISUAL_PHOTOTRANSDUCTION,2,12,50,1500,5.0,0.05807792677281182,Apoe|Ttr,0.3678268695611416
shared,GO_BP,GOBP_ACIDIC_AMINO_ACID_TRANSPORT,1,20,50,1500,1.5,0.49461650530034706,Slc6a6,1.0
shared,GO_BP,GOBP_ACTIN_FILAMENT_BASED_MOVEMENT,0,16,50,1500,0.0,1.0,,1.0
shared,GO_BP,GOBP_ACTIN_FILAMENT_BASED_PROCESS,4,114,50,1500,1.0526315789473684,0.5356176863014659,Bst2|Cflar|Mef2c|Tyrobp,1.0
shared,GO_BP,GOBP_ACTIN_FILAMENT_BUNDLE_ORGANIZATION,0,29,50,1500,0.0,1.0,,1.0
shared,GO_BP,GOBP_ACTIN_FILAMENT_ORGANIZATION,0,60,50,1500,0.0,1.0,,1.0
shared,GO_BP,GOBP_ACTIN_MEDIATED_CELL_CONTRACTION,0,15,50,1500,0.0,1.0,,1.0
shared,GO_BP,GOBP_ACTIN_POLYMERIZATION_OR_DEPOLYMERIZATION,0,20,50,1500,0.0,1.0,,1.0
shared,GO_BP,GOBP_ACTION_POTENTIAL,0,28,50,1500,0.0,1.0,,1.0
shared,GO_BP,GOBP_ACTIVATED_T_CELL_PROLIFERATION,2,10,50,1500,6.0,0.04131092728840577,Laptm5|Lilrb4a,0.3858060738141343
shared,GO_BP,GOBP_ACTIVATION_OF_IMMUNE_RESPONSE,10,52,50,1500,5.769230769230769,3.7017070403232225e-06,C1qa|C1qc|C5ar1|Laptm5|Lilrb4a|Mef2c|Pik3ap1|Ptprc|Tec|Tyrobp,0.001229692384636016
shared,GO_BP,GOBP_ACTIVATION_OF_INNATE_IMMUNE_RESPONSE,2,25,50,1500,2.4,0.20153398901832625,Pik3ap1|Tyrobp,0.9047619843088474
shared,GO_BP,GOBP_ACTOMYOSIN_STRUCTURE_ORGANIZATION,2,38,50,1500,1.5789473684210527,0.3640022098915078,Cflar|Mef2c,1.0
shared,GO_BP,GOBP_ACUTE_INFLAMMATORY_RESPONSE,1,18,50,1500,1.6666666666666667,0.45869546617711976,Cd163,1.0
shared,GO_BP,GOBP_ACUTE_PHASE_RESPONSE,1,10,50,1500,3.0,0.2882684421548648,Cd163,1.0
shared,GO_BP,GOBP_ADAPTIVE_IMMUNE_RESPONSE,9,46,50,1500,5.869565217391304,1.049954325520615e-05,C1qa|C1qc|Csf2rb2|Lgals1|Lilrb4a|Mef2c|Pf4|Ptprc|Tec,0.0028436262982849993
shared,GO_BP,GOBP_ADAPTIVE_IMMUNE_RESPONSE_BASED_ON_SOMATIC_RECOMBINATION_OF_IMMUNE_RECEPTORS_BUILT_FROM_IMMUNOGLOBULIN_SUPERFAMILY_DOMAINS,8,39,50,1500,6.153846153846153,2.4060072828157465e-05,C1qa|C1qc|Csf2rb2|Lgals1|Lilrb4a|Mef2c|Pf4|Ptprc,0.004887202293219485
shared,GO_BP,GOBP_ADAPTIVE_THERMOGENESIS,0,23,50,1500,0.0,1.0,,1.0
shared,GO_BP,GOBP_ADENYLATE_CYCLASE_ACTIVATING_G_PROTEIN_COUPLED_RECEPTOR_SIGNALING_PATHWAY,1,25,50,1500,1.2,0.5745095173169409,Pf4,1.0
shared,GO_BP,GOBP_ADENYLATE_CYCLASE_INHIBITING_G_PROTEIN_COUPLED_RECEPTOR_SIGNALING_PATHWAY,0,10,50,1500,0.0,1.0,,1.0
shared,GO_BP,GOBP_ADENYLATE_CYCLASE_MODULATING_G_PROTEIN_COUPLED_RECEPTOR_SIGNALING_PATHWAY,1,34,50,1500,0.8823529411764706,0.6883105763500479,Pf4,1.0
shared,GO_BP,GOBP_ADHERENS_JUNCTION_ORGANIZATION,0,11,50,1500,0.0,1.0,,1.0
shared,GO_BP,GOBP_ADRENAL_GLAND_DEVELOPMENT,1,11,50,1500,2.7272727272727275,0.31215205147852715,Ly6e,1.0
shared,GO_BP,GOBP_ADULT_BEHAVIOR,1,35,50,1500,0.8571428571428571,0.6989411842507965,Cxcl12,1.0
shared,GO_BP,GOBP_ADULT_LOCOMOTORY_BEHAVIOR,1,20,50,1500,1.5,0.49461650530034706,Cxcl12,1.0
shared,GO_BP,GOBP_AEROBIC_RESPIRATION,3,15,50,1500,6.0,0.011956460152065383,mt-Co2|mt-Co3|mt-Nd4,0.195774081925416
shared,GO_BP,GOBP_ALCOHOL_METABOLIC_PROCESS,2,23,50,1500,2.608695652173913,0.17706049687331893,Apoe|Dab2,0.8487413198204816
shared,GO_BP,GOBP_ALPHA_AMINO_ACID_METABOLIC_PROCESS,0,16,50,1500,0.0,1.0,,1.0
shared,GO_BP,GOBP_ALPHA_BETA_T_CELL_ACTIVATION,4,25,50,1500,4.8,0.008242907697159811,Lgals1|Lilrb4a|Pf4|Ptprc,0.16536697540598388
shared,GO_BP,GOBP_ALPHA_BETA_T_CELL_DIFFERENTIATION,3,20,50,1500,4.5,0.026644162448827665,Lgals1|Lilrb4a|Pf4,0.30589546993077577
shared,GO_BP,GOBP_AMEBOIDAL_TYPE_CELL_MIGRATION,1,48,50,1500,0.625,0.8086739419485636,Cxcl12,1.0
shared,GO_BP,GOBP_AMIDE_BIOSYNTHETIC_PROCESS,0,11,50,1500,0.0,1.0,,1.0
shared,GO_BP,GOBP_AMIDE_METABOLIC_PROCESS,1,34,50,1500,0.8823529411764706,0.6883105763500479,Apoe,1.0
shared,GO_BP,GOBP_AMIDE_TRANSPORT,0,53,50,1500,0.0,1.0,,1.0
shared,GO_BP,GOBP_AMINE_METABOLIC_PROCESS,2,16,50,1500,3.75,0.0970847228115921,Ly6e|Sat1,0.6211128920032959
shared,GO_BP,GOBP_AMINE_TRANSPORT,1,24,50,1500,1.25,0.5595904961849962,Cxcl12,1.0
shared,GO_BP,GOBP_AMINO_ACID_BIOSYNTHETIC_PROCESS,0,10,50,1500,0.0,1.0,,1.0
shared,GO_BP,GOBP_AMINO_ACID_IMPORT_ACROSS_PLASMA_MEMBRANE,1,20,50,1500,1.5,0.49461650530034706,Slc6a6,1.0
shared,GO_BP,GOBP_AMINO_ACID_METABOLIC_PROCESS,0,19,50,1500,0.0,1.0,,1.0
shared,GO_BP,GOBP_AMINO_ACID_TRANSMEMBRANE_TRANSPORT,1,29,50,1500,1.0344827586206897,0.6293882879681989,Slc6a6,1.0
shared,GO_BP,GOBP_AMINO_ACID_TRANSPORT,1,40,50,1500,0.75,0.7469883874978639,Slc6a6,1.0
shared,GO_BP,GOBP_ANATOMICAL_STRUCTURE_FORMATION_INVOLVED_IN_MORPHOGENESIS,10,201,50,1500,1.4925373134328357,0.12104468424243067,C5ar1|Cflar|Cxcl12|Dab2|Junb|Mef2c|Pf4|Stab1|Tnfsf12|Tyrobp,0.6896654171055698
shared,GO_BP,GOBP_ANATOMICAL_STRUCTURE_MATURATION,1,41,50,1500,0.7317073170731707,0.755653168747937,C1qa,1.0
shared,GO_BP,GOBP_ANGIOGENESIS,5,117,50,1500,1.2820512820512822,0.3500816325774233,C5ar1|Cxcl12|Pf4|Stab1|Tnfsf12,1.0
shared,GO_BP,GOBP_ANIMAL_ORGAN_MORPHOGENESIS,4,151,50,1500,0.794701986754967,0.7591652846416824,Cflar|Ctsd|Ly6e|Mef2c,1.0
shared,GO_BP,GOBP_ANIMAL_ORGAN_REGENERATION,1,15,50,1500,2.0,0.4000764265660914,Cxcl12,1.0
shared,GO_BP,GOBP_ANTERIOR_POSTERIOR_PATTERN_SPECIFICATION,0,22,50,1500,0.0,1.0,,1.0
shared,GO_BP,GOBP_ANTIGEN_PROCESSING_AND_PRESENTATION,2,11,50,1500,5.454545454545455,0.04943234891824236,Ctss|Psmb8,0.41405962367084453
shared,GO_BP,GOBP_ANTIGEN_RECEPTOR_MEDIATED_SIGNALING_PATHWAY,5,18,50,1500,8.333333333333334,0.0002076446850936792,Laptm5|Lilrb4a|Mef2c|Ptprc|Tec,0.01984838901630757
shared,GO_BP,GOBP_ANTIMICROBIAL_HUMORAL_IMMUNE_RESPONSE_MEDIATED_BY_ANTIMICROBIAL_PEPTIDE,3,14,50,1500,6.428571428571429,0.009792872234714329,Ccl4|Cxcl12|Pf4,0.17487271847704158
shared,GO_BP,GOBP_ANTIMICROBIAL_HUMORAL_RESPONSE,3,19,50,1500,4.736842105263158,0.023183209906023995,Ccl4|Cxcl12|Pf4,0.29313654236641734
shared,GO_BP,GOBP_AORTA_DEVELOPMENT,0,11,50,1500,0.0,1.0,,1.0
shared,GO_BP,GOBP_APICAL_JUNCTION_ASSEMBLY,0,12,50,1500,0.0,1.0,,1.0
shared,GO_BP,GOBP_APOPTOTIC_MITOCHONDRIAL_CHANGES,0,15,50,1500,0.0,1.0,,1.0
shared,GO_BP,GOBP_APOPTOTIC_SIGNALING_PATHWAY,6,74,50,1500,2.4324324324324325,0.03312549610655115,Cflar|Cxcl12|Dab2|Ifi27l2a|Ptprc|Tnfsf12,0.3595741046588395
shared,GO_BP,GOBP_APPENDAGE_DEVELOPMENT,0,21,50,1500,0.0,1.0,,1.0
shared,GO_BP,GOBP_APPENDAGE_MORPHOGENESIS,0,18,50,1500,0.0,1.0,,1.0
shared,GO_BP,GOBP_ARTERY_DEVELOPMENT,1,24,50,1500,1.25,0.5595904961849962,Apoe,1.0
shared,GO_BP,GOBP_ARTERY_MORPHOGENESIS,1,24,50,1500,1.25,0.5595904961849962,Apoe,1.0
shared,GO_BP,GOBP_ASSOCIATIVE_LEARNING,0,25,50,1500,0.0,1.0,,1.0
shared,GO_BP,GOBP_ASTROCYTE_DEVELOPMENT,2,11,50,1500,5.454545454545455,0.04943234891824236,C1qa|C5ar1,0.41405962367084453
shared,GO_BP,GOBP_ASTROCYTE_DIFFERENTIATION,3,24,50,1500,3.75,0.04309557126901202,C1qa|C5ar1|Cul4b,0.39789945063718485
shared,GO_BP,GOBP_ATP_METABOLIC_PROCESS,1,15,50,1500,2.0,0.4000764265660914,mt-Nd4,1.0
shared,GO_BP,GOBP_AXONEME_ASSEMBLY,0,20,50,1500,0.0,1.0,,1.0
shared,GO_BP,GOBP_AXON_DEVELOPMENT,3,96,50,1500,0.9375,0.6325355936674357,Apoe|Cxcl12|Mef2c,1.0
shared,GO_BP,GOBP_AXON_ENSHEATHMENT_IN_CENTRAL_NERVOUS_SYSTEM,0,12,50,1500,0.0,1.0,,1.0
shared,GO_BP,GOBP_AXON_EXTENSION,2,26,50,1500,2.3076923076923075,0.21392436250078883,Apoe|Cxcl12,0.9344814222144674
shared,GO_BP,GOBP_AXON_REGENERATION,1,14,50,1500,2.142857142857143,0.3791877227557184,Apoe,1.0
shared,GO_BP,GOBP_BEHAVIOR,3,126,50,1500,0.7142857142857143,0.8071875285767773,Apoe|Cxcl12|Mef2c,1.0
shared,GO_BP,GOBP_BIOLOGICAL_PROCESS_INVOLVED_IN_INTERACTION_WITH_HOST,1,13,50,1500,2.3076923076923075,0.3575867388571701,Lgals1,1.0
shared,GO_BP,GOBP_BIOLOGICAL_PROCESS_INVOLVED_IN_INTRASPECIES_INTERACTION_BETWEEN_ORGANISMS,0,11,50,1500,0.0,1.0,,1.0
shared,GO_BP,GOBP_BIOLOGICAL_PROCESS_INVOLVED_IN_SYMBIOTIC_INTERACTION,2,17,50,1500,3.5294117647058822,0.10775612872998955,Bst2|Lgals1,0.6484617196732176
shared,GO_BP,GOBP_BIOMINERAL_TISSUE_DEVELOPMENT,1,28,50,1500,1.0714285714285714,0.616356933817995,Mef2c,1.0
shared,GO_BP,GOBP_BLASTOCYST_DEVELOPMENT,1,12,50,1500,2.5,0.33524969917904673,Junb,1.0
shared,GO_BP,GOBP_BLOOD_VESSEL_ENDOTHELIAL_CELL_MIGRATION,3,32,50,1500,2.8125,0.08778710247437263,Apoe|Cxcl12|Mef2c,0.5943918396702313
shared,GO_BP,GOBP_BLOOD_VESSEL_MORPHOGENESIS,7,136,50,1500,1.5441176470588236,0.16048174945983362,Apoe|C5ar1|Cxcl12|Junb|Pf4|Stab1|Tnfsf12,0.8073772225146428
shared,GO_BP,GOBP_BLOOD_VESSEL_REMODELING,1,13,50,1500,2.3076923076923075,0.3575867388571701,Mef2c,1.0
shared,GO_BP,GOBP_BODY_FLUID_SECRETION,1,17,50,1500,1.7647058823529411,0.4398083575301246,mt-Co2,1.0
shared,GO_BP,GOBP_BODY_MORPHOGENESIS,0,11,50,1500,0.0,1.0,,1.0
shared,GO_BP,GOBP_BONE_DEVELOPMENT,3,36,50,1500,2.5,0.11530992591822377,Mef2c|Ptprc|Tyrobp,0.6764571466321792
shared,GO_BP,GOBP_BONE_MINERALIZATION,1,26,50,1500,1.1538461538461537,0.5889329235095868,Mef2c,1.0
shared,GO_BP,GOBP_BONE_MORPHOGENESIS,1,14,50,1500,2.142857142857143,0.3791877227557184,Mef2c,1.0
shared,GO_BP,GOBP_BONE_REMODELING,1,15,50,1500,2.0,0.4000764265660914,Ctss,1.0
shared,GO_BP,GOBP_BONE_RESORPTION,1,10,50,1500,3.0,0.2882684421548648,Ctss,1.0
shared,GO_BP,GOBP_BRAIN_DERIVED_NEUROTROPHIC_FACTOR_RECEPTOR_SIGNALING_PATHWAY,0,21,50,1500,0.0,1.0,,1.0
shared,GO_BP,GOBP_BRANCHING_INVOLVED_IN_BLOOD_VESSEL_MORPHOGENESIS,1,13,50,1500,2.3076923076923075,0.3575867388571701,Cxcl12,1.0
shared,GO_BP,GOBP_BRANCHING_MORPHOGENESIS_OF_AN_EPITHELIAL_TUBE,2,30,50,1500,2.0,0.26406742974514547,Ctsd|Cxcl12,1.0
shared,GO_BP,GOBP_BROWN_FAT_CELL_DIFFERENTIATION,0,16,50,1500,0.0,1.0,,1.0
shared,GO_BP,GOBP_B_CELL_ACTIVATION,6,31,50,1500,5.806451612903225,0.00039415640715090695,Laptm5|Lgals1|Lilrb4a|Mef2c|Ptprc|Tyrobp,0.03050019817239161
shared,GO_BP,GOBP_B_CELL_ACTIVATION_INVOLVED_IN_IMMUNE_RESPONSE,3,10,50,1500,9.0,0.0035480063258161673,Lgals1|Lilrb4a|Ptprc,0.09835782088653144
shared,GO_BP,GOBP_B_CELL_DIFFERENTIATION,4,18,50,1500,6.666666666666667,0.002369698940448127,Laptm5|Lgals1|Lilrb4a|Ptprc,0.08303646146432864
shared,GO_BP,GOBP_B_CELL_MEDIATED_IMMUNITY,4,16,50,1500,7.5,0.0014809065320289638,C1qa|C1qc|Csf2rb2|Ptprc,0.06484054681158491
shared,GO_BP,GOBP_B_CELL_PROLIFERATION,3,16,50,1500,5.625,0.014373895602843016,Mef2c|Ptprc|Tyrobp,0.2162738921724065
shared,GO_BP,GOBP_CALCIUM_ION_HOMEOSTASIS,2,49,50,1500,1.2244897959183674,0.4924325236817257,Apoe|Ptprc,1.0
shared,GO_BP,GOBP_CALCIUM_ION_IMPORT,1,13,50,1500,2.3076923076923075,0.3575867388571701,Cxcl12,1.0
shared,GO_BP,GOBP_CALCIUM_ION_REGULATED_EXOCYTOSIS,0,11,50,1500,0.0,1.0,,1.0
shared,GO_BP,GOBP_CALCIUM_ION_TRANSMEMBRANE_IMPORT_INTO_CYTOSOL,1,22,50,1500,1.3636363636363638,0.5281983764075895,Ptprc,1.0
shared,GO_BP,GOBP_CALCIUM_ION_TRANSMEMBRANE_TRANSPORT,1,43,50,1500,0.6976744186046512,0.7721193007548377,Ptprc,1.0
shared,GO_BP,GOBP_CALCIUM_ION_TRANSPORT,2,67,50,1500,0.8955223880597015,0.6651326043560877,Cxcl12|Ptprc,1.0
shared,GO_BP,GOBP_CALCIUM_MEDIATED_SIGNALING,1,38,50,1500,0.7894736842105263,0.7287458866817691,Ptprc,1.0
shared,GO_BP,GOBP_CAMERA_TYPE_EYE_MORPHOGENESIS,0,29,50,1500,0.0,1.0,,1.0
shared,GO_BP,GOBP_CANONICAL_NF_KAPPAB_SIGNAL_TRANSDUCTION,2,25,50,1500,2.4,0.20153398901832625,Lilrb4a|Pik3ap1,0.9047619843088474
shared,GO_BP,GOBP_CANONICAL_WNT_SIGNALING_PATHWAY,2,29,50,1500,2.0689655172413794,0.25147901761228364,Apoe|Dab2,1.0
shared,GO_BP,GOBP_CARBOHYDRATE_BIOSYNTHETIC_PROCESS,0,13,50,1500,0.0,1.0,,1.0
shared,GO_BP,GOBP_CARBOHYDRATE_CATABOLIC_PROCESS,0,12,50,1500,0.0,1.0,,1.0
shared,GO_BP,GOBP_CARBOHYDRATE_DERIVATIVE_BIOSYNTHETIC_PROCESS,1,23,50,1500,1.3043478260869565,0.5441591891136924,mt-Nd4,1.0
shared,GO_BP,GOBP_CARBOHYDRATE_DERIVATIVE_CATABOLIC_PROCESS,0,19,50,1500,0.0,1.0,,1.0
shared,GO_BP,GOBP_CARBOHYDRATE_DERIVATIVE_METABOLIC_PROCESS,1,57,50,1500,0.5263157894736842,0.8605491527572983,mt-Nd4,1.0
shared,GO_BP,GOBP_CARBOHYDRATE_HOMEOSTASIS,0,36,50,1500,0.0,1.0,,1.0
shared,GO_BP,GOBP_CARBOHYDRATE_METABOLIC_PROCESS,1,36,50,1500,0.8333333333333334,0.7092162291569126,Cbr2,1.0
shared,GO_BP,GOBP_CARBOHYDRATE_TRANSPORT,0,11,50,1500,0.0,1.0,,1.0
shared,GO_BP,GOBP_CARDIAC_CELL_DEVELOPMENT,0,22,50,1500,0.0,1.0,,1.0
shared,GO_BP,GOBP_CARDIAC_CHAMBER_DEVELOPMENT,2,32,50,1500,1.875,0.2892565406012864,Ly6e|Mef2c,1.0
shared,GO_BP,GOBP_CARDIAC_CHAMBER_MORPHOGENESIS,2,29,50,1500,2.0689655172413794,0.25147901761228364,Ly6e|Mef2c,1.0
shared,GO_BP,GOBP_CARDIAC_CONDUCTION,0,12,50,1500,0.0,1.0,,1.0
shared,GO_BP,GOBP_CARDIAC_EPITHELIAL_TO_MESENCHYMAL_TRANSITION,0,10,50,1500,0.0,1.0,,1.0
shared,GO_BP,GOBP_CARDIAC_MUSCLE_CELL_CONTRACTION,0,12,50,1500,0.0,1.0,,1.0
shared,GO_BP,GOBP_CARDIAC_MUSCLE_CELL_DIFFERENTIATION,1,26,50,1500,1.1538461538461537,0.5889329235095868,Mef2c,1.0
shared,GO_BP,GOBP_CARDIAC_MUSCLE_CELL_PROLIFERATION,1,12,50,1500,2.5,0.33524969917904673,Mef2c,1.0
shared,GO_BP,GOBP_CARDIAC_MUSCLE_CONTRACTION,0,23,50,1500,0.0,1.0,,1.0
shared,GO_BP,GOBP_CARDIAC_MUSCLE_TISSUE_DEVELOPMENT,2,48,50,1500,1.25,0.4813877414329201,Ly6e|Mef2c,1.0
shared,GO_BP,GOBP_CARDIAC_MUSCLE_TISSUE_MORPHOGENESIS,1,15,50,1500,2.0,0.4000764265660914,Ly6e,1.0
shared,GO_BP,GOBP_CARDIAC_SEPTUM_DEVELOPMENT,0,22,50,1500,0.0,1.0,,1.0
shared,GO_BP,GOBP_CARDIAC_SEPTUM_MORPHOGENESIS,0,18,50,1500,0.0,1.0,,1.0
shared,GO_BP,GOBP_CARDIAC_VENTRICLE_DEVELOPMENT,2,25,50,1500,2.4,0.20153398901832625,Ly6e|Mef2c,0.9047619843088474
shared,GO_BP,GOBP_CARDIAC_VENTRICLE_MORPHOGENESIS,2,16,50,1500,3.75,0.0970847228115921,Ly6e|Mef2c,0.6211128920032959
shared,GO_BP,GOBP_CARDIOCYTE_DIFFERENTIATION,1,39,50,1500,0.7692307692307692,0.7380227031427208,Mef2c,1.0
shared,GO_BP,GOBP_CARTILAGE_DEVELOPMENT,1,35,50,1500,0.8571428571428571,0.6989411842507965,Mef2c,1.0
shared,GO_BP,GOBP_CATECHOLAMINE_SECRETION,2,14,50,1500,4.285714285714286,0.07677394817604072,Cxcl12|Ly6e,0.5400764752643556
shared,GO_BP,GOBP_CATECHOLAMINE_TRANSPORT,2,15,50,1500,4.0,0.08674586941049843,Cxcl12|Ly6e,0.5897993213056901
shared,GO_BP,GOBP_CATECHOL_CONTAINING_COMPOUND_METABOLIC_PROCESS,1,13,50,1500,2.3076923076923075,0.3575867388571701,Ly6e,1.0
shared,GO_BP,GOBP_CD4_POSITIVE_ALPHA_BETA_T_CELL_ACTIVATION,3,19,50,1500,4.736842105263158,0.023183209906023995,Lgals1|Lilrb4a|Pf4,0.29313654236641734
shared,GO_BP,GOBP_CD4_POSITIVE_ALPHA_BETA_T_CELL_DIFFERENTIATION,2,15,50,1500,4.0,0.08674586941049843,Lgals1|Pf4,0.5897993213056901
shared,GO_BP,GOBP_CELLULAR_COMPONENT_ASSEMBLY_INVOLVED_IN_MORPHOGENESIS,2,25,50,1500,2.4,0.20153398901832625,Cflar|Mef2c,0.9047619843088474
shared,GO_BP,GOBP_CELLULAR_COMPONENT_DISASSEMBLY,3,43,50,1500,2.0930232558139537,0.17002286447600135,C1qa|C1qc|Ctss,0.8321902252213922
shared,GO_BP,GOBP_CELLULAR_COMPONENT_MAINTENANCE,1,14,50,1500,2.142857142857143,0.3791877227557184,Apoe,1.0
shared,GO_BP,GOBP_CELLULAR_EXTRAVASATION,1,13,50,1500,2.3076923076923075,0.3575867388571701,Cxcl12,1.0
shared,GO_BP,GOBP_CELLULAR_HOMEOSTASIS,2,95,50,1500,0.6315789473684211,0.838486405012218,Apoe|Ptprc,1.0
shared,GO_BP,GOBP_CELLULAR_OXIDANT_DETOXIFICATION,2,10,50,1500,6.0,0.04131092728840577,Apoe|Gpx3,0.3858060738141343
shared,GO_BP,GOBP_CELLULAR_PROCESS_INVOLVED_IN_REPRODUCTION_IN_MULTICELLULAR_ORGANISM,1,43,50,1500,0.6976744186046512,0.7721193007548377,Cxcl12,1.0
shared,GO_BP,GOBP_CELLULAR_RESPIRATION,3,17,50,1500,5.294117647058823,0.01704917842361118,mt-Co2|mt-Co3|mt-Nd4,0.2409123038118971
shared,GO_BP,GOBP_CELLULAR_RESPONSE_TO_ABIOTIC_STIMULUS,1,37,50,1500,0.8108108108108107,0.7191473688714989,Cul4b,1.0
shared,GO_BP,GOBP_CELLULAR_RESPONSE_TO_ACID_CHEMICAL,0,22,50,1500,0.0,1.0,,1.0
shared,GO_BP,GOBP_CELLULAR_RESPONSE_TO_ALCOHOL,0,11,50,1500,0.0,1.0,,1.0
shared,GO_BP,GOBP_CELLULAR_RESPONSE_TO_BIOTIC_STIMULUS,4,34,50,1500,3.5294117647058822,0.024233122928500488,Lilrb4a|Mef2c|Mrc1|Pf4,0.300601715716132
shared,GO_BP,GOBP_CELLULAR_RESPONSE_TO_CALCIUM_ION,3,20,50,1500,4.5,0.026644162448827665,Cpne2|Junb|Mef2c,0.30589546993077577
shared,GO_BP,GOBP_CELLULAR_RESPONSE_TO_CAMP,0,10,50,1500,0.0,1.0,,1.0
shared,GO_BP,GOBP_CELLULAR_RESPONSE_TO_CARBOHYDRATE_STIMULUS,0,23,50,1500,0.0,1.0,,1.0
shared,GO_BP,GOBP_CELLULAR_RESPONSE_TO_CHEMICAL_STRESS,0,40,50,1500,0.0,1.0,,1.0
shared,GO_BP,GOBP_CELLULAR_RESPONSE_TO_ENDOGENOUS_STIMULUS,4,167,50,1500,0.718562874251497,0.8267654557216778,Cflar|Ctsd|Dab2|Mef2c,1.0
shared,GO_BP,GOBP_CELLULAR_RESPONSE_TO_EXTERNAL_STIMULUS,0,12,50,1500,0.0,1.0,,1.0
shared,GO_BP,GOBP_CELLULAR_RESPONSE_TO_HEAT,0,12,50,1500,0.0,1.0,,1.0
shared,GO_BP,GOBP_CELLULAR_RESPONSE_TO_HORMONE_STIMULUS,3,83,50,1500,1.0843373493975903,0.5308117699803918,Ctsd|Dab2|Mef2c,1.0
shared,GO_BP,GOBP_CELLULAR_RESPONSE_TO_HYDROGEN_PEROXIDE,0,12,50,1500,0.0,1.0,,1.0
shared,GO_BP,GOBP_CELLULAR_RESPONSE_TO_HYPOXIA,0,22,50,1500,0.0,1.0,,1.0
shared,GO_BP,GOBP_CELLULAR_RESPONSE_TO_INSULIN_STIMULUS,1,36,50,1500,0.8333333333333334,0.7092162291569126,Ctsd,1.0
shared,GO_BP,GOBP_CELLULAR_RESPONSE_TO_INTERLEUKIN_1,0,13,50,1500,0.0,1.0,,1.0
shared,GO_BP,GOBP_CELLULAR_RESPONSE_TO_KETONE,0,13,50,1500,0.0,1.0,,1.0
shared,GO_BP,GOBP_CELLULAR_RESPONSE_TO_LIPID,5,71,50,1500,2.112676056338028,0.08340125965686701,Dab2|Lilrb4a|Mef2c|Mrc1|Pf4,0.5816611456755746
shared,GO_BP,GOBP_CELLULAR_RESPONSE_TO_METAL_ION,3,37,50,1500,2.4324324324324325,0.12265434187292903,Cpne2|Junb|Mef2c,0.6896654171055698
shared,GO_BP,GOBP_CELLULAR_RESPONSE_TO_NITROGEN_COMPOUND,4,104,50,1500,1.1538461538461537,0.4612835281471567,Cflar|Ctsd|Ly6e|Mef2c,1.0
shared,GO_BP,GOBP_CELLULAR_RESPONSE_TO_NUTRIENT_LEVELS,0,26,50,1500,0.0,1.0,,1.0
shared,GO_BP,GOBP_CELLULAR_RESPONSE_TO_OXIDATIVE_STRESS,0,28,50,1500,0.0,1.0,,1.0
shared,GO_BP,GOBP_CELLULAR_RESPONSE_TO_OXYGEN_CONTAINING_COMPOUND,7,169,50,1500,1.242603550295858,0.32985569831118816,Cflar|Ctsd|Lilrb4a|Ly6e|Mef2c|Mrc1|Pf4,1.0
shared,GO_BP,GOBP_CELLULAR_RESPONSE_TO_OXYGEN_LEVELS,0,23,50,1500,0.0,1.0,,1.0
shared,GO_BP,GOBP_CELLULAR_RESPONSE_TO_PEPTIDE_HORMONE_STIMULUS,1,51,50,1500,0.5882352941176471,0.8277789323376701,Ctsd,1.0
shared,GO_BP,GOBP_CELLULAR_RESPONSE_TO_RADIATION,1,14,50,1500,2.142857142857143,0.3791877227557184,Cul4b,1.0
shared,GO_BP,GOBP_CELLULAR_RESPONSE_TO_REACTIVE_OXYGEN_SPECIES,0,21,50,1500,0.0,1.0,,1.0
shared,GO_BP,GOBP_CELLULAR_RESPONSE_TO_STARVATION,0,17,50,1500,0.0,1.0,,1.0
shared,GO_BP,GOBP_CELLULAR_RESPONSE_TO_STEROID_HORMONE_STIMULUS,1,17,50,1500,1.7647058823529411,0.4398083575301246,Dab2,1.0
shared,GO_BP,GOBP_CELLULAR_RESPONSE_TO_STRESS,4,149,50,1500,0.8053691275167785,0.7494894888118877,Apoe|Cul4b|Cxcl12|Mef2c,1.0
shared,GO_BP,GOBP_CELLULAR_RESPONSE_TO_TOXIC_SUBSTANCE,2,17,50,1500,3.5294117647058822,0.10775612872998955,Apoe|Gpx3,0.6484617196732176
shared,GO_BP,GOBP_CELLULAR_RESPONSE_TO_VASCULAR_ENDOTHELIAL_GROWTH_FACTOR_STIMULUS,0,35,50,1500,0.0,1.0,,1.0
shared,GO_BP,GOBP_CELLULAR_RESPONSE_TO_XENOBIOTIC_STIMULUS,2,25,50,1500,2.4,0.20153398901832625,Ccl4|Mef2c,0.9047619843088474
shared,GO_BP,GOBP_CELLULAR_SENESCENCE,0,11,50,1500,0.0,1.0,,1.0
shared,GO_BP,GOBP_CELL_ACTIVATION,12,146,50,1500,2.4657534246575343,0.0021338175782459248,Apoe|C1qa|C5ar1|Cxcl12|Laptm5|Lgals1|Lilrb4a|Mef2c|Pf4|Ptprc|Tec|Tyrobp,0.07705452365888062
shared,GO_BP,GOBP_CELL_ACTIVATION_INVOLVED_IN_IMMUNE_RESPONSE,5,44,50,1500,3.409090909090909,0.013652438310575388,Lgals1|Lilrb4a|Pf4|Ptprc|Tyrobp,0.2112877357589048
shared,GO_BP,GOBP_CELL_ADHESION,9,251,50,1500,1.0756972111553784,0.463495470938325,Cxcl12|Dab2|Laptm5|Lgals1|Lilrb4a|Pf4|Ptprc|Siglech|Stab1,1.0
shared,GO_BP,GOBP_CELL_ADHESION_MEDIATED_BY_INTEGRIN,0,18,50,1500,0.0,1.0,,1.0
shared,GO_BP,GOBP_CELL_CELL_ADHESION,6,137,50,1500,1.3138686131386863,0.30307687090699703,Cxcl12|Laptm5|Lgals1|Lilrb4a|Pf4|Ptprc,1.0
shared,GO_BP,GOBP_CELL_CELL_ADHESION_MEDIATED_BY_CADHERIN,0,10,50,1500,0.0,1.0,,1.0
shared,GO_BP,GOBP_CELL_CELL_ADHESION_VIA_PLASMA_MEMBRANE_ADHESION_MOLECULES,1,42,50,1500,0.7142857142857143,0.764026946378234,Lgals1,1.0
shared,GO_BP,GOBP_CELL_CELL_JUNCTION_ASSEMBLY,0,28,50,1500,0.0,1.0,,1.0
shared,GO_BP,GOBP_CELL_CELL_JUNCTION_ORGANIZATION,0,39,50,1500,0.0,1.0,,1.0
shared,GO_BP,GOBP_CELL_CELL_SIGNALING,9,204,50,1500,1.3235294117647058,0.23053124373526787,Apoe|Cxcl12|Dab2|Ly6e|Mef2c|Nrgn|Slc6a6|Stab1|Tyrobp,0.9791871726231405
shared,GO_BP,GOBP_CELL_CHEMOTAXIS,4,69,50,1500,1.7391304347826089,0.19457719500567752,C5ar1|Ccl4|Cxcl12|Pf4,0.9047619843088474
shared,GO_BP,GOBP_CELL_CYCLE,3,136,50,1500,0.6617647058823529,0.8477624283870748,Cul4b|Junb|Ptprc,1.0
shared,GO_BP,GOBP_CELL_CYCLE_CHECKPOINT_SIGNALING,0,14,50,1500,0.0,1.0,,1.0
shared,GO_BP,GOBP_CELL_CYCLE_G1_S_PHASE_TRANSITION,1,33,50,1500,0.9090909090909091,0.6773123609777841,Cul4b,1.0
shared,GO_BP,GOBP_CELL_CYCLE_G2_M_PHASE_TRANSITION,0,16,50,1500,0.0,1.0,,1.0
shared,GO_BP,GOBP_CELL_CYCLE_PHASE_TRANSITION,2,56,50,1500,1.0714285714285714,0.5656064838861655,Cul4b|Ptprc,1.0
shared,GO_BP,GOBP_CELL_CYCLE_PROCESS,2,103,50,1500,0.5825242718446603,0.8707040201360202,Cul4b|Ptprc,1.0
shared,GO_BP,GOBP_CELL_DIFFERENTIATION_INVOLVED_IN_KIDNEY_DEVELOPMENT,1,13,50,1500,2.3076923076923075,0.3575867388571701,Mef2c,1.0
shared,GO_BP,GOBP_CELL_DIVISION,0,50,50,1500,0.0,1.0,,1.0
shared,GO_BP,GOBP_CELL_FATE_COMMITMENT,2,41,50,1500,1.4634146341463414,0.40039713749493766,Lgals1|Mef2c,1.0
shared,GO_BP,GOBP_CELL_FATE_DETERMINATION,1,10,50,1500,3.0,0.2882684421548648,Mef2c,1.0
shared,GO_BP,GOBP_CELL_FATE_SPECIFICATION,0,11,50,1500,0.0,1.0,,1.0
shared,GO_BP,GOBP_CELL_GROWTH,4,74,50,1500,1.6216216216216215,0.23019799603042054,Apoe|Bst2|Cxcl12|Dab2,0.9791871726231405
shared,GO_BP,GOBP_CELL_JUNCTION_ASSEMBLY,1,93,50,1500,0.3225806451612903,0.9614386833376959,Mef2c,1.0
shared,GO_BP,GOBP_CELL_JUNCTION_ORGANIZATION,5,155,50,1500,0.9677419354838709,0.602312871770917,Apoe|C1qa|C1qc|C5ar1|Mef2c,1.0
shared,GO_BP,GOBP_CELL_KILLING,4,20,50,1500,6.0,0.003571145496803295,Cxcl12|Lyz2|Ptprc|Tyrobp,0.09835782088653144
shared,GO_BP,GOBP_CELL_MATRIX_ADHESION,0,45,50,1500,0.0,1.0,,1.0
shared,GO_BP,GOBP_CELL_MATURATION,1,33,50,1500,0.9090909090909091,0.6773123609777841,C1qa,1.0
shared,GO_BP,GOBP_CELL_MIGRATION,9,260,50,1500,1.0384615384615385,0.5095840243446542,Apoe|Bst2|C5ar1|Ccl4|Cxcl12|Dab2|Mef2c|Pf4|Ptprc,1.0
shared,GO_BP,GOBP_CELL_MIGRATION_INVOLVED_IN_SPROUTING_ANGIOGENESIS,0,17,50,1500,0.0,1.0,,1.0
shared,GO_BP,GOBP_CELL_MORPHOGENESIS,4,175,50,1500,0.6857142857142857,0.8544074821115916,Apoe|Cxcl12|Dab2|Mef2c,1.0
shared,GO_BP,GOBP_CELL_MORPHOGENESIS_INVOLVED_IN_NEURON_DIFFERENTIATION,3,107,50,1500,0.8411214953271028,0.7063872920661782,Apoe|Cxcl12|Mef2c,1.0
shared,GO_BP,GOBP_CELL_MOTILITY,9,294,50,1500,0.9183673469387754,0.6710677759138266,Apoe|Bst2|C5ar1|Ccl4|Cxcl12|Dab2|Mef2c|Pf4|Ptprc,1.0
shared,GO_BP,GOBP_CELL_PROJECTION_ASSEMBLY,0,63,50,1500,0.0,1.0,,1.0
shared,GO_BP,GOBP_CELL_PROJECTION_MORPHOGENESIS,3,130,50,1500,0.6923076923076924,0.8243720051473609,Apoe|Cxcl12|Mef2c,1.0
shared,GO_BP,GOBP_CELL_PROJECTION_ORGANIZATION,8,255,50,1500,0.9411764705882353,0.6359403612709958,Apoe|Cflar|Cul4b|Cxcl12|Dab2|Lgals1|Mef2c|Mylip,1.0
shared,GO_BP,GOBP_CELL_RECOGNITION,0,22,50,1500,0.0,1.0,,1.0
shared,GO_BP,GOBP_CELL_SUBSTRATE_ADHESION,2,72,50,1500,0.8333333333333334,0.7041110769964758,Dab2|Lgals1,1.0
shared,GO_BP,GOBP_CELL_SUBSTRATE_JUNCTION_ORGANIZATION,0,20,50,1500,0.0,1.0,,1.0
shared,GO_BP,GOBP_CELL_SURFACE_RECEPTOR_PROTEIN_SERINE_THREONINE_KINASE_SIGNALING_PATHWAY,1,47,50,1500,0.6382978723404256,0.8018554794378209,Dab2,1.0
shared,GO_BP,GOBP_CELL_SURFACE_RECEPTOR_PROTEIN_TYROSINE_KINASE_SIGNALING_PATHWAY,1,86,50,1500,0.3488372093023256,0.950359710835991,Ctsd,1.0
shared,GO_BP,GOBP_CELL_SURFACE_RECEPTOR_SIGNALING_PATHWAY_VIA_STAT,2,19,50,1500,3.1578947368421053,0.12996801648711176,Csf2rb2|Ptprc,0.7050821437679359
shared,GO_BP,GOBP_CENTRAL_NERVOUS_SYSTEM_DEVELOPMENT,6,175,50,1500,1.0285714285714287,0.5378928244086646,C1qa|C5ar1|Cul4b|Cxcl12|Tyrobp|mt-Nd4,1.0
shared,GO_BP,GOBP_CENTRAL_NERVOUS_SYSTEM_NEURON_DEVELOPMENT,0,19,50,1500,0.0,1.0,,1.0
shared,GO_BP,GOBP_CENTRAL_NERVOUS_SYSTEM_NEURON_DIFFERENTIATION,0,44,50,1500,0.0,1.0,,1.0
shared,GO_BP,GOBP_CEREBELLAR_CORTEX_DEVELOPMENT,0,10,50,1500,0.0,1.0,,1.0
shared,GO_BP,GOBP_CEREBRAL_CORTEX_DEVELOPMENT,0,24,50,1500,0.0,1.0,,1.0
shared,GO_BP,GOBP_CHEMICAL_HOMEOSTASIS,3,120,50,1500,0.75,0.7788772987021184,Apoe|Mylip|Ptprc,1.0
shared,GO_BP,GOBP_CHEMICAL_SYNAPTIC_TRANSMISSION_POSTSYNAPTIC,1,26,50,1500,1.1538461538461537,0.5889329235095868,Mef2c,1.0
shared,GO_BP,GOBP_CHEMOKINE_PRODUCTION,1,20,50,1500,1.5,0.49461650530034706,Lilrb4a,1.0
shared,GO_BP,GOBP_CHLORIDE_TRANSPORT,0,15,50,1500,0.0,1.0,,1.0
shared,GO_BP,GOBP_CHONDROCYTE_DIFFERENTIATION,1,21,50,1500,1.4285714285714286,0.5116902720131731,Mef2c,1.0
shared,GO_BP,GOBP_CHROMATIN_ORGANIZATION,1,47,50,1500,0.6382978723404256,0.8018554794378209,Ptprc,1.0
shared,GO_BP,GOBP_CHROMOSOME_LOCALIZATION,0,11,50,1500,0.0,1.0,,1.0
shared,GO_BP,GOBP_CHROMOSOME_ORGANIZATION,0,31,50,1500,0.0,1.0,,1.0
shared,GO_BP,GOBP_CHROMOSOME_SEGREGATION,0,30,50,1500,0.0,1.0,,1.0
shared,GO_BP,GOBP_CILIUM_MOVEMENT,0,36,50,1500,0.0,1.0,,1.0
shared,GO_BP,GOBP_CILIUM_ORGANIZATION,0,40,50,1500,0.0,1.0,,1.0
shared,GO_BP,GOBP_CILIUM_OR_FLAGELLUM_DEPENDENT_CELL_MOTILITY,0,31,50,1500,0.0,1.0,,1.0
shared,GO_BP,GOBP_CIRCADIAN_RHYTHM,0,25,50,1500,0.0,1.0,,1.0
shared,GO_BP,GOBP_CIRCULATORY_SYSTEM_DEVELOPMENT,10,209,50,1500,1.4354066985645932,0.1465811227382752,Apoe|C5ar1|Cflar|Cxcl12|Junb|Ly6e|Mef2c|Pf4|Stab1|Tnfsf12,0.7537795077522064
shared,GO_BP,GOBP_CIRCULATORY_SYSTEM_PROCESS,3,101,50,1500,0.8910891089108911,0.6675402166946223,Apoe|Ccl4|Ttr,1.0
shared,GO_BP,GOBP_COGNITION,3,66,50,1500,1.3636363636363635,0.3791751470741036,Apoe|C5ar1|Mef2c,1.0
shared,GO_BP,GOBP_COLLAGEN_ACTIVATED_SIGNALING_PATHWAY,0,21,50,1500,0.0,1.0,,1.0
shared,GO_BP,GOBP_COLLAGEN_BIOSYNTHETIC_PROCESS,0,10,50,1500,0.0,1.0,,1.0
shared,GO_BP,GOBP_COLLAGEN_FIBRIL_ORGANIZATION,0,18,50,1500,0.0,1.0,,1.0
shared,GO_BP,GOBP_COLLAGEN_METABOLIC_PROCESS,1,18,50,1500,1.6666666666666667,0.45869546617711976,Ctss,1.0
shared,GO_BP,GOBP_COLUMNAR_CUBOIDAL_EPITHELIAL_CELL_DIFFERENTIATION,0,22,50,1500,0.0,1.0,,1.0
shared,GO_BP,GOBP_COMPLEMENT_ACTIVATION,2,11,50,1500,5.454545454545455,0.04943234891824236,C1qa|C1qc,0.41405962367084453
shared,GO_BP,GOBP_CONNECTIVE_TISSUE_DEVELOPMENT,2,48,50,1500,1.25,0.4813877414329201,Cflar|Mef2c,1.0
shared,GO_BP,GOBP_CRANIAL_SKELETAL_SYSTEM_DEVELOPMENT,1,13,50,1500,2.3076923076923075,0.3575867388571701,Mef2c,1.0
shared,GO_BP,GOBP_CYTOKINESIS,0,18,50,1500,0.0,1.0,,1.0
shared,GO_BP,GOBP_CYTOKINE_MEDIATED_SIGNALING_PATHWAY,7,73,50,1500,2.8767123287671237,0.008970673441075537,Ccl4|Csf2rb2|Cxcl12|Ifitm3|Laptm5|Pf4|Ptprc,0.17487271847704158
shared,GO_BP,GOBP_CYTOKINE_PRODUCTION,7,112,50,1500,1.875,0.07341254782245277,Bst2|C5ar1|Ccl4|Laptm5|Lilrb4a|Ptprc|Tyrobp,0.5373666225742602
shared,GO_BP,GOBP_CYTOKINE_PRODUCTION_INVOLVED_IN_IMMUNE_RESPONSE,3,22,50,1500,4.090909090909091,0.034352084177712426,Bst2|Laptm5|Lilrb4a,0.3672508999262019
shared,GO_BP,GOBP_CYTOPLASMIC_PATTERN_RECOGNITION_RECEPTOR_SIGNALING_PATHWAY,1,16,50,1500,1.875,0.4202758734830577,Pik3ap1,1.0
shared,GO_BP,GOBP_CYTOSKELETON_DEPENDENT_CYTOKINESIS,0,11,50,1500,0.0,1.0,,1.0
shared,GO_BP,GOBP_CYTOSKELETON_DEPENDENT_INTRACELLULAR_TRANSPORT,0,14,50,1500,0.0,1.0,,1.0
shared,GO_BP,GOBP_CYTOSKELETON_ORGANIZATION,4,170,50,1500,0.7058823529411764,0.8375866057392223,Bst2|Cflar|Mef2c|Tyrobp,1.0
shared,GO_BP,GOBP_DEFENSE_RESPONSE_TO_BACTERIUM,3,35,50,1500,2.571428571428571,0.10814346217319507,C5ar1|Lyz2|Stab1,0.6484617196732176
shared,GO_BP,GOBP_DEFENSE_RESPONSE_TO_GRAM_NEGATIVE_BACTERIUM,1,14,50,1500,2.142857142857143,0.3791877227557184,Lyz2,1.0
shared,GO_BP,GOBP_DEFENSE_RESPONSE_TO_GRAM_POSITIVE_BACTERIUM,2,14,50,1500,4.285714285714286,0.07677394817604072,C5ar1|Lyz2,0.5400764752643556
shared,GO_BP,GOBP_DEFENSE_RESPONSE_TO_OTHER_ORGANISM,16,115,50,1500,4.173913043478261,2.767503684228595e-07,Apoe|Bst2|C1qa|C1qc|C5ar1|Ccl4|Cxcl12|Ifitm3|Ly6e|Lyz2|Mrc1|Pf4|Pik3ap1|Ptprc|Stab1|Tyrobp,0.00022485967434357333
shared,GO_BP,GOBP_DEFENSE_RESPONSE_TO_SYMBIONT,12,99,50,1500,3.6363636363636367,5.207162679414777e-05,Apoe|Bst2|C1qa|C1qc|Ccl4|Cxcl12|Ifitm3|Ly6e|Mrc1|Pf4|Pik3ap1|Tyrobp,0.009401821504498904
shared,GO_BP,GOBP_DEFENSE_RESPONSE_TO_VIRUS,3,24,50,1500,3.75,0.04309557126901202,Bst2|Ifitm3|Ptprc,0.39789945063718485
shared,GO_BP,GOBP_DENDRITE_DEVELOPMENT,2,39,50,1500,1.5384615384615383,0.3762268611656,Apoe|Mef2c,1.0
shared,GO_BP,GOBP_DENDRITE_MORPHOGENESIS,0,27,50,1500,0.0,1.0,,1.0
shared,GO_BP,GOBP_DENDRITIC_SPINE_DEVELOPMENT,2,19,50,1500,3.1578947368421053,0.12996801648711176,Apoe|Mef2c,0.7050821437679359
shared,GO_BP,GOBP_DENDRITIC_SPINE_MORPHOGENESIS,0,12,50,1500,0.0,1.0,,1.0
shared,GO_BP,GOBP_DEPHOSPHORYLATION,2,14,50,1500,4.285714285714286,0.07677394817604072,Mef2c|Ptprc,0.5400764752643556
shared,GO_BP,GOBP_DETECTION_OF_EXTERNAL_STIMULUS,2,16,50,1500,3.75,0.0970847228115921,Cxcl12|Ttr,0.6211128920032959
shared,GO_BP,GOBP_DETECTION_OF_MECHANICAL_STIMULUS,1,12,50,1500,2.5,0.33524969917904673,Cxcl12,1.0
shared,GO_BP,GOBP_DETECTION_OF_MECHANICAL_STIMULUS_INVOLVED_IN_SENSORY_PERCEPTION,1,10,50,1500,3.0,0.2882684421548648,Cxcl12,1.0
shared,GO_BP,GOBP_DETECTION_OF_STIMULUS,2,25,50,1500,2.4,0.20153398901832625,Cxcl12|Ttr,0.9047619843088474
shared,GO_BP,GOBP_DETECTION_OF_STIMULUS_INVOLVED_IN_SENSORY_PERCEPTION,1,13,50,1500,2.3076923076923075,0.3575867388571701,Cxcl12,1.0
shared,GO_BP,GOBP_DETOXIFICATION,2,19,50,1500,3.1578947368421053,0.12996801648711176,Apoe|Gpx3,0.7050821437679359
shared,GO_BP,GOBP_DEVELOPMENTAL_CELL_GROWTH,2,51,50,1500,1.1764705882352942,0.5140905590955691,Apoe|Cxcl12,1.0
shared,GO_BP,GOBP_DEVELOPMENTAL_GROWTH,5,121,50,1500,1.2396694214876034,0.377659392889195,Apoe|Cflar|Cxcl12|Ly6e|Mef2c,1.0
shared,GO_BP,GOBP_DEVELOPMENTAL_GROWTH_INVOLVED_IN_MORPHOGENESIS,2,46,50,1500,1.3043478260869565,0.4588829057877858,Apoe|Cxcl12,1.0
shared,GO_BP,GOBP_DEVELOPMENTAL_MATURATION,1,54,50,1500,0.5555555555555556,0.8450105665233932,C1qa,1.0
shared,GO_BP,GOBP_DEVELOPMENTAL_PROCESS_INVOLVED_IN_REPRODUCTION,2,110,50,1500,0.5454545454545455,0.8940401714016379,Cxcl12|Junb,1.0
shared,GO_BP,GOBP_DEVELOPMENT_OF_PRIMARY_FEMALE_SEXUAL_CHARACTERISTICS,0,19,50,1500,0.0,1.0,,1.0
shared,GO_BP,GOBP_DEVELOPMENT_OF_PRIMARY_SEXUAL_CHARACTERISTICS,0,34,50,1500,0.0,1.0,,1.0
shared,GO_BP,GOBP_DICARBOXYLIC_ACID_TRANSPORT,0,24,50,1500,0.0,1.0,,1.0
shared,GO_BP,GOBP_DIENCEPHALON_DEVELOPMENT,0,15,50,1500,0.0,1.0,,1.0
shared,GO_BP,GOBP_DIGESTION,0,11,50,1500,0.0,1.0,,1.0
shared,GO_BP,GOBP_DIGESTIVE_SYSTEM_DEVELOPMENT,0,23,50,1500,0.0,1.0,,1.0
shared,GO_BP,GOBP_DNA_BIOSYNTHETIC_PROCESS,0,14,50,1500,0.0,1.0,,1.0
shared,GO_BP,GOBP_DNA_DAMAGE_RESPONSE,2,36,50,1500,1.6666666666666667,0.33931461253673095,Cul4b|Cxcl12,1.0
shared,GO_BP,GOBP_DNA_METABOLIC_PROCESS,2,48,50,1500,1.25,0.4813877414329201,Cul4b|Ptprc,1.0
shared,GO_BP,GOBP_DNA_RECOMBINATION,1,12,50,1500,2.5,0.33524969917904673,Ptprc,1.0
shared,GO_BP,GOBP_DNA_REPAIR,1,15,50,1500,2.0,0.4000764265660914,Cul4b,1.0
shared,GO_BP,GOBP_DNA_REPLICATION,0,12,50,1500,0.0,1.0,,1.0
shared,GO_BP,GOBP_DORSAL_VENTRAL_PATTERN_FORMATION,0,11,50,1500,0.0,1.0,,1.0
shared,GO_BP,GOBP_DOUBLE_STRAND_BREAK_REPAIR,0,10,50,1500,0.0,1.0,,1.0
shared,GO_BP,GOBP_EAR_DEVELOPMENT,0,41,50,1500,0.0,1.0,,1.0
shared,GO_BP,GOBP_EAR_MORPHOGENESIS,0,18,50,1500,0.0,1.0,,1.0
shared,GO_BP,GOBP_EMBRYONIC_APPENDAGE_MORPHOGENESIS,0,15,50,1500,0.0,1.0,,1.0
shared,GO_BP,GOBP_EMBRYONIC_HEART_TUBE_DEVELOPMENT,1,18,50,1500,1.6666666666666667,0.45869546617711976,Mef2c,1.0
shared,GO_BP,GOBP_EMBRYONIC_HEART_TUBE_MORPHOGENESIS,1,11,50,1500,2.7272727272727275,0.31215205147852715,Mef2c,1.0
shared,GO_BP,GOBP_EMBRYONIC_MORPHOGENESIS,2,90,50,1500,0.6666666666666666,0.8149282736792834,Dab2|Mef2c,1.0
shared,GO_BP,GOBP_EMBRYONIC_ORGAN_DEVELOPMENT,2,82,50,1500,0.7317073170731707,0.7710363237317353,Junb|Mef2c,1.0
shared,GO_BP,GOBP_EMBRYONIC_ORGAN_MORPHOGENESIS,1,45,50,1500,0.6666666666666666,0.7874965257547175,Mef2c,1.0
shared,GO_BP,GOBP_EMBRYONIC_PLACENTA_DEVELOPMENT,1,21,50,1500,1.4285714285714286,0.5116902720131731,Junb,1.0
shared,GO_BP,GOBP_EMBRYONIC_PLACENTA_MORPHOGENESIS,0,10,50,1500,0.0,1.0,,1.0
shared,GO_BP,GOBP_EMBRYONIC_SKELETAL_SYSTEM_DEVELOPMENT,1,16,50,1500,1.875,0.4202758734830577,Mef2c,1.0
shared,GO_BP,GOBP_EMBRYONIC_SKELETAL_SYSTEM_MORPHOGENESIS,1,11,50,1500,2.7272727272727275,0.31215205147852715,Mef2c,1.0
shared,GO_BP,GOBP_EMBRYO_DEVELOPMENT,5,161,50,1500,0.9316770186335405,0.6375609679598102,Dab2|Junb|Ly6e|Mef2c|mt-Nd4,1.0
shared,GO_BP,GOBP_EMBRYO_DEVELOPMENT_ENDING_IN_BIRTH_OR_EGG_HATCHING,5,101,50,1500,1.4851485148514851,0.24312756562940346,Dab2|Junb|Ly6e|Mef2c|mt-Nd4,1.0
shared,GO_BP,GOBP_ENDOCARDIAL_CUSHION_DEVELOPMENT,0,11,50,1500,0.0,1.0,,1.0
shared,GO_BP,GOBP_ENDOCARDIAL_CUSHION_MORPHOGENESIS,0,10,50,1500,0.0,1.0,,1.0
shared,GO_BP,GOBP_ENDOCRINE_HORMONE_SECRETION,1,12,50,1500,2.5,0.33524969917904673,Dab2,1.0
shared,GO_BP,GOBP_ENDOCRINE_PROCESS,1,18,50,1500,1.6666666666666667,0.45869546617711976,Dab2,1.0
shared,GO_BP,GOBP_ENDOCRINE_SYSTEM_DEVELOPMENT,1,21,50,1500,1.4285714285714286,0.5116902720131731,Ly6e,1.0
shared,GO_BP,GOBP_ENDOCYTOSIS,8,84,50,1500,2.857142857142857,0.0053758193463669035,Apoe|Dab2|Ifitm3|Lilrb4a|Mrc1|Ptprc|Siglech|Tyrobp,0.12303811884290448
shared,GO_BP,GOBP_ENDODERMAL_CELL_DIFFERENTIATION,1,12,50,1500,2.5,0.33524969917904673,Dab2,1.0
shared,GO_BP,GOBP_ENDODERM_DEVELOPMENT,1,16,50,1500,1.875,0.4202758734830577,Dab2,1.0
shared,GO_BP,GOBP_ENDODERM_FORMATION,1,14,50,1500,2.142857142857143,0.3791877227557184,Dab2,1.0
shared,GO_BP,GOBP_ENDOMEMBRANE_SYSTEM_ORGANIZATION,1,43,50,1500,0.6976744186046512,0.7721193007548377,Ptprc,1.0
shared,GO_BP,GOBP_ENDOSOMAL_TRANSPORT,1,12,50,1500,2.5,0.33524969917904673,Dab2,1.0
shared,GO_BP,GOBP_ENDOTHELIAL_CELL_APOPTOTIC_PROCESS,0,17,50,1500,0.0,1.0,,1.0
shared,GO_BP,GOBP_ENDOTHELIAL_CELL_CHEMOTAXIS,0,11,50,1500,0.0,1.0,,1.0
shared,GO_BP,GOBP_ENDOTHELIAL_CELL_DEVELOPMENT,0,21,50,1500,0.0,1.0,,1.0
shared,GO_BP,GOBP_ENDOTHELIAL_CELL_DIFFERENTIATION,0,32,50,1500,0.0,1.0,,1.0
shared,GO_BP,GOBP_ENDOTHELIAL_CELL_MIGRATION,3,50,50,1500,1.7999999999999998,0.23078688437825404,Apoe|Cxcl12|Mef2c,0.9791871726231405
shared,GO_BP,GOBP_ENDOTHELIAL_CELL_PROLIFERATION,3,41,50,1500,2.1951219512195124,0.15365659133764528,Apoe|Cxcl12|Mef2c,0.7778565760862105
shared,GO_BP,GOBP_ENDOTHELIUM_DEVELOPMENT,0,37,50,1500,0.0,1.0,,1.0
shared,GO_BP,GOBP_ENERGY_DERIVATION_BY_OXIDATION_OF_ORGANIC_COMPOUNDS,3,27,50,1500,3.333333333333333,0.058094821376033876,mt-Co2|mt-Co3|mt-Nd4,0.46734695413888633
shared,GO_BP,GOBP_ENERGY_HOMEOSTASIS,1,18,50,1500,1.6666666666666667,0.45869546617711976,Apoe,1.0
shared,GO_BP,GOBP_ENERGY_RESERVE_METABOLIC_PROCESS,0,11,50,1500,0.0,1.0,,1.0
shared,GO_BP,GOBP_ENSHEATHMENT_OF_NEURONS,0,30,50,1500,0.0,1.0,,1.0
shared,GO_BP,GOBP_ENZYME_LINKED_RECEPTOR_PROTEIN_SIGNALING_PATHWAY,2,128,50,1500,0.46875,0.9375550280730294,Ctsd|Dab2,1.0
shared,GO_BP,GOBP_EPHRIN_RECEPTOR_SIGNALING_PATHWAY,0,21,50,1500,0.0,1.0,,1.0
shared,GO_BP,GOBP_EPIDERMAL_CELL_DIFFERENTIATION,0,22,50,1500,0.0,1.0,,1.0
shared,GO_BP,GOBP_EPIDERMIS_DEVELOPMENT,0,36,50,1500,0.0,1.0,,1.0
shared,GO_BP,GOBP_EPIGENETIC_REGULATION_OF_GENE_EXPRESSION,0,12,50,1500,0.0,1.0,,1.0
shared,GO_BP,GOBP_EPITHELIAL_CELL_APOPTOTIC_PROCESS,1,14,50,1500,2.142857142857143,0.3791877227557184,Cflar,1.0
shared,GO_BP,GOBP_EPITHELIAL_CELL_DEVELOPMENT,0,47,50,1500,0.0,1.0,,1.0
shared,GO_BP,GOBP_EPITHELIAL_CELL_DIFFERENTIATION,2,112,50,1500,0.5357142857142857,0.8999688931334602,Dab2|Mef2c,1.0
shared,GO_BP,GOBP_EPITHELIAL_CELL_DIFFERENTIATION_INVOLVED_IN_KIDNEY_DEVELOPMENT,1,12,50,1500,2.5,0.33524969917904673,Mef2c,1.0
shared,GO_BP,GOBP_EPITHELIAL_CELL_MORPHOGENESIS,0,10,50,1500,0.0,1.0,,1.0
shared,GO_BP,GOBP_EPITHELIAL_CELL_PROLIFERATION,6,92,50,1500,1.9565217391304346,0.08083251139282761,Apoe|C5ar1|Cflar|Cxcl12|Dab2|Mef2c,0.5661759957471763
shared,GO_BP,GOBP_EPITHELIAL_TO_MESENCHYMAL_TRANSITION,1,33,50,1500,0.9090909090909091,0.6773123609777841,Dab2,1.0
shared,GO_BP,GOBP_EPITHELIAL_TUBE_MORPHOGENESIS,3,60,50,1500,1.5,0.3230728173079596,Ctsd|Cxcl12|Mef2c,1.0
shared,GO_BP,GOBP_EPITHELIUM_DEVELOPMENT,4,185,50,1500,0.6486486486486486,0.8837793032504666,Ctsd|Cxcl12|Dab2|Mef2c,1.0
shared,GO_BP,GOBP_ERBB_SIGNALING_PATHWAY,0,27,50,1500,0.0,1.0,,1.0
shared,GO_BP,GOBP_ERK1_AND_ERK2_CASCADE,6,66,50,1500,2.727272727272727,0.019910780413347207,Apoe|C5ar1|Cflar|Cxcl12|Dab2|Ptprc,0.2706312147533013
shared,GO_BP,GOBP_ERYTHROCYTE_HOMEOSTASIS,0,25,50,1500,0.0,1.0,,1.0
shared,GO_BP,GOBP_ESTABLISHMENT_OF_CELL_POLARITY,0,15,50,1500,0.0,1.0,,1.0
shared,GO_BP,GOBP_ESTABLISHMENT_OF_ENDOTHELIAL_BARRIER,0,14,50,1500,0.0,1.0,,1.0
shared,GO_BP,GOBP_ESTABLISHMENT_OF_ORGANELLE_LOCALIZATION,0,45,50,1500,0.0,1.0,,1.0
shared,GO_BP,GOBP_ESTABLISHMENT_OF_PROTEIN_LOCALIZATION,4,127,50,1500,0.9448818897637795,0.6245067287933803,Apoe|Ctsd|Dab2|Laptm5,1.0
shared,GO_BP,GOBP_ESTABLISHMENT_OF_PROTEIN_LOCALIZATION_TO_MEMBRANE,0,14,50,1500,0.0,1.0,,1.0
shared,GO_BP,GOBP_ESTABLISHMENT_OF_PROTEIN_LOCALIZATION_TO_ORGANELLE,1,30,50,1500,1.0,0.6419855589414076,Laptm5,1.0
shared,GO_BP,GOBP_ESTABLISHMENT_OR_MAINTENANCE_OF_CELL_POLARITY,0,21,50,1500,0.0,1.0,,1.0
shared,GO_BP,GOBP_EXCITATORY_SYNAPSE_ASSEMBLY,0,12,50,1500,0.0,1.0,,1.0
shared,GO_BP,GOBP_EXOCYTIC_PROCESS,0,17,50,1500,0.0,1.0,,1.0
shared,GO_BP,GOBP_EXOCYTOSIS,0,48,50,1500,0.0,1.0,,1.0
shared,GO_BP,GOBP_EXPLORATION_BEHAVIOR,1,12,50,1500,2.5,0.33524969917904673,Apoe,1.0
shared,GO_BP,GOBP_EXPORT_ACROSS_PLASMA_MEMBRANE,0,16,50,1500,0.0,1.0,,1.0
shared,GO_BP,GOBP_EXPORT_FROM_CELL,5,141,50,1500,1.0638297872340425,0.513790072341216,Apoe|Cxcl12|Dab2|Ly6e|Mef2c,1.0
shared,GO_BP,GOBP_EXTRACELLULAR_MATRIX_ASSEMBLY,0,13,50,1500,0.0,1.0,,1.0
shared,GO_BP,GOBP_EXTRACELLULAR_STRUCTURE_ORGANIZATION,2,77,50,1500,0.7792207792207791,0.7393475896182469,Cflar|Ctss,1.0
shared,GO_BP,GOBP_EXTRACELLULAR_TRANSPORT,0,11,50,1500,0.0,1.0,,1.0
shared,GO_BP,GOBP_EXTRINSIC_APOPTOTIC_SIGNALING_PATHWAY,4,35,50,1500,3.4285714285714284,0.026699482447428365,Cflar|Dab2|Ptprc|Tnfsf12,0.30589546993077577
shared,GO_BP,GOBP_EXTRINSIC_APOPTOTIC_SIGNALING_PATHWAY_VIA_DEATH_DOMAIN_RECEPTORS,1,11,50,1500,2.7272727272727275,0.31215205147852715,Cflar,1.0
shared,GO_BP,GOBP_EYE_MORPHOGENESIS,0,32,50,1500,0.0,1.0,,1.0
shared,GO_BP,GOBP_EYE_PHOTORECEPTOR_CELL_DIFFERENTIATION,0,10,50,1500,0.0,1.0,,1.0
shared,GO_BP,GOBP_FACE_DEVELOPMENT,0,12,50,1500,0.0,1.0,,1.0
shared,GO_BP,GOBP_FATTY_ACID_BIOSYNTHETIC_PROCESS,0,18,50,1500,0.0,1.0,,1.0
shared,GO_BP,GOBP_FATTY_ACID_METABOLIC_PROCESS,0,38,50,1500,0.0,1.0,,1.0
shared,GO_BP,GOBP_FATTY_ACID_TRANSPORT,1,20,50,1500,1.5,0.49461650530034706,Apoe,1.0
shared,GO_BP,GOBP_FAT_CELL_DIFFERENTIATION,1,42,50,1500,0.7142857142857143,0.764026946378234,Psmb8,1.0
shared,GO_BP,GOBP_FEAR_RESPONSE,2,11,50,1500,5.454545454545455,0.04943234891824236,Apoe|Mef2c,0.41405962367084453
shared,GO_BP,GOBP_FEEDING_BEHAVIOR,0,20,50,1500,0.0,1.0,,1.0
shared,GO_BP,GOBP_FEMALE_GAMETE_GENERATION,0,16,50,1500,0.0,1.0,,1.0
shared,GO_BP,GOBP_FEMALE_SEX_DIFFERENTIATION,0,24,50,1500,0.0,1.0,,1.0
shared,GO_BP,GOBP_FERTILIZATION,0,15,50,1500,0.0,1.0,,1.0
shared,GO_BP,GOBP_FIBROBLAST_GROWTH_FACTOR_RECEPTOR_SIGNALING_PATHWAY,0,28,50,1500,0.0,1.0,,1.0
shared,GO_BP,GOBP_FIBROBLAST_MIGRATION,0,12,50,1500,0.0,1.0,,1.0
shared,GO_BP,GOBP_FIBROBLAST_PROLIFERATION,0,23,50,1500,0.0,1.0,,1.0
shared,GO_BP,GOBP_FILOPODIUM_ASSEMBLY,0,13,50,1500,0.0,1.0,,1.0
shared,GO_BP,GOBP_FOCAL_ADHESION_ASSEMBLY,0,17,50,1500,0.0,1.0,,1.0
shared,GO_BP,GOBP_FOREBRAIN_DEVELOPMENT,2,90,50,1500,0.6666666666666666,0.8149282736792834,Cxcl12|Tyrobp,1.0
shared,GO_BP,GOBP_FOREBRAIN_GENERATION_OF_NEURONS,0,24,50,1500,0.0,1.0,,1.0
shared,GO_BP,GOBP_FORMATION_OF_PRIMARY_GERM_LAYER,1,20,50,1500,1.5,0.49461650530034706,Dab2,1.0
shared,GO_BP,GOBP_GAMETE_GENERATION,1,75,50,1500,0.4,0.9263656033486491,Cxcl12,1.0
shared,GO_BP,GOBP_GASTRULATION,1,28,50,1500,1.0714285714285714,0.616356933817995,Dab2,1.0
shared,GO_BP,GOBP_GENERATION_OF_NEURONS,9,255,50,1500,1.0588235294117647,0.48406432412750705,Apoe|C1qa|Cflar|Cul4b|Cxcl12|Dab2|Lgals1|Mef2c|Mylip,1.0
shared,GO_BP,GOBP_GENERATION_OF_PRECURSOR_METABOLITES_AND_ENERGY,3,33,50,1500,2.727272727272727,0.09437465903438064,mt-Co2|mt-Co3|mt-Nd4,0.6211128920032959
shared,GO_BP,GOBP_GLAND_DEVELOPMENT,3,76,50,1500,1.1842105263157896,0.47037536398765967,Cflar|Ly6e|mt-Co2,1.0
shared,GO_BP,GOBP_GLAND_MORPHOGENESIS,1,26,50,1500,1.1538461538461537,0.5889329235095868,Cflar,1.0
shared,GO_BP,GOBP_GLIAL_CELL_ACTIVATION,3,14,50,1500,6.428571428571429,0.009792872234714329,C1qa|C5ar1|Tyrobp,0.17487271847704158
shared,GO_BP,GOBP_GLIAL_CELL_DEVELOPMENT,2,36,50,1500,1.6666666666666667,0.33931461253673095,C1qa|C5ar1,1.0
shared,GO_BP,GOBP_GLIAL_CELL_DIFFERENTIATION,3,62,50,1500,1.4516129032258063,0.34180347065176675,C1qa|C5ar1|Cul4b,1.0
shared,GO_BP,GOBP_GLIAL_CELL_MIGRATION,0,22,50,1500,0.0,1.0,,1.0
shared,GO_BP,GOBP_GLIAL_CELL_PROLIFERATION,0,19,50,1500,0.0,1.0,,1.0
shared,GO_BP,GOBP_GLIOGENESIS,3,87,50,1500,1.0344827586206897,0.5636774670434521,C1qa|C5ar1|Cul4b,1.0
shared,GO_BP,GOBP_GLOMERULAR_EPITHELIUM_DEVELOPMENT,0,10,50,1500,0.0,1.0,,1.0
shared,GO_BP,GOBP_GLOMERULUS_DEVELOPMENT,2,22,50,1500,2.7272727272727275,0.1650200797304365,Cflar|Mef2c,0.8175537486645101
shared,GO_BP,GOBP_GLUCOSE_METABOLIC_PROCESS,1,12,50,1500,2.5,0.33524969917904673,Cbr2,1.0
shared,GO_BP,GOBP_GLUTAMATE_RECEPTOR_SIGNALING_PATHWAY,1,17,50,1500,1.7647058823529411,0.4398083575301246,Mef2c,1.0
shared,GO_BP,GOBP_GLYCEROLIPID_BIOSYNTHETIC_PROCESS,0,16,50,1500,0.0,1.0,,1.0
shared,GO_BP,GOBP_GLYCEROLIPID_METABOLIC_PROCESS,1,28,50,1500,1.0714285714285714,0.616356933817995,Apoe,1.0
shared,GO_BP,GOBP_GLYCEROPHOSPHOLIPID_METABOLIC_PROCESS,0,18,50,1500,0.0,1.0,,1.0
shared,GO_BP,GOBP_GLYCOPROTEIN_BIOSYNTHETIC_PROCESS,0,15,50,1500,0.0,1.0,,1.0
shared,GO_BP,GOBP_GLYCOPROTEIN_METABOLIC_PROCESS,0,19,50,1500,0.0,1.0,,1.0
shared,GO_BP,GOBP_GOLGI_VESICLE_TRANSPORT,1,12,50,1500,2.5,0.33524969917904673,Laptm5,1.0
shared,GO_BP,GOBP_GRANULOCYTE_CHEMOTAXIS,3,30,50,1500,3.0,0.07524124775221704,C5ar1|Ccl4|Pf4,0.5400764752643556
shared,GO_BP,GOBP_GRANULOCYTE_MIGRATION,3,33,50,1500,2.727272727272727,0.09437465903438064,C5ar1|Ccl4|Pf4,0.6211128920032959
shared,GO_BP,GOBP_GROWTH,7,144,50,1500,1.4583333333333335,0.19724683140540974,Apoe|Bst2|Cflar|Cxcl12|Dab2|Ly6e|Mef2c,0.9047619843088474
shared,GO_BP,GOBP_HEAD_DEVELOPMENT,4,135,50,1500,0.8888888888888888,0.6738594779154384,C5ar1|Cxcl12|Tyrobp|mt-Nd4,1.0
shared,GO_BP,GOBP_HEAD_MORPHOGENESIS,0,10,50,1500,0.0,1.0,,1.0
shared,GO_BP,GOBP_HEART_DEVELOPMENT,2,104,50,1500,0.5769230769230769,0.8742983027134331,Ly6e|Mef2c,1.0
shared,GO_BP,GOBP_HEART_GROWTH,1,26,50,1500,1.1538461538461537,0.5889329235095868,Mef2c,1.0
shared,GO_BP,GOBP_HEART_MORPHOGENESIS,2,51,50,1500,1.1764705882352942,0.5140905590955691,Ly6e|Mef2c,1.0
shared,GO_BP,GOBP_HEART_PROCESS,0,40,50,1500,0.0,1.0,,1.0
shared,GO_BP,GOBP_HEART_VALVE_DEVELOPMENT,1,13,50,1500,2.3076923076923075,0.3575867388571701,Mef2c,1.0
shared,GO_BP,GOBP_HEART_VALVE_MORPHOGENESIS,1,13,50,1500,2.3076923076923075,0.3575867388571701,Mef2c,1.0
shared,GO_BP,GOBP_HEMATOPOIETIC_OR_LYMPHOID_ORGAN_DEVELOPMENT,1,13,50,1500,2.3076923076923075,0.3575867388571701,Ptprc,1.0
shared,GO_BP,GOBP_HEMATOPOIETIC_PROGENITOR_CELL_DIFFERENTIATION,1,24,50,1500,1.25,0.5595904961849962,Ptprc,1.0
shared,GO_BP,GOBP_HEMOPOIESIS,11,134,50,1500,2.462686567164179,0.0034223043074317963,C1qc|Cflar|Dab2|Junb|Laptm5|Lgals1|Lilrb4a|Mef2c|Pf4|Ptprc|Tyrobp,0.09835782088653144
shared,GO_BP,GOBP_HEMOSTASIS,5,28,50,1500,5.357142857142857,0.0018492429945528295,Apoe|F13a1|Lilrb4a|Pf4|Tec,0.07046629676140853
shared,GO_BP,GOBP_HEPATICOBILIARY_SYSTEM_DEVELOPMENT,1,28,50,1500,1.0714285714285714,0.616356933817995,Cflar,1.0
shared,GO_BP,GOBP_HEPATOCYTE_GROWTH_FACTOR_RECEPTOR_SIGNALING_PATHWAY,0,21,50,1500,0.0,1.0,,1.0
shared,GO_BP,GOBP_HETEROPHILIC_CELL_CELL_ADHESION_VIA_PLASMA_MEMBRANE_CELL_ADHESION_MOLECULES,1,10,50,1500,3.0,0.2882684421548648,Lgals1,1.0
shared,GO_BP,GOBP_HETEROTYPIC_CELL_CELL_ADHESION,1,13,50,1500,2.3076923076923075,0.3575867388571701,Ptprc,1.0
shared,GO_BP,GOBP_HINDBRAIN_DEVELOPMENT,2,29,50,1500,2.0689655172413794,0.25147901761228364,C5ar1|mt-Nd4,1.0
shared,GO_BP,GOBP_HIPPOCAMPUS_DEVELOPMENT,0,25,50,1500,0.0,1.0,,1.0
shared,GO_BP,GOBP_HOMEOSTASIS_OF_NUMBER_OF_CELLS,2,57,50,1500,1.0526315789473684,0.5754451967732952,Lilrb4a|Mef2c,1.0
shared,GO_BP,GOBP_HOMEOSTASIS_OF_NUMBER_OF_CELLS_WITHIN_A_TISSUE,0,10,50,1500,0.0,1.0,,1.0
shared,GO_BP,GOBP_HOMOPHILIC_CELL_ADHESION_VIA_PLASMA_MEMBRANE_ADHESION_MOLECULES,0,21,50,1500,0.0,1.0,,1.0
shared,GO_BP,GOBP_HOMOTYPIC_CELL_CELL_ADHESION,1,11,50,1500,2.7272727272727275,0.31215205147852715,Lgals1,1.0
shared,GO_BP,GOBP_HORMONE_MEDIATED_SIGNALING_PATHWAY,1,17,50,1500,1.7647058823529411,0.4398083575301246,Dab2,1.0
shared,GO_BP,GOBP_HORMONE_METABOLIC_PROCESS,1,29,50,1500,1.0344827586206897,0.6293882879681989,Dab2,1.0
shared,GO_BP,GOBP_HORMONE_TRANSPORT,1,57,50,1500,0.5263157894736842,0.8605491527572983,Dab2,1.0
shared,GO_BP,GOBP_HUMORAL_IMMUNE_RESPONSE,7,34,50,1500,6.176470588235294,8.057493014463862e-05,C1qa|C1qc|Ccl4|Cxcl12|Mef2c|Pf4|Ptprc,0.01091118845708648
shared,GO_BP,GOBP_ICOSANOID_METABOLIC_PROCESS,0,12,50,1500,0.0,1.0,,1.0
shared,GO_BP,GOBP_IMMUNE_EFFECTOR_PROCESS,10,84,50,1500,3.5714285714285716,0.0002879296285304021,Bst2|C1qa|C1qc|Csf2rb2|Laptm5|Lgals1|Lilrb4a|Pf4|Ptprc|Tyrobp,0.023394282318095174
shared,GO_BP,GOBP_IMMUNE_RESPONSE_REGULATING_CELL_SURFACE_RECEPTOR_SIGNALING_PATHWAY,8,31,50,1500,7.741935483870967,3.7836688758031263e-06,C5ar1|Laptm5|Lilrb4a|Mef2c|Pik3ap1|Ptprc|Tec|Tyrobp,0.001229692384636016
shared,GO_BP,GOBP_IMMUNE_RESPONSE_REGULATING_SIGNALING_PATHWAY,8,44,50,1500,5.454545454545455,6.0996981758576247e-05,C5ar1|Laptm5|Lilrb4a|Mef2c|Pik3ap1|Ptprc|Tec|Tyrobp,0.009888395282518374
shared,GO_BP,GOBP_IMMUNE_SYSTEM_DEVELOPMENT,2,20,50,1500,3.0,0.14144844471358778,Lilrb4a|Ptprc,0.7390794940822513
shared,GO_BP,GOBP_IMMUNOGLOBULIN_PRODUCTION,2,10,50,1500,6.0,0.04131092728840577,Lilrb4a|Ptprc,0.3858060738141343
shared,GO_BP,GOBP_IMPORT_ACROSS_PLASMA_MEMBRANE,1,42,50,1500,0.7142857142857143,0.764026946378234,Slc6a6,1.0
shared,GO_BP,GOBP_IMPORT_INTO_CELL,9,126,50,1500,2.142857142857143,0.020204918668636086,Apoe|Dab2|Ifitm3|Lilrb4a|Mrc1|Ptprc|Siglech|Slc6a6|Tyrobp,0.2713470482358152
shared,GO_BP,GOBP_IMPORT_INTO_NUCLEUS,0,17,50,1500,0.0,1.0,,1.0
shared,GO_BP,GOBP_INFLAMMATORY_RESPONSE,12,137,50,1500,2.6277372262773726,0.0012097152946583646,Apoe|C1qa|C5ar1|Ccl4|Cd163|Ctss|Lgals1|Lilrb4a|Pf4|Pik3ap1|Stab1|Tyrobp,0.05781727511234831
shared,GO_BP,GOBP_INFLAMMATORY_RESPONSE_TO_ANTIGENIC_STIMULUS,1,14,50,1500,2.142857142857143,0.3791877227557184,Lilrb4a,1.0
shared,GO_BP,GOBP_INNATE_IMMUNE_RESPONSE_ACTIVATING_CELL_SURFACE_RECEPTOR_SIGNALING_PATHWAY,2,10,50,1500,6.0,0.04131092728840577,Pik3ap1|Tyrobp,0.3858060738141343
shared,GO_BP,GOBP_INNERVATION,0,10,50,1500,0.0,1.0,,1.0
shared,GO_BP,GOBP_INNER_EAR_MORPHOGENESIS,0,14,50,1500,0.0,1.0,,1.0
shared,GO_BP,GOBP_INORGANIC_ANION_TRANSMEMBRANE_TRANSPORT,0,15,50,1500,0.0,1.0,,1.0
shared,GO_BP,GOBP_INORGANIC_ANION_TRANSPORT,0,23,50,1500,0.0,1.0,,1.0
shared,GO_BP,GOBP_INORGANIC_ION_HOMEOSTASIS,2,75,50,1500,0.8,0.7256904671258542,Apoe|Ptprc,1.0
shared,GO_BP,GOBP_INORGANIC_ION_IMPORT_ACROSS_PLASMA_MEMBRANE,0,17,50,1500,0.0,1.0,,1.0
shared,GO_BP,GOBP_INSULIN_LIKE_GROWTH_FACTOR_RECEPTOR_SIGNALING_PATHWAY,0,25,50,1500,0.0,1.0,,1.0
shared,GO_BP,GOBP_INSULIN_RECEPTOR_SIGNALING_PATHWAY,1,32,50,1500,0.9375,0.6659340944396241,Ctsd,1.0
shared,GO_BP,GOBP_INSULIN_SECRETION,0,32,50,1500,0.0,1.0,,1.0
shared,GO_BP,GOBP_INSULIN_SECRETION_INVOLVED_IN_CELLULAR_RESPONSE_TO_GLUCOSE_STIMULUS,0,12,50,1500,0.0,1.0,,1.0
shared,GO_BP,GOBP_INTEGRIN_MEDIATED_SIGNALING_PATHWAY,3,19,50,1500,4.736842105263158,0.023183209906023995,Dab2|Tec|Tyrobp,0.29313654236641734
shared,GO_BP,GOBP_INTERLEUKIN_1_BETA_PRODUCTION,2,17,50,1500,3.5294117647058822,0.10775612872998955,Lilrb4a|Tyrobp,0.6484617196732176
shared,GO_BP,GOBP_INTERLEUKIN_1_PRODUCTION,2,19,50,1500,3.1578947368421053,0.12996801648711176,Lilrb4a|Tyrobp,0.7050821437679359
shared,GO_BP,GOBP_INTERLEUKIN_2_PRODUCTION,3,17,50,1500,5.294117647058823,0.01704917842361118,Laptm5|Lilrb4a|Ptprc,0.2409123038118971
shared,GO_BP,GOBP_INTERLEUKIN_6_PRODUCTION,3,29,50,1500,3.103448275862069,0.06929647406754862,Laptm5|Lilrb4a|Tyrobp,0.514186166026331
shared,GO_BP,GOBP_INTERLEUKIN_8_PRODUCTION,1,11,50,1500,2.7272727272727275,0.31215205147852715,Ptprc,1.0
shared,GO_BP,GOBP_INTRACELLULAR_GLUCOSE_HOMEOSTASIS,0,24,50,1500,0.0,1.0,,1.0
shared,GO_BP,GOBP_INTRACELLULAR_MONOATOMIC_ION_HOMEOSTASIS,2,64,50,1500,0.9375,0.6398865198697581,Apoe|Ptprc,1.0
shared,GO_BP,GOBP_INTRACELLULAR_PROTEIN_TRANSPORT,1,40,50,1500,0.75,0.7469883874978639,Laptm5,1.0
shared,GO_BP,GOBP_INTRACELLULAR_RECEPTOR_SIGNALING_PATHWAY,2,36,50,1500,1.6666666666666667,0.33931461253673095,Dab2|Pik3ap1,1.0
shared,GO_BP,GOBP_INTRACELLULAR_SIGNALING_CASSETTE,10,223,50,1500,1.3452914798206277,0.19764986016233052,Apoe|C5ar1|Cflar|Cxcl12|Dab2|Laptm5|Lilrb4a|Mef2c|Pik3ap1|Ptprc,0.9047619843088474
shared,GO_BP,GOBP_INTRACELLULAR_TRANSPORT,2,75,50,1500,0.8,0.7256904671258542,Dab2|Laptm5,1.0
shared,GO_BP,GOBP_INTRINSIC_APOPTOTIC_SIGNALING_PATHWAY,2,31,50,1500,1.9354838709677418,0.27666470071835436,Cxcl12|Ifi27l2a,1.0
shared,GO_BP,GOBP_INTRINSIC_APOPTOTIC_SIGNALING_PATHWAY_BY_P53_CLASS_MEDIATOR,0,11,50,1500,0.0,1.0,,1.0
shared,GO_BP,GOBP_INTRINSIC_APOPTOTIC_SIGNALING_PATHWAY_IN_RESPONSE_TO_DNA_DAMAGE,1,16,50,1500,1.875,0.4202758734830577,Cxcl12,1.0
shared,GO_BP,GOBP_IN_UTERO_EMBRYONIC_DEVELOPMENT,4,70,50,1500,1.7142857142857142,0.20155313127372476,Dab2|Junb|Ly6e|mt-Nd4,0.9047619843088474
shared,GO_BP,GOBP_IONOTROPIC_GLUTAMATE_RECEPTOR_SIGNALING_PATHWAY,1,14,50,1500,2.142857142857143,0.3791877227557184,Mef2c,1.0
shared,GO_BP,GOBP_JNK_CASCADE,1,17,50,1500,1.7647058823529411,0.4398083575301246,Dab2,1.0
shared,GO_BP,GOBP_KERATINOCYTE_DIFFERENTIATION,0,14,50,1500,0.0,1.0,,1.0
shared,GO_BP,GOBP_KETONE_METABOLIC_PROCESS,1,22,50,1500,1.3636363636363638,0.5281983764075895,Dab2,1.0
shared,GO_BP,GOBP_KIDNEY_EPITHELIUM_DEVELOPMENT,1,27,50,1500,1.1111111111111112,0.60287685419108,Mef2c,1.0
shared,GO_BP,GOBP_KIDNEY_MORPHOGENESIS,0,16,50,1500,0.0,1.0,,1.0
shared,GO_BP,GOBP_LABYRINTHINE_LAYER_DEVELOPMENT,1,10,50,1500,3.0,0.2882684421548648,Junb,1.0
shared,GO_BP,GOBP_LACTATION,1,11,50,1500,2.7272727272727275,0.31215205147852715,mt-Co2,1.0
shared,GO_BP,GOBP_LEARNING,0,40,50,1500,0.0,1.0,,1.0
shared,GO_BP,GOBP_LENS_DEVELOPMENT_IN_CAMERA_TYPE_EYE,0,15,50,1500,0.0,1.0,,1.0
shared,GO_BP,GOBP_LEUKOCYTE_ACTIVATION_INVOLVED_IN_INFLAMMATORY_RESPONSE,3,11,50,1500,8.181818181818182,0.004764529954141202,C1qa|C5ar1|Tyrobp,0.1173085026587796
shared,GO_BP,GOBP_LEUKOCYTE_ADHESION_TO_VASCULAR_ENDOTHELIAL_CELL,1,12,50,1500,2.5,0.33524969917904673,Cxcl12,1.0
shared,GO_BP,GOBP_LEUKOCYTE_APOPTOTIC_PROCESS,2,20,50,1500,3.0,0.14144844471358778,Cxcl12|Mef2c,0.7390794940822513
shared,GO_BP,GOBP_LEUKOCYTE_CELL_CELL_ADHESION,6,60,50,1500,3.0,0.012781846395349572,Cxcl12|Laptm5|Lgals1|Lilrb4a|Pf4|Ptprc,0.19971634992733706
shared,GO_BP,GOBP_LEUKOCYTE_CHEMOTAXIS,4,45,50,1500,2.6666666666666665,0.05956914793339073,C5ar1|Ccl4|Cxcl12|Pf4,0.4745091440772546
shared,GO_BP,GOBP_LEUKOCYTE_DEGRANULATION,0,12,50,1500,0.0,1.0,,1.0
shared,GO_BP,GOBP_LEUKOCYTE_DIFFERENTIATION,10,84,50,1500,3.5714285714285716,0.0002879296285304021,C1qc|Cflar|Junb|Laptm5|Lgals1|Lilrb4a|Mef2c|Pf4|Ptprc|Tyrobp,0.023394282318095174
shared,GO_BP,GOBP_LEUKOCYTE_HOMEOSTASIS,2,20,50,1500,3.0,0.14144844471358778,Lilrb4a|Mef2c,0.7390794940822513
shared,GO_BP,GOBP_LEUKOCYTE_MEDIATED_CYTOTOXICITY,2,11,50,1500,5.454545454545455,0.04943234891824236,Ptprc|Tyrobp,0.41405962367084453
shared,GO_BP,GOBP_LEUKOCYTE_MEDIATED_IMMUNITY,7,47,50,1500,4.468085106382979,0.0006749386638165651,Bst2|C1qa|C1qc|Csf2rb2|Lilrb4a|Ptprc|Tyrobp,0.04041328927953371
shared,GO_BP,GOBP_LEUKOCYTE_MIGRATION,4,65,50,1500,1.8461538461538463,0.16752770205961204,C5ar1|Ccl4|Cxcl12|Pf4,0.8249470177177866
shared,GO_BP,GOBP_LEUKOCYTE_PROLIFERATION,8,58,50,1500,4.137931034482759,0.00046096223547677245,Csf2rb2|Cxcl12|Junb|Laptm5|Lilrb4a|Mef2c|Ptprc|Tyrobp,0.03256798402825023
shared,GO_BP,GOBP_LIGAND_GATED_ION_CHANNEL_SIGNALING_PATHWAY,1,15,50,1500,2.0,0.4000764265660914,Mef2c,1.0
shared,GO_BP,GOBP_LIMBIC_SYSTEM_DEVELOPMENT,0,33,50,1500,0.0,1.0,,1.0
shared,GO_BP,GOBP_LIPID_BIOSYNTHETIC_PROCESS,2,54,50,1500,1.1111111111111112,0.5454604803481333,Apoe|Dab2,1.0
shared,GO_BP,GOBP_LIPID_CATABOLIC_PROCESS,1,28,50,1500,1.0714285714285714,0.616356933817995,Apoe,1.0
shared,GO_BP,GOBP_LIPID_EXPORT_FROM_CELL,1,12,50,1500,2.5,0.33524969917904673,Dab2,1.0
shared,GO_BP,GOBP_LIPID_HOMEOSTASIS,2,15,50,1500,4.0,0.08674586941049843,Apoe|Mylip,0.5897993213056901
shared,GO_BP,GOBP_LIPID_LOCALIZATION,2,55,50,1500,1.090909090909091,0.5556112094093976,Apoe|Dab2,1.0
shared,GO_BP,GOBP_LIPID_METABOLIC_PROCESS,3,107,50,1500,0.8411214953271028,0.7063872920661782,Apoe|Dab2|Ttr,1.0
shared,GO_BP,GOBP_LIPID_MODIFICATION,0,21,50,1500,0.0,1.0,,1.0
shared,GO_BP,GOBP_LIPID_OXIDATION,0,14,50,1500,0.0,1.0,,1.0
shared,GO_BP,GOBP_LOCALIZATION_WITHIN_MEMBRANE,3,64,50,1500,1.40625,0.3605177956624396,Apoe|Dab2|Ptprc,1.0
shared,GO_BP,GOBP_LOCOMOTION,9,221,50,1500,1.2217194570135748,0.31041388747435383,Apoe|Bst2|C5ar1|Ccl4|Cxcl12|Dab2|Mef2c|Pf4|Ptprc,1.0
shared,GO_BP,GOBP_LOCOMOTORY_BEHAVIOR,2,47,50,1500,1.2765957446808511,0.4702033260751992,Apoe|Cxcl12,1.0
shared,GO_BP,GOBP_LONG_CHAIN_FATTY_ACID_METABOLIC_PROCESS,0,11,50,1500,0.0,1.0,,1.0
shared,GO_BP,GOBP_LONG_CHAIN_FATTY_ACID_TRANSPORT,1,12,50,1500,2.5,0.33524969917904673,Apoe,1.0
shared,GO_BP,GOBP_LONG_TERM_MEMORY,1,13,50,1500,2.3076923076923075,0.3575867388571701,Apoe,1.0
shared,GO_BP,GOBP_LONG_TERM_SYNAPTIC_POTENTIATION,3,23,50,1500,3.913043478260869,0.03859569973016896,Apoe|Nrgn|Tyrobp,0.3858060738141343
shared,GO_BP,GOBP_LUNG_ALVEOLUS_DEVELOPMENT,0,11,50,1500,0.0,1.0,,1.0
shared,GO_BP,GOBP_LUNG_EPITHELIUM_DEVELOPMENT,0,10,50,1500,0.0,1.0,,1.0
shared,GO_BP,GOBP_LYMPHOCYTE_ACTIVATION,8,92,50,1500,2.608695652173913,0.009341706691260577,Cxcl12|Laptm5|Lgals1|Lilrb4a|Mef2c|Pf4|Ptprc|Tyrobp,0.17487271847704158
shared,GO_BP,GOBP_LYMPHOCYTE_ACTIVATION_INVOLVED_IN_IMMUNE_RESPONSE,5,28,50,1500,5.357142857142857,0.0018492429945528295,Lgals1|Lilrb4a|Pf4|Ptprc|Tyrobp,0.07046629676140853
shared,GO_BP,GOBP_LYMPHOCYTE_APOPTOTIC_PROCESS,0,12,50,1500,0.0,1.0,,1.0
shared,GO_BP,GOBP_LYMPHOCYTE_DIFFERENTIATION,5,51,50,1500,2.9411764705882355,0.02477317727952376,Laptm5|Lgals1|Lilrb4a|Pf4|Ptprc,0.30497282635777356
shared,GO_BP,GOBP_LYMPHOCYTE_MEDIATED_IMMUNITY,5,32,50,1500,4.6875,0.0034249869954135733,C1qa|C1qc|Csf2rb2|Lilrb4a|Ptprc,0.09835782088653144
shared,GO_BP,GOBP_LYMPHOCYTE_MIGRATION,1,11,50,1500,2.7272727272727275,0.31215205147852715,Cxcl12,1.0
shared,GO_BP,GOBP_LYMPH_VESSEL_DEVELOPMENT,0,10,50,1500,0.0,1.0,,1.0
shared,GO_BP,GOBP_L_ALPHA_AMINO_ACID_TRANSMEMBRANE_TRANSPORT,0,20,50,1500,0.0,1.0,,1.0
shared,GO_BP,GOBP_L_AMINO_ACID_METABOLIC_PROCESS,0,14,50,1500,0.0,1.0,,1.0
shared,GO_BP,GOBP_L_AMINO_ACID_TRANSPORT,0,21,50,1500,0.0,1.0,,1.0
shared,GO_BP,GOBP_L_GLUTAMATE_IMPORT,0,11,50,1500,0.0,1.0,,1.0
shared,GO_BP,GOBP_MACROAUTOPHAGY,1,15,50,1500,2.0,0.4000764265660914,Ctsd,1.0
shared,GO_BP,GOBP_MACROMOLECULE_CATABOLIC_PROCESS,9,76,50,1500,3.5526315789473686,0.0006322660377301445,Apoe|Ctsd|Ctss|Cul4b|Dab2|Laptm5|Mylip|Psmb8|Tnfsf12,0.03951662735813403
shared,GO_BP,GOBP_MACROPHAGE_ACTIVATION,3,22,50,1500,4.090909090909091,0.034352084177712426,C1qa|C5ar1|Tyrobp,0.3672508999262019
shared,GO_BP,GOBP_MACROPHAGE_CHEMOTAXIS,1,13,50,1500,2.3076923076923075,0.3575867388571701,C5ar1,1.0
shared,GO_BP,GOBP_MACROPHAGE_DIFFERENTIATION,2,15,50,1500,4.0,0.08674586941049843,C1qc|Cflar,0.5897993213056901
shared,GO_BP,GOBP_MACROPHAGE_MIGRATION,1,16,50,1500,1.875,0.4202758734830577,C5ar1,1.0
shared,GO_BP,GOBP_MAINTENANCE_OF_CELL_NUMBER,0,22,50,1500,0.0,1.0,,1.0
shared,GO_BP,GOBP_MAINTENANCE_OF_LOCATION,3,27,50,1500,3.333333333333333,0.058094821376033876,Apoe|Lgals1|Ptprc,0.46734695413888633
shared,GO_BP,GOBP_MALE_GAMETE_GENERATION,0,53,50,1500,0.0,1.0,,1.0
shared,GO_BP,GOBP_MALE_SEX_DIFFERENTIATION,0,20,50,1500,0.0,1.0,,1.0
shared,GO_BP,GOBP_MAMMARY_GLAND_DEVELOPMENT,1,26,50,1500,1.1538461538461537,0.5889329235095868,mt-Co2,1.0
shared,GO_BP,GOBP_MAMMARY_GLAND_EPITHELIUM_DEVELOPMENT,0,13,50,1500,0.0,1.0,,1.0
shared,GO_BP,GOBP_MAPK_CASCADE,10,118,50,1500,2.5423728813559325,0.004267123006658225,Apoe|C5ar1|Cflar|Cxcl12|Dab2|Laptm5|Lilrb4a|Mef2c|Pik3ap1|Ptprc,0.11101251168514363
shared,GO_BP,GOBP_MAST_CELL_ACTIVATION,1,12,50,1500,2.5,0.33524969917904673,Lilrb4a,1.0
shared,GO_BP,GOBP_MATERNAL_PROCESS_INVOLVED_IN_FEMALE_PREGNANCY,1,11,50,1500,2.7272727272727275,0.31215205147852715,Junb,1.0
shared,GO_BP,GOBP_MEIOSIS_I_CELL_CYCLE_PROCESS,0,13,50,1500,0.0,1.0,,1.0
shared,GO_BP,GOBP_MEIOTIC_CELL_CYCLE,0,27,50,1500,0.0,1.0,,1.0
shared,GO_BP,GOBP_MEIOTIC_CELL_CYCLE_PROCESS,0,21,50,1500,0.0,1.0,,1.0
shared,GO_BP,GOBP_MEIOTIC_CHROMOSOME_SEGREGATION,0,10,50,1500,0.0,1.0,,1.0
shared,GO_BP,GOBP_MEMBRANELESS_ORGANELLE_ASSEMBLY,2,42,50,1500,1.4285714285714286,0.4123282859057648,Cflar|Mef2c,1.0
shared,GO_BP,GOBP_MEMBRANE_BIOGENESIS,0,11,50,1500,0.0,1.0,,1.0
shared,GO_BP,GOBP_MEMBRANE_DEPOLARIZATION,0,17,50,1500,0.0,1.0,,1.0
shared,GO_BP,GOBP_MEMBRANE_DOCKING,0,12,50,1500,0.0,1.0,,1.0
shared,GO_BP,GOBP_MEMBRANE_FUSION,0,20,50,1500,0.0,1.0,,1.0
shared,GO_BP,GOBP_MEMBRANE_INVAGINATION,0,11,50,1500,0.0,1.0,,1.0
shared,GO_BP,GOBP_MEMBRANE_LIPID_METABOLIC_PROCESS,0,11,50,1500,0.0,1.0,,1.0
shared,GO_BP,GOBP_MEMBRANE_ORGANIZATION,3,85,50,1500,1.0588235294117647,0.5474083929992667,Apoe|Laptm5|Ptprc,1.0
shared,GO_BP,GOBP_MEMORY,1,36,50,1500,0.8333333333333334,0.7092162291569126,Apoe,1.0
shared,GO_BP,GOBP_MESENCHYMAL_CELL_DIFFERENTIATION,2,54,50,1500,1.1111111111111112,0.5454604803481333,Dab2|Mef2c,1.0
shared,GO_BP,GOBP_MESENCHYMAL_CELL_MIGRATION,0,18,50,1500,0.0,1.0,,1.0
shared,GO_BP,GOBP_MESENCHYME_DEVELOPMENT,2,60,50,1500,1.0,0.6040144176935394,Dab2|Mef2c,1.0
shared,GO_BP,GOBP_MESENCHYME_MORPHOGENESIS,0,15,50,1500,0.0,1.0,,1.0
shared,GO_BP,GOBP_MESODERM_DEVELOPMENT,0,13,50,1500,0.0,1.0,,1.0
shared,GO_BP,GOBP_MESONEPHROS_DEVELOPMENT,0,16,50,1500,0.0,1.0,,1.0
shared,GO_BP,GOBP_METANEPHROS_DEVELOPMENT,0,18,50,1500,0.0,1.0,,1.0
shared,GO_BP,GOBP_METAPHASE_CHROMOSOME_ALIGNMENT,0,10,50,1500,0.0,1.0,,1.0
shared,GO_BP,GOBP_METENCEPHALON_DEVELOPMENT,1,19,50,1500,1.5789473684210527,0.4769581022710094,mt-Nd4,1.0
shared,GO_BP,GOBP_MICROTUBULE_BASED_MOVEMENT,0,50,50,1500,0.0,1.0,,1.0
shared,GO_BP,GOBP_MICROTUBULE_BASED_PROCESS,0,95,50,1500,0.0,1.0,,1.0
shared,GO_BP,GOBP_MICROTUBULE_BASED_TRANSPORT,0,23,50,1500,0.0,1.0,,1.0
shared,GO_BP,GOBP_MICROTUBULE_BUNDLE_FORMATION,0,24,50,1500,0.0,1.0,,1.0
shared,GO_BP,GOBP_MICROTUBULE_CYTOSKELETON_ORGANIZATION,0,67,50,1500,0.0,1.0,,1.0
shared,GO_BP,GOBP_MICROTUBULE_CYTOSKELETON_ORGANIZATION_INVOLVED_IN_MITOSIS,0,15,50,1500,0.0,1.0,,1.0
shared,GO_BP,GOBP_MICROTUBULE_POLYMERIZATION,0,11,50,1500,0.0,1.0,,1.0
shared,GO_BP,GOBP_MICROTUBULE_POLYMERIZATION_OR_DEPOLYMERIZATION,0,14,50,1500,0.0,1.0,,1.0
shared,GO_BP,GOBP_MIRNA_METABOLIC_PROCESS,1,16,50,1500,1.875,0.4202758734830577,Lilrb4a,1.0
shared,GO_BP,GOBP_MIRNA_TRANSCRIPTION,1,16,50,1500,1.875,0.4202758734830577,Lilrb4a,1.0
shared,GO_BP,GOBP_MITOCHONDRIAL_TRANSPORT,0,11,50,1500,0.0,1.0,,1.0
shared,GO_BP,GOBP_MITOCHONDRION_ORGANIZATION,1,36,50,1500,0.8333333333333334,0.7092162291569126,mt-Nd4,1.0
shared,GO_BP,GOBP_MITOTIC_CELL_CYCLE,1,85,50,1500,0.3529411764705882,0.9485413852255877,Cul4b,1.0
shared,GO_BP,GOBP_MITOTIC_CELL_CYCLE_CHECKPOINT_SIGNALING,0,11,50,1500,0.0,1.0,,1.0
shared,GO_BP,GOBP_MITOTIC_CELL_CYCLE_PHASE_TRANSITION,1,45,50,1500,0.6666666666666666,0.7874965257547175,Cul4b,1.0
shared,GO_BP,GOBP_MITOTIC_CYTOKINESIS,0,11,50,1500,0.0,1.0,,1.0
shared,GO_BP,GOBP_MITOTIC_NUCLEAR_DIVISION,0,31,50,1500,0.0,1.0,,1.0
shared,GO_BP,GOBP_MITOTIC_SISTER_CHROMATID_SEGREGATION,0,17,50,1500,0.0,1.0,,1.0
shared,GO_BP,GOBP_MITOTIC_SPINDLE_ORGANIZATION,0,12,50,1500,0.0,1.0,,1.0
shared,GO_BP,GOBP_MODIFICATION_DEPENDENT_MACROMOLECULE_CATABOLIC_PROCESS,5,26,50,1500,5.769230769230769,0.0013019111383587353,Cul4b|Dab2|Laptm5|Mylip|Psmb8,0.0587668222175818
shared,GO_BP,GOBP_MODIFIED_AMINO_ACID_METABOLIC_PROCESS,0,14,50,1500,0.0,1.0,,1.0
shared,GO_BP,GOBP_MODIFIED_AMINO_ACID_TRANSPORT,0,10,50,1500,0.0,1.0,,1.0
shared,GO_BP,GOBP_MODULATION_OF_EXCITATORY_POSTSYNAPTIC_POTENTIAL,0,15,50,1500,0.0,1.0,,1.0
shared,GO_BP,GOBP_MODULATION_OF_PROCESS_OF_ANOTHER_ORGANISM,3,11,50,1500,8.181818181818182,0.004764529954141202,Apoe|Ifitm3|Ly6e,0.1173085026587796
shared,GO_BP,GOBP_MOLTING_CYCLE,0,16,50,1500,0.0,1.0,,1.0
shared,GO_BP,GOBP_MOLTING_CYCLE_PROCESS,0,16,50,1500,0.0,1.0,,1.0
shared,GO_BP,GOBP_MONOAMINE_TRANSPORT,2,16,50,1500,3.75,0.0970847228115921,Cxcl12|Ly6e,0.6211128920032959
shared,GO_BP,GOBP_MONOATOMIC_ANION_TRANSMEMBRANE_TRANSPORT,0,17,50,1500,0.0,1.0,,1.0
shared,GO_BP,GOBP_MONOATOMIC_ANION_TRANSPORT,0,20,50,1500,0.0,1.0,,1.0
shared,GO_BP,GOBP_MONOATOMIC_CATION_TRANSMEMBRANE_TRANSPORT,6,99,50,1500,1.8181818181818183,0.10647675713075583,Ctss|Ptprc|Slc6a6|mt-Co2|mt-Co3|mt-Nd4,0.6484617196732176
shared,GO_BP,GOBP_MONOATOMIC_CATION_TRANSPORT,7,126,50,1500,1.6666666666666665,0.11971090422450333,Ctss|Cxcl12|Ptprc|Slc6a6|mt-Co2|mt-Co3|mt-Nd4,0.6849655611437251
shared,GO_BP,GOBP_MONOATOMIC_ION_HOMEOSTASIS,2,76,50,1500,0.7894736842105263,0.7325908753187785,Apoe|Ptprc,1.0
shared,GO_BP,GOBP_MONOATOMIC_ION_TRANSMEMBRANE_TRANSPORT,6,120,50,1500,1.5,0.2051743503432721,Ctss|Ptprc|Slc6a6|mt-Co2|mt-Co3|mt-Nd4,0.9184802184788352
shared,GO_BP,GOBP_MONOATOMIC_ION_TRANSPORT,7,154,50,1500,1.3636363636363635,0.24759540081017029,Ctss|Cxcl12|Ptprc|Slc6a6|mt-Co2|mt-Co3|mt-Nd4,1.0
shared,GO_BP,GOBP_MONOCARBOXYLIC_ACID_BIOSYNTHETIC_PROCESS,0,23,50,1500,0.0,1.0,,1.0
shared,GO_BP,GOBP_MONOCARBOXYLIC_ACID_METABOLIC_PROCESS,0,58,50,1500,0.0,1.0,,1.0
shared,GO_BP,GOBP_MONOCARBOXYLIC_ACID_TRANSPORT,1,30,50,1500,1.0,0.6419855589414076,Apoe,1.0
shared,GO_BP,GOBP_MONOCYTE_CHEMOTAXIS,1,13,50,1500,2.3076923076923075,0.3575867388571701,Cxcl12,1.0
shared,GO_BP,GOBP_MONONUCLEAR_CELL_DIFFERENTIATION,8,69,50,1500,3.4782608695652177,0.0015162712485170624,C1qc|Cflar|Laptm5|Lgals1|Lilrb4a|Mef2c|Pf4|Ptprc,0.06484054681158491
shared,GO_BP,GOBP_MONONUCLEAR_CELL_MIGRATION,2,33,50,1500,1.8181818181818181,0.301829565218506,C5ar1|Cxcl12,1.0
shared,GO_BP,GOBP_MONOSACCHARIDE_METABOLIC_PROCESS,1,15,50,1500,2.0,0.4000764265660914,Cbr2,1.0
shared,GO_BP,GOBP_MONOSACCHARIDE_TRANSMEMBRANE_TRANSPORT,0,10,50,1500,0.0,1.0,,1.0
shared,GO_BP,GOBP_MORPHOGENESIS_OF_AN_EPITHELIUM,3,83,50,1500,1.0843373493975903,0.5308117699803918,Ctsd|Cxcl12|Mef2c,1.0
shared,GO_BP,GOBP_MORPHOGENESIS_OF_A_BRANCHING_STRUCTURE,2,42,50,1500,1.4285714285714286,0.4123282859057648,Ctsd|Cxcl12,1.0
shared,GO_BP,GOBP_MORPHOGENESIS_OF_EMBRYONIC_EPITHELIUM,0,18,50,1500,0.0,1.0,,1.0
shared,GO_BP,GOBP_MOTILE_CILIUM_ASSEMBLY,0,13,50,1500,0.0,1.0,,1.0
shared,GO_BP,GOBP_MRNA_METABOLIC_PROCESS,1,21,50,1500,1.4285714285714286,0.5116902720131731,C5ar1,1.0
shared,GO_BP,GOBP_MRNA_PROCESSING,0,10,50,1500,0.0,1.0,,1.0
shared,GO_BP,GOBP_MULTICELLULAR_ORGANISMAL_LEVEL_CHEMICAL_HOMEOSTASIS,0,12,50,1500,0.0,1.0,,1.0
shared,GO_BP,GOBP_MULTICELLULAR_ORGANISMAL_LEVEL_HOMEOSTASIS,4,126,50,1500,0.9523809523809523,0.618036496999997,Apoe|Ctss|Lilrb4a|Mef2c,1.0
shared,GO_BP,GOBP_MULTICELLULAR_ORGANISMAL_MOVEMENT,0,10,50,1500,0.0,1.0,,1.0
shared,GO_BP,GOBP_MULTICELLULAR_ORGANISMAL_REPRODUCTIVE_PROCESS,2,104,50,1500,0.5769230769230769,0.8742983027134331,Cxcl12|Junb,1.0
shared,GO_BP,GOBP_MULTICELLULAR_ORGANISMAL_RESPONSE_TO_STRESS,2,26,50,1500,2.3076923076923075,0.21392436250078883,Apoe|Mef2c,0.9344814222144674
shared,GO_BP,GOBP_MULTICELLULAR_ORGANISM_GROWTH,0,25,50,1500,0.0,1.0,,1.0
shared,GO_BP,GOBP_MULTI_MULTICELLULAR_ORGANISM_PROCESS,1,31,50,1500,0.9677419354838709,0.6541629208821762,Junb,1.0
shared,GO_BP,GOBP_MUSCLE_ADAPTATION,2,20,50,1500,3.0,0.14144844471358778,Cflar|Mef2c,0.7390794940822513
shared,GO_BP,GOBP_MUSCLE_CELL_APOPTOTIC_PROCESS,1,17,50,1500,1.7647058823529411,0.4398083575301246,Cflar,1.0
shared,GO_BP,GOBP_MUSCLE_CELL_DEVELOPMENT,2,43,50,1500,1.3953488372093024,0.424148062560875,Cflar|Mef2c,1.0
shared,GO_BP,GOBP_MUSCLE_CELL_DIFFERENTIATION,3,70,50,1500,1.2857142857142856,0.41617005907570176,Cflar|Cxcl12|Mef2c,1.0
shared,GO_BP,GOBP_MUSCLE_CELL_MIGRATION,1,35,50,1500,0.8571428571428571,0.6989411842507965,Mef2c,1.0
shared,GO_BP,GOBP_MUSCLE_CELL_PROLIFERATION,3,57,50,1500,1.5789473684210527,0.2950418794901038,Apoe|Cflar|Mef2c,1.0
shared,GO_BP,GOBP_MUSCLE_CONTRACTION,0,54,50,1500,0.0,1.0,,1.0
shared,GO_BP,GOBP_MUSCLE_HYPERTROPHY,1,21,50,1500,1.4285714285714286,0.5116902720131731,Mef2c,1.0
shared,GO_BP,GOBP_MUSCLE_ORGAN_DEVELOPMENT,3,54,50,1500,1.6666666666666665,0.267230303739711,Cflar|Ly6e|Mef2c,1.0
shared,GO_BP,GOBP_MUSCLE_ORGAN_MORPHOGENESIS,1,16,50,1500,1.875,0.4202758734830577,Ly6e,1.0
shared,GO_BP,GOBP_MUSCLE_STRUCTURE_DEVELOPMENT,5,116,50,1500,1.293103448275862,0.3432110330215942,Cflar|Cxcl12|Lgals1|Ly6e|Mef2c,1.0
shared,GO_BP,GOBP_MUSCLE_SYSTEM_PROCESS,2,70,50,1500,0.8571428571428571,0.6889781575592814,Cflar|Mef2c,1.0
shared,GO_BP,GOBP_MUSCLE_TISSUE_DEVELOPMENT,3,85,50,1500,1.0588235294117647,0.5474083929992667,Cflar|Ly6e|Mef2c,1.0
shared,GO_BP,GOBP_MYELOID_CELL_ACTIVATION_INVOLVED_IN_IMMUNE_RESPONSE,2,19,50,1500,3.1578947368421053,0.12996801648711176,Lilrb4a|Tyrobp,0.7050821437679359
shared,GO_BP,GOBP_MYELOID_CELL_DEVELOPMENT,1,17,50,1500,1.7647058823529411,0.4398083575301246,Tyrobp,1.0
shared,GO_BP,GOBP_MYELOID_CELL_DIFFERENTIATION,8,66,50,1500,3.6363636363636362,0.0011249509649614293,C1qc|Cflar|Dab2|Junb|Lilrb4a|Mef2c|Pf4|Tyrobp,0.055395312668555234
shared,GO_BP,GOBP_MYELOID_CELL_HOMEOSTASIS,1,35,50,1500,0.8571428571428571,0.6989411842507965,Lilrb4a,1.0
shared,GO_BP,GOBP_MYELOID_LEUKOCYTE_ACTIVATION,4,46,50,1500,2.608695652173913,0.06368167286356924,C1qa|C5ar1|Lilrb4a|Tyrobp,0.502343293219903
shared,GO_BP,GOBP_MYELOID_LEUKOCYTE_CYTOKINE_PRODUCTION,1,12,50,1500,2.5,0.33524969917904673,Laptm5,1.0
shared,GO_BP,GOBP_MYELOID_LEUKOCYTE_DIFFERENTIATION,6,43,50,1500,4.186046511627907,0.0024016699623528896,C1qc|Cflar|Junb|Lilrb4a|Mef2c|Tyrobp,0.08303646146432864
shared,GO_BP,GOBP_MYELOID_LEUKOCYTE_MEDIATED_IMMUNITY,1,17,50,1500,1.7647058823529411,0.4398083575301246,Tyrobp,1.0
shared,GO_BP,GOBP_MYELOID_LEUKOCYTE_MIGRATION,4,47,50,1500,2.5531914893617023,0.06794193348667485,C5ar1|Ccl4|Cxcl12|Pf4,0.514186166026331
shared,GO_BP,GOBP_MYOBLAST_DIFFERENTIATION,2,16,50,1500,3.75,0.0970847228115921,Lgals1|Mef2c,0.6211128920032959
shared,GO_BP,GOBP_MYOFIBRIL_ASSEMBLY,2,19,50,1500,3.1578947368421053,0.12996801648711176,Cflar|Mef2c,0.7050821437679359
shared,GO_BP,GOBP_MYOTUBE_DIFFERENTIATION,2,14,50,1500,4.285714285714286,0.07677394817604072,Cflar|Cxcl12,0.5400764752643556
shared,GO_BP,GOBP_NATURAL_KILLER_CELL_ACTIVATION,3,10,50,1500,9.0,0.0035480063258161673,Lilrb4a|Ptprc|Tyrobp,0.09835782088653144
shared,GO_BP,GOBP_NEGATIVE_REGULATION_OF_ADAPTIVE_IMMUNE_RESPONSE,4,10,50,1500,12.0,0.00019828083502512685,Lgals1|Lilrb4a|Pf4|Ptprc,0.01984838901630757
shared,GO_BP,GOBP_NEGATIVE_REGULATION_OF_APOPTOTIC_SIGNALING_PATHWAY,3,29,50,1500,3.103448275862069,0.06929647406754862,Cflar|Cxcl12|Dab2,0.514186166026331
shared,GO_BP,GOBP_NEGATIVE_REGULATION_OF_AXONOGENESIS,0,10,50,1500,0.0,1.0,,1.0
shared,GO_BP,GOBP_NEGATIVE_REGULATION_OF_BINDING,1,18,50,1500,1.6666666666666667,0.45869546617711976,Dab2,1.0
shared,GO_BP,GOBP_NEGATIVE_REGULATION_OF_BLOOD_PRESSURE,0,13,50,1500,0.0,1.0,,1.0
shared,GO_BP,GOBP_NEGATIVE_REGULATION_OF_CANONICAL_WNT_SIGNALING_PATHWAY,2,14,50,1500,4.285714285714286,0.07677394817604072,Apoe|Dab2,0.5400764752643556
shared,GO_BP,GOBP_NEGATIVE_REGULATION_OF_CATABOLIC_PROCESS,0,27,50,1500,0.0,1.0,,1.0
shared,GO_BP,GOBP_NEGATIVE_REGULATION_OF_CATALYTIC_ACTIVITY,3,38,50,1500,2.368421052631579,0.1301690111571574,Apoe|Lilrb4a|Ptprc,0.7050821437679359
shared,GO_BP,GOBP_NEGATIVE_REGULATION_OF_CELLULAR_COMPONENT_ORGANIZATION,5,92,50,1500,1.6304347826086956,0.18788369136451402,Apoe|Cflar|Dab2|Lgals1|Mylip,0.8901195290592865
shared,GO_BP,GOBP_NEGATIVE_REGULATION_OF_CELLULAR_RESPONSE_TO_GROWTH_FACTOR_STIMULUS,1,16,50,1500,1.875,0.4202758734830577,Cflar,1.0
shared,GO_BP,GOBP_NEGATIVE_REGULATION_OF_CELL_ACTIVATION,6,42,50,1500,4.285714285714286,0.0021200220531060365,Apoe|Laptm5|Lgals1|Lilrb4a|Pf4|Tyrobp,0.07705452365888062
shared,GO_BP,GOBP_NEGATIVE_REGULATION_OF_CELL_ADHESION,6,55,50,1500,3.272727272727273,0.00840741736764823,Cxcl12|Laptm5|Lgals1|Lilrb4a|Pf4|Ptprc,0.16661040515156553
shared,GO_BP,GOBP_NEGATIVE_REGULATION_OF_CELL_CELL_ADHESION,5,34,50,1500,4.411764705882353,0.004499641467726465,Cxcl12|Laptm5|Lgals1|Lilrb4a|Pf4,0.11424870914149227
shared,GO_BP,GOBP_NEGATIVE_REGULATION_OF_CELL_COMMUNICATION,8,177,50,1500,1.3559322033898304,0.2296384809899975,Apoe|Cflar|Cxcl12|Dab2|Laptm5|Lilrb4a|Pik3ap1|Ptprc,0.9791871726231405
shared,GO_BP,GOBP_NEGATIVE_REGULATION_OF_CELL_CYCLE,0,32,50,1500,0.0,1.0,,1.0
shared,GO_BP,GOBP_NEGATIVE_REGULATION_OF_CELL_CYCLE_PROCESS,0,22,50,1500,0.0,1.0,,1.0
shared,GO_BP,GOBP_NEGATIVE_REGULATION_OF_CELL_DEVELOPMENT,4,56,50,1500,2.142857142857143,0.11264955004562315,C1qc|Lgals1|Lilrb4a|Pf4,0.6658326825493299
shared,GO_BP,GOBP_NEGATIVE_REGULATION_OF_CELL_DIFFERENTIATION,4,115,50,1500,1.0434782608695652,0.5427983448562876,C1qc|Lgals1|Lilrb4a|Pf4,1.0
shared,GO_BP,GOBP_NEGATIVE_REGULATION_OF_CELL_GROWTH,2,25,50,1500,2.4,0.20153398901832625,Bst2|Dab2,0.9047619843088474
shared,GO_BP,GOBP_NEGATIVE_REGULATION_OF_CELL_MATRIX_ADHESION,0,10,50,1500,0.0,1.0,,1.0
shared,GO_BP,GOBP_NEGATIVE_REGULATION_OF_CELL_POPULATION_PROLIFERATION,8,106,50,1500,2.2641509433962264,0.021102138792510022,Apoe|Cxcl12|Dab2|Ifitm3|Laptm5|Lilrb4a|Mef2c|Tyrobp,0.2810735699822031
shared,GO_BP,GOBP_NEGATIVE_REGULATION_OF_CELL_PROJECTION_ORGANIZATION,4,41,50,1500,2.926829268292683,0.04461544346076818,Apoe|Dab2|Lgals1|Mylip,0.40960506002117675
shared,GO_BP,GOBP_NEGATIVE_REGULATION_OF_CELL_SUBSTRATE_ADHESION,1,14,50,1500,2.142857142857143,0.3791877227557184,Lgals1,1.0
shared,GO_BP,GOBP_NEGATIVE_REGULATION_OF_COAGULATION,1,10,50,1500,3.0,0.2882684421548648,Apoe,1.0
shared,GO_BP,GOBP_NEGATIVE_REGULATION_OF_CYTOKINE_PRODUCTION,5,43,50,1500,3.488372093023256,0.012409064885118677,Bst2|Laptm5|Lilrb4a|Ptprc|Tyrobp,0.195774081925416
shared,GO_BP,GOBP_NEGATIVE_REGULATION_OF_CYTOSKELETON_ORGANIZATION,0,21,50,1500,0.0,1.0,,1.0
shared,GO_BP,GOBP_NEGATIVE_REGULATION_OF_DEFENSE_RESPONSE,2,40,50,1500,1.5,0.3883610132921429,Apoe|Pf4,1.0
shared,GO_BP,GOBP_NEGATIVE_REGULATION_OF_DEVELOPMENTAL_GROWTH,0,18,50,1500,0.0,1.0,,1.0
shared,GO_BP,GOBP_NEGATIVE_REGULATION_OF_DEVELOPMENTAL_PROCESS,8,157,50,1500,1.5286624203821655,0.14379804496301293,Apoe|C1qc|Cflar|Laptm5|Lgals1|Lilrb4a|Pf4|Stab1,0.7465553452552589
shared,GO_BP,GOBP_NEGATIVE_REGULATION_OF_DNA_BINDING,0,10,50,1500,0.0,1.0,,1.0
shared,GO_BP,GOBP_NEGATIVE_REGULATION_OF_DNA_BINDING_TRANSCRIPTION_FACTOR_ACTIVITY,0,21,50,1500,0.0,1.0,,1.0
shared,GO_BP,GOBP_NEGATIVE_REGULATION_OF_ENDOTHELIAL_CELL_APOPTOTIC_PROCESS,0,12,50,1500,0.0,1.0,,1.0
shared,GO_BP,GOBP_NEGATIVE_REGULATION_OF_ENDOTHELIAL_CELL_MIGRATION,2,10,50,1500,6.0,0.04131092728840577,Apoe|Mef2c,0.3858060738141343
shared,GO_BP,GOBP_NEGATIVE_REGULATION_OF_ENDOTHELIAL_CELL_PROLIFERATION,2,12,50,1500,5.0,0.05807792677281182,Apoe|Mef2c,0.46734695413888633
shared,GO_BP,GOBP_NEGATIVE_REGULATION_OF_EPITHELIAL_CELL_DIFFERENTIATION,0,20,50,1500,0.0,1.0,,1.0
shared,GO_BP,GOBP_NEGATIVE_REGULATION_OF_EPITHELIAL_CELL_PROLIFERATION,3,23,50,1500,3.913043478260869,0.03859569973016896,Apoe|Dab2|Mef2c,0.3858060738141343
shared,GO_BP,GOBP_NEGATIVE_REGULATION_OF_ERK1_AND_ERK2_CASCADE,2,12,50,1500,5.0,0.05807792677281182,Dab2|Ptprc,0.46734695413888633
shared,GO_BP,GOBP_NEGATIVE_REGULATION_OF_ESTABLISHMENT_OF_PROTEIN_LOCALIZATION,1,12,50,1500,2.5,0.33524969917904673,Apoe,1.0
shared,GO_BP,GOBP_NEGATIVE_REGULATION_OF_EXTRINSIC_APOPTOTIC_SIGNALING_PATHWAY,2,16,50,1500,3.75,0.0970847228115921,Cflar|Dab2,0.6211128920032959
shared,GO_BP,GOBP_NEGATIVE_REGULATION_OF_FAT_CELL_DIFFERENTIATION,0,11,50,1500,0.0,1.0,,1.0
shared,GO_BP,GOBP_NEGATIVE_REGULATION_OF_GENE_EXPRESSION,7,106,50,1500,1.9811320754716981,0.057571919728587016,Apoe|Bst2|Laptm5|Lilrb4a|Mef2c|Ptprc|Tyrobp,0.46734695413888633
shared,GO_BP,GOBP_NEGATIVE_REGULATION_OF_GLIOGENESIS,0,10,50,1500,0.0,1.0,,1.0
shared,GO_BP,GOBP_NEGATIVE_REGULATION_OF_GROWTH,2,33,50,1500,1.8181818181818181,0.301829565218506,Bst2|Dab2,1.0
shared,GO_BP,GOBP_NEGATIVE_REGULATION_OF_G_PROTEIN_COUPLED_RECEPTOR_SIGNALING_PATHWAY,0,14,50,1500,0.0,1.0,,1.0
shared,GO_BP,GOBP_NEGATIVE_REGULATION_OF_HEMOPOIESIS,4,21,50,1500,5.714285714285714,0.004303869683793261,C1qc|Lgals1|Lilrb4a|Pf4,0.11101251168514363
shared,GO_BP,GOBP_NEGATIVE_REGULATION_OF_HORMONE_SECRETION,0,13,50,1500,0.0,1.0,,1.0
shared,GO_BP,GOBP_NEGATIVE_REGULATION_OF_HYDROLASE_ACTIVITY,0,13,50,1500,0.0,1.0,,1.0
shared,GO_BP,GOBP_NEGATIVE_REGULATION_OF_IMMUNE_EFFECTOR_PROCESS,5,24,50,1500,6.25,0.0008848881766757924,Bst2|Lgals1|Lilrb4a|Pf4|Ptprc,0.04793144290327209
shared,GO_BP,GOBP_NEGATIVE_REGULATION_OF_IMMUNE_RESPONSE,4,27,50,1500,4.444444444444445,0.010886994050722444,Lgals1|Lilrb4a|Pf4|Ptprc,0.1862248982360418
shared,GO_BP,GOBP_NEGATIVE_REGULATION_OF_IMMUNE_SYSTEM_PROCESS,10,78,50,1500,3.846153846153846,0.00015279435190164589,Bst2|C1qc|Cxcl12|Laptm5|Lgals1|Lilrb4a|Pf4|Pik3ap1|Ptprc|Tyrobp,0.019099293987705736
shared,GO_BP,GOBP_NEGATIVE_REGULATION_OF_INFLAMMATORY_RESPONSE,2,28,50,1500,2.142857142857143,0.2389147042643709,Apoe|Pf4,1.0
shared,GO_BP,GOBP_NEGATIVE_REGULATION_OF_INNATE_IMMUNE_RESPONSE,0,13,50,1500,0.0,1.0,,1.0
shared,GO_BP,GOBP_NEGATIVE_REGULATION_OF_INTERLEUKIN_6_PRODUCTION,1,10,50,1500,3.0,0.2882684421548648,Lilrb4a,1.0
shared,GO_BP,GOBP_NEGATIVE_REGULATION_OF_INTRACELLULAR_SIGNAL_TRANSDUCTION,5,73,50,1500,2.0547945205479454,0.09156469268057216,Apoe|Cxcl12|Dab2|Lilrb4a|Ptprc,0.6173967867465965
shared,GO_BP,GOBP_NEGATIVE_REGULATION_OF_KINASE_ACTIVITY,3,20,50,1500,4.5,0.026644162448827665,Apoe|Lilrb4a|Ptprc,0.30589546993077577
shared,GO_BP,GOBP_NEGATIVE_REGULATION_OF_LEUKOCYTE_CELL_CELL_ADHESION,5,24,50,1500,6.25,0.0008848881766757924,Cxcl12|Laptm5|Lgals1|Lilrb4a|Pf4,0.04793144290327209
shared,GO_BP,GOBP_NEGATIVE_REGULATION_OF_LEUKOCYTE_MEDIATED_IMMUNITY,3,13,50,1500,6.9230769230769225,0.007877797294666476,Bst2|Lilrb4a|Ptprc,0.1620432987826965
shared,GO_BP,GOBP_NEGATIVE_REGULATION_OF_LEUKOCYTE_MIGRATION,1,11,50,1500,2.7272727272727275,0.31215205147852715,Cxcl12,1.0
shared,GO_BP,GOBP_NEGATIVE_REGULATION_OF_LEUKOCYTE_PROLIFERATION,3,17,50,1500,5.294117647058823,0.01704917842361118,Laptm5|Lilrb4a|Tyrobp,0.2409123038118971
shared,GO_BP,GOBP_NEGATIVE_REGULATION_OF_LIPID_METABOLIC_PROCESS,1,13,50,1500,2.3076923076923075,0.3575867388571701,Apoe,1.0
shared,GO_BP,GOBP_NEGATIVE_REGULATION_OF_LOCOMOTION,4,55,50,1500,2.181818181818182,0.1071421246676448,Apoe|Bst2|Cxcl12|Mef2c,0.6484617196732176
shared,GO_BP,GOBP_NEGATIVE_REGULATION_OF_LYMPHOCYTE_ACTIVATION,5,30,50,1500,5.0,0.0025492731845981973,Laptm5|Lgals1|Lilrb4a|Pf4|Tyrobp,0.08485355713090147
shared,GO_BP,GOBP_NEGATIVE_REGULATION_OF_LYMPHOCYTE_DIFFERENTIATION,3,12,50,1500,7.5,0.006204459645394968,Lgals1|Lilrb4a|Pf4,0.1292595759457285
shared,GO_BP,GOBP_NEGATIVE_REGULATION_OF_LYMPHOCYTE_MEDIATED_IMMUNITY,2,10,50,1500,6.0,0.04131092728840577,Lilrb4a|Ptprc,0.3858060738141343
shared,GO_BP,GOBP_NEGATIVE_REGULATION_OF_MAPK_CASCADE,4,23,50,1500,5.217391304347826,0.006061313828002251,Apoe|Dab2|Lilrb4a|Ptprc,0.1292595759457285
shared,GO_BP,GOBP_NEGATIVE_REGULATION_OF_MITOTIC_CELL_CYCLE,0,21,50,1500,0.0,1.0,,1.0
shared,GO_BP,GOBP_NEGATIVE_REGULATION_OF_MITOTIC_CELL_CYCLE_PHASE_TRANSITION,0,13,50,1500,0.0,1.0,,1.0
shared,GO_BP,GOBP_NEGATIVE_REGULATION_OF_MOLECULAR_FUNCTION,4,77,50,1500,1.5584415584415583,0.2523534781617858,Apoe|Dab2|Lilrb4a|Ptprc,1.0
shared,GO_BP,GOBP_NEGATIVE_REGULATION_OF_MONOATOMIC_ION_TRANSPORT,0,13,50,1500,0.0,1.0,,1.0
shared,GO_BP,GOBP_NEGATIVE_REGULATION_OF_MULTICELLULAR_ORGANISMAL_PROCESS,13,183,50,1500,2.1311475409836067,0.005091387121604688,Apoe|Bst2|C1qc|Laptm5|Lgals1|Lilrb4a|Mef2c|Mylip|Pf4|Ptprc|Stab1|Ttr|Tyrobp,0.11913448358733639
shared,GO_BP,GOBP_NEGATIVE_REGULATION_OF_MUSCLE_CELL_APOPTOTIC_PROCESS,1,11,50,1500,2.7272727272727275,0.31215205147852715,Cflar,1.0
shared,GO_BP,GOBP_NEGATIVE_REGULATION_OF_MUSCLE_CELL_DIFFERENTIATION,0,10,50,1500,0.0,1.0,,1.0
shared,GO_BP,GOBP_NEGATIVE_REGULATION_OF_MYELOID_CELL_DIFFERENTIATION,3,12,50,1500,7.5,0.006204459645394968,C1qc|Lilrb4a|Pf4,0.1292595759457285
shared,GO_BP,GOBP_NEGATIVE_REGULATION_OF_NERVOUS_SYSTEM_DEVELOPMENT,0,31,50,1500,0.0,1.0,,1.0
shared,GO_BP,GOBP_NEGATIVE_REGULATION_OF_NEURON_APOPTOTIC_PROCESS,3,36,50,1500,2.5,0.11530992591822377,Apoe|C5ar1|Mef2c,0.6764571466321792
shared,GO_BP,GOBP_NEGATIVE_REGULATION_OF_NEURON_DIFFERENTIATION,0,23,50,1500,0.0,1.0,,1.0
shared,GO_BP,GOBP_NEGATIVE_REGULATION_OF_NEURON_PROJECTION_DEVELOPMENT,4,32,50,1500,3.75,0.019732682839665606,Apoe|Dab2|Lgals1|Mylip,0.2706312147533013
shared,GO_BP,GOBP_NEGATIVE_REGULATION_OF_NF_KAPPAB_TRANSCRIPTION_FACTOR_ACTIVITY,0,11,50,1500,0.0,1.0,,1.0
shared,GO_BP,GOBP_NEGATIVE_REGULATION_OF_NUCLEOBASE_CONTAINING_COMPOUND_METABOLIC_PROCESS,4,123,50,1500,0.9756097560975611,0.5982407039514491,Dab2|Lilrb4a|Mef2c|Ptprc,1.0
shared,GO_BP,GOBP_NEGATIVE_REGULATION_OF_ORGANELLE_ORGANIZATION,0,37,50,1500,0.0,1.0,,1.0
shared,GO_BP,GOBP_NEGATIVE_REGULATION_OF_OSTEOBLAST_DIFFERENTIATION,0,11,50,1500,0.0,1.0,,1.0
shared,GO_BP,GOBP_NEGATIVE_REGULATION_OF_PHOSPHORUS_METABOLIC_PROCESS,3,42,50,1500,2.142857142857143,0.1617741692783923,Apoe|Lilrb4a|Ptprc,0.8088708463919615
shared,GO_BP,GOBP_NEGATIVE_REGULATION_OF_PHOSPHORYLATION,3,37,50,1500,2.4324324324324325,0.12265434187292903,Apoe|Lilrb4a|Ptprc,0.6896654171055698
shared,GO_BP,GOBP_NEGATIVE_REGULATION_OF_PROGRAMMED_CELL_DEATH,7,125,50,1500,1.68,0.11597619659443474,Apoe|C5ar1|Cflar|Cxcl12|Dab2|Laptm5|Mef2c,0.6779184153451672
shared,GO_BP,GOBP_NEGATIVE_REGULATION_OF_PROTEIN_CONTAINING_COMPLEX_ASSEMBLY,0,20,50,1500,0.0,1.0,,1.0
shared,GO_BP,GOBP_NEGATIVE_REGULATION_OF_PROTEIN_LOCALIZATION,3,17,50,1500,5.294117647058823,0.01704917842361118,Apoe|Dab2|Lilrb4a,0.2409123038118971
shared,GO_BP,GOBP_NEGATIVE_REGULATION_OF_PROTEIN_METABOLIC_PROCESS,3,68,50,1500,1.3235294117647058,0.39773762570934673,Apoe|Lilrb4a|Ptprc,1.0
shared,GO_BP,GOBP_NEGATIVE_REGULATION_OF_PROTEIN_MODIFICATION_PROCESS,3,42,50,1500,2.142857142857143,0.1617741692783923,Apoe|Lilrb4a|Ptprc,0.8088708463919615
shared,GO_BP,GOBP_NEGATIVE_REGULATION_OF_PROTEIN_POLYMERIZATION,0,13,50,1500,0.0,1.0,,1.0
shared,GO_BP,GOBP_NEGATIVE_REGULATION_OF_PROTEIN_SERINE_THREONINE_KINASE_ACTIVITY,1,13,50,1500,2.3076923076923075,0.3575867388571701,Apoe,1.0
shared,GO_BP,GOBP_NEGATIVE_REGULATION_OF_PROTEOLYSIS,0,14,50,1500,0.0,1.0,,1.0
shared,GO_BP,GOBP_NEGATIVE_REGULATION_OF_RESPONSE_TO_BIOTIC_STIMULUS,0,15,50,1500,0.0,1.0,,1.0
shared,GO_BP,GOBP_NEGATIVE_REGULATION_OF_RESPONSE_TO_CYTOKINE_STIMULUS,1,11,50,1500,2.7272727272727275,0.31215205147852715,Ptprc,1.0
shared,GO_BP,GOBP_NEGATIVE_REGULATION_OF_RESPONSE_TO_EXTERNAL_STIMULUS,2,61,50,1500,0.9836065573770493,0.6132204136383774,Apoe|Pf4,1.0
shared,GO_BP,GOBP_NEGATIVE_REGULATION_OF_RESPONSE_TO_STIMULUS,10,208,50,1500,1.4423076923076923,0.14323885104830375,Apoe|Cflar|Cxcl12|Dab2|Laptm5|Lgals1|Lilrb4a|Pf4|Pik3ap1|Ptprc,0.7460356825432487
shared,GO_BP,GOBP_NEGATIVE_REGULATION_OF_RESPONSE_TO_WOUNDING,1,19,50,1500,1.5789473684210527,0.4769581022710094,Apoe,1.0
shared,GO_BP,GOBP_NEGATIVE_REGULATION_OF_RNA_METABOLIC_PROCESS,4,118,50,1500,1.0169491525423728,0.5640194461142476,Dab2|Lilrb4a|Mef2c|Ptprc,1.0
shared,GO_BP,GOBP_NEGATIVE_REGULATION_OF_SECRETION,1,28,50,1500,1.0714285714285714,0.616356933817995,Apoe,1.0
shared,GO_BP,GOBP_NEGATIVE_REGULATION_OF_SMALL_GTPASE_MEDIATED_SIGNAL_TRANSDUCTION,0,11,50,1500,0.0,1.0,,1.0
shared,GO_BP,GOBP_NEGATIVE_REGULATION_OF_SMALL_MOLECULE_METABOLIC_PROCESS,1,14,50,1500,2.142857142857143,0.3791877227557184,Apoe,1.0
shared,GO_BP,GOBP_NEGATIVE_REGULATION_OF_SMOOTH_MUSCLE_CELL_MIGRATION,1,10,50,1500,3.0,0.2882684421548648,Mef2c,1.0
shared,GO_BP,GOBP_NEGATIVE_REGULATION_OF_SMOOTH_MUSCLE_CELL_PROLIFERATION,2,19,50,1500,3.1578947368421053,0.12996801648711176,Apoe|Mef2c,0.7050821437679359
shared,GO_BP,GOBP_NEGATIVE_REGULATION_OF_SUPRAMOLECULAR_FIBER_ORGANIZATION,1,23,50,1500,1.3043478260869565,0.5441591891136924,Apoe,1.0
shared,GO_BP,GOBP_NEGATIVE_REGULATION_OF_SYNAPTIC_TRANSMISSION,0,11,50,1500,0.0,1.0,,1.0
shared,GO_BP,GOBP_NEGATIVE_REGULATION_OF_TRANSCRIPTION_BY_RNA_POLYMERASE_II,3,99,50,1500,0.9090909090909092,0.6538240210054442,Dab2|Mef2c|Ptprc,1.0
shared,GO_BP,GOBP_NEGATIVE_REGULATION_OF_TRANSFERASE_ACTIVITY,3,20,50,1500,4.5,0.026644162448827665,Apoe|Lilrb4a|Ptprc,0.30589546993077577
shared,GO_BP,GOBP_NEGATIVE_REGULATION_OF_TRANSMEMBRANE_RECEPTOR_PROTEIN_SERINE_THREONINE_KINASE_SIGNALING_PATHWAY,0,16,50,1500,0.0,1.0,,1.0
shared,GO_BP,GOBP_NEGATIVE_REGULATION_OF_TRANSMEMBRANE_TRANSPORT,0,10,50,1500,0.0,1.0,,1.0
shared,GO_BP,GOBP_NEGATIVE_REGULATION_OF_TRANSPORT,1,51,50,1500,0.5882352941176471,0.8277789323376701,Apoe,1.0
shared,GO_BP,GOBP_NEGATIVE_REGULATION_OF_T_CELL_PROLIFERATION,2,12,50,1500,5.0,0.05807792677281182,Laptm5|Lilrb4a,0.46734695413888633
shared,GO_BP,GOBP_NEGATIVE_REGULATION_OF_VASCULATURE_DEVELOPMENT,2,23,50,1500,2.608695652173913,0.17706049687331893,Pf4|Stab1,0.8487413198204816
shared,GO_BP,GOBP_NEGATIVE_REGULATION_OF_VIRAL_GENOME_REPLICATION,2,10,50,1500,6.0,0.04131092728840577,Bst2|Ifitm3,0.3858060738141343
shared,GO_BP,GOBP_NEGATIVE_REGULATION_OF_VIRAL_PROCESS,2,10,50,1500,6.0,0.04131092728840577,Bst2|Ifitm3,0.3858060738141343
shared,GO_BP,GOBP_NEGATIVE_REGULATION_OF_WNT_SIGNALING_PATHWAY,2,17,50,1500,3.5294117647058822,0.10775612872998955,Apoe|Dab2,0.6484617196732176
shared,GO_BP,GOBP_NEGATIVE_REGULATION_OF_WOUND_HEALING,1,12,50,1500,2.5,0.33524969917904673,Apoe,1.0
shared,GO_BP,GOBP_NEPHRON_DEVELOPMENT,2,32,50,1500,1.875,0.2892565406012864,Cflar|Mef2c,1.0
shared,GO_BP,GOBP_NEPHRON_EPITHELIUM_DEVELOPMENT,1,22,50,1500,1.3636363636363638,0.5281983764075895,Mef2c,1.0
shared,GO_BP,GOBP_NERVE_DEVELOPMENT,0,18,50,1500,0.0,1.0,,1.0
shared,GO_BP,GOBP_NEURAL_CREST_CELL_DIFFERENTIATION,1,24,50,1500,1.25,0.5595904961849962,Mef2c,1.0
shared,GO_BP,GOBP_NEURAL_PRECURSOR_CELL_PROLIFERATION,1,36,50,1500,0.8333333333333334,0.7092162291569126,C5ar1,1.0
shared,GO_BP,GOBP_NEURAL_RETINA_DEVELOPMENT,0,24,50,1500,0.0,1.0,,1.0
shared,GO_BP,GOBP_NEURAL_TUBE_DEVELOPMENT,0,18,50,1500,0.0,1.0,,1.0
shared,GO_BP,GOBP_NEURAL_TUBE_FORMATION,0,13,50,1500,0.0,1.0,,1.0
shared,GO_BP,GOBP_NEUROBLAST_PROLIFERATION,0,15,50,1500,0.0,1.0,,1.0
shared,GO_BP,GOBP_NEUROEPITHELIAL_CELL_DIFFERENTIATION,0,13,50,1500,0.0,1.0,,1.0
shared,GO_BP,GOBP_NEUROINFLAMMATORY_RESPONSE,3,17,50,1500,5.294117647058823,0.01704917842361118,C1qa|C5ar1|Tyrobp,0.2409123038118971
shared,GO_BP,GOBP_NEUROMUSCULAR_PROCESS,0,32,50,1500,0.0,1.0,,1.0
shared,GO_BP,GOBP_NEUROMUSCULAR_PROCESS_CONTROLLING_BALANCE,0,11,50,1500,0.0,1.0,,1.0
shared,GO_BP,GOBP_NEURON_APOPTOTIC_PROCESS,4,54,50,1500,2.2222222222222223,0.10176389420560962,Apoe|C5ar1|Cflar|Mef2c,0.6434487474090103
shared,GO_BP,GOBP_NEURON_DEVELOPMENT,9,211,50,1500,1.2796208530805688,0.26242100990862705,Apoe|C1qa|Cflar|Cul4b|Cxcl12|Dab2|Lgals1|Mef2c|Mylip,1.0
shared,GO_BP,GOBP_NEURON_FATE_COMMITMENT,0,19,50,1500,0.0,1.0,,1.0
shared,GO_BP,GOBP_NEURON_MATURATION,1,12,50,1500,2.5,0.33524969917904673,C1qa,1.0
shared,GO_BP,GOBP_NEURON_MIGRATION,2,35,50,1500,1.7142857142857142,0.32686990772459135,Cxcl12|Mef2c,1.0
shared,GO_BP,GOBP_NEURON_PROJECTION_EXTENSION,2,39,50,1500,1.5384615384615383,0.3762268611656,Apoe|Cxcl12,1.0
shared,GO_BP,GOBP_NEURON_PROJECTION_GUIDANCE,2,52,50,1500,1.1538461538461537,0.5246983784805676,Cxcl12|Mef2c,1.0
shared,GO_BP,GOBP_NEURON_PROJECTION_ORGANIZATION,1,20,50,1500,1.5,0.49461650530034706,Apoe,1.0
shared,GO_BP,GOBP_NEURON_PROJECTION_REGENERATION,1,17,50,1500,1.7647058823529411,0.4398083575301246,Apoe,1.0
shared,GO_BP,GOBP_NEURON_RECOGNITION,0,13,50,1500,0.0,1.0,,1.0
shared,GO_BP,GOBP_NEUROPEPTIDE_SIGNALING_PATHWAY,0,12,50,1500,0.0,1.0,,1.0
shared,GO_BP,GOBP_NEUROTRANSMITTER_RECEPTOR_LOCALIZATION_TO_POSTSYNAPTIC_SPECIALIZATION_MEMBRANE,0,11,50,1500,0.0,1.0,,1.0
shared,GO_BP,GOBP_NEUROTRANSMITTER_SECRETION,1,35,50,1500,0.8571428571428571,0.6989411842507965,Mef2c,1.0
shared,GO_BP,GOBP_NEUROTRANSMITTER_TRANSPORT,2,45,50,1500,1.3333333333333333,0.4474305107818257,Mef2c|Slc6a6,1.0
shared,GO_BP,GOBP_NEUTRAL_AMINO_ACID_TRANSPORT,1,12,50,1500,2.5,0.33524969917904673,Slc6a6,1.0
shared,GO_BP,GOBP_NEUTRAL_LIPID_METABOLIC_PROCESS,1,16,50,1500,1.875,0.4202758734830577,Apoe,1.0
shared,GO_BP,GOBP_NEUTROPHIL_CHEMOTAXIS,2,20,50,1500,3.0,0.14144844471358778,C5ar1|Pf4,0.7390794940822513
shared,GO_BP,GOBP_NEUTROPHIL_MIGRATION,2,23,50,1500,2.608695652173913,0.17706049687331893,C5ar1|Pf4,0.8487413198204816
shared,GO_BP,GOBP_NON_CANONICAL_NF_KAPPAB_SIGNAL_TRANSDUCTION,1,11,50,1500,2.7272727272727275,0.31215205147852715,Laptm5,1.0
shared,GO_BP,GOBP_NON_PROTEINOGENIC_AMINO_ACID_METABOLIC_PROCESS,0,10,50,1500,0.0,1.0,,1.0
shared,GO_BP,GOBP_NOTCH_SIGNALING_PATHWAY,0,29,50,1500,0.0,1.0,,1.0
shared,GO_BP,GOBP_NUCLEAR_CHROMOSOME_SEGREGATION,0,27,50,1500,0.0,1.0,,1.0
shared,GO_BP,GOBP_NUCLEAR_RECEPTOR_MEDIATED_SIGNALING_PATHWAY,1,15,50,1500,2.0,0.4000764265660914,Dab2,1.0
shared,GO_BP,GOBP_NUCLEAR_TRANSPORT,0,21,50,1500,0.0,1.0,,1.0
shared,GO_BP,GOBP_NUCLEIC_ACID_CATABOLIC_PROCESS,0,10,50,1500,0.0,1.0,,1.0
shared,GO_BP,GOBP_NUCLEOBASE_CONTAINING_COMPOUND_CATABOLIC_PROCESS,0,25,50,1500,0.0,1.0,,1.0
shared,GO_BP,GOBP_NUCLEOBASE_CONTAINING_SMALL_MOLECULE_METABOLIC_PROCESS,2,41,50,1500,1.4634146341463414,0.40039713749493766,Ttr|mt-Nd4,1.0
shared,GO_BP,GOBP_NUCLEOSIDE_PHOSPHATE_BIOSYNTHETIC_PROCESS,1,10,50,1500,3.0,0.2882684421548648,mt-Nd4,1.0
shared,GO_BP,GOBP_NUCLEOSIDE_PHOSPHATE_CATABOLIC_PROCESS,0,15,50,1500,0.0,1.0,,1.0
shared,GO_BP,GOBP_NUCLEOSIDE_TRIPHOSPHATE_METABOLIC_PROCESS,1,15,50,1500,2.0,0.4000764265660914,mt-Nd4,1.0
shared,GO_BP,GOBP_NUCLEOTIDE_CATABOLIC_PROCESS,0,14,50,1500,0.0,1.0,,1.0
shared,GO_BP,GOBP_NUCLEOTIDE_METABOLIC_PROCESS,1,32,50,1500,0.9375,0.6659340944396241,mt-Nd4,1.0
shared,GO_BP,GOBP_NUCLEUS_ORGANIZATION,0,10,50,1500,0.0,1.0,,1.0
shared,GO_BP,GOBP_NUTRIENT_STORAGE,1,11,50,1500,2.7272727272727275,0.31215205147852715,Apoe,1.0
shared,GO_BP,GOBP_ODONTOGENESIS,0,18,50,1500,0.0,1.0,,1.0
shared,GO_BP,GOBP_ODONTOGENESIS_OF_DENTIN_CONTAINING_TOOTH,0,16,50,1500,0.0,1.0,,1.0
shared,GO_BP,GOBP_OLEFINIC_COMPOUND_METABOLIC_PROCESS,1,13,50,1500,2.3076923076923075,0.3575867388571701,Dab2,1.0
shared,GO_BP,GOBP_OLFACTORY_LOBE_DEVELOPMENT,0,11,50,1500,0.0,1.0,,1.0
shared,GO_BP,GOBP_OLIGODENDROCYTE_DEVELOPMENT,0,17,50,1500,0.0,1.0,,1.0
shared,GO_BP,GOBP_OLIGODENDROCYTE_DIFFERENTIATION,0,36,50,1500,0.0,1.0,,1.0
shared,GO_BP,GOBP_ORGANELLE_ASSEMBLY,3,97,50,1500,0.9278350515463918,0.6397264566931127,Cflar|Ctsd|Mef2c,1.0
shared,GO_BP,GOBP_ORGANELLE_FISSION,0,47,50,1500,0.0,1.0,,1.0
shared,GO_BP,GOBP_ORGANELLE_FUSION,0,19,50,1500,0.0,1.0,,1.0
shared,GO_BP,GOBP_ORGANELLE_LOCALIZATION,0,57,50,1500,0.0,1.0,,1.0
shared,GO_BP,GOBP_ORGANELLE_MEMBRANE_FUSION,0,16,50,1500,0.0,1.0,,1.0
shared,GO_BP,GOBP_ORGANIC_ACID_BIOSYNTHETIC_PROCESS,0,34,50,1500,0.0,1.0,,1.0
shared,GO_BP,GOBP_ORGANIC_ACID_CATABOLIC_PROCESS,0,17,50,1500,0.0,1.0,,1.0
shared,GO_BP,GOBP_ORGANIC_ACID_METABOLIC_PROCESS,0,76,50,1500,0.0,1.0,,1.0
shared,GO_BP,GOBP_ORGANIC_ACID_TRANSMEMBRANE_TRANSPORT,1,39,50,1500,0.7692307692307692,0.7380227031427208,Slc6a6,1.0
shared,GO_BP,GOBP_ORGANIC_ACID_TRANSPORT,2,70,50,1500,0.8571428571428571,0.6889781575592814,Apoe|Slc6a6,1.0
shared,GO_BP,GOBP_ORGANIC_ANION_TRANSPORT,2,72,50,1500,0.8333333333333334,0.7041110769964758,Apoe|Slc6a6,1.0
shared,GO_BP,GOBP_ORGANIC_CATION_TRANSPORT,2,25,50,1500,2.4,0.20153398901832625,Ly6e|Slc6a6,0.9047619843088474
shared,GO_BP,GOBP_ORGANIC_HYDROXY_COMPOUND_TRANSPORT,4,39,50,1500,3.0769230769230766,0.03804320919341868,Apoe|Cxcl12|Dab2|Ly6e,0.3858060738141343
shared,GO_BP,GOBP_ORGANOPHOSPHATE_BIOSYNTHETIC_PROCESS,1,27,50,1500,1.1111111111111112,0.60287685419108,mt-Nd4,1.0
shared,GO_BP,GOBP_ORGANOPHOSPHATE_CATABOLIC_PROCESS,0,23,50,1500,0.0,1.0,,1.0
shared,GO_BP,GOBP_ORGANOPHOSPHATE_ESTER_TRANSPORT,1,10,50,1500,3.0,0.2882684421548648,Apoe,1.0
shared,GO_BP,GOBP_ORGANOPHOSPHATE_METABOLIC_PROCESS,1,67,50,1500,0.44776119402985076,0.9021004487597856,mt-Nd4,1.0
shared,GO_BP,GOBP_ORGAN_GROWTH,2,41,50,1500,1.4634146341463414,0.40039713749493766,Ly6e|Mef2c,1.0
shared,GO_BP,GOBP_OSSIFICATION,2,66,50,1500,0.9090909090909091,0.656874034295184,Junb|Mef2c,1.0
shared,GO_BP,GOBP_OSTEOBLAST_DIFFERENTIATION,2,37,50,1500,1.6216216216216215,0.3516951994318052,Junb|Mef2c,1.0
shared,GO_BP,GOBP_OSTEOCLAST_DIFFERENTIATION,3,19,50,1500,4.736842105263158,0.023183209906023995,Junb|Lilrb4a|Tyrobp,0.29313654236641734
shared,GO_BP,GOBP_OUTFLOW_TRACT_MORPHOGENESIS,1,19,50,1500,1.5789473684210527,0.4769581022710094,Mef2c,1.0
shared,GO_BP,GOBP_OVULATION_CYCLE,0,16,50,1500,0.0,1.0,,1.0
shared,GO_BP,GOBP_OXIDATIVE_PHOSPHORYLATION,3,12,50,1500,7.5,0.006204459645394968,mt-Co2|mt-Co3|mt-Nd4,0.1292595759457285
shared,GO_BP,GOBP_P38MAPK_CASCADE,0,10,50,1500,0.0,1.0,,1.0
shared,GO_BP,GOBP_PALLIUM_DEVELOPMENT,0,43,50,1500,0.0,1.0,,1.0
shared,GO_BP,GOBP_PANCREAS_DEVELOPMENT,0,14,50,1500,0.0,1.0,,1.0
shared,GO_BP,GOBP_PATTERN_SPECIFICATION_PROCESS,2,62,50,1500,0.9677419354838709,0.6222676450712645,C1qa|Mef2c,1.0
shared,GO_BP,GOBP_PEPTIDE_TRANSPORT,0,45,50,1500,0.0,1.0,,1.0
shared,GO_BP,GOBP_PEPTIDYL_AMINO_ACID_MODIFICATION,2,74,50,1500,0.8108108108108107,0.7186447344321347,Lilrb4a|Ptprc,1.0
shared,GO_BP,GOBP_PEPTIDYL_SERINE_MODIFICATION,0,22,50,1500,0.0,1.0,,1.0
shared,GO_BP,GOBP_PEPTIDYL_THREONINE_MODIFICATION,0,10,50,1500,0.0,1.0,,1.0
shared,GO_BP,GOBP_PEPTIDYL_TYROSINE_MODIFICATION,2,44,50,1500,1.3636363636363638,0.4358505956229922,Lilrb4a|Ptprc,1.0
shared,GO_BP,GOBP_PERIPHERAL_NERVOUS_SYSTEM_DEVELOPMENT,0,14,50,1500,0.0,1.0,,1.0
shared,GO_BP,GOBP_PHAGOCYTOSIS,2,29,50,1500,2.0689655172413794,0.25147901761228364,Ptprc|Tyrobp,1.0
shared,GO_BP,GOBP_PHAGOCYTOSIS_ENGULFMENT,0,10,50,1500,0.0,1.0,,1.0
shared,GO_BP,GOBP_PHENOL_CONTAINING_COMPOUND_BIOSYNTHETIC_PROCESS,0,10,50,1500,0.0,1.0,,1.0
shared,GO_BP,GOBP_PHENOL_CONTAINING_COMPOUND_METABOLIC_PROCESS,1,20,50,1500,1.5,0.49461650530034706,Ly6e,1.0
shared,GO_BP,GOBP_PHOSPHATIDYLINOSITOL_3_KINASE_PROTEIN_KINASE_B_SIGNAL_TRANSDUCTION,2,51,50,1500,1.1764705882352942,0.5140905590955691,Cxcl12|Pik3ap1,1.0
shared,GO_BP,GOBP_PHOSPHOLIPASE_C_ACTIVATING_G_PROTEIN_COUPLED_RECEPTOR_SIGNALING_PATHWAY,1,20,50,1500,1.5,0.49461650530034706,C5ar1,1.0
shared,GO_BP,GOBP_PHOSPHOLIPID_BIOSYNTHETIC_PROCESS,0,13,50,1500,0.0,1.0,,1.0
shared,GO_BP,GOBP_PHOSPHOLIPID_METABOLIC_PROCESS,0,29,50,1500,0.0,1.0,,1.0
shared,GO_BP,GOBP_PHOSPHORYLATION,4,141,50,1500,0.851063829787234,0.7079678550535902,Apoe|Dab2|Lilrb4a|Ptprc,1.0
shared,GO_BP,GOBP_PHOTORECEPTOR_CELL_DIFFERENTIATION,0,13,50,1500,0.0,1.0,,1.0
shared,GO_BP,GOBP_PHYSIOLOGICAL_CARDIAC_MUSCLE_HYPERTROPHY,0,10,50,1500,0.0,1.0,,1.0
shared,GO_BP,GOBP_PLACENTA_DEVELOPMENT,1,31,50,1500,0.9677419354838709,0.6541629208821762,Junb,1.0
shared,GO_BP,GOBP_PLASMA_MEMBRANE_ORGANIZATION,1,23,50,1500,1.3043478260869565,0.5441591891136924,Ptprc,1.0
shared,GO_BP,GOBP_PLATELET_ACTIVATION,3,12,50,1500,7.5,0.006204459645394968,Apoe|Pf4|Tec,0.1292595759457285
shared,GO_BP,GOBP_PLATELET_DERIVED_GROWTH_FACTOR_RECEPTOR_ALPHA_SIGNALING_PATHWAY,0,19,50,1500,0.0,1.0,,1.0
shared,GO_BP,GOBP_PLATELET_DERIVED_GROWTH_FACTOR_RECEPTOR_BETA_SIGNALING_PATHWAY,0,19,50,1500,0.0,1.0,,1.0
shared,GO_BP,GOBP_PLATELET_DERIVED_GROWTH_FACTOR_RECEPTOR_SIGNALING_PATHWAY,0,30,50,1500,0.0,1.0,,1.0
shared,GO_BP,GOBP_POLYOL_METABOLIC_PROCESS,0,10,50,1500,0.0,1.0,,1.0
shared,GO_BP,GOBP_POSITIVE_CHEMOTAXIS,1,13,50,1500,2.3076923076923075,0.3575867388571701,Cxcl12,1.0
shared,GO_BP,GOBP_POSITIVE_REGULATION_OF_ADAPTIVE_IMMUNE_RESPONSE,1,14,50,1500,2.142857142857143,0.3791877227557184,Ptprc,1.0
shared,GO_BP,GOBP_POSITIVE_REGULATION_OF_ALPHA_BETA_T_CELL_ACTIVATION,2,11,50,1500,5.454545454545455,0.04943234891824236,Lilrb4a|Ptprc,0.41405962367084453
shared,GO_BP,GOBP_POSITIVE_REGULATION_OF_AMINE_TRANSPORT,1,13,50,1500,2.3076923076923075,0.3575867388571701,Cxcl12,1.0
shared,GO_BP,GOBP_POSITIVE_REGULATION_OF_APOPTOTIC_SIGNALING_PATHWAY,2,20,50,1500,3.0,0.14144844471358778,Ptprc|Tnfsf12,0.7390794940822513
shared,GO_BP,GOBP_POSITIVE_REGULATION_OF_AXONOGENESIS,2,16,50,1500,3.75,0.0970847228115921,Apoe|Cxcl12,0.6211128920032959
shared,GO_BP,GOBP_POSITIVE_REGULATION_OF_AXON_EXTENSION,2,11,50,1500,5.454545454545455,0.04943234891824236,Apoe|Cxcl12,0.41405962367084453
shared,GO_BP,GOBP_POSITIVE_REGULATION_OF_BINDING,0,15,50,1500,0.0,1.0,,1.0
shared,GO_BP,GOBP_POSITIVE_REGULATION_OF_BIOMINERAL_TISSUE_DEVELOPMENT,1,11,50,1500,2.7272727272727275,0.31215205147852715,Mef2c,1.0
shared,GO_BP,GOBP_POSITIVE_REGULATION_OF_BLOOD_CIRCULATION,0,12,50,1500,0.0,1.0,,1.0
shared,GO_BP,GOBP_POSITIVE_REGULATION_OF_BLOOD_VESSEL_ENDOTHELIAL_CELL_MIGRATION,0,18,50,1500,0.0,1.0,,1.0
shared,GO_BP,GOBP_POSITIVE_REGULATION_OF_BMP_SIGNALING_PATHWAY,0,11,50,1500,0.0,1.0,,1.0
shared,GO_BP,GOBP_POSITIVE_REGULATION_OF_BONE_MINERALIZATION,1,10,50,1500,3.0,0.2882684421548648,Mef2c,1.0
shared,GO_BP,GOBP_POSITIVE_REGULATION_OF_CALCIUM_ION_TRANSPORT,1,22,50,1500,1.3636363636363638,0.5281983764075895,Cxcl12,1.0
shared,GO_BP,GOBP_POSITIVE_REGULATION_OF_CALCIUM_MEDIATED_SIGNALING,1,14,50,1500,2.142857142857143,0.3791877227557184,Ptprc,1.0
shared,GO_BP,GOBP_POSITIVE_REGULATION_OF_CANONICAL_NF_KAPPAB_SIGNAL_TRANSDUCTION,0,13,50,1500,0.0,1.0,,1.0
shared,GO_BP,GOBP_POSITIVE_REGULATION_OF_CARBOHYDRATE_METABOLIC_PROCESS,0,13,50,1500,0.0,1.0,,1.0
shared,GO_BP,GOBP_POSITIVE_REGULATION_OF_CATABOLIC_PROCESS,6,41,50,1500,4.390243902439025,0.0018641828581132667,Apoe|Cul4b|Dab2|Laptm5|Mylip|Tnfsf12,0.07046629676140853
shared,GO_BP,GOBP_POSITIVE_REGULATION_OF_CATALYTIC_ACTIVITY,3,65,50,1500,1.3846153846153848,0.36985602599805995,Apoe|Mef2c|Ptprc,1.0
shared,GO_BP,GOBP_POSITIVE_REGULATION_OF_CELLULAR_COMPONENT_BIOGENESIS,1,70,50,1500,0.42857142857142855,0.9120014004485489,Apoe,1.0
shared,GO_BP,GOBP_POSITIVE_REGULATION_OF_CELLULAR_COMPONENT_ORGANIZATION,6,172,50,1500,1.0465116279069768,0.519945139680794,Apoe|Cflar|Cxcl12|Dab2|Ptprc|Tyrobp,1.0
shared,GO_BP,GOBP_POSITIVE_REGULATION_OF_CELL_ACTIVATION,5,55,50,1500,2.7272727272727275,0.03319145581466211,Lgals1|Lilrb4a|Mef2c|Ptprc|Tyrobp,0.3595741046588395
shared,GO_BP,GOBP_POSITIVE_REGULATION_OF_CELL_ADHESION,5,91,50,1500,1.6483516483516485,0.18206569245300933,Cxcl12|Dab2|Lgals1|Lilrb4a|Ptprc,0.8650782170647373
shared,GO_BP,GOBP_POSITIVE_REGULATION_OF_CELL_CELL_ADHESION,3,46,50,1500,1.9565217391304346,0.19547782065070726,Lgals1|Lilrb4a|Ptprc,0.9047619843088474
shared,GO_BP,GOBP_POSITIVE_REGULATION_OF_CELL_CYCLE,1,51,50,1500,0.5882352941176471,0.8277789323376701,Cul4b,1.0
shared,GO_BP,GOBP_POSITIVE_REGULATION_OF_CELL_CYCLE_PHASE_TRANSITION,1,17,50,1500,1.7647058823529411,0.4398083575301246,Cul4b,1.0
shared,GO_BP,GOBP_POSITIVE_REGULATION_OF_CELL_CYCLE_PROCESS,1,39,50,1500,0.7692307692307692,0.7380227031427208,Cul4b,1.0
shared,GO_BP,GOBP_POSITIVE_REGULATION_OF_CELL_DEVELOPMENT,5,82,50,1500,1.829268292682927,0.13320081574274303,Apoe|Cxcl12|Lilrb4a|Ptprc|Tyrobp,0.7191073939599915
shared,GO_BP,GOBP_POSITIVE_REGULATION_OF_CELL_DIFFERENTIATION,9,172,50,1500,1.569767441860465,0.10961564531440066,Apoe|Cxcl12|Dab2|Junb|Lilrb4a|Mef2c|Ptprc|Slc6a6|Tyrobp,0.6524740792523848
shared,GO_BP,GOBP_POSITIVE_REGULATION_OF_CELL_DIVISION,0,16,50,1500,0.0,1.0,,1.0
shared,GO_BP,GOBP_POSITIVE_REGULATION_OF_CELL_GROWTH,2,22,50,1500,2.7272727272727275,0.1650200797304365,Apoe|Cxcl12,0.8175537486645101
shared,GO_BP,GOBP_POSITIVE_REGULATION_OF_CELL_JUNCTION_ASSEMBLY,0,26,50,1500,0.0,1.0,,1.0
shared,GO_BP,GOBP_POSITIVE_REGULATION_OF_CELL_MATRIX_ADHESION,0,16,50,1500,0.0,1.0,,1.0
shared,GO_BP,GOBP_POSITIVE_REGULATION_OF_CELL_MIGRATION_INVOLVED_IN_SPROUTING_ANGIOGENESIS,0,11,50,1500,0.0,1.0,,1.0
shared,GO_BP,GOBP_POSITIVE_REGULATION_OF_CELL_POPULATION_PROLIFERATION,6,162,50,1500,1.111111111111111,0.4586558715810818,C5ar1|Cflar|Csf2rb2|Cxcl12|Mef2c|Ptprc,1.0
shared,GO_BP,GOBP_POSITIVE_REGULATION_OF_CELL_PROJECTION_ORGANIZATION,3,70,50,1500,1.2857142857142856,0.41617005907570176,Apoe|Cflar|Cxcl12,1.0
shared,GO_BP,GOBP_POSITIVE_REGULATION_OF_CELL_SUBSTRATE_ADHESION,1,37,50,1500,0.8108108108108107,0.7191473688714989,Dab2,1.0
shared,GO_BP,GOBP_POSITIVE_REGULATION_OF_CELL_SUBSTRATE_JUNCTION_ORGANIZATION,0,10,50,1500,0.0,1.0,,1.0
shared,GO_BP,GOBP_POSITIVE_REGULATION_OF_CHEMOKINE_PRODUCTION,0,13,50,1500,0.0,1.0,,1.0
shared,GO_BP,GOBP_POSITIVE_REGULATION_OF_CHEMOTAXIS,2,37,50,1500,1.6216216216216215,0.3516951994318052,C5ar1|Cxcl12,1.0
shared,GO_BP,GOBP_POSITIVE_REGULATION_OF_COLD_INDUCED_THERMOGENESIS,0,17,50,1500,0.0,1.0,,1.0
shared,GO_BP,GOBP_POSITIVE_REGULATION_OF_CYTOKINE_PRODUCTION,5,68,50,1500,2.2058823529411766,0.07193311197152241,C5ar1|Ccl4|Laptm5|Ptprc|Tyrobp,0.531324122516927
shared,GO_BP,GOBP_POSITIVE_REGULATION_OF_CYTOKINE_PRODUCTION_INVOLVED_IN_IMMUNE_RESPONSE,1,12,50,1500,2.5,0.33524969917904673,Laptm5,1.0
shared,GO_BP,GOBP_POSITIVE_REGULATION_OF_CYTOSKELETON_ORGANIZATION,0,26,50,1500,0.0,1.0,,1.0
shared,GO_BP,GOBP_POSITIVE_REGULATION_OF_CYTOSOLIC_CALCIUM_ION_CONCENTRATION,2,26,50,1500,2.3076923076923075,0.21392436250078883,C5ar1|Cd52,0.9344814222144674
shared,GO_BP,GOBP_POSITIVE_REGULATION_OF_DEFENSE_RESPONSE,5,56,50,1500,2.6785714285714284,0.03554559475392663,Ctss|Lgals1|Mef2c|Pik3ap1|Tyrobp,0.37507526931903096
shared,GO_BP,GOBP_POSITIVE_REGULATION_OF_DEVELOPMENTAL_GROWTH,3,37,50,1500,2.4324324324324325,0.12265434187292903,Apoe|Cxcl12|Mef2c,0.6896654171055698
shared,GO_BP,GOBP_POSITIVE_REGULATION_OF_DEVELOPMENTAL_PROCESS,10,235,50,1500,1.2765957446808511,0.2471731645372366,Apoe|C5ar1|Cxcl12|Dab2|Junb|Lilrb4a|Mef2c|Ptprc|Slc6a6|Tyrobp,1.0
shared,GO_BP,GOBP_POSITIVE_REGULATION_OF_DNA_BINDING_TRANSCRIPTION_FACTOR_ACTIVITY,1,22,50,1500,1.3636363636363638,0.5281983764075895,Cflar,1.0
shared,GO_BP,GOBP_POSITIVE_REGULATION_OF_DNA_METABOLIC_PROCESS,1,22,50,1500,1.3636363636363638,0.5281983764075895,Ptprc,1.0
shared,GO_BP,GOBP_POSITIVE_REGULATION_OF_ENDOCYTOSIS,3,29,50,1500,3.103448275862069,0.06929647406754862,Apoe|Dab2|Ptprc,0.514186166026331
shared,GO_BP,GOBP_POSITIVE_REGULATION_OF_ENDOTHELIAL_CELL_MIGRATION,0,27,50,1500,0.0,1.0,,1.0
shared,GO_BP,GOBP_POSITIVE_REGULATION_OF_ENDOTHELIAL_CELL_PROLIFERATION,1,26,50,1500,1.1538461538461537,0.5889329235095868,Cxcl12,1.0
shared,GO_BP,GOBP_POSITIVE_REGULATION_OF_EPITHELIAL_CELL_DIFFERENTIATION,0,11,50,1500,0.0,1.0,,1.0
shared,GO_BP,GOBP_POSITIVE_REGULATION_OF_EPITHELIAL_CELL_PROLIFERATION,3,46,50,1500,1.9565217391304346,0.19547782065070726,C5ar1|Cflar|Cxcl12,0.9047619843088474
shared,GO_BP,GOBP_POSITIVE_REGULATION_OF_EPITHELIAL_TO_MESENCHYMAL_TRANSITION,1,13,50,1500,2.3076923076923075,0.3575867388571701,Dab2,1.0
shared,GO_BP,GOBP_POSITIVE_REGULATION_OF_ERK1_AND_ERK2_CASCADE,5,42,50,1500,3.5714285714285716,0.011245414312704047,Apoe|C5ar1|Cflar|Cxcl12|Ptprc,0.1903520651890008
shared,GO_BP,GOBP_POSITIVE_REGULATION_OF_ESTABLISHMENT_OF_PROTEIN_LOCALIZATION,1,33,50,1500,0.9090909090909091,0.6773123609777841,Apoe,1.0
shared,GO_BP,GOBP_POSITIVE_REGULATION_OF_EXCITATORY_POSTSYNAPTIC_POTENTIAL,0,10,50,1500,0.0,1.0,,1.0
shared,GO_BP,GOBP_POSITIVE_REGULATION_OF_EXOCYTOSIS,0,13,50,1500,0.0,1.0,,1.0
shared,GO_BP,GOBP_POSITIVE_REGULATION_OF_EXTRINSIC_APOPTOTIC_SIGNALING_PATHWAY,2,10,50,1500,6.0,0.04131092728840577,Ptprc|Tnfsf12,0.3858060738141343
shared,GO_BP,GOBP_POSITIVE_REGULATION_OF_FAT_CELL_DIFFERENTIATION,0,11,50,1500,0.0,1.0,,1.0
shared,GO_BP,GOBP_POSITIVE_REGULATION_OF_FIBROBLAST_PROLIFERATION,0,17,50,1500,0.0,1.0,,1.0
shared,GO_BP,GOBP_POSITIVE_REGULATION_OF_GENE_EXPRESSION,6,140,50,1500,1.2857142857142856,0.3213852966642788,C5ar1|Ccl4|Laptm5|Mef2c|Ptprc|Tyrobp,1.0
shared,GO_BP,GOBP_POSITIVE_REGULATION_OF_GLIAL_CELL_DIFFERENTIATION,0,13,50,1500,0.0,1.0,,1.0
shared,GO_BP,GOBP_POSITIVE_REGULATION_OF_GLIOGENESIS,0,20,50,1500,0.0,1.0,,1.0
shared,GO_BP,GOBP_POSITIVE_REGULATION_OF_GROWTH,3,41,50,1500,2.1951219512195124,0.15365659133764528,Apoe|Cxcl12|Mef2c,0.7778565760862105
shared,GO_BP,GOBP_POSITIVE_REGULATION_OF_HEART_GROWTH,1,10,50,1500,3.0,0.2882684421548648,Mef2c,1.0
shared,GO_BP,GOBP_POSITIVE_REGULATION_OF_HEMOPOIESIS,3,29,50,1500,3.103448275862069,0.06929647406754862,Lilrb4a|Ptprc|Tyrobp,0.514186166026331
shared,GO_BP,GOBP_POSITIVE_REGULATION_OF_HORMONE_SECRETION,1,23,50,1500,1.3043478260869565,0.5441591891136924,Dab2,1.0
shared,GO_BP,GOBP_POSITIVE_REGULATION_OF_HYDROLASE_ACTIVITY,1,18,50,1500,1.6666666666666667,0.45869546617711976,Mef2c,1.0
shared,GO_BP,GOBP_POSITIVE_REGULATION_OF_IMMUNE_EFFECTOR_PROCESS,4,34,50,1500,3.5294117647058822,0.024233122928500488,Laptm5|Lilrb4a|Ptprc|Tyrobp,0.300601715716132
shared,GO_BP,GOBP_POSITIVE_REGULATION_OF_IMMUNE_RESPONSE,10,71,50,1500,4.225352112676056,6.693682960473977e-05,C1qa|C1qc|C5ar1|Laptm5|Lilrb4a|Mef2c|Pik3ap1|Ptprc|Tec|Tyrobp,0.009888395282518374
shared,GO_BP,GOBP_POSITIVE_REGULATION_OF_IMMUNE_SYSTEM_PROCESS,12,129,50,1500,2.7906976744186047,0.0006963520614319654,C1qa|C1qc|C5ar1|Cxcl12|Laptm5|Lgals1|Lilrb4a|Mef2c|Pik3ap1|Ptprc|Tec|Tyrobp,0.04041328927953371
shared,GO_BP,GOBP_POSITIVE_REGULATION_OF_INFLAMMATORY_RESPONSE,2,27,50,1500,2.2222222222222223,0.22639072579076921,Ctss|Lgals1,0.973240553994709
shared,GO_BP,GOBP_POSITIVE_REGULATION_OF_INSULIN_SECRETION,0,13,50,1500,0.0,1.0,,1.0
shared,GO_BP,GOBP_POSITIVE_REGULATION_OF_INTERLEUKIN_1_BETA_PRODUCTION,1,11,50,1500,2.7272727272727275,0.31215205147852715,Tyrobp,1.0
shared,GO_BP,GOBP_POSITIVE_REGULATION_OF_INTERLEUKIN_1_PRODUCTION,1,12,50,1500,2.5,0.33524969917904673,Tyrobp,1.0
shared,GO_BP,GOBP_POSITIVE_REGULATION_OF_INTERLEUKIN_6_PRODUCTION,2,18,50,1500,3.3333333333333335,0.11872751053120777,Laptm5|Tyrobp,0.6817392389159457
shared,GO_BP,GOBP_POSITIVE_REGULATION_OF_INTRACELLULAR_PROTEIN_TRANSPORT,0,10,50,1500,0.0,1.0,,1.0
shared,GO_BP,GOBP_POSITIVE_REGULATION_OF_INTRACELLULAR_SIGNAL_TRANSDUCTION,9,137,50,1500,1.9708029197080292,0.03308344631777556,Apoe|C5ar1|Cflar|Cxcl12|Dab2|Laptm5|Mef2c|Pik3ap1|Ptprc,0.3595741046588395
shared,GO_BP,GOBP_POSITIVE_REGULATION_OF_INTRACELLULAR_TRANSPORT,1,16,50,1500,1.875,0.4202758734830577,Dab2,1.0
shared,GO_BP,GOBP_POSITIVE_REGULATION_OF_JNK_CASCADE,1,12,50,1500,2.5,0.33524969917904673,Dab2,1.0
shared,GO_BP,GOBP_POSITIVE_REGULATION_OF_KINASE_ACTIVITY,1,42,50,1500,0.7142857142857143,0.764026946378234,Ptprc,1.0
shared,GO_BP,GOBP_POSITIVE_REGULATION_OF_LEUKOCYTE_CELL_CELL_ADHESION,3,41,50,1500,2.1951219512195124,0.15365659133764528,Lgals1|Lilrb4a|Ptprc,0.7778565760862105
shared,GO_BP,GOBP_POSITIVE_REGULATION_OF_LEUKOCYTE_CHEMOTAXIS,2,23,50,1500,2.608695652173913,0.17706049687331893,C5ar1|Cxcl12,0.8487413198204816
shared,GO_BP,GOBP_POSITIVE_REGULATION_OF_LEUKOCYTE_MEDIATED_IMMUNITY,2,14,50,1500,4.285714285714286,0.07677394817604072,Ptprc|Tyrobp,0.5400764752643556
shared,GO_BP,GOBP_POSITIVE_REGULATION_OF_LEUKOCYTE_MIGRATION,2,33,50,1500,1.8181818181818181,0.301829565218506,C5ar1|Cxcl12,1.0
shared,GO_BP,GOBP_POSITIVE_REGULATION_OF_LEUKOCYTE_PROLIFERATION,3,29,50,1500,3.103448275862069,0.06929647406754862,Csf2rb2|Mef2c|Ptprc,0.514186166026331
shared,GO_BP,GOBP_POSITIVE_REGULATION_OF_LIPID_BIOSYNTHETIC_PROCESS,2,22,50,1500,2.7272727272727275,0.1650200797304365,Apoe|Dab2,0.8175537486645101
shared,GO_BP,GOBP_POSITIVE_REGULATION_OF_LIPID_LOCALIZATION,2,21,50,1500,2.857142857142857,0.15314117104382513,Apoe|Dab2,0.7778565760862105
shared,GO_BP,GOBP_POSITIVE_REGULATION_OF_LIPID_METABOLIC_PROCESS,2,25,50,1500,2.4,0.20153398901832625,Apoe|Dab2,0.9047619843088474
shared,GO_BP,GOBP_POSITIVE_REGULATION_OF_LIPID_TRANSPORT,2,18,50,1500,3.3333333333333335,0.11872751053120777,Apoe|Dab2,0.6817392389159457
shared,GO_BP,GOBP_POSITIVE_REGULATION_OF_LOCOMOTION,5,132,50,1500,1.1363636363636362,0.4533612128294049,C5ar1|Ccl4|Cxcl12|Dab2|Ptprc,1.0
shared,GO_BP,GOBP_POSITIVE_REGULATION_OF_LYMPHOCYTE_ACTIVATION,5,43,50,1500,3.488372093023256,0.012409064885118677,Lgals1|Lilrb4a|Mef2c|Ptprc|Tyrobp,0.195774081925416
shared,GO_BP,GOBP_POSITIVE_REGULATION_OF_LYMPHOCYTE_DIFFERENTIATION,2,18,50,1500,3.3333333333333335,0.11872751053120777,Lilrb4a|Ptprc,0.6817392389159457
shared,GO_BP,GOBP_POSITIVE_REGULATION_OF_MAPK_CASCADE,8,83,50,1500,2.891566265060241,0.004990617223082751,Apoe|C5ar1|Cflar|Cxcl12|Dab2|Laptm5|Mef2c|Ptprc,0.11913448358733639
shared,GO_BP,GOBP_POSITIVE_REGULATION_OF_MAP_KINASE_ACTIVITY,1,13,50,1500,2.3076923076923075,0.3575867388571701,Ptprc,1.0
shared,GO_BP,GOBP_POSITIVE_REGULATION_OF_MIRNA_METABOLIC_PROCESS,0,12,50,1500,0.0,1.0,,1.0
shared,GO_BP,GOBP_POSITIVE_REGULATION_OF_MITOTIC_CELL_CYCLE,1,15,50,1500,2.0,0.4000764265660914,Cul4b,1.0
shared,GO_BP,GOBP_POSITIVE_REGULATION_OF_MITOTIC_CELL_CYCLE_PHASE_TRANSITION,1,11,50,1500,2.7272727272727275,0.31215205147852715,Cul4b,1.0
shared,GO_BP,GOBP_POSITIVE_REGULATION_OF_MOLECULAR_FUNCTION,5,100,50,1500,1.5,0.23676077226258654,Apoe|Cflar|Ctss|Mef2c|Ptprc,0.9993149478615666
shared,GO_BP,GOBP_POSITIVE_REGULATION_OF_MONOATOMIC_ION_TRANSMEMBRANE_TRANSPORT,1,23,50,1500,1.3043478260869565,0.5441591891136924,Ctss,1.0
shared,GO_BP,GOBP_POSITIVE_REGULATION_OF_MONOATOMIC_ION_TRANSPORT,2,37,50,1500,1.6216216216216215,0.3516951994318052,Ctss|Cxcl12,1.0
shared,GO_BP,GOBP_POSITIVE_REGULATION_OF_MONONUCLEAR_CELL_MIGRATION,2,17,50,1500,3.5294117647058822,0.10775612872998955,C5ar1|Cxcl12,0.6484617196732176
shared,GO_BP,GOBP_POSITIVE_REGULATION_OF_MULTICELLULAR_ORGANISMAL_PROCESS,11,268,50,1500,1.2313432835820894,0.27009621040917503,Apoe|C5ar1|Ccl4|Cxcl12|Dab2|Laptm5|Lgals1|Lilrb4a|Mef2c|Ptprc|Tyrobp,1.0
shared,GO_BP,GOBP_POSITIVE_REGULATION_OF_MUSCLE_CELL_DIFFERENTIATION,1,14,50,1500,2.142857142857143,0.3791877227557184,Mef2c,1.0
shared,GO_BP,GOBP_POSITIVE_REGULATION_OF_MUSCLE_CONTRACTION,0,13,50,1500,0.0,1.0,,1.0
shared,GO_BP,GOBP_POSITIVE_REGULATION_OF_MYELOID_CELL_DIFFERENTIATION,1,19,50,1500,1.5789473684210527,0.4769581022710094,Tyrobp,1.0
shared,GO_BP,GOBP_POSITIVE_REGULATION_OF_MYELOID_LEUKOCYTE_DIFFERENTIATION,1,13,50,1500,2.3076923076923075,0.3575867388571701,Tyrobp,1.0
shared,GO_BP,GOBP_POSITIVE_REGULATION_OF_NERVOUS_SYSTEM_DEVELOPMENT,2,59,50,1500,1.0169491525423728,0.5946496976806868,Apoe|Cxcl12,1.0
shared,GO_BP,GOBP_POSITIVE_REGULATION_OF_NERVOUS_SYSTEM_PROCESS,0,13,50,1500,0.0,1.0,,1.0
shared,GO_BP,GOBP_POSITIVE_REGULATION_OF_NEURAL_PRECURSOR_CELL_PROLIFERATION,0,12,50,1500,0.0,1.0,,1.0
shared,GO_BP,GOBP_POSITIVE_REGULATION_OF_NEUROGENESIS,2,52,50,1500,1.1538461538461537,0.5246983784805676,Apoe|Cxcl12,1.0
shared,GO_BP,GOBP_POSITIVE_REGULATION_OF_NEURON_APOPTOTIC_PROCESS,1,11,50,1500,2.7272727272727275,0.31215205147852715,Cflar,1.0
shared,GO_BP,GOBP_POSITIVE_REGULATION_OF_NEURON_DIFFERENTIATION,2,24,50,1500,2.5,0.18923912647371055,Cxcl12|Mef2c,0.8939348270923827
shared,GO_BP,GOBP_POSITIVE_REGULATION_OF_NEURON_PROJECTION_DEVELOPMENT,2,42,50,1500,1.4285714285714286,0.4123282859057648,Apoe|Cflar,1.0
shared,GO_BP,GOBP_POSITIVE_REGULATION_OF_NITRIC_OXIDE_METABOLIC_PROCESS,1,12,50,1500,2.5,0.33524969917904673,Apoe,1.0
shared,GO_BP,GOBP_POSITIVE_REGULATION_OF_NUCLEAR_DIVISION,0,13,50,1500,0.0,1.0,,1.0
shared,GO_BP,GOBP_POSITIVE_REGULATION_OF_ORGANELLE_ORGANIZATION,0,62,50,1500,0.0,1.0,,1.0
shared,GO_BP,GOBP_POSITIVE_REGULATION_OF_ORGANIC_ACID_TRANSPORT,0,16,50,1500,0.0,1.0,,1.0
shared,GO_BP,GOBP_POSITIVE_REGULATION_OF_ORGAN_GROWTH,1,13,50,1500,2.3076923076923075,0.3575867388571701,Mef2c,1.0
shared,GO_BP,GOBP_POSITIVE_REGULATION_OF_OSSIFICATION,1,12,50,1500,2.5,0.33524969917904673,Mef2c,1.0
shared,GO_BP,GOBP_POSITIVE_REGULATION_OF_OSTEOBLAST_DIFFERENTIATION,1,13,50,1500,2.3076923076923075,0.3575867388571701,Mef2c,1.0
shared,GO_BP,GOBP_POSITIVE_REGULATION_OF_PEPTIDE_SECRETION,0,15,50,1500,0.0,1.0,,1.0
shared,GO_BP,GOBP_POSITIVE_REGULATION_OF_PEPTIDYL_TYROSINE_PHOSPHORYLATION,0,27,50,1500,0.0,1.0,,1.0
shared,GO_BP,GOBP_POSITIVE_REGULATION_OF_PHAGOCYTOSIS,1,12,50,1500,2.5,0.33524969917904673,Ptprc,1.0
shared,GO_BP,GOBP_POSITIVE_REGULATION_OF_PHOSPHATIDYLINOSITOL_3_KINASE_PROTEIN_KINASE_B_SIGNAL_TRANSDUCTION,2,36,50,1500,1.6666666666666667,0.33931461253673095,Cxcl12|Pik3ap1,1.0
shared,GO_BP,GOBP_POSITIVE_REGULATION_OF_PHOSPHORUS_METABOLIC_PROCESS,3,99,50,1500,0.9090909090909092,0.6538240210054442,Dab2|Mef2c|Ptprc,1.0
shared,GO_BP,GOBP_POSITIVE_REGULATION_OF_PLASMA_MEMBRANE_BOUNDED_CELL_PROJECTION_ASSEMBLY,0,13,50,1500,0.0,1.0,,1.0
shared,GO_BP,GOBP_POSITIVE_REGULATION_OF_POST_TRANSLATIONAL_PROTEIN_MODIFICATION,1,11,50,1500,2.7272727272727275,0.31215205147852715,Laptm5,1.0
shared,GO_BP,GOBP_POSITIVE_REGULATION_OF_PRODUCTION_OF_MOLECULAR_MEDIATOR_OF_IMMUNE_RESPONSE,2,16,50,1500,3.75,0.0970847228115921,Laptm5|Ptprc,0.6211128920032959
shared,GO_BP,GOBP_POSITIVE_REGULATION_OF_PROGRAMMED_CELL_DEATH,7,85,50,1500,2.4705882352941173,0.01997176965072435,Cflar|Ctsd|Laptm5|Lgals1|Mef2c|Ptprc|Tnfsf12,0.2706312147533013
shared,GO_BP,GOBP_POSITIVE_REGULATION_OF_PROTEASOMAL_PROTEIN_CATABOLIC_PROCESS,1,12,50,1500,2.5,0.33524969917904673,Dab2,1.0
shared,GO_BP,GOBP_POSITIVE_REGULATION_OF_PROTEIN_CATABOLIC_PROCESS,5,25,50,1500,6.0,0.0010784780790831232,Apoe|Cul4b|Dab2|Mylip|Tnfsf12,0.05476646495343985
shared,GO_BP,GOBP_POSITIVE_REGULATION_OF_PROTEIN_CONTAINING_COMPLEX_ASSEMBLY,0,26,50,1500,0.0,1.0,,1.0
shared,GO_BP,GOBP_POSITIVE_REGULATION_OF_PROTEIN_LOCALIZATION,2,53,50,1500,1.1320754716981132,0.535155658992266,Apoe|Tyrobp,1.0
shared,GO_BP,GOBP_POSITIVE_REGULATION_OF_PROTEIN_LOCALIZATION_TO_CELL_PERIPHERY,0,13,50,1500,0.0,1.0,,1.0
shared,GO_BP,GOBP_POSITIVE_REGULATION_OF_PROTEIN_LOCALIZATION_TO_MEMBRANE,0,13,50,1500,0.0,1.0,,1.0
shared,GO_BP,GOBP_POSITIVE_REGULATION_OF_PROTEIN_LOCALIZATION_TO_NUCLEUS,0,12,50,1500,0.0,1.0,,1.0
shared,GO_BP,GOBP_POSITIVE_REGULATION_OF_PROTEIN_LOCALIZATION_TO_PLASMA_MEMBRANE,0,11,50,1500,0.0,1.0,,1.0
shared,GO_BP,GOBP_POSITIVE_REGULATION_OF_PROTEIN_METABOLIC_PROCESS,7,123,50,1500,1.707317073170732,0.10870068356200885,Apoe|Cul4b|Dab2|Laptm5|Mylip|Ptprc|Tnfsf12,0.6494066573097955
shared,GO_BP,GOBP_POSITIVE_REGULATION_OF_PROTEIN_MODIFICATION_PROCESS,3,93,50,1500,0.9677419354838709,0.6104011597973595,Dab2|Laptm5|Ptprc,1.0
shared,GO_BP,GOBP_POSITIVE_REGULATION_OF_PROTEIN_SECRETION,0,19,50,1500,0.0,1.0,,1.0
shared,GO_BP,GOBP_POSITIVE_REGULATION_OF_PROTEIN_SERINE_THREONINE_KINASE_ACTIVITY,1,24,50,1500,1.25,0.5595904961849962,Ptprc,1.0
shared,GO_BP,GOBP_POSITIVE_REGULATION_OF_PROTEIN_TRANSPORT,1,31,50,1500,0.9677419354838709,0.6541629208821762,Apoe,1.0
shared,GO_BP,GOBP_POSITIVE_REGULATION_OF_PROTEIN_UBIQUITINATION,1,10,50,1500,3.0,0.2882684421548648,Laptm5,1.0
shared,GO_BP,GOBP_POSITIVE_REGULATION_OF_PROTEOLYSIS,3,21,50,1500,4.285714285714286,0.03036754457633339,Apoe|Dab2|Laptm5,0.34032593059683974
shared,GO_BP,GOBP_POSITIVE_REGULATION_OF_PROTEOLYSIS_INVOLVED_IN_PROTEIN_CATABOLIC_PROCESS,2,14,50,1500,4.285714285714286,0.07677394817604072,Dab2|Laptm5,0.5400764752643556
shared,GO_BP,GOBP_POSITIVE_REGULATION_OF_REACTIVE_OXYGEN_SPECIES_METABOLIC_PROCESS,1,10,50,1500,3.0,0.2882684421548648,Tyrobp,1.0
shared,GO_BP,GOBP_POSITIVE_REGULATION_OF_REPRODUCTIVE_PROCESS,0,18,50,1500,0.0,1.0,,1.0
shared,GO_BP,GOBP_POSITIVE_REGULATION_OF_RESPONSE_TO_BIOTIC_STIMULUS,2,34,50,1500,1.7647058823529411,0.3143712536930831,Pik3ap1|Tyrobp,1.0
shared,GO_BP,GOBP_POSITIVE_REGULATION_OF_RESPONSE_TO_EXTERNAL_STIMULUS,6,86,50,1500,2.0930232558139537,0.06202164984970553,C5ar1|Ctss|Cxcl12|Lgals1|Pik3ap1|Tyrobp,0.4916350292964463
shared,GO_BP,GOBP_POSITIVE_REGULATION_OF_RESPONSE_TO_WOUNDING,0,16,50,1500,0.0,1.0,,1.0
shared,GO_BP,GOBP_POSITIVE_REGULATION_OF_RNA_METABOLIC_PROCESS,5,146,50,1500,1.0273972602739727,0.5463042338019165,Apoe|Dab2|Junb|Mef2c|Pf4,1.0
shared,GO_BP,GOBP_POSITIVE_REGULATION_OF_SECRETION,2,52,50,1500,1.1538461538461537,0.5246983784805676,Cxcl12|Dab2,1.0
shared,GO_BP,GOBP_POSITIVE_REGULATION_OF_SIGNAL_TRANSDUCTION,11,197,50,1500,1.6751269035532996,0.053770942653840935,Apoe|C5ar1|Cflar|Ctsd|Cxcl12|Dab2|Laptm5|Mef2c|Pik3ap1|Ptprc|Tnfsf12,0.4480911887820078
shared,GO_BP,GOBP_POSITIVE_REGULATION_OF_SMALL_MOLECULE_METABOLIC_PROCESS,2,23,50,1500,2.608695652173913,0.17706049687331893,Apoe|Dab2,0.8487413198204816
shared,GO_BP,GOBP_POSITIVE_REGULATION_OF_SMOOTH_MUSCLE_CELL_MIGRATION,0,21,50,1500,0.0,1.0,,1.0
shared,GO_BP,GOBP_POSITIVE_REGULATION_OF_SMOOTH_MUSCLE_CELL_PROLIFERATION,0,25,50,1500,0.0,1.0,,1.0
shared,GO_BP,GOBP_POSITIVE_REGULATION_OF_SYNAPTIC_TRANSMISSION,3,40,50,1500,2.25,0.1456779707612884,Apoe|Nrgn|Tyrobp,0.7515133412288688
shared,GO_BP,GOBP_POSITIVE_REGULATION_OF_SYNAPTIC_TRANSMISSION_GLUTAMATERGIC,0,12,50,1500,0.0,1.0,,1.0
shared,GO_BP,GOBP_POSITIVE_REGULATION_OF_TRANSCRIPTION_BY_RNA_POLYMERASE_II,4,121,50,1500,0.9917355371900827,0.5847313803978706,Dab2|Junb|Mef2c|Pf4,1.0
shared,GO_BP,GOBP_POSITIVE_REGULATION_OF_TRANSFERASE_ACTIVITY,2,45,50,1500,1.3333333333333333,0.4474305107818257,Apoe|Ptprc,1.0
shared,GO_BP,GOBP_POSITIVE_REGULATION_OF_TRANSMEMBRANE_RECEPTOR_PROTEIN_SERINE_THREONINE_KINASE_SIGNALING_PATHWAY,1,18,50,1500,1.6666666666666667,0.45869546617711976,Dab2,1.0
shared,GO_BP,GOBP_POSITIVE_REGULATION_OF_TRANSMEMBRANE_TRANSPORT,1,34,50,1500,0.8823529411764706,0.6883105763500479,Ctss,1.0
shared,GO_BP,GOBP_POSITIVE_REGULATION_OF_TRANSPORT,5,134,50,1500,1.1194029850746268,0.4669597616131559,Apoe|Ctss|Cxcl12|Dab2|Ptprc,1.0
shared,GO_BP,GOBP_POSITIVE_REGULATION_OF_TRANSPORTER_ACTIVITY,1,12,50,1500,2.5,0.33524969917904673,Ctss,1.0
shared,GO_BP,GOBP_POSITIVE_REGULATION_OF_TUMOR_NECROSIS_FACTOR_SUPERFAMILY_CYTOKINE_PRODUCTION,3,20,50,1500,4.5,0.026644162448827665,Ccl4|Ptprc|Tyrobp,0.30589546993077577
shared,GO_BP,GOBP_POSITIVE_REGULATION_OF_TYPE_II_INTERFERON_PRODUCTION,0,10,50,1500,0.0,1.0,,1.0
shared,GO_BP,GOBP_POSITIVE_REGULATION_OF_T_CELL_PROLIFERATION,1,17,50,1500,1.7647058823529411,0.4398083575301246,Ptprc,1.0
shared,GO_BP,GOBP_POSITIVE_REGULATION_OF_UBIQUITIN_DEPENDENT_PROTEIN_CATABOLIC_PROCESS,2,10,50,1500,6.0,0.04131092728840577,Dab2|Laptm5,0.3858060738141343
shared,GO_BP,GOBP_POSITIVE_REGULATION_OF_VASCULATURE_DEVELOPMENT,2,43,50,1500,1.3953488372093024,0.424148062560875,C5ar1|Cxcl12,1.0
shared,GO_BP,GOBP_POSITIVE_REGULATION_OF_WNT_SIGNALING_PATHWAY,1,13,50,1500,2.3076923076923075,0.3575867388571701,Dab2,1.0
shared,GO_BP,GOBP_POSITIVE_REGULATION_OF_WOUND_HEALING,0,13,50,1500,0.0,1.0,,1.0
shared,GO_BP,GOBP_POSTSYNAPSE_ASSEMBLY,0,20,50,1500,0.0,1.0,,1.0
shared,GO_BP,GOBP_POSTSYNAPSE_ORGANIZATION,1,50,50,1500,0.6,0.8216281799211584,Apoe,1.0
shared,GO_BP,GOBP_POSTSYNAPTIC_DENSITY_ASSEMBLY,0,10,50,1500,0.0,1.0,,1.0
shared,GO_BP,GOBP_POSTSYNAPTIC_DENSITY_ORGANIZATION,0,13,50,1500,0.0,1.0,,1.0
shared,GO_BP,GOBP_POSTSYNAPTIC_SPECIALIZATION_ASSEMBLY,0,10,50,1500,0.0,1.0,,1.0
shared,GO_BP,GOBP_POSTSYNAPTIC_SPECIALIZATION_ORGANIZATION,0,13,50,1500,0.0,1.0,,1.0
shared,GO_BP,GOBP_POST_EMBRYONIC_DEVELOPMENT,0,21,50,1500,0.0,1.0,,1.0
shared,GO_BP,GOBP_POST_TRANSCRIPTIONAL_REGULATION_OF_GENE_EXPRESSION,0,19,50,1500,0.0,1.0,,1.0
shared,GO_BP,GOBP_POST_TRANSLATIONAL_PROTEIN_MODIFICATION,3,44,50,1500,2.0454545454545454,0.17839486825642273,Cul4b|Laptm5|Mylip,0.850122172776208
shared,GO_BP,GOBP_POTASSIUM_ION_IMPORT_ACROSS_PLASMA_MEMBRANE,0,10,50,1500,0.0,1.0,,1.0
shared,GO_BP,GOBP_POTASSIUM_ION_TRANSMEMBRANE_TRANSPORT,0,25,50,1500,0.0,1.0,,1.0
shared,GO_BP,GOBP_POTASSIUM_ION_TRANSPORT,0,30,50,1500,0.0,1.0,,1.0
shared,GO_BP,GOBP_PRIMARY_NEURAL_TUBE_FORMATION,0,13,50,1500,0.0,1.0,,1.0
shared,GO_BP,GOBP_PROCESS_UTILIZING_AUTOPHAGIC_MECHANISM,1,29,50,1500,1.0344827586206897,0.6293882879681989,Ctsd,1.0
shared,GO_BP,GOBP_PRODUCTION_OF_MOLECULAR_MEDIATOR_OF_IMMUNE_RESPONSE,4,31,50,1500,3.8709677419354835,0.01769422085913411,Bst2|Laptm5|Lilrb4a|Ptprc,0.24787162841459426
shared,GO_BP,GOBP_PROTEASOMAL_PROTEIN_CATABOLIC_PROCESS,4,28,50,1500,4.285714285714286,0.01239328589341737,Apoe|Cul4b|Dab2|Psmb8,0.195774081925416
shared,GO_BP,GOBP_PROTEASOME_MEDIATED_UBIQUITIN_DEPENDENT_PROTEIN_CATABOLIC_PROCESS,2,18,50,1500,3.3333333333333335,0.11872751053120777,Dab2|Psmb8,0.6817392389159457
shared,GO_BP,GOBP_PROTEIN_AUTOPHOSPHORYLATION,1,28,50,1500,1.0714285714285714,0.616356933817995,Ptprc,1.0
shared,GO_BP,GOBP_PROTEIN_CATABOLIC_PROCESS,9,64,50,1500,4.21875,0.00016605633180596677,Apoe|Ctsd|Ctss|Cul4b|Dab2|Laptm5|Mylip|Psmb8|Tnfsf12,0.019274395656049714
shared,GO_BP,GOBP_PROTEIN_COMPLEX_OLIGOMERIZATION,0,28,50,1500,0.0,1.0,,1.0
shared,GO_BP,GOBP_PROTEIN_CONTAINING_COMPLEX_DISASSEMBLY,0,21,50,1500,0.0,1.0,,1.0
shared,GO_BP,GOBP_PROTEIN_CONTAINING_COMPLEX_LOCALIZATION,1,33,50,1500,0.9090909090909091,0.6773123609777841,Tyrobp,1.0
shared,GO_BP,GOBP_PROTEIN_CONTAINING_COMPLEX_ORGANIZATION,6,149,50,1500,1.2080536912751678,0.3772821611789522,Apoe|Cxcl12|Dab2|Pf4|mt-Co3|mt-Nd4,1.0
shared,GO_BP,GOBP_PROTEIN_DEPOLYMERIZATION,0,14,50,1500,0.0,1.0,,1.0
shared,GO_BP,GOBP_PROTEIN_HOMOOLIGOMERIZATION,0,19,50,1500,0.0,1.0,,1.0
shared,GO_BP,GOBP_PROTEIN_LOCALIZATION_TO_CELL_JUNCTION,0,33,50,1500,0.0,1.0,,1.0
shared,GO_BP,GOBP_PROTEIN_LOCALIZATION_TO_CELL_PERIPHERY,1,43,50,1500,0.6976744186046512,0.7721193007548377,Dab2,1.0
shared,GO_BP,GOBP_PROTEIN_LOCALIZATION_TO_EXTRACELLULAR_REGION,1,48,50,1500,0.625,0.8086739419485636,Apoe,1.0
shared,GO_BP,GOBP_PROTEIN_LOCALIZATION_TO_NUCLEUS,1,29,50,1500,1.0344827586206897,0.6293882879681989,Lilrb4a,1.0
shared,GO_BP,GOBP_PROTEIN_LOCALIZATION_TO_ORGANELLE,2,75,50,1500,0.8,0.7256904671258542,Laptm5|Lilrb4a,1.0
shared,GO_BP,GOBP_PROTEIN_LOCALIZATION_TO_PLASMA_MEMBRANE,1,26,50,1500,1.1538461538461537,0.5889329235095868,Dab2,1.0
shared,GO_BP,GOBP_PROTEIN_LOCALIZATION_TO_POSTSYNAPSE,0,16,50,1500,0.0,1.0,,1.0
shared,GO_BP,GOBP_PROTEIN_LOCALIZATION_TO_SYNAPSE,0,24,50,1500,0.0,1.0,,1.0
shared,GO_BP,GOBP_PROTEIN_MATURATION,2,35,50,1500,1.7142857142857142,0.32686990772459135,Ctss|F13a1,1.0
shared,GO_BP,GOBP_PROTEIN_MODIFICATION_BY_SMALL_PROTEIN_CONJUGATION,3,38,50,1500,2.368421052631579,0.1301690111571574,Cul4b|Laptm5|Mylip,0.7050821437679359
shared,GO_BP,GOBP_PROTEIN_POLYMERIZATION,0,30,50,1500,0.0,1.0,,1.0
shared,GO_BP,GOBP_PROTEIN_PROCESSING,1,21,50,1500,1.4285714285714286,0.5116902720131731,Ctss,1.0
shared,GO_BP,GOBP_PROTEIN_STABILIZATION,1,17,50,1500,1.7647058823529411,0.4398083575301246,Tyrobp,1.0
shared,GO_BP,GOBP_PROTEIN_TARGETING,1,11,50,1500,2.7272727272727275,0.31215205147852715,Laptm5,1.0
shared,GO_BP,GOBP_PROTEIN_TETRAMERIZATION,0,14,50,1500,0.0,1.0,,1.0
shared,GO_BP,GOBP_PROTEIN_TRANSPORT,3,110,50,1500,0.8181818181818182,0.7245188173478939,Apoe|Dab2|Laptm5,1.0
shared,GO_BP,GOBP_PROTEOLYSIS,9,88,50,1500,3.0681818181818183,0.0018646466219941948,Apoe|Cflar|Ctsd|Ctss|Cul4b|Dab2|Laptm5|Mylip|Psmb8,0.07046629676140853
shared,GO_BP,GOBP_PROTEOLYSIS_INVOLVED_IN_PROTEIN_CATABOLIC_PROCESS,7,39,50,1500,5.384615384615384,0.00020266054769388955,Apoe|Ctss|Cul4b|Dab2|Laptm5|Mylip|Psmb8,0.01984838901630757
shared,GO_BP,GOBP_PROTON_TRANSMEMBRANE_TRANSPORT,3,16,50,1500,5.625,0.014373895602843016,mt-Co2|mt-Co3|mt-Nd4,0.2162738921724065
shared,GO_BP,GOBP_PURINE_CONTAINING_COMPOUND_METABOLIC_PROCESS,2,37,50,1500,1.6216216216216215,0.3516951994318052,Ttr|mt-Nd4,1.0
shared,GO_BP,GOBP_PYRIDINE_CONTAINING_COMPOUND_METABOLIC_PROCESS,0,14,50,1500,0.0,1.0,,1.0
shared,GO_BP,GOBP_REACTIVE_NITROGEN_SPECIES_METABOLIC_PROCESS,1,16,50,1500,1.875,0.4202758734830577,Apoe,1.0
shared,GO_BP,GOBP_REACTIVE_OXYGEN_SPECIES_METABOLIC_PROCESS,3,29,50,1500,3.103448275862069,0.06929647406754862,Cflar|Gpx3|Tyrobp,0.514186166026331
shared,GO_BP,GOBP_RECEPTOR_CLUSTERING,1,11,50,1500,2.7272727272727275,0.31215205147852715,Apoe,1.0
shared,GO_BP,GOBP_RECEPTOR_INTERNALIZATION,2,27,50,1500,2.2222222222222223,0.22639072579076921,Dab2|Lilrb4a,0.973240553994709
shared,GO_BP,GOBP_RECEPTOR_LOCALIZATION_TO_SYNAPSE,1,19,50,1500,1.5789473684210527,0.4769581022710094,Tyrobp,1.0
shared,GO_BP,GOBP_RECEPTOR_MEDIATED_ENDOCYTOSIS,6,45,50,1500,4.0,0.0030489224113921134,Apoe|Dab2|Ifitm3|Lilrb4a|Mrc1|Siglech,0.09714703761788597
shared,GO_BP,GOBP_RECEPTOR_METABOLIC_PROCESS,5,12,50,1500,12.5,2.2348190088408247e-05,Apoe|Ctsd|Dab2|Laptm5|Mylip,0.004887202293219485
shared,GO_BP,GOBP_REGENERATION,3,46,50,1500,1.9565217391304346,0.19547782065070726,Apoe|Cflar|Cxcl12,0.9047619843088474
shared,GO_BP,GOBP_REGULATED_EXOCYTOSIS,0,36,50,1500,0.0,1.0,,1.0
shared,GO_BP,GOBP_REGULATION_OF_ACTIN_FILAMENT_BASED_MOVEMENT,0,10,50,1500,0.0,1.0,,1.0
shared,GO_BP,GOBP_REGULATION_OF_ACTIN_FILAMENT_BASED_PROCESS,2,61,50,1500,0.9836065573770493,0.6132204136383774,Bst2|Mef2c,1.0
shared,GO_BP,GOBP_REGULATION_OF_ACTIN_FILAMENT_BUNDLE_ASSEMBLY,0,15,50,1500,0.0,1.0,,1.0
shared,GO_BP,GOBP_REGULATION_OF_ACTIN_FILAMENT_LENGTH,0,19,50,1500,0.0,1.0,,1.0
shared,GO_BP,GOBP_REGULATION_OF_ACTIN_FILAMENT_ORGANIZATION,0,34,50,1500,0.0,1.0,,1.0
shared,GO_BP,GOBP_REGULATION_OF_ACTION_POTENTIAL,0,11,50,1500,0.0,1.0,,1.0
shared,GO_BP,GOBP_REGULATION_OF_ACTOMYOSIN_STRUCTURE_ORGANIZATION,1,17,50,1500,1.7647058823529411,0.4398083575301246,Mef2c,1.0
shared,GO_BP,GOBP_REGULATION_OF_ADAPTIVE_IMMUNE_RESPONSE,5,26,50,1500,5.769230769230769,0.0013019111383587353,Lgals1|Lilrb4a|Mef2c|Pf4|Ptprc,0.0587668222175818
shared,GO_BP,GOBP_REGULATION_OF_ALPHA_BETA_T_CELL_ACTIVATION,4,13,50,1500,9.23076923076923,0.000626667481156593,Lgals1|Lilrb4a|Pf4|Ptprc,0.03951662735813403
shared,GO_BP,GOBP_REGULATION_OF_ALPHA_BETA_T_CELL_DIFFERENTIATION,3,10,50,1500,9.0,0.0035480063258161673,Lgals1|Lilrb4a|Pf4,0.09835782088653144
shared,GO_BP,GOBP_REGULATION_OF_AMIDE_METABOLIC_PROCESS,1,12,50,1500,2.5,0.33524969917904673,Apoe,1.0
shared,GO_BP,GOBP_REGULATION_OF_AMINO_ACID_TRANSPORT,0,16,50,1500,0.0,1.0,,1.0
shared,GO_BP,GOBP_REGULATION_OF_ANATOMICAL_STRUCTURE_MORPHOGENESIS,6,144,50,1500,1.25,0.34608765609304076,Apoe|C5ar1|Cxcl12|Mef2c|Pf4|Stab1,1.0
shared,GO_BP,GOBP_REGULATION_OF_ANATOMICAL_STRUCTURE_SIZE,2,82,50,1500,0.7317073170731707,0.7710363237317353,Apoe|Cxcl12,1.0
shared,GO_BP,GOBP_REGULATION_OF_ANIMAL_ORGAN_MORPHOGENESIS,0,10,50,1500,0.0,1.0,,1.0
shared,GO_BP,GOBP_REGULATION_OF_APOPTOTIC_SIGNALING_PATHWAY,5,45,50,1500,3.3333333333333335,0.014977877797973289,Cflar|Cxcl12|Dab2|Ptprc|Tnfsf12,0.22126410383369632
shared,GO_BP,GOBP_REGULATION_OF_ASTROCYTE_DIFFERENTIATION,0,10,50,1500,0.0,1.0,,1.0
shared,GO_BP,GOBP_REGULATION_OF_AUTOPHAGY,0,17,50,1500,0.0,1.0,,1.0
shared,GO_BP,GOBP_REGULATION_OF_AXONOGENESIS,2,27,50,1500,2.2222222222222223,0.22639072579076921,Apoe|Cxcl12,0.973240553994709
shared,GO_BP,GOBP_REGULATION_OF_BEHAVIOR,2,17,50,1500,3.5294117647058822,0.10775612872998955,Apoe|Mef2c,0.6484617196732176
shared,GO_BP,GOBP_REGULATION_OF_BINDING,1,38,50,1500,0.7894736842105263,0.7287458866817691,Dab2,1.0
shared,GO_BP,GOBP_REGULATION_OF_BIOMINERAL_TISSUE_DEVELOPMENT,1,18,50,1500,1.6666666666666667,0.45869546617711976,Mef2c,1.0
shared,GO_BP,GOBP_REGULATION_OF_BLOOD_CIRCULATION,0,42,50,1500,0.0,1.0,,1.0
shared,GO_BP,GOBP_REGULATION_OF_BLOOD_PRESSURE,1,42,50,1500,0.7142857142857143,0.764026946378234,Ttr,1.0
shared,GO_BP,GOBP_REGULATION_OF_BLOOD_VESSEL_ENDOTHELIAL_CELL_MIGRATION,2,25,50,1500,2.4,0.20153398901832625,Apoe|Mef2c,0.9047619843088474
shared,GO_BP,GOBP_REGULATION_OF_BMP_SIGNALING_PATHWAY,0,22,50,1500,0.0,1.0,,1.0
shared,GO_BP,GOBP_REGULATION_OF_BODY_FLUID_LEVELS,7,50,50,1500,4.2,0.0009925175951728173,Apoe|F13a1|Lilrb4a|Pf4|Tec|Ttr|mt-Co2,0.05202713200502671
shared,GO_BP,GOBP_REGULATION_OF_BONE_MINERALIZATION,1,17,50,1500,1.7647058823529411,0.4398083575301246,Mef2c,1.0
shared,GO_BP,GOBP_REGULATION_OF_BONE_REMODELING,0,12,50,1500,0.0,1.0,,1.0
shared,GO_BP,GOBP_REGULATION_OF_B_CELL_ACTIVATION,5,19,50,1500,7.894736842105264,0.00027475298181858104,Laptm5|Lilrb4a|Mef2c|Ptprc|Tyrobp,0.023394282318095174
shared,GO_BP,GOBP_REGULATION_OF_B_CELL_PROLIFERATION,3,12,50,1500,7.5,0.006204459645394968,Mef2c|Ptprc|Tyrobp,0.1292595759457285
shared,GO_BP,GOBP_REGULATION_OF_CALCIUM_ION_TRANSMEMBRANE_TRANSPORT,0,20,50,1500,0.0,1.0,,1.0
shared,GO_BP,GOBP_REGULATION_OF_CALCIUM_ION_TRANSPORT,1,41,50,1500,0.7317073170731707,0.755653168747937,Cxcl12,1.0
shared,GO_BP,GOBP_REGULATION_OF_CALCIUM_MEDIATED_SIGNALING,1,19,50,1500,1.5789473684210527,0.4769581022710094,Ptprc,1.0
shared,GO_BP,GOBP_REGULATION_OF_CANONICAL_WNT_SIGNALING_PATHWAY,2,23,50,1500,2.608695652173913,0.17706049687331893,Apoe|Dab2,0.8487413198204816
shared,GO_BP,GOBP_REGULATION_OF_CARBOHYDRATE_METABOLIC_PROCESS,0,18,50,1500,0.0,1.0,,1.0
shared,GO_BP,GOBP_REGULATION_OF_CARDIAC_MUSCLE_CONTRACTION,0,14,50,1500,0.0,1.0,,1.0
shared,GO_BP,GOBP_REGULATION_OF_CARTILAGE_DEVELOPMENT,0,15,50,1500,0.0,1.0,,1.0
shared,GO_BP,GOBP_REGULATION_OF_CATABOLIC_PROCESS,6,73,50,1500,2.4657534246575343,0.03122262791130445,Apoe|Cul4b|Dab2|Laptm5|Mylip|Tnfsf12,0.3475121257251352
shared,GO_BP,GOBP_REGULATION_OF_CATALYTIC_ACTIVITY,5,100,50,1500,1.5,0.23676077226258654,Apoe|Lilrb4a|Mef2c|Psmb8|Ptprc,0.9993149478615666
shared,GO_BP,GOBP_REGULATION_OF_CATECHOLAMINE_SECRETION,1,11,50,1500,2.7272727272727275,0.31215205147852715,Cxcl12,1.0
shared,GO_BP,GOBP_REGULATION_OF_CATION_CHANNEL_ACTIVITY,1,12,50,1500,2.5,0.33524969917904673,Ctss,1.0
shared,GO_BP,GOBP_REGULATION_OF_CD4_POSITIVE_ALPHA_BETA_T_CELL_ACTIVATION,2,11,50,1500,5.454545454545455,0.04943234891824236,Lgals1|Pf4,0.41405962367084453
shared,GO_BP,GOBP_REGULATION_OF_CELLULAR_COMPONENT_BIOGENESIS,2,126,50,1500,0.47619047619047616,0.9337013485880613,Apoe|Mef2c,1.0
shared,GO_BP,GOBP_REGULATION_OF_CELLULAR_COMPONENT_SIZE,2,47,50,1500,1.2765957446808511,0.4702033260751992,Apoe|Cxcl12,1.0
shared,GO_BP,GOBP_REGULATION_OF_CELLULAR_LOCALIZATION,5,98,50,1500,1.530612244897959,0.22418460908611118,Apoe|Ctsd|Dab2|Lilrb4a|Tyrobp,0.9714666393731484
shared,GO_BP,GOBP_REGULATION_OF_CELLULAR_RESPONSE_TO_GROWTH_FACTOR_STIMULUS,1,53,50,1500,0.5660377358490566,0.8394633427053331,Cflar,1.0
shared,GO_BP,GOBP_REGULATION_OF_CELLULAR_RESPONSE_TO_INSULIN_STIMULUS,1,13,50,1500,2.3076923076923075,0.3575867388571701,Ctsd,1.0
shared,GO_BP,GOBP_REGULATION_OF_CELLULAR_RESPONSE_TO_STRESS,1,38,50,1500,0.7894736842105263,0.7287458866817691,Cxcl12,1.0
shared,GO_BP,GOBP_REGULATION_OF_CELLULAR_RESPONSE_TO_TRANSFORMING_GROWTH_FACTOR_BETA_STIMULUS,1,14,50,1500,2.142857142857143,0.3791877227557184,Cflar,1.0
shared,GO_BP,GOBP_REGULATION_OF_CELL_ACTIVATION,9,92,50,1500,2.934782608695652,0.002558661107331798,Apoe|Laptm5|Lgals1|Lilrb4a|Mef2c|Pf4|Ptprc|Tec|Tyrobp,0.08485355713090147
shared,GO_BP,GOBP_REGULATION_OF_CELL_ADHESION,7,135,50,1500,1.5555555555555556,0.15613440865791092,Cxcl12|Dab2|Laptm5|Lgals1|Lilrb4a|Pf4|Ptprc,0.7879453853077802
shared,GO_BP,GOBP_REGULATION_OF_CELL_CELL_ADHESION,6,71,50,1500,2.535211267605634,0.027637674006483023,Cxcl12|Laptm5|Lgals1|Lilrb4a|Pf4|Ptprc,0.31406447734639803
shared,GO_BP,GOBP_REGULATION_OF_CELL_CYCLE,3,104,50,1500,0.8653846153846153,0.6873956086879696,Cul4b|Junb|Ptprc,1.0
shared,GO_BP,GOBP_REGULATION_OF_CELL_CYCLE_G1_S_PHASE_TRANSITION,1,23,50,1500,1.3043478260869565,0.5441591891136924,Cul4b,1.0
shared,GO_BP,GOBP_REGULATION_OF_CELL_CYCLE_PHASE_TRANSITION,1,41,50,1500,0.7317073170731707,0.755653168747937,Cul4b,1.0
shared,GO_BP,GOBP_REGULATION_OF_CELL_CYCLE_PROCESS,1,74,50,1500,0.4054054054054054,0.9236899348656785,Cul4b,1.0
shared,GO_BP,GOBP_REGULATION_OF_CELL_DEVELOPMENT,9,142,50,1500,1.9014084507042253,0.040529835816565864,Apoe|C1qc|Cxcl12|Lgals1|Lilrb4a|Mef2c|Pf4|Ptprc|Tyrobp,0.3858060738141343
shared,GO_BP,GOBP_REGULATION_OF_CELL_DIFFERENTIATION,12,253,50,1500,1.4229249011857708,0.12153369642569943,Apoe|C1qc|Cxcl12|Dab2|Junb|Lgals1|Lilrb4a|Mef2c|Pf4|Ptprc|Slc6a6|Tyrobp,0.6896654171055698
shared,GO_BP,GOBP_REGULATION_OF_CELL_DIVISION,0,23,50,1500,0.0,1.0,,1.0
shared,GO_BP,GOBP_REGULATION_OF_CELL_GROWTH,4,54,50,1500,2.2222222222222223,0.10176389420560962,Apoe|Bst2|Cxcl12|Dab2,0.6434487474090103
shared,GO_BP,GOBP_REGULATION_OF_CELL_JUNCTION_ASSEMBLY,1,53,50,1500,0.5660377358490566,0.8394633427053331,Mef2c,1.0
shared,GO_BP,GOBP_REGULATION_OF_CELL_KILLING,2,10,50,1500,6.0,0.04131092728840577,Ptprc|Tyrobp,0.3858060738141343
shared,GO_BP,GOBP_REGULATION_OF_CELL_MATRIX_ADHESION,0,25,50,1500,0.0,1.0,,1.0
shared,GO_BP,GOBP_REGULATION_OF_CELL_MIGRATION_INVOLVED_IN_SPROUTING_ANGIOGENESIS,0,13,50,1500,0.0,1.0,,1.0
shared,GO_BP,GOBP_REGULATION_OF_CELL_MORPHOGENESIS,0,35,50,1500,0.0,1.0,,1.0
shared,GO_BP,GOBP_REGULATION_OF_CELL_POPULATION_PROLIFERATION,15,248,50,1500,1.8145161290322578,0.011558640273572535,Apoe|C5ar1|Cflar|Csf2rb2|Cxcl12|Dab2|Ifitm3|Junb|Laptm5|Lilrb4a|Mef2c|Pf4|Ptprc|Sat1|Tyrobp,0.1936370148923234
shared,GO_BP,GOBP_REGULATION_OF_CELL_PROJECTION_ASSEMBLY,0,25,50,1500,0.0,1.0,,1.0
shared,GO_BP,GOBP_REGULATION_OF_CELL_PROJECTION_ORGANIZATION,6,122,50,1500,1.4754098360655739,0.21602611707024078,Apoe|Cflar|Cxcl12|Dab2|Lgals1|Mylip,0.9411325475580194
shared,GO_BP,GOBP_REGULATION_OF_CELL_SHAPE,0,16,50,1500,0.0,1.0,,1.0
shared,GO_BP,GOBP_REGULATION_OF_CELL_SIZE,2,26,50,1500,2.3076923076923075,0.21392436250078883,Apoe|Cxcl12,0.9344814222144674
shared,GO_BP,GOBP_REGULATION_OF_CELL_SUBSTRATE_ADHESION,2,49,50,1500,1.2244897959183674,0.4924325236817257,Dab2|Lgals1,1.0
shared,GO_BP,GOBP_REGULATION_OF_CELL_SUBSTRATE_JUNCTION_ORGANIZATION,0,17,50,1500,0.0,1.0,,1.0
shared,GO_BP,GOBP_REGULATION_OF_CHEMOTAXIS,2,46,50,1500,1.3043478260869565,0.4588829057877858,C5ar1|Cxcl12,1.0
shared,GO_BP,GOBP_REGULATION_OF_CHONDROCYTE_DIFFERENTIATION,0,13,50,1500,0.0,1.0,,1.0
shared,GO_BP,GOBP_REGULATION_OF_CHROMOSOME_ORGANIZATION,0,13,50,1500,0.0,1.0,,1.0
shared,GO_BP,GOBP_REGULATION_OF_CHROMOSOME_SEGREGATION,0,11,50,1500,0.0,1.0,,1.0
shared,GO_BP,GOBP_REGULATION_OF_CIRCADIAN_RHYTHM,0,10,50,1500,0.0,1.0,,1.0
shared,GO_BP,GOBP_REGULATION_OF_COAGULATION,1,13,50,1500,2.3076923076923075,0.3575867388571701,Apoe,1.0
shared,GO_BP,GOBP_REGULATION_OF_COLLAGEN_METABOLIC_PROCESS,0,10,50,1500,0.0,1.0,,1.0
shared,GO_BP,GOBP_REGULATION_OF_CYTOKINESIS,0,12,50,1500,0.0,1.0,,1.0
shared,GO_BP,GOBP_REGULATION_OF_CYTOKINE_PRODUCTION_INVOLVED_IN_IMMUNE_RESPONSE,3,20,50,1500,4.5,0.026644162448827665,Bst2|Laptm5|Lilrb4a,0.30589546993077577
shared,GO_BP,GOBP_REGULATION_OF_CYTOSKELETON_ORGANIZATION,2,67,50,1500,0.8955223880597015,0.6651326043560877,Bst2|Mef2c,1.0
shared,GO_BP,GOBP_REGULATION_OF_CYTOSOLIC_CALCIUM_ION_CONCENTRATION,0,17,50,1500,0.0,1.0,,1.0
shared,GO_BP,GOBP_REGULATION_OF_DEFENSE_RESPONSE,7,94,50,1500,2.2340425531914896,0.03288090959291625,Apoe|Ctss|Lgals1|Mef2c|Pf4|Pik3ap1|Tyrobp,0.3595741046588395
shared,GO_BP,GOBP_REGULATION_OF_DENDRITE_DEVELOPMENT,0,20,50,1500,0.0,1.0,,1.0
shared,GO_BP,GOBP_REGULATION_OF_DENDRITE_MORPHOGENESIS,0,13,50,1500,0.0,1.0,,1.0
shared,GO_BP,GOBP_REGULATION_OF_DENDRITIC_SPINE_DEVELOPMENT,2,10,50,1500,6.0,0.04131092728840577,Apoe|Mef2c,0.3858060738141343
shared,GO_BP,GOBP_REGULATION_OF_DENDRITIC_SPINE_MORPHOGENESIS,0,10,50,1500,0.0,1.0,,1.0
shared,GO_BP,GOBP_REGULATION_OF_DEVELOPMENTAL_GROWTH,3,60,50,1500,1.5,0.3230728173079596,Apoe|Cxcl12|Mef2c,1.0
shared,GO_BP,GOBP_REGULATION_OF_DNA_BINDING,0,15,50,1500,0.0,1.0,,1.0
shared,GO_BP,GOBP_REGULATION_OF_DNA_BINDING_TRANSCRIPTION_FACTOR_ACTIVITY,1,45,50,1500,0.6666666666666666,0.7874965257547175,Cflar,1.0
shared,GO_BP,GOBP_REGULATION_OF_DNA_BIOSYNTHETIC_PROCESS,0,10,50,1500,0.0,1.0,,1.0
shared,GO_BP,GOBP_REGULATION_OF_DNA_METABOLIC_PROCESS,1,30,50,1500,1.0,0.6419855589414076,Ptprc,1.0
shared,GO_BP,GOBP_REGULATION_OF_ENDOCYTOSIS,3,39,50,1500,2.3076923076923075,0.13784616132080219,Apoe|Dab2|Ptprc,0.7390794940822513
shared,GO_BP,GOBP_REGULATION_OF_ENDOTHELIAL_CELL_DIFFERENTIATION,0,12,50,1500,0.0,1.0,,1.0
shared,GO_BP,GOBP_REGULATION_OF_ENDOTHELIAL_CELL_MIGRATION,2,38,50,1500,1.5789473684210527,0.3640022098915078,Apoe|Mef2c,1.0
shared,GO_BP,GOBP_REGULATION_OF_EPITHELIAL_CELL_DIFFERENTIATION,0,37,50,1500,0.0,1.0,,1.0
shared,GO_BP,GOBP_REGULATION_OF_EPITHELIAL_CELL_PROLIFERATION,6,72,50,1500,2.5,0.029393700146628073,Apoe|C5ar1|Cflar|Cxcl12|Dab2|Mef2c,0.3316997412379904
shared,GO_BP,GOBP_REGULATION_OF_EPITHELIAL_TO_MESENCHYMAL_TRANSITION,1,18,50,1500,1.6666666666666667,0.45869546617711976,Dab2,1.0
shared,GO_BP,GOBP_REGULATION_OF_ESTABLISHMENT_OF_PROTEIN_LOCALIZATION,2,54,50,1500,1.1111111111111112,0.5454604803481333,Apoe|Ctsd,1.0
shared,GO_BP,GOBP_REGULATION_OF_EXOCYTOSIS,0,30,50,1500,0.0,1.0,,1.0
shared,GO_BP,GOBP_REGULATION_OF_EXTENT_OF_CELL_GROWTH,2,21,50,1500,2.857142857142857,0.15314117104382513,Apoe|Cxcl12,0.7778565760862105
shared,GO_BP,GOBP_REGULATION_OF_EXTRACELLULAR_MATRIX_ORGANIZATION,1,13,50,1500,2.3076923076923075,0.3575867388571701,Cflar,1.0
shared,GO_BP,GOBP_REGULATION_OF_EXTRINSIC_APOPTOTIC_SIGNALING_PATHWAY,4,26,50,1500,4.615384615384615,0.009504907071487278,Cflar|Dab2|Ptprc|Tnfsf12,0.17487271847704158
shared,GO_BP,GOBP_REGULATION_OF_EXTRINSIC_APOPTOTIC_SIGNALING_PATHWAY_VIA_DEATH_DOMAIN_RECEPTORS,1,11,50,1500,2.7272727272727275,0.31215205147852715,Cflar,1.0
shared,GO_BP,GOBP_REGULATION_OF_FATTY_ACID_METABOLIC_PROCESS,0,18,50,1500,0.0,1.0,,1.0
shared,GO_BP,GOBP_REGULATION_OF_FAT_CELL_DIFFERENTIATION,0,23,50,1500,0.0,1.0,,1.0
shared,GO_BP,GOBP_REGULATION_OF_FIBROBLAST_PROLIFERATION,0,19,50,1500,0.0,1.0,,1.0
shared,GO_BP,GOBP_REGULATION_OF_FILOPODIUM_ASSEMBLY,0,10,50,1500,0.0,1.0,,1.0
shared,GO_BP,GOBP_REGULATION_OF_GENERATION_OF_PRECURSOR_METABOLITES_AND_ENERGY,0,11,50,1500,0.0,1.0,,1.0
shared,GO_BP,GOBP_REGULATION_OF_GLIAL_CELL_DIFFERENTIATION,0,22,50,1500,0.0,1.0,,1.0
shared,GO_BP,GOBP_REGULATION_OF_GLIAL_CELL_MIGRATION,0,11,50,1500,0.0,1.0,,1.0
shared,GO_BP,GOBP_REGULATION_OF_GLIOGENESIS,0,28,50,1500,0.0,1.0,,1.0
shared,GO_BP,GOBP_REGULATION_OF_GRANULOCYTE_CHEMOTAXIS,1,15,50,1500,2.0,0.4000764265660914,C5ar1,1.0
shared,GO_BP,GOBP_REGULATION_OF_GROWTH,5,83,50,1500,1.8072289156626506,0.13829574339246678,Apoe|Bst2|Cxcl12|Dab2|Mef2c,0.7390794940822513
shared,GO_BP,GOBP_REGULATION_OF_GTPASE_ACTIVITY,0,13,50,1500,0.0,1.0,,1.0
shared,GO_BP,GOBP_REGULATION_OF_G_PROTEIN_COUPLED_RECEPTOR_SIGNALING_PATHWAY,0,28,50,1500,0.0,1.0,,1.0
shared,GO_BP,GOBP_REGULATION_OF_HEART_CONTRACTION,0,34,50,1500,0.0,1.0,,1.0
shared,GO_BP,GOBP_REGULATION_OF_HEART_GROWTH,1,16,50,1500,1.875,0.4202758734830577,Mef2c,1.0
shared,GO_BP,GOBP_REGULATION_OF_HEART_RATE,0,17,50,1500,0.0,1.0,,1.0
shared,GO_BP,GOBP_REGULATION_OF_HEMOPOIESIS,7,60,50,1500,3.5,0.002968818312479627,C1qc|Lgals1|Lilrb4a|Mef2c|Pf4|Ptprc|Tyrobp,0.09648659515558787
shared,GO_BP,GOBP_REGULATION_OF_HORMONE_LEVELS,1,77,50,1500,0.3896103896103896,0.9314440252939263,Dab2,1.0
shared,GO_BP,GOBP_REGULATION_OF_HORMONE_SECRETION,1,41,50,1500,0.7317073170731707,0.755653168747937,Dab2,1.0
shared,GO_BP,GOBP_REGULATION_OF_HYDROLASE_ACTIVITY,2,38,50,1500,1.5789473684210527,0.3640022098915078,Mef2c|Psmb8,1.0
shared,GO_BP,GOBP_REGULATION_OF_IMMUNE_EFFECTOR_PROCESS,7,55,50,1500,3.8181818181818183,0.0017735741002462243,Bst2|Laptm5|Lgals1|Lilrb4a|Pf4|Ptprc|Tyrobp,0.07046629676140853
shared,GO_BP,GOBP_REGULATION_OF_IMMUNE_RESPONSE,13,91,50,1500,4.285714285714286,3.5731949725262805e-06,Apoe|C1qa|C1qc|C5ar1|Laptm5|Lgals1|Lilrb4a|Mef2c|Pf4|Pik3ap1|Ptprc|Tec|Tyrobp,0.001229692384636016
shared,GO_BP,GOBP_REGULATION_OF_IMMUNE_SYSTEM_PROCESS,15,185,50,1500,2.4324324324324325,0.0005861897675276153,Apoe|Bst2|C1qa|C1qc|C5ar1|Cxcl12|Laptm5|Lgals1|Lilrb4a|Mef2c|Pf4|Pik3ap1|Ptprc|Tec|Tyrobp,0.03951662735813403
shared,GO_BP,GOBP_REGULATION_OF_INFLAMMATORY_RESPONSE,5,58,50,1500,2.586206896551724,0.0405610319953655,Apoe|Ctss|Lgals1|Pf4|Pik3ap1,0.3858060738141343
shared,GO_BP,GOBP_REGULATION_OF_INNATE_IMMUNE_RESPONSE,3,40,50,1500,2.25,0.1456779707612884,Apoe|Pik3ap1|Tyrobp,0.7515133412288688
shared,GO_BP,GOBP_REGULATION_OF_INSULIN_RECEPTOR_SIGNALING_PATHWAY,1,11,50,1500,2.7272727272727275,0.31215205147852715,Ctsd,1.0
shared,GO_BP,GOBP_REGULATION_OF_INSULIN_SECRETION,0,25,50,1500,0.0,1.0,,1.0
shared,GO_BP,GOBP_REGULATION_OF_INTRACELLULAR_PROTEIN_TRANSPORT,0,14,50,1500,0.0,1.0,,1.0
shared,GO_BP,GOBP_REGULATION_OF_INTRACELLULAR_TRANSPORT,1,25,50,1500,1.2,0.5745095173169409,Dab2,1.0
shared,GO_BP,GOBP_REGULATION_OF_INTRINSIC_APOPTOTIC_SIGNALING_PATHWAY,1,12,50,1500,2.5,0.33524969917904673,Cxcl12,1.0
shared,GO_BP,GOBP_REGULATION_OF_JNK_CASCADE,1,15,50,1500,2.0,0.4000764265660914,Dab2,1.0
shared,GO_BP,GOBP_REGULATION_OF_KETONE_METABOLIC_PROCESS,1,21,50,1500,1.4285714285714286,0.5116902720131731,Dab2,1.0
shared,GO_BP,GOBP_REGULATION_OF_KINASE_ACTIVITY,3,58,50,1500,1.5517241379310345,0.304369224763557,Apoe|Lilrb4a|Ptprc,1.0
shared,GO_BP,GOBP_REGULATION_OF_LEUKOCYTE_ADHESION_TO_VASCULAR_ENDOTHELIAL_CELL,1,10,50,1500,3.0,0.2882684421548648,Cxcl12,1.0
shared,GO_BP,GOBP_REGULATION_OF_LEUKOCYTE_APOPTOTIC_PROCESS,2,18,50,1500,3.3333333333333335,0.11872751053120777,Cxcl12|Mef2c,0.6817392389159457
shared,GO_BP,GOBP_REGULATION_OF_LEUKOCYTE_CHEMOTAXIS,2,29,50,1500,2.0689655172413794,0.25147901761228364,C5ar1|Cxcl12,1.0
shared,GO_BP,GOBP_REGULATION_OF_LEUKOCYTE_DIFFERENTIATION,6,47,50,1500,3.8297872340425534,0.0038192621776975987,C1qc|Lgals1|Lilrb4a|Pf4|Ptprc|Tyrobp,0.10343835064597662
shared,GO_BP,GOBP_REGULATION_OF_LEUKOCYTE_MEDIATED_IMMUNITY,4,27,50,1500,4.444444444444445,0.010886994050722444,Bst2|Lilrb4a|Ptprc|Tyrobp,0.1862248982360418
shared,GO_BP,GOBP_REGULATION_OF_LEUKOCYTE_MIGRATION,2,44,50,1500,1.3636363636363638,0.4358505956229922,C5ar1|Cxcl12,1.0
shared,GO_BP,GOBP_REGULATION_OF_LEUKOCYTE_PROLIFERATION,6,46,50,1500,3.913043478260869,0.003417859175925551,Csf2rb2|Laptm5|Lilrb4a|Mef2c|Ptprc|Tyrobp,0.09835782088653144
shared,GO_BP,GOBP_REGULATION_OF_LIPID_BIOSYNTHETIC_PROCESS,2,30,50,1500,2.0,0.26406742974514547,Apoe|Dab2,1.0
shared,GO_BP,GOBP_REGULATION_OF_LIPID_LOCALIZATION,2,26,50,1500,2.3076923076923075,0.21392436250078883,Apoe|Dab2,0.9344814222144674
shared,GO_BP,GOBP_REGULATION_OF_LIPID_METABOLIC_PROCESS,2,46,50,1500,1.3043478260869565,0.4588829057877858,Apoe|Dab2,1.0
shared,GO_BP,GOBP_REGULATION_OF_LIPID_TRANSPORT,2,23,50,1500,2.608695652173913,0.17706049687331893,Apoe|Dab2,0.8487413198204816
shared,GO_BP,GOBP_REGULATION_OF_LOCOMOTION,8,195,50,1500,1.2307692307692308,0.32003218961895746,Apoe|Bst2|C5ar1|Ccl4|Cxcl12|Dab2|Mef2c|Ptprc,1.0
shared,GO_BP,GOBP_REGULATION_OF_LONG_TERM_NEURONAL_SYNAPTIC_PLASTICITY,0,12,50,1500,0.0,1.0,,1.0
shared,GO_BP,GOBP_REGULATION_OF_LONG_TERM_SYNAPTIC_POTENTIATION,3,10,50,1500,9.0,0.0035480063258161673,Apoe|Nrgn|Tyrobp,0.09835782088653144
shared,GO_BP,GOBP_REGULATION_OF_LYMPHOCYTE_ACTIVATION,7,66,50,1500,3.1818181818181817,0.005131946985300644,Laptm5|Lgals1|Lilrb4a|Mef2c|Pf4|Ptprc|Tyrobp,0.11913448358733639
shared,GO_BP,GOBP_REGULATION_OF_LYMPHOCYTE_APOPTOTIC_PROCESS,0,10,50,1500,0.0,1.0,,1.0
shared,GO_BP,GOBP_REGULATION_OF_LYMPHOCYTE_DIFFERENTIATION,4,28,50,1500,4.285714285714286,0.01239328589341737,Lgals1|Lilrb4a|Pf4|Ptprc,0.195774081925416
shared,GO_BP,GOBP_REGULATION_OF_LYMPHOCYTE_MEDIATED_IMMUNITY,2,17,50,1500,3.5294117647058822,0.10775612872998955,Lilrb4a|Ptprc,0.6484617196732176
shared,GO_BP,GOBP_REGULATION_OF_MACROPHAGE_ACTIVATION,0,13,50,1500,0.0,1.0,,1.0
shared,GO_BP,GOBP_REGULATION_OF_MACROPHAGE_CHEMOTAXIS,1,10,50,1500,3.0,0.2882684421548648,C5ar1,1.0
shared,GO_BP,GOBP_REGULATION_OF_MACROPHAGE_MIGRATION,1,13,50,1500,2.3076923076923075,0.3575867388571701,C5ar1,1.0
shared,GO_BP,GOBP_REGULATION_OF_MAP_KINASE_ACTIVITY,2,19,50,1500,3.1578947368421053,0.12996801648711176,Apoe|Ptprc,0.7050821437679359
shared,GO_BP,GOBP_REGULATION_OF_MEIOTIC_CELL_CYCLE,0,10,50,1500,0.0,1.0,,1.0
shared,GO_BP,GOBP_REGULATION_OF_MEMBRANE_PERMEABILITY,1,10,50,1500,3.0,0.2882684421548648,Laptm5,1.0
shared,GO_BP,GOBP_REGULATION_OF_MEMBRANE_POTENTIAL,1,73,50,1500,0.4109589041095891,0.9209190537787387,Mef2c,1.0
shared,GO_BP,GOBP_REGULATION_OF_MICROTUBULE_BASED_PROCESS,0,26,50,1500,0.0,1.0,,1.0
shared,GO_BP,GOBP_REGULATION_OF_MICROTUBULE_CYTOSKELETON_ORGANIZATION,0,16,50,1500,0.0,1.0,,1.0
shared,GO_BP,GOBP_REGULATION_OF_MICROTUBULE_POLYMERIZATION_OR_DEPOLYMERIZATION,0,11,50,1500,0.0,1.0,,1.0
shared,GO_BP,GOBP_REGULATION_OF_MITOCHONDRION_ORGANIZATION,0,14,50,1500,0.0,1.0,,1.0
shared,GO_BP,GOBP_REGULATION_OF_MITOTIC_CELL_CYCLE,1,57,50,1500,0.5263157894736842,0.8605491527572983,Cul4b,1.0
shared,GO_BP,GOBP_REGULATION_OF_MITOTIC_CELL_CYCLE_PHASE_TRANSITION,1,30,50,1500,1.0,0.6419855589414076,Cul4b,1.0
shared,GO_BP,GOBP_REGULATION_OF_MITOTIC_NUCLEAR_DIVISION,0,16,50,1500,0.0,1.0,,1.0
shared,GO_BP,GOBP_REGULATION_OF_MOLECULAR_FUNCTION,8,183,50,1500,1.3114754098360657,0.2586706326938922,Apoe|Cflar|Ctss|Dab2|Lilrb4a|Mef2c|Psmb8|Ptprc,1.0
shared,GO_BP,GOBP_REGULATION_OF_MONOATOMIC_ION_TRANSMEMBRANE_TRANSPORT,1,45,50,1500,0.6666666666666666,0.7874965257547175,Ctss,1.0
shared,GO_BP,GOBP_REGULATION_OF_MONOATOMIC_ION_TRANSPORT,2,69,50,1500,0.8695652173913044,0.6811836404597504,Ctss|Cxcl12,1.0
shared,GO_BP,GOBP_REGULATION_OF_MONONUCLEAR_CELL_MIGRATION,2,25,50,1500,2.4,0.20153398901832625,C5ar1|Cxcl12,0.9047619843088474
shared,GO_BP,GOBP_REGULATION_OF_MORPHOGENESIS_OF_AN_EPITHELIUM,0,10,50,1500,0.0,1.0,,1.0
shared,GO_BP,GOBP_REGULATION_OF_MORPHOGENESIS_OF_A_BRANCHING_STRUCTURE,0,10,50,1500,0.0,1.0,,1.0
shared,GO_BP,GOBP_REGULATION_OF_MRNA_METABOLIC_PROCESS,0,11,50,1500,0.0,1.0,,1.0
shared,GO_BP,GOBP_REGULATION_OF_MULTICELLULAR_ORGANISMAL_DEVELOPMENT,11,242,50,1500,1.3636363636363638,0.1691837536998357,Apoe|C1qc|C5ar1|Cxcl12|Lgals1|Lilrb4a|Mef2c|Pf4|Ptprc|Stab1|Tyrobp,0.8305848935414895
shared,GO_BP,GOBP_REGULATION_OF_MULTICELLULAR_ORGANISM_GROWTH,0,10,50,1500,0.0,1.0,,1.0
shared,GO_BP,GOBP_REGULATION_OF_MUSCLE_ADAPTATION,1,16,50,1500,1.875,0.4202758734830577,Mef2c,1.0
shared,GO_BP,GOBP_REGULATION_OF_MUSCLE_CELL_DIFFERENTIATION,1,24,50,1500,1.25,0.5595904961849962,Mef2c,1.0
shared,GO_BP,GOBP_REGULATION_OF_MUSCLE_CONTRACTION,0,33,50,1500,0.0,1.0,,1.0
shared,GO_BP,GOBP_REGULATION_OF_MUSCLE_HYPERTROPHY,1,13,50,1500,2.3076923076923075,0.3575867388571701,Mef2c,1.0
shared,GO_BP,GOBP_REGULATION_OF_MUSCLE_SYSTEM_PROCESS,1,45,50,1500,0.6666666666666666,0.7874965257547175,Mef2c,1.0
shared,GO_BP,GOBP_REGULATION_OF_MYELOID_CELL_DIFFERENTIATION,5,33,50,1500,4.545454545454545,0.0039359910886258296,C1qc|Lilrb4a|Mef2c|Pf4|Tyrobp,0.10485222162322906
shared,GO_BP,GOBP_REGULATION_OF_MYELOID_LEUKOCYTE_DIFFERENTIATION,3,23,50,1500,3.913043478260869,0.03859569973016896,C1qc|Lilrb4a|Tyrobp,0.3858060738141343
shared,GO_BP,GOBP_REGULATION_OF_MYELOID_LEUKOCYTE_MEDIATED_IMMUNITY,1,11,50,1500,2.7272727272727275,0.31215205147852715,Tyrobp,1.0
shared,GO_BP,GOBP_REGULATION_OF_MYOBLAST_DIFFERENTIATION,1,12,50,1500,2.5,0.33524969917904673,Mef2c,1.0
shared,GO_BP,GOBP_REGULATION_OF_NERVOUS_SYSTEM_DEVELOPMENT,2,93,50,1500,0.6451612903225806,0.8293988287870959,Apoe|Cxcl12,1.0
shared,GO_BP,GOBP_REGULATION_OF_NERVOUS_SYSTEM_PROCESS,0,34,50,1500,0.0,1.0,,1.0
shared,GO_BP,GOBP_REGULATION_OF_NEURAL_PRECURSOR_CELL_PROLIFERATION,0,24,50,1500,0.0,1.0,,1.0
shared,GO_BP,GOBP_REGULATION_OF_NEUROGENESIS,2,81,50,1500,0.7407407407407407,0.7649719046963177,Apoe|Cxcl12,1.0
shared,GO_BP,GOBP_REGULATION_OF_NEURONAL_SYNAPTIC_PLASTICITY,0,24,50,1500,0.0,1.0,,1.0
shared,GO_BP,GOBP_REGULATION_OF_NEURON_APOPTOTIC_PROCESS,4,48,50,1500,2.5,0.07234859642143912,Apoe|C5ar1|Cflar|Mef2c,0.5319749736870523
shared,GO_BP,GOBP_REGULATION_OF_NEURON_DIFFERENTIATION,2,47,50,1500,1.2765957446808511,0.4702033260751992,Cxcl12|Mef2c,1.0
shared,GO_BP,GOBP_REGULATION_OF_NEURON_MIGRATION,0,10,50,1500,0.0,1.0,,1.0
shared,GO_BP,GOBP_REGULATION_OF_NEURON_PROJECTION_DEVELOPMENT,6,99,50,1500,1.8181818181818183,0.10647675713075583,Apoe|Cflar|Cxcl12|Dab2|Lgals1|Mylip,0.6484617196732176
shared,GO_BP,GOBP_REGULATION_OF_NEUROTRANSMITTER_SECRETION,1,20,50,1500,1.5,0.49461650530034706,Mef2c,1.0
shared,GO_BP,GOBP_REGULATION_OF_NEUROTRANSMITTER_TRANSPORT,1,22,50,1500,1.3636363636363638,0.5281983764075895,Mef2c,1.0
shared,GO_BP,GOBP_REGULATION_OF_NEUTROPHIL_MIGRATION,1,11,50,1500,2.7272727272727275,0.31215205147852715,C5ar1,1.0
shared,GO_BP,GOBP_REGULATION_OF_NITRIC_OXIDE_METABOLIC_PROCESS,1,14,50,1500,2.142857142857143,0.3791877227557184,Apoe,1.0
shared,GO_BP,GOBP_REGULATION_OF_NON_CANONICAL_NF_KAPPAB_SIGNAL_TRANSDUCTION,1,10,50,1500,3.0,0.2882684421548648,Laptm5,1.0
shared,GO_BP,GOBP_REGULATION_OF_NOTCH_SIGNALING_PATHWAY,0,17,50,1500,0.0,1.0,,1.0
shared,GO_BP,GOBP_REGULATION_OF_NUCLEAR_DIVISION,0,20,50,1500,0.0,1.0,,1.0
shared,GO_BP,GOBP_REGULATION_OF_NUCLEOCYTOPLASMIC_TRANSPORT,0,13,50,1500,0.0,1.0,,1.0
shared,GO_BP,GOBP_REGULATION_OF_OLIGODENDROCYTE_DIFFERENTIATION,0,15,50,1500,0.0,1.0,,1.0
shared,GO_BP,GOBP_REGULATION_OF_ORGANELLE_ASSEMBLY,0,19,50,1500,0.0,1.0,,1.0
shared,GO_BP,GOBP_REGULATION_OF_ORGANELLE_ORGANIZATION,2,129,50,1500,0.46511627906976744,0.9394031617568893,Bst2|Mef2c,1.0
shared,GO_BP,GOBP_REGULATION_OF_ORGANIC_ACID_TRANSPORT,0,22,50,1500,0.0,1.0,,1.0
shared,GO_BP,GOBP_REGULATION_OF_ORGAN_GROWTH,1,22,50,1500,1.3636363636363638,0.5281983764075895,Mef2c,1.0
shared,GO_BP,GOBP_REGULATION_OF_OSSIFICATION,1,24,50,1500,1.25,0.5595904961849962,Mef2c,1.0
shared,GO_BP,GOBP_REGULATION_OF_OSTEOBLAST_DIFFERENTIATION,1,25,50,1500,1.2,0.5745095173169409,Mef2c,1.0
shared,GO_BP,GOBP_REGULATION_OF_OSTEOCLAST_DIFFERENTIATION,2,13,50,1500,4.615384615384615,0.06720522304156554,Lilrb4a|Tyrobp,0.514186166026331
shared,GO_BP,GOBP_REGULATION_OF_PATTERN_RECOGNITION_RECEPTOR_SIGNALING_PATHWAY,1,14,50,1500,2.142857142857143,0.3791877227557184,Pik3ap1,1.0
shared,GO_BP,GOBP_REGULATION_OF_PEPTIDASE_ACTIVITY,1,11,50,1500,2.7272727272727275,0.31215205147852715,Psmb8,1.0
shared,GO_BP,GOBP_REGULATION_OF_PEPTIDE_TRANSPORT,0,30,50,1500,0.0,1.0,,1.0
shared,GO_BP,GOBP_REGULATION_OF_PEPTIDYL_SERINE_PHOSPHORYLATION,0,10,50,1500,0.0,1.0,,1.0
shared,GO_BP,GOBP_REGULATION_OF_PEPTIDYL_TYROSINE_PHOSPHORYLATION,2,35,50,1500,1.7142857142857142,0.32686990772459135,Lilrb4a|Ptprc,1.0
shared,GO_BP,GOBP_REGULATION_OF_PHAGOCYTOSIS,1,14,50,1500,2.142857142857143,0.3791877227557184,Ptprc,1.0
shared,GO_BP,GOBP_REGULATION_OF_PHOSPHORUS_METABOLIC_PROCESS,5,133,50,1500,1.1278195488721805,0.46017046886322094,Apoe|Dab2|Lilrb4a|Mef2c|Ptprc,1.0
shared,GO_BP,GOBP_REGULATION_OF_PHOSPHORYLATION,4,118,50,1500,1.0169491525423728,0.5640194461142476,Apoe|Dab2|Lilrb4a|Ptprc,1.0
shared,GO_BP,GOBP_REGULATION_OF_PLASMA_LIPOPROTEIN_PARTICLE_LEVELS,2,12,50,1500,5.0,0.05807792677281182,Apoe|Mylip,0.46734695413888633
shared,GO_BP,GOBP_REGULATION_OF_POSTSYNAPSE_ASSEMBLY,0,11,50,1500,0.0,1.0,,1.0
shared,GO_BP,GOBP_REGULATION_OF_POSTSYNAPSE_ORGANIZATION,1,30,50,1500,1.0,0.6419855589414076,Apoe,1.0
shared,GO_BP,GOBP_REGULATION_OF_POSTSYNAPTIC_MEMBRANE_NEUROTRANSMITTER_RECEPTOR_LEVELS,0,25,50,1500,0.0,1.0,,1.0
shared,GO_BP,GOBP_REGULATION_OF_POSTSYNAPTIC_MEMBRANE_POTENTIAL,1,34,50,1500,0.8823529411764706,0.6883105763500479,Mef2c,1.0
shared,GO_BP,GOBP_REGULATION_OF_POST_TRANSLATIONAL_PROTEIN_MODIFICATION,1,18,50,1500,1.6666666666666667,0.45869546617711976,Laptm5,1.0
shared,GO_BP,GOBP_REGULATION_OF_POTASSIUM_ION_TRANSMEMBRANE_TRANSPORT,0,11,50,1500,0.0,1.0,,1.0
shared,GO_BP,GOBP_REGULATION_OF_POTASSIUM_ION_TRANSPORT,0,13,50,1500,0.0,1.0,,1.0
shared,GO_BP,GOBP_REGULATION_OF_PRODUCTION_OF_MOLECULAR_MEDIATOR_OF_IMMUNE_RESPONSE,4,27,50,1500,4.444444444444445,0.010886994050722444,Bst2|Laptm5|Lilrb4a|Ptprc,0.1862248982360418
shared,GO_BP,GOBP_REGULATION_OF_PROGRAMMED_CELL_DEATH,11,193,50,1500,1.709844559585492,0.04731262056289991,Apoe|C5ar1|Cflar|Ctsd|Cxcl12|Dab2|Laptm5|Lgals1|Mef2c|Ptprc|Tnfsf12,0.41405962367084453
shared,GO_BP,GOBP_REGULATION_OF_PROTEASOMAL_PROTEIN_CATABOLIC_PROCESS,2,15,50,1500,4.0,0.08674586941049843,Apoe|Dab2,0.5897993213056901
shared,GO_BP,GOBP_REGULATION_OF_PROTEASOMAL_UBIQUITIN_DEPENDENT_PROTEIN_CATABOLIC_PROCESS,1,10,50,1500,3.0,0.2882684421548648,Dab2,1.0
shared,GO_BP,GOBP_REGULATION_OF_PROTEIN_BINDING,1,20,50,1500,1.5,0.49461650530034706,Dab2,1.0
shared,GO_BP,GOBP_REGULATION_OF_PROTEIN_CATABOLIC_PROCESS,5,39,50,1500,3.846153846153846,0.008208121737670805,Apoe|Cul4b|Dab2|Mylip|Tnfsf12,0.16536697540598388
shared,GO_BP,GOBP_REGULATION_OF_PROTEIN_CONTAINING_COMPLEX_ASSEMBLY,1,51,50,1500,0.5882352941176471,0.8277789323376701,Apoe,1.0
shared,GO_BP,GOBP_REGULATION_OF_PROTEIN_CONTAINING_COMPLEX_DISASSEMBLY,0,14,50,1500,0.0,1.0,,1.0
shared,GO_BP,GOBP_REGULATION_OF_PROTEIN_DEPOLYMERIZATION,0,11,50,1500,0.0,1.0,,1.0
shared,GO_BP,GOBP_REGULATION_OF_PROTEIN_IMPORT_INTO_NUCLEUS,0,12,50,1500,0.0,1.0,,1.0
shared,GO_BP,GOBP_REGULATION_OF_PROTEIN_LOCALIZATION_TO_CELL_PERIPHERY,1,21,50,1500,1.4285714285714286,0.5116902720131731,Dab2,1.0
shared,GO_BP,GOBP_REGULATION_OF_PROTEIN_LOCALIZATION_TO_MEMBRANE,1,22,50,1500,1.3636363636363638,0.5281983764075895,Dab2,1.0
shared,GO_BP,GOBP_REGULATION_OF_PROTEIN_LOCALIZATION_TO_NUCLEUS,1,20,50,1500,1.5,0.49461650530034706,Lilrb4a,1.0
shared,GO_BP,GOBP_REGULATION_OF_PROTEIN_LOCALIZATION_TO_PLASMA_MEMBRANE,1,15,50,1500,2.0,0.4000764265660914,Dab2,1.0
shared,GO_BP,GOBP_REGULATION_OF_PROTEIN_MODIFICATION_PROCESS,5,130,50,1500,1.153846153846154,0.43968971141133567,Apoe|Dab2|Laptm5|Lilrb4a|Ptprc,1.0
shared,GO_BP,GOBP_REGULATION_OF_PROTEIN_POLYMERIZATION,0,24,50,1500,0.0,1.0,,1.0
shared,GO_BP,GOBP_REGULATION_OF_PROTEIN_SECRETION,1,35,50,1500,0.8571428571428571,0.6989411842507965,Apoe,1.0
shared,GO_BP,GOBP_REGULATION_OF_PROTEIN_SERINE_THREONINE_KINASE_ACTIVITY,2,35,50,1500,1.7142857142857142,0.32686990772459135,Apoe|Ptprc,1.0
shared,GO_BP,GOBP_REGULATION_OF_PROTEIN_STABILITY,2,26,50,1500,2.3076923076923075,0.21392436250078883,Mylip|Tyrobp,0.9344814222144674
shared,GO_BP,GOBP_REGULATION_OF_PROTEIN_UBIQUITINATION,1,16,50,1500,1.875,0.4202758734830577,Laptm5,1.0
shared,GO_BP,GOBP_REGULATION_OF_PROTEOLYSIS,4,38,50,1500,3.1578947368421053,0.034983200223598375,Apoe|Dab2|Laptm5|Psmb8,0.3715535971460612
shared,GO_BP,GOBP_REGULATION_OF_PROTEOLYSIS_INVOLVED_IN_PROTEIN_CATABOLIC_PROCESS,3,18,50,1500,5.0,0.019985074320243792,Apoe|Dab2|Laptm5,0.2706312147533013
shared,GO_BP,GOBP_REGULATION_OF_REACTIVE_OXYGEN_SPECIES_METABOLIC_PROCESS,2,16,50,1500,3.75,0.0970847228115921,Cflar|Tyrobp,0.6211128920032959
shared,GO_BP,GOBP_REGULATION_OF_RECEPTOR_INTERNALIZATION,1,10,50,1500,3.0,0.2882684421548648,Dab2,1.0
shared,GO_BP,GOBP_REGULATION_OF_RECEPTOR_MEDIATED_ENDOCYTOSIS,1,15,50,1500,2.0,0.4000764265660914,Dab2,1.0
shared,GO_BP,GOBP_REGULATION_OF_RECEPTOR_SIGNALING_PATHWAY_VIA_STAT,1,15,50,1500,2.0,0.4000764265660914,Ptprc,1.0
shared,GO_BP,GOBP_REGULATION_OF_REGULATED_SECRETORY_PATHWAY,0,18,50,1500,0.0,1.0,,1.0
shared,GO_BP,GOBP_REGULATION_OF_RELEASE_OF_SEQUESTERED_CALCIUM_ION_INTO_CYTOSOL,0,10,50,1500,0.0,1.0,,1.0
shared,GO_BP,GOBP_REGULATION_OF_REPRODUCTIVE_PROCESS,0,28,50,1500,0.0,1.0,,1.0
shared,GO_BP,GOBP_REGULATION_OF_RESPONSE_TO_BIOTIC_STIMULUS,3,48,50,1500,1.875,0.2129617728476184,Apoe|Pik3ap1|Tyrobp,0.9344814222144674
shared,GO_BP,GOBP_REGULATION_OF_RESPONSE_TO_CYTOKINE_STIMULUS,2,20,50,1500,3.0,0.14144844471358778,Laptm5|Ptprc,0.7390794940822513
shared,GO_BP,GOBP_REGULATION_OF_RESPONSE_TO_EXTERNAL_STIMULUS,8,144,50,1500,1.6666666666666667,0.0989156936072056,Apoe|C5ar1|Ctss|Cxcl12|Lgals1|Pf4|Pik3ap1|Tyrobp,0.630345106320428
shared,GO_BP,GOBP_REGULATION_OF_RESPONSE_TO_STRESS,8,142,50,1500,1.6901408450704225,0.09284973009835061,Apoe|Ctss|Cxcl12|Lgals1|Mef2c|Pf4|Pik3ap1|Tyrobp,0.6211128920032959
shared,GO_BP,GOBP_REGULATION_OF_RESPONSE_TO_WOUNDING,1,32,50,1500,0.9375,0.6659340944396241,Apoe,1.0
shared,GO_BP,GOBP_REGULATION_OF_RHO_PROTEIN_SIGNAL_TRANSDUCTION,1,13,50,1500,2.3076923076923075,0.3575867388571701,Apoe,1.0
shared,GO_BP,GOBP_REGULATION_OF_SECRETION,4,96,50,1500,1.25,0.3994180946065767,Apoe|Cxcl12|Dab2|Mef2c,1.0
shared,GO_BP,GOBP_REGULATION_OF_SIGNALING_RECEPTOR_ACTIVITY,1,15,50,1500,2.0,0.4000764265660914,Lilrb4a,1.0
shared,GO_BP,GOBP_REGULATION_OF_SIGNAL_TRANSDUCTION_BY_P53_CLASS_MEDIATOR,0,10,50,1500,0.0,1.0,,1.0
shared,GO_BP,GOBP_REGULATION_OF_SISTER_CHROMATID_SEGREGATION,0,10,50,1500,0.0,1.0,,1.0
shared,GO_BP,GOBP_REGULATION_OF_SMALL_GTPASE_MEDIATED_SIGNAL_TRANSDUCTION,1,34,50,1500,0.8823529411764706,0.6883105763500479,Apoe,1.0
shared,GO_BP,GOBP_REGULATION_OF_SMALL_MOLECULE_METABOLIC_PROCESS,2,41,50,1500,1.4634146341463414,0.40039713749493766,Apoe|Dab2,1.0
shared,GO_BP,GOBP_REGULATION_OF_SMOOTH_MUSCLE_CONTRACTION,0,17,50,1500,0.0,1.0,,1.0
shared,GO_BP,GOBP_REGULATION_OF_SODIUM_ION_TRANSPORT,0,14,50,1500,0.0,1.0,,1.0
shared,GO_BP,GOBP_REGULATION_OF_STEM_CELL_PROLIFERATION,1,19,50,1500,1.5789473684210527,0.4769581022710094,Ptprc,1.0
shared,GO_BP,GOBP_REGULATION_OF_STEROID_METABOLIC_PROCESS,2,10,50,1500,6.0,0.04131092728840577,Apoe|Dab2,0.3858060738141343
shared,GO_BP,GOBP_REGULATION_OF_STRIATED_MUSCLE_CELL_DIFFERENTIATION,1,16,50,1500,1.875,0.4202758734830577,Mef2c,1.0
shared,GO_BP,GOBP_REGULATION_OF_STRIATED_MUSCLE_CONTRACTION,0,16,50,1500,0.0,1.0,,1.0
shared,GO_BP,GOBP_REGULATION_OF_SUBSTRATE_ADHESION_DEPENDENT_CELL_SPREADING,1,12,50,1500,2.5,0.33524969917904673,Dab2,1.0
shared,GO_BP,GOBP_REGULATION_OF_SUPRAMOLECULAR_FIBER_ORGANIZATION,2,53,50,1500,1.1320754716981132,0.535155658992266,Apoe|Mef2c,1.0
shared,GO_BP,GOBP_REGULATION_OF_SYNAPSE_ASSEMBLY,1,30,50,1500,1.0,0.6419855589414076,Mef2c,1.0
shared,GO_BP,GOBP_REGULATION_OF_SYNAPSE_STRUCTURE_OR_ACTIVITY,2,59,50,1500,1.0169491525423728,0.5946496976806868,Apoe|Mef2c,1.0
shared,GO_BP,GOBP_REGULATION_OF_SYNAPTIC_PLASTICITY,4,55,50,1500,2.181818181818182,0.1071421246676448,Apoe|Mef2c|Nrgn|Tyrobp,0.6484617196732176
shared,GO_BP,GOBP_REGULATION_OF_SYNAPTIC_TRANSMISSION_GLUTAMATERGIC,1,21,50,1500,1.4285714285714286,0.5116902720131731,Mef2c,1.0
shared,GO_BP,GOBP_REGULATION_OF_SYSTEMIC_ARTERIAL_BLOOD_PRESSURE,1,22,50,1500,1.3636363636363638,0.5281983764075895,Ttr,1.0
shared,GO_BP,GOBP_REGULATION_OF_SYSTEM_PROCESS,4,102,50,1500,1.1764705882352942,0.4459635326567103,Apoe|Dab2|Mef2c|Ttr,1.0
shared,GO_BP,GOBP_REGULATION_OF_TISSUE_REMODELING,0,17,50,1500,0.0,1.0,,1.0
shared,GO_BP,GOBP_REGULATION_OF_TRANSFERASE_ACTIVITY,3,59,50,1500,1.5254237288135595,0.31371481999432677,Apoe|Lilrb4a|Ptprc,1.0
shared,GO_BP,GOBP_REGULATION_OF_TRANSLATION,0,13,50,1500,0.0,1.0,,1.0
shared,GO_BP,GOBP_REGULATION_OF_TRANSMEMBRANE_RECEPTOR_PROTEIN_SERINE_THREONINE_KINASE_SIGNALING_PATHWAY,1,36,50,1500,0.8333333333333334,0.7092162291569126,Dab2,1.0
shared,GO_BP,GOBP_REGULATION_OF_TRANSMEMBRANE_TRANSPORT,1,67,50,1500,0.44776119402985076,0.9021004487597856,Ctss,1.0
shared,GO_BP,GOBP_REGULATION_OF_TRANSPORT,6,223,50,1500,0.8071748878923767,0.7774858117204244,Apoe|Ctss|Cxcl12|Dab2|Mef2c|Ptprc,1.0
shared,GO_BP,GOBP_REGULATION_OF_TRANSPORTER_ACTIVITY,1,30,50,1500,1.0,0.6419855589414076,Ctss,1.0
shared,GO_BP,GOBP_REGULATION_OF_TRANS_SYNAPTIC_SIGNALING,5,113,50,1500,1.3274336283185841,0.3226921737700444,Apoe|Mef2c|Nrgn|Slc6a6|Tyrobp,1.0
shared,GO_BP,GOBP_REGULATION_OF_TUBE_SIZE,1,39,50,1500,0.7692307692307692,0.7380227031427208,Apoe,1.0
shared,GO_BP,GOBP_REGULATION_OF_T_CELL_ACTIVATION,5,50,50,1500,3.0,0.02291150058023974,Laptm5|Lgals1|Lilrb4a|Pf4|Ptprc,0.29313654236641734
shared,GO_BP,GOBP_REGULATION_OF_T_CELL_PROLIFERATION,3,29,50,1500,3.103448275862069,0.06929647406754862,Laptm5|Lilrb4a|Ptprc,0.514186166026331
shared,GO_BP,GOBP_REGULATION_OF_UBIQUITIN_DEPENDENT_PROTEIN_CATABOLIC_PROCESS,2,11,50,1500,5.454545454545455,0.04943234891824236,Dab2|Laptm5,0.41405962367084453
shared,GO_BP,GOBP_REGULATION_OF_VASCULAR_PERMEABILITY,2,14,50,1500,4.285714285714286,0.07677394817604072,Apoe|Ccl4,0.5400764752643556
shared,GO_BP,GOBP_REGULATION_OF_VASCULATURE_DEVELOPMENT,4,65,50,1500,1.8461538461538463,0.16752770205961204,C5ar1|Cxcl12|Pf4|Stab1,0.8249470177177866
shared,GO_BP,GOBP_REGULATION_OF_VASOCONSTRICTION,0,15,50,1500,0.0,1.0,,1.0
shared,GO_BP,GOBP_REGULATION_OF_VESICLE_FUSION,0,12,50,1500,0.0,1.0,,1.0
shared,GO_BP,GOBP_REGULATION_OF_VESICLE_MEDIATED_TRANSPORT,3,74,50,1500,1.2162162162162162,0.45251749134404146,Apoe|Dab2|Ptprc,1.0
shared,GO_BP,GOBP_REGULATION_OF_VIRAL_GENOME_REPLICATION,2,11,50,1500,5.454545454545455,0.04943234891824236,Bst2|Ifitm3,0.41405962367084453
shared,GO_BP,GOBP_REGULATION_OF_VIRAL_LIFE_CYCLE,3,14,50,1500,6.428571428571429,0.009792872234714329,Bst2|Ifitm3|Lgals1,0.17487271847704158
shared,GO_BP,GOBP_REGULATION_OF_VIRAL_PROCESS,3,15,50,1500,6.0,0.011956460152065383,Bst2|Ifitm3|Lgals1,0.195774081925416
shared,GO_BP,GOBP_REGULATION_OF_WNT_SIGNALING_PATHWAY,2,33,50,1500,1.8181818181818181,0.301829565218506,Apoe|Dab2,1.0
shared,GO_BP,GOBP_REGULATION_OF_WOUND_HEALING,1,23,50,1500,1.3043478260869565,0.5441591891136924,Apoe,1.0
shared,GO_BP,GOBP_RENAL_SYSTEM_DEVELOPMENT,2,63,50,1500,0.9523809523809523,0.6311562472382795,Cflar|Mef2c,1.0
shared,GO_BP,GOBP_RENAL_SYSTEM_PROCESS,2,13,50,1500,4.615384615384615,0.06720522304156554,Dab2|Ttr,0.514186166026331
shared,GO_BP,GOBP_RENAL_SYSTEM_VASCULATURE_DEVELOPMENT,1,11,50,1500,2.7272727272727275,0.31215205147852715,Cflar,1.0
shared,GO_BP,GOBP_RENAL_TUBULE_DEVELOPMENT,1,16,50,1500,1.875,0.4202758734830577,Mef2c,1.0
shared,GO_BP,GOBP_RENAL_TUBULE_MORPHOGENESIS,1,13,50,1500,2.3076923076923075,0.3575867388571701,Mef2c,1.0
shared,GO_BP,GOBP_REPRODUCTIVE_PROCESS,2,173,50,1500,0.3468208092485549,0.984795835628128,Cxcl12|Junb,1.0
shared,GO_BP,GOBP_REPRODUCTIVE_SYSTEM_DEVELOPMENT,0,48,50,1500,0.0,1.0,,1.0
shared,GO_BP,GOBP_RESPIRATORY_GASEOUS_EXCHANGE_BY_RESPIRATORY_SYSTEM,0,12,50,1500,0.0,1.0,,1.0
shared,GO_BP,GOBP_RESPIRATORY_SYSTEM_DEVELOPMENT,1,45,50,1500,0.6666666666666666,0.7874965257547175,Ctsd,1.0
shared,GO_BP,GOBP_RESPONSE_TO_ABIOTIC_STIMULUS,7,161,50,1500,1.3043478260869565,0.28517697842330725,Ctss|Cul4b|Cxcl12|Ptprc|Ttr|mt-Co2|mt-Nd4,1.0
shared,GO_BP,GOBP_RESPONSE_TO_ACID_CHEMICAL,0,31,50,1500,0.0,1.0,,1.0
shared,GO_BP,GOBP_RESPONSE_TO_ACTIVITY,0,17,50,1500,0.0,1.0,,1.0
shared,GO_BP,GOBP_RESPONSE_TO_ALCOHOL,2,37,50,1500,1.6216216216216215,0.3516951994318052,Pf4|mt-Nd4,1.0
shared,GO_BP,GOBP_RESPONSE_TO_ALKALOID,0,23,50,1500,0.0,1.0,,1.0
shared,GO_BP,GOBP_RESPONSE_TO_AMINE,0,11,50,1500,0.0,1.0,,1.0
shared,GO_BP,GOBP_RESPONSE_TO_AMYLOID_BETA,0,12,50,1500,0.0,1.0,,1.0
shared,GO_BP,GOBP_RESPONSE_TO_ANGIOTENSIN,0,10,50,1500,0.0,1.0,,1.0
shared,GO_BP,GOBP_RESPONSE_TO_AUDITORY_STIMULUS,0,10,50,1500,0.0,1.0,,1.0
shared,GO_BP,GOBP_RESPONSE_TO_AXON_INJURY,2,20,50,1500,3.0,0.14144844471358778,Apoe|Tyrobp,0.7390794940822513
shared,GO_BP,GOBP_RESPONSE_TO_BACTERIUM,9,101,50,1500,2.6732673267326734,0.0048806223147393425,C5ar1|Cd52|Cflar|Lilrb4a|Lyz2|Mef2c|Mrc1|Pf4|Stab1,0.11837330240972285
shared,GO_BP,GOBP_RESPONSE_TO_BIOTIC_STIMULUS,22,177,50,1500,3.7288135593220337,5.1579689391599435e-09,Apoe|Bst2|C1qa|C1qc|C5ar1|Ccl4|Cd52|Cflar|Cxcl12|Ifi27l2a|Ifitm3|Laptm5|Lilrb4a|Ly6e|Lyz2|Mef2c|Mrc1|Pf4|Pik3ap1|Ptprc|Stab1|Tyrobp,8.381699526134909e-06
shared,GO_BP,GOBP_RESPONSE_TO_BMP,0,28,50,1500,0.0,1.0,,1.0
shared,GO_BP,GOBP_RESPONSE_TO_CADMIUM_ION,0,11,50,1500,0.0,1.0,,1.0
shared,GO_BP,GOBP_RESPONSE_TO_CALCIUM_ION,3,29,50,1500,3.103448275862069,0.06929647406754862,Cpne2|Junb|Mef2c,0.514186166026331
shared,GO_BP,GOBP_RESPONSE_TO_CAMP,0,14,50,1500,0.0,1.0,,1.0
shared,GO_BP,GOBP_RESPONSE_TO_CARBOHYDRATE,0,35,50,1500,0.0,1.0,,1.0
shared,GO_BP,GOBP_RESPONSE_TO_CHEMOKINE,2,11,50,1500,5.454545454545455,0.04943234891824236,Ccl4|Cxcl12,0.41405962367084453
shared,GO_BP,GOBP_RESPONSE_TO_COCAINE,0,15,50,1500,0.0,1.0,,1.0
shared,GO_BP,GOBP_RESPONSE_TO_COPPER_ION,0,12,50,1500,0.0,1.0,,1.0
shared,GO_BP,GOBP_RESPONSE_TO_CORTICOSTEROID,1,27,50,1500,1.1111111111111112,0.60287685419108,Pf4,1.0
shared,GO_BP,GOBP_RESPONSE_TO_DECREASED_OXYGEN_LEVELS,2,62,50,1500,0.9677419354838709,0.6222676450712645,mt-Co2|mt-Nd4,1.0
shared,GO_BP,GOBP_RESPONSE_TO_ENDOGENOUS_STIMULUS,8,219,50,1500,1.095890410958904,0.4496553906821014,Apoe|Cflar|Ctsd|Dab2|Junb|Mef2c|Mylip|Pf4,1.0
shared,GO_BP,GOBP_RESPONSE_TO_ENDOPLASMIC_RETICULUM_STRESS,0,17,50,1500,0.0,1.0,,1.0
shared,GO_BP,GOBP_RESPONSE_TO_ESTRADIOL,0,16,50,1500,0.0,1.0,,1.0
shared,GO_BP,GOBP_RESPONSE_TO_ESTROGEN,0,14,50,1500,0.0,1.0,,1.0
shared,GO_BP,GOBP_RESPONSE_TO_ETHANOL,1,20,50,1500,1.5,0.49461650530034706,mt-Nd4,1.0
shared,GO_BP,GOBP_RESPONSE_TO_FATTY_ACID,0,11,50,1500,0.0,1.0,,1.0
shared,GO_BP,GOBP_RESPONSE_TO_FIBROBLAST_GROWTH_FACTOR,0,34,50,1500,0.0,1.0,,1.0
shared,GO_BP,GOBP_RESPONSE_TO_GROWTH_FACTOR,3,124,50,1500,0.7258064516129031,0.7980955550459157,Cflar|Dab2|Mef2c,1.0
shared,GO_BP,GOBP_RESPONSE_TO_HEAT,0,16,50,1500,0.0,1.0,,1.0
shared,GO_BP,GOBP_RESPONSE_TO_HORMONE,5,135,50,1500,1.1111111111111112,0.47372741487837067,Ctsd|Dab2|Junb|Mef2c|Pf4,1.0
shared,GO_BP,GOBP_RESPONSE_TO_HYDROGEN_PEROXIDE,0,15,50,1500,0.0,1.0,,1.0
shared,GO_BP,GOBP_RESPONSE_TO_INSULIN,1,44,50,1500,0.6818181818181819,0.7799395031997644,Ctsd,1.0
shared,GO_BP,GOBP_RESPONSE_TO_INTERFERON_BETA,2,13,50,1500,4.615384615384615,0.06720522304156554,Bst2|Ifitm3,0.514186166026331
shared,GO_BP,GOBP_RESPONSE_TO_INTERLEUKIN_1,0,14,50,1500,0.0,1.0,,1.0
shared,GO_BP,GOBP_RESPONSE_TO_IONIZING_RADIATION,1,14,50,1500,2.142857142857143,0.3791877227557184,Ptprc,1.0
shared,GO_BP,GOBP_RESPONSE_TO_ISCHEMIA,1,12,50,1500,2.5,0.33524969917904673,Mef2c,1.0
shared,GO_BP,GOBP_RESPONSE_TO_KETONE,2,31,50,1500,1.9354838709677418,0.27666470071835436,Cflar|Pf4,1.0
shared,GO_BP,GOBP_RESPONSE_TO_LEUKEMIA_INHIBITORY_FACTOR,1,15,50,1500,2.0,0.4000764265660914,Laptm5,1.0
shared,GO_BP,GOBP_RESPONSE_TO_LIGHT_STIMULUS,2,37,50,1500,1.6216216216216215,0.3516951994318052,Cul4b|Ttr,1.0
shared,GO_BP,GOBP_RESPONSE_TO_LIPID,7,122,50,1500,1.7213114754098362,0.10516071424089778,Cflar|Dab2|Junb|Lilrb4a|Mef2c|Mrc1|Pf4,0.6484617196732176
shared,GO_BP,GOBP_RESPONSE_TO_MACROPHAGE_COLONY_STIMULATING_FACTOR,0,21,50,1500,0.0,1.0,,1.0
shared,GO_BP,GOBP_RESPONSE_TO_MECHANICAL_STIMULUS,1,46,50,1500,0.6521739130434783,0.7947990506428715,Cxcl12,1.0
shared,GO_BP,GOBP_RESPONSE_TO_METAL_ION,3,64,50,1500,1.40625,0.3605177956624396,Cpne2|Junb|Mef2c,1.0
shared,GO_BP,GOBP_RESPONSE_TO_MOLECULE_OF_BACTERIAL_ORIGIN,5,52,50,1500,2.8846153846153846,0.02673055798779702,C5ar1|Lilrb4a|Mef2c|Mrc1|Pf4,0.30589546993077577
shared,GO_BP,GOBP_RESPONSE_TO_NERVE_GROWTH_FACTOR,0,11,50,1500,0.0,1.0,,1.0
shared,GO_BP,GOBP_RESPONSE_TO_NICOTINE,1,11,50,1500,2.7272727272727275,0.31215205147852715,mt-Nd4,1.0
shared,GO_BP,GOBP_RESPONSE_TO_NITROGEN_COMPOUND,7,154,50,1500,1.3636363636363635,0.24759540081017029,Apoe|C5ar1|Cflar|Ctsd|Ly6e|Mef2c|Mylip,1.0
shared,GO_BP,GOBP_RESPONSE_TO_NUTRIENT,0,28,50,1500,0.0,1.0,,1.0
shared,GO_BP,GOBP_RESPONSE_TO_NUTRIENT_LEVELS,1,68,50,1500,0.4411764705882353,0.9055163437786347,Apoe,1.0
shared,GO_BP,GOBP_RESPONSE_TO_ORGANOPHOSPHORUS,0,20,50,1500,0.0,1.0,,1.0
shared,GO_BP,GOBP_RESPONSE_TO_OSMOTIC_STRESS,0,11,50,1500,0.0,1.0,,1.0
shared,GO_BP,GOBP_RESPONSE_TO_OXIDATIVE_STRESS,2,46,50,1500,1.3043478260869565,0.4588829057877858,Apoe|Gpx3,1.0
shared,GO_BP,GOBP_RESPONSE_TO_OXYGEN_LEVELS,2,65,50,1500,0.9230769230769231,0.6484589165006058,mt-Co2|mt-Nd4,1.0
shared,GO_BP,GOBP_RESPONSE_TO_PAIN,0,13,50,1500,0.0,1.0,,1.0
shared,GO_BP,GOBP_RESPONSE_TO_PEPTIDE,9,129,50,1500,2.0930232558139537,0.023270531670934055,Bst2|Ccl4|Csf2rb2|Cxcl12|Ifitm3|Laptm5|Mrc1|Pf4|Ptprc,0.29313654236641734
shared,GO_BP,GOBP_RESPONSE_TO_PEPTIDE_HORMONE,1,71,50,1500,0.4225352112676056,0.9150782745587396,Ctsd,1.0
shared,GO_BP,GOBP_RESPONSE_TO_PROGESTERONE,0,10,50,1500,0.0,1.0,,1.0
shared,GO_BP,GOBP_RESPONSE_TO_PURINE_CONTAINING_COMPOUND,0,22,50,1500,0.0,1.0,,1.0
shared,GO_BP,GOBP_RESPONSE_TO_RADIATION,3,49,50,1500,1.836734693877551,0.22183535858597545,Cul4b|Ptprc|Ttr,0.9638568387759628
shared,GO_BP,GOBP_RESPONSE_TO_REACTIVE_OXYGEN_SPECIES,0,29,50,1500,0.0,1.0,,1.0
shared,GO_BP,GOBP_RESPONSE_TO_RETINOIC_ACID,1,15,50,1500,2.0,0.4000764265660914,Mef2c,1.0
shared,GO_BP,GOBP_RESPONSE_TO_STARVATION,0,19,50,1500,0.0,1.0,,1.0
shared,GO_BP,GOBP_RESPONSE_TO_STEM_CELL_FACTOR,0,19,50,1500,0.0,1.0,,1.0
shared,GO_BP,GOBP_RESPONSE_TO_STEROID_HORMONE,3,44,50,1500,2.0454545454545454,0.17839486825642273,Dab2|Junb|Pf4,0.850122172776208
shared,GO_BP,GOBP_RESPONSE_TO_TEMPERATURE_STIMULUS,1,22,50,1500,1.3636363636363638,0.5281983764075895,Cxcl12,1.0
shared,GO_BP,GOBP_RESPONSE_TO_TOXIC_SUBSTANCE,2,38,50,1500,1.5789473684210527,0.3640022098915078,Apoe|Gpx3,1.0
shared,GO_BP,GOBP_RESPONSE_TO_TRANSFORMING_GROWTH_FACTOR_BETA,3,38,50,1500,2.368421052631579,0.1301690111571574,Cflar|Dab2|Mef2c,0.7050821437679359
shared,GO_BP,GOBP_RESPONSE_TO_TUMOR_NECROSIS_FACTOR,1,24,50,1500,1.25,0.5595904961849962,Laptm5,1.0
shared,GO_BP,GOBP_RESPONSE_TO_TYPE_II_INTERFERON,3,16,50,1500,5.625,0.014373895602843016,Bst2|Ifitm3|Mrc1,0.2162738921724065
shared,GO_BP,GOBP_RESPONSE_TO_UV,1,14,50,1500,2.142857142857143,0.3791877227557184,Cul4b,1.0
shared,GO_BP,GOBP_RESPONSE_TO_VIRUS,4,33,50,1500,3.6363636363636362,0.021911536874291787,Bst2|Ifi27l2a|Ifitm3|Ptprc,0.28948168634735083
shared,GO_BP,GOBP_RESPONSE_TO_VITAMIN,0,16,50,1500,0.0,1.0,,1.0
shared,GO_BP,GOBP_RESPONSE_TO_WOUNDING,7,101,50,1500,2.0792079207920793,0.04617985790237408,Apoe|Cflar|F13a1|Lilrb4a|Pf4|Tec|Tyrobp,0.41405962367084453
shared,GO_BP,GOBP_RESPONSE_TO_XENOBIOTIC_STIMULUS,2,58,50,1500,1.0344827586206897,0.5851264814879288,Ccl4|Mef2c,1.0
shared,GO_BP,GOBP_RETINA_DEVELOPMENT_IN_CAMERA_TYPE_EYE,0,41,50,1500,0.0,1.0,,1.0
shared,GO_BP,GOBP_RETINA_MORPHOGENESIS_IN_CAMERA_TYPE_EYE,0,16,50,1500,0.0,1.0,,1.0
shared,GO_BP,GOBP_RHO_PROTEIN_SIGNAL_TRANSDUCTION,1,16,50,1500,1.875,0.4202758734830577,Apoe,1.0
shared,GO_BP,GOBP_RHYTHMIC_PROCESS,0,43,50,1500,0.0,1.0,,1.0
shared,GO_BP,GOBP_RIBONUCLEOTIDE_CATABOLIC_PROCESS,0,12,50,1500,0.0,1.0,,1.0
shared,GO_BP,GOBP_RIBOSE_PHOSPHATE_METABOLIC_PROCESS,1,23,50,1500,1.3043478260869565,0.5441591891136924,mt-Nd4,1.0
shared,GO_BP,GOBP_RNA_PROCESSING,0,16,50,1500,0.0,1.0,,1.0
shared,GO_BP,GOBP_RNA_SPLICING,0,12,50,1500,0.0,1.0,,1.0
shared,GO_BP,GOBP_ROOF_OF_MOUTH_DEVELOPMENT,1,12,50,1500,2.5,0.33524969917904673,Mef2c,1.0
shared,GO_BP,GOBP_SARCOMERE_ORGANIZATION,1,13,50,1500,2.3076923076923075,0.3575867388571701,Mef2c,1.0
shared,GO_BP,GOBP_SECRETION,6,147,50,1500,1.2244897959183672,0.3647737631880828,Apoe|Cxcl12|Dab2|Ly6e|Mef2c|mt-Co2,1.0
shared,GO_BP,GOBP_SECRETORY_GRANULE_LOCALIZATION,0,10,50,1500,0.0,1.0,,1.0
shared,GO_BP,GOBP_SEGMENTATION,0,16,50,1500,0.0,1.0,,1.0
shared,GO_BP,GOBP_SEMAPHORIN_PLEXIN_SIGNALING_PATHWAY,2,13,50,1500,4.615384615384615,0.06720522304156554,Mef2c|Tyrobp,0.514186166026331
shared,GO_BP,GOBP_SENSORY_ORGAN_DEVELOPMENT,0,113,50,1500,0.0,1.0,,1.0
shared,GO_BP,GOBP_SENSORY_ORGAN_MORPHOGENESIS,0,47,50,1500,0.0,1.0,,1.0
shared,GO_BP,GOBP_SENSORY_PERCEPTION,1,53,50,1500,0.5660377358490566,0.8394633427053331,Cxcl12,1.0
shared,GO_BP,GOBP_SENSORY_PERCEPTION_OF_LIGHT_STIMULUS,0,19,50,1500,0.0,1.0,,1.0
shared,GO_BP,GOBP_SENSORY_PERCEPTION_OF_MECHANICAL_STIMULUS,1,28,50,1500,1.0714285714285714,0.616356933817995,Cxcl12,1.0
shared,GO_BP,GOBP_SENSORY_PERCEPTION_OF_PAIN,1,13,50,1500,2.3076923076923075,0.3575867388571701,Cxcl12,1.0
shared,GO_BP,GOBP_SENSORY_SYSTEM_DEVELOPMENT,1,80,50,1500,0.375,0.9384243735551238,C1qa,1.0
shared,GO_BP,GOBP_SEQUESTERING_OF_CALCIUM_ION,1,15,50,1500,2.0,0.4000764265660914,Ptprc,1.0
shared,GO_BP,GOBP_SEXUAL_REPRODUCTION,1,98,50,1500,0.30612244897959184,0.9678288469722423,Cxcl12,1.0
shared,GO_BP,GOBP_SEX_DIFFERENTIATION,0,39,50,1500,0.0,1.0,,1.0
shared,GO_BP,GOBP_SIGNAL_RELEASE,3,88,50,1500,1.0227272727272727,0.5716851175464279,Cxcl12|Dab2|Mef2c,1.0
shared,GO_BP,GOBP_SIGNAL_TRANSDUCTION_BY_P53_CLASS_MEDIATOR,0,15,50,1500,0.0,1.0,,1.0
shared,GO_BP,GOBP_SIGNAL_TRANSDUCTION_IN_RESPONSE_TO_DNA_DAMAGE,0,13,50,1500,0.0,1.0,,1.0
shared,GO_BP,GOBP_SINGLE_FERTILIZATION,0,12,50,1500,0.0,1.0,,1.0
shared,GO_BP,GOBP_SISTER_CHROMATID_SEGREGATION,0,19,50,1500,0.0,1.0,,1.0
shared,GO_BP,GOBP_SKELETAL_MUSCLE_CELL_DIFFERENTIATION,1,12,50,1500,2.5,0.33524969917904673,Mef2c,1.0
shared,GO_BP,GOBP_SKELETAL_MUSCLE_ORGAN_DEVELOPMENT,2,30,50,1500,2.0,0.26406742974514547,Cflar|Mef2c,1.0
shared,GO_BP,GOBP_SKELETAL_SYSTEM_DEVELOPMENT,3,87,50,1500,1.0344827586206897,0.5636774670434521,Mef2c|Ptprc|Tyrobp,1.0
shared,GO_BP,GOBP_SKELETAL_SYSTEM_MORPHOGENESIS,1,32,50,1500,0.9375,0.6659340944396241,Mef2c,1.0
shared,GO_BP,GOBP_SKIN_DEVELOPMENT,0,33,50,1500,0.0,1.0,,1.0
shared,GO_BP,GOBP_SKIN_EPIDERMIS_DEVELOPMENT,0,20,50,1500,0.0,1.0,,1.0
shared,GO_BP,GOBP_SMAD_PROTEIN_SIGNAL_TRANSDUCTION,1,10,50,1500,3.0,0.2882684421548648,Dab2,1.0
shared,GO_BP,GOBP_SMALL_GTPASE_MEDIATED_SIGNAL_TRANSDUCTION,1,47,50,1500,0.6382978723404256,0.8018554794378209,Apoe,1.0
shared,GO_BP,GOBP_SMALL_MOLECULE_BIOSYNTHETIC_PROCESS,2,50,50,1500,1.2,0.5033344253193706,Apoe|Dab2,1.0
shared,GO_BP,GOBP_SMALL_MOLECULE_CATABOLIC_PROCESS,1,21,50,1500,1.4285714285714286,0.5116902720131731,Apoe,1.0
shared,GO_BP,GOBP_SMALL_MOLECULE_METABOLIC_PROCESS,5,128,50,1500,1.171875,0.4259594429399392,Apoe|Cbr2|Dab2|Ttr|mt-Nd4,1.0
shared,GO_BP,GOBP_SMOOTH_MUSCLE_CELL_DIFFERENTIATION,1,19,50,1500,1.5789473684210527,0.4769581022710094,Mef2c,1.0
shared,GO_BP,GOBP_SMOOTH_MUSCLE_CELL_MIGRATION,1,32,50,1500,0.9375,0.6659340944396241,Mef2c,1.0
shared,GO_BP,GOBP_SMOOTH_MUSCLE_CELL_PROLIFERATION,2,43,50,1500,1.3953488372093024,0.424148062560875,Apoe|Mef2c,1.0
shared,GO_BP,GOBP_SMOOTH_MUSCLE_CONTRACTION,0,26,50,1500,0.0,1.0,,1.0
shared,GO_BP,GOBP_SODIUM_ION_HOMEOSTASIS,0,13,50,1500,0.0,1.0,,1.0
shared,GO_BP,GOBP_SODIUM_ION_TRANSMEMBRANE_TRANSPORT,1,33,50,1500,0.9090909090909091,0.6773123609777841,Slc6a6,1.0
shared,GO_BP,GOBP_SODIUM_ION_TRANSPORT,1,39,50,1500,0.7692307692307692,0.7380227031427208,Slc6a6,1.0
shared,GO_BP,GOBP_SOMATIC_STEM_CELL_POPULATION_MAINTENANCE,0,10,50,1500,0.0,1.0,,1.0
shared,GO_BP,GOBP_SOMITE_DEVELOPMENT,0,11,50,1500,0.0,1.0,,1.0
shared,GO_BP,GOBP_SOMITOGENESIS,0,11,50,1500,0.0,1.0,,1.0
shared,GO_BP,GOBP_SPECIFICATION_OF_SYMMETRY,1,18,50,1500,1.6666666666666667,0.45869546617711976,Mef2c,1.0
shared,GO_BP,GOBP_SPERMATID_DIFFERENTIATION,0,27,50,1500,0.0,1.0,,1.0
shared,GO_BP,GOBP_SPERM_FLAGELLUM_ASSEMBLY,0,10,50,1500,0.0,1.0,,1.0
shared,GO_BP,GOBP_SPHINGOLIPID_METABOLIC_PROCESS,0,10,50,1500,0.0,1.0,,1.0
shared,GO_BP,GOBP_SPINAL_CORD_DEVELOPMENT,0,15,50,1500,0.0,1.0,,1.0
shared,GO_BP,GOBP_SPINDLE_ASSEMBLY,0,12,50,1500,0.0,1.0,,1.0
shared,GO_BP,GOBP_SPINDLE_ORGANIZATION,0,16,50,1500,0.0,1.0,,1.0
shared,GO_BP,GOBP_SPROUTING_ANGIOGENESIS,0,32,50,1500,0.0,1.0,,1.0
shared,GO_BP,GOBP_STARTLE_RESPONSE,0,10,50,1500,0.0,1.0,,1.0
shared,GO_BP,GOBP_STEM_CELL_DEVELOPMENT,1,25,50,1500,1.2,0.5745095173169409,Ptprc,1.0
shared,GO_BP,GOBP_STEM_CELL_DIFFERENTIATION,2,42,50,1500,1.4285714285714286,0.4123282859057648,Mef2c|Ptprc,1.0
shared,GO_BP,GOBP_STEM_CELL_PROLIFERATION,2,26,50,1500,2.3076923076923075,0.21392436250078883,Dab2|Ptprc,0.9344814222144674
shared,GO_BP,GOBP_STEROID_BIOSYNTHETIC_PROCESS,2,11,50,1500,5.454545454545455,0.04943234891824236,Apoe|Dab2,0.41405962367084453
shared,GO_BP,GOBP_STEROID_METABOLIC_PROCESS,2,26,50,1500,2.3076923076923075,0.21392436250078883,Apoe|Dab2,0.9344814222144674
shared,GO_BP,GOBP_STEROL_TRANSPORT,1,10,50,1500,3.0,0.2882684421548648,Apoe,1.0
shared,GO_BP,GOBP_STRESS_FIBER_ASSEMBLY,0,16,50,1500,0.0,1.0,,1.0
shared,GO_BP,GOBP_STRIATED_MUSCLE_CELL_DIFFERENTIATION,3,52,50,1500,1.7307692307692306,0.24889507447060455,Cflar|Cxcl12|Mef2c,1.0
shared,GO_BP,GOBP_STRIATED_MUSCLE_CELL_PROLIFERATION,2,16,50,1500,3.75,0.0970847228115921,Cflar|Mef2c,0.6211128920032959
shared,GO_BP,GOBP_STRIATED_MUSCLE_CONTRACTION,0,30,50,1500,0.0,1.0,,1.0
shared,GO_BP,GOBP_SUBSTRATE_ADHESION_DEPENDENT_CELL_SPREADING,1,19,50,1500,1.5789473684210527,0.4769581022710094,Dab2,1.0
shared,GO_BP,GOBP_SULFUR_COMPOUND_BIOSYNTHETIC_PROCESS,0,10,50,1500,0.0,1.0,,1.0
shared,GO_BP,GOBP_SULFUR_COMPOUND_METABOLIC_PROCESS,0,18,50,1500,0.0,1.0,,1.0
shared,GO_BP,GOBP_SULFUR_COMPOUND_TRANSPORT,1,13,50,1500,2.3076923076923075,0.3575867388571701,Slc6a6,1.0
shared,GO_BP,GOBP_SUPEROXIDE_METABOLIC_PROCESS,1,10,50,1500,3.0,0.2882684421548648,Tyrobp,1.0
shared,GO_BP,GOBP_SUPRAMOLECULAR_FIBER_ORGANIZATION,3,110,50,1500,0.8181818181818182,0.7245188173478939,Apoe|Cflar|Mef2c,1.0
shared,GO_BP,GOBP_SYMBIONT_ENTRY_INTO_HOST,1,10,50,1500,3.0,0.2882684421548648,Lgals1,1.0
shared,GO_BP,GOBP_SYNAPSE_ASSEMBLY,1,50,50,1500,0.6,0.8216281799211584,Mef2c,1.0
shared,GO_BP,GOBP_SYNAPSE_MATURATION,0,11,50,1500,0.0,1.0,,1.0
shared,GO_BP,GOBP_SYNAPSE_ORGANIZATION,5,105,50,1500,1.4285714285714286,0.2690639639768061,Apoe|C1qa|C1qc|C5ar1|Mef2c,1.0
shared,GO_BP,GOBP_SYNAPTIC_SIGNALING,6,147,50,1500,1.2244897959183672,0.3647737631880828,Apoe|Ly6e|Mef2c|Nrgn|Slc6a6|Tyrobp,1.0
shared,GO_BP,GOBP_SYNAPTIC_TRANSMISSION_GABAERGIC,0,10,50,1500,0.0,1.0,,1.0
shared,GO_BP,GOBP_SYNAPTIC_TRANSMISSION_GLUTAMATERGIC,1,31,50,1500,0.9677419354838709,0.6541629208821762,Mef2c,1.0
shared,GO_BP,GOBP_SYNAPTIC_VESICLE_CYCLE,0,30,50,1500,0.0,1.0,,1.0
shared,GO_BP,GOBP_SYNAPTIC_VESICLE_EXOCYTOSIS,0,21,50,1500,0.0,1.0,,1.0
shared,GO_BP,GOBP_TAXIS,4,84,50,1500,1.4285714285714286,0.30567542038139156,C5ar1|Ccl4|Cxcl12|Pf4,1.0
shared,GO_BP,GOBP_TELENCEPHALON_DEVELOPMENT,1,62,50,1500,0.48387096774193544,0.883120908666515,Cxcl12,1.0
shared,GO_BP,GOBP_TEMPERATURE_HOMEOSTASIS,0,26,50,1500,0.0,1.0,,1.0
shared,GO_BP,GOBP_TIGHT_JUNCTION_ORGANIZATION,0,16,50,1500,0.0,1.0,,1.0
shared,GO_BP,GOBP_TISSUE_HOMEOSTASIS,1,44,50,1500,0.6818181818181819,0.7799395031997644,Ctss,1.0
shared,GO_BP,GOBP_TISSUE_MIGRATION,0,15,50,1500,0.0,1.0,,1.0
shared,GO_BP,GOBP_TISSUE_MORPHOGENESIS,4,98,50,1500,1.2244897959183674,0.4150107058037434,Ctsd|Cxcl12|Ly6e|Mef2c,1.0
shared,GO_BP,GOBP_TISSUE_REGENERATION,1,15,50,1500,2.0,0.4000764265660914,Cflar,1.0
shared,GO_BP,GOBP_TISSUE_REMODELING,2,38,50,1500,1.5789473684210527,0.3640022098915078,Ctss|Mef2c,1.0
shared,GO_BP,GOBP_TOR_SIGNALING,0,10,50,1500,0.0,1.0,,1.0
shared,GO_BP,GOBP_TRABECULA_MORPHOGENESIS,0,10,50,1500,0.0,1.0,,1.0
shared,GO_BP,GOBP_TRANSFORMING_GROWTH_FACTOR_BETA_RECEPTOR_SIGNALING_PATHWAY,1,22,50,1500,1.3636363636363638,0.5281983764075895,Dab2,1.0
shared,GO_BP,GOBP_TRANSLATION,0,14,50,1500,0.0,1.0,,1.0
shared,GO_BP,GOBP_TRANSMEMBRANE_TRANSPORT,6,168,50,1500,1.0714285714285714,0.49566687984114915,Ctss|Ptprc|Slc6a6|mt-Co2|mt-Co3|mt-Nd4,1.0
shared,GO_BP,GOBP_TRANSMISSION_OF_NERVE_IMPULSE,0,23,50,1500,0.0,1.0,,1.0
shared,GO_BP,GOBP_TRIGLYCERIDE_METABOLIC_PROCESS,1,11,50,1500,2.7272727272727275,0.31215205147852715,Apoe,1.0
shared,GO_BP,GOBP_TUBE_DEVELOPMENT,9,204,50,1500,1.3235294117647058,0.23053124373526787,Apoe|C5ar1|Ctsd|Cxcl12|Junb|Mef2c|Pf4|Stab1|Tnfsf12,0.9791871726231405
shared,GO_BP,GOBP_TUBE_FORMATION,0,20,50,1500,0.0,1.0,,1.0
shared,GO_BP,GOBP_TUBE_MORPHOGENESIS,9,173,50,1500,1.560693641618497,0.11267937704680968,Apoe|C5ar1|Ctsd|Cxcl12|Junb|Mef2c|Pf4|Stab1|Tnfsf12,0.6658326825493299
shared,GO_BP,GOBP_TUMOR_NECROSIS_FACTOR_SUPERFAMILY_CYTOKINE_PRODUCTION,4,26,50,1500,4.615384615384615,0.009504907071487278,Ccl4|Lilrb4a|Ptprc|Tyrobp,0.17487271847704158
shared,GO_BP,GOBP_TYPE_2_IMMUNE_RESPONSE,1,10,50,1500,3.0,0.2882684421548648,Lilrb4a,1.0
shared,GO_BP,GOBP_TYPE_II_INTERFERON_PRODUCTION,2,17,50,1500,3.5294117647058822,0.10775612872998955,Laptm5|Lilrb4a,0.6484617196732176
shared,GO_BP,GOBP_TYPE_I_INTERFERON_PRODUCTION,1,10,50,1500,3.0,0.2882684421548648,Tyrobp,1.0
shared,GO_BP,GOBP_TYROSINE_PHOSPHORYLATION_OF_STAT_PROTEIN,0,10,50,1500,0.0,1.0,,1.0
shared,GO_BP,GOBP_T_CELL_ACTIVATION,7,74,50,1500,2.8378378378378377,0.009656788365175096,Cxcl12|Laptm5|Lgals1|Lilrb4a|Pf4|Ptprc|Tyrobp,0.17487271847704158
shared,GO_BP,GOBP_T_CELL_ACTIVATION_INVOLVED_IN_IMMUNE_RESPONSE,3,20,50,1500,4.5,0.026644162448827665,Lgals1|Pf4|Tyrobp,0.30589546993077577
shared,GO_BP,GOBP_T_CELL_DIFFERENTIATION,4,40,50,1500,3.0,0.04125384488813946,Lgals1|Lilrb4a|Pf4|Ptprc,0.3858060738141343
shared,GO_BP,GOBP_T_CELL_DIFFERENTIATION_INVOLVED_IN_IMMUNE_RESPONSE,2,11,50,1500,5.454545454545455,0.04943234891824236,Lgals1|Pf4,0.41405962367084453
shared,GO_BP,GOBP_T_CELL_DIFFERENTIATION_IN_THYMUS,1,11,50,1500,2.7272727272727275,0.31215205147852715,Ptprc,1.0
shared,GO_BP,GOBP_T_CELL_MEDIATED_IMMUNITY,2,15,50,1500,4.0,0.08674586941049843,Lilrb4a|Ptprc,0.5897993213056901
shared,GO_BP,GOBP_T_CELL_PROLIFERATION,4,35,50,1500,3.4285714285714284,0.026699482447428365,Cxcl12|Laptm5|Lilrb4a|Ptprc,0.30589546993077577
shared,GO_BP,GOBP_T_CELL_RECEPTOR_SIGNALING_PATHWAY,4,12,50,1500,10.0,0.0004447408803799079,Laptm5|Lilrb4a|Ptprc|Tec,0.03256798402825023
shared,GO_BP,GOBP_T_HELPER_1_TYPE_IMMUNE_RESPONSE,0,10,50,1500,0.0,1.0,,1.0
shared,GO_BP,GOBP_UNSATURATED_FATTY_ACID_METABOLIC_PROCESS,0,12,50,1500,0.0,1.0,,1.0
shared,GO_BP,GOBP_VACUOLE_ORGANIZATION,2,11,50,1500,5.454545454545455,0.04943234891824236,Ctsd|Laptm5,0.41405962367084453
shared,GO_BP,GOBP_VASCULAR_ASSOCIATED_SMOOTH_MUSCLE_CELL_DIFFERENTIATION,0,10,50,1500,0.0,1.0,,1.0
shared,GO_BP,GOBP_VASCULAR_ASSOCIATED_SMOOTH_MUSCLE_CELL_MIGRATION,1,10,50,1500,3.0,0.2882684421548648,Mef2c,1.0
shared,GO_BP,GOBP_VASCULAR_ASSOCIATED_SMOOTH_MUSCLE_CELL_PROLIFERATION,1,16,50,1500,1.875,0.4202758734830577,Mef2c,1.0
shared,GO_BP,GOBP_VASCULAR_ENDOTHELIAL_GROWTH_FACTOR_PRODUCTION,1,11,50,1500,2.7272727272727275,0.31215205147852715,C5ar1,1.0
shared,GO_BP,GOBP_VASCULAR_ENDOTHELIAL_GROWTH_FACTOR_RECEPTOR_SIGNALING_PATHWAY,0,30,50,1500,0.0,1.0,,1.0
shared,GO_BP,GOBP_VASCULAR_ENDOTHELIAL_GROWTH_FACTOR_SIGNALING_PATHWAY,0,29,50,1500,0.0,1.0,,1.0
shared,GO_BP,GOBP_VASCULAR_PROCESS_IN_CIRCULATORY_SYSTEM,2,55,50,1500,1.090909090909091,0.5556112094093976,Apoe|Ccl4,1.0
shared,GO_BP,GOBP_VASCULATURE_DEVELOPMENT,9,152,50,1500,1.7763157894736843,0.05874749118126642,Apoe|C5ar1|Cflar|Cxcl12|Junb|Mef2c|Pf4|Stab1|Tnfsf12,0.4702693259584134
shared,GO_BP,GOBP_VASCULOGENESIS,1,22,50,1500,1.3636363636363638,0.5281983764075895,Junb,1.0
shared,GO_BP,GOBP_VASOCONSTRICTION,0,19,50,1500,0.0,1.0,,1.0
shared,GO_BP,GOBP_VASODILATION,1,18,50,1500,1.6666666666666667,0.45869546617711976,Apoe,1.0
shared,GO_BP,GOBP_VENTRICULAR_CARDIAC_MUSCLE_TISSUE_DEVELOPMENT,1,18,50,1500,1.6666666666666667,0.45869546617711976,Ly6e,1.0
shared,GO_BP,GOBP_VENTRICULAR_CARDIAC_MUSCLE_TISSUE_MORPHOGENESIS,1,12,50,1500,2.5,0.33524969917904673,Ly6e,1.0
shared,GO_BP,GOBP_VENTRICULAR_SEPTUM_DEVELOPMENT,0,15,50,1500,0.0,1.0,,1.0
shared,GO_BP,GOBP_VENTRICULAR_SEPTUM_MORPHOGENESIS,0,11,50,1500,0.0,1.0,,1.0
shared,GO_BP,GOBP_VESICLE_LOCALIZATION,0,21,50,1500,0.0,1.0,,1.0
shared,GO_BP,GOBP_VESICLE_MEDIATED_TRANSPORT,11,153,50,1500,2.1568627450980395,0.009546988250618508,Apoe|Cd163|Dab2|Ifitm3|Laptm5|Lilrb4a|Mrc1|Ptprc|Siglech|Stab1|Tyrobp,0.17487271847704158
shared,GO_BP,GOBP_VESICLE_MEDIATED_TRANSPORT_IN_SYNAPSE,0,38,50,1500,0.0,1.0,,1.0
shared,GO_BP,GOBP_VESICLE_MEDIATED_TRANSPORT_TO_THE_PLASMA_MEMBRANE,0,11,50,1500,0.0,1.0,,1.0
shared,GO_BP,GOBP_VESICLE_ORGANIZATION,1,29,50,1500,1.0344827586206897,0.6293882879681989,Apoe,1.0
shared,GO_BP,GOBP_VIRAL_GENOME_REPLICATION,2,11,50,1500,5.454545454545455,0.04943234891824236,Bst2|Ifitm3,0.41405962367084453
shared,GO_BP,GOBP_VIRAL_LIFE_CYCLE,4,23,50,1500,5.217391304347826,0.006061313828002251,Apoe|Bst2|Ifitm3|Lgals1,0.1292595759457285
shared,GO_BP,GOBP_VIRAL_PROCESS,4,27,50,1500,4.444444444444445,0.010886994050722444,Apoe|Bst2|Ifitm3|Lgals1,0.1862248982360418
shared,GO_BP,GOBP_VISUAL_BEHAVIOR,0,14,50,1500,0.0,1.0,,1.0
shared,GO_BP,GOBP_WNT_SIGNALING_PATHWAY,2,44,50,1500,1.3636363636363638,0.4358505956229922,Apoe|Dab2,1.0
shared,GO_BP,GOBP_WOUND_HEALING,6,62,50,1500,2.9032258064516125,0.014915545487544335,Apoe|Cflar|F13a1|Lilrb4a|Pf4|Tec,0.22126410383369632
drug0,Reactome,REACTOME_ADAPTIVE_IMMUNE_SYSTEM,0,52,50,1500,0.0,1.0,,1.0
drug0,Reactome,REACTOME_ADHERENS_JUNCTIONS_INTERACTIONS,1,11,50,1500,2.7272727272727275,0.31215205147852715,Zeb2,1.0
drug0,Reactome,REACTOME_ANTIGEN_PROCESSING_UBIQUITINATION_PROTEASOME_DEGRADATION,0,11,50,1500,0.0,1.0,,1.0
drug0,Reactome,REACTOME_APOPTOSIS,0,10,50,1500,0.0,1.0,,1.0
drug0,Reactome,REACTOME_ASPARAGINE_N_LINKED_GLYCOSYLATION,1,14,50,1500,2.142857142857143,0.3791877227557184,Sptbn1,1.0
drug0,Reactome,REACTOME_ASSEMBLY_OF_COLLAGEN_FIBRILS_AND_OTHER_MULTIMERIC_STRUCTURES,0,21,50,1500,0.0,1.0,,1.0
drug0,Reactome,REACTOME_A_TETRASACCHARIDE_LINKER_SEQUENCE_IS_REQUIRED_FOR_GAG_SYNTHESIS,0,10,50,1500,0.0,1.0,,1.0
drug0,Reactome,REACTOME_BASIGIN_INTERACTIONS,2,10,50,1500,6.0,0.04131092728840577,Atp1b1|Mag,0.5886807138597823
drug0,Reactome,REACTOME_CARDIAC_CONDUCTION,2,21,50,1500,2.857142857142857,0.15314117104382513,Atp1b1|Atp2b1,1.0
drug0,Reactome,REACTOME_CDC42_GTPASE_CYCLE,1,15,50,1500,2.0,0.4000764265660914,Chn1,1.0
drug0,Reactome,REACTOME_CELLULAR_RESPONSES_TO_STIMULI,0,46,50,1500,0.0,1.0,,1.0
drug0,Reactome,REACTOME_CELLULAR_RESPONSE_TO_CHEMICAL_STRESS,0,15,50,1500,0.0,1.0,,1.0
drug0,Reactome,REACTOME_CELL_CELL_COMMUNICATION,1,14,50,1500,2.142857142857143,0.3791877227557184,Zeb2,1.0
drug0,Reactome,REACTOME_CELL_CELL_JUNCTION_ORGANIZATION,1,11,50,1500,2.7272727272727275,0.31215205147852715,Zeb2,1.0
drug0,Reactome,REACTOME_CELL_CYCLE,0,25,50,1500,0.0,1.0,,1.0
drug0,Reactome,REACTOME_CELL_CYCLE_CHECKPOINTS,0,11,50,1500,0.0,1.0,,1.0
drug0,Reactome,REACTOME_CELL_JUNCTION_ORGANIZATION,1,12,50,1500,2.5,0.33524969917904673,Zeb2,1.0
drug0,Reactome,REACTOME_CELL_SURFACE_INTERACTIONS_AT_THE_VASCULAR_WALL,2,25,50,1500,2.4,0.20153398901832625,Atp1b1|Mag,1.0
drug0,Reactome,REACTOME_CHONDROITIN_SULFATE_DERMATAN_SULFATE_METABOLISM,0,10,50,1500,0.0,1.0,,1.0
drug0,Reactome,REACTOME_CLASS_A_1_RHODOPSIN_LIKE_RECEPTORS,1,43,50,1500,0.6976744186046512,0.7721193007548377,Plppr4,1.0
drug0,Reactome,REACTOME_CLASS_I_MHC_MEDIATED_ANTIGEN_PROCESSING_PRESENTATION,0,16,50,1500,0.0,1.0,,1.0
drug0,Reactome,REACTOME_COLLAGEN_BIOSYNTHESIS_AND_MODIFYING_ENZYMES,0,25,50,1500,0.0,1.0,,1.0
drug0,Reactome,REACTOME_COLLAGEN_CHAIN_TRIMERIZATION,0,23,50,1500,0.0,1.0,,1.0
drug0,Reactome,REACTOME_COLLAGEN_DEGRADATION,0,19,50,1500,0.0,1.0,,1.0
drug0,Reactome,REACTOME_COLLAGEN_FORMATION,0,28,50,1500,0.0,1.0,,1.0
drug0,Reactome,REACTOME_COMPLEMENT_CASCADE,1,11,50,1500,2.7272727272727275,0.31215205147852715,Clu,1.0
drug0,Reactome,REACTOME_CYTOKINE_SIGNALING_IN_IMMUNE_SYSTEM,0,34,50,1500,0.0,1.0,,1.0
drug0,Reactome,REACTOME_DEGRADATION_OF_THE_EXTRACELLULAR_MATRIX,0,30,50,1500,0.0,1.0,,1.0
drug0,Reactome,REACTOME_DEUBIQUITINATION,0,11,50,1500,0.0,1.0,,1.0
drug0,Reactome,REACTOME_DEVELOPMENTAL_BIOLOGY,1,56,50,1500,0.5357142857142857,0.8555473289681053,Sptbn1,1.0
drug0,Reactome,REACTOME_ECM_PROTEOGLYCANS,0,19,50,1500,0.0,1.0,,1.0
drug0,Reactome,REACTOME_ER_TO_GOLGI_ANTEROGRADE_TRANSPORT,1,10,50,1500,3.0,0.2882684421548648,Sptbn1,1.0
drug0,Reactome,REACTOME_EXTRACELLULAR_MATRIX_ORGANIZATION,0,67,50,1500,0.0,1.0,,1.0
drug0,Reactome,REACTOME_FACTORS_INVOLVED_IN_MEGAKARYOCYTE_DEVELOPMENT_AND_PLATELET_PRODUCTION,0,10,50,1500,0.0,1.0,,1.0
drug0,Reactome,REACTOME_FATTY_ACID_METABOLISM,1,12,50,1500,2.5,0.33524969917904673,Ptgds,1.0
drug0,Reactome,REACTOME_GENERIC_TRANSCRIPTION_PATHWAY,0,34,50,1500,0.0,1.0,,1.0
drug0,Reactome,REACTOME_GENE_EXPRESSION_TRANSCRIPTION,0,36,50,1500,0.0,1.0,,1.0
drug0,Reactome,REACTOME_GLYCOSAMINOGLYCAN_METABOLISM,0,18,50,1500,0.0,1.0,,1.0
drug0,Reactome,REACTOME_GPCR_LIGAND_BINDING,1,52,50,1500,0.5769230769230769,0.8337216882956524,Plppr4,1.0
drug0,Reactome,REACTOME_G_ALPHA_I_SIGNALLING_EVENTS,0,33,50,1500,0.0,1.0,,1.0
drug0,Reactome,REACTOME_G_ALPHA_Q_SIGNALLING_EVENTS,0,27,50,1500,0.0,1.0,,1.0
drug0,Reactome,REACTOME_G_ALPHA_S_SIGNALLING_EVENTS,0,18,50,1500,0.0,1.0,,1.0
drug0,Reactome,REACTOME_HEMOSTASIS,4,76,50,1500,1.5789473684210527,0.24491191778864405,Atp1b1|Atp2b1|Clu|Mag,1.0
drug0,Reactome,REACTOME_HEPARAN_SULFATE_HEPARIN_HS_GAG_METABOLISM,0,12,50,1500,0.0,1.0,,1.0
drug0,Reactome,REACTOME_IMMUNE_SYSTEM,2,127,50,1500,0.47244094488188976,0.9356548545599387,Clu|Ttr,1.0
drug0,Reactome,REACTOME_IMMUNOREGULATORY_INTERACTIONS_BETWEEN_A_LYMPHOID_AND_A_NON_LYMPHOID_CELL,0,15,50,1500,0.0,1.0,,1.0
drug0,Reactome,REACTOME_INNATE_IMMUNE_SYSTEM,2,71,50,1500,0.8450704225352113,0.6966202127352072,Clu|Ttr,1.0
drug0,Reactome,REACTOME_INTEGRIN_CELL_SURFACE_INTERACTIONS,0,30,50,1500,0.0,1.0,,1.0
drug0,Reactome,REACTOME_INTERFERON_SIGNALING,0,14,50,1500,0.0,1.0,,1.0
drug0,Reactome,REACTOME_INTRACELLULAR_SIGNALING_BY_SECOND_MESSENGERS,0,20,50,1500,0.0,1.0,,1.0
drug0,Reactome,REACTOME_ION_CHANNEL_TRANSPORT,2,29,50,1500,2.0689655172413794,0.25147901761228364,Atp1b1|Atp2b1,1.0
drug0,Reactome,REACTOME_ION_HOMEOSTASIS,2,17,50,1500,3.5294117647058822,0.10775612872998955,Atp1b1|Atp2b1,1.0
drug0,Reactome,REACTOME_ION_TRANSPORT_BY_P_TYPE_ATPASES,2,19,50,1500,3.1578947368421053,0.12996801648711176,Atp1b1|Atp2b1,1.0
drug0,Reactome,REACTOME_L1CAM_INTERACTIONS,1,10,50,1500,3.0,0.2882684421548648,Sptbn1,1.0
drug0,Reactome,REACTOME_MAPK_FAMILY_SIGNALING_CASCADES,1,27,50,1500,1.1111111111111112,0.60287685419108,Sptbn1,1.0
drug0,Reactome,REACTOME_METABOLISM,3,99,50,1500,0.9090909090909092,0.6538240210054442,Apoe|Ptgds|Ttr,1.0
drug0,Reactome,REACTOME_METABOLISM_OF_AMINO_ACIDS_AND_DERIVATIVES,0,13,50,1500,0.0,1.0,,1.0
drug0,Reactome,REACTOME_METABOLISM_OF_CARBOHYDRATES_AND_CARBOHYDRATE_DERIVATIVES,0,23,50,1500,0.0,1.0,,1.0
drug0,Reactome,REACTOME_METABOLISM_OF_LIPIDS,1,29,50,1500,1.0344827586206897,0.6293882879681989,Ptgds,1.0
drug0,Reactome,REACTOME_METABOLISM_OF_PROTEINS,5,93,50,1500,1.6129032258064515,0.1937717481787172,Apoe|Lsamp|Ly6h|Opcml|Sptbn1,1.0
drug0,Reactome,REACTOME_METABOLISM_OF_VITAMINS_AND_COFACTORS,2,10,50,1500,6.0,0.04131092728840577,Apoe|Ttr,0.5886807138597823
drug0,Reactome,REACTOME_MHC_CLASS_II_ANTIGEN_PRESENTATION,0,16,50,1500,0.0,1.0,,1.0
drug0,Reactome,REACTOME_MITOTIC_G2_G2_M_PHASES,0,15,50,1500,0.0,1.0,,1.0
drug0,Reactome,REACTOME_MITOTIC_PROMETAPHASE,0,10,50,1500,0.0,1.0,,1.0
drug0,Reactome,REACTOME_MUSCLE_CONTRACTION,2,35,50,1500,1.7142857142857142,0.32686990772459135,Atp1b1|Atp2b1,1.0
drug0,Reactome,REACTOME_M_PHASE,0,12,50,1500,0.0,1.0,,1.0
drug0,Reactome,REACTOME_NCAM1_INTERACTIONS,0,12,50,1500,0.0,1.0,,1.0
drug0,Reactome,REACTOME_NCAM_SIGNALING_FOR_NEURITE_OUT_GROWTH,1,13,50,1500,2.3076923076923075,0.3575867388571701,Sptbn1,1.0
drug0,Reactome,REACTOME_NEGATIVE_REGULATION_OF_THE_PI3K_AKT_NETWORK,0,14,50,1500,0.0,1.0,,1.0
drug0,Reactome,REACTOME_NERVOUS_SYSTEM_DEVELOPMENT,1,38,50,1500,0.7894736842105263,0.7287458866817691,Sptbn1,1.0
drug0,Reactome,REACTOME_NEUREXINS_AND_NEUROLIGINS,2,10,50,1500,6.0,0.04131092728840577,Nrxn1|Nrxn3,0.5886807138597823
drug0,Reactome,REACTOME_NEURONAL_SYSTEM,8,58,50,1500,4.137931034482759,0.00046096223547677245,Gria2|Grin2a|Nrxn1|Nrxn3|Ppfia2|Ptprd|Slc17a7|Syt1,0.02627484742217603
drug0,Reactome,REACTOME_NEUROTRANSMITTER_RECEPTORS_AND_POSTSYNAPTIC_SIGNAL_TRANSMISSION,2,19,50,1500,3.1578947368421053,0.12996801648711176,Gria2|Grin2a,1.0
drug0,Reactome,REACTOME_NEUROTRANSMITTER_RELEASE_CYCLE,3,13,50,1500,6.9230769230769225,0.007877797294666476,Ppfia2|Slc17a7|Syt1,0.17961377831839567
drug0,Reactome,REACTOME_NEUTROPHIL_DEGRANULATION,1,47,50,1500,0.6382978723404256,0.8018554794378209,Ttr,1.0
drug0,Reactome,REACTOME_NON_INTEGRIN_MEMBRANE_ECM_INTERACTIONS,0,16,50,1500,0.0,1.0,,1.0
drug0,Reactome,REACTOME_O_LINKED_GLYCOSYLATION,0,13,50,1500,0.0,1.0,,1.0
drug0,Reactome,REACTOME_PEPTIDE_LIGAND_BINDING_RECEPTORS,0,27,50,1500,0.0,1.0,,1.0
drug0,Reactome,REACTOME_PLATELET_ACTIVATION_SIGNALING_AND_AGGREGATION,1,32,50,1500,0.9375,0.6659340944396241,Clu,1.0
drug0,Reactome,REACTOME_PLATELET_HOMEOSTASIS,1,11,50,1500,2.7272727272727275,0.31215205147852715,Atp2b1,1.0
drug0,Reactome,REACTOME_POST_TRANSLATIONAL_MODIFICATION_SYNTHESIS_OF_GPI_ANCHORED_PROTEINS,3,11,50,1500,8.181818181818182,0.004764529954141202,Lsamp|Ly6h|Opcml,0.16519894480883054
drug0,Reactome,REACTOME_POST_TRANSLATIONAL_PROTEIN_MODIFICATION,5,82,50,1500,1.829268292682927,0.13320081574274303,Apoe|Lsamp|Ly6h|Opcml|Sptbn1,1.0
drug0,Reactome,REACTOME_PROGRAMMED_CELL_DEATH,0,12,50,1500,0.0,1.0,,1.0
drug0,Reactome,REACTOME_PROTEIN_PROTEIN_INTERACTIONS_AT_SYNAPSES,5,18,50,1500,8.333333333333334,0.0002076446850936792,Grin2a|Nrxn1|Nrxn3|Ppfia2|Ptprd,0.02367149410067943
drug0,Reactome,REACTOME_RAC1_GTPASE_CYCLE,1,22,50,1500,1.3636363636363638,0.5281983764075895,Chn1,1.0
drug0,Reactome,REACTOME_RAC2_GTPASE_CYCLE,0,11,50,1500,0.0,1.0,,1.0
drug0,Reactome,REACTOME_RAC3_GTPASE_CYCLE,0,13,50,1500,0.0,1.0,,1.0
drug0,Reactome,REACTOME_REGULATION_OF_INSULIN_LIKE_GROWTH_FACTOR_IGF_TRANSPORT_AND_UPTAKE_BY_INSULIN_LIKE_GROWTH_FACTOR_BINDING_PROTEINS_IGFBPS,1,24,50,1500,1.25,0.5595904961849962,Apoe,1.0
drug0,Reactome,REACTOME_RESPONSE_TO_ELEVATED_PLATELET_CYTOSOLIC_CA2,1,24,50,1500,1.25,0.5595904961849962,Clu,1.0
drug0,Reactome,REACTOME_RHOA_GTPASE_CYCLE,0,20,50,1500,0.0,1.0,,1.0
drug0,Reactome,REACTOME_RHOB_GTPASE_CYCLE,0,11,50,1500,0.0,1.0,,1.0
drug0,Reactome,REACTOME_RHO_GTPASE_CYCLE,2,41,50,1500,1.4634146341463414,0.40039713749493766,Chn1|Sptbn1,1.0
drug0,Reactome,REACTOME_RHO_GTPASE_EFFECTORS,0,19,50,1500,0.0,1.0,,1.0
drug0,Reactome,REACTOME_SENSORY_PERCEPTION,2,12,50,1500,5.0,0.05807792677281182,Apoe|Ttr,0.6620883652100549
drug0,Reactome,REACTOME_SIGNALING_BY_GPCR,1,76,50,1500,0.39473684210526316,0.9289492663890474,Plppr4,1.0
drug0,Reactome,REACTOME_SIGNALING_BY_INTERLEUKINS,0,18,50,1500,0.0,1.0,,1.0
drug0,Reactome,REACTOME_SIGNALING_BY_NUCLEAR_RECEPTORS,0,10,50,1500,0.0,1.0,,1.0
drug0,Reactome,REACTOME_SIGNALING_BY_PDGF,0,16,50,1500,0.0,1.0,,1.0
drug0,Reactome,REACTOME_SIGNALING_BY_RECEPTOR_TYROSINE_KINASES,0,48,50,1500,0.0,1.0,,1.0
drug0,Reactome,REACTOME_SIGNALING_BY_RHO_GTPASES_MIRO_GTPASES_AND_RHOBTB3,2,54,50,1500,1.1111111111111112,0.5454604803481333,Chn1|Sptbn1,1.0
drug0,Reactome,REACTOME_SIGNALING_BY_VEGF,0,12,50,1500,0.0,1.0,,1.0
drug0,Reactome,REACTOME_SIGNALING_BY_WNT,0,11,50,1500,0.0,1.0,,1.0
drug0,Reactome,REACTOME_SLC_MEDIATED_TRANSMEMBRANE_TRANSPORT,1,39,50,1500,0.7692307692307692,0.7380227031427208,Slc17a7,1.0
drug0,Reactome,REACTOME_STIMULI_SENSING_CHANNELS,0,10,50,1500,0.0,1.0,,1.0
drug0,Reactome,REACTOME_TOLL_LIKE_RECEPTOR_4_TLR4_CASCADE,0,10,50,1500,0.0,1.0,,1.0
drug0,Reactome,REACTOME_TOLL_LIKE_RECEPTOR_CASCADES,0,12,50,1500,0.0,1.0,,1.0
drug0,Reactome,REACTOME_TRANSCRIPTIONAL_REGULATION_BY_TP53,0,14,50,1500,0.0,1.0,,1.0
drug0,Reactome,REACTOME_TRANSMISSION_ACROSS_CHEMICAL_SYNAPSES,5,36,50,1500,4.166666666666667,0.005796454203818615,Gria2|Grin2a|Ppfia2|Slc17a7|Syt1,0.16519894480883054
drug0,Reactome,REACTOME_TRANSPORT_OF_BILE_SALTS_AND_ORGANIC_ACIDS_METAL_IONS_AND_AMINE_COMPOUNDS,0,15,50,1500,0.0,1.0,,1.0
drug0,Reactome,REACTOME_TRANSPORT_OF_INORGANIC_CATIONS_ANIONS_AND_AMINO_ACIDS_OLIGOPEPTIDES,1,22,50,1500,1.3636363636363638,0.5281983764075895,Slc17a7,1.0
drug0,Reactome,REACTOME_TRANSPORT_OF_SMALL_MOLECULES,4,91,50,1500,1.3186813186813187,0.36027352867714224,Apoe|Atp1b1|Atp2b1|Slc17a7,1.0
drug0,Reactome,REACTOME_TRANSPORT_TO_THE_GOLGI_AND_SUBSEQUENT_MODIFICATION,1,12,50,1500,2.5,0.33524969917904673,Sptbn1,1.0
drug0,Reactome,REACTOME_VESICLE_MEDIATED_TRANSPORT,3,36,50,1500,2.5,0.11530992591822377,Apoe|Sptbn1|Syt1,1.0
drug0,Reactome,REACTOME_VISUAL_PHOTOTRANSDUCTION,2,12,50,1500,5.0,0.05807792677281182,Apoe|Ttr,0.6620883652100549
drug0,GO_BP,GOBP_ACIDIC_AMINO_ACID_TRANSPORT,2,20,50,1500,3.0,0.14144844471358778,Grin2b|Slc17a7,0.8806656040596941
drug0,GO_BP,GOBP_ACTIN_FILAMENT_BASED_MOVEMENT,1,16,50,1500,1.875,0.4202758734830577,Zeb2,1.0
drug0,GO_BP,GOBP_ACTIN_FILAMENT_BASED_PROCESS,3,114,50,1500,0.7894736842105263,0.7473707236840768,Cttnbp2|Sptbn1|Zeb2,1.0
drug0,GO_BP,GOBP_ACTIN_FILAMENT_BUNDLE_ORGANIZATION,1,29,50,1500,1.0344827586206897,0.6293882879681989,Zeb2,1.0
drug0,GO_BP,GOBP_ACTIN_FILAMENT_ORGANIZATION,2,60,50,1500,1.0,0.6040144176935394,Sptbn1|Zeb2,1.0
drug0,GO_BP,GOBP_ACTIN_MEDIATED_CELL_CONTRACTION,1,15,50,1500,2.0,0.4000764265660914,Zeb2,1.0
drug0,GO_BP,GOBP_ACTIN_POLYMERIZATION_OR_DEPOLYMERIZATION,1,20,50,1500,1.5,0.49461650530034706,Sptbn1,1.0
drug0,GO_BP,GOBP_ACTION_POTENTIAL,4,28,50,1500,4.285714285714286,0.01239328589341737,Dpp6|Grin2a|Grin2b|Nrcam,0.2459113468087543
drug0,GO_BP,GOBP_ACTIVATED_T_CELL_PROLIFERATION,0,10,50,1500,0.0,1.0,,1.0
drug0,GO_BP,GOBP_ACTIVATION_OF_IMMUNE_RESPONSE,0,52,50,1500,0.0,1.0,,1.0
drug0,GO_BP,GOBP_ACTIVATION_OF_INNATE_IMMUNE_RESPONSE,0,25,50,1500,0.0,1.0,,1.0
drug0,GO_BP,GOBP_ACTOMYOSIN_STRUCTURE_ORGANIZATION,1,38,50,1500,0.7894736842105263,0.7287458866817691,Zeb2,1.0
drug0,GO_BP,GOBP_ACUTE_INFLAMMATORY_RESPONSE,0,18,50,1500,0.0,1.0,,1.0
drug0,GO_BP,GOBP_ACUTE_PHASE_RESPONSE,0,10,50,1500,0.0,1.0,,1.0
drug0,GO_BP,GOBP_ADAPTIVE_IMMUNE_RESPONSE,0,46,50,1500,0.0,1.0,,1.0
drug0,GO_BP,GOBP_ADAPTIVE_IMMUNE_RESPONSE_BASED_ON_SOMATIC_RECOMBINATION_OF_IMMUNE_RECEPTORS_BUILT_FROM_IMMUNOGLOBULIN_SUPERFAMILY_DOMAINS,0,39,50,1500,0.0,1.0,,1.0
drug0,GO_BP,GOBP_ADAPTIVE_THERMOGENESIS,0,23,50,1500,0.0,1.0,,1.0
drug0,GO_BP,GOBP_ADENYLATE_CYCLASE_ACTIVATING_G_PROTEIN_COUPLED_RECEPTOR_SIGNALING_PATHWAY,0,25,50,1500,0.0,1.0,,1.0
drug0,GO_BP,GOBP_ADENYLATE_CYCLASE_INHIBITING_G_PROTEIN_COUPLED_RECEPTOR_SIGNALING_PATHWAY,0,10,50,1500,0.0,1.0,,1.0
drug0,GO_BP,GOBP_ADENYLATE_CYCLASE_MODULATING_G_PROTEIN_COUPLED_RECEPTOR_SIGNALING_PATHWAY,0,34,50,1500,0.0,1.0,,1.0
drug0,GO_BP,GOBP_ADHERENS_JUNCTION_ORGANIZATION,0,11,50,1500,0.0,1.0,,1.0
drug0,GO_BP,GOBP_ADRENAL_GLAND_DEVELOPMENT,0,11,50,1500,0.0,1.0,,1.0
drug0,GO_BP,GOBP_ADULT_BEHAVIOR,2,35,50,1500,1.7142857142857142,0.32686990772459135,Nrxn1|Nrxn3,1.0
drug0,GO_BP,GOBP_ADULT_LOCOMOTORY_BEHAVIOR,0,20,50,1500,0.0,1.0,,1.0
drug0,GO_BP,GOBP_AEROBIC_RESPIRATION,0,15,50,1500,0.0,1.0,,1.0
drug0,GO_BP,GOBP_ALCOHOL_METABOLIC_PROCESS,1,23,50,1500,1.3043478260869565,0.5441591891136924,Apoe,1.0
drug0,GO_BP,GOBP_ALPHA_AMINO_ACID_METABOLIC_PROCESS,0,16,50,1500,0.0,1.0,,1.0
drug0,GO_BP,GOBP_ALPHA_BETA_T_CELL_ACTIVATION,0,25,50,1500,0.0,1.0,,1.0
drug0,GO_BP,GOBP_ALPHA_BETA_T_CELL_DIFFERENTIATION,0,20,50,1500,0.0,1.0,,1.0
drug0,GO_BP,GOBP_AMEBOIDAL_TYPE_CELL_MIGRATION,1,48,50,1500,0.625,0.8086739419485636,Zeb2,1.0
drug0,GO_BP,GOBP_AMIDE_BIOSYNTHETIC_PROCESS,0,11,50,1500,0.0,1.0,,1.0
drug0,GO_BP,GOBP_AMIDE_METABOLIC_PROCESS,4,34,50,1500,3.5294117647058822,0.024233122928500488,Apoe|Clu|Pcsk2|Rtn1,0.3563271558029387
drug0,GO_BP,GOBP_AMIDE_TRANSPORT,2,53,50,1500,1.1320754716981132,0.535155658992266,Pex5l|Syt7,1.0
drug0,GO_BP,GOBP_AMINE_METABOLIC_PROCESS,1,16,50,1500,1.875,0.4202758734830577,Grin2a,1.0
drug0,GO_BP,GOBP_AMINE_TRANSPORT,3,24,50,1500,3.75,0.04309557126901202,Grin2b|Syt1|Syt7,0.4931711500855249
drug0,GO_BP,GOBP_AMINO_ACID_BIOSYNTHETIC_PROCESS,0,10,50,1500,0.0,1.0,,1.0
drug0,GO_BP,GOBP_AMINO_ACID_IMPORT_ACROSS_PLASMA_MEMBRANE,0,20,50,1500,0.0,1.0,,1.0
drug0,GO_BP,GOBP_AMINO_ACID_METABOLIC_PROCESS,0,19,50,1500,0.0,1.0,,1.0
drug0,GO_BP,GOBP_AMINO_ACID_TRANSMEMBRANE_TRANSPORT,1,29,50,1500,1.0344827586206897,0.6293882879681989,Slc17a7,1.0
drug0,GO_BP,GOBP_AMINO_ACID_TRANSPORT,2,40,50,1500,1.5,0.3883610132921429,Grin2b|Slc17a7,1.0
drug0,GO_BP,GOBP_ANATOMICAL_STRUCTURE_FORMATION_INVOLVED_IN_MORPHOGENESIS,7,201,50,1500,1.044776119402985,0.5141072114725226,Mag|Nfib|Nrcam|Nrxn1|Nrxn3|Sptbn1|Zeb2,1.0
drug0,GO_BP,GOBP_ANATOMICAL_STRUCTURE_MATURATION,2,41,50,1500,1.4634146341463414,0.40039713749493766,Nrcam|Nrxn1,1.0
drug0,GO_BP,GOBP_ANGIOGENESIS,3,117,50,1500,0.7692307692307693,0.7635334133030559,Nrcam|Nrxn1|Nrxn3,1.0
drug0,GO_BP,GOBP_ANIMAL_ORGAN_MORPHOGENESIS,3,151,50,1500,0.5960264900662252,0.8950172744833748,Miat|Nfib|Ntng1,1.0
drug0,GO_BP,GOBP_ANIMAL_ORGAN_REGENERATION,0,15,50,1500,0.0,1.0,,1.0
drug0,GO_BP,GOBP_ANTERIOR_POSTERIOR_PATTERN_SPECIFICATION,1,22,50,1500,1.3636363636363638,0.5281983764075895,Zeb2,1.0
drug0,GO_BP,GOBP_ANTIGEN_PROCESSING_AND_PRESENTATION,0,11,50,1500,0.0,1.0,,1.0
drug0,GO_BP,GOBP_ANTIGEN_RECEPTOR_MEDIATED_SIGNALING_PATHWAY,0,18,50,1500,0.0,1.0,,1.0
drug0,GO_BP,GOBP_ANTIMICROBIAL_HUMORAL_IMMUNE_RESPONSE_MEDIATED_BY_ANTIMICROBIAL_PEPTIDE,0,14,50,1500,0.0,1.0,,1.0
drug0,GO_BP,GOBP_ANTIMICROBIAL_HUMORAL_RESPONSE,0,19,50,1500,0.0,1.0,,1.0
drug0,GO_BP,GOBP_AORTA_DEVELOPMENT,0,11,50,1500,0.0,1.0,,1.0
drug0,GO_BP,GOBP_APICAL_JUNCTION_ASSEMBLY,0,12,50,1500,0.0,1.0,,1.0
drug0,GO_BP,GOBP_APOPTOTIC_MITOCHONDRIAL_CHANGES,0,15,50,1500,0.0,1.0,,1.0
drug0,GO_BP,GOBP_APOPTOTIC_SIGNALING_PATHWAY,1,74,50,1500,0.4054054054054054,0.9236899348656785,Clu,1.0
drug0,GO_BP,GOBP_APPENDAGE_DEVELOPMENT,0,21,50,1500,0.0,1.0,,1.0
drug0,GO_BP,GOBP_APPENDAGE_MORPHOGENESIS,0,18,50,1500,0.0,1.0,,1.0
drug0,GO_BP,GOBP_ARTERY_DEVELOPMENT,1,24,50,1500,1.25,0.5595904961849962,Apoe,1.0
drug0,GO_BP,GOBP_ARTERY_MORPHOGENESIS,1,24,50,1500,1.25,0.5595904961849962,Apoe,1.0
drug0,GO_BP,GOBP_ASSOCIATIVE_LEARNING,3,25,50,1500,3.5999999999999996,0.04784820721062824,Grin2a|Grin2b|Ndrg4,0.5116405540900881
drug0,GO_BP,GOBP_ASTROCYTE_DEVELOPMENT,2,11,50,1500,5.454545454545455,0.04943234891824236,Plp1|Zeb2,0.5116405540900881
drug0,GO_BP,GOBP_ASTROCYTE_DIFFERENTIATION,3,24,50,1500,3.75,0.04309557126901202,Mag|Plp1|Zeb2,0.4931711500855249
drug0,GO_BP,GOBP_ATP_METABOLIC_PROCESS,2,15,50,1500,4.0,0.08674586941049843,Atp1b1|Zbtb20,0.6909903813336272
drug0,GO_BP,GOBP_AXONEME_ASSEMBLY,0,20,50,1500,0.0,1.0,,1.0
drug0,GO_BP,GOBP_AXON_DEVELOPMENT,10,96,50,1500,3.125,0.0008668371640857594,Apoe|Chn1|Dclk1|Mag|Nfib|Nrcam|Ntng1|Plp1|Plppr4|Zeb2,0.03611821517023997
drug0,GO_BP,GOBP_AXON_ENSHEATHMENT_IN_CENTRAL_NERVOUS_SYSTEM,3,12,50,1500,7.5,0.006204459645394968,Clu|Mag|Plp1,0.148268337114218
drug0,GO_BP,GOBP_AXON_EXTENSION,3,26,50,1500,3.4615384615384612,0.052849507228777036,Apoe|Dclk1|Mag,0.5367528077922668
drug0,GO_BP,GOBP_AXON_REGENERATION,2,14,50,1500,4.285714285714286,0.07677394817604072,Apoe|Mag,0.639782901467006
drug0,GO_BP,GOBP_BEHAVIOR,9,126,50,1500,2.142857142857143,0.020204918668636086,Apoe|Grin2a|Grin2b|Lsamp|Ndrg4|Nrxn1|Nrxn3|Ptgds|Slc17a7,0.3384844622323056
drug0,GO_BP,GOBP_BIOLOGICAL_PROCESS_INVOLVED_IN_INTERACTION_WITH_HOST,0,13,50,1500,0.0,1.0,,1.0
drug0,GO_BP,GOBP_BIOLOGICAL_PROCESS_INVOLVED_IN_INTRASPECIES_INTERACTION_BETWEEN_ORGANISMS,2,11,50,1500,5.454545454545455,0.04943234891824236,Nrxn1|Nrxn3,0.5116405540900881
drug0,GO_BP,GOBP_BIOLOGICAL_PROCESS_INVOLVED_IN_SYMBIOTIC_INTERACTION,0,17,50,1500,0.0,1.0,,1.0
drug0,GO_BP,GOBP_BIOMINERAL_TISSUE_DEVELOPMENT,1,28,50,1500,1.0714285714285714,0.616356933817995,Atp2b1,1.0
drug0,GO_BP,GOBP_BLASTOCYST_DEVELOPMENT,1,12,50,1500,2.5,0.33524969917904673,Atp1b1,1.0
drug0,GO_BP,GOBP_BLOOD_VESSEL_ENDOTHELIAL_CELL_MIGRATION,1,32,50,1500,0.9375,0.6659340944396241,Apoe,1.0
drug0,GO_BP,GOBP_BLOOD_VESSEL_MORPHOGENESIS,4,136,50,1500,0.8823529411764706,0.6797197108191102,Apoe|Nrcam|Nrxn1|Nrxn3,1.0
drug0,GO_BP,GOBP_BLOOD_VESSEL_REMODELING,0,13,50,1500,0.0,1.0,,1.0
drug0,GO_BP,GOBP_BODY_FLUID_SECRETION,0,17,50,1500,0.0,1.0,,1.0
drug0,GO_BP,GOBP_BODY_MORPHOGENESIS,0,11,50,1500,0.0,1.0,,1.0
drug0,GO_BP,GOBP_BONE_DEVELOPMENT,0,36,50,1500,0.0,1.0,,1.0
drug0,GO_BP,GOBP_BONE_MINERALIZATION,1,26,50,1500,1.1538461538461537,0.5889329235095868,Atp2b1,1.0
drug0,GO_BP,GOBP_BONE_MORPHOGENESIS,0,14,50,1500,0.0,1.0,,1.0
drug0,GO_BP,GOBP_BONE_REMODELING,1,15,50,1500,2.0,0.4000764265660914,Syt7,1.0
drug0,GO_BP,GOBP_BONE_RESORPTION,0,10,50,1500,0.0,1.0,,1.0
drug0,GO_BP,GOBP_BRAIN_DERIVED_NEUROTROPHIC_FACTOR_RECEPTOR_SIGNALING_PATHWAY,0,21,50,1500,0.0,1.0,,1.0
drug0,GO_BP,GOBP_BRANCHING_INVOLVED_IN_BLOOD_VESSEL_MORPHOGENESIS,0,13,50,1500,0.0,1.0,,1.0
drug0,GO_BP,GOBP_BRANCHING_MORPHOGENESIS_OF_AN_EPITHELIAL_TUBE,0,30,50,1500,0.0,1.0,,1.0
drug0,GO_BP,GOBP_BROWN_FAT_CELL_DIFFERENTIATION,0,16,50,1500,0.0,1.0,,1.0
drug0,GO_BP,GOBP_B_CELL_ACTIVATION,0,31,50,1500,0.0,1.0,,1.0
drug0,GO_BP,GOBP_B_CELL_ACTIVATION_INVOLVED_IN_IMMUNE_RESPONSE,0,10,50,1500,0.0,1.0,,1.0
drug0,GO_BP,GOBP_B_CELL_DIFFERENTIATION,0,18,50,1500,0.0,1.0,,1.0
drug0,GO_BP,GOBP_B_CELL_MEDIATED_IMMUNITY,0,16,50,1500,0.0,1.0,,1.0
drug0,GO_BP,GOBP_B_CELL_PROLIFERATION,0,16,50,1500,0.0,1.0,,1.0
drug0,GO_BP,GOBP_CALCIUM_ION_HOMEOSTASIS,5,49,50,1500,3.061224489795918,0.021143901493517393,Apoe|Atp1b1|Atp2b1|Erc2|Grin2b,0.350600407418018
drug0,GO_BP,GOBP_CALCIUM_ION_IMPORT,0,13,50,1500,0.0,1.0,,1.0
drug0,GO_BP,GOBP_CALCIUM_ION_REGULATED_EXOCYTOSIS,2,11,50,1500,5.454545454545455,0.04943234891824236,Syt1|Syt7,0.5116405540900881
drug0,GO_BP,GOBP_CALCIUM_ION_TRANSMEMBRANE_IMPORT_INTO_CYTOSOL,2,22,50,1500,2.7272727272727275,0.1650200797304365,Grin2a|Grin2b,0.9611384572113236
drug0,GO_BP,GOBP_CALCIUM_ION_TRANSMEMBRANE_TRANSPORT,5,43,50,1500,3.488372093023256,0.012409064885118677,Atp1b1|Atp2b1|Grin2a|Grin2b|Plp1,0.2459113468087543
drug0,GO_BP,GOBP_CALCIUM_ION_TRANSPORT,5,67,50,1500,2.2388059701492535,0.06832007176662877,Atp1b1|Atp2b1|Grin2a|Grin2b|Plp1,0.6100006407734712
drug0,GO_BP,GOBP_CALCIUM_MEDIATED_SIGNALING,3,38,50,1500,2.368421052631579,0.1301690111571574,Atp1b1|Grin2a|Grin2b,0.8704717824295505
drug0,GO_BP,GOBP_CAMERA_TYPE_EYE_MORPHOGENESIS,1,29,50,1500,1.0344827586206897,0.6293882879681989,Miat,1.0
drug0,GO_BP,GOBP_CANONICAL_NF_KAPPAB_SIGNAL_TRANSDUCTION,0,25,50,1500,0.0,1.0,,1.0
drug0,GO_BP,GOBP_CANONICAL_WNT_SIGNALING_PATHWAY,2,29,50,1500,2.0689655172413794,0.25147901761228364,Apoe|Zeb2,1.0
drug0,GO_BP,GOBP_CARBOHYDRATE_BIOSYNTHETIC_PROCESS,0,13,50,1500,0.0,1.0,,1.0
drug0,GO_BP,GOBP_CARBOHYDRATE_CATABOLIC_PROCESS,1,12,50,1500,2.5,0.33524969917904673,Zbtb20,1.0
drug0,GO_BP,GOBP_CARBOHYDRATE_DERIVATIVE_BIOSYNTHETIC_PROCESS,0,23,50,1500,0.0,1.0,,1.0
drug0,GO_BP,GOBP_CARBOHYDRATE_DERIVATIVE_CATABOLIC_PROCESS,1,19,50,1500,1.5789473684210527,0.4769581022710094,Zbtb20,1.0
drug0,GO_BP,GOBP_CARBOHYDRATE_DERIVATIVE_METABOLIC_PROCESS,2,57,50,1500,1.0526315789473684,0.5754451967732952,Atp1b1|Zbtb20,1.0
drug0,GO_BP,GOBP_CARBOHYDRATE_HOMEOSTASIS,1,36,50,1500,0.8333333333333334,0.7092162291569126,Zbtb20,1.0
drug0,GO_BP,GOBP_CARBOHYDRATE_METABOLIC_PROCESS,1,36,50,1500,0.8333333333333334,0.7092162291569126,Zbtb20,1.0
drug0,GO_BP,GOBP_CARBOHYDRATE_TRANSPORT,0,11,50,1500,0.0,1.0,,1.0
drug0,GO_BP,GOBP_CARDIAC_CELL_DEVELOPMENT,0,22,50,1500,0.0,1.0,,1.0
drug0,GO_BP,GOBP_CARDIAC_CHAMBER_DEVELOPMENT,0,32,50,1500,0.0,1.0,,1.0
drug0,GO_BP,GOBP_CARDIAC_CHAMBER_MORPHOGENESIS,0,29,50,1500,0.0,1.0,,1.0
drug0,GO_BP,GOBP_CARDIAC_CONDUCTION,0,12,50,1500,0.0,1.0,,1.0
drug0,GO_BP,GOBP_CARDIAC_EPITHELIAL_TO_MESENCHYMAL_TRANSITION,0,10,50,1500,0.0,1.0,,1.0
drug0,GO_BP,GOBP_CARDIAC_MUSCLE_CELL_CONTRACTION,0,12,50,1500,0.0,1.0,,1.0
drug0,GO_BP,GOBP_CARDIAC_MUSCLE_CELL_DIFFERENTIATION,0,26,50,1500,0.0,1.0,,1.0
drug0,GO_BP,GOBP_CARDIAC_MUSCLE_CELL_PROLIFERATION,0,12,50,1500,0.0,1.0,,1.0
drug0,GO_BP,GOBP_CARDIAC_MUSCLE_CONTRACTION,1,23,50,1500,1.3043478260869565,0.5441591891136924,Atp1b1,1.0
drug0,GO_BP,GOBP_CARDIAC_MUSCLE_TISSUE_DEVELOPMENT,0,48,50,1500,0.0,1.0,,1.0
drug0,GO_BP,GOBP_CARDIAC_MUSCLE_TISSUE_MORPHOGENESIS,0,15,50,1500,0.0,1.0,,1.0
drug0,GO_BP,GOBP_CARDIAC_SEPTUM_DEVELOPMENT,0,22,50,1500,0.0,1.0,,1.0
drug0,GO_BP,GOBP_CARDIAC_SEPTUM_MORPHOGENESIS,0,18,50,1500,0.0,1.0,,1.0
drug0,GO_BP,GOBP_CARDIAC_VENTRICLE_DEVELOPMENT,0,25,50,1500,0.0,1.0,,1.0
drug0,GO_BP,GOBP_CARDIAC_VENTRICLE_MORPHOGENESIS,0,16,50,1500,0.0,1.0,,1.0
drug0,GO_BP,GOBP_CARDIOCYTE_DIFFERENTIATION,0,39,50,1500,0.0,1.0,,1.0
drug0,GO_BP,GOBP_CARTILAGE_DEVELOPMENT,1,35,50,1500,0.8571428571428571,0.6989411842507965,Nfib,1.0
drug0,GO_BP,GOBP_CATECHOLAMINE_SECRETION,2,14,50,1500,4.285714285714286,0.07677394817604072,Syt1|Syt7,0.639782901467006
drug0,GO_BP,GOBP_CATECHOLAMINE_TRANSPORT,2,15,50,1500,4.0,0.08674586941049843,Syt1|Syt7,0.6909903813336272
drug0,GO_BP,GOBP_CATECHOL_CONTAINING_COMPOUND_METABOLIC_PROCESS,1,13,50,1500,2.3076923076923075,0.3575867388571701,Grin2a,1.0
drug0,GO_BP,GOBP_CD4_POSITIVE_ALPHA_BETA_T_CELL_ACTIVATION,0,19,50,1500,0.0,1.0,,1.0
drug0,GO_BP,GOBP_CD4_POSITIVE_ALPHA_BETA_T_CELL_DIFFERENTIATION,0,15,50,1500,0.0,1.0,,1.0
drug0,GO_BP,GOBP_CELLULAR_COMPONENT_ASSEMBLY_INVOLVED_IN_MORPHOGENESIS,1,25,50,1500,1.2,0.5745095173169409,Mag,1.0
drug0,GO_BP,GOBP_CELLULAR_COMPONENT_DISASSEMBLY,1,43,50,1500,0.6976744186046512,0.7721193007548377,Sptbn1,1.0
drug0,GO_BP,GOBP_CELLULAR_COMPONENT_MAINTENANCE,5,14,50,1500,10.714285714285714,5.3696564487183934e-05,Apoe|Erc2|Grin2b|Neat1|Nrxn1,0.007932447026515807
drug0,GO_BP,GOBP_CELLULAR_EXTRAVASATION,0,13,50,1500,0.0,1.0,,1.0
drug0,GO_BP,GOBP_CELLULAR_HOMEOSTASIS,7,95,50,1500,2.210526315789474,0.034598214106825294,Apoe|Atp1b1|Atp2b1|Erc2|Grin2b|Slc17a7|Zbtb20,0.46002288333799357
drug0,GO_BP,GOBP_CELLULAR_OXIDANT_DETOXIFICATION,1,10,50,1500,3.0,0.2882684421548648,Apoe,1.0
drug0,GO_BP,GOBP_CELLULAR_PROCESS_INVOLVED_IN_REPRODUCTION_IN_MULTICELLULAR_ORGANISM,2,43,50,1500,1.3953488372093024,0.424148062560875,Kcnq1ot1|Meg3,1.0
drug0,GO_BP,GOBP_CELLULAR_RESPIRATION,0,17,50,1500,0.0,1.0,,1.0
drug0,GO_BP,GOBP_CELLULAR_RESPONSE_TO_ABIOTIC_STIMULUS,1,37,50,1500,0.8108108108108107,0.7191473688714989,Mag,1.0
drug0,GO_BP,GOBP_CELLULAR_RESPONSE_TO_ACID_CHEMICAL,2,22,50,1500,2.7272727272727275,0.1650200797304365,Gria2|Grin2a,0.9611384572113236
drug0,GO_BP,GOBP_CELLULAR_RESPONSE_TO_ALCOHOL,0,11,50,1500,0.0,1.0,,1.0
drug0,GO_BP,GOBP_CELLULAR_RESPONSE_TO_BIOTIC_STIMULUS,0,34,50,1500,0.0,1.0,,1.0
drug0,GO_BP,GOBP_CELLULAR_RESPONSE_TO_CALCIUM_ION,2,20,50,1500,3.0,0.14144844471358778,Nrxn1|Syt1,0.8806656040596941
drug0,GO_BP,GOBP_CELLULAR_RESPONSE_TO_CAMP,0,10,50,1500,0.0,1.0,,1.0
drug0,GO_BP,GOBP_CELLULAR_RESPONSE_TO_CARBOHYDRATE_STIMULUS,1,23,50,1500,1.3043478260869565,0.5441591891136924,Zbtb20,1.0
drug0,GO_BP,GOBP_CELLULAR_RESPONSE_TO_CHEMICAL_STRESS,0,40,50,1500,0.0,1.0,,1.0
drug0,GO_BP,GOBP_CELLULAR_RESPONSE_TO_ENDOGENOUS_STIMULUS,5,167,50,1500,0.8982035928143713,0.6709529860299653,Atp2b1|Gria2|Nrxn1|Ptprd|Zeb2,1.0
drug0,GO_BP,GOBP_CELLULAR_RESPONSE_TO_EXTERNAL_STIMULUS,1,12,50,1500,2.5,0.33524969917904673,Mag,1.0
drug0,GO_BP,GOBP_CELLULAR_RESPONSE_TO_HEAT,0,12,50,1500,0.0,1.0,,1.0
drug0,GO_BP,GOBP_CELLULAR_RESPONSE_TO_HORMONE_STIMULUS,1,83,50,1500,0.3614457831325301,0.9447067673900675,Atp2b1,1.0
drug0,GO_BP,GOBP_CELLULAR_RESPONSE_TO_HYDROGEN_PEROXIDE,0,12,50,1500,0.0,1.0,,1.0
drug0,GO_BP,GOBP_CELLULAR_RESPONSE_TO_HYPOXIA,1,22,50,1500,1.3636363636363638,0.5281983764075895,Ptprd,1.0
drug0,GO_BP,GOBP_CELLULAR_RESPONSE_TO_INSULIN_STIMULUS,1,36,50,1500,0.8333333333333334,0.7092162291569126,Atp2b1,1.0
drug0,GO_BP,GOBP_CELLULAR_RESPONSE_TO_INTERLEUKIN_1,0,13,50,1500,0.0,1.0,,1.0
drug0,GO_BP,GOBP_CELLULAR_RESPONSE_TO_KETONE,0,13,50,1500,0.0,1.0,,1.0
drug0,GO_BP,GOBP_CELLULAR_RESPONSE_TO_LIPID,0,71,50,1500,0.0,1.0,,1.0
drug0,GO_BP,GOBP_CELLULAR_RESPONSE_TO_METAL_ION,3,37,50,1500,2.4324324324324325,0.12265434187292903,Grin2a|Nrxn1|Syt1,0.8409844115759902
drug0,GO_BP,GOBP_CELLULAR_RESPONSE_TO_NITROGEN_COMPOUND,3,104,50,1500,0.8653846153846153,0.6873956086879696,Atp2b1|Gria2|Ly6h,1.0
drug0,GO_BP,GOBP_CELLULAR_RESPONSE_TO_NUTRIENT_LEVELS,0,26,50,1500,0.0,1.0,,1.0
drug0,GO_BP,GOBP_CELLULAR_RESPONSE_TO_OXIDATIVE_STRESS,0,28,50,1500,0.0,1.0,,1.0
drug0,GO_BP,GOBP_CELLULAR_RESPONSE_TO_OXYGEN_CONTAINING_COMPOUND,4,169,50,1500,0.7100591715976331,0.8340414728268968,Atp2b1|Gria2|Ly6h|Zbtb20,1.0
drug0,GO_BP,GOBP_CELLULAR_RESPONSE_TO_OXYGEN_LEVELS,1,23,50,1500,1.3043478260869565,0.5441591891136924,Ptprd,1.0
drug0,GO_BP,GOBP_CELLULAR_RESPONSE_TO_PEPTIDE_HORMONE_STIMULUS,1,51,50,1500,0.5882352941176471,0.8277789323376701,Atp2b1,1.0
drug0,GO_BP,GOBP_CELLULAR_RESPONSE_TO_RADIATION,0,14,50,1500,0.0,1.0,,1.0
drug0,GO_BP,GOBP_CELLULAR_RESPONSE_TO_REACTIVE_OXYGEN_SPECIES,0,21,50,1500,0.0,1.0,,1.0
drug0,GO_BP,GOBP_CELLULAR_RESPONSE_TO_STARVATION,0,17,50,1500,0.0,1.0,,1.0
drug0,GO_BP,GOBP_CELLULAR_RESPONSE_TO_STEROID_HORMONE_STIMULUS,0,17,50,1500,0.0,1.0,,1.0
drug0,GO_BP,GOBP_CELLULAR_RESPONSE_TO_STRESS,4,149,50,1500,0.8053691275167785,0.7494894888118877,Apoe|Clu|Mag|Ptprd,1.0
drug0,GO_BP,GOBP_CELLULAR_RESPONSE_TO_TOXIC_SUBSTANCE,1,17,50,1500,1.7647058823529411,0.4398083575301246,Apoe,1.0
drug0,GO_BP,GOBP_CELLULAR_RESPONSE_TO_VASCULAR_ENDOTHELIAL_GROWTH_FACTOR_STIMULUS,0,35,50,1500,0.0,1.0,,1.0
drug0,GO_BP,GOBP_CELLULAR_RESPONSE_TO_XENOBIOTIC_STIMULUS,0,25,50,1500,0.0,1.0,,1.0
drug0,GO_BP,GOBP_CELLULAR_SENESCENCE,0,11,50,1500,0.0,1.0,,1.0
drug0,GO_BP,GOBP_CELL_ACTIVATION,5,146,50,1500,1.0273972602739727,0.5463042338019165,Apoe|Clu|Ptgds|Rian|Zeb2,1.0
drug0,GO_BP,GOBP_CELL_ACTIVATION_INVOLVED_IN_IMMUNE_RESPONSE,1,44,50,1500,0.6818181818181819,0.7799395031997644,Ptgds,1.0
drug0,GO_BP,GOBP_CELL_ADHESION,9,251,50,1500,1.0756972111553784,0.463495470938325,Atp1b1|Lsamp|Mag|Nrcam|Nrxn1|Nrxn3|Ntng1|Pcdh9|Ptprd,1.0
drug0,GO_BP,GOBP_CELL_ADHESION_MEDIATED_BY_INTEGRIN,0,18,50,1500,0.0,1.0,,1.0
drug0,GO_BP,GOBP_CELL_CELL_ADHESION,5,137,50,1500,1.094890510948905,0.4871912966846989,Mag|Nrcam|Nrxn1|Ntng1|Ptprd,1.0
drug0,GO_BP,GOBP_CELL_CELL_ADHESION_MEDIATED_BY_CADHERIN,0,10,50,1500,0.0,1.0,,1.0
drug0,GO_BP,GOBP_CELL_CELL_ADHESION_VIA_PLASMA_MEMBRANE_ADHESION_MOLECULES,5,42,50,1500,3.5714285714285716,0.011245414312704047,Mag|Nrcam|Nrxn1|Ntng1|Ptprd,0.24044471392294836
drug0,GO_BP,GOBP_CELL_CELL_JUNCTION_ASSEMBLY,0,28,50,1500,0.0,1.0,,1.0
drug0,GO_BP,GOBP_CELL_CELL_JUNCTION_ORGANIZATION,0,39,50,1500,0.0,1.0,,1.0
drug0,GO_BP,GOBP_CELL_CELL_SIGNALING,16,204,50,1500,2.3529411764705883,0.0005303952265826061,Apoe|Erc2|Gria2|Grin2a|Grin2b|Ly6h|Nrxn1|Nrxn3|Ntng1|Pex5l|Plppr4|Ppfia2|Ptprd|Slc17a7|Syt1|Syt7,0.026934132599897964
drug0,GO_BP,GOBP_CELL_CHEMOTAXIS,0,69,50,1500,0.0,1.0,,1.0
drug0,GO_BP,GOBP_CELL_CYCLE,3,136,50,1500,0.6617647058823529,0.8477624283870748,Nfib|Rnf112|Sptbn1,1.0
drug0,GO_BP,GOBP_CELL_CYCLE_CHECKPOINT_SIGNALING,0,14,50,1500,0.0,1.0,,1.0
drug0,GO_BP,GOBP_CELL_CYCLE_G1_S_PHASE_TRANSITION,0,33,50,1500,0.0,1.0,,1.0
drug0,GO_BP,GOBP_CELL_CYCLE_G2_M_PHASE_TRANSITION,0,16,50,1500,0.0,1.0,,1.0
drug0,GO_BP,GOBP_CELL_CYCLE_PHASE_TRANSITION,1,56,50,1500,0.5357142857142857,0.8555473289681053,Nfib,1.0
drug0,GO_BP,GOBP_CELL_CYCLE_PROCESS,3,103,50,1500,0.8737864077669903,0.6808731448262153,Nfib|Rnf112|Sptbn1,1.0
drug0,GO_BP,GOBP_CELL_DIFFERENTIATION_INVOLVED_IN_KIDNEY_DEVELOPMENT,0,13,50,1500,0.0,1.0,,1.0
drug0,GO_BP,GOBP_CELL_DIVISION,1,50,50,1500,0.6,0.8216281799211584,Sptbn1,1.0
drug0,GO_BP,GOBP_CELL_FATE_COMMITMENT,1,41,50,1500,0.7317073170731707,0.755653168747937,Nfib,1.0
drug0,GO_BP,GOBP_CELL_FATE_DETERMINATION,0,10,50,1500,0.0,1.0,,1.0
drug0,GO_BP,GOBP_CELL_FATE_SPECIFICATION,1,11,50,1500,2.7272727272727275,0.31215205147852715,Nfib,1.0
drug0,GO_BP,GOBP_CELL_GROWTH,5,74,50,1500,2.0270270270270268,0.095799417069994,Apoe|Dclk1|Mag|Syt1|Zeb2,0.7372087596674634
drug0,GO_BP,GOBP_CELL_JUNCTION_ASSEMBLY,5,93,50,1500,1.6129032258064515,0.1937717481787172,C1ql3|Dclk1|Nrxn1|Nrxn3|Ptprd,1.0
drug0,GO_BP,GOBP_CELL_JUNCTION_ORGANIZATION,14,155,50,1500,2.7096774193548385,0.0003035271427591707,Apoe|C1ql3|Cttnbp2|Dclk1|Erc2|Grin2a|Grin2b|Nrcam|Nrxn1|Nrxn3|Ntng1|Plppr4|Ppfia2|Ptprd,0.023487219380173924
drug0,GO_BP,GOBP_CELL_KILLING,0,20,50,1500,0.0,1.0,,1.0
drug0,GO_BP,GOBP_CELL_MATRIX_ADHESION,0,45,50,1500,0.0,1.0,,1.0
drug0,GO_BP,GOBP_CELL_MATURATION,2,33,50,1500,1.8181818181818181,0.301829565218506,Nrcam|Nrxn1,1.0
drug0,GO_BP,GOBP_CELL_MIGRATION,7,260,50,1500,0.8076923076923077,0.7911819723444035,Apoe|Dclk1|Kcnq1ot1|Ndrg4|Ntng1|Plp1|Zeb2,1.0
drug0,GO_BP,GOBP_CELL_MIGRATION_INVOLVED_IN_SPROUTING_ANGIOGENESIS,0,17,50,1500,0.0,1.0,,1.0
drug0,GO_BP,GOBP_CELL_MORPHOGENESIS,14,175,50,1500,2.4,0.0010873288374654364,Apoe|Chn1|Clu|Dclk1|Mag|Nfib|Nrcam|Nrxn1|Ntng1|Plppr4|Ppfia2|Ptprd|Syt1|Zeb2,0.04291013285143626
drug0,GO_BP,GOBP_CELL_MORPHOGENESIS_INVOLVED_IN_NEURON_DIFFERENTIATION,11,107,50,1500,3.08411214953271,0.0005122088844866291,Apoe|Chn1|Dclk1|Mag|Nfib|Nrcam|Ntng1|Plppr4|Ppfia2|Ptprd|Zeb2,0.026934132599897964
drug0,GO_BP,GOBP_CELL_MOTILITY,7,294,50,1500,0.7142857142857142,0.8878855078339852,Apoe|Dclk1|Kcnq1ot1|Ndrg4|Ntng1|Plp1|Zeb2,1.0
drug0,GO_BP,GOBP_CELL_PROJECTION_ASSEMBLY,1,63,50,1500,0.47619047619047616,0.8871848548185834,Nrxn1,1.0
drug0,GO_BP,GOBP_CELL_PROJECTION_MORPHOGENESIS,14,130,50,1500,3.230769230769231,4.2235101514101756e-05,Apoe|Chn1|Clu|Dclk1|Mag|Nfib|Nrcam|Nrxn1|Ntng1|Plppr4|Ppfia2|Ptprd|Syt1|Zeb2,0.007679405288851092
drug0,GO_BP,GOBP_CELL_PROJECTION_ORGANIZATION,18,255,50,1500,2.1176470588235294,0.0007908598936184189,Apoe|Chn1|Clu|Dclk1|Grin2a|Grin2b|Mag|Ndrg4|Nfib|Nrcam|Nrxn1|Ntng1|Plp1|Plppr4|Ppfia2|Ptprd|Syt1|Zeb2,0.03381966650341923
drug0,GO_BP,GOBP_CELL_RECOGNITION,1,22,50,1500,1.3636363636363638,0.5281983764075895,Nrcam,1.0
drug0,GO_BP,GOBP_CELL_SUBSTRATE_ADHESION,0,72,50,1500,0.0,1.0,,1.0
drug0,GO_BP,GOBP_CELL_SUBSTRATE_JUNCTION_ORGANIZATION,0,20,50,1500,0.0,1.0,,1.0
drug0,GO_BP,GOBP_CELL_SURFACE_RECEPTOR_PROTEIN_SERINE_THREONINE_KINASE_SIGNALING_PATHWAY,2,47,50,1500,1.2765957446808511,0.4702033260751992,Sptbn1|Zeb2,1.0
drug0,GO_BP,GOBP_CELL_SURFACE_RECEPTOR_PROTEIN_TYROSINE_KINASE_SIGNALING_PATHWAY,3,86,50,1500,1.0465116279069768,0.5555847147870124,Chn1|Ndrg4|Nrxn1,1.0
drug0,GO_BP,GOBP_CELL_SURFACE_RECEPTOR_SIGNALING_PATHWAY_VIA_STAT,1,19,50,1500,1.5789473684210527,0.4769581022710094,Ptprd,1.0
drug0,GO_BP,GOBP_CENTRAL_NERVOUS_SYSTEM_DEVELOPMENT,11,175,50,1500,1.885714285714286,0.024901865407794925,Clu|Dclk1|Mag|Miat|Nfib|Nrcam|Nrxn1|Plp1|Rtn1|Sptbn1|Zeb2,0.3581020467935111
drug0,GO_BP,GOBP_CENTRAL_NERVOUS_SYSTEM_NEURON_DEVELOPMENT,3,19,50,1500,4.736842105263158,0.023183209906023995,Dclk1|Nfib|Zeb2,0.3554029820498962
drug0,GO_BP,GOBP_CENTRAL_NERVOUS_SYSTEM_NEURON_DIFFERENTIATION,5,44,50,1500,3.409090909090909,0.013652438310575388,Dclk1|Miat|Nfib|Nrxn1|Zeb2,0.26410966969863103
drug0,GO_BP,GOBP_CEREBELLAR_CORTEX_DEVELOPMENT,1,10,50,1500,3.0,0.2882684421548648,Nrxn1,1.0
drug0,GO_BP,GOBP_CEREBRAL_CORTEX_DEVELOPMENT,0,24,50,1500,0.0,1.0,,1.0
drug0,GO_BP,GOBP_CHEMICAL_HOMEOSTASIS,7,120,50,1500,1.75,0.09827814303102313,Apoe|Atp1b1|Atp2b1|Erc2|Grin2b|Slc17a7|Zbtb20,0.7393610297472805
drug0,GO_BP,GOBP_CHEMICAL_SYNAPTIC_TRANSMISSION_POSTSYNAPTIC,5,26,50,1500,5.769230769230769,0.0013019111383587353,Gria2|Grin2a|Grin2b|Nrxn1|Slc17a7,0.048081945450748745
drug0,GO_BP,GOBP_CHEMOKINE_PRODUCTION,0,20,50,1500,0.0,1.0,,1.0
drug0,GO_BP,GOBP_CHLORIDE_TRANSPORT,1,15,50,1500,2.0,0.4000764265660914,Slc17a7,1.0
drug0,GO_BP,GOBP_CHONDROCYTE_DIFFERENTIATION,1,21,50,1500,1.4285714285714286,0.5116902720131731,Nfib,1.0
drug0,GO_BP,GOBP_CHROMATIN_ORGANIZATION,6,47,50,1500,3.8297872340425534,0.0038192621776975987,Brd9|Dclk1|Kcnq1ot1|Meg3|Ptprd|Rian,0.11284183706833814
drug0,GO_BP,GOBP_CHROMOSOME_LOCALIZATION,0,11,50,1500,0.0,1.0,,1.0
drug0,GO_BP,GOBP_CHROMOSOME_ORGANIZATION,0,31,50,1500,0.0,1.0,,1.0
drug0,GO_BP,GOBP_CHROMOSOME_SEGREGATION,0,30,50,1500,0.0,1.0,,1.0
drug0,GO_BP,GOBP_CILIUM_MOVEMENT,0,36,50,1500,0.0,1.0,,1.0
drug0,GO_BP,GOBP_CILIUM_ORGANIZATION,0,40,50,1500,0.0,1.0,,1.0
drug0,GO_BP,GOBP_CILIUM_OR_FLAGELLUM_DEPENDENT_CELL_MOTILITY,0,31,50,1500,0.0,1.0,,1.0
drug0,GO_BP,GOBP_CIRCADIAN_RHYTHM,1,25,50,1500,1.2,0.5745095173169409,Ptgds,1.0
drug0,GO_BP,GOBP_CIRCULATORY_SYSTEM_DEVELOPMENT,5,209,50,1500,0.7177033492822966,0.8485507789693589,Apoe|Ndrg4|Nrcam|Nrxn1|Nrxn3,1.0
drug0,GO_BP,GOBP_CIRCULATORY_SYSTEM_PROCESS,5,101,50,1500,1.4851485148514851,0.24312756562940346,Apoe|Atp1b1|Atp2b1|Ttr|Zeb2,1.0
drug0,GO_BP,GOBP_COGNITION,7,66,50,1500,3.1818181818181817,0.005131946985300644,Apoe|Grin2a|Grin2b|Ndrg4|Nrxn1|Nrxn3|Slc17a7,0.13451139579057753
drug0,GO_BP,GOBP_COLLAGEN_ACTIVATED_SIGNALING_PATHWAY,0,21,50,1500,0.0,1.0,,1.0
drug0,GO_BP,GOBP_COLLAGEN_BIOSYNTHETIC_PROCESS,0,10,50,1500,0.0,1.0,,1.0
drug0,GO_BP,GOBP_COLLAGEN_FIBRIL_ORGANIZATION,0,18,50,1500,0.0,1.0,,1.0
drug0,GO_BP,GOBP_COLLAGEN_METABOLIC_PROCESS,0,18,50,1500,0.0,1.0,,1.0
drug0,GO_BP,GOBP_COLUMNAR_CUBOIDAL_EPITHELIAL_CELL_DIFFERENTIATION,1,22,50,1500,1.3636363636363638,0.5281983764075895,Nfib,1.0
drug0,GO_BP,GOBP_COMPLEMENT_ACTIVATION,0,11,50,1500,0.0,1.0,,1.0
drug0,GO_BP,GOBP_CONNECTIVE_TISSUE_DEVELOPMENT,1,48,50,1500,0.625,0.8086739419485636,Nfib,1.0
drug0,GO_BP,GOBP_CRANIAL_SKELETAL_SYSTEM_DEVELOPMENT,0,13,50,1500,0.0,1.0,,1.0
drug0,GO_BP,GOBP_CYTOKINESIS,1,18,50,1500,1.6666666666666667,0.45869546617711976,Sptbn1,1.0
drug0,GO_BP,GOBP_CYTOKINE_MEDIATED_SIGNALING_PATHWAY,0,73,50,1500,0.0,1.0,,1.0
drug0,GO_BP,GOBP_CYTOKINE_PRODUCTION,4,112,50,1500,1.0714285714285714,0.5211047824263413,Atp2b1|Clu|Sptbn1|Zbtb20,1.0
drug0,GO_BP,GOBP_CYTOKINE_PRODUCTION_INVOLVED_IN_IMMUNE_RESPONSE,0,22,50,1500,0.0,1.0,,1.0
drug0,GO_BP,GOBP_CYTOPLASMIC_PATTERN_RECOGNITION_RECEPTOR_SIGNALING_PATHWAY,0,16,50,1500,0.0,1.0,,1.0
drug0,GO_BP,GOBP_CYTOSKELETON_DEPENDENT_CYTOKINESIS,1,11,50,1500,2.7272727272727275,0.31215205147852715,Sptbn1,1.0
drug0,GO_BP,GOBP_CYTOSKELETON_DEPENDENT_INTRACELLULAR_TRANSPORT,1,14,50,1500,2.142857142857143,0.3791877227557184,Ppfia2,1.0
drug0,GO_BP,GOBP_CYTOSKELETON_ORGANIZATION,3,170,50,1500,0.5294117647058824,0.9361764403808835,Cttnbp2|Sptbn1|Zeb2,1.0
drug0,GO_BP,GOBP_DEFENSE_RESPONSE_TO_BACTERIUM,0,35,50,1500,0.0,1.0,,1.0
drug0,GO_BP,GOBP_DEFENSE_RESPONSE_TO_GRAM_NEGATIVE_BACTERIUM,0,14,50,1500,0.0,1.0,,1.0
drug0,GO_BP,GOBP_DEFENSE_RESPONSE_TO_GRAM_POSITIVE_BACTERIUM,0,14,50,1500,0.0,1.0,,1.0
drug0,GO_BP,GOBP_DEFENSE_RESPONSE_TO_OTHER_ORGANISM,1,115,50,1500,0.2608695652173913,0.9827104541654491,Apoe,1.0
drug0,GO_BP,GOBP_DEFENSE_RESPONSE_TO_SYMBIONT,1,99,50,1500,0.30303030303030304,0.9689761776793663,Apoe,1.0
drug0,GO_BP,GOBP_DEFENSE_RESPONSE_TO_VIRUS,0,24,50,1500,0.0,1.0,,1.0
drug0,GO_BP,GOBP_DENDRITE_DEVELOPMENT,4,39,50,1500,3.0769230769230766,0.03804320919341868,Apoe|Dclk1|Ppfia2|Ptprd,0.4645778671224041
drug0,GO_BP,GOBP_DENDRITE_MORPHOGENESIS,3,27,50,1500,3.333333333333333,0.058094821376033876,Dclk1|Ppfia2|Ptprd,0.5522649979848836
drug0,GO_BP,GOBP_DENDRITIC_SPINE_DEVELOPMENT,3,19,50,1500,4.736842105263158,0.023183209906023995,Apoe|Ppfia2|Ptprd,0.3554029820498962
drug0,GO_BP,GOBP_DENDRITIC_SPINE_MORPHOGENESIS,2,12,50,1500,5.0,0.05807792677281182,Ppfia2|Ptprd,0.5522649979848836
drug0,GO_BP,GOBP_DEPHOSPHORYLATION,1,14,50,1500,2.142857142857143,0.3791877227557184,Plppr4,1.0
drug0,GO_BP,GOBP_DETECTION_OF_EXTERNAL_STIMULUS,3,16,50,1500,5.625,0.014373895602843016,Grin2a|Grin2b|Ttr,0.26542704948431706
drug0,GO_BP,GOBP_DETECTION_OF_MECHANICAL_STIMULUS,2,12,50,1500,5.0,0.05807792677281182,Grin2a|Grin2b,0.5522649979848836
drug0,GO_BP,GOBP_DETECTION_OF_MECHANICAL_STIMULUS_INVOLVED_IN_SENSORY_PERCEPTION,2,10,50,1500,6.0,0.04131092728840577,Grin2a|Grin2b,0.47950183459756696
drug0,GO_BP,GOBP_DETECTION_OF_STIMULUS,4,25,50,1500,4.8,0.008242907697159811,Grin2a|Grin2b|Syt1|Ttr,0.18603784733173187
drug0,GO_BP,GOBP_DETECTION_OF_STIMULUS_INVOLVED_IN_SENSORY_PERCEPTION,2,13,50,1500,4.615384615384615,0.06720522304156554,Grin2a|Grin2b,0.6100006407734712
drug0,GO_BP,GOBP_DETOXIFICATION,1,19,50,1500,1.5789473684210527,0.4769581022710094,Apoe,1.0
drug0,GO_BP,GOBP_DEVELOPMENTAL_CELL_GROWTH,5,51,50,1500,2.9411764705882355,0.02477317727952376,Apoe|Dclk1|Mag|Syt1|Zeb2,0.3581020467935111
drug0,GO_BP,GOBP_DEVELOPMENTAL_GROWTH,6,121,50,1500,1.4876033057851241,0.21057372020978107,Apoe|Dclk1|Mag|Meg3|Syt1|Zeb2,1.0
drug0,GO_BP,GOBP_DEVELOPMENTAL_GROWTH_INVOLVED_IN_MORPHOGENESIS,5,46,50,1500,3.260869565217391,0.016387636166515684,Apoe|Dclk1|Mag|Syt1|Zeb2,0.29473313764221454
drug0,GO_BP,GOBP_DEVELOPMENTAL_MATURATION,3,54,50,1500,1.6666666666666665,0.267230303739711,Nrcam|Nrxn1|Slc17a7,1.0
drug0,GO_BP,GOBP_DEVELOPMENTAL_PROCESS_INVOLVED_IN_REPRODUCTION,2,110,50,1500,0.5454545454545455,0.8940401714016379,Kcnq1ot1|Meg3,1.0
drug0,GO_BP,GOBP_DEVELOPMENT_OF_PRIMARY_FEMALE_SEXUAL_CHARACTERISTICS,0,19,50,1500,0.0,1.0,,1.0
drug0,GO_BP,GOBP_DEVELOPMENT_OF_PRIMARY_SEXUAL_CHARACTERISTICS,0,34,50,1500,0.0,1.0,,1.0
drug0,GO_BP,GOBP_DICARBOXYLIC_ACID_TRANSPORT,2,24,50,1500,2.5,0.18923912647371055,Grin2b|Slc17a7,1.0
drug0,GO_BP,GOBP_DIENCEPHALON_DEVELOPMENT,1,15,50,1500,2.0,0.4000764265660914,Zeb2,1.0
drug0,GO_BP,GOBP_DIGESTION,0,11,50,1500,0.0,1.0,,1.0
drug0,GO_BP,GOBP_DIGESTIVE_SYSTEM_DEVELOPMENT,0,23,50,1500,0.0,1.0,,1.0
drug0,GO_BP,GOBP_DNA_BIOSYNTHETIC_PROCESS,0,14,50,1500,0.0,1.0,,1.0
drug0,GO_BP,GOBP_DNA_DAMAGE_RESPONSE,1,36,50,1500,0.8333333333333334,0.7092162291569126,Clu,1.0
drug0,GO_BP,GOBP_DNA_METABOLIC_PROCESS,1,48,50,1500,0.625,0.8086739419485636,Nfib,1.0
drug0,GO_BP,GOBP_DNA_RECOMBINATION,0,12,50,1500,0.0,1.0,,1.0
drug0,GO_BP,GOBP_DNA_REPAIR,0,15,50,1500,0.0,1.0,,1.0
drug0,GO_BP,GOBP_DNA_REPLICATION,1,12,50,1500,2.5,0.33524969917904673,Nfib,1.0
drug0,GO_BP,GOBP_DORSAL_VENTRAL_PATTERN_FORMATION,0,11,50,1500,0.0,1.0,,1.0
drug0,GO_BP,GOBP_DOUBLE_STRAND_BREAK_REPAIR,0,10,50,1500,0.0,1.0,,1.0
drug0,GO_BP,GOBP_EAR_DEVELOPMENT,1,41,50,1500,0.7317073170731707,0.755653168747937,Plppr4,1.0
drug0,GO_BP,GOBP_EAR_MORPHOGENESIS,0,18,50,1500,0.0,1.0,,1.0
drug0,GO_BP,GOBP_EMBRYONIC_APPENDAGE_MORPHOGENESIS,0,15,50,1500,0.0,1.0,,1.0
drug0,GO_BP,GOBP_EMBRYONIC_HEART_TUBE_DEVELOPMENT,0,18,50,1500,0.0,1.0,,1.0
drug0,GO_BP,GOBP_EMBRYONIC_HEART_TUBE_MORPHOGENESIS,0,11,50,1500,0.0,1.0,,1.0
drug0,GO_BP,GOBP_EMBRYONIC_MORPHOGENESIS,1,90,50,1500,0.3333333333333333,0.9570239516255767,Zeb2,1.0
drug0,GO_BP,GOBP_EMBRYONIC_ORGAN_DEVELOPMENT,1,82,50,1500,0.36585365853658536,0.9426858159057863,Rnf112,1.0
drug0,GO_BP,GOBP_EMBRYONIC_ORGAN_MORPHOGENESIS,0,45,50,1500,0.0,1.0,,1.0
drug0,GO_BP,GOBP_EMBRYONIC_PLACENTA_DEVELOPMENT,0,21,50,1500,0.0,1.0,,1.0
drug0,GO_BP,GOBP_EMBRYONIC_PLACENTA_MORPHOGENESIS,0,10,50,1500,0.0,1.0,,1.0
drug0,GO_BP,GOBP_EMBRYONIC_SKELETAL_SYSTEM_DEVELOPMENT,0,16,50,1500,0.0,1.0,,1.0
drug0,GO_BP,GOBP_EMBRYONIC_SKELETAL_SYSTEM_MORPHOGENESIS,0,11,50,1500,0.0,1.0,,1.0
drug0,GO_BP,GOBP_EMBRYO_DEVELOPMENT,5,161,50,1500,0.9316770186335405,0.6375609679598102,Atp1b1|Grin2b|Meg3|Rnf112|Zeb2,1.0
drug0,GO_BP,GOBP_EMBRYO_DEVELOPMENT_ENDING_IN_BIRTH_OR_EGG_HATCHING,4,101,50,1500,1.188118811881188,0.4382607929009545,Atp1b1|Grin2b|Meg3|Zeb2,1.0
drug0,GO_BP,GOBP_ENDOCARDIAL_CUSHION_DEVELOPMENT,0,11,50,1500,0.0,1.0,,1.0
drug0,GO_BP,GOBP_ENDOCARDIAL_CUSHION_MORPHOGENESIS,0,10,50,1500,0.0,1.0,,1.0
drug0,GO_BP,GOBP_ENDOCRINE_HORMONE_SECRETION,1,12,50,1500,2.5,0.33524969917904673,Pex5l,1.0
drug0,GO_BP,GOBP_ENDOCRINE_PROCESS,1,18,50,1500,1.6666666666666667,0.45869546617711976,Pex5l,1.0
drug0,GO_BP,GOBP_ENDOCRINE_SYSTEM_DEVELOPMENT,1,21,50,1500,1.4285714285714286,0.5116902720131731,Clu,1.0
drug0,GO_BP,GOBP_ENDOCYTOSIS,5,84,50,1500,1.7857142857142858,0.14347864880897263,Apoe|Clu|Gria2|Slc17a7|Syt7,0.8898961996739714
drug0,GO_BP,GOBP_ENDODERMAL_CELL_DIFFERENTIATION,0,12,50,1500,0.0,1.0,,1.0
drug0,GO_BP,GOBP_ENDODERM_DEVELOPMENT,0,16,50,1500,0.0,1.0,,1.0
drug0,GO_BP,GOBP_ENDODERM_FORMATION,0,14,50,1500,0.0,1.0,,1.0
drug0,GO_BP,GOBP_ENDOMEMBRANE_SYSTEM_ORGANIZATION,7,43,50,1500,4.883720930232558,0.0003831932794171149,Clu|Erc2|Rnf112|Rtn1|Sptbn1|Syt1|Syt7,0.02394957996356968
drug0,GO_BP,GOBP_ENDOSOMAL_TRANSPORT,1,12,50,1500,2.5,0.33524969917904673,Ndrg4,1.0
drug0,GO_BP,GOBP_ENDOTHELIAL_CELL_APOPTOTIC_PROCESS,0,17,50,1500,0.0,1.0,,1.0
drug0,GO_BP,GOBP_ENDOTHELIAL_CELL_CHEMOTAXIS,0,11,50,1500,0.0,1.0,,1.0
drug0,GO_BP,GOBP_ENDOTHELIAL_CELL_DEVELOPMENT,0,21,50,1500,0.0,1.0,,1.0
drug0,GO_BP,GOBP_ENDOTHELIAL_CELL_DIFFERENTIATION,0,32,50,1500,0.0,1.0,,1.0
drug0,GO_BP,GOBP_ENDOTHELIAL_CELL_MIGRATION,2,50,50,1500,1.2,0.5033344253193706,Apoe|Zeb2,1.0
drug0,GO_BP,GOBP_ENDOTHELIAL_CELL_PROLIFERATION,2,41,50,1500,1.4634146341463414,0.40039713749493766,Apoe|Zeb2,1.0
drug0,GO_BP,GOBP_ENDOTHELIUM_DEVELOPMENT,0,37,50,1500,0.0,1.0,,1.0
drug0,GO_BP,GOBP_ENERGY_DERIVATION_BY_OXIDATION_OF_ORGANIC_COMPOUNDS,0,27,50,1500,0.0,1.0,,1.0
drug0,GO_BP,GOBP_ENERGY_HOMEOSTASIS,1,18,50,1500,1.6666666666666667,0.45869546617711976,Apoe,1.0
drug0,GO_BP,GOBP_ENERGY_RESERVE_METABOLIC_PROCESS,0,11,50,1500,0.0,1.0,,1.0
drug0,GO_BP,GOBP_ENSHEATHMENT_OF_NEURONS,3,30,50,1500,3.0,0.07524124775221704,Clu|Mag|Plp1,0.639782901467006
drug0,GO_BP,GOBP_ENZYME_LINKED_RECEPTOR_PROTEIN_SIGNALING_PATHWAY,5,128,50,1500,1.171875,0.4259594429399392,Chn1|Ndrg4|Nrxn1|Sptbn1|Zeb2,1.0
drug0,GO_BP,GOBP_EPHRIN_RECEPTOR_SIGNALING_PATHWAY,1,21,50,1500,1.4285714285714286,0.5116902720131731,Chn1,1.0
drug0,GO_BP,GOBP_EPIDERMAL_CELL_DIFFERENTIATION,0,22,50,1500,0.0,1.0,,1.0
drug0,GO_BP,GOBP_EPIDERMIS_DEVELOPMENT,0,36,50,1500,0.0,1.0,,1.0
drug0,GO_BP,GOBP_EPIGENETIC_REGULATION_OF_GENE_EXPRESSION,2,12,50,1500,5.0,0.05807792677281182,Kcnq1ot1|Meg3,0.5522649979848836
drug0,GO_BP,GOBP_EPITHELIAL_CELL_APOPTOTIC_PROCESS,0,14,50,1500,0.0,1.0,,1.0
drug0,GO_BP,GOBP_EPITHELIAL_CELL_DEVELOPMENT,0,47,50,1500,0.0,1.0,,1.0
drug0,GO_BP,GOBP_EPITHELIAL_CELL_DIFFERENTIATION,2,112,50,1500,0.5357142857142857,0.8999688931334602,Nfib|Zeb2,1.0
drug0,GO_BP,GOBP_EPITHELIAL_CELL_DIFFERENTIATION_INVOLVED_IN_KIDNEY_DEVELOPMENT,0,12,50,1500,0.0,1.0,,1.0
drug0,GO_BP,GOBP_EPITHELIAL_CELL_MORPHOGENESIS,0,10,50,1500,0.0,1.0,,1.0
drug0,GO_BP,GOBP_EPITHELIAL_CELL_PROLIFERATION,4,92,50,1500,1.3043478260869565,0.3681094303731707,Apoe|Nfib|Rian|Zeb2,1.0
drug0,GO_BP,GOBP_EPITHELIAL_TO_MESENCHYMAL_TRANSITION,1,33,50,1500,0.9090909090909091,0.6773123609777841,Rian,1.0
drug0,GO_BP,GOBP_EPITHELIAL_TUBE_MORPHOGENESIS,1,60,50,1500,0.5,0.8745579719908251,Zeb2,1.0
drug0,GO_BP,GOBP_EPITHELIUM_DEVELOPMENT,2,185,50,1500,0.3243243243243243,0.9897661875931945,Nfib|Zeb2,1.0
drug0,GO_BP,GOBP_ERBB_SIGNALING_PATHWAY,0,27,50,1500,0.0,1.0,,1.0
drug0,GO_BP,GOBP_ERK1_AND_ERK2_CASCADE,3,66,50,1500,1.3636363636363635,0.3791751470741036,Apoe|Ndrg4|Nrxn1,1.0
drug0,GO_BP,GOBP_ERYTHROCYTE_HOMEOSTASIS,0,25,50,1500,0.0,1.0,,1.0
drug0,GO_BP,GOBP_ESTABLISHMENT_OF_CELL_POLARITY,0,15,50,1500,0.0,1.0,,1.0
drug0,GO_BP,GOBP_ESTABLISHMENT_OF_ENDOTHELIAL_BARRIER,0,14,50,1500,0.0,1.0,,1.0
drug0,GO_BP,GOBP_ESTABLISHMENT_OF_ORGANELLE_LOCALIZATION,2,45,50,1500,1.3333333333333333,0.4474305107818257,Ppfia2|Ptgds,1.0
drug0,GO_BP,GOBP_ESTABLISHMENT_OF_PROTEIN_LOCALIZATION,8,127,50,1500,1.889763779527559,0.05458999781898249,Apoe|Clu|Gria2|Grin2a|Nrxn1|Pex5l|Sptbn1|Syt7,0.550986002831345
drug0,GO_BP,GOBP_ESTABLISHMENT_OF_PROTEIN_LOCALIZATION_TO_MEMBRANE,2,14,50,1500,4.285714285714286,0.07677394817604072,Grin2a|Sptbn1,0.639782901467006
drug0,GO_BP,GOBP_ESTABLISHMENT_OF_PROTEIN_LOCALIZATION_TO_ORGANELLE,3,30,50,1500,3.0,0.07524124775221704,Clu|Grin2a|Pex5l,0.639782901467006
drug0,GO_BP,GOBP_ESTABLISHMENT_OR_MAINTENANCE_OF_CELL_POLARITY,0,21,50,1500,0.0,1.0,,1.0
drug0,GO_BP,GOBP_EXCITATORY_SYNAPSE_ASSEMBLY,4,12,50,1500,10.0,0.0004447408803799079,C1ql3|Nrxn1|Nrxn3|Ptprd,0.026766812245087052
drug0,GO_BP,GOBP_EXOCYTIC_PROCESS,3,17,50,1500,5.294117647058823,0.01704917842361118,Erc2|Syt1|Syt7,0.29473313764221454
drug0,GO_BP,GOBP_EXOCYTOSIS,6,48,50,1500,3.75,0.0042548488290650565,Erc2|Pex5l|Ppfia2|Ptgds|Syt1|Syt7,0.12269803923094823
drug0,GO_BP,GOBP_EXPLORATION_BEHAVIOR,2,12,50,1500,5.0,0.05807792677281182,Apoe|Lsamp,0.5522649979848836
drug0,GO_BP,GOBP_EXPORT_ACROSS_PLASMA_MEMBRANE,2,16,50,1500,3.75,0.0970847228115921,Atp1b1|Atp2b1,0.7372087596674634
drug0,GO_BP,GOBP_EXPORT_FROM_CELL,12,141,50,1500,2.553191489361702,0.0015671160486191579,Apoe|Atp1b1|Atp2b1|Erc2|Grin2b|Nrxn1|Nrxn3|Pex5l|Ppfia2|Ptgds|Syt1|Syt7,0.053691756661306975
drug0,GO_BP,GOBP_EXTRACELLULAR_MATRIX_ASSEMBLY,0,13,50,1500,0.0,1.0,,1.0
drug0,GO_BP,GOBP_EXTRACELLULAR_STRUCTURE_ORGANIZATION,0,77,50,1500,0.0,1.0,,1.0
drug0,GO_BP,GOBP_EXTRACELLULAR_TRANSPORT,0,11,50,1500,0.0,1.0,,1.0
drug0,GO_BP,GOBP_EXTRINSIC_APOPTOTIC_SIGNALING_PATHWAY,0,35,50,1500,0.0,1.0,,1.0
drug0,GO_BP,GOBP_EXTRINSIC_APOPTOTIC_SIGNALING_PATHWAY_VIA_DEATH_DOMAIN_RECEPTORS,0,11,50,1500,0.0,1.0,,1.0
drug0,GO_BP,GOBP_EYE_MORPHOGENESIS,1,32,50,1500,0.9375,0.6659340944396241,Miat,1.0
drug0,GO_BP,GOBP_EYE_PHOTORECEPTOR_CELL_DIFFERENTIATION,1,10,50,1500,3.0,0.2882684421548648,Miat,1.0
drug0,GO_BP,GOBP_FACE_DEVELOPMENT,0,12,50,1500,0.0,1.0,,1.0
drug0,GO_BP,GOBP_FATTY_ACID_BIOSYNTHETIC_PROCESS,2,18,50,1500,3.3333333333333335,0.11872751053120777,Plp1|Ptgds,0.8244966009111651
drug0,GO_BP,GOBP_FATTY_ACID_METABOLIC_PROCESS,2,38,50,1500,1.5789473684210527,0.3640022098915078,Plp1|Ptgds,1.0
drug0,GO_BP,GOBP_FATTY_ACID_TRANSPORT,1,20,50,1500,1.5,0.49461650530034706,Apoe,1.0
drug0,GO_BP,GOBP_FAT_CELL_DIFFERENTIATION,0,42,50,1500,0.0,1.0,,1.0
drug0,GO_BP,GOBP_FEAR_RESPONSE,2,11,50,1500,5.454545454545455,0.04943234891824236,Apoe|Grin2b,0.5116405540900881
drug0,GO_BP,GOBP_FEEDING_BEHAVIOR,1,20,50,1500,1.5,0.49461650530034706,Grin2b,1.0
drug0,GO_BP,GOBP_FEMALE_GAMETE_GENERATION,0,16,50,1500,0.0,1.0,,1.0
drug0,GO_BP,GOBP_FEMALE_SEX_DIFFERENTIATION,0,24,50,1500,0.0,1.0,,1.0
drug0,GO_BP,GOBP_FERTILIZATION,0,15,50,1500,0.0,1.0,,1.0
drug0,GO_BP,GOBP_FIBROBLAST_GROWTH_FACTOR_RECEPTOR_SIGNALING_PATHWAY,1,28,50,1500,1.0714285714285714,0.616356933817995,Nrxn1,1.0
drug0,GO_BP,GOBP_FIBROBLAST_MIGRATION,1,12,50,1500,2.5,0.33524969917904673,Zeb2,1.0
drug0,GO_BP,GOBP_FIBROBLAST_PROLIFERATION,0,23,50,1500,0.0,1.0,,1.0
drug0,GO_BP,GOBP_FILOPODIUM_ASSEMBLY,1,13,50,1500,2.3076923076923075,0.3575867388571701,Nrxn1,1.0
drug0,GO_BP,GOBP_FOCAL_ADHESION_ASSEMBLY,0,17,50,1500,0.0,1.0,,1.0
drug0,GO_BP,GOBP_FOREBRAIN_DEVELOPMENT,3,90,50,1500,1.0,0.587439561666147,Dclk1|Nfib|Zeb2,1.0
drug0,GO_BP,GOBP_FOREBRAIN_GENERATION_OF_NEURONS,0,24,50,1500,0.0,1.0,,1.0
drug0,GO_BP,GOBP_FORMATION_OF_PRIMARY_GERM_LAYER,0,20,50,1500,0.0,1.0,,1.0
drug0,GO_BP,GOBP_GAMETE_GENERATION,3,75,50,1500,1.2,0.4614754911113825,Kcnq1ot1|Meg3|Ptgds,1.0
drug0,GO_BP,GOBP_GASTRULATION,0,28,50,1500,0.0,1.0,,1.0
drug0,GO_BP,GOBP_GENERATION_OF_NEURONS,19,255,50,1500,2.235294117647059,0.0002506858645720304,Apoe|Chn1|Clu|Dclk1|Mag|Miat|Ndrg4|Nfib|Nrcam|Nrxn1|Ntng1|Plp1|Plppr4|Ppfia2|Ptprd|Rnf112|Rtn1|Syt1|Zeb2,0.021745470477505937
drug0,GO_BP,GOBP_GENERATION_OF_PRECURSOR_METABOLITES_AND_ENERGY,1,33,50,1500,0.9090909090909091,0.6773123609777841,Zbtb20,1.0
drug0,GO_BP,GOBP_GLAND_DEVELOPMENT,2,76,50,1500,0.7894736842105263,0.7325908753187785,Meg3|Nfib,1.0
drug0,GO_BP,GOBP_GLAND_MORPHOGENESIS,1,26,50,1500,1.1538461538461537,0.5889329235095868,Nfib,1.0
drug0,GO_BP,GOBP_GLIAL_CELL_ACTIVATION,2,14,50,1500,4.285714285714286,0.07677394817604072,Clu|Zeb2,0.639782901467006
drug0,GO_BP,GOBP_GLIAL_CELL_DEVELOPMENT,4,36,50,1500,3.3333333333333335,0.02931236097787959,Clu|Mag|Plp1|Zeb2,0.4036659880428334
drug0,GO_BP,GOBP_GLIAL_CELL_DIFFERENTIATION,7,62,50,1500,3.387096774193548,0.0035912761640137228,Clu|Mag|Miat|Nfib|Plp1|Rnf112|Zeb2,0.10807081049115369
drug0,GO_BP,GOBP_GLIAL_CELL_MIGRATION,0,22,50,1500,0.0,1.0,,1.0
drug0,GO_BP,GOBP_GLIAL_CELL_PROLIFERATION,2,19,50,1500,3.1578947368421053,0.12996801648711176,Clu|Nfib,0.8704717824295505
drug0,GO_BP,GOBP_GLIOGENESIS,7,87,50,1500,2.413793103448276,0.02246129870915795,Clu|Mag|Miat|Nfib|Plp1|Rnf112|Zeb2,0.3554029820498962
drug0,GO_BP,GOBP_GLOMERULAR_EPITHELIUM_DEVELOPMENT,0,10,50,1500,0.0,1.0,,1.0
drug0,GO_BP,GOBP_GLOMERULUS_DEVELOPMENT,0,22,50,1500,0.0,1.0,,1.0
drug0,GO_BP,GOBP_GLUCOSE_METABOLIC_PROCESS,0,12,50,1500,0.0,1.0,,1.0
drug0,GO_BP,GOBP_GLUTAMATE_RECEPTOR_SIGNALING_PATHWAY,5,17,50,1500,8.823529411764707,0.00015381483353378345,Gria2|Grin2a|Grin2b|Nrxn1|Plp1,0.01922685419172293
drug0,GO_BP,GOBP_GLYCEROLIPID_BIOSYNTHETIC_PROCESS,0,16,50,1500,0.0,1.0,,1.0
drug0,GO_BP,GOBP_GLYCEROLIPID_METABOLIC_PROCESS,1,28,50,1500,1.0714285714285714,0.616356933817995,Apoe,1.0
drug0,GO_BP,GOBP_GLYCEROPHOSPHOLIPID_METABOLIC_PROCESS,0,18,50,1500,0.0,1.0,,1.0
drug0,GO_BP,GOBP_GLYCOPROTEIN_BIOSYNTHETIC_PROCESS,0,15,50,1500,0.0,1.0,,1.0
drug0,GO_BP,GOBP_GLYCOPROTEIN_METABOLIC_PROCESS,0,19,50,1500,0.0,1.0,,1.0
drug0,GO_BP,GOBP_GOLGI_VESICLE_TRANSPORT,1,12,50,1500,2.5,0.33524969917904673,Sptbn1,1.0
drug0,GO_BP,GOBP_GRANULOCYTE_CHEMOTAXIS,0,30,50,1500,0.0,1.0,,1.0
drug0,GO_BP,GOBP_GRANULOCYTE_MIGRATION,0,33,50,1500,0.0,1.0,,1.0
drug0,GO_BP,GOBP_GROWTH,6,144,50,1500,1.25,0.34608765609304076,Apoe|Dclk1|Mag|Meg3|Syt1|Zeb2,1.0
drug0,GO_BP,GOBP_HEAD_DEVELOPMENT,5,135,50,1500,1.1111111111111112,0.47372741487837067,Dclk1|Nfib|Nrxn1|Rtn1|Zeb2,1.0
drug0,GO_BP,GOBP_HEAD_MORPHOGENESIS,0,10,50,1500,0.0,1.0,,1.0
drug0,GO_BP,GOBP_HEART_DEVELOPMENT,1,104,50,1500,0.28846153846153844,0.974137744578432,Ndrg4,1.0
drug0,GO_BP,GOBP_HEART_GROWTH,0,26,50,1500,0.0,1.0,,1.0
drug0,GO_BP,GOBP_HEART_MORPHOGENESIS,0,51,50,1500,0.0,1.0,,1.0
drug0,GO_BP,GOBP_HEART_PROCESS,1,40,50,1500,0.75,0.7469883874978639,Atp1b1,1.0
drug0,GO_BP,GOBP_HEART_VALVE_DEVELOPMENT,0,13,50,1500,0.0,1.0,,1.0
drug0,GO_BP,GOBP_HEART_VALVE_MORPHOGENESIS,0,13,50,1500,0.0,1.0,,1.0
drug0,GO_BP,GOBP_HEMATOPOIETIC_OR_LYMPHOID_ORGAN_DEVELOPMENT,0,13,50,1500,0.0,1.0,,1.0
drug0,GO_BP,GOBP_HEMATOPOIETIC_PROGENITOR_CELL_DIFFERENTIATION,0,24,50,1500,0.0,1.0,,1.0
drug0,GO_BP,GOBP_HEMOPOIESIS,0,134,50,1500,0.0,1.0,,1.0
drug0,GO_BP,GOBP_HEMOSTASIS,1,28,50,1500,1.0714285714285714,0.616356933817995,Apoe,1.0
drug0,GO_BP,GOBP_HEPATICOBILIARY_SYSTEM_DEVELOPMENT,1,28,50,1500,1.0714285714285714,0.616356933817995,Meg3,1.0
drug0,GO_BP,GOBP_HEPATOCYTE_GROWTH_FACTOR_RECEPTOR_SIGNALING_PATHWAY,0,21,50,1500,0.0,1.0,,1.0
drug0,GO_BP,GOBP_HETEROPHILIC_CELL_CELL_ADHESION_VIA_PLASMA_MEMBRANE_CELL_ADHESION_MOLECULES,2,10,50,1500,6.0,0.04131092728840577,Nrxn1|Ptprd,0.47950183459756696
drug0,GO_BP,GOBP_HETEROTYPIC_CELL_CELL_ADHESION,1,13,50,1500,2.3076923076923075,0.3575867388571701,Nrcam,1.0
drug0,GO_BP,GOBP_HINDBRAIN_DEVELOPMENT,2,29,50,1500,2.0689655172413794,0.25147901761228364,Nfib|Nrxn1,1.0
drug0,GO_BP,GOBP_HIPPOCAMPUS_DEVELOPMENT,1,25,50,1500,1.2,0.5745095173169409,Zeb2,1.0
drug0,GO_BP,GOBP_HOMEOSTASIS_OF_NUMBER_OF_CELLS,0,57,50,1500,0.0,1.0,,1.0
drug0,GO_BP,GOBP_HOMEOSTASIS_OF_NUMBER_OF_CELLS_WITHIN_A_TISSUE,0,10,50,1500,0.0,1.0,,1.0
drug0,GO_BP,GOBP_HOMOPHILIC_CELL_ADHESION_VIA_PLASMA_MEMBRANE_ADHESION_MOLECULES,1,21,50,1500,1.4285714285714286,0.5116902720131731,Nrcam,1.0
drug0,GO_BP,GOBP_HOMOTYPIC_CELL_CELL_ADHESION,0,11,50,1500,0.0,1.0,,1.0
drug0,GO_BP,GOBP_HORMONE_MEDIATED_SIGNALING_PATHWAY,0,17,50,1500,0.0,1.0,,1.0
drug0,GO_BP,GOBP_HORMONE_METABOLIC_PROCESS,1,29,50,1500,1.0344827586206897,0.6293882879681989,Pcsk2,1.0
drug0,GO_BP,GOBP_HORMONE_TRANSPORT,2,57,50,1500,1.0526315789473684,0.5754451967732952,Pex5l|Syt7,1.0
drug0,GO_BP,GOBP_HUMORAL_IMMUNE_RESPONSE,0,34,50,1500,0.0,1.0,,1.0
drug0,GO_BP,GOBP_ICOSANOID_METABOLIC_PROCESS,1,12,50,1500,2.5,0.33524969917904673,Ptgds,1.0
drug0,GO_BP,GOBP_IMMUNE_EFFECTOR_PROCESS,2,84,50,1500,0.7142857142857143,0.7827682244604838,Clu|Ptgds,1.0
drug0,GO_BP,GOBP_IMMUNE_RESPONSE_REGULATING_CELL_SURFACE_RECEPTOR_SIGNALING_PATHWAY,0,31,50,1500,0.0,1.0,,1.0
drug0,GO_BP,GOBP_IMMUNE_RESPONSE_REGULATING_SIGNALING_PATHWAY,0,44,50,1500,0.0,1.0,,1.0
drug0,GO_BP,GOBP_IMMUNE_SYSTEM_DEVELOPMENT,0,20,50,1500,0.0,1.0,,1.0
drug0,GO_BP,GOBP_IMMUNOGLOBULIN_PRODUCTION,0,10,50,1500,0.0,1.0,,1.0
drug0,GO_BP,GOBP_IMPORT_ACROSS_PLASMA_MEMBRANE,1,42,50,1500,0.7142857142857143,0.764026946378234,Atp1b1,1.0
drug0,GO_BP,GOBP_IMPORT_INTO_CELL,6,126,50,1500,1.4285714285714286,0.23833455532456013,Apoe|Atp1b1|Clu|Gria2|Slc17a7|Syt7,1.0
drug0,GO_BP,GOBP_IMPORT_INTO_NUCLEUS,0,17,50,1500,0.0,1.0,,1.0
drug0,GO_BP,GOBP_INFLAMMATORY_RESPONSE,4,137,50,1500,0.8759124087591241,0.6855100390637544,Apoe|Clu|Plp1|Zeb2,1.0
drug0,GO_BP,GOBP_INFLAMMATORY_RESPONSE_TO_ANTIGENIC_STIMULUS,0,14,50,1500,0.0,1.0,,1.0
drug0,GO_BP,GOBP_INNATE_IMMUNE_RESPONSE_ACTIVATING_CELL_SURFACE_RECEPTOR_SIGNALING_PATHWAY,0,10,50,1500,0.0,1.0,,1.0
drug0,GO_BP,GOBP_INNERVATION,0,10,50,1500,0.0,1.0,,1.0
drug0,GO_BP,GOBP_INNER_EAR_MORPHOGENESIS,0,14,50,1500,0.0,1.0,,1.0
drug0,GO_BP,GOBP_INORGANIC_ANION_TRANSMEMBRANE_TRANSPORT,1,15,50,1500,2.0,0.4000764265660914,Slc17a7,1.0
drug0,GO_BP,GOBP_INORGANIC_ANION_TRANSPORT,1,23,50,1500,1.3043478260869565,0.5441591891136924,Slc17a7,1.0
drug0,GO_BP,GOBP_INORGANIC_ION_HOMEOSTASIS,6,75,50,1500,2.4,0.03510328463625305,Apoe|Atp1b1|Atp2b1|Erc2|Grin2b|Slc17a7,0.46002288333799357
drug0,GO_BP,GOBP_INORGANIC_ION_IMPORT_ACROSS_PLASMA_MEMBRANE,1,17,50,1500,1.7647058823529411,0.4398083575301246,Atp1b1,1.0
drug0,GO_BP,GOBP_INSULIN_LIKE_GROWTH_FACTOR_RECEPTOR_SIGNALING_PATHWAY,0,25,50,1500,0.0,1.0,,1.0
drug0,GO_BP,GOBP_INSULIN_RECEPTOR_SIGNALING_PATHWAY,0,32,50,1500,0.0,1.0,,1.0
drug0,GO_BP,GOBP_INSULIN_SECRETION,1,32,50,1500,0.9375,0.6659340944396241,Syt7,1.0
drug0,GO_BP,GOBP_INSULIN_SECRETION_INVOLVED_IN_CELLULAR_RESPONSE_TO_GLUCOSE_STIMULUS,0,12,50,1500,0.0,1.0,,1.0
drug0,GO_BP,GOBP_INTEGRIN_MEDIATED_SIGNALING_PATHWAY,0,19,50,1500,0.0,1.0,,1.0
drug0,GO_BP,GOBP_INTERLEUKIN_1_BETA_PRODUCTION,0,17,50,1500,0.0,1.0,,1.0
drug0,GO_BP,GOBP_INTERLEUKIN_1_PRODUCTION,0,19,50,1500,0.0,1.0,,1.0
drug0,GO_BP,GOBP_INTERLEUKIN_2_PRODUCTION,1,17,50,1500,1.7647058823529411,0.4398083575301246,Sptbn1,1.0
drug0,GO_BP,GOBP_INTERLEUKIN_6_PRODUCTION,1,29,50,1500,1.0344827586206897,0.6293882879681989,Zbtb20,1.0
drug0,GO_BP,GOBP_INTERLEUKIN_8_PRODUCTION,0,11,50,1500,0.0,1.0,,1.0
drug0,GO_BP,GOBP_INTRACELLULAR_GLUCOSE_HOMEOSTASIS,1,24,50,1500,1.25,0.5595904961849962,Zbtb20,1.0
drug0,GO_BP,GOBP_INTRACELLULAR_MONOATOMIC_ION_HOMEOSTASIS,5,64,50,1500,2.34375,0.058115270557178515,Apoe|Atp1b1|Atp2b1|Erc2|Grin2b,0.5522649979848836
drug0,GO_BP,GOBP_INTRACELLULAR_PROTEIN_TRANSPORT,2,40,50,1500,1.5,0.3883610132921429,Clu|Pex5l,1.0
drug0,GO_BP,GOBP_INTRACELLULAR_RECEPTOR_SIGNALING_PATHWAY,0,36,50,1500,0.0,1.0,,1.0
drug0,GO_BP,GOBP_INTRACELLULAR_SIGNALING_CASSETTE,10,223,50,1500,1.3452914798206277,0.19764986016233052,Apoe|Atp1b1|Chn1|Grin2a|Grin2b|Ndrg4|Nrxn1|Pex5l|Sptbn1|Zeb2,1.0
drug0,GO_BP,GOBP_INTRACELLULAR_TRANSPORT,5,75,50,1500,2.0,0.1001348551009755,Clu|Ndrg4|Pex5l|Ppfia2|Syt7,0.7464180712802073
drug0,GO_BP,GOBP_INTRINSIC_APOPTOTIC_SIGNALING_PATHWAY,1,31,50,1500,0.9677419354838709,0.6541629208821762,Clu,1.0
drug0,GO_BP,GOBP_INTRINSIC_APOPTOTIC_SIGNALING_PATHWAY_BY_P53_CLASS_MEDIATOR,0,11,50,1500,0.0,1.0,,1.0
drug0,GO_BP,GOBP_INTRINSIC_APOPTOTIC_SIGNALING_PATHWAY_IN_RESPONSE_TO_DNA_DAMAGE,1,16,50,1500,1.875,0.4202758734830577,Clu,1.0
drug0,GO_BP,GOBP_IN_UTERO_EMBRYONIC_DEVELOPMENT,3,70,50,1500,1.2857142857142856,0.41617005907570176,Atp1b1|Grin2b|Meg3,1.0
drug0,GO_BP,GOBP_IONOTROPIC_GLUTAMATE_RECEPTOR_SIGNALING_PATHWAY,5,14,50,1500,10.714285714285714,5.3696564487183934e-05,Gria2|Grin2a|Grin2b|Nrxn1|Plp1,0.007932447026515807
drug0,GO_BP,GOBP_JNK_CASCADE,0,17,50,1500,0.0,1.0,,1.0
drug0,GO_BP,GOBP_KERATINOCYTE_DIFFERENTIATION,0,14,50,1500,0.0,1.0,,1.0
drug0,GO_BP,GOBP_KETONE_METABOLIC_PROCESS,0,22,50,1500,0.0,1.0,,1.0
drug0,GO_BP,GOBP_KIDNEY_EPITHELIUM_DEVELOPMENT,0,27,50,1500,0.0,1.0,,1.0
drug0,GO_BP,GOBP_KIDNEY_MORPHOGENESIS,0,16,50,1500,0.0,1.0,,1.0
drug0,GO_BP,GOBP_LABYRINTHINE_LAYER_DEVELOPMENT,0,10,50,1500,0.0,1.0,,1.0
drug0,GO_BP,GOBP_LACTATION,0,11,50,1500,0.0,1.0,,1.0
drug0,GO_BP,GOBP_LEARNING,5,40,50,1500,3.75,0.00914748794093186,Grin2a|Grin2b|Ndrg4|Nrxn1|Nrxn3,0.2036255877262229
drug0,GO_BP,GOBP_LENS_DEVELOPMENT_IN_CAMERA_TYPE_EYE,1,15,50,1500,2.0,0.4000764265660914,Zeb2,1.0
drug0,GO_BP,GOBP_LEUKOCYTE_ACTIVATION_INVOLVED_IN_INFLAMMATORY_RESPONSE,1,11,50,1500,2.7272727272727275,0.31215205147852715,Clu,1.0
drug0,GO_BP,GOBP_LEUKOCYTE_ADHESION_TO_VASCULAR_ENDOTHELIAL_CELL,0,12,50,1500,0.0,1.0,,1.0
drug0,GO_BP,GOBP_LEUKOCYTE_APOPTOTIC_PROCESS,0,20,50,1500,0.0,1.0,,1.0
drug0,GO_BP,GOBP_LEUKOCYTE_CELL_CELL_ADHESION,0,60,50,1500,0.0,1.0,,1.0
drug0,GO_BP,GOBP_LEUKOCYTE_CHEMOTAXIS,0,45,50,1500,0.0,1.0,,1.0
drug0,GO_BP,GOBP_LEUKOCYTE_DEGRANULATION,1,12,50,1500,2.5,0.33524969917904673,Ptgds,1.0
drug0,GO_BP,GOBP_LEUKOCYTE_DIFFERENTIATION,0,84,50,1500,0.0,1.0,,1.0
drug0,GO_BP,GOBP_LEUKOCYTE_HOMEOSTASIS,0,20,50,1500,0.0,1.0,,1.0
drug0,GO_BP,GOBP_LEUKOCYTE_MEDIATED_CYTOTOXICITY,0,11,50,1500,0.0,1.0,,1.0
drug0,GO_BP,GOBP_LEUKOCYTE_MEDIATED_IMMUNITY,1,47,50,1500,0.6382978723404256,0.8018554794378209,Ptgds,1.0
drug0,GO_BP,GOBP_LEUKOCYTE_MIGRATION,0,65,50,1500,0.0,1.0,,1.0
drug0,GO_BP,GOBP_LEUKOCYTE_PROLIFERATION,1,58,50,1500,0.5172413793103449,0.8653811294462346,Clu,1.0
drug0,GO_BP,GOBP_LIGAND_GATED_ION_CHANNEL_SIGNALING_PATHWAY,5,15,50,1500,10.0,7.852787473853652e-05,Gria2|Grin2a|Grin2b|Nrxn1|Plp1,0.010633983037510154
drug0,GO_BP,GOBP_LIMBIC_SYSTEM_DEVELOPMENT,1,33,50,1500,0.9090909090909091,0.6773123609777841,Zeb2,1.0
drug0,GO_BP,GOBP_LIPID_BIOSYNTHETIC_PROCESS,4,54,50,1500,2.2222222222222223,0.10176389420560962,Apoe|Plp1|Ptgds|Zbtb20,0.7516651276550711
drug0,GO_BP,GOBP_LIPID_CATABOLIC_PROCESS,1,28,50,1500,1.0714285714285714,0.616356933817995,Apoe,1.0
drug0,GO_BP,GOBP_LIPID_EXPORT_FROM_CELL,0,12,50,1500,0.0,1.0,,1.0
drug0,GO_BP,GOBP_LIPID_HOMEOSTASIS,2,15,50,1500,4.0,0.08674586941049843,Apoe|Zbtb20,0.6909903813336272
drug0,GO_BP,GOBP_LIPID_LOCALIZATION,3,55,50,1500,1.6363636363636365,0.2764661602246375,Apoe|Plppr4|Syt7,1.0
drug0,GO_BP,GOBP_LIPID_METABOLIC_PROCESS,6,107,50,1500,1.6822429906542056,0.14046664888869206,Apoe|Plp1|Plppr4|Ptgds|Ttr|Zbtb20,0.8806656040596941
drug0,GO_BP,GOBP_LIPID_MODIFICATION,1,21,50,1500,1.4285714285714286,0.5116902720131731,Plppr4,1.0
drug0,GO_BP,GOBP_LIPID_OXIDATION,0,14,50,1500,0.0,1.0,,1.0
drug0,GO_BP,GOBP_LOCALIZATION_WITHIN_MEMBRANE,10,64,50,1500,4.6875,2.6204305165778317e-05,Apoe|Atp1b1|C1ql3|Dpp6|Grin2a|Grin2b|Ndrg4|Nrxn1|Nrxn3|Sptbn1,0.007679405288851092
drug0,GO_BP,GOBP_LOCOMOTION,6,221,50,1500,0.8144796380090498,0.7696135738853357,Apoe|Grin2a|Ndrg4|Ntng1|Plp1|Zeb2,1.0
drug0,GO_BP,GOBP_LOCOMOTORY_BEHAVIOR,3,47,50,1500,1.9148936170212767,0.20417344932098214,Apoe|Grin2a|Lsamp,1.0
drug0,GO_BP,GOBP_LONG_CHAIN_FATTY_ACID_METABOLIC_PROCESS,2,11,50,1500,5.454545454545455,0.04943234891824236,Plp1|Ptgds,0.5116405540900881
drug0,GO_BP,GOBP_LONG_CHAIN_FATTY_ACID_TRANSPORT,1,12,50,1500,2.5,0.33524969917904673,Apoe,1.0
drug0,GO_BP,GOBP_LONG_TERM_MEMORY,2,13,50,1500,4.615384615384615,0.06720522304156554,Apoe|Slc17a7,0.6100006407734712
drug0,GO_BP,GOBP_LONG_TERM_SYNAPTIC_POTENTIATION,3,23,50,1500,3.913043478260869,0.03859569973016896,Apoe|Grin2a|Grin2b,0.4645778671224041
drug0,GO_BP,GOBP_LUNG_ALVEOLUS_DEVELOPMENT,1,11,50,1500,2.7272727272727275,0.31215205147852715,Meg3,1.0
drug0,GO_BP,GOBP_LUNG_EPITHELIUM_DEVELOPMENT,1,10,50,1500,3.0,0.2882684421548648,Nfib,1.0
drug0,GO_BP,GOBP_LYMPHOCYTE_ACTIVATION,0,92,50,1500,0.0,1.0,,1.0
drug0,GO_BP,GOBP_LYMPHOCYTE_ACTIVATION_INVOLVED_IN_IMMUNE_RESPONSE,0,28,50,1500,0.0,1.0,,1.0
drug0,GO_BP,GOBP_LYMPHOCYTE_APOPTOTIC_PROCESS,0,12,50,1500,0.0,1.0,,1.0
drug0,GO_BP,GOBP_LYMPHOCYTE_DIFFERENTIATION,0,51,50,1500,0.0,1.0,,1.0
drug0,GO_BP,GOBP_LYMPHOCYTE_MEDIATED_IMMUNITY,0,32,50,1500,0.0,1.0,,1.0
drug0,GO_BP,GOBP_LYMPHOCYTE_MIGRATION,0,11,50,1500,0.0,1.0,,1.0
drug0,GO_BP,GOBP_LYMPH_VESSEL_DEVELOPMENT,0,10,50,1500,0.0,1.0,,1.0
drug0,GO_BP,GOBP_L_ALPHA_AMINO_ACID_TRANSMEMBRANE_TRANSPORT,1,20,50,1500,1.5,0.49461650530034706,Slc17a7,1.0
drug0,GO_BP,GOBP_L_AMINO_ACID_METABOLIC_PROCESS,0,14,50,1500,0.0,1.0,,1.0
drug0,GO_BP,GOBP_L_AMINO_ACID_TRANSPORT,1,21,50,1500,1.4285714285714286,0.5116902720131731,Slc17a7,1.0
drug0,GO_BP,GOBP_L_GLUTAMATE_IMPORT,1,11,50,1500,2.7272727272727275,0.31215205147852715,Slc17a7,1.0
drug0,GO_BP,GOBP_MACROAUTOPHAGY,0,15,50,1500,0.0,1.0,,1.0
drug0,GO_BP,GOBP_MACROMOLECULE_CATABOLIC_PROCESS,3,76,50,1500,1.1842105263157896,0.47037536398765967,Apoe|Clu|Grin2a,1.0
drug0,GO_BP,GOBP_MACROPHAGE_ACTIVATION,1,22,50,1500,1.3636363636363638,0.5281983764075895,Clu,1.0
drug0,GO_BP,GOBP_MACROPHAGE_CHEMOTAXIS,0,13,50,1500,0.0,1.0,,1.0
drug0,GO_BP,GOBP_MACROPHAGE_DIFFERENTIATION,0,15,50,1500,0.0,1.0,,1.0
drug0,GO_BP,GOBP_MACROPHAGE_MIGRATION,0,16,50,1500,0.0,1.0,,1.0
drug0,GO_BP,GOBP_MAINTENANCE_OF_CELL_NUMBER,3,22,50,1500,4.090909090909091,0.034352084177712426,Brd9|Miat|Nfib,0.46002288333799357
drug0,GO_BP,GOBP_MAINTENANCE_OF_LOCATION,2,27,50,1500,2.2222222222222223,0.22639072579076921,Apoe|Pex5l,1.0
drug0,GO_BP,GOBP_MALE_GAMETE_GENERATION,0,53,50,1500,0.0,1.0,,1.0
drug0,GO_BP,GOBP_MALE_SEX_DIFFERENTIATION,0,20,50,1500,0.0,1.0,,1.0
drug0,GO_BP,GOBP_MAMMARY_GLAND_DEVELOPMENT,0,26,50,1500,0.0,1.0,,1.0
drug0,GO_BP,GOBP_MAMMARY_GLAND_EPITHELIUM_DEVELOPMENT,0,13,50,1500,0.0,1.0,,1.0
drug0,GO_BP,GOBP_MAPK_CASCADE,5,118,50,1500,1.2711864406779663,0.3569639704351444,Apoe|Grin2b|Ndrg4|Nrxn1|Zeb2,1.0
drug0,GO_BP,GOBP_MAST_CELL_ACTIVATION,1,12,50,1500,2.5,0.33524969917904673,Ptgds,1.0
drug0,GO_BP,GOBP_MATERNAL_PROCESS_INVOLVED_IN_FEMALE_PREGNANCY,0,11,50,1500,0.0,1.0,,1.0
drug0,GO_BP,GOBP_MEIOSIS_I_CELL_CYCLE_PROCESS,0,13,50,1500,0.0,1.0,,1.0
drug0,GO_BP,GOBP_MEIOTIC_CELL_CYCLE,0,27,50,1500,0.0,1.0,,1.0
drug0,GO_BP,GOBP_MEIOTIC_CELL_CYCLE_PROCESS,0,21,50,1500,0.0,1.0,,1.0
drug0,GO_BP,GOBP_MEIOTIC_CHROMOSOME_SEGREGATION,0,10,50,1500,0.0,1.0,,1.0
drug0,GO_BP,GOBP_MEMBRANELESS_ORGANELLE_ASSEMBLY,1,42,50,1500,0.7142857142857143,0.764026946378234,Syt1,1.0
drug0,GO_BP,GOBP_MEMBRANE_BIOGENESIS,3,11,50,1500,8.181818181818182,0.004764529954141202,Nrxn1|Ptprd|Sptbn1,0.12903935292465754
drug0,GO_BP,GOBP_MEMBRANE_DEPOLARIZATION,0,17,50,1500,0.0,1.0,,1.0
drug0,GO_BP,GOBP_MEMBRANE_DOCKING,2,12,50,1500,5.0,0.05807792677281182,Ndrg4|Syt1,0.5522649979848836
drug0,GO_BP,GOBP_MEMBRANE_FUSION,3,20,50,1500,4.5,0.026644162448827665,Erc2|Syt1|Syt7,0.37771440634930575
drug0,GO_BP,GOBP_MEMBRANE_INVAGINATION,0,11,50,1500,0.0,1.0,,1.0
drug0,GO_BP,GOBP_MEMBRANE_LIPID_METABOLIC_PROCESS,0,11,50,1500,0.0,1.0,,1.0
drug0,GO_BP,GOBP_MEMBRANE_ORGANIZATION,9,85,50,1500,3.176470588235294,0.0014511646623128719,Apoe|Clu|Erc2|Nrcam|Nrxn1|Ptprd|Sptbn1|Syt1|Syt7,0.05171578432038707
drug0,GO_BP,GOBP_MEMORY,4,36,50,1500,3.3333333333333335,0.02931236097787959,Apoe|Grin2a|Grin2b|Slc17a7,0.4036659880428334
drug0,GO_BP,GOBP_MESENCHYMAL_CELL_DIFFERENTIATION,2,54,50,1500,1.1111111111111112,0.5454604803481333,Rian|Zeb2,1.0
drug0,GO_BP,GOBP_MESENCHYMAL_CELL_MIGRATION,1,18,50,1500,1.6666666666666667,0.45869546617711976,Zeb2,1.0
drug0,GO_BP,GOBP_MESENCHYME_DEVELOPMENT,2,60,50,1500,1.0,0.6040144176935394,Rian|Zeb2,1.0
drug0,GO_BP,GOBP_MESENCHYME_MORPHOGENESIS,0,15,50,1500,0.0,1.0,,1.0
drug0,GO_BP,GOBP_MESODERM_DEVELOPMENT,0,13,50,1500,0.0,1.0,,1.0
drug0,GO_BP,GOBP_MESONEPHROS_DEVELOPMENT,0,16,50,1500,0.0,1.0,,1.0
drug0,GO_BP,GOBP_METANEPHROS_DEVELOPMENT,0,18,50,1500,0.0,1.0,,1.0
drug0,GO_BP,GOBP_METAPHASE_CHROMOSOME_ALIGNMENT,0,10,50,1500,0.0,1.0,,1.0
drug0,GO_BP,GOBP_METENCEPHALON_DEVELOPMENT,1,19,50,1500,1.5789473684210527,0.4769581022710094,Nrxn1,1.0
drug0,GO_BP,GOBP_MICROTUBULE_BASED_MOVEMENT,0,50,50,1500,0.0,1.0,,1.0
drug0,GO_BP,GOBP_MICROTUBULE_BASED_PROCESS,0,95,50,1500,0.0,1.0,,1.0
drug0,GO_BP,GOBP_MICROTUBULE_BASED_TRANSPORT,0,23,50,1500,0.0,1.0,,1.0
drug0,GO_BP,GOBP_MICROTUBULE_BUNDLE_FORMATION,0,24,50,1500,0.0,1.0,,1.0
drug0,GO_BP,GOBP_MICROTUBULE_CYTOSKELETON_ORGANIZATION,0,67,50,1500,0.0,1.0,,1.0
drug0,GO_BP,GOBP_MICROTUBULE_CYTOSKELETON_ORGANIZATION_INVOLVED_IN_MITOSIS,0,15,50,1500,0.0,1.0,,1.0
drug0,GO_BP,GOBP_MICROTUBULE_POLYMERIZATION,0,11,50,1500,0.0,1.0,,1.0
drug0,GO_BP,GOBP_MICROTUBULE_POLYMERIZATION_OR_DEPOLYMERIZATION,0,14,50,1500,0.0,1.0,,1.0
drug0,GO_BP,GOBP_MIRNA_METABOLIC_PROCESS,1,16,50,1500,1.875,0.4202758734830577,Nfib,1.0
drug0,GO_BP,GOBP_MIRNA_TRANSCRIPTION,1,16,50,1500,1.875,0.4202758734830577,Nfib,1.0
drug0,GO_BP,GOBP_MITOCHONDRIAL_TRANSPORT,0,11,50,1500,0.0,1.0,,1.0
drug0,GO_BP,GOBP_MITOCHONDRION_ORGANIZATION,0,36,50,1500,0.0,1.0,,1.0
drug0,GO_BP,GOBP_MITOTIC_CELL_CYCLE,2,85,50,1500,0.7058823529411764,0.7884395457005132,Nfib|Sptbn1,1.0
drug0,GO_BP,GOBP_MITOTIC_CELL_CYCLE_CHECKPOINT_SIGNALING,0,11,50,1500,0.0,1.0,,1.0
drug0,GO_BP,GOBP_MITOTIC_CELL_CYCLE_PHASE_TRANSITION,1,45,50,1500,0.6666666666666666,0.7874965257547175,Nfib,1.0
drug0,GO_BP,GOBP_MITOTIC_CYTOKINESIS,1,11,50,1500,2.7272727272727275,0.31215205147852715,Sptbn1,1.0
drug0,GO_BP,GOBP_MITOTIC_NUCLEAR_DIVISION,1,31,50,1500,0.9677419354838709,0.6541629208821762,Nfib,1.0
drug0,GO_BP,GOBP_MITOTIC_SISTER_CHROMATID_SEGREGATION,0,17,50,1500,0.0,1.0,,1.0
drug0,GO_BP,GOBP_MITOTIC_SPINDLE_ORGANIZATION,0,12,50,1500,0.0,1.0,,1.0
drug0,GO_BP,GOBP_MODIFICATION_DEPENDENT_MACROMOLECULE_CATABOLIC_PROCESS,1,26,50,1500,1.1538461538461537,0.5889329235095868,Clu,1.0
drug0,GO_BP,GOBP_MODIFIED_AMINO_ACID_METABOLIC_PROCESS,0,14,50,1500,0.0,1.0,,1.0
drug0,GO_BP,GOBP_MODIFIED_AMINO_ACID_TRANSPORT,0,10,50,1500,0.0,1.0,,1.0
drug0,GO_BP,GOBP_MODULATION_OF_EXCITATORY_POSTSYNAPTIC_POTENTIAL,3,15,50,1500,6.0,0.011956460152065383,Grin2a|Grin2b|Nrxn1,0.2459113468087543
drug0,GO_BP,GOBP_MODULATION_OF_PROCESS_OF_ANOTHER_ORGANISM,1,11,50,1500,2.7272727272727275,0.31215205147852715,Apoe,1.0
drug0,GO_BP,GOBP_MOLTING_CYCLE,0,16,50,1500,0.0,1.0,,1.0
drug0,GO_BP,GOBP_MOLTING_CYCLE_PROCESS,0,16,50,1500,0.0,1.0,,1.0
drug0,GO_BP,GOBP_MONOAMINE_TRANSPORT,2,16,50,1500,3.75,0.0970847228115921,Syt1|Syt7,0.7372087596674634
drug0,GO_BP,GOBP_MONOATOMIC_ANION_TRANSMEMBRANE_TRANSPORT,1,17,50,1500,1.7647058823529411,0.4398083575301246,Slc17a7,1.0
drug0,GO_BP,GOBP_MONOATOMIC_ANION_TRANSPORT,1,20,50,1500,1.5,0.49461650530034706,Slc17a7,1.0
drug0,GO_BP,GOBP_MONOATOMIC_CATION_TRANSMEMBRANE_TRANSPORT,8,99,50,1500,2.4242424242424243,0.014347138891348447,Atp1b1|Atp2b1|Dpp6|Gria2|Grin2a|Grin2b|Plp1|Slc17a7,0.26542704948431706
drug0,GO_BP,GOBP_MONOATOMIC_CATION_TRANSPORT,8,126,50,1500,1.9047619047619047,0.05248616688326695,Atp1b1|Atp2b1|Dpp6|Gria2|Grin2a|Grin2b|Plp1|Slc17a7,0.5367528077922668
drug0,GO_BP,GOBP_MONOATOMIC_ION_HOMEOSTASIS,5,76,50,1500,1.973684210526316,0.10456992143363271,Apoe|Atp1b1|Atp2b1|Erc2|Grin2b,0.7688964811296523
drug0,GO_BP,GOBP_MONOATOMIC_ION_TRANSMEMBRANE_TRANSPORT,8,120,50,1500,2.0,0.040986618735880415,Atp1b1|Atp2b1|Dpp6|Gria2|Grin2a|Grin2b|Plp1|Slc17a7,0.47950183459756696
drug0,GO_BP,GOBP_MONOATOMIC_ION_TRANSPORT,8,154,50,1500,1.5584415584415583,0.13261834079213883,Atp1b1|Atp2b1|Dpp6|Gria2|Grin2a|Grin2b|Plp1|Slc17a7,0.8796114440294922
drug0,GO_BP,GOBP_MONOCARBOXYLIC_ACID_BIOSYNTHETIC_PROCESS,2,23,50,1500,2.608695652173913,0.17706049687331893,Plp1|Ptgds,1.0
drug0,GO_BP,GOBP_MONOCARBOXYLIC_ACID_METABOLIC_PROCESS,3,58,50,1500,1.5517241379310345,0.304369224763557,Plp1|Ptgds|Zbtb20,1.0
drug0,GO_BP,GOBP_MONOCARBOXYLIC_ACID_TRANSPORT,1,30,50,1500,1.0,0.6419855589414076,Apoe,1.0
drug0,GO_BP,GOBP_MONOCYTE_CHEMOTAXIS,0,13,50,1500,0.0,1.0,,1.0
drug0,GO_BP,GOBP_MONONUCLEAR_CELL_DIFFERENTIATION,0,69,50,1500,0.0,1.0,,1.0
drug0,GO_BP,GOBP_MONONUCLEAR_CELL_MIGRATION,0,33,50,1500,0.0,1.0,,1.0
drug0,GO_BP,GOBP_MONOSACCHARIDE_METABOLIC_PROCESS,0,15,50,1500,0.0,1.0,,1.0
drug0,GO_BP,GOBP_MONOSACCHARIDE_TRANSMEMBRANE_TRANSPORT,0,10,50,1500,0.0,1.0,,1.0
drug0,GO_BP,GOBP_MORPHOGENESIS_OF_AN_EPITHELIUM,1,83,50,1500,0.3614457831325301,0.9447067673900675,Zeb2,1.0
drug0,GO_BP,GOBP_MORPHOGENESIS_OF_A_BRANCHING_STRUCTURE,0,42,50,1500,0.0,1.0,,1.0
drug0,GO_BP,GOBP_MORPHOGENESIS_OF_EMBRYONIC_EPITHELIUM,1,18,50,1500,1.6666666666666667,0.45869546617711976,Zeb2,1.0
drug0,GO_BP,GOBP_MOTILE_CILIUM_ASSEMBLY,0,13,50,1500,0.0,1.0,,1.0
drug0,GO_BP,GOBP_MRNA_METABOLIC_PROCESS,0,21,50,1500,0.0,1.0,,1.0
drug0,GO_BP,GOBP_MRNA_PROCESSING,0,10,50,1500,0.0,1.0,,1.0
drug0,GO_BP,GOBP_MULTICELLULAR_ORGANISMAL_LEVEL_CHEMICAL_HOMEOSTASIS,0,12,50,1500,0.0,1.0,,1.0
drug0,GO_BP,GOBP_MULTICELLULAR_ORGANISMAL_LEVEL_HOMEOSTASIS,3,126,50,1500,0.7142857142857143,0.8071875285767773,Apoe|Nfib|Zeb2,1.0
drug0,GO_BP,GOBP_MULTICELLULAR_ORGANISMAL_MOVEMENT,0,10,50,1500,0.0,1.0,,1.0
drug0,GO_BP,GOBP_MULTICELLULAR_ORGANISMAL_REPRODUCTIVE_PROCESS,3,104,50,1500,0.8653846153846153,0.6873956086879696,Kcnq1ot1|Meg3|Ptgds,1.0
drug0,GO_BP,GOBP_MULTICELLULAR_ORGANISMAL_RESPONSE_TO_STRESS,2,26,50,1500,2.3076923076923075,0.21392436250078883,Apoe|Grin2b,1.0
drug0,GO_BP,GOBP_MULTICELLULAR_ORGANISM_GROWTH,1,25,50,1500,1.2,0.5745095173169409,Meg3,1.0
drug0,GO_BP,GOBP_MULTI_MULTICELLULAR_ORGANISM_PROCESS,0,31,50,1500,0.0,1.0,,1.0
drug0,GO_BP,GOBP_MUSCLE_ADAPTATION,0,20,50,1500,0.0,1.0,,1.0
drug0,GO_BP,GOBP_MUSCLE_CELL_APOPTOTIC_PROCESS,0,17,50,1500,0.0,1.0,,1.0
drug0,GO_BP,GOBP_MUSCLE_CELL_DEVELOPMENT,0,43,50,1500,0.0,1.0,,1.0
drug0,GO_BP,GOBP_MUSCLE_CELL_DIFFERENTIATION,0,70,50,1500,0.0,1.0,,1.0
drug0,GO_BP,GOBP_MUSCLE_CELL_MIGRATION,1,35,50,1500,0.8571428571428571,0.6989411842507965,Ndrg4,1.0
drug0,GO_BP,GOBP_MUSCLE_CELL_PROLIFERATION,2,57,50,1500,1.0526315789473684,0.5754451967732952,Apoe|Ndrg4,1.0
drug0,GO_BP,GOBP_MUSCLE_CONTRACTION,2,54,50,1500,1.1111111111111112,0.5454604803481333,Atp1b1|Atp2b1,1.0
drug0,GO_BP,GOBP_MUSCLE_HYPERTROPHY,0,21,50,1500,0.0,1.0,,1.0
drug0,GO_BP,GOBP_MUSCLE_ORGAN_DEVELOPMENT,1,54,50,1500,0.5555555555555556,0.8450105665233932,Meg3,1.0
drug0,GO_BP,GOBP_MUSCLE_ORGAN_MORPHOGENESIS,0,16,50,1500,0.0,1.0,,1.0
drug0,GO_BP,GOBP_MUSCLE_STRUCTURE_DEVELOPMENT,1,116,50,1500,0.25862068965517243,0.9833346254952163,Meg3,1.0
drug0,GO_BP,GOBP_MUSCLE_SYSTEM_PROCESS,2,70,50,1500,0.8571428571428571,0.6889781575592814,Atp1b1|Atp2b1,1.0
drug0,GO_BP,GOBP_MUSCLE_TISSUE_DEVELOPMENT,1,85,50,1500,0.3529411764705882,0.9485413852255877,Meg3,1.0
drug0,GO_BP,GOBP_MYELOID_CELL_ACTIVATION_INVOLVED_IN_IMMUNE_RESPONSE,1,19,50,1500,1.5789473684210527,0.4769581022710094,Ptgds,1.0
drug0,GO_BP,GOBP_MYELOID_CELL_DEVELOPMENT,0,17,50,1500,0.0,1.0,,1.0
drug0,GO_BP,GOBP_MYELOID_CELL_DIFFERENTIATION,0,66,50,1500,0.0,1.0,,1.0
drug0,GO_BP,GOBP_MYELOID_CELL_HOMEOSTASIS,0,35,50,1500,0.0,1.0,,1.0
drug0,GO_BP,GOBP_MYELOID_LEUKOCYTE_ACTIVATION,2,46,50,1500,1.3043478260869565,0.4588829057877858,Clu|Ptgds,1.0
drug0,GO_BP,GOBP_MYELOID_LEUKOCYTE_CYTOKINE_PRODUCTION,0,12,50,1500,0.0,1.0,,1.0
drug0,GO_BP,GOBP_MYELOID_LEUKOCYTE_DIFFERENTIATION,0,43,50,1500,0.0,1.0,,1.0
drug0,GO_BP,GOBP_MYELOID_LEUKOCYTE_MEDIATED_IMMUNITY,1,17,50,1500,1.7647058823529411,0.4398083575301246,Ptgds,1.0
drug0,GO_BP,GOBP_MYELOID_LEUKOCYTE_MIGRATION,0,47,50,1500,0.0,1.0,,1.0
drug0,GO_BP,GOBP_MYOBLAST_DIFFERENTIATION,0,16,50,1500,0.0,1.0,,1.0
drug0,GO_BP,GOBP_MYOFIBRIL_ASSEMBLY,0,19,50,1500,0.0,1.0,,1.0
drug0,GO_BP,GOBP_MYOTUBE_DIFFERENTIATION,0,14,50,1500,0.0,1.0,,1.0
drug0,GO_BP,GOBP_NATURAL_KILLER_CELL_ACTIVATION,0,10,50,1500,0.0,1.0,,1.0
drug0,GO_BP,GOBP_NEGATIVE_REGULATION_OF_ADAPTIVE_IMMUNE_RESPONSE,0,10,50,1500,0.0,1.0,,1.0
drug0,GO_BP,GOBP_NEGATIVE_REGULATION_OF_APOPTOTIC_SIGNALING_PATHWAY,1,29,50,1500,1.0344827586206897,0.6293882879681989,Clu,1.0
drug0,GO_BP,GOBP_NEGATIVE_REGULATION_OF_AXONOGENESIS,1,10,50,1500,3.0,0.2882684421548648,Mag,1.0
drug0,GO_BP,GOBP_NEGATIVE_REGULATION_OF_BINDING,1,18,50,1500,1.6666666666666667,0.45869546617711976,Nfib,1.0
drug0,GO_BP,GOBP_NEGATIVE_REGULATION_OF_BLOOD_PRESSURE,0,13,50,1500,0.0,1.0,,1.0
drug0,GO_BP,GOBP_NEGATIVE_REGULATION_OF_CANONICAL_WNT_SIGNALING_PATHWAY,1,14,50,1500,2.142857142857143,0.3791877227557184,Apoe,1.0
drug0,GO_BP,GOBP_NEGATIVE_REGULATION_OF_CATABOLIC_PROCESS,1,27,50,1500,1.1111111111111112,0.60287685419108,Grin2a,1.0
drug0,GO_BP,GOBP_NEGATIVE_REGULATION_OF_CATALYTIC_ACTIVITY,1,38,50,1500,0.7894736842105263,0.7287458866817691,Apoe,1.0
drug0,GO_BP,GOBP_NEGATIVE_REGULATION_OF_CELLULAR_COMPONENT_ORGANIZATION,6,92,50,1500,1.9565217391304346,0.08083251139282761,Apoe|Clu|Grin2b|Mag|Nrxn1|Sptbn1,0.6633981364310347
drug0,GO_BP,GOBP_NEGATIVE_REGULATION_OF_CELLULAR_RESPONSE_TO_GROWTH_FACTOR_STIMULUS,0,16,50,1500,0.0,1.0,,1.0
drug0,GO_BP,GOBP_NEGATIVE_REGULATION_OF_CELL_ACTIVATION,2,42,50,1500,1.4285714285714286,0.4123282859057648,Apoe|Rian,1.0
drug0,GO_BP,GOBP_NEGATIVE_REGULATION_OF_CELL_ADHESION,0,55,50,1500,0.0,1.0,,1.0
drug0,GO_BP,GOBP_NEGATIVE_REGULATION_OF_CELL_CELL_ADHESION,0,34,50,1500,0.0,1.0,,1.0
drug0,GO_BP,GOBP_NEGATIVE_REGULATION_OF_CELL_COMMUNICATION,5,177,50,1500,0.847457627118644,0.7222154034567414,Apoe|Clu|Ndrg4|Ptprd|Rian,1.0
drug0,GO_BP,GOBP_NEGATIVE_REGULATION_OF_CELL_CYCLE,0,32,50,1500,0.0,1.0,,1.0
drug0,GO_BP,GOBP_NEGATIVE_REGULATION_OF_CELL_CYCLE_PROCESS,0,22,50,1500,0.0,1.0,,1.0
drug0,GO_BP,GOBP_NEGATIVE_REGULATION_OF_CELL_DEVELOPMENT,1,56,50,1500,0.5357142857142857,0.8555473289681053,Mag,1.0
drug0,GO_BP,GOBP_NEGATIVE_REGULATION_OF_CELL_DIFFERENTIATION,2,115,50,1500,0.5217391304347826,0.9082981124374044,Brd9|Mag,1.0
drug0,GO_BP,GOBP_NEGATIVE_REGULATION_OF_CELL_GROWTH,1,25,50,1500,1.2,0.5745095173169409,Mag,1.0
drug0,GO_BP,GOBP_NEGATIVE_REGULATION_OF_CELL_MATRIX_ADHESION,0,10,50,1500,0.0,1.0,,1.0
drug0,GO_BP,GOBP_NEGATIVE_REGULATION_OF_CELL_POPULATION_PROLIFERATION,5,106,50,1500,1.4150943396226416,0.27565341353103295,Apoe|Ndrg4|Nfib|Ptgds|Rian,1.0
drug0,GO_BP,GOBP_NEGATIVE_REGULATION_OF_CELL_PROJECTION_ORGANIZATION,4,41,50,1500,2.926829268292683,0.04461544346076818,Apoe|Grin2b|Mag|Nrxn1,0.5069936756905475
drug0,GO_BP,GOBP_NEGATIVE_REGULATION_OF_CELL_SUBSTRATE_ADHESION,0,14,50,1500,0.0,1.0,,1.0
drug0,GO_BP,GOBP_NEGATIVE_REGULATION_OF_COAGULATION,1,10,50,1500,3.0,0.2882684421548648,Apoe,1.0
drug0,GO_BP,GOBP_NEGATIVE_REGULATION_OF_CYTOKINE_PRODUCTION,1,43,50,1500,0.6976744186046512,0.7721193007548377,Atp2b1,1.0
drug0,GO_BP,GOBP_NEGATIVE_REGULATION_OF_CYTOSKELETON_ORGANIZATION,1,21,50,1500,1.4285714285714286,0.5116902720131731,Sptbn1,1.0
drug0,GO_BP,GOBP_NEGATIVE_REGULATION_OF_DEFENSE_RESPONSE,1,40,50,1500,0.75,0.7469883874978639,Apoe,1.0
drug0,GO_BP,GOBP_NEGATIVE_REGULATION_OF_DEVELOPMENTAL_GROWTH,1,18,50,1500,1.6666666666666667,0.45869546617711976,Mag,1.0
drug0,GO_BP,GOBP_NEGATIVE_REGULATION_OF_DEVELOPMENTAL_PROCESS,4,157,50,1500,0.7643312101910827,0.7865284860053754,Apoe|Brd9|Mag|Nfib,1.0
drug0,GO_BP,GOBP_NEGATIVE_REGULATION_OF_DNA_BINDING,1,10,50,1500,3.0,0.2882684421548648,Nfib,1.0
drug0,GO_BP,GOBP_NEGATIVE_REGULATION_OF_DNA_BINDING_TRANSCRIPTION_FACTOR_ACTIVITY,0,21,50,1500,0.0,1.0,,1.0
drug0,GO_BP,GOBP_NEGATIVE_REGULATION_OF_ENDOTHELIAL_CELL_APOPTOTIC_PROCESS,0,12,50,1500,0.0,1.0,,1.0
drug0,GO_BP,GOBP_NEGATIVE_REGULATION_OF_ENDOTHELIAL_CELL_MIGRATION,1,10,50,1500,3.0,0.2882684421548648,Apoe,1.0
drug0,GO_BP,GOBP_NEGATIVE_REGULATION_OF_ENDOTHELIAL_CELL_PROLIFERATION,1,12,50,1500,2.5,0.33524969917904673,Apoe,1.0
drug0,GO_BP,GOBP_NEGATIVE_REGULATION_OF_EPITHELIAL_CELL_DIFFERENTIATION,0,20,50,1500,0.0,1.0,,1.0
drug0,GO_BP,GOBP_NEGATIVE_REGULATION_OF_EPITHELIAL_CELL_PROLIFERATION,3,23,50,1500,3.913043478260869,0.03859569973016896,Apoe|Nfib|Rian,0.4645778671224041
drug0,GO_BP,GOBP_NEGATIVE_REGULATION_OF_ERK1_AND_ERK2_CASCADE,0,12,50,1500,0.0,1.0,,1.0
drug0,GO_BP,GOBP_NEGATIVE_REGULATION_OF_ESTABLISHMENT_OF_PROTEIN_LOCALIZATION,1,12,50,1500,2.5,0.33524969917904673,Apoe,1.0
drug0,GO_BP,GOBP_NEGATIVE_REGULATION_OF_EXTRINSIC_APOPTOTIC_SIGNALING_PATHWAY,0,16,50,1500,0.0,1.0,,1.0
drug0,GO_BP,GOBP_NEGATIVE_REGULATION_OF_FAT_CELL_DIFFERENTIATION,0,11,50,1500,0.0,1.0,,1.0
drug0,GO_BP,GOBP_NEGATIVE_REGULATION_OF_GENE_EXPRESSION,5,106,50,1500,1.4150943396226416,0.27565341353103295,Apoe|Atp2b1|Kcnq1ot1|Nrxn1|Zbtb20,1.0
drug0,GO_BP,GOBP_NEGATIVE_REGULATION_OF_GLIOGENESIS,0,10,50,1500,0.0,1.0,,1.0
drug0,GO_BP,GOBP_NEGATIVE_REGULATION_OF_GROWTH,1,33,50,1500,0.9090909090909091,0.6773123609777841,Mag,1.0
drug0,GO_BP,GOBP_NEGATIVE_REGULATION_OF_G_PROTEIN_COUPLED_RECEPTOR_SIGNALING_PATHWAY,0,14,50,1500,0.0,1.0,,1.0
drug0,GO_BP,GOBP_NEGATIVE_REGULATION_OF_HEMOPOIESIS,0,21,50,1500,0.0,1.0,,1.0
drug0,GO_BP,GOBP_NEGATIVE_REGULATION_OF_HORMONE_SECRETION,0,13,50,1500,0.0,1.0,,1.0
drug0,GO_BP,GOBP_NEGATIVE_REGULATION_OF_HYDROLASE_ACTIVITY,0,13,50,1500,0.0,1.0,,1.0
drug0,GO_BP,GOBP_NEGATIVE_REGULATION_OF_IMMUNE_EFFECTOR_PROCESS,0,24,50,1500,0.0,1.0,,1.0
drug0,GO_BP,GOBP_NEGATIVE_REGULATION_OF_IMMUNE_RESPONSE,0,27,50,1500,0.0,1.0,,1.0
drug0,GO_BP,GOBP_NEGATIVE_REGULATION_OF_IMMUNE_SYSTEM_PROCESS,0,78,50,1500,0.0,1.0,,1.0
drug0,GO_BP,GOBP_NEGATIVE_REGULATION_OF_INFLAMMATORY_RESPONSE,1,28,50,1500,1.0714285714285714,0.616356933817995,Apoe,1.0
drug0,GO_BP,GOBP_NEGATIVE_REGULATION_OF_INNATE_IMMUNE_RESPONSE,0,13,50,1500,0.0,1.0,,1.0
drug0,GO_BP,GOBP_NEGATIVE_REGULATION_OF_INTERLEUKIN_6_PRODUCTION,0,10,50,1500,0.0,1.0,,1.0
drug0,GO_BP,GOBP_NEGATIVE_REGULATION_OF_INTRACELLULAR_SIGNAL_TRANSDUCTION,2,73,50,1500,0.8219178082191781,0.7114521062405648,Apoe|Clu,1.0
drug0,GO_BP,GOBP_NEGATIVE_REGULATION_OF_KINASE_ACTIVITY,1,20,50,1500,1.5,0.49461650530034706,Apoe,1.0
drug0,GO_BP,GOBP_NEGATIVE_REGULATION_OF_LEUKOCYTE_CELL_CELL_ADHESION,0,24,50,1500,0.0,1.0,,1.0
drug0,GO_BP,GOBP_NEGATIVE_REGULATION_OF_LEUKOCYTE_MEDIATED_IMMUNITY,0,13,50,1500,0.0,1.0,,1.0
drug0,GO_BP,GOBP_NEGATIVE_REGULATION_OF_LEUKOCYTE_MIGRATION,0,11,50,1500,0.0,1.0,,1.0
drug0,GO_BP,GOBP_NEGATIVE_REGULATION_OF_LEUKOCYTE_PROLIFERATION,0,17,50,1500,0.0,1.0,,1.0
drug0,GO_BP,GOBP_NEGATIVE_REGULATION_OF_LIPID_METABOLIC_PROCESS,1,13,50,1500,2.3076923076923075,0.3575867388571701,Apoe,1.0
drug0,GO_BP,GOBP_NEGATIVE_REGULATION_OF_LOCOMOTION,3,55,50,1500,1.6363636363636365,0.2764661602246375,Apoe|Ndrg4|Zeb2,1.0
drug0,GO_BP,GOBP_NEGATIVE_REGULATION_OF_LYMPHOCYTE_ACTIVATION,0,30,50,1500,0.0,1.0,,1.0
drug0,GO_BP,GOBP_NEGATIVE_REGULATION_OF_LYMPHOCYTE_DIFFERENTIATION,0,12,50,1500,0.0,1.0,,1.0
drug0,GO_BP,GOBP_NEGATIVE_REGULATION_OF_LYMPHOCYTE_MEDIATED_IMMUNITY,0,10,50,1500,0.0,1.0,,1.0
drug0,GO_BP,GOBP_NEGATIVE_REGULATION_OF_MAPK_CASCADE,1,23,50,1500,1.3043478260869565,0.5441591891136924,Apoe,1.0
drug0,GO_BP,GOBP_NEGATIVE_REGULATION_OF_MITOTIC_CELL_CYCLE,0,21,50,1500,0.0,1.0,,1.0
drug0,GO_BP,GOBP_NEGATIVE_REGULATION_OF_MITOTIC_CELL_CYCLE_PHASE_TRANSITION,0,13,50,1500,0.0,1.0,,1.0
drug0,GO_BP,GOBP_NEGATIVE_REGULATION_OF_MOLECULAR_FUNCTION,2,77,50,1500,0.7792207792207791,0.7393475896182469,Apoe|Nfib,1.0
drug0,GO_BP,GOBP_NEGATIVE_REGULATION_OF_MONOATOMIC_ION_TRANSPORT,0,13,50,1500,0.0,1.0,,1.0
drug0,GO_BP,GOBP_NEGATIVE_REGULATION_OF_MULTICELLULAR_ORGANISMAL_PROCESS,7,183,50,1500,1.1475409836065575,0.41053446532506516,Apoe|Atp2b1|Mag|Nfib|Ptgds|Rian|Ttr,1.0
drug0,GO_BP,GOBP_NEGATIVE_REGULATION_OF_MUSCLE_CELL_APOPTOTIC_PROCESS,0,11,50,1500,0.0,1.0,,1.0
drug0,GO_BP,GOBP_NEGATIVE_REGULATION_OF_MUSCLE_CELL_DIFFERENTIATION,0,10,50,1500,0.0,1.0,,1.0
drug0,GO_BP,GOBP_NEGATIVE_REGULATION_OF_MYELOID_CELL_DIFFERENTIATION,0,12,50,1500,0.0,1.0,,1.0
drug0,GO_BP,GOBP_NEGATIVE_REGULATION_OF_NERVOUS_SYSTEM_DEVELOPMENT,1,31,50,1500,0.9677419354838709,0.6541629208821762,Mag,1.0
drug0,GO_BP,GOBP_NEGATIVE_REGULATION_OF_NEURON_APOPTOTIC_PROCESS,3,36,50,1500,2.5,0.11530992591822377,Apoe|Clu|Mag,0.8076665069703174
drug0,GO_BP,GOBP_NEGATIVE_REGULATION_OF_NEURON_DIFFERENTIATION,1,23,50,1500,1.3043478260869565,0.5441591891136924,Mag,1.0
drug0,GO_BP,GOBP_NEGATIVE_REGULATION_OF_NEURON_PROJECTION_DEVELOPMENT,2,32,50,1500,1.875,0.2892565406012864,Apoe|Mag,1.0
drug0,GO_BP,GOBP_NEGATIVE_REGULATION_OF_NF_KAPPAB_TRANSCRIPTION_FACTOR_ACTIVITY,0,11,50,1500,0.0,1.0,,1.0
drug0,GO_BP,GOBP_NEGATIVE_REGULATION_OF_NUCLEOBASE_CONTAINING_COMPOUND_METABOLIC_PROCESS,4,123,50,1500,0.9756097560975611,0.5982407039514491,Nfib|Peg3|Zbtb20|Zeb2,1.0
drug0,GO_BP,GOBP_NEGATIVE_REGULATION_OF_ORGANELLE_ORGANIZATION,1,37,50,1500,0.8108108108108107,0.7191473688714989,Sptbn1,1.0
drug0,GO_BP,GOBP_NEGATIVE_REGULATION_OF_OSTEOBLAST_DIFFERENTIATION,0,11,50,1500,0.0,1.0,,1.0
drug0,GO_BP,GOBP_NEGATIVE_REGULATION_OF_PHOSPHORUS_METABOLIC_PROCESS,1,42,50,1500,0.7142857142857143,0.764026946378234,Apoe,1.0
drug0,GO_BP,GOBP_NEGATIVE_REGULATION_OF_PHOSPHORYLATION,1,37,50,1500,0.8108108108108107,0.7191473688714989,Apoe,1.0
drug0,GO_BP,GOBP_NEGATIVE_REGULATION_OF_PROGRAMMED_CELL_DEATH,3,125,50,1500,0.72,0.802683932586854,Apoe|Clu|Mag,1.0
drug0,GO_BP,GOBP_NEGATIVE_REGULATION_OF_PROTEIN_CONTAINING_COMPLEX_ASSEMBLY,2,20,50,1500,3.0,0.14144844471358778,Clu|Sptbn1,0.8806656040596941
drug0,GO_BP,GOBP_NEGATIVE_REGULATION_OF_PROTEIN_LOCALIZATION,2,17,50,1500,3.5294117647058822,0.10775612872998955,Apoe|Dclk1,0.770759324699307
drug0,GO_BP,GOBP_NEGATIVE_REGULATION_OF_PROTEIN_METABOLIC_PROCESS,4,68,50,1500,1.7647058823529411,0.18768294212259243,Apoe|Clu|Grin2a|Rtn1,1.0
drug0,GO_BP,GOBP_NEGATIVE_REGULATION_OF_PROTEIN_MODIFICATION_PROCESS,1,42,50,1500,0.7142857142857143,0.764026946378234,Apoe,1.0
drug0,GO_BP,GOBP_NEGATIVE_REGULATION_OF_PROTEIN_POLYMERIZATION,1,13,50,1500,2.3076923076923075,0.3575867388571701,Sptbn1,1.0
drug0,GO_BP,GOBP_NEGATIVE_REGULATION_OF_PROTEIN_SERINE_THREONINE_KINASE_ACTIVITY,1,13,50,1500,2.3076923076923075,0.3575867388571701,Apoe,1.0
drug0,GO_BP,GOBP_NEGATIVE_REGULATION_OF_PROTEOLYSIS,0,14,50,1500,0.0,1.0,,1.0
drug0,GO_BP,GOBP_NEGATIVE_REGULATION_OF_RESPONSE_TO_BIOTIC_STIMULUS,0,15,50,1500,0.0,1.0,,1.0
drug0,GO_BP,GOBP_NEGATIVE_REGULATION_OF_RESPONSE_TO_CYTOKINE_STIMULUS,0,11,50,1500,0.0,1.0,,1.0
drug0,GO_BP,GOBP_NEGATIVE_REGULATION_OF_RESPONSE_TO_EXTERNAL_STIMULUS,2,61,50,1500,0.9836065573770493,0.6132204136383774,Apoe|Nrxn1,1.0
drug0,GO_BP,GOBP_NEGATIVE_REGULATION_OF_RESPONSE_TO_STIMULUS,6,208,50,1500,0.8653846153846153,0.7137339098630513,Apoe|Clu|Ndrg4|Nrxn1|Ptprd|Rian,1.0
drug0,GO_BP,GOBP_NEGATIVE_REGULATION_OF_RESPONSE_TO_WOUNDING,1,19,50,1500,1.5789473684210527,0.4769581022710094,Apoe,1.0
drug0,GO_BP,GOBP_NEGATIVE_REGULATION_OF_RNA_METABOLIC_PROCESS,4,118,50,1500,1.0169491525423728,0.5640194461142476,Nfib|Peg3|Zbtb20|Zeb2,1.0
drug0,GO_BP,GOBP_NEGATIVE_REGULATION_OF_SECRETION,1,28,50,1500,1.0714285714285714,0.616356933817995,Apoe,1.0
drug0,GO_BP,GOBP_NEGATIVE_REGULATION_OF_SMALL_GTPASE_MEDIATED_SIGNAL_TRANSDUCTION,0,11,50,1500,0.0,1.0,,1.0
drug0,GO_BP,GOBP_NEGATIVE_REGULATION_OF_SMALL_MOLECULE_METABOLIC_PROCESS,1,14,50,1500,2.142857142857143,0.3791877227557184,Apoe,1.0
drug0,GO_BP,GOBP_NEGATIVE_REGULATION_OF_SMOOTH_MUSCLE_CELL_MIGRATION,1,10,50,1500,3.0,0.2882684421548648,Ndrg4,1.0
drug0,GO_BP,GOBP_NEGATIVE_REGULATION_OF_SMOOTH_MUSCLE_CELL_PROLIFERATION,2,19,50,1500,3.1578947368421053,0.12996801648711176,Apoe|Ndrg4,0.8704717824295505
drug0,GO_BP,GOBP_NEGATIVE_REGULATION_OF_SUPRAMOLECULAR_FIBER_ORGANIZATION,3,23,50,1500,3.913043478260869,0.03859569973016896,Apoe|Clu|Sptbn1,0.4645778671224041
drug0,GO_BP,GOBP_NEGATIVE_REGULATION_OF_SYNAPTIC_TRANSMISSION,0,11,50,1500,0.0,1.0,,1.0
drug0,GO_BP,GOBP_NEGATIVE_REGULATION_OF_TRANSCRIPTION_BY_RNA_POLYMERASE_II,4,99,50,1500,1.2121212121212122,0.42278186541479845,Nfib|Peg3|Zbtb20|Zeb2,1.0
drug0,GO_BP,GOBP_NEGATIVE_REGULATION_OF_TRANSFERASE_ACTIVITY,1,20,50,1500,1.5,0.49461650530034706,Apoe,1.0
drug0,GO_BP,GOBP_NEGATIVE_REGULATION_OF_TRANSMEMBRANE_RECEPTOR_PROTEIN_SERINE_THREONINE_KINASE_SIGNALING_PATHWAY,0,16,50,1500,0.0,1.0,,1.0
drug0,GO_BP,GOBP_NEGATIVE_REGULATION_OF_TRANSMEMBRANE_TRANSPORT,0,10,50,1500,0.0,1.0,,1.0
drug0,GO_BP,GOBP_NEGATIVE_REGULATION_OF_TRANSPORT,1,51,50,1500,0.5882352941176471,0.8277789323376701,Apoe,1.0
drug0,GO_BP,GOBP_NEGATIVE_REGULATION_OF_T_CELL_PROLIFERATION,0,12,50,1500,0.0,1.0,,1.0
drug0,GO_BP,GOBP_NEGATIVE_REGULATION_OF_VASCULATURE_DEVELOPMENT,0,23,50,1500,0.0,1.0,,1.0
drug0,GO_BP,GOBP_NEGATIVE_REGULATION_OF_VIRAL_GENOME_REPLICATION,0,10,50,1500,0.0,1.0,,1.0
drug0,GO_BP,GOBP_NEGATIVE_REGULATION_OF_VIRAL_PROCESS,0,10,50,1500,0.0,1.0,,1.0
drug0,GO_BP,GOBP_NEGATIVE_REGULATION_OF_WNT_SIGNALING_PATHWAY,1,17,50,1500,1.7647058823529411,0.4398083575301246,Apoe,1.0
drug0,GO_BP,GOBP_NEGATIVE_REGULATION_OF_WOUND_HEALING,1,12,50,1500,2.5,0.33524969917904673,Apoe,1.0
drug0,GO_BP,GOBP_NEPHRON_DEVELOPMENT,0,32,50,1500,0.0,1.0,,1.0
drug0,GO_BP,GOBP_NEPHRON_EPITHELIUM_DEVELOPMENT,0,22,50,1500,0.0,1.0,,1.0
drug0,GO_BP,GOBP_NERVE_DEVELOPMENT,0,18,50,1500,0.0,1.0,,1.0
drug0,GO_BP,GOBP_NEURAL_CREST_CELL_DIFFERENTIATION,1,24,50,1500,1.25,0.5595904961849962,Zeb2,1.0
drug0,GO_BP,GOBP_NEURAL_PRECURSOR_CELL_PROLIFERATION,2,36,50,1500,1.6666666666666667,0.33931461253673095,Nfib|Zeb2,1.0
drug0,GO_BP,GOBP_NEURAL_RETINA_DEVELOPMENT,1,24,50,1500,1.25,0.5595904961849962,Miat,1.0
drug0,GO_BP,GOBP_NEURAL_TUBE_DEVELOPMENT,1,18,50,1500,1.6666666666666667,0.45869546617711976,Zeb2,1.0
drug0,GO_BP,GOBP_NEURAL_TUBE_FORMATION,1,13,50,1500,2.3076923076923075,0.3575867388571701,Zeb2,1.0
drug0,GO_BP,GOBP_NEUROBLAST_PROLIFERATION,0,15,50,1500,0.0,1.0,,1.0
drug0,GO_BP,GOBP_NEUROEPITHELIAL_CELL_DIFFERENTIATION,0,13,50,1500,0.0,1.0,,1.0
drug0,GO_BP,GOBP_NEUROINFLAMMATORY_RESPONSE,2,17,50,1500,3.5294117647058822,0.10775612872998955,Clu|Zeb2,0.770759324699307
drug0,GO_BP,GOBP_NEUROMUSCULAR_PROCESS,3,32,50,1500,2.8125,0.08778710247437263,Grin2a|Grin2b|Nrxn1,0.695873373272466
drug0,GO_BP,GOBP_NEUROMUSCULAR_PROCESS_CONTROLLING_BALANCE,1,11,50,1500,2.7272727272727275,0.31215205147852715,Nrxn1,1.0
drug0,GO_BP,GOBP_NEURON_APOPTOTIC_PROCESS,3,54,50,1500,1.6666666666666665,0.267230303739711,Apoe|Clu|Mag,1.0
drug0,GO_BP,GOBP_NEURON_DEVELOPMENT,17,211,50,1500,2.4170616113744074,0.0002348888744176399,Apoe|Chn1|Clu|Dclk1|Mag|Miat|Ndrg4|Nfib|Nrcam|Nrxn1|Ntng1|Plp1|Plppr4|Ppfia2|Ptprd|Syt1|Zeb2,0.021745470477505937
drug0,GO_BP,GOBP_NEURON_FATE_COMMITMENT,1,19,50,1500,1.5789473684210527,0.4769581022710094,Nfib,1.0
drug0,GO_BP,GOBP_NEURON_MATURATION,2,12,50,1500,5.0,0.05807792677281182,Nrcam|Nrxn1,0.5522649979848836
drug0,GO_BP,GOBP_NEURON_MIGRATION,2,35,50,1500,1.7142857142857142,0.32686990772459135,Dclk1|Ntng1,1.0
drug0,GO_BP,GOBP_NEURON_PROJECTION_EXTENSION,4,39,50,1500,3.0769230769230766,0.03804320919341868,Apoe|Dclk1|Mag|Syt1,0.4645778671224041
drug0,GO_BP,GOBP_NEURON_PROJECTION_GUIDANCE,3,52,50,1500,1.7307692307692306,0.24889507447060455,Chn1|Nfib|Nrcam,1.0
drug0,GO_BP,GOBP_NEURON_PROJECTION_ORGANIZATION,5,20,50,1500,7.5,0.00035717399320018016,Apoe|Grin2a|Grin2b|Ppfia2|Ptprd,0.02394957996356968
drug0,GO_BP,GOBP_NEURON_PROJECTION_REGENERATION,2,17,50,1500,3.5294117647058822,0.10775612872998955,Apoe|Mag,0.770759324699307
drug0,GO_BP,GOBP_NEURON_RECOGNITION,1,13,50,1500,2.3076923076923075,0.3575867388571701,Nrcam,1.0
drug0,GO_BP,GOBP_NEUROPEPTIDE_SIGNALING_PATHWAY,0,12,50,1500,0.0,1.0,,1.0
drug0,GO_BP,GOBP_NEUROTRANSMITTER_RECEPTOR_LOCALIZATION_TO_POSTSYNAPTIC_SPECIALIZATION_MEMBRANE,2,11,50,1500,5.454545454545455,0.04943234891824236,C1ql3|Nrxn3,0.5116405540900881
drug0,GO_BP,GOBP_NEUROTRANSMITTER_SECRETION,6,35,50,1500,5.142857142857142,0.0007844703332287634,Erc2|Nrxn1|Nrxn3|Ppfia2|Syt1|Syt7,0.03381966650341923
drug0,GO_BP,GOBP_NEUROTRANSMITTER_TRANSPORT,7,45,50,1500,4.666666666666667,0.0005126455751239705,Erc2|Nrxn1|Nrxn3|Ppfia2|Slc17a7|Syt1|Syt7,0.026934132599897964
drug0,GO_BP,GOBP_NEUTRAL_AMINO_ACID_TRANSPORT,0,12,50,1500,0.0,1.0,,1.0
drug0,GO_BP,GOBP_NEUTRAL_LIPID_METABOLIC_PROCESS,1,16,50,1500,1.875,0.4202758734830577,Apoe,1.0
drug0,GO_BP,GOBP_NEUTROPHIL_CHEMOTAXIS,0,20,50,1500,0.0,1.0,,1.0
drug0,GO_BP,GOBP_NEUTROPHIL_MIGRATION,0,23,50,1500,0.0,1.0,,1.0
drug0,GO_BP,GOBP_NON_CANONICAL_NF_KAPPAB_SIGNAL_TRANSDUCTION,0,11,50,1500,0.0,1.0,,1.0
drug0,GO_BP,GOBP_NON_PROTEINOGENIC_AMINO_ACID_METABOLIC_PROCESS,0,10,50,1500,0.0,1.0,,1.0
drug0,GO_BP,GOBP_NOTCH_SIGNALING_PATHWAY,1,29,50,1500,1.0344827586206897,0.6293882879681989,Rian,1.0
drug0,GO_BP,GOBP_NUCLEAR_CHROMOSOME_SEGREGATION,0,27,50,1500,0.0,1.0,,1.0
drug0,GO_BP,GOBP_NUCLEAR_RECEPTOR_MEDIATED_SIGNALING_PATHWAY,0,15,50,1500,0.0,1.0,,1.0
drug0,GO_BP,GOBP_NUCLEAR_TRANSPORT,0,21,50,1500,0.0,1.0,,1.0
drug0,GO_BP,GOBP_NUCLEIC_ACID_CATABOLIC_PROCESS,0,10,50,1500,0.0,1.0,,1.0
drug0,GO_BP,GOBP_NUCLEOBASE_CONTAINING_COMPOUND_CATABOLIC_PROCESS,1,25,50,1500,1.2,0.5745095173169409,Zbtb20,1.0
drug0,GO_BP,GOBP_NUCLEOBASE_CONTAINING_SMALL_MOLECULE_METABOLIC_PROCESS,3,41,50,1500,2.1951219512195124,0.15365659133764528,Atp1b1|Ttr|Zbtb20,0.9282229030619835
drug0,GO_BP,GOBP_NUCLEOSIDE_PHOSPHATE_BIOSYNTHETIC_PROCESS,0,10,50,1500,0.0,1.0,,1.0
drug0,GO_BP,GOBP_NUCLEOSIDE_PHOSPHATE_CATABOLIC_PROCESS,1,15,50,1500,2.0,0.4000764265660914,Zbtb20,1.0
drug0,GO_BP,GOBP_NUCLEOSIDE_TRIPHOSPHATE_METABOLIC_PROCESS,2,15,50,1500,4.0,0.08674586941049843,Atp1b1|Zbtb20,0.6909903813336272
drug0,GO_BP,GOBP_NUCLEOTIDE_CATABOLIC_PROCESS,1,14,50,1500,2.142857142857143,0.3791877227557184,Zbtb20,1.0
drug0,GO_BP,GOBP_NUCLEOTIDE_METABOLIC_PROCESS,2,32,50,1500,1.875,0.2892565406012864,Atp1b1|Zbtb20,1.0
drug0,GO_BP,GOBP_NUCLEUS_ORGANIZATION,1,10,50,1500,3.0,0.2882684421548648,Neat1,1.0
drug0,GO_BP,GOBP_NUTRIENT_STORAGE,1,11,50,1500,2.7272727272727275,0.31215205147852715,Apoe,1.0
drug0,GO_BP,GOBP_ODONTOGENESIS,0,18,50,1500,0.0,1.0,,1.0
drug0,GO_BP,GOBP_ODONTOGENESIS_OF_DENTIN_CONTAINING_TOOTH,0,16,50,1500,0.0,1.0,,1.0
drug0,GO_BP,GOBP_OLEFINIC_COMPOUND_METABOLIC_PROCESS,1,13,50,1500,2.3076923076923075,0.3575867388571701,Ptgds,1.0
drug0,GO_BP,GOBP_OLFACTORY_LOBE_DEVELOPMENT,0,11,50,1500,0.0,1.0,,1.0
drug0,GO_BP,GOBP_OLIGODENDROCYTE_DEVELOPMENT,3,17,50,1500,5.294117647058823,0.01704917842361118,Clu|Mag|Plp1,0.29473313764221454
drug0,GO_BP,GOBP_OLIGODENDROCYTE_DIFFERENTIATION,3,36,50,1500,2.5,0.11530992591822377,Clu|Mag|Plp1,0.8076665069703174
drug0,GO_BP,GOBP_ORGANELLE_ASSEMBLY,7,97,50,1500,2.1649484536082473,0.038212581007773805,C1ql3|Neat1|Nrxn1|Nrxn3|Ptprd|Syt1|Syt7,0.4645778671224041
drug0,GO_BP,GOBP_ORGANELLE_FISSION,1,47,50,1500,0.6382978723404256,0.8018554794378209,Nfib,1.0
drug0,GO_BP,GOBP_ORGANELLE_FUSION,3,19,50,1500,4.736842105263158,0.023183209906023995,Erc2|Syt1|Syt7,0.3554029820498962
drug0,GO_BP,GOBP_ORGANELLE_LOCALIZATION,5,57,50,1500,2.6315789473684212,0.03800181493634912,Ndrg4|Nrxn1|Ppfia2|Ptgds|Syt1,0.4645778671224041
drug0,GO_BP,GOBP_ORGANELLE_MEMBRANE_FUSION,3,16,50,1500,5.625,0.014373895602843016,Erc2|Syt1|Syt7,0.26542704948431706
drug0,GO_BP,GOBP_ORGANIC_ACID_BIOSYNTHETIC_PROCESS,2,34,50,1500,1.7647058823529411,0.3143712536930831,Plp1|Ptgds,1.0
drug0,GO_BP,GOBP_ORGANIC_ACID_CATABOLIC_PROCESS,0,17,50,1500,0.0,1.0,,1.0
drug0,GO_BP,GOBP_ORGANIC_ACID_METABOLIC_PROCESS,3,76,50,1500,1.1842105263157896,0.47037536398765967,Plp1|Ptgds|Zbtb20,1.0
drug0,GO_BP,GOBP_ORGANIC_ACID_TRANSMEMBRANE_TRANSPORT,1,39,50,1500,0.7692307692307692,0.7380227031427208,Slc17a7,1.0
drug0,GO_BP,GOBP_ORGANIC_ACID_TRANSPORT,3,70,50,1500,1.2857142857142856,0.41617005907570176,Apoe|Grin2b|Slc17a7,1.0
drug0,GO_BP,GOBP_ORGANIC_ANION_TRANSPORT,3,72,50,1500,1.25,0.4344399635908002,Apoe|Grin2b|Slc17a7,1.0
drug0,GO_BP,GOBP_ORGANIC_CATION_TRANSPORT,0,25,50,1500,0.0,1.0,,1.0
drug0,GO_BP,GOBP_ORGANIC_HYDROXY_COMPOUND_TRANSPORT,3,39,50,1500,2.3076923076923075,0.13784616132080219,Apoe|Syt1|Syt7,0.8806656040596941
drug0,GO_BP,GOBP_ORGANOPHOSPHATE_BIOSYNTHETIC_PROCESS,0,27,50,1500,0.0,1.0,,1.0
drug0,GO_BP,GOBP_ORGANOPHOSPHATE_CATABOLIC_PROCESS,1,23,50,1500,1.3043478260869565,0.5441591891136924,Zbtb20,1.0
drug0,GO_BP,GOBP_ORGANOPHOSPHATE_ESTER_TRANSPORT,1,10,50,1500,3.0,0.2882684421548648,Apoe,1.0
drug0,GO_BP,GOBP_ORGANOPHOSPHATE_METABOLIC_PROCESS,3,67,50,1500,1.3432835820895521,0.3884705073158133,Atp1b1|Plppr4|Zbtb20,1.0
drug0,GO_BP,GOBP_ORGAN_GROWTH,0,41,50,1500,0.0,1.0,,1.0
drug0,GO_BP,GOBP_OSSIFICATION,1,66,50,1500,0.45454545454545453,0.898563615261223,Atp2b1,1.0
drug0,GO_BP,GOBP_OSTEOBLAST_DIFFERENTIATION,0,37,50,1500,0.0,1.0,,1.0
drug0,GO_BP,GOBP_OSTEOCLAST_DIFFERENTIATION,0,19,50,1500,0.0,1.0,,1.0
drug0,GO_BP,GOBP_OUTFLOW_TRACT_MORPHOGENESIS,0,19,50,1500,0.0,1.0,,1.0
drug0,GO_BP,GOBP_OVULATION_CYCLE,0,16,50,1500,0.0,1.0,,1.0
drug0,GO_BP,GOBP_OXIDATIVE_PHOSPHORYLATION,0,12,50,1500,0.0,1.0,,1.0
drug0,GO_BP,GOBP_P38MAPK_CASCADE,0,10,50,1500,0.0,1.0,,1.0
drug0,GO_BP,GOBP_PALLIUM_DEVELOPMENT,1,43,50,1500,0.6976744186046512,0.7721193007548377,Zeb2,1.0
drug0,GO_BP,GOBP_PANCREAS_DEVELOPMENT,1,14,50,1500,2.142857142857143,0.3791877227557184,Clu,1.0
drug0,GO_BP,GOBP_PATTERN_SPECIFICATION_PROCESS,1,62,50,1500,0.48387096774193544,0.883120908666515,Zeb2,1.0
drug0,GO_BP,GOBP_PEPTIDE_TRANSPORT,2,45,50,1500,1.3333333333333333,0.4474305107818257,Pex5l|Syt7,1.0
drug0,GO_BP,GOBP_PEPTIDYL_AMINO_ACID_MODIFICATION,2,74,50,1500,0.8108108108108107,0.7186447344321347,Dclk1|Nrxn1,1.0
drug0,GO_BP,GOBP_PEPTIDYL_SERINE_MODIFICATION,2,22,50,1500,2.7272727272727275,0.1650200797304365,Dclk1|Nrxn1,0.9611384572113236
drug0,GO_BP,GOBP_PEPTIDYL_THREONINE_MODIFICATION,0,10,50,1500,0.0,1.0,,1.0
drug0,GO_BP,GOBP_PEPTIDYL_TYROSINE_MODIFICATION,0,44,50,1500,0.0,1.0,,1.0
drug0,GO_BP,GOBP_PERIPHERAL_NERVOUS_SYSTEM_DEVELOPMENT,0,14,50,1500,0.0,1.0,,1.0
drug0,GO_BP,GOBP_PHAGOCYTOSIS,1,29,50,1500,1.0344827586206897,0.6293882879681989,Syt7,1.0
drug0,GO_BP,GOBP_PHAGOCYTOSIS_ENGULFMENT,0,10,50,1500,0.0,1.0,,1.0
drug0,GO_BP,GOBP_PHENOL_CONTAINING_COMPOUND_BIOSYNTHETIC_PROCESS,1,10,50,1500,3.0,0.2882684421548648,Zeb2,1.0
drug0,GO_BP,GOBP_PHENOL_CONTAINING_COMPOUND_METABOLIC_PROCESS,2,20,50,1500,3.0,0.14144844471358778,Grin2a|Zeb2,0.8806656040596941
drug0,GO_BP,GOBP_PHOSPHATIDYLINOSITOL_3_KINASE_PROTEIN_KINASE_B_SIGNAL_TRANSDUCTION,1,51,50,1500,0.5882352941176471,0.8277789323376701,Nrxn1,1.0
drug0,GO_BP,GOBP_PHOSPHOLIPASE_C_ACTIVATING_G_PROTEIN_COUPLED_RECEPTOR_SIGNALING_PATHWAY,0,20,50,1500,0.0,1.0,,1.0
drug0,GO_BP,GOBP_PHOSPHOLIPID_BIOSYNTHETIC_PROCESS,0,13,50,1500,0.0,1.0,,1.0
drug0,GO_BP,GOBP_PHOSPHOLIPID_METABOLIC_PROCESS,1,29,50,1500,1.0344827586206897,0.6293882879681989,Plppr4,1.0
drug0,GO_BP,GOBP_PHOSPHORYLATION,4,141,50,1500,0.851063829787234,0.7079678550535902,Apoe|Dclk1|Nrxn1|Zeb2,1.0
drug0,GO_BP,GOBP_PHOTORECEPTOR_CELL_DIFFERENTIATION,1,13,50,1500,2.3076923076923075,0.3575867388571701,Miat,1.0
drug0,GO_BP,GOBP_PHYSIOLOGICAL_CARDIAC_MUSCLE_HYPERTROPHY,0,10,50,1500,0.0,1.0,,1.0
drug0,GO_BP,GOBP_PLACENTA_DEVELOPMENT,0,31,50,1500,0.0,1.0,,1.0
drug0,GO_BP,GOBP_PLASMA_MEMBRANE_ORGANIZATION,3,23,50,1500,3.913043478260869,0.03859569973016896,Clu|Sptbn1|Syt7,0.4645778671224041
drug0,GO_BP,GOBP_PLATELET_ACTIVATION,1,12,50,1500,2.5,0.33524969917904673,Apoe,1.0
drug0,GO_BP,GOBP_PLATELET_DERIVED_GROWTH_FACTOR_RECEPTOR_ALPHA_SIGNALING_PATHWAY,0,19,50,1500,0.0,1.0,,1.0
drug0,GO_BP,GOBP_PLATELET_DERIVED_GROWTH_FACTOR_RECEPTOR_BETA_SIGNALING_PATHWAY,0,19,50,1500,0.0,1.0,,1.0
drug0,GO_BP,GOBP_PLATELET_DERIVED_GROWTH_FACTOR_RECEPTOR_SIGNALING_PATHWAY,1,30,50,1500,1.0,0.6419855589414076,Ndrg4,1.0
drug0,GO_BP,GOBP_POLYOL_METABOLIC_PROCESS,0,10,50,1500,0.0,1.0,,1.0
drug0,GO_BP,GOBP_POSITIVE_CHEMOTAXIS,0,13,50,1500,0.0,1.0,,1.0
drug0,GO_BP,GOBP_POSITIVE_REGULATION_OF_ADAPTIVE_IMMUNE_RESPONSE,0,14,50,1500,0.0,1.0,,1.0
drug0,GO_BP,GOBP_POSITIVE_REGULATION_OF_ALPHA_BETA_T_CELL_ACTIVATION,0,11,50,1500,0.0,1.0,,1.0
drug0,GO_BP,GOBP_POSITIVE_REGULATION_OF_AMINE_TRANSPORT,2,13,50,1500,4.615384615384615,0.06720522304156554,Grin2b|Syt1,0.6100006407734712
drug0,GO_BP,GOBP_POSITIVE_REGULATION_OF_APOPTOTIC_SIGNALING_PATHWAY,1,20,50,1500,1.5,0.49461650530034706,Clu,1.0
drug0,GO_BP,GOBP_POSITIVE_REGULATION_OF_AXONOGENESIS,2,16,50,1500,3.75,0.0970847228115921,Apoe|Zeb2,0.7372087596674634
drug0,GO_BP,GOBP_POSITIVE_REGULATION_OF_AXON_EXTENSION,1,11,50,1500,2.7272727272727275,0.31215205147852715,Apoe,1.0
drug0,GO_BP,GOBP_POSITIVE_REGULATION_OF_BINDING,0,15,50,1500,0.0,1.0,,1.0
drug0,GO_BP,GOBP_POSITIVE_REGULATION_OF_BIOMINERAL_TISSUE_DEVELOPMENT,1,11,50,1500,2.7272727272727275,0.31215205147852715,Atp2b1,1.0
drug0,GO_BP,GOBP_POSITIVE_REGULATION_OF_BLOOD_CIRCULATION,0,12,50,1500,0.0,1.0,,1.0
drug0,GO_BP,GOBP_POSITIVE_REGULATION_OF_BLOOD_VESSEL_ENDOTHELIAL_CELL_MIGRATION,0,18,50,1500,0.0,1.0,,1.0
drug0,GO_BP,GOBP_POSITIVE_REGULATION_OF_BMP_SIGNALING_PATHWAY,0,11,50,1500,0.0,1.0,,1.0
drug0,GO_BP,GOBP_POSITIVE_REGULATION_OF_BONE_MINERALIZATION,1,10,50,1500,3.0,0.2882684421548648,Atp2b1,1.0
drug0,GO_BP,GOBP_POSITIVE_REGULATION_OF_CALCIUM_ION_TRANSPORT,2,22,50,1500,2.7272727272727275,0.1650200797304365,Atp2b1|Plp1,0.9611384572113236
drug0,GO_BP,GOBP_POSITIVE_REGULATION_OF_CALCIUM_MEDIATED_SIGNALING,0,14,50,1500,0.0,1.0,,1.0
drug0,GO_BP,GOBP_POSITIVE_REGULATION_OF_CANONICAL_NF_KAPPAB_SIGNAL_TRANSDUCTION,0,13,50,1500,0.0,1.0,,1.0
drug0,GO_BP,GOBP_POSITIVE_REGULATION_OF_CARBOHYDRATE_METABOLIC_PROCESS,1,13,50,1500,2.3076923076923075,0.3575867388571701,Zbtb20,1.0
drug0,GO_BP,GOBP_POSITIVE_REGULATION_OF_CATABOLIC_PROCESS,3,41,50,1500,2.1951219512195124,0.15365659133764528,Apoe|Clu|Zbtb20,0.9282229030619835
drug0,GO_BP,GOBP_POSITIVE_REGULATION_OF_CATALYTIC_ACTIVITY,3,65,50,1500,1.3846153846153848,0.36985602599805995,Apoe|Nrxn1|Zeb2,1.0
drug0,GO_BP,GOBP_POSITIVE_REGULATION_OF_CELLULAR_COMPONENT_BIOGENESIS,4,70,50,1500,1.7142857142857142,0.20155313127372476,Apoe|Clu|Nrxn1|Ptprd,1.0
drug0,GO_BP,GOBP_POSITIVE_REGULATION_OF_CELLULAR_COMPONENT_ORGANIZATION,9,172,50,1500,1.569767441860465,0.10961564531440066,Apoe|Clu|Erc2|Ndrg4|Nrxn1|Ptprd|Syt1|Syt7|Zeb2,0.7778402778860308
drug0,GO_BP,GOBP_POSITIVE_REGULATION_OF_CELL_ACTIVATION,0,55,50,1500,0.0,1.0,,1.0
drug0,GO_BP,GOBP_POSITIVE_REGULATION_OF_CELL_ADHESION,0,91,50,1500,0.0,1.0,,1.0
drug0,GO_BP,GOBP_POSITIVE_REGULATION_OF_CELL_CELL_ADHESION,0,46,50,1500,0.0,1.0,,1.0
drug0,GO_BP,GOBP_POSITIVE_REGULATION_OF_CELL_CYCLE,0,51,50,1500,0.0,1.0,,1.0
drug0,GO_BP,GOBP_POSITIVE_REGULATION_OF_CELL_CYCLE_PHASE_TRANSITION,0,17,50,1500,0.0,1.0,,1.0
drug0,GO_BP,GOBP_POSITIVE_REGULATION_OF_CELL_CYCLE_PROCESS,0,39,50,1500,0.0,1.0,,1.0
drug0,GO_BP,GOBP_POSITIVE_REGULATION_OF_CELL_DEVELOPMENT,5,82,50,1500,1.829268292682927,0.13320081574274303,Apoe|Mag|Ptprd|Rnf112|Zeb2,0.8798834373250302
drug0,GO_BP,GOBP_POSITIVE_REGULATION_OF_CELL_DIFFERENTIATION,6,172,50,1500,1.0465116279069768,0.519945139680794,Apoe|Clu|Mag|Ptprd|Rnf112|Zeb2,1.0
drug0,GO_BP,GOBP_POSITIVE_REGULATION_OF_CELL_DIVISION,0,16,50,1500,0.0,1.0,,1.0
drug0,GO_BP,GOBP_POSITIVE_REGULATION_OF_CELL_GROWTH,2,22,50,1500,2.7272727272727275,0.1650200797304365,Apoe|Syt1,0.9611384572113236
drug0,GO_BP,GOBP_POSITIVE_REGULATION_OF_CELL_JUNCTION_ASSEMBLY,2,26,50,1500,2.3076923076923075,0.21392436250078883,Nrxn1|Ptprd,1.0
drug0,GO_BP,GOBP_POSITIVE_REGULATION_OF_CELL_MATRIX_ADHESION,0,16,50,1500,0.0,1.0,,1.0
drug0,GO_BP,GOBP_POSITIVE_REGULATION_OF_CELL_MIGRATION_INVOLVED_IN_SPROUTING_ANGIOGENESIS,0,11,50,1500,0.0,1.0,,1.0
drug0,GO_BP,GOBP_POSITIVE_REGULATION_OF_CELL_POPULATION_PROLIFERATION,2,162,50,1500,0.37037037037037035,0.9782911131642873,Brd9|Clu,1.0
drug0,GO_BP,GOBP_POSITIVE_REGULATION_OF_CELL_PROJECTION_ORGANIZATION,5,70,50,1500,2.142857142857143,0.0794742465828963,Apoe|Ndrg4|Nrxn1|Ptprd|Zeb2,0.6555616786660228
drug0,GO_BP,GOBP_POSITIVE_REGULATION_OF_CELL_SUBSTRATE_ADHESION,0,37,50,1500,0.0,1.0,,1.0
drug0,GO_BP,GOBP_POSITIVE_REGULATION_OF_CELL_SUBSTRATE_JUNCTION_ORGANIZATION,0,10,50,1500,0.0,1.0,,1.0
drug0,GO_BP,GOBP_POSITIVE_REGULATION_OF_CHEMOKINE_PRODUCTION,0,13,50,1500,0.0,1.0,,1.0
drug0,GO_BP,GOBP_POSITIVE_REGULATION_OF_CHEMOTAXIS,0,37,50,1500,0.0,1.0,,1.0
drug0,GO_BP,GOBP_POSITIVE_REGULATION_OF_COLD_INDUCED_THERMOGENESIS,0,17,50,1500,0.0,1.0,,1.0
drug0,GO_BP,GOBP_POSITIVE_REGULATION_OF_CYTOKINE_PRODUCTION,3,68,50,1500,1.3235294117647058,0.39773762570934673,Clu|Sptbn1|Zbtb20,1.0
drug0,GO_BP,GOBP_POSITIVE_REGULATION_OF_CYTOKINE_PRODUCTION_INVOLVED_IN_IMMUNE_RESPONSE,0,12,50,1500,0.0,1.0,,1.0
drug0,GO_BP,GOBP_POSITIVE_REGULATION_OF_CYTOSKELETON_ORGANIZATION,0,26,50,1500,0.0,1.0,,1.0
drug0,GO_BP,GOBP_POSITIVE_REGULATION_OF_CYTOSOLIC_CALCIUM_ION_CONCENTRATION,0,26,50,1500,0.0,1.0,,1.0
drug0,GO_BP,GOBP_POSITIVE_REGULATION_OF_DEFENSE_RESPONSE,0,56,50,1500,0.0,1.0,,1.0
drug0,GO_BP,GOBP_POSITIVE_REGULATION_OF_DEVELOPMENTAL_GROWTH,2,37,50,1500,1.6216216216216215,0.3516951994318052,Apoe|Syt1,1.0
drug0,GO_BP,GOBP_POSITIVE_REGULATION_OF_DEVELOPMENTAL_PROCESS,10,235,50,1500,1.2765957446808511,0.2471731645372366,Apoe|Atp2b1|Brd9|Clu|Mag|Nrxn1|Ptprd|Rnf112|Syt1|Zeb2,1.0
drug0,GO_BP,GOBP_POSITIVE_REGULATION_OF_DNA_BINDING_TRANSCRIPTION_FACTOR_ACTIVITY,1,22,50,1500,1.3636363636363638,0.5281983764075895,Clu,1.0
drug0,GO_BP,GOBP_POSITIVE_REGULATION_OF_DNA_METABOLIC_PROCESS,0,22,50,1500,0.0,1.0,,1.0
drug0,GO_BP,GOBP_POSITIVE_REGULATION_OF_ENDOCYTOSIS,2,29,50,1500,2.0689655172413794,0.25147901761228364,Apoe|Clu,1.0
drug0,GO_BP,GOBP_POSITIVE_REGULATION_OF_ENDOTHELIAL_CELL_MIGRATION,0,27,50,1500,0.0,1.0,,1.0
drug0,GO_BP,GOBP_POSITIVE_REGULATION_OF_ENDOTHELIAL_CELL_PROLIFERATION,0,26,50,1500,0.0,1.0,,1.0
drug0,GO_BP,GOBP_POSITIVE_REGULATION_OF_EPITHELIAL_CELL_DIFFERENTIATION,1,11,50,1500,2.7272727272727275,0.31215205147852715,Zeb2,1.0
drug0,GO_BP,GOBP_POSITIVE_REGULATION_OF_EPITHELIAL_CELL_PROLIFERATION,0,46,50,1500,0.0,1.0,,1.0
drug0,GO_BP,GOBP_POSITIVE_REGULATION_OF_EPITHELIAL_TO_MESENCHYMAL_TRANSITION,0,13,50,1500,0.0,1.0,,1.0
drug0,GO_BP,GOBP_POSITIVE_REGULATION_OF_ERK1_AND_ERK2_CASCADE,3,42,50,1500,2.142857142857143,0.1617741692783923,Apoe|Ndrg4|Nrxn1,0.9611384572113236
drug0,GO_BP,GOBP_POSITIVE_REGULATION_OF_ESTABLISHMENT_OF_PROTEIN_LOCALIZATION,2,33,50,1500,1.8181818181818181,0.301829565218506,Apoe|Grin2a,1.0
drug0,GO_BP,GOBP_POSITIVE_REGULATION_OF_EXCITATORY_POSTSYNAPTIC_POTENTIAL,3,10,50,1500,9.0,0.0035480063258161673,Grin2a|Grin2b|Nrxn1,0.10807081049115369
drug0,GO_BP,GOBP_POSITIVE_REGULATION_OF_EXOCYTOSIS,2,13,50,1500,4.615384615384615,0.06720522304156554,Syt1|Syt7,0.6100006407734712
drug0,GO_BP,GOBP_POSITIVE_REGULATION_OF_EXTRINSIC_APOPTOTIC_SIGNALING_PATHWAY,0,10,50,1500,0.0,1.0,,1.0
drug0,GO_BP,GOBP_POSITIVE_REGULATION_OF_FAT_CELL_DIFFERENTIATION,0,11,50,1500,0.0,1.0,,1.0
drug0,GO_BP,GOBP_POSITIVE_REGULATION_OF_FIBROBLAST_PROLIFERATION,0,17,50,1500,0.0,1.0,,1.0
drug0,GO_BP,GOBP_POSITIVE_REGULATION_OF_GENE_EXPRESSION,5,140,50,1500,1.0714285714285714,0.5071852147429917,Clu|Nrxn1|Plp1|Sptbn1|Zbtb20,1.0
drug0,GO_BP,GOBP_POSITIVE_REGULATION_OF_GLIAL_CELL_DIFFERENTIATION,2,13,50,1500,4.615384615384615,0.06720522304156554,Mag|Rnf112,0.6100006407734712
drug0,GO_BP,GOBP_POSITIVE_REGULATION_OF_GLIOGENESIS,2,20,50,1500,3.0,0.14144844471358778,Mag|Rnf112,0.8806656040596941
drug0,GO_BP,GOBP_POSITIVE_REGULATION_OF_GROWTH,2,41,50,1500,1.4634146341463414,0.40039713749493766,Apoe|Syt1,1.0
drug0,GO_BP,GOBP_POSITIVE_REGULATION_OF_HEART_GROWTH,0,10,50,1500,0.0,1.0,,1.0
drug0,GO_BP,GOBP_POSITIVE_REGULATION_OF_HEMOPOIESIS,0,29,50,1500,0.0,1.0,,1.0
drug0,GO_BP,GOBP_POSITIVE_REGULATION_OF_HORMONE_SECRETION,1,23,50,1500,1.3043478260869565,0.5441591891136924,Pex5l,1.0
drug0,GO_BP,GOBP_POSITIVE_REGULATION_OF_HYDROLASE_ACTIVITY,0,18,50,1500,0.0,1.0,,1.0
drug0,GO_BP,GOBP_POSITIVE_REGULATION_OF_IMMUNE_EFFECTOR_PROCESS,0,34,50,1500,0.0,1.0,,1.0
drug0,GO_BP,GOBP_POSITIVE_REGULATION_OF_IMMUNE_RESPONSE,0,71,50,1500,0.0,1.0,,1.0
drug0,GO_BP,GOBP_POSITIVE_REGULATION_OF_IMMUNE_SYSTEM_PROCESS,0,129,50,1500,0.0,1.0,,1.0
drug0,GO_BP,GOBP_POSITIVE_REGULATION_OF_INFLAMMATORY_RESPONSE,0,27,50,1500,0.0,1.0,,1.0
drug0,GO_BP,GOBP_POSITIVE_REGULATION_OF_INSULIN_SECRETION,0,13,50,1500,0.0,1.0,,1.0
drug0,GO_BP,GOBP_POSITIVE_REGULATION_OF_INTERLEUKIN_1_BETA_PRODUCTION,0,11,50,1500,0.0,1.0,,1.0
drug0,GO_BP,GOBP_POSITIVE_REGULATION_OF_INTERLEUKIN_1_PRODUCTION,0,12,50,1500,0.0,1.0,,1.0
drug0,GO_BP,GOBP_POSITIVE_REGULATION_OF_INTERLEUKIN_6_PRODUCTION,1,18,50,1500,1.6666666666666667,0.45869546617711976,Zbtb20,1.0
drug0,GO_BP,GOBP_POSITIVE_REGULATION_OF_INTRACELLULAR_PROTEIN_TRANSPORT,0,10,50,1500,0.0,1.0,,1.0
drug0,GO_BP,GOBP_POSITIVE_REGULATION_OF_INTRACELLULAR_SIGNAL_TRANSDUCTION,5,137,50,1500,1.094890510948905,0.4871912966846989,Apoe|Clu|Ndrg4|Nrxn1|Zeb2,1.0
drug0,GO_BP,GOBP_POSITIVE_REGULATION_OF_INTRACELLULAR_TRANSPORT,0,16,50,1500,0.0,1.0,,1.0
drug0,GO_BP,GOBP_POSITIVE_REGULATION_OF_JNK_CASCADE,0,12,50,1500,0.0,1.0,,1.0
drug0,GO_BP,GOBP_POSITIVE_REGULATION_OF_KINASE_ACTIVITY,2,42,50,1500,1.4285714285714286,0.4123282859057648,Nrxn1|Zeb2,1.0
drug0,GO_BP,GOBP_POSITIVE_REGULATION_OF_LEUKOCYTE_CELL_CELL_ADHESION,0,41,50,1500,0.0,1.0,,1.0
drug0,GO_BP,GOBP_POSITIVE_REGULATION_OF_LEUKOCYTE_CHEMOTAXIS,0,23,50,1500,0.0,1.0,,1.0
drug0,GO_BP,GOBP_POSITIVE_REGULATION_OF_LEUKOCYTE_MEDIATED_IMMUNITY,0,14,50,1500,0.0,1.0,,1.0
drug0,GO_BP,GOBP_POSITIVE_REGULATION_OF_LEUKOCYTE_MIGRATION,0,33,50,1500,0.0,1.0,,1.0
drug0,GO_BP,GOBP_POSITIVE_REGULATION_OF_LEUKOCYTE_PROLIFERATION,0,29,50,1500,0.0,1.0,,1.0
drug0,GO_BP,GOBP_POSITIVE_REGULATION_OF_LIPID_BIOSYNTHETIC_PROCESS,2,22,50,1500,2.7272727272727275,0.1650200797304365,Apoe|Zbtb20,0.9611384572113236
drug0,GO_BP,GOBP_POSITIVE_REGULATION_OF_LIPID_LOCALIZATION,1,21,50,1500,1.4285714285714286,0.5116902720131731,Apoe,1.0
drug0,GO_BP,GOBP_POSITIVE_REGULATION_OF_LIPID_METABOLIC_PROCESS,2,25,50,1500,2.4,0.20153398901832625,Apoe|Zbtb20,1.0
drug0,GO_BP,GOBP_POSITIVE_REGULATION_OF_LIPID_TRANSPORT,1,18,50,1500,1.6666666666666667,0.45869546617711976,Apoe,1.0
drug0,GO_BP,GOBP_POSITIVE_REGULATION_OF_LOCOMOTION,1,132,50,1500,0.22727272727272727,0.9907804716923447,Plp1,1.0
drug0,GO_BP,GOBP_POSITIVE_REGULATION_OF_LYMPHOCYTE_ACTIVATION,0,43,50,1500,0.0,1.0,,1.0
drug0,GO_BP,GOBP_POSITIVE_REGULATION_OF_LYMPHOCYTE_DIFFERENTIATION,0,18,50,1500,0.0,1.0,,1.0
drug0,GO_BP,GOBP_POSITIVE_REGULATION_OF_MAPK_CASCADE,4,83,50,1500,1.4457831325301205,0.2979517645922285,Apoe|Ndrg4|Nrxn1|Zeb2,1.0
drug0,GO_BP,GOBP_POSITIVE_REGULATION_OF_MAP_KINASE_ACTIVITY,1,13,50,1500,2.3076923076923075,0.3575867388571701,Zeb2,1.0
drug0,GO_BP,GOBP_POSITIVE_REGULATION_OF_MIRNA_METABOLIC_PROCESS,0,12,50,1500,0.0,1.0,,1.0
drug0,GO_BP,GOBP_POSITIVE_REGULATION_OF_MITOTIC_CELL_CYCLE,0,15,50,1500,0.0,1.0,,1.0
drug0,GO_BP,GOBP_POSITIVE_REGULATION_OF_MITOTIC_CELL_CYCLE_PHASE_TRANSITION,0,11,50,1500,0.0,1.0,,1.0
drug0,GO_BP,GOBP_POSITIVE_REGULATION_OF_MOLECULAR_FUNCTION,5,100,50,1500,1.5,0.23676077226258654,Apoe|Atp1b1|Clu|Nrxn1|Zeb2,1.0
drug0,GO_BP,GOBP_POSITIVE_REGULATION_OF_MONOATOMIC_ION_TRANSMEMBRANE_TRANSPORT,3,23,50,1500,3.913043478260869,0.03859569973016896,Atp1b1|Dpp6|Plp1,0.4645778671224041
drug0,GO_BP,GOBP_POSITIVE_REGULATION_OF_MONOATOMIC_ION_TRANSPORT,4,37,50,1500,3.243243243243243,0.03207321176489885,Atp1b1|Atp2b1|Dpp6|Plp1,0.43432474264967186
drug0,GO_BP,GOBP_POSITIVE_REGULATION_OF_MONONUCLEAR_CELL_MIGRATION,0,17,50,1500,0.0,1.0,,1.0
drug0,GO_BP,GOBP_POSITIVE_REGULATION_OF_MULTICELLULAR_ORGANISMAL_PROCESS,14,268,50,1500,1.5671641791044775,0.048610121642491705,Apoe|Atp2b1|Brd9|Clu|Grin2a|Grin2b|Mag|Nrxn1|Pex5l|Ptprd|Rnf112|Sptbn1|Zbtb20|Zeb2,0.5116405540900881
drug0,GO_BP,GOBP_POSITIVE_REGULATION_OF_MUSCLE_CELL_DIFFERENTIATION,0,14,50,1500,0.0,1.0,,1.0
drug0,GO_BP,GOBP_POSITIVE_REGULATION_OF_MUSCLE_CONTRACTION,0,13,50,1500,0.0,1.0,,1.0
drug0,GO_BP,GOBP_POSITIVE_REGULATION_OF_MYELOID_CELL_DIFFERENTIATION,0,19,50,1500,0.0,1.0,,1.0
drug0,GO_BP,GOBP_POSITIVE_REGULATION_OF_MYELOID_LEUKOCYTE_DIFFERENTIATION,0,13,50,1500,0.0,1.0,,1.0
drug0,GO_BP,GOBP_POSITIVE_REGULATION_OF_NERVOUS_SYSTEM_DEVELOPMENT,6,59,50,1500,3.050847457627119,0.011800543587062581,Apoe|Mag|Nrxn1|Ptprd|Rnf112|Zeb2,0.2459113468087543
drug0,GO_BP,GOBP_POSITIVE_REGULATION_OF_NERVOUS_SYSTEM_PROCESS,3,13,50,1500,6.9230769230769225,0.007877797294666476,Grin2a|Grin2b|Mag,0.18030169864553555
drug0,GO_BP,GOBP_POSITIVE_REGULATION_OF_NEURAL_PRECURSOR_CELL_PROLIFERATION,0,12,50,1500,0.0,1.0,,1.0
drug0,GO_BP,GOBP_POSITIVE_REGULATION_OF_NEUROGENESIS,5,52,50,1500,2.8846153846153846,0.02673055798779702,Apoe|Mag|Ptprd|Rnf112|Zeb2,0.37771440634930575
drug0,GO_BP,GOBP_POSITIVE_REGULATION_OF_NEURON_APOPTOTIC_PROCESS,0,11,50,1500,0.0,1.0,,1.0
drug0,GO_BP,GOBP_POSITIVE_REGULATION_OF_NEURON_DIFFERENTIATION,1,24,50,1500,1.25,0.5595904961849962,Rnf112,1.0
drug0,GO_BP,GOBP_POSITIVE_REGULATION_OF_NEURON_PROJECTION_DEVELOPMENT,4,42,50,1500,2.857142857142857,0.048128078107932834,Apoe|Ndrg4|Nrxn1|Ptprd,0.5116405540900881
drug0,GO_BP,GOBP_POSITIVE_REGULATION_OF_NITRIC_OXIDE_METABOLIC_PROCESS,2,12,50,1500,5.0,0.05807792677281182,Apoe|Clu,0.5522649979848836
drug0,GO_BP,GOBP_POSITIVE_REGULATION_OF_NUCLEAR_DIVISION,0,13,50,1500,0.0,1.0,,1.0
drug0,GO_BP,GOBP_POSITIVE_REGULATION_OF_ORGANELLE_ORGANIZATION,3,62,50,1500,1.4516129032258063,0.34180347065176675,Erc2|Syt1|Syt7,1.0
drug0,GO_BP,GOBP_POSITIVE_REGULATION_OF_ORGANIC_ACID_TRANSPORT,1,16,50,1500,1.875,0.4202758734830577,Grin2b,1.0
drug0,GO_BP,GOBP_POSITIVE_REGULATION_OF_ORGAN_GROWTH,0,13,50,1500,0.0,1.0,,1.0
drug0,GO_BP,GOBP_POSITIVE_REGULATION_OF_OSSIFICATION,1,12,50,1500,2.5,0.33524969917904673,Atp2b1,1.0
drug0,GO_BP,GOBP_POSITIVE_REGULATION_OF_OSTEOBLAST_DIFFERENTIATION,0,13,50,1500,0.0,1.0,,1.0
drug0,GO_BP,GOBP_POSITIVE_REGULATION_OF_PEPTIDE_SECRETION,1,15,50,1500,2.0,0.4000764265660914,Pex5l,1.0
drug0,GO_BP,GOBP_POSITIVE_REGULATION_OF_PEPTIDYL_TYROSINE_PHOSPHORYLATION,0,27,50,1500,0.0,1.0,,1.0
drug0,GO_BP,GOBP_POSITIVE_REGULATION_OF_PHAGOCYTOSIS,0,12,50,1500,0.0,1.0,,1.0
drug0,GO_BP,GOBP_POSITIVE_REGULATION_OF_PHOSPHATIDYLINOSITOL_3_KINASE_PROTEIN_KINASE_B_SIGNAL_TRANSDUCTION,1,36,50,1500,0.8333333333333334,0.7092162291569126,Nrxn1,1.0
drug0,GO_BP,GOBP_POSITIVE_REGULATION_OF_PHOSPHORUS_METABOLIC_PROCESS,3,99,50,1500,0.9090909090909092,0.6538240210054442,Nrxn1|Zbtb20|Zeb2,1.0
drug0,GO_BP,GOBP_POSITIVE_REGULATION_OF_PLASMA_MEMBRANE_BOUNDED_CELL_PROJECTION_ASSEMBLY,0,13,50,1500,0.0,1.0,,1.0
drug0,GO_BP,GOBP_POSITIVE_REGULATION_OF_POST_TRANSLATIONAL_PROTEIN_MODIFICATION,0,11,50,1500,0.0,1.0,,1.0
drug0,GO_BP,GOBP_POSITIVE_REGULATION_OF_PRODUCTION_OF_MOLECULAR_MEDIATOR_OF_IMMUNE_RESPONSE,0,16,50,1500,0.0,1.0,,1.0
drug0,GO_BP,GOBP_POSITIVE_REGULATION_OF_PROGRAMMED_CELL_DEATH,2,85,50,1500,0.7058823529411764,0.7884395457005132,Clu|Grin2a,1.0
drug0,GO_BP,GOBP_POSITIVE_REGULATION_OF_PROTEASOMAL_PROTEIN_CATABOLIC_PROCESS,1,12,50,1500,2.5,0.33524969917904673,Clu,1.0
drug0,GO_BP,GOBP_POSITIVE_REGULATION_OF_PROTEIN_CATABOLIC_PROCESS,2,25,50,1500,2.4,0.20153398901832625,Apoe|Clu,1.0
drug0,GO_BP,GOBP_POSITIVE_REGULATION_OF_PROTEIN_CONTAINING_COMPLEX_ASSEMBLY,1,26,50,1500,1.1538461538461537,0.5889329235095868,Clu,1.0
drug0,GO_BP,GOBP_POSITIVE_REGULATION_OF_PROTEIN_LOCALIZATION,5,53,50,1500,2.8301886792452833,0.028785154370059664,Apoe|Dpp6|Grin2a|Nrxn1|Sptbn1,0.40324030906333586
drug0,GO_BP,GOBP_POSITIVE_REGULATION_OF_PROTEIN_LOCALIZATION_TO_CELL_PERIPHERY,3,13,50,1500,6.9230769230769225,0.007877797294666476,Dpp6|Nrxn1|Sptbn1,0.18030169864553555
drug0,GO_BP,GOBP_POSITIVE_REGULATION_OF_PROTEIN_LOCALIZATION_TO_MEMBRANE,4,13,50,1500,9.23076923076923,0.000626667481156593,Dpp6|Grin2a|Nrxn1|Sptbn1,0.02909527591084182
drug0,GO_BP,GOBP_POSITIVE_REGULATION_OF_PROTEIN_LOCALIZATION_TO_NUCLEUS,0,12,50,1500,0.0,1.0,,1.0
drug0,GO_BP,GOBP_POSITIVE_REGULATION_OF_PROTEIN_LOCALIZATION_TO_PLASMA_MEMBRANE,3,11,50,1500,8.181818181818182,0.004764529954141202,Dpp6|Nrxn1|Sptbn1,0.12903935292465754
drug0,GO_BP,GOBP_POSITIVE_REGULATION_OF_PROTEIN_METABOLIC_PROCESS,4,123,50,1500,0.9756097560975611,0.5982407039514491,Apoe|Clu|Nrxn1|Zeb2,1.0
drug0,GO_BP,GOBP_POSITIVE_REGULATION_OF_PROTEIN_MODIFICATION_PROCESS,2,93,50,1500,0.6451612903225806,0.8293988287870959,Nrxn1|Zeb2,1.0
drug0,GO_BP,GOBP_POSITIVE_REGULATION_OF_PROTEIN_SECRETION,0,19,50,1500,0.0,1.0,,1.0
drug0,GO_BP,GOBP_POSITIVE_REGULATION_OF_PROTEIN_SERINE_THREONINE_KINASE_ACTIVITY,2,24,50,1500,2.5,0.18923912647371055,Nrxn1|Zeb2,1.0
drug0,GO_BP,GOBP_POSITIVE_REGULATION_OF_PROTEIN_TRANSPORT,1,31,50,1500,0.9677419354838709,0.6541629208821762,Apoe,1.0
drug0,GO_BP,GOBP_POSITIVE_REGULATION_OF_PROTEIN_UBIQUITINATION,0,10,50,1500,0.0,1.0,,1.0
drug0,GO_BP,GOBP_POSITIVE_REGULATION_OF_PROTEOLYSIS,2,21,50,1500,2.857142857142857,0.15314117104382513,Apoe|Clu,0.9282229030619835
drug0,GO_BP,GOBP_POSITIVE_REGULATION_OF_PROTEOLYSIS_INVOLVED_IN_PROTEIN_CATABOLIC_PROCESS,1,14,50,1500,2.142857142857143,0.3791877227557184,Clu,1.0
drug0,GO_BP,GOBP_POSITIVE_REGULATION_OF_REACTIVE_OXYGEN_SPECIES_METABOLIC_PROCESS,0,10,50,1500,0.0,1.0,,1.0
drug0,GO_BP,GOBP_POSITIVE_REGULATION_OF_REPRODUCTIVE_PROCESS,0,18,50,1500,0.0,1.0,,1.0
drug0,GO_BP,GOBP_POSITIVE_REGULATION_OF_RESPONSE_TO_BIOTIC_STIMULUS,0,34,50,1500,0.0,1.0,,1.0
drug0,GO_BP,GOBP_POSITIVE_REGULATION_OF_RESPONSE_TO_EXTERNAL_STIMULUS,0,86,50,1500,0.0,1.0,,1.0
drug0,GO_BP,GOBP_POSITIVE_REGULATION_OF_RESPONSE_TO_WOUNDING,0,16,50,1500,0.0,1.0,,1.0
drug0,GO_BP,GOBP_POSITIVE_REGULATION_OF_RNA_METABOLIC_PROCESS,4,146,50,1500,0.8219178082191781,0.7344489499770014,Apoe|Nfib|Peg3|Zeb2,1.0
drug0,GO_BP,GOBP_POSITIVE_REGULATION_OF_SECRETION,4,52,50,1500,2.3076923076923075,0.09140567889032583,Grin2b|Pex5l|Syt1|Syt7,0.721039942702813
drug0,GO_BP,GOBP_POSITIVE_REGULATION_OF_SIGNAL_TRANSDUCTION,7,197,50,1500,1.0659898477157361,0.491409706498939,Apoe|Clu|Grin2a|Grin2b|Ndrg4|Nrxn1|Zeb2,1.0
drug0,GO_BP,GOBP_POSITIVE_REGULATION_OF_SMALL_MOLECULE_METABOLIC_PROCESS,2,23,50,1500,2.608695652173913,0.17706049687331893,Apoe|Zbtb20,1.0
drug0,GO_BP,GOBP_POSITIVE_REGULATION_OF_SMOOTH_MUSCLE_CELL_MIGRATION,0,21,50,1500,0.0,1.0,,1.0
drug0,GO_BP,GOBP_POSITIVE_REGULATION_OF_SMOOTH_MUSCLE_CELL_PROLIFERATION,0,25,50,1500,0.0,1.0,,1.0
drug0,GO_BP,GOBP_POSITIVE_REGULATION_OF_SYNAPTIC_TRANSMISSION,6,40,50,1500,4.5,0.001632558314843417,Apoe|Gria2|Grin2a|Grin2b|Nrxn1|Syt1,0.05414096452286842
drug0,GO_BP,GOBP_POSITIVE_REGULATION_OF_SYNAPTIC_TRANSMISSION_GLUTAMATERGIC,3,12,50,1500,7.5,0.006204459645394968,Grin2a|Grin2b|Nrxn1,0.148268337114218
drug0,GO_BP,GOBP_POSITIVE_REGULATION_OF_TRANSCRIPTION_BY_RNA_POLYMERASE_II,3,121,50,1500,0.7438016528925621,0.783813211879345,Nfib|Peg3|Zeb2,1.0
drug0,GO_BP,GOBP_POSITIVE_REGULATION_OF_TRANSFERASE_ACTIVITY,3,45,50,1500,2.0,0.18688241970806788,Apoe|Nrxn1|Zeb2,1.0
drug0,GO_BP,GOBP_POSITIVE_REGULATION_OF_TRANSMEMBRANE_RECEPTOR_PROTEIN_SERINE_THREONINE_KINASE_SIGNALING_PATHWAY,1,18,50,1500,1.6666666666666667,0.45869546617711976,Zeb2,1.0
drug0,GO_BP,GOBP_POSITIVE_REGULATION_OF_TRANSMEMBRANE_TRANSPORT,3,34,50,1500,2.6470588235294117,0.10116254962527227,Atp1b1|Dpp6|Plp1,0.750635356808527
drug0,GO_BP,GOBP_POSITIVE_REGULATION_OF_TRANSPORT,11,134,50,1500,2.462686567164179,0.0034223043074317963,Apoe|Atp1b1|Atp2b1|Clu|Dpp6|Erc2|Grin2b|Pex5l|Plp1|Syt1|Syt7,0.10807081049115369
drug0,GO_BP,GOBP_POSITIVE_REGULATION_OF_TRANSPORTER_ACTIVITY,1,12,50,1500,2.5,0.33524969917904673,Atp1b1,1.0
drug0,GO_BP,GOBP_POSITIVE_REGULATION_OF_TUMOR_NECROSIS_FACTOR_SUPERFAMILY_CYTOKINE_PRODUCTION,2,20,50,1500,3.0,0.14144844471358778,Clu|Zbtb20,0.8806656040596941
drug0,GO_BP,GOBP_POSITIVE_REGULATION_OF_TYPE_II_INTERFERON_PRODUCTION,0,10,50,1500,0.0,1.0,,1.0
drug0,GO_BP,GOBP_POSITIVE_REGULATION_OF_T_CELL_PROLIFERATION,0,17,50,1500,0.0,1.0,,1.0
drug0,GO_BP,GOBP_POSITIVE_REGULATION_OF_UBIQUITIN_DEPENDENT_PROTEIN_CATABOLIC_PROCESS,1,10,50,1500,3.0,0.2882684421548648,Clu,1.0
drug0,GO_BP,GOBP_POSITIVE_REGULATION_OF_VASCULATURE_DEVELOPMENT,0,43,50,1500,0.0,1.0,,1.0
drug0,GO_BP,GOBP_POSITIVE_REGULATION_OF_WNT_SIGNALING_PATHWAY,1,13,50,1500,2.3076923076923075,0.3575867388571701,Zeb2,1.0
drug0,GO_BP,GOBP_POSITIVE_REGULATION_OF_WOUND_HEALING,0,13,50,1500,0.0,1.0,,1.0
drug0,GO_BP,GOBP_POSTSYNAPSE_ASSEMBLY,5,20,50,1500,7.5,0.00035717399320018016,C1ql3|Dclk1|Nrxn1|Nrxn3|Ptprd,0.02394957996356968
drug0,GO_BP,GOBP_POSTSYNAPSE_ORGANIZATION,11,50,50,1500,6.6,2.5684186875238566e-07,Apoe|C1ql3|Dclk1|Grin2a|Grin2b|Nrcam|Nrxn1|Nrxn3|Plppr4|Ppfia2|Ptprd,0.00041736803672262667
drug0,GO_BP,GOBP_POSTSYNAPTIC_DENSITY_ASSEMBLY,4,10,50,1500,12.0,0.00019828083502512685,C1ql3|Nrxn1|Nrxn3|Ptprd,0.020137897307239444
drug0,GO_BP,GOBP_POSTSYNAPTIC_DENSITY_ORGANIZATION,4,13,50,1500,9.23076923076923,0.000626667481156593,C1ql3|Nrxn1|Nrxn3|Ptprd,0.02909527591084182
drug0,GO_BP,GOBP_POSTSYNAPTIC_SPECIALIZATION_ASSEMBLY,4,10,50,1500,12.0,0.00019828083502512685,C1ql3|Nrxn1|Nrxn3|Ptprd,0.020137897307239444
drug0,GO_BP,GOBP_POSTSYNAPTIC_SPECIALIZATION_ORGANIZATION,4,13,50,1500,9.23076923076923,0.000626667481156593,C1ql3|Nrxn1|Nrxn3|Ptprd,0.02909527591084182
drug0,GO_BP,GOBP_POST_EMBRYONIC_DEVELOPMENT,1,21,50,1500,1.4285714285714286,0.5116902720131731,Meg3,1.0
drug0,GO_BP,GOBP_POST_TRANSCRIPTIONAL_REGULATION_OF_GENE_EXPRESSION,0,19,50,1500,0.0,1.0,,1.0
drug0,GO_BP,GOBP_POST_TRANSLATIONAL_PROTEIN_MODIFICATION,1,44,50,1500,0.6818181818181819,0.7799395031997644,Rnf112,1.0
drug0,GO_BP,GOBP_POTASSIUM_ION_IMPORT_ACROSS_PLASMA_MEMBRANE,1,10,50,1500,3.0,0.2882684421548648,Atp1b1,1.0
drug0,GO_BP,GOBP_POTASSIUM_ION_TRANSMEMBRANE_TRANSPORT,3,25,50,1500,3.5999999999999996,0.04784820721062824,Atp1b1|Dpp6|Slc17a7,0.5116405540900881
drug0,GO_BP,GOBP_POTASSIUM_ION_TRANSPORT,3,30,50,1500,3.0,0.07524124775221704,Atp1b1|Dpp6|Slc17a7,0.639782901467006
drug0,GO_BP,GOBP_PRIMARY_NEURAL_TUBE_FORMATION,1,13,50,1500,2.3076923076923075,0.3575867388571701,Zeb2,1.0
drug0,GO_BP,GOBP_PROCESS_UTILIZING_AUTOPHAGIC_MECHANISM,1,29,50,1500,1.0344827586206897,0.6293882879681989,Clu,1.0
drug0,GO_BP,GOBP_PRODUCTION_OF_MOLECULAR_MEDIATOR_OF_IMMUNE_RESPONSE,0,31,50,1500,0.0,1.0,,1.0
drug0,GO_BP,GOBP_PROTEASOMAL_PROTEIN_CATABOLIC_PROCESS,2,28,50,1500,2.142857142857143,0.2389147042643709,Apoe|Clu,1.0
drug0,GO_BP,GOBP_PROTEASOME_MEDIATED_UBIQUITIN_DEPENDENT_PROTEIN_CATABOLIC_PROCESS,1,18,50,1500,1.6666666666666667,0.45869546617711976,Clu,1.0
drug0,GO_BP,GOBP_PROTEIN_AUTOPHOSPHORYLATION,0,28,50,1500,0.0,1.0,,1.0
drug0,GO_BP,GOBP_PROTEIN_CATABOLIC_PROCESS,3,64,50,1500,1.40625,0.3605177956624396,Apoe|Clu|Grin2a,1.0
drug0,GO_BP,GOBP_PROTEIN_COMPLEX_OLIGOMERIZATION,4,28,50,1500,4.285714285714286,0.01239328589341737,Gria2|Grin2b|Rnf112|Syt1,0.2459113468087543
drug0,GO_BP,GOBP_PROTEIN_CONTAINING_COMPLEX_DISASSEMBLY,1,21,50,1500,1.4285714285714286,0.5116902720131731,Sptbn1,1.0
drug0,GO_BP,GOBP_PROTEIN_CONTAINING_COMPLEX_LOCALIZATION,4,33,50,1500,3.6363636363636362,0.021911536874291787,C1ql3|Grin2a|Nrxn1|Nrxn3,0.3554029820498962
drug0,GO_BP,GOBP_PROTEIN_CONTAINING_COMPLEX_ORGANIZATION,9,149,50,1500,1.8120805369127517,0.05279849772010994,Apoe|Clu|Erc2|Gria2|Grin2b|Nrxn1|Rnf112|Sptbn1|Syt1,0.5367528077922668
drug0,GO_BP,GOBP_PROTEIN_DEPOLYMERIZATION,1,14,50,1500,2.142857142857143,0.3791877227557184,Sptbn1,1.0
drug0,GO_BP,GOBP_PROTEIN_HOMOOLIGOMERIZATION,1,19,50,1500,1.5789473684210527,0.4769581022710094,Rnf112,1.0
drug0,GO_BP,GOBP_PROTEIN_LOCALIZATION_TO_CELL_JUNCTION,4,33,50,1500,3.6363636363636362,0.021911536874291787,C1ql3|Grin2a|Nrxn1|Nrxn3,0.3554029820498962
drug0,GO_BP,GOBP_PROTEIN_LOCALIZATION_TO_CELL_PERIPHERY,7,43,50,1500,4.883720930232558,0.0003831932794171149,Atp1b1|C1ql3|Dpp6|Grin2a|Nrxn1|Nrxn3|Sptbn1,0.02394957996356968
drug0,GO_BP,GOBP_PROTEIN_LOCALIZATION_TO_EXTRACELLULAR_REGION,2,48,50,1500,1.25,0.4813877414329201,Apoe|Syt7,1.0
drug0,GO_BP,GOBP_PROTEIN_LOCALIZATION_TO_NUCLEUS,1,29,50,1500,1.0344827586206897,0.6293882879681989,Dclk1,1.0
drug0,GO_BP,GOBP_PROTEIN_LOCALIZATION_TO_ORGANELLE,6,75,50,1500,2.4,0.03510328463625305,C1ql3|Clu|Dclk1|Grin2a|Nrxn3|Pex5l,0.46002288333799357
drug0,GO_BP,GOBP_PROTEIN_LOCALIZATION_TO_PLASMA_MEMBRANE,4,26,50,1500,4.615384615384615,0.009504907071487278,Atp1b1|Dpp6|Nrxn1|Sptbn1,0.2087226215022544
drug0,GO_BP,GOBP_PROTEIN_LOCALIZATION_TO_POSTSYNAPSE,3,16,50,1500,5.625,0.014373895602843016,C1ql3|Grin2a|Nrxn3,0.26542704948431706
drug0,GO_BP,GOBP_PROTEIN_LOCALIZATION_TO_SYNAPSE,4,24,50,1500,5.0,0.007096598958267543,C1ql3|Grin2a|Nrxn1|Nrxn3,0.16713004793021388
drug0,GO_BP,GOBP_PROTEIN_MATURATION,2,35,50,1500,1.7142857142857142,0.32686990772459135,Clu|Pcsk2,1.0
drug0,GO_BP,GOBP_PROTEIN_MODIFICATION_BY_SMALL_PROTEIN_CONJUGATION,1,38,50,1500,0.7894736842105263,0.7287458866817691,Rnf112,1.0
drug0,GO_BP,GOBP_PROTEIN_POLYMERIZATION,1,30,50,1500,1.0,0.6419855589414076,Sptbn1,1.0
drug0,GO_BP,GOBP_PROTEIN_PROCESSING,1,21,50,1500,1.4285714285714286,0.5116902720131731,Pcsk2,1.0
drug0,GO_BP,GOBP_PROTEIN_STABILIZATION,2,17,50,1500,3.5294117647058822,0.10775612872998955,Atp1b1|Clu,0.770759324699307
drug0,GO_BP,GOBP_PROTEIN_TARGETING,2,11,50,1500,5.454545454545455,0.04943234891824236,Clu|Grin2a,0.5116405540900881
drug0,GO_BP,GOBP_PROTEIN_TETRAMERIZATION,2,14,50,1500,4.285714285714286,0.07677394817604072,Gria2|Grin2b,0.639782901467006
drug0,GO_BP,GOBP_PROTEIN_TRANSPORT,6,110,50,1500,1.6363636363636365,0.15442077190999098,Apoe|Clu|Grin2a|Pex5l|Sptbn1|Syt7,0.929384275384205
drug0,GO_BP,GOBP_PROTEOLYSIS,4,88,50,1500,1.3636363636363638,0.3367940361258175,Apoe|Clu|Dpp6|Pcsk2,1.0
drug0,GO_BP,GOBP_PROTEOLYSIS_INVOLVED_IN_PROTEIN_CATABOLIC_PROCESS,2,39,50,1500,1.5384615384615383,0.3762268611656,Apoe|Clu,1.0
drug0,GO_BP,GOBP_PROTON_TRANSMEMBRANE_TRANSPORT,2,16,50,1500,3.75,0.0970847228115921,Atp1b1|Slc17a7,0.7372087596674634
drug0,GO_BP,GOBP_PURINE_CONTAINING_COMPOUND_METABOLIC_PROCESS,3,37,50,1500,2.4324324324324325,0.12265434187292903,Atp1b1|Ttr|Zbtb20,0.8409844115759902
drug0,GO_BP,GOBP_PYRIDINE_CONTAINING_COMPOUND_METABOLIC_PROCESS,1,14,50,1500,2.142857142857143,0.3791877227557184,Zbtb20,1.0
drug0,GO_BP,GOBP_REACTIVE_NITROGEN_SPECIES_METABOLIC_PROCESS,2,16,50,1500,3.75,0.0970847228115921,Apoe|Clu,0.7372087596674634
drug0,GO_BP,GOBP_REACTIVE_OXYGEN_SPECIES_METABOLIC_PROCESS,0,29,50,1500,0.0,1.0,,1.0
drug0,GO_BP,GOBP_RECEPTOR_CLUSTERING,3,11,50,1500,8.181818181818182,0.004764529954141202,Apoe|Grin2b|Nrxn1,0.12903935292465754
drug0,GO_BP,GOBP_RECEPTOR_INTERNALIZATION,1,27,50,1500,1.1111111111111112,0.60287685419108,Gria2,1.0
drug0,GO_BP,GOBP_RECEPTOR_LOCALIZATION_TO_SYNAPSE,3,19,50,1500,4.736842105263158,0.023183209906023995,C1ql3|Nrxn1|Nrxn3,0.3554029820498962
drug0,GO_BP,GOBP_RECEPTOR_MEDIATED_ENDOCYTOSIS,3,45,50,1500,2.0,0.18688241970806788,Apoe|Clu|Gria2,1.0
drug0,GO_BP,GOBP_RECEPTOR_METABOLIC_PROCESS,3,12,50,1500,7.5,0.006204459645394968,Apoe|Gria2|Grin2a,0.148268337114218
drug0,GO_BP,GOBP_REGENERATION,3,46,50,1500,1.9565217391304346,0.19547782065070726,Apoe|Mag|Nfib,1.0
drug0,GO_BP,GOBP_REGULATED_EXOCYTOSIS,6,36,50,1500,5.0,0.000917607865352401,Erc2|Pex5l|Ppfia2|Ptgds|Syt1|Syt7,0.03727781952994129
drug0,GO_BP,GOBP_REGULATION_OF_ACTIN_FILAMENT_BASED_MOVEMENT,1,10,50,1500,3.0,0.2882684421548648,Zeb2,1.0
drug0,GO_BP,GOBP_REGULATION_OF_ACTIN_FILAMENT_BASED_PROCESS,2,61,50,1500,0.9836065573770493,0.6132204136383774,Sptbn1|Zeb2,1.0
drug0,GO_BP,GOBP_REGULATION_OF_ACTIN_FILAMENT_BUNDLE_ASSEMBLY,0,15,50,1500,0.0,1.0,,1.0
drug0,GO_BP,GOBP_REGULATION_OF_ACTIN_FILAMENT_LENGTH,1,19,50,1500,1.5789473684210527,0.4769581022710094,Sptbn1,1.0
drug0,GO_BP,GOBP_REGULATION_OF_ACTIN_FILAMENT_ORGANIZATION,1,34,50,1500,0.8823529411764706,0.6883105763500479,Sptbn1,1.0
drug0,GO_BP,GOBP_REGULATION_OF_ACTION_POTENTIAL,0,11,50,1500,0.0,1.0,,1.0
drug0,GO_BP,GOBP_REGULATION_OF_ACTOMYOSIN_STRUCTURE_ORGANIZATION,0,17,50,1500,0.0,1.0,,1.0
drug0,GO_BP,GOBP_REGULATION_OF_ADAPTIVE_IMMUNE_RESPONSE,0,26,50,1500,0.0,1.0,,1.0
drug0,GO_BP,GOBP_REGULATION_OF_ALPHA_BETA_T_CELL_ACTIVATION,0,13,50,1500,0.0,1.0,,1.0
drug0,GO_BP,GOBP_REGULATION_OF_ALPHA_BETA_T_CELL_DIFFERENTIATION,0,10,50,1500,0.0,1.0,,1.0
drug0,GO_BP,GOBP_REGULATION_OF_AMIDE_METABOLIC_PROCESS,3,12,50,1500,7.5,0.006204459645394968,Apoe|Clu|Rtn1,0.148268337114218
drug0,GO_BP,GOBP_REGULATION_OF_AMINO_ACID_TRANSPORT,1,16,50,1500,1.875,0.4202758734830577,Grin2b,1.0
drug0,GO_BP,GOBP_REGULATION_OF_ANATOMICAL_STRUCTURE_MORPHOGENESIS,8,144,50,1500,1.6666666666666667,0.0989156936072056,Apoe|Chn1|Mag|Ntng1|Ppfia2|Ptprd|Syt1|Zeb2,0.7407281203304567
drug0,GO_BP,GOBP_REGULATION_OF_ANATOMICAL_STRUCTURE_SIZE,4,82,50,1500,1.4634146341463414,0.2902574985103124,Apoe|Atp2b1|Mag|Sptbn1,1.0
drug0,GO_BP,GOBP_REGULATION_OF_ANIMAL_ORGAN_MORPHOGENESIS,0,10,50,1500,0.0,1.0,,1.0
drug0,GO_BP,GOBP_REGULATION_OF_APOPTOTIC_SIGNALING_PATHWAY,1,45,50,1500,0.6666666666666666,0.7874965257547175,Clu,1.0
drug0,GO_BP,GOBP_REGULATION_OF_ASTROCYTE_DIFFERENTIATION,1,10,50,1500,3.0,0.2882684421548648,Mag,1.0
drug0,GO_BP,GOBP_REGULATION_OF_AUTOPHAGY,0,17,50,1500,0.0,1.0,,1.0
drug0,GO_BP,GOBP_REGULATION_OF_AXONOGENESIS,4,27,50,1500,4.444444444444445,0.010886994050722444,Apoe|Chn1|Mag|Zeb2,0.2358848710989863
drug0,GO_BP,GOBP_REGULATION_OF_BEHAVIOR,3,17,50,1500,5.294117647058823,0.01704917842361118,Apoe|Nrxn1|Ptgds,0.29473313764221454
drug0,GO_BP,GOBP_REGULATION_OF_BINDING,1,38,50,1500,0.7894736842105263,0.7287458866817691,Nfib,1.0
drug0,GO_BP,GOBP_REGULATION_OF_BIOMINERAL_TISSUE_DEVELOPMENT,1,18,50,1500,1.6666666666666667,0.45869546617711976,Atp2b1,1.0
drug0,GO_BP,GOBP_REGULATION_OF_BLOOD_CIRCULATION,2,42,50,1500,1.4285714285714286,0.4123282859057648,Atp1b1|Atp2b1,1.0
drug0,GO_BP,GOBP_REGULATION_OF_BLOOD_PRESSURE,2,42,50,1500,1.4285714285714286,0.4123282859057648,Atp2b1|Ttr,1.0
drug0,GO_BP,GOBP_REGULATION_OF_BLOOD_VESSEL_ENDOTHELIAL_CELL_MIGRATION,1,25,50,1500,1.2,0.5745095173169409,Apoe,1.0
drug0,GO_BP,GOBP_REGULATION_OF_BMP_SIGNALING_PATHWAY,0,22,50,1500,0.0,1.0,,1.0
drug0,GO_BP,GOBP_REGULATION_OF_BODY_FLUID_LEVELS,2,50,50,1500,1.2,0.5033344253193706,Apoe|Ttr,1.0
drug0,GO_BP,GOBP_REGULATION_OF_BONE_MINERALIZATION,1,17,50,1500,1.7647058823529411,0.4398083575301246,Atp2b1,1.0
drug0,GO_BP,GOBP_REGULATION_OF_BONE_REMODELING,1,12,50,1500,2.5,0.33524969917904673,Syt7,1.0
drug0,GO_BP,GOBP_REGULATION_OF_B_CELL_ACTIVATION,0,19,50,1500,0.0,1.0,,1.0
drug0,GO_BP,GOBP_REGULATION_OF_B_CELL_PROLIFERATION,0,12,50,1500,0.0,1.0,,1.0
drug0,GO_BP,GOBP_REGULATION_OF_CALCIUM_ION_TRANSMEMBRANE_TRANSPORT,2,20,50,1500,3.0,0.14144844471358778,Atp1b1|Plp1,0.8806656040596941
drug0,GO_BP,GOBP_REGULATION_OF_CALCIUM_ION_TRANSPORT,3,41,50,1500,2.1951219512195124,0.15365659133764528,Atp1b1|Atp2b1|Plp1,0.9282229030619835
drug0,GO_BP,GOBP_REGULATION_OF_CALCIUM_MEDIATED_SIGNALING,0,19,50,1500,0.0,1.0,,1.0
drug0,GO_BP,GOBP_REGULATION_OF_CANONICAL_WNT_SIGNALING_PATHWAY,2,23,50,1500,2.608695652173913,0.17706049687331893,Apoe|Zeb2,1.0
drug0,GO_BP,GOBP_REGULATION_OF_CARBOHYDRATE_METABOLIC_PROCESS,1,18,50,1500,1.6666666666666667,0.45869546617711976,Zbtb20,1.0
drug0,GO_BP,GOBP_REGULATION_OF_CARDIAC_MUSCLE_CONTRACTION,1,14,50,1500,2.142857142857143,0.3791877227557184,Atp1b1,1.0
drug0,GO_BP,GOBP_REGULATION_OF_CARTILAGE_DEVELOPMENT,0,15,50,1500,0.0,1.0,,1.0
drug0,GO_BP,GOBP_REGULATION_OF_CATABOLIC_PROCESS,4,73,50,1500,1.6438356164383563,0.2229332079785055,Apoe|Clu|Grin2a|Zbtb20,1.0
drug0,GO_BP,GOBP_REGULATION_OF_CATALYTIC_ACTIVITY,4,100,50,1500,1.2,0.43053274429614047,Apoe|Chn1|Nrxn1|Zeb2,1.0
drug0,GO_BP,GOBP_REGULATION_OF_CATECHOLAMINE_SECRETION,2,11,50,1500,5.454545454545455,0.04943234891824236,Syt1|Syt7,0.5116405540900881
drug0,GO_BP,GOBP_REGULATION_OF_CATION_CHANNEL_ACTIVITY,0,12,50,1500,0.0,1.0,,1.0
drug0,GO_BP,GOBP_REGULATION_OF_CD4_POSITIVE_ALPHA_BETA_T_CELL_ACTIVATION,0,11,50,1500,0.0,1.0,,1.0
drug0,GO_BP,GOBP_REGULATION_OF_CELLULAR_COMPONENT_BIOGENESIS,6,126,50,1500,1.4285714285714286,0.23833455532456013,Apoe|Clu|Dclk1|Nrxn1|Ptprd|Sptbn1,1.0
drug0,GO_BP,GOBP_REGULATION_OF_CELLULAR_COMPONENT_SIZE,3,47,50,1500,1.9148936170212767,0.20417344932098214,Apoe|Mag|Sptbn1,1.0
drug0,GO_BP,GOBP_REGULATION_OF_CELLULAR_LOCALIZATION,8,98,50,1500,2.4489795918367347,0.013531943921189098,Apoe|Dclk1|Dpp6|Grin2a|Ndrg4|Nrxn1|Sptbn1|Syt7,0.26410966969863103
drug0,GO_BP,GOBP_REGULATION_OF_CELLULAR_RESPONSE_TO_GROWTH_FACTOR_STIMULUS,2,53,50,1500,1.1320754716981132,0.535155658992266,Nrxn1|Zeb2,1.0
drug0,GO_BP,GOBP_REGULATION_OF_CELLULAR_RESPONSE_TO_INSULIN_STIMULUS,1,13,50,1500,2.3076923076923075,0.3575867388571701,Atp2b1,1.0
drug0,GO_BP,GOBP_REGULATION_OF_CELLULAR_RESPONSE_TO_STRESS,1,38,50,1500,0.7894736842105263,0.7287458866817691,Clu,1.0
drug0,GO_BP,GOBP_REGULATION_OF_CELLULAR_RESPONSE_TO_TRANSFORMING_GROWTH_FACTOR_BETA_STIMULUS,1,14,50,1500,2.142857142857143,0.3791877227557184,Zeb2,1.0
drug0,GO_BP,GOBP_REGULATION_OF_CELL_ACTIVATION,2,92,50,1500,0.6521739130434783,0.8246892014969943,Apoe|Rian,1.0
drug0,GO_BP,GOBP_REGULATION_OF_CELL_ADHESION,0,135,50,1500,0.0,1.0,,1.0
drug0,GO_BP,GOBP_REGULATION_OF_CELL_CELL_ADHESION,0,71,50,1500,0.0,1.0,,1.0
drug0,GO_BP,GOBP_REGULATION_OF_CELL_CYCLE,1,104,50,1500,0.28846153846153844,0.974137744578432,Rnf112,1.0
drug0,GO_BP,GOBP_REGULATION_OF_CELL_CYCLE_G1_S_PHASE_TRANSITION,0,23,50,1500,0.0,1.0,,1.0
drug0,GO_BP,GOBP_REGULATION_OF_CELL_CYCLE_PHASE_TRANSITION,0,41,50,1500,0.0,1.0,,1.0
drug0,GO_BP,GOBP_REGULATION_OF_CELL_CYCLE_PROCESS,0,74,50,1500,0.0,1.0,,1.0
drug0,GO_BP,GOBP_REGULATION_OF_CELL_DEVELOPMENT,5,142,50,1500,1.056338028169014,0.5203626830879187,Apoe|Mag|Ptprd|Rnf112|Zeb2,1.0
drug0,GO_BP,GOBP_REGULATION_OF_CELL_DIFFERENTIATION,7,253,50,1500,0.8300395256916996,0.7654372439526076,Apoe|Brd9|Clu|Mag|Ptprd|Rnf112|Zeb2,1.0
drug0,GO_BP,GOBP_REGULATION_OF_CELL_DIVISION,0,23,50,1500,0.0,1.0,,1.0
drug0,GO_BP,GOBP_REGULATION_OF_CELL_GROWTH,3,54,50,1500,1.6666666666666665,0.267230303739711,Apoe|Mag|Syt1,1.0
drug0,GO_BP,GOBP_REGULATION_OF_CELL_JUNCTION_ASSEMBLY,3,53,50,1500,1.6981132075471699,0.258037725432261,Dclk1|Nrxn1|Ptprd,1.0
drug0,GO_BP,GOBP_REGULATION_OF_CELL_KILLING,0,10,50,1500,0.0,1.0,,1.0
drug0,GO_BP,GOBP_REGULATION_OF_CELL_MATRIX_ADHESION,0,25,50,1500,0.0,1.0,,1.0
drug0,GO_BP,GOBP_REGULATION_OF_CELL_MIGRATION_INVOLVED_IN_SPROUTING_ANGIOGENESIS,0,13,50,1500,0.0,1.0,,1.0
drug0,GO_BP,GOBP_REGULATION_OF_CELL_MORPHOGENESIS,3,35,50,1500,2.571428571428571,0.10814346217319507,Ntng1|Ptprd|Syt1,0.770759324699307
drug0,GO_BP,GOBP_REGULATION_OF_CELL_POPULATION_PROLIFERATION,7,248,50,1500,0.846774193548387,0.7457762953670013,Apoe|Brd9|Clu|Ndrg4|Nfib|Ptgds|Rian,1.0
drug0,GO_BP,GOBP_REGULATION_OF_CELL_PROJECTION_ASSEMBLY,1,25,50,1500,1.2,0.5745095173169409,Nrxn1,1.0
drug0,GO_BP,GOBP_REGULATION_OF_CELL_PROJECTION_ORGANIZATION,11,122,50,1500,2.7049180327868854,0.0015859718890724522,Apoe|Chn1|Grin2b|Mag|Ndrg4|Nrcam|Nrxn1|Ntng1|Ppfia2|Ptprd|Zeb2,0.053691756661306975
drug0,GO_BP,GOBP_REGULATION_OF_CELL_SHAPE,0,16,50,1500,0.0,1.0,,1.0
drug0,GO_BP,GOBP_REGULATION_OF_CELL_SIZE,2,26,50,1500,2.3076923076923075,0.21392436250078883,Apoe|Mag,1.0
drug0,GO_BP,GOBP_REGULATION_OF_CELL_SUBSTRATE_ADHESION,0,49,50,1500,0.0,1.0,,1.0
drug0,GO_BP,GOBP_REGULATION_OF_CELL_SUBSTRATE_JUNCTION_ORGANIZATION,0,17,50,1500,0.0,1.0,,1.0
drug0,GO_BP,GOBP_REGULATION_OF_CHEMOTAXIS,0,46,50,1500,0.0,1.0,,1.0
drug0,GO_BP,GOBP_REGULATION_OF_CHONDROCYTE_DIFFERENTIATION,0,13,50,1500,0.0,1.0,,1.0
drug0,GO_BP,GOBP_REGULATION_OF_CHROMOSOME_ORGANIZATION,0,13,50,1500,0.0,1.0,,1.0
drug0,GO_BP,GOBP_REGULATION_OF_CHROMOSOME_SEGREGATION,0,11,50,1500,0.0,1.0,,1.0
drug0,GO_BP,GOBP_REGULATION_OF_CIRCADIAN_RHYTHM,1,10,50,1500,3.0,0.2882684421548648,Ptgds,1.0
drug0,GO_BP,GOBP_REGULATION_OF_COAGULATION,1,13,50,1500,2.3076923076923075,0.3575867388571701,Apoe,1.0
drug0,GO_BP,GOBP_REGULATION_OF_COLLAGEN_METABOLIC_PROCESS,0,10,50,1500,0.0,1.0,,1.0
drug0,GO_BP,GOBP_REGULATION_OF_CYTOKINESIS,0,12,50,1500,0.0,1.0,,1.0
drug0,GO_BP,GOBP_REGULATION_OF_CYTOKINE_PRODUCTION_INVOLVED_IN_IMMUNE_RESPONSE,0,20,50,1500,0.0,1.0,,1.0
drug0,GO_BP,GOBP_REGULATION_OF_CYTOSKELETON_ORGANIZATION,1,67,50,1500,0.44776119402985076,0.9021004487597856,Sptbn1,1.0
drug0,GO_BP,GOBP_REGULATION_OF_CYTOSOLIC_CALCIUM_ION_CONCENTRATION,3,17,50,1500,5.294117647058823,0.01704917842361118,Atp2b1|Erc2|Grin2b,0.29473313764221454
drug0,GO_BP,GOBP_REGULATION_OF_DEFENSE_RESPONSE,1,94,50,1500,0.3191489361702128,0.9628090215275432,Apoe,1.0
drug0,GO_BP,GOBP_REGULATION_OF_DENDRITE_DEVELOPMENT,1,20,50,1500,1.5,0.49461650530034706,Ptprd,1.0
drug0,GO_BP,GOBP_REGULATION_OF_DENDRITE_MORPHOGENESIS,1,13,50,1500,2.3076923076923075,0.3575867388571701,Ptprd,1.0
drug0,GO_BP,GOBP_REGULATION_OF_DENDRITIC_SPINE_DEVELOPMENT,3,10,50,1500,9.0,0.0035480063258161673,Apoe|Ppfia2|Ptprd,0.10807081049115369
drug0,GO_BP,GOBP_REGULATION_OF_DENDRITIC_SPINE_MORPHOGENESIS,2,10,50,1500,6.0,0.04131092728840577,Ppfia2|Ptprd,0.47950183459756696
drug0,GO_BP,GOBP_REGULATION_OF_DEVELOPMENTAL_GROWTH,3,60,50,1500,1.5,0.3230728173079596,Apoe|Mag|Syt1,1.0
drug0,GO_BP,GOBP_REGULATION_OF_DNA_BINDING,1,15,50,1500,2.0,0.4000764265660914,Nfib,1.0
drug0,GO_BP,GOBP_REGULATION_OF_DNA_BINDING_TRANSCRIPTION_FACTOR_ACTIVITY,1,45,50,1500,0.6666666666666666,0.7874965257547175,Clu,1.0
drug0,GO_BP,GOBP_REGULATION_OF_DNA_BIOSYNTHETIC_PROCESS,0,10,50,1500,0.0,1.0,,1.0
drug0,GO_BP,GOBP_REGULATION_OF_DNA_METABOLIC_PROCESS,0,30,50,1500,0.0,1.0,,1.0
drug0,GO_BP,GOBP_REGULATION_OF_ENDOCYTOSIS,4,39,50,1500,3.0769230769230766,0.03804320919341868,Apoe|Clu|Slc17a7|Syt7,0.4645778671224041
drug0,GO_BP,GOBP_REGULATION_OF_ENDOTHELIAL_CELL_DIFFERENTIATION,0,12,50,1500,0.0,1.0,,1.0
drug0,GO_BP,GOBP_REGULATION_OF_ENDOTHELIAL_CELL_MIGRATION,1,38,50,1500,0.7894736842105263,0.7287458866817691,Apoe,1.0
drug0,GO_BP,GOBP_REGULATION_OF_EPITHELIAL_CELL_DIFFERENTIATION,1,37,50,1500,0.8108108108108107,0.7191473688714989,Zeb2,1.0
drug0,GO_BP,GOBP_REGULATION_OF_EPITHELIAL_CELL_PROLIFERATION,3,72,50,1500,1.25,0.4344399635908002,Apoe|Nfib|Rian,1.0
drug0,GO_BP,GOBP_REGULATION_OF_EPITHELIAL_TO_MESENCHYMAL_TRANSITION,0,18,50,1500,0.0,1.0,,1.0
drug0,GO_BP,GOBP_REGULATION_OF_ESTABLISHMENT_OF_PROTEIN_LOCALIZATION,3,54,50,1500,1.6666666666666665,0.267230303739711,Apoe|Grin2a|Syt7,1.0
drug0,GO_BP,GOBP_REGULATION_OF_EXOCYTOSIS,3,30,50,1500,3.0,0.07524124775221704,Ppfia2|Syt1|Syt7,0.639782901467006
drug0,GO_BP,GOBP_REGULATION_OF_EXTENT_OF_CELL_GROWTH,2,21,50,1500,2.857142857142857,0.15314117104382513,Apoe|Mag,0.9282229030619835
drug0,GO_BP,GOBP_REGULATION_OF_EXTRACELLULAR_MATRIX_ORGANIZATION,0,13,50,1500,0.0,1.0,,1.0
drug0,GO_BP,GOBP_REGULATION_OF_EXTRINSIC_APOPTOTIC_SIGNALING_PATHWAY,0,26,50,1500,0.0,1.0,,1.0
drug0,GO_BP,GOBP_REGULATION_OF_EXTRINSIC_APOPTOTIC_SIGNALING_PATHWAY_VIA_DEATH_DOMAIN_RECEPTORS,0,11,50,1500,0.0,1.0,,1.0
drug0,GO_BP,GOBP_REGULATION_OF_FATTY_ACID_METABOLIC_PROCESS,0,18,50,1500,0.0,1.0,,1.0
drug0,GO_BP,GOBP_REGULATION_OF_FAT_CELL_DIFFERENTIATION,0,23,50,1500,0.0,1.0,,1.0
drug0,GO_BP,GOBP_REGULATION_OF_FIBROBLAST_PROLIFERATION,0,19,50,1500,0.0,1.0,,1.0
drug0,GO_BP,GOBP_REGULATION_OF_FILOPODIUM_ASSEMBLY,1,10,50,1500,3.0,0.2882684421548648,Nrxn1,1.0
drug0,GO_BP,GOBP_REGULATION_OF_GENERATION_OF_PRECURSOR_METABOLITES_AND_ENERGY,1,11,50,1500,2.7272727272727275,0.31215205147852715,Zbtb20,1.0
drug0,GO_BP,GOBP_REGULATION_OF_GLIAL_CELL_DIFFERENTIATION,2,22,50,1500,2.7272727272727275,0.1650200797304365,Mag|Rnf112,0.9611384572113236
drug0,GO_BP,GOBP_REGULATION_OF_GLIAL_CELL_MIGRATION,0,11,50,1500,0.0,1.0,,1.0
drug0,GO_BP,GOBP_REGULATION_OF_GLIOGENESIS,2,28,50,1500,2.142857142857143,0.2389147042643709,Mag|Rnf112,1.0
drug0,GO_BP,GOBP_REGULATION_OF_GRANULOCYTE_CHEMOTAXIS,0,15,50,1500,0.0,1.0,,1.0
drug0,GO_BP,GOBP_REGULATION_OF_GROWTH,3,83,50,1500,1.0843373493975903,0.5308117699803918,Apoe|Mag|Syt1,1.0
drug0,GO_BP,GOBP_REGULATION_OF_GTPASE_ACTIVITY,1,13,50,1500,2.3076923076923075,0.3575867388571701,Chn1,1.0
drug0,GO_BP,GOBP_REGULATION_OF_G_PROTEIN_COUPLED_RECEPTOR_SIGNALING_PATHWAY,0,28,50,1500,0.0,1.0,,1.0
drug0,GO_BP,GOBP_REGULATION_OF_HEART_CONTRACTION,1,34,50,1500,0.8823529411764706,0.6883105763500479,Atp1b1,1.0
drug0,GO_BP,GOBP_REGULATION_OF_HEART_GROWTH,0,16,50,1500,0.0,1.0,,1.0
drug0,GO_BP,GOBP_REGULATION_OF_HEART_RATE,0,17,50,1500,0.0,1.0,,1.0
drug0,GO_BP,GOBP_REGULATION_OF_HEMOPOIESIS,0,60,50,1500,0.0,1.0,,1.0
drug0,GO_BP,GOBP_REGULATION_OF_HORMONE_LEVELS,3,77,50,1500,1.1688311688311688,0.47921408908870855,Pcsk2|Pex5l|Syt7,1.0
drug0,GO_BP,GOBP_REGULATION_OF_HORMONE_SECRETION,2,41,50,1500,1.4634146341463414,0.40039713749493766,Pex5l|Syt7,1.0
drug0,GO_BP,GOBP_REGULATION_OF_HYDROLASE_ACTIVITY,1,38,50,1500,0.7894736842105263,0.7287458866817691,Chn1,1.0
drug0,GO_BP,GOBP_REGULATION_OF_IMMUNE_EFFECTOR_PROCESS,0,55,50,1500,0.0,1.0,,1.0
drug0,GO_BP,GOBP_REGULATION_OF_IMMUNE_RESPONSE,2,91,50,1500,0.6593406593406593,0.8198663504306087,Apoe|Ptprd,1.0
drug0,GO_BP,GOBP_REGULATION_OF_IMMUNE_SYSTEM_PROCESS,3,185,50,1500,0.48648648648648646,0.957737739226517,Apoe|Ptprd|Zbtb20,1.0
drug0,GO_BP,GOBP_REGULATION_OF_INFLAMMATORY_RESPONSE,1,58,50,1500,0.5172413793103449,0.8653811294462346,Apoe,1.0
drug0,GO_BP,GOBP_REGULATION_OF_INNATE_IMMUNE_RESPONSE,1,40,50,1500,0.75,0.7469883874978639,Apoe,1.0
drug0,GO_BP,GOBP_REGULATION_OF_INSULIN_RECEPTOR_SIGNALING_PATHWAY,0,11,50,1500,0.0,1.0,,1.0
drug0,GO_BP,GOBP_REGULATION_OF_INSULIN_SECRETION,1,25,50,1500,1.2,0.5745095173169409,Syt7,1.0
drug0,GO_BP,GOBP_REGULATION_OF_INTRACELLULAR_PROTEIN_TRANSPORT,0,14,50,1500,0.0,1.0,,1.0
drug0,GO_BP,GOBP_REGULATION_OF_INTRACELLULAR_TRANSPORT,1,25,50,1500,1.2,0.5745095173169409,Ndrg4,1.0
drug0,GO_BP,GOBP_REGULATION_OF_INTRINSIC_APOPTOTIC_SIGNALING_PATHWAY,1,12,50,1500,2.5,0.33524969917904673,Clu,1.0
drug0,GO_BP,GOBP_REGULATION_OF_JNK_CASCADE,0,15,50,1500,0.0,1.0,,1.0
drug0,GO_BP,GOBP_REGULATION_OF_KETONE_METABOLIC_PROCESS,0,21,50,1500,0.0,1.0,,1.0
drug0,GO_BP,GOBP_REGULATION_OF_KINASE_ACTIVITY,3,58,50,1500,1.5517241379310345,0.304369224763557,Apoe|Nrxn1|Zeb2,1.0
drug0,GO_BP,GOBP_REGULATION_OF_LEUKOCYTE_ADHESION_TO_VASCULAR_ENDOTHELIAL_CELL,0,10,50,1500,0.0,1.0,,1.0
drug0,GO_BP,GOBP_REGULATION_OF_LEUKOCYTE_APOPTOTIC_PROCESS,0,18,50,1500,0.0,1.0,,1.0
drug0,GO_BP,GOBP_REGULATION_OF_LEUKOCYTE_CHEMOTAXIS,0,29,50,1500,0.0,1.0,,1.0
drug0,GO_BP,GOBP_REGULATION_OF_LEUKOCYTE_DIFFERENTIATION,0,47,50,1500,0.0,1.0,,1.0
drug0,GO_BP,GOBP_REGULATION_OF_LEUKOCYTE_MEDIATED_IMMUNITY,0,27,50,1500,0.0,1.0,,1.0
drug0,GO_BP,GOBP_REGULATION_OF_LEUKOCYTE_MIGRATION,0,44,50,1500,0.0,1.0,,1.0
drug0,GO_BP,GOBP_REGULATION_OF_LEUKOCYTE_PROLIFERATION,0,46,50,1500,0.0,1.0,,1.0
drug0,GO_BP,GOBP_REGULATION_OF_LIPID_BIOSYNTHETIC_PROCESS,2,30,50,1500,2.0,0.26406742974514547,Apoe|Zbtb20,1.0
drug0,GO_BP,GOBP_REGULATION_OF_LIPID_LOCALIZATION,1,26,50,1500,1.1538461538461537,0.5889329235095868,Apoe,1.0
drug0,GO_BP,GOBP_REGULATION_OF_LIPID_METABOLIC_PROCESS,2,46,50,1500,1.3043478260869565,0.4588829057877858,Apoe|Zbtb20,1.0
drug0,GO_BP,GOBP_REGULATION_OF_LIPID_TRANSPORT,1,23,50,1500,1.3043478260869565,0.5441591891136924,Apoe,1.0
drug0,GO_BP,GOBP_REGULATION_OF_LOCOMOTION,5,195,50,1500,0.7692307692307693,0.8002081199048331,Apoe|Ndrg4|Ntng1|Plp1|Zeb2,1.0
drug0,GO_BP,GOBP_REGULATION_OF_LONG_TERM_NEURONAL_SYNAPTIC_PLASTICITY,2,12,50,1500,5.0,0.05807792677281182,Grin2a|Grin2b,0.5522649979848836
drug0,GO_BP,GOBP_REGULATION_OF_LONG_TERM_SYNAPTIC_POTENTIATION,1,10,50,1500,3.0,0.2882684421548648,Apoe,1.0
drug0,GO_BP,GOBP_REGULATION_OF_LYMPHOCYTE_ACTIVATION,0,66,50,1500,0.0,1.0,,1.0
drug0,GO_BP,GOBP_REGULATION_OF_LYMPHOCYTE_APOPTOTIC_PROCESS,0,10,50,1500,0.0,1.0,,1.0
drug0,GO_BP,GOBP_REGULATION_OF_LYMPHOCYTE_DIFFERENTIATION,0,28,50,1500,0.0,1.0,,1.0
drug0,GO_BP,GOBP_REGULATION_OF_LYMPHOCYTE_MEDIATED_IMMUNITY,0,17,50,1500,0.0,1.0,,1.0
drug0,GO_BP,GOBP_REGULATION_OF_MACROPHAGE_ACTIVATION,0,13,50,1500,0.0,1.0,,1.0
drug0,GO_BP,GOBP_REGULATION_OF_MACROPHAGE_CHEMOTAXIS,0,10,50,1500,0.0,1.0,,1.0
drug0,GO_BP,GOBP_REGULATION_OF_MACROPHAGE_MIGRATION,0,13,50,1500,0.0,1.0,,1.0
drug0,GO_BP,GOBP_REGULATION_OF_MAP_KINASE_ACTIVITY,2,19,50,1500,3.1578947368421053,0.12996801648711176,Apoe|Zeb2,0.8704717824295505
drug0,GO_BP,GOBP_REGULATION_OF_MEIOTIC_CELL_CYCLE,0,10,50,1500,0.0,1.0,,1.0
drug0,GO_BP,GOBP_REGULATION_OF_MEMBRANE_PERMEABILITY,0,10,50,1500,0.0,1.0,,1.0
drug0,GO_BP,GOBP_REGULATION_OF_MEMBRANE_POTENTIAL,9,73,50,1500,3.6986301369863015,0.0004651982241497658,Atp1b1|Dpp6|Gria2|Grin2a|Grin2b|Nrcam|Nrxn1|Pex5l|Slc17a7,0.026934132599897964
drug0,GO_BP,GOBP_REGULATION_OF_MICROTUBULE_BASED_PROCESS,0,26,50,1500,0.0,1.0,,1.0
drug0,GO_BP,GOBP_REGULATION_OF_MICROTUBULE_CYTOSKELETON_ORGANIZATION,0,16,50,1500,0.0,1.0,,1.0
drug0,GO_BP,GOBP_REGULATION_OF_MICROTUBULE_POLYMERIZATION_OR_DEPOLYMERIZATION,0,11,50,1500,0.0,1.0,,1.0
drug0,GO_BP,GOBP_REGULATION_OF_MITOCHONDRION_ORGANIZATION,0,14,50,1500,0.0,1.0,,1.0
drug0,GO_BP,GOBP_REGULATION_OF_MITOTIC_CELL_CYCLE,0,57,50,1500,0.0,1.0,,1.0
drug0,GO_BP,GOBP_REGULATION_OF_MITOTIC_CELL_CYCLE_PHASE_TRANSITION,0,30,50,1500,0.0,1.0,,1.0
drug0,GO_BP,GOBP_REGULATION_OF_MITOTIC_NUCLEAR_DIVISION,0,16,50,1500,0.0,1.0,,1.0
drug0,GO_BP,GOBP_REGULATION_OF_MOLECULAR_FUNCTION,7,183,50,1500,1.1475409836065575,0.41053446532506516,Apoe|Atp1b1|Chn1|Clu|Nfib|Nrxn1|Zeb2,1.0
drug0,GO_BP,GOBP_REGULATION_OF_MONOATOMIC_ION_TRANSMEMBRANE_TRANSPORT,5,45,50,1500,3.3333333333333335,0.014977877797973289,Atp1b1|Dpp6|Grin2a|Grin2b|Plp1,0.27347248788434375
drug0,GO_BP,GOBP_REGULATION_OF_MONOATOMIC_ION_TRANSPORT,6,69,50,1500,2.608695652173913,0.024339885719462277,Atp1b1|Atp2b1|Dpp6|Grin2a|Grin2b|Plp1,0.3563271558029387
drug0,GO_BP,GOBP_REGULATION_OF_MONONUCLEAR_CELL_MIGRATION,0,25,50,1500,0.0,1.0,,1.0
drug0,GO_BP,GOBP_REGULATION_OF_MORPHOGENESIS_OF_AN_EPITHELIUM,0,10,50,1500,0.0,1.0,,1.0
drug0,GO_BP,GOBP_REGULATION_OF_MORPHOGENESIS_OF_A_BRANCHING_STRUCTURE,0,10,50,1500,0.0,1.0,,1.0
drug0,GO_BP,GOBP_REGULATION_OF_MRNA_METABOLIC_PROCESS,0,11,50,1500,0.0,1.0,,1.0
drug0,GO_BP,GOBP_REGULATION_OF_MULTICELLULAR_ORGANISMAL_DEVELOPMENT,7,242,50,1500,0.8677685950413223,0.7207917145838509,Apoe|Atp2b1|Mag|Nrxn1|Ptprd|Rnf112|Zeb2,1.0
drug0,GO_BP,GOBP_REGULATION_OF_MULTICELLULAR_ORGANISM_GROWTH,0,10,50,1500,0.0,1.0,,1.0
drug0,GO_BP,GOBP_REGULATION_OF_MUSCLE_ADAPTATION,0,16,50,1500,0.0,1.0,,1.0
drug0,GO_BP,GOBP_REGULATION_OF_MUSCLE_CELL_DIFFERENTIATION,0,24,50,1500,0.0,1.0,,1.0
drug0,GO_BP,GOBP_REGULATION_OF_MUSCLE_CONTRACTION,2,33,50,1500,1.8181818181818181,0.301829565218506,Atp1b1|Atp2b1,1.0
drug0,GO_BP,GOBP_REGULATION_OF_MUSCLE_HYPERTROPHY,0,13,50,1500,0.0,1.0,,1.0
drug0,GO_BP,GOBP_REGULATION_OF_MUSCLE_SYSTEM_PROCESS,2,45,50,1500,1.3333333333333333,0.4474305107818257,Atp1b1|Atp2b1,1.0
drug0,GO_BP,GOBP_REGULATION_OF_MYELOID_CELL_DIFFERENTIATION,0,33,50,1500,0.0,1.0,,1.0
drug0,GO_BP,GOBP_REGULATION_OF_MYELOID_LEUKOCYTE_DIFFERENTIATION,0,23,50,1500,0.0,1.0,,1.0
drug0,GO_BP,GOBP_REGULATION_OF_MYELOID_LEUKOCYTE_MEDIATED_IMMUNITY,0,11,50,1500,0.0,1.0,,1.0
drug0,GO_BP,GOBP_REGULATION_OF_MYOBLAST_DIFFERENTIATION,0,12,50,1500,0.0,1.0,,1.0
drug0,GO_BP,GOBP_REGULATION_OF_NERVOUS_SYSTEM_DEVELOPMENT,6,93,50,1500,1.9354838709677418,0.08425389143453631,Apoe|Mag|Nrxn1|Ptprd|Rnf112|Zeb2,0.6880028823171935
drug0,GO_BP,GOBP_REGULATION_OF_NERVOUS_SYSTEM_PROCESS,4,34,50,1500,3.5294117647058822,0.024233122928500488,Grin2a|Grin2b|Mag|Nrxn1,0.3563271558029387
drug0,GO_BP,GOBP_REGULATION_OF_NEURAL_PRECURSOR_CELL_PROLIFERATION,0,24,50,1500,0.0,1.0,,1.0
drug0,GO_BP,GOBP_REGULATION_OF_NEUROGENESIS,5,81,50,1500,1.8518518518518516,0.12819558083103078,Apoe|Mag|Ptprd|Rnf112|Zeb2,0.8704717824295505
drug0,GO_BP,GOBP_REGULATION_OF_NEURONAL_SYNAPTIC_PLASTICITY,2,24,50,1500,2.5,0.18923912647371055,Grin2a|Grin2b,1.0
drug0,GO_BP,GOBP_REGULATION_OF_NEURON_APOPTOTIC_PROCESS,3,48,50,1500,1.875,0.2129617728476184,Apoe|Clu|Mag,1.0
drug0,GO_BP,GOBP_REGULATION_OF_NEURON_DIFFERENTIATION,2,47,50,1500,1.2765957446808511,0.4702033260751992,Mag|Rnf112,1.0
drug0,GO_BP,GOBP_REGULATION_OF_NEURON_MIGRATION,1,10,50,1500,3.0,0.2882684421548648,Ntng1,1.0
drug0,GO_BP,GOBP_REGULATION_OF_NEURON_PROJECTION_DEVELOPMENT,10,99,50,1500,3.0303030303030303,0.0011090618952371218,Apoe|Chn1|Mag|Ndrg4|Nrcam|Nrxn1|Ntng1|Ppfia2|Ptprd|Zeb2,0.04291013285143626
drug0,GO_BP,GOBP_REGULATION_OF_NEUROTRANSMITTER_SECRETION,2,20,50,1500,3.0,0.14144844471358778,Ppfia2|Syt1,0.8806656040596941
drug0,GO_BP,GOBP_REGULATION_OF_NEUROTRANSMITTER_TRANSPORT,2,22,50,1500,2.7272727272727275,0.1650200797304365,Ppfia2|Syt1,0.9611384572113236
drug0,GO_BP,GOBP_REGULATION_OF_NEUTROPHIL_MIGRATION,0,11,50,1500,0.0,1.0,,1.0
drug0,GO_BP,GOBP_REGULATION_OF_NITRIC_OXIDE_METABOLIC_PROCESS,2,14,50,1500,4.285714285714286,0.07677394817604072,Apoe|Clu,0.639782901467006
drug0,GO_BP,GOBP_REGULATION_OF_NON_CANONICAL_NF_KAPPAB_SIGNAL_TRANSDUCTION,0,10,50,1500,0.0,1.0,,1.0
drug0,GO_BP,GOBP_REGULATION_OF_NOTCH_SIGNALING_PATHWAY,1,17,50,1500,1.7647058823529411,0.4398083575301246,Rian,1.0
drug0,GO_BP,GOBP_REGULATION_OF_NUCLEAR_DIVISION,0,20,50,1500,0.0,1.0,,1.0
drug0,GO_BP,GOBP_REGULATION_OF_NUCLEOCYTOPLASMIC_TRANSPORT,0,13,50,1500,0.0,1.0,,1.0
drug0,GO_BP,GOBP_REGULATION_OF_OLIGODENDROCYTE_DIFFERENTIATION,0,15,50,1500,0.0,1.0,,1.0
drug0,GO_BP,GOBP_REGULATION_OF_ORGANELLE_ASSEMBLY,2,19,50,1500,3.1578947368421053,0.12996801648711176,Nrxn1|Ptprd,0.8704717824295505
drug0,GO_BP,GOBP_REGULATION_OF_ORGANELLE_ORGANIZATION,7,129,50,1500,1.627906976744186,0.13129700386491314,Erc2|Nrxn1|Ptprd|Sptbn1|Syt1|Syt7|Zeb2,0.8744165216413272
drug0,GO_BP,GOBP_REGULATION_OF_ORGANIC_ACID_TRANSPORT,1,22,50,1500,1.3636363636363638,0.5281983764075895,Grin2b,1.0
drug0,GO_BP,GOBP_REGULATION_OF_ORGAN_GROWTH,0,22,50,1500,0.0,1.0,,1.0
drug0,GO_BP,GOBP_REGULATION_OF_OSSIFICATION,1,24,50,1500,1.25,0.5595904961849962,Atp2b1,1.0
drug0,GO_BP,GOBP_REGULATION_OF_OSTEOBLAST_DIFFERENTIATION,0,25,50,1500,0.0,1.0,,1.0
drug0,GO_BP,GOBP_REGULATION_OF_OSTEOCLAST_DIFFERENTIATION,0,13,50,1500,0.0,1.0,,1.0
drug0,GO_BP,GOBP_REGULATION_OF_PATTERN_RECOGNITION_RECEPTOR_SIGNALING_PATHWAY,0,14,50,1500,0.0,1.0,,1.0
drug0,GO_BP,GOBP_REGULATION_OF_PEPTIDASE_ACTIVITY,0,11,50,1500,0.0,1.0,,1.0
drug0,GO_BP,GOBP_REGULATION_OF_PEPTIDE_TRANSPORT,2,30,50,1500,2.0,0.26406742974514547,Pex5l|Syt7,1.0
drug0,GO_BP,GOBP_REGULATION_OF_PEPTIDYL_SERINE_PHOSPHORYLATION,1,10,50,1500,3.0,0.2882684421548648,Nrxn1,1.0
drug0,GO_BP,GOBP_REGULATION_OF_PEPTIDYL_TYROSINE_PHOSPHORYLATION,0,35,50,1500,0.0,1.0,,1.0
drug0,GO_BP,GOBP_REGULATION_OF_PHAGOCYTOSIS,1,14,50,1500,2.142857142857143,0.3791877227557184,Syt7,1.0
drug0,GO_BP,GOBP_REGULATION_OF_PHOSPHORUS_METABOLIC_PROCESS,4,133,50,1500,0.9022556390977443,0.6619305381928015,Apoe|Nrxn1|Zbtb20|Zeb2,1.0
drug0,GO_BP,GOBP_REGULATION_OF_PHOSPHORYLATION,3,118,50,1500,0.7627118644067797,0.7687381254905901,Apoe|Nrxn1|Zeb2,1.0
drug0,GO_BP,GOBP_REGULATION_OF_PLASMA_LIPOPROTEIN_PARTICLE_LEVELS,1,12,50,1500,2.5,0.33524969917904673,Apoe,1.0
drug0,GO_BP,GOBP_REGULATION_OF_POSTSYNAPSE_ASSEMBLY,1,11,50,1500,2.7272727272727275,0.31215205147852715,Dclk1,1.0
drug0,GO_BP,GOBP_REGULATION_OF_POSTSYNAPSE_ORGANIZATION,8,30,50,1500,8.0,2.8797112960099904e-06,Apoe|Dclk1|Grin2b|Nrcam|Nrxn1|Plppr4|Ppfia2|Ptprd,0.0013164617245306493
drug0,GO_BP,GOBP_REGULATION_OF_POSTSYNAPTIC_MEMBRANE_NEUROTRANSMITTER_RECEPTOR_LEVELS,2,25,50,1500,2.4,0.20153398901832625,C1ql3|Nrxn3,1.0
drug0,GO_BP,GOBP_REGULATION_OF_POSTSYNAPTIC_MEMBRANE_POTENTIAL,6,34,50,1500,5.294117647058823,0.0006668188898421362,Dpp6|Gria2|Grin2a|Grin2b|Nrxn1|Slc17a7,0.030099463777596428
drug0,GO_BP,GOBP_REGULATION_OF_POST_TRANSLATIONAL_PROTEIN_MODIFICATION,0,18,50,1500,0.0,1.0,,1.0
drug0,GO_BP,GOBP_REGULATION_OF_POTASSIUM_ION_TRANSMEMBRANE_TRANSPORT,2,11,50,1500,5.454545454545455,0.04943234891824236,Atp1b1|Dpp6,0.5116405540900881
drug0,GO_BP,GOBP_REGULATION_OF_POTASSIUM_ION_TRANSPORT,2,13,50,1500,4.615384615384615,0.06720522304156554,Atp1b1|Dpp6,0.6100006407734712
drug0,GO_BP,GOBP_REGULATION_OF_PRODUCTION_OF_MOLECULAR_MEDIATOR_OF_IMMUNE_RESPONSE,0,27,50,1500,0.0,1.0,,1.0
drug0,GO_BP,GOBP_REGULATION_OF_PROGRAMMED_CELL_DEATH,5,193,50,1500,0.7772020725388601,0.7924429220971925,Apoe|Clu|Grin2a|Mag|Zeb2,1.0
drug0,GO_BP,GOBP_REGULATION_OF_PROTEASOMAL_PROTEIN_CATABOLIC_PROCESS,2,15,50,1500,4.0,0.08674586941049843,Apoe|Clu,0.6909903813336272
drug0,GO_BP,GOBP_REGULATION_OF_PROTEASOMAL_UBIQUITIN_DEPENDENT_PROTEIN_CATABOLIC_PROCESS,1,10,50,1500,3.0,0.2882684421548648,Clu,1.0
drug0,GO_BP,GOBP_REGULATION_OF_PROTEIN_BINDING,0,20,50,1500,0.0,1.0,,1.0
drug0,GO_BP,GOBP_REGULATION_OF_PROTEIN_CATABOLIC_PROCESS,3,39,50,1500,2.3076923076923075,0.13784616132080219,Apoe|Clu|Grin2a,0.8806656040596941
drug0,GO_BP,GOBP_REGULATION_OF_PROTEIN_CONTAINING_COMPLEX_ASSEMBLY,3,51,50,1500,1.7647058823529411,0.23980914780251136,Apoe|Clu|Sptbn1,1.0
drug0,GO_BP,GOBP_REGULATION_OF_PROTEIN_CONTAINING_COMPLEX_DISASSEMBLY,1,14,50,1500,2.142857142857143,0.3791877227557184,Sptbn1,1.0
drug0,GO_BP,GOBP_REGULATION_OF_PROTEIN_DEPOLYMERIZATION,1,11,50,1500,2.7272727272727275,0.31215205147852715,Sptbn1,1.0
drug0,GO_BP,GOBP_REGULATION_OF_PROTEIN_IMPORT_INTO_NUCLEUS,0,12,50,1500,0.0,1.0,,1.0
drug0,GO_BP,GOBP_REGULATION_OF_PROTEIN_LOCALIZATION_TO_CELL_PERIPHERY,3,21,50,1500,4.285714285714286,0.03036754457633339,Dpp6|Nrxn1|Sptbn1,0.41468285660959464
drug0,GO_BP,GOBP_REGULATION_OF_PROTEIN_LOCALIZATION_TO_MEMBRANE,4,22,50,1500,5.454545454545455,0.005132127100932804,Dpp6|Grin2a|Nrxn1|Sptbn1,0.13451139579057753
drug0,GO_BP,GOBP_REGULATION_OF_PROTEIN_LOCALIZATION_TO_NUCLEUS,1,20,50,1500,1.5,0.49461650530034706,Dclk1,1.0
drug0,GO_BP,GOBP_REGULATION_OF_PROTEIN_LOCALIZATION_TO_PLASMA_MEMBRANE,3,15,50,1500,6.0,0.011956460152065383,Dpp6|Nrxn1|Sptbn1,0.2459113468087543
drug0,GO_BP,GOBP_REGULATION_OF_PROTEIN_MODIFICATION_PROCESS,3,130,50,1500,0.6923076923076924,0.8243720051473609,Apoe|Nrxn1|Zeb2,1.0
drug0,GO_BP,GOBP_REGULATION_OF_PROTEIN_POLYMERIZATION,1,24,50,1500,1.25,0.5595904961849962,Sptbn1,1.0
drug0,GO_BP,GOBP_REGULATION_OF_PROTEIN_SECRETION,2,35,50,1500,1.7142857142857142,0.32686990772459135,Apoe|Syt7,1.0
drug0,GO_BP,GOBP_REGULATION_OF_PROTEIN_SERINE_THREONINE_KINASE_ACTIVITY,3,35,50,1500,2.571428571428571,0.10814346217319507,Apoe|Nrxn1|Zeb2,0.770759324699307
drug0,GO_BP,GOBP_REGULATION_OF_PROTEIN_STABILITY,2,26,50,1500,2.3076923076923075,0.21392436250078883,Atp1b1|Clu,1.0
drug0,GO_BP,GOBP_REGULATION_OF_PROTEIN_UBIQUITINATION,0,16,50,1500,0.0,1.0,,1.0
drug0,GO_BP,GOBP_REGULATION_OF_PROTEOLYSIS,2,38,50,1500,1.5789473684210527,0.3640022098915078,Apoe|Clu,1.0
drug0,GO_BP,GOBP_REGULATION_OF_PROTEOLYSIS_INVOLVED_IN_PROTEIN_CATABOLIC_PROCESS,2,18,50,1500,3.3333333333333335,0.11872751053120777,Apoe|Clu,0.8244966009111651
drug0,GO_BP,GOBP_REGULATION_OF_REACTIVE_OXYGEN_SPECIES_METABOLIC_PROCESS,0,16,50,1500,0.0,1.0,,1.0
drug0,GO_BP,GOBP_REGULATION_OF_RECEPTOR_INTERNALIZATION,0,10,50,1500,0.0,1.0,,1.0
drug0,GO_BP,GOBP_REGULATION_OF_RECEPTOR_MEDIATED_ENDOCYTOSIS,1,15,50,1500,2.0,0.4000764265660914,Clu,1.0
drug0,GO_BP,GOBP_REGULATION_OF_RECEPTOR_SIGNALING_PATHWAY_VIA_STAT,1,15,50,1500,2.0,0.4000764265660914,Ptprd,1.0
drug0,GO_BP,GOBP_REGULATION_OF_REGULATED_SECRETORY_PATHWAY,3,18,50,1500,5.0,0.019985074320243792,Ppfia2|Syt1|Syt7,0.3382890184416267
drug0,GO_BP,GOBP_REGULATION_OF_RELEASE_OF_SEQUESTERED_CALCIUM_ION_INTO_CYTOSOL,0,10,50,1500,0.0,1.0,,1.0
drug0,GO_BP,GOBP_REGULATION_OF_REPRODUCTIVE_PROCESS,1,28,50,1500,1.0714285714285714,0.616356933817995,Ptgds,1.0
drug0,GO_BP,GOBP_REGULATION_OF_RESPONSE_TO_BIOTIC_STIMULUS,1,48,50,1500,0.625,0.8086739419485636,Apoe,1.0
drug0,GO_BP,GOBP_REGULATION_OF_RESPONSE_TO_CYTOKINE_STIMULUS,0,20,50,1500,0.0,1.0,,1.0
drug0,GO_BP,GOBP_REGULATION_OF_RESPONSE_TO_EXTERNAL_STIMULUS,2,144,50,1500,0.4166666666666667,0.9616856147128319,Apoe|Nrxn1,1.0
drug0,GO_BP,GOBP_REGULATION_OF_RESPONSE_TO_STRESS,2,142,50,1500,0.4225352112676056,0.9592373876420194,Apoe|Clu,1.0
drug0,GO_BP,GOBP_REGULATION_OF_RESPONSE_TO_WOUNDING,1,32,50,1500,0.9375,0.6659340944396241,Apoe,1.0
drug0,GO_BP,GOBP_REGULATION_OF_RHO_PROTEIN_SIGNAL_TRANSDUCTION,1,13,50,1500,2.3076923076923075,0.3575867388571701,Apoe,1.0
drug0,GO_BP,GOBP_REGULATION_OF_SECRETION,6,96,50,1500,1.875,0.09500464680612147,Apoe|Grin2b|Pex5l|Ppfia2|Syt1|Syt7,0.7372087596674634
drug0,GO_BP,GOBP_REGULATION_OF_SIGNALING_RECEPTOR_ACTIVITY,0,15,50,1500,0.0,1.0,,1.0
drug0,GO_BP,GOBP_REGULATION_OF_SIGNAL_TRANSDUCTION_BY_P53_CLASS_MEDIATOR,0,10,50,1500,0.0,1.0,,1.0
drug0,GO_BP,GOBP_REGULATION_OF_SISTER_CHROMATID_SEGREGATION,0,10,50,1500,0.0,1.0,,1.0
drug0,GO_BP,GOBP_REGULATION_OF_SMALL_GTPASE_MEDIATED_SIGNAL_TRANSDUCTION,4,34,50,1500,3.5294117647058822,0.024233122928500488,Apoe|Chn1|Grin2a|Grin2b,0.3563271558029387
drug0,GO_BP,GOBP_REGULATION_OF_SMALL_MOLECULE_METABOLIC_PROCESS,2,41,50,1500,1.4634146341463414,0.40039713749493766,Apoe|Zbtb20,1.0
drug0,GO_BP,GOBP_REGULATION_OF_SMOOTH_MUSCLE_CONTRACTION,1,17,50,1500,1.7647058823529411,0.4398083575301246,Atp2b1,1.0
drug0,GO_BP,GOBP_REGULATION_OF_SODIUM_ION_TRANSPORT,1,14,50,1500,2.142857142857143,0.3791877227557184,Atp1b1,1.0
drug0,GO_BP,GOBP_REGULATION_OF_STEM_CELL_PROLIFERATION,1,19,50,1500,1.5789473684210527,0.4769581022710094,Nfib,1.0
drug0,GO_BP,GOBP_REGULATION_OF_STEROID_METABOLIC_PROCESS,1,10,50,1500,3.0,0.2882684421548648,Apoe,1.0
drug0,GO_BP,GOBP_REGULATION_OF_STRIATED_MUSCLE_CELL_DIFFERENTIATION,0,16,50,1500,0.0,1.0,,1.0
drug0,GO_BP,GOBP_REGULATION_OF_STRIATED_MUSCLE_CONTRACTION,1,16,50,1500,1.875,0.4202758734830577,Atp1b1,1.0
drug0,GO_BP,GOBP_REGULATION_OF_SUBSTRATE_ADHESION_DEPENDENT_CELL_SPREADING,0,12,50,1500,0.0,1.0,,1.0
drug0,GO_BP,GOBP_REGULATION_OF_SUPRAMOLECULAR_FIBER_ORGANIZATION,3,53,50,1500,1.6981132075471699,0.258037725432261,Apoe|Clu|Sptbn1,1.0
drug0,GO_BP,GOBP_REGULATION_OF_SYNAPSE_ASSEMBLY,3,30,50,1500,3.0,0.07524124775221704,Dclk1|Nrxn1|Ptprd,0.639782901467006
drug0,GO_BP,GOBP_REGULATION_OF_SYNAPSE_STRUCTURE_OR_ACTIVITY,11,59,50,1500,5.593220338983051,1.5399086780573547e-06,Apoe|C1ql3|Cttnbp2|Dclk1|Grin2b|Nrcam|Nrxn1|Plppr4|Ppfia2|Ptprd|Slc17a7,0.0012511758009216007
drug0,GO_BP,GOBP_REGULATION_OF_SYNAPTIC_PLASTICITY,4,55,50,1500,2.181818181818182,0.1071421246676448,Apoe|Grin2a|Grin2b|Syt7,0.770759324699307
drug0,GO_BP,GOBP_REGULATION_OF_SYNAPTIC_TRANSMISSION_GLUTAMATERGIC,6,21,50,1500,8.571428571428571,3.751412473370818e-05,Gria2|Grin2a|Grin2b|Nrxn1|Plppr4|Syt1,0.007679405288851092
drug0,GO_BP,GOBP_REGULATION_OF_SYSTEMIC_ARTERIAL_BLOOD_PRESSURE,1,22,50,1500,1.3636363636363638,0.5281983764075895,Ttr,1.0
drug0,GO_BP,GOBP_REGULATION_OF_SYSTEM_PROCESS,9,102,50,1500,2.6470588235294117,0.005217011425227198,Apoe|Atp1b1|Atp2b1|Grin2a|Grin2b|Mag|Nrxn1|Pex5l|Ttr,0.13456577088879676
drug0,GO_BP,GOBP_REGULATION_OF_TISSUE_REMODELING,1,17,50,1500,1.7647058823529411,0.4398083575301246,Syt7,1.0
drug0,GO_BP,GOBP_REGULATION_OF_TRANSFERASE_ACTIVITY,3,59,50,1500,1.5254237288135595,0.31371481999432677,Apoe|Nrxn1|Zeb2,1.0
drug0,GO_BP,GOBP_REGULATION_OF_TRANSLATION,0,13,50,1500,0.0,1.0,,1.0
drug0,GO_BP,GOBP_REGULATION_OF_TRANSMEMBRANE_RECEPTOR_PROTEIN_SERINE_THREONINE_KINASE_SIGNALING_PATHWAY,1,36,50,1500,0.8333333333333334,0.7092162291569126,Zeb2,1.0
drug0,GO_BP,GOBP_REGULATION_OF_TRANSMEMBRANE_TRANSPORT,5,67,50,1500,2.2388059701492535,0.06832007176662877,Atp1b1|Dpp6|Grin2a|Grin2b|Plp1,0.6100006407734712
drug0,GO_BP,GOBP_REGULATION_OF_TRANSPORT,16,223,50,1500,2.1524663677130045,0.0014639545099924957,Apoe|Atp1b1|Atp2b1|Clu|Dpp6|Erc2|Grin2a|Grin2b|Ndrg4|Nrxn1|Pex5l|Plp1|Ppfia2|Slc17a7|Syt1|Syt7,0.05171578432038707
drug0,GO_BP,GOBP_REGULATION_OF_TRANSPORTER_ACTIVITY,1,30,50,1500,1.0,0.6419855589414076,Atp1b1,1.0
drug0,GO_BP,GOBP_REGULATION_OF_TRANS_SYNAPTIC_SIGNALING,12,113,50,1500,3.185840707964602,0.00019643192812199278,Apoe|Gria2|Grin2a|Grin2b|Nrxn1|Nrxn3|Ntng1|Plppr4|Ppfia2|Ptprd|Syt1|Syt7,0.020137897307239444
drug0,GO_BP,GOBP_REGULATION_OF_TUBE_SIZE,2,39,50,1500,1.5384615384615383,0.3762268611656,Apoe|Atp2b1,1.0
drug0,GO_BP,GOBP_REGULATION_OF_T_CELL_ACTIVATION,0,50,50,1500,0.0,1.0,,1.0
drug0,GO_BP,GOBP_REGULATION_OF_T_CELL_PROLIFERATION,0,29,50,1500,0.0,1.0,,1.0
drug0,GO_BP,GOBP_REGULATION_OF_UBIQUITIN_DEPENDENT_PROTEIN_CATABOLIC_PROCESS,1,11,50,1500,2.7272727272727275,0.31215205147852715,Clu,1.0
drug0,GO_BP,GOBP_REGULATION_OF_VASCULAR_PERMEABILITY,2,14,50,1500,4.285714285714286,0.07677394817604072,Apoe|Zeb2,0.639782901467006
drug0,GO_BP,GOBP_REGULATION_OF_VASCULATURE_DEVELOPMENT,0,65,50,1500,0.0,1.0,,1.0
drug0,GO_BP,GOBP_REGULATION_OF_VASOCONSTRICTION,1,15,50,1500,2.0,0.4000764265660914,Atp2b1,1.0
drug0,GO_BP,GOBP_REGULATION_OF_VESICLE_FUSION,3,12,50,1500,7.5,0.006204459645394968,Erc2|Syt1|Syt7,0.148268337114218
drug0,GO_BP,GOBP_REGULATION_OF_VESICLE_MEDIATED_TRANSPORT,9,74,50,1500,3.6486486486486487,0.0005162439589363815,Apoe|Clu|Erc2|Ndrg4|Nrxn1|Ppfia2|Slc17a7|Syt1|Syt7,0.026934132599897964
drug0,GO_BP,GOBP_REGULATION_OF_VIRAL_GENOME_REPLICATION,0,11,50,1500,0.0,1.0,,1.0
drug0,GO_BP,GOBP_REGULATION_OF_VIRAL_LIFE_CYCLE,0,14,50,1500,0.0,1.0,,1.0
drug0,GO_BP,GOBP_REGULATION_OF_VIRAL_PROCESS,0,15,50,1500,0.0,1.0,,1.0
drug0,GO_BP,GOBP_REGULATION_OF_WNT_SIGNALING_PATHWAY,2,33,50,1500,1.8181818181818181,0.301829565218506,Apoe|Zeb2,1.0
drug0,GO_BP,GOBP_REGULATION_OF_WOUND_HEALING,1,23,50,1500,1.3043478260869565,0.5441591891136924,Apoe,1.0
drug0,GO_BP,GOBP_RENAL_SYSTEM_DEVELOPMENT,0,63,50,1500,0.0,1.0,,1.0
drug0,GO_BP,GOBP_RENAL_SYSTEM_PROCESS,1,13,50,1500,2.3076923076923075,0.3575867388571701,Ttr,1.0
drug0,GO_BP,GOBP_RENAL_SYSTEM_VASCULATURE_DEVELOPMENT,0,11,50,1500,0.0,1.0,,1.0
drug0,GO_BP,GOBP_RENAL_TUBULE_DEVELOPMENT,0,16,50,1500,0.0,1.0,,1.0
drug0,GO_BP,GOBP_RENAL_TUBULE_MORPHOGENESIS,0,13,50,1500,0.0,1.0,,1.0
drug0,GO_BP,GOBP_REPRODUCTIVE_PROCESS,3,173,50,1500,0.5202312138728323,0.9411501940505564,Kcnq1ot1|Meg3|Ptgds,1.0
drug0,GO_BP,GOBP_REPRODUCTIVE_SYSTEM_DEVELOPMENT,0,48,50,1500,0.0,1.0,,1.0
drug0,GO_BP,GOBP_RESPIRATORY_GASEOUS_EXCHANGE_BY_RESPIRATORY_SYSTEM,0,12,50,1500,0.0,1.0,,1.0
drug0,GO_BP,GOBP_RESPIRATORY_SYSTEM_DEVELOPMENT,2,45,50,1500,1.3333333333333333,0.4474305107818257,Meg3|Nfib,1.0
drug0,GO_BP,GOBP_RESPONSE_TO_ABIOTIC_STIMULUS,9,161,50,1500,1.6770186335403727,0.07919259245760212,Atp1b1|Grin2a|Grin2b|Mag|Ndrg4|Nrxn1|Ptprd|Ttr|Zeb2,0.6555616786660228
drug0,GO_BP,GOBP_RESPONSE_TO_ACID_CHEMICAL,2,31,50,1500,1.9354838709677418,0.27666470071835436,Gria2|Grin2a,1.0
drug0,GO_BP,GOBP_RESPONSE_TO_ACTIVITY,0,17,50,1500,0.0,1.0,,1.0
drug0,GO_BP,GOBP_RESPONSE_TO_ALCOHOL,2,37,50,1500,1.6216216216216215,0.3516951994318052,Grin2a|Grin2b,1.0
drug0,GO_BP,GOBP_RESPONSE_TO_ALKALOID,0,23,50,1500,0.0,1.0,,1.0
drug0,GO_BP,GOBP_RESPONSE_TO_AMINE,1,11,50,1500,2.7272727272727275,0.31215205147852715,Grin2a,1.0
drug0,GO_BP,GOBP_RESPONSE_TO_AMYLOID_BETA,0,12,50,1500,0.0,1.0,,1.0
drug0,GO_BP,GOBP_RESPONSE_TO_ANGIOTENSIN,0,10,50,1500,0.0,1.0,,1.0
drug0,GO_BP,GOBP_RESPONSE_TO_AUDITORY_STIMULUS,1,10,50,1500,3.0,0.2882684421548648,Nrxn1,1.0
drug0,GO_BP,GOBP_RESPONSE_TO_AXON_INJURY,2,20,50,1500,3.0,0.14144844471358778,Apoe|Mag,0.8806656040596941
drug0,GO_BP,GOBP_RESPONSE_TO_BACTERIUM,1,101,50,1500,0.297029702970297,0.9711518311718732,Nfib,1.0
drug0,GO_BP,GOBP_RESPONSE_TO_BIOTIC_STIMULUS,4,177,50,1500,0.6779661016949152,0.8607252028378982,Apoe|Clu|Dclk1|Nfib,1.0
drug0,GO_BP,GOBP_RESPONSE_TO_BMP,0,28,50,1500,0.0,1.0,,1.0
drug0,GO_BP,GOBP_RESPONSE_TO_CADMIUM_ION,0,11,50,1500,0.0,1.0,,1.0
drug0,GO_BP,GOBP_RESPONSE_TO_CALCIUM_ION,2,29,50,1500,2.0689655172413794,0.25147901761228364,Nrxn1|Syt1,1.0
drug0,GO_BP,GOBP_RESPONSE_TO_CAMP,0,14,50,1500,0.0,1.0,,1.0
drug0,GO_BP,GOBP_RESPONSE_TO_CARBOHYDRATE,1,35,50,1500,0.8571428571428571,0.6989411842507965,Zbtb20,1.0
drug0,GO_BP,GOBP_RESPONSE_TO_CHEMOKINE,0,11,50,1500,0.0,1.0,,1.0
drug0,GO_BP,GOBP_RESPONSE_TO_COCAINE,0,15,50,1500,0.0,1.0,,1.0
drug0,GO_BP,GOBP_RESPONSE_TO_COPPER_ION,0,12,50,1500,0.0,1.0,,1.0
drug0,GO_BP,GOBP_RESPONSE_TO_CORTICOSTEROID,1,27,50,1500,1.1111111111111112,0.60287685419108,Ptgds,1.0
drug0,GO_BP,GOBP_RESPONSE_TO_DECREASED_OXYGEN_LEVELS,4,62,50,1500,1.9354838709677418,0.14824084847871297,Atp1b1|Grin2b|Ptprd|Zeb2,0.9159368014369148
drug0,GO_BP,GOBP_RESPONSE_TO_ENDOGENOUS_STIMULUS,7,219,50,1500,0.9589041095890412,0.6117054426587782,Apoe|Atp2b1|Gria2|Nrxn1|Ptgds|Ptprd|Zeb2,1.0
drug0,GO_BP,GOBP_RESPONSE_TO_ENDOPLASMIC_RETICULUM_STRESS,1,17,50,1500,1.7647058823529411,0.4398083575301246,Clu,1.0
drug0,GO_BP,GOBP_RESPONSE_TO_ESTRADIOL,0,16,50,1500,0.0,1.0,,1.0
drug0,GO_BP,GOBP_RESPONSE_TO_ESTROGEN,0,14,50,1500,0.0,1.0,,1.0
drug0,GO_BP,GOBP_RESPONSE_TO_ETHANOL,2,20,50,1500,3.0,0.14144844471358778,Grin2a|Grin2b,0.8806656040596941
drug0,GO_BP,GOBP_RESPONSE_TO_FATTY_ACID,0,11,50,1500,0.0,1.0,,1.0
drug0,GO_BP,GOBP_RESPONSE_TO_FIBROBLAST_GROWTH_FACTOR,1,34,50,1500,0.8823529411764706,0.6883105763500479,Nrxn1,1.0
drug0,GO_BP,GOBP_RESPONSE_TO_GROWTH_FACTOR,4,124,50,1500,0.9677419354838709,0.6049026494646711,Gria2|Nrxn1|Ptprd|Zeb2,1.0
drug0,GO_BP,GOBP_RESPONSE_TO_HEAT,0,16,50,1500,0.0,1.0,,1.0
drug0,GO_BP,GOBP_RESPONSE_TO_HORMONE,2,135,50,1500,0.4444444444444444,0.9494684297827591,Atp2b1|Ptgds,1.0
drug0,GO_BP,GOBP_RESPONSE_TO_HYDROGEN_PEROXIDE,0,15,50,1500,0.0,1.0,,1.0
drug0,GO_BP,GOBP_RESPONSE_TO_INSULIN,1,44,50,1500,0.6818181818181819,0.7799395031997644,Atp2b1,1.0
drug0,GO_BP,GOBP_RESPONSE_TO_INTERFERON_BETA,0,13,50,1500,0.0,1.0,,1.0
drug0,GO_BP,GOBP_RESPONSE_TO_INTERLEUKIN_1,0,14,50,1500,0.0,1.0,,1.0
drug0,GO_BP,GOBP_RESPONSE_TO_IONIZING_RADIATION,0,14,50,1500,0.0,1.0,,1.0
drug0,GO_BP,GOBP_RESPONSE_TO_ISCHEMIA,0,12,50,1500,0.0,1.0,,1.0
drug0,GO_BP,GOBP_RESPONSE_TO_KETONE,0,31,50,1500,0.0,1.0,,1.0
drug0,GO_BP,GOBP_RESPONSE_TO_LEUKEMIA_INHIBITORY_FACTOR,0,15,50,1500,0.0,1.0,,1.0
drug0,GO_BP,GOBP_RESPONSE_TO_LIGHT_STIMULUS,3,37,50,1500,2.4324324324324325,0.12265434187292903,Grin2a|Ndrg4|Ttr,0.8409844115759902
drug0,GO_BP,GOBP_RESPONSE_TO_LIPID,1,122,50,1500,0.24590163934426232,0.9866415332326957,Ptgds,1.0
drug0,GO_BP,GOBP_RESPONSE_TO_MACROPHAGE_COLONY_STIMULATING_FACTOR,0,21,50,1500,0.0,1.0,,1.0
drug0,GO_BP,GOBP_RESPONSE_TO_MECHANICAL_STIMULUS,4,46,50,1500,2.608695652173913,0.06368167286356924,Grin2a|Grin2b|Mag|Nrxn1,0.6016437116470932
drug0,GO_BP,GOBP_RESPONSE_TO_METAL_ION,3,64,50,1500,1.40625,0.3605177956624396,Grin2a|Nrxn1|Syt1,1.0
drug0,GO_BP,GOBP_RESPONSE_TO_MOLECULE_OF_BACTERIAL_ORIGIN,0,52,50,1500,0.0,1.0,,1.0
drug0,GO_BP,GOBP_RESPONSE_TO_NERVE_GROWTH_FACTOR,1,11,50,1500,2.7272727272727275,0.31215205147852715,Gria2,1.0
drug0,GO_BP,GOBP_RESPONSE_TO_NICOTINE,0,11,50,1500,0.0,1.0,,1.0
drug0,GO_BP,GOBP_RESPONSE_TO_NITROGEN_COMPOUND,5,154,50,1500,0.9740259740259739,0.5962676296776123,Apoe|Atp2b1|Gria2|Grin2a|Ly6h,1.0
drug0,GO_BP,GOBP_RESPONSE_TO_NUTRIENT,0,28,50,1500,0.0,1.0,,1.0
drug0,GO_BP,GOBP_RESPONSE_TO_NUTRIENT_LEVELS,2,68,50,1500,0.8823529411764706,0.673235482496898,Apoe|Zeb2,1.0
drug0,GO_BP,GOBP_RESPONSE_TO_ORGANOPHOSPHORUS,0,20,50,1500,0.0,1.0,,1.0
drug0,GO_BP,GOBP_RESPONSE_TO_OSMOTIC_STRESS,0,11,50,1500,0.0,1.0,,1.0
drug0,GO_BP,GOBP_RESPONSE_TO_OXIDATIVE_STRESS,2,46,50,1500,1.3043478260869565,0.4588829057877858,Apoe|Rnf112,1.0
drug0,GO_BP,GOBP_RESPONSE_TO_OXYGEN_LEVELS,4,65,50,1500,1.8461538461538463,0.16752770205961204,Atp1b1|Grin2b|Ptprd|Zeb2,0.9722589851673913
drug0,GO_BP,GOBP_RESPONSE_TO_PAIN,1,13,50,1500,2.3076923076923075,0.3575867388571701,Grin2b,1.0
drug0,GO_BP,GOBP_RESPONSE_TO_PEPTIDE,0,129,50,1500,0.0,1.0,,1.0
drug0,GO_BP,GOBP_RESPONSE_TO_PEPTIDE_HORMONE,1,71,50,1500,0.4225352112676056,0.9150782745587396,Atp2b1,1.0
drug0,GO_BP,GOBP_RESPONSE_TO_PROGESTERONE,0,10,50,1500,0.0,1.0,,1.0
drug0,GO_BP,GOBP_RESPONSE_TO_PURINE_CONTAINING_COMPOUND,0,22,50,1500,0.0,1.0,,1.0
drug0,GO_BP,GOBP_RESPONSE_TO_RADIATION,3,49,50,1500,1.836734693877551,0.22183535858597545,Grin2a|Ndrg4|Ttr,1.0
drug0,GO_BP,GOBP_RESPONSE_TO_REACTIVE_OXYGEN_SPECIES,0,29,50,1500,0.0,1.0,,1.0
drug0,GO_BP,GOBP_RESPONSE_TO_RETINOIC_ACID,0,15,50,1500,0.0,1.0,,1.0
drug0,GO_BP,GOBP_RESPONSE_TO_STARVATION,0,19,50,1500,0.0,1.0,,1.0
drug0,GO_BP,GOBP_RESPONSE_TO_STEM_CELL_FACTOR,0,19,50,1500,0.0,1.0,,1.0
drug0,GO_BP,GOBP_RESPONSE_TO_STEROID_HORMONE,1,44,50,1500,0.6818181818181819,0.7799395031997644,Ptgds,1.0
drug0,GO_BP,GOBP_RESPONSE_TO_TEMPERATURE_STIMULUS,0,22,50,1500,0.0,1.0,,1.0
drug0,GO_BP,GOBP_RESPONSE_TO_TOXIC_SUBSTANCE,1,38,50,1500,0.7894736842105263,0.7287458866817691,Apoe,1.0
drug0,GO_BP,GOBP_RESPONSE_TO_TRANSFORMING_GROWTH_FACTOR_BETA,1,38,50,1500,0.7894736842105263,0.7287458866817691,Zeb2,1.0
drug0,GO_BP,GOBP_RESPONSE_TO_TUMOR_NECROSIS_FACTOR,0,24,50,1500,0.0,1.0,,1.0
drug0,GO_BP,GOBP_RESPONSE_TO_TYPE_II_INTERFERON,0,16,50,1500,0.0,1.0,,1.0
drug0,GO_BP,GOBP_RESPONSE_TO_UV,0,14,50,1500,0.0,1.0,,1.0
drug0,GO_BP,GOBP_RESPONSE_TO_VIRUS,2,33,50,1500,1.8181818181818181,0.301829565218506,Clu|Dclk1,1.0
drug0,GO_BP,GOBP_RESPONSE_TO_VITAMIN,0,16,50,1500,0.0,1.0,,1.0
drug0,GO_BP,GOBP_RESPONSE_TO_WOUNDING,6,101,50,1500,1.7821782178217822,0.11451833961970471,Apoe|Grin2a|Mag|Neat1|Nfib|Syt7,0.8076665069703174
drug0,GO_BP,GOBP_RESPONSE_TO_XENOBIOTIC_STIMULUS,1,58,50,1500,0.5172413793103449,0.8653811294462346,Grin2a,1.0
drug0,GO_BP,GOBP_RETINA_DEVELOPMENT_IN_CAMERA_TYPE_EYE,2,41,50,1500,1.4634146341463414,0.40039713749493766,Miat|Nfib,1.0
drug0,GO_BP,GOBP_RETINA_MORPHOGENESIS_IN_CAMERA_TYPE_EYE,1,16,50,1500,1.875,0.4202758734830577,Miat,1.0
drug0,GO_BP,GOBP_RHO_PROTEIN_SIGNAL_TRANSDUCTION,1,16,50,1500,1.875,0.4202758734830577,Apoe,1.0
drug0,GO_BP,GOBP_RHYTHMIC_PROCESS,3,43,50,1500,2.0930232558139537,0.17002286447600135,Grin2a|Grin2b|Ptgds,0.9832283088024989
drug0,GO_BP,GOBP_RIBONUCLEOTIDE_CATABOLIC_PROCESS,1,12,50,1500,2.5,0.33524969917904673,Zbtb20,1.0
drug0,GO_BP,GOBP_RIBOSE_PHOSPHATE_METABOLIC_PROCESS,2,23,50,1500,2.608695652173913,0.17706049687331893,Atp1b1|Zbtb20,1.0
drug0,GO_BP,GOBP_RNA_PROCESSING,0,16,50,1500,0.0,1.0,,1.0
drug0,GO_BP,GOBP_RNA_SPLICING,0,12,50,1500,0.0,1.0,,1.0
drug0,GO_BP,GOBP_ROOF_OF_MOUTH_DEVELOPMENT,0,12,50,1500,0.0,1.0,,1.0
drug0,GO_BP,GOBP_SARCOMERE_ORGANIZATION,0,13,50,1500,0.0,1.0,,1.0
drug0,GO_BP,GOBP_SECRETION,10,147,50,1500,2.0408163265306123,0.01971105933956992,Apoe|Erc2|Grin2b|Nrxn1|Nrxn3|Pex5l|Ppfia2|Ptgds|Syt1|Syt7,0.33716285712422234
drug0,GO_BP,GOBP_SECRETORY_GRANULE_LOCALIZATION,1,10,50,1500,3.0,0.2882684421548648,Ppfia2,1.0
drug0,GO_BP,GOBP_SEGMENTATION,1,16,50,1500,1.875,0.4202758734830577,Zeb2,1.0
drug0,GO_BP,GOBP_SEMAPHORIN_PLEXIN_SIGNALING_PATHWAY,0,13,50,1500,0.0,1.0,,1.0
drug0,GO_BP,GOBP_SENSORY_ORGAN_DEVELOPMENT,5,113,50,1500,1.3274336283185841,0.3226921737700444,Grin2b|Miat|Nfib|Plppr4|Zeb2,1.0
drug0,GO_BP,GOBP_SENSORY_ORGAN_MORPHOGENESIS,1,47,50,1500,0.6382978723404256,0.8018554794378209,Miat,1.0
drug0,GO_BP,GOBP_SENSORY_PERCEPTION,2,53,50,1500,1.1320754716981132,0.535155658992266,Grin2a|Grin2b,1.0
drug0,GO_BP,GOBP_SENSORY_PERCEPTION_OF_LIGHT_STIMULUS,0,19,50,1500,0.0,1.0,,1.0
drug0,GO_BP,GOBP_SENSORY_PERCEPTION_OF_MECHANICAL_STIMULUS,2,28,50,1500,2.142857142857143,0.2389147042643709,Grin2a|Grin2b,1.0
drug0,GO_BP,GOBP_SENSORY_PERCEPTION_OF_PAIN,2,13,50,1500,4.615384615384615,0.06720522304156554,Grin2a|Grin2b,0.6100006407734712
drug0,GO_BP,GOBP_SENSORY_SYSTEM_DEVELOPMENT,3,80,50,1500,1.125,0.5053354098134183,Miat|Nfib|Zeb2,1.0
drug0,GO_BP,GOBP_SEQUESTERING_OF_CALCIUM_ION,0,15,50,1500,0.0,1.0,,1.0
drug0,GO_BP,GOBP_SEXUAL_REPRODUCTION,3,98,50,1500,0.9183673469387755,0.6468227435633033,Kcnq1ot1|Meg3|Ptgds,1.0
drug0,GO_BP,GOBP_SEX_DIFFERENTIATION,0,39,50,1500,0.0,1.0,,1.0
drug0,GO_BP,GOBP_SIGNAL_RELEASE,7,88,50,1500,2.3863636363636367,0.023784435928505765,Erc2|Nrxn1|Nrxn3|Pex5l|Ppfia2|Syt1|Syt7,0.3563271558029387
drug0,GO_BP,GOBP_SIGNAL_TRANSDUCTION_BY_P53_CLASS_MEDIATOR,0,15,50,1500,0.0,1.0,,1.0
drug0,GO_BP,GOBP_SIGNAL_TRANSDUCTION_IN_RESPONSE_TO_DNA_DAMAGE,0,13,50,1500,0.0,1.0,,1.0
drug0,GO_BP,GOBP_SINGLE_FERTILIZATION,0,12,50,1500,0.0,1.0,,1.0
drug0,GO_BP,GOBP_SISTER_CHROMATID_SEGREGATION,0,19,50,1500,0.0,1.0,,1.0
drug0,GO_BP,GOBP_SKELETAL_MUSCLE_CELL_DIFFERENTIATION,0,12,50,1500,0.0,1.0,,1.0
drug0,GO_BP,GOBP_SKELETAL_MUSCLE_ORGAN_DEVELOPMENT,1,30,50,1500,1.0,0.6419855589414076,Meg3,1.0
drug0,GO_BP,GOBP_SKELETAL_SYSTEM_DEVELOPMENT,1,87,50,1500,0.3448275862068966,0.9521150251628655,Nfib,1.0
drug0,GO_BP,GOBP_SKELETAL_SYSTEM_MORPHOGENESIS,0,32,50,1500,0.0,1.0,,1.0
drug0,GO_BP,GOBP_SKIN_DEVELOPMENT,0,33,50,1500,0.0,1.0,,1.0
drug0,GO_BP,GOBP_SKIN_EPIDERMIS_DEVELOPMENT,0,20,50,1500,0.0,1.0,,1.0
drug0,GO_BP,GOBP_SMAD_PROTEIN_SIGNAL_TRANSDUCTION,1,10,50,1500,3.0,0.2882684421548648,Sptbn1,1.0
drug0,GO_BP,GOBP_SMALL_GTPASE_MEDIATED_SIGNAL_TRANSDUCTION,4,47,50,1500,2.5531914893617023,0.06794193348667485,Apoe|Chn1|Grin2a|Grin2b,0.6100006407734712
drug0,GO_BP,GOBP_SMALL_MOLECULE_BIOSYNTHETIC_PROCESS,3,50,50,1500,1.7999999999999998,0.23078688437825404,Apoe|Plp1|Ptgds,1.0
drug0,GO_BP,GOBP_SMALL_MOLECULE_CATABOLIC_PROCESS,1,21,50,1500,1.4285714285714286,0.5116902720131731,Apoe,1.0
drug0,GO_BP,GOBP_SMALL_MOLECULE_METABOLIC_PROCESS,6,128,50,1500,1.40625,0.2497655591260642,Apoe|Atp1b1|Plp1|Ptgds|Ttr|Zbtb20,1.0
drug0,GO_BP,GOBP_SMOOTH_MUSCLE_CELL_DIFFERENTIATION,0,19,50,1500,0.0,1.0,,1.0
drug0,GO_BP,GOBP_SMOOTH_MUSCLE_CELL_MIGRATION,1,32,50,1500,0.9375,0.6659340944396241,Ndrg4,1.0
drug0,GO_BP,GOBP_SMOOTH_MUSCLE_CELL_PROLIFERATION,2,43,50,1500,1.3953488372093024,0.424148062560875,Apoe|Ndrg4,1.0
drug0,GO_BP,GOBP_SMOOTH_MUSCLE_CONTRACTION,1,26,50,1500,1.1538461538461537,0.5889329235095868,Atp2b1,1.0
drug0,GO_BP,GOBP_SODIUM_ION_HOMEOSTASIS,1,13,50,1500,2.3076923076923075,0.3575867388571701,Atp1b1,1.0
drug0,GO_BP,GOBP_SODIUM_ION_TRANSMEMBRANE_TRANSPORT,3,33,50,1500,2.727272727272727,0.09437465903438064,Atp1b1|Grin2a|Slc17a7,0.7372087596674634
drug0,GO_BP,GOBP_SODIUM_ION_TRANSPORT,3,39,50,1500,2.3076923076923075,0.13784616132080219,Atp1b1|Grin2a|Slc17a7,0.8806656040596941
drug0,GO_BP,GOBP_SOMATIC_STEM_CELL_POPULATION_MAINTENANCE,0,10,50,1500,0.0,1.0,,1.0
drug0,GO_BP,GOBP_SOMITE_DEVELOPMENT,1,11,50,1500,2.7272727272727275,0.31215205147852715,Zeb2,1.0
drug0,GO_BP,GOBP_SOMITOGENESIS,1,11,50,1500,2.7272727272727275,0.31215205147852715,Zeb2,1.0
drug0,GO_BP,GOBP_SPECIFICATION_OF_SYMMETRY,0,18,50,1500,0.0,1.0,,1.0
drug0,GO_BP,GOBP_SPERMATID_DIFFERENTIATION,0,27,50,1500,0.0,1.0,,1.0
drug0,GO_BP,GOBP_SPERM_FLAGELLUM_ASSEMBLY,0,10,50,1500,0.0,1.0,,1.0
drug0,GO_BP,GOBP_SPHINGOLIPID_METABOLIC_PROCESS,0,10,50,1500,0.0,1.0,,1.0
drug0,GO_BP,GOBP_SPINAL_CORD_DEVELOPMENT,0,15,50,1500,0.0,1.0,,1.0
drug0,GO_BP,GOBP_SPINDLE_ASSEMBLY,0,12,50,1500,0.0,1.0,,1.0
drug0,GO_BP,GOBP_SPINDLE_ORGANIZATION,0,16,50,1500,0.0,1.0,,1.0
drug0,GO_BP,GOBP_SPROUTING_ANGIOGENESIS,0,32,50,1500,0.0,1.0,,1.0
drug0,GO_BP,GOBP_STARTLE_RESPONSE,3,10,50,1500,9.0,0.0035480063258161673,Grin2a|Grin2b|Nrxn1,0.10807081049115369
drug0,GO_BP,GOBP_STEM_CELL_DEVELOPMENT,1,25,50,1500,1.2,0.5745095173169409,Zeb2,1.0
drug0,GO_BP,GOBP_STEM_CELL_DIFFERENTIATION,1,42,50,1500,0.7142857142857143,0.764026946378234,Zeb2,1.0
drug0,GO_BP,GOBP_STEM_CELL_PROLIFERATION,1,26,50,1500,1.1538461538461537,0.5889329235095868,Nfib,1.0
drug0,GO_BP,GOBP_STEROID_BIOSYNTHETIC_PROCESS,1,11,50,1500,2.7272727272727275,0.31215205147852715,Apoe,1.0
drug0,GO_BP,GOBP_STEROID_METABOLIC_PROCESS,1,26,50,1500,1.1538461538461537,0.5889329235095868,Apoe,1.0
drug0,GO_BP,GOBP_STEROL_TRANSPORT,2,10,50,1500,6.0,0.04131092728840577,Apoe|Syt7,0.47950183459756696
drug0,GO_BP,GOBP_STRESS_FIBER_ASSEMBLY,1,16,50,1500,1.875,0.4202758734830577,Zeb2,1.0
drug0,GO_BP,GOBP_STRIATED_MUSCLE_CELL_DIFFERENTIATION,0,52,50,1500,0.0,1.0,,1.0
drug0,GO_BP,GOBP_STRIATED_MUSCLE_CELL_PROLIFERATION,0,16,50,1500,0.0,1.0,,1.0
drug0,GO_BP,GOBP_STRIATED_MUSCLE_CONTRACTION,1,30,50,1500,1.0,0.6419855589414076,Atp1b1,1.0
drug0,GO_BP,GOBP_SUBSTRATE_ADHESION_DEPENDENT_CELL_SPREADING,0,19,50,1500,0.0,1.0,,1.0
drug0,GO_BP,GOBP_SULFUR_COMPOUND_BIOSYNTHETIC_PROCESS,0,10,50,1500,0.0,1.0,,1.0
drug0,GO_BP,GOBP_SULFUR_COMPOUND_METABOLIC_PROCESS,0,18,50,1500,0.0,1.0,,1.0
drug0,GO_BP,GOBP_SULFUR_COMPOUND_TRANSPORT,0,13,50,1500,0.0,1.0,,1.0
drug0,GO_BP,GOBP_SUPEROXIDE_METABOLIC_PROCESS,0,10,50,1500,0.0,1.0,,1.0
drug0,GO_BP,GOBP_SUPRAMOLECULAR_FIBER_ORGANIZATION,4,110,50,1500,1.090909090909091,0.5064005002928904,Apoe|Clu|Sptbn1|Zeb2,1.0
drug0,GO_BP,GOBP_SYMBIONT_ENTRY_INTO_HOST,0,10,50,1500,0.0,1.0,,1.0
drug0,GO_BP,GOBP_SYNAPSE_ASSEMBLY,5,50,50,1500,3.0,0.02291150058023974,C1ql3|Dclk1|Nrxn1|Nrxn3|Ptprd,0.3554029820498962
drug0,GO_BP,GOBP_SYNAPSE_MATURATION,1,11,50,1500,2.7272727272727275,0.31215205147852715,Nrxn1,1.0
drug0,GO_BP,GOBP_SYNAPSE_ORGANIZATION,14,105,50,1500,4.0,3.2405211680754447e-06,Apoe|C1ql3|Cttnbp2|Dclk1|Erc2|Grin2a|Grin2b|Nrcam|Nrxn1|Nrxn3|Ntng1|Plppr4|Ppfia2|Ptprd,0.0013164617245306493
drug0,GO_BP,GOBP_SYNAPTIC_SIGNALING,15,147,50,1500,3.061224489795918,4.00330856816182e-05,Apoe|Erc2|Gria2|Grin2a|Grin2b|Ly6h|Nrxn1|Nrxn3|Ntng1|Plppr4|Ppfia2|Ptprd|Slc17a7|Syt1|Syt7,0.007679405288851092
drug0,GO_BP,GOBP_SYNAPTIC_TRANSMISSION_GABAERGIC,1,10,50,1500,3.0,0.2882684421548648,Nrxn1,1.0
drug0,GO_BP,GOBP_SYNAPTIC_TRANSMISSION_GLUTAMATERGIC,7,31,50,1500,6.774193548387096,4.253209083055989e-05,Gria2|Grin2a|Grin2b|Nrxn1|Plppr4|Slc17a7|Syt1,0.007679405288851092
drug0,GO_BP,GOBP_SYNAPTIC_VESICLE_CYCLE,6,30,50,1500,6.0,0.000326100087863098,Erc2|Nrxn1|Ppfia2|Slc17a7|Syt1|Syt7,0.02394957996356968
drug0,GO_BP,GOBP_SYNAPTIC_VESICLE_EXOCYTOSIS,4,21,50,1500,5.714285714285714,0.004303869683793261,Erc2|Ppfia2|Syt1|Syt7,0.12269803923094823
drug0,GO_BP,GOBP_TAXIS,0,84,50,1500,0.0,1.0,,1.0
drug0,GO_BP,GOBP_TELENCEPHALON_DEVELOPMENT,2,62,50,1500,0.9677419354838709,0.6222676450712645,Nfib|Zeb2,1.0
drug0,GO_BP,GOBP_TEMPERATURE_HOMEOSTASIS,0,26,50,1500,0.0,1.0,,1.0
drug0,GO_BP,GOBP_TIGHT_JUNCTION_ORGANIZATION,0,16,50,1500,0.0,1.0,,1.0
drug0,GO_BP,GOBP_TISSUE_HOMEOSTASIS,2,44,50,1500,1.3636363636363638,0.4358505956229922,Nfib|Zeb2,1.0
drug0,GO_BP,GOBP_TISSUE_MIGRATION,1,15,50,1500,2.0,0.4000764265660914,Zeb2,1.0
drug0,GO_BP,GOBP_TISSUE_MORPHOGENESIS,1,98,50,1500,0.30612244897959184,0.9678288469722423,Zeb2,1.0
drug0,GO_BP,GOBP_TISSUE_REGENERATION,0,15,50,1500,0.0,1.0,,1.0
drug0,GO_BP,GOBP_TISSUE_REMODELING,1,38,50,1500,0.7894736842105263,0.7287458866817691,Syt7,1.0
drug0,GO_BP,GOBP_TOR_SIGNALING,0,10,50,1500,0.0,1.0,,1.0
drug0,GO_BP,GOBP_TRABECULA_MORPHOGENESIS,0,10,50,1500,0.0,1.0,,1.0
drug0,GO_BP,GOBP_TRANSFORMING_GROWTH_FACTOR_BETA_RECEPTOR_SIGNALING_PATHWAY,1,22,50,1500,1.3636363636363638,0.5281983764075895,Zeb2,1.0
drug0,GO_BP,GOBP_TRANSLATION,0,14,50,1500,0.0,1.0,,1.0
drug0,GO_BP,GOBP_TRANSMEMBRANE_TRANSPORT,9,168,50,1500,1.6071428571428572,0.09785617296201832,Atp1b1|Atp2b1|Dpp6|Gria2|Grin2a|Grin2b|Pex5l|Plp1|Slc17a7,0.7393610297472805
drug0,GO_BP,GOBP_TRANSMISSION_OF_NERVE_IMPULSE,3,23,50,1500,3.913043478260869,0.03859569973016896,Dpp6|Mag|Nrcam,0.4645778671224041
drug0,GO_BP,GOBP_TRIGLYCERIDE_METABOLIC_PROCESS,1,11,50,1500,2.7272727272727275,0.31215205147852715,Apoe,1.0
drug0,GO_BP,GOBP_TUBE_DEVELOPMENT,7,204,50,1500,1.0294117647058825,0.5309350694542299,Apoe|Meg3|Nfib|Nrcam|Nrxn1|Nrxn3|Zeb2,1.0
drug0,GO_BP,GOBP_TUBE_FORMATION,2,20,50,1500,3.0,0.14144844471358778,Nfib|Zeb2,0.8806656040596941
drug0,GO_BP,GOBP_TUBE_MORPHOGENESIS,6,173,50,1500,1.0404624277456647,0.5259543887696284,Apoe|Nfib|Nrcam|Nrxn1|Nrxn3|Zeb2,1.0
drug0,GO_BP,GOBP_TUMOR_NECROSIS_FACTOR_SUPERFAMILY_CYTOKINE_PRODUCTION,2,26,50,1500,2.3076923076923075,0.21392436250078883,Clu|Zbtb20,1.0
drug0,GO_BP,GOBP_TYPE_2_IMMUNE_RESPONSE,0,10,50,1500,0.0,1.0,,1.0
drug0,GO_BP,GOBP_TYPE_II_INTERFERON_PRODUCTION,0,17,50,1500,0.0,1.0,,1.0
drug0,GO_BP,GOBP_TYPE_I_INTERFERON_PRODUCTION,1,10,50,1500,3.0,0.2882684421548648,Zbtb20,1.0
drug0,GO_BP,GOBP_TYROSINE_PHOSPHORYLATION_OF_STAT_PROTEIN,0,10,50,1500,0.0,1.0,,1.0
drug0,GO_BP,GOBP_T_CELL_ACTIVATION,0,74,50,1500,0.0,1.0,,1.0
drug0,GO_BP,GOBP_T_CELL_ACTIVATION_INVOLVED_IN_IMMUNE_RESPONSE,0,20,50,1500,0.0,1.0,,1.0
drug0,GO_BP,GOBP_T_CELL_DIFFERENTIATION,0,40,50,1500,0.0,1.0,,1.0
drug0,GO_BP,GOBP_T_CELL_DIFFERENTIATION_INVOLVED_IN_IMMUNE_RESPONSE,0,11,50,1500,0.0,1.0,,1.0
drug0,GO_BP,GOBP_T_CELL_DIFFERENTIATION_IN_THYMUS,0,11,50,1500,0.0,1.0,,1.0
drug0,GO_BP,GOBP_T_CELL_MEDIATED_IMMUNITY,0,15,50,1500,0.0,1.0,,1.0
drug0,GO_BP,GOBP_T_CELL_PROLIFERATION,0,35,50,1500,0.0,1.0,,1.0
drug0,GO_BP,GOBP_T_CELL_RECEPTOR_SIGNALING_PATHWAY,0,12,50,1500,0.0,1.0,,1.0
drug0,GO_BP,GOBP_T_HELPER_1_TYPE_IMMUNE_RESPONSE,0,10,50,1500,0.0,1.0,,1.0
drug0,GO_BP,GOBP_UNSATURATED_FATTY_ACID_METABOLIC_PROCESS,1,12,50,1500,2.5,0.33524969917904673,Ptgds,1.0
drug0,GO_BP,GOBP_VACUOLE_ORGANIZATION,1,11,50,1500,2.7272727272727275,0.31215205147852715,Syt7,1.0
drug0,GO_BP,GOBP_VASCULAR_ASSOCIATED_SMOOTH_MUSCLE_CELL_DIFFERENTIATION,0,10,50,1500,0.0,1.0,,1.0
drug0,GO_BP,GOBP_VASCULAR_ASSOCIATED_SMOOTH_MUSCLE_CELL_MIGRATION,0,10,50,1500,0.0,1.0,,1.0
drug0,GO_BP,GOBP_VASCULAR_ASSOCIATED_SMOOTH_MUSCLE_CELL_PROLIFERATION,0,16,50,1500,0.0,1.0,,1.0
drug0,GO_BP,GOBP_VASCULAR_ENDOTHELIAL_GROWTH_FACTOR_PRODUCTION,0,11,50,1500,0.0,1.0,,1.0
drug0,GO_BP,GOBP_VASCULAR_ENDOTHELIAL_GROWTH_FACTOR_RECEPTOR_SIGNALING_PATHWAY,0,30,50,1500,0.0,1.0,,1.0
drug0,GO_BP,GOBP_VASCULAR_ENDOTHELIAL_GROWTH_FACTOR_SIGNALING_PATHWAY,0,29,50,1500,0.0,1.0,,1.0
drug0,GO_BP,GOBP_VASCULAR_PROCESS_IN_CIRCULATORY_SYSTEM,3,55,50,1500,1.6363636363636365,0.2764661602246375,Apoe|Atp2b1|Zeb2,1.0
drug0,GO_BP,GOBP_VASCULATURE_DEVELOPMENT,4,152,50,1500,0.7894736842105263,0.7638984525605551,Apoe|Nrcam|Nrxn1|Nrxn3,1.0
drug0,GO_BP,GOBP_VASCULOGENESIS,0,22,50,1500,0.0,1.0,,1.0
drug0,GO_BP,GOBP_VASOCONSTRICTION,1,19,50,1500,1.5789473684210527,0.4769581022710094,Atp2b1,1.0
drug0,GO_BP,GOBP_VASODILATION,1,18,50,1500,1.6666666666666667,0.45869546617711976,Apoe,1.0
drug0,GO_BP,GOBP_VENTRICULAR_CARDIAC_MUSCLE_TISSUE_DEVELOPMENT,0,18,50,1500,0.0,1.0,,1.0
drug0,GO_BP,GOBP_VENTRICULAR_CARDIAC_MUSCLE_TISSUE_MORPHOGENESIS,0,12,50,1500,0.0,1.0,,1.0
drug0,GO_BP,GOBP_VENTRICULAR_SEPTUM_DEVELOPMENT,0,15,50,1500,0.0,1.0,,1.0
drug0,GO_BP,GOBP_VENTRICULAR_SEPTUM_MORPHOGENESIS,0,11,50,1500,0.0,1.0,,1.0
drug0,GO_BP,GOBP_VESICLE_LOCALIZATION,2,21,50,1500,2.857142857142857,0.15314117104382513,Nrxn1|Ppfia2,0.9282229030619835
drug0,GO_BP,GOBP_VESICLE_MEDIATED_TRANSPORT,14,153,50,1500,2.7450980392156863,0.0002636552106706056,Apoe|Clu|Erc2|Gria2|Grin2a|Ndrg4|Nrxn1|Pex5l|Ppfia2|Ptgds|Slc17a7|Sptbn1|Syt1|Syt7,0.021745470477505937
drug0,GO_BP,GOBP_VESICLE_MEDIATED_TRANSPORT_IN_SYNAPSE,6,38,50,1500,4.736842105263158,0.001235753970489493,Erc2|Nrxn1|Ppfia2|Slc17a7|Syt1|Syt7,0.04670000469873085
drug0,GO_BP,GOBP_VESICLE_MEDIATED_TRANSPORT_TO_THE_PLASMA_MEMBRANE,2,11,50,1500,5.454545454545455,0.04943234891824236,Ndrg4|Sptbn1,0.5116405540900881
drug0,GO_BP,GOBP_VESICLE_ORGANIZATION,6,29,50,1500,6.206896551724138,0.00026763655972315,Apoe|Erc2|Slc17a7|Syt1|Syt7|Zeb2,0.021745470477505937
drug0,GO_BP,GOBP_VIRAL_GENOME_REPLICATION,0,11,50,1500,0.0,1.0,,1.0
drug0,GO_BP,GOBP_VIRAL_LIFE_CYCLE,1,23,50,1500,1.3043478260869565,0.5441591891136924,Apoe,1.0
drug0,GO_BP,GOBP_VIRAL_PROCESS,1,27,50,1500,1.1111111111111112,0.60287685419108,Apoe,1.0
drug0,GO_BP,GOBP_VISUAL_BEHAVIOR,2,14,50,1500,4.285714285714286,0.07677394817604072,Grin2a|Ndrg4,0.639782901467006
drug0,GO_BP,GOBP_WNT_SIGNALING_PATHWAY,2,44,50,1500,1.3636363636363638,0.4358505956229922,Apoe|Zeb2,1.0
drug0,GO_BP,GOBP_WOUND_HEALING,2,62,50,1500,0.9677419354838709,0.6222676450712645,Apoe|Syt7,1.0
drug1,Reactome,REACTOME_ADAPTIVE_IMMUNE_SYSTEM,1,52,50,1500,0.5769230769230769,0.8337216882956524,Col1a2,1.0
drug1,Reactome,REACTOME_ADHERENS_JUNCTIONS_INTERACTIONS,0,11,50,1500,0.0,1.0,,1.0
drug1,Reactome,REACTOME_ANTIGEN_PROCESSING_UBIQUITINATION_PROTEASOME_DEGRADATION,0,11,50,1500,0.0,1.0,,1.0
drug1,Reactome,REACTOME_APOPTOSIS,0,10,50,1500,0.0,1.0,,1.0
drug1,Reactome,REACTOME_ASPARAGINE_N_LINKED_GLYCOSYLATION,0,14,50,1500,0.0,1.0,,1.0
drug1,Reactome,REACTOME_ASSEMBLY_OF_COLLAGEN_FIBRILS_AND_OTHER_MULTIMERIC_STRUCTURES,4,21,50,1500,5.714285714285714,0.004303869683793261,Col12a1|Col1a2|Col6a1|Col6a2,0.04906411439524318
drug1,Reactome,REACTOME_A_TETRASACCHARIDE_LINKER_SEQUENCE_IS_REQUIRED_FOR_GAG_SYNTHESIS,0,10,50,1500,0.0,1.0,,1.0
drug1,Reactome,REACTOME_BASIGIN_INTERACTIONS,1,10,50,1500,3.0,0.2882684421548648,Bsg,0.8943068873020436
drug1,Reactome,REACTOME_CARDIAC_CONDUCTION,0,21,50,1500,0.0,1.0,,1.0
drug1,Reactome,REACTOME_CDC42_GTPASE_CYCLE,0,15,50,1500,0.0,1.0,,1.0
drug1,Reactome,REACTOME_CELLULAR_RESPONSES_TO_STIMULI,4,46,50,1500,2.608695652173913,0.06368167286356924,Fn1|Fos|mt-Co2|mt-Co3,0.3482452466699305
drug1,Reactome,REACTOME_CELLULAR_RESPONSE_TO_CHEMICAL_STRESS,2,15,50,1500,4.0,0.08674586941049843,mt-Co2|mt-Co3,0.37065665489179556
drug1,Reactome,REACTOME_CELL_CELL_COMMUNICATION,0,14,50,1500,0.0,1.0,,1.0
drug1,Reactome,REACTOME_CELL_CELL_JUNCTION_ORGANIZATION,0,11,50,1500,0.0,1.0,,1.0
drug1,Reactome,REACTOME_CELL_CYCLE,0,25,50,1500,0.0,1.0,,1.0
drug1,Reactome,REACTOME_CELL_CYCLE_CHECKPOINTS,0,11,50,1500,0.0,1.0,,1.0
drug1,Reactome,REACTOME_CELL_JUNCTION_ORGANIZATION,0,12,50,1500,0.0,1.0,,1.0
drug1,Reactome,REACTOME_CELL_SURFACE_INTERACTIONS_AT_THE_VASCULAR_WALL,3,25,50,1500,3.5999999999999996,0.04784820721062824,Bsg|Col1a2|Fn1,0.34091847637572625
drug1,Reactome,REACTOME_CHONDROITIN_SULFATE_DERMATAN_SULFATE_METABOLISM,0,10,50,1500,0.0,1.0,,1.0
drug1,Reactome,REACTOME_CLASS_A_1_RHODOPSIN_LIKE_RECEPTORS,1,43,50,1500,0.6976744186046512,0.7721193007548377,Anxa1,1.0
drug1,Reactome,REACTOME_CLASS_I_MHC_MEDIATED_ANTIGEN_PROCESSING_PRESENTATION,0,16,50,1500,0.0,1.0,,1.0
drug1,Reactome,REACTOME_COLLAGEN_BIOSYNTHESIS_AND_MODIFYING_ENZYMES,5,25,50,1500,6.0,0.0010784780790831232,Col12a1|Col1a2|Col25a1|Col6a1|Col6a2,0.030736625253869013
drug1,Reactome,REACTOME_COLLAGEN_CHAIN_TRIMERIZATION,5,23,50,1500,6.521739130434782,0.0007184901473529297,Col12a1|Col1a2|Col25a1|Col6a1|Col6a2,0.02730262559941133
drug1,Reactome,REACTOME_COLLAGEN_DEGRADATION,5,19,50,1500,7.894736842105264,0.00027475298181858104,Col12a1|Col1a2|Col25a1|Col6a1|Col6a2,0.01566091996365912
drug1,Reactome,REACTOME_COLLAGEN_FORMATION,5,28,50,1500,5.357142857142857,0.0018492429945528295,Col12a1|Col1a2|Col25a1|Col6a1|Col6a2,0.03513561689650376
drug1,Reactome,REACTOME_COMPLEMENT_CASCADE,0,11,50,1500,0.0,1.0,,1.0
drug1,Reactome,REACTOME_CYTOKINE_SIGNALING_IN_IMMUNE_SYSTEM,1,34,50,1500,0.8823529411764706,0.6883105763500479,Fos,1.0
drug1,Reactome,REACTOME_DEGRADATION_OF_THE_EXTRACELLULAR_MATRIX,7,30,50,1500,7.0,3.3782447163356733e-05,Bsg|Col12a1|Col1a2|Col25a1|Col6a1|Col6a2|Fn1,0.003851198976622668
drug1,Reactome,REACTOME_DEUBIQUITINATION,0,11,50,1500,0.0,1.0,,1.0
drug1,Reactome,REACTOME_DEVELOPMENTAL_BIOLOGY,2,56,50,1500,1.0714285714285714,0.5656064838861655,Col6a1|Col6a2,1.0
drug1,Reactome,REACTOME_ECM_PROTEOGLYCANS,4,19,50,1500,6.315789473684211,0.0029283511960826723,Col1a2|Col6a1|Col6a2|Fn1,0.041729004544178085
drug1,Reactome,REACTOME_ER_TO_GOLGI_ANTEROGRADE_TRANSPORT,0,10,50,1500,0.0,1.0,,1.0
drug1,Reactome,REACTOME_EXTRACELLULAR_MATRIX_ORGANIZATION,7,67,50,1500,3.134328358208955,0.005585411888253257,Bsg|Col12a1|Col1a2|Col25a1|Col6a1|Col6a2|Fn1,0.05306141293840594
drug1,Reactome,REACTOME_FACTORS_INVOLVED_IN_MEGAKARYOCYTE_DEVELOPMENT_AND_PLATELET_PRODUCTION,0,10,50,1500,0.0,1.0,,1.0
drug1,Reactome,REACTOME_FATTY_ACID_METABOLISM,0,12,50,1500,0.0,1.0,,1.0
drug1,Reactome,REACTOME_GENERIC_TRANSCRIPTION_PATHWAY,2,34,50,1500,1.7647058823529411,0.3143712536930831,mt-Co2|mt-Co3,0.9189313569490122
drug1,Reactome,REACTOME_GENE_EXPRESSION_TRANSCRIPTION,2,36,50,1500,1.6666666666666667,0.33931461253673095,mt-Co2|mt-Co3,0.9209968054568413
drug1,Reactome,REACTOME_GLYCOSAMINOGLYCAN_METABOLISM,2,18,50,1500,3.3333333333333335,0.11872751053120777,Ogn|Slc26a2,0.43661084517928017
drug1,Reactome,REACTOME_GPCR_LIGAND_BINDING,1,52,50,1500,0.5769230769230769,0.8337216882956524,Anxa1,1.0
drug1,Reactome,REACTOME_G_ALPHA_I_SIGNALLING_EVENTS,1,33,50,1500,0.9090909090909091,0.6773123609777841,Anxa1,1.0
drug1,Reactome,REACTOME_G_ALPHA_Q_SIGNALLING_EVENTS,1,27,50,1500,1.1111111111111112,0.60287685419108,Anxa1,1.0
drug1,Reactome,REACTOME_G_ALPHA_S_SIGNALLING_EVENTS,1,18,50,1500,1.6666666666666667,0.45869546617711976,Fn1,1.0
drug1,Reactome,REACTOME_HEMOSTASIS,5,76,50,1500,1.973684210526316,0.10456992143363271,Bsg|Col1a2|Fn1|Islr|S100a10,0.3973657014478043
drug1,Reactome,REACTOME_HEPARAN_SULFATE_HEPARIN_HS_GAG_METABOLISM,0,12,50,1500,0.0,1.0,,1.0
drug1,Reactome,REACTOME_IMMUNE_SYSTEM,3,127,50,1500,0.7086614173228346,0.8116072253457305,Col1a2|Fos|Ttr,1.0
drug1,Reactome,REACTOME_IMMUNOREGULATORY_INTERACTIONS_BETWEEN_A_LYMPHOID_AND_A_NON_LYMPHOID_CELL,1,15,50,1500,2.0,0.4000764265660914,Col1a2,0.9914937527942265
drug1,Reactome,REACTOME_INNATE_IMMUNE_SYSTEM,2,71,50,1500,0.8450704225352113,0.6966202127352072,Fos|Ttr,1.0
drug1,Reactome,REACTOME_INTEGRIN_CELL_SURFACE_INTERACTIONS,5,30,50,1500,5.0,0.0025492731845981973,Bsg|Col1a2|Col6a1|Col6a2|Fn1,0.04151673472059922
drug1,Reactome,REACTOME_INTERFERON_SIGNALING,0,14,50,1500,0.0,1.0,,1.0
drug1,Reactome,REACTOME_INTRACELLULAR_SIGNALING_BY_SECOND_MESSENGERS,0,20,50,1500,0.0,1.0,,1.0
drug1,Reactome,REACTOME_ION_CHANNEL_TRANSPORT,0,29,50,1500,0.0,1.0,,1.0
drug1,Reactome,REACTOME_ION_HOMEOSTASIS,0,17,50,1500,0.0,1.0,,1.0
drug1,Reactome,REACTOME_ION_TRANSPORT_BY_P_TYPE_ATPASES,0,19,50,1500,0.0,1.0,,1.0
drug1,Reactome,REACTOME_L1CAM_INTERACTIONS,0,10,50,1500,0.0,1.0,,1.0
drug1,Reactome,REACTOME_MAPK_FAMILY_SIGNALING_CASCADES,1,27,50,1500,1.1111111111111112,0.60287685419108,Fn1,1.0
drug1,Reactome,REACTOME_METABOLISM,9,99,50,1500,2.7272727272727275,0.004259101135626698,Apoe|Glul|Ogn|Sat1|Slc26a2|Ttr|mt-Co2|mt-Co3|mt-Nd4,0.04906411439524318
drug1,Reactome,REACTOME_METABOLISM_OF_AMINO_ACIDS_AND_DERIVATIVES,2,13,50,1500,4.615384615384615,0.06720522304156554,Glul|Sat1,0.3482452466699305
drug1,Reactome,REACTOME_METABOLISM_OF_CARBOHYDRATES_AND_CARBOHYDRATE_DERIVATIVES,2,23,50,1500,2.608695652173913,0.17706049687331893,Ogn|Slc26a2,0.6307780201111988
drug1,Reactome,REACTOME_METABOLISM_OF_LIPIDS,0,29,50,1500,0.0,1.0,,1.0
drug1,Reactome,REACTOME_METABOLISM_OF_PROTEINS,5,93,50,1500,1.6129032258064515,0.1937717481787172,Adamtsl3|Apoe|Fn1|Igfbp5|Igfbp6,0.6497052733051106
drug1,Reactome,REACTOME_METABOLISM_OF_VITAMINS_AND_COFACTORS,2,10,50,1500,6.0,0.04131092728840577,Apoe|Ttr,0.31396304739188385
drug1,Reactome,REACTOME_MHC_CLASS_II_ANTIGEN_PRESENTATION,0,16,50,1500,0.0,1.0,,1.0
drug1,Reactome,REACTOME_MITOTIC_G2_G2_M_PHASES,0,15,50,1500,0.0,1.0,,1.0
drug1,Reactome,REACTOME_MITOTIC_PROMETAPHASE,0,10,50,1500,0.0,1.0,,1.0
drug1,Reactome,REACTOME_MUSCLE_CONTRACTION,0,35,50,1500,0.0,1.0,,1.0
drug1,Reactome,REACTOME_M_PHASE,0,12,50,1500,0.0,1.0,,1.0
drug1,Reactome,REACTOME_NCAM1_INTERACTIONS,2,12,50,1500,5.0,0.05807792677281182,Col6a1|Col6a2,0.3482452466699305
drug1,Reactome,REACTOME_NCAM_SIGNALING_FOR_NEURITE_OUT_GROWTH,2,13,50,1500,4.615384615384615,0.06720522304156554,Col6a1|Col6a2,0.3482452466699305
drug1,Reactome,REACTOME_NEGATIVE_REGULATION_OF_THE_PI3K_AKT_NETWORK,0,14,50,1500,0.0,1.0,,1.0
drug1,Reactome,REACTOME_NERVOUS_SYSTEM_DEVELOPMENT,2,38,50,1500,1.5789473684210527,0.3640022098915078,Col6a1|Col6a2,0.922138931725153
drug1,Reactome,REACTOME_NEUREXINS_AND_NEUROLIGINS,0,10,50,1500,0.0,1.0,,1.0
drug1,Reactome,REACTOME_NEURONAL_SYSTEM,2,58,50,1500,1.0344827586206897,0.5851264814879288,Glul|Slc38a2,1.0
drug1,Reactome,REACTOME_NEUROTRANSMITTER_RECEPTORS_AND_POSTSYNAPTIC_SIGNAL_TRANSMISSION,0,19,50,1500,0.0,1.0,,1.0
drug1,Reactome,REACTOME_NEUROTRANSMITTER_RELEASE_CYCLE,1,13,50,1500,2.3076923076923075,0.3575867388571701,Slc38a2,0.922138931725153
drug1,Reactome,REACTOME_NEUTROPHIL_DEGRANULATION,1,47,50,1500,0.6382978723404256,0.8018554794378209,Ttr,1.0
drug1,Reactome,REACTOME_NON_INTEGRIN_MEMBRANE_ECM_INTERACTIONS,2,16,50,1500,3.75,0.0970847228115921,Col1a2|Fn1,0.381643393121431
drug1,Reactome,REACTOME_O_LINKED_GLYCOSYLATION,1,13,50,1500,2.3076923076923075,0.3575867388571701,Adamtsl3,0.922138931725153
drug1,Reactome,REACTOME_PEPTIDE_LIGAND_BINDING_RECEPTORS,1,27,50,1500,1.1111111111111112,0.60287685419108,Anxa1,1.0
drug1,Reactome,REACTOME_PLATELET_ACTIVATION_SIGNALING_AND_AGGREGATION,3,32,50,1500,2.8125,0.08778710247437263,Col1a2|Fn1|Islr,0.37065665489179556
drug1,Reactome,REACTOME_PLATELET_HOMEOSTASIS,0,11,50,1500,0.0,1.0,,1.0
drug1,Reactome,REACTOME_POST_TRANSLATIONAL_MODIFICATION_SYNTHESIS_OF_GPI_ANCHORED_PROTEINS,0,11,50,1500,0.0,1.0,,1.0
drug1,Reactome,REACTOME_POST_TRANSLATIONAL_PROTEIN_MODIFICATION,4,82,50,1500,1.4634146341463414,0.2902574985103124,Adamtsl3|Apoe|Fn1|Igfbp5,0.8943068873020436
drug1,Reactome,REACTOME_PROGRAMMED_CELL_DEATH,0,12,50,1500,0.0,1.0,,1.0
drug1,Reactome,REACTOME_PROTEIN_PROTEIN_INTERACTIONS_AT_SYNAPSES,0,18,50,1500,0.0,1.0,,1.0
drug1,Reactome,REACTOME_RAC1_GTPASE_CYCLE,0,22,50,1500,0.0,1.0,,1.0
drug1,Reactome,REACTOME_RAC2_GTPASE_CYCLE,0,11,50,1500,0.0,1.0,,1.0
drug1,Reactome,REACTOME_RAC3_GTPASE_CYCLE,0,13,50,1500,0.0,1.0,,1.0
drug1,Reactome,REACTOME_REGULATION_OF_INSULIN_LIKE_GROWTH_FACTOR_IGF_TRANSPORT_AND_UPTAKE_BY_INSULIN_LIKE_GROWTH_FACTOR_BINDING_PROTEINS_IGFBPS,4,24,50,1500,5.0,0.007096598958267543,Apoe|Fn1|Igfbp5|Igfbp6,0.06223171394173077
drug1,Reactome,REACTOME_RESPONSE_TO_ELEVATED_PLATELET_CYTOSOLIC_CA2,2,24,50,1500,2.5,0.18923912647371055,Fn1|Islr,0.6497052733051106
drug1,Reactome,REACTOME_RHOA_GTPASE_CYCLE,0,20,50,1500,0.0,1.0,,1.0
drug1,Reactome,REACTOME_RHOB_GTPASE_CYCLE,0,11,50,1500,0.0,1.0,,1.0
drug1,Reactome,REACTOME_RHO_GTPASE_CYCLE,0,41,50,1500,0.0,1.0,,1.0
drug1,Reactome,REACTOME_RHO_GTPASE_EFFECTORS,0,19,50,1500,0.0,1.0,,1.0
drug1,Reactome,REACTOME_SENSORY_PERCEPTION,2,12,50,1500,5.0,0.05807792677281182,Apoe|Ttr,0.3482452466699305
drug1,Reactome,REACTOME_SIGNALING_BY_GPCR,2,76,50,1500,0.7894736842105263,0.7325908753187785,Anxa1|Fn1,1.0
drug1,Reactome,REACTOME_SIGNALING_BY_INTERLEUKINS,1,18,50,1500,1.6666666666666667,0.45869546617711976,Fos,1.0
drug1,Reactome,REACTOME_SIGNALING_BY_NUCLEAR_RECEPTORS,0,10,50,1500,0.0,1.0,,1.0
drug1,Reactome,REACTOME_SIGNALING_BY_PDGF,2,16,50,1500,3.75,0.0970847228115921,Col6a1|Col6a2,0.381643393121431
drug1,Reactome,REACTOME_SIGNALING_BY_RECEPTOR_TYROSINE_KINASES,4,48,50,1500,2.5,0.07234859642143912,Col1a2|Col6a1|Col6a2|Fn1,0.3585973909584374
drug1,Reactome,REACTOME_SIGNALING_BY_RHO_GTPASES_MIRO_GTPASES_AND_RHOBTB3,0,54,50,1500,0.0,1.0,,1.0
drug1,Reactome,REACTOME_SIGNALING_BY_VEGF,0,12,50,1500,0.0,1.0,,1.0
drug1,Reactome,REACTOME_SIGNALING_BY_WNT,1,11,50,1500,2.7272727272727275,0.31215205147852715,Rspo3,0.9189313569490122
drug1,Reactome,REACTOME_SLC_MEDIATED_TRANSMEMBRANE_TRANSPORT,6,39,50,1500,4.615384615384615,0.0014235891382705123,Bsg|Slc26a2|Slc26a7|Slc38a2|Slc47a1|Slc4a10,0.03245783235256768
drug1,Reactome,REACTOME_STIMULI_SENSING_CHANNELS,0,10,50,1500,0.0,1.0,,1.0
drug1,Reactome,REACTOME_TOLL_LIKE_RECEPTOR_4_TLR4_CASCADE,1,10,50,1500,3.0,0.2882684421548648,Fos,0.8943068873020436
drug1,Reactome,REACTOME_TOLL_LIKE_RECEPTOR_CASCADES,1,12,50,1500,2.5,0.33524969917904673,Fos,0.9209968054568413
drug1,Reactome,REACTOME_TRANSCRIPTIONAL_REGULATION_BY_TP53,2,14,50,1500,4.285714285714286,0.07677394817604072,mt-Co2|mt-Co3,0.36467625383619345
drug1,Reactome,REACTOME_TRANSMISSION_ACROSS_CHEMICAL_SYNAPSES,2,36,50,1500,1.6666666666666667,0.33931461253673095,Glul|Slc38a2,0.9209968054568413
drug1,Reactome,REACTOME_TRANSPORT_OF_BILE_SALTS_AND_ORGANIC_ACIDS_METAL_IONS_AND_AMINE_COMPOUNDS,2,15,50,1500,4.0,0.08674586941049843,Bsg|Slc47a1,0.37065665489179556
drug1,Reactome,REACTOME_TRANSPORT_OF_INORGANIC_CATIONS_ANIONS_AND_AMINO_ACIDS_OLIGOPEPTIDES,4,22,50,1500,5.454545454545455,0.005132127100932804,Slc26a2|Slc26a7|Slc38a2|Slc4a10,0.05306141293840594
drug1,Reactome,REACTOME_TRANSPORT_OF_SMALL_MOLECULES,7,91,50,1500,2.307692307692308,0.02807909853685554,Apoe|Bsg|Slc26a2|Slc26a7|Slc38a2|Slc47a1|Slc4a10,0.2286440880858237
drug1,Reactome,REACTOME_TRANSPORT_TO_THE_GOLGI_AND_SUBSEQUENT_MODIFICATION,0,12,50,1500,0.0,1.0,,1.0
drug1,Reactome,REACTOME_VESICLE_MEDIATED_TRANSPORT,1,36,50,1500,0.8333333333333334,0.7092162291569126,Apoe,1.0
drug1,Reactome,REACTOME_VISUAL_PHOTOTRANSDUCTION,2,12,50,1500,5.0,0.05807792677281182,Apoe|Ttr,0.3482452466699305
drug1,GO_BP,GOBP_ACIDIC_AMINO_ACID_TRANSPORT,1,20,50,1500,1.5,0.49461650530034706,Slc38a2,0.8708037065146956
drug1,GO_BP,GOBP_ACTIN_FILAMENT_BASED_MOVEMENT,0,16,50,1500,0.0,1.0,,1.0
drug1,GO_BP,GOBP_ACTIN_FILAMENT_BASED_PROCESS,3,114,50,1500,0.7894736842105263,0.7473707236840768,Anxa1|S100a10|Tmsb10,1.0
drug1,GO_BP,GOBP_ACTIN_FILAMENT_BUNDLE_ORGANIZATION,1,29,50,1500,1.0344827586206897,0.6293882879681989,S100a10,0.9948988015061511
drug1,GO_BP,GOBP_ACTIN_FILAMENT_ORGANIZATION,2,60,50,1500,1.0,0.6040144176935394,S100a10|Tmsb10,0.9718053750019817
drug1,GO_BP,GOBP_ACTIN_MEDIATED_CELL_CONTRACTION,0,15,50,1500,0.0,1.0,,1.0
drug1,GO_BP,GOBP_ACTIN_POLYMERIZATION_OR_DEPOLYMERIZATION,0,20,50,1500,0.0,1.0,,1.0
drug1,GO_BP,GOBP_ACTION_POTENTIAL,0,28,50,1500,0.0,1.0,,1.0
drug1,GO_BP,GOBP_ACTIVATED_T_CELL_PROLIFERATION,0,10,50,1500,0.0,1.0,,1.0
drug1,GO_BP,GOBP_ACTIVATION_OF_IMMUNE_RESPONSE,0,52,50,1500,0.0,1.0,,1.0
drug1,GO_BP,GOBP_ACTIVATION_OF_INNATE_IMMUNE_RESPONSE,0,25,50,1500,0.0,1.0,,1.0
drug1,GO_BP,GOBP_ACTOMYOSIN_STRUCTURE_ORGANIZATION,1,38,50,1500,0.7894736842105263,0.7287458866817691,S100a10,1.0
drug1,GO_BP,GOBP_ACUTE_INFLAMMATORY_RESPONSE,2,18,50,1500,3.3333333333333335,0.11872751053120777,Fn1|Serpinb9,0.5228515030168364
drug1,GO_BP,GOBP_ACUTE_PHASE_RESPONSE,1,10,50,1500,3.0,0.2882684421548648,Fn1,0.8025945450868804
drug1,GO_BP,GOBP_ADAPTIVE_IMMUNE_RESPONSE,2,46,50,1500,1.3043478260869565,0.4588829057877858,Anxa1|Serpinb9,0.855143029707743
drug1,GO_BP,GOBP_ADAPTIVE_IMMUNE_RESPONSE_BASED_ON_SOMATIC_RECOMBINATION_OF_IMMUNE_RECEPTORS_BUILT_FROM_IMMUNOGLOBULIN_SUPERFAMILY_DOMAINS,2,39,50,1500,1.5384615384615383,0.3762268611656,Anxa1|Serpinb9,0.8107632229974242
drug1,GO_BP,GOBP_ADAPTIVE_THERMOGENESIS,1,23,50,1500,1.3043478260869565,0.5441591891136924,Foxc2,0.911606888979124
drug1,GO_BP,GOBP_ADENYLATE_CYCLASE_ACTIVATING_G_PROTEIN_COUPLED_RECEPTOR_SIGNALING_PATHWAY,0,25,50,1500,0.0,1.0,,1.0
drug1,GO_BP,GOBP_ADENYLATE_CYCLASE_INHIBITING_G_PROTEIN_COUPLED_RECEPTOR_SIGNALING_PATHWAY,0,10,50,1500,0.0,1.0,,1.0
drug1,GO_BP,GOBP_ADENYLATE_CYCLASE_MODULATING_G_PROTEIN_COUPLED_RECEPTOR_SIGNALING_PATHWAY,0,34,50,1500,0.0,1.0,,1.0
drug1,GO_BP,GOBP_ADHERENS_JUNCTION_ORGANIZATION,0,11,50,1500,0.0,1.0,,1.0
drug1,GO_BP,GOBP_ADRENAL_GLAND_DEVELOPMENT,0,11,50,1500,0.0,1.0,,1.0
drug1,GO_BP,GOBP_ADULT_BEHAVIOR,0,35,50,1500,0.0,1.0,,1.0
drug1,GO_BP,GOBP_ADULT_LOCOMOTORY_BEHAVIOR,0,20,50,1500,0.0,1.0,,1.0
drug1,GO_BP,GOBP_AEROBIC_RESPIRATION,4,15,50,1500,8.0,0.0011385205653101096,Col6a1|mt-Co2|mt-Co3|mt-Nd4,0.1004050101022713
drug1,GO_BP,GOBP_ALCOHOL_METABOLIC_PROCESS,1,23,50,1500,1.3043478260869565,0.5441591891136924,Apoe,0.911606888979124
drug1,GO_BP,GOBP_ALPHA_AMINO_ACID_METABOLIC_PROCESS,1,16,50,1500,1.875,0.4202758734830577,Glul,0.831849323276454
drug1,GO_BP,GOBP_ALPHA_BETA_T_CELL_ACTIVATION,1,25,50,1500,1.2,0.5745095173169409,Anxa1,0.9420564739051756
drug1,GO_BP,GOBP_ALPHA_BETA_T_CELL_DIFFERENTIATION,1,20,50,1500,1.5,0.49461650530034706,Anxa1,0.8708037065146956
drug1,GO_BP,GOBP_AMEBOIDAL_TYPE_CELL_MIGRATION,3,48,50,1500,1.875,0.2129617728476184,Ccn3|Fn1|Twist1,0.7287779644943017
drug1,GO_BP,GOBP_AMIDE_BIOSYNTHETIC_PROCESS,0,11,50,1500,0.0,1.0,,1.0
drug1,GO_BP,GOBP_AMIDE_METABOLIC_PROCESS,1,34,50,1500,0.8823529411764706,0.6883105763500479,Apoe,1.0
drug1,GO_BP,GOBP_AMIDE_TRANSPORT,4,53,50,1500,2.2641509433962264,0.09651755844300068,Anxa1|Ccn3|Glul|Ildr2,0.4723433370324466
drug1,GO_BP,GOBP_AMINE_METABOLIC_PROCESS,1,16,50,1500,1.875,0.4202758734830577,Sat1,0.831849323276454
drug1,GO_BP,GOBP_AMINE_TRANSPORT,1,24,50,1500,1.25,0.5595904961849962,Slc38a2,0.9269465405714771
drug1,GO_BP,GOBP_AMINO_ACID_BIOSYNTHETIC_PROCESS,1,10,50,1500,3.0,0.2882684421548648,Glul,0.8025945450868804
drug1,GO_BP,GOBP_AMINO_ACID_IMPORT_ACROSS_PLASMA_MEMBRANE,2,20,50,1500,3.0,0.14144844471358778,Slc38a2|Slc47a1,0.5717754295014431
drug1,GO_BP,GOBP_AMINO_ACID_METABOLIC_PROCESS,1,19,50,1500,1.5789473684210527,0.4769581022710094,Glul,0.8611743513226557
drug1,GO_BP,GOBP_AMINO_ACID_TRANSMEMBRANE_TRANSPORT,2,29,50,1500,2.0689655172413794,0.25147901761228364,Slc38a2|Slc47a1,0.7950455323345543
drug1,GO_BP,GOBP_AMINO_ACID_TRANSPORT,2,40,50,1500,1.5,0.3883610132921429,Slc38a2|Slc47a1,0.8194525798857352
drug1,GO_BP,GOBP_ANATOMICAL_STRUCTURE_FORMATION_INVOLVED_IN_MORPHOGENESIS,13,201,50,1500,1.9402985074626866,0.011356911718142708,Anxa1|Bsg|Ccn3|Col12a1|Col6a1|Fn1|Foxc2|Foxd1|Glul|Hes1|Klf4|Rspo3|Twist1,0.20891664244200267
drug1,GO_BP,GOBP_ANATOMICAL_STRUCTURE_MATURATION,1,41,50,1500,0.7317073170731707,0.755653168747937,Hes1,1.0
drug1,GO_BP,GOBP_ANGIOGENESIS,8,117,50,1500,2.0512820512820515,0.03593703286598391,Anxa1|Bsg|Ccn3|Fn1|Foxc2|Glul|Klf4|Rspo3,0.3318049909501355
drug1,GO_BP,GOBP_ANIMAL_ORGAN_MORPHOGENESIS,11,151,50,1500,2.185430463576159,0.008652186908008392,Bsg|Col1a2|Col6a1|Efemp1|Foxc2|Foxd1|Hes1|Id3|Igfbp5|Slc4a10|Twist1,0.17797219905713463
drug1,GO_BP,GOBP_ANIMAL_ORGAN_REGENERATION,0,15,50,1500,0.0,1.0,,1.0
drug1,GO_BP,GOBP_ANTERIOR_POSTERIOR_PATTERN_SPECIFICATION,2,22,50,1500,2.7272727272727275,0.1650200797304365,Foxc2|Hes1,0.6193016849005989
drug1,GO_BP,GOBP_ANTIGEN_PROCESSING_AND_PRESENTATION,0,11,50,1500,0.0,1.0,,1.0
drug1,GO_BP,GOBP_ANTIGEN_RECEPTOR_MEDIATED_SIGNALING_PATHWAY,0,18,50,1500,0.0,1.0,,1.0
drug1,GO_BP,GOBP_ANTIMICROBIAL_HUMORAL_IMMUNE_RESPONSE_MEDIATED_BY_ANTIMICROBIAL_PEPTIDE,0,14,50,1500,0.0,1.0,,1.0
drug1,GO_BP,GOBP_ANTIMICROBIAL_HUMORAL_RESPONSE,0,19,50,1500,0.0,1.0,,1.0
drug1,GO_BP,GOBP_AORTA_DEVELOPMENT,1,11,50,1500,2.7272727272727275,0.31215205147852715,Hes1,0.8025945450868804
drug1,GO_BP,GOBP_APICAL_JUNCTION_ASSEMBLY,0,12,50,1500,0.0,1.0,,1.0
drug1,GO_BP,GOBP_APOPTOTIC_MITOCHONDRIAL_CHANGES,0,15,50,1500,0.0,1.0,,1.0
drug1,GO_BP,GOBP_APOPTOTIC_SIGNALING_PATHWAY,1,74,50,1500,0.4054054054054054,0.9236899348656785,Klf4,1.0
drug1,GO_BP,GOBP_APPENDAGE_DEVELOPMENT,3,21,50,1500,4.285714285714286,0.03036754457633339,Col6a1|Rspo3|Twist1,0.3166225253313666
drug1,GO_BP,GOBP_APPENDAGE_MORPHOGENESIS,2,18,50,1500,3.3333333333333335,0.11872751053120777,Col6a1|Twist1,0.5228515030168364
drug1,GO_BP,GOBP_ARTERY_DEVELOPMENT,3,24,50,1500,3.75,0.04309557126901202,Apoe|Foxc2|Hes1,0.3449768636066233
drug1,GO_BP,GOBP_ARTERY_MORPHOGENESIS,3,24,50,1500,3.75,0.04309557126901202,Apoe|Foxc2|Hes1,0.3449768636066233
drug1,GO_BP,GOBP_ASSOCIATIVE_LEARNING,1,25,50,1500,1.2,0.5745095173169409,Fos,0.9420564739051756
drug1,GO_BP,GOBP_ASTROCYTE_DEVELOPMENT,0,11,50,1500,0.0,1.0,,1.0
drug1,GO_BP,GOBP_ASTROCYTE_DIFFERENTIATION,1,24,50,1500,1.25,0.5595904961849962,Hes1,0.9269465405714771
drug1,GO_BP,GOBP_ATP_METABOLIC_PROCESS,3,15,50,1500,6.0,0.011956460152065383,Col6a1|Zbtb20|mt-Nd4,0.20891664244200267
drug1,GO_BP,GOBP_AXONEME_ASSEMBLY,0,20,50,1500,0.0,1.0,,1.0
drug1,GO_BP,GOBP_AXON_DEVELOPMENT,7,96,50,1500,2.1875,0.03637519064370962,Apoe|Bsg|Col25a1|Fn1|Foxd1|Klf4|Mbp,0.33207688087656256
drug1,GO_BP,GOBP_AXON_ENSHEATHMENT_IN_CENTRAL_NERVOUS_SYSTEM,0,12,50,1500,0.0,1.0,,1.0
drug1,GO_BP,GOBP_AXON_EXTENSION,2,26,50,1500,2.3076923076923075,0.21392436250078883,Apoe|Fn1,0.7287779644943017
drug1,GO_BP,GOBP_AXON_REGENERATION,2,14,50,1500,4.285714285714286,0.07677394817604072,Apoe|Klf4,0.43168742486528083
drug1,GO_BP,GOBP_BEHAVIOR,5,126,50,1500,1.1904761904761905,0.41218519550425714,Apoe|Col6a1|Egr1|Fos|Slc4a10,0.831849323276454
drug1,GO_BP,GOBP_BIOLOGICAL_PROCESS_INVOLVED_IN_INTERACTION_WITH_HOST,1,13,50,1500,2.3076923076923075,0.3575867388571701,Bsg,0.8025945450868804
drug1,GO_BP,GOBP_BIOLOGICAL_PROCESS_INVOLVED_IN_INTRASPECIES_INTERACTION_BETWEEN_ORGANISMS,0,11,50,1500,0.0,1.0,,1.0
drug1,GO_BP,GOBP_BIOLOGICAL_PROCESS_INVOLVED_IN_SYMBIOTIC_INTERACTION,2,17,50,1500,3.5294117647058822,0.10775612872998955,Bsg|Fn1,0.5002963119606657
drug1,GO_BP,GOBP_BIOMINERAL_TISSUE_DEVELOPMENT,4,28,50,1500,4.285714285714286,0.01239328589341737,Col1a2|Col6a1|Mgp|Twist1,0.20978218309170027
drug1,GO_BP,GOBP_BLASTOCYST_DEVELOPMENT,1,12,50,1500,2.5,0.33524969917904673,Klf4,0.8025945450868804
drug1,GO_BP,GOBP_BLOOD_VESSEL_ENDOTHELIAL_CELL_MIGRATION,4,32,50,1500,3.75,0.019732682839665606,Anxa1|Apoe|Foxc2|Klf4,0.2498134290030474
drug1,GO_BP,GOBP_BLOOD_VESSEL_MORPHOGENESIS,10,136,50,1500,2.2058823529411766,0.011718079512395025,Anxa1|Apoe|Bsg|Ccn3|Fn1|Foxc2|Glul|Hes1|Klf4|Rspo3,0.20891664244200267
drug1,GO_BP,GOBP_BLOOD_VESSEL_REMODELING,2,13,50,1500,4.615384615384615,0.06720522304156554,Foxc2|Rspo3,0.40298334849647227
drug1,GO_BP,GOBP_BODY_FLUID_SECRETION,1,17,50,1500,1.7647058823529411,0.4398083575301246,mt-Co2,0.8437881711764491
drug1,GO_BP,GOBP_BODY_MORPHOGENESIS,0,11,50,1500,0.0,1.0,,1.0
drug1,GO_BP,GOBP_BONE_DEVELOPMENT,4,36,50,1500,3.3333333333333335,0.02931236097787959,Bnc2|Col6a1|Ogn|Twist1,0.3166225253313666
drug1,GO_BP,GOBP_BONE_MINERALIZATION,4,26,50,1500,4.615384615384615,0.009504907071487278,Col1a2|Col6a1|Mgp|Twist1,0.19172792025796126
drug1,GO_BP,GOBP_BONE_MORPHOGENESIS,1,14,50,1500,2.142857142857143,0.3791877227557184,Twist1,0.8107632229974242
drug1,GO_BP,GOBP_BONE_REMODELING,0,15,50,1500,0.0,1.0,,1.0
drug1,GO_BP,GOBP_BONE_RESORPTION,0,10,50,1500,0.0,1.0,,1.0
drug1,GO_BP,GOBP_BRAIN_DERIVED_NEUROTROPHIC_FACTOR_RECEPTOR_SIGNALING_PATHWAY,0,21,50,1500,0.0,1.0,,1.0
drug1,GO_BP,GOBP_BRANCHING_INVOLVED_IN_BLOOD_VESSEL_MORPHOGENESIS,1,13,50,1500,2.3076923076923075,0.3575867388571701,Foxc2,0.8025945450868804
drug1,GO_BP,GOBP_BRANCHING_MORPHOGENESIS_OF_AN_EPITHELIAL_TUBE,3,30,50,1500,3.0,0.07524124775221704,Foxc2|Foxd1|Mgp,0.43168742486528083
drug1,GO_BP,GOBP_BROWN_FAT_CELL_DIFFERENTIATION,0,16,50,1500,0.0,1.0,,1.0
drug1,GO_BP,GOBP_B_CELL_ACTIVATION,0,31,50,1500,0.0,1.0,,1.0
drug1,GO_BP,GOBP_B_CELL_ACTIVATION_INVOLVED_IN_IMMUNE_RESPONSE,0,10,50,1500,0.0,1.0,,1.0
drug1,GO_BP,GOBP_B_CELL_DIFFERENTIATION,0,18,50,1500,0.0,1.0,,1.0
drug1,GO_BP,GOBP_B_CELL_MEDIATED_IMMUNITY,0,16,50,1500,0.0,1.0,,1.0
drug1,GO_BP,GOBP_B_CELL_PROLIFERATION,0,16,50,1500,0.0,1.0,,1.0
drug1,GO_BP,GOBP_CALCIUM_ION_HOMEOSTASIS,1,49,50,1500,0.6122448979591837,0.8152623048291225,Apoe,1.0
drug1,GO_BP,GOBP_CALCIUM_ION_IMPORT,1,13,50,1500,2.3076923076923075,0.3575867388571701,Hes1,0.8025945450868804
drug1,GO_BP,GOBP_CALCIUM_ION_REGULATED_EXOCYTOSIS,0,11,50,1500,0.0,1.0,,1.0
drug1,GO_BP,GOBP_CALCIUM_ION_TRANSMEMBRANE_IMPORT_INTO_CYTOSOL,0,22,50,1500,0.0,1.0,,1.0
drug1,GO_BP,GOBP_CALCIUM_ION_TRANSMEMBRANE_TRANSPORT,0,43,50,1500,0.0,1.0,,1.0
drug1,GO_BP,GOBP_CALCIUM_ION_TRANSPORT,1,67,50,1500,0.44776119402985076,0.9021004487597856,Hes1,1.0
drug1,GO_BP,GOBP_CALCIUM_MEDIATED_SIGNALING,0,38,50,1500,0.0,1.0,,1.0
drug1,GO_BP,GOBP_CAMERA_TYPE_EYE_MORPHOGENESIS,1,29,50,1500,1.0344827586206897,0.6293882879681989,Twist1,0.9948988015061511
drug1,GO_BP,GOBP_CANONICAL_NF_KAPPAB_SIGNAL_TRANSDUCTION,1,25,50,1500,1.2,0.5745095173169409,Klf4,0.9420564739051756
drug1,GO_BP,GOBP_CANONICAL_WNT_SIGNALING_PATHWAY,6,29,50,1500,6.206896551724138,0.00026763655972315,Apoe|Col6a1|Egr1|Foxd1|Klf4|Rspo3,0.054363676193764844
drug1,GO_BP,GOBP_CARBOHYDRATE_BIOSYNTHETIC_PROCESS,0,13,50,1500,0.0,1.0,,1.0
drug1,GO_BP,GOBP_CARBOHYDRATE_CATABOLIC_PROCESS,2,12,50,1500,5.0,0.05807792677281182,Col6a1|Zbtb20,0.3761118913787054
drug1,GO_BP,GOBP_CARBOHYDRATE_DERIVATIVE_BIOSYNTHETIC_PROCESS,2,23,50,1500,2.608695652173913,0.17706049687331893,Slc4a10|mt-Nd4,0.6539166077707802
drug1,GO_BP,GOBP_CARBOHYDRATE_DERIVATIVE_CATABOLIC_PROCESS,2,19,50,1500,3.1578947368421053,0.12996801648711176,Col6a1|Zbtb20,0.548529144327197
drug1,GO_BP,GOBP_CARBOHYDRATE_DERIVATIVE_METABOLIC_PROCESS,4,57,50,1500,2.1052631578947367,0.11828334137462482,Col6a1|Slc4a10|Zbtb20|mt-Nd4,0.5228515030168364
drug1,GO_BP,GOBP_CARBOHYDRATE_HOMEOSTASIS,2,36,50,1500,1.6666666666666667,0.33931461253673095,Igfbp5|Zbtb20,0.8025945450868804
drug1,GO_BP,GOBP_CARBOHYDRATE_METABOLIC_PROCESS,2,36,50,1500,1.6666666666666667,0.33931461253673095,Col6a1|Zbtb20,0.8025945450868804
drug1,GO_BP,GOBP_CARBOHYDRATE_TRANSPORT,0,11,50,1500,0.0,1.0,,1.0
drug1,GO_BP,GOBP_CARDIAC_CELL_DEVELOPMENT,0,22,50,1500,0.0,1.0,,1.0
drug1,GO_BP,GOBP_CARDIAC_CHAMBER_DEVELOPMENT,2,32,50,1500,1.875,0.2892565406012864,Foxc2|Hes1,0.8025945450868804
drug1,GO_BP,GOBP_CARDIAC_CHAMBER_MORPHOGENESIS,2,29,50,1500,2.0689655172413794,0.25147901761228364,Foxc2|Hes1,0.7950455323345543
drug1,GO_BP,GOBP_CARDIAC_CONDUCTION,0,12,50,1500,0.0,1.0,,1.0
drug1,GO_BP,GOBP_CARDIAC_EPITHELIAL_TO_MESENCHYMAL_TRANSITION,1,10,50,1500,3.0,0.2882684421548648,Twist1,0.8025945450868804
drug1,GO_BP,GOBP_CARDIAC_MUSCLE_CELL_CONTRACTION,0,12,50,1500,0.0,1.0,,1.0
drug1,GO_BP,GOBP_CARDIAC_MUSCLE_CELL_DIFFERENTIATION,0,26,50,1500,0.0,1.0,,1.0
drug1,GO_BP,GOBP_CARDIAC_MUSCLE_CELL_PROLIFERATION,1,12,50,1500,2.5,0.33524969917904673,Foxc2,0.8025945450868804
drug1,GO_BP,GOBP_CARDIAC_MUSCLE_CONTRACTION,0,23,50,1500,0.0,1.0,,1.0
drug1,GO_BP,GOBP_CARDIAC_MUSCLE_TISSUE_DEVELOPMENT,1,48,50,1500,0.625,0.8086739419485636,Foxc2,1.0
drug1,GO_BP,GOBP_CARDIAC_MUSCLE_TISSUE_MORPHOGENESIS,1,15,50,1500,2.0,0.4000764265660914,Foxc2,0.8194525798857352
drug1,GO_BP,GOBP_CARDIAC_SEPTUM_DEVELOPMENT,1,22,50,1500,1.3636363636363638,0.5281983764075895,Hes1,0.9034972228024557
drug1,GO_BP,GOBP_CARDIAC_SEPTUM_MORPHOGENESIS,1,18,50,1500,1.6666666666666667,0.45869546617711976,Hes1,0.855143029707743
drug1,GO_BP,GOBP_CARDIAC_VENTRICLE_DEVELOPMENT,2,25,50,1500,2.4,0.20153398901832625,Foxc2|Hes1,0.7073948991788396
drug1,GO_BP,GOBP_CARDIAC_VENTRICLE_MORPHOGENESIS,1,16,50,1500,1.875,0.4202758734830577,Foxc2,0.831849323276454
drug1,GO_BP,GOBP_CARDIOCYTE_DIFFERENTIATION,2,39,50,1500,1.5384615384615383,0.3762268611656,Hes1|Twist1,0.8107632229974242
drug1,GO_BP,GOBP_CARTILAGE_DEVELOPMENT,6,35,50,1500,5.142857142857142,0.0007844703332287634,Ccn3|Col6a1|Efemp1|Mgp|Ogn|Slc26a2,0.09105459224976718
drug1,GO_BP,GOBP_CATECHOLAMINE_SECRETION,0,14,50,1500,0.0,1.0,,1.0
drug1,GO_BP,GOBP_CATECHOLAMINE_TRANSPORT,0,15,50,1500,0.0,1.0,,1.0
drug1,GO_BP,GOBP_CATECHOL_CONTAINING_COMPOUND_METABOLIC_PROCESS,0,13,50,1500,0.0,1.0,,1.0
drug1,GO_BP,GOBP_CD4_POSITIVE_ALPHA_BETA_T_CELL_ACTIVATION,1,19,50,1500,1.5789473684210527,0.4769581022710094,Anxa1,0.8611743513226557
drug1,GO_BP,GOBP_CD4_POSITIVE_ALPHA_BETA_T_CELL_DIFFERENTIATION,1,15,50,1500,2.0,0.4000764265660914,Anxa1,0.8194525798857352
drug1,GO_BP,GOBP_CELLULAR_COMPONENT_ASSEMBLY_INVOLVED_IN_MORPHOGENESIS,0,25,50,1500,0.0,1.0,,1.0
drug1,GO_BP,GOBP_CELLULAR_COMPONENT_DISASSEMBLY,1,43,50,1500,0.6976744186046512,0.7721193007548377,Col6a1,1.0
drug1,GO_BP,GOBP_CELLULAR_COMPONENT_MAINTENANCE,2,14,50,1500,4.285714285714286,0.07677394817604072,Apoe|Neat1,0.43168742486528083
drug1,GO_BP,GOBP_CELLULAR_EXTRAVASATION,0,13,50,1500,0.0,1.0,,1.0
drug1,GO_BP,GOBP_CELLULAR_HOMEOSTASIS,5,95,50,1500,1.5789473684210527,0.20574917511289953,Apoe|Glul|Mt1|Slc4a10|Zbtb20,0.7159366371701535
drug1,GO_BP,GOBP_CELLULAR_OXIDANT_DETOXIFICATION,1,10,50,1500,3.0,0.2882684421548648,Apoe,0.8025945450868804
drug1,GO_BP,GOBP_CELLULAR_PROCESS_INVOLVED_IN_REPRODUCTION_IN_MULTICELLULAR_ORGANISM,0,43,50,1500,0.0,1.0,,1.0
drug1,GO_BP,GOBP_CELLULAR_RESPIRATION,4,17,50,1500,7.0588235294117645,0.001889242439258249,Col6a1|mt-Co2|mt-Co3|mt-Nd4,0.11807765245364056
drug1,GO_BP,GOBP_CELLULAR_RESPONSE_TO_ABIOTIC_STIMULUS,2,37,50,1500,1.6216216216216215,0.3516951994318052,Egr1|Slc38a2,0.8025945450868804
drug1,GO_BP,GOBP_CELLULAR_RESPONSE_TO_ACID_CHEMICAL,3,22,50,1500,4.090909090909091,0.034352084177712426,Col1a2|Col6a1|S100a10,0.32547246221191073
drug1,GO_BP,GOBP_CELLULAR_RESPONSE_TO_ALCOHOL,2,11,50,1500,5.454545454545455,0.04943234891824236,Fos|Klf4,0.35543171235461873
drug1,GO_BP,GOBP_CELLULAR_RESPONSE_TO_BIOTIC_STIMULUS,0,34,50,1500,0.0,1.0,,1.0
drug1,GO_BP,GOBP_CELLULAR_RESPONSE_TO_CALCIUM_ION,1,20,50,1500,1.5,0.49461650530034706,Fos,0.8708037065146956
drug1,GO_BP,GOBP_CELLULAR_RESPONSE_TO_CAMP,1,10,50,1500,3.0,0.2882684421548648,Igfbp5,0.8025945450868804
drug1,GO_BP,GOBP_CELLULAR_RESPONSE_TO_CARBOHYDRATE_STIMULUS,1,23,50,1500,1.3043478260869565,0.5441591891136924,Zbtb20,0.911606888979124
drug1,GO_BP,GOBP_CELLULAR_RESPONSE_TO_CHEMICAL_STRESS,3,40,50,1500,2.25,0.1456779707612884,Anxa1|Fos|Klf4,0.5816380896488788
drug1,GO_BP,GOBP_CELLULAR_RESPONSE_TO_ENDOGENOUS_STIMULUS,12,167,50,1500,2.155688622754491,0.0066645263449801465,Anxa1|Col1a2|Col6a1|Egr1|Fos|Foxc2|Foxd1|Hes1|Klf4|Nbl1|Tsc22d1|Twist1,0.16870579635472552
drug1,GO_BP,GOBP_CELLULAR_RESPONSE_TO_EXTERNAL_STIMULUS,1,12,50,1500,2.5,0.33524969917904673,Slc38a2,0.8025945450868804
drug1,GO_BP,GOBP_CELLULAR_RESPONSE_TO_HEAT,0,12,50,1500,0.0,1.0,,1.0
drug1,GO_BP,GOBP_CELLULAR_RESPONSE_TO_HORMONE_STIMULUS,4,83,50,1500,1.4457831325301205,0.2979517645922285,Anxa1|Col6a1|Fos|Foxc2,0.8025945450868804
drug1,GO_BP,GOBP_CELLULAR_RESPONSE_TO_HYDROGEN_PEROXIDE,2,12,50,1500,5.0,0.05807792677281182,Anxa1|Klf4,0.3761118913787054
drug1,GO_BP,GOBP_CELLULAR_RESPONSE_TO_HYPOXIA,3,22,50,1500,4.090909090909091,0.034352084177712426,Egr1|Fos|Twist1,0.32547246221191073
drug1,GO_BP,GOBP_CELLULAR_RESPONSE_TO_INSULIN_STIMULUS,2,36,50,1500,1.6666666666666667,0.33931461253673095,Col6a1|Foxc2,0.8025945450868804
drug1,GO_BP,GOBP_CELLULAR_RESPONSE_TO_INTERLEUKIN_1,3,13,50,1500,6.9230769230769225,0.007877797294666476,Egr1|Fn1|Hes1,0.17068560805110697
drug1,GO_BP,GOBP_CELLULAR_RESPONSE_TO_KETONE,2,13,50,1500,4.615384615384615,0.06720522304156554,Fos|Klf4,0.40298334849647227
drug1,GO_BP,GOBP_CELLULAR_RESPONSE_TO_LIPID,5,71,50,1500,2.112676056338028,0.08340125965686701,Anxa1|Fos|Hes1|Id3|Klf4,0.4487650561006917
drug1,GO_BP,GOBP_CELLULAR_RESPONSE_TO_METAL_ION,3,37,50,1500,2.4324324324324325,0.12265434187292903,Fn1|Fos|Mt1,0.5343520255858168
drug1,GO_BP,GOBP_CELLULAR_RESPONSE_TO_NITROGEN_COMPOUND,6,104,50,1500,1.7307692307692306,0.12715694986369622,Col6a1|Egr1|Fos|Foxc2|Igfbp5|Klf4,0.548529144327197
drug1,GO_BP,GOBP_CELLULAR_RESPONSE_TO_NUTRIENT_LEVELS,3,26,50,1500,3.4615384615384612,0.052849507228777036,Fos|Glul|Slc38a2,0.36544872019899016
drug1,GO_BP,GOBP_CELLULAR_RESPONSE_TO_OXIDATIVE_STRESS,3,28,50,1500,3.2142857142857144,0.06357900563394787,Anxa1|Fos|Klf4,0.3943354357067378
drug1,GO_BP,GOBP_CELLULAR_RESPONSE_TO_OXYGEN_CONTAINING_COMPOUND,12,169,50,1500,2.130177514792899,0.007341435756608395,Anxa1|Col6a1|Egr1|Fos|Foxc2|Hes1|Id3|Igfbp5|Klf4|Mt1|Slc38a2|Zbtb20,0.17068560805110697
drug1,GO_BP,GOBP_CELLULAR_RESPONSE_TO_OXYGEN_LEVELS,3,23,50,1500,3.913043478260869,0.03859569973016896,Egr1|Fos|Twist1,0.337193613234003
drug1,GO_BP,GOBP_CELLULAR_RESPONSE_TO_PEPTIDE_HORMONE_STIMULUS,3,51,50,1500,1.7647058823529411,0.23980914780251136,Col6a1|Fos|Foxc2,0.7809416135853325
drug1,GO_BP,GOBP_CELLULAR_RESPONSE_TO_RADIATION,1,14,50,1500,2.142857142857143,0.3791877227557184,Egr1,0.8107632229974242
drug1,GO_BP,GOBP_CELLULAR_RESPONSE_TO_REACTIVE_OXYGEN_SPECIES,3,21,50,1500,4.285714285714286,0.03036754457633339,Anxa1|Fos|Klf4,0.3166225253313666
drug1,GO_BP,GOBP_CELLULAR_RESPONSE_TO_STARVATION,3,17,50,1500,5.294117647058823,0.01704917842361118,Fos|Glul|Slc38a2,0.2367941447723775
drug1,GO_BP,GOBP_CELLULAR_RESPONSE_TO_STEROID_HORMONE_STIMULUS,1,17,50,1500,1.7647058823529411,0.4398083575301246,Anxa1,0.8437881711764491
drug1,GO_BP,GOBP_CELLULAR_RESPONSE_TO_STRESS,9,149,50,1500,1.8120805369127517,0.05279849772010994,Anxa1|Apoe|Egr1|Fos|Glul|Igfbp6|Klf4|Slc38a2|Twist1,0.36544872019899016
drug1,GO_BP,GOBP_CELLULAR_RESPONSE_TO_TOXIC_SUBSTANCE,1,17,50,1500,1.7647058823529411,0.4398083575301246,Apoe,0.8437881711764491
drug1,GO_BP,GOBP_CELLULAR_RESPONSE_TO_VASCULAR_ENDOTHELIAL_GROWTH_FACTOR_STIMULUS,1,35,50,1500,0.8571428571428571,0.6989411842507965,Anxa1,1.0
drug1,GO_BP,GOBP_CELLULAR_RESPONSE_TO_XENOBIOTIC_STIMULUS,0,25,50,1500,0.0,1.0,,1.0
drug1,GO_BP,GOBP_CELLULAR_SENESCENCE,1,11,50,1500,2.7272727272727275,0.31215205147852715,Twist1,0.8025945450868804
drug1,GO_BP,GOBP_CELL_ACTIVATION,6,146,50,1500,1.2328767123287672,0.35853321988967013,Anxa1|Apoe|Egr1|Fn1|Hes1|Ildr2,0.8036089411320192
drug1,GO_BP,GOBP_CELL_ACTIVATION_INVOLVED_IN_IMMUNE_RESPONSE,1,44,50,1500,0.6818181818181819,0.7799395031997644,Anxa1,1.0
drug1,GO_BP,GOBP_CELL_ADHESION,13,251,50,1500,1.5537848605577689,0.06109725861076827,Anxa1|Bsg|Ccn3|Col12a1|Col6a1|Col6a2|Fn1|Foxc2|Hes1|Ildr2|Klf4|Mbp|S100a10,0.3848180048158854
drug1,GO_BP,GOBP_CELL_ADHESION_MEDIATED_BY_INTEGRIN,2,18,50,1500,3.3333333333333335,0.11872751053120777,Ccn3|Foxc2,0.5228515030168364
drug1,GO_BP,GOBP_CELL_CELL_ADHESION,7,137,50,1500,1.5328467153284673,0.16488636179408922,Anxa1|Bsg|Ccn3|Hes1|Ildr2|Klf4|Mbp,0.6193016849005989
drug1,GO_BP,GOBP_CELL_CELL_ADHESION_MEDIATED_BY_CADHERIN,0,10,50,1500,0.0,1.0,,1.0
drug1,GO_BP,GOBP_CELL_CELL_ADHESION_VIA_PLASMA_MEMBRANE_ADHESION_MOLECULES,3,42,50,1500,2.142857142857143,0.1617741692783923,Bsg|Klf4|Mbp,0.6156511125934133
drug1,GO_BP,GOBP_CELL_CELL_JUNCTION_ASSEMBLY,0,28,50,1500,0.0,1.0,,1.0
drug1,GO_BP,GOBP_CELL_CELL_JUNCTION_ORGANIZATION,0,39,50,1500,0.0,1.0,,1.0
drug1,GO_BP,GOBP_CELL_CELL_SIGNALING,10,204,50,1500,1.4705882352941178,0.1302967690524911,Anxa1|Apoe|Ccn3|Egr1|Foxd1|Glul|Hes1|Ildr2|Slc38a2|Slc4a10,0.548529144327197
drug1,GO_BP,GOBP_CELL_CHEMOTAXIS,4,69,50,1500,1.7391304347826089,0.19457719500567752,Anxa1|Bsg|Ccn3|Nbl1,0.6995308448766062
drug1,GO_BP,GOBP_CELL_CYCLE,3,136,50,1500,0.6617647058823529,0.8477624283870748,Anxa1|Hes1|Klf4,1.0
drug1,GO_BP,GOBP_CELL_CYCLE_CHECKPOINT_SIGNALING,0,14,50,1500,0.0,1.0,,1.0
drug1,GO_BP,GOBP_CELL_CYCLE_G1_S_PHASE_TRANSITION,2,33,50,1500,1.8181818181818181,0.301829565218506,Anxa1|Klf4,0.8025945450868804
drug1,GO_BP,GOBP_CELL_CYCLE_G2_M_PHASE_TRANSITION,0,16,50,1500,0.0,1.0,,1.0
drug1,GO_BP,GOBP_CELL_CYCLE_PHASE_TRANSITION,2,56,50,1500,1.0714285714285714,0.5656064838861655,Anxa1|Klf4,0.9359577762882066
drug1,GO_BP,GOBP_CELL_CYCLE_PROCESS,2,103,50,1500,0.5825242718446603,0.8707040201360202,Anxa1|Klf4,1.0
drug1,GO_BP,GOBP_CELL_DIFFERENTIATION_INVOLVED_IN_KIDNEY_DEVELOPMENT,2,13,50,1500,4.615384615384615,0.06720522304156554,Foxc2|Hes1,0.40298334849647227
drug1,GO_BP,GOBP_CELL_DIVISION,0,50,50,1500,0.0,1.0,,1.0
drug1,GO_BP,GOBP_CELL_FATE_COMMITMENT,2,41,50,1500,1.4634146341463414,0.40039713749493766,Foxc2|Hes1,0.8194525798857352
drug1,GO_BP,GOBP_CELL_FATE_DETERMINATION,1,10,50,1500,3.0,0.2882684421548648,Hes1,0.8025945450868804
drug1,GO_BP,GOBP_CELL_FATE_SPECIFICATION,0,11,50,1500,0.0,1.0,,1.0
drug1,GO_BP,GOBP_CELL_GROWTH,4,74,50,1500,1.6216216216216215,0.23019799603042054,Apoe|Ccn3|Fn1|Igfbp5,0.7638058800705964
drug1,GO_BP,GOBP_CELL_JUNCTION_ASSEMBLY,2,93,50,1500,0.6451612903225806,0.8293988287870959,Fn1|S100a10,1.0
drug1,GO_BP,GOBP_CELL_JUNCTION_ORGANIZATION,3,155,50,1500,0.5806451612903225,0.9052326868405244,Apoe|Fn1|S100a10,1.0
drug1,GO_BP,GOBP_CELL_KILLING,1,20,50,1500,1.5,0.49461650530034706,Serpinb9,0.8708037065146956
drug1,GO_BP,GOBP_CELL_MATRIX_ADHESION,2,45,50,1500,1.3333333333333333,0.4474305107818257,Fn1|S100a10,0.8543767097772818
drug1,GO_BP,GOBP_CELL_MATURATION,1,33,50,1500,0.9090909090909091,0.6773123609777841,Hes1,1.0
drug1,GO_BP,GOBP_CELL_MIGRATION,16,260,50,1500,1.8461538461538463,0.007418701289597973,Anxa1|Apoe|Bsg|Ccn3|Efemp1|Egr1|Fn1|Foxc2|Glul|Hes1|Igfbp5|Igfbp6|Klf4|Nbl1|Tmsb10|Twist1,0.17068560805110697
drug1,GO_BP,GOBP_CELL_MIGRATION_INVOLVED_IN_SPROUTING_ANGIOGENESIS,3,17,50,1500,5.294117647058823,0.01704917842361118,Anxa1|Foxc2|Klf4,0.2367941447723775
drug1,GO_BP,GOBP_CELL_MORPHOGENESIS,10,175,50,1500,1.7142857142857144,0.0574681384369176,Anxa1|Apoe|Bsg|Col25a1|Col6a1|Fn1|Foxd1|Hes1|Mbp|Nbl1,0.3761118913787054
drug1,GO_BP,GOBP_CELL_MORPHOGENESIS_INVOLVED_IN_NEURON_DIFFERENTIATION,7,107,50,1500,1.9626168224299065,0.06004605687573536,Apoe|Bsg|Col25a1|Fn1|Foxd1|Hes1|Mbp,0.3796686475605835
drug1,GO_BP,GOBP_CELL_MOTILITY,16,294,50,1500,1.6326530612244896,0.023848019145076605,Anxa1|Apoe|Bsg|Ccn3|Efemp1|Egr1|Fn1|Foxc2|Glul|Hes1|Igfbp5|Igfbp6|Klf4|Nbl1|Tmsb10|Twist1,0.2808190660199238
drug1,GO_BP,GOBP_CELL_PROJECTION_ASSEMBLY,0,63,50,1500,0.0,1.0,,1.0
drug1,GO_BP,GOBP_CELL_PROJECTION_MORPHOGENESIS,7,130,50,1500,1.6153846153846154,0.13528452421776388,Apoe|Bsg|Col25a1|Fn1|Foxd1|Mbp|Nbl1,0.5663036293137426
drug1,GO_BP,GOBP_CELL_PROJECTION_ORGANIZATION,10,255,50,1500,1.1764705882352942,0.3386636219009894,Apoe|Bsg|Col25a1|Efemp1|Fn1|Foxd1|Hes1|Klf4|Mbp|Nbl1,0.8025945450868804
drug1,GO_BP,GOBP_CELL_RECOGNITION,1,22,50,1500,1.3636363636363638,0.5281983764075895,Bsg,0.9034972228024557
drug1,GO_BP,GOBP_CELL_SUBSTRATE_ADHESION,2,72,50,1500,0.8333333333333334,0.7041110769964758,Fn1|S100a10,1.0
drug1,GO_BP,GOBP_CELL_SUBSTRATE_JUNCTION_ORGANIZATION,2,20,50,1500,3.0,0.14144844471358778,Fn1|S100a10,0.5717754295014431
drug1,GO_BP,GOBP_CELL_SURFACE_RECEPTOR_PROTEIN_SERINE_THREONINE_KINASE_SIGNALING_PATHWAY,8,47,50,1500,5.1063829787234045,0.0001002315088984915,Ccn3|Col1a2|Egr1|Fos|Foxd1|Hes1|Nbl1|Tsc22d1,0.05055168253890266
drug1,GO_BP,GOBP_CELL_SURFACE_RECEPTOR_PROTEIN_TYROSINE_KINASE_SIGNALING_PATHWAY,5,86,50,1500,1.744186046511628,0.1541012161258111,Col6a1|Efemp1|Foxc2|Igfbp5|Igfbp6,0.5904323631852596
drug1,GO_BP,GOBP_CELL_SURFACE_RECEPTOR_SIGNALING_PATHWAY_VIA_STAT,1,19,50,1500,1.5789473684210527,0.4769581022710094,Hes1,0.8611743513226557
drug1,GO_BP,GOBP_CENTRAL_NERVOUS_SYSTEM_DEVELOPMENT,7,175,50,1500,1.2,0.3641901103298312,Fos|Hes1|Id3|Slc38a2|Slc4a10|Zic4|mt-Nd4,0.8106971634054462
drug1,GO_BP,GOBP_CENTRAL_NERVOUS_SYSTEM_NEURON_DEVELOPMENT,1,19,50,1500,1.5789473684210527,0.4769581022710094,Slc4a10,0.8611743513226557
drug1,GO_BP,GOBP_CENTRAL_NERVOUS_SYSTEM_NEURON_DIFFERENTIATION,2,44,50,1500,1.3636363636363638,0.4358505956229922,Hes1|Slc4a10,0.8437881711764491
drug1,GO_BP,GOBP_CEREBELLAR_CORTEX_DEVELOPMENT,0,10,50,1500,0.0,1.0,,1.0
drug1,GO_BP,GOBP_CEREBRAL_CORTEX_DEVELOPMENT,2,24,50,1500,2.5,0.18923912647371055,Fos|Slc38a2,0.683363512266177
drug1,GO_BP,GOBP_CHEMICAL_HOMEOSTASIS,6,120,50,1500,1.5,0.2051743503432721,Apoe|Glul|Igfbp5|Mt1|Slc4a10|Zbtb20,0.7154684963687064
drug1,GO_BP,GOBP_CHEMICAL_SYNAPTIC_TRANSMISSION_POSTSYNAPTIC,0,26,50,1500,0.0,1.0,,1.0
drug1,GO_BP,GOBP_CHEMOKINE_PRODUCTION,4,20,50,1500,6.0,0.003571145496803295,Egr1|Klf4|Mbp|Twist1,0.14738559527742578
drug1,GO_BP,GOBP_CHLORIDE_TRANSPORT,2,15,50,1500,4.0,0.08674586941049843,Slc26a2|Slc26a7,0.45325414081048215
drug1,GO_BP,GOBP_CHONDROCYTE_DIFFERENTIATION,3,21,50,1500,4.285714285714286,0.03036754457633339,Ccn3|Efemp1|Slc26a2,0.3166225253313666
drug1,GO_BP,GOBP_CHROMATIN_ORGANIZATION,1,47,50,1500,0.6382978723404256,0.8018554794378209,Egr1,1.0
drug1,GO_BP,GOBP_CHROMOSOME_LOCALIZATION,0,11,50,1500,0.0,1.0,,1.0
drug1,GO_BP,GOBP_CHROMOSOME_ORGANIZATION,1,31,50,1500,0.9677419354838709,0.6541629208821762,Klf4,1.0
drug1,GO_BP,GOBP_CHROMOSOME_SEGREGATION,0,30,50,1500,0.0,1.0,,1.0
drug1,GO_BP,GOBP_CILIUM_MOVEMENT,0,36,50,1500,0.0,1.0,,1.0
drug1,GO_BP,GOBP_CILIUM_ORGANIZATION,0,40,50,1500,0.0,1.0,,1.0
drug1,GO_BP,GOBP_CILIUM_OR_FLAGELLUM_DEPENDENT_CELL_MOTILITY,0,31,50,1500,0.0,1.0,,1.0
drug1,GO_BP,GOBP_CIRCADIAN_RHYTHM,3,25,50,1500,3.5999999999999996,0.04784820721062824,Col6a1|Egr1|Id3,0.35543171235461873
drug1,GO_BP,GOBP_CIRCULATORY_SYSTEM_DEVELOPMENT,15,209,50,1500,2.15311004784689,0.0021668988062385364,Anxa1|Apoe|Bsg|Ccn3|Col1a2|Col6a1|Egr1|Fn1|Foxc2|Glul|Hes1|Id3|Klf4|Rspo3|Twist1,0.12575752000491508
drug1,GO_BP,GOBP_CIRCULATORY_SYSTEM_PROCESS,4,101,50,1500,1.188118811881188,0.4382607929009545,Apoe|Col1a2|Foxc2|Ttr,0.8437881711764491
drug1,GO_BP,GOBP_COGNITION,3,66,50,1500,1.3636363636363635,0.3791751470741036,Apoe|Egr1|Fos,0.8107632229974242
drug1,GO_BP,GOBP_COLLAGEN_ACTIVATED_SIGNALING_PATHWAY,0,21,50,1500,0.0,1.0,,1.0
drug1,GO_BP,GOBP_COLLAGEN_BIOSYNTHETIC_PROCESS,1,10,50,1500,3.0,0.2882684421548648,Fn1,0.8025945450868804
drug1,GO_BP,GOBP_COLLAGEN_FIBRIL_ORGANIZATION,3,18,50,1500,5.0,0.019985074320243792,Col1a2|Col6a1|Foxc2,0.2498134290030474
drug1,GO_BP,GOBP_COLLAGEN_METABOLIC_PROCESS,3,18,50,1500,5.0,0.019985074320243792,Col1a2|Col6a1|Fn1,0.2498134290030474
drug1,GO_BP,GOBP_COLUMNAR_CUBOIDAL_EPITHELIAL_CELL_DIFFERENTIATION,1,22,50,1500,1.3636363636363638,0.5281983764075895,Hes1,0.9034972228024557
drug1,GO_BP,GOBP_COMPLEMENT_ACTIVATION,0,11,50,1500,0.0,1.0,,1.0
drug1,GO_BP,GOBP_CONNECTIVE_TISSUE_DEVELOPMENT,9,48,50,1500,5.625,1.519225335314688e-05,Ccn3|Col6a1|Efemp1|Egr1|Foxc2|Foxd1|Mgp|Ogn|Slc26a2,0.02468741169886368
drug1,GO_BP,GOBP_CRANIAL_SKELETAL_SYSTEM_DEVELOPMENT,2,13,50,1500,4.615384615384615,0.06720522304156554,Foxc2|Twist1,0.40298334849647227
drug1,GO_BP,GOBP_CYTOKINESIS,0,18,50,1500,0.0,1.0,,1.0
drug1,GO_BP,GOBP_CYTOKINE_MEDIATED_SIGNALING_PATHWAY,1,73,50,1500,0.4109589041095891,0.9209190537787387,Egr1,1.0
drug1,GO_BP,GOBP_CYTOKINE_PRODUCTION,8,112,50,1500,2.142857142857143,0.028504334464881594,Anxa1|Bsg|Egr1|Fn1|Klf4|Mbp|Twist1|Zbtb20,0.31509893541110606
drug1,GO_BP,GOBP_CYTOKINE_PRODUCTION_INVOLVED_IN_IMMUNE_RESPONSE,1,22,50,1500,1.3636363636363638,0.5281983764075895,Twist1,0.9034972228024557
drug1,GO_BP,GOBP_CYTOPLASMIC_PATTERN_RECOGNITION_RECEPTOR_SIGNALING_PATHWAY,0,16,50,1500,0.0,1.0,,1.0
drug1,GO_BP,GOBP_CYTOSKELETON_DEPENDENT_CYTOKINESIS,0,11,50,1500,0.0,1.0,,1.0
drug1,GO_BP,GOBP_CYTOSKELETON_DEPENDENT_INTRACELLULAR_TRANSPORT,0,14,50,1500,0.0,1.0,,1.0
drug1,GO_BP,GOBP_CYTOSKELETON_ORGANIZATION,3,170,50,1500,0.5294117647058824,0.9361764403808835,Anxa1|S100a10|Tmsb10,1.0
drug1,GO_BP,GOBP_DEFENSE_RESPONSE_TO_BACTERIUM,1,35,50,1500,0.8571428571428571,0.6989411842507965,Serpinb9,1.0
drug1,GO_BP,GOBP_DEFENSE_RESPONSE_TO_GRAM_NEGATIVE_BACTERIUM,0,14,50,1500,0.0,1.0,,1.0
drug1,GO_BP,GOBP_DEFENSE_RESPONSE_TO_GRAM_POSITIVE_BACTERIUM,0,14,50,1500,0.0,1.0,,1.0
drug1,GO_BP,GOBP_DEFENSE_RESPONSE_TO_OTHER_ORGANISM,3,115,50,1500,0.7826086956521738,0.752850340974107,Anxa1|Apoe|Serpinb9,1.0
drug1,GO_BP,GOBP_DEFENSE_RESPONSE_TO_SYMBIONT,3,99,50,1500,0.9090909090909092,0.6538240210054442,Anxa1|Apoe|Serpinb9,1.0
drug1,GO_BP,GOBP_DEFENSE_RESPONSE_TO_VIRUS,0,24,50,1500,0.0,1.0,,1.0
drug1,GO_BP,GOBP_DENDRITE_DEVELOPMENT,1,39,50,1500,0.7692307692307692,0.7380227031427208,Apoe,1.0
drug1,GO_BP,GOBP_DENDRITE_MORPHOGENESIS,0,27,50,1500,0.0,1.0,,1.0
drug1,GO_BP,GOBP_DENDRITIC_SPINE_DEVELOPMENT,1,19,50,1500,1.5789473684210527,0.4769581022710094,Apoe,0.8611743513226557
drug1,GO_BP,GOBP_DENDRITIC_SPINE_MORPHOGENESIS,0,12,50,1500,0.0,1.0,,1.0
drug1,GO_BP,GOBP_DEPHOSPHORYLATION,0,14,50,1500,0.0,1.0,,1.0
drug1,GO_BP,GOBP_DETECTION_OF_EXTERNAL_STIMULUS,1,16,50,1500,1.875,0.4202758734830577,Ttr,0.831849323276454
drug1,GO_BP,GOBP_DETECTION_OF_MECHANICAL_STIMULUS,0,12,50,1500,0.0,1.0,,1.0
drug1,GO_BP,GOBP_DETECTION_OF_MECHANICAL_STIMULUS_INVOLVED_IN_SENSORY_PERCEPTION,0,10,50,1500,0.0,1.0,,1.0
drug1,GO_BP,GOBP_DETECTION_OF_STIMULUS,1,25,50,1500,1.2,0.5745095173169409,Ttr,0.9420564739051756
drug1,GO_BP,GOBP_DETECTION_OF_STIMULUS_INVOLVED_IN_SENSORY_PERCEPTION,0,13,50,1500,0.0,1.0,,1.0
drug1,GO_BP,GOBP_DETOXIFICATION,3,19,50,1500,4.736842105263158,0.023183209906023995,Apoe|Mt1|Slc47a1,0.2749833291772919
drug1,GO_BP,GOBP_DEVELOPMENTAL_CELL_GROWTH,2,51,50,1500,1.1764705882352942,0.5140905590955691,Apoe|Fn1,0.8925183317631409
drug1,GO_BP,GOBP_DEVELOPMENTAL_GROWTH,8,121,50,1500,1.9834710743801653,0.04277178942043922,Anxa1|Apoe|Bnc2|Ccn3|Col6a1|Fn1|Foxc2|Slc4a10,0.3449768636066233
drug1,GO_BP,GOBP_DEVELOPMENTAL_GROWTH_INVOLVED_IN_MORPHOGENESIS,2,46,50,1500,1.3043478260869565,0.4588829057877858,Apoe|Fn1,0.855143029707743
drug1,GO_BP,GOBP_DEVELOPMENTAL_MATURATION,1,54,50,1500,0.5555555555555556,0.8450105665233932,Hes1,1.0
drug1,GO_BP,GOBP_DEVELOPMENTAL_PROCESS_INVOLVED_IN_REPRODUCTION,2,110,50,1500,0.5454545454545455,0.8940401714016379,Bsg|Col6a1,1.0
drug1,GO_BP,GOBP_DEVELOPMENT_OF_PRIMARY_FEMALE_SEXUAL_CHARACTERISTICS,0,19,50,1500,0.0,1.0,,1.0
drug1,GO_BP,GOBP_DEVELOPMENT_OF_PRIMARY_SEXUAL_CHARACTERISTICS,0,34,50,1500,0.0,1.0,,1.0
drug1,GO_BP,GOBP_DICARBOXYLIC_ACID_TRANSPORT,2,24,50,1500,2.5,0.18923912647371055,Slc26a7|Slc38a2,0.683363512266177
drug1,GO_BP,GOBP_DIENCEPHALON_DEVELOPMENT,1,15,50,1500,2.0,0.4000764265660914,Hes1,0.8194525798857352
drug1,GO_BP,GOBP_DIGESTION,1,11,50,1500,2.7272727272727275,0.31215205147852715,Slc26a7,0.8025945450868804
drug1,GO_BP,GOBP_DIGESTIVE_SYSTEM_DEVELOPMENT,1,23,50,1500,1.3043478260869565,0.5441591891136924,Hes1,0.911606888979124
drug1,GO_BP,GOBP_DNA_BIOSYNTHETIC_PROCESS,0,14,50,1500,0.0,1.0,,1.0
drug1,GO_BP,GOBP_DNA_DAMAGE_RESPONSE,1,36,50,1500,0.8333333333333334,0.7092162291569126,Twist1,1.0
drug1,GO_BP,GOBP_DNA_METABOLIC_PROCESS,3,48,50,1500,1.875,0.2129617728476184,Id3|Klf4|Twist1,0.7287779644943017
drug1,GO_BP,GOBP_DNA_RECOMBINATION,0,12,50,1500,0.0,1.0,,1.0
drug1,GO_BP,GOBP_DNA_REPAIR,1,15,50,1500,2.0,0.4000764265660914,Twist1,0.8194525798857352
drug1,GO_BP,GOBP_DNA_REPLICATION,1,12,50,1500,2.5,0.33524969917904673,Id3,0.8025945450868804
drug1,GO_BP,GOBP_DORSAL_VENTRAL_PATTERN_FORMATION,1,11,50,1500,2.7272727272727275,0.31215205147852715,Nbl1,0.8025945450868804
drug1,GO_BP,GOBP_DOUBLE_STRAND_BREAK_REPAIR,1,10,50,1500,3.0,0.2882684421548648,Twist1,0.8025945450868804
drug1,GO_BP,GOBP_EAR_DEVELOPMENT,1,41,50,1500,0.7317073170731707,0.755653168747937,Hes1,1.0
drug1,GO_BP,GOBP_EAR_MORPHOGENESIS,0,18,50,1500,0.0,1.0,,1.0
drug1,GO_BP,GOBP_EMBRYONIC_APPENDAGE_MORPHOGENESIS,1,15,50,1500,2.0,0.4000764265660914,Twist1,0.8194525798857352
drug1,GO_BP,GOBP_EMBRYONIC_HEART_TUBE_DEVELOPMENT,2,18,50,1500,3.3333333333333335,0.11872751053120777,Foxc2|Hes1,0.5228515030168364
drug1,GO_BP,GOBP_EMBRYONIC_HEART_TUBE_MORPHOGENESIS,1,11,50,1500,2.7272727272727275,0.31215205147852715,Hes1,0.8025945450868804
drug1,GO_BP,GOBP_EMBRYONIC_MORPHOGENESIS,10,90,50,1500,3.3333333333333335,0.0005121897694890975,Col12a1|Col6a1|Efemp1|Fn1|Foxc2|Hes1|Klf4|Mbp|Rspo3|Twist1,0.06935903128498196
drug1,GO_BP,GOBP_EMBRYONIC_ORGAN_DEVELOPMENT,6,82,50,1500,2.1951219512195124,0.05111496319066162,Efemp1|Foxc2|Hes1|Id3|Rspo3|Twist1,0.3643062069509874
drug1,GO_BP,GOBP_EMBRYONIC_ORGAN_MORPHOGENESIS,4,45,50,1500,2.6666666666666665,0.05956914793339073,Efemp1|Foxc2|Hes1|Twist1,0.37812447418656225
drug1,GO_BP,GOBP_EMBRYONIC_PLACENTA_DEVELOPMENT,2,21,50,1500,2.857142857142857,0.15314117104382513,Hes1|Rspo3,0.5904323631852596
drug1,GO_BP,GOBP_EMBRYONIC_PLACENTA_MORPHOGENESIS,1,10,50,1500,3.0,0.2882684421548648,Rspo3,0.8025945450868804
drug1,GO_BP,GOBP_EMBRYONIC_SKELETAL_SYSTEM_DEVELOPMENT,2,16,50,1500,3.75,0.0970847228115921,Foxc2|Twist1,0.4723433370324466
drug1,GO_BP,GOBP_EMBRYONIC_SKELETAL_SYSTEM_MORPHOGENESIS,2,11,50,1500,5.454545454545455,0.04943234891824236,Foxc2|Twist1,0.35543171235461873
drug1,GO_BP,GOBP_EMBRYO_DEVELOPMENT,12,161,50,1500,2.236024844720497,0.0049289795504564035,Col12a1|Col6a1|Efemp1|Fn1|Foxc2|Hes1|Id3|Klf4|Mbp|Rspo3|Twist1|mt-Nd4,0.16261688586720682
drug1,GO_BP,GOBP_EMBRYO_DEVELOPMENT_ENDING_IN_BIRTH_OR_EGG_HATCHING,6,101,50,1500,1.7821782178217822,0.11451833961970471,Foxc2|Hes1|Klf4|Rspo3|Twist1|mt-Nd4,0.5228515030168364
drug1,GO_BP,GOBP_ENDOCARDIAL_CUSHION_DEVELOPMENT,1,11,50,1500,2.7272727272727275,0.31215205147852715,Twist1,0.8025945450868804
drug1,GO_BP,GOBP_ENDOCARDIAL_CUSHION_MORPHOGENESIS,1,10,50,1500,3.0,0.2882684421548648,Twist1,0.8025945450868804
drug1,GO_BP,GOBP_ENDOCRINE_HORMONE_SECRETION,1,12,50,1500,2.5,0.33524969917904673,Foxd1,0.8025945450868804
drug1,GO_BP,GOBP_ENDOCRINE_PROCESS,1,18,50,1500,1.6666666666666667,0.45869546617711976,Foxd1,0.855143029707743
drug1,GO_BP,GOBP_ENDOCRINE_SYSTEM_DEVELOPMENT,1,21,50,1500,1.4285714285714286,0.5116902720131731,Hes1,0.8921638326409939
drug1,GO_BP,GOBP_ENDOCYTOSIS,2,84,50,1500,0.7142857142857143,0.7827682244604838,Anxa1|Apoe,1.0
drug1,GO_BP,GOBP_ENDODERMAL_CELL_DIFFERENTIATION,3,12,50,1500,7.5,0.006204459645394968,Col12a1|Col6a1|Fn1,0.16261688586720682
drug1,GO_BP,GOBP_ENDODERM_DEVELOPMENT,3,16,50,1500,5.625,0.014373895602843016,Col12a1|Col6a1|Fn1,0.22899588582960687
drug1,GO_BP,GOBP_ENDODERM_FORMATION,3,14,50,1500,6.428571428571429,0.009792872234714329,Col12a1|Col6a1|Fn1,0.19172792025796126
drug1,GO_BP,GOBP_ENDOMEMBRANE_SYSTEM_ORGANIZATION,2,43,50,1500,1.3953488372093024,0.424148062560875,Col6a1|S100a10,0.8334227347780192
drug1,GO_BP,GOBP_ENDOSOMAL_TRANSPORT,0,12,50,1500,0.0,1.0,,1.0
drug1,GO_BP,GOBP_ENDOTHELIAL_CELL_APOPTOTIC_PROCESS,0,17,50,1500,0.0,1.0,,1.0
drug1,GO_BP,GOBP_ENDOTHELIAL_CELL_CHEMOTAXIS,1,11,50,1500,2.7272727272727275,0.31215205147852715,Ccn3,0.8025945450868804
drug1,GO_BP,GOBP_ENDOTHELIAL_CELL_DEVELOPMENT,0,21,50,1500,0.0,1.0,,1.0
drug1,GO_BP,GOBP_ENDOTHELIAL_CELL_DIFFERENTIATION,0,32,50,1500,0.0,1.0,,1.0
drug1,GO_BP,GOBP_ENDOTHELIAL_CELL_MIGRATION,7,50,50,1500,4.2,0.0009925175951728173,Anxa1|Apoe|Bsg|Ccn3|Foxc2|Glul|Klf4,0.1004050101022713
drug1,GO_BP,GOBP_ENDOTHELIAL_CELL_PROLIFERATION,1,41,50,1500,0.7317073170731707,0.755653168747937,Apoe,1.0
drug1,GO_BP,GOBP_ENDOTHELIUM_DEVELOPMENT,2,37,50,1500,1.6216216216216215,0.3516951994318052,Bsg|Foxc2,0.8025945450868804
drug1,GO_BP,GOBP_ENERGY_DERIVATION_BY_OXIDATION_OF_ORGANIC_COMPOUNDS,4,27,50,1500,4.444444444444445,0.010886994050722444,Col6a1|mt-Co2|mt-Co3|mt-Nd4,0.2081337097932232
drug1,GO_BP,GOBP_ENERGY_HOMEOSTASIS,3,18,50,1500,5.0,0.019985074320243792,Apoe|Col6a1|Twist1,0.2498134290030474
drug1,GO_BP,GOBP_ENERGY_RESERVE_METABOLIC_PROCESS,1,11,50,1500,2.7272727272727275,0.31215205147852715,Col6a1,0.8025945450868804
drug1,GO_BP,GOBP_ENSHEATHMENT_OF_NEURONS,2,30,50,1500,2.0,0.26406742974514547,Col6a1|Mbp,0.8025945450868804
drug1,GO_BP,GOBP_ENZYME_LINKED_RECEPTOR_PROTEIN_SIGNALING_PATHWAY,13,128,50,1500,3.046875,0.00015930369102306043,Ccn3|Col1a2|Col6a1|Efemp1|Egr1|Fos|Foxc2|Foxd1|Hes1|Igfbp5|Igfbp6|Nbl1|Tsc22d1,0.05055168253890266
drug1,GO_BP,GOBP_EPHRIN_RECEPTOR_SIGNALING_PATHWAY,0,21,50,1500,0.0,1.0,,1.0
drug1,GO_BP,GOBP_EPIDERMAL_CELL_DIFFERENTIATION,3,22,50,1500,4.090909090909091,0.034352084177712426,Anxa1|Hes1|Klf4,0.32547246221191073
drug1,GO_BP,GOBP_EPIDERMIS_DEVELOPMENT,5,36,50,1500,4.166666666666667,0.005796454203818615,Anxa1|Col6a1|Hes1|Igfbp5|Klf4,0.16261688586720682
drug1,GO_BP,GOBP_EPIGENETIC_REGULATION_OF_GENE_EXPRESSION,1,12,50,1500,2.5,0.33524969917904673,Egr1,0.8025945450868804
drug1,GO_BP,GOBP_EPITHELIAL_CELL_APOPTOTIC_PROCESS,0,14,50,1500,0.0,1.0,,1.0
drug1,GO_BP,GOBP_EPITHELIAL_CELL_DEVELOPMENT,1,47,50,1500,0.6382978723404256,0.8018554794378209,Foxc2,1.0
drug1,GO_BP,GOBP_EPITHELIAL_CELL_DIFFERENTIATION,6,112,50,1500,1.6071428571428572,0.16406667062724092,Anxa1|Col6a1|Foxc2|Hes1|Id3|Klf4,0.6193016849005989
drug1,GO_BP,GOBP_EPITHELIAL_CELL_DIFFERENTIATION_INVOLVED_IN_KIDNEY_DEVELOPMENT,1,12,50,1500,2.5,0.33524969917904673,Foxc2,0.8025945450868804
drug1,GO_BP,GOBP_EPITHELIAL_CELL_MORPHOGENESIS,0,10,50,1500,0.0,1.0,,1.0
drug1,GO_BP,GOBP_EPITHELIAL_CELL_PROLIFERATION,6,92,50,1500,1.9565217391304346,0.08083251139282761,Apoe|Ccn3|Glul|Hes1|Igfbp5|Twist1,0.44259397586469373
drug1,GO_BP,GOBP_EPITHELIAL_TO_MESENCHYMAL_TRANSITION,1,33,50,1500,0.9090909090909091,0.6773123609777841,Twist1,1.0
drug1,GO_BP,GOBP_EPITHELIAL_TUBE_MORPHOGENESIS,6,60,50,1500,3.0,0.012781846395349572,Bsg|Foxc2|Foxd1|Hes1|Mgp|Twist1,0.2119438815555414
drug1,GO_BP,GOBP_EPITHELIUM_DEVELOPMENT,12,185,50,1500,1.9459459459459458,0.01495275175025806,Anxa1|Bsg|Col6a1|Foxc2|Foxd1|Hes1|Id3|Igfbp5|Klf4|Mgp|Rspo3|Twist1,0.22939599037067007
drug1,GO_BP,GOBP_ERBB_SIGNALING_PATHWAY,1,27,50,1500,1.1111111111111112,0.60287685419108,Efemp1,0.970936459921214
drug1,GO_BP,GOBP_ERK1_AND_ERK2_CASCADE,3,66,50,1500,1.3636363636363635,0.3791751470741036,Apoe|Fn1|Klf4,0.8107632229974242
drug1,GO_BP,GOBP_ERYTHROCYTE_HOMEOSTASIS,1,25,50,1500,1.2,0.5745095173169409,Glul,0.9420564739051756
drug1,GO_BP,GOBP_ESTABLISHMENT_OF_CELL_POLARITY,1,15,50,1500,2.0,0.4000764265660914,Hes1,0.8194525798857352
drug1,GO_BP,GOBP_ESTABLISHMENT_OF_ENDOTHELIAL_BARRIER,0,14,50,1500,0.0,1.0,,1.0
drug1,GO_BP,GOBP_ESTABLISHMENT_OF_ORGANELLE_LOCALIZATION,0,45,50,1500,0.0,1.0,,1.0
drug1,GO_BP,GOBP_ESTABLISHMENT_OF_PROTEIN_LOCALIZATION,6,127,50,1500,1.4173228346456692,0.24402835358372046,Anxa1|Apoe|Bsg|Ccn3|Glul|Ildr2,0.7930921491470915
drug1,GO_BP,GOBP_ESTABLISHMENT_OF_PROTEIN_LOCALIZATION_TO_MEMBRANE,0,14,50,1500,0.0,1.0,,1.0
drug1,GO_BP,GOBP_ESTABLISHMENT_OF_PROTEIN_LOCALIZATION_TO_ORGANELLE,0,30,50,1500,0.0,1.0,,1.0
drug1,GO_BP,GOBP_ESTABLISHMENT_OR_MAINTENANCE_OF_CELL_POLARITY,1,21,50,1500,1.4285714285714286,0.5116902720131731,Hes1,0.8921638326409939
drug1,GO_BP,GOBP_EXCITATORY_SYNAPSE_ASSEMBLY,0,12,50,1500,0.0,1.0,,1.0
drug1,GO_BP,GOBP_EXOCYTIC_PROCESS,0,17,50,1500,0.0,1.0,,1.0
drug1,GO_BP,GOBP_EXOCYTOSIS,2,48,50,1500,1.25,0.4813877414329201,Anxa1|S100a10,0.8672450995881322
drug1,GO_BP,GOBP_EXPLORATION_BEHAVIOR,2,12,50,1500,5.0,0.05807792677281182,Apoe|Slc4a10,0.3761118913787054
drug1,GO_BP,GOBP_EXPORT_ACROSS_PLASMA_MEMBRANE,1,16,50,1500,1.875,0.4202758734830577,Slc47a1,0.831849323276454
drug1,GO_BP,GOBP_EXPORT_FROM_CELL,10,141,50,1500,2.127659574468085,0.01496367691033294,Anxa1|Apoe|Bsg|Ccn3|Foxd1|Glul|Ildr2|S100a10|Slc38a2|Slc47a1,0.22939599037067007
drug1,GO_BP,GOBP_EXTRACELLULAR_MATRIX_ASSEMBLY,2,13,50,1500,4.615384615384615,0.06720522304156554,Col1a2|Col6a1,0.40298334849647227
drug1,GO_BP,GOBP_EXTRACELLULAR_STRUCTURE_ORGANIZATION,4,77,50,1500,1.5584415584415583,0.2523534781617858,Col1a2|Col6a1|Fn1|Foxc2,0.7962609747823339
drug1,GO_BP,GOBP_EXTRACELLULAR_TRANSPORT,0,11,50,1500,0.0,1.0,,1.0
drug1,GO_BP,GOBP_EXTRINSIC_APOPTOTIC_SIGNALING_PATHWAY,1,35,50,1500,0.8571428571428571,0.6989411842507965,Klf4,1.0
drug1,GO_BP,GOBP_EXTRINSIC_APOPTOTIC_SIGNALING_PATHWAY_VIA_DEATH_DOMAIN_RECEPTORS,0,11,50,1500,0.0,1.0,,1.0
drug1,GO_BP,GOBP_EYE_MORPHOGENESIS,2,32,50,1500,1.875,0.2892565406012864,Efemp1|Twist1,0.8025945450868804
drug1,GO_BP,GOBP_EYE_PHOTORECEPTOR_CELL_DIFFERENTIATION,0,10,50,1500,0.0,1.0,,1.0
drug1,GO_BP,GOBP_FACE_DEVELOPMENT,0,12,50,1500,0.0,1.0,,1.0
drug1,GO_BP,GOBP_FATTY_ACID_BIOSYNTHETIC_PROCESS,1,18,50,1500,1.6666666666666667,0.45869546617711976,Anxa1,0.855143029707743
drug1,GO_BP,GOBP_FATTY_ACID_METABOLIC_PROCESS,2,38,50,1500,1.5789473684210527,0.3640022098915078,Anxa1|Twist1,0.8106971634054462
drug1,GO_BP,GOBP_FATTY_ACID_TRANSPORT,2,20,50,1500,3.0,0.14144844471358778,Anxa1|Apoe,0.5717754295014431
drug1,GO_BP,GOBP_FAT_CELL_DIFFERENTIATION,2,42,50,1500,1.4285714285714286,0.4123282859057648,Hes1|Klf4,0.831849323276454
drug1,GO_BP,GOBP_FEAR_RESPONSE,1,11,50,1500,2.7272727272727275,0.31215205147852715,Apoe,0.8025945450868804
drug1,GO_BP,GOBP_FEEDING_BEHAVIOR,2,20,50,1500,3.0,0.14144844471358778,Col6a1|Fos,0.5717754295014431
drug1,GO_BP,GOBP_FEMALE_GAMETE_GENERATION,0,16,50,1500,0.0,1.0,,1.0
drug1,GO_BP,GOBP_FEMALE_SEX_DIFFERENTIATION,0,24,50,1500,0.0,1.0,,1.0
drug1,GO_BP,GOBP_FERTILIZATION,1,15,50,1500,2.0,0.4000764265660914,Col6a1,0.8194525798857352
drug1,GO_BP,GOBP_FIBROBLAST_GROWTH_FACTOR_RECEPTOR_SIGNALING_PATHWAY,0,28,50,1500,0.0,1.0,,1.0
drug1,GO_BP,GOBP_FIBROBLAST_MIGRATION,1,12,50,1500,2.5,0.33524969917904673,Ccn3,0.8025945450868804
drug1,GO_BP,GOBP_FIBROBLAST_PROLIFERATION,1,23,50,1500,1.3043478260869565,0.5441591891136924,Fn1,0.911606888979124
drug1,GO_BP,GOBP_FILOPODIUM_ASSEMBLY,0,13,50,1500,0.0,1.0,,1.0
drug1,GO_BP,GOBP_FOCAL_ADHESION_ASSEMBLY,1,17,50,1500,1.7647058823529411,0.4398083575301246,S100a10,0.8437881711764491
drug1,GO_BP,GOBP_FOREBRAIN_DEVELOPMENT,4,90,50,1500,1.3333333333333333,0.35244021719476254,Fos|Hes1|Slc38a2|Slc4a10,0.8025945450868804
drug1,GO_BP,GOBP_FOREBRAIN_GENERATION_OF_NEURONS,2,24,50,1500,2.5,0.18923912647371055,Hes1|Slc4a10,0.683363512266177
drug1,GO_BP,GOBP_FORMATION_OF_PRIMARY_GERM_LAYER,4,20,50,1500,6.0,0.003571145496803295,Col12a1|Col6a1|Fn1|Foxc2,0.14738559527742578
drug1,GO_BP,GOBP_GAMETE_GENERATION,1,75,50,1500,0.4,0.9263656033486491,Bsg,1.0
drug1,GO_BP,GOBP_GASTRULATION,6,28,50,1500,6.428571428571429,0.00021776109401373453,Col12a1|Col6a1|Fn1|Foxc2|Klf4|Mbp,0.05055168253890266
drug1,GO_BP,GOBP_GENERATION_OF_NEURONS,14,255,50,1500,1.6470588235294117,0.03325652191902177,Apoe|Bsg|Col25a1|Efemp1|Fn1|Fos|Foxd1|Hes1|Id3|Klf4|Mbp|Nbl1|Slc4a10|Twist1,0.32547246221191073
drug1,GO_BP,GOBP_GENERATION_OF_PRECURSOR_METABOLITES_AND_ENERGY,5,33,50,1500,4.545454545454545,0.0039359910886258296,Col6a1|Zbtb20|mt-Co2|mt-Co3|mt-Nd4,0.14738559527742578
drug1,GO_BP,GOBP_GLAND_DEVELOPMENT,3,76,50,1500,1.1842105263157896,0.47037536398765967,Hes1|Igfbp5|mt-Co2,0.8611743513226557
drug1,GO_BP,GOBP_GLAND_MORPHOGENESIS,1,26,50,1500,1.1538461538461537,0.5889329235095868,Igfbp5,0.955105789124829
drug1,GO_BP,GOBP_GLIAL_CELL_ACTIVATION,0,14,50,1500,0.0,1.0,,1.0
drug1,GO_BP,GOBP_GLIAL_CELL_DEVELOPMENT,1,36,50,1500,0.8333333333333334,0.7092162291569126,Col6a1,1.0
drug1,GO_BP,GOBP_GLIAL_CELL_DIFFERENTIATION,2,62,50,1500,0.9677419354838709,0.6222676450712645,Col6a1|Hes1,0.9913577678831421
drug1,GO_BP,GOBP_GLIAL_CELL_MIGRATION,2,22,50,1500,2.7272727272727275,0.1650200797304365,Efemp1|Fn1,0.6193016849005989
drug1,GO_BP,GOBP_GLIAL_CELL_PROLIFERATION,1,19,50,1500,1.5789473684210527,0.4769581022710094,Hes1,0.8611743513226557
drug1,GO_BP,GOBP_GLIOGENESIS,4,87,50,1500,1.3793103448275863,0.3289876516066894,Col6a1|Efemp1|Fn1|Hes1,0.8025945450868804
drug1,GO_BP,GOBP_GLOMERULAR_EPITHELIUM_DEVELOPMENT,1,10,50,1500,3.0,0.2882684421548648,Foxc2,0.8025945450868804
drug1,GO_BP,GOBP_GLOMERULUS_DEVELOPMENT,3,22,50,1500,4.090909090909091,0.034352084177712426,Egr1|Foxc2|Hes1,0.32547246221191073
drug1,GO_BP,GOBP_GLUCOSE_METABOLIC_PROCESS,0,12,50,1500,0.0,1.0,,1.0
drug1,GO_BP,GOBP_GLUTAMATE_RECEPTOR_SIGNALING_PATHWAY,0,17,50,1500,0.0,1.0,,1.0
drug1,GO_BP,GOBP_GLYCEROLIPID_BIOSYNTHETIC_PROCESS,0,16,50,1500,0.0,1.0,,1.0
drug1,GO_BP,GOBP_GLYCEROLIPID_METABOLIC_PROCESS,1,28,50,1500,1.0714285714285714,0.616356933817995,Apoe,0.9848377752745741
drug1,GO_BP,GOBP_GLYCEROPHOSPHOLIPID_METABOLIC_PROCESS,0,18,50,1500,0.0,1.0,,1.0
drug1,GO_BP,GOBP_GLYCOPROTEIN_BIOSYNTHETIC_PROCESS,1,15,50,1500,2.0,0.4000764265660914,Slc4a10,0.8194525798857352
drug1,GO_BP,GOBP_GLYCOPROTEIN_METABOLIC_PROCESS,1,19,50,1500,1.5789473684210527,0.4769581022710094,Slc4a10,0.8611743513226557
drug1,GO_BP,GOBP_GOLGI_VESICLE_TRANSPORT,0,12,50,1500,0.0,1.0,,1.0
drug1,GO_BP,GOBP_GRANULOCYTE_CHEMOTAXIS,2,30,50,1500,2.0,0.26406742974514547,Anxa1|Bsg,0.8025945450868804
drug1,GO_BP,GOBP_GRANULOCYTE_MIGRATION,2,33,50,1500,1.8181818181818181,0.301829565218506,Anxa1|Bsg,0.8025945450868804
drug1,GO_BP,GOBP_GROWTH,10,144,50,1500,2.0833333333333335,0.01721432176764286,Anxa1|Apoe|Bnc2|Ccn3|Col6a1|Fn1|Foxc2|Igfbp5|Mt1|Slc4a10,0.23706163451203094
drug1,GO_BP,GOBP_HEAD_DEVELOPMENT,5,135,50,1500,1.1111111111111112,0.47372741487837067,Fos|Hes1|Slc38a2|Slc4a10|mt-Nd4,0.8611743513226557
drug1,GO_BP,GOBP_HEAD_MORPHOGENESIS,0,10,50,1500,0.0,1.0,,1.0
drug1,GO_BP,GOBP_HEART_DEVELOPMENT,6,104,50,1500,1.7307692307692306,0.12715694986369622,Col6a1|Fn1|Foxc2|Hes1|Id3|Twist1,0.548529144327197
drug1,GO_BP,GOBP_HEART_GROWTH,1,26,50,1500,1.1538461538461537,0.5889329235095868,Foxc2,0.955105789124829
drug1,GO_BP,GOBP_HEART_MORPHOGENESIS,3,51,50,1500,1.7647058823529411,0.23980914780251136,Foxc2|Hes1|Twist1,0.7809416135853325
drug1,GO_BP,GOBP_HEART_PROCESS,0,40,50,1500,0.0,1.0,,1.0
drug1,GO_BP,GOBP_HEART_VALVE_DEVELOPMENT,1,13,50,1500,2.3076923076923075,0.3575867388571701,Twist1,0.8025945450868804
drug1,GO_BP,GOBP_HEART_VALVE_MORPHOGENESIS,1,13,50,1500,2.3076923076923075,0.3575867388571701,Twist1,0.8025945450868804
drug1,GO_BP,GOBP_HEMATOPOIETIC_OR_LYMPHOID_ORGAN_DEVELOPMENT,1,13,50,1500,2.3076923076923075,0.3575867388571701,Hes1,0.8025945450868804
drug1,GO_BP,GOBP_HEMATOPOIETIC_PROGENITOR_CELL_DIFFERENTIATION,1,24,50,1500,1.25,0.5595904961849962,Hes1,0.9269465405714771
drug1,GO_BP,GOBP_HEMOPOIESIS,7,134,50,1500,1.5671641791044775,0.15184516393831346,Anxa1|Egr1|Fos|Glul|Hes1|Klf4|Tsc22d1,0.5904323631852596
drug1,GO_BP,GOBP_HEMOSTASIS,1,28,50,1500,1.0714285714285714,0.616356933817995,Apoe,0.9848377752745741
drug1,GO_BP,GOBP_HEPATICOBILIARY_SYSTEM_DEVELOPMENT,1,28,50,1500,1.0714285714285714,0.616356933817995,Hes1,0.9848377752745741
drug1,GO_BP,GOBP_HEPATOCYTE_GROWTH_FACTOR_RECEPTOR_SIGNALING_PATHWAY,0,21,50,1500,0.0,1.0,,1.0
drug1,GO_BP,GOBP_HETEROPHILIC_CELL_CELL_ADHESION_VIA_PLASMA_MEMBRANE_CELL_ADHESION_MOLECULES,0,10,50,1500,0.0,1.0,,1.0
drug1,GO_BP,GOBP_HETEROTYPIC_CELL_CELL_ADHESION,2,13,50,1500,4.615384615384615,0.06720522304156554,Klf4|Mbp,0.40298334849647227
drug1,GO_BP,GOBP_HINDBRAIN_DEVELOPMENT,2,29,50,1500,2.0689655172413794,0.25147901761228364,Hes1|mt-Nd4,0.7950455323345543
drug1,GO_BP,GOBP_HIPPOCAMPUS_DEVELOPMENT,0,25,50,1500,0.0,1.0,,1.0
drug1,GO_BP,GOBP_HOMEOSTASIS_OF_NUMBER_OF_CELLS,5,57,50,1500,2.6315789473684212,0.03800181493634912,Anxa1|Ccn3|Col6a1|Glul|Ildr2,0.337193613234003
drug1,GO_BP,GOBP_HOMEOSTASIS_OF_NUMBER_OF_CELLS_WITHIN_A_TISSUE,1,10,50,1500,3.0,0.2882684421548648,Ildr2,0.8025945450868804
drug1,GO_BP,GOBP_HOMOPHILIC_CELL_ADHESION_VIA_PLASMA_MEMBRANE_ADHESION_MOLECULES,1,21,50,1500,1.4285714285714286,0.5116902720131731,Bsg,0.8921638326409939
drug1,GO_BP,GOBP_HOMOTYPIC_CELL_CELL_ADHESION,0,11,50,1500,0.0,1.0,,1.0
drug1,GO_BP,GOBP_HORMONE_MEDIATED_SIGNALING_PATHWAY,0,17,50,1500,0.0,1.0,,1.0
drug1,GO_BP,GOBP_HORMONE_METABOLIC_PROCESS,2,29,50,1500,2.0689655172413794,0.25147901761228364,Egr1|Slc26a7,0.7950455323345543
drug1,GO_BP,GOBP_HORMONE_TRANSPORT,5,57,50,1500,2.6315789473684212,0.03800181493634912,Anxa1|Ccn3|Foxd1|Glul|Ildr2,0.337193613234003
drug1,GO_BP,GOBP_HUMORAL_IMMUNE_RESPONSE,0,34,50,1500,0.0,1.0,,1.0
drug1,GO_BP,GOBP_ICOSANOID_METABOLIC_PROCESS,1,12,50,1500,2.5,0.33524969917904673,Anxa1,0.8025945450868804
drug1,GO_BP,GOBP_IMMUNE_EFFECTOR_PROCESS,3,84,50,1500,1.0714285714285714,0.5391501532988732,Anxa1|Serpinb9|Twist1,0.911606888979124
drug1,GO_BP,GOBP_IMMUNE_RESPONSE_REGULATING_CELL_SURFACE_RECEPTOR_SIGNALING_PATHWAY,0,31,50,1500,0.0,1.0,,1.0
drug1,GO_BP,GOBP_IMMUNE_RESPONSE_REGULATING_SIGNALING_PATHWAY,0,44,50,1500,0.0,1.0,,1.0
drug1,GO_BP,GOBP_IMMUNE_SYSTEM_DEVELOPMENT,1,20,50,1500,1.5,0.49461650530034706,Hes1,0.8708037065146956
drug1,GO_BP,GOBP_IMMUNOGLOBULIN_PRODUCTION,0,10,50,1500,0.0,1.0,,1.0
drug1,GO_BP,GOBP_IMPORT_ACROSS_PLASMA_MEMBRANE,2,42,50,1500,1.4285714285714286,0.4123282859057648,Slc38a2|Slc47a1,0.831849323276454
drug1,GO_BP,GOBP_IMPORT_INTO_CELL,4,126,50,1500,0.9523809523809523,0.618036496999997,Anxa1|Apoe|Slc38a2|Slc47a1,0.9855832263248234
drug1,GO_BP,GOBP_IMPORT_INTO_NUCLEUS,0,17,50,1500,0.0,1.0,,1.0
drug1,GO_BP,GOBP_INFLAMMATORY_RESPONSE,6,137,50,1500,1.3138686131386863,0.30307687090699703,Anxa1|Apoe|Ccn3|Col6a1|Fn1|Serpinb9,0.8025945450868804
drug1,GO_BP,GOBP_INFLAMMATORY_RESPONSE_TO_ANTIGENIC_STIMULUS,1,14,50,1500,2.142857142857143,0.3791877227557184,Serpinb9,0.8107632229974242
drug1,GO_BP,GOBP_INNATE_IMMUNE_RESPONSE_ACTIVATING_CELL_SURFACE_RECEPTOR_SIGNALING_PATHWAY,0,10,50,1500,0.0,1.0,,1.0
drug1,GO_BP,GOBP_INNERVATION,1,10,50,1500,3.0,0.2882684421548648,Col25a1,0.8025945450868804
drug1,GO_BP,GOBP_INNER_EAR_MORPHOGENESIS,0,14,50,1500,0.0,1.0,,1.0
drug1,GO_BP,GOBP_INORGANIC_ANION_TRANSMEMBRANE_TRANSPORT,2,15,50,1500,4.0,0.08674586941049843,Slc26a2|Slc26a7,0.45325414081048215
drug1,GO_BP,GOBP_INORGANIC_ANION_TRANSPORT,3,23,50,1500,3.913043478260869,0.03859569973016896,Slc26a2|Slc26a7|Slc4a10,0.337193613234003
drug1,GO_BP,GOBP_INORGANIC_ION_HOMEOSTASIS,3,75,50,1500,1.2,0.4614754911113825,Apoe|Glul|Mt1,0.8589893162153455
drug1,GO_BP,GOBP_INORGANIC_ION_IMPORT_ACROSS_PLASMA_MEMBRANE,0,17,50,1500,0.0,1.0,,1.0
drug1,GO_BP,GOBP_INSULIN_LIKE_GROWTH_FACTOR_RECEPTOR_SIGNALING_PATHWAY,3,25,50,1500,3.5999999999999996,0.04784820721062824,Col6a1|Igfbp5|Igfbp6,0.35543171235461873
drug1,GO_BP,GOBP_INSULIN_RECEPTOR_SIGNALING_PATHWAY,2,32,50,1500,1.875,0.2892565406012864,Col6a1|Foxc2,0.8025945450868804
drug1,GO_BP,GOBP_INSULIN_SECRETION,4,32,50,1500,3.75,0.019732682839665606,Anxa1|Ccn3|Glul|Ildr2,0.2498134290030474
drug1,GO_BP,GOBP_INSULIN_SECRETION_INVOLVED_IN_CELLULAR_RESPONSE_TO_GLUCOSE_STIMULUS,0,12,50,1500,0.0,1.0,,1.0
drug1,GO_BP,GOBP_INTEGRIN_MEDIATED_SIGNALING_PATHWAY,1,19,50,1500,1.5789473684210527,0.4769581022710094,Fn1,0.8611743513226557
drug1,GO_BP,GOBP_INTERLEUKIN_1_BETA_PRODUCTION,1,17,50,1500,1.7647058823529411,0.4398083575301246,Egr1,0.8437881711764491
drug1,GO_BP,GOBP_INTERLEUKIN_1_PRODUCTION,2,19,50,1500,3.1578947368421053,0.12996801648711176,Anxa1|Egr1,0.548529144327197
drug1,GO_BP,GOBP_INTERLEUKIN_2_PRODUCTION,1,17,50,1500,1.7647058823529411,0.4398083575301246,Anxa1,0.8437881711764491
drug1,GO_BP,GOBP_INTERLEUKIN_6_PRODUCTION,4,29,50,1500,4.137931034482759,0.014027612542741374,Bsg|Mbp|Twist1|Zbtb20,0.22794870381954732
drug1,GO_BP,GOBP_INTERLEUKIN_8_PRODUCTION,2,11,50,1500,5.454545454545455,0.04943234891824236,Anxa1|Klf4,0.35543171235461873
drug1,GO_BP,GOBP_INTRACELLULAR_GLUCOSE_HOMEOSTASIS,1,24,50,1500,1.25,0.5595904961849962,Zbtb20,0.9269465405714771
drug1,GO_BP,GOBP_INTRACELLULAR_MONOATOMIC_ION_HOMEOSTASIS,3,64,50,1500,1.40625,0.3605177956624396,Apoe|Mt1|Slc4a10,0.8058341374848202
drug1,GO_BP,GOBP_INTRACELLULAR_PROTEIN_TRANSPORT,0,40,50,1500,0.0,1.0,,1.0
drug1,GO_BP,GOBP_INTRACELLULAR_RECEPTOR_SIGNALING_PATHWAY,1,36,50,1500,0.8333333333333334,0.7092162291569126,Twist1,1.0
drug1,GO_BP,GOBP_INTRACELLULAR_SIGNALING_CASSETTE,13,223,50,1500,1.748878923766816,0.025969115343735704,Apoe|Ccn3|Col1a2|Col6a1|Col6a2|Fn1|Fos|Igfbp5|Igfbp6|Klf4|Mbp|Mt1|Twist1,0.29921833777290413
drug1,GO_BP,GOBP_INTRACELLULAR_TRANSPORT,0,75,50,1500,0.0,1.0,,1.0
drug1,GO_BP,GOBP_INTRINSIC_APOPTOTIC_SIGNALING_PATHWAY,0,31,50,1500,0.0,1.0,,1.0
drug1,GO_BP,GOBP_INTRINSIC_APOPTOTIC_SIGNALING_PATHWAY_BY_P53_CLASS_MEDIATOR,0,11,50,1500,0.0,1.0,,1.0
drug1,GO_BP,GOBP_INTRINSIC_APOPTOTIC_SIGNALING_PATHWAY_IN_RESPONSE_TO_DNA_DAMAGE,0,16,50,1500,0.0,1.0,,1.0
drug1,GO_BP,GOBP_IN_UTERO_EMBRYONIC_DEVELOPMENT,5,70,50,1500,2.142857142857143,0.0794742465828963,Hes1|Klf4|Rspo3|Twist1|mt-Nd4,0.4422796256753647
drug1,GO_BP,GOBP_IONOTROPIC_GLUTAMATE_RECEPTOR_SIGNALING_PATHWAY,0,14,50,1500,0.0,1.0,,1.0
drug1,GO_BP,GOBP_JNK_CASCADE,0,17,50,1500,0.0,1.0,,1.0
drug1,GO_BP,GOBP_KERATINOCYTE_DIFFERENTIATION,1,14,50,1500,2.142857142857143,0.3791877227557184,Anxa1,0.8107632229974242
drug1,GO_BP,GOBP_KETONE_METABOLIC_PROCESS,3,22,50,1500,4.090909090909091,0.034352084177712426,Anxa1|Egr1|Twist1,0.32547246221191073
drug1,GO_BP,GOBP_KIDNEY_EPITHELIUM_DEVELOPMENT,3,27,50,1500,3.333333333333333,0.058094821376033876,Foxc2|Foxd1|Hes1,0.3761118913787054
drug1,GO_BP,GOBP_KIDNEY_MORPHOGENESIS,2,16,50,1500,3.75,0.0970847228115921,Foxd1|Hes1,0.4723433370324466
drug1,GO_BP,GOBP_LABYRINTHINE_LAYER_DEVELOPMENT,2,10,50,1500,6.0,0.04131092728840577,Hes1|Rspo3,0.3442577274033814
drug1,GO_BP,GOBP_LACTATION,1,11,50,1500,2.7272727272727275,0.31215205147852715,mt-Co2,0.8025945450868804
drug1,GO_BP,GOBP_LEARNING,1,40,50,1500,0.75,0.7469883874978639,Fos,1.0
drug1,GO_BP,GOBP_LENS_DEVELOPMENT_IN_CAMERA_TYPE_EYE,0,15,50,1500,0.0,1.0,,1.0
drug1,GO_BP,GOBP_LEUKOCYTE_ACTIVATION_INVOLVED_IN_INFLAMMATORY_RESPONSE,0,11,50,1500,0.0,1.0,,1.0
drug1,GO_BP,GOBP_LEUKOCYTE_ADHESION_TO_VASCULAR_ENDOTHELIAL_CELL,1,12,50,1500,2.5,0.33524969917904673,Klf4,0.8025945450868804
drug1,GO_BP,GOBP_LEUKOCYTE_APOPTOTIC_PROCESS,2,20,50,1500,3.0,0.14144844471358778,Anxa1|Serpinb9,0.5717754295014431
drug1,GO_BP,GOBP_LEUKOCYTE_CELL_CELL_ADHESION,4,60,50,1500,2.0,0.1359128710352982,Anxa1|Hes1|Ildr2|Klf4,0.5663036293137426
drug1,GO_BP,GOBP_LEUKOCYTE_CHEMOTAXIS,4,45,50,1500,2.6666666666666665,0.05956914793339073,Anxa1|Bsg|Ccn3|Nbl1,0.37812447418656225
drug1,GO_BP,GOBP_LEUKOCYTE_DEGRANULATION,0,12,50,1500,0.0,1.0,,1.0
drug1,GO_BP,GOBP_LEUKOCYTE_DIFFERENTIATION,3,84,50,1500,1.0714285714285714,0.5391501532988732,Anxa1|Egr1|Fos,0.911606888979124
drug1,GO_BP,GOBP_LEUKOCYTE_HOMEOSTASIS,1,20,50,1500,1.5,0.49461650530034706,Anxa1,0.8708037065146956
drug1,GO_BP,GOBP_LEUKOCYTE_MEDIATED_CYTOTOXICITY,1,11,50,1500,2.7272727272727275,0.31215205147852715,Serpinb9,0.8025945450868804
drug1,GO_BP,GOBP_LEUKOCYTE_MEDIATED_IMMUNITY,1,47,50,1500,0.6382978723404256,0.8018554794378209,Serpinb9,1.0
drug1,GO_BP,GOBP_LEUKOCYTE_MIGRATION,4,65,50,1500,1.8461538461538463,0.16752770205961204,Anxa1|Bsg|Ccn3|Nbl1,0.6272638613983169
drug1,GO_BP,GOBP_LEUKOCYTE_PROLIFERATION,2,58,50,1500,1.0344827586206897,0.5851264814879288,Anxa1|Hes1,0.955105789124829
drug1,GO_BP,GOBP_LIGAND_GATED_ION_CHANNEL_SIGNALING_PATHWAY,0,15,50,1500,0.0,1.0,,1.0
drug1,GO_BP,GOBP_LIMBIC_SYSTEM_DEVELOPMENT,0,33,50,1500,0.0,1.0,,1.0
drug1,GO_BP,GOBP_LIPID_BIOSYNTHETIC_PROCESS,4,54,50,1500,2.2222222222222223,0.10176389420560962,Anxa1|Apoe|Egr1|Zbtb20,0.4878062775342644
drug1,GO_BP,GOBP_LIPID_CATABOLIC_PROCESS,2,28,50,1500,2.142857142857143,0.2389147042643709,Apoe|Twist1,0.7809416135853325
drug1,GO_BP,GOBP_LIPID_EXPORT_FROM_CELL,0,12,50,1500,0.0,1.0,,1.0
drug1,GO_BP,GOBP_LIPID_HOMEOSTASIS,2,15,50,1500,4.0,0.08674586941049843,Apoe|Zbtb20,0.45325414081048215
drug1,GO_BP,GOBP_LIPID_LOCALIZATION,2,55,50,1500,1.090909090909091,0.5556112094093976,Anxa1|Apoe,0.926018682348996
drug1,GO_BP,GOBP_LIPID_METABOLIC_PROCESS,6,107,50,1500,1.6822429906542056,0.14046664888869206,Anxa1|Apoe|Egr1|Ttr|Twist1|Zbtb20,0.5717754295014431
drug1,GO_BP,GOBP_LIPID_MODIFICATION,1,21,50,1500,1.4285714285714286,0.5116902720131731,Twist1,0.8921638326409939
drug1,GO_BP,GOBP_LIPID_OXIDATION,1,14,50,1500,2.142857142857143,0.3791877227557184,Twist1,0.8107632229974242
drug1,GO_BP,GOBP_LOCALIZATION_WITHIN_MEMBRANE,3,64,50,1500,1.40625,0.3605177956624396,Apoe|Bsg|S100a10,0.8058341374848202
drug1,GO_BP,GOBP_LOCOMOTION,15,221,50,1500,2.0361990950226247,0.0038238498519663077,Anxa1|Apoe|Bsg|Ccn3|Col6a1|Efemp1|Egr1|Fn1|Foxc2|Glul|Igfbp5|Klf4|Nbl1|Tmsb10|Twist1,0.14738559527742578
drug1,GO_BP,GOBP_LOCOMOTORY_BEHAVIOR,3,47,50,1500,1.9148936170212767,0.20417344932098214,Apoe|Egr1|Slc4a10,0.713509365906658
drug1,GO_BP,GOBP_LONG_CHAIN_FATTY_ACID_METABOLIC_PROCESS,0,11,50,1500,0.0,1.0,,1.0
drug1,GO_BP,GOBP_LONG_CHAIN_FATTY_ACID_TRANSPORT,2,12,50,1500,5.0,0.05807792677281182,Anxa1|Apoe,0.3761118913787054
drug1,GO_BP,GOBP_LONG_TERM_MEMORY,2,13,50,1500,4.615384615384615,0.06720522304156554,Apoe|Egr1,0.40298334849647227
drug1,GO_BP,GOBP_LONG_TERM_SYNAPTIC_POTENTIATION,1,23,50,1500,1.3043478260869565,0.5441591891136924,Apoe,0.911606888979124
drug1,GO_BP,GOBP_LUNG_ALVEOLUS_DEVELOPMENT,2,11,50,1500,5.454545454545455,0.04943234891824236,Col6a1|Igfbp5,0.35543171235461873
drug1,GO_BP,GOBP_LUNG_EPITHELIUM_DEVELOPMENT,1,10,50,1500,3.0,0.2882684421548648,Col6a1,0.8025945450868804
drug1,GO_BP,GOBP_LYMPHOCYTE_ACTIVATION,4,92,50,1500,1.3043478260869565,0.3681094303731707,Anxa1|Egr1|Hes1|Ildr2,0.8107632229974242
drug1,GO_BP,GOBP_LYMPHOCYTE_ACTIVATION_INVOLVED_IN_IMMUNE_RESPONSE,1,28,50,1500,1.0714285714285714,0.616356933817995,Anxa1,0.9848377752745741
drug1,GO_BP,GOBP_LYMPHOCYTE_APOPTOTIC_PROCESS,1,12,50,1500,2.5,0.33524969917904673,Serpinb9,0.8025945450868804
drug1,GO_BP,GOBP_LYMPHOCYTE_DIFFERENTIATION,2,51,50,1500,1.1764705882352942,0.5140905590955691,Anxa1|Egr1,0.8925183317631409
drug1,GO_BP,GOBP_LYMPHOCYTE_MEDIATED_IMMUNITY,1,32,50,1500,0.9375,0.6659340944396241,Serpinb9,1.0
drug1,GO_BP,GOBP_LYMPHOCYTE_MIGRATION,0,11,50,1500,0.0,1.0,,1.0
drug1,GO_BP,GOBP_LYMPH_VESSEL_DEVELOPMENT,1,10,50,1500,3.0,0.2882684421548648,Foxc2,0.8025945450868804
drug1,GO_BP,GOBP_L_ALPHA_AMINO_ACID_TRANSMEMBRANE_TRANSPORT,2,20,50,1500,3.0,0.14144844471358778,Slc38a2|Slc47a1,0.5717754295014431
drug1,GO_BP,GOBP_L_AMINO_ACID_METABOLIC_PROCESS,1,14,50,1500,2.142857142857143,0.3791877227557184,Glul,0.8107632229974242
drug1,GO_BP,GOBP_L_AMINO_ACID_TRANSPORT,2,21,50,1500,2.857142857142857,0.15314117104382513,Slc38a2|Slc47a1,0.5904323631852596
drug1,GO_BP,GOBP_L_GLUTAMATE_IMPORT,1,11,50,1500,2.7272727272727275,0.31215205147852715,Slc38a2,0.8025945450868804
drug1,GO_BP,GOBP_MACROAUTOPHAGY,0,15,50,1500,0.0,1.0,,1.0
drug1,GO_BP,GOBP_MACROMOLECULE_CATABOLIC_PROCESS,1,76,50,1500,0.39473684210526316,0.9289492663890474,Apoe,1.0
drug1,GO_BP,GOBP_MACROPHAGE_ACTIVATION,0,22,50,1500,0.0,1.0,,1.0
drug1,GO_BP,GOBP_MACROPHAGE_CHEMOTAXIS,0,13,50,1500,0.0,1.0,,1.0
drug1,GO_BP,GOBP_MACROPHAGE_DIFFERENTIATION,0,15,50,1500,0.0,1.0,,1.0
drug1,GO_BP,GOBP_MACROPHAGE_MIGRATION,0,16,50,1500,0.0,1.0,,1.0
drug1,GO_BP,GOBP_MAINTENANCE_OF_CELL_NUMBER,2,22,50,1500,2.7272727272727275,0.1650200797304365,Hes1|Klf4,0.6193016849005989
drug1,GO_BP,GOBP_MAINTENANCE_OF_LOCATION,2,27,50,1500,2.2222222222222223,0.22639072579076921,Apoe|Nbl1,0.7554105326694044
drug1,GO_BP,GOBP_MALE_GAMETE_GENERATION,1,53,50,1500,0.5660377358490566,0.8394633427053331,Bsg,1.0
drug1,GO_BP,GOBP_MALE_SEX_DIFFERENTIATION,0,20,50,1500,0.0,1.0,,1.0
drug1,GO_BP,GOBP_MAMMARY_GLAND_DEVELOPMENT,2,26,50,1500,2.3076923076923075,0.21392436250078883,Igfbp5|mt-Co2,0.7287779644943017
drug1,GO_BP,GOBP_MAMMARY_GLAND_EPITHELIUM_DEVELOPMENT,0,13,50,1500,0.0,1.0,,1.0
drug1,GO_BP,GOBP_MAPK_CASCADE,5,118,50,1500,1.2711864406779663,0.3569639704351444,Apoe|Fn1|Igfbp6|Klf4|Mbp,0.8025945450868804
drug1,GO_BP,GOBP_MAST_CELL_ACTIVATION,0,12,50,1500,0.0,1.0,,1.0
drug1,GO_BP,GOBP_MATERNAL_PROCESS_INVOLVED_IN_FEMALE_PREGNANCY,1,11,50,1500,2.7272727272727275,0.31215205147852715,Bsg,0.8025945450868804
drug1,GO_BP,GOBP_MEIOSIS_I_CELL_CYCLE_PROCESS,0,13,50,1500,0.0,1.0,,1.0
drug1,GO_BP,GOBP_MEIOTIC_CELL_CYCLE,0,27,50,1500,0.0,1.0,,1.0
drug1,GO_BP,GOBP_MEIOTIC_CELL_CYCLE_PROCESS,0,21,50,1500,0.0,1.0,,1.0
drug1,GO_BP,GOBP_MEIOTIC_CHROMOSOME_SEGREGATION,0,10,50,1500,0.0,1.0,,1.0
drug1,GO_BP,GOBP_MEMBRANELESS_ORGANELLE_ASSEMBLY,0,42,50,1500,0.0,1.0,,1.0
drug1,GO_BP,GOBP_MEMBRANE_BIOGENESIS,2,11,50,1500,5.454545454545455,0.04943234891824236,Col6a1|S100a10,0.35543171235461873
drug1,GO_BP,GOBP_MEMBRANE_DEPOLARIZATION,1,17,50,1500,1.7647058823529411,0.4398083575301246,Col6a1,0.8437881711764491
drug1,GO_BP,GOBP_MEMBRANE_DOCKING,0,12,50,1500,0.0,1.0,,1.0
drug1,GO_BP,GOBP_MEMBRANE_FUSION,1,20,50,1500,1.5,0.49461650530034706,Anxa1,0.8708037065146956
drug1,GO_BP,GOBP_MEMBRANE_INVAGINATION,0,11,50,1500,0.0,1.0,,1.0
drug1,GO_BP,GOBP_MEMBRANE_LIPID_METABOLIC_PROCESS,0,11,50,1500,0.0,1.0,,1.0
drug1,GO_BP,GOBP_MEMBRANE_ORGANIZATION,5,85,50,1500,1.7647058823529411,0.14874775297022375,Anxa1|Apoe|Col6a1|Mbp|S100a10,0.5904323631852596
drug1,GO_BP,GOBP_MEMORY,3,36,50,1500,2.5,0.11530992591822377,Apoe|Egr1|Fos,0.5228515030168364
drug1,GO_BP,GOBP_MESENCHYMAL_CELL_DIFFERENTIATION,4,54,50,1500,2.2222222222222223,0.10176389420560962,Fn1|Foxc2|Hes1|Twist1,0.4878062775342644
drug1,GO_BP,GOBP_MESENCHYMAL_CELL_MIGRATION,2,18,50,1500,3.3333333333333335,0.11872751053120777,Fn1|Twist1,0.5228515030168364
drug1,GO_BP,GOBP_MESENCHYME_DEVELOPMENT,6,60,50,1500,3.0,0.012781846395349572,Bnc2|Fn1|Foxc2|Foxd1|Hes1|Twist1,0.2119438815555414
drug1,GO_BP,GOBP_MESENCHYME_MORPHOGENESIS,2,15,50,1500,4.0,0.08674586941049843,Foxc2|Twist1,0.45325414081048215
drug1,GO_BP,GOBP_MESODERM_DEVELOPMENT,1,13,50,1500,2.3076923076923075,0.3575867388571701,Foxc2,0.8025945450868804
drug1,GO_BP,GOBP_MESONEPHROS_DEVELOPMENT,3,16,50,1500,5.625,0.014373895602843016,Foxc2|Foxd1|Hes1,0.22899588582960687
drug1,GO_BP,GOBP_METANEPHROS_DEVELOPMENT,5,18,50,1500,8.333333333333334,0.0002076446850936792,Egr1|Foxc2|Foxd1|Hes1|Id3,0.05055168253890266
drug1,GO_BP,GOBP_METAPHASE_CHROMOSOME_ALIGNMENT,0,10,50,1500,0.0,1.0,,1.0
drug1,GO_BP,GOBP_METENCEPHALON_DEVELOPMENT,1,19,50,1500,1.5789473684210527,0.4769581022710094,mt-Nd4,0.8611743513226557
drug1,GO_BP,GOBP_MICROTUBULE_BASED_MOVEMENT,0,50,50,1500,0.0,1.0,,1.0
drug1,GO_BP,GOBP_MICROTUBULE_BASED_PROCESS,0,95,50,1500,0.0,1.0,,1.0
drug1,GO_BP,GOBP_MICROTUBULE_BASED_TRANSPORT,0,23,50,1500,0.0,1.0,,1.0
drug1,GO_BP,GOBP_MICROTUBULE_BUNDLE_FORMATION,0,24,50,1500,0.0,1.0,,1.0
drug1,GO_BP,GOBP_MICROTUBULE_CYTOSKELETON_ORGANIZATION,0,67,50,1500,0.0,1.0,,1.0
drug1,GO_BP,GOBP_MICROTUBULE_CYTOSKELETON_ORGANIZATION_INVOLVED_IN_MITOSIS,0,15,50,1500,0.0,1.0,,1.0
drug1,GO_BP,GOBP_MICROTUBULE_POLYMERIZATION,0,11,50,1500,0.0,1.0,,1.0
drug1,GO_BP,GOBP_MICROTUBULE_POLYMERIZATION_OR_DEPOLYMERIZATION,0,14,50,1500,0.0,1.0,,1.0
drug1,GO_BP,GOBP_MIRNA_METABOLIC_PROCESS,4,16,50,1500,7.5,0.0014809065320289638,Egr1|Fos|Klf4|Twist1,0.10938514157032118
drug1,GO_BP,GOBP_MIRNA_TRANSCRIPTION,4,16,50,1500,7.5,0.0014809065320289638,Egr1|Fos|Klf4|Twist1,0.10938514157032118
drug1,GO_BP,GOBP_MITOCHONDRIAL_TRANSPORT,1,11,50,1500,2.7272727272727275,0.31215205147852715,Col6a1,0.8025945450868804
drug1,GO_BP,GOBP_MITOCHONDRION_ORGANIZATION,2,36,50,1500,1.6666666666666667,0.33931461253673095,Col6a1|mt-Nd4,0.8025945450868804
drug1,GO_BP,GOBP_MITOTIC_CELL_CYCLE,3,85,50,1500,1.0588235294117647,0.5474083929992667,Anxa1|Hes1|Klf4,0.9161057040409972
drug1,GO_BP,GOBP_MITOTIC_CELL_CYCLE_CHECKPOINT_SIGNALING,0,11,50,1500,0.0,1.0,,1.0
drug1,GO_BP,GOBP_MITOTIC_CELL_CYCLE_PHASE_TRANSITION,2,45,50,1500,1.3333333333333333,0.4474305107818257,Anxa1|Klf4,0.8543767097772818
drug1,GO_BP,GOBP_MITOTIC_CYTOKINESIS,0,11,50,1500,0.0,1.0,,1.0
drug1,GO_BP,GOBP_MITOTIC_NUCLEAR_DIVISION,0,31,50,1500,0.0,1.0,,1.0
drug1,GO_BP,GOBP_MITOTIC_SISTER_CHROMATID_SEGREGATION,0,17,50,1500,0.0,1.0,,1.0
drug1,GO_BP,GOBP_MITOTIC_SPINDLE_ORGANIZATION,0,12,50,1500,0.0,1.0,,1.0
drug1,GO_BP,GOBP_MODIFICATION_DEPENDENT_MACROMOLECULE_CATABOLIC_PROCESS,0,26,50,1500,0.0,1.0,,1.0
drug1,GO_BP,GOBP_MODIFIED_AMINO_ACID_METABOLIC_PROCESS,1,14,50,1500,2.142857142857143,0.3791877227557184,Slc26a7,0.8107632229974242
drug1,GO_BP,GOBP_MODIFIED_AMINO_ACID_TRANSPORT,1,10,50,1500,3.0,0.2882684421548648,Slc38a2,0.8025945450868804
drug1,GO_BP,GOBP_MODULATION_OF_EXCITATORY_POSTSYNAPTIC_POTENTIAL,0,15,50,1500,0.0,1.0,,1.0
drug1,GO_BP,GOBP_MODULATION_OF_PROCESS_OF_ANOTHER_ORGANISM,1,11,50,1500,2.7272727272727275,0.31215205147852715,Apoe,0.8025945450868804
drug1,GO_BP,GOBP_MOLTING_CYCLE,2,16,50,1500,3.75,0.0970847228115921,Col6a1|Igfbp5,0.4723433370324466
drug1,GO_BP,GOBP_MOLTING_CYCLE_PROCESS,2,16,50,1500,3.75,0.0970847228115921,Col6a1|Igfbp5,0.4723433370324466
drug1,GO_BP,GOBP_MONOAMINE_TRANSPORT,0,16,50,1500,0.0,1.0,,1.0
drug1,GO_BP,GOBP_MONOATOMIC_ANION_TRANSMEMBRANE_TRANSPORT,3,17,50,1500,5.294117647058823,0.01704917842361118,Slc26a2|Slc26a7|Slc4a10,0.2367941447723775
drug1,GO_BP,GOBP_MONOATOMIC_ANION_TRANSPORT,3,20,50,1500,4.5,0.026644162448827665,Slc26a2|Slc26a7|Slc4a10,0.29921833777290413
drug1,GO_BP,GOBP_MONOATOMIC_CATION_TRANSMEMBRANE_TRANSPORT,6,99,50,1500,1.8181818181818183,0.10647675713075583,Slc38a2|Slc47a1|Slc4a10|mt-Co2|mt-Co3|mt-Nd4,0.5002963119606657
drug1,GO_BP,GOBP_MONOATOMIC_CATION_TRANSPORT,7,126,50,1500,1.6666666666666665,0.11971090422450333,Hes1|Slc38a2|Slc47a1|Slc4a10|mt-Co2|mt-Co3|mt-Nd4,0.5257573496346429
drug1,GO_BP,GOBP_MONOATOMIC_ION_HOMEOSTASIS,3,76,50,1500,1.1842105263157896,0.47037536398765967,Apoe|Mt1|Slc4a10,0.8611743513226557
drug1,GO_BP,GOBP_MONOATOMIC_ION_TRANSMEMBRANE_TRANSPORT,8,120,50,1500,2.0,0.040986618735880415,Slc26a2|Slc26a7|Slc38a2|Slc47a1|Slc4a10|mt-Co2|mt-Co3|mt-Nd4,0.3442577274033814
drug1,GO_BP,GOBP_MONOATOMIC_ION_TRANSPORT,9,154,50,1500,1.753246753246753,0.0629509715078236,Hes1|Slc26a2|Slc26a7|Slc38a2|Slc47a1|Slc4a10|mt-Co2|mt-Co3|mt-Nd4,0.39344357192389745
drug1,GO_BP,GOBP_MONOCARBOXYLIC_ACID_BIOSYNTHETIC_PROCESS,1,23,50,1500,1.3043478260869565,0.5441591891136924,Anxa1,0.911606888979124
drug1,GO_BP,GOBP_MONOCARBOXYLIC_ACID_METABOLIC_PROCESS,4,58,50,1500,2.0689655172413794,0.12404054947679236,Anxa1|Col6a1|Twist1|Zbtb20,0.5389462376999667
drug1,GO_BP,GOBP_MONOCARBOXYLIC_ACID_TRANSPORT,3,30,50,1500,3.0,0.07524124775221704,Anxa1|Apoe|Slc26a7,0.43168742486528083
drug1,GO_BP,GOBP_MONOCYTE_CHEMOTAXIS,3,13,50,1500,6.9230769230769225,0.007877797294666476,Anxa1|Ccn3|Nbl1,0.17068560805110697
drug1,GO_BP,GOBP_MONONUCLEAR_CELL_DIFFERENTIATION,3,69,50,1500,1.3043478260869565,0.40697219074133145,Anxa1|Egr1|Fos,0.831849323276454
drug1,GO_BP,GOBP_MONONUCLEAR_CELL_MIGRATION,3,33,50,1500,2.727272727272727,0.09437465903438064,Anxa1|Ccn3|Nbl1,0.4723433370324466
drug1,GO_BP,GOBP_MONOSACCHARIDE_METABOLIC_PROCESS,0,15,50,1500,0.0,1.0,,1.0
drug1,GO_BP,GOBP_MONOSACCHARIDE_TRANSMEMBRANE_TRANSPORT,0,10,50,1500,0.0,1.0,,1.0
drug1,GO_BP,GOBP_MORPHOGENESIS_OF_AN_EPITHELIUM,9,83,50,1500,3.253012048192771,0.001219418399381179,Bsg|Foxc2|Foxd1|Hes1|Igfbp5|Klf4|Mgp|Rspo3|Twist1,0.1004050101022713
drug1,GO_BP,GOBP_MORPHOGENESIS_OF_A_BRANCHING_STRUCTURE,4,42,50,1500,2.857142857142857,0.048128078107932834,Foxc2|Foxd1|Mgp|Rspo3,0.35543171235461873
drug1,GO_BP,GOBP_MORPHOGENESIS_OF_EMBRYONIC_EPITHELIUM,1,18,50,1500,1.6666666666666667,0.45869546617711976,Twist1,0.855143029707743
drug1,GO_BP,GOBP_MOTILE_CILIUM_ASSEMBLY,0,13,50,1500,0.0,1.0,,1.0
drug1,GO_BP,GOBP_MRNA_METABOLIC_PROCESS,1,21,50,1500,1.4285714285714286,0.5116902720131731,S100a10,0.8921638326409939
drug1,GO_BP,GOBP_MRNA_PROCESSING,0,10,50,1500,0.0,1.0,,1.0
drug1,GO_BP,GOBP_MULTICELLULAR_ORGANISMAL_LEVEL_CHEMICAL_HOMEOSTASIS,0,12,50,1500,0.0,1.0,,1.0
drug1,GO_BP,GOBP_MULTICELLULAR_ORGANISMAL_LEVEL_HOMEOSTASIS,11,126,50,1500,2.619047619047619,0.002074051279165181,Anxa1|Apoe|Bsg|Ccn3|Col6a1|Egr1|Foxc2|Glul|Ildr2|Mbp|Twist1,0.12482716032012663
drug1,GO_BP,GOBP_MULTICELLULAR_ORGANISMAL_MOVEMENT,1,10,50,1500,3.0,0.2882684421548648,Col6a1,0.8025945450868804
drug1,GO_BP,GOBP_MULTICELLULAR_ORGANISMAL_REPRODUCTIVE_PROCESS,2,104,50,1500,0.5769230769230769,0.8742983027134331,Bsg|Egr1,1.0
drug1,GO_BP,GOBP_MULTICELLULAR_ORGANISMAL_RESPONSE_TO_STRESS,2,26,50,1500,2.3076923076923075,0.21392436250078883,Apoe|Col6a1,0.7287779644943017
drug1,GO_BP,GOBP_MULTICELLULAR_ORGANISM_GROWTH,1,25,50,1500,1.2,0.5745095173169409,Slc4a10,0.9420564739051756
drug1,GO_BP,GOBP_MULTI_MULTICELLULAR_ORGANISM_PROCESS,4,31,50,1500,3.8709677419354835,0.01769422085913411,Bsg|Fos|Igfbp5|Slc38a2,0.24162276383271372
drug1,GO_BP,GOBP_MUSCLE_ADAPTATION,2,20,50,1500,3.0,0.14144844471358778,Igfbp5|Klf4,0.5717754295014431
drug1,GO_BP,GOBP_MUSCLE_CELL_APOPTOTIC_PROCESS,1,17,50,1500,1.7647058823529411,0.4398083575301246,Col6a1,0.8437881711764491
drug1,GO_BP,GOBP_MUSCLE_CELL_DEVELOPMENT,2,43,50,1500,1.3953488372093024,0.424148062560875,Col6a1|Hes1,0.8334227347780192
drug1,GO_BP,GOBP_MUSCLE_CELL_DIFFERENTIATION,4,70,50,1500,1.7142857142857142,0.20155313127372476,Ccn3|Col6a1|Hes1|Igfbp5,0.7073948991788396
drug1,GO_BP,GOBP_MUSCLE_CELL_MIGRATION,4,35,50,1500,3.4285714285714284,0.026699482447428365,Anxa1|Ccn3|Egr1|Igfbp5,0.29921833777290413
drug1,GO_BP,GOBP_MUSCLE_CELL_PROLIFERATION,8,57,50,1500,4.2105263157894735,0.0004077001777662907,Apoe|Ccn3|Egr1|Fos|Foxc2|Igfbp5|Klf4|Ogn,0.060228435351838396
drug1,GO_BP,GOBP_MUSCLE_CONTRACTION,0,54,50,1500,0.0,1.0,,1.0
drug1,GO_BP,GOBP_MUSCLE_HYPERTROPHY,1,21,50,1500,1.4285714285714286,0.5116902720131731,Igfbp5,0.8921638326409939
drug1,GO_BP,GOBP_MUSCLE_ORGAN_DEVELOPMENT,6,54,50,1500,3.333333333333333,0.007683725374840736,Col6a1|Egr1|Fos|Foxc2|Id3|Twist1,0.17068560805110697
drug1,GO_BP,GOBP_MUSCLE_ORGAN_MORPHOGENESIS,1,16,50,1500,1.875,0.4202758734830577,Foxc2,0.831849323276454
drug1,GO_BP,GOBP_MUSCLE_STRUCTURE_DEVELOPMENT,9,116,50,1500,2.3275862068965516,0.01210802970800983,Ccn3|Col6a1|Egr1|Fos|Foxc2|Hes1|Id3|Igfbp5|Twist1,0.2093143433565529
drug1,GO_BP,GOBP_MUSCLE_SYSTEM_PROCESS,3,70,50,1500,1.2857142857142856,0.41617005907570176,Col6a1|Igfbp5|Klf4,0.831849323276454
drug1,GO_BP,GOBP_MUSCLE_TISSUE_DEVELOPMENT,6,85,50,1500,2.1176470588235294,0.059172982228958504,Col6a1|Egr1|Fos|Foxc2|Igfbp5|Twist1,0.37812447418656225
drug1,GO_BP,GOBP_MYELOID_CELL_ACTIVATION_INVOLVED_IN_IMMUNE_RESPONSE,0,19,50,1500,0.0,1.0,,1.0
drug1,GO_BP,GOBP_MYELOID_CELL_DEVELOPMENT,0,17,50,1500,0.0,1.0,,1.0
drug1,GO_BP,GOBP_MYELOID_CELL_DIFFERENTIATION,2,66,50,1500,0.9090909090909091,0.656874034295184,Fos|Glul,1.0
drug1,GO_BP,GOBP_MYELOID_CELL_HOMEOSTASIS,2,35,50,1500,1.7142857142857142,0.32686990772459135,Anxa1|Glul,0.8025945450868804
drug1,GO_BP,GOBP_MYELOID_LEUKOCYTE_ACTIVATION,2,46,50,1500,1.3043478260869565,0.4588829057877858,Anxa1|Fn1,0.855143029707743
drug1,GO_BP,GOBP_MYELOID_LEUKOCYTE_CYTOKINE_PRODUCTION,1,12,50,1500,2.5,0.33524969917904673,Twist1,0.8025945450868804
drug1,GO_BP,GOBP_MYELOID_LEUKOCYTE_DIFFERENTIATION,1,43,50,1500,0.6976744186046512,0.7721193007548377,Fos,1.0
drug1,GO_BP,GOBP_MYELOID_LEUKOCYTE_MEDIATED_IMMUNITY,0,17,50,1500,0.0,1.0,,1.0
drug1,GO_BP,GOBP_MYELOID_LEUKOCYTE_MIGRATION,4,47,50,1500,2.5531914893617023,0.06794193348667485,Anxa1|Bsg|Ccn3|Nbl1,0.40454946666026415
drug1,GO_BP,GOBP_MYOBLAST_DIFFERENTIATION,1,16,50,1500,1.875,0.4202758734830577,Id3,0.831849323276454
drug1,GO_BP,GOBP_MYOFIBRIL_ASSEMBLY,0,19,50,1500,0.0,1.0,,1.0
drug1,GO_BP,GOBP_MYOTUBE_DIFFERENTIATION,2,14,50,1500,4.285714285714286,0.07677394817604072,Ccn3|Col6a1,0.43168742486528083
drug1,GO_BP,GOBP_NATURAL_KILLER_CELL_ACTIVATION,0,10,50,1500,0.0,1.0,,1.0
drug1,GO_BP,GOBP_NEGATIVE_REGULATION_OF_ADAPTIVE_IMMUNE_RESPONSE,0,10,50,1500,0.0,1.0,,1.0
drug1,GO_BP,GOBP_NEGATIVE_REGULATION_OF_APOPTOTIC_SIGNALING_PATHWAY,1,29,50,1500,1.0344827586206897,0.6293882879681989,Klf4,0.9948988015061511
drug1,GO_BP,GOBP_NEGATIVE_REGULATION_OF_AXONOGENESIS,1,10,50,1500,3.0,0.2882684421548648,Mbp,0.8025945450868804
drug1,GO_BP,GOBP_NEGATIVE_REGULATION_OF_BINDING,0,18,50,1500,0.0,1.0,,1.0
drug1,GO_BP,GOBP_NEGATIVE_REGULATION_OF_BLOOD_PRESSURE,0,13,50,1500,0.0,1.0,,1.0
drug1,GO_BP,GOBP_NEGATIVE_REGULATION_OF_CANONICAL_WNT_SIGNALING_PATHWAY,2,14,50,1500,4.285714285714286,0.07677394817604072,Apoe|Egr1,0.43168742486528083
drug1,GO_BP,GOBP_NEGATIVE_REGULATION_OF_CATABOLIC_PROCESS,1,27,50,1500,1.1111111111111112,0.60287685419108,Fn1,0.970936459921214
drug1,GO_BP,GOBP_NEGATIVE_REGULATION_OF_CATALYTIC_ACTIVITY,2,38,50,1500,1.5789473684210527,0.3640022098915078,Apoe|Serpinb9,0.8106971634054462
drug1,GO_BP,GOBP_NEGATIVE_REGULATION_OF_CELLULAR_COMPONENT_ORGANIZATION,4,92,50,1500,1.3043478260869565,0.3681094303731707,Apoe|Efemp1|Hes1|Mbp,0.8107632229974242
drug1,GO_BP,GOBP_NEGATIVE_REGULATION_OF_CELLULAR_RESPONSE_TO_GROWTH_FACTOR_STIMULUS,1,16,50,1500,1.875,0.4202758734830577,Nbl1,0.831849323276454
drug1,GO_BP,GOBP_NEGATIVE_REGULATION_OF_CELL_ACTIVATION,4,42,50,1500,2.857142857142857,0.048128078107932834,Anxa1|Apoe|Fn1|Ildr2,0.35543171235461873
drug1,GO_BP,GOBP_NEGATIVE_REGULATION_OF_CELL_ADHESION,4,55,50,1500,2.181818181818182,0.1071421246676448,Anxa1|Ildr2|Klf4|Mbp,0.5002963119606657
drug1,GO_BP,GOBP_NEGATIVE_REGULATION_OF_CELL_CELL_ADHESION,4,34,50,1500,3.5294117647058822,0.024233122928500488,Anxa1|Ildr2|Klf4|Mbp,0.2833008975454194
drug1,GO_BP,GOBP_NEGATIVE_REGULATION_OF_CELL_COMMUNICATION,7,177,50,1500,1.1864406779661016,0.37573622841805737,Apoe|Ccn3|Egr1|Igfbp5|Klf4|Nbl1|Twist1,0.8107632229974242
drug1,GO_BP,GOBP_NEGATIVE_REGULATION_OF_CELL_CYCLE,1,32,50,1500,0.9375,0.6659340944396241,Klf4,1.0
drug1,GO_BP,GOBP_NEGATIVE_REGULATION_OF_CELL_CYCLE_PROCESS,1,22,50,1500,1.3636363636363638,0.5281983764075895,Klf4,0.9034972228024557
drug1,GO_BP,GOBP_NEGATIVE_REGULATION_OF_CELL_DEVELOPMENT,4,56,50,1500,2.142857142857143,0.11264955004562315,Anxa1|Hes1|Mbp|Tsc22d1,0.5185708748559139
drug1,GO_BP,GOBP_NEGATIVE_REGULATION_OF_CELL_DIFFERENTIATION,9,115,50,1500,2.3478260869565215,0.011460309195718827,Anxa1|Ccn3|Efemp1|Hes1|Id3|Igfbp5|Mbp|Tsc22d1|Twist1,0.20891664244200267
drug1,GO_BP,GOBP_NEGATIVE_REGULATION_OF_CELL_GROWTH,1,25,50,1500,1.2,0.5745095173169409,Ccn3,0.9420564739051756
drug1,GO_BP,GOBP_NEGATIVE_REGULATION_OF_CELL_MATRIX_ADHESION,0,10,50,1500,0.0,1.0,,1.0
drug1,GO_BP,GOBP_NEGATIVE_REGULATION_OF_CELL_POPULATION_PROLIFERATION,7,106,50,1500,1.9811320754716981,0.057571919728587016,Apoe|Ccn3|Hes1|Igfbp5|Klf4|Ogn|Tsc22d1,0.3761118913787054
drug1,GO_BP,GOBP_NEGATIVE_REGULATION_OF_CELL_PROJECTION_ORGANIZATION,4,41,50,1500,2.926829268292683,0.04461544346076818,Apoe|Efemp1|Hes1|Mbp,0.3536590030426746
drug1,GO_BP,GOBP_NEGATIVE_REGULATION_OF_CELL_SUBSTRATE_ADHESION,0,14,50,1500,0.0,1.0,,1.0
drug1,GO_BP,GOBP_NEGATIVE_REGULATION_OF_COAGULATION,1,10,50,1500,3.0,0.2882684421548648,Apoe,0.8025945450868804
drug1,GO_BP,GOBP_NEGATIVE_REGULATION_OF_CYTOKINE_PRODUCTION,4,43,50,1500,2.7906976744186047,0.05179156664360612,Anxa1|Fn1|Klf4|Twist1,0.3646889353789138
drug1,GO_BP,GOBP_NEGATIVE_REGULATION_OF_CYTOSKELETON_ORGANIZATION,0,21,50,1500,0.0,1.0,,1.0
drug1,GO_BP,GOBP_NEGATIVE_REGULATION_OF_DEFENSE_RESPONSE,3,40,50,1500,2.25,0.1456779707612884,Apoe|Ccn3|Serpinb9,0.5816380896488788
drug1,GO_BP,GOBP_NEGATIVE_REGULATION_OF_DEVELOPMENTAL_GROWTH,0,18,50,1500,0.0,1.0,,1.0
drug1,GO_BP,GOBP_NEGATIVE_REGULATION_OF_DEVELOPMENTAL_PROCESS,12,157,50,1500,2.2929936305732483,0.003990748425973375,Anxa1|Apoe|Ccn3|Efemp1|Foxc2|Hes1|Id3|Igfbp5|Klf4|Mbp|Tsc22d1|Twist1,0.14738559527742578
drug1,GO_BP,GOBP_NEGATIVE_REGULATION_OF_DNA_BINDING,0,10,50,1500,0.0,1.0,,1.0
drug1,GO_BP,GOBP_NEGATIVE_REGULATION_OF_DNA_BINDING_TRANSCRIPTION_FACTOR_ACTIVITY,2,21,50,1500,2.857142857142857,0.15314117104382513,Id3|Klf4,0.5904323631852596
drug1,GO_BP,GOBP_NEGATIVE_REGULATION_OF_ENDOTHELIAL_CELL_APOPTOTIC_PROCESS,0,12,50,1500,0.0,1.0,,1.0
drug1,GO_BP,GOBP_NEGATIVE_REGULATION_OF_ENDOTHELIAL_CELL_MIGRATION,2,10,50,1500,6.0,0.04131092728840577,Apoe|Klf4,0.3442577274033814
drug1,GO_BP,GOBP_NEGATIVE_REGULATION_OF_ENDOTHELIAL_CELL_PROLIFERATION,1,12,50,1500,2.5,0.33524969917904673,Apoe,0.8025945450868804
drug1,GO_BP,GOBP_NEGATIVE_REGULATION_OF_EPITHELIAL_CELL_DIFFERENTIATION,1,20,50,1500,1.5,0.49461650530034706,Hes1,0.8708037065146956
drug1,GO_BP,GOBP_NEGATIVE_REGULATION_OF_EPITHELIAL_CELL_PROLIFERATION,1,23,50,1500,1.3043478260869565,0.5441591891136924,Apoe,0.911606888979124
drug1,GO_BP,GOBP_NEGATIVE_REGULATION_OF_ERK1_AND_ERK2_CASCADE,1,12,50,1500,2.5,0.33524969917904673,Klf4,0.8025945450868804
drug1,GO_BP,GOBP_NEGATIVE_REGULATION_OF_ESTABLISHMENT_OF_PROTEIN_LOCALIZATION,3,12,50,1500,7.5,0.006204459645394968,Anxa1|Apoe|Ccn3,0.16261688586720682
drug1,GO_BP,GOBP_NEGATIVE_REGULATION_OF_EXTRINSIC_APOPTOTIC_SIGNALING_PATHWAY,1,16,50,1500,1.875,0.4202758734830577,Klf4,0.831849323276454
drug1,GO_BP,GOBP_NEGATIVE_REGULATION_OF_FAT_CELL_DIFFERENTIATION,0,11,50,1500,0.0,1.0,,1.0
drug1,GO_BP,GOBP_NEGATIVE_REGULATION_OF_GENE_EXPRESSION,9,106,50,1500,2.547169811320755,0.006748231854189021,Anxa1|Apoe|Fn1|Hes1|Id3|Igfbp5|Klf4|Twist1|Zbtb20,0.16870579635472552
drug1,GO_BP,GOBP_NEGATIVE_REGULATION_OF_GLIOGENESIS,1,10,50,1500,3.0,0.2882684421548648,Hes1,0.8025945450868804
drug1,GO_BP,GOBP_NEGATIVE_REGULATION_OF_GROWTH,3,33,50,1500,2.727272727272727,0.09437465903438064,Ccn3|Igfbp5|Mt1,0.4723433370324466
drug1,GO_BP,GOBP_NEGATIVE_REGULATION_OF_G_PROTEIN_COUPLED_RECEPTOR_SIGNALING_PATHWAY,0,14,50,1500,0.0,1.0,,1.0
drug1,GO_BP,GOBP_NEGATIVE_REGULATION_OF_HEMOPOIESIS,2,21,50,1500,2.857142857142857,0.15314117104382513,Anxa1|Tsc22d1,0.5904323631852596
drug1,GO_BP,GOBP_NEGATIVE_REGULATION_OF_HORMONE_SECRETION,1,13,50,1500,2.3076923076923075,0.3575867388571701,Ccn3,0.8025945450868804
drug1,GO_BP,GOBP_NEGATIVE_REGULATION_OF_HYDROLASE_ACTIVITY,1,13,50,1500,2.3076923076923075,0.3575867388571701,Serpinb9,0.8025945450868804
drug1,GO_BP,GOBP_NEGATIVE_REGULATION_OF_IMMUNE_EFFECTOR_PROCESS,3,24,50,1500,3.75,0.04309557126901202,Anxa1|Serpinb9|Twist1,0.3449768636066233
drug1,GO_BP,GOBP_NEGATIVE_REGULATION_OF_IMMUNE_RESPONSE,2,27,50,1500,2.2222222222222223,0.22639072579076921,Anxa1|Serpinb9,0.7554105326694044
drug1,GO_BP,GOBP_NEGATIVE_REGULATION_OF_IMMUNE_SYSTEM_PROCESS,8,78,50,1500,3.0769230769230766,0.003373842372331517,Anxa1|Ccn3|Fn1|Ildr2|Nbl1|Serpinb9|Tsc22d1|Twist1,0.14738559527742578
drug1,GO_BP,GOBP_NEGATIVE_REGULATION_OF_INFLAMMATORY_RESPONSE,2,28,50,1500,2.142857142857143,0.2389147042643709,Apoe|Ccn3,0.7809416135853325
drug1,GO_BP,GOBP_NEGATIVE_REGULATION_OF_INNATE_IMMUNE_RESPONSE,1,13,50,1500,2.3076923076923075,0.3575867388571701,Serpinb9,0.8025945450868804
drug1,GO_BP,GOBP_NEGATIVE_REGULATION_OF_INTERLEUKIN_6_PRODUCTION,0,10,50,1500,0.0,1.0,,1.0
drug1,GO_BP,GOBP_NEGATIVE_REGULATION_OF_INTRACELLULAR_SIGNAL_TRANSDUCTION,4,73,50,1500,1.6438356164383563,0.2229332079785055,Apoe|Ccn3|Klf4|Twist1,0.7515901721267042
drug1,GO_BP,GOBP_NEGATIVE_REGULATION_OF_KINASE_ACTIVITY,1,20,50,1500,1.5,0.49461650530034706,Apoe,0.8708037065146956
drug1,GO_BP,GOBP_NEGATIVE_REGULATION_OF_LEUKOCYTE_CELL_CELL_ADHESION,3,24,50,1500,3.75,0.04309557126901202,Anxa1|Ildr2|Klf4,0.3449768636066233
drug1,GO_BP,GOBP_NEGATIVE_REGULATION_OF_LEUKOCYTE_MEDIATED_IMMUNITY,1,13,50,1500,2.3076923076923075,0.3575867388571701,Serpinb9,0.8025945450868804
drug1,GO_BP,GOBP_NEGATIVE_REGULATION_OF_LEUKOCYTE_MIGRATION,2,11,50,1500,5.454545454545455,0.04943234891824236,Ccn3|Nbl1,0.35543171235461873
drug1,GO_BP,GOBP_NEGATIVE_REGULATION_OF_LEUKOCYTE_PROLIFERATION,0,17,50,1500,0.0,1.0,,1.0
drug1,GO_BP,GOBP_NEGATIVE_REGULATION_OF_LIPID_METABOLIC_PROCESS,1,13,50,1500,2.3076923076923075,0.3575867388571701,Apoe,0.8025945450868804
drug1,GO_BP,GOBP_NEGATIVE_REGULATION_OF_LOCOMOTION,5,55,50,1500,2.7272727272727275,0.03319145581466211,Apoe|Ccn3|Igfbp5|Klf4|Nbl1,0.32547246221191073
drug1,GO_BP,GOBP_NEGATIVE_REGULATION_OF_LYMPHOCYTE_ACTIVATION,2,30,50,1500,2.0,0.26406742974514547,Anxa1|Ildr2,0.8025945450868804
drug1,GO_BP,GOBP_NEGATIVE_REGULATION_OF_LYMPHOCYTE_DIFFERENTIATION,1,12,50,1500,2.5,0.33524969917904673,Anxa1,0.8025945450868804
drug1,GO_BP,GOBP_NEGATIVE_REGULATION_OF_LYMPHOCYTE_MEDIATED_IMMUNITY,1,10,50,1500,3.0,0.2882684421548648,Serpinb9,0.8025945450868804
drug1,GO_BP,GOBP_NEGATIVE_REGULATION_OF_MAPK_CASCADE,2,23,50,1500,2.608695652173913,0.17706049687331893,Apoe|Klf4,0.6539166077707802
drug1,GO_BP,GOBP_NEGATIVE_REGULATION_OF_MITOTIC_CELL_CYCLE,1,21,50,1500,1.4285714285714286,0.5116902720131731,Klf4,0.8921638326409939
drug1,GO_BP,GOBP_NEGATIVE_REGULATION_OF_MITOTIC_CELL_CYCLE_PHASE_TRANSITION,1,13,50,1500,2.3076923076923075,0.3575867388571701,Klf4,0.8025945450868804
drug1,GO_BP,GOBP_NEGATIVE_REGULATION_OF_MOLECULAR_FUNCTION,5,77,50,1500,1.9480519480519478,0.10910344097880863,Apoe|Id3|Klf4|Serpinb9|Twist1,0.50510852305004
drug1,GO_BP,GOBP_NEGATIVE_REGULATION_OF_MONOATOMIC_ION_TRANSPORT,1,13,50,1500,2.3076923076923075,0.3575867388571701,Hes1,0.8025945450868804
drug1,GO_BP,GOBP_NEGATIVE_REGULATION_OF_MULTICELLULAR_ORGANISMAL_PROCESS,14,183,50,1500,2.295081967213115,0.001706673925073295,Anxa1|Apoe|Ccn3|Efemp1|Fn1|Foxc2|Hes1|Igfbp5|Ildr2|Klf4|Mbp|Tsc22d1|Ttr|Twist1,0.11555604701017103
drug1,GO_BP,GOBP_NEGATIVE_REGULATION_OF_MUSCLE_CELL_APOPTOTIC_PROCESS,0,11,50,1500,0.0,1.0,,1.0
drug1,GO_BP,GOBP_NEGATIVE_REGULATION_OF_MUSCLE_CELL_DIFFERENTIATION,1,10,50,1500,3.0,0.2882684421548648,Ccn3,0.8025945450868804
drug1,GO_BP,GOBP_NEGATIVE_REGULATION_OF_MYELOID_CELL_DIFFERENTIATION,0,12,50,1500,0.0,1.0,,1.0
drug1,GO_BP,GOBP_NEGATIVE_REGULATION_OF_NERVOUS_SYSTEM_DEVELOPMENT,2,31,50,1500,1.9354838709677418,0.27666470071835436,Hes1|Mbp,0.8025945450868804
drug1,GO_BP,GOBP_NEGATIVE_REGULATION_OF_NEURON_APOPTOTIC_PROCESS,2,36,50,1500,1.6666666666666667,0.33931461253673095,Apoe|Mt1,0.8025945450868804
drug1,GO_BP,GOBP_NEGATIVE_REGULATION_OF_NEURON_DIFFERENTIATION,1,23,50,1500,1.3043478260869565,0.5441591891136924,Hes1,0.911606888979124
drug1,GO_BP,GOBP_NEGATIVE_REGULATION_OF_NEURON_PROJECTION_DEVELOPMENT,4,32,50,1500,3.75,0.019732682839665606,Apoe|Efemp1|Hes1|Mbp,0.2498134290030474
drug1,GO_BP,GOBP_NEGATIVE_REGULATION_OF_NF_KAPPAB_TRANSCRIPTION_FACTOR_ACTIVITY,1,11,50,1500,2.7272727272727275,0.31215205147852715,Klf4,0.8025945450868804
drug1,GO_BP,GOBP_NEGATIVE_REGULATION_OF_NUCLEOBASE_CONTAINING_COMPOUND_METABOLIC_PROCESS,8,123,50,1500,1.9512195121951221,0.046498365491056876,Egr1|Foxc2|Foxd1|Hes1|Id3|Klf4|Twist1|Zbtb20,0.35543171235461873
drug1,GO_BP,GOBP_NEGATIVE_REGULATION_OF_ORGANELLE_ORGANIZATION,0,37,50,1500,0.0,1.0,,1.0
drug1,GO_BP,GOBP_NEGATIVE_REGULATION_OF_OSTEOBLAST_DIFFERENTIATION,3,11,50,1500,8.181818181818182,0.004764529954141202,Id3|Igfbp5|Twist1,0.16261688586720682
drug1,GO_BP,GOBP_NEGATIVE_REGULATION_OF_PHOSPHORUS_METABOLIC_PROCESS,1,42,50,1500,0.7142857142857143,0.764026946378234,Apoe,1.0
drug1,GO_BP,GOBP_NEGATIVE_REGULATION_OF_PHOSPHORYLATION,1,37,50,1500,0.8108108108108107,0.7191473688714989,Apoe,1.0
drug1,GO_BP,GOBP_NEGATIVE_REGULATION_OF_PROGRAMMED_CELL_DEATH,8,125,50,1500,1.92,0.050436563822020546,Apoe|Fn1|Foxc2|Klf4|Mt1|Serpinb9|Tsc22d1|Twist1,0.36105469696380343
drug1,GO_BP,GOBP_NEGATIVE_REGULATION_OF_PROTEIN_CONTAINING_COMPLEX_ASSEMBLY,0,20,50,1500,0.0,1.0,,1.0
drug1,GO_BP,GOBP_NEGATIVE_REGULATION_OF_PROTEIN_LOCALIZATION,3,17,50,1500,5.294117647058823,0.01704917842361118,Anxa1|Apoe|Ccn3,0.2367941447723775
drug1,GO_BP,GOBP_NEGATIVE_REGULATION_OF_PROTEIN_METABOLIC_PROCESS,3,68,50,1500,1.3235294117647058,0.39773762570934673,Apoe|Igfbp5|Serpinb9,0.8194525798857352
drug1,GO_BP,GOBP_NEGATIVE_REGULATION_OF_PROTEIN_MODIFICATION_PROCESS,1,42,50,1500,0.7142857142857143,0.764026946378234,Apoe,1.0
drug1,GO_BP,GOBP_NEGATIVE_REGULATION_OF_PROTEIN_POLYMERIZATION,0,13,50,1500,0.0,1.0,,1.0
drug1,GO_BP,GOBP_NEGATIVE_REGULATION_OF_PROTEIN_SERINE_THREONINE_KINASE_ACTIVITY,1,13,50,1500,2.3076923076923075,0.3575867388571701,Apoe,0.8025945450868804
drug1,GO_BP,GOBP_NEGATIVE_REGULATION_OF_PROTEOLYSIS,1,14,50,1500,2.142857142857143,0.3791877227557184,Serpinb9,0.8107632229974242
drug1,GO_BP,GOBP_NEGATIVE_REGULATION_OF_RESPONSE_TO_BIOTIC_STIMULUS,1,15,50,1500,2.0,0.4000764265660914,Serpinb9,0.8194525798857352
drug1,GO_BP,GOBP_NEGATIVE_REGULATION_OF_RESPONSE_TO_CYTOKINE_STIMULUS,1,11,50,1500,2.7272727272727275,0.31215205147852715,Klf4,0.8025945450868804
drug1,GO_BP,GOBP_NEGATIVE_REGULATION_OF_RESPONSE_TO_EXTERNAL_STIMULUS,4,61,50,1500,1.9672131147540985,0.14202156372614208,Apoe|Ccn3|Nbl1|Serpinb9,0.5726675956699278
drug1,GO_BP,GOBP_NEGATIVE_REGULATION_OF_RESPONSE_TO_STIMULUS,9,208,50,1500,1.2980769230769231,0.24856116869325587,Anxa1|Apoe|Ccn3|Egr1|Igfbp5|Klf4|Nbl1|Serpinb9|Twist1,0.7950455323345543
drug1,GO_BP,GOBP_NEGATIVE_REGULATION_OF_RESPONSE_TO_WOUNDING,1,19,50,1500,1.5789473684210527,0.4769581022710094,Apoe,0.8611743513226557
drug1,GO_BP,GOBP_NEGATIVE_REGULATION_OF_RNA_METABOLIC_PROCESS,8,118,50,1500,2.0338983050847457,0.03756981521105806,Egr1|Foxc2|Foxd1|Hes1|Id3|Klf4|Twist1|Zbtb20,0.337193613234003
drug1,GO_BP,GOBP_NEGATIVE_REGULATION_OF_SECRETION,3,28,50,1500,3.2142857142857144,0.06357900563394787,Anxa1|Apoe|Ccn3,0.3943354357067378
drug1,GO_BP,GOBP_NEGATIVE_REGULATION_OF_SMALL_GTPASE_MEDIATED_SIGNAL_TRANSDUCTION,0,11,50,1500,0.0,1.0,,1.0
drug1,GO_BP,GOBP_NEGATIVE_REGULATION_OF_SMALL_MOLECULE_METABOLIC_PROCESS,1,14,50,1500,2.142857142857143,0.3791877227557184,Apoe,0.8107632229974242
drug1,GO_BP,GOBP_NEGATIVE_REGULATION_OF_SMOOTH_MUSCLE_CELL_MIGRATION,1,10,50,1500,3.0,0.2882684421548648,Igfbp5,0.8025945450868804
drug1,GO_BP,GOBP_NEGATIVE_REGULATION_OF_SMOOTH_MUSCLE_CELL_PROLIFERATION,4,19,50,1500,6.315789473684211,0.0029283511960826723,Apoe|Igfbp5|Klf4|Ogn,0.14704137756393554
drug1,GO_BP,GOBP_NEGATIVE_REGULATION_OF_SUPRAMOLECULAR_FIBER_ORGANIZATION,1,23,50,1500,1.3043478260869565,0.5441591891136924,Apoe,0.911606888979124
drug1,GO_BP,GOBP_NEGATIVE_REGULATION_OF_SYNAPTIC_TRANSMISSION,0,11,50,1500,0.0,1.0,,1.0
drug1,GO_BP,GOBP_NEGATIVE_REGULATION_OF_TRANSCRIPTION_BY_RNA_POLYMERASE_II,7,99,50,1500,2.121212121212121,0.04207139229888297,Egr1|Foxc2|Hes1|Id3|Klf4|Twist1|Zbtb20,0.3449768636066233
drug1,GO_BP,GOBP_NEGATIVE_REGULATION_OF_TRANSFERASE_ACTIVITY,1,20,50,1500,1.5,0.49461650530034706,Apoe,0.8708037065146956
drug1,GO_BP,GOBP_NEGATIVE_REGULATION_OF_TRANSMEMBRANE_RECEPTOR_PROTEIN_SERINE_THREONINE_KINASE_SIGNALING_PATHWAY,2,16,50,1500,3.75,0.0970847228115921,Ccn3|Nbl1,0.4723433370324466
drug1,GO_BP,GOBP_NEGATIVE_REGULATION_OF_TRANSMEMBRANE_TRANSPORT,0,10,50,1500,0.0,1.0,,1.0
drug1,GO_BP,GOBP_NEGATIVE_REGULATION_OF_TRANSPORT,4,51,50,1500,2.3529411764705883,0.08643066959013136,Anxa1|Apoe|Ccn3|Hes1,0.45325414081048215
drug1,GO_BP,GOBP_NEGATIVE_REGULATION_OF_T_CELL_PROLIFERATION,0,12,50,1500,0.0,1.0,,1.0
drug1,GO_BP,GOBP_NEGATIVE_REGULATION_OF_VASCULATURE_DEVELOPMENT,1,23,50,1500,1.3043478260869565,0.5441591891136924,Klf4,0.911606888979124
drug1,GO_BP,GOBP_NEGATIVE_REGULATION_OF_VIRAL_GENOME_REPLICATION,0,10,50,1500,0.0,1.0,,1.0
drug1,GO_BP,GOBP_NEGATIVE_REGULATION_OF_VIRAL_PROCESS,0,10,50,1500,0.0,1.0,,1.0
drug1,GO_BP,GOBP_NEGATIVE_REGULATION_OF_WNT_SIGNALING_PATHWAY,2,17,50,1500,3.5294117647058822,0.10775612872998955,Apoe|Egr1,0.5002963119606657
drug1,GO_BP,GOBP_NEGATIVE_REGULATION_OF_WOUND_HEALING,1,12,50,1500,2.5,0.33524969917904673,Apoe,0.8025945450868804
drug1,GO_BP,GOBP_NEPHRON_DEVELOPMENT,4,32,50,1500,3.75,0.019732682839665606,Egr1|Foxc2|Foxd1|Hes1,0.2498134290030474
drug1,GO_BP,GOBP_NEPHRON_EPITHELIUM_DEVELOPMENT,3,22,50,1500,4.090909090909091,0.034352084177712426,Foxc2|Foxd1|Hes1,0.32547246221191073
drug1,GO_BP,GOBP_NERVE_DEVELOPMENT,2,18,50,1500,3.3333333333333335,0.11872751053120777,Col25a1|Hes1,0.5228515030168364
drug1,GO_BP,GOBP_NEURAL_CREST_CELL_DIFFERENTIATION,4,24,50,1500,5.0,0.007096598958267543,Fn1|Foxc2|Hes1|Twist1,0.17068560805110697
drug1,GO_BP,GOBP_NEURAL_PRECURSOR_CELL_PROLIFERATION,0,36,50,1500,0.0,1.0,,1.0
drug1,GO_BP,GOBP_NEURAL_RETINA_DEVELOPMENT,3,24,50,1500,3.75,0.04309557126901202,Bsg|Fos|Hes1,0.3449768636066233
drug1,GO_BP,GOBP_NEURAL_TUBE_DEVELOPMENT,2,18,50,1500,3.3333333333333335,0.11872751053120777,Hes1|Twist1,0.5228515030168364
drug1,GO_BP,GOBP_NEURAL_TUBE_FORMATION,1,13,50,1500,2.3076923076923075,0.3575867388571701,Twist1,0.8025945450868804
drug1,GO_BP,GOBP_NEUROBLAST_PROLIFERATION,0,15,50,1500,0.0,1.0,,1.0
drug1,GO_BP,GOBP_NEUROEPITHELIAL_CELL_DIFFERENTIATION,1,13,50,1500,2.3076923076923075,0.3575867388571701,Hes1,0.8025945450868804
drug1,GO_BP,GOBP_NEUROINFLAMMATORY_RESPONSE,0,17,50,1500,0.0,1.0,,1.0
drug1,GO_BP,GOBP_NEUROMUSCULAR_PROCESS,0,32,50,1500,0.0,1.0,,1.0
drug1,GO_BP,GOBP_NEUROMUSCULAR_PROCESS_CONTROLLING_BALANCE,0,11,50,1500,0.0,1.0,,1.0
drug1,GO_BP,GOBP_NEURON_APOPTOTIC_PROCESS,5,54,50,1500,2.7777777777777777,0.030938361410388148,Apoe|Col6a1|Col6a2|Egr1|Mt1,0.3181951727334224
drug1,GO_BP,GOBP_NEURON_DEVELOPMENT,11,211,50,1500,1.5639810426540284,0.08109579898781953,Apoe|Bsg|Col25a1|Efemp1|Fn1|Foxd1|Hes1|Klf4|Mbp|Nbl1|Slc4a10,0.44259397586469373
drug1,GO_BP,GOBP_NEURON_FATE_COMMITMENT,0,19,50,1500,0.0,1.0,,1.0
drug1,GO_BP,GOBP_NEURON_MATURATION,0,12,50,1500,0.0,1.0,,1.0
drug1,GO_BP,GOBP_NEURON_MIGRATION,1,35,50,1500,0.8571428571428571,0.6989411842507965,Twist1,1.0
drug1,GO_BP,GOBP_NEURON_PROJECTION_EXTENSION,2,39,50,1500,1.5384615384615383,0.3762268611656,Apoe|Fn1,0.8107632229974242
drug1,GO_BP,GOBP_NEURON_PROJECTION_GUIDANCE,2,52,50,1500,1.1538461538461537,0.5246983784805676,Bsg|Foxd1,0.9034972228024557
drug1,GO_BP,GOBP_NEURON_PROJECTION_ORGANIZATION,1,20,50,1500,1.5,0.49461650530034706,Apoe,0.8708037065146956
drug1,GO_BP,GOBP_NEURON_PROJECTION_REGENERATION,2,17,50,1500,3.5294117647058822,0.10775612872998955,Apoe|Klf4,0.5002963119606657
drug1,GO_BP,GOBP_NEURON_RECOGNITION,1,13,50,1500,2.3076923076923075,0.3575867388571701,Bsg,0.8025945450868804
drug1,GO_BP,GOBP_NEUROPEPTIDE_SIGNALING_PATHWAY,0,12,50,1500,0.0,1.0,,1.0
drug1,GO_BP,GOBP_NEUROTRANSMITTER_RECEPTOR_LOCALIZATION_TO_POSTSYNAPTIC_SPECIALIZATION_MEMBRANE,0,11,50,1500,0.0,1.0,,1.0
drug1,GO_BP,GOBP_NEUROTRANSMITTER_SECRETION,1,35,50,1500,0.8571428571428571,0.6989411842507965,Slc38a2,1.0
drug1,GO_BP,GOBP_NEUROTRANSMITTER_TRANSPORT,1,45,50,1500,0.6666666666666666,0.7874965257547175,Slc38a2,1.0
drug1,GO_BP,GOBP_NEUTRAL_AMINO_ACID_TRANSPORT,1,12,50,1500,2.5,0.33524969917904673,Slc38a2,0.8025945450868804
drug1,GO_BP,GOBP_NEUTRAL_LIPID_METABOLIC_PROCESS,1,16,50,1500,1.875,0.4202758734830577,Apoe,0.831849323276454
drug1,GO_BP,GOBP_NEUTROPHIL_CHEMOTAXIS,1,20,50,1500,1.5,0.49461650530034706,Bsg,0.8708037065146956
drug1,GO_BP,GOBP_NEUTROPHIL_MIGRATION,1,23,50,1500,1.3043478260869565,0.5441591891136924,Bsg,0.911606888979124
drug1,GO_BP,GOBP_NON_CANONICAL_NF_KAPPAB_SIGNAL_TRANSDUCTION,1,11,50,1500,2.7272727272727275,0.31215205147852715,Ccn3,0.8025945450868804
drug1,GO_BP,GOBP_NON_PROTEINOGENIC_AMINO_ACID_METABOLIC_PROCESS,0,10,50,1500,0.0,1.0,,1.0
drug1,GO_BP,GOBP_NOTCH_SIGNALING_PATHWAY,3,29,50,1500,3.103448275862069,0.06929647406754862,Ccn3|Foxc2|Hes1,0.40947916494460546
drug1,GO_BP,GOBP_NUCLEAR_CHROMOSOME_SEGREGATION,0,27,50,1500,0.0,1.0,,1.0
drug1,GO_BP,GOBP_NUCLEAR_RECEPTOR_MEDIATED_SIGNALING_PATHWAY,1,15,50,1500,2.0,0.4000764265660914,Twist1,0.8194525798857352
drug1,GO_BP,GOBP_NUCLEAR_TRANSPORT,0,21,50,1500,0.0,1.0,,1.0
drug1,GO_BP,GOBP_NUCLEIC_ACID_CATABOLIC_PROCESS,0,10,50,1500,0.0,1.0,,1.0
drug1,GO_BP,GOBP_NUCLEOBASE_CONTAINING_COMPOUND_CATABOLIC_PROCESS,2,25,50,1500,2.4,0.20153398901832625,Col6a1|Zbtb20,0.7073948991788396
drug1,GO_BP,GOBP_NUCLEOBASE_CONTAINING_SMALL_MOLECULE_METABOLIC_PROCESS,4,41,50,1500,2.926829268292683,0.04461544346076818,Col6a1|Ttr|Zbtb20|mt-Nd4,0.3536590030426746
drug1,GO_BP,GOBP_NUCLEOSIDE_PHOSPHATE_BIOSYNTHETIC_PROCESS,1,10,50,1500,3.0,0.2882684421548648,mt-Nd4,0.8025945450868804
drug1,GO_BP,GOBP_NUCLEOSIDE_PHOSPHATE_CATABOLIC_PROCESS,2,15,50,1500,4.0,0.08674586941049843,Col6a1|Zbtb20,0.45325414081048215
drug1,GO_BP,GOBP_NUCLEOSIDE_TRIPHOSPHATE_METABOLIC_PROCESS,3,15,50,1500,6.0,0.011956460152065383,Col6a1|Zbtb20|mt-Nd4,0.20891664244200267
drug1,GO_BP,GOBP_NUCLEOTIDE_CATABOLIC_PROCESS,2,14,50,1500,4.285714285714286,0.07677394817604072,Col6a1|Zbtb20,0.43168742486528083
drug1,GO_BP,GOBP_NUCLEOTIDE_METABOLIC_PROCESS,3,32,50,1500,2.8125,0.08778710247437263,Col6a1|Zbtb20|mt-Nd4,0.4557637109292509
drug1,GO_BP,GOBP_NUCLEUS_ORGANIZATION,1,10,50,1500,3.0,0.2882684421548648,Neat1,0.8025945450868804
drug1,GO_BP,GOBP_NUTRIENT_STORAGE,1,11,50,1500,2.7272727272727275,0.31215205147852715,Apoe,0.8025945450868804
drug1,GO_BP,GOBP_ODONTOGENESIS,2,18,50,1500,3.3333333333333335,0.11872751053120777,Bsg|Id3,0.5228515030168364
drug1,GO_BP,GOBP_ODONTOGENESIS_OF_DENTIN_CONTAINING_TOOTH,1,16,50,1500,1.875,0.4202758734830577,Bsg,0.831849323276454
drug1,GO_BP,GOBP_OLEFINIC_COMPOUND_METABOLIC_PROCESS,1,13,50,1500,2.3076923076923075,0.3575867388571701,Egr1,0.8025945450868804
drug1,GO_BP,GOBP_OLFACTORY_LOBE_DEVELOPMENT,0,11,50,1500,0.0,1.0,,1.0
drug1,GO_BP,GOBP_OLIGODENDROCYTE_DEVELOPMENT,0,17,50,1500,0.0,1.0,,1.0
drug1,GO_BP,GOBP_OLIGODENDROCYTE_DIFFERENTIATION,1,36,50,1500,0.8333333333333334,0.7092162291569126,Hes1,1.0
drug1,GO_BP,GOBP_ORGANELLE_ASSEMBLY,1,97,50,1500,0.30927835051546393,0.9666399647465306,Neat1,1.0
drug1,GO_BP,GOBP_ORGANELLE_FISSION,0,47,50,1500,0.0,1.0,,1.0
drug1,GO_BP,GOBP_ORGANELLE_FUSION,1,19,50,1500,1.5789473684210527,0.4769581022710094,Anxa1,0.8611743513226557
drug1,GO_BP,GOBP_ORGANELLE_LOCALIZATION,0,57,50,1500,0.0,1.0,,1.0
drug1,GO_BP,GOBP_ORGANELLE_MEMBRANE_FUSION,1,16,50,1500,1.875,0.4202758734830577,Anxa1,0.831849323276454
drug1,GO_BP,GOBP_ORGANIC_ACID_BIOSYNTHETIC_PROCESS,2,34,50,1500,1.7647058823529411,0.3143712536930831,Anxa1|Glul,0.8025945450868804
drug1,GO_BP,GOBP_ORGANIC_ACID_CATABOLIC_PROCESS,1,17,50,1500,1.7647058823529411,0.4398083575301246,Twist1,0.8437881711764491
drug1,GO_BP,GOBP_ORGANIC_ACID_METABOLIC_PROCESS,5,76,50,1500,1.973684210526316,0.10456992143363271,Anxa1|Col6a1|Glul|Twist1|Zbtb20,0.499782712734274
drug1,GO_BP,GOBP_ORGANIC_ACID_TRANSMEMBRANE_TRANSPORT,3,39,50,1500,2.3076923076923075,0.13784616132080219,Slc26a7|Slc38a2|Slc47a1,0.5717754295014431
drug1,GO_BP,GOBP_ORGANIC_ACID_TRANSPORT,5,70,50,1500,2.142857142857143,0.0794742465828963,Anxa1|Apoe|Slc26a7|Slc38a2|Slc47a1,0.4422796256753647
drug1,GO_BP,GOBP_ORGANIC_ANION_TRANSPORT,6,72,50,1500,2.5,0.029393700146628073,Anxa1|Apoe|Slc26a7|Slc38a2|Slc47a1|Slc4a10,0.3166225253313666
drug1,GO_BP,GOBP_ORGANIC_CATION_TRANSPORT,2,25,50,1500,2.4,0.20153398901832625,Slc38a2|Slc47a1,0.7073948991788396
drug1,GO_BP,GOBP_ORGANIC_HYDROXY_COMPOUND_TRANSPORT,1,39,50,1500,0.7692307692307692,0.7380227031427208,Apoe,1.0
drug1,GO_BP,GOBP_ORGANOPHOSPHATE_BIOSYNTHETIC_PROCESS,1,27,50,1500,1.1111111111111112,0.60287685419108,mt-Nd4,0.970936459921214
drug1,GO_BP,GOBP_ORGANOPHOSPHATE_CATABOLIC_PROCESS,2,23,50,1500,2.608695652173913,0.17706049687331893,Col6a1|Zbtb20,0.6539166077707802
drug1,GO_BP,GOBP_ORGANOPHOSPHATE_ESTER_TRANSPORT,1,10,50,1500,3.0,0.2882684421548648,Apoe,0.8025945450868804
drug1,GO_BP,GOBP_ORGANOPHOSPHATE_METABOLIC_PROCESS,3,67,50,1500,1.3432835820895521,0.3884705073158133,Col6a1|Zbtb20|mt-Nd4,0.8194525798857352
drug1,GO_BP,GOBP_ORGAN_GROWTH,2,41,50,1500,1.4634146341463414,0.40039713749493766,Bnc2|Foxc2,0.8194525798857352
drug1,GO_BP,GOBP_OSSIFICATION,9,66,50,1500,4.090909090909091,0.00021207839818695193,Ccn3|Col1a2|Col6a1|Foxc2|Id3|Igfbp5|Mgp|Slc26a2|Twist1,0.05055168253890266
drug1,GO_BP,GOBP_OSTEOBLAST_DIFFERENTIATION,3,37,50,1500,2.4324324324324325,0.12265434187292903,Id3|Igfbp5|Twist1,0.5343520255858168
drug1,GO_BP,GOBP_OSTEOCLAST_DIFFERENTIATION,1,19,50,1500,1.5789473684210527,0.4769581022710094,Fos,0.8611743513226557
drug1,GO_BP,GOBP_OUTFLOW_TRACT_MORPHOGENESIS,3,19,50,1500,4.736842105263158,0.023183209906023995,Foxc2|Hes1|Twist1,0.2749833291772919
drug1,GO_BP,GOBP_OVULATION_CYCLE,1,16,50,1500,1.875,0.4202758734830577,Egr1,0.831849323276454
drug1,GO_BP,GOBP_OXIDATIVE_PHOSPHORYLATION,3,12,50,1500,7.5,0.006204459645394968,mt-Co2|mt-Co3|mt-Nd4,0.16261688586720682
drug1,GO_BP,GOBP_P38MAPK_CASCADE,0,10,50,1500,0.0,1.0,,1.0
drug1,GO_BP,GOBP_PALLIUM_DEVELOPMENT,2,43,50,1500,1.3953488372093024,0.424148062560875,Fos|Slc38a2,0.8334227347780192
drug1,GO_BP,GOBP_PANCREAS_DEVELOPMENT,2,14,50,1500,4.285714285714286,0.07677394817604072,Hes1|Ildr2,0.43168742486528083
drug1,GO_BP,GOBP_PATTERN_SPECIFICATION_PROCESS,4,62,50,1500,1.9354838709677418,0.14824084847871297,Foxc2|Foxd1|Hes1|Nbl1,0.5904200460242857
drug1,GO_BP,GOBP_PEPTIDE_TRANSPORT,4,45,50,1500,2.6666666666666665,0.05956914793339073,Anxa1|Ccn3|Glul|Ildr2,0.37812447418656225
drug1,GO_BP,GOBP_PEPTIDYL_AMINO_ACID_MODIFICATION,3,74,50,1500,1.2162162162162162,0.45251749134404146,Efemp1|Egr1|Hes1,0.855143029707743
drug1,GO_BP,GOBP_PEPTIDYL_SERINE_MODIFICATION,0,22,50,1500,0.0,1.0,,1.0
drug1,GO_BP,GOBP_PEPTIDYL_THREONINE_MODIFICATION,0,10,50,1500,0.0,1.0,,1.0
drug1,GO_BP,GOBP_PEPTIDYL_TYROSINE_MODIFICATION,2,44,50,1500,1.3636363636363638,0.4358505956229922,Efemp1|Hes1,0.8437881711764491
drug1,GO_BP,GOBP_PERIPHERAL_NERVOUS_SYSTEM_DEVELOPMENT,1,14,50,1500,2.142857142857143,0.3791877227557184,Col6a1,0.8107632229974242
drug1,GO_BP,GOBP_PHAGOCYTOSIS,1,29,50,1500,1.0344827586206897,0.6293882879681989,Anxa1,0.9948988015061511
drug1,GO_BP,GOBP_PHAGOCYTOSIS_ENGULFMENT,0,10,50,1500,0.0,1.0,,1.0
drug1,GO_BP,GOBP_PHENOL_CONTAINING_COMPOUND_BIOSYNTHETIC_PROCESS,0,10,50,1500,0.0,1.0,,1.0
drug1,GO_BP,GOBP_PHENOL_CONTAINING_COMPOUND_METABOLIC_PROCESS,1,20,50,1500,1.5,0.49461650530034706,Slc26a7,0.8708037065146956
drug1,GO_BP,GOBP_PHOSPHATIDYLINOSITOL_3_KINASE_PROTEIN_KINASE_B_SIGNAL_TRANSDUCTION,6,51,50,1500,3.5294117647058822,0.005784074946826666,Col6a1|Col6a2|Fn1|Igfbp5|Klf4|Twist1,0.16261688586720682
drug1,GO_BP,GOBP_PHOSPHOLIPASE_C_ACTIVATING_G_PROTEIN_COUPLED_RECEPTOR_SIGNALING_PATHWAY,0,20,50,1500,0.0,1.0,,1.0
drug1,GO_BP,GOBP_PHOSPHOLIPID_BIOSYNTHETIC_PROCESS,0,13,50,1500,0.0,1.0,,1.0
drug1,GO_BP,GOBP_PHOSPHOLIPID_METABOLIC_PROCESS,0,29,50,1500,0.0,1.0,,1.0
drug1,GO_BP,GOBP_PHOSPHORYLATION,5,141,50,1500,1.0638297872340425,0.513790072341216,Apoe|Col6a1|Efemp1|Fn1|Hes1,0.8925183317631409
drug1,GO_BP,GOBP_PHOTORECEPTOR_CELL_DIFFERENTIATION,0,13,50,1500,0.0,1.0,,1.0
drug1,GO_BP,GOBP_PHYSIOLOGICAL_CARDIAC_MUSCLE_HYPERTROPHY,0,10,50,1500,0.0,1.0,,1.0
drug1,GO_BP,GOBP_PLACENTA_DEVELOPMENT,3,31,50,1500,2.9032258064516125,0.0814070006336188,Bsg|Hes1|Rspo3,0.44259397586469373
drug1,GO_BP,GOBP_PLASMA_MEMBRANE_ORGANIZATION,2,23,50,1500,2.608695652173913,0.17706049687331893,Col6a1|S100a10,0.6539166077707802
drug1,GO_BP,GOBP_PLATELET_ACTIVATION,1,12,50,1500,2.5,0.33524969917904673,Apoe,0.8025945450868804
drug1,GO_BP,GOBP_PLATELET_DERIVED_GROWTH_FACTOR_RECEPTOR_ALPHA_SIGNALING_PATHWAY,0,19,50,1500,0.0,1.0,,1.0
drug1,GO_BP,GOBP_PLATELET_DERIVED_GROWTH_FACTOR_RECEPTOR_BETA_SIGNALING_PATHWAY,0,19,50,1500,0.0,1.0,,1.0
drug1,GO_BP,GOBP_PLATELET_DERIVED_GROWTH_FACTOR_RECEPTOR_SIGNALING_PATHWAY,0,30,50,1500,0.0,1.0,,1.0
drug1,GO_BP,GOBP_POLYOL_METABOLIC_PROCESS,0,10,50,1500,0.0,1.0,,1.0
drug1,GO_BP,GOBP_POSITIVE_CHEMOTAXIS,0,13,50,1500,0.0,1.0,,1.0
drug1,GO_BP,GOBP_POSITIVE_REGULATION_OF_ADAPTIVE_IMMUNE_RESPONSE,0,14,50,1500,0.0,1.0,,1.0
drug1,GO_BP,GOBP_POSITIVE_REGULATION_OF_ALPHA_BETA_T_CELL_ACTIVATION,1,11,50,1500,2.7272727272727275,0.31215205147852715,Anxa1,0.8025945450868804
drug1,GO_BP,GOBP_POSITIVE_REGULATION_OF_AMINE_TRANSPORT,0,13,50,1500,0.0,1.0,,1.0
drug1,GO_BP,GOBP_POSITIVE_REGULATION_OF_APOPTOTIC_SIGNALING_PATHWAY,0,20,50,1500,0.0,1.0,,1.0
drug1,GO_BP,GOBP_POSITIVE_REGULATION_OF_AXONOGENESIS,2,16,50,1500,3.75,0.0970847228115921,Apoe|Fn1,0.4723433370324466
drug1,GO_BP,GOBP_POSITIVE_REGULATION_OF_AXON_EXTENSION,2,11,50,1500,5.454545454545455,0.04943234891824236,Apoe|Fn1,0.35543171235461873
drug1,GO_BP,GOBP_POSITIVE_REGULATION_OF_BINDING,3,15,50,1500,6.0,0.011956460152065383,Hes1|S100a10|Twist1,0.20891664244200267
drug1,GO_BP,GOBP_POSITIVE_REGULATION_OF_BIOMINERAL_TISSUE_DEVELOPMENT,0,11,50,1500,0.0,1.0,,1.0
drug1,GO_BP,GOBP_POSITIVE_REGULATION_OF_BLOOD_CIRCULATION,0,12,50,1500,0.0,1.0,,1.0
drug1,GO_BP,GOBP_POSITIVE_REGULATION_OF_BLOOD_VESSEL_ENDOTHELIAL_CELL_MIGRATION,2,18,50,1500,3.3333333333333335,0.11872751053120777,Anxa1|Foxc2,0.5228515030168364
drug1,GO_BP,GOBP_POSITIVE_REGULATION_OF_BMP_SIGNALING_PATHWAY,2,11,50,1500,5.454545454545455,0.04943234891824236,Foxd1|Hes1,0.35543171235461873
drug1,GO_BP,GOBP_POSITIVE_REGULATION_OF_BONE_MINERALIZATION,0,10,50,1500,0.0,1.0,,1.0
drug1,GO_BP,GOBP_POSITIVE_REGULATION_OF_CALCIUM_ION_TRANSPORT,0,22,50,1500,0.0,1.0,,1.0
drug1,GO_BP,GOBP_POSITIVE_REGULATION_OF_CALCIUM_MEDIATED_SIGNALING,0,14,50,1500,0.0,1.0,,1.0
drug1,GO_BP,GOBP_POSITIVE_REGULATION_OF_CANONICAL_NF_KAPPAB_SIGNAL_TRANSDUCTION,0,13,50,1500,0.0,1.0,,1.0
drug1,GO_BP,GOBP_POSITIVE_REGULATION_OF_CARBOHYDRATE_METABOLIC_PROCESS,1,13,50,1500,2.3076923076923075,0.3575867388571701,Zbtb20,0.8025945450868804
drug1,GO_BP,GOBP_POSITIVE_REGULATION_OF_CATABOLIC_PROCESS,3,41,50,1500,2.1951219512195124,0.15365659133764528,Apoe|Twist1|Zbtb20,0.5904323631852596
drug1,GO_BP,GOBP_POSITIVE_REGULATION_OF_CATALYTIC_ACTIVITY,3,65,50,1500,1.3846153846153848,0.36985602599805995,Apoe|Mbp|S100a10,0.8107632229974242
drug1,GO_BP,GOBP_POSITIVE_REGULATION_OF_CELLULAR_COMPONENT_BIOGENESIS,3,70,50,1500,1.2857142857142856,0.41617005907570176,Apoe|Foxc2|S100a10,0.831849323276454
drug1,GO_BP,GOBP_POSITIVE_REGULATION_OF_CELLULAR_COMPONENT_ORGANIZATION,7,172,50,1500,1.2209302325581395,0.34695614358458315,Anxa1|Apoe|Efemp1|Fn1|Foxc2|Klf4|S100a10,0.8025945450868804
drug1,GO_BP,GOBP_POSITIVE_REGULATION_OF_CELL_ACTIVATION,2,55,50,1500,1.090909090909091,0.5556112094093976,Anxa1|Hes1,0.926018682348996
drug1,GO_BP,GOBP_POSITIVE_REGULATION_OF_CELL_ADHESION,5,91,50,1500,1.6483516483516485,0.18206569245300933,Anxa1|Fn1|Foxc2|Hes1|S100a10,0.6663440320633788
drug1,GO_BP,GOBP_POSITIVE_REGULATION_OF_CELL_CELL_ADHESION,2,46,50,1500,1.3043478260869565,0.4588829057877858,Anxa1|Hes1,0.855143029707743
drug1,GO_BP,GOBP_POSITIVE_REGULATION_OF_CELL_CYCLE,2,51,50,1500,1.1764705882352942,0.5140905590955691,Anxa1|Hes1,0.8925183317631409
drug1,GO_BP,GOBP_POSITIVE_REGULATION_OF_CELL_CYCLE_PHASE_TRANSITION,1,17,50,1500,1.7647058823529411,0.4398083575301246,Anxa1,0.8437881711764491
drug1,GO_BP,GOBP_POSITIVE_REGULATION_OF_CELL_CYCLE_PROCESS,1,39,50,1500,0.7692307692307692,0.7380227031427208,Anxa1,1.0
drug1,GO_BP,GOBP_POSITIVE_REGULATION_OF_CELL_DEVELOPMENT,5,82,50,1500,1.829268292682927,0.13320081574274303,Anxa1|Apoe|Fn1|Fos|Hes1,0.5593057508577711
drug1,GO_BP,GOBP_POSITIVE_REGULATION_OF_CELL_DIFFERENTIATION,9,172,50,1500,1.569767441860465,0.10961564531440066,Anxa1|Apoe|Ccn3|Fn1|Fos|Glul|Hes1|Nbl1|Twist1,0.5060381353292643
drug1,GO_BP,GOBP_POSITIVE_REGULATION_OF_CELL_DIVISION,0,16,50,1500,0.0,1.0,,1.0
drug1,GO_BP,GOBP_POSITIVE_REGULATION_OF_CELL_GROWTH,2,22,50,1500,2.7272727272727275,0.1650200797304365,Apoe|Fn1,0.6193016849005989
drug1,GO_BP,GOBP_POSITIVE_REGULATION_OF_CELL_JUNCTION_ASSEMBLY,1,26,50,1500,1.1538461538461537,0.5889329235095868,S100a10,0.955105789124829
drug1,GO_BP,GOBP_POSITIVE_REGULATION_OF_CELL_MATRIX_ADHESION,1,16,50,1500,1.875,0.4202758734830577,S100a10,0.831849323276454
drug1,GO_BP,GOBP_POSITIVE_REGULATION_OF_CELL_MIGRATION_INVOLVED_IN_SPROUTING_ANGIOGENESIS,2,11,50,1500,5.454545454545455,0.04943234891824236,Anxa1|Foxc2,0.35543171235461873
drug1,GO_BP,GOBP_POSITIVE_REGULATION_OF_CELL_POPULATION_PROLIFERATION,9,162,50,1500,1.6666666666666665,0.08170965708271269,Anxa1|Efemp1|Egr1|Fn1|Glul|Hes1|Igfbp5|Tsc22d1|Twist1,0.44259397586469373
drug1,GO_BP,GOBP_POSITIVE_REGULATION_OF_CELL_PROJECTION_ORGANIZATION,3,70,50,1500,1.2857142857142856,0.41617005907570176,Apoe|Efemp1|Fn1,0.831849323276454
drug1,GO_BP,GOBP_POSITIVE_REGULATION_OF_CELL_SUBSTRATE_ADHESION,2,37,50,1500,1.6216216216216215,0.3516951994318052,Fn1|S100a10,0.8025945450868804
drug1,GO_BP,GOBP_POSITIVE_REGULATION_OF_CELL_SUBSTRATE_JUNCTION_ORGANIZATION,1,10,50,1500,3.0,0.2882684421548648,S100a10,0.8025945450868804
drug1,GO_BP,GOBP_POSITIVE_REGULATION_OF_CHEMOKINE_PRODUCTION,3,13,50,1500,6.9230769230769225,0.007877797294666476,Egr1|Mbp|Twist1,0.17068560805110697
drug1,GO_BP,GOBP_POSITIVE_REGULATION_OF_CHEMOTAXIS,1,37,50,1500,0.8108108108108107,0.7191473688714989,Fn1,1.0
drug1,GO_BP,GOBP_POSITIVE_REGULATION_OF_COLD_INDUCED_THERMOGENESIS,0,17,50,1500,0.0,1.0,,1.0
drug1,GO_BP,GOBP_POSITIVE_REGULATION_OF_CYTOKINE_PRODUCTION,6,68,50,1500,2.6470588235294117,0.02279576518496861,Anxa1|Bsg|Egr1|Mbp|Twist1|Zbtb20,0.2749833291772919
drug1,GO_BP,GOBP_POSITIVE_REGULATION_OF_CYTOKINE_PRODUCTION_INVOLVED_IN_IMMUNE_RESPONSE,0,12,50,1500,0.0,1.0,,1.0
drug1,GO_BP,GOBP_POSITIVE_REGULATION_OF_CYTOSKELETON_ORGANIZATION,1,26,50,1500,1.1538461538461537,0.5889329235095868,S100a10,0.955105789124829
drug1,GO_BP,GOBP_POSITIVE_REGULATION_OF_CYTOSOLIC_CALCIUM_ION_CONCENTRATION,0,26,50,1500,0.0,1.0,,1.0
drug1,GO_BP,GOBP_POSITIVE_REGULATION_OF_DEFENSE_RESPONSE,0,56,50,1500,0.0,1.0,,1.0
drug1,GO_BP,GOBP_POSITIVE_REGULATION_OF_DEVELOPMENTAL_GROWTH,2,37,50,1500,1.6216216216216215,0.3516951994318052,Apoe|Fn1,0.8025945450868804
drug1,GO_BP,GOBP_POSITIVE_REGULATION_OF_DEVELOPMENTAL_PROCESS,12,235,50,1500,1.5319148936170213,0.07846000139775917,Anxa1|Apoe|Ccn3|Fn1|Fos|Foxc2|Foxd1|Glul|Hes1|Klf4|Nbl1|Twist1,0.4396465595564092
drug1,GO_BP,GOBP_POSITIVE_REGULATION_OF_DNA_BINDING_TRANSCRIPTION_FACTOR_ACTIVITY,0,22,50,1500,0.0,1.0,,1.0
drug1,GO_BP,GOBP_POSITIVE_REGULATION_OF_DNA_METABOLIC_PROCESS,1,22,50,1500,1.3636363636363638,0.5281983764075895,Klf4,0.9034972228024557
drug1,GO_BP,GOBP_POSITIVE_REGULATION_OF_ENDOCYTOSIS,1,29,50,1500,1.0344827586206897,0.6293882879681989,Apoe,0.9948988015061511
drug1,GO_BP,GOBP_POSITIVE_REGULATION_OF_ENDOTHELIAL_CELL_MIGRATION,3,27,50,1500,3.333333333333333,0.058094821376033876,Anxa1|Bsg|Foxc2,0.3761118913787054
drug1,GO_BP,GOBP_POSITIVE_REGULATION_OF_ENDOTHELIAL_CELL_PROLIFERATION,0,26,50,1500,0.0,1.0,,1.0
drug1,GO_BP,GOBP_POSITIVE_REGULATION_OF_EPITHELIAL_CELL_DIFFERENTIATION,0,11,50,1500,0.0,1.0,,1.0
drug1,GO_BP,GOBP_POSITIVE_REGULATION_OF_EPITHELIAL_CELL_PROLIFERATION,2,46,50,1500,1.3043478260869565,0.4588829057877858,Glul|Twist1,0.855143029707743
drug1,GO_BP,GOBP_POSITIVE_REGULATION_OF_EPITHELIAL_TO_MESENCHYMAL_TRANSITION,1,13,50,1500,2.3076923076923075,0.3575867388571701,Twist1,0.8025945450868804
drug1,GO_BP,GOBP_POSITIVE_REGULATION_OF_ERK1_AND_ERK2_CASCADE,1,42,50,1500,0.7142857142857143,0.764026946378234,Apoe,1.0
drug1,GO_BP,GOBP_POSITIVE_REGULATION_OF_ESTABLISHMENT_OF_PROTEIN_LOCALIZATION,3,33,50,1500,2.727272727272727,0.09437465903438064,Apoe|Bsg|Glul,0.4723433370324466
drug1,GO_BP,GOBP_POSITIVE_REGULATION_OF_EXCITATORY_POSTSYNAPTIC_POTENTIAL,0,10,50,1500,0.0,1.0,,1.0
drug1,GO_BP,GOBP_POSITIVE_REGULATION_OF_EXOCYTOSIS,1,13,50,1500,2.3076923076923075,0.3575867388571701,S100a10,0.8025945450868804
drug1,GO_BP,GOBP_POSITIVE_REGULATION_OF_EXTRINSIC_APOPTOTIC_SIGNALING_PATHWAY,0,10,50,1500,0.0,1.0,,1.0
drug1,GO_BP,GOBP_POSITIVE_REGULATION_OF_FAT_CELL_DIFFERENTIATION,0,11,50,1500,0.0,1.0,,1.0
drug1,GO_BP,GOBP_POSITIVE_REGULATION_OF_FIBROBLAST_PROLIFERATION,1,17,50,1500,1.7647058823529411,0.4398083575301246,Fn1,0.8437881711764491
drug1,GO_BP,GOBP_POSITIVE_REGULATION_OF_GENE_EXPRESSION,13,140,50,1500,2.7857142857142856,0.000401018058233101,Anxa1|Bsg|Egr1|Fn1|Foxd1|Hes1|Id3|Klf4|Mbp|S100a10|Slc38a2|Twist1|Zbtb20,0.060228435351838396
drug1,GO_BP,GOBP_POSITIVE_REGULATION_OF_GLIAL_CELL_DIFFERENTIATION,1,13,50,1500,2.3076923076923075,0.3575867388571701,Hes1,0.8025945450868804
drug1,GO_BP,GOBP_POSITIVE_REGULATION_OF_GLIOGENESIS,1,20,50,1500,1.5,0.49461650530034706,Hes1,0.8708037065146956
drug1,GO_BP,GOBP_POSITIVE_REGULATION_OF_GROWTH,2,41,50,1500,1.4634146341463414,0.40039713749493766,Apoe|Fn1,0.8194525798857352
drug1,GO_BP,GOBP_POSITIVE_REGULATION_OF_HEART_GROWTH,0,10,50,1500,0.0,1.0,,1.0
drug1,GO_BP,GOBP_POSITIVE_REGULATION_OF_HEMOPOIESIS,2,29,50,1500,2.0689655172413794,0.25147901761228364,Anxa1|Fos,0.7950455323345543
drug1,GO_BP,GOBP_POSITIVE_REGULATION_OF_HORMONE_SECRETION,1,23,50,1500,1.3043478260869565,0.5441591891136924,Glul,0.911606888979124
drug1,GO_BP,GOBP_POSITIVE_REGULATION_OF_HYDROLASE_ACTIVITY,2,18,50,1500,3.3333333333333335,0.11872751053120777,Mbp|S100a10,0.5228515030168364
drug1,GO_BP,GOBP_POSITIVE_REGULATION_OF_IMMUNE_EFFECTOR_PROCESS,1,34,50,1500,0.8823529411764706,0.6883105763500479,Anxa1,1.0
drug1,GO_BP,GOBP_POSITIVE_REGULATION_OF_IMMUNE_RESPONSE,1,71,50,1500,0.4225352112676056,0.9150782745587396,Anxa1,1.0
drug1,GO_BP,GOBP_POSITIVE_REGULATION_OF_IMMUNE_SYSTEM_PROCESS,3,129,50,1500,0.6976744186046512,0.8201985391479221,Anxa1|Fos|Hes1,1.0
drug1,GO_BP,GOBP_POSITIVE_REGULATION_OF_INFLAMMATORY_RESPONSE,0,27,50,1500,0.0,1.0,,1.0
drug1,GO_BP,GOBP_POSITIVE_REGULATION_OF_INSULIN_SECRETION,1,13,50,1500,2.3076923076923075,0.3575867388571701,Glul,0.8025945450868804
drug1,GO_BP,GOBP_POSITIVE_REGULATION_OF_INTERLEUKIN_1_BETA_PRODUCTION,1,11,50,1500,2.7272727272727275,0.31215205147852715,Egr1,0.8025945450868804
drug1,GO_BP,GOBP_POSITIVE_REGULATION_OF_INTERLEUKIN_1_PRODUCTION,1,12,50,1500,2.5,0.33524969917904673,Egr1,0.8025945450868804
drug1,GO_BP,GOBP_POSITIVE_REGULATION_OF_INTERLEUKIN_6_PRODUCTION,4,18,50,1500,6.666666666666667,0.002369698940448127,Bsg|Mbp|Twist1|Zbtb20,0.13009045629411484
drug1,GO_BP,GOBP_POSITIVE_REGULATION_OF_INTRACELLULAR_PROTEIN_TRANSPORT,0,10,50,1500,0.0,1.0,,1.0
drug1,GO_BP,GOBP_POSITIVE_REGULATION_OF_INTRACELLULAR_SIGNAL_TRANSDUCTION,4,137,50,1500,0.8759124087591241,0.6855100390637544,Apoe|Fn1|Igfbp5|Igfbp6,1.0
drug1,GO_BP,GOBP_POSITIVE_REGULATION_OF_INTRACELLULAR_TRANSPORT,0,16,50,1500,0.0,1.0,,1.0
drug1,GO_BP,GOBP_POSITIVE_REGULATION_OF_JNK_CASCADE,0,12,50,1500,0.0,1.0,,1.0
drug1,GO_BP,GOBP_POSITIVE_REGULATION_OF_KINASE_ACTIVITY,0,42,50,1500,0.0,1.0,,1.0
drug1,GO_BP,GOBP_POSITIVE_REGULATION_OF_LEUKOCYTE_CELL_CELL_ADHESION,2,41,50,1500,1.4634146341463414,0.40039713749493766,Anxa1|Hes1,0.8194525798857352
drug1,GO_BP,GOBP_POSITIVE_REGULATION_OF_LEUKOCYTE_CHEMOTAXIS,0,23,50,1500,0.0,1.0,,1.0
drug1,GO_BP,GOBP_POSITIVE_REGULATION_OF_LEUKOCYTE_MEDIATED_IMMUNITY,0,14,50,1500,0.0,1.0,,1.0
drug1,GO_BP,GOBP_POSITIVE_REGULATION_OF_LEUKOCYTE_MIGRATION,0,33,50,1500,0.0,1.0,,1.0
drug1,GO_BP,GOBP_POSITIVE_REGULATION_OF_LEUKOCYTE_PROLIFERATION,2,29,50,1500,2.0689655172413794,0.25147901761228364,Anxa1|Hes1,0.7950455323345543
drug1,GO_BP,GOBP_POSITIVE_REGULATION_OF_LIPID_BIOSYNTHETIC_PROCESS,3,22,50,1500,4.090909090909091,0.034352084177712426,Anxa1|Apoe|Zbtb20,0.32547246221191073
drug1,GO_BP,GOBP_POSITIVE_REGULATION_OF_LIPID_LOCALIZATION,1,21,50,1500,1.4285714285714286,0.5116902720131731,Apoe,0.8921638326409939
drug1,GO_BP,GOBP_POSITIVE_REGULATION_OF_LIPID_METABOLIC_PROCESS,4,25,50,1500,4.8,0.008242907697159811,Anxa1|Apoe|Twist1|Zbtb20,0.1717272436908294
drug1,GO_BP,GOBP_POSITIVE_REGULATION_OF_LIPID_TRANSPORT,1,18,50,1500,1.6666666666666667,0.45869546617711976,Apoe,0.855143029707743
drug1,GO_BP,GOBP_POSITIVE_REGULATION_OF_LOCOMOTION,7,132,50,1500,1.5909090909090908,0.1434441036783398,Anxa1|Bsg|Egr1|Fn1|Foxc2|Igfbp5|Twist1,0.5756859365792112
drug1,GO_BP,GOBP_POSITIVE_REGULATION_OF_LYMPHOCYTE_ACTIVATION,2,43,50,1500,1.3953488372093024,0.424148062560875,Anxa1|Hes1,0.8334227347780192
drug1,GO_BP,GOBP_POSITIVE_REGULATION_OF_LYMPHOCYTE_DIFFERENTIATION,1,18,50,1500,1.6666666666666667,0.45869546617711976,Anxa1,0.855143029707743
drug1,GO_BP,GOBP_POSITIVE_REGULATION_OF_MAPK_CASCADE,2,83,50,1500,0.7228915662650602,0.7769677941947313,Apoe|Igfbp6,1.0
drug1,GO_BP,GOBP_POSITIVE_REGULATION_OF_MAP_KINASE_ACTIVITY,0,13,50,1500,0.0,1.0,,1.0
drug1,GO_BP,GOBP_POSITIVE_REGULATION_OF_MIRNA_METABOLIC_PROCESS,3,12,50,1500,7.5,0.006204459645394968,Egr1|Fos|Klf4,0.16261688586720682
drug1,GO_BP,GOBP_POSITIVE_REGULATION_OF_MITOTIC_CELL_CYCLE,2,15,50,1500,4.0,0.08674586941049843,Anxa1|Hes1,0.45325414081048215
drug1,GO_BP,GOBP_POSITIVE_REGULATION_OF_MITOTIC_CELL_CYCLE_PHASE_TRANSITION,1,11,50,1500,2.7272727272727275,0.31215205147852715,Anxa1,0.8025945450868804
drug1,GO_BP,GOBP_POSITIVE_REGULATION_OF_MOLECULAR_FUNCTION,5,100,50,1500,1.5,0.23676077226258654,Apoe|Hes1|Mbp|S100a10|Twist1,0.7809416135853325
drug1,GO_BP,GOBP_POSITIVE_REGULATION_OF_MONOATOMIC_ION_TRANSMEMBRANE_TRANSPORT,0,23,50,1500,0.0,1.0,,1.0
drug1,GO_BP,GOBP_POSITIVE_REGULATION_OF_MONOATOMIC_ION_TRANSPORT,0,37,50,1500,0.0,1.0,,1.0
drug1,GO_BP,GOBP_POSITIVE_REGULATION_OF_MONONUCLEAR_CELL_MIGRATION,0,17,50,1500,0.0,1.0,,1.0
drug1,GO_BP,GOBP_POSITIVE_REGULATION_OF_MULTICELLULAR_ORGANISMAL_PROCESS,14,268,50,1500,1.5671641791044775,0.048610121642491705,Anxa1|Apoe|Bsg|Ccn3|Egr1|Fn1|Fos|Foxc2|Foxd1|Hes1|Klf4|Mbp|Twist1|Zbtb20,0.35543171235461873
drug1,GO_BP,GOBP_POSITIVE_REGULATION_OF_MUSCLE_CELL_DIFFERENTIATION,0,14,50,1500,0.0,1.0,,1.0
drug1,GO_BP,GOBP_POSITIVE_REGULATION_OF_MUSCLE_CONTRACTION,0,13,50,1500,0.0,1.0,,1.0
drug1,GO_BP,GOBP_POSITIVE_REGULATION_OF_MYELOID_CELL_DIFFERENTIATION,2,19,50,1500,3.1578947368421053,0.12996801648711176,Fos|Glul,0.548529144327197
drug1,GO_BP,GOBP_POSITIVE_REGULATION_OF_MYELOID_LEUKOCYTE_DIFFERENTIATION,1,13,50,1500,2.3076923076923075,0.3575867388571701,Fos,0.8025945450868804
drug1,GO_BP,GOBP_POSITIVE_REGULATION_OF_NERVOUS_SYSTEM_DEVELOPMENT,3,59,50,1500,1.5254237288135595,0.31371481999432677,Apoe|Fn1|Hes1,0.8025945450868804
drug1,GO_BP,GOBP_POSITIVE_REGULATION_OF_NERVOUS_SYSTEM_PROCESS,0,13,50,1500,0.0,1.0,,1.0
drug1,GO_BP,GOBP_POSITIVE_REGULATION_OF_NEURAL_PRECURSOR_CELL_PROLIFERATION,0,12,50,1500,0.0,1.0,,1.0
drug1,GO_BP,GOBP_POSITIVE_REGULATION_OF_NEUROGENESIS,3,52,50,1500,1.7307692307692306,0.24889507447060455,Apoe|Fn1|Hes1,0.7950455323345543
drug1,GO_BP,GOBP_POSITIVE_REGULATION_OF_NEURON_APOPTOTIC_PROCESS,1,11,50,1500,2.7272727272727275,0.31215205147852715,Egr1,0.8025945450868804
drug1,GO_BP,GOBP_POSITIVE_REGULATION_OF_NEURON_DIFFERENTIATION,1,24,50,1500,1.25,0.5595904961849962,Nbl1,0.9269465405714771
drug1,GO_BP,GOBP_POSITIVE_REGULATION_OF_NEURON_PROJECTION_DEVELOPMENT,1,42,50,1500,0.7142857142857143,0.764026946378234,Apoe,1.0
drug1,GO_BP,GOBP_POSITIVE_REGULATION_OF_NITRIC_OXIDE_METABOLIC_PROCESS,2,12,50,1500,5.0,0.05807792677281182,Apoe|Klf4,0.3761118913787054
drug1,GO_BP,GOBP_POSITIVE_REGULATION_OF_NUCLEAR_DIVISION,0,13,50,1500,0.0,1.0,,1.0
drug1,GO_BP,GOBP_POSITIVE_REGULATION_OF_ORGANELLE_ORGANIZATION,3,62,50,1500,1.4516129032258063,0.34180347065176675,Anxa1|Klf4|S100a10,0.8025945450868804
drug1,GO_BP,GOBP_POSITIVE_REGULATION_OF_ORGANIC_ACID_TRANSPORT,0,16,50,1500,0.0,1.0,,1.0
drug1,GO_BP,GOBP_POSITIVE_REGULATION_OF_ORGAN_GROWTH,0,13,50,1500,0.0,1.0,,1.0
drug1,GO_BP,GOBP_POSITIVE_REGULATION_OF_OSSIFICATION,1,12,50,1500,2.5,0.33524969917904673,Ccn3,0.8025945450868804
drug1,GO_BP,GOBP_POSITIVE_REGULATION_OF_OSTEOBLAST_DIFFERENTIATION,0,13,50,1500,0.0,1.0,,1.0
drug1,GO_BP,GOBP_POSITIVE_REGULATION_OF_PEPTIDE_SECRETION,1,15,50,1500,2.0,0.4000764265660914,Glul,0.8194525798857352
drug1,GO_BP,GOBP_POSITIVE_REGULATION_OF_PEPTIDYL_TYROSINE_PHOSPHORYLATION,1,27,50,1500,1.1111111111111112,0.60287685419108,Hes1,0.970936459921214
drug1,GO_BP,GOBP_POSITIVE_REGULATION_OF_PHAGOCYTOSIS,0,12,50,1500,0.0,1.0,,1.0
drug1,GO_BP,GOBP_POSITIVE_REGULATION_OF_PHOSPHATIDYLINOSITOL_3_KINASE_PROTEIN_KINASE_B_SIGNAL_TRANSDUCTION,2,36,50,1500,1.6666666666666667,0.33931461253673095,Fn1|Igfbp5,0.8025945450868804
drug1,GO_BP,GOBP_POSITIVE_REGULATION_OF_PHOSPHORUS_METABOLIC_PROCESS,2,99,50,1500,0.6060606060606061,0.8553904376740875,Hes1|Zbtb20,1.0
drug1,GO_BP,GOBP_POSITIVE_REGULATION_OF_PLASMA_MEMBRANE_BOUNDED_CELL_PROJECTION_ASSEMBLY,0,13,50,1500,0.0,1.0,,1.0
drug1,GO_BP,GOBP_POSITIVE_REGULATION_OF_POST_TRANSLATIONAL_PROTEIN_MODIFICATION,1,11,50,1500,2.7272727272727275,0.31215205147852715,Egr1,0.8025945450868804
drug1,GO_BP,GOBP_POSITIVE_REGULATION_OF_PRODUCTION_OF_MOLECULAR_MEDIATOR_OF_IMMUNE_RESPONSE,0,16,50,1500,0.0,1.0,,1.0
drug1,GO_BP,GOBP_POSITIVE_REGULATION_OF_PROGRAMMED_CELL_DEATH,4,85,50,1500,1.4117647058823528,0.31342493482144906,Anxa1|Egr1|Id3|Tsc22d1,0.8025945450868804
drug1,GO_BP,GOBP_POSITIVE_REGULATION_OF_PROTEASOMAL_PROTEIN_CATABOLIC_PROCESS,0,12,50,1500,0.0,1.0,,1.0
drug1,GO_BP,GOBP_POSITIVE_REGULATION_OF_PROTEIN_CATABOLIC_PROCESS,1,25,50,1500,1.2,0.5745095173169409,Apoe,0.9420564739051756
drug1,GO_BP,GOBP_POSITIVE_REGULATION_OF_PROTEIN_CONTAINING_COMPLEX_ASSEMBLY,1,26,50,1500,1.1538461538461537,0.5889329235095868,Foxc2,0.955105789124829
drug1,GO_BP,GOBP_POSITIVE_REGULATION_OF_PROTEIN_LOCALIZATION,3,53,50,1500,1.6981132075471699,0.258037725432261,Apoe|Bsg|Glul,0.8025945450868804
drug1,GO_BP,GOBP_POSITIVE_REGULATION_OF_PROTEIN_LOCALIZATION_TO_CELL_PERIPHERY,0,13,50,1500,0.0,1.0,,1.0
drug1,GO_BP,GOBP_POSITIVE_REGULATION_OF_PROTEIN_LOCALIZATION_TO_MEMBRANE,0,13,50,1500,0.0,1.0,,1.0
drug1,GO_BP,GOBP_POSITIVE_REGULATION_OF_PROTEIN_LOCALIZATION_TO_NUCLEUS,0,12,50,1500,0.0,1.0,,1.0
drug1,GO_BP,GOBP_POSITIVE_REGULATION_OF_PROTEIN_LOCALIZATION_TO_PLASMA_MEMBRANE,0,11,50,1500,0.0,1.0,,1.0
drug1,GO_BP,GOBP_POSITIVE_REGULATION_OF_PROTEIN_METABOLIC_PROCESS,6,123,50,1500,1.4634146341463417,0.22152998545527816,Apoe|Egr1|Hes1|Klf4|Mbp|S100a10,0.7499713049267229
drug1,GO_BP,GOBP_POSITIVE_REGULATION_OF_PROTEIN_MODIFICATION_PROCESS,2,93,50,1500,0.6451612903225806,0.8293988287870959,Egr1|Hes1,1.0
drug1,GO_BP,GOBP_POSITIVE_REGULATION_OF_PROTEIN_SECRETION,2,19,50,1500,3.1578947368421053,0.12996801648711176,Bsg|Glul,0.548529144327197
drug1,GO_BP,GOBP_POSITIVE_REGULATION_OF_PROTEIN_SERINE_THREONINE_KINASE_ACTIVITY,0,24,50,1500,0.0,1.0,,1.0
drug1,GO_BP,GOBP_POSITIVE_REGULATION_OF_PROTEIN_TRANSPORT,3,31,50,1500,2.9032258064516125,0.0814070006336188,Apoe|Bsg|Glul,0.44259397586469373
drug1,GO_BP,GOBP_POSITIVE_REGULATION_OF_PROTEIN_UBIQUITINATION,0,10,50,1500,0.0,1.0,,1.0
drug1,GO_BP,GOBP_POSITIVE_REGULATION_OF_PROTEOLYSIS,3,21,50,1500,4.285714285714286,0.03036754457633339,Apoe|Mbp|S100a10,0.3166225253313666
drug1,GO_BP,GOBP_POSITIVE_REGULATION_OF_PROTEOLYSIS_INVOLVED_IN_PROTEIN_CATABOLIC_PROCESS,0,14,50,1500,0.0,1.0,,1.0
drug1,GO_BP,GOBP_POSITIVE_REGULATION_OF_REACTIVE_OXYGEN_SPECIES_METABOLIC_PROCESS,0,10,50,1500,0.0,1.0,,1.0
drug1,GO_BP,GOBP_POSITIVE_REGULATION_OF_REPRODUCTIVE_PROCESS,0,18,50,1500,0.0,1.0,,1.0
drug1,GO_BP,GOBP_POSITIVE_REGULATION_OF_RESPONSE_TO_BIOTIC_STIMULUS,0,34,50,1500,0.0,1.0,,1.0
drug1,GO_BP,GOBP_POSITIVE_REGULATION_OF_RESPONSE_TO_EXTERNAL_STIMULUS,1,86,50,1500,0.3488372093023256,0.950359710835991,Fn1,1.0
drug1,GO_BP,GOBP_POSITIVE_REGULATION_OF_RESPONSE_TO_WOUNDING,2,16,50,1500,3.75,0.0970847228115921,Anxa1|Foxc2,0.4723433370324466
drug1,GO_BP,GOBP_POSITIVE_REGULATION_OF_RNA_METABOLIC_PROCESS,10,146,50,1500,2.0547945205479454,0.018850534562161365,Apoe|Egr1|Fos|Foxc2|Foxd1|Hes1|Klf4|S100a10|Tsc22d1|Twist1,0.2498134290030474
drug1,GO_BP,GOBP_POSITIVE_REGULATION_OF_SECRETION,3,52,50,1500,1.7307692307692306,0.24889507447060455,Bsg|Glul|S100a10,0.7950455323345543
drug1,GO_BP,GOBP_POSITIVE_REGULATION_OF_SIGNAL_TRANSDUCTION,9,197,50,1500,1.3705583756345179,0.2003484599585749,Apoe|Ccn3|Fn1|Foxd1|Hes1|Igfbp5|Igfbp6|Rspo3|Tsc22d1,0.7073948991788396
drug1,GO_BP,GOBP_POSITIVE_REGULATION_OF_SMALL_MOLECULE_METABOLIC_PROCESS,4,23,50,1500,5.217391304347826,0.006061313828002251,Anxa1|Apoe|Twist1|Zbtb20,0.16261688586720682
drug1,GO_BP,GOBP_POSITIVE_REGULATION_OF_SMOOTH_MUSCLE_CELL_MIGRATION,2,21,50,1500,2.857142857142857,0.15314117104382513,Egr1|Igfbp5,0.5904323631852596
drug1,GO_BP,GOBP_POSITIVE_REGULATION_OF_SMOOTH_MUSCLE_CELL_PROLIFERATION,2,25,50,1500,2.4,0.20153398901832625,Egr1|Igfbp5,0.7073948991788396
drug1,GO_BP,GOBP_POSITIVE_REGULATION_OF_SYNAPTIC_TRANSMISSION,2,40,50,1500,1.5,0.3883610132921429,Apoe|Glul,0.8194525798857352
drug1,GO_BP,GOBP_POSITIVE_REGULATION_OF_SYNAPTIC_TRANSMISSION_GLUTAMATERGIC,1,12,50,1500,2.5,0.33524969917904673,Glul,0.8025945450868804
drug1,GO_BP,GOBP_POSITIVE_REGULATION_OF_TRANSCRIPTION_BY_RNA_POLYMERASE_II,9,121,50,1500,2.231404958677686,0.015771082816487425,Egr1|Fos|Foxc2|Foxd1|Hes1|Klf4|S100a10|Tsc22d1|Twist1,0.2354537176283534
drug1,GO_BP,GOBP_POSITIVE_REGULATION_OF_TRANSFERASE_ACTIVITY,1,45,50,1500,0.6666666666666666,0.7874965257547175,Apoe,1.0
drug1,GO_BP,GOBP_POSITIVE_REGULATION_OF_TRANSMEMBRANE_RECEPTOR_PROTEIN_SERINE_THREONINE_KINASE_SIGNALING_PATHWAY,3,18,50,1500,5.0,0.019985074320243792,Foxd1|Hes1|Tsc22d1,0.2498134290030474
drug1,GO_BP,GOBP_POSITIVE_REGULATION_OF_TRANSMEMBRANE_TRANSPORT,0,34,50,1500,0.0,1.0,,1.0
drug1,GO_BP,GOBP_POSITIVE_REGULATION_OF_TRANSPORT,5,134,50,1500,1.1194029850746268,0.4669597616131559,Anxa1|Apoe|Bsg|Glul|S100a10,0.8611743513226557
drug1,GO_BP,GOBP_POSITIVE_REGULATION_OF_TRANSPORTER_ACTIVITY,0,12,50,1500,0.0,1.0,,1.0
drug1,GO_BP,GOBP_POSITIVE_REGULATION_OF_TUMOR_NECROSIS_FACTOR_SUPERFAMILY_CYTOKINE_PRODUCTION,2,20,50,1500,3.0,0.14144844471358778,Twist1|Zbtb20,0.5717754295014431
drug1,GO_BP,GOBP_POSITIVE_REGULATION_OF_TYPE_II_INTERFERON_PRODUCTION,0,10,50,1500,0.0,1.0,,1.0
drug1,GO_BP,GOBP_POSITIVE_REGULATION_OF_T_CELL_PROLIFERATION,2,17,50,1500,3.5294117647058822,0.10775612872998955,Anxa1|Hes1,0.5002963119606657
drug1,GO_BP,GOBP_POSITIVE_REGULATION_OF_UBIQUITIN_DEPENDENT_PROTEIN_CATABOLIC_PROCESS,0,10,50,1500,0.0,1.0,,1.0
drug1,GO_BP,GOBP_POSITIVE_REGULATION_OF_VASCULATURE_DEVELOPMENT,2,43,50,1500,1.3953488372093024,0.424148062560875,Foxc2|Klf4,0.8334227347780192
drug1,GO_BP,GOBP_POSITIVE_REGULATION_OF_WNT_SIGNALING_PATHWAY,1,13,50,1500,2.3076923076923075,0.3575867388571701,Rspo3,0.8025945450868804
drug1,GO_BP,GOBP_POSITIVE_REGULATION_OF_WOUND_HEALING,2,13,50,1500,4.615384615384615,0.06720522304156554,Anxa1|Foxc2,0.40298334849647227
drug1,GO_BP,GOBP_POSTSYNAPSE_ASSEMBLY,0,20,50,1500,0.0,1.0,,1.0
drug1,GO_BP,GOBP_POSTSYNAPSE_ORGANIZATION,1,50,50,1500,0.6,0.8216281799211584,Apoe,1.0
drug1,GO_BP,GOBP_POSTSYNAPTIC_DENSITY_ASSEMBLY,0,10,50,1500,0.0,1.0,,1.0
drug1,GO_BP,GOBP_POSTSYNAPTIC_DENSITY_ORGANIZATION,0,13,50,1500,0.0,1.0,,1.0
drug1,GO_BP,GOBP_POSTSYNAPTIC_SPECIALIZATION_ASSEMBLY,0,10,50,1500,0.0,1.0,,1.0
drug1,GO_BP,GOBP_POSTSYNAPTIC_SPECIALIZATION_ORGANIZATION,0,13,50,1500,0.0,1.0,,1.0
drug1,GO_BP,GOBP_POST_EMBRYONIC_DEVELOPMENT,2,21,50,1500,2.857142857142857,0.15314117104382513,Klf4|Slc4a10,0.5904323631852596
drug1,GO_BP,GOBP_POST_TRANSCRIPTIONAL_REGULATION_OF_GENE_EXPRESSION,1,19,50,1500,1.5789473684210527,0.4769581022710094,Igfbp5,0.8611743513226557
drug1,GO_BP,GOBP_POST_TRANSLATIONAL_PROTEIN_MODIFICATION,1,44,50,1500,0.6818181818181819,0.7799395031997644,Egr1,1.0
drug1,GO_BP,GOBP_POTASSIUM_ION_IMPORT_ACROSS_PLASMA_MEMBRANE,0,10,50,1500,0.0,1.0,,1.0
drug1,GO_BP,GOBP_POTASSIUM_ION_TRANSMEMBRANE_TRANSPORT,0,25,50,1500,0.0,1.0,,1.0
drug1,GO_BP,GOBP_POTASSIUM_ION_TRANSPORT,0,30,50,1500,0.0,1.0,,1.0
drug1,GO_BP,GOBP_PRIMARY_NEURAL_TUBE_FORMATION,1,13,50,1500,2.3076923076923075,0.3575867388571701,Twist1,0.8025945450868804
drug1,GO_BP,GOBP_PROCESS_UTILIZING_AUTOPHAGIC_MECHANISM,2,29,50,1500,2.0689655172413794,0.25147901761228364,Col6a1|Fn1,0.7950455323345543
drug1,GO_BP,GOBP_PRODUCTION_OF_MOLECULAR_MEDIATOR_OF_IMMUNE_RESPONSE,1,31,50,1500,0.9677419354838709,0.6541629208821762,Twist1,1.0
drug1,GO_BP,GOBP_PROTEASOMAL_PROTEIN_CATABOLIC_PROCESS,1,28,50,1500,1.0714285714285714,0.616356933817995,Apoe,0.9848377752745741
drug1,GO_BP,GOBP_PROTEASOME_MEDIATED_UBIQUITIN_DEPENDENT_PROTEIN_CATABOLIC_PROCESS,0,18,50,1500,0.0,1.0,,1.0
drug1,GO_BP,GOBP_PROTEIN_AUTOPHOSPHORYLATION,0,28,50,1500,0.0,1.0,,1.0
drug1,GO_BP,GOBP_PROTEIN_CATABOLIC_PROCESS,1,64,50,1500,0.46875,0.8911102252145966,Apoe,1.0
drug1,GO_BP,GOBP_PROTEIN_COMPLEX_OLIGOMERIZATION,2,28,50,1500,2.142857142857143,0.2389147042643709,Col1a2|Col6a1,0.7809416135853325
drug1,GO_BP,GOBP_PROTEIN_CONTAINING_COMPLEX_DISASSEMBLY,0,21,50,1500,0.0,1.0,,1.0
drug1,GO_BP,GOBP_PROTEIN_CONTAINING_COMPLEX_LOCALIZATION,0,33,50,1500,0.0,1.0,,1.0
drug1,GO_BP,GOBP_PROTEIN_CONTAINING_COMPLEX_ORGANIZATION,9,149,50,1500,1.8120805369127517,0.05279849772010994,Apoe|Col1a2|Col6a1|Fn1|Foxc2|Hes1|Mgp|mt-Co3|mt-Nd4,0.36544872019899016
drug1,GO_BP,GOBP_PROTEIN_DEPOLYMERIZATION,0,14,50,1500,0.0,1.0,,1.0
drug1,GO_BP,GOBP_PROTEIN_HOMOOLIGOMERIZATION,0,19,50,1500,0.0,1.0,,1.0
drug1,GO_BP,GOBP_PROTEIN_LOCALIZATION_TO_CELL_JUNCTION,0,33,50,1500,0.0,1.0,,1.0
drug1,GO_BP,GOBP_PROTEIN_LOCALIZATION_TO_CELL_PERIPHERY,2,43,50,1500,1.3953488372093024,0.424148062560875,Bsg|S100a10,0.8334227347780192
drug1,GO_BP,GOBP_PROTEIN_LOCALIZATION_TO_EXTRACELLULAR_REGION,7,48,50,1500,4.375,0.0007701556181254199,Anxa1|Apoe|Bsg|Ccn3|Glul|Ildr2|Nbl1,0.09105459224976718
drug1,GO_BP,GOBP_PROTEIN_LOCALIZATION_TO_NUCLEUS,1,29,50,1500,1.0344827586206897,0.6293882879681989,Glul,0.9948988015061511
drug1,GO_BP,GOBP_PROTEIN_LOCALIZATION_TO_ORGANELLE,1,75,50,1500,0.4,0.9263656033486491,Glul,1.0
drug1,GO_BP,GOBP_PROTEIN_LOCALIZATION_TO_PLASMA_MEMBRANE,2,26,50,1500,2.3076923076923075,0.21392436250078883,Bsg|S100a10,0.7287779644943017
drug1,GO_BP,GOBP_PROTEIN_LOCALIZATION_TO_POSTSYNAPSE,0,16,50,1500,0.0,1.0,,1.0
drug1,GO_BP,GOBP_PROTEIN_LOCALIZATION_TO_SYNAPSE,0,24,50,1500,0.0,1.0,,1.0
drug1,GO_BP,GOBP_PROTEIN_MATURATION,1,35,50,1500,0.8571428571428571,0.6989411842507965,S100a10,1.0
drug1,GO_BP,GOBP_PROTEIN_MODIFICATION_BY_SMALL_PROTEIN_CONJUGATION,1,38,50,1500,0.7894736842105263,0.7287458866817691,Egr1,1.0
drug1,GO_BP,GOBP_PROTEIN_POLYMERIZATION,0,30,50,1500,0.0,1.0,,1.0
drug1,GO_BP,GOBP_PROTEIN_PROCESSING,1,21,50,1500,1.4285714285714286,0.5116902720131731,S100a10,0.8921638326409939
drug1,GO_BP,GOBP_PROTEIN_STABILIZATION,0,17,50,1500,0.0,1.0,,1.0
drug1,GO_BP,GOBP_PROTEIN_TARGETING,0,11,50,1500,0.0,1.0,,1.0
drug1,GO_BP,GOBP_PROTEIN_TETRAMERIZATION,1,14,50,1500,2.142857142857143,0.3791877227557184,Col6a1,0.8107632229974242
drug1,GO_BP,GOBP_PROTEIN_TRANSPORT,6,110,50,1500,1.6363636363636365,0.15442077190999098,Anxa1|Apoe|Bsg|Ccn3|Glul|Ildr2,0.5904323631852596
drug1,GO_BP,GOBP_PROTEOLYSIS,4,88,50,1500,1.3636363636363638,0.3367940361258175,Apoe|Mbp|S100a10|Serpinb9,0.8025945450868804
drug1,GO_BP,GOBP_PROTEOLYSIS_INVOLVED_IN_PROTEIN_CATABOLIC_PROCESS,1,39,50,1500,0.7692307692307692,0.7380227031427208,Apoe,1.0
drug1,GO_BP,GOBP_PROTON_TRANSMEMBRANE_TRANSPORT,5,16,50,1500,9.375,0.00011136266515354826,Slc47a1|Slc4a10|mt-Co2|mt-Co3|mt-Nd4,0.05055168253890266
drug1,GO_BP,GOBP_PURINE_CONTAINING_COMPOUND_METABOLIC_PROCESS,4,37,50,1500,3.243243243243243,0.03207321176489885,Col6a1|Ttr|Zbtb20|mt-Nd4,0.32547246221191073
drug1,GO_BP,GOBP_PYRIDINE_CONTAINING_COMPOUND_METABOLIC_PROCESS,2,14,50,1500,4.285714285714286,0.07677394817604072,Col6a1|Zbtb20,0.43168742486528083
drug1,GO_BP,GOBP_REACTIVE_NITROGEN_SPECIES_METABOLIC_PROCESS,2,16,50,1500,3.75,0.0970847228115921,Apoe|Klf4,0.4723433370324466
drug1,GO_BP,GOBP_REACTIVE_OXYGEN_SPECIES_METABOLIC_PROCESS,1,29,50,1500,1.0344827586206897,0.6293882879681989,Col6a1,0.9948988015061511
drug1,GO_BP,GOBP_RECEPTOR_CLUSTERING,1,11,50,1500,2.7272727272727275,0.31215205147852715,Apoe,0.8025945450868804
drug1,GO_BP,GOBP_RECEPTOR_INTERNALIZATION,0,27,50,1500,0.0,1.0,,1.0
drug1,GO_BP,GOBP_RECEPTOR_LOCALIZATION_TO_SYNAPSE,0,19,50,1500,0.0,1.0,,1.0
drug1,GO_BP,GOBP_RECEPTOR_MEDIATED_ENDOCYTOSIS,1,45,50,1500,0.6666666666666666,0.7874965257547175,Apoe,1.0
drug1,GO_BP,GOBP_RECEPTOR_METABOLIC_PROCESS,1,12,50,1500,2.5,0.33524969917904673,Apoe,0.8025945450868804
drug1,GO_BP,GOBP_REGENERATION,5,46,50,1500,3.260869565217391,0.016387636166515684,Anxa1|Apoe|Ccn3|Col6a1|Klf4,0.23566290947422996
drug1,GO_BP,GOBP_REGULATED_EXOCYTOSIS,0,36,50,1500,0.0,1.0,,1.0
drug1,GO_BP,GOBP_REGULATION_OF_ACTIN_FILAMENT_BASED_MOVEMENT,0,10,50,1500,0.0,1.0,,1.0
drug1,GO_BP,GOBP_REGULATION_OF_ACTIN_FILAMENT_BASED_PROCESS,1,61,50,1500,0.49180327868852464,0.878913597963366,S100a10,1.0
drug1,GO_BP,GOBP_REGULATION_OF_ACTIN_FILAMENT_BUNDLE_ASSEMBLY,1,15,50,1500,2.0,0.4000764265660914,S100a10,0.8194525798857352
drug1,GO_BP,GOBP_REGULATION_OF_ACTIN_FILAMENT_LENGTH,0,19,50,1500,0.0,1.0,,1.0
drug1,GO_BP,GOBP_REGULATION_OF_ACTIN_FILAMENT_ORGANIZATION,1,34,50,1500,0.8823529411764706,0.6883105763500479,S100a10,1.0
drug1,GO_BP,GOBP_REGULATION_OF_ACTION_POTENTIAL,0,11,50,1500,0.0,1.0,,1.0
drug1,GO_BP,GOBP_REGULATION_OF_ACTOMYOSIN_STRUCTURE_ORGANIZATION,1,17,50,1500,1.7647058823529411,0.4398083575301246,S100a10,0.8437881711764491
drug1,GO_BP,GOBP_REGULATION_OF_ADAPTIVE_IMMUNE_RESPONSE,1,26,50,1500,1.1538461538461537,0.5889329235095868,Anxa1,0.955105789124829
drug1,GO_BP,GOBP_REGULATION_OF_ALPHA_BETA_T_CELL_ACTIVATION,1,13,50,1500,2.3076923076923075,0.3575867388571701,Anxa1,0.8025945450868804
drug1,GO_BP,GOBP_REGULATION_OF_ALPHA_BETA_T_CELL_DIFFERENTIATION,1,10,50,1500,3.0,0.2882684421548648,Anxa1,0.8025945450868804
drug1,GO_BP,GOBP_REGULATION_OF_AMIDE_METABOLIC_PROCESS,1,12,50,1500,2.5,0.33524969917904673,Apoe,0.8025945450868804
drug1,GO_BP,GOBP_REGULATION_OF_AMINO_ACID_TRANSPORT,1,16,50,1500,1.875,0.4202758734830577,Slc38a2,0.831849323276454
drug1,GO_BP,GOBP_REGULATION_OF_ANATOMICAL_STRUCTURE_MORPHOGENESIS,8,144,50,1500,1.6666666666666667,0.0989156936072056,Anxa1|Apoe|Fn1|Foxc2|Glul|Hes1|Klf4|Mbp,0.4783869110467533
drug1,GO_BP,GOBP_REGULATION_OF_ANATOMICAL_STRUCTURE_SIZE,4,82,50,1500,1.4634146341463414,0.2902574985103124,Apoe|Col6a1|Fn1|Foxc2,0.8025945450868804
drug1,GO_BP,GOBP_REGULATION_OF_ANIMAL_ORGAN_MORPHOGENESIS,0,10,50,1500,0.0,1.0,,1.0
drug1,GO_BP,GOBP_REGULATION_OF_APOPTOTIC_SIGNALING_PATHWAY,1,45,50,1500,0.6666666666666666,0.7874965257547175,Klf4,1.0
drug1,GO_BP,GOBP_REGULATION_OF_ASTROCYTE_DIFFERENTIATION,1,10,50,1500,3.0,0.2882684421548648,Hes1,0.8025945450868804
drug1,GO_BP,GOBP_REGULATION_OF_AUTOPHAGY,1,17,50,1500,1.7647058823529411,0.4398083575301246,Fn1,0.8437881711764491
drug1,GO_BP,GOBP_REGULATION_OF_AXONOGENESIS,3,27,50,1500,3.333333333333333,0.058094821376033876,Apoe|Fn1|Mbp,0.3761118913787054
drug1,GO_BP,GOBP_REGULATION_OF_BEHAVIOR,1,17,50,1500,1.7647058823529411,0.4398083575301246,Apoe,0.8437881711764491
drug1,GO_BP,GOBP_REGULATION_OF_BINDING,3,38,50,1500,2.368421052631579,0.1301690111571574,Hes1|S100a10|Twist1,0.548529144327197
drug1,GO_BP,GOBP_REGULATION_OF_BIOMINERAL_TISSUE_DEVELOPMENT,2,18,50,1500,3.3333333333333335,0.11872751053120777,Mgp|Twist1,0.5228515030168364
drug1,GO_BP,GOBP_REGULATION_OF_BLOOD_CIRCULATION,0,42,50,1500,0.0,1.0,,1.0
drug1,GO_BP,GOBP_REGULATION_OF_BLOOD_PRESSURE,2,42,50,1500,1.4285714285714286,0.4123282859057648,Col1a2|Ttr,0.831849323276454
drug1,GO_BP,GOBP_REGULATION_OF_BLOOD_VESSEL_ENDOTHELIAL_CELL_MIGRATION,4,25,50,1500,4.8,0.008242907697159811,Anxa1|Apoe|Foxc2|Klf4,0.1717272436908294
drug1,GO_BP,GOBP_REGULATION_OF_BMP_SIGNALING_PATHWAY,3,22,50,1500,4.090909090909091,0.034352084177712426,Foxd1|Hes1|Nbl1,0.32547246221191073
drug1,GO_BP,GOBP_REGULATION_OF_BODY_FLUID_LEVELS,3,50,50,1500,1.7999999999999998,0.23078688437825404,Apoe|Ttr|mt-Co2,0.7638058800705964
drug1,GO_BP,GOBP_REGULATION_OF_BONE_MINERALIZATION,2,17,50,1500,3.5294117647058822,0.10775612872998955,Mgp|Twist1,0.5002963119606657
drug1,GO_BP,GOBP_REGULATION_OF_BONE_REMODELING,0,12,50,1500,0.0,1.0,,1.0
drug1,GO_BP,GOBP_REGULATION_OF_B_CELL_ACTIVATION,0,19,50,1500,0.0,1.0,,1.0
drug1,GO_BP,GOBP_REGULATION_OF_B_CELL_PROLIFERATION,0,12,50,1500,0.0,1.0,,1.0
drug1,GO_BP,GOBP_REGULATION_OF_CALCIUM_ION_TRANSMEMBRANE_TRANSPORT,0,20,50,1500,0.0,1.0,,1.0
drug1,GO_BP,GOBP_REGULATION_OF_CALCIUM_ION_TRANSPORT,1,41,50,1500,0.7317073170731707,0.755653168747937,Hes1,1.0
drug1,GO_BP,GOBP_REGULATION_OF_CALCIUM_MEDIATED_SIGNALING,0,19,50,1500,0.0,1.0,,1.0
drug1,GO_BP,GOBP_REGULATION_OF_CANONICAL_WNT_SIGNALING_PATHWAY,3,23,50,1500,3.913043478260869,0.03859569973016896,Apoe|Egr1|Rspo3,0.337193613234003
drug1,GO_BP,GOBP_REGULATION_OF_CARBOHYDRATE_METABOLIC_PROCESS,1,18,50,1500,1.6666666666666667,0.45869546617711976,Zbtb20,0.855143029707743
drug1,GO_BP,GOBP_REGULATION_OF_CARDIAC_MUSCLE_CONTRACTION,0,14,50,1500,0.0,1.0,,1.0
drug1,GO_BP,GOBP_REGULATION_OF_CARTILAGE_DEVELOPMENT,1,15,50,1500,2.0,0.4000764265660914,Efemp1,0.8194525798857352
drug1,GO_BP,GOBP_REGULATION_OF_CATABOLIC_PROCESS,4,73,50,1500,1.6438356164383563,0.2229332079785055,Apoe|Fn1|Twist1|Zbtb20,0.7515901721267042
drug1,GO_BP,GOBP_REGULATION_OF_CATALYTIC_ACTIVITY,4,100,50,1500,1.2,0.43053274429614047,Apoe|Mbp|S100a10|Serpinb9,0.8437881711764491
drug1,GO_BP,GOBP_REGULATION_OF_CATECHOLAMINE_SECRETION,0,11,50,1500,0.0,1.0,,1.0
drug1,GO_BP,GOBP_REGULATION_OF_CATION_CHANNEL_ACTIVITY,0,12,50,1500,0.0,1.0,,1.0
drug1,GO_BP,GOBP_REGULATION_OF_CD4_POSITIVE_ALPHA_BETA_T_CELL_ACTIVATION,1,11,50,1500,2.7272727272727275,0.31215205147852715,Anxa1,0.8025945450868804
drug1,GO_BP,GOBP_REGULATION_OF_CELLULAR_COMPONENT_BIOGENESIS,4,126,50,1500,0.9523809523809523,0.618036496999997,Apoe|Foxc2|Hes1|S100a10,0.9855832263248234
drug1,GO_BP,GOBP_REGULATION_OF_CELLULAR_COMPONENT_SIZE,3,47,50,1500,1.9148936170212767,0.20417344932098214,Apoe|Col6a1|Fn1,0.713509365906658
drug1,GO_BP,GOBP_REGULATION_OF_CELLULAR_LOCALIZATION,5,98,50,1500,1.530612244897959,0.22418460908611118,Anxa1|Apoe|Bsg|Ccn3|Glul,0.7542442852275997
drug1,GO_BP,GOBP_REGULATION_OF_CELLULAR_RESPONSE_TO_GROWTH_FACTOR_STIMULUS,4,53,50,1500,2.2641509433962264,0.09651755844300068,Foxd1|Hes1|Nbl1|Tsc22d1,0.4723433370324466
drug1,GO_BP,GOBP_REGULATION_OF_CELLULAR_RESPONSE_TO_INSULIN_STIMULUS,0,13,50,1500,0.0,1.0,,1.0
drug1,GO_BP,GOBP_REGULATION_OF_CELLULAR_RESPONSE_TO_STRESS,4,38,50,1500,3.1578947368421053,0.034983200223598375,Igfbp6|Klf4|Slc38a2|Twist1,0.32547246221191073
drug1,GO_BP,GOBP_REGULATION_OF_CELLULAR_RESPONSE_TO_TRANSFORMING_GROWTH_FACTOR_BETA_STIMULUS,1,14,50,1500,2.142857142857143,0.3791877227557184,Tsc22d1,0.8107632229974242
drug1,GO_BP,GOBP_REGULATION_OF_CELL_ACTIVATION,5,92,50,1500,1.6304347826086956,0.18788369136451402,Anxa1|Apoe|Fn1|Hes1|Ildr2,0.683363512266177
drug1,GO_BP,GOBP_REGULATION_OF_CELL_ADHESION,8,135,50,1500,1.7777777777777777,0.07341326049424611,Anxa1|Fn1|Foxc2|Hes1|Ildr2|Klf4|Mbp|S100a10,0.43067345957815856
drug1,GO_BP,GOBP_REGULATION_OF_CELL_CELL_ADHESION,5,71,50,1500,2.112676056338028,0.08340125965686701,Anxa1|Hes1|Ildr2|Klf4|Mbp,0.4487650561006917
drug1,GO_BP,GOBP_REGULATION_OF_CELL_CYCLE,3,104,50,1500,0.8653846153846153,0.6873956086879696,Anxa1|Hes1|Klf4,1.0
drug1,GO_BP,GOBP_REGULATION_OF_CELL_CYCLE_G1_S_PHASE_TRANSITION,2,23,50,1500,2.608695652173913,0.17706049687331893,Anxa1|Klf4,0.6539166077707802
drug1,GO_BP,GOBP_REGULATION_OF_CELL_CYCLE_PHASE_TRANSITION,2,41,50,1500,1.4634146341463414,0.40039713749493766,Anxa1|Klf4,0.8194525798857352
drug1,GO_BP,GOBP_REGULATION_OF_CELL_CYCLE_PROCESS,2,74,50,1500,0.8108108108108107,0.7186447344321347,Anxa1|Klf4,1.0
drug1,GO_BP,GOBP_REGULATION_OF_CELL_DEVELOPMENT,9,142,50,1500,1.9014084507042253,0.040529835816565864,Anxa1|Apoe|Fn1|Fos|Glul|Hes1|Mbp|S100a10|Tsc22d1,0.3442577274033814
drug1,GO_BP,GOBP_REGULATION_OF_CELL_DIFFERENTIATION,16,253,50,1500,1.8972332015810276,0.005630117734147089,Anxa1|Apoe|Ccn3|Efemp1|Fn1|Fos|Glul|Hes1|Id3|Igfbp5|Klf4|Mbp|Nbl1|S100a10|Tsc22d1|Twist1,0.16261688586720682
drug1,GO_BP,GOBP_REGULATION_OF_CELL_DIVISION,0,23,50,1500,0.0,1.0,,1.0
drug1,GO_BP,GOBP_REGULATION_OF_CELL_GROWTH,4,54,50,1500,2.2222222222222223,0.10176389420560962,Apoe|Ccn3|Fn1|Igfbp5,0.4878062775342644
drug1,GO_BP,GOBP_REGULATION_OF_CELL_JUNCTION_ASSEMBLY,1,53,50,1500,0.5660377358490566,0.8394633427053331,S100a10,1.0
drug1,GO_BP,GOBP_REGULATION_OF_CELL_KILLING,1,10,50,1500,3.0,0.2882684421548648,Serpinb9,0.8025945450868804
drug1,GO_BP,GOBP_REGULATION_OF_CELL_MATRIX_ADHESION,1,25,50,1500,1.2,0.5745095173169409,S100a10,0.9420564739051756
drug1,GO_BP,GOBP_REGULATION_OF_CELL_MIGRATION_INVOLVED_IN_SPROUTING_ANGIOGENESIS,3,13,50,1500,6.9230769230769225,0.007877797294666476,Anxa1|Foxc2|Klf4,0.17068560805110697
drug1,GO_BP,GOBP_REGULATION_OF_CELL_MORPHOGENESIS,2,35,50,1500,1.7142857142857142,0.32686990772459135,Anxa1|Fn1,0.8025945450868804
drug1,GO_BP,GOBP_REGULATION_OF_CELL_POPULATION_PROLIFERATION,14,248,50,1500,1.693548387096774,0.026670843059098063,Anxa1|Apoe|Ccn3|Efemp1|Egr1|Fn1|Glul|Hes1|Igfbp5|Klf4|Ogn|Sat1|Tsc22d1|Twist1,0.29921833777290413
drug1,GO_BP,GOBP_REGULATION_OF_CELL_PROJECTION_ASSEMBLY,0,25,50,1500,0.0,1.0,,1.0
drug1,GO_BP,GOBP_REGULATION_OF_CELL_PROJECTION_ORGANIZATION,6,122,50,1500,1.4754098360655739,0.21602611707024078,Apoe|Efemp1|Fn1|Hes1|Klf4|Mbp,0.7328652197059317
drug1,GO_BP,GOBP_REGULATION_OF_CELL_SHAPE,2,16,50,1500,3.75,0.0970847228115921,Anxa1|Fn1,0.4723433370324466
drug1,GO_BP,GOBP_REGULATION_OF_CELL_SIZE,3,26,50,1500,3.4615384615384612,0.052849507228777036,Apoe|Col6a1|Fn1,0.36544872019899016
drug1,GO_BP,GOBP_REGULATION_OF_CELL_SUBSTRATE_ADHESION,2,49,50,1500,1.2244897959183674,0.4924325236817257,Fn1|S100a10,0.8708037065146956
drug1,GO_BP,GOBP_REGULATION_OF_CELL_SUBSTRATE_JUNCTION_ORGANIZATION,1,17,50,1500,1.7647058823529411,0.4398083575301246,S100a10,0.8437881711764491
drug1,GO_BP,GOBP_REGULATION_OF_CHEMOTAXIS,3,46,50,1500,1.9565217391304346,0.19547782065070726,Ccn3|Fn1|Nbl1,0.6996728162057253
drug1,GO_BP,GOBP_REGULATION_OF_CHONDROCYTE_DIFFERENTIATION,1,13,50,1500,2.3076923076923075,0.3575867388571701,Efemp1,0.8025945450868804
drug1,GO_BP,GOBP_REGULATION_OF_CHROMOSOME_ORGANIZATION,1,13,50,1500,2.3076923076923075,0.3575867388571701,Klf4,0.8025945450868804
drug1,GO_BP,GOBP_REGULATION_OF_CHROMOSOME_SEGREGATION,0,11,50,1500,0.0,1.0,,1.0
drug1,GO_BP,GOBP_REGULATION_OF_CIRCADIAN_RHYTHM,0,10,50,1500,0.0,1.0,,1.0
drug1,GO_BP,GOBP_REGULATION_OF_COAGULATION,1,13,50,1500,2.3076923076923075,0.3575867388571701,Apoe,0.8025945450868804
drug1,GO_BP,GOBP_REGULATION_OF_COLLAGEN_METABOLIC_PROCESS,1,10,50,1500,3.0,0.2882684421548648,Fn1,0.8025945450868804
drug1,GO_BP,GOBP_REGULATION_OF_CYTOKINESIS,0,12,50,1500,0.0,1.0,,1.0
drug1,GO_BP,GOBP_REGULATION_OF_CYTOKINE_PRODUCTION_INVOLVED_IN_IMMUNE_RESPONSE,1,20,50,1500,1.5,0.49461650530034706,Twist1,0.8708037065146956
drug1,GO_BP,GOBP_REGULATION_OF_CYTOSKELETON_ORGANIZATION,1,67,50,1500,0.44776119402985076,0.9021004487597856,S100a10,1.0
drug1,GO_BP,GOBP_REGULATION_OF_CYTOSOLIC_CALCIUM_ION_CONCENTRATION,0,17,50,1500,0.0,1.0,,1.0
drug1,GO_BP,GOBP_REGULATION_OF_DEFENSE_RESPONSE,4,94,50,1500,1.2765957446808511,0.38377670631544336,Anxa1|Apoe|Ccn3|Serpinb9,0.8194525798857352
drug1,GO_BP,GOBP_REGULATION_OF_DENDRITE_DEVELOPMENT,0,20,50,1500,0.0,1.0,,1.0
drug1,GO_BP,GOBP_REGULATION_OF_DENDRITE_MORPHOGENESIS,0,13,50,1500,0.0,1.0,,1.0
drug1,GO_BP,GOBP_REGULATION_OF_DENDRITIC_SPINE_DEVELOPMENT,1,10,50,1500,3.0,0.2882684421548648,Apoe,0.8025945450868804
drug1,GO_BP,GOBP_REGULATION_OF_DENDRITIC_SPINE_MORPHOGENESIS,0,10,50,1500,0.0,1.0,,1.0
drug1,GO_BP,GOBP_REGULATION_OF_DEVELOPMENTAL_GROWTH,3,60,50,1500,1.5,0.3230728173079596,Apoe|Fn1|Foxc2,0.8025945450868804
drug1,GO_BP,GOBP_REGULATION_OF_DNA_BINDING,2,15,50,1500,4.0,0.08674586941049843,Hes1|Twist1,0.45325414081048215
drug1,GO_BP,GOBP_REGULATION_OF_DNA_BINDING_TRANSCRIPTION_FACTOR_ACTIVITY,2,45,50,1500,1.3333333333333333,0.4474305107818257,Id3|Klf4,0.8543767097772818
drug1,GO_BP,GOBP_REGULATION_OF_DNA_BIOSYNTHETIC_PROCESS,0,10,50,1500,0.0,1.0,,1.0
drug1,GO_BP,GOBP_REGULATION_OF_DNA_METABOLIC_PROCESS,3,30,50,1500,3.0,0.07524124775221704,Id3|Klf4|Twist1,0.43168742486528083
drug1,GO_BP,GOBP_REGULATION_OF_ENDOCYTOSIS,1,39,50,1500,0.7692307692307692,0.7380227031427208,Apoe,1.0
drug1,GO_BP,GOBP_REGULATION_OF_ENDOTHELIAL_CELL_DIFFERENTIATION,0,12,50,1500,0.0,1.0,,1.0
drug1,GO_BP,GOBP_REGULATION_OF_ENDOTHELIAL_CELL_MIGRATION,6,38,50,1500,4.736842105263158,0.001235753970489493,Anxa1|Apoe|Bsg|Foxc2|Glul|Klf4,0.1004050101022713
drug1,GO_BP,GOBP_REGULATION_OF_EPITHELIAL_CELL_DIFFERENTIATION,1,37,50,1500,0.8108108108108107,0.7191473688714989,Hes1,1.0
drug1,GO_BP,GOBP_REGULATION_OF_EPITHELIAL_CELL_PROLIFERATION,4,72,50,1500,1.6666666666666667,0.21573493316765988,Apoe|Glul|Hes1|Twist1,0.7328652197059317
drug1,GO_BP,GOBP_REGULATION_OF_EPITHELIAL_TO_MESENCHYMAL_TRANSITION,1,18,50,1500,1.6666666666666667,0.45869546617711976,Twist1,0.855143029707743
drug1,GO_BP,GOBP_REGULATION_OF_ESTABLISHMENT_OF_PROTEIN_LOCALIZATION,5,54,50,1500,2.7777777777777777,0.030938361410388148,Anxa1|Apoe|Bsg|Ccn3|Glul,0.3181951727334224
drug1,GO_BP,GOBP_REGULATION_OF_EXOCYTOSIS,2,30,50,1500,2.0,0.26406742974514547,Anxa1|S100a10,0.8025945450868804
drug1,GO_BP,GOBP_REGULATION_OF_EXTENT_OF_CELL_GROWTH,2,21,50,1500,2.857142857142857,0.15314117104382513,Apoe|Fn1,0.5904323631852596
drug1,GO_BP,GOBP_REGULATION_OF_EXTRACELLULAR_MATRIX_ORGANIZATION,1,13,50,1500,2.3076923076923075,0.3575867388571701,Col6a1,0.8025945450868804
drug1,GO_BP,GOBP_REGULATION_OF_EXTRINSIC_APOPTOTIC_SIGNALING_PATHWAY,1,26,50,1500,1.1538461538461537,0.5889329235095868,Klf4,0.955105789124829
drug1,GO_BP,GOBP_REGULATION_OF_EXTRINSIC_APOPTOTIC_SIGNALING_PATHWAY_VIA_DEATH_DOMAIN_RECEPTORS,0,11,50,1500,0.0,1.0,,1.0
drug1,GO_BP,GOBP_REGULATION_OF_FATTY_ACID_METABOLIC_PROCESS,2,18,50,1500,3.3333333333333335,0.11872751053120777,Anxa1|Twist1,0.5228515030168364
drug1,GO_BP,GOBP_REGULATION_OF_FAT_CELL_DIFFERENTIATION,1,23,50,1500,1.3043478260869565,0.5441591891136924,Hes1,0.911606888979124
drug1,GO_BP,GOBP_REGULATION_OF_FIBROBLAST_PROLIFERATION,1,19,50,1500,1.5789473684210527,0.4769581022710094,Fn1,0.8611743513226557
drug1,GO_BP,GOBP_REGULATION_OF_FILOPODIUM_ASSEMBLY,0,10,50,1500,0.0,1.0,,1.0
drug1,GO_BP,GOBP_REGULATION_OF_GENERATION_OF_PRECURSOR_METABOLITES_AND_ENERGY,1,11,50,1500,2.7272727272727275,0.31215205147852715,Zbtb20,0.8025945450868804
drug1,GO_BP,GOBP_REGULATION_OF_GLIAL_CELL_DIFFERENTIATION,1,22,50,1500,1.3636363636363638,0.5281983764075895,Hes1,0.9034972228024557
drug1,GO_BP,GOBP_REGULATION_OF_GLIAL_CELL_MIGRATION,1,11,50,1500,2.7272727272727275,0.31215205147852715,Efemp1,0.8025945450868804
drug1,GO_BP,GOBP_REGULATION_OF_GLIOGENESIS,1,28,50,1500,1.0714285714285714,0.616356933817995,Hes1,0.9848377752745741
drug1,GO_BP,GOBP_REGULATION_OF_GRANULOCYTE_CHEMOTAXIS,0,15,50,1500,0.0,1.0,,1.0
drug1,GO_BP,GOBP_REGULATION_OF_GROWTH,6,83,50,1500,2.1686746987951806,0.053719944407053494,Apoe|Ccn3|Fn1|Foxc2|Igfbp5|Mt1,0.36989368500619463
drug1,GO_BP,GOBP_REGULATION_OF_GTPASE_ACTIVITY,1,13,50,1500,2.3076923076923075,0.3575867388571701,S100a10,0.8025945450868804
drug1,GO_BP,GOBP_REGULATION_OF_G_PROTEIN_COUPLED_RECEPTOR_SIGNALING_PATHWAY,0,28,50,1500,0.0,1.0,,1.0
drug1,GO_BP,GOBP_REGULATION_OF_HEART_CONTRACTION,0,34,50,1500,0.0,1.0,,1.0
drug1,GO_BP,GOBP_REGULATION_OF_HEART_GROWTH,0,16,50,1500,0.0,1.0,,1.0
drug1,GO_BP,GOBP_REGULATION_OF_HEART_RATE,0,17,50,1500,0.0,1.0,,1.0
drug1,GO_BP,GOBP_REGULATION_OF_HEMOPOIESIS,4,60,50,1500,2.0,0.1359128710352982,Anxa1|Fos|Glul|Tsc22d1,0.5663036293137426
drug1,GO_BP,GOBP_REGULATION_OF_HORMONE_LEVELS,7,77,50,1500,2.727272727272727,0.011948045974627144,Anxa1|Ccn3|Egr1|Foxd1|Glul|Ildr2|Slc26a7,0.20891664244200267
drug1,GO_BP,GOBP_REGULATION_OF_HORMONE_SECRETION,3,41,50,1500,2.1951219512195124,0.15365659133764528,Anxa1|Ccn3|Glul,0.5904323631852596
drug1,GO_BP,GOBP_REGULATION_OF_HYDROLASE_ACTIVITY,3,38,50,1500,2.368421052631579,0.1301690111571574,Mbp|S100a10|Serpinb9,0.548529144327197
drug1,GO_BP,GOBP_REGULATION_OF_IMMUNE_EFFECTOR_PROCESS,3,55,50,1500,1.6363636363636365,0.2764661602246375,Anxa1|Serpinb9|Twist1,0.8025945450868804
drug1,GO_BP,GOBP_REGULATION_OF_IMMUNE_RESPONSE,3,91,50,1500,0.989010989010989,0.5951838582453176,Anxa1|Apoe|Serpinb9,0.964280926868037
drug1,GO_BP,GOBP_REGULATION_OF_IMMUNE_SYSTEM_PROCESS,13,185,50,1500,2.108108108108108,0.005601489750540499,Anxa1|Apoe|Ccn3|Fn1|Fos|Glul|Hes1|Ildr2|Nbl1|Serpinb9|Tsc22d1|Twist1|Zbtb20,0.16261688586720682
drug1,GO_BP,GOBP_REGULATION_OF_INFLAMMATORY_RESPONSE,3,58,50,1500,1.5517241379310345,0.304369224763557,Anxa1|Apoe|Ccn3,0.8025945450868804
drug1,GO_BP,GOBP_REGULATION_OF_INNATE_IMMUNE_RESPONSE,2,40,50,1500,1.5,0.3883610132921429,Apoe|Serpinb9,0.8194525798857352
drug1,GO_BP,GOBP_REGULATION_OF_INSULIN_RECEPTOR_SIGNALING_PATHWAY,0,11,50,1500,0.0,1.0,,1.0
drug1,GO_BP,GOBP_REGULATION_OF_INSULIN_SECRETION,2,25,50,1500,2.4,0.20153398901832625,Ccn3|Glul,0.7073948991788396
drug1,GO_BP,GOBP_REGULATION_OF_INTRACELLULAR_PROTEIN_TRANSPORT,0,14,50,1500,0.0,1.0,,1.0
drug1,GO_BP,GOBP_REGULATION_OF_INTRACELLULAR_TRANSPORT,0,25,50,1500,0.0,1.0,,1.0
drug1,GO_BP,GOBP_REGULATION_OF_INTRINSIC_APOPTOTIC_SIGNALING_PATHWAY,0,12,50,1500,0.0,1.0,,1.0
drug1,GO_BP,GOBP_REGULATION_OF_JNK_CASCADE,0,15,50,1500,0.0,1.0,,1.0
drug1,GO_BP,GOBP_REGULATION_OF_KETONE_METABOLIC_PROCESS,3,21,50,1500,4.285714285714286,0.03036754457633339,Anxa1|Egr1|Twist1,0.3166225253313666
drug1,GO_BP,GOBP_REGULATION_OF_KINASE_ACTIVITY,1,58,50,1500,0.5172413793103449,0.8653811294462346,Apoe,1.0
drug1,GO_BP,GOBP_REGULATION_OF_LEUKOCYTE_ADHESION_TO_VASCULAR_ENDOTHELIAL_CELL,1,10,50,1500,3.0,0.2882684421548648,Klf4,0.8025945450868804
drug1,GO_BP,GOBP_REGULATION_OF_LEUKOCYTE_APOPTOTIC_PROCESS,2,18,50,1500,3.3333333333333335,0.11872751053120777,Anxa1|Serpinb9,0.5228515030168364
drug1,GO_BP,GOBP_REGULATION_OF_LEUKOCYTE_CHEMOTAXIS,2,29,50,1500,2.0689655172413794,0.25147901761228364,Ccn3|Nbl1,0.7950455323345543
drug1,GO_BP,GOBP_REGULATION_OF_LEUKOCYTE_DIFFERENTIATION,2,47,50,1500,1.2765957446808511,0.4702033260751992,Anxa1|Fos,0.8611743513226557
drug1,GO_BP,GOBP_REGULATION_OF_LEUKOCYTE_MEDIATED_IMMUNITY,1,27,50,1500,1.1111111111111112,0.60287685419108,Serpinb9,0.970936459921214
drug1,GO_BP,GOBP_REGULATION_OF_LEUKOCYTE_MIGRATION,3,44,50,1500,2.0454545454545454,0.17839486825642273,Anxa1|Ccn3|Nbl1,0.6543829817532437
drug1,GO_BP,GOBP_REGULATION_OF_LEUKOCYTE_PROLIFERATION,2,46,50,1500,1.3043478260869565,0.4588829057877858,Anxa1|Hes1,0.855143029707743
drug1,GO_BP,GOBP_REGULATION_OF_LIPID_BIOSYNTHETIC_PROCESS,4,30,50,1500,4.0,0.015793510905532628,Anxa1|Apoe|Egr1|Zbtb20,0.2354537176283534
drug1,GO_BP,GOBP_REGULATION_OF_LIPID_LOCALIZATION,1,26,50,1500,1.1538461538461537,0.5889329235095868,Apoe,0.955105789124829
drug1,GO_BP,GOBP_REGULATION_OF_LIPID_METABOLIC_PROCESS,5,46,50,1500,3.260869565217391,0.016387636166515684,Anxa1|Apoe|Egr1|Twist1|Zbtb20,0.23566290947422996
drug1,GO_BP,GOBP_REGULATION_OF_LIPID_TRANSPORT,1,23,50,1500,1.3043478260869565,0.5441591891136924,Apoe,0.911606888979124
drug1,GO_BP,GOBP_REGULATION_OF_LOCOMOTION,14,195,50,1500,2.1538461538461537,0.003177583784917348,Anxa1|Apoe|Bsg|Ccn3|Efemp1|Egr1|Fn1|Foxc2|Glul|Igfbp5|Klf4|Nbl1|Tmsb10|Twist1,0.14738559527742578
drug1,GO_BP,GOBP_REGULATION_OF_LONG_TERM_NEURONAL_SYNAPTIC_PLASTICITY,1,12,50,1500,2.5,0.33524969917904673,Egr1,0.8025945450868804
drug1,GO_BP,GOBP_REGULATION_OF_LONG_TERM_SYNAPTIC_POTENTIATION,1,10,50,1500,3.0,0.2882684421548648,Apoe,0.8025945450868804
drug1,GO_BP,GOBP_REGULATION_OF_LYMPHOCYTE_ACTIVATION,3,66,50,1500,1.3636363636363635,0.3791751470741036,Anxa1|Hes1|Ildr2,0.8107632229974242
drug1,GO_BP,GOBP_REGULATION_OF_LYMPHOCYTE_APOPTOTIC_PROCESS,1,10,50,1500,3.0,0.2882684421548648,Serpinb9,0.8025945450868804
drug1,GO_BP,GOBP_REGULATION_OF_LYMPHOCYTE_DIFFERENTIATION,1,28,50,1500,1.0714285714285714,0.616356933817995,Anxa1,0.9848377752745741
drug1,GO_BP,GOBP_REGULATION_OF_LYMPHOCYTE_MEDIATED_IMMUNITY,1,17,50,1500,1.7647058823529411,0.4398083575301246,Serpinb9,0.8437881711764491
drug1,GO_BP,GOBP_REGULATION_OF_MACROPHAGE_ACTIVATION,0,13,50,1500,0.0,1.0,,1.0
drug1,GO_BP,GOBP_REGULATION_OF_MACROPHAGE_CHEMOTAXIS,0,10,50,1500,0.0,1.0,,1.0
drug1,GO_BP,GOBP_REGULATION_OF_MACROPHAGE_MIGRATION,0,13,50,1500,0.0,1.0,,1.0
drug1,GO_BP,GOBP_REGULATION_OF_MAP_KINASE_ACTIVITY,1,19,50,1500,1.5789473684210527,0.4769581022710094,Apoe,0.8611743513226557
drug1,GO_BP,GOBP_REGULATION_OF_MEIOTIC_CELL_CYCLE,0,10,50,1500,0.0,1.0,,1.0
drug1,GO_BP,GOBP_REGULATION_OF_MEMBRANE_PERMEABILITY,0,10,50,1500,0.0,1.0,,1.0
drug1,GO_BP,GOBP_REGULATION_OF_MEMBRANE_POTENTIAL,1,73,50,1500,0.4109589041095891,0.9209190537787387,Col6a1,1.0
drug1,GO_BP,GOBP_REGULATION_OF_MICROTUBULE_BASED_PROCESS,0,26,50,1500,0.0,1.0,,1.0
drug1,GO_BP,GOBP_REGULATION_OF_MICROTUBULE_CYTOSKELETON_ORGANIZATION,0,16,50,1500,0.0,1.0,,1.0
drug1,GO_BP,GOBP_REGULATION_OF_MICROTUBULE_POLYMERIZATION_OR_DEPOLYMERIZATION,0,11,50,1500,0.0,1.0,,1.0
drug1,GO_BP,GOBP_REGULATION_OF_MITOCHONDRION_ORGANIZATION,0,14,50,1500,0.0,1.0,,1.0
drug1,GO_BP,GOBP_REGULATION_OF_MITOTIC_CELL_CYCLE,3,57,50,1500,1.5789473684210527,0.2950418794901038,Anxa1|Hes1|Klf4,0.8025945450868804
drug1,GO_BP,GOBP_REGULATION_OF_MITOTIC_CELL_CYCLE_PHASE_TRANSITION,2,30,50,1500,2.0,0.26406742974514547,Anxa1|Klf4,0.8025945450868804
drug1,GO_BP,GOBP_REGULATION_OF_MITOTIC_NUCLEAR_DIVISION,0,16,50,1500,0.0,1.0,,1.0
drug1,GO_BP,GOBP_REGULATION_OF_MOLECULAR_FUNCTION,8,183,50,1500,1.3114754098360657,0.2586706326938922,Apoe|Hes1|Id3|Klf4|Mbp|S100a10|Serpinb9|Twist1,0.8025945450868804
drug1,GO_BP,GOBP_REGULATION_OF_MONOATOMIC_ION_TRANSMEMBRANE_TRANSPORT,0,45,50,1500,0.0,1.0,,1.0
drug1,GO_BP,GOBP_REGULATION_OF_MONOATOMIC_ION_TRANSPORT,1,69,50,1500,0.4347826086956522,0.9088153541215596,Hes1,1.0
drug1,GO_BP,GOBP_REGULATION_OF_MONONUCLEAR_CELL_MIGRATION,2,25,50,1500,2.4,0.20153398901832625,Ccn3|Nbl1,0.7073948991788396
drug1,GO_BP,GOBP_REGULATION_OF_MORPHOGENESIS_OF_AN_EPITHELIUM,0,10,50,1500,0.0,1.0,,1.0
drug1,GO_BP,GOBP_REGULATION_OF_MORPHOGENESIS_OF_A_BRANCHING_STRUCTURE,0,10,50,1500,0.0,1.0,,1.0
drug1,GO_BP,GOBP_REGULATION_OF_MRNA_METABOLIC_PROCESS,0,11,50,1500,0.0,1.0,,1.0
drug1,GO_BP,GOBP_REGULATION_OF_MULTICELLULAR_ORGANISMAL_DEVELOPMENT,14,242,50,1500,1.7355371900826446,0.021860791474735478,Anxa1|Apoe|Efemp1|Fn1|Fos|Foxc2|Glul|Hes1|Klf4|Mbp|Mgp|S100a10|Tsc22d1|Twist1,0.26911959201852387
drug1,GO_BP,GOBP_REGULATION_OF_MULTICELLULAR_ORGANISM_GROWTH,0,10,50,1500,0.0,1.0,,1.0
drug1,GO_BP,GOBP_REGULATION_OF_MUSCLE_ADAPTATION,2,16,50,1500,3.75,0.0970847228115921,Igfbp5|Klf4,0.4723433370324466
drug1,GO_BP,GOBP_REGULATION_OF_MUSCLE_CELL_DIFFERENTIATION,1,24,50,1500,1.25,0.5595904961849962,Ccn3,0.9269465405714771
drug1,GO_BP,GOBP_REGULATION_OF_MUSCLE_CONTRACTION,0,33,50,1500,0.0,1.0,,1.0
drug1,GO_BP,GOBP_REGULATION_OF_MUSCLE_HYPERTROPHY,1,13,50,1500,2.3076923076923075,0.3575867388571701,Igfbp5,0.8025945450868804
drug1,GO_BP,GOBP_REGULATION_OF_MUSCLE_SYSTEM_PROCESS,2,45,50,1500,1.3333333333333333,0.4474305107818257,Igfbp5|Klf4,0.8543767097772818
drug1,GO_BP,GOBP_REGULATION_OF_MYELOID_CELL_DIFFERENTIATION,2,33,50,1500,1.8181818181818181,0.301829565218506,Fos|Glul,0.8025945450868804
drug1,GO_BP,GOBP_REGULATION_OF_MYELOID_LEUKOCYTE_DIFFERENTIATION,1,23,50,1500,1.3043478260869565,0.5441591891136924,Fos,0.911606888979124
drug1,GO_BP,GOBP_REGULATION_OF_MYELOID_LEUKOCYTE_MEDIATED_IMMUNITY,0,11,50,1500,0.0,1.0,,1.0
drug1,GO_BP,GOBP_REGULATION_OF_MYOBLAST_DIFFERENTIATION,1,12,50,1500,2.5,0.33524969917904673,Id3,0.8025945450868804
drug1,GO_BP,GOBP_REGULATION_OF_NERVOUS_SYSTEM_DEVELOPMENT,5,93,50,1500,1.6129032258064515,0.1937717481787172,Apoe|Fn1|Hes1|Mbp|S100a10,0.6981798021960433
drug1,GO_BP,GOBP_REGULATION_OF_NERVOUS_SYSTEM_PROCESS,1,34,50,1500,0.8823529411764706,0.6883105763500479,Ccn3,1.0
drug1,GO_BP,GOBP_REGULATION_OF_NEURAL_PRECURSOR_CELL_PROLIFERATION,0,24,50,1500,0.0,1.0,,1.0
drug1,GO_BP,GOBP_REGULATION_OF_NEUROGENESIS,5,81,50,1500,1.8518518518518516,0.12819558083103078,Apoe|Fn1|Hes1|Mbp|S100a10,0.548529144327197
drug1,GO_BP,GOBP_REGULATION_OF_NEURONAL_SYNAPTIC_PLASTICITY,2,24,50,1500,2.5,0.18923912647371055,Egr1|Slc4a10,0.683363512266177
drug1,GO_BP,GOBP_REGULATION_OF_NEURON_APOPTOTIC_PROCESS,3,48,50,1500,1.875,0.2129617728476184,Apoe|Egr1|Mt1,0.7287779644943017
drug1,GO_BP,GOBP_REGULATION_OF_NEURON_DIFFERENTIATION,2,47,50,1500,1.2765957446808511,0.4702033260751992,Hes1|Nbl1,0.8611743513226557
drug1,GO_BP,GOBP_REGULATION_OF_NEURON_MIGRATION,0,10,50,1500,0.0,1.0,,1.0
drug1,GO_BP,GOBP_REGULATION_OF_NEURON_PROJECTION_DEVELOPMENT,6,99,50,1500,1.8181818181818183,0.10647675713075583,Apoe|Efemp1|Fn1|Hes1|Klf4|Mbp,0.5002963119606657
drug1,GO_BP,GOBP_REGULATION_OF_NEUROTRANSMITTER_SECRETION,1,20,50,1500,1.5,0.49461650530034706,Slc38a2,0.8708037065146956
drug1,GO_BP,GOBP_REGULATION_OF_NEUROTRANSMITTER_TRANSPORT,1,22,50,1500,1.3636363636363638,0.5281983764075895,Slc38a2,0.9034972228024557
drug1,GO_BP,GOBP_REGULATION_OF_NEUTROPHIL_MIGRATION,0,11,50,1500,0.0,1.0,,1.0
drug1,GO_BP,GOBP_REGULATION_OF_NITRIC_OXIDE_METABOLIC_PROCESS,2,14,50,1500,4.285714285714286,0.07677394817604072,Apoe|Klf4,0.43168742486528083
drug1,GO_BP,GOBP_REGULATION_OF_NON_CANONICAL_NF_KAPPAB_SIGNAL_TRANSDUCTION,1,10,50,1500,3.0,0.2882684421548648,Ccn3,0.8025945450868804
drug1,GO_BP,GOBP_REGULATION_OF_NOTCH_SIGNALING_PATHWAY,2,17,50,1500,3.5294117647058822,0.10775612872998955,Ccn3|Hes1,0.5002963119606657
drug1,GO_BP,GOBP_REGULATION_OF_NUCLEAR_DIVISION,0,20,50,1500,0.0,1.0,,1.0
drug1,GO_BP,GOBP_REGULATION_OF_NUCLEOCYTOPLASMIC_TRANSPORT,0,13,50,1500,0.0,1.0,,1.0
drug1,GO_BP,GOBP_REGULATION_OF_OLIGODENDROCYTE_DIFFERENTIATION,1,15,50,1500,2.0,0.4000764265660914,Hes1,0.8194525798857352
drug1,GO_BP,GOBP_REGULATION_OF_ORGANELLE_ASSEMBLY,0,19,50,1500,0.0,1.0,,1.0
drug1,GO_BP,GOBP_REGULATION_OF_ORGANELLE_ORGANIZATION,3,129,50,1500,0.6976744186046512,0.8201985391479221,Anxa1|Klf4|S100a10,1.0
drug1,GO_BP,GOBP_REGULATION_OF_ORGANIC_ACID_TRANSPORT,1,22,50,1500,1.3636363636363638,0.5281983764075895,Slc38a2,0.9034972228024557
drug1,GO_BP,GOBP_REGULATION_OF_ORGAN_GROWTH,1,22,50,1500,1.3636363636363638,0.5281983764075895,Foxc2,0.9034972228024557
drug1,GO_BP,GOBP_REGULATION_OF_OSSIFICATION,3,24,50,1500,3.75,0.04309557126901202,Ccn3|Mgp|Twist1,0.3449768636066233
drug1,GO_BP,GOBP_REGULATION_OF_OSTEOBLAST_DIFFERENTIATION,3,25,50,1500,3.5999999999999996,0.04784820721062824,Id3|Igfbp5|Twist1,0.35543171235461873
drug1,GO_BP,GOBP_REGULATION_OF_OSTEOCLAST_DIFFERENTIATION,1,13,50,1500,2.3076923076923075,0.3575867388571701,Fos,0.8025945450868804
drug1,GO_BP,GOBP_REGULATION_OF_PATTERN_RECOGNITION_RECEPTOR_SIGNALING_PATHWAY,0,14,50,1500,0.0,1.0,,1.0
drug1,GO_BP,GOBP_REGULATION_OF_PEPTIDASE_ACTIVITY,2,11,50,1500,5.454545454545455,0.04943234891824236,Mbp|Serpinb9,0.35543171235461873
drug1,GO_BP,GOBP_REGULATION_OF_PEPTIDE_TRANSPORT,2,30,50,1500,2.0,0.26406742974514547,Ccn3|Glul,0.8025945450868804
drug1,GO_BP,GOBP_REGULATION_OF_PEPTIDYL_SERINE_PHOSPHORYLATION,0,10,50,1500,0.0,1.0,,1.0
drug1,GO_BP,GOBP_REGULATION_OF_PEPTIDYL_TYROSINE_PHOSPHORYLATION,1,35,50,1500,0.8571428571428571,0.6989411842507965,Hes1,1.0
drug1,GO_BP,GOBP_REGULATION_OF_PHAGOCYTOSIS,0,14,50,1500,0.0,1.0,,1.0
drug1,GO_BP,GOBP_REGULATION_OF_PHOSPHORUS_METABOLIC_PROCESS,4,133,50,1500,0.9022556390977443,0.6619305381928015,Apoe|Fn1|Hes1|Zbtb20,1.0
drug1,GO_BP,GOBP_REGULATION_OF_PHOSPHORYLATION,3,118,50,1500,0.7627118644067797,0.7687381254905901,Apoe|Fn1|Hes1,1.0
drug1,GO_BP,GOBP_REGULATION_OF_PLASMA_LIPOPROTEIN_PARTICLE_LEVELS,1,12,50,1500,2.5,0.33524969917904673,Apoe,0.8025945450868804
drug1,GO_BP,GOBP_REGULATION_OF_POSTSYNAPSE_ASSEMBLY,0,11,50,1500,0.0,1.0,,1.0
drug1,GO_BP,GOBP_REGULATION_OF_POSTSYNAPSE_ORGANIZATION,1,30,50,1500,1.0,0.6419855589414076,Apoe,1.0
drug1,GO_BP,GOBP_REGULATION_OF_POSTSYNAPTIC_MEMBRANE_NEUROTRANSMITTER_RECEPTOR_LEVELS,0,25,50,1500,0.0,1.0,,1.0
drug1,GO_BP,GOBP_REGULATION_OF_POSTSYNAPTIC_MEMBRANE_POTENTIAL,0,34,50,1500,0.0,1.0,,1.0
drug1,GO_BP,GOBP_REGULATION_OF_POST_TRANSLATIONAL_PROTEIN_MODIFICATION,1,18,50,1500,1.6666666666666667,0.45869546617711976,Egr1,0.855143029707743
drug1,GO_BP,GOBP_REGULATION_OF_POTASSIUM_ION_TRANSMEMBRANE_TRANSPORT,0,11,50,1500,0.0,1.0,,1.0
drug1,GO_BP,GOBP_REGULATION_OF_POTASSIUM_ION_TRANSPORT,0,13,50,1500,0.0,1.0,,1.0
drug1,GO_BP,GOBP_REGULATION_OF_PRODUCTION_OF_MOLECULAR_MEDIATOR_OF_IMMUNE_RESPONSE,1,27,50,1500,1.1111111111111112,0.60287685419108,Twist1,0.970936459921214
drug1,GO_BP,GOBP_REGULATION_OF_PROGRAMMED_CELL_DEATH,12,193,50,1500,1.8652849740932642,0.02054902997482482,Anxa1|Apoe|Bnc2|Egr1|Fn1|Foxc2|Id3|Klf4|Mt1|Serpinb9|Tsc22d1|Twist1,0.25490208938236897
drug1,GO_BP,GOBP_REGULATION_OF_PROTEASOMAL_PROTEIN_CATABOLIC_PROCESS,1,15,50,1500,2.0,0.4000764265660914,Apoe,0.8194525798857352
drug1,GO_BP,GOBP_REGULATION_OF_PROTEASOMAL_UBIQUITIN_DEPENDENT_PROTEIN_CATABOLIC_PROCESS,0,10,50,1500,0.0,1.0,,1.0
drug1,GO_BP,GOBP_REGULATION_OF_PROTEIN_BINDING,0,20,50,1500,0.0,1.0,,1.0
drug1,GO_BP,GOBP_REGULATION_OF_PROTEIN_CATABOLIC_PROCESS,1,39,50,1500,0.7692307692307692,0.7380227031427208,Apoe,1.0
drug1,GO_BP,GOBP_REGULATION_OF_PROTEIN_CONTAINING_COMPLEX_ASSEMBLY,3,51,50,1500,1.7647058823529411,0.23980914780251136,Apoe|Foxc2|Hes1,0.7809416135853325
drug1,GO_BP,GOBP_REGULATION_OF_PROTEIN_CONTAINING_COMPLEX_DISASSEMBLY,0,14,50,1500,0.0,1.0,,1.0
drug1,GO_BP,GOBP_REGULATION_OF_PROTEIN_DEPOLYMERIZATION,0,11,50,1500,0.0,1.0,,1.0
drug1,GO_BP,GOBP_REGULATION_OF_PROTEIN_IMPORT_INTO_NUCLEUS,0,12,50,1500,0.0,1.0,,1.0
drug1,GO_BP,GOBP_REGULATION_OF_PROTEIN_LOCALIZATION_TO_CELL_PERIPHERY,0,21,50,1500,0.0,1.0,,1.0
drug1,GO_BP,GOBP_REGULATION_OF_PROTEIN_LOCALIZATION_TO_MEMBRANE,0,22,50,1500,0.0,1.0,,1.0
drug1,GO_BP,GOBP_REGULATION_OF_PROTEIN_LOCALIZATION_TO_NUCLEUS,1,20,50,1500,1.5,0.49461650530034706,Glul,0.8708037065146956
drug1,GO_BP,GOBP_REGULATION_OF_PROTEIN_LOCALIZATION_TO_PLASMA_MEMBRANE,0,15,50,1500,0.0,1.0,,1.0
drug1,GO_BP,GOBP_REGULATION_OF_PROTEIN_MODIFICATION_PROCESS,4,130,50,1500,0.9230769230769231,0.6435218118383514,Apoe|Egr1|Fn1|Hes1,1.0
drug1,GO_BP,GOBP_REGULATION_OF_PROTEIN_POLYMERIZATION,0,24,50,1500,0.0,1.0,,1.0
drug1,GO_BP,GOBP_REGULATION_OF_PROTEIN_SECRETION,5,35,50,1500,4.285714285714286,0.005118836656809417,Anxa1|Apoe|Bsg|Ccn3|Glul,0.16261688586720682
drug1,GO_BP,GOBP_REGULATION_OF_PROTEIN_SERINE_THREONINE_KINASE_ACTIVITY,1,35,50,1500,0.8571428571428571,0.6989411842507965,Apoe,1.0
drug1,GO_BP,GOBP_REGULATION_OF_PROTEIN_STABILITY,0,26,50,1500,0.0,1.0,,1.0
drug1,GO_BP,GOBP_REGULATION_OF_PROTEIN_UBIQUITINATION,0,16,50,1500,0.0,1.0,,1.0
drug1,GO_BP,GOBP_REGULATION_OF_PROTEOLYSIS,4,38,50,1500,3.1578947368421053,0.034983200223598375,Apoe|Mbp|S100a10|Serpinb9,0.32547246221191073
drug1,GO_BP,GOBP_REGULATION_OF_PROTEOLYSIS_INVOLVED_IN_PROTEIN_CATABOLIC_PROCESS,1,18,50,1500,1.6666666666666667,0.45869546617711976,Apoe,0.855143029707743
drug1,GO_BP,GOBP_REGULATION_OF_REACTIVE_OXYGEN_SPECIES_METABOLIC_PROCESS,0,16,50,1500,0.0,1.0,,1.0
drug1,GO_BP,GOBP_REGULATION_OF_RECEPTOR_INTERNALIZATION,0,10,50,1500,0.0,1.0,,1.0
drug1,GO_BP,GOBP_REGULATION_OF_RECEPTOR_MEDIATED_ENDOCYTOSIS,0,15,50,1500,0.0,1.0,,1.0
drug1,GO_BP,GOBP_REGULATION_OF_RECEPTOR_SIGNALING_PATHWAY_VIA_STAT,1,15,50,1500,2.0,0.4000764265660914,Hes1,0.8194525798857352
drug1,GO_BP,GOBP_REGULATION_OF_REGULATED_SECRETORY_PATHWAY,0,18,50,1500,0.0,1.0,,1.0
drug1,GO_BP,GOBP_REGULATION_OF_RELEASE_OF_SEQUESTERED_CALCIUM_ION_INTO_CYTOSOL,0,10,50,1500,0.0,1.0,,1.0
drug1,GO_BP,GOBP_REGULATION_OF_REPRODUCTIVE_PROCESS,0,28,50,1500,0.0,1.0,,1.0
drug1,GO_BP,GOBP_REGULATION_OF_RESPONSE_TO_BIOTIC_STIMULUS,2,48,50,1500,1.25,0.4813877414329201,Apoe|Serpinb9,0.8672450995881322
drug1,GO_BP,GOBP_REGULATION_OF_RESPONSE_TO_CYTOKINE_STIMULUS,1,20,50,1500,1.5,0.49461650530034706,Klf4,0.8708037065146956
drug1,GO_BP,GOBP_REGULATION_OF_RESPONSE_TO_EXTERNAL_STIMULUS,7,144,50,1500,1.4583333333333335,0.19724683140540974,Anxa1|Apoe|Ccn3|Fn1|Klf4|Nbl1|Serpinb9,0.7044529693050348
drug1,GO_BP,GOBP_REGULATION_OF_RESPONSE_TO_STRESS,9,142,50,1500,1.9014084507042253,0.040529835816565864,Anxa1|Apoe|Ccn3|Foxc2|Igfbp6|Klf4|Serpinb9|Slc38a2|Twist1,0.3442577274033814
drug1,GO_BP,GOBP_REGULATION_OF_RESPONSE_TO_WOUNDING,4,32,50,1500,3.75,0.019732682839665606,Anxa1|Apoe|Foxc2|Klf4,0.2498134290030474
drug1,GO_BP,GOBP_REGULATION_OF_RHO_PROTEIN_SIGNAL_TRANSDUCTION,1,13,50,1500,2.3076923076923075,0.3575867388571701,Apoe,0.8025945450868804
drug1,GO_BP,GOBP_REGULATION_OF_SECRETION,7,96,50,1500,2.1875,0.03637519064370962,Anxa1|Apoe|Bsg|Ccn3|Glul|S100a10|Slc38a2,0.33207688087656256
drug1,GO_BP,GOBP_REGULATION_OF_SIGNALING_RECEPTOR_ACTIVITY,0,15,50,1500,0.0,1.0,,1.0
drug1,GO_BP,GOBP_REGULATION_OF_SIGNAL_TRANSDUCTION_BY_P53_CLASS_MEDIATOR,1,10,50,1500,3.0,0.2882684421548648,Twist1,0.8025945450868804
drug1,GO_BP,GOBP_REGULATION_OF_SISTER_CHROMATID_SEGREGATION,0,10,50,1500,0.0,1.0,,1.0
drug1,GO_BP,GOBP_REGULATION_OF_SMALL_GTPASE_MEDIATED_SIGNAL_TRANSDUCTION,1,34,50,1500,0.8823529411764706,0.6883105763500479,Apoe,1.0
drug1,GO_BP,GOBP_REGULATION_OF_SMALL_MOLECULE_METABOLIC_PROCESS,5,41,50,1500,3.658536585365854,0.010159058091323326,Anxa1|Apoe|Egr1|Twist1|Zbtb20,0.19652939760000482
drug1,GO_BP,GOBP_REGULATION_OF_SMOOTH_MUSCLE_CONTRACTION,0,17,50,1500,0.0,1.0,,1.0
drug1,GO_BP,GOBP_REGULATION_OF_SODIUM_ION_TRANSPORT,0,14,50,1500,0.0,1.0,,1.0
drug1,GO_BP,GOBP_REGULATION_OF_STEM_CELL_PROLIFERATION,1,19,50,1500,1.5789473684210527,0.4769581022710094,Tsc22d1,0.8611743513226557
drug1,GO_BP,GOBP_REGULATION_OF_STEROID_METABOLIC_PROCESS,2,10,50,1500,6.0,0.04131092728840577,Apoe|Egr1,0.3442577274033814
drug1,GO_BP,GOBP_REGULATION_OF_STRIATED_MUSCLE_CELL_DIFFERENTIATION,1,16,50,1500,1.875,0.4202758734830577,Ccn3,0.831849323276454
drug1,GO_BP,GOBP_REGULATION_OF_STRIATED_MUSCLE_CONTRACTION,0,16,50,1500,0.0,1.0,,1.0
drug1,GO_BP,GOBP_REGULATION_OF_SUBSTRATE_ADHESION_DEPENDENT_CELL_SPREADING,1,12,50,1500,2.5,0.33524969917904673,S100a10,0.8025945450868804
drug1,GO_BP,GOBP_REGULATION_OF_SUPRAMOLECULAR_FIBER_ORGANIZATION,3,53,50,1500,1.6981132075471699,0.258037725432261,Apoe|Col6a1|S100a10,0.8025945450868804
drug1,GO_BP,GOBP_REGULATION_OF_SYNAPSE_ASSEMBLY,0,30,50,1500,0.0,1.0,,1.0
drug1,GO_BP,GOBP_REGULATION_OF_SYNAPSE_STRUCTURE_OR_ACTIVITY,1,59,50,1500,0.5084745762711864,0.870048912752537,Apoe,1.0
drug1,GO_BP,GOBP_REGULATION_OF_SYNAPTIC_PLASTICITY,3,55,50,1500,1.6363636363636365,0.2764661602246375,Apoe|Egr1|Slc4a10,0.8025945450868804
drug1,GO_BP,GOBP_REGULATION_OF_SYNAPTIC_TRANSMISSION_GLUTAMATERGIC,2,21,50,1500,2.857142857142857,0.15314117104382513,Glul|Slc38a2,0.5904323631852596
drug1,GO_BP,GOBP_REGULATION_OF_SYSTEMIC_ARTERIAL_BLOOD_PRESSURE,1,22,50,1500,1.3636363636363638,0.5281983764075895,Ttr,0.9034972228024557
drug1,GO_BP,GOBP_REGULATION_OF_SYSTEM_PROCESS,5,102,50,1500,1.4705882352941178,0.2495436688849369,Apoe|Ccn3|Igfbp5|Klf4|Ttr,0.7950455323345543
drug1,GO_BP,GOBP_REGULATION_OF_TISSUE_REMODELING,0,17,50,1500,0.0,1.0,,1.0
drug1,GO_BP,GOBP_REGULATION_OF_TRANSFERASE_ACTIVITY,1,59,50,1500,0.5084745762711864,0.870048912752537,Apoe,1.0
drug1,GO_BP,GOBP_REGULATION_OF_TRANSLATION,1,13,50,1500,2.3076923076923075,0.3575867388571701,Igfbp5,0.8025945450868804
drug1,GO_BP,GOBP_REGULATION_OF_TRANSMEMBRANE_RECEPTOR_PROTEIN_SERINE_THREONINE_KINASE_SIGNALING_PATHWAY,5,36,50,1500,4.166666666666667,0.005796454203818615,Ccn3|Foxd1|Hes1|Nbl1|Tsc22d1,0.16261688586720682
drug1,GO_BP,GOBP_REGULATION_OF_TRANSMEMBRANE_TRANSPORT,0,67,50,1500,0.0,1.0,,1.0
drug1,GO_BP,GOBP_REGULATION_OF_TRANSPORT,8,223,50,1500,1.0762331838565022,0.4713765779958679,Anxa1|Apoe|Bsg|Ccn3|Glul|Hes1|S100a10|Slc38a2,0.8611743513226557
drug1,GO_BP,GOBP_REGULATION_OF_TRANSPORTER_ACTIVITY,0,30,50,1500,0.0,1.0,,1.0
drug1,GO_BP,GOBP_REGULATION_OF_TRANS_SYNAPTIC_SIGNALING,5,113,50,1500,1.3274336283185841,0.3226921737700444,Apoe|Egr1|Glul|Slc38a2|Slc4a10,0.8025945450868804
drug1,GO_BP,GOBP_REGULATION_OF_TUBE_SIZE,2,39,50,1500,1.5384615384615383,0.3762268611656,Apoe|Foxc2,0.8107632229974242
drug1,GO_BP,GOBP_REGULATION_OF_T_CELL_ACTIVATION,3,50,50,1500,1.7999999999999998,0.23078688437825404,Anxa1|Hes1|Ildr2,0.7638058800705964
drug1,GO_BP,GOBP_REGULATION_OF_T_CELL_PROLIFERATION,2,29,50,1500,2.0689655172413794,0.25147901761228364,Anxa1|Hes1,0.7950455323345543
drug1,GO_BP,GOBP_REGULATION_OF_UBIQUITIN_DEPENDENT_PROTEIN_CATABOLIC_PROCESS,0,11,50,1500,0.0,1.0,,1.0
drug1,GO_BP,GOBP_REGULATION_OF_VASCULAR_PERMEABILITY,1,14,50,1500,2.142857142857143,0.3791877227557184,Apoe,0.8107632229974242
drug1,GO_BP,GOBP_REGULATION_OF_VASCULATURE_DEVELOPMENT,3,65,50,1500,1.3846153846153848,0.36985602599805995,Foxc2|Glul|Klf4,0.8107632229974242
drug1,GO_BP,GOBP_REGULATION_OF_VASOCONSTRICTION,0,15,50,1500,0.0,1.0,,1.0
drug1,GO_BP,GOBP_REGULATION_OF_VESICLE_FUSION,1,12,50,1500,2.5,0.33524969917904673,Anxa1,0.8025945450868804
drug1,GO_BP,GOBP_REGULATION_OF_VESICLE_MEDIATED_TRANSPORT,3,74,50,1500,1.2162162162162162,0.45251749134404146,Anxa1|Apoe|S100a10,0.855143029707743
drug1,GO_BP,GOBP_REGULATION_OF_VIRAL_GENOME_REPLICATION,0,11,50,1500,0.0,1.0,,1.0
drug1,GO_BP,GOBP_REGULATION_OF_VIRAL_LIFE_CYCLE,1,14,50,1500,2.142857142857143,0.3791877227557184,Bsg,0.8107632229974242
drug1,GO_BP,GOBP_REGULATION_OF_VIRAL_PROCESS,1,15,50,1500,2.0,0.4000764265660914,Bsg,0.8194525798857352
drug1,GO_BP,GOBP_REGULATION_OF_WNT_SIGNALING_PATHWAY,3,33,50,1500,2.727272727272727,0.09437465903438064,Apoe|Egr1|Rspo3,0.4723433370324466
drug1,GO_BP,GOBP_REGULATION_OF_WOUND_HEALING,3,23,50,1500,3.913043478260869,0.03859569973016896,Anxa1|Apoe|Foxc2,0.337193613234003
drug1,GO_BP,GOBP_RENAL_SYSTEM_DEVELOPMENT,5,63,50,1500,2.380952380952381,0.05492562746239191,Egr1|Foxc2|Foxd1|Hes1|Id3,0.3761118913787054
drug1,GO_BP,GOBP_RENAL_SYSTEM_PROCESS,1,13,50,1500,2.3076923076923075,0.3575867388571701,Ttr,0.8025945450868804
drug1,GO_BP,GOBP_RENAL_SYSTEM_VASCULATURE_DEVELOPMENT,3,11,50,1500,8.181818181818182,0.004764529954141202,Egr1|Foxc2|Hes1,0.16261688586720682
drug1,GO_BP,GOBP_RENAL_TUBULE_DEVELOPMENT,2,16,50,1500,3.75,0.0970847228115921,Foxd1|Hes1,0.4723433370324466
drug1,GO_BP,GOBP_RENAL_TUBULE_MORPHOGENESIS,2,13,50,1500,4.615384615384615,0.06720522304156554,Foxd1|Hes1,0.40298334849647227
drug1,GO_BP,GOBP_REPRODUCTIVE_PROCESS,6,173,50,1500,1.0404624277456647,0.5259543887696284,Bsg|Col6a1|Egr1|Fos|Igfbp5|Slc38a2,0.9034972228024557
drug1,GO_BP,GOBP_REPRODUCTIVE_SYSTEM_DEVELOPMENT,1,48,50,1500,0.625,0.8086739419485636,Col6a1,1.0
drug1,GO_BP,GOBP_RESPIRATORY_GASEOUS_EXCHANGE_BY_RESPIRATORY_SYSTEM,1,12,50,1500,2.5,0.33524969917904673,Col6a1,0.8025945450868804
drug1,GO_BP,GOBP_RESPIRATORY_SYSTEM_DEVELOPMENT,4,45,50,1500,2.6666666666666665,0.05956914793339073,Col6a1|Hes1|Igfbp5|Mgp,0.37812447418656225
drug1,GO_BP,GOBP_RESPONSE_TO_ABIOTIC_STIMULUS,10,161,50,1500,1.863354037267081,0.03505088054589808,Col6a1|Col6a2|Egr1|Fos|Slc38a2|Slc4a10|Ttr|Twist1|mt-Co2|mt-Nd4,0.32547246221191073
drug1,GO_BP,GOBP_RESPONSE_TO_ACID_CHEMICAL,3,31,50,1500,2.9032258064516125,0.0814070006336188,Col1a2|Col6a1|S100a10,0.44259397586469373
drug1,GO_BP,GOBP_RESPONSE_TO_ACTIVITY,4,17,50,1500,7.0588235294117645,0.001889242439258249,Col6a1|Fn1|Fos|Slc38a2,0.11807765245364056
drug1,GO_BP,GOBP_RESPONSE_TO_ALCOHOL,3,37,50,1500,2.4324324324324325,0.12265434187292903,Fos|Klf4|mt-Nd4,0.5343520255858168
drug1,GO_BP,GOBP_RESPONSE_TO_ALKALOID,1,23,50,1500,1.3043478260869565,0.5441591891136924,Hes1,0.911606888979124
drug1,GO_BP,GOBP_RESPONSE_TO_AMINE,0,11,50,1500,0.0,1.0,,1.0
drug1,GO_BP,GOBP_RESPONSE_TO_AMYLOID_BETA,0,12,50,1500,0.0,1.0,,1.0
drug1,GO_BP,GOBP_RESPONSE_TO_ANGIOTENSIN,0,10,50,1500,0.0,1.0,,1.0
drug1,GO_BP,GOBP_RESPONSE_TO_AUDITORY_STIMULUS,0,10,50,1500,0.0,1.0,,1.0
drug1,GO_BP,GOBP_RESPONSE_TO_AXON_INJURY,2,20,50,1500,3.0,0.14144844471358778,Apoe|Klf4,0.5717754295014431
drug1,GO_BP,GOBP_RESPONSE_TO_BACTERIUM,3,101,50,1500,0.8910891089108911,0.6675402166946223,Col6a1|Fos|Serpinb9,1.0
drug1,GO_BP,GOBP_RESPONSE_TO_BIOTIC_STIMULUS,7,177,50,1500,1.1864406779661016,0.37573622841805737,Anxa1|Apoe|Col6a1|Fos|Hes1|Klf4|Serpinb9,0.8107632229974242
drug1,GO_BP,GOBP_RESPONSE_TO_BMP,4,28,50,1500,4.285714285714286,0.01239328589341737,Egr1|Foxd1|Hes1|Nbl1,0.20978218309170027
drug1,GO_BP,GOBP_RESPONSE_TO_CADMIUM_ION,2,11,50,1500,5.454545454545455,0.04943234891824236,Fos|Mt1,0.35543171235461873
drug1,GO_BP,GOBP_RESPONSE_TO_CALCIUM_ION,1,29,50,1500,1.0344827586206897,0.6293882879681989,Fos,0.9948988015061511
drug1,GO_BP,GOBP_RESPONSE_TO_CAMP,3,14,50,1500,6.428571428571429,0.009792872234714329,Bsg|Fos|Igfbp5,0.19172792025796126
drug1,GO_BP,GOBP_RESPONSE_TO_CARBOHYDRATE,5,35,50,1500,4.285714285714286,0.005118836656809417,Col6a2|Egr1|Glul|Ildr2|Zbtb20,0.16261688586720682
drug1,GO_BP,GOBP_RESPONSE_TO_CHEMOKINE,0,11,50,1500,0.0,1.0,,1.0
drug1,GO_BP,GOBP_RESPONSE_TO_COCAINE,0,15,50,1500,0.0,1.0,,1.0
drug1,GO_BP,GOBP_RESPONSE_TO_COPPER_ION,1,12,50,1500,2.5,0.33524969917904673,Mt1,0.8025945450868804
drug1,GO_BP,GOBP_RESPONSE_TO_CORTICOSTEROID,2,27,50,1500,2.2222222222222223,0.22639072579076921,Anxa1|Fos,0.7554105326694044
drug1,GO_BP,GOBP_RESPONSE_TO_DECREASED_OXYGEN_LEVELS,6,62,50,1500,2.9032258064516125,0.014915545487544335,Col6a1|Egr1|Fos|Twist1|mt-Co2|mt-Nd4,0.22939599037067007
drug1,GO_BP,GOBP_RESPONSE_TO_ENDOGENOUS_STIMULUS,16,219,50,1500,2.191780821917808,0.0011959335193259643,Anxa1|Apoe|Bsg|Col1a2|Col6a1|Egr1|Fos|Foxc2|Foxd1|Hes1|Igfbp5|Klf4|Mbp|Nbl1|Tsc22d1|Twist1,0.1004050101022713
drug1,GO_BP,GOBP_RESPONSE_TO_ENDOPLASMIC_RETICULUM_STRESS,0,17,50,1500,0.0,1.0,,1.0
drug1,GO_BP,GOBP_RESPONSE_TO_ESTRADIOL,0,16,50,1500,0.0,1.0,,1.0
drug1,GO_BP,GOBP_RESPONSE_TO_ESTROGEN,0,14,50,1500,0.0,1.0,,1.0
drug1,GO_BP,GOBP_RESPONSE_TO_ETHANOL,2,20,50,1500,3.0,0.14144844471358778,Fos|mt-Nd4,0.5717754295014431
drug1,GO_BP,GOBP_RESPONSE_TO_FATTY_ACID,2,11,50,1500,5.454545454545455,0.04943234891824236,Hes1|Id3,0.35543171235461873
drug1,GO_BP,GOBP_RESPONSE_TO_FIBROBLAST_GROWTH_FACTOR,0,34,50,1500,0.0,1.0,,1.0
drug1,GO_BP,GOBP_RESPONSE_TO_GROWTH_FACTOR,10,124,50,1500,2.419354838709677,0.006125078057816314,Anxa1|Col1a2|Egr1|Fos|Foxd1|Hes1|Klf4|Nbl1|Tsc22d1|Twist1,0.16261688586720682
drug1,GO_BP,GOBP_RESPONSE_TO_HEAT,0,16,50,1500,0.0,1.0,,1.0
drug1,GO_BP,GOBP_RESPONSE_TO_HORMONE,9,135,50,1500,2.0,0.030395762431811194,Anxa1|Bsg|Col6a1|Egr1|Fos|Foxc2|Hes1|Igfbp5|Mbp,0.3166225253313666
drug1,GO_BP,GOBP_RESPONSE_TO_HYDROGEN_PEROXIDE,2,15,50,1500,4.0,0.08674586941049843,Anxa1|Klf4,0.45325414081048215
drug1,GO_BP,GOBP_RESPONSE_TO_INSULIN,4,44,50,1500,2.7272727272727275,0.055605479476909164,Col6a1|Egr1|Fos|Foxc2,0.3761118913787054
drug1,GO_BP,GOBP_RESPONSE_TO_INTERFERON_BETA,0,13,50,1500,0.0,1.0,,1.0
drug1,GO_BP,GOBP_RESPONSE_TO_INTERLEUKIN_1,3,14,50,1500,6.428571428571429,0.009792872234714329,Egr1|Fn1|Hes1,0.19172792025796126
drug1,GO_BP,GOBP_RESPONSE_TO_IONIZING_RADIATION,1,14,50,1500,2.142857142857143,0.3791877227557184,Egr1,0.8107632229974242
drug1,GO_BP,GOBP_RESPONSE_TO_ISCHEMIA,1,12,50,1500,2.5,0.33524969917904673,Egr1,0.8025945450868804
drug1,GO_BP,GOBP_RESPONSE_TO_KETONE,3,31,50,1500,2.9032258064516125,0.0814070006336188,Fos|Klf4|Mbp,0.44259397586469373
drug1,GO_BP,GOBP_RESPONSE_TO_LEUKEMIA_INHIBITORY_FACTOR,1,15,50,1500,2.0,0.4000764265660914,Klf4,0.8194525798857352
drug1,GO_BP,GOBP_RESPONSE_TO_LIGHT_STIMULUS,5,37,50,1500,4.0540540540540535,0.006535341984970801,Col6a1|Col6a2|Fos|Slc4a10|Ttr,0.16857032897742144
drug1,GO_BP,GOBP_RESPONSE_TO_LIPID,7,122,50,1500,1.7213114754098362,0.10516071424089778,Anxa1|Col6a1|Fos|Hes1|Id3|Klf4|Mbp,0.5002963119606657
drug1,GO_BP,GOBP_RESPONSE_TO_MACROPHAGE_COLONY_STIMULATING_FACTOR,0,21,50,1500,0.0,1.0,,1.0
drug1,GO_BP,GOBP_RESPONSE_TO_MECHANICAL_STIMULUS,3,46,50,1500,1.9565217391304346,0.19547782065070726,Col6a1|Fos|Slc38a2,0.6996728162057253
drug1,GO_BP,GOBP_RESPONSE_TO_METAL_ION,4,64,50,1500,1.875,0.16099743971308023,Bsg|Fn1|Fos|Mt1,0.6141334261355761
drug1,GO_BP,GOBP_RESPONSE_TO_MOLECULE_OF_BACTERIAL_ORIGIN,2,52,50,1500,1.1538461538461537,0.5246983784805676,Col6a1|Fos,0.9034972228024557
drug1,GO_BP,GOBP_RESPONSE_TO_NERVE_GROWTH_FACTOR,1,11,50,1500,2.7272727272727275,0.31215205147852715,Hes1,0.8025945450868804
drug1,GO_BP,GOBP_RESPONSE_TO_NICOTINE,1,11,50,1500,2.7272727272727275,0.31215205147852715,mt-Nd4,0.8025945450868804
drug1,GO_BP,GOBP_RESPONSE_TO_NITROGEN_COMPOUND,9,154,50,1500,1.753246753246753,0.0629509715078236,Apoe|Bsg|Col6a1|Egr1|Fos|Foxc2|Hes1|Igfbp5|Klf4,0.39344357192389745
drug1,GO_BP,GOBP_RESPONSE_TO_NUTRIENT,0,28,50,1500,0.0,1.0,,1.0
drug1,GO_BP,GOBP_RESPONSE_TO_NUTRIENT_LEVELS,5,68,50,1500,2.2058823529411766,0.07193311197152241,Apoe|Col6a1|Fos|Glul|Slc38a2,0.42351922809320264
drug1,GO_BP,GOBP_RESPONSE_TO_ORGANOPHOSPHORUS,3,20,50,1500,4.5,0.026644162448827665,Bsg|Fos|Igfbp5,0.29921833777290413
drug1,GO_BP,GOBP_RESPONSE_TO_OSMOTIC_STRESS,0,11,50,1500,0.0,1.0,,1.0
drug1,GO_BP,GOBP_RESPONSE_TO_OXIDATIVE_STRESS,5,46,50,1500,3.260869565217391,0.016387636166515684,Anxa1|Apoe|Col6a1|Fos|Klf4,0.23566290947422996
drug1,GO_BP,GOBP_RESPONSE_TO_OXYGEN_LEVELS,6,65,50,1500,2.7692307692307696,0.01856725010170662,Col6a1|Egr1|Fos|Twist1|mt-Co2|mt-Nd4,0.2498134290030474
drug1,GO_BP,GOBP_RESPONSE_TO_PAIN,1,13,50,1500,2.3076923076923075,0.3575867388571701,Col6a1,0.8025945450868804
drug1,GO_BP,GOBP_RESPONSE_TO_PEPTIDE,6,129,50,1500,1.3953488372093024,0.2555445130412423,Col6a1|Egr1|Fn1|Fos|Hes1|Klf4,0.8025945450868804
drug1,GO_BP,GOBP_RESPONSE_TO_PEPTIDE_HORMONE,6,71,50,1500,2.535211267605634,0.027637674006483023,Bsg|Col6a1|Egr1|Fos|Foxc2|Igfbp5,0.3076110976748967
drug1,GO_BP,GOBP_RESPONSE_TO_PROGESTERONE,2,10,50,1500,6.0,0.04131092728840577,Fos|Mbp,0.3442577274033814
drug1,GO_BP,GOBP_RESPONSE_TO_PURINE_CONTAINING_COMPOUND,3,22,50,1500,4.090909090909091,0.034352084177712426,Bsg|Fos|Igfbp5,0.32547246221191073
drug1,GO_BP,GOBP_RESPONSE_TO_RADIATION,6,49,50,1500,3.673469387755102,0.004726350658875068,Col6a1|Col6a2|Egr1|Fos|Slc4a10|Ttr,0.16261688586720682
drug1,GO_BP,GOBP_RESPONSE_TO_REACTIVE_OXYGEN_SPECIES,4,29,50,1500,4.137931034482759,0.014027612542741374,Anxa1|Col6a1|Fos|Klf4,0.22794870381954732
drug1,GO_BP,GOBP_RESPONSE_TO_RETINOIC_ACID,1,15,50,1500,2.0,0.4000764265660914,Klf4,0.8194525798857352
drug1,GO_BP,GOBP_RESPONSE_TO_STARVATION,3,19,50,1500,4.736842105263158,0.023183209906023995,Fos|Glul|Slc38a2,0.2749833291772919
drug1,GO_BP,GOBP_RESPONSE_TO_STEM_CELL_FACTOR,0,19,50,1500,0.0,1.0,,1.0
drug1,GO_BP,GOBP_RESPONSE_TO_STEROID_HORMONE,3,44,50,1500,2.0454545454545454,0.17839486825642273,Anxa1|Fos|Mbp,0.6543829817532437
drug1,GO_BP,GOBP_RESPONSE_TO_TEMPERATURE_STIMULUS,0,22,50,1500,0.0,1.0,,1.0
drug1,GO_BP,GOBP_RESPONSE_TO_TOXIC_SUBSTANCE,6,38,50,1500,4.736842105263158,0.001235753970489493,Apoe|Col6a1|Fos|Mbp|Mt1|Slc47a1,0.1004050101022713
drug1,GO_BP,GOBP_RESPONSE_TO_TRANSFORMING_GROWTH_FACTOR_BETA,3,38,50,1500,2.368421052631579,0.1301690111571574,Col1a2|Fos|Tsc22d1,0.548529144327197
drug1,GO_BP,GOBP_RESPONSE_TO_TUMOR_NECROSIS_FACTOR,2,24,50,1500,2.5,0.18923912647371055,Fos|Hes1,0.683363512266177
drug1,GO_BP,GOBP_RESPONSE_TO_TYPE_II_INTERFERON,0,16,50,1500,0.0,1.0,,1.0
drug1,GO_BP,GOBP_RESPONSE_TO_UV,2,14,50,1500,4.285714285714286,0.07677394817604072,Col6a1|Col6a2,0.43168742486528083
drug1,GO_BP,GOBP_RESPONSE_TO_VIRUS,1,33,50,1500,0.9090909090909091,0.6773123609777841,Hes1,1.0
drug1,GO_BP,GOBP_RESPONSE_TO_VITAMIN,0,16,50,1500,0.0,1.0,,1.0
drug1,GO_BP,GOBP_RESPONSE_TO_WOUNDING,8,101,50,1500,2.376237623762376,0.016085583399799038,Anxa1|Apoe|Col6a1|Fn1|Foxc2|Klf4|Neat1|S100a10,0.23566290947422996
drug1,GO_BP,GOBP_RESPONSE_TO_XENOBIOTIC_STIMULUS,2,58,50,1500,1.0344827586206897,0.5851264814879288,Col6a1|Fos,0.955105789124829
drug1,GO_BP,GOBP_RETINA_DEVELOPMENT_IN_CAMERA_TYPE_EYE,3,41,50,1500,2.1951219512195124,0.15365659133764528,Bsg|Fos|Hes1,0.5904323631852596
drug1,GO_BP,GOBP_RETINA_MORPHOGENESIS_IN_CAMERA_TYPE_EYE,0,16,50,1500,0.0,1.0,,1.0
drug1,GO_BP,GOBP_RHO_PROTEIN_SIGNAL_TRANSDUCTION,2,16,50,1500,3.75,0.0970847228115921,Apoe|Col1a2,0.4723433370324466
drug1,GO_BP,GOBP_RHYTHMIC_PROCESS,4,43,50,1500,2.7906976744186047,0.05179156664360612,Col6a1|Egr1|Id3|Twist1,0.3646889353789138
drug1,GO_BP,GOBP_RIBONUCLEOTIDE_CATABOLIC_PROCESS,2,12,50,1500,5.0,0.05807792677281182,Col6a1|Zbtb20,0.3761118913787054
drug1,GO_BP,GOBP_RIBOSE_PHOSPHATE_METABOLIC_PROCESS,3,23,50,1500,3.913043478260869,0.03859569973016896,Col6a1|Zbtb20|mt-Nd4,0.337193613234003
drug1,GO_BP,GOBP_RNA_PROCESSING,2,16,50,1500,3.75,0.0970847228115921,Ildr2|Slc38a2,0.4723433370324466
drug1,GO_BP,GOBP_RNA_SPLICING,2,12,50,1500,5.0,0.05807792677281182,Ildr2|Slc38a2,0.3761118913787054
drug1,GO_BP,GOBP_ROOF_OF_MOUTH_DEVELOPMENT,2,12,50,1500,5.0,0.05807792677281182,Bnc2|Twist1,0.3761118913787054
drug1,GO_BP,GOBP_SARCOMERE_ORGANIZATION,0,13,50,1500,0.0,1.0,,1.0
drug1,GO_BP,GOBP_SECRETION,11,147,50,1500,2.2448979591836733,0.007061345111664024,Anxa1|Apoe|Bsg|Ccn3|Foxd1|Glul|Ildr2|S100a10|Slc26a7|Slc38a2|mt-Co2,0.17068560805110697
drug1,GO_BP,GOBP_SECRETORY_GRANULE_LOCALIZATION,0,10,50,1500,0.0,1.0,,1.0
drug1,GO_BP,GOBP_SEGMENTATION,1,16,50,1500,1.875,0.4202758734830577,Foxc2,0.831849323276454
drug1,GO_BP,GOBP_SEMAPHORIN_PLEXIN_SIGNALING_PATHWAY,0,13,50,1500,0.0,1.0,,1.0
drug1,GO_BP,GOBP_SENSORY_ORGAN_DEVELOPMENT,8,113,50,1500,2.1238938053097347,0.02989558314959023,Bnc2|Bsg|Efemp1|Fos|Foxc2|Hes1|Klf4|Twist1,0.3166225253313666
drug1,GO_BP,GOBP_SENSORY_ORGAN_MORPHOGENESIS,2,47,50,1500,1.2765957446808511,0.4702033260751992,Efemp1|Twist1,0.8611743513226557
drug1,GO_BP,GOBP_SENSORY_PERCEPTION,4,53,50,1500,2.2641509433962264,0.09651755844300068,Ccn3|Col6a1|Mbp|Slc4a10,0.4723433370324466
drug1,GO_BP,GOBP_SENSORY_PERCEPTION_OF_LIGHT_STIMULUS,1,19,50,1500,1.5789473684210527,0.4769581022710094,Slc4a10,0.8611743513226557
drug1,GO_BP,GOBP_SENSORY_PERCEPTION_OF_MECHANICAL_STIMULUS,2,28,50,1500,2.142857142857143,0.2389147042643709,Col6a1|Mbp,0.7809416135853325
drug1,GO_BP,GOBP_SENSORY_PERCEPTION_OF_PAIN,1,13,50,1500,2.3076923076923075,0.3575867388571701,Ccn3,0.8025945450868804
drug1,GO_BP,GOBP_SENSORY_SYSTEM_DEVELOPMENT,7,80,50,1500,2.625,0.014613494676476454,Bsg|Efemp1|Fos|Foxc2|Hes1|Klf4|Twist1,0.22939599037067007
drug1,GO_BP,GOBP_SEQUESTERING_OF_CALCIUM_ION,0,15,50,1500,0.0,1.0,,1.0
drug1,GO_BP,GOBP_SEXUAL_REPRODUCTION,2,98,50,1500,0.6122448979591837,0.8513183888524986,Bsg|Col6a1,1.0
drug1,GO_BP,GOBP_SEX_DIFFERENTIATION,0,39,50,1500,0.0,1.0,,1.0
drug1,GO_BP,GOBP_SIGNAL_RELEASE,6,88,50,1500,2.0454545454545454,0.06796431039892438,Anxa1|Ccn3|Foxd1|Glul|Ildr2|Slc38a2,0.40454946666026415
drug1,GO_BP,GOBP_SIGNAL_TRANSDUCTION_BY_P53_CLASS_MEDIATOR,1,15,50,1500,2.0,0.4000764265660914,Twist1,0.8194525798857352
drug1,GO_BP,GOBP_SIGNAL_TRANSDUCTION_IN_RESPONSE_TO_DNA_DAMAGE,1,13,50,1500,2.3076923076923075,0.3575867388571701,Twist1,0.8025945450868804
drug1,GO_BP,GOBP_SINGLE_FERTILIZATION,1,12,50,1500,2.5,0.33524969917904673,Col6a1,0.8025945450868804
drug1,GO_BP,GOBP_SISTER_CHROMATID_SEGREGATION,0,19,50,1500,0.0,1.0,,1.0
drug1,GO_BP,GOBP_SKELETAL_MUSCLE_CELL_DIFFERENTIATION,3,12,50,1500,7.5,0.006204459645394968,Col6a1|Egr1|Fos,0.16261688586720682
drug1,GO_BP,GOBP_SKELETAL_MUSCLE_ORGAN_DEVELOPMENT,4,30,50,1500,4.0,0.015793510905532628,Col6a1|Egr1|Fos|Twist1,0.2354537176283534
drug1,GO_BP,GOBP_SKELETAL_SYSTEM_DEVELOPMENT,10,87,50,1500,3.4482758620689657,0.000386596760091175,Bnc2|Ccn3|Col1a2|Col6a1|Efemp1|Foxc2|Mgp|Ogn|Slc26a2|Twist1,0.060228435351838396
drug1,GO_BP,GOBP_SKELETAL_SYSTEM_MORPHOGENESIS,2,32,50,1500,1.875,0.2892565406012864,Foxc2|Twist1,0.8025945450868804
drug1,GO_BP,GOBP_SKIN_DEVELOPMENT,5,33,50,1500,4.545454545454545,0.0039359910886258296,Anxa1|Col1a2|Col6a1|Igfbp5|Klf4,0.14738559527742578
drug1,GO_BP,GOBP_SKIN_EPIDERMIS_DEVELOPMENT,3,20,50,1500,4.5,0.026644162448827665,Col6a1|Igfbp5|Klf4,0.29921833777290413
drug1,GO_BP,GOBP_SMAD_PROTEIN_SIGNAL_TRANSDUCTION,2,10,50,1500,6.0,0.04131092728840577,Ccn3|Fos,0.3442577274033814
drug1,GO_BP,GOBP_SMALL_GTPASE_MEDIATED_SIGNAL_TRANSDUCTION,2,47,50,1500,1.2765957446808511,0.4702033260751992,Apoe|Col1a2,0.8611743513226557
drug1,GO_BP,GOBP_SMALL_MOLECULE_BIOSYNTHETIC_PROCESS,4,50,50,1500,2.4,0.08159478784027976,Anxa1|Apoe|Egr1|Glul,0.44259397586469373
drug1,GO_BP,GOBP_SMALL_MOLECULE_CATABOLIC_PROCESS,2,21,50,1500,2.857142857142857,0.15314117104382513,Apoe|Twist1,0.5904323631852596
drug1,GO_BP,GOBP_SMALL_MOLECULE_METABOLIC_PROCESS,9,128,50,1500,2.109375,0.022213334501379668,Anxa1|Apoe|Col6a1|Egr1|Glul|Ttr|Twist1|Zbtb20|mt-Nd4,0.2714035230431726
drug1,GO_BP,GOBP_SMOOTH_MUSCLE_CELL_DIFFERENTIATION,1,19,50,1500,1.5789473684210527,0.4769581022710094,Hes1,0.8611743513226557
drug1,GO_BP,GOBP_SMOOTH_MUSCLE_CELL_MIGRATION,3,32,50,1500,2.8125,0.08778710247437263,Ccn3|Egr1|Igfbp5,0.4557637109292509
drug1,GO_BP,GOBP_SMOOTH_MUSCLE_CELL_PROLIFERATION,6,43,50,1500,4.186046511627907,0.0024016699623528896,Apoe|Ccn3|Egr1|Igfbp5|Klf4|Ogn,0.13009045629411484
drug1,GO_BP,GOBP_SMOOTH_MUSCLE_CONTRACTION,0,26,50,1500,0.0,1.0,,1.0
drug1,GO_BP,GOBP_SODIUM_ION_HOMEOSTASIS,0,13,50,1500,0.0,1.0,,1.0
drug1,GO_BP,GOBP_SODIUM_ION_TRANSMEMBRANE_TRANSPORT,2,33,50,1500,1.8181818181818181,0.301829565218506,Slc38a2|Slc4a10,0.8025945450868804
drug1,GO_BP,GOBP_SODIUM_ION_TRANSPORT,2,39,50,1500,1.5384615384615383,0.3762268611656,Slc38a2|Slc4a10,0.8107632229974242
drug1,GO_BP,GOBP_SOMATIC_STEM_CELL_POPULATION_MAINTENANCE,2,10,50,1500,6.0,0.04131092728840577,Hes1|Klf4,0.3442577274033814
drug1,GO_BP,GOBP_SOMITE_DEVELOPMENT,1,11,50,1500,2.7272727272727275,0.31215205147852715,Foxc2,0.8025945450868804
drug1,GO_BP,GOBP_SOMITOGENESIS,1,11,50,1500,2.7272727272727275,0.31215205147852715,Foxc2,0.8025945450868804
drug1,GO_BP,GOBP_SPECIFICATION_OF_SYMMETRY,1,18,50,1500,1.6666666666666667,0.45869546617711976,Nbl1,0.855143029707743
drug1,GO_BP,GOBP_SPERMATID_DIFFERENTIATION,0,27,50,1500,0.0,1.0,,1.0
drug1,GO_BP,GOBP_SPERM_FLAGELLUM_ASSEMBLY,0,10,50,1500,0.0,1.0,,1.0
drug1,GO_BP,GOBP_SPHINGOLIPID_METABOLIC_PROCESS,0,10,50,1500,0.0,1.0,,1.0
drug1,GO_BP,GOBP_SPINAL_CORD_DEVELOPMENT,0,15,50,1500,0.0,1.0,,1.0
drug1,GO_BP,GOBP_SPINDLE_ASSEMBLY,0,12,50,1500,0.0,1.0,,1.0
drug1,GO_BP,GOBP_SPINDLE_ORGANIZATION,0,16,50,1500,0.0,1.0,,1.0
drug1,GO_BP,GOBP_SPROUTING_ANGIOGENESIS,5,32,50,1500,4.6875,0.0034249869954135733,Anxa1|Foxc2|Glul|Klf4|Rspo3,0.14738559527742578
drug1,GO_BP,GOBP_STARTLE_RESPONSE,0,10,50,1500,0.0,1.0,,1.0
drug1,GO_BP,GOBP_STEM_CELL_DEVELOPMENT,4,25,50,1500,4.8,0.008242907697159811,Fn1|Foxc2|Hes1|Twist1,0.1717272436908294
drug1,GO_BP,GOBP_STEM_CELL_DIFFERENTIATION,4,42,50,1500,2.857142857142857,0.048128078107932834,Fn1|Foxc2|Hes1|Twist1,0.35543171235461873
drug1,GO_BP,GOBP_STEM_CELL_PROLIFERATION,1,26,50,1500,1.1538461538461537,0.5889329235095868,Tsc22d1,0.955105789124829
drug1,GO_BP,GOBP_STEROID_BIOSYNTHETIC_PROCESS,2,11,50,1500,5.454545454545455,0.04943234891824236,Apoe|Egr1,0.35543171235461873
drug1,GO_BP,GOBP_STEROID_METABOLIC_PROCESS,2,26,50,1500,2.3076923076923075,0.21392436250078883,Apoe|Egr1,0.7287779644943017
drug1,GO_BP,GOBP_STEROL_TRANSPORT,1,10,50,1500,3.0,0.2882684421548648,Apoe,0.8025945450868804
drug1,GO_BP,GOBP_STRESS_FIBER_ASSEMBLY,1,16,50,1500,1.875,0.4202758734830577,S100a10,0.831849323276454
drug1,GO_BP,GOBP_STRIATED_MUSCLE_CELL_DIFFERENTIATION,3,52,50,1500,1.7307692307692306,0.24889507447060455,Ccn3|Col6a1|Igfbp5,0.7950455323345543
drug1,GO_BP,GOBP_STRIATED_MUSCLE_CELL_PROLIFERATION,2,16,50,1500,3.75,0.0970847228115921,Fos|Foxc2,0.4723433370324466
drug1,GO_BP,GOBP_STRIATED_MUSCLE_CONTRACTION,0,30,50,1500,0.0,1.0,,1.0
drug1,GO_BP,GOBP_SUBSTRATE_ADHESION_DEPENDENT_CELL_SPREADING,2,19,50,1500,3.1578947368421053,0.12996801648711176,Fn1|S100a10,0.548529144327197
drug1,GO_BP,GOBP_SULFUR_COMPOUND_BIOSYNTHETIC_PROCESS,0,10,50,1500,0.0,1.0,,1.0
drug1,GO_BP,GOBP_SULFUR_COMPOUND_METABOLIC_PROCESS,0,18,50,1500,0.0,1.0,,1.0
drug1,GO_BP,GOBP_SULFUR_COMPOUND_TRANSPORT,3,13,50,1500,6.9230769230769225,0.007877797294666476,Slc26a2|Slc26a7|Slc47a1,0.17068560805110697
drug1,GO_BP,GOBP_SUPEROXIDE_METABOLIC_PROCESS,0,10,50,1500,0.0,1.0,,1.0
drug1,GO_BP,GOBP_SUPRAMOLECULAR_FIBER_ORGANIZATION,6,110,50,1500,1.6363636363636365,0.15442077190999098,Apoe|Col1a2|Col6a1|Foxc2|S100a10|Tmsb10,0.5904323631852596
drug1,GO_BP,GOBP_SYMBIONT_ENTRY_INTO_HOST,1,10,50,1500,3.0,0.2882684421548648,Bsg,0.8025945450868804
drug1,GO_BP,GOBP_SYNAPSE_ASSEMBLY,0,50,50,1500,0.0,1.0,,1.0
drug1,GO_BP,GOBP_SYNAPSE_MATURATION,0,11,50,1500,0.0,1.0,,1.0
drug1,GO_BP,GOBP_SYNAPSE_ORGANIZATION,1,105,50,1500,0.2857142857142857,0.9750640431250498,Apoe,1.0
drug1,GO_BP,GOBP_SYNAPTIC_SIGNALING,5,147,50,1500,1.0204081632653061,0.5526961517812774,Apoe|Egr1|Glul|Slc38a2|Slc4a10,0.9240033401693166
drug1,GO_BP,GOBP_SYNAPTIC_TRANSMISSION_GABAERGIC,0,10,50,1500,0.0,1.0,,1.0
drug1,GO_BP,GOBP_SYNAPTIC_TRANSMISSION_GLUTAMATERGIC,2,31,50,1500,1.9354838709677418,0.27666470071835436,Glul|Slc38a2,0.8025945450868804
drug1,GO_BP,GOBP_SYNAPTIC_VESICLE_CYCLE,0,30,50,1500,0.0,1.0,,1.0
drug1,GO_BP,GOBP_SYNAPTIC_VESICLE_EXOCYTOSIS,0,21,50,1500,0.0,1.0,,1.0
drug1,GO_BP,GOBP_TAXIS,5,84,50,1500,1.7857142857142858,0.14347864880897263,Anxa1|Bsg|Ccn3|Fn1|Nbl1,0.5756859365792112
drug1,GO_BP,GOBP_TELENCEPHALON_DEVELOPMENT,3,62,50,1500,1.4516129032258063,0.34180347065176675,Fos|Hes1|Slc38a2,0.8025945450868804
drug1,GO_BP,GOBP_TEMPERATURE_HOMEOSTASIS,2,26,50,1500,2.3076923076923075,0.21392436250078883,Egr1|Foxc2,0.7287779644943017
drug1,GO_BP,GOBP_TIGHT_JUNCTION_ORGANIZATION,0,16,50,1500,0.0,1.0,,1.0
drug1,GO_BP,GOBP_TISSUE_HOMEOSTASIS,3,44,50,1500,2.0454545454545454,0.17839486825642273,Bsg|Ildr2|Mbp,0.6543829817532437
drug1,GO_BP,GOBP_TISSUE_MIGRATION,0,15,50,1500,0.0,1.0,,1.0
drug1,GO_BP,GOBP_TISSUE_MORPHOGENESIS,9,98,50,1500,2.7551020408163267,0.00397273393195492,Bsg|Foxc2|Foxd1|Hes1|Igfbp5|Klf4|Mgp|Rspo3|Twist1,0.14738559527742578
drug1,GO_BP,GOBP_TISSUE_REGENERATION,3,15,50,1500,6.0,0.011956460152065383,Anxa1|Ccn3|Col6a1,0.20891664244200267
drug1,GO_BP,GOBP_TISSUE_REMODELING,4,38,50,1500,3.1578947368421053,0.034983200223598375,Col6a1|Foxc2|Igfbp5|Rspo3,0.32547246221191073
drug1,GO_BP,GOBP_TOR_SIGNALING,0,10,50,1500,0.0,1.0,,1.0
drug1,GO_BP,GOBP_TRABECULA_MORPHOGENESIS,0,10,50,1500,0.0,1.0,,1.0
drug1,GO_BP,GOBP_TRANSFORMING_GROWTH_FACTOR_BETA_RECEPTOR_SIGNALING_PATHWAY,3,22,50,1500,4.090909090909091,0.034352084177712426,Col1a2|Fos|Tsc22d1,0.32547246221191073
drug1,GO_BP,GOBP_TRANSLATION,1,14,50,1500,2.142857142857143,0.3791877227557184,Igfbp5,0.8107632229974242
drug1,GO_BP,GOBP_TRANSMEMBRANE_TRANSPORT,9,168,50,1500,1.6071428571428572,0.09785617296201832,Col6a1|Slc26a2|Slc26a7|Slc38a2|Slc47a1|Slc4a10|mt-Co2|mt-Co3|mt-Nd4,0.4746754658605366
drug1,GO_BP,GOBP_TRANSMISSION_OF_NERVE_IMPULSE,1,23,50,1500,1.3043478260869565,0.5441591891136924,Col6a1,0.911606888979124
drug1,GO_BP,GOBP_TRIGLYCERIDE_METABOLIC_PROCESS,1,11,50,1500,2.7272727272727275,0.31215205147852715,Apoe,0.8025945450868804
drug1,GO_BP,GOBP_TUBE_DEVELOPMENT,15,204,50,1500,2.2058823529411766,0.001683428245341175,Anxa1|Apoe|Bsg|Ccn3|Col6a1|Fn1|Foxc2|Foxd1|Glul|Hes1|Igfbp5|Klf4|Mgp|Rspo3|Twist1,0.11555604701017103
drug1,GO_BP,GOBP_TUBE_FORMATION,1,20,50,1500,1.5,0.49461650530034706,Twist1,0.8708037065146956
drug1,GO_BP,GOBP_TUBE_MORPHOGENESIS,13,173,50,1500,2.254335260115607,0.00307655805364542,Anxa1|Apoe|Bsg|Ccn3|Fn1|Foxc2|Foxd1|Glul|Hes1|Klf4|Mgp|Rspo3|Twist1,0.14704137756393554
drug1,GO_BP,GOBP_TUMOR_NECROSIS_FACTOR_SUPERFAMILY_CYTOKINE_PRODUCTION,2,26,50,1500,2.3076923076923075,0.21392436250078883,Twist1|Zbtb20,0.7287779644943017
drug1,GO_BP,GOBP_TYPE_2_IMMUNE_RESPONSE,1,10,50,1500,3.0,0.2882684421548648,Anxa1,0.8025945450868804
drug1,GO_BP,GOBP_TYPE_II_INTERFERON_PRODUCTION,0,17,50,1500,0.0,1.0,,1.0
drug1,GO_BP,GOBP_TYPE_I_INTERFERON_PRODUCTION,1,10,50,1500,3.0,0.2882684421548648,Zbtb20,0.8025945450868804
drug1,GO_BP,GOBP_TYROSINE_PHOSPHORYLATION_OF_STAT_PROTEIN,1,10,50,1500,3.0,0.2882684421548648,Hes1,0.8025945450868804
drug1,GO_BP,GOBP_T_CELL_ACTIVATION,4,74,50,1500,1.6216216216216215,0.23019799603042054,Anxa1|Egr1|Hes1|Ildr2,0.7638058800705964
drug1,GO_BP,GOBP_T_CELL_ACTIVATION_INVOLVED_IN_IMMUNE_RESPONSE,1,20,50,1500,1.5,0.49461650530034706,Anxa1,0.8708037065146956
drug1,GO_BP,GOBP_T_CELL_DIFFERENTIATION,2,40,50,1500,1.5,0.3883610132921429,Anxa1|Egr1,0.8194525798857352
drug1,GO_BP,GOBP_T_CELL_DIFFERENTIATION_INVOLVED_IN_IMMUNE_RESPONSE,1,11,50,1500,2.7272727272727275,0.31215205147852715,Anxa1,0.8025945450868804
drug1,GO_BP,GOBP_T_CELL_DIFFERENTIATION_IN_THYMUS,0,11,50,1500,0.0,1.0,,1.0
drug1,GO_BP,GOBP_T_CELL_MEDIATED_IMMUNITY,1,15,50,1500,2.0,0.4000764265660914,Serpinb9,0.8194525798857352
drug1,GO_BP,GOBP_T_CELL_PROLIFERATION,2,35,50,1500,1.7142857142857142,0.32686990772459135,Anxa1|Hes1,0.8025945450868804
drug1,GO_BP,GOBP_T_CELL_RECEPTOR_SIGNALING_PATHWAY,0,12,50,1500,0.0,1.0,,1.0
drug1,GO_BP,GOBP_T_HELPER_1_TYPE_IMMUNE_RESPONSE,1,10,50,1500,3.0,0.2882684421548648,Anxa1,0.8025945450868804
drug1,GO_BP,GOBP_UNSATURATED_FATTY_ACID_METABOLIC_PROCESS,1,12,50,1500,2.5,0.33524969917904673,Anxa1,0.8025945450868804
drug1,GO_BP,GOBP_VACUOLE_ORGANIZATION,0,11,50,1500,0.0,1.0,,1.0
drug1,GO_BP,GOBP_VASCULAR_ASSOCIATED_SMOOTH_MUSCLE_CELL_DIFFERENTIATION,1,10,50,1500,3.0,0.2882684421548648,Hes1,0.8025945450868804
drug1,GO_BP,GOBP_VASCULAR_ASSOCIATED_SMOOTH_MUSCLE_CELL_MIGRATION,1,10,50,1500,3.0,0.2882684421548648,Igfbp5,0.8025945450868804
drug1,GO_BP,GOBP_VASCULAR_ASSOCIATED_SMOOTH_MUSCLE_CELL_PROLIFERATION,1,16,50,1500,1.875,0.4202758734830577,Igfbp5,0.831849323276454
drug1,GO_BP,GOBP_VASCULAR_ENDOTHELIAL_GROWTH_FACTOR_PRODUCTION,1,11,50,1500,2.7272727272727275,0.31215205147852715,Bsg,0.8025945450868804
drug1,GO_BP,GOBP_VASCULAR_ENDOTHELIAL_GROWTH_FACTOR_RECEPTOR_SIGNALING_PATHWAY,1,30,50,1500,1.0,0.6419855589414076,Foxc2,1.0
drug1,GO_BP,GOBP_VASCULAR_ENDOTHELIAL_GROWTH_FACTOR_SIGNALING_PATHWAY,0,29,50,1500,0.0,1.0,,1.0
drug1,GO_BP,GOBP_VASCULAR_PROCESS_IN_CIRCULATORY_SYSTEM,2,55,50,1500,1.090909090909091,0.5556112094093976,Apoe|Foxc2,0.926018682348996
drug1,GO_BP,GOBP_VASCULATURE_DEVELOPMENT,12,152,50,1500,2.368421052631579,0.003028265001422831,Anxa1|Apoe|Bsg|Ccn3|Col1a2|Egr1|Fn1|Foxc2|Glul|Hes1|Klf4|Rspo3,0.14704137756393554
drug1,GO_BP,GOBP_VASCULOGENESIS,0,22,50,1500,0.0,1.0,,1.0
drug1,GO_BP,GOBP_VASOCONSTRICTION,0,19,50,1500,0.0,1.0,,1.0
drug1,GO_BP,GOBP_VASODILATION,1,18,50,1500,1.6666666666666667,0.45869546617711976,Apoe,0.855143029707743
drug1,GO_BP,GOBP_VENTRICULAR_CARDIAC_MUSCLE_TISSUE_DEVELOPMENT,1,18,50,1500,1.6666666666666667,0.45869546617711976,Foxc2,0.855143029707743
drug1,GO_BP,GOBP_VENTRICULAR_CARDIAC_MUSCLE_TISSUE_MORPHOGENESIS,1,12,50,1500,2.5,0.33524969917904673,Foxc2,0.8025945450868804
drug1,GO_BP,GOBP_VENTRICULAR_SEPTUM_DEVELOPMENT,1,15,50,1500,2.0,0.4000764265660914,Hes1,0.8194525798857352
drug1,GO_BP,GOBP_VENTRICULAR_SEPTUM_MORPHOGENESIS,1,11,50,1500,2.7272727272727275,0.31215205147852715,Hes1,0.8025945450868804
drug1,GO_BP,GOBP_VESICLE_LOCALIZATION,0,21,50,1500,0.0,1.0,,1.0
drug1,GO_BP,GOBP_VESICLE_MEDIATED_TRANSPORT,3,153,50,1500,0.5882352941176471,0.9002391527883631,Anxa1|Apoe|S100a10,1.0
drug1,GO_BP,GOBP_VESICLE_MEDIATED_TRANSPORT_IN_SYNAPSE,0,38,50,1500,0.0,1.0,,1.0
drug1,GO_BP,GOBP_VESICLE_MEDIATED_TRANSPORT_TO_THE_PLASMA_MEMBRANE,0,11,50,1500,0.0,1.0,,1.0
drug1,GO_BP,GOBP_VESICLE_ORGANIZATION,3,29,50,1500,3.103448275862069,0.06929647406754862,Anxa1|Apoe|S100a10,0.40947916494460546
drug1,GO_BP,GOBP_VIRAL_GENOME_REPLICATION,0,11,50,1500,0.0,1.0,,1.0
drug1,GO_BP,GOBP_VIRAL_LIFE_CYCLE,2,23,50,1500,2.608695652173913,0.17706049687331893,Apoe|Bsg,0.6539166077707802
drug1,GO_BP,GOBP_VIRAL_PROCESS,2,27,50,1500,2.2222222222222223,0.22639072579076921,Apoe|Bsg,0.7554105326694044
drug1,GO_BP,GOBP_VISUAL_BEHAVIOR,0,14,50,1500,0.0,1.0,,1.0
drug1,GO_BP,GOBP_WNT_SIGNALING_PATHWAY,6,44,50,1500,4.090909090909091,0.002710752166556361,Apoe|Col6a1|Egr1|Foxd1|Klf4|Rspo3,0.14209587969851892
drug1,GO_BP,GOBP_WOUND_HEALING,5,62,50,1500,2.419354838709677,0.05184193481386405,Anxa1|Apoe|Fn1|Foxc2|S100a10,0.3646889353789138
