global_index,cell_id,study,sample_id,batch_group,original_drug,source_cell_type,split
13574,GTTTGGATCCAATGCA_D20-6407-0,GSE216146,D20-6407,D20,control,Oligodendrocyte,train
13399,CTCAATTTCATGCAGT_D20-6407-0,GSE216146,D20-6407,D20,control,Oligodendrocyte,train
13445,GACTTCCAGTAAGCAT_D20-6407-0,GSE216146,D20-6407,D20,control,Astrocyte,train
13624,TCCATGCAGTTCAACC_D20-6407-0,GSE216146,D20-6407,D20,control,Microglia,train
13610,TCACGGGAGGCGTTAG_D20-6407-0,GSE216146,D20-6407,D20,control,OPC,train
13180,AAGCCATCAGCAGACA_D20-6407-0,GSE216146,D20-6407,D20,control,Oligodendrocyte,train
13500,GGCACGTAGTAATACG_D20-6407-0,GSE216146,D20-6407,D20,control,Ependymal,train
13310,CAGATCAGTGCATCTA_D20-6407-0,GSE216146,D20-6407,D20,control,Endothelial,train
13492,GCTGGGTTCACCCATC_D20-6407-0,GSE216146,D20-6407,D20,control,Microglia,train
13216,ACTCCCAGTAGGCAGT_D20-6407-0,GSE216146,D20-6407,D20,control,Oligodendrocyte,train
13316,CATCCGTCACAGAAGC_D20-6407-0,GSE216146,D20-6407,D20,control,Microglia,train
13556,GTGCTTCAGCTACTAC_D20-6407-0,GSE216146,D20-6407,D20,control,Microglia,train
13296,CAAGCTATCCATGATG_D20-6407-0,GSE216146,D20-6407,D20,control,Immune,train
13578,TAACGACCAGTGGTGA_D20-6407-0,GSE216146,D20-6407,D20,control,OPC,train
13703,TGGGCTGTCGGCTTCT_D20-6407-0,GSE216146,D20-6407,D20,control,Endothelial,train
13641,TCGCTCATCTTCACGC_D20-6407-0,GSE216146,D20-6407,D20,control,Microglia,train
13312,CAGGGCTCATCGGATT_D20-6407-0,GSE216146,D20-6407,D20,control,Microglia,train
13193,ACAAAGATCAAGAATG_D20-6407-0,GSE216146,D20-6407,D20,control,Microglia,train
13471,GCAACATCAGATCATC_D20-6407-0,GSE216146,D20-6407,D20,control,Astrocyte,train
13606,TCACATTGTACTGACT_D20-6407-0,GSE216146,D20-6407,D20,control,Oligodendrocyte,train
13519,GGGTGAAGTGTCCCTT_D20-6407-0,GSE216146,D20-6407,D20,control,Oligodendrocyte,train
13389,CTACCTGTCGCTCATC_D20-6407-0,GSE216146,D20-6407,D20,control,Astrocyte,train
13674,TGATGCATCCACAGCG_D20-6407-0,GSE216146,D20-6407,D20,control,Endothelial,train
13736,TTCAGGAGTCAAGTTC_D20-6407-0,GSE216146,D20-6407,D20,control,Microglia,train
13688,TGCTCCAAGTGATAGT_D20-6407-0,GSE216146,D20-6407,D20,control,Oligodendrocyte,train
13472,GCAACCGGTTTATGCG_D20-6407-0,GSE216146,D20-6407,D20,control,OPC,train
13732,TTCACCGAGCGTGTCC_D20-6407-0,GSE216146,D20-6407,D20,control,Astrocyte,train
13524,GGGTGTCTCGAACCAT_D20-6407-0,GSE216146,D20-6407,D20,control,Microglia,train
13533,GTAACACGTTGTTGTG_D20-6407-0,GSE216146,D20-6407,D20,control,Oligodendrocyte,train
13325,CCACAAAGTGACAGCA_D20-6407-0,GSE216146,D20-6407,D20,control,Microglia,train
13615,TCATATCAGATGACCG_D20-6407-0,GSE216146,D20-6407,D20,control,Astrocyte,train
13330,CCCTTAGCATAGACTC_D20-6407-0,GSE216146,D20-6407,D20,control,OPC,train
13240,AGCTCAATCTGAACGT_D20-6407-0,GSE216146,D20-6407,D20,control,Microglia,train
13306,CACTTCGGTACGATGG_D20-6407-0,GSE216146,D20-6407,D20,control,Endothelial,train
13601,TCAATCTGTGTTCAGT_D20-6407-0,GSE216146,D20-6407,D20,control,Microglia,train
13493,GGAACCCAGGAAACGA_D20-6407-0,GSE216146,D20-6407,D20,control,Endothelial,train
13469,GATTCTTTCTTGGGCG_D20-6407-0,GSE216146,D20-6407,D20,control,Microglia,train
13209,ACGGAAGTCGTAGAGG_D20-6407-0,GSE216146,D20-6407,D20,control,Oligodendrocyte,train
13520,GGGTGTCAGATCCAAA_D20-6407-0,GSE216146,D20-6407,D20,control,Endothelial,train
13488,GCTACCTCACCCTTAC_D20-6407-0,GSE216146,D20-6407,D20,control,Oligodendrocyte,train
13742,TTCGATTCAGCAGAAC_D20-6407-0,GSE216146,D20-6407,D20,control,Microglia,train
13539,GTAGATCGTGTATCCA_D20-6407-0,GSE216146,D20-6407,D20,control,Oligodendrocyte,train
13429,GAAATGACAATTCGTG_D20-6407-0,GSE216146,D20-6407,D20,control,Microglia,train
13671,TGATCAGCACATCCCT_D20-6407-0,GSE216146,D20-6407,D20,control,Microglia,train
13754,TTGCCTGCACTTGTGA_D20-6407-0,GSE216146,D20-6407,D20,control,Neuron,train
13620,TCCACGTTCACTCACC_D20-6407-0,GSE216146,D20-6407,D20,control,Microglia,train
13169,AAATGGATCACCCATC_D20-6407-0,GSE216146,D20-6407,D20,control,Astrocyte,train
13699,TGGGAAGTCTGAGTCA_D20-6407-0,GSE216146,D20-6407,D20,control,Endothelial,train
13203,ACCACAAGTGGCTACC_D20-6407-0,GSE216146,D20-6407,D20,control,Oligodendrocyte,train
13337,CCGGTGACAGTAGGAC_D20-6407-0,GSE216146,D20-6407,D20,control,Microglia,train
13329,CCCTGATAGCTCTATG_D20-6407-0,GSE216146,D20-6407,D20,control,Oligodendrocyte,train
13514,GGGTATTTCCATTTGT_D20-6407-0,GSE216146,D20-6407,D20,control,Oligodendrocyte,train
13420,CTGTACCCAGTAGATA_D20-6407-0,GSE216146,D20-6407,D20,control,Endothelial,train
13645,TCGTCCAGTGAAGCGT_D20-6407-0,GSE216146,D20-6407,D20,control,Ependymal,train
13515,GGGTCACGTCGACTGC_D20-6407-0,GSE216146,D20-6407,D20,control,Astrocyte,train
13738,TTCCGGTGTCTAACGT_D20-6407-0,GSE216146,D20-6407,D20,control,Oligodendrocyte,train
13332,CCGAACGGTAAGGAGA_D20-6407-0,GSE216146,D20-6407,D20,control,Progenitor,train
13767,TTTAGTCCATTGACAC_D20-6407-0,GSE216146,D20-6407,D20,control,Immune,train
13383,CGTTGGGTCATTTGGG_D20-6407-0,GSE216146,D20-6407,D20,control,Oligodendrocyte,train
13289,ATTATCCGTTCTAACG_D20-6407-0,GSE216146,D20-6407,D20,control,Astrocyte,train
13166,AAACGAATCAAGGACG_D20-6407-0,GSE216146,D20-6407,D20,control,Astrocyte,train
13265,AGTTAGCGTGAGTTTC_D20-6407-0,GSE216146,D20-6407,D20,control,Choroid Plexus,train
13450,GAGCCTGGTCGATTAC_D20-6407-0,GSE216146,D20-6407,D20,control,Endothelial,train
13404,CTCAGTCAGGTAAGAG_D20-6407-0,GSE216146,D20-6407,D20,control,Microglia,train
13241,AGGAAATAGCTAAGTA_D20-6407-0,GSE216146,D20-6407,D20,control,Oligodendrocyte,train
13752,TTGCATTCAATACCTG_D20-6407-0,GSE216146,D20-6407,D20,control,Immune,train
13405,CTCATCGAGAATACAC_D20-6407-0,GSE216146,D20-6407,D20,control,Microglia,train
13625,TCCATGCCACCCATAA_D20-6407-0,GSE216146,D20-6407,D20,control,Astrocyte,train
13648,TCTACATAGGAACGTC_D20-6407-0,GSE216146,D20-6407,D20,control,Astrocyte,train
13621,TCCACGTTCCTTCTTC_D20-6407-0,GSE216146,D20-6407,D20,control,Neuron,train
13308,CACTTCGTCATTCGTT_D20-6407-0,GSE216146,D20-6407,D20,control,Endothelial,train
13438,GACCAATAGGTCCCGT_D20-6407-0,GSE216146,D20-6407,D20,control,Oligodendrocyte,train
13408,CTCCCAAGTTTGTTCT_D20-6407-0,GSE216146,D20-6407,D20,control,Astrocyte,train
13178,AAGATAGCACGAGGTA_D20-6407-0,GSE216146,D20-6407,D20,control,Endothelial,train
13557,GTGGCGTGTAACATAG_D20-6407-0,GSE216146,D20-6407,D20,control,OPC,train
13225,ACTTTCATCACAGTGT_D20-6407-0,GSE216146,D20-6407,D20,control,Oligodendrocyte,train
13517,GGGTCTGAGAGCTGCA_D20-6407-0,GSE216146,D20-6407,D20,control,Endothelial,train
13185,AAGTTCGAGGTTACAA_D20-6407-0,GSE216146,D20-6407,D20,control,Microglia,train
13735,TTCAGGACAGCTATAC_D20-6407-0,GSE216146,D20-6407,D20,control,Oligodendrocyte,train
13359,CGAGGCTAGATGTAGT_D20-6407-0,GSE216146,D20-6407,D20,control,Oligodendrocyte,train
13764,TTGTTTGGTCGATTTG_D20-6407-0,GSE216146,D20-6407,D20,control,Oligodendrocyte,train
13561,GTGTGGCGTAGGTGCA_D20-6407-0,GSE216146,D20-6407,D20,control,Endothelial,train
13319,CATGCGGAGCAGTACG_D20-6407-0,GSE216146,D20-6407,D20,control,Endothelial,train
13538,GTAGAGGGTTCTATCT_D20-6407-0,GSE216146,D20-6407,D20,control,Oligodendrocyte,train
13525,GGGTTTACATGCGGTC_D20-6407-0,GSE216146,D20-6407,D20,control,Immune,train
13656,TCTGCCACAACGTTAC_D20-6407-0,GSE216146,D20-6407,D20,control,Endothelial,train
13466,GATGTTGGTAGCGTAG_D20-6407-0,GSE216146,D20-6407,D20,control,Endothelial,train
13204,ACCCAAACACGGCACT_D20-6407-0,GSE216146,D20-6407,D20,control,Oligodendrocyte,train
13679,TGCAGTATCAGACCGC_D20-6407-0,GSE216146,D20-6407,D20,control,Choroid Plexus,train
13205,ACCCAAACATCGAGCC_D20-6407-0,GSE216146,D20-6407,D20,control,Microglia,train
13425,CTTCTCTGTTACCCAA_D20-6407-0,GSE216146,D20-6407,D20,control,Microglia,train
13676,TGCACGGCAGTATACC_D20-6407-0,GSE216146,D20-6407,D20,control,Pericyte,train
13763,TTGTTTGGTACAAAGT_D20-6407-0,GSE216146,D20-6407,D20,control,Astrocyte,train
13609,TCACGGGAGAAGTATC_D20-6407-0,GSE216146,D20-6407,D20,control,Endothelial,train
13446,GACTTCCCAGTCAACT_D20-6407-0,GSE216146,D20-6407,D20,control,Microglia,train
13588,TAGAGTCCATGGAAGC_D20-6407-0,GSE216146,D20-6407,D20,control,Choroid Plexus,train
13731,TTCAATCGTTACCGTA_D20-6407-0,GSE216146,D20-6407,D20,control,Endothelial,train
13284,ATGGAGGAGCAGGCTA_D20-6407-0,GSE216146,D20-6407,D20,control,Endothelial,train
13461,GATCATGGTCGTCAGC_D20-6407-0,GSE216146,D20-6407,D20,control,Endothelial,train
13460,GATAGCTTCTGGAAGG_D20-6407-0,GSE216146,D20-6407,D20,control,Pericyte,train
13753,TTGCATTGTTCACGAT_D20-6407-0,GSE216146,D20-6407,D20,control,Oligodendrocyte,train
13376,CGTCCATAGCATATGA_D20-6407-0,GSE216146,D20-6407,D20,control,Immune,train
13551,GTGATGTCAGCAGTGA_D20-6407-0,GSE216146,D20-6407,D20,control,Choroid Plexus,train
13279,ATCTCTATCCACTTTA_D20-6407-0,GSE216146,D20-6407,D20,control,Microglia,train
13304,CACTAAGCAGAGAATT_D20-6407-0,GSE216146,D20-6407,D20,control,Astrocyte,train
13357,CGAAGTTAGGGTATAT_D20-6407-0,GSE216146,D20-6407,D20,control,Microglia,train
13583,TACCGGGTCAGACCGC_D20-6407-0,GSE216146,D20-6407,D20,control,Microglia,train
13373,CGTAATGAGTCGAAAT_D20-6407-0,GSE216146,D20-6407,D20,control,Microglia,train
13544,GTCGAATGTTGCACGC_D20-6407-0,GSE216146,D20-6407,D20,control,Ependymal,train
13362,CGAGTGCGTACCTAGT_D20-6407-0,GSE216146,D20-6407,D20,control,Oligodendrocyte,train
13503,GGCTGTGCATCACGGC_D20-6407-0,GSE216146,D20-6407,D20,control,Endothelial,train
13378,CGTGATATCGACATAC_D20-6407-0,GSE216146,D20-6407,D20,control,Microglia,train
13664,TGACCCTCAGTCAACT_D20-6407-0,GSE216146,D20-6407,D20,control,Oligodendrocyte,train
13549,GTGAGTTGTATTCCTT_D20-6407-0,GSE216146,D20-6407,D20,control,Microglia,train
13584,TACGGGCGTTTAAGGA_D20-6407-0,GSE216146,D20-6407,D20,control,Neuron,train
13747,TTGAACGCACCGCTGA_D20-6407-0,GSE216146,D20-6407,D20,control,Oligodendrocyte,train
13477,GCATCTCAGGATACCG_D20-6407-0,GSE216146,D20-6407,D20,control,Oligodendrocyte,train
13505,GGGAAGTCACCCAATA_D20-6407-0,GSE216146,D20-6407,D20,control,OPC,train
13769,TTTCACAGTTCAATCG_D20-6407-0,GSE216146,D20-6407,D20,control,OPC,train
13350,CCTCTCCTCCCACAGG_D20-6407-0,GSE216146,D20-6407,D20,control,Astrocyte,train
13631,TCCTCGAGTGCTCCGA_D20-6407-0,GSE216146,D20-6407,D20,control,Microglia,train
13390,CTAGACAGTTCATCTT_D20-6407-0,GSE216146,D20-6407,D20,control,Microglia,train
13497,GGAATGGAGTCTACCA_D20-6407-0,GSE216146,D20-6407,D20,control,Oligodendrocyte,train
13295,CAAGCTAGTAGCGAGT_D20-6407-0,GSE216146,D20-6407,D20,control,Immune,train
13360,CGAGGCTCAAGCAGGT_D20-6407-0,GSE216146,D20-6407,D20,control,Immune,train
13273,ATCCGTCAGTGTACAA_D20-6407-0,GSE216146,D20-6407,D20,control,Microglia,train
13529,GGTGGCTTCTCTCCGA_D20-6407-0,GSE216146,D20-6407,D20,control,Immune,train
13660,TCTTTGAAGTGCTACT_D20-6407-0,GSE216146,D20-6407,D20,control,Oligodendrocyte,train
13655,TCTCAGCTCCGCATAA_D20-6407-0,GSE216146,D20-6407,D20,control,Neuron,train
13218,ACTGATGAGGGATCAC_D20-6407-0,GSE216146,D20-6407,D20,control,Microglia,train
13591,TAGGGTTTCTGACAGT_D20-6407-0,GSE216146,D20-6407,D20,control,Oligodendrocyte,train
13716,TGTTGGATCGCTAATG_D20-6407-0,GSE216146,D20-6407,D20,control,Microglia,train
13507,GGGAGATGTGTATCCA_D20-6407-0,GSE216146,D20-6407,D20,control,OPC,train
13555,GTGCAGCGTTCCTAAG_D20-6407-0,GSE216146,D20-6407,D20,control,Oligodendrocyte,train
13187,AATCGACCAGTTCACA_D20-6407-0,GSE216146,D20-6407,D20,control,Oligodendrocyte,train
13392,CTATCCGCATCAGTGT_D20-6407-0,GSE216146,D20-6407,D20,control,Oligodendrocyte,train
13234,AGCCAATCAGGCACTC_D20-6407-0,GSE216146,D20-6407,D20,control,Endothelial,train
13570,GTTCTATCATAACAGA_D20-6407-0,GSE216146,D20-6407,D20,control,Oligodendrocyte,train
13651,TCTATACGTTACCCTC_D20-6407-0,GSE216146,D20-6407,D20,control,Microglia,train
13287,ATTACCTCAGACACAG_D20-6407-0,GSE216146,D20-6407,D20,control,OPC,train
13548,GTCTTTAAGGCAATGC_D20-6407-0,GSE216146,D20-6407,D20,control,Neuron,train
13526,GGTAACTTCGTAACAC_D20-6407-0,GSE216146,D20-6407,D20,control,OPC,train
13290,ATTCACTAGTACCATC_D20-6407-0,GSE216146,D20-6407,D20,control,Oligodendrocyte,train
13206,ACCCTTGGTGCTGATT_D20-6407-0,GSE216146,D20-6407,D20,control,Oligodendrocyte,train
13586,TACGTCCCACTTGAGT_D20-6407-0,GSE216146,D20-6407,D20,control,Microglia,train
13183,AAGGAATCAGTAGAAT_D20-6407-0,GSE216146,D20-6407,D20,control,Oligodendrocyte,train
13464,GATGATCGTGGTCCCA_D20-6407-0,GSE216146,D20-6407,D20,control,Choroid Plexus,train
13750,TTGCATTAGCTAATGA_D20-6407-0,GSE216146,D20-6407,D20,control,Microglia,train
13184,AAGTGAAGTGTAGGAC_D20-6407-0,GSE216146,D20-6407,D20,control,Endothelial,train
13644,TCGTCCAAGTAGATCA_D20-6407-0,GSE216146,D20-6407,D20,control,Choroid Plexus,train
13499,GGAGAACTCTAGTCAG_D20-6407-0,GSE216146,D20-6407,D20,control,Microglia,train
13266,AGTTAGCTCATACGAC_D20-6407-0,GSE216146,D20-6407,D20,control,Oligodendrocyte,train
13709,TGTCCACCAAACACGG_D20-6407-0,GSE216146,D20-6407,D20,control,Immune,train
13202,ACCACAAGTCTGTGAT_D20-6407-0,GSE216146,D20-6407,D20,control,Oligodendrocyte,train
13684,TGCATGATCTTCCTAA_D20-6407-0,GSE216146,D20-6407,D20,control,Oligodendrocyte,train
13575,TAACACGAGAGCGACT_D20-6407-0,GSE216146,D20-6407,D20,control,Endothelial,train
13417,CTGCATCGTGTTAACC_D20-6407-0,GSE216146,D20-6407,D20,control,Microglia,train
13393,CTATCTAAGCGTTCAT_D20-6407-0,GSE216146,D20-6407,D20,control,Oligodendrocyte,train
13713,TGTGATGGTCCATAGT_D20-6407-0,GSE216146,D20-6407,D20,control,Microglia,train
13634,TCGAAGTTCTTACTGT_D20-6407-0,GSE216146,D20-6407,D20,control,Oligodendrocyte,train
13650,TCTATACGTCATCCCT_D20-6407-0,GSE216146,D20-6407,D20,control,Endothelial,train
13739,TTCCGTGTCATGCCCT_D20-6407-0,GSE216146,D20-6407,D20,control,Microglia,train
13244,AGGATAAAGGTAGTAT_D20-6407-0,GSE216146,D20-6407,D20,control,Immune,train
13662,TGACAGTTCAAAGGAT_D20-6407-0,GSE216146,D20-6407,D20,control,Microglia,train
13419,CTGCGAGGTAGGAGGG_D20-6407-0,GSE216146,D20-6407,D20,control,Oligodendrocyte,train
13349,CCTCTAGGTTGCATGT_D20-6407-0,GSE216146,D20-6407,D20,control,Microglia,train
13292,ATTTCTGGTATGCTAC_D20-6407-0,GSE216146,D20-6407,D20,control,OPC,train
13356,CCTTGTGGTAACCCGC_D20-6407-0,GSE216146,D20-6407,D20,control,Immune,train
13353,CCTGTTGTCTAGGAAA_D20-6407-0,GSE216146,D20-6407,D20,control,Choroid Plexus,train
13480,GCCATGGGTAGCCCTG_D20-6407-0,GSE216146,D20-6407,D20,control,Oligodendrocyte,train
13465,GATGCTATCTTGCAGA_D20-6407-0,GSE216146,D20-6407,D20,control,Microglia,train
13227,AGAACCTTCGTGGGAA_D20-6407-0,GSE216146,D20-6407,D20,control,Oligodendrocyte,train
13331,CCGAACGGTAACACCT_D20-6407-0,GSE216146,D20-6407,D20,control,Oligodendrocyte,train
13286,ATGGATCGTGTCATCA_D20-6407-0,GSE216146,D20-6407,D20,control,Microglia,train
13174,AACCATGCATAACCCA_D20-6407-0,GSE216146,D20-6407,D20,control,Endothelial,train
13291,ATTCCATCAGAACCGA_D20-6407-0,GSE216146,D20-6407,D20,control,Oligodendrocyte,train
13658,TCTGCCATCCTCAGGG_D20-6407-0,GSE216146,D20-6407,D20,control,Astrocyte,train
13564,GTTACCCTCATGCCAA_D20-6407-0,GSE216146,D20-6407,D20,control,Oligodendrocyte,train
13355,CCTTCAGGTGTAACGG_D20-6407-0,GSE216146,D20-6407,D20,control,OPC,train
13725,TTACGTTGTATTTCTC_D20-6407-0,GSE216146,D20-6407,D20,control,Endothelial,train
13309,CAGATACTCCCTGTTG_D20-6407-0,GSE216146,D20-6407,D20,control,Microglia,train
13553,GTGCACGTCTCATTGT_D20-6407-0,GSE216146,D20-6407,D20,control,Endothelial,train
13516,GGGTCACGTGTTCATG_D20-6407-0,GSE216146,D20-6407,D20,control,Oligodendrocyte,train
13377,CGTCCATGTAGGAAAG_D20-6407-0,GSE216146,D20-6407,D20,control,Microglia,train
13607,TCACATTGTTGCGAAG_D20-6407-0,GSE216146,D20-6407,D20,control,Oligodendrocyte,train
13171,AACCAACAGGGATCAC_D20-6407-0,GSE216146,D20-6407,D20,control,Oligodendrocyte,train
13396,CTCAAGATCTTCGACC_D20-6407-0,GSE216146,D20-6407,D20,control,Microglia,train
13372,CGTAAGTGTGATTAGA_D20-6407-0,GSE216146,D20-6407,D20,control,OPC,train
13535,GTAACCAAGTCCCAAT_D20-6407-0,GSE216146,D20-6407,D20,control,OPC,train
13427,CTTTCGGTCTCAAAGC_D20-6407-0,GSE216146,D20-6407,D20,control,Neuron,train
13245,AGGATCTAGTGGATTA_D20-6407-0,GSE216146,D20-6407,D20,control,OPC,train
13640,TCGCAGGTCAAAGACA_D20-6407-0,GSE216146,D20-6407,D20,control,Microglia,train
13596,TATCCTAGTCCTCAGG_D20-6407-0,GSE216146,D20-6407,D20,control,Microglia,train
13418,CTGCGAGCATTGCTTT_D20-6407-0,GSE216146,D20-6407,D20,control,Endothelial,train
13666,TGACTCCCACTCCTTG_D20-6407-0,GSE216146,D20-6407,D20,control,Microglia,train
13299,CACAACAAGAGGCGGA_D20-6407-0,GSE216146,D20-6407,D20,control,Microglia,train
13259,AGTCACATCTAGGCAT_D20-6407-0,GSE216146,D20-6407,D20,control,Microglia,train
13733,TTCACGCTCTGCCTCA_D20-6407-0,GSE216146,D20-6407,D20,control,Choroid Plexus,train
13232,AGATCGTGTGAATAAC_D20-6407-0,GSE216146,D20-6407,D20,control,Oligodendrocyte,train
13531,GGTGTTAAGGCCGCTT_D20-6407-0,GSE216146,D20-6407,D20,control,Astrocyte,train
13491,GCTGCAGCACTACACA_D20-6407-0,GSE216146,D20-6407,D20,control,Microglia,train
13322,CATTCATTCCTTCTTC_D20-6407-0,GSE216146,D20-6407,D20,control,Choroid Plexus,train
13522,GGGTGTCAGGATGGCT_D20-6407-0,GSE216146,D20-6407,D20,control,Endothelial,train
13333,CCGATCTCACTCTCGT_D20-6407-0,GSE216146,D20-6407,D20,control,Immune,train
13433,GAAGTAAAGCGCCTTG_D20-6407-0,GSE216146,D20-6407,D20,control,Microglia,train
13381,CGTTAGAGTCTGTGGC_D20-6407-0,GSE216146,D20-6407,D20,control,Endothelial,train
13269,ATAGAGACAGCTGGTC_D20-6407-0,GSE216146,D20-6407,D20,control,Oligodendrocyte,train
13321,CATTCATGTAGCCAGA_D20-6407-0,GSE216146,D20-6407,D20,control,Neuron,train
13398,CTCAATTCACTGGATT_D20-6407-0,GSE216146,D20-6407,D20,control,Choroid Plexus,train
13354,CCTTCAGGTATCCCAA_D20-6407-0,GSE216146,D20-6407,D20,control,OPC,train
13622,TCCATCGAGATCACCT_D20-6407-0,GSE216146,D20-6407,D20,control,OPC,train
13740,TTCCTAAAGGCAGGGA_D20-6407-0,GSE216146,D20-6407,D20,control,Endothelial,train
13649,TCTATACCAATGTTGC_D20-6407-0,GSE216146,D20-6407,D20,control,Neuron,train
13456,GAGTTACCAGCTACTA_D20-6407-0,GSE216146,D20-6407,D20,control,Oligodendrocyte,train
13167,AAACGCTGTAACAGTA_D20-6407-0,GSE216146,D20-6407,D20,control,Oligodendrocyte,train
13771,TTTGACTTCTAGAACC_D20-6407-0,GSE216146,D20-6407,D20,control,Microglia,train
13422,CTTCAATGTACTGCCG_D20-6407-0,GSE216146,D20-6407,D20,control,Immune,train
13339,CCGTGAGCAGCTCTGG_D20-6407-0,GSE216146,D20-6407,D20,control,Endothelial,train
13759,TTGGGTACAGAGAAAG_D20-6407-0,GSE216146,D20-6407,D20,control,Astrocyte,train
13336,CCGGGTACAGAAGTTA_D20-6407-0,GSE216146,D20-6407,D20,control,Oligodendrocyte,train
13626,TCCCACAGTCCGGTCA_D20-6407-0,GSE216146,D20-6407,D20,control,OPC,train
13311,CAGGCCAGTTCGGTCG_D20-6407-0,GSE216146,D20-6407,D20,control,Microglia,train
13582,TACCGAAGTTATGTGC_D20-6407-0,GSE216146,D20-6407,D20,control,Astrocyte,train
13214,ACTATGGCAGTCCGTG_D20-6407-0,GSE216146,D20-6407,D20,control,Astrocyte,train
13506,GGGACTCTCTCTTCAA_D20-6407-0,GSE216146,D20-6407,D20,control,Microglia,train
13705,TGGTTAGGTTAAGACA_D20-6407-0,GSE216146,D20-6407,D20,control,Microglia,train
13532,GGTGTTATCTGCGGAC_D20-6407-0,GSE216146,D20-6407,D20,control,Oligodendrocyte,train
13256,AGTACCATCTCGGTCT_D20-6407-0,GSE216146,D20-6407,D20,control,Astrocyte,train
13397,CTCAATTAGATCGGTG_D20-6407-0,GSE216146,D20-6407,D20,control,Choroid Plexus,train
13364,CGATGCGTCTGAATCG_D20-6407-0,GSE216146,D20-6407,D20,control,Oligodendrocyte,train
13595,TATCCTACAGAGTTCT_D20-6407-0,GSE216146,D20-6407,D20,control,Microglia,train
13476,GCACGGTGTCTTAGTG_D20-6407-0,GSE216146,D20-6407,D20,control,Microglia,train
13766,TTTACGTGTGTACATC_D20-6407-0,GSE216146,D20-6407,D20,control,Microglia,train
13175,AACCTTTTCATCGCTC_D20-6407-0,GSE216146,D20-6407,D20,control,Astrocyte,train
13608,TCACGCTAGCATGCGA_D20-6407-0,GSE216146,D20-6407,D20,control,Immune,train
13565,GTTACGATCTGCTCTG_D20-6407-0,GSE216146,D20-6407,D20,control,Endothelial,train
13192,ACAAAGAGTGTGACCC_D20-6407-0,GSE216146,D20-6407,D20,control,Endothelial,train
13276,ATCGTCCCAAGCGAAC_D20-6407-0,GSE216146,D20-6407,D20,control,Microglia,train
13695,TGGGAAGAGCGTTCCG_D20-6407-0,GSE216146,D20-6407,D20,control,Endothelial,train
13540,GTAGGTTCAGTTGCGC_D20-6407-0,GSE216146,D20-6407,D20,control,Endothelial,train
13459,GATAGAACAGTAGTTC_D20-6407-0,GSE216146,D20-6407,D20,control,Microglia,train
13412,CTGAATGCAGGATTCT_D20-6407-0,GSE216146,D20-6407,D20,control,OPC,train
13718,TGTTTGTTCGTTCTCG_D20-6407-0,GSE216146,D20-6407,D20,control,Microglia,train
13391,CTATAGGCAAACTGCT_D20-6407-0,GSE216146,D20-6407,D20,control,Choroid Plexus,train
13670,TGAGTCAGTTTGATCG_D20-6407-0,GSE216146,D20-6407,D20,control,Astrocyte,train
13385,CTAACTTCAGTCTTCC_D20-6407-0,GSE216146,D20-6407,D20,control,Astrocyte,train
13746,TTCTGTATCTCGGTAA_D20-6407-0,GSE216146,D20-6407,D20,control,Endothelial,train
13726,TTACTGTGTTGATCGT_D20-6407-0,GSE216146,D20-6407,D20,control,Microglia,train
13528,GGTGAAGCATCCTATT_D20-6407-0,GSE216146,D20-6407,D20,control,Progenitor,train
13508,GGGCCATAGCAGCACA_D20-6407-0,GSE216146,D20-6407,D20,control,Microglia,train
13267,ATACTTCAGAGCAGTC_D20-6407-0,GSE216146,D20-6407,D20,control,Microglia,train
13554,GTGCAGCAGTGAGCCA_D20-6407-0,GSE216146,D20-6407,D20,control,Microglia,train
13475,GCACGGTGTCGCTGCA_D20-6407-0,GSE216146,D20-6407,D20,control,Oligodendrocyte,train
13683,TGCATCCGTTGCTCAA_D20-6407-0,GSE216146,D20-6407,D20,control,Microglia,train
13181,AAGCGAGAGATTAGAC_D20-6407-0,GSE216146,D20-6407,D20,control,Oligodendrocyte,train
13646,TCGTGGGAGTTGGCTT_D20-6407-0,GSE216146,D20-6407,D20,control,Oligodendrocyte,train
13592,TAGGTTGCATCAACCA_D20-6407-0,GSE216146,D20-6407,D20,control,Oligodendrocyte,train
13722,TTACCATGTAGGAGGG_D20-6407-0,GSE216146,D20-6407,D20,control,Oligodendrocyte,train
13388,CTACCCATCGGAGCAA_D20-6407-0,GSE216146,D20-6407,D20,control,Microglia,train
13737,TTCCACGTCAGGAACG_D20-6407-0,GSE216146,D20-6407,D20,control,Endothelial,train
13613,TCAGCCTTCAAACGTC_D20-6407-0,GSE216146,D20-6407,D20,control,Pericyte,train
13340,CCTAACCAGGCCTAAG_D20-6407-0,GSE216146,D20-6407,D20,control,Choroid Plexus,train
13338,CCGTAGGTCCTGTTGC_D20-6407-0,GSE216146,D20-6407,D20,control,Microglia,train
13410,CTCCTTTCAGCGTGCT_D20-6407-0,GSE216146,D20-6407,D20,control,OPC,train
13440,GACCTTCGTCACTTAG_D20-6407-0,GSE216146,D20-6407,D20,control,Endothelial,train
13678,TGCAGGCCAGGTCCGT_D20-6407-0,GSE216146,D20-6407,D20,control,Astrocyte,train
13447,GAGACCCCAAATGAGT_D20-6407-0,GSE216146,D20-6407,D20,control,Oligodendrocyte,train
13301,CACAGATTCCATTTGT_D20-6407-0,GSE216146,D20-6407,D20,control,Microglia,train
13577,TAACCAGTCATGCGGC_D20-6407-0,GSE216146,D20-6407,D20,control,Oligodendrocyte,train
13598,TATCTTGAGGTCACAG_D20-6407-0,GSE216146,D20-6407,D20,control,Oligodendrocyte,train
13347,CCTCCTCAGTTTAGGA_D20-6407-0,GSE216146,D20-6407,D20,control,OPC,train
13685,TGCCGAGCAAGCGATG_D20-6407-0,GSE216146,D20-6407,D20,control,Oligodendrocyte,train
13431,GAAGAATAGAGGTCGT_D20-6407-0,GSE216146,D20-6407,D20,control,Choroid Plexus,train
13487,GCGTTTCAGCTGGCCT_D20-6407-0,GSE216146,D20-6407,D20,control,Endothelial,train
13696,TGGGAAGGTCAGGAGT_D20-6407-0,GSE216146,D20-6407,D20,control,Choroid Plexus,train
13271,ATCAGGTTCAGCCTTC_D20-6407-0,GSE216146,D20-6407,D20,control,Endothelial,train
13509,GGGCGTTCACCAAATC_D20-6407-0,GSE216146,D20-6407,D20,control,Pericyte,train
13270,ATAGGCTCAACGTTAC_D20-6407-0,GSE216146,D20-6407,D20,control,Microglia,train
13616,TCATGTTGTCACTGAT_D20-6407-0,GSE216146,D20-6407,D20,control,Astrocyte,train
13547,GTCTAGATCGCCAGAC_D20-6407-0,GSE216146,D20-6407,D20,control,Oligodendrocyte,train
13194,ACAACCAGTACGGCAA_D20-6407-0,GSE216146,D20-6407,D20,control,Microglia,train
13199,ACATTTCCACATATCG_D20-6407-0,GSE216146,D20-6407,D20,control,Endothelial,train
13756,TTGCGTCTCTCCTGTG_D20-6407-0,GSE216146,D20-6407,D20,control,Microglia,train
13502,GGCTGTGCAGCAGGAT_D20-6407-0,GSE216146,D20-6407,D20,control,Microglia,train
13367,CGCATGGCAAAGCAAT_D20-6407-0,GSE216146,D20-6407,D20,control,Microglia,train
13657,TCTGCCACATAACCCA_D20-6407-0,GSE216146,D20-6407,D20,control,OPC,train
13361,CGAGGCTTCTTGCAAG_D20-6407-0,GSE216146,D20-6407,D20,control,Microglia,train
13298,CAATTTCAGACATATG_D20-6407-0,GSE216146,D20-6407,D20,control,Microglia,train
13448,GAGACTTGTAACAGGC_D20-6407-0,GSE216146,D20-6407,D20,control,Oligodendrocyte,train
13652,TCTCACGAGTAATCCC_D20-6407-0,GSE216146,D20-6407,D20,control,Astrocyte,train
13288,ATTACCTGTATGAAGT_D20-6407-0,GSE216146,D20-6407,D20,control,Endothelial,train
13400,CTCACTGGTAGCCCTG_D20-6407-0,GSE216146,D20-6407,D20,control,Immune,train
13630,TCCTCGAAGATGTAGT_D20-6407-0,GSE216146,D20-6407,D20,control,Microglia,train
13550,GTGAGTTTCTGATTCT_D20-6407-0,GSE216146,D20-6407,D20,control,Immune,train
13490,GCTCAAACAGTGTATC_D20-6407-0,GSE216146,D20-6407,D20,control,Oligodendrocyte,train
13346,CCTCCAATCGTGAGAG_D20-6407-0,GSE216146,D20-6407,D20,control,Microglia,train
13395,CTCAAGACAGCATACT_D20-6407-0,GSE216146,D20-6407,D20,control,Immune,train
13432,GAAGGACAGAACTCCT_D20-6407-0,GSE216146,D20-6407,D20,control,Oligodendrocyte,train
13749,TTGACCCCAGAGTTCT_D20-6407-0,GSE216146,D20-6407,D20,control,Neuron,train
13416,CTGCAGGTCTTCTAAC_D20-6407-0,GSE216146,D20-6407,D20,control,Neuron,train
13455,GAGTCTATCCTGTAAG_D20-6407-0,GSE216146,D20-6407,D20,control,Oligodendrocyte,train
13717,TGTTTGTGTCATGACT_D20-6407-0,GSE216146,D20-6407,D20,control,Oligodendrocyte,train
13743,TTCGATTTCCTAGCGG_D20-6407-0,GSE216146,D20-6407,D20,control,OPC,train
13541,GTCACTCTCGGACAAG_D20-6407-0,GSE216146,D20-6407,D20,control,Astrocyte,train
13282,ATGCATGAGTGGCCTC_D20-6407-0,GSE216146,D20-6407,D20,control,Oligodendrocyte,train
13721,TTACAGGAGCCAAGGT_D20-6407-0,GSE216146,D20-6407,D20,control,Oligodendrocyte,train
13179,AAGCATCTCTTTGCAT_D20-6407-0,GSE216146,D20-6407,D20,control,Oligodendrocyte,train
13351,CCTCTCCTCCGCACTT_D20-6407-0,GSE216146,D20-6407,D20,control,Astrocyte,train
13600,TCAAGTGTCTCCTACG_D20-6407-0,GSE216146,D20-6407,D20,control,Microglia,train
13558,GTGTAACCAGGACGAT_D20-6407-0,GSE216146,D20-6407,D20,control,Oligodendrocyte,train
13253,AGGTCATTCTCGGTAA_D20-6407-0,GSE216146,D20-6407,D20,control,Microglia,train
13661,TGAATCGTCGGACCAC_D20-6407-0,GSE216146,D20-6407,D20,control,Microglia,train
13642,TCGGGACGTCCCTGTT_D20-6407-0,GSE216146,D20-6407,D20,control,Oligodendrocyte,train
13669,TGAGTCAGTAAGGAGA_D20-6407-0,GSE216146,D20-6407,D20,control,Astrocyte,train
13343,CCTACGTTCAAAGACA_D20-6407-0,GSE216146,D20-6407,D20,control,Microglia,train
13221,ACTTAGGAGATCGACG_D20-6407-0,GSE216146,D20-6407,D20,control,Endothelial,train
13442,GACGTTAAGTCATCGT_D20-6407-0,GSE216146,D20-6407,D20,control,Oligodendrocyte,train
13573,GTTGTAGAGTATGATG_D20-6407-0,GSE216146,D20-6407,D20,control,Microglia,train
13424,CTTCGGTTCCACGTAA_D20-6407-0,GSE216146,D20-6407,D20,control,Oligodendrocyte,train
13200,ACATTTCGTCCACACG_D20-6407-0,GSE216146,D20-6407,D20,control,Oligodendrocyte,train
13387,CTACATTGTATCAGCT_D20-6407-0,GSE216146,D20-6407,D20,control,Oligodendrocyte,train
13579,TAACTTCTCTCATTTG_D20-6407-0,GSE216146,D20-6407,D20,control,Immune,train
13568,GTTCATTCAATGACCT_D20-6407-0,GSE216146,D20-6407,D20,control,Oligodendrocyte,train
13374,CGTAATGAGTCTTCGA_D20-6407-0,GSE216146,D20-6407,D20,control,Endothelial,train
13403,CTCAGTCAGCAAGCCA_D20-6407-0,GSE216146,D20-6407,D20,control,Microglia,train
13441,GACGCTGGTCACTTCC_D20-6407-0,GSE216146,D20-6407,D20,control,Microglia,train
13704,TGGTAGTGTGTGTCGC_D20-6407-0,GSE216146,D20-6407,D20,control,Oligodendrocyte,train
13413,CTGAGGCCAGGTTCCG_D20-6407-0,GSE216146,D20-6407,D20,control,Oligodendrocyte,train
13481,GCCATGGGTTACCCAA_D20-6407-0,GSE216146,D20-6407,D20,control,Microglia,train
13677,TGCAGATAGCCGAACA_D20-6407-0,GSE216146,D20-6407,D20,control,Oligodendrocyte,train
13543,GTCGAATCACGGCCAT_D20-6407-0,GSE216146,D20-6407,D20,control,Microglia,train
13263,AGTGTTGCATCTAACG_D20-6407-0,GSE216146,D20-6407,D20,control,Microglia,train
13751,TTGCATTCAACAGCCC_D20-6407-0,GSE216146,D20-6407,D20,control,Endothelial,train
13247,AGGCATTGTACAAGTA_D20-6407-0,GSE216146,D20-6407,D20,control,Oligodendrocyte,train
13485,GCCGTGATCCATCAGA_D20-6407-0,GSE216146,D20-6407,D20,control,Astrocyte,train
13748,TTGAACGGTATCGTAC_D20-6407-0,GSE216146,D20-6407,D20,control,Microglia,train
13552,GTGATGTCATAGACTC_D20-6407-0,GSE216146,D20-6407,D20,control,Endothelial,train
13394,CTATCTATCTGAGGCC_D20-6407-0,GSE216146,D20-6407,D20,control,Oligodendrocyte,train
13585,TACGGTAAGGCCCACT_D20-6407-0,GSE216146,D20-6407,D20,control,Immune,train
13580,TAATTCCTCGACACTA_D20-6407-0,GSE216146,D20-6407,D20,control,Oligodendrocyte,train
13498,GGAGAACTCCAAGAGG_D20-6407-0,GSE216146,D20-6407,D20,control,Oligodendrocyte,train
13536,GTAGAGGAGTCGTTAC_D20-6407-0,GSE216146,D20-6407,D20,control,Oligodendrocyte,train
13636,TCGACGGTCTGTAAGC_D20-6407-0,GSE216146,D20-6407,D20,control,OPC,train
13546,GTCGTAACACCTGTCT_D20-6407-0,GSE216146,D20-6407,D20,control,Microglia,train
13257,AGTAGCTTCCTTGAAG_D20-6407-0,GSE216146,D20-6407,D20,control,Immune,train
13605,TCACAAGGTTGGCCGT_D20-6407-0,GSE216146,D20-6407,D20,control,Microglia,train
13213,ACTATGGAGAGGCTGT_D20-6407-0,GSE216146,D20-6407,D20,control,Microglia,train
13239,AGCGCTGAGGTCGTCC_D20-6407-0,GSE216146,D20-6407,D20,control,Microglia,train
13215,ACTATTCCAGTCAACT_D20-6407-0,GSE216146,D20-6407,D20,control,Endothelial,train
13251,AGGGCCTTCTCATTTG_D20-6407-0,GSE216146,D20-6407,D20,control,Oligodendrocyte,train
13478,GCATCTCGTTATAGAG_D20-6407-0,GSE216146,D20-6407,D20,control,Oligodendrocyte,train
13293,CAAGAGGCACTCACTC_D20-6407-0,GSE216146,D20-6407,D20,control,OPC,train
13401,CTCACTGTCCTCGATC_D20-6407-0,GSE216146,D20-6407,D20,control,Pericyte,train
13324,CCAAGCGCACATTACG_D20-6407-0,GSE216146,D20-6407,D20,control,Oligodendrocyte,train
13384,CTAACCCGTGGGTTGA_D20-6407-0,GSE216146,D20-6407,D20,control,Neuron,train
13597,TATCTGTTCCACCTCA_D20-6407-0,GSE216146,D20-6407,D20,control,Oligodendrocyte,train
13566,GTTATGGCACCGTCGA_D20-6407-0,GSE216146,D20-6407,D20,control,Choroid Plexus,train
13341,CCTAACCTCATGACAC_D20-6407-0,GSE216146,D20-6407,D20,control,OPC,train
13619,TCCACCAGTTCGGCGT_D20-6407-0,GSE216146,D20-6407,D20,control,Immune,train
13223,ACTTATCTCCTGCCAT_D20-6407-0,GSE216146,D20-6407,D20,control,Endothelial,train
13653,TCTCACGGTCCATCTC_D20-6407-0,GSE216146,D20-6407,D20,control,Oligodendrocyte,train
13518,GGGTGAAAGCAAATGT_D20-6407-0,GSE216146,D20-6407,D20,control,Microglia,train
13489,GCTACCTTCTGCGGAC_D20-6407-0,GSE216146,D20-6407,D20,control,Microglia,train
13730,TTCAATCAGTGCTACT_D20-6407-0,GSE216146,D20-6407,D20,control,Oligodendrocyte,train
13186,AATCACGCATGATAGA_D20-6407-0,GSE216146,D20-6407,D20,control,Microglia,train
13189,AATGGCTGTCACCCTT_D20-6407-0,GSE216146,D20-6407,D20,control,Choroid Plexus,train
13255,AGTAACCAGAGAATCT_D20-6407-0,GSE216146,D20-6407,D20,control,Oligodendrocyte,train
13727,TTAGGCAGTATGGAAT_D20-6407-0,GSE216146,D20-6407,D20,control,Neuron,train
13581,TACAACGTCTATACGG_D20-6407-0,GSE216146,D20-6407,D20,control,OPC,train
13530,GGTGTTAAGACAACTA_D20-6407-0,GSE216146,D20-6407,D20,control,Oligodendrocyte,train
13191,ACAAAGAAGAAGAGCA_D20-6407-0,GSE216146,D20-6407,D20,control,Endothelial,train
13668,TGAGGGATCCCATAAG_D20-6407-0,GSE216146,D20-6407,D20,control,Astrocyte,train
13682,TGCATCCCATAGTCGT_D20-6407-0,GSE216146,D20-6407,D20,control,Microglia,train
13201,ACCAACAAGTTGAATG_D20-6407-0,GSE216146,D20-6407,D20,control,Microglia,train
13563,GTGTGGCTCCGTAGTA_D20-6407-0,GSE216146,D20-6407,D20,control,Immune,train
13512,GGGTAGAGTTAAAGTG_D20-6407-0,GSE216146,D20-6407,D20,control,Microglia,train
13248,AGGCCACTCTCTATGT_D20-6407-0,GSE216146,D20-6407,D20,control,Microglia,train
13375,CGTAATGGTTTAGAGA_D20-6407-0,GSE216146,D20-6407,D20,control,Microglia,train
13409,CTCCTTTCACATGACT_D20-6407-0,GSE216146,D20-6407,D20,control,Astrocyte,train
13690,TGCTTCGTCGTTTACT_D20-6407-0,GSE216146,D20-6407,D20,control,Oligodendrocyte,train
13470,GATTTCTCACATGGTT_D20-6407-0,GSE216146,D20-6407,D20,control,Oligodendrocyte,train
13211,ACGTACAAGCGTTCCG_D20-6407-0,GSE216146,D20-6407,D20,control,Oligodendrocyte,train
13172,AACCACATCGGCCAAC_D20-6407-0,GSE216146,D20-6407,D20,control,Astrocyte,train
13632,TCCTGCAGTATCCCAA_D20-6407-0,GSE216146,D20-6407,D20,control,Microglia,train
13663,TGACAGTTCGAGTGAG_D20-6407-0,GSE216146,D20-6407,D20,control,Oligodendrocyte,train
13208,ACCTGTCTCTAGGCCG_D20-6407-0,GSE216146,D20-6407,D20,control,Microglia,train
13358,CGACAGCTCTGTAACG_D20-6407-0,GSE216146,D20-6407,D20,control,OPC,train
13315,CATCCCACAGCGCTTG_D20-6407-0,GSE216146,D20-6407,D20,control,Microglia,train
13576,TAACCAGGTTAGGACG_D20-6407-0,GSE216146,D20-6407,D20,control,Endothelial,train
13212,ACTATCTCACGCAGTC_D20-6407-0,GSE216146,D20-6407,D20,control,Astrocyte,train
13496,GGAATCTGTCCCTGTT_D20-6407-0,GSE216146,D20-6407,D20,control,Endothelial,train
13370,CGGGTGTTCTCGCTCA_D20-6407-0,GSE216146,D20-6407,D20,control,Oligodendrocyte,train
13369,CGGGTCAGTGTTACTG_D20-6407-0,GSE216146,D20-6407,D20,control,Endothelial,train
13711,TGTCCCACAAGACCTT_D20-6407-0,GSE216146,D20-6407,D20,control,Astrocyte,train
13479,GCATTAGTCTAACGGT_D20-6407-0,GSE216146,D20-6407,D20,control,Microglia,train
13281,ATGATCGCATTCACCC_D20-6407-0,GSE216146,D20-6407,D20,control,Microglia,train
13386,CTAAGTGCAATGAAAC_D20-6407-0,GSE216146,D20-6407,D20,control,Choroid Plexus,train
13501,GGCAGTCTCATTTCCA_D20-6407-0,GSE216146,D20-6407,D20,control,Neuron,train
13635,TCGACCTCATTGAAAG_D20-6407-0,GSE216146,D20-6407,D20,control,Oligodendrocyte,train
13689,TGCTGAAAGTTCAACC_D20-6407-0,GSE216146,D20-6407,D20,control,Microglia,train
13760,TTGTGGAAGATGCTAA_D20-6407-0,GSE216146,D20-6407,D20,control,Oligodendrocyte,train
13612,TCACTCGGTCCCAAAT_D20-6407-0,GSE216146,D20-6407,D20,control,Microglia,train
13437,GAATCACAGGATGGCT_D20-6407-0,GSE216146,D20-6407,D20,control,Endothelial,train
13278,ATCTCTATCAGGTGTT_D20-6407-0,GSE216146,D20-6407,D20,control,Microglia,train
13643,TCGTCCAAGCATGTTC_D20-6407-0,GSE216146,D20-6407,D20,control,OPC,train
13527,GGTAATCCAGGCGATA_D20-6407-0,GSE216146,D20-6407,D20,control,Microglia,train
13702,TGGGCGTTCAGTGTGT_D20-6407-0,GSE216146,D20-6407,D20,control,OPC,train
13275,ATCGTCCAGAAGCGAA_D20-6407-0,GSE216146,D20-6407,D20,control,OPC,train
13537,GTAGAGGGTGTTAGCT_D20-6407-0,GSE216146,D20-6407,D20,control,Microglia,train
13237,AGCGATTGTAGTGTGG_D20-6407-0,GSE216146,D20-6407,D20,control,Endothelial,train
13302,CACGTGGGTGGTTCTA_D20-6407-0,GSE216146,D20-6407,D20,control,Oligodendrocyte,train
13687,TGCTCCAAGTATAGAC_D20-6407-0,GSE216146,D20-6407,D20,control,Oligodendrocyte,train
13452,GAGGCAAGTACATTGC_D20-6407-0,GSE216146,D20-6407,D20,control,Microglia,train
13260,AGTCATGCAAGGTCAG_D20-6407-0,GSE216146,D20-6407,D20,control,Endothelial,train
13436,GAATAGACACTGTCGG_D20-6407-0,GSE216146,D20-6407,D20,control,Microglia,train
13300,CACAGATGTGATTGGG_D20-6407-0,GSE216146,D20-6407,D20,control,Pericyte,train
13434,GAAGTAAGTGTCTCCT_D20-6407-0,GSE216146,D20-6407,D20,control,Microglia,train
13307,CACTTCGGTACTCCGG_D20-6407-0,GSE216146,D20-6407,D20,control,Microglia,train
13323,CATTCCGAGTCCCAAT_D20-6407-0,GSE216146,D20-6407,D20,control,Choroid Plexus,train
13567,GTTATGGTCCGATAGT_D20-6407-0,GSE216146,D20-6407,D20,control,OPC,train
13196,ACAGCCGTCGAAACAA_D20-6407-0,GSE216146,D20-6407,D20,control,Pericyte,train
13707,TGTAGACCATGGCTGC_D20-6407-0,GSE216146,D20-6407,D20,control,Microglia,train
13602,TCAATCTTCGGCTGGT_D20-6407-0,GSE216146,D20-6407,D20,control,OPC,train
13252,AGGGCTCGTCGAACGA_D20-6407-0,GSE216146,D20-6407,D20,control,Oligodendrocyte,train
13603,TCAATTCTCATCGACA_D20-6407-0,GSE216146,D20-6407,D20,control,Immune,train
13348,CCTCTAGGTACGTACT_D20-6407-0,GSE216146,D20-6407,D20,control,Choroid Plexus,train
13423,CTTCCTTGTAACTGCT_D20-6407-0,GSE216146,D20-6407,D20,control,Astrocyte,train
13305,CACTAAGCAGTAGATA_D20-6407-0,GSE216146,D20-6407,D20,control,Astrocyte,train
13430,GAACTGTAGCCAAGGT_D20-6407-0,GSE216146,D20-6407,D20,control,Microglia,train
13617,TCATTACCAACTGCCG_D20-6407-0,GSE216146,D20-6407,D20,control,Endothelial,train
13182,AAGCGAGAGGTGGGTT_D20-6407-0,GSE216146,D20-6407,D20,control,Neuron,train
13719,TTAATCCAGAGTGTGC_D20-6407-0,GSE216146,D20-6407,D20,control,Oligodendrocyte,train
13693,TGGATCATCTGGAAGG_D20-6407-0,GSE216146,D20-6407,D20,control,Astrocyte,train
13672,TGATCAGCACGTAGAG_D20-6407-0,GSE216146,D20-6407,D20,control,Microglia,train
13474,GCACATAGTCTCCCTA_D20-6407-0,GSE216146,D20-6407,D20,control,Microglia,train
13233,AGATGCTTCAAGCCCG_D20-6407-0,GSE216146,D20-6407,D20,control,Microglia,train
13521,GGGTGTCAGCAAACAT_D20-6407-0,GSE216146,D20-6407,D20,control,Astrocyte,train
13222,ACTTAGGCATGGCACC_D20-6407-0,GSE216146,D20-6407,D20,control,Microglia,train
13523,GGGTGTCCACAACGCC_D20-6407-0,GSE216146,D20-6407,D20,control,Oligodendrocyte,train
13572,GTTGAACTCCCGTTCA_D20-6407-0,GSE216146,D20-6407,D20,control,Microglia,train
13571,GTTCTATGTCTTACAG_D20-6407-0,GSE216146,D20-6407,D20,control,Microglia,train
13467,GATTCGAAGCCAGACA_D20-6407-0,GSE216146,D20-6407,D20,control,Microglia,train
13280,ATGATCGAGCCACCGT_D20-6407-0,GSE216146,D20-6407,D20,control,Neuron,train
13486,GCGTGCAGTGTACGCC_D20-6407-0,GSE216146,D20-6407,D20,control,OPC,train
13246,AGGCATTAGCTTAAGA_D20-6407-0,GSE216146,D20-6407,D20,control,Microglia,train
13283,ATGCATGGTGTTGACT_D20-6407-0,GSE216146,D20-6407,D20,control,Microglia,train
13454,GAGTCATTCCACAAGT_D20-6407-0,GSE216146,D20-6407,D20,control,Microglia,train
13197,ACATCCCCACATGACT_D20-6407-0,GSE216146,D20-6407,D20,control,Astrocyte,train
13545,GTCGCGACAGCTGTTA_D20-6407-0,GSE216146,D20-6407,D20,control,Microglia,train
13627,TCCCACAGTTTCGCTC_D20-6407-0,GSE216146,D20-6407,D20,control,Endothelial,train
13272,ATCCACCCATGTTCAG_D20-6407-0,GSE216146,D20-6407,D20,control,Oligodendrocyte,train
13328,CCCTCAATCGAGAACG_D20-6407-0,GSE216146,D20-6407,D20,control,Oligodendrocyte,train
13303,CACGTTCTCCCAGTGG_D20-6407-0,GSE216146,D20-6407,D20,control,Microglia,train
13482,GCCATTCCATCAGCAT_D20-6407-0,GSE216146,D20-6407,D20,control,Microglia,train
13701,TGGGCGTGTGAATGTA_D20-6407-0,GSE216146,D20-6407,D20,control,OPC,train
13628,TCCGGGACAGCGGTTC_D20-6407-0,GSE216146,D20-6407,D20,control,Endothelial,train
13623,TCCATCGTCCTTCGAC_D20-6407-0,GSE216146,D20-6407,D20,control,Oligodendrocyte,train
13741,TTCCTCTTCACCTACC_D20-6407-0,GSE216146,D20-6407,D20,control,Microglia,train
13647,TCTAACTCACTCAAGT_D20-6407-0,GSE216146,D20-6407,D20,control,Astrocyte,train
13382,CGTTGGGCAGCAGAAC_D20-6407-0,GSE216146,D20-6407,D20,control,Endothelial,train
13483,GCCCAGATCGTGGGAA_D20-6407-0,GSE216146,D20-6407,D20,control,Microglia,train
13700,TGGGAGATCCCTTGTG_D20-6407-0,GSE216146,D20-6407,D20,control,Choroid Plexus,train
13723,TTACGCCCACGGCGTT_D20-6407-0,GSE216146,D20-6407,D20,control,Microglia,train
13473,GCAACCGTCAGCAGAG_D20-6407-0,GSE216146,D20-6407,D20,control,Astrocyte,train
13379,CGTGTCTCACGGTAGA_D20-6407-0,GSE216146,D20-6407,D20,control,OPC,train
13297,CAATCGATCTCGCGTT_D20-6407-0,GSE216146,D20-6407,D20,control,OPC,train
13728,TTATTGCAGCCATTGT_D20-6407-0,GSE216146,D20-6407,D20,control,Microglia,train
13715,TGTTGAGTCAACTGAC_D20-6407-0,GSE216146,D20-6407,D20,control,Pericyte,train
13188,AATGACCTCAGATGCT_D20-6407-0,GSE216146,D20-6407,D20,control,Microglia,train
13219,ACTGTCCTCTGTCTCG_D20-6407-0,GSE216146,D20-6407,D20,control,Microglia,train
13504,GGCTTGGGTATTTCTC_D20-6407-0,GSE216146,D20-6407,D20,control,Oligodendrocyte,train
13590,TAGCACATCAGTCCGG_D20-6407-0,GSE216146,D20-6407,D20,control,OPC,train
13195,ACACTGATCGTGGGAA_D20-6407-0,GSE216146,D20-6407,D20,control,Neuron,train
13414,CTGATCCGTTCCTAGA_D20-6407-0,GSE216146,D20-6407,D20,control,Oligodendrocyte,train
13262,AGTGTTGAGATACCAA_D20-6407-0,GSE216146,D20-6407,D20,control,Pericyte,train
13542,GTCATTTGTGCCGAAA_D20-6407-0,GSE216146,D20-6407,D20,control,Microglia,train
13406,CTCATTAGTACAGTAA_D20-6407-0,GSE216146,D20-6407,D20,control,Microglia,train
13710,TGTCCACCAGATGCGA_D20-6407-0,GSE216146,D20-6407,D20,control,OPC,train
13371,CGGTCAGGTTATAGCC_D20-6407-0,GSE216146,D20-6407,D20,control,Choroid Plexus,train
13217,ACTCTCGAGCTGGTGA_D20-6407-0,GSE216146,D20-6407,D20,control,Oligodendrocyte,train
13365,CGATGGCGTGCCTAAT_D20-6407-0,GSE216146,D20-6407,D20,control,Astrocyte,train
13254,AGGTTGTAGATACATG_D20-6407-0,GSE216146,D20-6407,D20,control,Microglia,train
13449,GAGAGGTAGCAGCGAT_D20-6407-0,GSE216146,D20-6407,D20,control,Pericyte,train
13277,ATCTCTAGTTAAACCC_D20-6407-0,GSE216146,D20-6407,D20,control,Microglia,train
13681,TGCATCCCAGCTACTA_D20-6407-0,GSE216146,D20-6407,D20,control,Microglia,train
13510,GGGCGTTTCCGAGGCT_D20-6407-0,GSE216146,D20-6407,D20,control,OPC,train
13589,TAGAGTCGTTCCACAA_D20-6407-0,GSE216146,D20-6407,D20,control,Oligodendrocyte,train
13729,TTATTGCGTTAGAGAT_D20-6407-0,GSE216146,D20-6407,D20,control,Microglia,train
13680,TGCATCCAGGGTATAT_D20-6407-0,GSE216146,D20-6407,D20,control,Oligodendrocyte,train
13318,CATGCCTTCAACCCGG_D20-6407-0,GSE216146,D20-6407,D20,control,Oligodendrocyte,train
13484,GCCCGAAGTATCACCA_D20-6407-0,GSE216146,D20-6407,D20,control,Endothelial,train
13587,TACGTCCTCCTTACCG_D20-6407-0,GSE216146,D20-6407,D20,control,Choroid Plexus,train
13694,TGGCGTGCAAGTCCAT_D20-6407-0,GSE216146,D20-6407,D20,control,Astrocyte,train
13368,CGCCAGACAGAACTTC_D20-6407-0,GSE216146,D20-6407,D20,control,Endothelial,train
13734,TTCAGGAAGGTGATAT_D20-6407-0,GSE216146,D20-6407,D20,control,Endothelial,train
13765,TTTACCACACCGAATT_D20-6407-0,GSE216146,D20-6407,D20,control,Microglia,train
13458,GAGTTACTCGCTCATC_D20-6407-0,GSE216146,D20-6407,D20,control,Endothelial,train
13268,ATACTTCCACCAAAGG_D20-6407-0,GSE216146,D20-6407,D20,control,Microglia,train
13229,AGACACTTCTGGGAGA_D20-6407-0,GSE216146,D20-6407,D20,control,Oligodendrocyte,train
13637,TCGATTTAGCGGCTCT_D20-6407-0,GSE216146,D20-6407,D20,control,Oligodendrocyte,train
13258,AGTCACAAGGTTAAAC_D20-6407-0,GSE216146,D20-6407,D20,control,Progenitor,validation
13242,AGGAAATGTACAAAGT_D20-6407-0,GSE216146,D20-6407,D20,control,Choroid Plexus,validation
13326,CCACACTCACGGATCC_D20-6407-0,GSE216146,D20-6407,D20,control,Microglia,validation
13439,GACCTTCCAATTTCCT_D20-6407-0,GSE216146,D20-6407,D20,control,Oligodendrocyte,validation
13428,GAAACCTGTTACGGAG_D20-6407-0,GSE216146,D20-6407,D20,control,Oligodendrocyte,validation
13757,TTGGATGTCATCTCTA_D20-6407-0,GSE216146,D20-6407,D20,control,OPC,validation
13762,TTGTTGTGTGGTCTTA_D20-6407-0,GSE216146,D20-6407,D20,control,Oligodendrocyte,validation
13421,CTGTACCCATGGCTAT_D20-6407-0,GSE216146,D20-6407,D20,control,Oligodendrocyte,validation
13755,TTGCCTGTCCTCATAT_D20-6407-0,GSE216146,D20-6407,D20,control,Microglia,validation
13614,TCAGTCCAGGGTATAT_D20-6407-0,GSE216146,D20-6407,D20,control,Choroid Plexus,validation
13594,TATATCCCATGCCGCA_D20-6407-0,GSE216146,D20-6407,D20,control,Oligodendrocyte,validation
13226,ACTTTGTGTACCATAC_D20-6407-0,GSE216146,D20-6407,D20,control,Astrocyte,validation
13261,AGTCATGCACGTCTCT_D20-6407-0,GSE216146,D20-6407,D20,control,Neuron,validation
13468,GATTCGAGTCTGTCCT_D20-6407-0,GSE216146,D20-6407,D20,control,Oligodendrocyte,validation
13231,AGATCGTAGGTCCGAA_D20-6407-0,GSE216146,D20-6407,D20,control,Oligodendrocyte,validation
13692,TGCTTGCGTGGCTACC_D20-6407-0,GSE216146,D20-6407,D20,control,Microglia,validation
13451,GAGCCTGTCCTTCACG_D20-6407-0,GSE216146,D20-6407,D20,control,Pericyte,validation
13426,CTTTCGGAGTGCTCAT_D20-6407-0,GSE216146,D20-6407,D20,control,Microglia,validation
13639,TCGCAGGGTAACGCGA_D20-6407-0,GSE216146,D20-6407,D20,control,Microglia,validation
13177,AAGACTCTCGGAACTT_D20-6407-0,GSE216146,D20-6407,D20,control,Immune,validation
13345,CCTCCAATCCTCACGT_D20-6407-0,GSE216146,D20-6407,D20,control,Oligodendrocyte,validation
13712,TGTGATGCATCACGGC_D20-6407-0,GSE216146,D20-6407,D20,control,Neuron,validation
13190,AATTTCCAGAAACACT_D20-6407-0,GSE216146,D20-6407,D20,control,Immune,validation
13285,ATGGAGGTCGTGTCAA_D20-6407-0,GSE216146,D20-6407,D20,control,Oligodendrocyte,validation
13511,GGGTAGAAGGCACGAT_D20-6407-0,GSE216146,D20-6407,D20,control,Microglia,validation
13168,AAAGTCCGTTTCGTAG_D20-6407-0,GSE216146,D20-6407,D20,control,Microglia,validation
13220,ACTTAGGAGACTTCGT_D20-6407-0,GSE216146,D20-6407,D20,control,Neuron,validation
13638,TCGCACTTCTTTACAC_D20-6407-0,GSE216146,D20-6407,D20,control,Microglia,validation
13320,CATGGATGTTACGGAG_D20-6407-0,GSE216146,D20-6407,D20,control,Oligodendrocyte,validation
13335,CCGGACACAACTTCTT_D20-6407-0,GSE216146,D20-6407,D20,control,Microglia,validation
13659,TCTGTCGCAGGTCCCA_D20-6407-0,GSE216146,D20-6407,D20,control,Ependymal,validation
13344,CCTCATGAGTAGATCA_D20-6407-0,GSE216146,D20-6407,D20,control,Oligodendrocyte,validation
13599,TATTGGGGTTAGTCGT_D20-6407-0,GSE216146,D20-6407,D20,control,OPC,validation
13314,CATACCCCACCTCTGT_D20-6407-0,GSE216146,D20-6407,D20,control,Immune,validation
13708,TGTCAGACAACAGATA_D20-6407-0,GSE216146,D20-6407,D20,control,Oligodendrocyte,validation
13415,CTGATCCGTTCGGTAT_D20-6407-0,GSE216146,D20-6407,D20,control,Oligodendrocyte,validation
13443,GACTATGGTTGGGTAG_D20-6407-0,GSE216146,D20-6407,D20,control,Oligodendrocyte,validation
13462,GATCCCTTCGGCACTG_D20-6407-0,GSE216146,D20-6407,D20,control,Oligodendrocyte,validation
13380,CGTTAGAGTCTGCCTT_D20-6407-0,GSE216146,D20-6407,D20,control,Pericyte,validation
13230,AGACAGGAGGTAACTA_D20-6407-0,GSE216146,D20-6407,D20,control,Microglia,validation
13327,CCACTTGGTTTACCTT_D20-6407-0,GSE216146,D20-6407,D20,control,Oligodendrocyte,validation
13654,TCTCAGCAGTTACGTC_D20-6407-0,GSE216146,D20-6407,D20,control,Microglia,validation
13342,CCTAAGAAGATTTGCC_D20-6407-0,GSE216146,D20-6407,D20,control,Immune,validation
13352,CCTGTTGAGAGAGGTA_D20-6407-0,GSE216146,D20-6407,D20,control,Choroid Plexus,validation
13691,TGCTTGCAGCGAATGC_D20-6407-0,GSE216146,D20-6407,D20,control,Microglia,validation
13250,AGGGCCTAGCGTTGTT_D20-6407-0,GSE216146,D20-6407,D20,control,Microglia,validation
13435,GAAGTAATCTACGGTA_D20-6407-0,GSE216146,D20-6407,D20,control,Pericyte,validation
13264,AGTTAGCGTCTTGCTC_D20-6407-0,GSE216146,D20-6407,D20,control,Microglia,validation
13444,GACTCTCTCGCTGATA_D20-6407-0,GSE216146,D20-6407,D20,control,Oligodendrocyte,validation
13334,CCGATGGGTACAGTAA_D20-6407-0,GSE216146,D20-6407,D20,control,Microglia,validation
13363,CGAGTTAAGCGTCTGC_D20-6407-0,GSE216146,D20-6407,D20,control,Microglia,test
13560,GTGTCCTCATGGCGCT_D20-6407-0,GSE216146,D20-6407,D20,control,Endothelial,test
13402,CTCACTGTCGAACGCC_D20-6407-0,GSE216146,D20-6407,D20,control,Oligodendrocyte,test
13720,TTAATCCCACATCCCT_D20-6407-0,GSE216146,D20-6407,D20,control,Oligodendrocyte,test
13686,TGCGATAGTGGTACAG_D20-6407-0,GSE216146,D20-6407,D20,control,OPC,test
13569,GTTCGCTAGGAGAATG_D20-6407-0,GSE216146,D20-6407,D20,control,Microglia,test
13238,AGCGCCATCAATCAGC_D20-6407-0,GSE216146,D20-6407,D20,control,Astrocyte,test
13673,TGATCAGGTTGCTGAT_D20-6407-0,GSE216146,D20-6407,D20,control,Endothelial,test
13562,GTGTGGCGTCGCACAC_D20-6407-0,GSE216146,D20-6407,D20,control,OPC,test
13236,AGCGATTAGTAAGACT_D20-6407-0,GSE216146,D20-6407,D20,control,Progenitor,test
13768,TTTATGCGTGGTCTAT_D20-6407-0,GSE216146,D20-6407,D20,control,Oligodendrocyte,test
13559,GTGTAACTCCCATGGG_D20-6407-0,GSE216146,D20-6407,D20,control,Oligodendrocyte,test
13173,AACCATGAGGGTTAAT_D20-6407-0,GSE216146,D20-6407,D20,control,Oligodendrocyte,test
13198,ACATCCCCATCAGTGT_D20-6407-0,GSE216146,D20-6407,D20,control,Endothelial,test
13249,AGGCTGCTCTGGTGGC_D20-6407-0,GSE216146,D20-6407,D20,control,OPC,test
13176,AAGACAACACTACCGG_D20-6407-0,GSE216146,D20-6407,D20,control,Neuron,test
13463,GATGACTAGACATATG_D20-6407-0,GSE216146,D20-6407,D20,control,Microglia,test
13228,AGACACTGTCTTGTCC_D20-6407-0,GSE216146,D20-6407,D20,control,Oligodendrocyte,test
13411,CTCCTTTGTACAGTCT_D20-6407-0,GSE216146,D20-6407,D20,control,Oligodendrocyte,test
13453,GAGGCCTTCGCCAACG_D20-6407-0,GSE216146,D20-6407,D20,control,Oligodendrocyte,test
13611,TCACTATAGTTGCCTA_D20-6407-0,GSE216146,D20-6407,D20,control,Astrocyte,test
13629,TCCGTGTCAATGTGGG_D20-6407-0,GSE216146,D20-6407,D20,control,Pericyte,test
13494,GGAACCCTCCCAGGAC_D20-6407-0,GSE216146,D20-6407,D20,control,Microglia,test
13618,TCATTTGTCCATCTGC_D20-6407-0,GSE216146,D20-6407,D20,control,Immune,test
13243,AGGAGGTTCGAGTACT_D20-6407-0,GSE216146,D20-6407,D20,control,Oligodendrocyte,test
13698,TGGGAAGTCTACCACC_D20-6407-0,GSE216146,D20-6407,D20,control,Oligodendrocyte,test
13495,GGAAGTGTCGTAGTGT_D20-6407-0,GSE216146,D20-6407,D20,control,Microglia,test
13761,TTGTGTTTCGGCGATC_D20-6407-0,GSE216146,D20-6407,D20,control,Microglia,test
13744,TTCGGTCAGGTCGTGA_D20-6407-0,GSE216146,D20-6407,D20,control,Microglia,test
13313,CAGGTATCACCGTCTT_D20-6407-0,GSE216146,D20-6407,D20,control,Pericyte,test
13758,TTGGATGTCCGTCCTA_D20-6407-0,GSE216146,D20-6407,D20,control,Oligodendrocyte,test
13706,TGTAACGAGCTAAGTA_D20-6407-0,GSE216146,D20-6407,D20,control,Endothelial,test
13170,AACAAAGTCAAGAAAC_D20-6407-0,GSE216146,D20-6407,D20,control,Microglia,test
13210,ACGGGTCCAGAGCGTA_D20-6407-0,GSE216146,D20-6407,D20,control,Neuron,test
13294,CAAGAGGCAGAGCGTA_D20-6407-0,GSE216146,D20-6407,D20,control,Oligodendrocyte,test
13534,GTAACACTCGGCTTCT_D20-6407-0,GSE216146,D20-6407,D20,control,OPC,test
13274,ATCGATGGTGTGAATA_D20-6407-0,GSE216146,D20-6407,D20,control,Endothelial,test
13604,TCAATTCTCGCACGAC_D20-6407-0,GSE216146,D20-6407,D20,control,Oligodendrocyte,test
13407,CTCCATGGTTTGGGAG_D20-6407-0,GSE216146,D20-6407,D20,control,Microglia,test
13513,GGGTATTGTCTGCATA_D20-6407-0,GSE216146,D20-6407,D20,control,Immune,test
13667,TGAGGGAAGCCATTTG_D20-6407-0,GSE216146,D20-6407,D20,control,Oligodendrocyte,test
13697,TGGGAAGTCATGCAGT_D20-6407-0,GSE216146,D20-6407,D20,control,Astrocyte,test
13665,TGACCCTTCATTCACT_D20-6407-0,GSE216146,D20-6407,D20,control,Immune,test
13317,CATGCAAGTCTACAGT_D20-6407-0,GSE216146,D20-6407,D20,control,Microglia,test
13633,TCCTTTCGTCAGTCGC_D20-6407-0,GSE216146,D20-6407,D20,control,Oligodendrocyte,test
13770,TTTCACATCCGCCTAT_D20-6407-0,GSE216146,D20-6407,D20,control,Oligodendrocyte,test
13675,TGATGGTCACCTCAGG_D20-6407-0,GSE216146,D20-6407,D20,control,Neuron,test
13235,AGCCAGCAGCTATCCA_D20-6407-0,GSE216146,D20-6407,D20,control,Endothelial,test
13207,ACCTGTCCAATGACCT_D20-6407-0,GSE216146,D20-6407,D20,control,Choroid Plexus,test
13724,TTACGTTGTAGTCTTG_D20-6407-0,GSE216146,D20-6407,D20,control,Endothelial,test
14570,TCACGGGTCCCTCAAC_D20-6409-0,GSE216146,D20-6409,D20,cisplatin,Astrocyte,train
14473,GGGTCTGGTCGTTCAA_D20-6409-0,GSE216146,D20-6409,D20,cisplatin,Microglia,train
14221,CACGAATAGTCCGTCG_D20-6409-0,GSE216146,D20-6409,D20,cisplatin,Oligodendrocyte,train
14717,TTTCCTCTCATGGCCG_D20-6409-0,GSE216146,D20-6409,D20,cisplatin,Choroid Plexus,train
14071,ACACTGAAGACGTCGA_D20-6409-0,GSE216146,D20-6409,D20,cisplatin,OPC,train
14353,CTGAGCGCACTTTATC_D20-6409-0,GSE216146,D20-6409,D20,cisplatin,Microglia,train
14499,GTATTTCAGCTACAAA_D20-6409-0,GSE216146,D20-6409,D20,cisplatin,Neuron,train
14578,TCAGTGACAGAGGCTA_D20-6409-0,GSE216146,D20-6409,D20,cisplatin,Choroid Plexus,train
14465,GGGCGTTGTGATGAAT_D20-6409-0,GSE216146,D20-6409,D20,cisplatin,Choroid Plexus,train
14404,GAGCTGCCAGAGTGTG_D20-6409-0,GSE216146,D20-6409,D20,cisplatin,Microglia,train
14104,ACTGATGTCACCTTGC_D20-6409-0,GSE216146,D20-6409,D20,cisplatin,Oligodendrocyte,train
14263,CCAATTTCATGTGCCG_D20-6409-0,GSE216146,D20-6409,D20,cisplatin,Microglia,train
14319,CTAAGTGTCATGCCCT_D20-6409-0,GSE216146,D20-6409,D20,cisplatin,Microglia,train
14679,TTAGTCTGTCTCTCTG_D20-6409-0,GSE216146,D20-6409,D20,cisplatin,Astrocyte,train
14217,CACATGATCATCACCC_D20-6409-0,GSE216146,D20-6409,D20,cisplatin,Endothelial,train
14687,TTCCTTCAGATTCGAA_D20-6409-0,GSE216146,D20-6409,D20,cisplatin,Endothelial,train
14346,CTCCTTTGTCAGATTC_D20-6409-0,GSE216146,D20-6409,D20,cisplatin,Oligodendrocyte,train
14190,ATTCAGGAGCAGGCAT_D20-6409-0,GSE216146,D20-6409,D20,cisplatin,Oligodendrocyte,train
14129,AGATGAAGTGAGCAGT_D20-6409-0,GSE216146,D20-6409,D20,cisplatin,Choroid Plexus,train
14680,TTCACGCAGCACACAG_D20-6409-0,GSE216146,D20-6409,D20,cisplatin,Choroid Plexus,train
14712,TTTACGTAGGTTACAA_D20-6409-0,GSE216146,D20-6409,D20,cisplatin,Pericyte,train
14119,AGACAAAGTATCGAAA_D20-6409-0,GSE216146,D20-6409,D20,cisplatin,Choroid Plexus,train
14478,GGGTTTAAGCAGCACA_D20-6409-0,GSE216146,D20-6409,D20,cisplatin,OPC,train
14419,GATTCGAAGAGAGTTT_D20-6409-0,GSE216146,D20-6409,D20,cisplatin,Endothelial,train
14293,CCTCTAGTCTAACGCA_D20-6409-0,GSE216146,D20-6409,D20,cisplatin,Ependymal,train
14139,AGGAATATCAGGGATG_D20-6409-0,GSE216146,D20-6409,D20,cisplatin,Choroid Plexus,train
14041,AACCACAAGTCTGTAC_D20-6409-0,GSE216146,D20-6409,D20,cisplatin,Choroid Plexus,train
14048,AACGTCATCTATCGTT_D20-6409-0,GSE216146,D20-6409,D20,cisplatin,Endothelial,train
14694,TTCTAGTCATAATCGC_D20-6409-0,GSE216146,D20-6409,D20,cisplatin,Choroid Plexus,train
14602,TCCTGCAAGGTAAACT_D20-6409-0,GSE216146,D20-6409,D20,cisplatin,Oligodendrocyte,train
14281,CCGGTGACACGAAAGC_D20-6409-0,GSE216146,D20-6409,D20,cisplatin,Oligodendrocyte,train
14033,AAACGAACACGGCCAT_D20-6409-0,GSE216146,D20-6409,D20,cisplatin,Endothelial,train
14313,CGTCAAATCATTCACT_D20-6409-0,GSE216146,D20-6409,D20,cisplatin,Oligodendrocyte,train
14138,AGGAATAGTTCTCCCA_D20-6409-0,GSE216146,D20-6409,D20,cisplatin,Choroid Plexus,train
14064,ACAAAGAAGGAACTCG_D20-6409-0,GSE216146,D20-6409,D20,cisplatin,Microglia,train
14291,CCTCCAAAGTCACGAG_D20-6409-0,GSE216146,D20-6409,D20,cisplatin,Choroid Plexus,train
14486,GGTGTTACATCTCGTC_D20-6409-0,GSE216146,D20-6409,D20,cisplatin,Microglia,train
14534,TAACGACAGGCGATAC_D20-6409-0,GSE216146,D20-6409,D20,cisplatin,OPC,train
14146,AGGGTGACATTCTGTT_D20-6409-0,GSE216146,D20-6409,D20,cisplatin,Endothelial,train
14169,ATCAGGTTCTCCCATG_D20-6409-0,GSE216146,D20-6409,D20,cisplatin,Microglia,train
14292,CCTCTAGTCCTTGGAA_D20-6409-0,GSE216146,D20-6409,D20,cisplatin,Microglia,train
14329,CTAGGTACACTCATAG_D20-6409-0,GSE216146,D20-6409,D20,cisplatin,Microglia,train
14257,CATTCTAGTGGGTTGA_D20-6409-0,GSE216146,D20-6409,D20,cisplatin,Oligodendrocyte,train
14660,TGGTGATAGTGGTTAA_D20-6409-0,GSE216146,D20-6409,D20,cisplatin,Fibroblast,train
14584,TCATGAGTCTTAGGAC_D20-6409-0,GSE216146,D20-6409,D20,cisplatin,Microglia,train
14142,AGGCATTGTCATTCCC_D20-6409-0,GSE216146,D20-6409,D20,cisplatin,Endothelial,train
14435,GCGAGAAAGACAGCGT_D20-6409-0,GSE216146,D20-6409,D20,cisplatin,Endothelial,train
14178,ATGATCGAGTCGTTAC_D20-6409-0,GSE216146,D20-6409,D20,cisplatin,Oligodendrocyte,train
14077,ACATTTCAGTTTGGCT_D20-6409-0,GSE216146,D20-6409,D20,cisplatin,Immune,train
14144,AGGCCACTCACGGGCT_D20-6409-0,GSE216146,D20-6409,D20,cisplatin,Oligodendrocyte,train
14432,GCCGATGCACACGGTC_D20-6409-0,GSE216146,D20-6409,D20,cisplatin,Microglia,train
14180,ATGCGATCATGGAAGC_D20-6409-0,GSE216146,D20-6409,D20,cisplatin,Endothelial,train
14532,GTTGTGAGTTCCTAGA_D20-6409-0,GSE216146,D20-6409,D20,cisplatin,Immune,train
14630,TGAATGCGTCGATGCC_D20-6409-0,GSE216146,D20-6409,D20,cisplatin,Choroid Plexus,train
14646,TGCGATACAATAGAGT_D20-6409-0,GSE216146,D20-6409,D20,cisplatin,Endothelial,train
14423,GCAACATTCTTTCCAA_D20-6409-0,GSE216146,D20-6409,D20,cisplatin,Pericyte,train
14574,TCAGCCTTCAAGTAAG_D20-6409-0,GSE216146,D20-6409,D20,cisplatin,Endothelial,train
14062,AATGGCTGTCAGGAGT_D20-6409-0,GSE216146,D20-6409,D20,cisplatin,OPC,train
14117,AGAAGCGCAAGATGTA_D20-6409-0,GSE216146,D20-6409,D20,cisplatin,Endothelial,train
14634,TGAGACTGTTCTATCT_D20-6409-0,GSE216146,D20-6409,D20,cisplatin,Microglia,train
14377,GAAGCGATCTCTCGAC_D20-6409-0,GSE216146,D20-6409,D20,cisplatin,Microglia,train
14236,CAGGTATTCCACAAGT_D20-6409-0,GSE216146,D20-6409,D20,cisplatin,Microglia,train
14206,CAACGGCTCTGGGCAC_D20-6409-0,GSE216146,D20-6409,D20,cisplatin,Endothelial,train
14246,CATACTTGTGTCTTCC_D20-6409-0,GSE216146,D20-6409,D20,cisplatin,Oligodendrocyte,train
14043,AACCATGCAACGGGTA_D20-6409-0,GSE216146,D20-6409,D20,cisplatin,Pericyte,train
14091,ACGGTCGGTACGTGAG_D20-6409-0,GSE216146,D20-6409,D20,cisplatin,Choroid Plexus,train
14140,AGGACTTAGGCACCAA_D20-6409-0,GSE216146,D20-6409,D20,cisplatin,Microglia,train
14097,ACGTTCCAGGTAGACC_D20-6409-0,GSE216146,D20-6409,D20,cisplatin,Oligodendrocyte,train
14627,TCTTGCGCAGGCAATG_D20-6409-0,GSE216146,D20-6409,D20,cisplatin,Immune,train
14619,TCTACATCAAACTCTG_D20-6409-0,GSE216146,D20-6409,D20,cisplatin,OPC,train
14530,GTTGCTCCAGAGTAAT_D20-6409-0,GSE216146,D20-6409,D20,cisplatin,Pericyte,train
14384,GACAGCCTCCCAGCGA_D20-6409-0,GSE216146,D20-6409,D20,cisplatin,Endothelial,train
14536,TAAGCACAGGTGAGCT_D20-6409-0,GSE216146,D20-6409,D20,cisplatin,Choroid Plexus,train
14204,CAACGATAGGTTCTTG_D20-6409-0,GSE216146,D20-6409,D20,cisplatin,Oligodendrocyte,train
14333,CTATCCGCAGTTTCGA_D20-6409-0,GSE216146,D20-6409,D20,cisplatin,Microglia,train
14528,GTTGAACTCCTCACTG_D20-6409-0,GSE216146,D20-6409,D20,cisplatin,Choroid Plexus,train
14426,GCACTAATCCATTCAT_D20-6409-0,GSE216146,D20-6409,D20,cisplatin,Microglia,train
14070,ACACGCGTCATGCAGT_D20-6409-0,GSE216146,D20-6409,D20,cisplatin,Choroid Plexus,train
14251,CATGAGTAGTGCAGGT_D20-6409-0,GSE216146,D20-6409,D20,cisplatin,Immune,train
14588,TCCAGAATCCATTTAC_D20-6409-0,GSE216146,D20-6409,D20,cisplatin,Endothelial,train
14359,CTGTCGTCAAGAGGTC_D20-6409-0,GSE216146,D20-6409,D20,cisplatin,Oligodendrocyte,train
14321,CTACATTTCGTTCATT_D20-6409-0,GSE216146,D20-6409,D20,cisplatin,Oligodendrocyte,train
14107,ACTTATCAGACTAAGT_D20-6409-0,GSE216146,D20-6409,D20,cisplatin,Endothelial,train
14498,GTAGTACGTCGCTCGA_D20-6409-0,GSE216146,D20-6409,D20,cisplatin,Microglia,train
14369,GAACACTCACAACGAG_D20-6409-0,GSE216146,D20-6409,D20,cisplatin,Immune,train
14226,CACTGAATCCCTCGTA_D20-6409-0,GSE216146,D20-6409,D20,cisplatin,Immune,train
14069,ACACCAAGTTTCGGCG_D20-6409-0,GSE216146,D20-6409,D20,cisplatin,Pericyte,train
14677,TTACCATCACTTGAGT_D20-6409-0,GSE216146,D20-6409,D20,cisplatin,Choroid Plexus,train
14121,AGACACTTCTTAGTTC_D20-6409-0,GSE216146,D20-6409,D20,cisplatin,Oligodendrocyte,train
14102,ACTCTCGTCCTCAGAA_D20-6409-0,GSE216146,D20-6409,D20,cisplatin,Endothelial,train
14082,ACCCTCAGTCCAATCA_D20-6409-0,GSE216146,D20-6409,D20,cisplatin,Endothelial,train
14485,GGTGAAGGTTCACCGG_D20-6409-0,GSE216146,D20-6409,D20,cisplatin,Choroid Plexus,train
14618,TCTAACTTCAAATAGG_D20-6409-0,GSE216146,D20-6409,D20,cisplatin,Endothelial,train
14604,TCCTTTCTCCATGAGT_D20-6409-0,GSE216146,D20-6409,D20,cisplatin,Microglia,train
14657,TGGGTTAAGCTTTCTT_D20-6409-0,GSE216146,D20-6409,D20,cisplatin,Microglia,train
14360,CTGTGAACACCACATA_D20-6409-0,GSE216146,D20-6409,D20,cisplatin,Endothelial,train
14168,ATCAGGTGTGTCACAT_D20-6409-0,GSE216146,D20-6409,D20,cisplatin,Immune,train
14654,TGGGAGAAGCTAAACA_D20-6409-0,GSE216146,D20-6409,D20,cisplatin,Oligodendrocyte,train
14624,TCTATCAAGCTTAAGA_D20-6409-0,GSE216146,D20-6409,D20,cisplatin,Oligodendrocyte,train
14125,AGAGAATAGTGCAGCA_D20-6409-0,GSE216146,D20-6409,D20,cisplatin,Endothelial,train
14103,ACTGATGGTTGTGTAC_D20-6409-0,GSE216146,D20-6409,D20,cisplatin,Astrocyte,train
14466,GGGCTCAGTGTTCCAA_D20-6409-0,GSE216146,D20-6409,D20,cisplatin,Microglia,train
14366,CTTGATTCATTCTGTT_D20-6409-0,GSE216146,D20-6409,D20,cisplatin,Astrocyte,train
14193,ATTCCATGTATTCCGA_D20-6409-0,GSE216146,D20-6409,D20,cisplatin,OPC,train
14290,CCTCAGTTCAGAACCT_D20-6409-0,GSE216146,D20-6409,D20,cisplatin,Microglia,train
14349,CTCTCAGGTCGTGGAA_D20-6409-0,GSE216146,D20-6409,D20,cisplatin,Endothelial,train
14312,CGTCAAACATGTGTCA_D20-6409-0,GSE216146,D20-6409,D20,cisplatin,Choroid Plexus,train
14334,CTATCCGTCGTTCAGA_D20-6409-0,GSE216146,D20-6409,D20,cisplatin,OPC,train
14443,GCTGCAGAGTCGAATA_D20-6409-0,GSE216146,D20-6409,D20,cisplatin,Microglia,train
14200,CAACAGTAGCGTCGAA_D20-6409-0,GSE216146,D20-6409,D20,cisplatin,Oligodendrocyte,train
14705,TTGTGTTAGCCGGATA_D20-6409-0,GSE216146,D20-6409,D20,cisplatin,OPC,train
14066,ACAAAGACACTTCCTG_D20-6409-0,GSE216146,D20-6409,D20,cisplatin,Endothelial,train
14067,ACAAAGACATGTTCGA_D20-6409-0,GSE216146,D20-6409,D20,cisplatin,Microglia,train
14513,GTGCACGGTCTAGGTT_D20-6409-0,GSE216146,D20-6409,D20,cisplatin,Choroid Plexus,train
14412,GATCGTACAGAGTGTG_D20-6409-0,GSE216146,D20-6409,D20,cisplatin,Pericyte,train
14100,ACTATGGTCTGGGATT_D20-6409-0,GSE216146,D20-6409,D20,cisplatin,OPC,train
14320,CTACATTCATTGAAGA_D20-6409-0,GSE216146,D20-6409,D20,cisplatin,Oligodendrocyte,train
14633,TGACCCTTCGATGCTA_D20-6409-0,GSE216146,D20-6409,D20,cisplatin,OPC,train
14524,GTTACGATCAATCAGC_D20-6409-0,GSE216146,D20-6409,D20,cisplatin,Oligodendrocyte,train
14284,CCTAAGACATCTCAAG_D20-6409-0,GSE216146,D20-6409,D20,cisplatin,Microglia,train
14480,GGGTTTATCGCCTAGG_D20-6409-0,GSE216146,D20-6409,D20,cisplatin,Endothelial,train
14173,ATCGCCTTCTCCTACG_D20-6409-0,GSE216146,D20-6409,D20,cisplatin,Microglia,train
14367,GAAACCTTCCTTCTGG_D20-6409-0,GSE216146,D20-6409,D20,cisplatin,Oligodendrocyte,train
14302,CGCCAGAAGGCCTAAG_D20-6409-0,GSE216146,D20-6409,D20,cisplatin,OPC,train
14147,AGGGTGAGTGTCATTG_D20-6409-0,GSE216146,D20-6409,D20,cisplatin,Choroid Plexus,train
14439,GCGTTTCGTGCTGATT_D20-6409-0,GSE216146,D20-6409,D20,cisplatin,Choroid Plexus,train
14354,CTGCAGGAGCGCTGAA_D20-6409-0,GSE216146,D20-6409,D20,cisplatin,Ependymal,train
14629,TGAACGTAGGCCTGCT_D20-6409-0,GSE216146,D20-6409,D20,cisplatin,Immune,train
14356,CTGCGAGCAGACAATA_D20-6409-0,GSE216146,D20-6409,D20,cisplatin,Choroid Plexus,train
14626,TCTTGCGCACCGTGCA_D20-6409-0,GSE216146,D20-6409,D20,cisplatin,Oligodendrocyte,train
14493,GTAATGCTCCTATTTG_D20-6409-0,GSE216146,D20-6409,D20,cisplatin,Immune,train
14372,GAAGCCCCACAAGCTT_D20-6409-0,GSE216146,D20-6409,D20,cisplatin,OPC,train
14042,AACCATGAGATTGATG_D20-6409-0,GSE216146,D20-6409,D20,cisplatin,Endothelial,train
14205,CAACGATAGTGTACCT_D20-6409-0,GSE216146,D20-6409,D20,cisplatin,Choroid Plexus,train
14243,CATACAGCAAGACGGT_D20-6409-0,GSE216146,D20-6409,D20,cisplatin,Endothelial,train
14525,GTTAGACGTTTGGGTT_D20-6409-0,GSE216146,D20-6409,D20,cisplatin,Choroid Plexus,train
14470,GGGTATTAGATACATG_D20-6409-0,GSE216146,D20-6409,D20,cisplatin,Microglia,train
14317,CTAACCCTCAAGGTGG_D20-6409-0,GSE216146,D20-6409,D20,cisplatin,Neuron,train
14670,TGTTTGTAGGGCAACT_D20-6409-0,GSE216146,D20-6409,D20,cisplatin,OPC,train
14368,GAAATGACAGACGGAT_D20-6409-0,GSE216146,D20-6409,D20,cisplatin,Oligodendrocyte,train
14227,CACTGGGCAAGATCCT_D20-6409-0,GSE216146,D20-6409,D20,cisplatin,Oligodendrocyte,train
14112,ACTTTCAGTACGACTT_D20-6409-0,GSE216146,D20-6409,D20,cisplatin,Microglia,train
14684,TTCCAATAGCAGCACA_D20-6409-0,GSE216146,D20-6409,D20,cisplatin,Oligodendrocyte,train
14722,TTTGATCTCCGAGAAG_D20-6409-0,GSE216146,D20-6409,D20,cisplatin,Choroid Plexus,train
14554,TATACCTGTCCTACAA_D20-6409-0,GSE216146,D20-6409,D20,cisplatin,Oligodendrocyte,train
14034,AAAGAACTCATCGCCT_D20-6409-0,GSE216146,D20-6409,D20,cisplatin,OPC,train
14702,TTGTGGACACACACTA_D20-6409-0,GSE216146,D20-6409,D20,cisplatin,Endothelial,train
14148,AGGTTACAGAAGGCTC_D20-6409-0,GSE216146,D20-6409,D20,cisplatin,Endothelial,train
14589,TCCCACATCTGGGTCG_D20-6409-0,GSE216146,D20-6409,D20,cisplatin,Choroid Plexus,train
14603,TCCTTTCAGCTCTATG_D20-6409-0,GSE216146,D20-6409,D20,cisplatin,Choroid Plexus,train
14051,AAGACTCAGTGTACCT_D20-6409-0,GSE216146,D20-6409,D20,cisplatin,Oligodendrocyte,train
14637,TGAGCGCGTAACTGCT_D20-6409-0,GSE216146,D20-6409,D20,cisplatin,Endothelial,train
14653,TGGCGTGTCTCATTTG_D20-6409-0,GSE216146,D20-6409,D20,cisplatin,Oligodendrocyte,train
14440,GCTCAAAAGGCTGAAC_D20-6409-0,GSE216146,D20-6409,D20,cisplatin,Astrocyte,train
14365,CTTGATTAGAAGAACG_D20-6409-0,GSE216146,D20-6409,D20,cisplatin,Ependymal,train
14223,CACGGGTAGCCGCACT_D20-6409-0,GSE216146,D20-6409,D20,cisplatin,Fibroblast,train
14676,TTACAGGGTCGCGGTT_D20-6409-0,GSE216146,D20-6409,D20,cisplatin,Oligodendrocyte,train
14073,ACACTGATCTAACGCA_D20-6409-0,GSE216146,D20-6409,D20,cisplatin,Astrocyte,train
14233,CAGCACGGTGACATCT_D20-6409-0,GSE216146,D20-6409,D20,cisplatin,Oligodendrocyte,train
14332,CTATCCGCAAATCGGG_D20-6409-0,GSE216146,D20-6409,D20,cisplatin,Astrocyte,train
14693,TTCTAGTAGAAATTCG_D20-6409-0,GSE216146,D20-6409,D20,cisplatin,Immune,train
14158,AGTTCCCCAGGCATTT_D20-6409-0,GSE216146,D20-6409,D20,cisplatin,Choroid Plexus,train
14663,TGTACAGAGCCGAATG_D20-6409-0,GSE216146,D20-6409,D20,cisplatin,Microglia,train
14704,TTGTGGACATCGAACT_D20-6409-0,GSE216146,D20-6409,D20,cisplatin,Endothelial,train
14289,CCTCACACAGGCCCTA_D20-6409-0,GSE216146,D20-6409,D20,cisplatin,OPC,train
14484,GGTGAAGGTATGCGGA_D20-6409-0,GSE216146,D20-6409,D20,cisplatin,Microglia,train
14288,CCTATCGCAGGTGAGT_D20-6409-0,GSE216146,D20-6409,D20,cisplatin,Oligodendrocyte,train
14053,AAGATAGTCCCGTTGT_D20-6409-0,GSE216146,D20-6409,D20,cisplatin,Endothelial,train
14095,ACGTCCTAGCTTTGTG_D20-6409-0,GSE216146,D20-6409,D20,cisplatin,Microglia,train
14347,CTCCTTTTCTCGTCAC_D20-6409-0,GSE216146,D20-6409,D20,cisplatin,Microglia,train
14296,CGAAGTTAGTGGCCTC_D20-6409-0,GSE216146,D20-6409,D20,cisplatin,Choroid Plexus,train
14707,TTGTTCAGTACTAAGA_D20-6409-0,GSE216146,D20-6409,D20,cisplatin,Microglia,train
14163,ATAGGCTGTCGTATTG_D20-6409-0,GSE216146,D20-6409,D20,cisplatin,Oligodendrocyte,train
14341,CTCCGATAGGTTGGTG_D20-6409-0,GSE216146,D20-6409,D20,cisplatin,Pericyte,train
14427,GCACTAATCTTCCCAG_D20-6409-0,GSE216146,D20-6409,D20,cisplatin,Microglia,train
14256,CATGGTAGTCGTTGGC_D20-6409-0,GSE216146,D20-6409,D20,cisplatin,Choroid Plexus,train
14458,GGCTGTGAGGCCTAGA_D20-6409-0,GSE216146,D20-6409,D20,cisplatin,Microglia,train
14424,GCAACCGTCCCAGGCA_D20-6409-0,GSE216146,D20-6409,D20,cisplatin,Oligodendrocyte,train
14581,TCATCATCAAGAGTGC_D20-6409-0,GSE216146,D20-6409,D20,cisplatin,Choroid Plexus,train
14286,CCTACGTCACTTCAAG_D20-6409-0,GSE216146,D20-6409,D20,cisplatin,Choroid Plexus,train
14252,CATGCAACAAATTGCC_D20-6409-0,GSE216146,D20-6409,D20,cisplatin,Choroid Plexus,train
14489,GTAAGTCGTTGGTGTT_D20-6409-0,GSE216146,D20-6409,D20,cisplatin,Microglia,train
14645,TGCATCCCAGTTTCGA_D20-6409-0,GSE216146,D20-6409,D20,cisplatin,Choroid Plexus,train
14555,TATATCCCACTATCCC_D20-6409-0,GSE216146,D20-6409,D20,cisplatin,Choroid Plexus,train
14487,GGTTCTCTCGAAGGAC_D20-6409-0,GSE216146,D20-6409,D20,cisplatin,Oligodendrocyte,train
14537,TAAGCCATCCTTGACC_D20-6409-0,GSE216146,D20-6409,D20,cisplatin,Microglia,train
14433,GCCGATGGTTCTATCT_D20-6409-0,GSE216146,D20-6409,D20,cisplatin,Endothelial,train
14136,AGCTTCCGTGTATACC_D20-6409-0,GSE216146,D20-6409,D20,cisplatin,Endothelial,train
14509,GTCGTAAGTGAATGTA_D20-6409-0,GSE216146,D20-6409,D20,cisplatin,Oligodendrocyte,train
14617,TCTAACTGTTGGACTT_D20-6409-0,GSE216146,D20-6409,D20,cisplatin,Oligodendrocyte,train
14192,ATTCCATCAGTCGCAC_D20-6409-0,GSE216146,D20-6409,D20,cisplatin,Microglia,train
14065,ACAAAGACAACTTCTT_D20-6409-0,GSE216146,D20-6409,D20,cisplatin,Astrocyte,train
14225,CACTGAACACTACAGT_D20-6409-0,GSE216146,D20-6409,D20,cisplatin,Pericyte,train
14116,AGAACCTCAGCATGCC_D20-6409-0,GSE216146,D20-6409,D20,cisplatin,Pericyte,train
14394,GACTGATTCCCATAAG_D20-6409-0,GSE216146,D20-6409,D20,cisplatin,OPC,train
14429,GCATCTCAGAAGCTGC_D20-6409-0,GSE216146,D20-6409,D20,cisplatin,Pericyte,train
14235,CAGGGCTTCTATCACT_D20-6409-0,GSE216146,D20-6409,D20,cisplatin,Choroid Plexus,train
14591,TCCCATGGTTTCGACA_D20-6409-0,GSE216146,D20-6409,D20,cisplatin,Choroid Plexus,train
14089,ACGATGTAGCACTCCG_D20-6409-0,GSE216146,D20-6409,D20,cisplatin,OPC,train
14132,AGCGCCACAGAAGTTA_D20-6409-0,GSE216146,D20-6409,D20,cisplatin,Endothelial,train
14387,GACGCTGCATGAGGGT_D20-6409-0,GSE216146,D20-6409,D20,cisplatin,Pericyte,train
14648,TGGAGAGGTATACCCA_D20-6409-0,GSE216146,D20-6409,D20,cisplatin,Choroid Plexus,train
14085,ACCTGAAGTCCCTGAG_D20-6409-0,GSE216146,D20-6409,D20,cisplatin,Oligodendrocyte,train
14338,CTCAGGGAGAGCATTA_D20-6409-0,GSE216146,D20-6409,D20,cisplatin,OPC,train
14605,TCGAACAAGTACAGCG_D20-6409-0,GSE216146,D20-6409,D20,cisplatin,Choroid Plexus,train
14531,GTTGTCCAGCGGGTTA_D20-6409-0,GSE216146,D20-6409,D20,cisplatin,Choroid Plexus,train
14287,CCTACGTTCGCTCCTA_D20-6409-0,GSE216146,D20-6409,D20,cisplatin,Microglia,train
14697,TTGACCCTCAGCTTGA_D20-6409-0,GSE216146,D20-6409,D20,cisplatin,Pericyte,train
14616,TCTAACTCAAGAGGCT_D20-6409-0,GSE216146,D20-6409,D20,cisplatin,Endothelial,train
14615,TCGTCCAGTGTATACC_D20-6409-0,GSE216146,D20-6409,D20,cisplatin,Choroid Plexus,train
14647,TGGAACTAGCCGCACT_D20-6409-0,GSE216146,D20-6409,D20,cisplatin,Oligodendrocyte,train
14586,TCCACCAAGTTGGAAT_D20-6409-0,GSE216146,D20-6409,D20,cisplatin,OPC,train
14675,TTACAGGCACATCATG_D20-6409-0,GSE216146,D20-6409,D20,cisplatin,OPC,train
14546,TACGGTAAGATGACAT_D20-6409-0,GSE216146,D20-6409,D20,cisplatin,Choroid Plexus,train
14113,ACTTTGTGTGGCTCTG_D20-6409-0,GSE216146,D20-6409,D20,cisplatin,Microglia,train
14316,CTAACCCGTGTCCTAA_D20-6409-0,GSE216146,D20-6409,D20,cisplatin,Oligodendrocyte,train
14184,ATGGAGGTCGGAATGG_D20-6409-0,GSE216146,D20-6409,D20,cisplatin,Microglia,train
14324,CTACCTGAGTCATAGA_D20-6409-0,GSE216146,D20-6409,D20,cisplatin,OPC,train
14408,GAGTGTTCAGTTTCGA_D20-6409-0,GSE216146,D20-6409,D20,cisplatin,Ependymal,train
14719,TTTCGATTCATGAGTC_D20-6409-0,GSE216146,D20-6409,D20,cisplatin,Microglia,train
14673,TTAATCCGTGCAGGAT_D20-6409-0,GSE216146,D20-6409,D20,cisplatin,Endothelial,train
14718,TTTCCTCTCGGACTGC_D20-6409-0,GSE216146,D20-6409,D20,cisplatin,Endothelial,train
14390,GACTATGGTATGTGTC_D20-6409-0,GSE216146,D20-6409,D20,cisplatin,Oligodendrocyte,train
14161,ATAGACCGTACGATCT_D20-6409-0,GSE216146,D20-6409,D20,cisplatin,Choroid Plexus,train
14508,GTCGAATAGTGAGGCT_D20-6409-0,GSE216146,D20-6409,D20,cisplatin,Microglia,train
14174,ATCGTAGCATGGTACT_D20-6409-0,GSE216146,D20-6409,D20,cisplatin,Oligodendrocyte,train
14388,GACGTTATCACCTCAC_D20-6409-0,GSE216146,D20-6409,D20,cisplatin,Choroid Plexus,train
14122,AGACAGGAGAATTTGG_D20-6409-0,GSE216146,D20-6409,D20,cisplatin,Choroid Plexus,train
14598,TCCGGGAGTACCAATC_D20-6409-0,GSE216146,D20-6409,D20,cisplatin,Microglia,train
14453,GGAGGATCAGCGTATT_D20-6409-0,GSE216146,D20-6409,D20,cisplatin,Oligodendrocyte,train
14407,GAGTGTTAGGTATCTC_D20-6409-0,GSE216146,D20-6409,D20,cisplatin,Microglia,train
14421,GATTCGAGTGGTCTAT_D20-6409-0,GSE216146,D20-6409,D20,cisplatin,Microglia,train
14716,TTTCAGTCAGTCCGTG_D20-6409-0,GSE216146,D20-6409,D20,cisplatin,Choroid Plexus,train
14683,TTCATTGGTGGCGCTT_D20-6409-0,GSE216146,D20-6409,D20,cisplatin,Microglia,train
14437,GCGGATCCAATGCAGG_D20-6409-0,GSE216146,D20-6409,D20,cisplatin,Microglia,train
14166,ATCACGACATCGGATT_D20-6409-0,GSE216146,D20-6409,D20,cisplatin,Oligodendrocyte,train
14553,TAGTGCAGTGTGTGGA_D20-6409-0,GSE216146,D20-6409,D20,cisplatin,Microglia,train
14058,AATAGAGTCCCAAGTA_D20-6409-0,GSE216146,D20-6409,D20,cisplatin,Oligodendrocyte,train
14123,AGACAGGGTTGTGTTG_D20-6409-0,GSE216146,D20-6409,D20,cisplatin,Choroid Plexus,train
14527,GTTCTATCACCGTCTT_D20-6409-0,GSE216146,D20-6409,D20,cisplatin,Microglia,train
14253,CATGCCTAGGTAGCCA_D20-6409-0,GSE216146,D20-6409,D20,cisplatin,Ependymal,train
14462,GGGACTCCAAGCGAGT_D20-6409-0,GSE216146,D20-6409,D20,cisplatin,Astrocyte,train
14337,CTCAAGAAGATGGGCT_D20-6409-0,GSE216146,D20-6409,D20,cisplatin,Microglia,train
14592,TCCGAAAAGAATTCAG_D20-6409-0,GSE216146,D20-6409,D20,cisplatin,Microglia,train
14220,CACCGTTTCAGATGCT_D20-6409-0,GSE216146,D20-6409,D20,cisplatin,Immune,train
14662,TGTAAGCCAGACAATA_D20-6409-0,GSE216146,D20-6409,D20,cisplatin,Choroid Plexus,train
14656,TGGGATTGTCGTGCCA_D20-6409-0,GSE216146,D20-6409,D20,cisplatin,Microglia,train
14157,AGTGATCCATAGTCAC_D20-6409-0,GSE216146,D20-6409,D20,cisplatin,OPC,train
14352,CTGAATGTCTAGTACG_D20-6409-0,GSE216146,D20-6409,D20,cisplatin,Microglia,train
14108,ACTTCCGAGTGAGTTA_D20-6409-0,GSE216146,D20-6409,D20,cisplatin,Microglia,train
14160,ATACTTCTCGCCGAAC_D20-6409-0,GSE216146,D20-6409,D20,cisplatin,OPC,train
14452,GGAGGATCAAGATCCT_D20-6409-0,GSE216146,D20-6409,D20,cisplatin,Pericyte,train
14248,CATCCCACAGAATTCC_D20-6409-0,GSE216146,D20-6409,D20,cisplatin,Microglia,train
14265,CCACACTCAGGCTTGC_D20-6409-0,GSE216146,D20-6409,D20,cisplatin,Immune,train
14699,TTGCATTGTTCTCGCT_D20-6409-0,GSE216146,D20-6409,D20,cisplatin,Microglia,train
14378,GAAGGACAGTCTACCA_D20-6409-0,GSE216146,D20-6409,D20,cisplatin,Choroid Plexus,train
14405,GAGGGTAGTGGATGAC_D20-6409-0,GSE216146,D20-6409,D20,cisplatin,Microglia,train
14278,CCGATGGTCTATCCAT_D20-6409-0,GSE216146,D20-6409,D20,cisplatin,Microglia,train
14454,GGAGGTAGTCATGCAT_D20-6409-0,GSE216146,D20-6409,D20,cisplatin,Endothelial,train
14482,GGTAATCGTTAAGGAT_D20-6409-0,GSE216146,D20-6409,D20,cisplatin,Microglia,train
14469,GGGTAGATCGCGAAGA_D20-6409-0,GSE216146,D20-6409,D20,cisplatin,Microglia,train
14202,CAACAGTTCTAGACCA_D20-6409-0,GSE216146,D20-6409,D20,cisplatin,Choroid Plexus,train
14045,AACCTGACAAATGGAT_D20-6409-0,GSE216146,D20-6409,D20,cisplatin,OPC,train
14667,TGTGTGACACAGCTGC_D20-6409-0,GSE216146,D20-6409,D20,cisplatin,Microglia,train
14551,TAGGTACTCTGTCCCA_D20-6409-0,GSE216146,D20-6409,D20,cisplatin,Oligodendrocyte,train
14068,ACAAGCTAGGAGAATG_D20-6409-0,GSE216146,D20-6409,D20,cisplatin,Choroid Plexus,train
14098,ACTATGGAGACTGAGC_D20-6409-0,GSE216146,D20-6409,D20,cisplatin,Microglia,train
14330,CTAGGTAGTCCACATA_D20-6409-0,GSE216146,D20-6409,D20,cisplatin,Choroid Plexus,train
14259,CATTTCATCGCTCCTA_D20-6409-0,GSE216146,D20-6409,D20,cisplatin,Endothelial,train
14580,TCATACTTCGTTATCT_D20-6409-0,GSE216146,D20-6409,D20,cisplatin,Oligodendrocyte,train
14686,TTCCTAATCGTAGTCA_D20-6409-0,GSE216146,D20-6409,D20,cisplatin,Choroid Plexus,train
14708,TTGTTCAGTCGCGGTT_D20-6409-0,GSE216146,D20-6409,D20,cisplatin,Oligodendrocyte,train
14650,TGGAGGACACTACCGG_D20-6409-0,GSE216146,D20-6409,D20,cisplatin,Endothelial,train
14613,TCGTAGACAGTGTACT_D20-6409-0,GSE216146,D20-6409,D20,cisplatin,Microglia,train
14651,TGGCGTGAGTTGGAAT_D20-6409-0,GSE216146,D20-6409,D20,cisplatin,Microglia,train
14311,CGTAATGGTATCGATC_D20-6409-0,GSE216146,D20-6409,D20,cisplatin,Choroid Plexus,train
14447,GCTTGGGGTCAGGCAA_D20-6409-0,GSE216146,D20-6409,D20,cisplatin,Choroid Plexus,train
14711,TTGTTTGTCCAGTGCG_D20-6409-0,GSE216146,D20-6409,D20,cisplatin,Oligodendrocyte,train
14431,GCCGATGAGAAACCCG_D20-6409-0,GSE216146,D20-6409,D20,cisplatin,Choroid Plexus,train
14285,CCTAAGAGTCACTCTC_D20-6409-0,GSE216146,D20-6409,D20,cisplatin,Endothelial,train
14709,TTGTTGTAGCTAGATA_D20-6409-0,GSE216146,D20-6409,D20,cisplatin,Astrocyte,train
14448,GCTTTCGAGTTTGGCT_D20-6409-0,GSE216146,D20-6409,D20,cisplatin,Microglia,train
14120,AGACACTTCTCAGAAC_D20-6409-0,GSE216146,D20-6409,D20,cisplatin,OPC,train
14309,CGGGCATGTGAGGATC_D20-6409-0,GSE216146,D20-6409,D20,cisplatin,Oligodendrocyte,train
14258,CATTGTTGTCTGATCA_D20-6409-0,GSE216146,D20-6409,D20,cisplatin,Astrocyte,train
14664,TGTACAGGTCAGTCCG_D20-6409-0,GSE216146,D20-6409,D20,cisplatin,Choroid Plexus,train
14695,TTCTGTATCTTAGCTT_D20-6409-0,GSE216146,D20-6409,D20,cisplatin,OPC,train
14510,GTCGTAATCTGCAGCG_D20-6409-0,GSE216146,D20-6409,D20,cisplatin,Endothelial,train
14706,TTGTTCAAGTTGCCCG_D20-6409-0,GSE216146,D20-6409,D20,cisplatin,Astrocyte,train
14052,AAGACTCGTAGCTTGT_D20-6409-0,GSE216146,D20-6409,D20,cisplatin,OPC,train
14327,CTAGACACACTTTAGG_D20-6409-0,GSE216146,D20-6409,D20,cisplatin,Choroid Plexus,train
14456,GGCACGTAGCTGTGCC_D20-6409-0,GSE216146,D20-6409,D20,cisplatin,Endothelial,train
14335,CTATCTAAGTAGATCA_D20-6409-0,GSE216146,D20-6409,D20,cisplatin,OPC,train
14632,TGACCCTAGGGTCACA_D20-6409-0,GSE216146,D20-6409,D20,cisplatin,Microglia,train
14355,CTGCAGGGTACCCGAC_D20-6409-0,GSE216146,D20-6409,D20,cisplatin,Microglia,train
14149,AGTAACCGTTCGGTAT_D20-6409-0,GSE216146,D20-6409,D20,cisplatin,Oligodendrocyte,train
14668,TGTTCATCAGCAGACA_D20-6409-0,GSE216146,D20-6409,D20,cisplatin,Oligodendrocyte,train
14374,GAAGCGAAGCCTCTGG_D20-6409-0,GSE216146,D20-6409,D20,cisplatin,Microglia,train
14210,CAAGGGACATGTGTCA_D20-6409-0,GSE216146,D20-6409,D20,cisplatin,Ependymal,train
14688,TTCCTTCAGGAAAGAC_D20-6409-0,GSE216146,D20-6409,D20,cisplatin,Endothelial,train
14187,ATGTCCCAGTGTACAA_D20-6409-0,GSE216146,D20-6409,D20,cisplatin,Microglia,train
14076,ACATGCATCGTGGAAG_D20-6409-0,GSE216146,D20-6409,D20,cisplatin,Microglia,train
14215,CACAGGCGTTTACCAG_D20-6409-0,GSE216146,D20-6409,D20,cisplatin,Endothelial,train
14271,CCCGGAATCTGAATGC_D20-6409-0,GSE216146,D20-6409,D20,cisplatin,OPC,train
14276,CCGATGGGTATGGTTC_D20-6409-0,GSE216146,D20-6409,D20,cisplatin,Microglia,train
14150,AGTACCACAGTCGAGA_D20-6409-0,GSE216146,D20-6409,D20,cisplatin,Immune,train
14134,AGCGCTGGTGGCGCTT_D20-6409-0,GSE216146,D20-6409,D20,cisplatin,Oligodendrocyte,train
14055,AAGCCATAGGGATCAC_D20-6409-0,GSE216146,D20-6409,D20,cisplatin,Astrocyte,train
14516,GTGCTGGGTGGATACG_D20-6409-0,GSE216146,D20-6409,D20,cisplatin,Choroid Plexus,train
14326,CTACTATCAGGCTACC_D20-6409-0,GSE216146,D20-6409,D20,cisplatin,Endothelial,train
14211,CAAGGGAGTACTGGGA_D20-6409-0,GSE216146,D20-6409,D20,cisplatin,Microglia,train
14106,ACTGCAATCCGTGGTG_D20-6409-0,GSE216146,D20-6409,D20,cisplatin,Microglia,train
14507,GTCCACTTCCAGCCTT_D20-6409-0,GSE216146,D20-6409,D20,cisplatin,Choroid Plexus,train
14373,GAAGCCCTCCCTTGGT_D20-6409-0,GSE216146,D20-6409,D20,cisplatin,Oligodendrocyte,train
14434,GCCGTGAGTCAACCAT_D20-6409-0,GSE216146,D20-6409,D20,cisplatin,Microglia,train
14135,AGCGTCGCAGCATTGT_D20-6409-0,GSE216146,D20-6409,D20,cisplatin,Oligodendrocyte,train
14636,TGAGCATTCTGCTTAT_D20-6409-0,GSE216146,D20-6409,D20,cisplatin,Choroid Plexus,train
14556,TATATCCTCCTCTGCA_D20-6409-0,GSE216146,D20-6409,D20,cisplatin,Endothelial,train
14101,ACTATTCCAGCAGAAC_D20-6409-0,GSE216146,D20-6409,D20,cisplatin,Microglia,train
14639,TGAGGAGCATAGGTAA_D20-6409-0,GSE216146,D20-6409,D20,cisplatin,Oligodendrocyte,train
14504,GTCATGAAGCTCTTCC_D20-6409-0,GSE216146,D20-6409,D20,cisplatin,Astrocyte,train
14308,CGGGACTGTATTGCCA_D20-6409-0,GSE216146,D20-6409,D20,cisplatin,Choroid Plexus,train
14268,CCCAACTAGAGAGGTA_D20-6409-0,GSE216146,D20-6409,D20,cisplatin,Choroid Plexus,train
14520,GTGTTCCCACTACCCT_D20-6409-0,GSE216146,D20-6409,D20,cisplatin,Choroid Plexus,train
14568,TCACATTAGCTAAACA_D20-6409-0,GSE216146,D20-6409,D20,cisplatin,Endothelial,train
14500,GTATTTCTCAGCACCG_D20-6409-0,GSE216146,D20-6409,D20,cisplatin,Endothelial,train
14172,ATCCTATCATGGTGGA_D20-6409-0,GSE216146,D20-6409,D20,cisplatin,Microglia,train
14502,GTCAAGTTCACGACTA_D20-6409-0,GSE216146,D20-6409,D20,cisplatin,Oligodendrocyte,train
14176,ATCTTCACAGCCTTCT_D20-6409-0,GSE216146,D20-6409,D20,cisplatin,Astrocyte,train
14526,GTTATGGTCTCTGAGA_D20-6409-0,GSE216146,D20-6409,D20,cisplatin,Astrocyte,train
14703,TTGTGGACAGCGATTT_D20-6409-0,GSE216146,D20-6409,D20,cisplatin,Immune,train
14230,CAGAGCCTCTAGCAAC_D20-6409-0,GSE216146,D20-6409,D20,cisplatin,Choroid Plexus,train
14698,TTGATGGAGACCAGAC_D20-6409-0,GSE216146,D20-6409,D20,cisplatin,Endothelial,train
14395,GACTTCCCAGTCTCTC_D20-6409-0,GSE216146,D20-6409,D20,cisplatin,Choroid Plexus,train
14035,AAAGGGCTCTTCCACG_D20-6409-0,GSE216146,D20-6409,D20,cisplatin,Choroid Plexus,train
14593,TCCGAAAAGACGGATC_D20-6409-0,GSE216146,D20-6409,D20,cisplatin,Astrocyte,train
14491,GTAAGTCTCGAAGAAT_D20-6409-0,GSE216146,D20-6409,D20,cisplatin,Astrocyte,train
14715,TTTCAGTAGCCACTCG_D20-6409-0,GSE216146,D20-6409,D20,cisplatin,Oligodendrocyte,train
14380,GAATAGAGTGGGATTG_D20-6409-0,GSE216146,D20-6409,D20,cisplatin,Immune,train
14391,GACTATGGTCCCTGTT_D20-6409-0,GSE216146,D20-6409,D20,cisplatin,Oligodendrocyte,train
14109,ACTTCCGCACGCTGCA_D20-6409-0,GSE216146,D20-6409,D20,cisplatin,Microglia,train
14049,AAGACAACAGGAACCA_D20-6409-0,GSE216146,D20-6409,D20,cisplatin,Microglia,train
14295,CGAAGTTAGGATACGC_D20-6409-0,GSE216146,D20-6409,D20,cisplatin,Microglia,train
14519,GTGTTAGCAGGACTAG_D20-6409-0,GSE216146,D20-6409,D20,cisplatin,Microglia,train
14672,TTAATCCGTCTTCAAG_D20-6409-0,GSE216146,D20-6409,D20,cisplatin,Choroid Plexus,train
14559,TATTCCACATCCAACA_D20-6409-0,GSE216146,D20-6409,D20,cisplatin,Microglia,train
14083,ACCCTTGGTGCCTATA_D20-6409-0,GSE216146,D20-6409,D20,cisplatin,Choroid Plexus,train
14242,CATAAGCTCTGTCGCT_D20-6409-0,GSE216146,D20-6409,D20,cisplatin,Endothelial,train
14238,CAGTTCCGTGAATAAC_D20-6409-0,GSE216146,D20-6409,D20,cisplatin,Choroid Plexus,train
14495,GTAGCTAAGTCAACAA_D20-6409-0,GSE216146,D20-6409,D20,cisplatin,Oligodendrocyte,train
14503,GTCATCCCACCTCAGG_D20-6409-0,GSE216146,D20-6409,D20,cisplatin,Microglia,train
14115,AGAACCTAGACAGCTG_D20-6409-0,GSE216146,D20-6409,D20,cisplatin,Choroid Plexus,train
14094,ACGTAACTCTATCGTT_D20-6409-0,GSE216146,D20-6409,D20,cisplatin,OPC,train
14118,AGAAGTAGTAGGTTTC_D20-6409-0,GSE216146,D20-6409,D20,cisplatin,Oligodendrocyte,train
14689,TTCCTTCCAGCTACAT_D20-6409-0,GSE216146,D20-6409,D20,cisplatin,Choroid Plexus,train
14074,ACAGAAAAGATCGCTT_D20-6409-0,GSE216146,D20-6409,D20,cisplatin,Endothelial,train
14342,CTCCTCCAGGTTCCAT_D20-6409-0,GSE216146,D20-6409,D20,cisplatin,OPC,train
14194,ATTCTTGGTATCGTGT_D20-6409-0,GSE216146,D20-6409,D20,cisplatin,Endothelial,train
14299,CGAGAAGAGCCGATAG_D20-6409-0,GSE216146,D20-6409,D20,cisplatin,Choroid Plexus,train
14397,GAGACCCAGTTGGAGC_D20-6409-0,GSE216146,D20-6409,D20,cisplatin,Microglia,train
14277,CCGATGGGTTACCGTA_D20-6409-0,GSE216146,D20-6409,D20,cisplatin,Choroid Plexus,train
14331,CTATAGGCAAACGAGC_D20-6409-0,GSE216146,D20-6409,D20,cisplatin,Choroid Plexus,train
14481,GGTAATCAGGTTCTAC_D20-6409-0,GSE216146,D20-6409,D20,cisplatin,Oligodendrocyte,train
14640,TGAGGGAAGAATTGTG_D20-6409-0,GSE216146,D20-6409,D20,cisplatin,Oligodendrocyte,train
14564,TCACACCAGGCTTTCA_D20-6409-0,GSE216146,D20-6409,D20,cisplatin,Oligodendrocyte,train
14059,AATCACGGTTAAGGGC_D20-6409-0,GSE216146,D20-6409,D20,cisplatin,Microglia,train
14658,TGGTACACAGTGTGGA_D20-6409-0,GSE216146,D20-6409,D20,cisplatin,Immune,train
14611,TCGGGACCAGGTCCCA_D20-6409-0,GSE216146,D20-6409,D20,cisplatin,Pericyte,train
14261,CCAATGAAGCTAGAGC_D20-6409-0,GSE216146,D20-6409,D20,cisplatin,Endothelial,train
14304,CGGACACAGTCACGCC_D20-6409-0,GSE216146,D20-6409,D20,cisplatin,Endothelial,train
14111,ACTTCGCTCAATCCGA_D20-6409-0,GSE216146,D20-6409,D20,cisplatin,Astrocyte,train
14322,CTACCCACAAACGGCA_D20-6409-0,GSE216146,D20-6409,D20,cisplatin,OPC,train
14379,GAAGGACCAAACAGGC_D20-6409-0,GSE216146,D20-6409,D20,cisplatin,Microglia,train
14682,TTCATGTGTTTCACTT_D20-6409-0,GSE216146,D20-6409,D20,cisplatin,Oligodendrocyte,train
14175,ATCTCTATCCCAAGTA_D20-6409-0,GSE216146,D20-6409,D20,cisplatin,Choroid Plexus,train
14081,ACCACAAGTTGACTGT_D20-6409-0,GSE216146,D20-6409,D20,cisplatin,Endothelial,train
14562,TCAAGTGAGTAATTGG_D20-6409-0,GSE216146,D20-6409,D20,cisplatin,Pericyte,train
14539,TAATCTCGTCCACACG_D20-6409-0,GSE216146,D20-6409,D20,cisplatin,Endothelial,train
14040,AACAACCTCTTGCAAG_D20-6409-0,GSE216146,D20-6409,D20,cisplatin,Oligodendrocyte,train
14497,GTAGCTATCCACAGCG_D20-6409-0,GSE216146,D20-6409,D20,cisplatin,Oligodendrocyte,train
14170,ATCCCTGAGCCTGACC_D20-6409-0,GSE216146,D20-6409,D20,cisplatin,Microglia,train
14413,GATGACTTCAAGCTTG_D20-6409-0,GSE216146,D20-6409,D20,cisplatin,Microglia,train
14128,AGAGCAGTCTAGACCA_D20-6409-0,GSE216146,D20-6409,D20,cisplatin,Pericyte,train
14649,TGGAGGAAGCGGACAT_D20-6409-0,GSE216146,D20-6409,D20,cisplatin,Endothelial,train
14475,GGGTGTCGTTCAAACC_D20-6409-0,GSE216146,D20-6409,D20,cisplatin,OPC,train
14240,CATAAGCGTACTGCGC_D20-6409-0,GSE216146,D20-6409,D20,cisplatin,Oligodendrocyte,train
14303,CGCGTGATCGTGGACC_D20-6409-0,GSE216146,D20-6409,D20,cisplatin,Endothelial,train
14571,TCACGGGTCGTGTGGC_D20-6409-0,GSE216146,D20-6409,D20,cisplatin,Microglia,train
14344,CTCCTCCTCATTGCTT_D20-6409-0,GSE216146,D20-6409,D20,cisplatin,Immune,train
14269,CCCGAAGGTTCTCAGA_D20-6409-0,GSE216146,D20-6409,D20,cisplatin,Oligodendrocyte,train
14231,CAGATTGAGACTCGAG_D20-6409-0,GSE216146,D20-6409,D20,cisplatin,Choroid Plexus,train
14203,CAACCAATCTACGGTA_D20-6409-0,GSE216146,D20-6409,D20,cisplatin,Microglia,train
14665,TGTCCTGCAGCACCCA_D20-6409-0,GSE216146,D20-6409,D20,cisplatin,Choroid Plexus,train
14541,TACAGGTCAGCGTATT_D20-6409-0,GSE216146,D20-6409,D20,cisplatin,Ependymal,train
14127,AGAGAGCCATCTGGGC_D20-6409-0,GSE216146,D20-6409,D20,cisplatin,Microglia,train
14638,TGAGGAGCAGTTAGAA_D20-6409-0,GSE216146,D20-6409,D20,cisplatin,Choroid Plexus,train
14250,CATCGCTCATGACCCG_D20-6409-0,GSE216146,D20-6409,D20,cisplatin,Endothelial,train
14323,CTACCCACAGGGCTTC_D20-6409-0,GSE216146,D20-6409,D20,cisplatin,Astrocyte,train
14468,GGGTAGATCATCTACT_D20-6409-0,GSE216146,D20-6409,D20,cisplatin,Microglia,train
14414,GATGAGGAGTTACTCG_D20-6409-0,GSE216146,D20-6409,D20,cisplatin,Oligodendrocyte,train
14496,GTAGCTAAGTGGCCTC_D20-6409-0,GSE216146,D20-6409,D20,cisplatin,Neuron,train
14579,TCATACTCACTGAATC_D20-6409-0,GSE216146,D20-6409,D20,cisplatin,Microglia,train
14267,CCATCACAGAATACAC_D20-6409-0,GSE216146,D20-6409,D20,cisplatin,Astrocyte,train
14386,GACCGTGGTCAGGCAA_D20-6409-0,GSE216146,D20-6409,D20,cisplatin,Microglia,train
14515,GTGCGTGTCTCTAGGA_D20-6409-0,GSE216146,D20-6409,D20,cisplatin,Microglia,train
14583,TCATCATGTACCATAC_D20-6409-0,GSE216146,D20-6409,D20,cisplatin,OPC,train
14644,TGCAGGCCACTGGCCA_D20-6409-0,GSE216146,D20-6409,D20,cisplatin,OPC,train
14685,TTCCGTGGTATCCTTT_D20-6409-0,GSE216146,D20-6409,D20,cisplatin,Oligodendrocyte,train
14573,TCAGCAATCAGCAGAG_D20-6409-0,GSE216146,D20-6409,D20,cisplatin,Microglia,train
14721,TTTGACTGTGTTGAGG_D20-6409-0,GSE216146,D20-6409,D20,cisplatin,Endothelial,train
14416,GATGCTACATACAGGG_D20-6409-0,GSE216146,D20-6409,D20,cisplatin,Oligodendrocyte,train
14457,GGCGTCAAGAGGTATT_D20-6409-0,GSE216146,D20-6409,D20,cisplatin,Microglia,train
14080,ACCAACAAGCAAGTCG_D20-6409-0,GSE216146,D20-6409,D20,cisplatin,Choroid Plexus,train
14444,GCTGCAGTCAACTGGT_D20-6409-0,GSE216146,D20-6409,D20,cisplatin,OPC,train
14260,CCAAGCGAGGGCGAGA_D20-6409-0,GSE216146,D20-6409,D20,cisplatin,Microglia,train
14540,TAATCTCTCAAAGACA_D20-6409-0,GSE216146,D20-6409,D20,cisplatin,OPC,train
14479,GGGTTTACAAATCAGA_D20-6409-0,GSE216146,D20-6409,D20,cisplatin,Astrocyte,train
14669,TGTTCTAAGAATCCCT_D20-6409-0,GSE216146,D20-6409,D20,cisplatin,Choroid Plexus,train
14237,CAGTTCCGTCATCGCG_D20-6409-0,GSE216146,D20-6409,D20,cisplatin,Microglia,train
14464,GGGATGAAGAACTCCT_D20-6409-0,GSE216146,D20-6409,D20,cisplatin,Choroid Plexus,train
14294,CCTCTCCAGCTCGAAG_D20-6409-0,GSE216146,D20-6409,D20,cisplatin,Endothelial,train
14364,CTTGAGAAGACTTCAC_D20-6409-0,GSE216146,D20-6409,D20,cisplatin,Astrocyte,train
14476,GGGTTATCACTTGGCG_D20-6409-0,GSE216146,D20-6409,D20,cisplatin,OPC,train
14425,GCACTAAGTATAGCTC_D20-6409-0,GSE216146,D20-6409,D20,cisplatin,Microglia,train
14037,AACAACCCAGAGTCAG_D20-6409-0,GSE216146,D20-6409,D20,cisplatin,Choroid Plexus,train
14445,GCTTCACCAAGTATCC_D20-6409-0,GSE216146,D20-6409,D20,cisplatin,Choroid Plexus,train
14392,GACTCTCAGCAGATAT_D20-6409-0,GSE216146,D20-6409,D20,cisplatin,Endothelial,train
14550,TAGATCGTCCTCGCAT_D20-6409-0,GSE216146,D20-6409,D20,cisplatin,Oligodendrocyte,train
14545,TACGGGCCAGCTACTA_D20-6409-0,GSE216146,D20-6409,D20,cisplatin,Choroid Plexus,train
14529,GTTGAACTCTAAGCGT_D20-6409-0,GSE216146,D20-6409,D20,cisplatin,Oligodendrocyte,train
14488,GTAAGTCGTTAAACCC_D20-6409-0,GSE216146,D20-6409,D20,cisplatin,Endothelial,train
14622,TCTATACGTATTTCGG_D20-6409-0,GSE216146,D20-6409,D20,cisplatin,Microglia,train
14575,TCAGGGCGTTCTTCAT_D20-6409-0,GSE216146,D20-6409,D20,cisplatin,Oligodendrocyte,train
14692,TTCGCTGGTAGAATGT_D20-6409-0,GSE216146,D20-6409,D20,cisplatin,Oligodendrocyte,train
14620,TCTACATTCCCTTGGT_D20-6409-0,GSE216146,D20-6409,D20,cisplatin,Choroid Plexus,train
14607,TCGCACTCAGTAGTGG_D20-6409-0,GSE216146,D20-6409,D20,cisplatin,Endothelial,train
14720,TTTGACTGTGGCCACT_D20-6409-0,GSE216146,D20-6409,D20,cisplatin,Pericyte,train
14297,CGAATTGGTCAAAGTA_D20-6409-0,GSE216146,D20-6409,D20,cisplatin,Choroid Plexus,train
14547,TACTGCCGTCCTGGGT_D20-6409-0,GSE216146,D20-6409,D20,cisplatin,Immune,train
14597,TCCGATCTCTCATGGA_D20-6409-0,GSE216146,D20-6409,D20,cisplatin,Oligodendrocyte,train
14471,GGGTCACGTGTTTGCA_D20-6409-0,GSE216146,D20-6409,D20,cisplatin,Endothelial,train
14096,ACGTCCTTCGCTTGAA_D20-6409-0,GSE216146,D20-6409,D20,cisplatin,Oligodendrocyte,train
14538,TAAGCGTTCGGCATTA_D20-6409-0,GSE216146,D20-6409,D20,cisplatin,Microglia,train
14357,CTGGTCTAGCCTGCCA_D20-6409-0,GSE216146,D20-6409,D20,cisplatin,Astrocyte,train
14678,TTACTGTTCGAGTGAG_D20-6409-0,GSE216146,D20-6409,D20,cisplatin,Endothelial,train
14036,AAAGTGATCGGCTGGT_D20-6409-0,GSE216146,D20-6409,D20,cisplatin,Microglia,train
14560,TATTGCTAGCTTTCCC_D20-6409-0,GSE216146,D20-6409,D20,cisplatin,Endothelial,train
14572,TCACTCGCAGATACCT_D20-6409-0,GSE216146,D20-6409,D20,cisplatin,Endothelial,train
14047,AACGGGAGTACTCCGG_D20-6409-0,GSE216146,D20-6409,D20,cisplatin,Neuron,train
14506,GTCATGATCCCTATTA_D20-6409-0,GSE216146,D20-6409,D20,cisplatin,Endothelial,train
14442,GCTGAATTCATCACTT_D20-6409-0,GSE216146,D20-6409,D20,cisplatin,Oligodendrocyte,train
14477,GGGTTATTCGGAGTGA_D20-6409-0,GSE216146,D20-6409,D20,cisplatin,Choroid Plexus,train
14549,TACTTGTTCTGCGTCT_D20-6409-0,GSE216146,D20-6409,D20,cisplatin,Endothelial,train
14474,GGGTGTCGTGCAATAA_D20-6409-0,GSE216146,D20-6409,D20,cisplatin,Choroid Plexus,train
14490,GTAAGTCTCATCACCC_D20-6409-0,GSE216146,D20-6409,D20,cisplatin,Microglia,train
14655,TGGGAGAGTAGGACCA_D20-6409-0,GSE216146,D20-6409,D20,cisplatin,Endothelial,train
14548,TACTTACCATGTGCCG_D20-6409-0,GSE216146,D20-6409,D20,cisplatin,Pericyte,train
14328,CTAGACAGTCAACATC_D20-6409-0,GSE216146,D20-6409,D20,cisplatin,Pericyte,train
14666,TGTGATGAGTCGCTAT_D20-6409-0,GSE216146,D20-6409,D20,cisplatin,Oligodendrocyte,train
14557,TATCAGGGTGTTTACG_D20-6409-0,GSE216146,D20-6409,D20,cisplatin,Oligodendrocyte,train
14363,CTTCTCTGTTGGACCC_D20-6409-0,GSE216146,D20-6409,D20,cisplatin,Microglia,train
14362,CTTCTCTAGTAGTCTC_D20-6409-0,GSE216146,D20-6409,D20,cisplatin,Immune,train
14241,CATAAGCGTTCGTTCC_D20-6409-0,GSE216146,D20-6409,D20,cisplatin,Choroid Plexus,train
14621,TCTATACCAAGTATAG_D20-6409-0,GSE216146,D20-6409,D20,cisplatin,OPC,train
14422,GATTGGTAGGCCTAGA_D20-6409-0,GSE216146,D20-6409,D20,cisplatin,Microglia,train
14245,CATACCCCAGTGTACT_D20-6409-0,GSE216146,D20-6409,D20,cisplatin,Microglia,train
14162,ATAGACCTCAATCAGC_D20-6409-0,GSE216146,D20-6409,D20,cisplatin,Endothelial,train
14114,AGAAATGCAATGACCT_D20-6409-0,GSE216146,D20-6409,D20,cisplatin,Microglia,train
14518,GTGGCGTGTTAGAGAT_D20-6409-0,GSE216146,D20-6409,D20,cisplatin,Choroid Plexus,train
14255,CATGGATCAGTCTGGC_D20-6409-0,GSE216146,D20-6409,D20,cisplatin,OPC,train
14652,TGGCGTGTCCAGTTCC_D20-6409-0,GSE216146,D20-6409,D20,cisplatin,Microglia,train
14093,ACGGTTACACTTCCTG_D20-6409-0,GSE216146,D20-6409,D20,cisplatin,Oligodendrocyte,train
14314,CGTGTCTCAGAGTCTT_D20-6409-0,GSE216146,D20-6409,D20,cisplatin,Pericyte,train
14234,CAGCCAGTCTGTCCCA_D20-6409-0,GSE216146,D20-6409,D20,cisplatin,Oligodendrocyte,train
14152,AGTACCAGTCGTACTA_D20-6409-0,GSE216146,D20-6409,D20,cisplatin,Choroid Plexus,train
14389,GACTATGAGTCTAGCT_D20-6409-0,GSE216146,D20-6409,D20,cisplatin,Endothelial,train
14339,CTCAGTCGTTTCTTAC_D20-6409-0,GSE216146,D20-6409,D20,cisplatin,Endothelial,train
14151,AGTACCAGTCCTGAAT_D20-6409-0,GSE216146,D20-6409,D20,cisplatin,Microglia,train
14543,TACATTCTCGAGCCAC_D20-6409-0,GSE216146,D20-6409,D20,cisplatin,Choroid Plexus,train
14279,CCGCAAGCATTAAGCC_D20-6409-0,GSE216146,D20-6409,D20,cisplatin,Oligodendrocyte,train
14307,CGGGACTCAACCCGCA_D20-6409-0,GSE216146,D20-6409,D20,cisplatin,Oligodendrocyte,train
14105,ACTGATGTCTGCAGCG_D20-6409-0,GSE216146,D20-6409,D20,cisplatin,Pericyte,train
14131,AGCGATTGTCTTCTAT_D20-6409-0,GSE216146,D20-6409,D20,cisplatin,Oligodendrocyte,train
14409,GAGTTGTGTCATCAGT_D20-6409-0,GSE216146,D20-6409,D20,cisplatin,Microglia,train
14063,AATTTCCTCACCACAA_D20-6409-0,GSE216146,D20-6409,D20,cisplatin,Astrocyte,train
14275,CCGATCTAGAGGGTGG_D20-6409-0,GSE216146,D20-6409,D20,cisplatin,Microglia,train
14406,GAGTGAGTCGAGTGAG_D20-6409-0,GSE216146,D20-6409,D20,cisplatin,Microglia,train
14398,GAGACTTCAGGATCTT_D20-6409-0,GSE216146,D20-6409,D20,cisplatin,Microglia,train
14155,AGTCATGCAGAACATA_D20-6409-0,GSE216146,D20-6409,D20,cisplatin,Microglia,train
14714,TTTCACACAGATTCGT_D20-6409-0,GSE216146,D20-6409,D20,cisplatin,Oligodendrocyte,train
14336,CTCAAGAAGACAGTCG_D20-6409-0,GSE216146,D20-6409,D20,cisplatin,Oligodendrocyte,train
14566,TCACACCCATGAGATA_D20-6409-0,GSE216146,D20-6409,D20,cisplatin,Microglia,train
14393,GACTCTCCAGCGTTGC_D20-6409-0,GSE216146,D20-6409,D20,cisplatin,Astrocyte,train
14300,CGATCGGTCAGTGCGC_D20-6409-0,GSE216146,D20-6409,D20,cisplatin,Microglia,train
14084,ACCTACCGTTGCTCAA_D20-6409-0,GSE216146,D20-6409,D20,cisplatin,Choroid Plexus,train
14565,TCACACCAGTCTGCGC_D20-6409-0,GSE216146,D20-6409,D20,cisplatin,Microglia,train
14451,GGAGAACCAGACAATA_D20-6409-0,GSE216146,D20-6409,D20,cisplatin,Oligodendrocyte,train
14381,GAATCGTTCGACCTAA_D20-6409-0,GSE216146,D20-6409,D20,cisplatin,Oligodendrocyte,train
14723,TTTGTTGTCTCCAAGA_D20-6409-0,GSE216146,D20-6409,D20,cisplatin,Endothelial,train
14099,ACTATGGAGTACTGTC_D20-6409-0,GSE216146,D20-6409,D20,cisplatin,Astrocyte,train
14610,TCGGATAGTACAGTAA_D20-6409-0,GSE216146,D20-6409,D20,cisplatin,Pericyte,validation
14318,CTAACTTTCCTCTAAT_D20-6409-0,GSE216146,D20-6409,D20,cisplatin,Endothelial,validation
14181,ATGGAGGCACCCTTAC_D20-6409-0,GSE216146,D20-6409,D20,cisplatin,Microglia,validation
14274,CCCTTAGTCGCTTGCT_D20-6409-0,GSE216146,D20-6409,D20,cisplatin,OPC,validation
14561,TATTGGGTCCCAAGTA_D20-6409-0,GSE216146,D20-6409,D20,cisplatin,Microglia,validation
14254,CATGCTCTCTCCCAAC_D20-6409-0,GSE216146,D20-6409,D20,cisplatin,Endothelial,validation
14310,CGTAAGTTCCATTCGC_D20-6409-0,GSE216146,D20-6409,D20,cisplatin,Microglia,validation
14522,GTTACCCGTACCCGCA_D20-6409-0,GSE216146,D20-6409,D20,cisplatin,Choroid Plexus,validation
14348,CTCGAGGGTTGATCGT_D20-6409-0,GSE216146,D20-6409,D20,cisplatin,Microglia,validation
14375,GAAGCGAAGGGAGAAT_D20-6409-0,GSE216146,D20-6409,D20,cisplatin,Microglia,validation
14079,ACCAAACTCCAGGACC_D20-6409-0,GSE216146,D20-6409,D20,cisplatin,Microglia,validation
14061,AATGGCTCAATCACGT_D20-6409-0,GSE216146,D20-6409,D20,cisplatin,Oligodendrocyte,validation
14558,TATCTTGTCGTTGTAG_D20-6409-0,GSE216146,D20-6409,D20,cisplatin,Oligodendrocyte,validation
14032,AAACGAAAGTTGCCCG_D20-6409-0,GSE216146,D20-6409,D20,cisplatin,OPC,validation
14596,TCCGATCGTACGTGTT_D20-6409-0,GSE216146,D20-6409,D20,cisplatin,Astrocyte,validation
14075,ACATCCCCAACATCGT_D20-6409-0,GSE216146,D20-6409,D20,cisplatin,Oligodendrocyte,validation
14415,GATGATCTCATTGTGG_D20-6409-0,GSE216146,D20-6409,D20,cisplatin,Choroid Plexus,validation
14156,AGTCTCCTCCAGTGCG_D20-6409-0,GSE216146,D20-6409,D20,cisplatin,Choroid Plexus,validation
14402,GAGATGGGTCAACCTA_D20-6409-0,GSE216146,D20-6409,D20,cisplatin,Oligodendrocyte,validation
14494,GTAGATCTCTACTGCC_D20-6409-0,GSE216146,D20-6409,D20,cisplatin,Pericyte,validation
14222,CACGAATTCACTCTTA_D20-6409-0,GSE216146,D20-6409,D20,cisplatin,Microglia,validation
14450,GGAATGGCATTGTGCA_D20-6409-0,GSE216146,D20-6409,D20,cisplatin,Astrocyte,validation
14280,CCGGTAGGTAATGCGG_D20-6409-0,GSE216146,D20-6409,D20,cisplatin,Choroid Plexus,validation
14239,CATAAGCAGCGGTATG_D20-6409-0,GSE216146,D20-6409,D20,cisplatin,Oligodendrocyte,validation
14449,GGAATCTTCTGGTTGA_D20-6409-0,GSE216146,D20-6409,D20,cisplatin,Endothelial,validation
14401,GAGATGGAGTTGCGCC_D20-6409-0,GSE216146,D20-6409,D20,cisplatin,Choroid Plexus,validation
14631,TGAATGCGTTTCGTTT_D20-6409-0,GSE216146,D20-6409,D20,cisplatin,Endothelial,validation
14315,CTAACCCCAAGTTCGT_D20-6409-0,GSE216146,D20-6409,D20,cisplatin,OPC,validation
14207,CAAGAGGCAATACGAA_D20-6409-0,GSE216146,D20-6409,D20,cisplatin,Oligodendrocyte,validation
14612,TCGGGCACAGACCAGA_D20-6409-0,GSE216146,D20-6409,D20,cisplatin,Pericyte,validation
14690,TTCCTTCTCTGGCTGG_D20-6409-0,GSE216146,D20-6409,D20,cisplatin,Choroid Plexus,validation
14247,CATAGACAGTGCTAGG_D20-6409-0,GSE216146,D20-6409,D20,cisplatin,Choroid Plexus,validation
14165,ATCACAGCATCTCATT_D20-6409-0,GSE216146,D20-6409,D20,cisplatin,Choroid Plexus,validation
14249,CATCCCATCTTACCGC_D20-6409-0,GSE216146,D20-6409,D20,cisplatin,Microglia,validation
14154,AGTAGTCAGCTGAAGC_D20-6409-0,GSE216146,D20-6409,D20,cisplatin,Endothelial,validation
14087,ACCTGTCCAGCTACCG_D20-6409-0,GSE216146,D20-6409,D20,cisplatin,Astrocyte,validation
14137,AGGAAATGTTCAAGGG_D20-6409-0,GSE216146,D20-6409,D20,cisplatin,Choroid Plexus,validation
14514,GTGCACGTCTGCACCT_D20-6409-0,GSE216146,D20-6409,D20,cisplatin,Oligodendrocyte,validation
14594,TCCGAAAAGGTTGAGC_D20-6409-0,GSE216146,D20-6409,D20,cisplatin,Pericyte,validation
14385,GACATCACAGGCGAAT_D20-6409-0,GSE216146,D20-6409,D20,cisplatin,Microglia,validation
14521,GTGTTCCTCTGGTCAA_D20-6409-0,GSE216146,D20-6409,D20,cisplatin,Microglia,validation
14492,GTAATGCGTACCGGAA_D20-6409-0,GSE216146,D20-6409,D20,cisplatin,Microglia,validation
14224,CACTAAGCATGCCATA_D20-6409-0,GSE216146,D20-6409,D20,cisplatin,Oligodendrocyte,validation
14305,CGGACACCAGACCTGC_D20-6409-0,GSE216146,D20-6409,D20,cisplatin,Endothelial,validation
14270,CCCGGAATCGGCATAT_D20-6409-0,GSE216146,D20-6409,D20,cisplatin,Endothelial,validation
14696,TTGAACGAGCCTTCTC_D20-6409-0,GSE216146,D20-6409,D20,cisplatin,Ependymal,validation
14228,CACTTCGGTCACGACC_D20-6409-0,GSE216146,D20-6409,D20,cisplatin,Endothelial,validation
14282,CCGTAGGAGCATCGAG_D20-6409-0,GSE216146,D20-6409,D20,cisplatin,Microglia,validation
14201,CAACAGTCAAGCTACT_D20-6409-0,GSE216146,D20-6409,D20,cisplatin,Oligodendrocyte,validation
14535,TAACGACTCAGCTTGA_D20-6409-0,GSE216146,D20-6409,D20,cisplatin,Endothelial,validation
14625,TCTATCACACTTCTCG_D20-6409-0,GSE216146,D20-6409,D20,cisplatin,Choroid Plexus,test
14208,CAAGAGGCACCCAAGC_D20-6409-0,GSE216146,D20-6409,D20,cisplatin,Microglia,test
14430,GCCCGAATCATGCTAG_D20-6409-0,GSE216146,D20-6409,D20,cisplatin,OPC,test
14057,AAGGTAATCATTGCCC_D20-6409-0,GSE216146,D20-6409,D20,cisplatin,Oligodendrocyte,test
14460,GGCTTTCAGCACCGAA_D20-6409-0,GSE216146,D20-6409,D20,cisplatin,Oligodendrocyte,test
14298,CGAATTGTCACAACCA_D20-6409-0,GSE216146,D20-6409,D20,cisplatin,Oligodendrocyte,test
14371,GAAGCCCAGTGAGGTC_D20-6409-0,GSE216146,D20-6409,D20,cisplatin,Progenitor,test
14167,ATCAGGTCAATTGGTC_D20-6409-0,GSE216146,D20-6409,D20,cisplatin,Endothelial,test
14189,ATTATCCTCCTGGCTT_D20-6409-0,GSE216146,D20-6409,D20,cisplatin,Microglia,test
14446,GCTTCACCACATATCG_D20-6409-0,GSE216146,D20-6409,D20,cisplatin,Ependymal,test
14467,GGGTAGAAGACGGATC_D20-6409-0,GSE216146,D20-6409,D20,cisplatin,Endothelial,test
14340,CTCCCAACACGATAGG_D20-6409-0,GSE216146,D20-6409,D20,cisplatin,Endothelial,test
14209,CAAGCTATCTCGTTTA_D20-6409-0,GSE216146,D20-6409,D20,cisplatin,Endothelial,test
14463,GGGAGATTCAAGCCGC_D20-6409-0,GSE216146,D20-6409,D20,cisplatin,Microglia,test
14601,TCCTCTTTCGCTTGAA_D20-6409-0,GSE216146,D20-6409,D20,cisplatin,Microglia,test
14188,ATGTCTTCAACTTGCA_D20-6409-0,GSE216146,D20-6409,D20,cisplatin,Choroid Plexus,test
14399,GAGAGGTTCACCGCTT_D20-6409-0,GSE216146,D20-6409,D20,cisplatin,Choroid Plexus,test
14417,GATGGAGGTTACACAC_D20-6409-0,GSE216146,D20-6409,D20,cisplatin,Microglia,test
14191,ATTCAGGGTGGCAACA_D20-6409-0,GSE216146,D20-6409,D20,cisplatin,OPC,test
14533,GTTTACTGTACGCTTA_D20-6409-0,GSE216146,D20-6409,D20,cisplatin,Endothelial,test
14659,TGGTACAGTCAGCTTA_D20-6409-0,GSE216146,D20-6409,D20,cisplatin,Endothelial,test
14195,ATTGGGTGTACCCGAC_D20-6409-0,GSE216146,D20-6409,D20,cisplatin,Microglia,test
14141,AGGATAACAATTGCTG_D20-6409-0,GSE216146,D20-6409,D20,cisplatin,Endothelial,test
14569,TCACGGGGTCTGCATA_D20-6409-0,GSE216146,D20-6409,D20,cisplatin,Oligodendrocyte,test
14179,ATGCCTCGTCGAATGG_D20-6409-0,GSE216146,D20-6409,D20,cisplatin,Immune,test
14272,CCCTCAACATAAGCGG_D20-6409-0,GSE216146,D20-6409,D20,cisplatin,Endothelial,test
14552,TAGTGCAAGAGTGTTA_D20-6409-0,GSE216146,D20-6409,D20,cisplatin,Choroid Plexus,test
14345,CTCCTTTCAACAGCCC_D20-6409-0,GSE216146,D20-6409,D20,cisplatin,Astrocyte,test
14376,GAAGCGAGTGCGGTAA_D20-6409-0,GSE216146,D20-6409,D20,cisplatin,Microglia,test
14701,TTGGGCGGTCCACATA_D20-6409-0,GSE216146,D20-6409,D20,cisplatin,Microglia,test
14544,TACCGAAAGTCCTGTA_D20-6409-0,GSE216146,D20-6409,D20,cisplatin,Choroid Plexus,test
14576,TCAGTCCCAGAGTGAC_D20-6409-0,GSE216146,D20-6409,D20,cisplatin,Endothelial,test
14306,CGGCAGTGTAACCAGG_D20-6409-0,GSE216146,D20-6409,D20,cisplatin,Microglia,test
14044,AACCATGGTGCATTAC_D20-6409-0,GSE216146,D20-6409,D20,cisplatin,Choroid Plexus,test
14511,GTCGTTCTCTACGGTA_D20-6409-0,GSE216146,D20-6409,D20,cisplatin,Microglia,test
14216,CACAGGCTCGCAATGT_D20-6409-0,GSE216146,D20-6409,D20,cisplatin,Choroid Plexus,test
14159,AGTTCGACATGCAGGA_D20-6409-0,GSE216146,D20-6409,D20,cisplatin,Endothelial,test
14418,GATGTTGTCGAGAACG_D20-6409-0,GSE216146,D20-6409,D20,cisplatin,OPC,test
14396,GACTTCCTCGGCATCG_D20-6409-0,GSE216146,D20-6409,D20,cisplatin,Microglia,test
14283,CCGTGAGGTTGCGGCT_D20-6409-0,GSE216146,D20-6409,D20,cisplatin,Endothelial,test
14403,GAGCCTGAGGCCTAGA_D20-6409-0,GSE216146,D20-6409,D20,cisplatin,Endothelial,test
14090,ACGGGTCCACGCCACA_D20-6409-0,GSE216146,D20-6409,D20,cisplatin,Microglia,test
14609,TCGCTTGTCTGCATGA_D20-6409-0,GSE216146,D20-6409,D20,cisplatin,Choroid Plexus,test
14199,ATTTCACTCTACTATC_D20-6409-0,GSE216146,D20-6409,D20,cisplatin,Immune,test
14196,ATTGTTCAGCAGCCCT_D20-6409-0,GSE216146,D20-6409,D20,cisplatin,Microglia,test
14582,TCATCATCACGGTAGA_D20-6409-0,GSE216146,D20-6409,D20,cisplatin,Choroid Plexus,test
14244,CATACAGGTTATTCCT_D20-6409-0,GSE216146,D20-6409,D20,cisplatin,Microglia,test
14563,TCAATCTCAGTAACCT_D20-6409-0,GSE216146,D20-6409,D20,cisplatin,Oligodendrocyte,test
14370,GAACGTTCAGATCCTA_D20-6409-0,GSE216146,D20-6409,D20,cisplatin,Microglia,test
14060,AATGACCAGTAATACG_D20-6409-0,GSE216146,D20-6409,D20,cisplatin,Microglia,test
470,AGTGCCGGTATGTCCA_D21-2746-0,GSE216146,D21-2746,D21,control,Microglia,train
527,ATCGGCGGTTCTTGTT_D21-2746-0,GSE216146,D21-2746,D21,control,Microglia,train
392,AGGCATTCAGTTACCA_D21-2746-0,GSE216146,D21-2746,D21,control,Microglia,train
2232,TGATTTCTCCAAGAGG_D21-2746-0,GSE216146,D21-2746,D21,control,Neuron,train
1251,GAAGAATGTTAGAGAT_D21-2746-0,GSE216146,D21-2746,D21,control,Neuron,train
1573,GGGCTACCAGATCCTA_D21-2746-0,GSE216146,D21-2746,D21,control,Microglia,train
1951,TAGTGCATCACACCGG_D21-2746-0,GSE216146,D21-2746,D21,control,Oligodendrocyte,train
1431,GCATCTCGTGTACAGG_D21-2746-0,GSE216146,D21-2746,D21,control,Progenitor,train
1225,CTTCTCTGTCAACCTA_D21-2746-0,GSE216146,D21-2746,D21,control,Microglia,train
1407,GCACATATCAAGCCCG_D21-2746-0,GSE216146,D21-2746,D21,control,Microglia,train
1060,CTAAGTGCATAAGATG_D21-2746-0,GSE216146,D21-2746,D21,control,Microglia,train
1571,GGGCTACAGGGCCTCT_D21-2746-0,GSE216146,D21-2746,D21,control,Microglia,train
954,CGACAGCTCCGGACTG_D21-2746-0,GSE216146,D21-2746,D21,control,Astrocyte,train
904,CCTCAACCAGGCGAAT_D21-2746-0,GSE216146,D21-2746,D21,control,Astrocyte,train
1221,CTTCTAAGTTATGTCG_D21-2746-0,GSE216146,D21-2746,D21,control,Astrocyte,train
764,CATCCACCAACTGGTT_D21-2746-0,GSE216146,D21-2746,D21,control,Microglia,train
438,AGTAGTCAGTCCTACA_D21-2746-0,GSE216146,D21-2746,D21,control,Microglia,train
1612,GGTCACGTCTATGCCC_D21-2746-0,GSE216146,D21-2746,D21,control,Microglia,train
151,ACAAGCTAGCAACTCT_D21-2746-0,GSE216146,D21-2746,D21,control,Choroid Plexus,train
1332,GAGGCCTAGTTGGCTT_D21-2746-0,GSE216146,D21-2746,D21,control,Oligodendrocyte,train
439,AGTAGTCCAGACATCT_D21-2746-0,GSE216146,D21-2746,D21,control,Microglia,train
2494,TTTACGTAGCCTGTCG_D21-2746-0,GSE216146,D21-2746,D21,control,Astrocyte,train
1136,CTCCTCCTCGCCCAGA_D21-2746-0,GSE216146,D21-2746,D21,control,Microglia,train
1734,GTCTGTCCAACTTGCA_D21-2746-0,GSE216146,D21-2746,D21,control,Microglia,train
2089,TCCTCCCGTTCGGCCA_D21-2746-0,GSE216146,D21-2746,D21,control,Microglia,train
2471,TTGGGTATCGATCCCT_D21-2746-0,GSE216146,D21-2746,D21,control,OPC,train
588,ATTACCTAGGACAGCT_D21-2746-0,GSE216146,D21-2746,D21,control,Oligodendrocyte,train
1123,CTCCCAAAGTTACGGG_D21-2746-0,GSE216146,D21-2746,D21,control,OPC,train
2074,TCCGATCGTGTTCCAA_D21-2746-0,GSE216146,D21-2746,D21,control,Progenitor,train
83,AAGACAACAATTCTTC_D21-2746-0,GSE216146,D21-2746,D21,control,Choroid Plexus,train
825,CCATAAGCAGAAATCA_D21-2746-0,GSE216146,D21-2746,D21,control,Microglia,train
2415,TTCCTCTGTCTCTCTG_D21-2746-0,GSE216146,D21-2746,D21,control,Oligodendrocyte,train
179,ACCAAACCATGGCTAT_D21-2746-0,GSE216146,D21-2746,D21,control,OPC,train
2532,TTTGGTTTCCATACAG_D21-2746-0,GSE216146,D21-2746,D21,control,Oligodendrocyte,train
2071,TCCCATGGTCTCGGAC_D21-2746-0,GSE216146,D21-2746,D21,control,Astrocyte,train
1606,GGTAGAGCAACGACAG_D21-2746-0,GSE216146,D21-2746,D21,control,Astrocyte,train
2090,TCCTCGAAGATGAACT_D21-2746-0,GSE216146,D21-2746,D21,control,Pericyte,train
905,CCTCAACGTAGATGTA_D21-2746-0,GSE216146,D21-2746,D21,control,Endothelial,train
907,CCTCACAGTCCGGATC_D21-2746-0,GSE216146,D21-2746,D21,control,Endothelial,train
2099,TCGAAGTGTAGGTAGC_D21-2746-0,GSE216146,D21-2746,D21,control,OPC,train
312,AGACAGGTCTGACAGT_D21-2746-0,GSE216146,D21-2746,D21,control,Oligodendrocyte,train
446,AGTCACAAGCGACTGA_D21-2746-0,GSE216146,D21-2746,D21,control,Oligodendrocyte,train
360,AGCGCTGCACTAACCA_D21-2746-0,GSE216146,D21-2746,D21,control,Oligodendrocyte,train
1683,GTATTGGAGGACAAGA_D21-2746-0,GSE216146,D21-2746,D21,control,Choroid Plexus,train
1462,GCCGATGCACCAGTAT_D21-2746-0,GSE216146,D21-2746,D21,control,Endothelial,train
2321,TGTACAGCATACCACA_D21-2746-0,GSE216146,D21-2746,D21,control,Astrocyte,train
1351,GAGTTACTCAACGCTA_D21-2746-0,GSE216146,D21-2746,D21,control,Astrocyte,train
1030,CGTAATGCAGATTCGT_D21-2746-0,GSE216146,D21-2746,D21,control,Microglia,train
1036,CGTGAATAGAGGGTGG_D21-2746-0,GSE216146,D21-2746,D21,control,Astrocyte,train
2073,TCCGATCAGTAGACAT_D21-2746-0,GSE216146,D21-2746,D21,control,Astrocyte,train
2400,TTCATTGAGAATTGCA_D21-2746-0,GSE216146,D21-2746,D21,control,Oligodendrocyte,train
490,ATACCTTGTTCCTTGC_D21-2746-0,GSE216146,D21-2746,D21,control,Pericyte,train
457,AGTCTCCAGCTAGCCC_D21-2746-0,GSE216146,D21-2746,D21,control,Microglia,train
1352,GAGTTACTCCAGCTCT_D21-2746-0,GSE216146,D21-2746,D21,control,Astrocyte,train
459,AGTCTCCTCCATCGTC_D21-2746-0,GSE216146,D21-2746,D21,control,Astrocyte,train
2061,TCCATCGGTCGCTTGG_D21-2746-0,GSE216146,D21-2746,D21,control,Progenitor,train
2117,TCGGATAAGCCTATTG_D21-2746-0,GSE216146,D21-2746,D21,control,Oligodendrocyte,train
1930,TAGAGTCAGTGGCCTC_D21-2746-0,GSE216146,D21-2746,D21,control,Microglia,train
1738,GTCTGTCTCGTTAGAC_D21-2746-0,GSE216146,D21-2746,D21,control,Oligodendrocyte,train
1226,CTTCTCTGTTAGGCTT_D21-2746-0,GSE216146,D21-2746,D21,control,Astrocyte,train
1000,CGGAATTGTTCCCAAA_D21-2746-0,GSE216146,D21-2746,D21,control,Endothelial,train
1699,GTCATGAAGAAGTATC_D21-2746-0,GSE216146,D21-2746,D21,control,Microglia,train
1406,GCACATACATGAAGGC_D21-2746-0,GSE216146,D21-2746,D21,control,Endothelial,train
1424,GCATCGGGTATCGAAA_D21-2746-0,GSE216146,D21-2746,D21,control,Astrocyte,train
2226,TGATTCTAGAGGTATT_D21-2746-0,GSE216146,D21-2746,D21,control,Oligodendrocyte,train
145,ACAAAGACATCCGCGA_D21-2746-0,GSE216146,D21-2746,D21,control,Pericyte,train
1853,TAACGACCAACAGCCC_D21-2746-0,GSE216146,D21-2746,D21,control,Oligodendrocyte,train
729,CAGCGTGCAAGGAGTC_D21-2746-0,GSE216146,D21-2746,D21,control,Oligodendrocyte,train
1790,GTGTCCTAGGATGAGA_D21-2746-0,GSE216146,D21-2746,D21,control,OPC,train
1324,GAGATGGCAGGCAATG_D21-2746-0,GSE216146,D21-2746,D21,control,Oligodendrocyte,train
1255,GAAGCCCGTTTGAAAG_D21-2746-0,GSE216146,D21-2746,D21,control,Microglia,train
1928,TAGACTGTCAGTCACA_D21-2746-0,GSE216146,D21-2746,D21,control,Immune,train
2014,TCAGCAAAGGAGTACC_D21-2746-0,GSE216146,D21-2746,D21,control,Immune,train
257,ACTGTGAGTGATTCTG_D21-2746-0,GSE216146,D21-2746,D21,control,Microglia,train
2470,TTGGGCGGTGTAGTGG_D21-2746-0,GSE216146,D21-2746,D21,control,Endothelial,train
1228,CTTGAGACAATGCTCA_D21-2746-0,GSE216146,D21-2746,D21,control,Endothelial,train
1369,GATCGTATCTCCGAGG_D21-2746-0,GSE216146,D21-2746,D21,control,Microglia,train
2189,TGACAGTCAGAACCGA_D21-2746-0,GSE216146,D21-2746,D21,control,Microglia,train
278,AGAAATGAGTGCGACA_D21-2746-0,GSE216146,D21-2746,D21,control,Astrocyte,train
2034,TCATGCCCATCGTTCC_D21-2746-0,GSE216146,D21-2746,D21,control,Astrocyte,train
1691,GTCAAGTTCTGTACAG_D21-2746-0,GSE216146,D21-2746,D21,control,Oligodendrocyte,train
1378,GATGAGGTCTCTTCAA_D21-2746-0,GSE216146,D21-2746,D21,control,Endothelial,train
1892,TACCGAAGTTGCGAAG_D21-2746-0,GSE216146,D21-2746,D21,control,Endothelial,train
2503,TTTATGCCAGTGAGCA_D21-2746-0,GSE216146,D21-2746,D21,control,Astrocyte,train
2383,TTAGGGTCAGTTTCGA_D21-2746-0,GSE216146,D21-2746,D21,control,Microglia,train
734,CAGGGCTAGGGAGGTG_D21-2746-0,GSE216146,D21-2746,D21,control,Microglia,train
1862,TAAGCCATCGGTTCAA_D21-2746-0,GSE216146,D21-2746,D21,control,Oligodendrocyte,train
1878,TACAGGTTCCGCACTT_D21-2746-0,GSE216146,D21-2746,D21,control,Microglia,train
1236,CTTTCGGAGCCTAACT_D21-2746-0,GSE216146,D21-2746,D21,control,Endothelial,train
1867,TAAGTCGCAGCTGTCG_D21-2746-0,GSE216146,D21-2746,D21,control,Microglia,train
476,AGTTAGCCACCATATG_D21-2746-0,GSE216146,D21-2746,D21,control,Oligodendrocyte,train
2174,TCTTGCGCATGAGGGT_D21-2746-0,GSE216146,D21-2746,D21,control,Oligodendrocyte,train
1843,GTTGTAGGTCGATGCC_D21-2746-0,GSE216146,D21-2746,D21,control,Microglia,train
1405,GCACATACAGCGCGTT_D21-2746-0,GSE216146,D21-2746,D21,control,Astrocyte,train
1409,GCACGGTCATGGAATA_D21-2746-0,GSE216146,D21-2746,D21,control,Endothelial,train
2384,TTAGTCTAGTGCTCGC_D21-2746-0,GSE216146,D21-2746,D21,control,Neuron,train
1359,GATCACAGTACGACTT_D21-2746-0,GSE216146,D21-2746,D21,control,Neuron,train
2527,TTTGATCTCTCGTTTA_D21-2746-0,GSE216146,D21-2746,D21,control,Endothelial,train
1665,GTAGAGGCATCACCAA_D21-2746-0,GSE216146,D21-2746,D21,control,Endothelial,train
518,ATCCTATTCCTTTAGT_D21-2746-0,GSE216146,D21-2746,D21,control,Oligodendrocyte,train
473,AGTGTTGGTATGTCTG_D21-2746-0,GSE216146,D21-2746,D21,control,Microglia,train
1362,GATCAGTCAGCTGAAG_D21-2746-0,GSE216146,D21-2746,D21,control,Oligodendrocyte,train
2388,TTATTGCAGTAACAGT_D21-2746-0,GSE216146,D21-2746,D21,control,Microglia,train
469,AGTGATCTCGCATGAT_D21-2746-0,GSE216146,D21-2746,D21,control,Astrocyte,train
1353,GAGTTTGGTATCGCAT_D21-2746-0,GSE216146,D21-2746,D21,control,Oligodendrocyte,train
832,CCCAACTTCGCCTCTA_D21-2746-0,GSE216146,D21-2746,D21,control,OPC,train
1767,GTGGAAGAGTTAGTGA_D21-2746-0,GSE216146,D21-2746,D21,control,Microglia,train
665,CAATACGAGACACACG_D21-2746-0,GSE216146,D21-2746,D21,control,Oligodendrocyte,train
1838,GTTGCTCTCCTAGCGG_D21-2746-0,GSE216146,D21-2746,D21,control,Neuron,train
92,AAGCGAGAGAGCAGTC_D21-2746-0,GSE216146,D21-2746,D21,control,Microglia,train
987,CGCCATTCATGAAGCG_D21-2746-0,GSE216146,D21-2746,D21,control,Microglia,train
1206,CTTAGGACAAGGACAC_D21-2746-0,GSE216146,D21-2746,D21,control,Neuron,train
1672,GTAGGAGTCGAGCCAC_D21-2746-0,GSE216146,D21-2746,D21,control,Choroid Plexus,train
2330,TGTCCCAGTCGCACGT_D21-2746-0,GSE216146,D21-2746,D21,control,Oligodendrocyte,train
1525,GGATGTTTCGACTCCT_D21-2746-0,GSE216146,D21-2746,D21,control,Oligodendrocyte,train
1847,GTTGTGATCGAGTCCG_D21-2746-0,GSE216146,D21-2746,D21,control,Oligodendrocyte,train
2212,TGAGTCAGTGAGCCAA_D21-2746-0,GSE216146,D21-2746,D21,control,Neuron,train
2080,TCCGGGAGTATTGACC_D21-2746-0,GSE216146,D21-2746,D21,control,Oligodendrocyte,train
1638,GTAACACAGCCACCGT_D21-2746-0,GSE216146,D21-2746,D21,control,Oligodendrocyte,train
2240,TGCAGGCCAGAAATCA_D21-2746-0,GSE216146,D21-2746,D21,control,Microglia,train
1466,GCCGTGAGTGATAGAT_D21-2746-0,GSE216146,D21-2746,D21,control,Choroid Plexus,train
1761,GTGCTGGCAAGGTCGA_D21-2746-0,GSE216146,D21-2746,D21,control,Neuron,train
1066,CTACATTTCCGCACGA_D21-2746-0,GSE216146,D21-2746,D21,control,Microglia,train
299,AGAAGTACATGATGCT_D21-2746-0,GSE216146,D21-2746,D21,control,Choroid Plexus,train
1376,GATGAGGCAATTGCCA_D21-2746-0,GSE216146,D21-2746,D21,control,Microglia,train
1387,GATTCGACAGCGGTCT_D21-2746-0,GSE216146,D21-2746,D21,control,Oligodendrocyte,train
2236,TGCAGATAGTCAACAA_D21-2746-0,GSE216146,D21-2746,D21,control,Oligodendrocyte,train
728,CAGCCAGTCGAGAATA_D21-2746-0,GSE216146,D21-2746,D21,control,Microglia,train
71,AACGTCAGTGGCAGAT_D21-2746-0,GSE216146,D21-2746,D21,control,Astrocyte,train
119,AATAGAGCACTCGATA_D21-2746-0,GSE216146,D21-2746,D21,control,Endothelial,train
1908,TACTGCCAGAGCAGTC_D21-2746-0,GSE216146,D21-2746,D21,control,Endothelial,train
1686,GTATTTCCATTACGGT_D21-2746-0,GSE216146,D21-2746,D21,control,Pericyte,train
1328,GAGCCTGGTGACTCTA_D21-2746-0,GSE216146,D21-2746,D21,control,Microglia,train
2316,TGTAACGGTGCTCGTG_D21-2746-0,GSE216146,D21-2746,D21,control,Choroid Plexus,train
1505,GGACGTCCAAAGGATT_D21-2746-0,GSE216146,D21-2746,D21,control,Microglia,train
2052,TCCACCAAGTTTGCTG_D21-2746-0,GSE216146,D21-2746,D21,control,Oligodendrocyte,train
173,ACATGCATCGGAAGGT_D21-2746-0,GSE216146,D21-2746,D21,control,Astrocyte,train
1669,GTAGCTAAGCATGATA_D21-2746-0,GSE216146,D21-2746,D21,control,Microglia,train
209,ACGATGTAGCCGAACA_D21-2746-0,GSE216146,D21-2746,D21,control,Astrocyte,train
225,ACGTAGTCAACGGTAG_D21-2746-0,GSE216146,D21-2746,D21,control,Microglia,train
2339,TGTGATGCATTCCTAT_D21-2746-0,GSE216146,D21-2746,D21,control,Ependymal,train
1936,TAGCACAAGCCAACCC_D21-2746-0,GSE216146,D21-2746,D21,control,Endothelial,train
1554,GGGACTCTCCGCGGAT_D21-2746-0,GSE216146,D21-2746,D21,control,Oligodendrocyte,train
2451,TTGACCCGTATTCCTT_D21-2746-0,GSE216146,D21-2746,D21,control,Microglia,train
109,AAGTACCTCCCAACTC_D21-2746-0,GSE216146,D21-2746,D21,control,Microglia,train
2289,TGGAGAGGTTAGAAGT_D21-2746-0,GSE216146,D21-2746,D21,control,Astrocyte,train
1308,GACTCTCGTCCATACA_D21-2746-0,GSE216146,D21-2746,D21,control,Astrocyte,train
972,CGATCGGGTTGTGCCG_D21-2746-0,GSE216146,D21-2746,D21,control,Astrocyte,train
233,ACGTTCCTCCAGCACG_D21-2746-0,GSE216146,D21-2746,D21,control,Oligodendrocyte,train
296,AGAAGCGTCGCACGAC_D21-2746-0,GSE216146,D21-2746,D21,control,Oligodendrocyte,train
2063,TCCCACAGTAACACCT_D21-2746-0,GSE216146,D21-2746,D21,control,Endothelial,train
2039,TCATGTTAGTTGTAGA_D21-2746-0,GSE216146,D21-2746,D21,control,Endothelial,train
1797,GTGTTCCAGCCTCAGC_D21-2746-0,GSE216146,D21-2746,D21,control,Oligodendrocyte,train
757,CATACTTCAATTTCCT_D21-2746-0,GSE216146,D21-2746,D21,control,Choroid Plexus,train
822,CCACTTGGTCCAACGC_D21-2746-0,GSE216146,D21-2746,D21,control,Microglia,train
1929,TAGAGTCAGAGTCCGA_D21-2746-0,GSE216146,D21-2746,D21,control,Oligodendrocyte,train
2326,TGTCCACAGACATCAA_D21-2746-0,GSE216146,D21-2746,D21,control,Pericyte,train
1132,CTCCTCCAGTGCAACG_D21-2746-0,GSE216146,D21-2746,D21,control,Microglia,train
2439,TTCTCTCTCCTGTAGA_D21-2746-0,GSE216146,D21-2746,D21,control,Microglia,train
2325,TGTCAGAGTTCGTACA_D21-2746-0,GSE216146,D21-2746,D21,control,Microglia,train
2373,TTACCGCGTAGAGGAA_D21-2746-0,GSE216146,D21-2746,D21,control,OPC,train
1250,GAAGAATGTGGCCCAT_D21-2746-0,GSE216146,D21-2746,D21,control,Microglia,train
2455,TTGATGGGTATCATGC_D21-2746-0,GSE216146,D21-2746,D21,control,OPC,train
198,ACCGTTCGTTCAAAGA_D21-2746-0,GSE216146,D21-2746,D21,control,Astrocyte,train
2119,TCGGATACATCCCGTT_D21-2746-0,GSE216146,D21-2746,D21,control,Microglia,train
2341,TGTGATGTCAACACCA_D21-2746-0,GSE216146,D21-2746,D21,control,OPC,train
2425,TTCGCTGTCGAAGAAT_D21-2746-0,GSE216146,D21-2746,D21,control,Neuron,train
1021,CGGTCAGCAGGTTCGC_D21-2746-0,GSE216146,D21-2746,D21,control,Microglia,train
218,ACGGTTACAATAAGGT_D21-2746-0,GSE216146,D21-2746,D21,control,Endothelial,train
938,CCTTCAGAGCCTCACG_D21-2746-0,GSE216146,D21-2746,D21,control,Astrocyte,train
2038,TCATGTTAGTGCCCGT_D21-2746-0,GSE216146,D21-2746,D21,control,OPC,train
782,CATGCAATCATTATCC_D21-2746-0,GSE216146,D21-2746,D21,control,Oligodendrocyte,train
2350,TGTGTGAGTTATCTTC_D21-2746-0,GSE216146,D21-2746,D21,control,Astrocyte,train
702,CACTGAATCACAACCA_D21-2746-0,GSE216146,D21-2746,D21,control,Pericyte,train
295,AGAAGCGTCATTGAGC_D21-2746-0,GSE216146,D21-2746,D21,control,Astrocyte,train
800,CATTCTAGTATGTCTG_D21-2746-0,GSE216146,D21-2746,D21,control,Endothelial,train
1754,GTGCACGTCTTTCCGG_D21-2746-0,GSE216146,D21-2746,D21,control,OPC,train
1540,GGCTTGGAGGTTGAGC_D21-2746-0,GSE216146,D21-2746,D21,control,Microglia,train
688,CACCGTTCAGCACACC_D21-2746-0,GSE216146,D21-2746,D21,control,Pericyte,train
110,AAGTCGTAGTAGACAT_D21-2746-0,GSE216146,D21-2746,D21,control,Microglia,train
281,AGAAATGGTGCGTCGT_D21-2746-0,GSE216146,D21-2746,D21,control,Microglia,train
604,ATTCAGGCAGTTGTTG_D21-2746-0,GSE216146,D21-2746,D21,control,Microglia,train
1698,GTCATCCTCCTAACAG_D21-2746-0,GSE216146,D21-2746,D21,control,Astrocyte,train
39,AACAGGGAGGGCTTCC_D21-2746-0,GSE216146,D21-2746,D21,control,Choroid Plexus,train
706,CACTGGGTCCGGTAAT_D21-2746-0,GSE216146,D21-2746,D21,control,Astrocyte,train
1897,TACCTCGTCTGTCTCG_D21-2746-0,GSE216146,D21-2746,D21,control,Oligodendrocyte,train
1121,CTCCATGAGCAATTAG_D21-2746-0,GSE216146,D21-2746,D21,control,Microglia,train
27,AACAACCGTATACCCA_D21-2746-0,GSE216146,D21-2746,D21,control,Microglia,train
2500,TTTACTGTCATTCACT_D21-2746-0,GSE216146,D21-2746,D21,control,Microglia,train
291,AGAACCTCACATACTG_D21-2746-0,GSE216146,D21-2746,D21,control,Microglia,train
969,CGAGTTAGTTTCACTT_D21-2746-0,GSE216146,D21-2746,D21,control,Oligodendrocyte,train
1585,GGGTCACGTTTGGGAG_D21-2746-0,GSE216146,D21-2746,D21,control,Oligodendrocyte,train
2323,TGTAGACGTTTCGTTT_D21-2746-0,GSE216146,D21-2746,D21,control,Microglia,train
2148,TCTCACGAGTCACGAG_D21-2746-0,GSE216146,D21-2746,D21,control,Choroid Plexus,train
1263,GAAGGACCAGTGGCTC_D21-2746-0,GSE216146,D21-2746,D21,control,Oligodendrocyte,train
1812,GTTAGACGTTATGGTC_D21-2746-0,GSE216146,D21-2746,D21,control,Endothelial,train
1625,GGTGTCGCATTGAGGG_D21-2746-0,GSE216146,D21-2746,D21,control,Oligodendrocyte,train
194,ACCCTCAGTCATCTAG_D21-2746-0,GSE216146,D21-2746,D21,control,Microglia,train
606,ATTCAGGTCGTGTGGC_D21-2746-0,GSE216146,D21-2746,D21,control,Oligodendrocyte,train
719,CAGCAATAGTGCACAG_D21-2746-0,GSE216146,D21-2746,D21,control,Astrocyte,train
2423,TTCGCTGAGCTCTATG_D21-2746-0,GSE216146,D21-2746,D21,control,Astrocyte,train
69,AACGGGATCTAACGCA_D21-2746-0,GSE216146,D21-2746,D21,control,Microglia,train
857,CCGAACGAGCTCGAAG_D21-2746-0,GSE216146,D21-2746,D21,control,Endothelial,train
235,ACTACGAGTGCAAGAC_D21-2746-0,GSE216146,D21-2746,D21,control,Immune,train
686,CACATGAAGCACACCC_D21-2746-0,GSE216146,D21-2746,D21,control,Microglia,train
134,AATGCCACACCAGTTA_D21-2746-0,GSE216146,D21-2746,D21,control,Astrocyte,train
1889,TACCCGTTCTGCTCTG_D21-2746-0,GSE216146,D21-2746,D21,control,Choroid Plexus,train
698,CACGTTCCACCGGTCA_D21-2746-0,GSE216146,D21-2746,D21,control,Oligodendrocyte,train
1944,TAGGTACAGCCAAGGT_D21-2746-0,GSE216146,D21-2746,D21,control,Choroid Plexus,train
1589,GGGTGAAAGCATCAGG_D21-2746-0,GSE216146,D21-2746,D21,control,OPC,train
1637,GTAACACAGAGCAGCT_D21-2746-0,GSE216146,D21-2746,D21,control,Microglia,train
1103,CTCAGAAGTGTATTCG_D21-2746-0,GSE216146,D21-2746,D21,control,Microglia,train
2401,TTCATTGAGATTAGCA_D21-2746-0,GSE216146,D21-2746,D21,control,Oligodendrocyte,train
777,CATCGCTAGCGAGAAA_D21-2746-0,GSE216146,D21-2746,D21,control,Oligodendrocyte,train
2251,TGCATGAGTAGATTAG_D21-2746-0,GSE216146,D21-2746,D21,control,Immune,train
1146,CTCGAGGGTCGCAACC_D21-2746-0,GSE216146,D21-2746,D21,control,Oligodendrocyte,train
1755,GTGCAGCCACTGGAAG_D21-2746-0,GSE216146,D21-2746,D21,control,Endothelial,train
1768,GTGGAAGCAGAGAATT_D21-2746-0,GSE216146,D21-2746,D21,control,Microglia,train
961,CGAGGAAGTGAGATTA_D21-2746-0,GSE216146,D21-2746,D21,control,Oligodendrocyte,train
767,CATCCACTCGGAATGG_D21-2746-0,GSE216146,D21-2746,D21,control,Astrocyte,train
2362,TGTTCTATCGGAGATG_D21-2746-0,GSE216146,D21-2746,D21,control,Neuron,train
1833,GTTGCGGCAAGTGCAG_D21-2746-0,GSE216146,D21-2746,D21,control,Oligodendrocyte,train
1390,GATTCTTCAGAGGCTA_D21-2746-0,GSE216146,D21-2746,D21,control,Astrocyte,train
526,ATCGGCGCAGATCCTA_D21-2746-0,GSE216146,D21-2746,D21,control,Microglia,train
1733,GTCTGTCAGTAAGAGG_D21-2746-0,GSE216146,D21-2746,D21,control,Oligodendrocyte,train
2242,TGCAGGCTCTCTGCCA_D21-2746-0,GSE216146,D21-2746,D21,control,Astrocyte,train
2521,TTTGACTAGGTGGGTT_D21-2746-0,GSE216146,D21-2746,D21,control,Choroid Plexus,train
1006,CGGAGAAGTTTATGCG_D21-2746-0,GSE216146,D21-2746,D21,control,Astrocyte,train
2225,TGATGGTCACTTGTCC_D21-2746-0,GSE216146,D21-2746,D21,control,OPC,train
72,AACGTCAGTTCGTAAC_D21-2746-0,GSE216146,D21-2746,D21,control,Microglia,train
172,ACATGCACACCCATAA_D21-2746-0,GSE216146,D21-2746,D21,control,Neuron,train
1414,GCACTAAGTCTCTCAC_D21-2746-0,GSE216146,D21-2746,D21,control,Astrocyte,train
866,CCGATGGTCGTAGCCG_D21-2746-0,GSE216146,D21-2746,D21,control,Microglia,train
2160,TCTGGCTCAGACGGAT_D21-2746-0,GSE216146,D21-2746,D21,control,Oligodendrocyte,train
1900,TACCTGCTCTGGTGGC_D21-2746-0,GSE216146,D21-2746,D21,control,Microglia,train
1428,GCATCTCCAACTCATG_D21-2746-0,GSE216146,D21-2746,D21,control,Oligodendrocyte,train
796,CATTCCGAGCGACAGT_D21-2746-0,GSE216146,D21-2746,D21,control,Microglia,train
1922,TAGACCACAGCGTGCT_D21-2746-0,GSE216146,D21-2746,D21,control,Astrocyte,train
629,ATTGGGTCATCCGAAT_D21-2746-0,GSE216146,D21-2746,D21,control,Ependymal,train
1970,TATCTTGCATCCCGTT_D21-2746-0,GSE216146,D21-2746,D21,control,Astrocyte,train
273,ACTTCGCTCTATACTC_D21-2746-0,GSE216146,D21-2746,D21,control,Immune,train
2461,TTGCGTCAGAGTGACC_D21-2746-0,GSE216146,D21-2746,D21,control,Oligodendrocyte,train
1318,GAGAAATCATACAGAA_D21-2746-0,GSE216146,D21-2746,D21,control,Endothelial,train
1707,GTCATTTTCGAGTCTA_D21-2746-0,GSE216146,D21-2746,D21,control,Endothelial,train
1819,GTTATGGTCTAACGGT_D21-2746-0,GSE216146,D21-2746,D21,control,Oligodendrocyte,train
1622,GGTGGCTGTTCATCGA_D21-2746-0,GSE216146,D21-2746,D21,control,Astrocyte,train
624,ATTCTACGTATTCCTT_D21-2746-0,GSE216146,D21-2746,D21,control,OPC,train
1190,CTGTACCGTGAATTAG_D21-2746-0,GSE216146,D21-2746,D21,control,Oligodendrocyte,train
2237,TGCAGATCAGGCACTC_D21-2746-0,GSE216146,D21-2746,D21,control,Microglia,train
1339,GAGTCATGTCACGCTG_D21-2746-0,GSE216146,D21-2746,D21,control,Astrocyte,train
489,ATACCTTAGCTATCTG_D21-2746-0,GSE216146,D21-2746,D21,control,Pericyte,train
599,ATTCACTAGGTTACCT_D21-2746-0,GSE216146,D21-2746,D21,control,Microglia,train
355,AGCGCCAAGACATCCT_D21-2746-0,GSE216146,D21-2746,D21,control,Oligodendrocyte,train
2445,TTCTTCCCAGGAATAT_D21-2746-0,GSE216146,D21-2746,D21,control,Oligodendrocyte,train
1549,GGGACTCAGCACCCAC_D21-2746-0,GSE216146,D21-2746,D21,control,Astrocyte,train
32,AACACACAGTGCCGAA_D21-2746-0,GSE216146,D21-2746,D21,control,Astrocyte,train
1296,GACCTTCTCCTTCAGC_D21-2746-0,GSE216146,D21-2746,D21,control,Microglia,train
635,ATTTCACGTCACAGTT_D21-2746-0,GSE216146,D21-2746,D21,control,Endothelial,train
80,AAGAACAGTCATGACT_D21-2746-0,GSE216146,D21-2746,D21,control,Astrocyte,train
1342,GAGTCTATCGCAGTGC_D21-2746-0,GSE216146,D21-2746,D21,control,Choroid Plexus,train
561,ATGCGATTCCGCGATG_D21-2746-0,GSE216146,D21-2746,D21,control,Oligodendrocyte,train
2479,TTGTGGATCCAAGCCG_D21-2746-0,GSE216146,D21-2746,D21,control,Astrocyte,train
1876,TACAGGTCAATGTCAC_D21-2746-0,GSE216146,D21-2746,D21,control,Astrocyte,train
1149,CTCTCAGGTAAGGCTG_D21-2746-0,GSE216146,D21-2746,D21,control,Progenitor,train
1422,GCAGTTATCACCCATC_D21-2746-0,GSE216146,D21-2746,D21,control,OPC,train
575,ATGGGAGGTGACACAG_D21-2746-0,GSE216146,D21-2746,D21,control,Oligodendrocyte,train
111,AAGTGAACAAGAATAC_D21-2746-0,GSE216146,D21-2746,D21,control,Oligodendrocyte,train
1215,CTTCTAACAAAGACGC_D21-2746-0,GSE216146,D21-2746,D21,control,Oligodendrocyte,train
762,CATCAAGCATCCCACT_D21-2746-0,GSE216146,D21-2746,D21,control,Endothelial,train
2380,TTAGGCAGTACGATCT_D21-2746-0,GSE216146,D21-2746,D21,control,Endothelial,train
871,CCGCAAGGTAGGCAGT_D21-2746-0,GSE216146,D21-2746,D21,control,Microglia,train
1283,GACCAATTCTTGGGCG_D21-2746-0,GSE216146,D21-2746,D21,control,Astrocyte,train
948,CGAAGTTCAAGAGTAT_D21-2746-0,GSE216146,D21-2746,D21,control,Endothelial,train
1432,GCATGATAGCACTGGA_D21-2746-0,GSE216146,D21-2746,D21,control,Oligodendrocyte,train
158,ACACGCGTCGCTTAAG_D21-2746-0,GSE216146,D21-2746,D21,control,Microglia,train
374,AGGAAATCATCCGCGA_D21-2746-0,GSE216146,D21-2746,D21,control,Oligodendrocyte,train
1921,TAGACCAAGTATGTAG_D21-2746-0,GSE216146,D21-2746,D21,control,Endothelial,train
2103,TCGACCTTCTCTTAAC_D21-2746-0,GSE216146,D21-2746,D21,control,Microglia,train
941,CCTTGTGTCACTGAAC_D21-2746-0,GSE216146,D21-2746,D21,control,Microglia,train
1795,GTGTGGCAGCGCCCAT_D21-2746-0,GSE216146,D21-2746,D21,control,Microglia,train
1282,GACCAATGTTTCGTAG_D21-2746-0,GSE216146,D21-2746,D21,control,Microglia,train
2418,TTCCTTCGTATTGCCA_D21-2746-0,GSE216146,D21-2746,D21,control,Oligodendrocyte,train
484,AGTTCGAGTCGAGCTC_D21-2746-0,GSE216146,D21-2746,D21,control,Oligodendrocyte,train
1859,TAAGCACGTTCGGCGT_D21-2746-0,GSE216146,D21-2746,D21,control,Oligodendrocyte,train
1126,CTCCCTCGTATACCTG_D21-2746-0,GSE216146,D21-2746,D21,control,Endothelial,train
205,ACCTGTCGTCTAGATC_D21-2746-0,GSE216146,D21-2746,D21,control,Microglia,train
2165,TCTTAGTGTGCTTCAA_D21-2746-0,GSE216146,D21-2746,D21,control,Neuron,train
1861,TAAGCCAAGCCAGAGT_D21-2746-0,GSE216146,D21-2746,D21,control,Astrocyte,train
2404,TTCCAATTCACTCGAA_D21-2746-0,GSE216146,D21-2746,D21,control,Microglia,train
248,ACTGATGTCTCTCGCA_D21-2746-0,GSE216146,D21-2746,D21,control,Oligodendrocyte,train
468,AGTGATCCAGGCTTGC_D21-2746-0,GSE216146,D21-2746,D21,control,Oligodendrocyte,train
1161,CTGAGCGTCTCTGCCA_D21-2746-0,GSE216146,D21-2746,D21,control,Astrocyte,train
2046,TCATTGTGTCGAGTGA_D21-2746-0,GSE216146,D21-2746,D21,control,Microglia,train
1973,TATTCCAAGCGTCAGA_D21-2746-0,GSE216146,D21-2746,D21,control,Oligodendrocyte,train
1474,GCGGAAATCGAACACT_D21-2746-0,GSE216146,D21-2746,D21,control,Microglia,train
7,AAACGCTGTTCGGTAT_D21-2746-0,GSE216146,D21-2746,D21,control,Endothelial,train
1304,GACTATGGTATCGTTG_D21-2746-0,GSE216146,D21-2746,D21,control,Microglia,train
416,AGGTAGGTCGACGTCG_D21-2746-0,GSE216146,D21-2746,D21,control,Microglia,train
47,AACCAACGTTGAGTCT_D21-2746-0,GSE216146,D21-2746,D21,control,Endothelial,train
58,AACCTGATCACTGGGC_D21-2746-0,GSE216146,D21-2746,D21,control,OPC,train
13,AAAGGGCCAGAGAAAG_D21-2746-0,GSE216146,D21-2746,D21,control,Endothelial,train
1475,GCGGAAATCGGCGATC_D21-2746-0,GSE216146,D21-2746,D21,control,Microglia,train
766,CATCCACTCCTGTAAG_D21-2746-0,GSE216146,D21-2746,D21,control,Astrocyte,train
1763,GTGCTGGGTAAGCTCT_D21-2746-0,GSE216146,D21-2746,D21,control,Astrocyte,train
804,CATTGAGTCGTGGGTC_D21-2746-0,GSE216146,D21-2746,D21,control,Oligodendrocyte,train
103,AAGGTAAAGAAATGGG_D21-2746-0,GSE216146,D21-2746,D21,control,Choroid Plexus,train
1857,TAACTTCCAGGGATAC_D21-2746-0,GSE216146,D21-2746,D21,control,Microglia,train
1199,CTGTGAACAGAGTTCT_D21-2746-0,GSE216146,D21-2746,D21,control,Astrocyte,train
30,AACAACCTCTTAGTTC_D21-2746-0,GSE216146,D21-2746,D21,control,OPC,train
311,AGACAGGTCCATCACC_D21-2746-0,GSE216146,D21-2746,D21,control,Microglia,train
2269,TGCTCGTCACGAGGTA_D21-2746-0,GSE216146,D21-2746,D21,control,Astrocyte,train
770,CATCCCACAGCTTCCT_D21-2746-0,GSE216146,D21-2746,D21,control,Oligodendrocyte,train
507,ATCACTTTCGTGGCGT_D21-2746-0,GSE216146,D21-2746,D21,control,Oligodendrocyte,train
211,ACGATGTGTCAGTCTA_D21-2746-0,GSE216146,D21-2746,D21,control,Ependymal,train
272,ACTTCGCGTTACCGTA_D21-2746-0,GSE216146,D21-2746,D21,control,Endothelial,train
916,CCTCCAATCAATCTTC_D21-2746-0,GSE216146,D21-2746,D21,control,Microglia,train
1481,GCGTGCATCCGAGATT_D21-2746-0,GSE216146,D21-2746,D21,control,Oligodendrocyte,train
2374,TTACGCCCAGAGGACT_D21-2746-0,GSE216146,D21-2746,D21,control,Endothelial,train
1013,CGGGCATGTCCTATAG_D21-2746-0,GSE216146,D21-2746,D21,control,OPC,train
16,AAAGGTAAGCCTCCAG_D21-2746-0,GSE216146,D21-2746,D21,control,Neuron,train
918,CCTCCTCAGAGGTGCT_D21-2746-0,GSE216146,D21-2746,D21,control,Microglia,train
1391,GATTGGTAGAAGCGCT_D21-2746-0,GSE216146,D21-2746,D21,control,Astrocyte,train
816,CCACACTAGTGGCGAT_D21-2746-0,GSE216146,D21-2746,D21,control,Astrocyte,train
1997,TCAAGTGCACGTTGGC_D21-2746-0,GSE216146,D21-2746,D21,control,Astrocyte,train
37,AACACACTCCCTTGTG_D21-2746-0,GSE216146,D21-2746,D21,control,Choroid Plexus,train
2444,TTCTTCCAGTTCAACC_D21-2746-0,GSE216146,D21-2746,D21,control,Oligodendrocyte,train
1001,CGGACACGTCCTCCAT_D21-2746-0,GSE216146,D21-2746,D21,control,Oligodendrocyte,train
1053,CTAACCCAGGTGCAGT_D21-2746-0,GSE216146,D21-2746,D21,control,Choroid Plexus,train
1494,GCTGCAGGTCTCGCGA_D21-2746-0,GSE216146,D21-2746,D21,control,OPC,train
1429,GCATCTCCAGACAAGC_D21-2746-0,GSE216146,D21-2746,D21,control,Microglia,train
1520,GGATGTTAGGTCTACT_D21-2746-0,GSE216146,D21-2746,D21,control,Astrocyte,train
693,CACGGGTTCTCATTAC_D21-2746-0,GSE216146,D21-2746,D21,control,Oligodendrocyte,train
520,ATCGATGCATAGTCAC_D21-2746-0,GSE216146,D21-2746,D21,control,Microglia,train
860,CCGAACGCAACTCATG_D21-2746-0,GSE216146,D21-2746,D21,control,Immune,train
1402,GCAACATTCGTTCCTG_D21-2746-0,GSE216146,D21-2746,D21,control,Microglia,train
978,CGATGGCCAGCGGTTC_D21-2746-0,GSE216146,D21-2746,D21,control,Astrocyte,train
70,AACGTCAAGGGCCTCT_D21-2746-0,GSE216146,D21-2746,D21,control,OPC,train
350,AGCCAGCTCAAACCCA_D21-2746-0,GSE216146,D21-2746,D21,control,Pericyte,train
160,ACACTGAAGAAATTCG_D21-2746-0,GSE216146,D21-2746,D21,control,Oligodendrocyte,train
1888,TACCCGTTCCTGGGTG_D21-2746-0,GSE216146,D21-2746,D21,control,Oligodendrocyte,train
2055,TCCACCACAGAGAATT_D21-2746-0,GSE216146,D21-2746,D21,control,Astrocyte,train
409,AGGGCTCTCCACTAGA_D21-2746-0,GSE216146,D21-2746,D21,control,Astrocyte,train
895,CCTAACCGTGTTAGCT_D21-2746-0,GSE216146,D21-2746,D21,control,OPC,train
1798,GTGTTCCAGGTCATTC_D21-2746-0,GSE216146,D21-2746,D21,control,Oligodendrocyte,train
1749,GTGAGTTGTTTCGGCG_D21-2746-0,GSE216146,D21-2746,D21,control,Astrocyte,train
1222,CTTCTAAGTTGCAAGG_D21-2746-0,GSE216146,D21-2746,D21,control,Microglia,train
10,AAAGGATCAAATGAAC_D21-2746-0,GSE216146,D21-2746,D21,control,Oligodendrocyte,train
2424,TTCGCTGGTGAATATG_D21-2746-0,GSE216146,D21-2746,D21,control,Astrocyte,train
2504,TTTATGCGTGGCTAGA_D21-2746-0,GSE216146,D21-2746,D21,control,Oligodendrocyte,train
345,AGCATCAGTGAGATTA_D21-2746-0,GSE216146,D21-2746,D21,control,Oligodendrocyte,train
1604,GGTAATCTCCACAGCG_D21-2746-0,GSE216146,D21-2746,D21,control,Microglia,train
2518,TTTCGATCATGTTCAG_D21-2746-0,GSE216146,D21-2746,D21,control,Oligodendrocyte,train
2279,TGCTTGCGTCGTGGTC_D21-2746-0,GSE216146,D21-2746,D21,control,Microglia,train
373,AGGAAATCAGGCAATG_D21-2746-0,GSE216146,D21-2746,D21,control,Oligodendrocyte,train
1384,GATGGAGGTTAAGTCC_D21-2746-0,GSE216146,D21-2746,D21,control,Microglia,train
1594,GGGTGTCCATAGACTC_D21-2746-0,GSE216146,D21-2746,D21,control,OPC,train
944,CGAAGGAAGTAATCCC_D21-2746-0,GSE216146,D21-2746,D21,control,Oligodendrocyte,train
1917,TACTTGTAGCGTTGTT_D21-2746-0,GSE216146,D21-2746,D21,control,OPC,train
744,CAGTTAGGTGTCGCTG_D21-2746-0,GSE216146,D21-2746,D21,control,Microglia,train
1084,CTATAGGGTGCATTAC_D21-2746-0,GSE216146,D21-2746,D21,control,Neuron,train
28,AACAACCGTTACGTAC_D21-2746-0,GSE216146,D21-2746,D21,control,Microglia,train
2426,TTCGCTGTCGCACGAC_D21-2746-0,GSE216146,D21-2746,D21,control,Oligodendrocyte,train
988,CGCCATTGTTTACCAG_D21-2746-0,GSE216146,D21-2746,D21,control,Microglia,train
1388,GATTCGAGTGAATTAG_D21-2746-0,GSE216146,D21-2746,D21,control,Oligodendrocyte,train
1651,GTAATCGTCACTGTCC_D21-2746-0,GSE216146,D21-2746,D21,control,Astrocyte,train
2409,TTCCGGTTCAACGAGG_D21-2746-0,GSE216146,D21-2746,D21,control,Oligodendrocyte,train
638,ATTTCTGGTACTGACT_D21-2746-0,GSE216146,D21-2746,D21,control,Astrocyte,train
1083,CTAGGTATCTCGTTTA_D21-2746-0,GSE216146,D21-2746,D21,control,Astrocyte,train
586,ATGTCTTCAGGCATTT_D21-2746-0,GSE216146,D21-2746,D21,control,Microglia,train
2456,TTGATGGTCACTCTTA_D21-2746-0,GSE216146,D21-2746,D21,control,Endothelial,train
1775,GTGGCGTTCTAGGCCG_D21-2746-0,GSE216146,D21-2746,D21,control,Endothelial,train
2131,TCGTCCAGTGGACCAA_D21-2746-0,GSE216146,D21-2746,D21,control,Microglia,train
2310,TGGTAGTTCGTCCATC_D21-2746-0,GSE216146,D21-2746,D21,control,Astrocyte,train
1208,CTTCAATCAGAGGCAT_D21-2746-0,GSE216146,D21-2746,D21,control,Microglia,train
1166,CTGCAGGCATCTGGGC_D21-2746-0,GSE216146,D21-2746,D21,control,Astrocyte,train
251,ACTGCAACATAGGTTC_D21-2746-0,GSE216146,D21-2746,D21,control,Neuron,train
1814,GTTATGGAGTCATGGG_D21-2746-0,GSE216146,D21-2746,D21,control,Endothelial,train
1511,GGAGATGTCACCGACG_D21-2746-0,GSE216146,D21-2746,D21,control,Microglia,train
1338,GAGTCATGTACGAGCA_D21-2746-0,GSE216146,D21-2746,D21,control,Microglia,train
1197,CTGTGAAAGTTTGGCT_D21-2746-0,GSE216146,D21-2746,D21,control,Neuron,train
2137,TCGTGCTTCTTTGGAG_D21-2746-0,GSE216146,D21-2746,D21,control,OPC,train
2437,TTCTCTCGTTGCGTAT_D21-2746-0,GSE216146,D21-2746,D21,control,Oligodendrocyte,train
530,ATCGTGACACTCAAGT_D21-2746-0,GSE216146,D21-2746,D21,control,Astrocyte,train
1601,GGTAACTTCGAATGCT_D21-2746-0,GSE216146,D21-2746,D21,control,Oligodendrocyte,train
610,ATTCCATAGCTAAGTA_D21-2746-0,GSE216146,D21-2746,D21,control,Microglia,train
259,ACTGTGATCTAGCAAC_D21-2746-0,GSE216146,D21-2746,D21,control,Microglia,train
531,ATCGTGAGTTATAGAG_D21-2746-0,GSE216146,D21-2746,D21,control,Astrocyte,train
1844,GTTGTAGTCTACTGAG_D21-2746-0,GSE216146,D21-2746,D21,control,Oligodendrocyte,train
2143,TCTACATAGGGATCAC_D21-2746-0,GSE216146,D21-2746,D21,control,Microglia,train
2315,TGGTTAGTCACAGAGG_D21-2746-0,GSE216146,D21-2746,D21,control,Pericyte,train
703,CACTGAATCAGAGTGG_D21-2746-0,GSE216146,D21-2746,D21,control,Microglia,train
2293,TGGATGTGTATTTCTC_D21-2746-0,GSE216146,D21-2746,D21,control,Microglia,train
1559,GGGATCCAGCAAGTCG_D21-2746-0,GSE216146,D21-2746,D21,control,Endothelial,train
523,ATCGGATAGAGCCATG_D21-2746-0,GSE216146,D21-2746,D21,control,Oligodendrocyte,train
1364,GATCATGCACGCTGCA_D21-2746-0,GSE216146,D21-2746,D21,control,Astrocyte,train
657,CAAGACTGTGATTCAC_D21-2746-0,GSE216146,D21-2746,D21,control,Oligodendrocyte,train
477,AGTTAGCCATGGAGAC_D21-2746-0,GSE216146,D21-2746,D21,control,Microglia,train
765,CATCCACCATACTGTG_D21-2746-0,GSE216146,D21-2746,D21,control,OPC,train
888,CCGGTGATCTTCTAAC_D21-2746-0,GSE216146,D21-2746,D21,control,Microglia,train
2057,TCCAGAAGTCAATCTG_D21-2746-0,GSE216146,D21-2746,D21,control,Microglia,train
1532,GGCAGTCTCGCGGTAC_D21-2746-0,GSE216146,D21-2746,D21,control,Progenitor,train
2282,TGGAACTGTCATCAGT_D21-2746-0,GSE216146,D21-2746,D21,control,Progenitor,train
1464,GCCGATGTCTCCGATC_D21-2746-0,GSE216146,D21-2746,D21,control,Oligodendrocyte,train
1268,GAATCACAGCGAGAAA_D21-2746-0,GSE216146,D21-2746,D21,control,Astrocyte,train
363,AGCGTATAGTGGTCAG_D21-2746-0,GSE216146,D21-2746,D21,control,Endothelial,train
297,AGAAGTAAGCGAACTG_D21-2746-0,GSE216146,D21-2746,D21,control,Endothelial,train
1331,GAGGCAAGTGCAGATG_D21-2746-0,GSE216146,D21-2746,D21,control,Oligodendrocyte,train
1534,GGCGTCAAGGAAAGGT_D21-2746-0,GSE216146,D21-2746,D21,control,Astrocyte,train
372,AGCTTCCAGCGATGAC_D21-2746-0,GSE216146,D21-2746,D21,control,Microglia,train
1457,GCCCAGACAGTCGCAC_D21-2746-0,GSE216146,D21-2746,D21,control,Microglia,train
2292,TGGATGTCAATCGCAT_D21-2746-0,GSE216146,D21-2746,D21,control,Oligodendrocyte,train
1209,CTTCAATTCGGCTGAC_D21-2746-0,GSE216146,D21-2746,D21,control,Microglia,train
330,AGAGAGCTCCTACTGC_D21-2746-0,GSE216146,D21-2746,D21,control,Oligodendrocyte,train
1958,TATCAGGAGATGCTGG_D21-2746-0,GSE216146,D21-2746,D21,control,Microglia,train
2299,TGGGAGAGTCATATGC_D21-2746-0,GSE216146,D21-2746,D21,control,Microglia,train
2465,TTGCTGCAGGTACAAT_D21-2746-0,GSE216146,D21-2746,D21,control,Choroid Plexus,train
1392,GATTGGTAGCATGGGT_D21-2746-0,GSE216146,D21-2746,D21,control,OPC,train
558,ATGCGATCAGAGAAAG_D21-2746-0,GSE216146,D21-2746,D21,control,Astrocyte,train
1442,GCCAGCAAGCGGACAT_D21-2746-0,GSE216146,D21-2746,D21,control,Microglia,train
1443,GCCAGGTAGATCGCTT_D21-2746-0,GSE216146,D21-2746,D21,control,Microglia,train
1824,GTTCGCTAGCAAATCA_D21-2746-0,GSE216146,D21-2746,D21,control,Oligodendrocyte,train
556,ATGCATGAGAGGTATT_D21-2746-0,GSE216146,D21-2746,D21,control,Endothelial,train
632,ATTTACCCACGATAGG_D21-2746-0,GSE216146,D21-2746,D21,control,Microglia,train
458,AGTCTCCCACAGTGAG_D21-2746-0,GSE216146,D21-2746,D21,control,Microglia,train
1702,GTCATGAGTGATTAGA_D21-2746-0,GSE216146,D21-2746,D21,control,Microglia,train
878,CCGGACATCCGGGACT_D21-2746-0,GSE216146,D21-2746,D21,control,Microglia,train
1967,TATCTGTTCGAAGTGG_D21-2746-0,GSE216146,D21-2746,D21,control,Oligodendrocyte,train
1609,GGTCACGAGTTAACGA_D21-2746-0,GSE216146,D21-2746,D21,control,Microglia,train
63,AACGAAATCCTCACGT_D21-2746-0,GSE216146,D21-2746,D21,control,Oligodendrocyte,train
960,CGAGGAACACACAGCC_D21-2746-0,GSE216146,D21-2746,D21,control,Microglia,train
621,ATTCTACCAGGTATGG_D21-2746-0,GSE216146,D21-2746,D21,control,Microglia,train
1806,GTTACCCTCCAGTACA_D21-2746-0,GSE216146,D21-2746,D21,control,Oligodendrocyte,train
141,AATTCCTGTAAGATTG_D21-2746-0,GSE216146,D21-2746,D21,control,Astrocyte,train
140,AATGGCTGTACGTGAG_D21-2746-0,GSE216146,D21-2746,D21,control,Astrocyte,train
783,CATGCCTCACAGAGAC_D21-2746-0,GSE216146,D21-2746,D21,control,Microglia,train
1634,GGTTGTAGTCCTCATC_D21-2746-0,GSE216146,D21-2746,D21,control,OPC,train
1923,TAGACCATCCGCAACG_D21-2746-0,GSE216146,D21-2746,D21,control,Astrocyte,train
1508,GGAGAACTCTGATTCT_D21-2746-0,GSE216146,D21-2746,D21,control,Endothelial,train
1350,GAGTTACGTTACTCAG_D21-2746-0,GSE216146,D21-2746,D21,control,Oligodendrocyte,train
1496,GCTGGGTTCCTAGAGT_D21-2746-0,GSE216146,D21-2746,D21,control,Astrocyte,train
487,ATACCGATCAGTGTCA_D21-2746-0,GSE216146,D21-2746,D21,control,Ependymal,train
2147,TCTATCAGTCCAATCA_D21-2746-0,GSE216146,D21-2746,D21,control,Endothelial,train
761,CATCAAGAGAAGCCAC_D21-2746-0,GSE216146,D21-2746,D21,control,Choroid Plexus,train
884,CCGGTAGTCAAGGCTT_D21-2746-0,GSE216146,D21-2746,D21,control,Astrocyte,train
539,ATGAAAGCACCGTCTT_D21-2746-0,GSE216146,D21-2746,D21,control,Microglia,train
874,CCGCAAGTCGAGAACG_D21-2746-0,GSE216146,D21-2746,D21,control,Endothelial,train
2217,TGATCTTAGCTTAAGA_D21-2746-0,GSE216146,D21-2746,D21,control,Immune,train
243,ACTCCCAAGGAAGTGA_D21-2746-0,GSE216146,D21-2746,D21,control,Oligodendrocyte,train
1238,CTTTCGGCAAGGACAC_D21-2746-0,GSE216146,D21-2746,D21,control,Endothelial,train
12,AAAGGGCCAATAACCC_D21-2746-0,GSE216146,D21-2746,D21,control,Oligodendrocyte,train
546,ATGACCACAAGCCTGC_D21-2746-0,GSE216146,D21-2746,D21,control,Endothelial,train
620,ATTCTACCACCGGCTA_D21-2746-0,GSE216146,D21-2746,D21,control,Immune,train
2054,TCCACCACACTACGGC_D21-2746-0,GSE216146,D21-2746,D21,control,Endothelial,train
712,CAGATACCAACGACAG_D21-2746-0,GSE216146,D21-2746,D21,control,Oligodendrocyte,train
649,CAACGATCATCAGTCA_D21-2746-0,GSE216146,D21-2746,D21,control,Oligodendrocyte,train
1963,TATCGCCAGTTGCTGT_D21-2746-0,GSE216146,D21-2746,D21,control,Microglia,train
1048,CGTTGGGAGCTACGTT_D21-2746-0,GSE216146,D21-2746,D21,control,Microglia,train
423,AGGTTACGTCACCTTC_D21-2746-0,GSE216146,D21-2746,D21,control,Microglia,train
1501,GGAACCCGTGAAGCGT_D21-2746-0,GSE216146,D21-2746,D21,control,Oligodendrocyte,train
1063,CTACAGATCGACGTCG_D21-2746-0,GSE216146,D21-2746,D21,control,Microglia,train
696,CACGTGGTCTGCTTTA_D21-2746-0,GSE216146,D21-2746,D21,control,Microglia,train
1498,GCTTCACGTGATAGAT_D21-2746-0,GSE216146,D21-2746,D21,control,Pericyte,train
390,AGGATCTCATTCATCT_D21-2746-0,GSE216146,D21-2746,D21,control,Microglia,train
2482,TTGTGTTTCGCTCTCA_D21-2746-0,GSE216146,D21-2746,D21,control,Microglia,train
771,CATCCCAGTCGACTGC_D21-2746-0,GSE216146,D21-2746,D21,control,Choroid Plexus,train
613,ATTCCTACAAATGGAT_D21-2746-0,GSE216146,D21-2746,D21,control,Astrocyte,train
639,CAAAGAAGTGCATACT_D21-2746-0,GSE216146,D21-2746,D21,control,Oligodendrocyte,train
930,CCTCTCCCAAATGAAC_D21-2746-0,GSE216146,D21-2746,D21,control,Microglia,train
142,AATTCCTGTAGATGTA_D21-2746-0,GSE216146,D21-2746,D21,control,Choroid Plexus,train
566,ATGGAGGCACGGATCC_D21-2746-0,GSE216146,D21-2746,D21,control,Oligodendrocyte,train
127,AATCGTGCAAGTGCAG_D21-2746-0,GSE216146,D21-2746,D21,control,Progenitor,train
358,AGCGCCATCTTACACT_D21-2746-0,GSE216146,D21-2746,D21,control,Oligodendrocyte,train
2252,TGCCGAGCAACCTAAC_D21-2746-0,GSE216146,D21-2746,D21,control,Oligodendrocyte,train
1345,GAGTGAGCAAGGCTTT_D21-2746-0,GSE216146,D21-2746,D21,control,Astrocyte,train
1210,CTTCCGAAGGTCGTAG_D21-2746-0,GSE216146,D21-2746,D21,control,Oligodendrocyte,train
1727,GTCTAGAGTACCTGTA_D21-2746-0,GSE216146,D21-2746,D21,control,Microglia,train
2498,TTTACTGCACGACGAA_D21-2746-0,GSE216146,D21-2746,D21,control,Immune,train
1935,TAGCACAAGCAATAGT_D21-2746-0,GSE216146,D21-2746,D21,control,Oligodendrocyte,train
87,AAGCATCGTAACTTCG_D21-2746-0,GSE216146,D21-2746,D21,control,OPC,train
1811,GTTAGACGTAGCGATG_D21-2746-0,GSE216146,D21-2746,D21,control,Endothelial,train
584,ATGTCCCGTAGCGTCC_D21-2746-0,GSE216146,D21-2746,D21,control,Microglia,train
1632,GGTTCTCGTGAGTTTC_D21-2746-0,GSE216146,D21-2746,D21,control,Microglia,train
301,AGAAGTAGTCCTCAGG_D21-2746-0,GSE216146,D21-2746,D21,control,Microglia,train
161,ACACTGACACATTCGA_D21-2746-0,GSE216146,D21-2746,D21,control,Microglia,train
710,CACTGTCTCCCGAGTG_D21-2746-0,GSE216146,D21-2746,D21,control,Microglia,train
2297,TGGGAAGGTTAAGAAC_D21-2746-0,GSE216146,D21-2746,D21,control,Microglia,train
2047,TCATTGTGTGTCCAAT_D21-2746-0,GSE216146,D21-2746,D21,control,Endothelial,train
1547,GGGACCTCACGCAAAG_D21-2746-0,GSE216146,D21-2746,D21,control,Endothelial,train
1076,CTACTATTCGGAAACG_D21-2746-0,GSE216146,D21-2746,D21,control,OPC,train
1914,TACTTCAGTGATACTC_D21-2746-0,GSE216146,D21-2746,D21,control,Microglia,train
1038,CGTGAATTCGGACTGC_D21-2746-0,GSE216146,D21-2746,D21,control,Oligodendrocyte,train
1313,GACTTCCCATGAAGCG_D21-2746-0,GSE216146,D21-2746,D21,control,Microglia,train
1980,TATTGGGAGTGCAGGT_D21-2746-0,GSE216146,D21-2746,D21,control,Microglia,train
200,ACCTACCTCACCATGA_D21-2746-0,GSE216146,D21-2746,D21,control,Astrocyte,train
2015,TCAGCCTAGCTATCTG_D21-2746-0,GSE216146,D21-2746,D21,control,Microglia,train
2514,TTTCATGGTAACGCGA_D21-2746-0,GSE216146,D21-2746,D21,control,Oligodendrocyte,train
2307,TGGGCTGGTGTACAGG_D21-2746-0,GSE216146,D21-2746,D21,control,Choroid Plexus,train
1943,TAGGGTTTCGTGTTCC_D21-2746-0,GSE216146,D21-2746,D21,control,Microglia,train
2345,TGTGCGGGTTGTTGAC_D21-2746-0,GSE216146,D21-2746,D21,control,Oligodendrocyte,train
1385,GATGTTGAGCTACTGT_D21-2746-0,GSE216146,D21-2746,D21,control,Endothelial,train
2457,TTGATGGTCATAGGCT_D21-2746-0,GSE216146,D21-2746,D21,control,Microglia,validation
2000,TCAATTCCACTAGGTT_D21-2746-0,GSE216146,D21-2746,D21,control,Astrocyte,validation
1230,CTTGAGAGTGGATCGA_D21-2746-0,GSE216146,D21-2746,D21,control,Choroid Plexus,validation
1070,CTACGGGAGTAGCTCT_D21-2746-0,GSE216146,D21-2746,D21,control,Microglia,validation
1782,GTGGTTACACTTGGCG_D21-2746-0,GSE216146,D21-2746,D21,control,Oligodendrocyte,validation
1550,GGGACTCAGCCTAACT_D21-2746-0,GSE216146,D21-2746,D21,control,OPC,validation
1075,CTACTATCAAATGAAC_D21-2746-0,GSE216146,D21-2746,D21,control,Endothelial,validation
357,AGCGCCAGTATATGGA_D21-2746-0,GSE216146,D21-2746,D21,control,Microglia,validation
1832,GTTGCGGAGTATAACG_D21-2746-0,GSE216146,D21-2746,D21,control,Microglia,validation
992,CGCGTGAGTCCAGCCA_D21-2746-0,GSE216146,D21-2746,D21,control,Oligodendrocyte,validation
408,AGGGCTCGTCAACATC_D21-2746-0,GSE216146,D21-2746,D21,control,Microglia,validation
2005,TCACAAGTCCTTACCG_D21-2746-0,GSE216146,D21-2746,D21,control,Microglia,validation
668,CAATGACAGGATTCCT_D21-2746-0,GSE216146,D21-2746,D21,control,Astrocyte,validation
1924,TAGACTGCAAACACCT_D21-2746-0,GSE216146,D21-2746,D21,control,Oligodendrocyte,validation
1112,CTCATCGTCTTTCGAT_D21-2746-0,GSE216146,D21-2746,D21,control,Endothelial,validation
788,CATGGATTCTAAGGAA_D21-2746-0,GSE216146,D21-2746,D21,control,Microglia,validation
1552,GGGACTCGTGGCTACC_D21-2746-0,GSE216146,D21-2746,D21,control,Microglia,validation
1692,GTCACGGCATCCTAAG_D21-2746-0,GSE216146,D21-2746,D21,control,Microglia,validation
1898,TACCTGCAGGCTAACG_D21-2746-0,GSE216146,D21-2746,D21,control,Astrocyte,validation
1321,GAGACTTCAGCGGTCT_D21-2746-0,GSE216146,D21-2746,D21,control,Choroid Plexus,validation
2318,TGTAAGCAGTCGTTAC_D21-2746-0,GSE216146,D21-2746,D21,control,Astrocyte,validation
1841,GTTGTAGCATAGTCGT_D21-2746-0,GSE216146,D21-2746,D21,control,Oligodendrocyte,validation
2216,TGATCAGTCAAGTCTG_D21-2746-0,GSE216146,D21-2746,D21,control,OPC,validation
626,ATTCTTGAGGTCACAG_D21-2746-0,GSE216146,D21-2746,D21,control,Microglia,validation
2522,TTTGACTCAACATACC_D21-2746-0,GSE216146,D21-2746,D21,control,Oligodendrocyte,validation
1249,GAACTGTTCAACGAGG_D21-2746-0,GSE216146,D21-2746,D21,control,Microglia,validation
2395,TTCACGCCAGTCTGGC_D21-2746-0,GSE216146,D21-2746,D21,control,Microglia,validation
1666,GTAGAGGGTATGCAAA_D21-2746-0,GSE216146,D21-2746,D21,control,Microglia,validation
2204,TGAGGAGTCACATTGG_D21-2746-0,GSE216146,D21-2746,D21,control,Immune,validation
1374,GATGAGGAGTGCCGAA_D21-2746-0,GSE216146,D21-2746,D21,control,Oligodendrocyte,validation
872,CCGCAAGGTTCCAAAC_D21-2746-0,GSE216146,D21-2746,D21,control,Astrocyte,validation
2011,TCACTATAGTCCCAGC_D21-2746-0,GSE216146,D21-2746,D21,control,Choroid Plexus,validation
108,AAGTACCGTGCTCTCT_D21-2746-0,GSE216146,D21-2746,D21,control,Immune,validation
1509,GGAGATGCACTGTGAT_D21-2746-0,GSE216146,D21-2746,D21,control,Microglia,validation
2171,TCTTGCGAGTGCCTCG_D21-2746-0,GSE216146,D21-2746,D21,control,Microglia,validation
2433,TTCTAGTAGGCTTAAA_D21-2746-0,GSE216146,D21-2746,D21,control,Microglia,validation
1990,TCAAGACTCGACGACC_D21-2746-0,GSE216146,D21-2746,D21,control,Microglia,validation
1175,CTGCGAGTCGTCTACC_D21-2746-0,GSE216146,D21-2746,D21,control,Endothelial,validation
1747,GTGAGGAGTCTGTAAC_D21-2746-0,GSE216146,D21-2746,D21,control,Choroid Plexus,validation
340,AGATCGTCAACAGAGC_D21-2746-0,GSE216146,D21-2746,D21,control,Neuron,validation
1781,GTGGTTAAGAGTTGCG_D21-2746-0,GSE216146,D21-2746,D21,control,Astrocyte,validation
867,CCGCAAGAGAGCAGTC_D21-2746-0,GSE216146,D21-2746,D21,control,Oligodendrocyte,validation
440,AGTAGTCCAGCCTACG_D21-2746-0,GSE216146,D21-2746,D21,control,Astrocyte,validation
705,CACTGGGCATTCACCC_D21-2746-0,GSE216146,D21-2746,D21,control,Oligodendrocyte,validation
1742,GTGACGCAGTGTACCT_D21-2746-0,GSE216146,D21-2746,D21,control,Microglia,validation
842,CCCGGAATCACGGTCG_D21-2746-0,GSE216146,D21-2746,D21,control,Oligodendrocyte,validation
1961,TATCCTAAGATTCGAA_D21-2746-0,GSE216146,D21-2746,D21,control,Microglia,validation
1105,CTCAGGGGTGGCACTC_D21-2746-0,GSE216146,D21-2746,D21,control,Oligodendrocyte,validation
709,CACTGTCGTTAGAAGT_D21-2746-0,GSE216146,D21-2746,D21,control,OPC,validation
2051,TCATTTGGTCACTACA_D21-2746-0,GSE216146,D21-2746,D21,control,Neuron,validation
2191,TGACAGTTCCACTGGG_D21-2746-0,GSE216146,D21-2746,D21,control,Oligodendrocyte,test
738,CAGGTATCACAATTCG_D21-2746-0,GSE216146,D21-2746,D21,control,Microglia,test
1356,GATAGAAGTGCCTTCT_D21-2746-0,GSE216146,D21-2746,D21,control,Microglia,test
493,ATAGACCGTCAGTCCG_D21-2746-0,GSE216146,D21-2746,D21,control,Choroid Plexus,test
76,AACTTCTGTCGTCGGT_D21-2746-0,GSE216146,D21-2746,D21,control,Endothelial,test
1078,CTAGACAGTCATAGTC_D21-2746-0,GSE216146,D21-2746,D21,control,Oligodendrocyte,test
1920,TACTTGTGTACTAAGA_D21-2746-0,GSE216146,D21-2746,D21,control,Oligodendrocyte,test
1894,TACCGGGCACACGTGC_D21-2746-0,GSE216146,D21-2746,D21,control,Ependymal,test
175,ACATTTCTCATGAGAA_D21-2746-0,GSE216146,D21-2746,D21,control,Oligodendrocyte,test
2234,TGCACGGTCTATCCAT_D21-2746-0,GSE216146,D21-2746,D21,control,Oligodendrocyte,test
1056,CTAACTTCATTGCTGA_D21-2746-0,GSE216146,D21-2746,D21,control,Microglia,test
1852,TAACCAGTCGAGTTGT_D21-2746-0,GSE216146,D21-2746,D21,control,Choroid Plexus,test
676,CACACAAAGCGTGTCC_D21-2746-0,GSE216146,D21-2746,D21,control,Microglia,test
731,CAGCGTGTCGCTGTTC_D21-2746-0,GSE216146,D21-2746,D21,control,OPC,test
1260,GAAGGACAGAGTGAAG_D21-2746-0,GSE216146,D21-2746,D21,control,Oligodendrocyte,test
1946,TAGGTACCAGACCTGC_D21-2746-0,GSE216146,D21-2746,D21,control,Endothelial,test
353,AGCGATTAGTCTTCCC_D21-2746-0,GSE216146,D21-2746,D21,control,Oligodendrocyte,test
2166,TCTTAGTTCAGCTAGT_D21-2746-0,GSE216146,D21-2746,D21,control,Oligodendrocyte,test
2308,TGGGTTACAGCTACCG_D21-2746-0,GSE216146,D21-2746,D21,control,Microglia,test
237,ACTATCTGTCGAACGA_D21-2746-0,GSE216146,D21-2746,D21,control,Microglia,test
308,AGACAGGAGGAACTAT_D21-2746-0,GSE216146,D21-2746,D21,control,Progenitor,test
2151,TCTCACGTCAAGGCTT_D21-2746-0,GSE216146,D21-2746,D21,control,Oligodendrocyte,test
1438,GCCAACGAGTATGAAC_D21-2746-0,GSE216146,D21-2746,D21,control,OPC,test
2184,TGAATGCGTGTCCAAT_D21-2746-0,GSE216146,D21-2746,D21,control,Astrocyte,test
2344,TGTGCGGCACGTCTCT_D21-2746-0,GSE216146,D21-2746,D21,control,Microglia,test
2495,TTTACGTAGTAAGCAT_D21-2746-0,GSE216146,D21-2746,D21,control,Pericyte,test
1541,GGCTTTCTCATGAGGG_D21-2746-0,GSE216146,D21-2746,D21,control,Microglia,test
1837,GTTGCTCTCCCTTTGG_D21-2746-0,GSE216146,D21-2746,D21,control,Microglia,test
528,ATCGTAGCAACTCATG_D21-2746-0,GSE216146,D21-2746,D21,control,Progenitor,test
2491,TTGTTTGTCTTACGGA_D21-2746-0,GSE216146,D21-2746,D21,control,Microglia,test
1630,GGTTAACGTGCACATT_D21-2746-0,GSE216146,D21-2746,D21,control,Microglia,test
1050,CGTTGGGTCCGTGCGA_D21-2746-0,GSE216146,D21-2746,D21,control,Astrocyte,test
191,ACCCTCACAATCGTCA_D21-2746-0,GSE216146,D21-2746,D21,control,Progenitor,test
1272,GAATCACTCAAGCCTA_D21-2746-0,GSE216146,D21-2746,D21,control,Choroid Plexus,test
1848,TAACACGAGCCTGACC_D21-2746-0,GSE216146,D21-2746,D21,control,Astrocyte,test
886,CCGGTAGTCTGCATGA_D21-2746-0,GSE216146,D21-2746,D21,control,Astrocyte,test
1393,GATTGGTCACAAATCC_D21-2746-0,GSE216146,D21-2746,D21,control,Microglia,test
970,CGATCGGCATTAAGCC_D21-2746-0,GSE216146,D21-2746,D21,control,Astrocyte,test
714,CAGATCACAACCACGC_D21-2746-0,GSE216146,D21-2746,D21,control,Microglia,test
270,ACTTCGCAGTAGCTCT_D21-2746-0,GSE216146,D21-2746,D21,control,Endothelial,test
1182,CTGGACGGTGGGATTG_D21-2746-0,GSE216146,D21-2746,D21,control,OPC,test
1695,GTCACTCAGGAGATAG_D21-2746-0,GSE216146,D21-2746,D21,control,Progenitor,test
305,AGACAAATCCGATGTA_D21-2746-0,GSE216146,D21-2746,D21,control,Choroid Plexus,test
2490,TTGTTTGGTGTCTAAC_D21-2746-0,GSE216146,D21-2746,D21,control,Endothelial,test
2136,TCGTGCTTCGGAGATG_D21-2746-0,GSE216146,D21-2746,D21,control,Astrocyte,test
1680,GTAGTACTCTGCGGCA_D21-2746-0,GSE216146,D21-2746,D21,control,Oligodendrocyte,test
1883,TACCCACTCGGCGATC_D21-2746-0,GSE216146,D21-2746,D21,control,Astrocyte,test
154,ACACAGTCAGCTTCCT_D21-2746-0,GSE216146,D21-2746,D21,control,Progenitor,test
2017,TCAGGGCCACGACCTG_D21-2746-0,GSE216146,D21-2746,D21,control,Oligodendrocyte,test
1764,GTGCTTCCACCCTGAG_D21-2746-0,GSE216146,D21-2746,D21,control,Oligodendrocyte,test
3174,CGCCATTCATACTGTG_D21-2747-0,GSE216146,D21-2747,D21,control,Oligodendrocyte,train
3343,GAACACTGTACCACGC_D21-2747-0,GSE216146,D21-2747,D21,control,OPC,train
2724,ACTTTCACATGACACT_D21-2747-0,GSE216146,D21-2747,D21,control,Oligodendrocyte,train
3431,GATCATGTCGATCCAA_D21-2747-0,GSE216146,D21-2747,D21,control,Oligodendrocyte,train
2626,AATTCCTCATGACACT_D21-2747-0,GSE216146,D21-2747,D21,control,Microglia,train
3637,GTAGAAAAGGTTGGAC_D21-2747-0,GSE216146,D21-2747,D21,control,Microglia,train
3934,TCGGGTGCATAGAATG_D21-2747-0,GSE216146,D21-2747,D21,control,Microglia,train
4147,TTCCTCTAGAGCAGTC_D21-2747-0,GSE216146,D21-2747,D21,control,Astrocyte,train
3367,GACCAATGTCAGGTAG_D21-2747-0,GSE216146,D21-2747,D21,control,Microglia,train
2762,AGCGCCATCAGGAGAC_D21-2747-0,GSE216146,D21-2747,D21,control,Oligodendrocyte,train
3169,CGCATGGTCCGCGGAT_D21-2747-0,GSE216146,D21-2747,D21,control,Microglia,train
3635,GTACAGTCATCTGCGG_D21-2747-0,GSE216146,D21-2747,D21,control,Immune,train
2581,AAGACAAAGCCAACCC_D21-2747-0,GSE216146,D21-2747,D21,control,Astrocyte,train
3500,GCGTTTCGTCCGAAGA_D21-2747-0,GSE216146,D21-2747,D21,control,Oligodendrocyte,train
3239,CTAGACAGTATTCTCT_D21-2747-0,GSE216146,D21-2747,D21,control,Pericyte,train
2789,AGGCATTTCCTCTTTC_D21-2747-0,GSE216146,D21-2747,D21,control,Immune,train
3227,CTACATTAGCCGCACT_D21-2747-0,GSE216146,D21-2747,D21,control,Oligodendrocyte,train
3511,GCTGAATCATACACCA_D21-2747-0,GSE216146,D21-2747,D21,control,Microglia,train
4211,TTTCGATTCATTACGG_D21-2747-0,GSE216146,D21-2747,D21,control,Microglia,train
3140,CCTTCAGCAATAAGGT_D21-2747-0,GSE216146,D21-2747,D21,control,Oligodendrocyte,train
2927,CAACGGCTCCATTTAC_D21-2747-0,GSE216146,D21-2747,D21,control,Oligodendrocyte,train
3605,GGTCACGGTTATAGCC_D21-2747-0,GSE216146,D21-2747,D21,control,Oligodendrocyte,train
3368,GACCAATGTTGGTGTT_D21-2747-0,GSE216146,D21-2747,D21,control,Neuron,train
3204,CGTGAATTCACCATGA_D21-2747-0,GSE216146,D21-2747,D21,control,Endothelial,train
3129,CCTCCTCCACGAAGAC_D21-2747-0,GSE216146,D21-2747,D21,control,Fibroblast,train
2710,ACTGATGGTACACGCC_D21-2747-0,GSE216146,D21-2747,D21,control,Oligodendrocyte,train
3572,GGGATGACACAGCTGC_D21-2747-0,GSE216146,D21-2747,D21,control,Oligodendrocyte,train
3868,TCATGTTTCGTGGAAG_D21-2747-0,GSE216146,D21-2747,D21,control,Oligodendrocyte,train
4051,TGGCGTGGTTATGACC_D21-2747-0,GSE216146,D21-2747,D21,control,Oligodendrocyte,train
2842,ATCACTTCAAAGTGTA_D21-2747-0,GSE216146,D21-2747,D21,control,Astrocyte,train
3836,TCACATTTCGTCACCT_D21-2747-0,GSE216146,D21-2747,D21,control,Oligodendrocyte,train
4170,TTGACCCTCGCGGTAC_D21-2747-0,GSE216146,D21-2747,D21,control,Oligodendrocyte,train
3638,GTAGAAACATCTTTCA_D21-2747-0,GSE216146,D21-2747,D21,control,Microglia,train
3231,CTACCCATCCCTCTCC_D21-2747-0,GSE216146,D21-2747,D21,control,Oligodendrocyte,train
2899,ATTCACTAGAGTCAAT_D21-2747-0,GSE216146,D21-2747,D21,control,Microglia,train
3285,CTGAATGCAAGCGGAT_D21-2747-0,GSE216146,D21-2747,D21,control,Oligodendrocyte,train
2944,CACAACAGTGGCTTGC_D21-2747-0,GSE216146,D21-2747,D21,control,Microglia,train
2577,AACTTCTAGAAATTCG_D21-2747-0,GSE216146,D21-2747,D21,control,Astrocyte,train
3766,TACCGGGGTGTGAGCA_D21-2747-0,GSE216146,D21-2747,D21,control,Oligodendrocyte,train
4052,TGGGAAGAGAACTTCC_D21-2747-0,GSE216146,D21-2747,D21,control,Astrocyte,train
3833,TCACATTCAACCAATC_D21-2747-0,GSE216146,D21-2747,D21,control,Oligodendrocyte,train
3172,CGCCATTAGATACCAA_D21-2747-0,GSE216146,D21-2747,D21,control,Oligodendrocyte,train
3413,GAGTGAGTCAGACAAA_D21-2747-0,GSE216146,D21-2747,D21,control,Microglia,train
3090,CCCTGATGTATAGCTC_D21-2747-0,GSE216146,D21-2747,D21,control,Oligodendrocyte,train
3518,GGAAGTGCAGCGTGAA_D21-2747-0,GSE216146,D21-2747,D21,control,Oligodendrocyte,train
3693,GTGACGCAGACGCAGT_D21-2747-0,GSE216146,D21-2747,D21,control,Oligodendrocyte,train
3795,TAGGAGGCAGAGGGTT_D21-2747-0,GSE216146,D21-2747,D21,control,Microglia,train
3386,GACTCTCCAGACCAAG_D21-2747-0,GSE216146,D21-2747,D21,control,Oligodendrocyte,train
3406,GAGGGATAGGGCCAAT_D21-2747-0,GSE216146,D21-2747,D21,control,Oligodendrocyte,train
3217,CTAACCCTCGATACGT_D21-2747-0,GSE216146,D21-2747,D21,control,Microglia,train
3411,GAGTGAGGTATTTCTC_D21-2747-0,GSE216146,D21-2747,D21,control,Astrocyte,train
3625,GTAACCACAACTGCTA_D21-2747-0,GSE216146,D21-2747,D21,control,Astrocyte,train
4158,TTCTAGTGTATTGAGA_D21-2747-0,GSE216146,D21-2747,D21,control,Oligodendrocyte,train
3029,CATGCCTCAGTGGCTC_D21-2747-0,GSE216146,D21-2747,D21,control,Microglia,train
2965,CACGTTCCATCGGATT_D21-2747-0,GSE216146,D21-2747,D21,control,Microglia,train
3794,TAGGAGGCACTCGATA_D21-2747-0,GSE216146,D21-2747,D21,control,Neuron,train
3947,TCGTCCACACTCAGAT_D21-2747-0,GSE216146,D21-2747,D21,control,Choroid Plexus,train
3867,TCATGCCAGAGTCACG_D21-2747-0,GSE216146,D21-2747,D21,control,Microglia,train
3295,CTGCCTAAGACTACGG_D21-2747-0,GSE216146,D21-2747,D21,control,Microglia,train
3097,CCGATGGCAAGAAACT_D21-2747-0,GSE216146,D21-2747,D21,control,Endothelial,train
3373,GACCCTTTCCGATCTC_D21-2747-0,GSE216146,D21-2747,D21,control,Microglia,train
3957,TCTCCGAAGGAAAGTG_D21-2747-0,GSE216146,D21-2747,D21,control,Microglia,train
3163,CGATGCGTCATTACGG_D21-2747-0,GSE216146,D21-2747,D21,control,Choroid Plexus,train
3971,TGAATCGCAGTAGAGC_D21-2747-0,GSE216146,D21-2747,D21,control,Oligodendrocyte,train
3470,GCCAGCATCATTCCTA_D21-2747-0,GSE216146,D21-2747,D21,control,Choroid Plexus,train
2779,AGGACGACACTTACAG_D21-2747-0,GSE216146,D21-2747,D21,control,Choroid Plexus,train
3426,GATCAGTCAGACACAG_D21-2747-0,GSE216146,D21-2747,D21,control,Oligodendrocyte,train
2846,ATCAGGTCAAGCGCTC_D21-2747-0,GSE216146,D21-2747,D21,control,Choroid Plexus,train
2549,AACAAAGCAGCGTGCT_D21-2747-0,GSE216146,D21-2747,D21,control,Oligodendrocyte,train
3672,GTCCTCAAGAGTCACG_D21-2747-0,GSE216146,D21-2747,D21,control,Microglia,train
3750,TAAGCACGTCCAAAGG_D21-2747-0,GSE216146,D21-2747,D21,control,Oligodendrocyte,train
3857,TCATACTTCAAGCCAT_D21-2747-0,GSE216146,D21-2747,D21,control,Oligodendrocyte,train
4109,TTAATCCAGTCATACC_D21-2747-0,GSE216146,D21-2747,D21,control,Astrocyte,train
2812,AGTAGCTAGGGACACT_D21-2747-0,GSE216146,D21-2747,D21,control,Endothelial,train
3442,GATTGGTAGTCGCTAT_D21-2747-0,GSE216146,D21-2747,D21,control,Oligodendrocyte,train
2939,CAATGACTCGGCTTCT_D21-2747-0,GSE216146,D21-2747,D21,control,Microglia,train
4053,TGGGAGACAGCTCTGG_D21-2747-0,GSE216146,D21-2747,D21,control,Microglia,train
4191,TTGGTTTTCTTCGGTC_D21-2747-0,GSE216146,D21-2747,D21,control,Oligodendrocyte,train
2828,AGTTCGATCCGTGACG_D21-2747-0,GSE216146,D21-2747,D21,control,Endothelial,train
3559,GGGAGATAGTAAACGT_D21-2747-0,GSE216146,D21-2747,D21,control,Choroid Plexus,train
3244,CTATAGGGTCCAAAGG_D21-2747-0,GSE216146,D21-2747,D21,control,Oligodendrocyte,train
3685,GTCTAGACAAGTTGGG_D21-2747-0,GSE216146,D21-2747,D21,control,Microglia,train
3016,CATCCACGTTCCGTTC_D21-2747-0,GSE216146,D21-2747,D21,control,Oligodendrocyte,train
3250,CTCAATTTCCGATCTC_D21-2747-0,GSE216146,D21-2747,D21,control,OPC,train
3338,CTTTCGGCAGGGACTA_D21-2747-0,GSE216146,D21-2747,D21,control,Microglia,train
3370,GACCCAGGTTGACTGT_D21-2747-0,GSE216146,D21-2747,D21,control,Oligodendrocyte,train
2794,AGGGAGTTCATGGGAG_D21-2747-0,GSE216146,D21-2747,D21,control,Neuron,train
2624,AATGGCTGTCCGTTTC_D21-2747-0,GSE216146,D21-2747,D21,control,Astrocyte,train
3194,CGTAAGTCACAGTCAT_D21-2747-0,GSE216146,D21-2747,D21,control,Neuron,train
3468,GCCAACGTCATTATCC_D21-2747-0,GSE216146,D21-2747,D21,control,Choroid Plexus,train
3291,CTGATCCGTAAGATAC_D21-2747-0,GSE216146,D21-2747,D21,control,OPC,train
3509,GCTCAAACAGACATCT_D21-2747-0,GSE216146,D21-2747,D21,control,Choroid Plexus,train
3075,CCATCACAGTAAGCAT_D21-2747-0,GSE216146,D21-2747,D21,control,Immune,train
2938,CAATCGAGTCAAAGAT_D21-2747-0,GSE216146,D21-2747,D21,control,Oligodendrocyte,train
2602,AAGTCGTAGGAATGTT_D21-2747-0,GSE216146,D21-2747,D21,control,Endothelial,train
3183,CGGCAGTAGTCATTGC_D21-2747-0,GSE216146,D21-2747,D21,control,Endothelial,train
3446,GCAACATAGACCTGGA_D21-2747-0,GSE216146,D21-2747,D21,control,Oligodendrocyte,train
3654,GTCAAGTCACTTTAGG_D21-2747-0,GSE216146,D21-2747,D21,control,Progenitor,train
3093,CCGAACGCATCTAGAC_D21-2747-0,GSE216146,D21-2747,D21,control,Microglia,train
2847,ATCATTCCACTGCGAC_D21-2747-0,GSE216146,D21-2747,D21,control,Oligodendrocyte,train
4115,TTACCGCAGGCTTTCA_D21-2747-0,GSE216146,D21-2747,D21,control,Endothelial,train
4163,TTCTTCCAGCTCGGCT_D21-2747-0,GSE216146,D21-2747,D21,control,Endothelial,train
2875,ATGAGTCCAAATAAGC_D21-2747-0,GSE216146,D21-2747,D21,control,Immune,train
3007,CAGTTCCCAGCAGTAG_D21-2747-0,GSE216146,D21-2747,D21,control,Oligodendrocyte,train
4216,TTTGGAGCATTCTCTA_D21-2747-0,GSE216146,D21-2747,D21,control,Astrocyte,train
2991,CAGCACGGTACACTCA_D21-2747-0,GSE216146,D21-2747,D21,control,Microglia,train
3560,GGGAGATCAAATGGAT_D21-2747-0,GSE216146,D21-2747,D21,control,Microglia,train
3757,TAATCTCAGACTTAAG_D21-2747-0,GSE216146,D21-2747,D21,control,OPC,train
3498,GCGTGCAAGTAGGTTA_D21-2747-0,GSE216146,D21-2747,D21,control,Microglia,train
2808,AGGTTACGTAGTCTTG_D21-2747-0,GSE216146,D21-2747,D21,control,Oligodendrocyte,train
3385,GACTCTCAGCGACTTT_D21-2747-0,GSE216146,D21-2747,D21,control,Oligodendrocyte,train
2869,ATCTTCATCCAAATGC_D21-2747-0,GSE216146,D21-2747,D21,control,Astrocyte,train
3917,TCGACCTAGTTAACAG_D21-2747-0,GSE216146,D21-2747,D21,control,Microglia,train
2542,AAAGGTACAGTTGGTT_D21-2747-0,GSE216146,D21-2747,D21,control,Oligodendrocyte,train
3943,TCGTAGAGTGCATGAG_D21-2747-0,GSE216146,D21-2747,D21,control,Oligodendrocyte,train
3226,CTACATTAGCAGTCTT_D21-2747-0,GSE216146,D21-2747,D21,control,Oligodendrocyte,train
2737,AGACACTTCGGAAACG_D21-2747-0,GSE216146,D21-2747,D21,control,Immune,train
4101,TGTTACTTCTTTGCAT_D21-2747-0,GSE216146,D21-2747,D21,control,Microglia,train
3588,GGGTCTGGTTAACAGA_D21-2747-0,GSE216146,D21-2747,D21,control,Microglia,train
3650,GTATTTCGTTGACGGA_D21-2747-0,GSE216146,D21-2747,D21,control,Oligodendrocyte,train
3834,TCACATTCATAGCTGT_D21-2747-0,GSE216146,D21-2747,D21,control,Oligodendrocyte,train
2669,ACCGTTCCACTGAATC_D21-2747-0,GSE216146,D21-2747,D21,control,Oligodendrocyte,train
3424,GATCACACAAGAGATT_D21-2747-0,GSE216146,D21-2747,D21,control,Microglia,train
3063,CCACCATAGTTCATCG_D21-2747-0,GSE216146,D21-2747,D21,control,Pericyte,train
3925,TCGATTTTCGTTCGCT_D21-2747-0,GSE216146,D21-2747,D21,control,Oligodendrocyte,train
2838,ATATCCTTCGAAGAAT_D21-2747-0,GSE216146,D21-2747,D21,control,Microglia,train
3756,TAAGTCGTCTAAGAAG_D21-2747-0,GSE216146,D21-2747,D21,control,Oligodendrocyte,train
3145,CGAAGGACATGTTCGA_D21-2747-0,GSE216146,D21-2747,D21,control,Microglia,train
3653,GTCAAACCACTACCGG_D21-2747-0,GSE216146,D21-2747,D21,control,Progenitor,train
2999,CAGGCCATCCTGTAGA_D21-2747-0,GSE216146,D21-2747,D21,control,Choroid Plexus,train
3629,GTAATCGTCTAGGCCG_D21-2747-0,GSE216146,D21-2747,D21,control,Microglia,train
3508,GCTACCTCATGTGCCG_D21-2747-0,GSE216146,D21-2747,D21,control,Microglia,train
4205,TTTCACAAGCTCTTCC_D21-2747-0,GSE216146,D21-2747,D21,control,Microglia,train
3433,GATCGTATCGTCTAAG_D21-2747-0,GSE216146,D21-2747,D21,control,Microglia,train
3855,TCAGTTTGTTTGGGAG_D21-2747-0,GSE216146,D21-2747,D21,control,Neuron,train
4036,TGCTCGTTCATGCCGG_D21-2747-0,GSE216146,D21-2747,D21,control,Neuron,train
3202,CGTGAATGTCTCAAGT_D21-2747-0,GSE216146,D21-2747,D21,control,Oligodendrocyte,train
4014,TGATTCTTCGCGTGAC_D21-2747-0,GSE216146,D21-2747,D21,control,Astrocyte,train
2693,ACGTAGTAGGGCCCTT_D21-2747-0,GSE216146,D21-2747,D21,control,Microglia,train
2957,CACGAATAGTGCACCC_D21-2747-0,GSE216146,D21-2747,D21,control,Microglia,train
3582,GGGCTCATCGTTCATT_D21-2747-0,GSE216146,D21-2747,D21,control,Choroid Plexus,train
3700,GTGCAGCCAGGGATAC_D21-2747-0,GSE216146,D21-2747,D21,control,Microglia,train
2841,ATCACTTAGCACTCGC_D21-2747-0,GSE216146,D21-2747,D21,control,Oligodendrocyte,train
3622,GGTTCTCGTCCTACAA_D21-2747-0,GSE216146,D21-2747,D21,control,Astrocyte,train
3675,GTCGCGATCAGGAACG_D21-2747-0,GSE216146,D21-2747,D21,control,Microglia,train
3751,TAAGCACTCCCTCTTT_D21-2747-0,GSE216146,D21-2747,D21,control,Microglia,train
3200,CGTAGTAGTTAGGGTG_D21-2747-0,GSE216146,D21-2747,D21,control,Microglia,train
3098,CCGATGGTCCGACAGC_D21-2747-0,GSE216146,D21-2747,D21,control,Astrocyte,train
2791,AGGCCACTCACTGAAC_D21-2747-0,GSE216146,D21-2747,D21,control,OPC,train
3353,GAAGGGTTCGCCGAGT_D21-2747-0,GSE216146,D21-2747,D21,control,Oligodendrocyte,train
4011,TGATTCTCATATCTGG_D21-2747-0,GSE216146,D21-2747,D21,control,Astrocyte,train
2719,ACTTCCGTCCTTGAAG_D21-2747-0,GSE216146,D21-2747,D21,control,Microglia,train
2790,AGGCATTTCGTGGGTC_D21-2747-0,GSE216146,D21-2747,D21,control,Microglia,train
3776,TACGTCCGTAGCCAGA_D21-2747-0,GSE216146,D21-2747,D21,control,Choroid Plexus,train
2607,AAGTGAAGTGCACAAG_D21-2747-0,GSE216146,D21-2747,D21,control,Microglia,train
3071,CCACTTGGTGAGACCA_D21-2747-0,GSE216146,D21-2747,D21,control,Astrocyte,train
3012,CATAGACGTAGATCCT_D21-2747-0,GSE216146,D21-2747,D21,control,Endothelial,train
2639,ACACAGTCAGTCGTTA_D21-2747-0,GSE216146,D21-2747,D21,control,Oligodendrocyte,train
3112,CCGTTCAGTGTATTCG_D21-2747-0,GSE216146,D21-2747,D21,control,Microglia,train
3844,TCAGCCTTCGTTGTAG_D21-2747-0,GSE216146,D21-2747,D21,control,Microglia,train
3623,GGTTCTCTCCCGGTAG_D21-2747-0,GSE216146,D21-2747,D21,control,Oligodendrocyte,train
2915,ATTGGGTTCTGCATAG_D21-2747-0,GSE216146,D21-2747,D21,control,Choroid Plexus,train
2799,AGGGTGAGTGTTGAGG_D21-2747-0,GSE216146,D21-2747,D21,control,Astrocyte,train
2966,CACGTTCGTCGAACGA_D21-2747-0,GSE216146,D21-2747,D21,control,Oligodendrocyte,train
3428,GATCATGAGTCACGAG_D21-2747-0,GSE216146,D21-2747,D21,control,Oligodendrocyte,train
3409,GAGTCTAAGACTGGGT_D21-2747-0,GSE216146,D21-2747,D21,control,OPC,train
2765,AGCGCTGGTATAGGGC_D21-2747-0,GSE216146,D21-2747,D21,control,Oligodendrocyte,train
3746,TAACGACAGTGCACTT_D21-2747-0,GSE216146,D21-2747,D21,control,Oligodendrocyte,train
3724,GTGTTCCTCCGTGGTG_D21-2747-0,GSE216146,D21-2747,D21,control,Oligodendrocyte,train
3548,GGCTGTGGTGACGTCC_D21-2747-0,GSE216146,D21-2747,D21,control,Oligodendrocyte,train
2824,AGTGCCGAGATTGGGC_D21-2747-0,GSE216146,D21-2747,D21,control,Microglia,train
3729,GTTAGTGAGCCTGAGA_D21-2747-0,GSE216146,D21-2747,D21,control,Microglia,train
3275,CTCCTTTTCGCGCTGA_D21-2747-0,GSE216146,D21-2747,D21,control,Endothelial,train
2621,AATGACCTCAGCCTTC_D21-2747-0,GSE216146,D21-2747,D21,control,Oligodendrocyte,train
4009,TGATGGTTCCATACAG_D21-2747-0,GSE216146,D21-2747,D21,control,Microglia,train
3616,GGTGTTACATCGTGGC_D21-2747-0,GSE216146,D21-2747,D21,control,Oligodendrocyte,train
2929,CAAGAGGCAGGGTTGA_D21-2747-0,GSE216146,D21-2747,D21,control,OPC,train
3801,TAGGTACCAGTCGGAA_D21-2747-0,GSE216146,D21-2747,D21,control,Oligodendrocyte,train
4017,TGCACGGGTGCCGGTT_D21-2747-0,GSE216146,D21-2747,D21,control,Oligodendrocyte,train
3507,GCTACAAGTGTCGCTG_D21-2747-0,GSE216146,D21-2747,D21,control,Microglia,train
3798,TAGGGTTGTAACGGTG_D21-2747-0,GSE216146,D21-2747,D21,control,Oligodendrocyte,train
4116,TTACCGCCAGCGGATA_D21-2747-0,GSE216146,D21-2747,D21,control,Endothelial,train
3719,GTGTTAGCACTACCGG_D21-2747-0,GSE216146,D21-2747,D21,control,Oligodendrocyte,train
4126,TTATTGCAGAGGATCC_D21-2747-0,GSE216146,D21-2747,D21,control,Oligodendrocyte,train
3856,TCATACTAGTATGTAG_D21-2747-0,GSE216146,D21-2747,D21,control,Microglia,train
3969,TGAACGTCATAGACTC_D21-2747-0,GSE216146,D21-2747,D21,control,Oligodendrocyte,train
2696,ACGTCCTAGGAACTAT_D21-2747-0,GSE216146,D21-2747,D21,control,Oligodendrocyte,train
2665,ACCCTTGAGTTTGAGA_D21-2747-0,GSE216146,D21-2747,D21,control,Oligodendrocyte,train
2984,CAGATCAGTCTCAAGT_D21-2747-0,GSE216146,D21-2747,D21,control,OPC,train
2636,ACAAGCTAGGCATGGT_D21-2747-0,GSE216146,D21-2747,D21,control,Microglia,train
4213,TTTGATCGTTAAGCAA_D21-2747-0,GSE216146,D21-2747,D21,control,Oligodendrocyte,train
2716,ACTTATCCAGCATGCC_D21-2747-0,GSE216146,D21-2747,D21,control,Microglia,train
2641,ACACAGTGTTGGATCT_D21-2747-0,GSE216146,D21-2747,D21,control,Choroid Plexus,train
2690,ACGTAACAGCTCAGAG_D21-2747-0,GSE216146,D21-2747,D21,control,Astrocyte,train
3847,TCAGTCCAGAGGCGGA_D21-2747-0,GSE216146,D21-2747,D21,control,Oligodendrocyte,train
3322,CTTCTAAAGAGGTATT_D21-2747-0,GSE216146,D21-2747,D21,control,Oligodendrocyte,train
3240,CTAGACAGTGTAACGG_D21-2747-0,GSE216146,D21-2747,D21,control,Pericyte,train
2599,AAGTACCAGCCATATC_D21-2747-0,GSE216146,D21-2747,D21,control,Microglia,train
3190,CGGGTCAGTAACCCGC_D21-2747-0,GSE216146,D21-2747,D21,control,Microglia,train
3402,GAGGCAACACATAGCT_D21-2747-0,GSE216146,D21-2747,D21,control,Neuron,train
4189,TTGGTTTAGAAAGCGA_D21-2747-0,GSE216146,D21-2747,D21,control,Progenitor,train
4019,TGCAGATTCTCCAAGA_D21-2747-0,GSE216146,D21-2747,D21,control,Oligodendrocyte,train
3870,TCATTCATCCCGTAAA_D21-2747-0,GSE216146,D21-2747,D21,control,Oligodendrocyte,train
3010,CATACCCCAAATGGCG_D21-2747-0,GSE216146,D21-2747,D21,control,Microglia,train
2946,CACACAATCGAACGCC_D21-2747-0,GSE216146,D21-2747,D21,control,Oligodendrocyte,train
3270,CTCCCTCAGACCACGA_D21-2747-0,GSE216146,D21-2747,D21,control,Microglia,train
2990,CAGCACGCACTTGAAC_D21-2747-0,GSE216146,D21-2747,D21,control,Microglia,train
3551,GGCTTGGTCGTTGTGA_D21-2747-0,GSE216146,D21-2747,D21,control,Oligodendrocyte,train
3619,GGTTAACGTTCGGCCA_D21-2747-0,GSE216146,D21-2747,D21,control,Choroid Plexus,train
3303,CTGGACGTCCCATTCG_D21-2747-0,GSE216146,D21-2747,D21,control,Microglia,train
4095,TGTGCGGTCCGAGGCT_D21-2747-0,GSE216146,D21-2747,D21,control,Microglia,train
3995,TGAGGGAAGGACTGGT_D21-2747-0,GSE216146,D21-2747,D21,control,Immune,train
2654,ACATTTCCAGCTTCGG_D21-2747-0,GSE216146,D21-2747,D21,control,Astrocyte,train
3304,CTGGTCTCATAATCCG_D21-2747-0,GSE216146,D21-2747,D21,control,Oligodendrocyte,train
3863,TCATATCGTCTTCTAT_D21-2747-0,GSE216146,D21-2747,D21,control,Oligodendrocyte,train
3138,CCTGTTGGTCGTTTCC_D21-2747-0,GSE216146,D21-2747,D21,control,Choroid Plexus,train
4141,TTCCACGAGAGAACCC_D21-2747-0,GSE216146,D21-2747,D21,control,Microglia,train
2979,CAGAGCCGTCTGATAC_D21-2747-0,GSE216146,D21-2747,D21,control,Oligodendrocyte,train
3147,CGAATTGAGTTACGGG_D21-2747-0,GSE216146,D21-2747,D21,control,Immune,train
3931,TCGGGACCAGATCCAT_D21-2747-0,GSE216146,D21-2747,D21,control,Astrocyte,train
2730,AGAAGTATCTAAGCGT_D21-2747-0,GSE216146,D21-2747,D21,control,Microglia,train
4026,TGCGACGTCGAACGCC_D21-2747-0,GSE216146,D21-2747,D21,control,Microglia,train
3683,GTCTAGAAGATAACGT_D21-2747-0,GSE216146,D21-2747,D21,control,Pericyte,train
3636,GTACAGTGTCAGTCCG_D21-2747-0,GSE216146,D21-2747,D21,control,Oligodendrocyte,train
2535,AAACGAAGTGTGCCTG_D21-2747-0,GSE216146,D21-2747,D21,control,Choroid Plexus,train
4139,TTCATTGTCCGCGGAT_D21-2747-0,GSE216146,D21-2747,D21,control,Oligodendrocyte,train
3996,TGAGGTTCAACAGCCC_D21-2747-0,GSE216146,D21-2747,D21,control,Oligodendrocyte,train
2695,ACGTAGTCAGCGTGAA_D21-2747-0,GSE216146,D21-2747,D21,control,Microglia,train
3490,GCGAGAAGTCTACAAC_D21-2747-0,GSE216146,D21-2747,D21,control,Microglia,train
3027,CATGAGTTCTATCGCC_D21-2747-0,GSE216146,D21-2747,D21,control,Oligodendrocyte,train
4137,TTCATGTCATACACCA_D21-2747-0,GSE216146,D21-2747,D21,control,Oligodendrocyte,train
4124,TTAGGCATCGTTCATT_D21-2747-0,GSE216146,D21-2747,D21,control,Endothelial,train
2932,CAATACGAGAAATGGG_D21-2747-0,GSE216146,D21-2747,D21,control,Endothelial,train
2801,AGGGTTTGTACCGTGC_D21-2747-0,GSE216146,D21-2747,D21,control,Oligodendrocyte,train
3440,GATTCGAGTGTGCCTG_D21-2747-0,GSE216146,D21-2747,D21,control,Oligodendrocyte,train
2547,AAATGGAGTCAAGCCC_D21-2747-0,GSE216146,D21-2747,D21,control,Choroid Plexus,train
3002,CAGGGCTGTGAGTTTC_D21-2747-0,GSE216146,D21-2747,D21,control,Microglia,train
3899,TCCTAATGTTCTCGTC_D21-2747-0,GSE216146,D21-2747,D21,control,OPC,train
3212,CGTTAGAGTCCGAAAG_D21-2747-0,GSE216146,D21-2747,D21,control,Microglia,train
3770,TACGCTCAGACCAAAT_D21-2747-0,GSE216146,D21-2747,D21,control,Microglia,train
3439,GATGTTGTCTCAGAAC_D21-2747-0,GSE216146,D21-2747,D21,control,OPC,train
3532,GGAGGATCAAATAGCA_D21-2747-0,GSE216146,D21-2747,D21,control,Oligodendrocyte,train
3563,GGGAGTATCCTTTGAT_D21-2747-0,GSE216146,D21-2747,D21,control,Oligodendrocyte,train
4007,TGATGGTGTCCTGTTC_D21-2747-0,GSE216146,D21-2747,D21,control,Microglia,train
2784,AGGCATTAGCGACAGT_D21-2747-0,GSE216146,D21-2747,D21,control,Choroid Plexus,train
3082,CCCTAACAGACTGTTC_D21-2747-0,GSE216146,D21-2747,D21,control,Oligodendrocyte,train
4119,TTACTGTCACGACTAT_D21-2747-0,GSE216146,D21-2747,D21,control,Oligodendrocyte,train
3135,CCTCTCCCAAGTTCCA_D21-2747-0,GSE216146,D21-2747,D21,control,Oligodendrocyte,train
2821,AGTGATCGTTGCATTG_D21-2747-0,GSE216146,D21-2747,D21,control,Oligodendrocyte,train
3257,CTCAGGGGTTCGAAGG_D21-2747-0,GSE216146,D21-2747,D21,control,Microglia,train
3344,GAACACTTCGGTAGGA_D21-2747-0,GSE216146,D21-2747,D21,control,Microglia,train
2704,ACTATGGTCTTAGCTT_D21-2747-0,GSE216146,D21-2747,D21,control,Oligodendrocyte,train
3926,TCGATTTTCTAGGCAT_D21-2747-0,GSE216146,D21-2747,D21,control,Microglia,train
3839,TCACTATAGTACAGCG_D21-2747-0,GSE216146,D21-2747,D21,control,Choroid Plexus,train
3472,GCCAGTGTCAGTGGGA_D21-2747-0,GSE216146,D21-2747,D21,control,Oligodendrocyte,train
3266,CTCCACAAGTACCCTA_D21-2747-0,GSE216146,D21-2747,D21,control,Choroid Plexus,train
3265,CTCCAACCACGACGAA_D21-2747-0,GSE216146,D21-2747,D21,control,Microglia,train
3462,GCATCTCAGGTGCGAT_D21-2747-0,GSE216146,D21-2747,D21,control,OPC,train
3438,GATGGAGGTCTGATAC_D21-2747-0,GSE216146,D21-2747,D21,control,Microglia,train
2638,ACACAGTAGTACTGGG_D21-2747-0,GSE216146,D21-2747,D21,control,Oligodendrocyte,train
3964,TCTTCCTTCTTCCTAA_D21-2747-0,GSE216146,D21-2747,D21,control,Oligodendrocyte,train
3254,CTCAGAATCTCAGGCG_D21-2747-0,GSE216146,D21-2747,D21,control,Microglia,train
3858,TCATACTTCACTGATG_D21-2747-0,GSE216146,D21-2747,D21,control,Choroid Plexus,train
2697,ACGTCCTAGGAGGGTG_D21-2747-0,GSE216146,D21-2747,D21,control,Endothelial,train
4045,TGGAACTAGATAGTGT_D21-2747-0,GSE216146,D21-2747,D21,control,Microglia,train
3843,TCAGCCTGTAAGGAGA_D21-2747-0,GSE216146,D21-2747,D21,control,Oligodendrocyte,train
4037,TGCTGAAAGGGCGAGA_D21-2747-0,GSE216146,D21-2747,D21,control,Ependymal,train
3165,CGCAGGTCATCGAGCC_D21-2747-0,GSE216146,D21-2747,D21,control,Microglia,train
2804,AGGTAGGTCAAGCCCG_D21-2747-0,GSE216146,D21-2747,D21,control,Pericyte,train
2805,AGGTCTATCCGGACTG_D21-2747-0,GSE216146,D21-2747,D21,control,Microglia,train
4206,TTTCACATCGCCTATC_D21-2747-0,GSE216146,D21-2747,D21,control,Oligodendrocyte,train
3573,GGGATGACATACTGAC_D21-2747-0,GSE216146,D21-2747,D21,control,Choroid Plexus,train
3485,GCCGTGATCTCAACGA_D21-2747-0,GSE216146,D21-2747,D21,control,Microglia,train
4082,TGTCCACTCTTCTGGC_D21-2747-0,GSE216146,D21-2747,D21,control,Astrocyte,train
4215,TTTGGAGAGTCGAAAT_D21-2747-0,GSE216146,D21-2747,D21,control,Choroid Plexus,train
3349,GAAGCGAGTGTAAATG_D21-2747-0,GSE216146,D21-2747,D21,control,Astrocyte,train
2998,CAGCGTGCAGATTCGT_D21-2747-0,GSE216146,D21-2747,D21,control,Oligodendrocyte,train
3156,CGAGTTACAGCCGTTG_D21-2747-0,GSE216146,D21-2747,D21,control,Microglia,train
2543,AAAGTCCTCTAAGCGT_D21-2747-0,GSE216146,D21-2747,D21,control,Choroid Plexus,train
3819,TATTGCTTCTCTCTTC_D21-2747-0,GSE216146,D21-2747,D21,control,Choroid Plexus,train
3554,GGCTTTCGTACCACGC_D21-2747-0,GSE216146,D21-2747,D21,control,Microglia,train
3035,CATGGATGTGGTAATA_D21-2747-0,GSE216146,D21-2747,D21,control,Microglia,train
3514,GCTGCAGGTCTCACAA_D21-2747-0,GSE216146,D21-2747,D21,control,Microglia,train
4085,TGTCCTGTCTTTGCGC_D21-2747-0,GSE216146,D21-2747,D21,control,Astrocyte,train
3542,GGCACGTTCATCTATC_D21-2747-0,GSE216146,D21-2747,D21,control,Microglia,train
3259,CTCAGGGTCGGTCGAC_D21-2747-0,GSE216146,D21-2747,D21,control,Oligodendrocyte,train
2648,ACAGCCGAGCATTGTC_D21-2747-0,GSE216146,D21-2747,D21,control,Progenitor,train
2570,AACCTGACATAGAAAC_D21-2747-0,GSE216146,D21-2747,D21,control,Oligodendrocyte,train
2619,AATCGTGTCCCTCTTT_D21-2747-0,GSE216146,D21-2747,D21,control,Oligodendrocyte,train
4169,TTGACCCCACCCTAAA_D21-2747-0,GSE216146,D21-2747,D21,control,Choroid Plexus,train
2882,ATGCCTCTCTACTCAT_D21-2747-0,GSE216146,D21-2747,D21,control,Choroid Plexus,train
2673,ACCTACCCATGGCGCT_D21-2747-0,GSE216146,D21-2747,D21,control,Oligodendrocyte,train
3288,CTGAGCGAGGTTAGTA_D21-2747-0,GSE216146,D21-2747,D21,control,Oligodendrocyte,train
2600,AAGTACCCAGACGCTC_D21-2747-0,GSE216146,D21-2747,D21,control,Oligodendrocyte,train
3238,CTAGACACAGCTGGTC_D21-2747-0,GSE216146,D21-2747,D21,control,Neuron,train
4161,TTCTGTATCTCAGTCC_D21-2747-0,GSE216146,D21-2747,D21,control,Oligodendrocyte,train
3379,GACGCTGCATACCAGT_D21-2747-0,GSE216146,D21-2747,D21,control,Choroid Plexus,train
3561,GGGAGATGTGCACATT_D21-2747-0,GSE216146,D21-2747,D21,control,Choroid Plexus,train
4088,TGTGAGTTCATAGGCT_D21-2747-0,GSE216146,D21-2747,D21,control,Progenitor,train
2662,ACCCTCACAGTCCGTG_D21-2747-0,GSE216146,D21-2747,D21,control,Immune,train
3687,GTCTCACGTATCGCTA_D21-2747-0,GSE216146,D21-2747,D21,control,Microglia,train
4018,TGCAGATAGTGGTGGT_D21-2747-0,GSE216146,D21-2747,D21,control,Oligodendrocyte,train
3907,TCCTCTTTCGGCCAAC_D21-2747-0,GSE216146,D21-2747,D21,control,Microglia,train
3735,GTTGCGGCATCACAGT_D21-2747-0,GSE216146,D21-2747,D21,control,Choroid Plexus,train
3081,CCCGGAATCGGTTAGT_D21-2747-0,GSE216146,D21-2747,D21,control,OPC,train
2618,AATCGTGGTACAATAG_D21-2747-0,GSE216146,D21-2747,D21,control,Microglia,train
3327,CTTCTCTTCGATCCAA_D21-2747-0,GSE216146,D21-2747,D21,control,Oligodendrocyte,train
4089,TGTGAGTTCTAGAGCT_D21-2747-0,GSE216146,D21-2747,D21,control,Endothelial,train
3001,CAGGGCTGTAGCGCCT_D21-2747-0,GSE216146,D21-2747,D21,control,Astrocyte,train
3615,GGTGTCGTCGCTGCGA_D21-2747-0,GSE216146,D21-2747,D21,control,Microglia,train
2681,ACGCACGGTGAGCCAA_D21-2747-0,GSE216146,D21-2747,D21,control,Oligodendrocyte,train
3153,CGAGGCTGTGCAGTGA_D21-2747-0,GSE216146,D21-2747,D21,control,Oligodendrocyte,train
3482,GCCGATGTCGCCTTTG_D21-2747-0,GSE216146,D21-2747,D21,control,Astrocyte,train
2678,ACCTGAATCCCGAGTG_D21-2747-0,GSE216146,D21-2747,D21,control,OPC,train
2660,ACCCAAATCCGTGTCT_D21-2747-0,GSE216146,D21-2747,D21,control,Microglia,train
3274,CTCCTCCGTCAAAGAT_D21-2747-0,GSE216146,D21-2747,D21,control,Astrocyte,train
2746,AGATCGTCAGATCATC_D21-2747-0,GSE216146,D21-2747,D21,control,Oligodendrocyte,train
2595,AAGCGTTAGCGTTGTT_D21-2747-0,GSE216146,D21-2747,D21,control,Microglia,train
3287,CTGAGCGAGGGTTAGC_D21-2747-0,GSE216146,D21-2747,D21,control,Progenitor,train
3617,GGTGTTATCCGTTGGG_D21-2747-0,GSE216146,D21-2747,D21,control,Astrocyte,train
4167,TTGAACGCATGGCCCA_D21-2747-0,GSE216146,D21-2747,D21,control,Microglia,train
3717,GTGTGGCAGGTAGGCT_D21-2747-0,GSE216146,D21-2747,D21,control,Oligodendrocyte,train
2951,CACAGGCCAGTGTATC_D21-2747-0,GSE216146,D21-2747,D21,control,Oligodendrocyte,train
3237,CTACCTGGTGATTGGG_D21-2747-0,GSE216146,D21-2747,D21,control,Oligodendrocyte,train
2651,ACATCGACAGTGTGCC_D21-2747-0,GSE216146,D21-2747,D21,control,Choroid Plexus,train
3648,GTATTGGTCGAACACT_D21-2747-0,GSE216146,D21-2747,D21,control,Microglia,train
3910,TCCTTCTTCAGGAGAC_D21-2747-0,GSE216146,D21-2747,D21,control,Microglia,train
3173,CGCCATTAGTAGACAT_D21-2747-0,GSE216146,D21-2747,D21,control,Immune,train
2553,AACACACTCTACCCAC_D21-2747-0,GSE216146,D21-2747,D21,control,Endothelial,train
2863,ATCGGCGGTGAGTCAG_D21-2747-0,GSE216146,D21-2747,D21,control,Oligodendrocyte,train
3988,TGAGACTTCCTCTCTT_D21-2747-0,GSE216146,D21-2747,D21,control,Ependymal,train
3222,CTAAGTGCACCTGCGA_D21-2747-0,GSE216146,D21-2747,D21,control,Microglia,train
2843,ATCACTTGTAACATGA_D21-2747-0,GSE216146,D21-2747,D21,control,Choroid Plexus,train
2729,AGAAGCGAGCTTGTGT_D21-2747-0,GSE216146,D21-2747,D21,control,Oligodendrocyte,train
4127,TTATTGCGTCTTAGTG_D21-2747-0,GSE216146,D21-2747,D21,control,Endothelial,train
3850,TCAGTCCCACCGGAAA_D21-2747-0,GSE216146,D21-2747,D21,control,Immune,train
3168,CGCATGGCAAATCCCA_D21-2747-0,GSE216146,D21-2747,D21,control,Oligodendrocyte,train
3659,GTCAGCGAGTTCGGTT_D21-2747-0,GSE216146,D21-2747,D21,control,Immune,train
3526,GGAGATGAGTCCGCCA_D21-2747-0,GSE216146,D21-2747,D21,control,Microglia,train
3538,GGATGTTAGGCCTGAA_D21-2747-0,GSE216146,D21-2747,D21,control,Endothelial,train
3221,CTAACTTTCACTCCGT_D21-2747-0,GSE216146,D21-2747,D21,control,Microglia,train
3611,GGTGGCTGTGGGACAT_D21-2747-0,GSE216146,D21-2747,D21,control,Oligodendrocyte,train
3195,CGTAAGTGTCGCATGC_D21-2747-0,GSE216146,D21-2747,D21,control,Microglia,train
3869,TCATTCAGTTTCGTTT_D21-2747-0,GSE216146,D21-2747,D21,control,Microglia,train
3198,CGTAGTAAGACGAAGA_D21-2747-0,GSE216146,D21-2747,D21,control,Microglia,train
3451,GCACGGTCACTAGGTT_D21-2747-0,GSE216146,D21-2747,D21,control,Microglia,train
3083,CCCTAACGTGTGAGCA_D21-2747-0,GSE216146,D21-2747,D21,control,Oligodendrocyte,train
3374,GACCGTGCAACTAGAA_D21-2747-0,GSE216146,D21-2747,D21,control,Oligodendrocyte,train
3167,CGCATAAGTCGTGATT_D21-2747-0,GSE216146,D21-2747,D21,control,Oligodendrocyte,train
2993,CAGCAGCAGTGGTGGT_D21-2747-0,GSE216146,D21-2747,D21,control,Astrocyte,train
4047,TGGAGAGGTCTCGCGA_D21-2747-0,GSE216146,D21-2747,D21,control,Endothelial,train
2827,AGTTCCCCACGACAAG_D21-2747-0,GSE216146,D21-2747,D21,control,Endothelial,train
3649,GTATTTCAGGCCACTC_D21-2747-0,GSE216146,D21-2747,D21,control,Immune,train
3968,TGAACGTAGAGGATGA_D21-2747-0,GSE216146,D21-2747,D21,control,Astrocyte,train
2627,AATTCCTGTCGCACAC_D21-2747-0,GSE216146,D21-2747,D21,control,Oligodendrocyte,train
3160,CGATCGGCATTGAAGA_D21-2747-0,GSE216146,D21-2747,D21,control,Endothelial,train
3661,GTCAGCGTCAATCTCT_D21-2747-0,GSE216146,D21-2747,D21,control,Microglia,train
3626,GTAACCACATCTAGAC_D21-2747-0,GSE216146,D21-2747,D21,control,OPC,train
3404,GAGGCCTCATAGGAGC_D21-2747-0,GSE216146,D21-2747,D21,control,Microglia,train
3733,GTTATGGAGGTTATAG_D21-2747-0,GSE216146,D21-2747,D21,control,Progenitor,train
3460,GCATCGGGTGGGACAT_D21-2747-0,GSE216146,D21-2747,D21,control,Microglia,train
3521,GGAATGGAGTCGTCTA_D21-2747-0,GSE216146,D21-2747,D21,control,Oligodendrocyte,train
2787,AGGCATTGTCGCACAC_D21-2747-0,GSE216146,D21-2747,D21,control,Microglia,train
3360,GACAGCCGTGCATGAG_D21-2747-0,GSE216146,D21-2747,D21,control,Oligodendrocyte,train
2930,CAAGCTAGTGTTACTG_D21-2747-0,GSE216146,D21-2747,D21,control,Microglia,train
3181,CGGCAGTAGATGAAGG_D21-2747-0,GSE216146,D21-2747,D21,control,Immune,train
2555,AACCAACAGTGAGTGC_D21-2747-0,GSE216146,D21-2747,D21,control,Astrocyte,train
2953,CACCGTTAGAACAAGG_D21-2747-0,GSE216146,D21-2747,D21,control,Microglia,train
3188,CGGGACTGTTATGACC_D21-2747-0,GSE216146,D21-2747,D21,control,Immune,train
4185,TTGGGATCAGACCTGC_D21-2747-0,GSE216146,D21-2747,D21,control,OPC,train
3234,CTACCTGCAATAACGA_D21-2747-0,GSE216146,D21-2747,D21,control,OPC,train
3894,TCCGATCTCATGGGAG_D21-2747-0,GSE216146,D21-2747,D21,control,Oligodendrocyte,train
3594,GGGTTATTCCATTCGC_D21-2747-0,GSE216146,D21-2747,D21,control,Microglia,train
4103,TGTTCCGGTTGATCGT_D21-2747-0,GSE216146,D21-2747,D21,control,Oligodendrocyte,train
3603,GGTAGAGTCCAACTGA_D21-2747-0,GSE216146,D21-2747,D21,control,Oligodendrocyte,train
2608,AAGTTCGAGTGATAGT_D21-2747-0,GSE216146,D21-2747,D21,control,Microglia,train
3614,GGTGTCGTCGCGAAGA_D21-2747-0,GSE216146,D21-2747,D21,control,Microglia,train
2839,ATCACAGGTCGTCATA_D21-2747-0,GSE216146,D21-2747,D21,control,Microglia,train
3000,CAGGGCTAGGGTACAC_D21-2747-0,GSE216146,D21-2747,D21,control,Oligodendrocyte,train
2635,ACAAGCTAGCTGCCTG_D21-2747-0,GSE216146,D21-2747,D21,control,Neuron,train
3531,GGAGCAATCGCTACAA_D21-2747-0,GSE216146,D21-2747,D21,control,Microglia,train
3037,CATTCATAGCCTGAAG_D21-2747-0,GSE216146,D21-2747,D21,control,Astrocyte,train
2676,ACCTGAACACCCTTAC_D21-2747-0,GSE216146,D21-2747,D21,control,Astrocyte,train
4123,TTAGGCACATGGTACT_D21-2747-0,GSE216146,D21-2747,D21,control,Astrocyte,train
3568,GGGATCCCAGTCAACT_D21-2747-0,GSE216146,D21-2747,D21,control,Microglia,train
4023,TGCATGAAGGCTTAGG_D21-2747-0,GSE216146,D21-2747,D21,control,Microglia,train
3523,GGACGTCCAGTAACAA_D21-2747-0,GSE216146,D21-2747,D21,control,Microglia,train
4004,TGATCAGTCCGGCAAC_D21-2747-0,GSE216146,D21-2747,D21,control,Neuron,train
3422,GATAGCTGTGCGGTAA_D21-2747-0,GSE216146,D21-2747,D21,control,Oligodendrocyte,train
3109,CCGTAGGGTCTGCATA_D21-2747-0,GSE216146,D21-2747,D21,control,Choroid Plexus,train
4015,TGCACGGAGAAGTCAT_D21-2747-0,GSE216146,D21-2747,D21,control,Oligodendrocyte,train
3443,GATTGGTCAGTTAAAG_D21-2747-0,GSE216146,D21-2747,D21,control,Microglia,train
2630,AATTTCCTCCACAGCG_D21-2747-0,GSE216146,D21-2747,D21,control,Endothelial,train
2948,CACAGATAGGCTTTCA_D21-2747-0,GSE216146,D21-2747,D21,control,Endothelial,train
4000,TGAGTCATCACCCTCA_D21-2747-0,GSE216146,D21-2747,D21,control,Microglia,train
3399,GAGATGGTCGAGATGG_D21-2747-0,GSE216146,D21-2747,D21,control,Astrocyte,train
3110,CCGTGAGCAGTGTGGA_D21-2747-0,GSE216146,D21-2747,D21,control,Microglia,train
3877,TCCACCAAGCCGTAAG_D21-2747-0,GSE216146,D21-2747,D21,control,Oligodendrocyte,train
2928,CAACGGCTCCCTGGTT_D21-2747-0,GSE216146,D21-2747,D21,control,Endothelial,train
3533,GGAGGATGTACAAGCG_D21-2747-0,GSE216146,D21-2747,D21,control,Microglia,train
3161,CGATGCGCACTGAGGA_D21-2747-0,GSE216146,D21-2747,D21,control,Choroid Plexus,train
3192,CGGGTGTTCTTACGGA_D21-2747-0,GSE216146,D21-2747,D21,control,Oligodendrocyte,train
3895,TCCGGGAAGGAACTAT_D21-2747-0,GSE216146,D21-2747,D21,control,Microglia,train
4184,TTGGATGAGATGCCGA_D21-2747-0,GSE216146,D21-2747,D21,control,Oligodendrocyte,train
3011,CATACTTGTGATAGTA_D21-2747-0,GSE216146,D21-2747,D21,control,Microglia,train
3540,GGATGTTTCGGCGATC_D21-2747-0,GSE216146,D21-2747,D21,control,Microglia,train
4105,TGTTGGAAGTGCCTCG_D21-2747-0,GSE216146,D21-2747,D21,control,Oligodendrocyte,train
4145,TTCCGTGCAGAGGCAT_D21-2747-0,GSE216146,D21-2747,D21,control,Immune,train
3923,TCGATTTCAGCCTACG_D21-2747-0,GSE216146,D21-2747,D21,control,Choroid Plexus,train
3400,GAGCTGCTCGCGATCG_D21-2747-0,GSE216146,D21-2747,D21,control,Astrocyte,train
4221,TTTGTTGCAACTAGAA_D21-2747-0,GSE216146,D21-2747,D21,control,Oligodendrocyte,train
2592,AAGCGAGCAACTTGCA_D21-2747-0,GSE216146,D21-2747,D21,control,Microglia,train
2574,AACGGGATCATTTGTC_D21-2747-0,GSE216146,D21-2747,D21,control,Microglia,train
3085,CCCTAACTCGCATGAT_D21-2747-0,GSE216146,D21-2747,D21,control,Immune,train
3209,CGTGCTTGTTATGTCG_D21-2747-0,GSE216146,D21-2747,D21,control,Microglia,train
3317,CTTAGGATCAGACTGT_D21-2747-0,GSE216146,D21-2747,D21,control,Microglia,train
2598,AAGGAATCAAGAAATC_D21-2747-0,GSE216146,D21-2747,D21,control,Choroid Plexus,train
3937,TCGGTCTAGGCACTCC_D21-2747-0,GSE216146,D21-2747,D21,control,Microglia,train
2615,AATCGACCAAGTGACG_D21-2747-0,GSE216146,D21-2747,D21,control,Oligodendrocyte,train
3292,CTGCCATCAGCTATTG_D21-2747-0,GSE216146,D21-2747,D21,control,Astrocyte,train
3453,GCACGTGGTTGTCAGT_D21-2747-0,GSE216146,D21-2747,D21,control,Oligodendrocyte,train
3842,TCAGCCTAGTCGAAGC_D21-2747-0,GSE216146,D21-2747,D21,control,Microglia,train
3182,CGGCAGTAGGCACAAC_D21-2747-0,GSE216146,D21-2747,D21,control,Choroid Plexus,train
3604,GGTAGAGTCTCCCAAC_D21-2747-0,GSE216146,D21-2747,D21,control,Microglia,train
3488,GCCTGTTGTGGGTATG_D21-2747-0,GSE216146,D21-2747,D21,control,Neuron,train
3643,GTAGGAGGTGTTTGCA_D21-2747-0,GSE216146,D21-2747,D21,control,Oligodendrocyte,train
3579,GGGCTACAGTCGTCTA_D21-2747-0,GSE216146,D21-2747,D21,control,Oligodendrocyte,train
4193,TTGTGTTAGGCTCAAG_D21-2747-0,GSE216146,D21-2747,D21,control,Microglia,train
2923,CAAAGAATCCATAGAC_D21-2747-0,GSE216146,D21-2747,D21,control,Pericyte,train
4164,TTCTTCCTCCCGAACG_D21-2747-0,GSE216146,D21-2747,D21,control,Astrocyte,train
3993,TGAGGAGGTTTCCAAG_D21-2747-0,GSE216146,D21-2747,D21,control,Oligodendrocyte,train
3832,TCACACCTCACGGAGA_D21-2747-0,GSE216146,D21-2747,D21,control,Microglia,train
3915,TCGAAGTCACTTTAGG_D21-2747-0,GSE216146,D21-2747,D21,control,Immune,train
2736,AGACACTTCATTGTGG_D21-2747-0,GSE216146,D21-2747,D21,control,Microglia,train
4076,TGTCAGAAGTAGCATA_D21-2747-0,GSE216146,D21-2747,D21,control,Microglia,train
4223,TTTGTTGTCGTGACTA_D21-2747-0,GSE216146,D21-2747,D21,control,Pericyte,train
3779,TACTTACCAAGACCGA_D21-2747-0,GSE216146,D21-2747,D21,control,Oligodendrocyte,train
2803,AGGTAGGCAGTAACCT_D21-2747-0,GSE216146,D21-2747,D21,control,Oligodendrocyte,train
2682,ACGCACGGTGTTGCCG_D21-2747-0,GSE216146,D21-2747,D21,control,Astrocyte,train
3967,TCTTTGATCTCTGCTG_D21-2747-0,GSE216146,D21-2747,D21,control,Choroid Plexus,train
4090,TGTGATGAGCATGCAG_D21-2747-0,GSE216146,D21-2747,D21,control,Microglia,train
3269,CTCCATGTCGTTCGCT_D21-2747-0,GSE216146,D21-2747,D21,control,Microglia,train
4061,TGGTACAAGCTCTATG_D21-2747-0,GSE216146,D21-2747,D21,control,Endothelial,train
3840,TCACTCGAGCAATTCC_D21-2747-0,GSE216146,D21-2747,D21,control,Oligodendrocyte,train
3496,GCGGATCCATGTGTCA_D21-2747-0,GSE216146,D21-2747,D21,control,Astrocyte,train
2977,CAGAGCCAGAGAATCT_D21-2747-0,GSE216146,D21-2747,D21,control,Choroid Plexus,train
2952,CACATGACAGGAAGTC_D21-2747-0,GSE216146,D21-2747,D21,control,Oligodendrocyte,train
2978,CAGAGCCGTAAGCTCT_D21-2747-0,GSE216146,D21-2747,D21,control,Microglia,train
3803,TAGGTACGTGCCCTTT_D21-2747-0,GSE216146,D21-2747,D21,control,Astrocyte,train
2802,AGGTAGGAGAGGGCGA_D21-2747-0,GSE216146,D21-2747,D21,control,Microglia,train
3309,CTGTAGACATCGGATT_D21-2747-0,GSE216146,D21-2747,D21,control,Choroid Plexus,train
3480,GCCCGAACAAAGGGTC_D21-2747-0,GSE216146,D21-2747,D21,control,Oligodendrocyte,train
3155,CGAGGCTTCGTCAACA_D21-2747-0,GSE216146,D21-2747,D21,control,Choroid Plexus,train
3723,GTGTTCCTCCATATGG_D21-2747-0,GSE216146,D21-2747,D21,control,Oligodendrocyte,train
2880,ATGCATGAGTCCTGCG_D21-2747-0,GSE216146,D21-2747,D21,control,Endothelial,train
3634,GTACAACTCTGAACGT_D21-2747-0,GSE216146,D21-2747,D21,control,Microglia,train
3599,GGTAACTTCAGAATAG_D21-2747-0,GSE216146,D21-2747,D21,control,Microglia,train
2850,ATCCACCTCCACAGGC_D21-2747-0,GSE216146,D21-2747,D21,control,Choroid Plexus,train
3465,GCATTAGGTGTGCTTA_D21-2747-0,GSE216146,D21-2747,D21,control,Oligodendrocyte,train
3445,GATTGGTGTCTATGAC_D21-2747-0,GSE216146,D21-2747,D21,control,Oligodendrocyte,train
2996,CAGCCAGTCTGGCCGA_D21-2747-0,GSE216146,D21-2747,D21,control,Endothelial,train
3955,TCTCACGGTATGAGCG_D21-2747-0,GSE216146,D21-2747,D21,control,Progenitor,train
3749,TAACGACGTGCCGTAC_D21-2747-0,GSE216146,D21-2747,D21,control,Endothelial,train
3966,TCTTTGACACATATCG_D21-2747-0,GSE216146,D21-2747,D21,control,Oligodendrocyte,train
3651,GTCAAACAGTTGCGAG_D21-2747-0,GSE216146,D21-2747,D21,control,Endothelial,train
4027,TGCGATATCTGGGAGA_D21-2747-0,GSE216146,D21-2747,D21,control,Choroid Plexus,train
3276,CTCGAGGAGGGTGAAA_D21-2747-0,GSE216146,D21-2747,D21,control,Microglia,train
2851,ATCCACCTCGACATAC_D21-2747-0,GSE216146,D21-2747,D21,control,Progenitor,train
2853,ATCCATTTCAAAGCCT_D21-2747-0,GSE216146,D21-2747,D21,control,Microglia,train
2702,ACTACGAGTTATGGTC_D21-2747-0,GSE216146,D21-2747,D21,control,Microglia,train
3718,GTGTGGCTCGCACGAC_D21-2747-0,GSE216146,D21-2747,D21,control,Oligodendrocyte,train
2770,AGCTACACAGAAGCGT_D21-2747-0,GSE216146,D21-2747,D21,control,Astrocyte,train
3447,GCAACATTCCTGTTGC_D21-2747-0,GSE216146,D21-2747,D21,control,Oligodendrocyte,train
3892,TCCGATCCAGCGTGCT_D21-2747-0,GSE216146,D21-2747,D21,control,Oligodendrocyte,train
2774,AGGAAATCAGAGTAAT_D21-2747-0,GSE216146,D21-2747,D21,control,Oligodendrocyte,train
3959,TCTCTGGTCCTAAACG_D21-2747-0,GSE216146,D21-2747,D21,control,Microglia,train
2672,ACCTACCAGTATCCTG_D21-2747-0,GSE216146,D21-2747,D21,control,Oligodendrocyte,train
3297,CTGCCTAGTTATCTGG_D21-2747-0,GSE216146,D21-2747,D21,control,Oligodendrocyte,train
3224,CTACAGACAGAGATTA_D21-2747-0,GSE216146,D21-2747,D21,control,Pericyte,train
3263,CTCATTAAGTGGTTCT_D21-2747-0,GSE216146,D21-2747,D21,control,Oligodendrocyte,train
2685,ACGGTCGAGACGCCCT_D21-2747-0,GSE216146,D21-2747,D21,control,Immune,train
2649,ACAGGGACAACCACAT_D21-2747-0,GSE216146,D21-2747,D21,control,Microglia,train
3739,GTTTGGAAGGAAGAAC_D21-2747-0,GSE216146,D21-2747,D21,control,Progenitor,train
3351,GAAGCGATCGCTTTAT_D21-2747-0,GSE216146,D21-2747,D21,control,Immune,train
4040,TGCTGAAGTATGAGGC_D21-2747-0,GSE216146,D21-2747,D21,control,Microglia,train
4046,TGGAACTAGGTCCGAA_D21-2747-0,GSE216146,D21-2747,D21,control,Astrocyte,train
3133,CCTCTAGTCCTCGCAT_D21-2747-0,GSE216146,D21-2747,D21,control,Astrocyte,train
3618,GGTGTTATCTTAGTTC_D21-2747-0,GSE216146,D21-2747,D21,control,Microglia,train
3528,GGAGCAAGTCAAGCCC_D21-2747-0,GSE216146,D21-2747,D21,control,Immune,train
2971,CACTGTCCACTAGAGG_D21-2747-0,GSE216146,D21-2747,D21,control,Progenitor,train
3888,TCCCATGGTAGGTACG_D21-2747-0,GSE216146,D21-2747,D21,control,Oligodendrocyte,train
2913,ATTCTTGAGTCAGAGC_D21-2747-0,GSE216146,D21-2747,D21,control,Ependymal,train
3555,GGCTTTCTCTTCCCAG_D21-2747-0,GSE216146,D21-2747,D21,control,Oligodendrocyte,train
3040,CATTCATGTCACTGAT_D21-2747-0,GSE216146,D21-2747,D21,control,Astrocyte,train
2663,ACCCTCAGTCCCGTGA_D21-2747-0,GSE216146,D21-2747,D21,control,Microglia,train
3624,GGTTGTATCGAGATGG_D21-2747-0,GSE216146,D21-2747,D21,control,OPC,train
3921,TCGACGGGTGACGCCT_D21-2747-0,GSE216146,D21-2747,D21,control,Microglia,train
3961,TCTGGCTGTCGCTCGA_D21-2747-0,GSE216146,D21-2747,D21,control,Astrocyte,train
4149,TTCCTTCAGGGATCTG_D21-2747-0,GSE216146,D21-2747,D21,control,Microglia,train
2796,AGGGCCTCATATCTGG_D21-2747-0,GSE216146,D21-2747,D21,control,Microglia,train
2757,AGCCAGCTCATGACAC_D21-2747-0,GSE216146,D21-2747,D21,control,Immune,validation
4118,TTACGTTAGCGTGTCC_D21-2747-0,GSE216146,D21-2747,D21,control,Oligodendrocyte,validation
2997,CAGCGTGAGGACTAAT_D21-2747-0,GSE216146,D21-2747,D21,control,Oligodendrocyte,validation
3905,TCCTCGATCGCTAGCG_D21-2747-0,GSE216146,D21-2747,D21,control,Oligodendrocyte,validation
3474,GCCAGTGTCCTGGGAC_D21-2747-0,GSE216146,D21-2747,D21,control,Oligodendrocyte,validation
3157,CGAGTTAGTACTCGAT_D21-2747-0,GSE216146,D21-2747,D21,control,Microglia,validation
3410,GAGTCTAGTACCCGCA_D21-2747-0,GSE216146,D21-2747,D21,control,Oligodendrocyte,validation
3477,GCCATTCGTAACACCT_D21-2747-0,GSE216146,D21-2747,D21,control,Microglia,validation
2644,ACACGCGAGGCATCAG_D21-2747-0,GSE216146,D21-2747,D21,control,Microglia,validation
2713,ACTGTCCTCTTGCGCT_D21-2747-0,GSE216146,D21-2747,D21,control,Endothelial,validation
4077,TGTCAGAGTTGGCCGT_D21-2747-0,GSE216146,D21-2747,D21,control,Oligodendrocyte,validation
2664,ACCCTTGAGAATCGTA_D21-2747-0,GSE216146,D21-2747,D21,control,Astrocyte,validation
3552,GGCTTTCCAAGAGTTA_D21-2747-0,GSE216146,D21-2747,D21,control,Microglia,validation
3117,CCTAAGACATAACTCG_D21-2747-0,GSE216146,D21-2747,D21,control,Astrocyte,validation
3241,CTAGACAGTTCCGCTT_D21-2747-0,GSE216146,D21-2747,D21,control,Choroid Plexus,validation
3128,CCTCCTCCAACCTAAC_D21-2747-0,GSE216146,D21-2747,D21,control,Oligodendrocyte,validation
2861,ATCCTATCAATGAGCG_D21-2747-0,GSE216146,D21-2747,D21,control,Microglia,validation
3003,CAGTGCGAGACGTCGA_D21-2747-0,GSE216146,D21-2747,D21,control,Microglia,validation
3710,GTGGTTAAGGAAACGA_D21-2747-0,GSE216146,D21-2747,D21,control,Oligodendrocyte,validation
3886,TCCCACATCGCCACTT_D21-2747-0,GSE216146,D21-2747,D21,control,Oligodendrocyte,validation
2642,ACACAGTTCGAGCTGC_D21-2747-0,GSE216146,D21-2747,D21,control,Endothelial,validation
2872,ATGACCAAGGATCATA_D21-2747-0,GSE216146,D21-2747,D21,control,Oligodendrocyte,validation
3252,CTCACTGGTGCCTATA_D21-2747-0,GSE216146,D21-2747,D21,control,Oligodendrocyte,validation
3684,GTCTAGAAGGAAGTCC_D21-2747-0,GSE216146,D21-2747,D21,control,Oligodendrocyte,validation
3505,GCTACAAGTCCAAGAG_D21-2747-0,GSE216146,D21-2747,D21,control,Microglia,validation
3927,TCGCAGGAGGCCACTC_D21-2747-0,GSE216146,D21-2747,D21,control,Microglia,validation
4136,TTCATGTAGCGTGCCT_D21-2747-0,GSE216146,D21-2747,D21,control,Choroid Plexus,validation
3513,GCTGAATGTTGGGCCT_D21-2747-0,GSE216146,D21-2747,D21,control,Oligodendrocyte,validation
3690,GTCTGTCAGCCTCACG_D21-2747-0,GSE216146,D21-2747,D21,control,Immune,validation
2931,CAAGCTATCGGTATGT_D21-2747-0,GSE216146,D21-2747,D21,control,Immune,validation
3329,CTTGAGAGTTCAGCTA_D21-2747-0,GSE216146,D21-2747,D21,control,Oligodendrocyte,validation
2800,AGGGTGATCAGCTAGT_D21-2747-0,GSE216146,D21-2747,D21,control,Astrocyte,validation
4005,TGATGCAAGGCTATCT_D21-2747-0,GSE216146,D21-2747,D21,control,Microglia,validation
4081,TGTCCACTCTATACGG_D21-2747-0,GSE216146,D21-2747,D21,control,Oligodendrocyte,validation
3390,GACTGATCAGGTCAGA_D21-2747-0,GSE216146,D21-2747,D21,control,Microglia,validation
3813,TATCGCCCATTGAGCT_D21-2747-0,GSE216146,D21-2747,D21,control,Progenitor,validation
4003,TGATCAGAGCACCGTC_D21-2747-0,GSE216146,D21-2747,D21,control,Microglia,validation
3688,GTCTCACGTCAAGGCA_D21-2747-0,GSE216146,D21-2747,D21,control,Choroid Plexus,validation
2918,ATTGTTCTCCCTCATG_D21-2747-0,GSE216146,D21-2747,D21,control,Microglia,validation
2773,AGCTTCCAGAGCCGAT_D21-2747-0,GSE216146,D21-2747,D21,control,OPC,validation
3423,GATAGCTTCATTCATC_D21-2747-0,GSE216146,D21-2747,D21,control,Microglia,validation
3119,CCTCACAAGCGCCATC_D21-2747-0,GSE216146,D21-2747,D21,control,Oligodendrocyte,validation
2942,CACAACACAAGTGCTT_D21-2747-0,GSE216146,D21-2747,D21,control,Oligodendrocyte,validation
2989,CAGCACGCACACCGAC_D21-2747-0,GSE216146,D21-2747,D21,control,Astrocyte,validation
3730,GTTAGTGTCGTGGACC_D21-2747-0,GSE216146,D21-2747,D21,control,Choroid Plexus,validation
3077,CCCAACTGTTAATGAG_D21-2747-0,GSE216146,D21-2747,D21,control,Choroid Plexus,validation
3251,CTCACTGGTCATCTAG_D21-2747-0,GSE216146,D21-2747,D21,control,Microglia,validation
2606,AAGTGAAGTCACTCGG_D21-2747-0,GSE216146,D21-2747,D21,control,Oligodendrocyte,validation
2798,AGGGTCCCATGAGGGT_D21-2747-0,GSE216146,D21-2747,D21,control,Microglia,validation
3437,GATGCTATCAACTCTT_D21-2747-0,GSE216146,D21-2747,D21,control,Microglia,validation
3396,GAGAGGTGTCGTGTTA_D21-2747-0,GSE216146,D21-2747,D21,control,Microglia,test
3606,GGTCACGGTTGCACGC_D21-2747-0,GSE216146,D21-2747,D21,control,OPC,test
2742,AGAGAGCCAACGATTC_D21-2747-0,GSE216146,D21-2747,D21,control,OPC,test
2587,AAGCATCGTCGGCCTA_D21-2747-0,GSE216146,D21-2747,D21,control,Pericyte,test
3258,CTCAGGGTCCTCTAAT_D21-2747-0,GSE216146,D21-2747,D21,control,Microglia,test
3392,GAGAAATTCGACGCTG_D21-2747-0,GSE216146,D21-2747,D21,control,Microglia,test
4106,TGTTGGAGTCCGGCAT_D21-2747-0,GSE216146,D21-2747,D21,control,Choroid Plexus,test
2958,CACGAATCAGTAGTTC_D21-2747-0,GSE216146,D21-2747,D21,control,Oligodendrocyte,test
2708,ACTCTCGGTACGTAGG_D21-2747-0,GSE216146,D21-2747,D21,control,Microglia,test
2734,AGACACTAGGGAGGTG_D21-2747-0,GSE216146,D21-2747,D21,control,Endothelial,test
3340,GAAATGAAGTGCTAGG_D21-2747-0,GSE216146,D21-2747,D21,control,Microglia,test
3456,GCAGCCATCGCAGATT_D21-2747-0,GSE216146,D21-2747,D21,control,Microglia,test
3903,TCCTCGACAGCATACT_D21-2747-0,GSE216146,D21-2747,D21,control,Astrocyte,test
3503,GCTACAACACGCGCAT_D21-2747-0,GSE216146,D21-2747,D21,control,Endothelial,test
3828,TCAATCTCACTTGGGC_D21-2747-0,GSE216146,D21-2747,D21,control,Microglia,test
3342,GAACACTAGACCACGA_D21-2747-0,GSE216146,D21-2747,D21,control,Astrocyte,test
3642,GTAGGAGCAGAGTAAT_D21-2747-0,GSE216146,D21-2747,D21,control,Oligodendrocyte,test
3978,TGACCCTAGACTCCGC_D21-2747-0,GSE216146,D21-2747,D21,control,Oligodendrocyte,test
2727,AGAAATGTCCCGTTCA_D21-2747-0,GSE216146,D21-2747,D21,control,Microglia,test
3849,TCAGTCCCACAATGTC_D21-2747-0,GSE216146,D21-2747,D21,control,Oligodendrocyte,test
2650,ACATCCCTCAACGAGG_D21-2747-0,GSE216146,D21-2747,D21,control,Microglia,test
2688,ACGGTTATCGGACGTC_D21-2747-0,GSE216146,D21-2747,D21,control,OPC,test
3455,GCAGCCACAAATGGTA_D21-2747-0,GSE216146,D21-2747,D21,control,Oligodendrocyte,test
3389,GACTGATAGCTCGCAC_D21-2747-0,GSE216146,D21-2747,D21,control,Microglia,test
3273,CTCCTCCCAGAACTTC_D21-2747-0,GSE216146,D21-2747,D21,control,Astrocyte,test
3853,TCAGTGAGTGTGAGCA_D21-2747-0,GSE216146,D21-2747,D21,control,Oligodendrocyte,test
3647,GTATTGGAGGTCCCGT_D21-2747-0,GSE216146,D21-2747,D21,control,Microglia,test
3830,TCACAAGAGCTGAAAT_D21-2747-0,GSE216146,D21-2747,D21,control,Endothelial,test
4125,TTAGGGTCACCCTTGT_D21-2747-0,GSE216146,D21-2747,D21,control,Oligodendrocyte,test
3949,TCGTGGGTCATTGTTC_D21-2747-0,GSE216146,D21-2747,D21,control,Choroid Plexus,test
2722,ACTTCGCTCCCAAGCG_D21-2747-0,GSE216146,D21-2747,D21,control,Microglia,test
3457,GCAGCTGAGCTAAGTA_D21-2747-0,GSE216146,D21-2747,D21,control,Oligodendrocyte,test
3632,GTACAACCAATAAGGT_D21-2747-0,GSE216146,D21-2747,D21,control,Microglia,test
3707,GTGCTTCCACAACGAG_D21-2747-0,GSE216146,D21-2747,D21,control,Oligodendrocyte,test
2782,AGGACTTCAGCACGAA_D21-2747-0,GSE216146,D21-2747,D21,control,Microglia,test
4153,TTCGGTCCACTTCTCG_D21-2747-0,GSE216146,D21-2747,D21,control,Oligodendrocyte,test
3311,CTGTAGATCCGTGGCA_D21-2747-0,GSE216146,D21-2747,D21,control,Oligodendrocyte,test
3388,GACTGATAGCGCCATC_D21-2747-0,GSE216146,D21-2747,D21,control,Oligodendrocyte,test
2834,ATAGAGAAGTGGACTG_D21-2747-0,GSE216146,D21-2747,D21,control,Microglia,test
2620,AATGACCCAGTCAGCC_D21-2747-0,GSE216146,D21-2747,D21,control,Microglia,test
2898,ATTATCCCAACTTGGT_D21-2747-0,GSE216146,D21-2747,D21,control,Oligodendrocyte,test
3023,CATCGTCGTTGCTCGG_D21-2747-0,GSE216146,D21-2747,D21,control,Immune,test
3094,CCGATCTAGCCTCATA_D21-2747-0,GSE216146,D21-2747,D21,control,Choroid Plexus,test
2745,AGATCGTCAAGGGTCA_D21-2747-0,GSE216146,D21-2747,D21,control,Microglia,test
3228,CTACATTTCGAGATGG_D21-2747-0,GSE216146,D21-2747,D21,control,Microglia,test
2778,AGGAATATCAAAGACA_D21-2747-0,GSE216146,D21-2747,D21,control,Oligodendrocyte,test
3823,TATTGGGCACAATCTG_D21-2747-0,GSE216146,D21-2747,D21,control,OPC,test
2994,CAGCAGCTCATTACGG_D21-2747-0,GSE216146,D21-2747,D21,control,Astrocyte,test
3123,CCTCATGTCGGACGTC_D21-2747-0,GSE216146,D21-2747,D21,control,Endothelial,test
4121,TTAGGCACAGGAATAT_D21-2747-0,GSE216146,D21-2747,D21,control,Endothelial,test
8937,CGACAGCAGCATTGTC_D21-2750-0,GSE216146,D21-2750,D21,cisplatin,Oligodendrocyte,train
8765,CATACAGCACTGTGAT_D21-2750-0,GSE216146,D21-2750,D21,cisplatin,Choroid Plexus,train
9380,GCATGATCACCCATAA_D21-2750-0,GSE216146,D21-2750,D21,cisplatin,Choroid Plexus,train
9105,CTCCTCCAGGGACTGT_D21-2750-0,GSE216146,D21-2750,D21,cisplatin,Microglia,train
9234,GACCAATAGGCGTCCT_D21-2750-0,GSE216146,D21-2750,D21,cisplatin,Microglia,train
8305,AGAAATGCAAGAAATC_D21-2750-0,GSE216146,D21-2750,D21,cisplatin,Oligodendrocyte,train
8309,AGAACAATCAGCTTCC_D21-2750-0,GSE216146,D21-2750,D21,cisplatin,Oligodendrocyte,train
9373,GCAGGCTCAGAACTTC_D21-2750-0,GSE216146,D21-2750,D21,cisplatin,Pericyte,train
9128,CTGATCCTCCTACGAA_D21-2750-0,GSE216146,D21-2750,D21,cisplatin,Microglia,train
9747,GTTTACTTCCTACAAG_D21-2750-0,GSE216146,D21-2750,D21,cisplatin,Endothelial,train
9262,GAGAAATCAAACTAGA_D21-2750-0,GSE216146,D21-2750,D21,cisplatin,Microglia,train
9009,CGTCAAAAGCGTTCCG_D21-2750-0,GSE216146,D21-2750,D21,cisplatin,Oligodendrocyte,train
9435,GCTACAAGTCCTGAAT_D21-2750-0,GSE216146,D21-2750,D21,cisplatin,Microglia,train
9334,GATGCTAAGCGTCTCG_D21-2750-0,GSE216146,D21-2750,D21,cisplatin,Choroid Plexus,train
9649,GTCATGAGTAGACAAT_D21-2750-0,GSE216146,D21-2750,D21,cisplatin,Choroid Plexus,train
8757,CAGTTAGAGGTAGATT_D21-2750-0,GSE216146,D21-2750,D21,cisplatin,Microglia,train
8355,AGATCCAGTCACAGAG_D21-2750-0,GSE216146,D21-2750,D21,cisplatin,Oligodendrocyte,train
8235,ACCTGTCTCGCCAATA_D21-2750-0,GSE216146,D21-2750,D21,cisplatin,Oligodendrocyte,train
9257,GACTCTCGTTTCGACA_D21-2750-0,GSE216146,D21-2750,D21,cisplatin,Oligodendrocyte,train
8138,AAGGTAATCTGGCCTT_D21-2750-0,GSE216146,D21-2750,D21,cisplatin,Microglia,train
9921,TCAGCAAGTCACGCTG_D21-2750-0,GSE216146,D21-2750,D21,cisplatin,Choroid Plexus,train
9634,GTCAAGTAGAGCAACC_D21-2750-0,GSE216146,D21-2750,D21,cisplatin,Astrocyte,train
9789,TACCCGTCAATGGCCC_D21-2750-0,GSE216146,D21-2750,D21,cisplatin,Choroid Plexus,train
8625,ATTCGTTGTTAAACAG_D21-2750-0,GSE216146,D21-2750,D21,cisplatin,Choroid Plexus,train
10198,TGGCGTGCAATTCTCT_D21-2750-0,GSE216146,D21-2750,D21,cisplatin,Choroid Plexus,train
9419,GCGGAAAAGTACTGTC_D21-2750-0,GSE216146,D21-2750,D21,cisplatin,Microglia,train
8730,CAGATACCATACACCA_D21-2750-0,GSE216146,D21-2750,D21,cisplatin,Microglia,train
9382,GCATTAGAGATAGCTA_D21-2750-0,GSE216146,D21-2750,D21,cisplatin,Pericyte,train
8778,CATCGCTTCCTCGCAT_D21-2750-0,GSE216146,D21-2750,D21,cisplatin,Choroid Plexus,train
9416,GCGATCGAGTCATTGC_D21-2750-0,GSE216146,D21-2750,D21,cisplatin,Oligodendrocyte,train
10411,TTTATGCGTGTTTCTT_D21-2750-0,GSE216146,D21-2750,D21,cisplatin,Microglia,train
8412,AGGATCTCAGTTTGGT_D21-2750-0,GSE216146,D21-2750,D21,cisplatin,Microglia,train
9519,GGGAGTATCATCCTGC_D21-2750-0,GSE216146,D21-2750,D21,cisplatin,Neuron,train
8088,AACAAGATCGTACACA_D21-2750-0,GSE216146,D21-2750,D21,cisplatin,Choroid Plexus,train
8344,AGAGAATGTGGGTATG_D21-2750-0,GSE216146,D21-2750,D21,cisplatin,Oligodendrocyte,train
9278,GAGCTGCAGAACAGGA_D21-2750-0,GSE216146,D21-2750,D21,cisplatin,Microglia,train
8951,CGAGTTAGTTATGTCG_D21-2750-0,GSE216146,D21-2750,D21,cisplatin,Microglia,train
10176,TGCTGAATCGAAATCC_D21-2750-0,GSE216146,D21-2750,D21,cisplatin,Choroid Plexus,train
9616,GTAGATCCACAGCTGC_D21-2750-0,GSE216146,D21-2750,D21,cisplatin,Microglia,train
9299,GAGTGTTCACTGTCCT_D21-2750-0,GSE216146,D21-2750,D21,cisplatin,Immune,train
10117,TGACCCTAGGCAGTCA_D21-2750-0,GSE216146,D21-2750,D21,cisplatin,Microglia,train
9323,GATCCCTGTCCTGGGT_D21-2750-0,GSE216146,D21-2750,D21,cisplatin,Microglia,train
8267,ACTATGGTCCCAAGCG_D21-2750-0,GSE216146,D21-2750,D21,cisplatin,Microglia,train
9506,GGGACCTCATCCGTTC_D21-2750-0,GSE216146,D21-2750,D21,cisplatin,Choroid Plexus,train
8289,ACTGTCCTCTGGGTCG_D21-2750-0,GSE216146,D21-2750,D21,cisplatin,Choroid Plexus,train
8886,CCGGGTACATCCTCAC_D21-2750-0,GSE216146,D21-2750,D21,cisplatin,Choroid Plexus,train
9240,GACCCTTAGGGAGTTC_D21-2750-0,GSE216146,D21-2750,D21,cisplatin,Oligodendrocyte,train
10360,TTGCCTGTCCTTGACC_D21-2750-0,GSE216146,D21-2750,D21,cisplatin,Astrocyte,train
8326,AGACAAACACAACCGC_D21-2750-0,GSE216146,D21-2750,D21,cisplatin,Choroid Plexus,train
8952,CGATCGGAGGTTCTAC_D21-2750-0,GSE216146,D21-2750,D21,cisplatin,Microglia,train
8753,CAGGGCTAGCAACCAG_D21-2750-0,GSE216146,D21-2750,D21,cisplatin,Choroid Plexus,train
10053,TCGTCCAGTCTGTGTA_D21-2750-0,GSE216146,D21-2750,D21,cisplatin,Choroid Plexus,train
8904,CCTCAGTCATGTTCAG_D21-2750-0,GSE216146,D21-2750,D21,cisplatin,Microglia,train
9977,TCCACGTAGGGACACT_D21-2750-0,GSE216146,D21-2750,D21,cisplatin,Choroid Plexus,train
10240,TGTAAGCGTATGTCAC_D21-2750-0,GSE216146,D21-2750,D21,cisplatin,Choroid Plexus,train
8472,AGTGCCGCATCAGCTA_D21-2750-0,GSE216146,D21-2750,D21,cisplatin,Choroid Plexus,train
9056,CTATAGGGTATCAGGG_D21-2750-0,GSE216146,D21-2750,D21,cisplatin,Pericyte,train
8640,ATTTCTGGTGCTCTTC_D21-2750-0,GSE216146,D21-2750,D21,cisplatin,Oligodendrocyte,train
10355,TTGAGTGGTTTCGTAG_D21-2750-0,GSE216146,D21-2750,D21,cisplatin,Endothelial,train
9005,CGTAATGCAGGTATGG_D21-2750-0,GSE216146,D21-2750,D21,cisplatin,Endothelial,train
10175,TGCTGAAGTAAGGCTG_D21-2750-0,GSE216146,D21-2750,D21,cisplatin,Oligodendrocyte,train
9177,CTTCGGTAGCACCCAC_D21-2750-0,GSE216146,D21-2750,D21,cisplatin,Choroid Plexus,train
8805,CATTCATAGGCTCACC_D21-2750-0,GSE216146,D21-2750,D21,cisplatin,Choroid Plexus,train
9099,CTCCATGGTGGTCTAT_D21-2750-0,GSE216146,D21-2750,D21,cisplatin,Astrocyte,train
8746,CAGCCAGCACTGGCGT_D21-2750-0,GSE216146,D21-2750,D21,cisplatin,Oligodendrocyte,train
9459,GGAAGTGAGTCTACCA_D21-2750-0,GSE216146,D21-2750,D21,cisplatin,Endothelial,train
8282,ACTGCAAGTGATACAA_D21-2750-0,GSE216146,D21-2750,D21,cisplatin,Microglia,train
8655,CAACGGCCAACACAAA_D21-2750-0,GSE216146,D21-2750,D21,cisplatin,Endothelial,train
9635,GTCAAGTAGCAAGTGC_D21-2750-0,GSE216146,D21-2750,D21,cisplatin,Microglia,train
8793,CATGCGGCACAGCATT_D21-2750-0,GSE216146,D21-2750,D21,cisplatin,Choroid Plexus,train
9523,GGGATCCAGTCATTGC_D21-2750-0,GSE216146,D21-2750,D21,cisplatin,Choroid Plexus,train
9314,GATAGCTAGCGTGTCC_D21-2750-0,GSE216146,D21-2750,D21,cisplatin,Astrocyte,train
8098,AACCAACGTGGATCAG_D21-2750-0,GSE216146,D21-2750,D21,cisplatin,Choroid Plexus,train
9968,TCATTTGGTTCGGACC_D21-2750-0,GSE216146,D21-2750,D21,cisplatin,Choroid Plexus,train
9474,GGAGATGTCGTGGACC_D21-2750-0,GSE216146,D21-2750,D21,cisplatin,Choroid Plexus,train
9396,GCCATGGCAGTTGCGC_D21-2750-0,GSE216146,D21-2750,D21,cisplatin,Microglia,train
9525,GGGATCCGTCGTTGGC_D21-2750-0,GSE216146,D21-2750,D21,cisplatin,OPC,train
9072,CTCACTGCACAGTGAG_D21-2750-0,GSE216146,D21-2750,D21,cisplatin,Choroid Plexus,train
8621,ATTCCTACACACTGGC_D21-2750-0,GSE216146,D21-2750,D21,cisplatin,Astrocyte,train
9945,TCATCATTCTCGAACA_D21-2750-0,GSE216146,D21-2750,D21,cisplatin,Choroid Plexus,train
9595,GTAACACAGCTACGTT_D21-2750-0,GSE216146,D21-2750,D21,cisplatin,Choroid Plexus,train
10415,TTTCACATCCTCACTG_D21-2750-0,GSE216146,D21-2750,D21,cisplatin,Microglia,train
10190,TGGATCACAACTGATC_D21-2750-0,GSE216146,D21-2750,D21,cisplatin,Choroid Plexus,train
9184,CTTCTCTAGTCCCGGT_D21-2750-0,GSE216146,D21-2750,D21,cisplatin,Microglia,train
9644,GTCACTCTCCTCAGGG_D21-2750-0,GSE216146,D21-2750,D21,cisplatin,Choroid Plexus,train
8872,CCCTTAGTCCTCACCA_D21-2750-0,GSE216146,D21-2750,D21,cisplatin,Microglia,train
9681,GTCTTTAAGACTCTTG_D21-2750-0,GSE216146,D21-2750,D21,cisplatin,Choroid Plexus,train
10045,TCGGGACTCGGCCAAC_D21-2750-0,GSE216146,D21-2750,D21,cisplatin,Oligodendrocyte,train
10379,TTGTGGACAAGTGGAC_D21-2750-0,GSE216146,D21-2750,D21,cisplatin,Microglia,train
8646,CAACAGTAGTCGGCAA_D21-2750-0,GSE216146,D21-2750,D21,cisplatin,Microglia,train
9720,GTGTGGCTCCATCTCG_D21-2750-0,GSE216146,D21-2750,D21,cisplatin,Microglia,train
8950,CGAGTTAGTGTTCATG_D21-2750-0,GSE216146,D21-2750,D21,cisplatin,Choroid Plexus,train
10205,TGGGAAGTCGTTACCC_D21-2750-0,GSE216146,D21-2750,D21,cisplatin,Oligodendrocyte,train
9456,GGAACCCGTCAAAGTA_D21-2750-0,GSE216146,D21-2750,D21,cisplatin,Endothelial,train
8736,CAGATTGTCTCGCAGG_D21-2750-0,GSE216146,D21-2750,D21,cisplatin,Choroid Plexus,train
9496,GGCAGTCTCCAATCCC_D21-2750-0,GSE216146,D21-2750,D21,cisplatin,Oligodendrocyte,train
9498,GGCGTCAAGCAGTCTT_D21-2750-0,GSE216146,D21-2750,D21,cisplatin,Microglia,train
9207,GAACACTGTGTGAGCA_D21-2750-0,GSE216146,D21-2750,D21,cisplatin,Oligodendrocyte,train
8720,CACTGTCCAACGACAG_D21-2750-0,GSE216146,D21-2750,D21,cisplatin,Choroid Plexus,train
8567,ATGACCAAGGCTTCCG_D21-2750-0,GSE216146,D21-2750,D21,cisplatin,Microglia,train
9551,GGGTGTCTCACGGGAA_D21-2750-0,GSE216146,D21-2750,D21,cisplatin,Choroid Plexus,train
9691,GTGCACGTCTCCATAT_D21-2750-0,GSE216146,D21-2750,D21,cisplatin,Oligodendrocyte,train
8851,CCACTTGTCAATCTTC_D21-2750-0,GSE216146,D21-2750,D21,cisplatin,Choroid Plexus,train
9046,CTACGGGAGTCTTGGT_D21-2750-0,GSE216146,D21-2750,D21,cisplatin,Choroid Plexus,train
9284,GAGGCCTCAGACTGCC_D21-2750-0,GSE216146,D21-2750,D21,cisplatin,Choroid Plexus,train
8497,ATACCTTTCAGCAGAG_D21-2750-0,GSE216146,D21-2750,D21,cisplatin,OPC,train
9350,GATTTCTGTTACACAC_D21-2750-0,GSE216146,D21-2750,D21,cisplatin,Oligodendrocyte,train
9913,TCACTCGAGGATAATC_D21-2750-0,GSE216146,D21-2750,D21,cisplatin,Choroid Plexus,train
8105,AACCTTTGTCGCGGTT_D21-2750-0,GSE216146,D21-2750,D21,cisplatin,Choroid Plexus,train
9185,CTTCTCTCAATGCTCA_D21-2750-0,GSE216146,D21-2750,D21,cisplatin,Fibroblast,train
9689,GTGATGTTCCCTGGTT_D21-2750-0,GSE216146,D21-2750,D21,cisplatin,Oligodendrocyte,train
9455,GGAACCCAGCCTCTTC_D21-2750-0,GSE216146,D21-2750,D21,cisplatin,Choroid Plexus,train
8258,ACGTTCCAGCACTTTG_D21-2750-0,GSE216146,D21-2750,D21,cisplatin,Choroid Plexus,train
8307,AGAACAAAGTATGAAC_D21-2750-0,GSE216146,D21-2750,D21,cisplatin,Astrocyte,train
8876,CCGATCTTCGGTCATA_D21-2750-0,GSE216146,D21-2750,D21,cisplatin,Choroid Plexus,train
10192,TGGATGTAGACCTTTG_D21-2750-0,GSE216146,D21-2750,D21,cisplatin,Astrocyte,train
10126,TGAGCATCAGTCTACA_D21-2750-0,GSE216146,D21-2750,D21,cisplatin,Astrocyte,train
8815,CATTGAGCACAGTACT_D21-2750-0,GSE216146,D21-2750,D21,cisplatin,Endothelial,train
10396,TTTACCAAGCGACATG_D21-2750-0,GSE216146,D21-2750,D21,cisplatin,Astrocyte,train
9987,TCCCAGTGTTAGCGGA_D21-2750-0,GSE216146,D21-2750,D21,cisplatin,Endothelial,train
8758,CAGTTAGCAAGCACCC_D21-2750-0,GSE216146,D21-2750,D21,cisplatin,Choroid Plexus,train
8461,AGTAGTCGTTGCCAAT_D21-2750-0,GSE216146,D21-2750,D21,cisplatin,Choroid Plexus,train
10151,TGATTCTAGAACAAGG_D21-2750-0,GSE216146,D21-2750,D21,cisplatin,Astrocyte,train
8298,ACTTTCAGTTAACCTG_D21-2750-0,GSE216146,D21-2750,D21,cisplatin,Choroid Plexus,train
9288,GAGGGATTCTGGAGAG_D21-2750-0,GSE216146,D21-2750,D21,cisplatin,Astrocyte,train
10326,TTCCGTGAGCGTGAAC_D21-2750-0,GSE216146,D21-2750,D21,cisplatin,Choroid Plexus,train
9734,GTTCGCTAGGACGCAT_D21-2750-0,GSE216146,D21-2750,D21,cisplatin,Choroid Plexus,train
9342,GATTCTTGTGGGATTG_D21-2750-0,GSE216146,D21-2750,D21,cisplatin,Microglia,train
9676,GTCTCACGTTAGTCGT_D21-2750-0,GSE216146,D21-2750,D21,cisplatin,Astrocyte,train
9545,GGGTCACGTGTACATC_D21-2750-0,GSE216146,D21-2750,D21,cisplatin,Choroid Plexus,train
8591,ATGGATCCAACTGCCG_D21-2750-0,GSE216146,D21-2750,D21,cisplatin,Choroid Plexus,train
9125,CTGAGGCTCACCTCAC_D21-2750-0,GSE216146,D21-2750,D21,cisplatin,Astrocyte,train
9672,GTCGTTCCAGTCCGTG_D21-2750-0,GSE216146,D21-2750,D21,cisplatin,Ependymal,train
9337,GATGTTGCAATTTCCT_D21-2750-0,GSE216146,D21-2750,D21,cisplatin,Oligodendrocyte,train
9871,TATCTGTCAGCCTATA_D21-2750-0,GSE216146,D21-2750,D21,cisplatin,Oligodendrocyte,train
8780,CATCGTCAGAGTGTGC_D21-2750-0,GSE216146,D21-2750,D21,cisplatin,Microglia,train
9410,GCCGTGAGTACAACGG_D21-2750-0,GSE216146,D21-2750,D21,cisplatin,Microglia,train
8975,CGCCATTAGCCTGTGC_D21-2750-0,GSE216146,D21-2750,D21,cisplatin,Oligodendrocyte,train
8198,ACAGGGACATCGCTAA_D21-2750-0,GSE216146,D21-2750,D21,cisplatin,Microglia,train
10291,TTACCGCTCGACCACG_D21-2750-0,GSE216146,D21-2750,D21,cisplatin,Oligodendrocyte,train
9985,TCCCAGTAGCACCAGA_D21-2750-0,GSE216146,D21-2750,D21,cisplatin,Microglia,train
9057,CTATAGGTCTGCGGAC_D21-2750-0,GSE216146,D21-2750,D21,cisplatin,Microglia,train
9877,TATGTTCCAGAGACTG_D21-2750-0,GSE216146,D21-2750,D21,cisplatin,Choroid Plexus,train
8454,AGTACTGGTGGTACAG_D21-2750-0,GSE216146,D21-2750,D21,cisplatin,Choroid Plexus,train
8186,ACACGCGCAATGAAAC_D21-2750-0,GSE216146,D21-2750,D21,cisplatin,Oligodendrocyte,train
9896,TCAATTCTCGTAACAC_D21-2750-0,GSE216146,D21-2750,D21,cisplatin,Oligodendrocyte,train
8804,CATTCATAGGCATGCA_D21-2750-0,GSE216146,D21-2750,D21,cisplatin,Choroid Plexus,train
8632,ATTGTTCGTGCTGTCG_D21-2750-0,GSE216146,D21-2750,D21,cisplatin,Astrocyte,train
8541,ATCGATGGTGGCTGAA_D21-2750-0,GSE216146,D21-2750,D21,cisplatin,Choroid Plexus,train
8702,CACGGGTGTGTCCTAA_D21-2750-0,GSE216146,D21-2750,D21,cisplatin,Choroid Plexus,train
8773,CATCCACCAAATGATG_D21-2750-0,GSE216146,D21-2750,D21,cisplatin,Endothelial,train
8226,ACCCTCATCTTTGCTA_D21-2750-0,GSE216146,D21-2750,D21,cisplatin,Endothelial,train
10016,TCGAACAAGATTGCGG_D21-2750-0,GSE216146,D21-2750,D21,cisplatin,Oligodendrocyte,train
10380,TTGTGGACACGACAAG_D21-2750-0,GSE216146,D21-2750,D21,cisplatin,Endothelial,train
8292,ACTTATCAGTATGGCG_D21-2750-0,GSE216146,D21-2750,D21,cisplatin,Oligodendrocyte,train
8238,ACGATCATCAGCAGAG_D21-2750-0,GSE216146,D21-2750,D21,cisplatin,Oligodendrocyte,train
8693,CACCAAAAGCCTGACC_D21-2750-0,GSE216146,D21-2750,D21,cisplatin,Choroid Plexus,train
9665,GTCCTCACAAATGGAT_D21-2750-0,GSE216146,D21-2750,D21,cisplatin,Choroid Plexus,train
10418,TTTCAGTTCATTCACT_D21-2750-0,GSE216146,D21-2750,D21,cisplatin,Pericyte,train
8999,CGGTCAGCAGCACAGA_D21-2750-0,GSE216146,D21-2750,D21,cisplatin,Choroid Plexus,train
9167,CTTAGGATCCGATAGT_D21-2750-0,GSE216146,D21-2750,D21,cisplatin,Oligodendrocyte,train
8173,ACAAAGAAGGGTTAGC_D21-2750-0,GSE216146,D21-2750,D21,cisplatin,Choroid Plexus,train
10407,TTTACTGAGCTGCGAA_D21-2750-0,GSE216146,D21-2750,D21,cisplatin,Oligodendrocyte,train
9166,CTTAGGAGTTCGATTG_D21-2750-0,GSE216146,D21-2750,D21,cisplatin,Microglia,train
9297,GAGTGTTCACGACTAT_D21-2750-0,GSE216146,D21-2750,D21,cisplatin,Microglia,train
9779,TACAACGTCCTGGGTG_D21-2750-0,GSE216146,D21-2750,D21,cisplatin,Choroid Plexus,train
8645,CAACAACTCTGTGCTC_D21-2750-0,GSE216146,D21-2750,D21,cisplatin,Microglia,train
10040,TCGCTCAAGCCACAAG_D21-2750-0,GSE216146,D21-2750,D21,cisplatin,Choroid Plexus,train
8403,AGGAGGTGTTAAGAAC_D21-2750-0,GSE216146,D21-2750,D21,cisplatin,Choroid Plexus,train
9713,GTGTCCTTCTCTTGCG_D21-2750-0,GSE216146,D21-2750,D21,cisplatin,Astrocyte,train
9594,GTAACACAGCAATAGT_D21-2750-0,GSE216146,D21-2750,D21,cisplatin,Choroid Plexus,train
9275,GAGCCTGAGTCGAAGC_D21-2750-0,GSE216146,D21-2750,D21,cisplatin,Choroid Plexus,train
10377,TTGGTTTCAAGCTCTA_D21-2750-0,GSE216146,D21-2750,D21,cisplatin,Microglia,train
9192,CTTGATTCACAAAGTA_D21-2750-0,GSE216146,D21-2750,D21,cisplatin,Choroid Plexus,train
8674,CAATCGATCCCTCTCC_D21-2750-0,GSE216146,D21-2750,D21,cisplatin,Microglia,train
9795,TACCGGGTCCCTCTTT_D21-2750-0,GSE216146,D21-2750,D21,cisplatin,Choroid Plexus,train
8481,AGTTAGCAGCTGGTGA_D21-2750-0,GSE216146,D21-2750,D21,cisplatin,Microglia,train
9397,GCCATGGGTCCTGGGT_D21-2750-0,GSE216146,D21-2750,D21,cisplatin,Choroid Plexus,train
8156,AATGAAGAGGAAACGA_D21-2750-0,GSE216146,D21-2750,D21,cisplatin,Endothelial,train
9630,GTATTTCTCTACTATC_D21-2750-0,GSE216146,D21-2750,D21,cisplatin,Endothelial,train
8214,ACCAACAAGGGCCTCT_D21-2750-0,GSE216146,D21-2750,D21,cisplatin,Choroid Plexus,train
9176,CTTCGGTAGATCGCTT_D21-2750-0,GSE216146,D21-2750,D21,cisplatin,Choroid Plexus,train
8099,AACCACATCCAGCCTT_D21-2750-0,GSE216146,D21-2750,D21,cisplatin,Choroid Plexus,train
8771,CATAGACCATGACTTG_D21-2750-0,GSE216146,D21-2750,D21,cisplatin,Microglia,train
9844,TAGGAGGGTAGTTACC_D21-2750-0,GSE216146,D21-2750,D21,cisplatin,Fibroblast,train
8841,CCACGAGCAAGTACCT_D21-2750-0,GSE216146,D21-2750,D21,cisplatin,Choroid Plexus,train
10152,TGATTCTCAGTATGAA_D21-2750-0,GSE216146,D21-2750,D21,cisplatin,Choroid Plexus,train
8210,ACATTTCCACCTATCC_D21-2750-0,GSE216146,D21-2750,D21,cisplatin,Choroid Plexus,train
8960,CGATGCGGTTAGTTCG_D21-2750-0,GSE216146,D21-2750,D21,cisplatin,Endothelial,train
9237,GACCAATCAGAGGGTT_D21-2750-0,GSE216146,D21-2750,D21,cisplatin,Microglia,train
9143,CTGCTCAAGGGTTGCA_D21-2750-0,GSE216146,D21-2750,D21,cisplatin,Oligodendrocyte,train
9254,GACTATGGTATGGAGC_D21-2750-0,GSE216146,D21-2750,D21,cisplatin,Oligodendrocyte,train
8683,CACAACACACCTCTAC_D21-2750-0,GSE216146,D21-2750,D21,cisplatin,Microglia,train
9735,GTTCGCTCATAATGAG_D21-2750-0,GSE216146,D21-2750,D21,cisplatin,Microglia,train
8911,CCTCTAGCACCGTACG_D21-2750-0,GSE216146,D21-2750,D21,cisplatin,Oligodendrocyte,train
9777,TAATTCCGTGTCACAT_D21-2750-0,GSE216146,D21-2750,D21,cisplatin,Astrocyte,train
8370,AGCGATTGTACGTACT_D21-2750-0,GSE216146,D21-2750,D21,cisplatin,Microglia,train
10336,TTCCTCTTCGGCACTG_D21-2750-0,GSE216146,D21-2750,D21,cisplatin,Endothelial,train
10328,TTCCGTGGTCGCGGTT_D21-2750-0,GSE216146,D21-2750,D21,cisplatin,Astrocyte,train
8789,CATGCCTCAGAAATCA_D21-2750-0,GSE216146,D21-2750,D21,cisplatin,Choroid Plexus,train
8806,CATTCATCATGAATAG_D21-2750-0,GSE216146,D21-2750,D21,cisplatin,Choroid Plexus,train
8855,CCATAAGGTCGCCACA_D21-2750-0,GSE216146,D21-2750,D21,cisplatin,Oligodendrocyte,train
8062,AAACCCAAGTCAACAA_D21-2750-0,GSE216146,D21-2750,D21,cisplatin,Microglia,train
10217,TGGGCTGGTCAATGGG_D21-2750-0,GSE216146,D21-2750,D21,cisplatin,Microglia,train
8356,AGATCGTAGGGCTGAT_D21-2750-0,GSE216146,D21-2750,D21,cisplatin,Oligodendrocyte,train
9938,TCATACTAGTAGGATT_D21-2750-0,GSE216146,D21-2750,D21,cisplatin,Choroid Plexus,train
9878,TATGTTCTCACTGAAC_D21-2750-0,GSE216146,D21-2750,D21,cisplatin,Oligodendrocyte,train
9699,GTGGAAGAGGTCCAGA_D21-2750-0,GSE216146,D21-2750,D21,cisplatin,Choroid Plexus,train
9258,GACTTCCAGGAGAGGC_D21-2750-0,GSE216146,D21-2750,D21,cisplatin,Microglia,train
8425,AGGGCTCAGAATCGCG_D21-2750-0,GSE216146,D21-2750,D21,cisplatin,Microglia,train
8078,AAAGGTACATCCGAAT_D21-2750-0,GSE216146,D21-2750,D21,cisplatin,Oligodendrocyte,train
8633,ATTTACCCAAATACAG_D21-2750-0,GSE216146,D21-2750,D21,cisplatin,Oligodendrocyte,train
10002,TCCTCGATCTGGTCAA_D21-2750-0,GSE216146,D21-2750,D21,cisplatin,Oligodendrocyte,train
9593,GGTTGTATCTCAACGA_D21-2750-0,GSE216146,D21-2750,D21,cisplatin,Oligodendrocyte,train
8240,ACGATGTGTGAGTCAG_D21-2750-0,GSE216146,D21-2750,D21,cisplatin,Choroid Plexus,train
9549,GGGTGAACAGATAAAC_D21-2750-0,GSE216146,D21-2750,D21,cisplatin,Microglia,train
8174,ACAAAGAGTCGATTTG_D21-2750-0,GSE216146,D21-2750,D21,cisplatin,Oligodendrocyte,train
8787,CATGCAATCACTCGAA_D21-2750-0,GSE216146,D21-2750,D21,cisplatin,Endothelial,train
8800,CATGGTACACACACGC_D21-2750-0,GSE216146,D21-2750,D21,cisplatin,Oligodendrocyte,train
9880,TATTCCACAGAGGTAC_D21-2750-0,GSE216146,D21-2750,D21,cisplatin,Microglia,train
9662,GTCCCATGTTACCTGA_D21-2750-0,GSE216146,D21-2750,D21,cisplatin,Microglia,train
9784,TACATTCTCCTAGAGT_D21-2750-0,GSE216146,D21-2750,D21,cisplatin,Astrocyte,train
9729,GTTAGACTCACTACGA_D21-2750-0,GSE216146,D21-2750,D21,cisplatin,Choroid Plexus,train
8561,ATCTCTAGTCAGGTAG_D21-2750-0,GSE216146,D21-2750,D21,cisplatin,OPC,train
8597,ATGGGAGTCAAGAATG_D21-2750-0,GSE216146,D21-2750,D21,cisplatin,Choroid Plexus,train
10426,TTTGATCGTTTGGGTT_D21-2750-0,GSE216146,D21-2750,D21,cisplatin,Choroid Plexus,train
9702,GTGGAGAGTGTAGGAC_D21-2750-0,GSE216146,D21-2750,D21,cisplatin,Astrocyte,train
8423,AGGGAGTGTTAGCTAC_D21-2750-0,GSE216146,D21-2750,D21,cisplatin,Choroid Plexus,train
8200,ACAGGGATCTGTCCGT_D21-2750-0,GSE216146,D21-2750,D21,cisplatin,Choroid Plexus,train
9026,CTAACTTGTAGATGTA_D21-2750-0,GSE216146,D21-2750,D21,cisplatin,Choroid Plexus,train
10348,TTCTAGTAGTTTGTCG_D21-2750-0,GSE216146,D21-2750,D21,cisplatin,Microglia,train
10063,TCTACCGAGGTGCTTT_D21-2750-0,GSE216146,D21-2750,D21,cisplatin,Microglia,train
8131,AAGCGAGAGATGCTGG_D21-2750-0,GSE216146,D21-2750,D21,cisplatin,Oligodendrocyte,train
10369,TTGGGATGTTTGAAAG_D21-2750-0,GSE216146,D21-2750,D21,cisplatin,Oligodendrocyte,train
8530,ATCCATTCATGAGTAA_D21-2750-0,GSE216146,D21-2750,D21,cisplatin,Astrocyte,train
8724,CAGAGCCAGGAAAGTG_D21-2750-0,GSE216146,D21-2750,D21,cisplatin,Microglia,train
9454,GGAACCCAGCAAGCCA_D21-2750-0,GSE216146,D21-2750,D21,cisplatin,Astrocyte,train
9096,CTCCATGAGAGGTCGT_D21-2750-0,GSE216146,D21-2750,D21,cisplatin,Choroid Plexus,train
9371,GCAGCTGGTGAATATG_D21-2750-0,GSE216146,D21-2750,D21,cisplatin,Endothelial,train
9256,GACTCTCGTCCGTTTC_D21-2750-0,GSE216146,D21-2750,D21,cisplatin,Oligodendrocyte,train
9807,TACGCTCTCCTGTTAT_D21-2750-0,GSE216146,D21-2750,D21,cisplatin,Oligodendrocyte,train
9682,GTCTTTAAGGAGCAAA_D21-2750-0,GSE216146,D21-2750,D21,cisplatin,Oligodendrocyte,train
10332,TTCCTAATCTGTCCGT_D21-2750-0,GSE216146,D21-2750,D21,cisplatin,Oligodendrocyte,train
9909,TCACGCTAGTTTAGGA_D21-2750-0,GSE216146,D21-2750,D21,cisplatin,Microglia,train
10047,TCGGGCAAGCAGGCTA_D21-2750-0,GSE216146,D21-2750,D21,cisplatin,Choroid Plexus,train
9038,CTACCCATCGAGCCTG_D21-2750-0,GSE216146,D21-2750,D21,cisplatin,Oligodendrocyte,train
8348,AGAGCAGGTTTCGCTC_D21-2750-0,GSE216146,D21-2750,D21,cisplatin,OPC,train
10381,TTGTGGAGTCTATGAC_D21-2750-0,GSE216146,D21-2750,D21,cisplatin,Microglia,train
8272,ACTATTCTCGTCCATC_D21-2750-0,GSE216146,D21-2750,D21,cisplatin,Choroid Plexus,train
9497,GGCAGTCTCGGCTGGT_D21-2750-0,GSE216146,D21-2750,D21,cisplatin,Oligodendrocyte,train
8566,ATGAAAGGTTATAGCC_D21-2750-0,GSE216146,D21-2750,D21,cisplatin,Choroid Plexus,train
9490,GGATGTTTCGACATTG_D21-2750-0,GSE216146,D21-2750,D21,cisplatin,Choroid Plexus,train
8770,CATAGACCAGGCAATG_D21-2750-0,GSE216146,D21-2750,D21,cisplatin,Choroid Plexus,train
8188,ACACGCGTCGTCACCT_D21-2750-0,GSE216146,D21-2750,D21,cisplatin,Microglia,train
10114,TGACAGTCAAGGCGTA_D21-2750-0,GSE216146,D21-2750,D21,cisplatin,Endothelial,train
8685,CACAACAGTCTCCCTA_D21-2750-0,GSE216146,D21-2750,D21,cisplatin,Microglia,train
8413,AGGATCTTCAACTACG_D21-2750-0,GSE216146,D21-2750,D21,cisplatin,Oligodendrocyte,train
10204,TGGGAAGGTTGCATTG_D21-2750-0,GSE216146,D21-2750,D21,cisplatin,Microglia,train
10343,TTCGCTGTCTTTGCGC_D21-2750-0,GSE216146,D21-2750,D21,cisplatin,Microglia,train
9670,GTCGCGACAGCGACAA_D21-2750-0,GSE216146,D21-2750,D21,cisplatin,Microglia,train
8896,CCGTTCAGTCCACGCA_D21-2750-0,GSE216146,D21-2750,D21,cisplatin,Oligodendrocyte,train
10073,TCTCACGAGATAACAC_D21-2750-0,GSE216146,D21-2750,D21,cisplatin,Endothelial,train
9327,GATGACTGTCACTTAG_D21-2750-0,GSE216146,D21-2750,D21,cisplatin,Oligodendrocyte,train
10366,TTGCTGCTCTCACTCG_D21-2750-0,GSE216146,D21-2750,D21,cisplatin,Microglia,train
9249,GACGCTGGTACGCTAT_D21-2750-0,GSE216146,D21-2750,D21,cisplatin,Microglia,train
8926,CCTTTGGAGAGTGGCT_D21-2750-0,GSE216146,D21-2750,D21,cisplatin,Choroid Plexus,train
9186,CTTCTCTGTCGTGCCA_D21-2750-0,GSE216146,D21-2750,D21,cisplatin,Oligodendrocyte,train
8783,CATGAGTAGGGCAACT_D21-2750-0,GSE216146,D21-2750,D21,cisplatin,Astrocyte,train
8476,AGTGTTGAGATAGTGT_D21-2750-0,GSE216146,D21-2750,D21,cisplatin,Endothelial,train
10220,TGGGCTGTCTGGGCCA_D21-2750-0,GSE216146,D21-2750,D21,cisplatin,Choroid Plexus,train
8466,AGTCATGTCCGGTAAT_D21-2750-0,GSE216146,D21-2750,D21,cisplatin,Oligodendrocyte,train
10271,TGTTCATTCATGCCGG_D21-2750-0,GSE216146,D21-2750,D21,cisplatin,Choroid Plexus,train
8483,AGTTAGCCAACCCTCT_D21-2750-0,GSE216146,D21-2750,D21,cisplatin,Choroid Plexus,train
9684,GTCTTTACAGCGTACC_D21-2750-0,GSE216146,D21-2750,D21,cisplatin,Oligodendrocyte,train
8351,AGAGCCCGTTGGGATG_D21-2750-0,GSE216146,D21-2750,D21,cisplatin,Choroid Plexus,train
9295,GAGTGAGTCTCTCTTC_D21-2750-0,GSE216146,D21-2750,D21,cisplatin,Choroid Plexus,train
9865,TATCAGGAGTTGAATG_D21-2750-0,GSE216146,D21-2750,D21,cisplatin,Microglia,train
10158,TGCAGATTCTGACCCT_D21-2750-0,GSE216146,D21-2750,D21,cisplatin,Pericyte,train
8438,AGGTCATCAGCTCATA_D21-2750-0,GSE216146,D21-2750,D21,cisplatin,Oligodendrocyte,train
10160,TGCAGTACAGTTAAAG_D21-2750-0,GSE216146,D21-2750,D21,cisplatin,Immune,train
9231,GACATCACACCCTTAC_D21-2750-0,GSE216146,D21-2750,D21,cisplatin,Choroid Plexus,train
9556,GGGTTATGTTGCGAAG_D21-2750-0,GSE216146,D21-2750,D21,cisplatin,Oligodendrocyte,train
9263,GAGAAATCATCGCTGG_D21-2750-0,GSE216146,D21-2750,D21,cisplatin,Astrocyte,train
10088,TCTGCCAGTTGGTACT_D21-2750-0,GSE216146,D21-2750,D21,cisplatin,Astrocyte,train
8548,ATCGGCGTCTAGCCTC_D21-2750-0,GSE216146,D21-2750,D21,cisplatin,Endothelial,train
9514,GGGACTCTCTCTGAGA_D21-2750-0,GSE216146,D21-2750,D21,cisplatin,Oligodendrocyte,train
8684,CACAACACAGAACTAA_D21-2750-0,GSE216146,D21-2750,D21,cisplatin,Oligodendrocyte,train
8310,AGAACAATCCGGTAGC_D21-2750-0,GSE216146,D21-2750,D21,cisplatin,Choroid Plexus,train
9154,CTGTACCTCATTCATC_D21-2750-0,GSE216146,D21-2750,D21,cisplatin,Oligodendrocyte,train
8719,CACTGGGTCCTCGATC_D21-2750-0,GSE216146,D21-2750,D21,cisplatin,Astrocyte,train
9362,GCACTAACACACCTGG_D21-2750-0,GSE216146,D21-2750,D21,cisplatin,Microglia,train
9586,GGTTAACTCAAATGAG_D21-2750-0,GSE216146,D21-2750,D21,cisplatin,Choroid Plexus,train
9270,GAGAGGTAGCACGGAT_D21-2750-0,GSE216146,D21-2750,D21,cisplatin,Choroid Plexus,train
9068,CTCAATTCATGACTTG_D21-2750-0,GSE216146,D21-2750,D21,cisplatin,Pericyte,train
9034,CTACAGACAGTCTACA_D21-2750-0,GSE216146,D21-2750,D21,cisplatin,Microglia,train
9244,GACCGTGTCTAAGAAG_D21-2750-0,GSE216146,D21-2750,D21,cisplatin,Choroid Plexus,train
10230,TGGTGATTCGTGCTCT_D21-2750-0,GSE216146,D21-2750,D21,cisplatin,Endothelial,train
9029,CTAAGTGTCATGGCCG_D21-2750-0,GSE216146,D21-2750,D21,cisplatin,Microglia,train
8691,CACAGGCCAGATGCGA_D21-2750-0,GSE216146,D21-2750,D21,cisplatin,Microglia,train
8843,CCACGAGGTGGCATCC_D21-2750-0,GSE216146,D21-2750,D21,cisplatin,Oligodendrocyte,train
9585,GGTTAACGTCTTGGTA_D21-2750-0,GSE216146,D21-2750,D21,cisplatin,Oligodendrocyte,train
9571,GGTGAAGCAATTGCCA_D21-2750-0,GSE216146,D21-2750,D21,cisplatin,Oligodendrocyte,train
10000,TCCTCGAAGCATGTTC_D21-2750-0,GSE216146,D21-2750,D21,cisplatin,Oligodendrocyte,train
8628,ATTCTACGTTCCGCGA_D21-2750-0,GSE216146,D21-2750,D21,cisplatin,Choroid Plexus,train
9820,TACTGCCAGACGCCCT_D21-2750-0,GSE216146,D21-2750,D21,cisplatin,Choroid Plexus,train
9124,CTGAGGCGTGGACTGA_D21-2750-0,GSE216146,D21-2750,D21,cisplatin,Immune,train
8864,CCCGGAACATTGCAAC_D21-2750-0,GSE216146,D21-2750,D21,cisplatin,Immune,train
9942,TCATATCAGCAATTAG_D21-2750-0,GSE216146,D21-2750,D21,cisplatin,Choroid Plexus,train
9941,TCATATCAGACGACGT_D21-2750-0,GSE216146,D21-2750,D21,cisplatin,Endothelial,train
8835,CCACAAAAGACTACCT_D21-2750-0,GSE216146,D21-2750,D21,cisplatin,Endothelial,train
9123,CTGAGCGCAACCGATT_D21-2750-0,GSE216146,D21-2750,D21,cisplatin,Microglia,train
9071,CTCAATTTCTACGGGC_D21-2750-0,GSE216146,D21-2750,D21,cisplatin,Microglia,train
8352,AGAGCCCTCCGCGGAT_D21-2750-0,GSE216146,D21-2750,D21,cisplatin,Choroid Plexus,train
9138,CTGCCTAGTTAGGACG_D21-2750-0,GSE216146,D21-2750,D21,cisplatin,Microglia,train
9748,GTTTACTTCGTCTACC_D21-2750-0,GSE216146,D21-2750,D21,cisplatin,Astrocyte,train
9834,TAGACCAGTGTTTCTT_D21-2750-0,GSE216146,D21-2750,D21,cisplatin,Choroid Plexus,train
9302,GAGTGTTCATGGCTAT_D21-2750-0,GSE216146,D21-2750,D21,cisplatin,OPC,train
8658,CAAGAGGAGACTTCGT_D21-2750-0,GSE216146,D21-2750,D21,cisplatin,Choroid Plexus,train
9213,GAACTGTGTGAACCGA_D21-2750-0,GSE216146,D21-2750,D21,cisplatin,Choroid Plexus,train
9970,TCCACCACAGCAGTCC_D21-2750-0,GSE216146,D21-2750,D21,cisplatin,Choroid Plexus,train
8501,ATAGACCAGCTCTTCC_D21-2750-0,GSE216146,D21-2750,D21,cisplatin,Astrocyte,train
9221,GAATAGAGTTGGGACA_D21-2750-0,GSE216146,D21-2750,D21,cisplatin,Microglia,train
8276,ACTGATGAGACTGTTC_D21-2750-0,GSE216146,D21-2750,D21,cisplatin,Choroid Plexus,train
8525,ATCATTCCATACAGAA_D21-2750-0,GSE216146,D21-2750,D21,cisplatin,Microglia,train
8353,AGAGCCCTCTTTACAC_D21-2750-0,GSE216146,D21-2750,D21,cisplatin,Microglia,train
8873,CCGAACGCATCTGGGC_D21-2750-0,GSE216146,D21-2750,D21,cisplatin,Astrocyte,train
9429,GCGGATCCATCGAGCC_D21-2750-0,GSE216146,D21-2750,D21,cisplatin,OPC,train
10058,TCTACATCACAATGTC_D21-2750-0,GSE216146,D21-2750,D21,cisplatin,Microglia,train
9664,GTCCTCAAGTTAGAAC_D21-2750-0,GSE216146,D21-2750,D21,cisplatin,Oligodendrocyte,train
9354,GCAACCGAGTGTTCAC_D21-2750-0,GSE216146,D21-2750,D21,cisplatin,Choroid Plexus,train
9457,GGAACCCGTTCAAGTC_D21-2750-0,GSE216146,D21-2750,D21,cisplatin,Choroid Plexus,train
8417,AGGCATTTCTTGTGCC_D21-2750-0,GSE216146,D21-2750,D21,cisplatin,Oligodendrocyte,train
8936,CGAATTGGTGTTCAGT_D21-2750-0,GSE216146,D21-2750,D21,cisplatin,Choroid Plexus,train
9403,GCCCAGACAGGTCAGA_D21-2750-0,GSE216146,D21-2750,D21,cisplatin,Oligodendrocyte,train
10056,TCGTGGGAGCCTGAGA_D21-2750-0,GSE216146,D21-2750,D21,cisplatin,Oligodendrocyte,train
8393,AGGAATACACCCAAGC_D21-2750-0,GSE216146,D21-2750,D21,cisplatin,Choroid Plexus,train
10139,TGAGTCATCGCAGAGA_D21-2750-0,GSE216146,D21-2750,D21,cisplatin,Choroid Plexus,train
8199,ACAGGGAGTTGCTGAT_D21-2750-0,GSE216146,D21-2750,D21,cisplatin,Oligodendrocyte,train
9469,GGACGTCTCAGTGCGC_D21-2750-0,GSE216146,D21-2750,D21,cisplatin,Microglia,train
8931,CGAAGTTGTCGCAGTC_D21-2750-0,GSE216146,D21-2750,D21,cisplatin,Choroid Plexus,train
8243,ACGCACGCAATATCCG_D21-2750-0,GSE216146,D21-2750,D21,cisplatin,Microglia,train
9267,GAGACCCGTAAGGTCG_D21-2750-0,GSE216146,D21-2750,D21,cisplatin,Choroid Plexus,train
10140,TGATCAGGTATGGTAA_D21-2750-0,GSE216146,D21-2750,D21,cisplatin,Choroid Plexus,train
8666,CAAGCTACAGTGAGCA_D21-2750-0,GSE216146,D21-2750,D21,cisplatin,Oligodendrocyte,train
10260,TGTGATGTCACGAGGA_D21-2750-0,GSE216146,D21-2750,D21,cisplatin,Choroid Plexus,train
8803,CATGGTAGTTGCTCCT_D21-2750-0,GSE216146,D21-2750,D21,cisplatin,Choroid Plexus,train
8325,AGAAGTATCACTCTTA_D21-2750-0,GSE216146,D21-2750,D21,cisplatin,Astrocyte,train
9738,GTTGAACAGCTTAGTC_D21-2750-0,GSE216146,D21-2750,D21,cisplatin,Astrocyte,train
9604,GTAATGCGTGCCCGTA_D21-2750-0,GSE216146,D21-2750,D21,cisplatin,Microglia,train
8197,ACAGGGACACGTGAGA_D21-2750-0,GSE216146,D21-2750,D21,cisplatin,Choroid Plexus,train
10214,TGGGCGTTCTTACTGT_D21-2750-0,GSE216146,D21-2750,D21,cisplatin,Microglia,train
9300,GAGTGTTCAGCCTACG_D21-2750-0,GSE216146,D21-2750,D21,cisplatin,Choroid Plexus,train
9424,GCGGAAATCCACCTCA_D21-2750-0,GSE216146,D21-2750,D21,cisplatin,Microglia,train
9217,GAAGGACCAAACTAGA_D21-2750-0,GSE216146,D21-2750,D21,cisplatin,Choroid Plexus,train
9383,GCATTAGCACTTCAGA_D21-2750-0,GSE216146,D21-2750,D21,cisplatin,Choroid Plexus,train
9393,GCCAGTGGTGTGCTTA_D21-2750-0,GSE216146,D21-2750,D21,cisplatin,Choroid Plexus,train
9338,GATGTTGTCTAAGGAA_D21-2750-0,GSE216146,D21-2750,D21,cisplatin,Choroid Plexus,train
8948,CGAGTGCTCCGTGACG_D21-2750-0,GSE216146,D21-2750,D21,cisplatin,Endothelial,train
8467,AGTCTCCAGACCTCCG_D21-2750-0,GSE216146,D21-2750,D21,cisplatin,Choroid Plexus,train
9810,TACGGTACACGAGGAT_D21-2750-0,GSE216146,D21-2750,D21,cisplatin,Oligodendrocyte,train
8589,ATGGAGGTCAGAGCAG_D21-2750-0,GSE216146,D21-2750,D21,cisplatin,Oligodendrocyte,train
8168,AATTCCTTCATTTCGT_D21-2750-0,GSE216146,D21-2750,D21,cisplatin,Astrocyte,train
10221,TGGGTTAAGTGCCTCG_D21-2750-0,GSE216146,D21-2750,D21,cisplatin,Choroid Plexus,train
10319,TTCATTGGTGGAGAAA_D21-2750-0,GSE216146,D21-2750,D21,cisplatin,Oligodendrocyte,train
8935,CGAATTGCATATGAAG_D21-2750-0,GSE216146,D21-2750,D21,cisplatin,Oligodendrocyte,train
9264,GAGAAATGTAAGGTCG_D21-2750-0,GSE216146,D21-2750,D21,cisplatin,Oligodendrocyte,train
10231,TGGTTAGAGCTGTTAC_D21-2750-0,GSE216146,D21-2750,D21,cisplatin,Choroid Plexus,train
8538,ATCCGTCAGGCCTGCT_D21-2750-0,GSE216146,D21-2750,D21,cisplatin,Choroid Plexus,train
9928,TCAGTCCAGCACCGTC_D21-2750-0,GSE216146,D21-2750,D21,cisplatin,Pericyte,train
8578,ATGATCGTCAGCCCAG_D21-2750-0,GSE216146,D21-2750,D21,cisplatin,Choroid Plexus,train
8077,AAAGGTACAATCAAGA_D21-2750-0,GSE216146,D21-2750,D21,cisplatin,Oligodendrocyte,train
8906,CCTCCAACACTTGGGC_D21-2750-0,GSE216146,D21-2750,D21,cisplatin,Oligodendrocyte,train
8103,AACCTGACACCTTCGT_D21-2750-0,GSE216146,D21-2750,D21,cisplatin,Oligodendrocyte,train
9580,GGTGTTAAGTACGAGC_D21-2750-0,GSE216146,D21-2750,D21,cisplatin,Choroid Plexus,train
9705,GTGGCGTTCCAGCTCT_D21-2750-0,GSE216146,D21-2750,D21,cisplatin,Microglia,train
8681,CAATTTCGTCCCAAAT_D21-2750-0,GSE216146,D21-2750,D21,cisplatin,Microglia,train
9149,CTGGACGTCGTGCTCT_D21-2750-0,GSE216146,D21-2750,D21,cisplatin,Oligodendrocyte,train
8742,CAGCAGCAGGATACGC_D21-2750-0,GSE216146,D21-2750,D21,cisplatin,Oligodendrocyte,train
10305,TTATTGCAGGAAGTGA_D21-2750-0,GSE216146,D21-2750,D21,cisplatin,Choroid Plexus,train
9230,GACAGCCGTACGTGTT_D21-2750-0,GSE216146,D21-2750,D21,cisplatin,Astrocyte,train
9014,CGTTAGACAGCAGTTT_D21-2750-0,GSE216146,D21-2750,D21,cisplatin,Microglia,train
8725,CAGAGCCAGTTCGCAT_D21-2750-0,GSE216146,D21-2750,D21,cisplatin,Oligodendrocyte,train
8115,AACGTCAAGCCGAACA_D21-2750-0,GSE216146,D21-2750,D21,cisplatin,Pericyte,train
9025,CTAACTTCAAGGCCTC_D21-2750-0,GSE216146,D21-2750,D21,cisplatin,Choroid Plexus,train
8185,ACACGCGAGCATATGA_D21-2750-0,GSE216146,D21-2750,D21,cisplatin,Microglia,train
10135,TGAGGAGGTGCTCCGA_D21-2750-0,GSE216146,D21-2750,D21,cisplatin,Endothelial,train
9776,TAATCTCCAATGAACA_D21-2750-0,GSE216146,D21-2750,D21,cisplatin,Oligodendrocyte,train
10270,TGTTCATCAGTAACCT_D21-2750-0,GSE216146,D21-2750,D21,cisplatin,Choroid Plexus,train
10060,TCTACATCATCATGAC_D21-2750-0,GSE216146,D21-2750,D21,cisplatin,Immune,train
8707,CACGTGGTCAGATGCT_D21-2750-0,GSE216146,D21-2750,D21,cisplatin,Choroid Plexus,train
9959,TCATGTTGTCCTGTCT_D21-2750-0,GSE216146,D21-2750,D21,cisplatin,Endothelial,train
9504,GGCTGTGCATAGAGGC_D21-2750-0,GSE216146,D21-2750,D21,cisplatin,Endothelial,train
9052,CTAGACACAACCGATT_D21-2750-0,GSE216146,D21-2750,D21,cisplatin,Microglia,train
8762,CATAAGCGTAAGTTAG_D21-2750-0,GSE216146,D21-2750,D21,cisplatin,Microglia,train
8146,AATAGAGTCTTCCTAA_D21-2750-0,GSE216146,D21-2750,D21,cisplatin,Choroid Plexus,train
8980,CGGAACCAGGCAGTCA_D21-2750-0,GSE216146,D21-2750,D21,cisplatin,Microglia,train
8849,CCACTTGCATCCGTTC_D21-2750-0,GSE216146,D21-2750,D21,cisplatin,Choroid Plexus,train
10215,TGGGCTGAGAAGGTAG_D21-2750-0,GSE216146,D21-2750,D21,cisplatin,Microglia,train
9226,GACACGCCAATCTGCA_D21-2750-0,GSE216146,D21-2750,D21,cisplatin,Oligodendrocyte,train
10128,TGAGCATTCATTGCTT_D21-2750-0,GSE216146,D21-2750,D21,cisplatin,Choroid Plexus,train
10022,TCGACCTGTCGTACTA_D21-2750-0,GSE216146,D21-2750,D21,cisplatin,Oligodendrocyte,train
10068,TCTATACGTCATAACC_D21-2750-0,GSE216146,D21-2750,D21,cisplatin,Oligodendrocyte,train
9658,GTCCACTGTCATCCGG_D21-2750-0,GSE216146,D21-2750,D21,cisplatin,Microglia,train
9381,GCATGATCATTGAAGA_D21-2750-0,GSE216146,D21-2750,D21,cisplatin,Endothelial,train
10084,TCTCTGGGTACAAAGT_D21-2750-0,GSE216146,D21-2750,D21,cisplatin,Choroid Plexus,train
8895,CCGTTCACACAATGAA_D21-2750-0,GSE216146,D21-2750,D21,cisplatin,Choroid Plexus,train
8166,AATTCCTGTCACAATC_D21-2750-0,GSE216146,D21-2750,D21,cisplatin,Oligodendrocyte,train
9824,TACTTACCAGCCTATA_D21-2750-0,GSE216146,D21-2750,D21,cisplatin,Endothelial,train
9589,GGTTCTCCAGGGATAC_D21-2750-0,GSE216146,D21-2750,D21,cisplatin,Choroid Plexus,train
9281,GAGGCAAAGGCCACCT_D21-2750-0,GSE216146,D21-2750,D21,cisplatin,Choroid Plexus,train
8812,CATTCTAGTCGGAAAC_D21-2750-0,GSE216146,D21-2750,D21,cisplatin,Choroid Plexus,train
8696,CACCGTTGTCCGGTGT_D21-2750-0,GSE216146,D21-2750,D21,cisplatin,Choroid Plexus,train
8689,CACAGATGTTGTAAAG_D21-2750-0,GSE216146,D21-2750,D21,cisplatin,Choroid Plexus,train
9067,CTCAATTAGTAGCCAG_D21-2750-0,GSE216146,D21-2750,D21,cisplatin,Microglia,train
8140,AAGTACCGTGTTACAC_D21-2750-0,GSE216146,D21-2750,D21,cisplatin,Choroid Plexus,train
9414,GCCTGTTGTTCGAGCC_D21-2750-0,GSE216146,D21-2750,D21,cisplatin,Choroid Plexus,train
9889,TCAAGTGTCCGGGACT_D21-2750-0,GSE216146,D21-2750,D21,cisplatin,Pericyte,train
9615,GTAGAGGTCAAGAATG_D21-2750-0,GSE216146,D21-2750,D21,cisplatin,Choroid Plexus,train
9290,GAGTCTACAGATACCT_D21-2750-0,GSE216146,D21-2750,D21,cisplatin,Endothelial,train
8415,AGGCATTGTCCAAAGG_D21-2750-0,GSE216146,D21-2750,D21,cisplatin,Astrocyte,train
9583,GGTGTTATCGTAGGAG_D21-2750-0,GSE216146,D21-2750,D21,cisplatin,Choroid Plexus,train
10037,TCGCAGGGTTGAGAGC_D21-2750-0,GSE216146,D21-2750,D21,cisplatin,Oligodendrocyte,train
8922,CCTTCAGCACGCTGCA_D21-2750-0,GSE216146,D21-2750,D21,cisplatin,Choroid Plexus,train
8924,CCTTGTGGTAGGTGCA_D21-2750-0,GSE216146,D21-2750,D21,cisplatin,Choroid Plexus,train
8385,AGCTCAACAGTTCCAA_D21-2750-0,GSE216146,D21-2750,D21,cisplatin,Choroid Plexus,train
8652,CAACGATAGCAATTAG_D21-2750-0,GSE216146,D21-2750,D21,cisplatin,Choroid Plexus,train
9730,GTTAGACTCGGTATGT_D21-2750-0,GSE216146,D21-2750,D21,cisplatin,Choroid Plexus,train
9950,TCATGAGTCGTGGCGT_D21-2750-0,GSE216146,D21-2750,D21,cisplatin,Microglia,train
10308,TTATTGCTCAGTGTGT_D21-2750-0,GSE216146,D21-2750,D21,cisplatin,Microglia,train
10227,TGGTAGTAGTCCGCCA_D21-2750-0,GSE216146,D21-2750,D21,cisplatin,Choroid Plexus,train
10320,TTCATTGTCTAGCCTC_D21-2750-0,GSE216146,D21-2750,D21,cisplatin,Astrocyte,train
9560,GGTAACTGTATCGCGC_D21-2750-0,GSE216146,D21-2750,D21,cisplatin,Microglia,train
9881,TATTCCACATCCTTCG_D21-2750-0,GSE216146,D21-2750,D21,cisplatin,Microglia,train
9910,TCACGCTCACCTAAAC_D21-2750-0,GSE216146,D21-2750,D21,cisplatin,Endothelial,train
9924,TCAGGGCTCTGGAGAG_D21-2750-0,GSE216146,D21-2750,D21,cisplatin,Oligodendrocyte,train
9930,TCAGTCCAGGGTGAAA_D21-2750-0,GSE216146,D21-2750,D21,cisplatin,Oligodendrocyte,train
9906,TCACATTCAAGGATGC_D21-2750-0,GSE216146,D21-2750,D21,cisplatin,Choroid Plexus,train
8557,ATCTCTAAGCCTAACT_D21-2750-0,GSE216146,D21-2750,D21,cisplatin,Oligodendrocyte,train
10099,TCTTGCGCAAGCGAAC_D21-2750-0,GSE216146,D21-2750,D21,cisplatin,Endothelial,train
9972,TCCACCAGTAGTGCGA_D21-2750-0,GSE216146,D21-2750,D21,cisplatin,Immune,train
9936,TCAGTTTTCCCTGTTG_D21-2750-0,GSE216146,D21-2750,D21,cisplatin,Choroid Plexus,train
10374,TTGGGTAAGGACGGAG_D21-2750-0,GSE216146,D21-2750,D21,cisplatin,Oligodendrocyte,train
9849,TAGGTACAGGTTACCT_D21-2750-0,GSE216146,D21-2750,D21,cisplatin,Microglia,train
8642,CAACAACAGGAAGTCC_D21-2750-0,GSE216146,D21-2750,D21,cisplatin,Microglia,train
8336,AGACCATCAACTCGTA_D21-2750-0,GSE216146,D21-2750,D21,cisplatin,Oligodendrocyte,train
9646,GTCAGCGAGCCACCGT_D21-2750-0,GSE216146,D21-2750,D21,cisplatin,Choroid Plexus,train
8162,AATGCCATCCAGTTCC_D21-2750-0,GSE216146,D21-2750,D21,cisplatin,Microglia,train
8189,ACACTGAAGGGTTAGC_D21-2750-0,GSE216146,D21-2750,D21,cisplatin,Pericyte,train
8958,CGATGCGCACTTCAGA_D21-2750-0,GSE216146,D21-2750,D21,cisplatin,Choroid Plexus,train
8897,CCTAACCCAGGTTCGC_D21-2750-0,GSE216146,D21-2750,D21,cisplatin,Microglia,train
10179,TGCTTGCCACTAGAGG_D21-2750-0,GSE216146,D21-2750,D21,cisplatin,Endothelial,train
9764,TAAGCACCATACCAGT_D21-2750-0,GSE216146,D21-2750,D21,cisplatin,Endothelial,train
8111,AACGAAATCTGCACCT_D21-2750-0,GSE216146,D21-2750,D21,cisplatin,Choroid Plexus,train
10276,TGTTGGAAGAGGTTTA_D21-2750-0,GSE216146,D21-2750,D21,cisplatin,Choroid Plexus,train
9365,GCACTAACATCGATGT_D21-2750-0,GSE216146,D21-2750,D21,cisplatin,Endothelial,train
10010,TCCTGCATCTACCAGA_D21-2750-0,GSE216146,D21-2750,D21,cisplatin,Endothelial,train
9030,CTAAGTGTCCGTTTCG_D21-2750-0,GSE216146,D21-2750,D21,cisplatin,Choroid Plexus,train
9602,GTAATCGAGCTGTGCC_D21-2750-0,GSE216146,D21-2750,D21,cisplatin,Oligodendrocyte,train
8451,AGTACTGAGAGGGCGA_D21-2750-0,GSE216146,D21-2750,D21,cisplatin,Endothelial,train
9688,GTGATGTTCCCACAGG_D21-2750-0,GSE216146,D21-2750,D21,cisplatin,Oligodendrocyte,train
9161,CTGTCGTCATGAGGGT_D21-2750-0,GSE216146,D21-2750,D21,cisplatin,Choroid Plexus,train
9933,TCAGTGATCCGACAGC_D21-2750-0,GSE216146,D21-2750,D21,cisplatin,Choroid Plexus,train
9083,CTCATGCAGATACCAA_D21-2750-0,GSE216146,D21-2750,D21,cisplatin,Oligodendrocyte,train
8333,AGACAGGCAGTTCTAG_D21-2750-0,GSE216146,D21-2750,D21,cisplatin,Oligodendrocyte,train
8995,CGGGTCATCGTCAGAT_D21-2750-0,GSE216146,D21-2750,D21,cisplatin,Microglia,train
9894,TCAATTCCACCTGCTT_D21-2750-0,GSE216146,D21-2750,D21,cisplatin,Oligodendrocyte,train
8726,CAGAGCCCAAATGATG_D21-2750-0,GSE216146,D21-2750,D21,cisplatin,Choroid Plexus,train
8786,CATGCAAGTCCTACGG_D21-2750-0,GSE216146,D21-2750,D21,cisplatin,Choroid Plexus,train
10255,TGTCCCAGTATACCCA_D21-2750-0,GSE216146,D21-2750,D21,cisplatin,Microglia,train
8313,AGAACCTCACGACCTG_D21-2750-0,GSE216146,D21-2750,D21,cisplatin,Choroid Plexus,train
8861,CCCATTGAGGCCTGAA_D21-2750-0,GSE216146,D21-2750,D21,cisplatin,Choroid Plexus,train
9431,GCGTGCATCTTTGGAG_D21-2750-0,GSE216146,D21-2750,D21,cisplatin,Choroid Plexus,train
10267,TGTTACTAGTCTGCAT_D21-2750-0,GSE216146,D21-2750,D21,cisplatin,Oligodendrocyte,train
9430,GCGTGCAGTACCGTGC_D21-2750-0,GSE216146,D21-2750,D21,cisplatin,Microglia,train
8627,ATTCTACGTACAATAG_D21-2750-0,GSE216146,D21-2750,D21,cisplatin,Choroid Plexus,train
9832,TAGACCAAGTTTGAGA_D21-2750-0,GSE216146,D21-2750,D21,cisplatin,Microglia,train
8929,CGAAGGATCACCGGTG_D21-2750-0,GSE216146,D21-2750,D21,cisplatin,Microglia,train
10325,TTCCGGTTCGGAATGG_D21-2750-0,GSE216146,D21-2750,D21,cisplatin,Oligodendrocyte,train
8141,AAGTCGTAGGTGATAT_D21-2750-0,GSE216146,D21-2750,D21,cisplatin,Choroid Plexus,train
8414,AGGCATTAGTTTCGGT_D21-2750-0,GSE216146,D21-2750,D21,cisplatin,Astrocyte,train
9926,TCAGGTACACGGATCC_D21-2750-0,GSE216146,D21-2750,D21,cisplatin,Microglia,train
8644,CAACAACTCATCGCAA_D21-2750-0,GSE216146,D21-2750,D21,cisplatin,Choroid Plexus,train
8630,ATTGGGTAGGATTTCC_D21-2750-0,GSE216146,D21-2750,D21,cisplatin,Oligodendrocyte,train
8319,AGAAGCGCAGCTCGGT_D21-2750-0,GSE216146,D21-2750,D21,cisplatin,Microglia,train
10142,TGATCAGTCGTCCATC_D21-2750-0,GSE216146,D21-2750,D21,cisplatin,Choroid Plexus,train
10066,TCTACCGTCGTGGCTG_D21-2750-0,GSE216146,D21-2750,D21,cisplatin,Endothelial,train
8349,AGAGCAGTCTGCGGAC_D21-2750-0,GSE216146,D21-2750,D21,cisplatin,Choroid Plexus,train
9066,CTCAAGAGTTTAAGGA_D21-2750-0,GSE216146,D21-2750,D21,cisplatin,Choroid Plexus,train
8854,CCATAAGCAAACGTGG_D21-2750-0,GSE216146,D21-2750,D21,cisplatin,Pericyte,train
8813,CATTCTAGTGAGCCAA_D21-2750-0,GSE216146,D21-2750,D21,cisplatin,Choroid Plexus,train
10385,TTGTGTTTCCATGAGT_D21-2750-0,GSE216146,D21-2750,D21,cisplatin,Choroid Plexus,train
8363,AGCCAATTCAAGTGTC_D21-2750-0,GSE216146,D21-2750,D21,cisplatin,Microglia,train
10121,TGAGACTCAACCAATC_D21-2750-0,GSE216146,D21-2750,D21,cisplatin,Astrocyte,train
9074,CTCAGAAGTAAGATCA_D21-2750-0,GSE216146,D21-2750,D21,cisplatin,Oligodendrocyte,train
10106,TGAATGCAGTATAACG_D21-2750-0,GSE216146,D21-2750,D21,cisplatin,Endothelial,train
8914,CCTGCATCAAGTGTCT_D21-2750-0,GSE216146,D21-2750,D21,cisplatin,Astrocyte,train
10138,TGAGGTTAGATCACCT_D21-2750-0,GSE216146,D21-2750,D21,cisplatin,Endothelial,train
9775,TAAGTCGGTGCATCTA_D21-2750-0,GSE216146,D21-2750,D21,cisplatin,Microglia,train
8552,ATCGTAGTCCGGACGT_D21-2750-0,GSE216146,D21-2750,D21,cisplatin,Microglia,train
9963,TCATTCATCCATTTAC_D21-2750-0,GSE216146,D21-2750,D21,cisplatin,Oligodendrocyte,train
10164,TGCATGACAAACTAAG_D21-2750-0,GSE216146,D21-2750,D21,cisplatin,Endothelial,validation
9398,GCCATGGTCGTTGTGA_D21-2750-0,GSE216146,D21-2750,D21,cisplatin,Choroid Plexus,validation
9157,CTGTATTCAGTAGTTC_D21-2750-0,GSE216146,D21-2750,D21,cisplatin,Oligodendrocyte,validation
8521,ATCACTTTCGAAGTGG_D21-2750-0,GSE216146,D21-2750,D21,cisplatin,Choroid Plexus,validation
10141,TGATCAGTCATGCCGG_D21-2750-0,GSE216146,D21-2750,D21,cisplatin,OPC,validation
8839,CCACGAGAGCGTATGG_D21-2750-0,GSE216146,D21-2750,D21,cisplatin,Endothelial,validation
10367,TTGGATGTCACCTGGG_D21-2750-0,GSE216146,D21-2750,D21,cisplatin,Choroid Plexus,validation
8810,CATTCCGGTCTGTCAA_D21-2750-0,GSE216146,D21-2750,D21,cisplatin,Microglia,validation
9989,TCCCATGGTACGTACT_D21-2750-0,GSE216146,D21-2750,D21,cisplatin,Pericyte,validation
8542,ATCGATGTCGTGCGAC_D21-2750-0,GSE216146,D21-2750,D21,cisplatin,Microglia,validation
10248,TGTCAGAAGCTTAAGA_D21-2750-0,GSE216146,D21-2750,D21,cisplatin,Microglia,validation
8161,AATGCCAGTTATCCAG_D21-2750-0,GSE216146,D21-2750,D21,cisplatin,Oligodendrocyte,validation
10097,TCTTCCTTCTAGATCG_D21-2750-0,GSE216146,D21-2750,D21,cisplatin,Microglia,validation
9333,GATGATCAGATTGGGC_D21-2750-0,GSE216146,D21-2750,D21,cisplatin,Microglia,validation
10064,TCTACCGGTAACACCT_D21-2750-0,GSE216146,D21-2750,D21,cisplatin,Oligodendrocyte,validation
10201,TGGGAAGAGTTCAACC_D21-2750-0,GSE216146,D21-2750,D21,cisplatin,Endothelial,validation
10351,TTCTCTCTCTTCCGTG_D21-2750-0,GSE216146,D21-2750,D21,cisplatin,Endothelial,validation
9669,GTCGAATGTCTACAAC_D21-2750-0,GSE216146,D21-2750,D21,cisplatin,Oligodendrocyte,validation
9107,CTCCTCCGTGGCTTGC_D21-2750-0,GSE216146,D21-2750,D21,cisplatin,Choroid Plexus,validation
8626,ATTCGTTGTTGTAAAG_D21-2750-0,GSE216146,D21-2750,D21,cisplatin,Oligodendrocyte,validation
9621,GTAGGTTCATGACGAG_D21-2750-0,GSE216146,D21-2750,D21,cisplatin,Choroid Plexus,validation
8450,AGTACCATCTTGCAGA_D21-2750-0,GSE216146,D21-2750,D21,cisplatin,Choroid Plexus,validation
8250,ACGTACAAGATACCAA_D21-2750-0,GSE216146,D21-2750,D21,cisplatin,Endothelial,validation
8747,CAGCCAGTCTATCACT_D21-2750-0,GSE216146,D21-2750,D21,cisplatin,Choroid Plexus,validation
10378,TTGGTTTCAATCTGCA_D21-2750-0,GSE216146,D21-2750,D21,cisplatin,Oligodendrocyte,validation
8529,ATCCATTCAGCCGTTG_D21-2750-0,GSE216146,D21-2750,D21,cisplatin,Oligodendrocyte,validation
8063,AAACCCATCGACCCAG_D21-2750-0,GSE216146,D21-2750,D21,cisplatin,Choroid Plexus,validation
9841,TAGGAGGAGGGCGAGA_D21-2750-0,GSE216146,D21-2750,D21,cisplatin,Immune,validation
10373,TTGGGCGGTTCTGACA_D21-2750-0,GSE216146,D21-2750,D21,cisplatin,Choroid Plexus,validation
9804,TACGCTCAGGTCACCC_D21-2750-0,GSE216146,D21-2750,D21,cisplatin,Choroid Plexus,validation
9286,GAGGGATCAGGCTACC_D21-2750-0,GSE216146,D21-2750,D21,cisplatin,Microglia,validation
8135,AAGGTAACAGCTGCCA_D21-2750-0,GSE216146,D21-2750,D21,cisplatin,Oligodendrocyte,validation
8316,AGAACCTTCACTTGGA_D21-2750-0,GSE216146,D21-2750,D21,cisplatin,Choroid Plexus,validation
10023,TCGACCTGTTCTCAGA_D21-2750-0,GSE216146,D21-2750,D21,cisplatin,Oligodendrocyte,validation
9866,TATCAGGTCACAACCA_D21-2750-0,GSE216146,D21-2750,D21,cisplatin,Choroid Plexus,validation
8743,CAGCAGCGTCTGCCTT_D21-2750-0,GSE216146,D21-2750,D21,cisplatin,Choroid Plexus,validation
9643,GTCACTCTCAGGAGAC_D21-2750-0,GSE216146,D21-2750,D21,cisplatin,Choroid Plexus,validation
8184,ACACCAAAGTCTGCGC_D21-2750-0,GSE216146,D21-2750,D21,cisplatin,Choroid Plexus,validation
8129,AAGCATCTCACGAGGA_D21-2750-0,GSE216146,D21-2750,D21,cisplatin,Microglia,validation
8695,CACCAAACACCATATG_D21-2750-0,GSE216146,D21-2750,D21,cisplatin,Microglia,validation
8323,AGAAGCGGTTTGCCGG_D21-2750-0,GSE216146,D21-2750,D21,cisplatin,Choroid Plexus,validation
8784,CATGAGTTCATTCACT_D21-2750-0,GSE216146,D21-2750,D21,cisplatin,Choroid Plexus,validation
9848,TAGGGTTTCATTGTGG_D21-2750-0,GSE216146,D21-2750,D21,cisplatin,Choroid Plexus,validation
9552,GGGTGTCTCGTAGCCG_D21-2750-0,GSE216146,D21-2750,D21,cisplatin,Microglia,validation
10398,TTTACCAAGGGTCAAC_D21-2750-0,GSE216146,D21-2750,D21,cisplatin,Oligodendrocyte,validation
9174,CTTCCGAGTCTCGGGT_D21-2750-0,GSE216146,D21-2750,D21,cisplatin,Pericyte,validation
10346,TTCGGTCGTCTTCCGT_D21-2750-0,GSE216146,D21-2750,D21,cisplatin,Choroid Plexus,validation
9603,GTAATGCGTAGAAACT_D21-2750-0,GSE216146,D21-2750,D21,cisplatin,Choroid Plexus,validation
10339,TTCCTTCTCAAGTAAG_D21-2750-0,GSE216146,D21-2750,D21,cisplatin,Oligodendrocyte,validation
10264,TGTGTGAAGGCATCAG_D21-2750-0,GSE216146,D21-2750,D21,cisplatin,Choroid Plexus,validation
8631,ATTGTTCAGTTGGGAC_D21-2750-0,GSE216146,D21-2750,D21,cisplatin,Choroid Plexus,test
8534,ATCCCTGAGGGATCGT_D21-2750-0,GSE216146,D21-2750,D21,cisplatin,Endothelial,test
8100,AACCATGCAAAGGATT_D21-2750-0,GSE216146,D21-2750,D21,cisplatin,Choroid Plexus,test
9939,TCATACTGTTCTGAGT_D21-2750-0,GSE216146,D21-2750,D21,cisplatin,Choroid Plexus,test
9529,GGGCCATCATGGCACC_D21-2750-0,GSE216146,D21-2750,D21,cisplatin,Choroid Plexus,test
8964,CGCAGGTGTGTTCGTA_D21-2750-0,GSE216146,D21-2750,D21,cisplatin,Oligodendrocyte,test
8940,CGACAGCTCTCCGAGG_D21-2750-0,GSE216146,D21-2750,D21,cisplatin,Microglia,test
8294,ACTTATCGTACGTGTT_D21-2750-0,GSE216146,D21-2750,D21,cisplatin,Choroid Plexus,test
8220,ACCATTTGTGCATCTA_D21-2750-0,GSE216146,D21-2750,D21,cisplatin,Endothelial,test
9211,GAACGTTGTTCTCACC_D21-2750-0,GSE216146,D21-2750,D21,cisplatin,Oligodendrocyte,test
8657,CAAGACTTCTCTCTTC_D21-2750-0,GSE216146,D21-2750,D21,cisplatin,Microglia,test
10021,TCGAAGTGTCTGTAGT_D21-2750-0,GSE216146,D21-2750,D21,cisplatin,Choroid Plexus,test
8754,CAGGTATCATTCAGCA_D21-2750-0,GSE216146,D21-2750,D21,cisplatin,Choroid Plexus,test
8331,AGACAGGAGCCGCACT_D21-2750-0,GSE216146,D21-2750,D21,cisplatin,Choroid Plexus,test
9548,GGGTGAACAGAGTCAG_D21-2750-0,GSE216146,D21-2750,D21,cisplatin,Microglia,test
8878,CCGATGGGTCGTGGAA_D21-2750-0,GSE216146,D21-2750,D21,cisplatin,Choroid Plexus,test
9731,GTTATGGTCAAGATAG_D21-2750-0,GSE216146,D21-2750,D21,cisplatin,Choroid Plexus,test
10005,TCCTCTTAGTGAACAT_D21-2750-0,GSE216146,D21-2750,D21,cisplatin,Oligodendrocyte,test
9538,GGGTAGACACCAGCGT_D21-2750-0,GSE216146,D21-2750,D21,cisplatin,Astrocyte,test
9875,TATCTTGGTACACTCA_D21-2750-0,GSE216146,D21-2750,D21,cisplatin,Choroid Plexus,test
9703,GTGGCGTCAGAGCCCT_D21-2750-0,GSE216146,D21-2750,D21,cisplatin,Choroid Plexus,test
10170,TGCGATATCCCTGGTT_D21-2750-0,GSE216146,D21-2750,D21,cisplatin,Oligodendrocyte,test
9766,TAAGCACGTTGGCTAT_D21-2750-0,GSE216146,D21-2750,D21,cisplatin,Choroid Plexus,test
10333,TTCCTCTCATTGTACG_D21-2750-0,GSE216146,D21-2750,D21,cisplatin,Oligodendrocyte,test
8498,ATACCTTTCGAACACT_D21-2750-0,GSE216146,D21-2750,D21,cisplatin,Oligodendrocyte,test
8093,AACAGGGTCGTTAGAC_D21-2750-0,GSE216146,D21-2750,D21,cisplatin,Choroid Plexus,test
10012,TCCTTCTTCGTCTCAC_D21-2750-0,GSE216146,D21-2750,D21,cisplatin,Choroid Plexus,test
9760,TAACGACTCCTTCAGC_D21-2750-0,GSE216146,D21-2750,D21,cisplatin,Microglia,test
10392,TTGTTTGAGAGCCATG_D21-2750-0,GSE216146,D21-2750,D21,cisplatin,Oligodendrocyte,test
9069,CTCAATTTCCTTCGAC_D21-2750-0,GSE216146,D21-2750,D21,cisplatin,Oligodendrocyte,test
10156,TGATTTCTCACGGGAA_D21-2750-0,GSE216146,D21-2750,D21,cisplatin,Microglia,test
8553,ATCGTAGTCTGTAAGC_D21-2750-0,GSE216146,D21-2750,D21,cisplatin,Endothelial,test
9233,GACCAATAGGAGTATT_D21-2750-0,GSE216146,D21-2750,D21,cisplatin,Choroid Plexus,test
10213,TGGGCGTTCTACTGCC_D21-2750-0,GSE216146,D21-2750,D21,cisplatin,Choroid Plexus,test
10101,TCTTGCGTCGGCATTA_D21-2750-0,GSE216146,D21-2750,D21,cisplatin,Choroid Plexus,test
9214,GAAGAATAGTATGACA_D21-2750-0,GSE216146,D21-2750,D21,cisplatin,Oligodendrocyte,test
9146,CTGGACGAGTCACGAG_D21-2750-0,GSE216146,D21-2750,D21,cisplatin,OPC,test
10212,TGGGCGTGTTCGCGTG_D21-2750-0,GSE216146,D21-2750,D21,cisplatin,Astrocyte,test
8653,CAACGATTCAGTCAGT_D21-2750-0,GSE216146,D21-2750,D21,cisplatin,Choroid Plexus,test
8366,AGCCACGAGCTACTAC_D21-2750-0,GSE216146,D21-2750,D21,cisplatin,Microglia,test
9759,TAACGACTCAGCCTTC_D21-2750-0,GSE216146,D21-2750,D21,cisplatin,Choroid Plexus,test
9520,GGGAGTATCTACCAGA_D21-2750-0,GSE216146,D21-2750,D21,cisplatin,Astrocyte,test
8508,ATATCCTAGGAACTCG_D21-2750-0,GSE216146,D21-2750,D21,cisplatin,Choroid Plexus,test
9897,TCACAAGCAACGCCCA_D21-2750-0,GSE216146,D21-2750,D21,cisplatin,Pericyte,test
8317,AGAACCTTCGGTAGGA_D21-2750-0,GSE216146,D21-2750,D21,cisplatin,Endothelial,test
9927,TCAGTCCAGAGCAAGA_D21-2750-0,GSE216146,D21-2750,D21,cisplatin,Oligodendrocyte,test
9011,CGTCCATTCCATACTT_D21-2750-0,GSE216146,D21-2750,D21,cisplatin,Microglia,test
8435,AGGTAGGCAGTATACC_D21-2750-0,GSE216146,D21-2750,D21,cisplatin,Endothelial,test
10287,TTACCATCATGTGGTT_D21-2750-0,GSE216146,D21-2750,D21,cisplatin,Microglia,test
10433,TTTGTTGAGAATTGCA_D21-2750-0,GSE216146,D21-2750,D21,cisplatin,Choroid Plexus,test
11374,TTTGTTGTCCATCTCG_D21-2751-0,GSE216146,D21-2751,D21,cisplatin,Oligodendrocyte,train
10855,GAAGCCCGTATCCCAA_D21-2751-0,GSE216146,D21-2751,D21,cisplatin,Astrocyte,train
11022,GTAGGAGTCCAACTGA_D21-2751-0,GSE216146,D21-2751,D21,cisplatin,Endothelial,train
11368,TTTGACTGTCCTCAGG_D21-2751-0,GSE216146,D21-2751,D21,cisplatin,Microglia,train
10873,GACTGATTCACCTGGG_D21-2751-0,GSE216146,D21-2751,D21,cisplatin,Endothelial,train
10467,ACAACCACATAATCCG_D21-2751-0,GSE216146,D21-2751,D21,cisplatin,Endothelial,train
10729,CCTAAGAGTACAGGTG_D21-2751-0,GSE216146,D21-2751,D21,cisplatin,Astrocyte,train
11227,TCTAACTAGCAGAAAG_D21-2751-0,GSE216146,D21-2751,D21,cisplatin,Oligodendrocyte,train
10731,CCTATCGCACGCAGTC_D21-2751-0,GSE216146,D21-2751,D21,cisplatin,Astrocyte,train
11023,GTAGTACCAGCGTATT_D21-2751-0,GSE216146,D21-2751,D21,cisplatin,Oligodendrocyte,train
10469,ACACGCGAGGACGCAT_D21-2751-0,GSE216146,D21-2751,D21,cisplatin,Oligodendrocyte,train
10569,ATCACTTCAATTTCTC_D21-2751-0,GSE216146,D21-2751,D21,cisplatin,Microglia,train
11137,TATCGCCCATCCAACA_D21-2751-0,GSE216146,D21-2751,D21,cisplatin,OPC,train
10457,AAGCGAGAGTGGACTG_D21-2751-0,GSE216146,D21-2751,D21,cisplatin,Endothelial,train
11204,TCGACCTGTCAAATCC_D21-2751-0,GSE216146,D21-2751,D21,cisplatin,Oligodendrocyte,train
10796,CTCAACCCATGTCTAG_D21-2751-0,GSE216146,D21-2751,D21,cisplatin,Choroid Plexus,train
11139,TATCTGTCAGTCTTCC_D21-2751-0,GSE216146,D21-2751,D21,cisplatin,Choroid Plexus,train
10944,GCCTGTTCACAAGGTG_D21-2751-0,GSE216146,D21-2751,D21,cisplatin,Choroid Plexus,train
11051,GTGCTTCGTTTACACG_D21-2751-0,GSE216146,D21-2751,D21,cisplatin,Microglia,train
10557,AGTCACACAAGACCGA_D21-2751-0,GSE216146,D21-2751,D21,cisplatin,Astrocyte,train
10725,CCTAACCAGATGCTTC_D21-2751-0,GSE216146,D21-2751,D21,cisplatin,Oligodendrocyte,train
10589,ATGCCTCGTATCTTCT_D21-2751-0,GSE216146,D21-2751,D21,cisplatin,Endothelial,train
11364,TTTAGTCTCTGGGATT_D21-2751-0,GSE216146,D21-2751,D21,cisplatin,Microglia,train
11256,TGAGTCACAGTTTCAG_D21-2751-0,GSE216146,D21-2751,D21,cisplatin,Astrocyte,train
10936,GCCAGGTGTCATGCAT_D21-2751-0,GSE216146,D21-2751,D21,cisplatin,Oligodendrocyte,train
11222,TCGTAGACAACTACGT_D21-2751-0,GSE216146,D21-2751,D21,cisplatin,Microglia,train
10799,CTCAATTCATGGAATA_D21-2751-0,GSE216146,D21-2751,D21,cisplatin,Choroid Plexus,train
11193,TCCTCCCCATCCGTTC_D21-2751-0,GSE216146,D21-2751,D21,cisplatin,Microglia,train
10436,AAAGAACAGCCTCTGG_D21-2751-0,GSE216146,D21-2751,D21,cisplatin,Pericyte,train
11125,TAGAGTCGTGAGTGAC_D21-2751-0,GSE216146,D21-2751,D21,cisplatin,Microglia,train
11157,TCAGCCTAGCATCGAG_D21-2751-0,GSE216146,D21-2751,D21,cisplatin,Endothelial,train
11180,TCATTTGGTAGTCGGA_D21-2751-0,GSE216146,D21-2751,D21,cisplatin,OPC,train
10878,GAGACTTTCGACCATA_D21-2751-0,GSE216146,D21-2751,D21,cisplatin,Oligodendrocyte,train
10675,CATGCCTCATCGGAAG_D21-2751-0,GSE216146,D21-2751,D21,cisplatin,Oligodendrocyte,train
10515,ACTTTGTTCGCTAAAC_D21-2751-0,GSE216146,D21-2751,D21,cisplatin,Astrocyte,train
10829,CTGGCAGTCCGGACGT_D21-2751-0,GSE216146,D21-2751,D21,cisplatin,Fibroblast,train
10914,GATGGAGGTTCCCACT_D21-2751-0,GSE216146,D21-2751,D21,cisplatin,Microglia,train
10452,AAGACAAGTCCAAAGG_D21-2751-0,GSE216146,D21-2751,D21,cisplatin,Microglia,train
10917,GATTCTTGTTCGTGCG_D21-2751-0,GSE216146,D21-2751,D21,cisplatin,Oligodendrocyte,train
10963,GGAGCAATCGCGCTGA_D21-2751-0,GSE216146,D21-2751,D21,cisplatin,Oligodendrocyte,train
11138,TATCTGTAGACCTCAT_D21-2751-0,GSE216146,D21-2751,D21,cisplatin,Choroid Plexus,train
10800,CTCACTGCATCGATCA_D21-2751-0,GSE216146,D21-2751,D21,cisplatin,Oligodendrocyte,train
10837,CTGTGAATCTAGACCA_D21-2751-0,GSE216146,D21-2751,D21,cisplatin,Endothelial,train
10586,ATGCATGAGGTTCACT_D21-2751-0,GSE216146,D21-2751,D21,cisplatin,Microglia,train
11008,GGTGTTATCAAGGTGG_D21-2751-0,GSE216146,D21-2751,D21,cisplatin,Immune,train
11032,GTCCTCAAGATTCGAA_D21-2751-0,GSE216146,D21-2751,D21,cisplatin,Endothelial,train
10867,GACCGTGGTATAGCTC_D21-2751-0,GSE216146,D21-2751,D21,cisplatin,Choroid Plexus,train
11181,TCCAGAAAGTAATCCC_D21-2751-0,GSE216146,D21-2751,D21,cisplatin,Endothelial,train
10600,ATTATCCGTCTTGCTC_D21-2751-0,GSE216146,D21-2751,D21,cisplatin,Endothelial,train
10691,CATTTCAGTGCACGCT_D21-2751-0,GSE216146,D21-2751,D21,cisplatin,Astrocyte,train
10503,ACTCTCGCAGAGGACT_D21-2751-0,GSE216146,D21-2751,D21,cisplatin,Endothelial,train
11009,GGTTAACAGAATTCAG_D21-2751-0,GSE216146,D21-2751,D21,cisplatin,Microglia,train
10903,GATCGTAGTCTGCAAT_D21-2751-0,GSE216146,D21-2751,D21,cisplatin,Astrocyte,train
11084,GTTGTAGGTAGGATAT_D21-2751-0,GSE216146,D21-2751,D21,cisplatin,Endothelial,train
10621,CAACGATTCTAGACAC_D21-2751-0,GSE216146,D21-2751,D21,cisplatin,Microglia,train
10594,ATGGGTTTCTTAATCC_D21-2751-0,GSE216146,D21-2751,D21,cisplatin,Microglia,train
10950,GCGTTTCGTATGAAGT_D21-2751-0,GSE216146,D21-2751,D21,cisplatin,Microglia,train
10781,CTACATTTCGCCATAA_D21-2751-0,GSE216146,D21-2751,D21,cisplatin,Microglia,train
11293,TGTCAGAAGCCATGCC_D21-2751-0,GSE216146,D21-2751,D21,cisplatin,Pericyte,train
10451,AAGAACATCAGGCGAA_D21-2751-0,GSE216146,D21-2751,D21,cisplatin,Choroid Plexus,train
10831,CTGGTCTGTCTCAGAT_D21-2751-0,GSE216146,D21-2751,D21,cisplatin,Astrocyte,train
11370,TTTGATCCAGCTCATA_D21-2751-0,GSE216146,D21-2751,D21,cisplatin,Microglia,train
10912,GATGGAGCAATTGAAG_D21-2751-0,GSE216146,D21-2751,D21,cisplatin,Microglia,train
10905,GATGACTTCCTTATCA_D21-2751-0,GSE216146,D21-2751,D21,cisplatin,Oligodendrocyte,train
10640,CACATGATCAAGGACG_D21-2751-0,GSE216146,D21-2751,D21,cisplatin,Endothelial,train
11155,TCACTCGTCCATGAGT_D21-2751-0,GSE216146,D21-2751,D21,cisplatin,Oligodendrocyte,train
10510,ACTTAGGAGGTGCTTT_D21-2751-0,GSE216146,D21-2751,D21,cisplatin,Oligodendrocyte,train
10844,CTTCCGATCATCGACA_D21-2751-0,GSE216146,D21-2751,D21,cisplatin,Oligodendrocyte,train
10629,CAATCGACATCTGCGG_D21-2751-0,GSE216146,D21-2751,D21,cisplatin,Microglia,train
10435,AAACGCTAGAGCAAGA_D21-2751-0,GSE216146,D21-2751,D21,cisplatin,Oligodendrocyte,train
11258,TGATGGTAGCTCAGAG_D21-2751-0,GSE216146,D21-2751,D21,cisplatin,Astrocyte,train
11059,GTGGTTAAGCGTATAA_D21-2751-0,GSE216146,D21-2751,D21,cisplatin,Oligodendrocyte,train
11336,TTCTCTCAGTCTTGGT_D21-2751-0,GSE216146,D21-2751,D21,cisplatin,Microglia,train
11131,TATACCTAGTGCGCTC_D21-2751-0,GSE216146,D21-2751,D21,cisplatin,Oligodendrocyte,train
10730,CCTATCGAGAGGCTGT_D21-2751-0,GSE216146,D21-2751,D21,cisplatin,Choroid Plexus,train
10611,ATTGTTCCAAAGGGCT_D21-2751-0,GSE216146,D21-2751,D21,cisplatin,Endothelial,train
11327,TTCCGTGGTCCCTCAT_D21-2751-0,GSE216146,D21-2751,D21,cisplatin,Endothelial,train
11295,TGTCCCAGTGACAACG_D21-2751-0,GSE216146,D21-2751,D21,cisplatin,Microglia,train
11071,GTTAGACTCAAGTCGT_D21-2751-0,GSE216146,D21-2751,D21,cisplatin,Microglia,train
10458,AAGCGAGGTGTCCAAT_D21-2751-0,GSE216146,D21-2751,D21,cisplatin,Pericyte,train
10605,ATTCCTAAGATCGCTT_D21-2751-0,GSE216146,D21-2751,D21,cisplatin,Endothelial,train
10835,CTGTGAACATTCGATG_D21-2751-0,GSE216146,D21-2751,D21,cisplatin,Oligodendrocyte,train
11335,TTCTAACCACGGTCTG_D21-2751-0,GSE216146,D21-2751,D21,cisplatin,Oligodendrocyte,train
10568,ATCACTTAGAACAAGG_D21-2751-0,GSE216146,D21-2751,D21,cisplatin,Endothelial,train
11326,TTCCGTGAGCCGCACT_D21-2751-0,GSE216146,D21-2751,D21,cisplatin,Oligodendrocyte,train
11046,GTGATGTAGGTGCCTC_D21-2751-0,GSE216146,D21-2751,D21,cisplatin,Astrocyte,train
10711,CCCTCAAGTAGTGTGG_D21-2751-0,GSE216146,D21-2751,D21,cisplatin,Oligodendrocyte,train
10533,AGGAAATCAATTCTTC_D21-2751-0,GSE216146,D21-2751,D21,cisplatin,Microglia,train
11116,TACTGCCTCTGCGGAC_D21-2751-0,GSE216146,D21-2751,D21,cisplatin,Choroid Plexus,train
10966,GGATGTTCACCAGTAT_D21-2751-0,GSE216146,D21-2751,D21,cisplatin,Endothelial,train
11240,TCTTAGTGTCAAGCCC_D21-2751-0,GSE216146,D21-2751,D21,cisplatin,Oligodendrocyte,train
10660,CAGGTATAGTTCAACC_D21-2751-0,GSE216146,D21-2751,D21,cisplatin,Choroid Plexus,train
10983,GGGCGTTGTAAGGAGA_D21-2751-0,GSE216146,D21-2751,D21,cisplatin,Oligodendrocyte,train
10858,GAAGGGTCATCAGCAT_D21-2751-0,GSE216146,D21-2751,D21,cisplatin,Oligodendrocyte,train
11033,GTCCTCATCCGTGTGG_D21-2751-0,GSE216146,D21-2751,D21,cisplatin,Choroid Plexus,train
10550,AGGTTACAGATTGATG_D21-2751-0,GSE216146,D21-2751,D21,cisplatin,Microglia,train
10863,GACAGCCCACAGAGAC_D21-2751-0,GSE216146,D21-2751,D21,cisplatin,Oligodendrocyte,train
10505,ACTGATGTCCCTCTTT_D21-2751-0,GSE216146,D21-2751,D21,cisplatin,Microglia,train
10786,CTACTATGTGGCTACC_D21-2751-0,GSE216146,D21-2751,D21,cisplatin,Oligodendrocyte,train
10933,GCATCTCTCGTTCTAT_D21-2751-0,GSE216146,D21-2751,D21,cisplatin,Choroid Plexus,train
11318,TTCAATCGTGTCATCA_D21-2751-0,GSE216146,D21-2751,D21,cisplatin,Choroid Plexus,train
11305,TGTTACTAGGTCGAGT_D21-2751-0,GSE216146,D21-2751,D21,cisplatin,Endothelial,train
10887,GAGTCATAGCTTTGTG_D21-2751-0,GSE216146,D21-2751,D21,cisplatin,Ependymal,train
10442,AACAAAGAGAATAACC_D21-2751-0,GSE216146,D21-2751,D21,cisplatin,Endothelial,train
11118,TACTTCACAAGTGGCA_D21-2751-0,GSE216146,D21-2751,D21,cisplatin,Choroid Plexus,train
10840,CTTAGGAGTGGGTTGA_D21-2751-0,GSE216146,D21-2751,D21,cisplatin,Astrocyte,train
11314,TTACGTTCAAGGGCAT_D21-2751-0,GSE216146,D21-2751,D21,cisplatin,Microglia,train
11026,GTCATCCGTGCCTGCA_D21-2751-0,GSE216146,D21-2751,D21,cisplatin,Microglia,train
11307,TGTTCATCAGACGCTC_D21-2751-0,GSE216146,D21-2751,D21,cisplatin,Endothelial,train
11223,TCGTCCAAGCAATAGT_D21-2751-0,GSE216146,D21-2751,D21,cisplatin,OPC,train
10756,CGCAGGTAGCGACATG_D21-2751-0,GSE216146,D21-2751,D21,cisplatin,Microglia,train
10539,AGGCATTAGCTCTATG_D21-2751-0,GSE216146,D21-2751,D21,cisplatin,Endothelial,train
10631,CAATCGATCGCCGTGA_D21-2751-0,GSE216146,D21-2751,D21,cisplatin,Immune,train
11282,TGGTACAAGGACCCAA_D21-2751-0,GSE216146,D21-2751,D21,cisplatin,Progenitor,train
10771,CGTGATAAGATGTAGT_D21-2751-0,GSE216146,D21-2751,D21,cisplatin,Choroid Plexus,train
11120,TAGACTGAGCTAATCC_D21-2751-0,GSE216146,D21-2751,D21,cisplatin,Choroid Plexus,train
11187,TCCGATCTCTCCGTGT_D21-2751-0,GSE216146,D21-2751,D21,cisplatin,Microglia,train
10617,CAAAGAAAGCACCTGC_D21-2751-0,GSE216146,D21-2751,D21,cisplatin,Astrocyte,train
11129,TAGGAGGAGCGATTCT_D21-2751-0,GSE216146,D21-2751,D21,cisplatin,Oligodendrocyte,train
10721,CCGGTAGAGATCCCAT_D21-2751-0,GSE216146,D21-2751,D21,cisplatin,Microglia,train
10500,ACTCCCAAGATGTTAG_D21-2751-0,GSE216146,D21-2751,D21,cisplatin,Microglia,train
11184,TCCCACATCATGAAAG_D21-2751-0,GSE216146,D21-2751,D21,cisplatin,Choroid Plexus,train
10582,ATCGGCGTCATTGTGG_D21-2751-0,GSE216146,D21-2751,D21,cisplatin,Astrocyte,train
10957,GCTTGGGAGCCTCTGG_D21-2751-0,GSE216146,D21-2751,D21,cisplatin,Oligodendrocyte,train
10737,CCTCATGGTATACCTG_D21-2751-0,GSE216146,D21-2751,D21,cisplatin,Astrocyte,train
11319,TTCACCGCAATAACCC_D21-2751-0,GSE216146,D21-2751,D21,cisplatin,Endothelial,train
11042,GTGAGCCAGAGCAAGA_D21-2751-0,GSE216146,D21-2751,D21,cisplatin,Oligodendrocyte,train
11045,GTGAGTTTCAGACAAA_D21-2751-0,GSE216146,D21-2751,D21,cisplatin,Microglia,train
11281,TGGGCTGCACAGAAGC_D21-2751-0,GSE216146,D21-2751,D21,cisplatin,Endothelial,train
11246,TGAATGCGTCAGCGTC_D21-2751-0,GSE216146,D21-2751,D21,cisplatin,Endothelial,train
10489,ACGGAAGCATCCTAAG_D21-2751-0,GSE216146,D21-2751,D21,cisplatin,Microglia,train
10826,CTGCTCACAGTATTCG_D21-2751-0,GSE216146,D21-2751,D21,cisplatin,Endothelial,train
10453,AAGCATCAGTGAGGCT_D21-2751-0,GSE216146,D21-2751,D21,cisplatin,Microglia,train
10807,CTCATCGAGGGTCACA_D21-2751-0,GSE216146,D21-2751,D21,cisplatin,Choroid Plexus,train
10782,CTACCCAAGTTGTACC_D21-2751-0,GSE216146,D21-2751,D21,cisplatin,Pericyte,train
10562,AGTTCCCTCTCGTCAC_D21-2751-0,GSE216146,D21-2751,D21,cisplatin,Microglia,train
10708,CCCGGAACATGTCTAG_D21-2751-0,GSE216146,D21-2751,D21,cisplatin,Oligodendrocyte,train
11186,TCCGATCGTTTGGGTT_D21-2751-0,GSE216146,D21-2751,D21,cisplatin,Oligodendrocyte,train
10791,CTATCCGGTGGCTCTG_D21-2751-0,GSE216146,D21-2751,D21,cisplatin,Oligodendrocyte,train
10960,GGAATCTTCGGTGCAC_D21-2751-0,GSE216146,D21-2751,D21,cisplatin,Choroid Plexus,train
10761,CGCGTGATCCTCCACA_D21-2751-0,GSE216146,D21-2751,D21,cisplatin,Choroid Plexus,train
10462,AAGTTCGGTTCGGTCG_D21-2751-0,GSE216146,D21-2751,D21,cisplatin,Endothelial,train
10987,GGGTGAAGTACAGAGC_D21-2751-0,GSE216146,D21-2751,D21,cisplatin,Oligodendrocyte,train
10556,AGTAGTCCACTGCGAC_D21-2751-0,GSE216146,D21-2751,D21,cisplatin,Microglia,train
11111,TACCTCGTCTAACACG_D21-2751-0,GSE216146,D21-2751,D21,cisplatin,Microglia,train
11085,GTTGTAGTCGATGCTA_D21-2751-0,GSE216146,D21-2751,D21,cisplatin,Oligodendrocyte,train
10780,CTACATTTCCTCCACA_D21-2751-0,GSE216146,D21-2751,D21,cisplatin,Microglia,train
11018,GTAGAGGAGGTAGCAC_D21-2751-0,GSE216146,D21-2751,D21,cisplatin,Oligodendrocyte,train
10504,ACTCTCGGTACGTACT_D21-2751-0,GSE216146,D21-2751,D21,cisplatin,Oligodendrocyte,train
10775,CGTTCTGCAGGCGATA_D21-2751-0,GSE216146,D21-2751,D21,cisplatin,Oligodendrocyte,train
11325,TTCCAATTCCTACCGT_D21-2751-0,GSE216146,D21-2751,D21,cisplatin,Microglia,train
11294,TGTCAGAAGTACCATC_D21-2751-0,GSE216146,D21-2751,D21,cisplatin,Oligodendrocyte,train
10571,ATCATTCAGTTCCGTA_D21-2751-0,GSE216146,D21-2751,D21,cisplatin,Endothelial,train
10547,AGGTCATAGGATATAC_D21-2751-0,GSE216146,D21-2751,D21,cisplatin,Microglia,train
11205,TCGATTTAGGGATCTG_D21-2751-0,GSE216146,D21-2751,D21,cisplatin,Microglia,train
10850,GAAATGACAGGCGAAT_D21-2751-0,GSE216146,D21-2751,D21,cisplatin,Endothelial,train
11035,GTCGTTCGTCGTCATA_D21-2751-0,GSE216146,D21-2751,D21,cisplatin,Astrocyte,train
11362,TTTACCAAGTGGTTCT_D21-2751-0,GSE216146,D21-2751,D21,cisplatin,Microglia,train
11107,TACCGAAAGGAAGAAC_D21-2751-0,GSE216146,D21-2751,D21,cisplatin,Oligodendrocyte,train
10619,CAACAACAGGCGACAT_D21-2751-0,GSE216146,D21-2751,D21,cisplatin,Oligodendrocyte,train
11310,TGTTTGTTCTTCCAGC_D21-2751-0,GSE216146,D21-2751,D21,cisplatin,Microglia,train
11090,TAACACGAGGTTGGAC_D21-2751-0,GSE216146,D21-2751,D21,cisplatin,Astrocyte,train
10440,AAAGTCCCATTCGGGC_D21-2751-0,GSE216146,D21-2751,D21,cisplatin,Endothelial,train
10584,ATCTTCACACTGTGTA_D21-2751-0,GSE216146,D21-2751,D21,cisplatin,Oligodendrocyte,train
10679,CATGCGGTCCGTGGTG_D21-2751-0,GSE216146,D21-2751,D21,cisplatin,Microglia,train
11346,TTGCGTCCAATTGAAG_D21-2751-0,GSE216146,D21-2751,D21,cisplatin,Choroid Plexus,train
11021,GTAGCTAGTGGTAACG_D21-2751-0,GSE216146,D21-2751,D21,cisplatin,Choroid Plexus,train
10614,ATTTCTGCACTGCACG_D21-2751-0,GSE216146,D21-2751,D21,cisplatin,Oligodendrocyte,train
10521,AGACCCGTCTTAGCCC_D21-2751-0,GSE216146,D21-2751,D21,cisplatin,Endothelial,train
11103,TACACCCCAGTTGCGC_D21-2751-0,GSE216146,D21-2751,D21,cisplatin,Oligodendrocyte,train
11254,TGAGGTTCATTAAGCC_D21-2751-0,GSE216146,D21-2751,D21,cisplatin,Endothelial,train
10544,AGGGAGTGTCTCAAGT_D21-2751-0,GSE216146,D21-2751,D21,cisplatin,Choroid Plexus,train
10860,GAATAGACAGCCTACG_D21-2751-0,GSE216146,D21-2751,D21,cisplatin,Oligodendrocyte,train
10683,CATTCATAGTCGCCAC_D21-2751-0,GSE216146,D21-2751,D21,cisplatin,Immune,train
10888,GAGTCATGTACAAGCG_D21-2751-0,GSE216146,D21-2751,D21,cisplatin,Oligodendrocyte,train
11000,GGTAGAGTCTACTTCA_D21-2751-0,GSE216146,D21-2751,D21,cisplatin,Immune,train
11123,TAGACTGGTGAGTAGC_D21-2751-0,GSE216146,D21-2751,D21,cisplatin,Microglia,train
11002,GGTCTGGTCTTCCGTG_D21-2751-0,GSE216146,D21-2751,D21,cisplatin,Oligodendrocyte,train
10709,CCCTAACCAAACCATC_D21-2751-0,GSE216146,D21-2751,D21,cisplatin,Astrocyte,train
10947,GCGAGAAAGTACGTCT_D21-2751-0,GSE216146,D21-2751,D21,cisplatin,Oligodendrocyte,train
11323,TTCAGGACAGTCGTTA_D21-2751-0,GSE216146,D21-2751,D21,cisplatin,Astrocyte,train
11158,TCAGGGCCACTCTCGT_D21-2751-0,GSE216146,D21-2751,D21,cisplatin,Oligodendrocyte,train
10937,GCCAGGTTCACTGGTA_D21-2751-0,GSE216146,D21-2751,D21,cisplatin,Oligodendrocyte,train
10999,GGTAGAGTCGCTTTAT_D21-2751-0,GSE216146,D21-2751,D21,cisplatin,Endothelial,train
11182,TCCATCGAGAACTTCC_D21-2751-0,GSE216146,D21-2751,D21,cisplatin,Choroid Plexus,train
10992,GGTAACTAGAAACTGT_D21-2751-0,GSE216146,D21-2751,D21,cisplatin,Endothelial,train
10941,GCCCAGACAGTTAGAA_D21-2751-0,GSE216146,D21-2751,D21,cisplatin,Astrocyte,train
10671,CATAGACTCGTTCCTG_D21-2751-0,GSE216146,D21-2751,D21,cisplatin,Immune,train
11211,TCGCTTGAGAAGGGAT_D21-2751-0,GSE216146,D21-2751,D21,cisplatin,Oligodendrocyte,train
11030,GTCCCATCACCCTTAC_D21-2751-0,GSE216146,D21-2751,D21,cisplatin,Microglia,train
10893,GAGTTTGCATTCTCCG_D21-2751-0,GSE216146,D21-2751,D21,cisplatin,Microglia,train
10468,ACACAGTCATCCAACA_D21-2751-0,GSE216146,D21-2751,D21,cisplatin,Choroid Plexus,train
10802,CTCAGAAGTGGAGAAA_D21-2751-0,GSE216146,D21-2751,D21,cisplatin,Astrocyte,train
10798,CTCAAGATCACGGACC_D21-2751-0,GSE216146,D21-2751,D21,cisplatin,Microglia,train
11367,TTTATGCCAGTTGTTG_D21-2751-0,GSE216146,D21-2751,D21,cisplatin,Choroid Plexus,train
10883,GAGGCCTTCATTTGCT_D21-2751-0,GSE216146,D21-2751,D21,cisplatin,Oligodendrocyte,train
10561,AGTTAGCCAGCCGGTT_D21-2751-0,GSE216146,D21-2751,D21,cisplatin,Endothelial,train
10930,GCATCGGGTGCAGTGA_D21-2751-0,GSE216146,D21-2751,D21,cisplatin,Oligodendrocyte,train
11352,TTGGGATAGGTAGATT_D21-2751-0,GSE216146,D21-2751,D21,cisplatin,Pericyte,train
10710,CCCTAACTCATAGACC_D21-2751-0,GSE216146,D21-2751,D21,cisplatin,Microglia,train
10466,AATGAAGAGAGTCAGC_D21-2751-0,GSE216146,D21-2751,D21,cisplatin,Endothelial,train
11333,TTCGCTGAGAATACAC_D21-2751-0,GSE216146,D21-2751,D21,cisplatin,Endothelial,train
11241,TCTTCCTCAGACGCTC_D21-2751-0,GSE216146,D21-2751,D21,cisplatin,Choroid Plexus,train
10558,AGTGACTCAGCCCAGT_D21-2751-0,GSE216146,D21-2751,D21,cisplatin,Astrocyte,train
10694,CCAAGCGGTCAAGTTC_D21-2751-0,GSE216146,D21-2751,D21,cisplatin,Oligodendrocyte,train
10620,CAACCAAGTAACGATA_D21-2751-0,GSE216146,D21-2751,D21,cisplatin,Oligodendrocyte,train
11298,TGTGATGCAACCGGAA_D21-2751-0,GSE216146,D21-2751,D21,cisplatin,Oligodendrocyte,train
11232,TCTATACAGACTTGTC_D21-2751-0,GSE216146,D21-2751,D21,cisplatin,Endothelial,train
10990,GGGTTATGTTTCACAG_D21-2751-0,GSE216146,D21-2751,D21,cisplatin,Ependymal,train
10546,AGGGCTCCATGAATAG_D21-2751-0,GSE216146,D21-2751,D21,cisplatin,Choroid Plexus,train
11253,TGAGGTTCACGAAGAC_D21-2751-0,GSE216146,D21-2751,D21,cisplatin,Astrocyte,train
10942,GCCCGAATCACCGACG_D21-2751-0,GSE216146,D21-2751,D21,cisplatin,OPC,train
11257,TGATCTTCATCCAACA_D21-2751-0,GSE216146,D21-2751,D21,cisplatin,Oligodendrocyte,train
10870,GACGTTAGTACGAAAT_D21-2751-0,GSE216146,D21-2751,D21,cisplatin,Microglia,train
10851,GAAATGATCACACCGG_D21-2751-0,GSE216146,D21-2751,D21,cisplatin,Oligodendrocyte,train
10821,CTGAGGCAGCACCGAA_D21-2751-0,GSE216146,D21-2751,D21,cisplatin,Endothelial,train
10609,ATTCGTTTCTTCACGC_D21-2751-0,GSE216146,D21-2751,D21,cisplatin,Astrocyte,train
10915,GATGTTGCACAGTGAG_D21-2751-0,GSE216146,D21-2751,D21,cisplatin,Microglia,train
11087,GTTGTGAGTTCGTAAC_D21-2751-0,GSE216146,D21-2751,D21,cisplatin,Endothelial,train
10738,CCTCCAATCTTCCGTG_D21-2751-0,GSE216146,D21-2751,D21,cisplatin,Astrocyte,train
10951,GCTACAAGTGCCTTCT_D21-2751-0,GSE216146,D21-2751,D21,cisplatin,Oligodendrocyte,train
10663,CAGTTAGTCCAGTACA_D21-2751-0,GSE216146,D21-2751,D21,cisplatin,Microglia,train
10572,ATCATTCGTCCATACA_D21-2751-0,GSE216146,D21-2751,D21,cisplatin,Oligodendrocyte,train
11094,TAAGCACGTACGTGTT_D21-2751-0,GSE216146,D21-2751,D21,cisplatin,Microglia,train
11267,TGCGATACACGCGTGT_D21-2751-0,GSE216146,D21-2751,D21,cisplatin,Oligodendrocyte,train
11172,TCATGCCCAAGTGGTG_D21-2751-0,GSE216146,D21-2751,D21,cisplatin,Microglia,train
11025,GTATTTCCAGCGATTT_D21-2751-0,GSE216146,D21-2751,D21,cisplatin,Oligodendrocyte,train
11320,TTCACGCAGAGGGTGG_D21-2751-0,GSE216146,D21-2751,D21,cisplatin,Microglia,train
11145,TATTCCAAGCGTTGTT_D21-2751-0,GSE216146,D21-2751,D21,cisplatin,Microglia,train
10939,GCCATGGGTGTTGCCG_D21-2751-0,GSE216146,D21-2751,D21,cisplatin,Oligodendrocyte,train
11134,TATCCTAGTGATTAGA_D21-2751-0,GSE216146,D21-2751,D21,cisplatin,Choroid Plexus,train
11027,GTCATGATCGCGTAGC_D21-2751-0,GSE216146,D21-2751,D21,cisplatin,Oligodendrocyte,train
11358,TTGTGGAGTCACATTG_D21-2751-0,GSE216146,D21-2751,D21,cisplatin,Oligodendrocyte,train
10973,GGCTTTCTCAAAGACA_D21-2751-0,GSE216146,D21-2751,D21,cisplatin,Choroid Plexus,train
11160,TCAGGGCGTTTGGCTA_D21-2751-0,GSE216146,D21-2751,D21,cisplatin,Astrocyte,train
10818,CTCTGGTTCCACAGGC_D21-2751-0,GSE216146,D21-2751,D21,cisplatin,Ependymal,train
11206,TCGATTTGTGCACGCT_D21-2751-0,GSE216146,D21-2751,D21,cisplatin,Endothelial,train
10732,CCTATCGCAGACACCC_D21-2751-0,GSE216146,D21-2751,D21,cisplatin,Endothelial,train
10830,CTGGCAGTCTATCACT_D21-2751-0,GSE216146,D21-2751,D21,cisplatin,Oligodendrocyte,train
11264,TGCCGAGAGCGCTGAA_D21-2751-0,GSE216146,D21-2751,D21,cisplatin,Pericyte,train
11308,TGTTCCGTCACATTGG_D21-2751-0,GSE216146,D21-2751,D21,cisplatin,OPC,train
11331,TTCGATTCATAATCCG_D21-2751-0,GSE216146,D21-2751,D21,cisplatin,Oligodendrocyte,train
10770,CGTGAATCACTGGACC_D21-2751-0,GSE216146,D21-2751,D21,cisplatin,Choroid Plexus,train
10635,CACAGATTCCAAACCA_D21-2751-0,GSE216146,D21-2751,D21,cisplatin,Microglia,train
10827,CTGGACGTCGCTAAAC_D21-2751-0,GSE216146,D21-2751,D21,cisplatin,Choroid Plexus,train
11075,GTTCTATTCTCAACGA_D21-2751-0,GSE216146,D21-2751,D21,cisplatin,Choroid Plexus,train
10885,GAGGGATTCTTCGATT_D21-2751-0,GSE216146,D21-2751,D21,cisplatin,Endothelial,train
10733,CCTCAACTCCCGTTGT_D21-2751-0,GSE216146,D21-2751,D21,cisplatin,Endothelial,train
10707,CCCGAAGGTAAGGAGA_D21-2751-0,GSE216146,D21-2751,D21,cisplatin,Endothelial,train
10940,GCCATTCCAGGTGTTT_D21-2751-0,GSE216146,D21-2751,D21,cisplatin,Microglia,train
10470,ACAGAAAGTCGTCTCT_D21-2751-0,GSE216146,D21-2751,D21,cisplatin,Oligodendrocyte,train
11301,TGTGCGGCACGACGTC_D21-2751-0,GSE216146,D21-2751,D21,cisplatin,Astrocyte,train
11233,TCTATCAAGGTTCCGC_D21-2751-0,GSE216146,D21-2751,D21,cisplatin,Microglia,train
11135,TATCCTATCGCGAAGA_D21-2751-0,GSE216146,D21-2751,D21,cisplatin,Microglia,train
10460,AAGTGAATCGACGATT_D21-2751-0,GSE216146,D21-2751,D21,cisplatin,Oligodendrocyte,train
10953,GCTGAATCATCGTCCT_D21-2751-0,GSE216146,D21-2751,D21,cisplatin,Microglia,train
11285,TGGTAGTGTTGGAGGT_D21-2751-0,GSE216146,D21-2751,D21,cisplatin,Microglia,train
10473,ACATCCCTCTCTTGCG_D21-2751-0,GSE216146,D21-2751,D21,cisplatin,Oligodendrocyte,train
11167,TCATCATTCCCTGGTT_D21-2751-0,GSE216146,D21-2751,D21,cisplatin,Microglia,train
10616,ATTTCTGTCGCGTAGC_D21-2751-0,GSE216146,D21-2751,D21,cisplatin,Ependymal,train
11220,TCGGTCTGTCCAAATC_D21-2751-0,GSE216146,D21-2751,D21,cisplatin,Astrocyte,train
11104,TACACCCTCTCGCTCA_D21-2751-0,GSE216146,D21-2751,D21,cisplatin,Immune,train
11164,TCAGTTTGTATGGTTC_D21-2751-0,GSE216146,D21-2751,D21,cisplatin,Microglia,train
11198,TCCTTTCGTATATGGA_D21-2751-0,GSE216146,D21-2751,D21,cisplatin,Astrocyte,train
10846,CTTGAGAAGACTCGAG_D21-2751-0,GSE216146,D21-2751,D21,cisplatin,Endothelial,train
10864,GACATCAAGGCCTTCG_D21-2751-0,GSE216146,D21-2751,D21,cisplatin,Microglia,train
10847,CTTGAGACAAGACAAT_D21-2751-0,GSE216146,D21-2751,D21,cisplatin,Oligodendrocyte,train
11228,TCTACATCAACCGTGC_D21-2751-0,GSE216146,D21-2751,D21,cisplatin,Oligodendrocyte,train
10437,AAAGGATCAACAACAA_D21-2751-0,GSE216146,D21-2751,D21,cisplatin,Oligodendrocyte,train
10713,CCCTCTCTCATGCATG_D21-2751-0,GSE216146,D21-2751,D21,cisplatin,Endothelial,train
11276,TGGAGGAGTAGACAAT_D21-2751-0,GSE216146,D21-2751,D21,cisplatin,Microglia,train
10567,ATATCCTCAAGTGGTG_D21-2751-0,GSE216146,D21-2751,D21,cisplatin,Microglia,train
11360,TTGTTGTCATGTTACG_D21-2751-0,GSE216146,D21-2751,D21,cisplatin,Choroid Plexus,train
11252,TGAGGTTCAAAGCTCT_D21-2751-0,GSE216146,D21-2751,D21,cisplatin,Immune,train
11192,TCCTAATTCGCTCTCA_D21-2751-0,GSE216146,D21-2751,D21,cisplatin,Microglia,train
11143,TATCTTGTCCCGATCT_D21-2751-0,GSE216146,D21-2751,D21,cisplatin,Microglia,train
10833,CTGTCGTAGGCGCTCT_D21-2751-0,GSE216146,D21-2751,D21,cisplatin,Endothelial,train
10736,CCTCAGTCATGTGTCA_D21-2751-0,GSE216146,D21-2751,D21,cisplatin,Oligodendrocyte,train
10769,CGTCAAATCCATAGAC_D21-2751-0,GSE216146,D21-2751,D21,cisplatin,Astrocyte,train
11189,TCCGTGTCAACGTAAA_D21-2751-0,GSE216146,D21-2751,D21,cisplatin,Ependymal,train
11105,TACCCACTCTATTGTC_D21-2751-0,GSE216146,D21-2751,D21,cisplatin,Immune,train
10838,CTGTGGGCACAAAGTA_D21-2751-0,GSE216146,D21-2751,D21,cisplatin,Choroid Plexus,train
11259,TGATGGTCAACTGAAA_D21-2751-0,GSE216146,D21-2751,D21,cisplatin,Microglia,train
11290,TGTAACGGTTGAGTCT_D21-2751-0,GSE216146,D21-2751,D21,cisplatin,Choroid Plexus,train
10958,GCTTTCGAGTAGCCAG_D21-2751-0,GSE216146,D21-2751,D21,cisplatin,Microglia,train
10964,GGATCTAAGGACAGTC_D21-2751-0,GSE216146,D21-2751,D21,cisplatin,Oligodendrocyte,train
10854,GAAGCCCCAGCGGTCT_D21-2751-0,GSE216146,D21-2751,D21,cisplatin,Astrocyte,train
11302,TGTGGCGAGACATCAA_D21-2751-0,GSE216146,D21-2751,D21,cisplatin,Endothelial,train
11102,TACACCCAGCTCTATG_D21-2751-0,GSE216146,D21-2751,D21,cisplatin,OPC,train
11332,TTCGATTGTTGCTCGG_D21-2751-0,GSE216146,D21-2751,D21,cisplatin,Endothelial,train
11095,TAATCTCTCATGGGAG_D21-2751-0,GSE216146,D21-2751,D21,cisplatin,Astrocyte,train
10874,GACTGATTCGTAGGGA_D21-2751-0,GSE216146,D21-2751,D21,cisplatin,Ependymal,train
11235,TCTCACGGTACCAATC_D21-2751-0,GSE216146,D21-2751,D21,cisplatin,Endothelial,train
11356,TTGGGCGTCCAAGCAT_D21-2751-0,GSE216146,D21-2751,D21,cisplatin,OPC,train
10627,CAAGCTATCTGGTGGC_D21-2751-0,GSE216146,D21-2751,D21,cisplatin,Oligodendrocyte,train
11177,TCATTGTAGCAATAAC_D21-2751-0,GSE216146,D21-2751,D21,cisplatin,Microglia,train
11324,TTCATTGTCACCTGGG_D21-2751-0,GSE216146,D21-2751,D21,cisplatin,Microglia,train
10984,GGGCTACAGCCGGAAT_D21-2751-0,GSE216146,D21-2751,D21,cisplatin,Microglia,train
10604,ATTCCCGGTACCTGTA_D21-2751-0,GSE216146,D21-2751,D21,cisplatin,Microglia,train
10961,GGAATGGCAGGCTCTG_D21-2751-0,GSE216146,D21-2751,D21,cisplatin,Microglia,train
11029,GTCCCATAGTTGGAAT_D21-2751-0,GSE216146,D21-2751,D21,cisplatin,Astrocyte,train
11168,TCATGAGAGGAAGTCC_D21-2751-0,GSE216146,D21-2751,D21,cisplatin,Astrocyte,train
11247,TGACAGTTCCAAACCA_D21-2751-0,GSE216146,D21-2751,D21,cisplatin,Immune,train
10743,CCTTCAGTCATTGCGA_D21-2751-0,GSE216146,D21-2751,D21,cisplatin,Microglia,train
11142,TATCTTGTCCACATAG_D21-2751-0,GSE216146,D21-2751,D21,cisplatin,Oligodendrocyte,train
11366,TTTATGCAGGTTCCAT_D21-2751-0,GSE216146,D21-2751,D21,cisplatin,Choroid Plexus,train
10943,GCCGATGTCCTGTAGA_D21-2751-0,GSE216146,D21-2751,D21,cisplatin,OPC,train
11069,GTTAGACAGATGTTGA_D21-2751-0,GSE216146,D21-2751,D21,cisplatin,Oligodendrocyte,train
10656,CAGCAGCGTGTATACC_D21-2751-0,GSE216146,D21-2751,D21,cisplatin,Oligodendrocyte,train
11315,TTAGGGTAGCGAGTCA_D21-2751-0,GSE216146,D21-2751,D21,cisplatin,Microglia,train
11057,GTGGGAATCAAGGACG_D21-2751-0,GSE216146,D21-2751,D21,cisplatin,Oligodendrocyte,train
10969,GGCAGTCGTGGAGGTT_D21-2751-0,GSE216146,D21-2751,D21,cisplatin,Endothelial,train
10945,GCCTGTTCATTGTACG_D21-2751-0,GSE216146,D21-2751,D21,cisplatin,Oligodendrocyte,train
10654,CAGCAGCCATCGCCTT_D21-2751-0,GSE216146,D21-2751,D21,cisplatin,Microglia,train
10595,ATGGTTGGTTGACTGT_D21-2751-0,GSE216146,D21-2751,D21,cisplatin,Oligodendrocyte,train
10859,GAAGTAAGTGGCATCC_D21-2751-0,GSE216146,D21-2751,D21,cisplatin,Immune,train
11070,GTTAGACAGCATTTCG_D21-2751-0,GSE216146,D21-2751,D21,cisplatin,Choroid Plexus,train
10516,AGAAATGCAGAGTCAG_D21-2751-0,GSE216146,D21-2751,D21,cisplatin,Microglia,train
11166,TCATATCGTCGTATGT_D21-2751-0,GSE216146,D21-2751,D21,cisplatin,Choroid Plexus,train
11270,TGCGGCAGTAGCTAAA_D21-2751-0,GSE216146,D21-2751,D21,cisplatin,Astrocyte,train
10768,CGTAGTAAGGCAATGC_D21-2751-0,GSE216146,D21-2751,D21,cisplatin,Microglia,train
10650,CAGATCAGTGGAATGC_D21-2751-0,GSE216146,D21-2751,D21,cisplatin,Microglia,train
11226,TCGTGGGCAAGATGTA_D21-2751-0,GSE216146,D21-2751,D21,cisplatin,Choroid Plexus,train
11015,GTAAGTCGTCCGTACG_D21-2751-0,GSE216146,D21-2751,D21,cisplatin,Immune,train
11292,TGTAGACTCTTGTGCC_D21-2751-0,GSE216146,D21-2751,D21,cisplatin,Pericyte,train
10549,AGGTCATGTTTACACG_D21-2751-0,GSE216146,D21-2751,D21,cisplatin,Endothelial,train
10902,GATCGTAGTATGTCCA_D21-2751-0,GSE216146,D21-2751,D21,cisplatin,Microglia,train
10664,CAGTTCCCACACCGCA_D21-2751-0,GSE216146,D21-2751,D21,cisplatin,Oligodendrocyte,train
11010,GGTTAACCAAGTGGCA_D21-2751-0,GSE216146,D21-2751,D21,cisplatin,Astrocyte,train
11144,TATGTTCTCTACCCAC_D21-2751-0,GSE216146,D21-2751,D21,cisplatin,Oligodendrocyte,train
11086,GTTGTAGTCTGGCCTT_D21-2751-0,GSE216146,D21-2751,D21,cisplatin,Choroid Plexus,train
10967,GGCACGTAGGACTAAT_D21-2751-0,GSE216146,D21-2751,D21,cisplatin,Choroid Plexus,train
10824,CTGCCTAGTTCTTAGG_D21-2751-0,GSE216146,D21-2751,D21,cisplatin,Endothelial,train
10723,CCGGTAGGTGGTCCGT_D21-2751-0,GSE216146,D21-2751,D21,cisplatin,Microglia,train
10608,ATTCCTACAGCCCACA_D21-2751-0,GSE216146,D21-2751,D21,cisplatin,Microglia,train
10682,CATGGTATCCGTATGA_D21-2751-0,GSE216146,D21-2751,D21,cisplatin,Astrocyte,train
11287,TGTAACGCAATGAGCG_D21-2751-0,GSE216146,D21-2751,D21,cisplatin,Microglia,train
11317,TTATTGCTCGAGCCAC_D21-2751-0,GSE216146,D21-2751,D21,cisplatin,Astrocyte,train
11121,TAGACTGAGTACAGCG_D21-2751-0,GSE216146,D21-2751,D21,cisplatin,Astrocyte,train
10701,CCACCATGTGTAACGG_D21-2751-0,GSE216146,D21-2751,D21,cisplatin,Oligodendrocyte,train
11269,TGCGATATCCATTCAT_D21-2751-0,GSE216146,D21-2751,D21,cisplatin,Microglia,train
10646,CAGAGCCCATGACAAA_D21-2751-0,GSE216146,D21-2751,D21,cisplatin,Microglia,train
11004,GGTGAAGTCACTCACC_D21-2751-0,GSE216146,D21-2751,D21,cisplatin,Astrocyte,train
11074,GTTCTATGTCGCGTTG_D21-2751-0,GSE216146,D21-2751,D21,cisplatin,Oligodendrocyte,train
11296,TGTCCTGTCCTCAGGG_D21-2751-0,GSE216146,D21-2751,D21,cisplatin,Microglia,train
10566,ATAGAGACAAGGTACG_D21-2751-0,GSE216146,D21-2751,D21,cisplatin,Microglia,train
10760,CGCGTGAGTTATAGAG_D21-2751-0,GSE216146,D21-2751,D21,cisplatin,Oligodendrocyte,train
10913,GATGGAGGTACGATCT_D21-2751-0,GSE216146,D21-2751,D21,cisplatin,Oligodendrocyte,train
10593,ATGGGTTGTCCTGTTC_D21-2751-0,GSE216146,D21-2751,D21,cisplatin,Oligodendrocyte,train
10512,ACTTCGCCACCATAAC_D21-2751-0,GSE216146,D21-2751,D21,cisplatin,Astrocyte,train
10882,GAGGCCTCATAGGAGC_D21-2751-0,GSE216146,D21-2751,D21,cisplatin,Oligodendrocyte,train
11007,GGTGGCTTCGTGCACG_D21-2751-0,GSE216146,D21-2751,D21,cisplatin,Microglia,train
10772,CGTGCTTGTCTTGTCC_D21-2751-0,GSE216146,D21-2751,D21,cisplatin,Endothelial,train
10636,CACAGATTCCTAGCTC_D21-2751-0,GSE216146,D21-2751,D21,cisplatin,OPC,train
10687,CATTGAGGTAGACTGG_D21-2751-0,GSE216146,D21-2751,D21,cisplatin,Microglia,train
10696,CCAATGAGTTGAGAGC_D21-2751-0,GSE216146,D21-2751,D21,cisplatin,Oligodendrocyte,train
10806,CTCAGTCTCCCATGGG_D21-2751-0,GSE216146,D21-2751,D21,cisplatin,Endothelial,train
11080,GTTGCGGCAGTTAGGG_D21-2751-0,GSE216146,D21-2751,D21,cisplatin,Endothelial,train
10555,AGTAGCTTCCCTCTTT_D21-2751-0,GSE216146,D21-2751,D21,cisplatin,Microglia,train
10935,GCCAACGTCGAGTACT_D21-2751-0,GSE216146,D21-2751,D21,cisplatin,Choroid Plexus,train
11344,TTGCATTGTTGTATGC_D21-2751-0,GSE216146,D21-2751,D21,cisplatin,Oligodendrocyte,train
10718,CCGGACAAGAAGAACG_D21-2751-0,GSE216146,D21-2751,D21,cisplatin,Oligodendrocyte,train
10971,GGCGTCAGTCTCTCCA_D21-2751-0,GSE216146,D21-2751,D21,cisplatin,Pericyte,train
10998,GGTAGAGTCGCTTAAG_D21-2751-0,GSE216146,D21-2751,D21,cisplatin,Endothelial,train
10551,AGGTTACTCCTGTAAG_D21-2751-0,GSE216146,D21-2751,D21,cisplatin,Endothelial,train
10531,AGCTTCCGTACTGAGG_D21-2751-0,GSE216146,D21-2751,D21,cisplatin,Progenitor,train
10563,ATACCGATCCCACAGG_D21-2751-0,GSE216146,D21-2751,D21,cisplatin,Choroid Plexus,train
10876,GAGAAATGTAGTCCTA_D21-2751-0,GSE216146,D21-2751,D21,cisplatin,Microglia,train
10954,GCTGCAGAGAAGCTGC_D21-2751-0,GSE216146,D21-2751,D21,cisplatin,Microglia,train
11219,TCGGGTGAGGTAGTAT_D21-2751-0,GSE216146,D21-2751,D21,cisplatin,Microglia,train
10628,CAAGGGACAGCTCATA_D21-2751-0,GSE216146,D21-2751,D21,cisplatin,Astrocyte,train
10455,AAGCCATCACCCATAA_D21-2751-0,GSE216146,D21-2751,D21,cisplatin,Astrocyte,train
11053,GTGGAAGTCAATCCGA_D21-2751-0,GSE216146,D21-2751,D21,cisplatin,Choroid Plexus,train
10724,CCGGTGAAGTAATACG_D21-2751-0,GSE216146,D21-2751,D21,cisplatin,Astrocyte,train
10615,ATTTCTGCAGCAGTGA_D21-2751-0,GSE216146,D21-2751,D21,cisplatin,Microglia,train
11112,TACCTGCCAGGCACAA_D21-2751-0,GSE216146,D21-2751,D21,cisplatin,Immune,train
10506,ACTGCAACAAAGGCGT_D21-2751-0,GSE216146,D21-2751,D21,cisplatin,Microglia,train
10892,GAGTTGTGTATGTCCA_D21-2751-0,GSE216146,D21-2751,D21,cisplatin,Endothelial,train
11371,TTTGGAGCATTGCAAC_D21-2751-0,GSE216146,D21-2751,D21,cisplatin,Choroid Plexus,train
10879,GAGCCTGAGATGAAGG_D21-2751-0,GSE216146,D21-2751,D21,cisplatin,Microglia,train
10926,GCAGGCTCACTTGTGA_D21-2751-0,GSE216146,D21-2751,D21,cisplatin,Choroid Plexus,train
11348,TTGCTGCTCGCGTGAC_D21-2751-0,GSE216146,D21-2751,D21,cisplatin,Choroid Plexus,train
11329,TTCGATTAGCCGATCC_D21-2751-0,GSE216146,D21-2751,D21,cisplatin,Immune,train
10899,GATCAGTCACCTCTGT_D21-2751-0,GSE216146,D21-2751,D21,cisplatin,Microglia,train
10447,AACCTTTTCTCAACCC_D21-2751-0,GSE216146,D21-2751,D21,cisplatin,Endothelial,train
10801,CTCACTGGTTATGGTC_D21-2751-0,GSE216146,D21-2751,D21,cisplatin,Astrocyte,train
10579,ATCGCCTCAATGAACA_D21-2751-0,GSE216146,D21-2751,D21,cisplatin,Microglia,train
11349,TTGGATGAGTGGATTA_D21-2751-0,GSE216146,D21-2751,D21,cisplatin,Oligodendrocyte,train
10828,CTGGCAGCATAACCCA_D21-2751-0,GSE216146,D21-2751,D21,cisplatin,Oligodendrocyte,train
10911,GATGGAGAGTAGGGTC_D21-2751-0,GSE216146,D21-2751,D21,cisplatin,Microglia,train
10916,GATGTTGCAGAGTCAG_D21-2751-0,GSE216146,D21-2751,D21,cisplatin,Astrocyte,train
10523,AGAGCAGGTCTAGGCC_D21-2751-0,GSE216146,D21-2751,D21,cisplatin,Oligodendrocyte,train
10803,CTCAGGGAGACCGTTT_D21-2751-0,GSE216146,D21-2751,D21,cisplatin,Endothelial,train
11365,TTTATGCAGGGCTAAC_D21-2751-0,GSE216146,D21-2751,D21,cisplatin,Oligodendrocyte,train
11081,GTTGCGGTCGGCATAT_D21-2751-0,GSE216146,D21-2751,D21,cisplatin,OPC,train
10777,CTAACCCGTTATGGTC_D21-2751-0,GSE216146,D21-2751,D21,cisplatin,Astrocyte,train
11017,GTAATCGGTGTTTGCA_D21-2751-0,GSE216146,D21-2751,D21,cisplatin,Microglia,train
11020,GTAGCTACACGGTGCT_D21-2751-0,GSE216146,D21-2751,D21,cisplatin,Oligodendrocyte,train
11140,TATCTGTTCCCATACC_D21-2751-0,GSE216146,D21-2751,D21,cisplatin,Endothelial,train
10703,CCATAAGCAGGATGAC_D21-2751-0,GSE216146,D21-2751,D21,cisplatin,OPC,train
11047,GTGCACGCACAAATGA_D21-2751-0,GSE216146,D21-2751,D21,cisplatin,Oligodendrocyte,train
10934,GCATTAGAGACCAACG_D21-2751-0,GSE216146,D21-2751,D21,cisplatin,Progenitor,train
10439,AAAGTCCAGCAGCCCT_D21-2751-0,GSE216146,D21-2751,D21,cisplatin,OPC,train
11338,TTCTGTAAGTTGCCTA_D21-2751-0,GSE216146,D21-2751,D21,cisplatin,Choroid Plexus,train
10602,ATTCACTTCTGAACGT_D21-2751-0,GSE216146,D21-2751,D21,cisplatin,Oligodendrocyte,train
11230,TCTACCGAGCACTAGG_D21-2751-0,GSE216146,D21-2751,D21,cisplatin,Oligodendrocyte,train
10927,GCAGGCTGTCTAATCG_D21-2751-0,GSE216146,D21-2751,D21,cisplatin,Endothelial,train
10925,GCAGGCTAGCTCATAC_D21-2751-0,GSE216146,D21-2751,D21,cisplatin,Oligodendrocyte,train
11011,GGTTCTCAGTTTAGGA_D21-2751-0,GSE216146,D21-2751,D21,cisplatin,Oligodendrocyte,train
11171,TCATGAGTCGCCAATA_D21-2751-0,GSE216146,D21-2751,D21,cisplatin,Microglia,train
10509,ACTGTGAGTCTCTCCA_D21-2751-0,GSE216146,D21-2751,D21,cisplatin,Microglia,train
10877,GAGACTTCATGAGGGT_D21-2751-0,GSE216146,D21-2751,D21,cisplatin,Microglia,train
10471,ACAGAAATCTGGTGGC_D21-2751-0,GSE216146,D21-2751,D21,cisplatin,Choroid Plexus,train
10774,CGTTAGACAGAGTGTG_D21-2751-0,GSE216146,D21-2751,D21,cisplatin,Astrocyte,train
10445,AACCCAAAGTCGTCTA_D21-2751-0,GSE216146,D21-2751,D21,cisplatin,Pericyte,train
11060,GTGGTTAAGTTACGAA_D21-2751-0,GSE216146,D21-2751,D21,cisplatin,Choroid Plexus,train
11311,TTACAGGTCTCCTGTG_D21-2751-0,GSE216146,D21-2751,D21,cisplatin,Microglia,train
10574,ATCCACCCAGATCATC_D21-2751-0,GSE216146,D21-2751,D21,cisplatin,Microglia,train
10779,CTACAGACACGTAGTT_D21-2751-0,GSE216146,D21-2751,D21,cisplatin,Oligodendrocyte,train
10842,CTTCAATAGCCGTAAG_D21-2751-0,GSE216146,D21-2751,D21,cisplatin,Oligodendrocyte,train
10578,ATCGCCTAGTTACGGG_D21-2751-0,GSE216146,D21-2751,D21,cisplatin,Endothelial,train
11174,TCATGGATCGTAGAGG_D21-2751-0,GSE216146,D21-2751,D21,cisplatin,Oligodendrocyte,train
10715,CCGATCTAGACAGCTG_D21-2751-0,GSE216146,D21-2751,D21,cisplatin,Immune,train
11260,TGATGGTTCTAAACGC_D21-2751-0,GSE216146,D21-2751,D21,cisplatin,Immune,train
11122,TAGACTGCATGGTACT_D21-2751-0,GSE216146,D21-2751,D21,cisplatin,Oligodendrocyte,train
11003,GGTGAAGCACCATTCC_D21-2751-0,GSE216146,D21-2751,D21,cisplatin,Microglia,train
11242,TCTTGCGTCCATCTCG_D21-2751-0,GSE216146,D21-2751,D21,cisplatin,Endothelial,train
10459,AAGGTAACACATGGTT_D21-2751-0,GSE216146,D21-2751,D21,cisplatin,Endothelial,train
10519,AGAACCTAGACCGTTT_D21-2751-0,GSE216146,D21-2751,D21,cisplatin,Oligodendrocyte,train
10491,ACGGGTCAGCCATCCG_D21-2751-0,GSE216146,D21-2751,D21,cisplatin,Fibroblast,train
11207,TCGATTTTCTCATTTG_D21-2751-0,GSE216146,D21-2751,D21,cisplatin,Astrocyte,train
11058,GTGGTTAAGACAAGCC_D21-2751-0,GSE216146,D21-2751,D21,cisplatin,Endothelial,train
10931,GCATCTCGTCCCGCAA_D21-2751-0,GSE216146,D21-2751,D21,cisplatin,Microglia,train
11163,TCAGTGAAGGACAAGA_D21-2751-0,GSE216146,D21-2751,D21,cisplatin,Microglia,train
10542,AGGCCACTCAATCGGT_D21-2751-0,GSE216146,D21-2751,D21,cisplatin,Endothelial,train
11236,TCTCCGATCGAACCTA_D21-2751-0,GSE216146,D21-2751,D21,cisplatin,Oligodendrocyte,train
11040,GTGACGCGTATTGCCA_D21-2751-0,GSE216146,D21-2751,D21,cisplatin,Choroid Plexus,train
10441,AAAGTGAAGAATCTAG_D21-2751-0,GSE216146,D21-2751,D21,cisplatin,Oligodendrocyte,train
11108,TACCGGGGTCGTCTCT_D21-2751-0,GSE216146,D21-2751,D21,cisplatin,Oligodendrocyte,train
10946,GCCTGTTTCACTTGTT_D21-2751-0,GSE216146,D21-2751,D21,cisplatin,Oligodendrocyte,train
10581,ATCGGATTCGTACCTC_D21-2751-0,GSE216146,D21-2751,D21,cisplatin,Endothelial,train
11330,TTCGATTCACTAGGCC_D21-2751-0,GSE216146,D21-2751,D21,cisplatin,Microglia,train
10476,ACATGCAAGGGAGGCA_D21-2751-0,GSE216146,D21-2751,D21,cisplatin,Microglia,train
10897,GATCAGTAGATTCGAA_D21-2751-0,GSE216146,D21-2751,D21,cisplatin,Astrocyte,train
10596,ATGGTTGGTTGCGGCT_D21-2751-0,GSE216146,D21-2751,D21,cisplatin,Oligodendrocyte,train
10478,ACCAACAGTTTACCTT_D21-2751-0,GSE216146,D21-2751,D21,cisplatin,Endothelial,train
10985,GGGTCTGAGGAGCTGT_D21-2751-0,GSE216146,D21-2751,D21,cisplatin,Oligodendrocyte,train
10755,CGATGGCGTAGTGGCA_D21-2751-0,GSE216146,D21-2751,D21,cisplatin,Choroid Plexus,train
11209,TCGCACTGTGAATTAG_D21-2751-0,GSE216146,D21-2751,D21,cisplatin,Oligodendrocyte,train
10763,CGGAGAAGTAAGATCA_D21-2751-0,GSE216146,D21-2751,D21,cisplatin,Choroid Plexus,train
11218,TCGGGTGAGCTGAAAT_D21-2751-0,GSE216146,D21-2751,D21,cisplatin,Oligodendrocyte,train
11286,TGGTAGTTCTCGTCGT_D21-2751-0,GSE216146,D21-2751,D21,cisplatin,Microglia,train
11347,TTGCGTCCATACACCA_D21-2751-0,GSE216146,D21-2751,D21,cisplatin,Astrocyte,train
10528,AGCCAGCAGCCAGTAG_D21-2751-0,GSE216146,D21-2751,D21,cisplatin,Choroid Plexus,train
10764,CGGGCATAGAATTCAG_D21-2751-0,GSE216146,D21-2751,D21,cisplatin,Oligodendrocyte,train
11202,TCGAAGTTCACCTGGG_D21-2751-0,GSE216146,D21-2751,D21,cisplatin,Astrocyte,train
11280,TGGGCGTCAAGTTCGT_D21-2751-0,GSE216146,D21-2751,D21,cisplatin,Choroid Plexus,train
11299,TGTGATGGTCCAAATC_D21-2751-0,GSE216146,D21-2751,D21,cisplatin,Oligodendrocyte,train
11078,GTTGAACTCCTGGTCT_D21-2751-0,GSE216146,D21-2751,D21,cisplatin,Oligodendrocyte,train
10993,GGTAATCCATCTGCGG_D21-2751-0,GSE216146,D21-2751,D21,cisplatin,Oligodendrocyte,train
10866,GACCCTTCATAATCGC_D21-2751-0,GSE216146,D21-2751,D21,cisplatin,Oligodendrocyte,train
11339,TTGACCCCAACGACTT_D21-2751-0,GSE216146,D21-2751,D21,cisplatin,Choroid Plexus,train
11063,GTGTGATGTGAATTAG_D21-2751-0,GSE216146,D21-2751,D21,cisplatin,Microglia,train
11019,GTAGCTAAGATGGTCG_D21-2751-0,GSE216146,D21-2751,D21,cisplatin,Immune,train
10511,ACTTATCTCCAGCTCT_D21-2751-0,GSE216146,D21-2751,D21,cisplatin,Oligodendrocyte,train
10697,CCAATTTCATGGCTAT_D21-2751-0,GSE216146,D21-2751,D21,cisplatin,Microglia,train
10576,ATCCGTCTCGTGCTCT_D21-2751-0,GSE216146,D21-2751,D21,cisplatin,Endothelial,train
10493,ACGTACAAGGCCTAAG_D21-2751-0,GSE216146,D21-2751,D21,cisplatin,Immune,train
11013,GTAACACGTATAATGG_D21-2751-0,GSE216146,D21-2751,D21,cisplatin,Endothelial,train
11284,TGGTACACATCTGCGG_D21-2751-0,GSE216146,D21-2751,D21,cisplatin,Ependymal,train
11173,TCATGGATCCATAGAC_D21-2751-0,GSE216146,D21-2751,D21,cisplatin,Ependymal,train
11117,TACTTACTCATACGGT_D21-2751-0,GSE216146,D21-2751,D21,cisplatin,Choroid Plexus,train
10541,AGGCCACCACGGGCTT_D21-2751-0,GSE216146,D21-2751,D21,cisplatin,Endothelial,train
11188,TCCGGGAAGGAAGTCC_D21-2751-0,GSE216146,D21-2751,D21,cisplatin,Oligodendrocyte,train
10454,AAGCATCGTTCGGTCG_D21-2751-0,GSE216146,D21-2751,D21,cisplatin,Endothelial,train
10762,CGGAGAACAGAGTTCT_D21-2751-0,GSE216146,D21-2751,D21,cisplatin,Choroid Plexus,train
11255,TGAGGTTGTTTCCCAC_D21-2751-0,GSE216146,D21-2751,D21,cisplatin,Choroid Plexus,train
10599,ATTACTCCACAGCCAC_D21-2751-0,GSE216146,D21-2751,D21,cisplatin,Endothelial,train
10632,CAATGACTCTTGGTCC_D21-2751-0,GSE216146,D21-2751,D21,cisplatin,Neuron,train
10501,ACTCCCAGTCATAAAG_D21-2751-0,GSE216146,D21-2751,D21,cisplatin,Endothelial,train
10585,ATGAGTCAGAAAGCGA_D21-2751-0,GSE216146,D21-2751,D21,cisplatin,Oligodendrocyte,train
10639,CACATGACAAGATTGA_D21-2751-0,GSE216146,D21-2751,D21,cisplatin,Choroid Plexus,train
11005,GGTGATTAGATGTTCC_D21-2751-0,GSE216146,D21-2751,D21,cisplatin,Microglia,train
10592,ATGGGAGTCTTACGTT_D21-2751-0,GSE216146,D21-2751,D21,cisplatin,Pericyte,train
10673,CATCCGTCACGGATCC_D21-2751-0,GSE216146,D21-2751,D21,cisplatin,Oligodendrocyte,train
11170,TCATGAGTCATCTCTA_D21-2751-0,GSE216146,D21-2751,D21,cisplatin,Oligodendrocyte,train
11199,TCCTTTCTCGACATCA_D21-2751-0,GSE216146,D21-2751,D21,cisplatin,OPC,train
10813,CTCATGCGTGCGAGTA_D21-2751-0,GSE216146,D21-2751,D21,cisplatin,Astrocyte,train
10759,CGCGTGAGTGCCGGTT_D21-2751-0,GSE216146,D21-2751,D21,cisplatin,OPC,train
10527,AGCATCAGTCATTGCA_D21-2751-0,GSE216146,D21-2751,D21,cisplatin,Microglia,train
10745,CCTTTGGGTATCGATC_D21-2751-0,GSE216146,D21-2751,D21,cisplatin,Oligodendrocyte,train
11313,TTACGCCTCAAGTGTC_D21-2751-0,GSE216146,D21-2751,D21,cisplatin,Oligodendrocyte,train
10979,GGGAGTAGTACAGTTC_D21-2751-0,GSE216146,D21-2751,D21,cisplatin,Immune,train
11048,GTGCAGCGTACGAGTG_D21-2751-0,GSE216146,D21-2751,D21,cisplatin,Oligodendrocyte,train
11130,TAGGTACCATTACGGT_D21-2751-0,GSE216146,D21-2751,D21,cisplatin,Microglia,train
10728,CCTAAGAAGTGATGGC_D21-2751-0,GSE216146,D21-2751,D21,cisplatin,Fibroblast,train
10526,AGATCCACAACCGATT_D21-2751-0,GSE216146,D21-2751,D21,cisplatin,Microglia,train
11229,TCTACATGTAGCGATG_D21-2751-0,GSE216146,D21-2751,D21,cisplatin,Microglia,train
11043,GTGAGGAAGGGAGGCA_D21-2751-0,GSE216146,D21-2751,D21,cisplatin,Choroid Plexus,train
10816,CTCCAACAGGCGAACT_D21-2751-0,GSE216146,D21-2751,D21,cisplatin,Endothelial,train
10749,CGAGTGCCAGAGGTTG_D21-2751-0,GSE216146,D21-2751,D21,cisplatin,Microglia,validation
10676,CATGCGGCATCACGGC_D21-2751-0,GSE216146,D21-2751,D21,cisplatin,Endothelial,validation
10570,ATCATTCAGTGACCTT_D21-2751-0,GSE216146,D21-2751,D21,cisplatin,Choroid Plexus,validation
11210,TCGCTCATCTCGGTCT_D21-2751-0,GSE216146,D21-2751,D21,cisplatin,Astrocyte,validation
10978,GGGAGTACAATCGAAA_D21-2751-0,GSE216146,D21-2751,D21,cisplatin,Microglia,validation
10787,CTAGACAGTATGGAAT_D21-2751-0,GSE216146,D21-2751,D21,cisplatin,Oligodendrocyte,validation
11132,TATCAGGCAGAACATA_D21-2751-0,GSE216146,D21-2751,D21,cisplatin,Oligodendrocyte,validation
10443,AACCACAAGGCCACCT_D21-2751-0,GSE216146,D21-2751,D21,cisplatin,Microglia,validation
10751,CGAGTTATCGCTGACG_D21-2751-0,GSE216146,D21-2751,D21,cisplatin,Oligodendrocyte,validation
10994,GGTAGAGAGCAACTCT_D21-2751-0,GSE216146,D21-2751,D21,cisplatin,Choroid Plexus,validation
10744,CCTTGTGAGATAGCTA_D21-2751-0,GSE216146,D21-2751,D21,cisplatin,Choroid Plexus,validation
10712,CCCTCTCAGCCGTAAG_D21-2751-0,GSE216146,D21-2751,D21,cisplatin,Microglia,validation
11089,GTTTGGACAACAGAGC_D21-2751-0,GSE216146,D21-2751,D21,cisplatin,Oligodendrocyte,validation
10641,CACGTGGTCAAGGTGG_D21-2751-0,GSE216146,D21-2751,D21,cisplatin,Microglia,validation
10624,CAAGACTAGGAAGTGA_D21-2751-0,GSE216146,D21-2751,D21,cisplatin,Progenitor,validation
11012,GGTTGTAAGCACGTCC_D21-2751-0,GSE216146,D21-2751,D21,cisplatin,Microglia,validation
10518,AGAAATGTCATTGCTT_D21-2751-0,GSE216146,D21-2751,D21,cisplatin,Oligodendrocyte,validation
11141,TATCTTGCAATAACCC_D21-2751-0,GSE216146,D21-2751,D21,cisplatin,Endothelial,validation
10705,CCCATTGAGGCAGGGA_D21-2751-0,GSE216146,D21-2751,D21,cisplatin,Microglia,validation
10845,CTTCTAATCTCAGAAC_D21-2751-0,GSE216146,D21-2751,D21,cisplatin,OPC,validation
10714,CCCTCTCTCCCAGGCA_D21-2751-0,GSE216146,D21-2751,D21,cisplatin,Astrocyte,validation
11067,GTTACCCAGACATATG_D21-2751-0,GSE216146,D21-2751,D21,cisplatin,Microglia,validation
11224,TCGTCCAGTAGTTACC_D21-2751-0,GSE216146,D21-2751,D21,cisplatin,Choroid Plexus,validation
11225,TCGTGCTAGGTAAGAG_D21-2751-0,GSE216146,D21-2751,D21,cisplatin,OPC,validation
10809,CTCATCGTCAAACGAA_D21-2751-0,GSE216146,D21-2751,D21,cisplatin,Choroid Plexus,validation
11196,TCCTCTTTCGGCTATA_D21-2751-0,GSE216146,D21-2751,D21,cisplatin,Astrocyte,validation
10977,GGGAGATCACTTCATT_D21-2751-0,GSE216146,D21-2751,D21,cisplatin,Microglia,validation
11361,TTGTTTGAGATTCGAA_D21-2751-0,GSE216146,D21-2751,D21,cisplatin,Astrocyte,validation
10668,CATACCCCACGGTGTC_D21-2751-0,GSE216146,D21-2751,D21,cisplatin,Oligodendrocyte,validation
10488,ACGATCACAAAGGGTC_D21-2751-0,GSE216146,D21-2751,D21,cisplatin,Microglia,validation
10637,CACAGATTCGGACTTA_D21-2751-0,GSE216146,D21-2751,D21,cisplatin,Oligodendrocyte,validation
10810,CTCATCGTCCACGGGT_D21-2751-0,GSE216146,D21-2751,D21,cisplatin,Pericyte,validation
10438,AAAGGTAGTGTCATGT_D21-2751-0,GSE216146,D21-2751,D21,cisplatin,Choroid Plexus,validation
10758,CGCGTGAAGCAGTCTT_D21-2751-0,GSE216146,D21-2751,D21,cisplatin,Oligodendrocyte,validation
10788,CTAGGTACAATAGTAG_D21-2751-0,GSE216146,D21-2751,D21,cisplatin,Microglia,validation
11154,TCACTATTCCTACGAA_D21-2751-0,GSE216146,D21-2751,D21,cisplatin,Microglia,validation
10815,CTCCAACAGGCACCAA_D21-2751-0,GSE216146,D21-2751,D21,cisplatin,Oligodendrocyte,validation
11213,TCGCTTGTCGCAGATT_D21-2751-0,GSE216146,D21-2751,D21,cisplatin,Choroid Plexus,validation
10891,GAGTTGTCAAACAGGC_D21-2751-0,GSE216146,D21-2751,D21,cisplatin,Oligodendrocyte,validation
11001,GGTCTGGAGAAGAGCA_D21-2751-0,GSE216146,D21-2751,D21,cisplatin,Endothelial,validation
11268,TGCGATAGTTCTCGCT_D21-2751-0,GSE216146,D21-2751,D21,cisplatin,Microglia,validation
10606,ATTCCTAAGTGGAATT_D21-2751-0,GSE216146,D21-2751,D21,cisplatin,Astrocyte,validation
10667,CATACAGGTCTCACAA_D21-2751-0,GSE216146,D21-2751,D21,cisplatin,Oligodendrocyte,validation
10795,CTCAACCCACGGCTAC_D21-2751-0,GSE216146,D21-2751,D21,cisplatin,Endothelial,validation
10699,CCACACTCAGACTCTA_D21-2751-0,GSE216146,D21-2751,D21,cisplatin,Astrocyte,validation
10623,CAACGGCCAAGGCGTA_D21-2751-0,GSE216146,D21-2751,D21,cisplatin,Astrocyte,validation
10513,ACTTTCAAGTATAGGT_D21-2751-0,GSE216146,D21-2751,D21,cisplatin,Endothelial,validation
11238,TCTCTGGGTCGTTCAA_D21-2751-0,GSE216146,D21-2751,D21,cisplatin,Endothelial,validation
11093,TAACTTCAGTGTTGTC_D21-2751-0,GSE216146,D21-2751,D21,cisplatin,Microglia,validation
11237,TCTCCGATCGGACTTA_D21-2751-0,GSE216146,D21-2751,D21,cisplatin,Microglia,validation
11099,TAATTCCGTGAGACGT_D21-2751-0,GSE216146,D21-2751,D21,cisplatin,Oligodendrocyte,test
10444,AACCACACAACCAGAG_D21-2751-0,GSE216146,D21-2751,D21,cisplatin,Neuron,test
11068,GTTACCCGTAGTTAGA_D21-2751-0,GSE216146,D21-2751,D21,cisplatin,Microglia,test
11261,TGCAGTAGTTCTCCAC_D21-2751-0,GSE216146,D21-2751,D21,cisplatin,Oligodendrocyte,test
11050,GTGCGTGTCTTCGCTG_D21-2751-0,GSE216146,D21-2751,D21,cisplatin,Oligodendrocyte,test
11124,TAGACTGGTGTGCCTG_D21-2751-0,GSE216146,D21-2751,D21,cisplatin,Microglia,test
10485,ACCGTTCGTTTCGTAG_D21-2751-0,GSE216146,D21-2751,D21,cisplatin,Oligodendrocyte,test
10633,CAATTTCAGCGACTTT_D21-2751-0,GSE216146,D21-2751,D21,cisplatin,Oligodendrocyte,test
10875,GAGAAATAGATCACTC_D21-2751-0,GSE216146,D21-2751,D21,cisplatin,Endothelial,test
10529,AGCCAGCCACTTCAAG_D21-2751-0,GSE216146,D21-2751,D21,cisplatin,Endothelial,test
10583,ATCGTAGGTACACGTT_D21-2751-0,GSE216146,D21-2751,D21,cisplatin,Choroid Plexus,test
11119,TAGACCATCCGATCTC_D21-2751-0,GSE216146,D21-2751,D21,cisplatin,Microglia,test
11113,TACGCTCGTAATACCC_D21-2751-0,GSE216146,D21-2751,D21,cisplatin,Microglia,test
11279,TGGGATTAGCAAGTCG_D21-2751-0,GSE216146,D21-2751,D21,cisplatin,Choroid Plexus,test
10481,ACCATTTGTTGCATGT_D21-2751-0,GSE216146,D21-2751,D21,cisplatin,Choroid Plexus,test
10955,GCTGCAGGTGTCCATA_D21-2751-0,GSE216146,D21-2751,D21,cisplatin,OPC,test
11038,GTCTGTCGTTCAGCTA_D21-2751-0,GSE216146,D21-2751,D21,cisplatin,Microglia,test
10986,GGGTGAAAGGTGAGCT_D21-2751-0,GSE216146,D21-2751,D21,cisplatin,Neuron,test
11041,GTGACGCTCACTGGGC_D21-2751-0,GSE216146,D21-2751,D21,cisplatin,Microglia,test
10794,CTATCTAGTCCTTTGC_D21-2751-0,GSE216146,D21-2751,D21,cisplatin,Choroid Plexus,test
11369,TTTGATCAGAGATGCC_D21-2751-0,GSE216146,D21-2751,D21,cisplatin,Oligodendrocyte,test
11328,TTCCTCTCAGGATTCT_D21-2751-0,GSE216146,D21-2751,D21,cisplatin,Microglia,test
11097,TAATTCCCACACGGTC_D21-2751-0,GSE216146,D21-2751,D21,cisplatin,Immune,test
11312,TTACGCCCAGTGACCC_D21-2751-0,GSE216146,D21-2751,D21,cisplatin,Astrocyte,test
11092,TAACTTCAGCCGTTAT_D21-2751-0,GSE216146,D21-2751,D21,cisplatin,Astrocyte,test
11114,TACGGGCCACTGATTG_D21-2751-0,GSE216146,D21-2751,D21,cisplatin,Endothelial,test
10965,GGATGTTAGGTGCGAT_D21-2751-0,GSE216146,D21-2751,D21,cisplatin,Endothelial,test
10661,CAGTGCGAGTCTACCA_D21-2751-0,GSE216146,D21-2751,D21,cisplatin,Oligodendrocyte,test
11208,TCGCACTAGCGCCTTG_D21-2751-0,GSE216146,D21-2751,D21,cisplatin,Astrocyte,test
11147,TATTGGGGTACAGCGA_D21-2751-0,GSE216146,D21-2751,D21,cisplatin,Astrocyte,test
11036,GTCTACCTCTCTCTAA_D21-2751-0,GSE216146,D21-2751,D21,cisplatin,Microglia,test
10894,GATAGCTCATAACTCG_D21-2751-0,GSE216146,D21-2751,D21,cisplatin,Choroid Plexus,test
10647,CAGAGCCGTACTGCGC_D21-2751-0,GSE216146,D21-2751,D21,cisplatin,Oligodendrocyte,test
10618,CAAAGAAGTGAGTGAC_D21-2751-0,GSE216146,D21-2751,D21,cisplatin,Choroid Plexus,test
10477,ACATGCAAGGTCCTGC_D21-2751-0,GSE216146,D21-2751,D21,cisplatin,Microglia,test
11373,TTTGGTTGTGAATATG_D21-2751-0,GSE216146,D21-2751,D21,cisplatin,Endothelial,test
10959,GGAACCCGTAAGCGGT_D21-2751-0,GSE216146,D21-2751,D21,cisplatin,Oligodendrocyte,test
10849,CTTTCAAGTTACGCCG_D21-2751-0,GSE216146,D21-2751,D21,cisplatin,Oligodendrocyte,test
10895,GATAGCTTCCGCTAGG_D21-2751-0,GSE216146,D21-2751,D21,cisplatin,Oligodendrocyte,test
11152,TCACGGGGTTCTATCT_D21-2751-0,GSE216146,D21-2751,D21,cisplatin,Oligodendrocyte,test
10622,CAACGATTCTGCCTGT_D21-2751-0,GSE216146,D21-2751,D21,cisplatin,Astrocyte,test
11062,GTGTGATCACTGCATA_D21-2751-0,GSE216146,D21-2751,D21,cisplatin,Oligodendrocyte,test
10638,CACAGGCAGGGATGTC_D21-2751-0,GSE216146,D21-2751,D21,cisplatin,Microglia,test
11337,TTCTCTCTCAGCTGTA_D21-2751-0,GSE216146,D21-2751,D21,cisplatin,Oligodendrocyte,test
11359,TTGTTCAAGGAGGGTG_D21-2751-0,GSE216146,D21-2751,D21,cisplatin,Microglia,test
11110,TACCTCGCACAACGCC_D21-2751-0,GSE216146,D21-2751,D21,cisplatin,Microglia,test
11201,TCGAAGTAGTTTCAGC_D21-2751-0,GSE216146,D21-2751,D21,cisplatin,OPC,test
10856,GAAGCGAAGTTGCTCA_D21-2751-0,GSE216146,D21-2751,D21,cisplatin,Astrocyte,test
10448,AACTTCTAGACTCATC_D21-2751-0,GSE216146,D21-2751,D21,cisplatin,Pericyte,test
11351,TTGGATGGTTCTTCAT_D21-2751-0,GSE216146,D21-2751,D21,cisplatin,Microglia,test
20440,GCTTCACCACGGGTAA-1_GSM8367861-1,GSE271055,GSM8367861,pooled_pair,control,unannotated,train
15524,ACACGCGGTTCTTCAT-1_GSM8367861-1,GSE271055,GSM8367861,pooled_pair,control,unannotated,train
20459,GCTTGGGTCTGGGAGA-1_GSM8367861-1,GSE271055,GSM8367861,pooled_pair,control,unannotated,train
23944,TTCCGGTTCTCGGTCT-1_GSM8367861-1,GSE271055,GSM8367861,pooled_pair,control,unannotated,train
24061,TTCTCTCAGCTTTGTG-1_GSM8367861-1,GSE271055,GSM8367861,pooled_pair,control,unannotated,train
16086,AGACCATTCAATCCAG-1_GSM8367861-1,GSE271055,GSM8367861,pooled_pair,control,unannotated,train
15929,ACTGTGAGTCAATCTG-1_GSM8367861-1,GSE271055,GSM8367861,pooled_pair,control,unannotated,train
20443,GCTTCACGTTGAGTCT-1_GSM8367861-1,GSE271055,GSM8367861,pooled_pair,control,unannotated,train
17649,CAGGGCTCATAATCCG-1_GSM8367861-1,GSE271055,GSM8367861,pooled_pair,control,unannotated,train
22521,TCATTCATCTTGTTAC-1_GSM8367861-1,GSE271055,GSM8367861,pooled_pair,control,unannotated,train
23983,TTCCTTCCAGCTCCTT-1_GSM8367861-1,GSE271055,GSM8367861,pooled_pair,control,unannotated,train
24008,TTCGATTTCCTGTTAT-1_GSM8367861-1,GSE271055,GSM8367861,pooled_pair,control,unannotated,train
24381,TTTGATCAGAGCGACT-1_GSM8367861-1,GSE271055,GSM8367861,pooled_pair,control,unannotated,train
17066,ATTACCTAGAGAGCCT-1_GSM8367861-1,GSE271055,GSM8367861,pooled_pair,control,unannotated,train
15739,ACGATGTTCGCCGAAC-1_GSM8367861-1,GSE271055,GSM8367861,pooled_pair,control,unannotated,train
22926,TCTCAGCTCGAGTGGA-1_GSM8367861-1,GSE271055,GSM8367861,pooled_pair,control,unannotated,train
17786,CATCCGTTCCCGTGAG-1_GSM8367861-1,GSE271055,GSM8367861,pooled_pair,control,unannotated,train
18848,CTACATTTCCCAGGAC-1_GSM8367861-1,GSE271055,GSM8367861,pooled_pair,control,unannotated,train
21311,GTCTGTCCAAGGTCAG-1_GSM8367861-1,GSE271055,GSM8367861,pooled_pair,control,unannotated,train
21139,GTATTGGGTGGCTAGA-1_GSM8367861-1,GSE271055,GSM8367861,pooled_pair,control,unannotated,train
17593,CAGCACGAGCGCCCAT-1_GSM8367861-1,GSE271055,GSM8367861,pooled_pair,control,unannotated,train
20461,GCTTTCGAGTGGATAT-1_GSM8367861-1,GSE271055,GSM8367861,pooled_pair,control,unannotated,train
24119,TTGAGTGAGTCACGCC-1_GSM8367861-1,GSE271055,GSM8367861,pooled_pair,control,unannotated,train
19082,CTCCGATAGTAAACAC-1_GSM8367861-1,GSE271055,GSM8367861,pooled_pair,control,unannotated,train
20910,GGTCTGGCAGGCGATA-1_GSM8367861-1,GSE271055,GSM8367861,pooled_pair,control,unannotated,train
17966,CCAATGAAGCACGATG-1_GSM8367861-1,GSE271055,GSM8367861,pooled_pair,control,unannotated,train
23233,TGCAGGCCAGTCGAGA-1_GSM8367861-1,GSE271055,GSM8367861,pooled_pair,control,unannotated,train
24268,TTTACCAAGCGCCGTT-1_GSM8367861-1,GSE271055,GSM8367861,pooled_pair,control,unannotated,train
22402,TCAGTGAAGTGTACAA-1_GSM8367861-1,GSE271055,GSM8367861,pooled_pair,control,unannotated,train
19054,CTCCATGTCCGTGGTG-1_GSM8367861-1,GSE271055,GSM8367861,pooled_pair,control,unannotated,train
21565,GTTAGACTCGATTCCC-1_GSM8367861-1,GSE271055,GSM8367861,pooled_pair,control,unannotated,train
24327,TTTCACAGTTCGGGTC-1_GSM8367861-1,GSE271055,GSM8367861,pooled_pair,control,unannotated,train
20027,GATTCGAAGACTCGAG-1_GSM8367861-1,GSE271055,GSM8367861,pooled_pair,control,unannotated,train
22233,TCAAGACCACAACGAG-1_GSM8367861-1,GSE271055,GSM8367861,pooled_pair,control,unannotated,train
23176,TGATGCAGTCGACTTA-1_GSM8367861-1,GSE271055,GSM8367861,pooled_pair,control,unannotated,train
23682,TGTTCATTCTGTCCGT-1_GSM8367861-1,GSE271055,GSM8367861,pooled_pair,control,unannotated,train
15363,AATAGAGCAGAGTTGG-1_GSM8367861-1,GSE271055,GSM8367861,pooled_pair,control,unannotated,train
15646,ACCCAAAGTCATAGTC-1_GSM8367861-1,GSE271055,GSM8367861,pooled_pair,control,unannotated,train
15408,AATGACCAGCCGATTT-1_GSM8367861-1,GSE271055,GSM8367861,pooled_pair,control,unannotated,train
23238,TGCAGTAGTAGTCTTG-1_GSM8367861-1,GSE271055,GSM8367861,pooled_pair,control,unannotated,train
23627,TGTGATGTCCATAAGC-1_GSM8367861-1,GSE271055,GSM8367861,pooled_pair,control,unannotated,train
22932,TCTCCGAAGTGTACAA-1_GSM8367861-1,GSE271055,GSM8367861,pooled_pair,control,unannotated,train
18085,CCATCACTCCTTTAGT-1_GSM8367861-1,GSE271055,GSM8367861,pooled_pair,control,unannotated,train
19323,CTGTCGTCAACACGTT-1_GSM8367861-1,GSE271055,GSM8367861,pooled_pair,control,unannotated,train
16745,ATCACAGTCTAACGGT-1_GSM8367861-1,GSE271055,GSM8367861,pooled_pair,control,unannotated,train
17355,CAATACGTCCATACTT-1_GSM8367861-1,GSE271055,GSM8367861,pooled_pair,control,unannotated,train
18256,CCGGTGAGTTTCCCAC-1_GSM8367861-1,GSE271055,GSM8367861,pooled_pair,control,unannotated,train
20522,GGAGAACGTCTTTCAT-1_GSM8367861-1,GSE271055,GSM8367861,pooled_pair,control,unannotated,train
23849,TTATTGCCACTGATTG-1_GSM8367861-1,GSE271055,GSM8367861,pooled_pair,control,unannotated,train
15070,AAATGGACACGCGCAT-1_GSM8367861-1,GSE271055,GSM8367861,pooled_pair,control,unannotated,train
15150,AACCTGAAGGATACGC-1_GSM8367861-1,GSE271055,GSM8367861,pooled_pair,control,unannotated,train
22137,TATATCCGTTTCTTAC-1_GSM8367861-1,GSE271055,GSM8367861,pooled_pair,control,unannotated,train
16104,AGAGAATAGCACAAAT-1_GSM8367861-1,GSE271055,GSM8367861,pooled_pair,control,unannotated,train
19598,GAATCGTGTTAAACAG-1_GSM8367861-1,GSE271055,GSM8367861,pooled_pair,control,unannotated,train
21241,GTCCTCACAACTCCAA-1_GSM8367861-1,GSE271055,GSM8367861,pooled_pair,control,unannotated,train
17216,ATTTCACAGGCTATCT-1_GSM8367861-1,GSE271055,GSM8367861,pooled_pair,control,unannotated,train
23446,TGGGATTAGCTTGTGT-1_GSM8367861-1,GSE271055,GSM8367861,pooled_pair,control,unannotated,train
23908,TTCATTGCACACAGAG-1_GSM8367861-1,GSE271055,GSM8367861,pooled_pair,control,unannotated,train
15330,AAGTCGTTCGTGTGAT-1_GSM8367861-1,GSE271055,GSM8367861,pooled_pair,control,unannotated,train
18566,CGCATAAAGACTGGGT-1_GSM8367861-1,GSE271055,GSM8367861,pooled_pair,control,unannotated,train
19703,GACTATGCAATCGCGC-1_GSM8367861-1,GSE271055,GSM8367861,pooled_pair,control,unannotated,train
19330,CTGTGAAAGTCAACAA-1_GSM8367861-1,GSE271055,GSM8367861,pooled_pair,control,unannotated,train
15925,ACTGTGAAGTCGAATA-1_GSM8367861-1,GSE271055,GSM8367861,pooled_pair,control,unannotated,train
17647,CAGGCCATCTTCGGAA-1_GSM8367861-1,GSE271055,GSM8367861,pooled_pair,control,unannotated,train
22151,TATCAGGTCTTCTAAC-1_GSM8367861-1,GSE271055,GSM8367861,pooled_pair,control,unannotated,train
20518,GGAGAACAGTATTCCG-1_GSM8367861-1,GSE271055,GSM8367861,pooled_pair,control,unannotated,train
15634,ACCACAAGTTGAGGAC-1_GSM8367861-1,GSE271055,GSM8367861,pooled_pair,control,unannotated,train
20990,GGTTCTCAGCCTCCAG-1_GSM8367861-1,GSE271055,GSM8367861,pooled_pair,control,unannotated,train
17848,CATGCCTCATCCCACT-1_GSM8367861-1,GSE271055,GSM8367861,pooled_pair,control,unannotated,train
21307,GTCTGTCAGAACTTCC-1_GSM8367861-1,GSE271055,GSM8367861,pooled_pair,control,unannotated,train
23950,TTCCGTGCATGGTACT-1_GSM8367861-1,GSE271055,GSM8367861,pooled_pair,control,unannotated,train
24335,TTTCAGTGTTGTAAAG-1_GSM8367861-1,GSE271055,GSM8367861,pooled_pair,control,unannotated,train
17176,ATTCTACGTTCAAGGG-1_GSM8367861-1,GSE271055,GSM8367861,pooled_pair,control,unannotated,train
20574,GGAGGTAGTCGAGTTT-1_GSM8367861-1,GSE271055,GSM8367861,pooled_pair,control,unannotated,train
22465,TCATGCCAGTAGTCAA-1_GSM8367861-1,GSE271055,GSM8367861,pooled_pair,control,unannotated,train
20026,GATGTTGTCTGGGCCA-1_GSM8367861-1,GSE271055,GSM8367861,pooled_pair,control,unannotated,train
19011,CTCATGCAGACAAGCC-1_GSM8367861-1,GSE271055,GSM8367861,pooled_pair,control,unannotated,train
17085,ATTACTCGTAATGCGG-1_GSM8367861-1,GSE271055,GSM8367861,pooled_pair,control,unannotated,train
24157,TTGCTGCAGTCTTCCC-1_GSM8367861-1,GSE271055,GSM8367861,pooled_pair,control,unannotated,train
22286,TCACAAGCAGCTGTGC-1_GSM8367861-1,GSE271055,GSM8367861,pooled_pair,control,unannotated,train
18684,CGGTCAGGTCCGGATC-1_GSM8367861-1,GSE271055,GSM8367861,pooled_pair,control,unannotated,train
15530,ACACTGACACGAAGAC-1_GSM8367861-1,GSE271055,GSM8367861,pooled_pair,control,unannotated,train
18567,CGCATAAAGACTTGTC-1_GSM8367861-1,GSE271055,GSM8367861,pooled_pair,control,unannotated,train
16508,AGTACTGGTTGCATCA-1_GSM8367861-1,GSE271055,GSM8367861,pooled_pair,control,unannotated,train
17897,CATTCATTCCTTCTTC-1_GSM8367861-1,GSE271055,GSM8367861,pooled_pair,control,unannotated,train
20891,GGTAGAGTCACCTTGC-1_GSM8367861-1,GSE271055,GSM8367861,pooled_pair,control,unannotated,train
21212,GTCATTTTCCGTTTCG-1_GSM8367861-1,GSE271055,GSM8367861,pooled_pair,control,unannotated,train
21228,GTCCCATAGTGGCCTC-1_GSM8367861-1,GSE271055,GSM8367861,pooled_pair,control,unannotated,train
20005,GATGGAGAGAGTATAC-1_GSM8367861-1,GSE271055,GSM8367861,pooled_pair,control,unannotated,train
15891,ACTGATGCAAGTACCT-1_GSM8367861-1,GSE271055,GSM8367861,pooled_pair,control,unannotated,train
19798,GAGCCTGCACGCTGTG-1_GSM8367861-1,GSE271055,GSM8367861,pooled_pair,control,unannotated,train
18805,CTAACCCCACTGTCGG-1_GSM8367861-1,GSE271055,GSM8367861,pooled_pair,control,unannotated,train
22641,TCCGATCAGACTTCAC-1_GSM8367861-1,GSE271055,GSM8367861,pooled_pair,control,unannotated,train
16517,AGTAGCTGTCTGCCTT-1_GSM8367861-1,GSE271055,GSM8367861,pooled_pair,control,unannotated,train
18706,CGTAGTAAGAACAAGG-1_GSM8367861-1,GSE271055,GSM8367861,pooled_pair,control,unannotated,train
20052,GATTCTTCATGCCGCA-1_GSM8367861-1,GSE271055,GSM8367861,pooled_pair,control,unannotated,train
17349,CAATACGGTATGCGGA-1_GSM8367861-1,GSE271055,GSM8367861,pooled_pair,control,unannotated,train
16193,AGCCAATGTCTCGGGT-1_GSM8367861-1,GSE271055,GSM8367861,pooled_pair,control,unannotated,train
18514,CGAGTTAAGACCATGG-1_GSM8367861-1,GSE271055,GSM8367861,pooled_pair,control,unannotated,train
20131,GCAGCCAAGACGAGCT-1_GSM8367861-1,GSE271055,GSM8367861,pooled_pair,control,unannotated,train
23979,TTCCTTCAGCAACTCT-1_GSM8367861-1,GSE271055,GSM8367861,pooled_pair,control,unannotated,train
21706,GTTTGGAAGCTAGAGC-1_GSM8367861-1,GSE271055,GSM8367861,pooled_pair,control,unannotated,train
22127,TATATCCAGCATGAAT-1_GSM8367861-1,GSE271055,GSM8367861,pooled_pair,control,unannotated,train
23018,TGAACGTTCAGGAAAT-1_GSM8367861-1,GSE271055,GSM8367861,pooled_pair,control,unannotated,train
19596,GAATCGTCATGCGTGC-1_GSM8367861-1,GSE271055,GSM8367861,pooled_pair,control,unannotated,train
17106,ATTCACTAGGATAATC-1_GSM8367861-1,GSE271055,GSM8367861,pooled_pair,control,unannotated,train
16827,ATCCTATCACAAGTGG-1_GSM8367861-1,GSE271055,GSM8367861,pooled_pair,control,unannotated,train
24331,TTTCAGTCAACATCGT-1_GSM8367861-1,GSE271055,GSM8367861,pooled_pair,control,unannotated,train
20660,GGCTTGGGTCGTGGAA-1_GSM8367861-1,GSE271055,GSM8367861,pooled_pair,control,unannotated,train
18357,CCTCATGCAGGATTCT-1_GSM8367861-1,GSE271055,GSM8367861,pooled_pair,control,unannotated,train
19356,CTTAGGATCATCACCC-1_GSM8367861-1,GSE271055,GSM8367861,pooled_pair,control,unannotated,train
21643,GTTGCTCCAGAGTTCT-1_GSM8367861-1,GSE271055,GSM8367861,pooled_pair,control,unannotated,train
21617,GTTCTATTCTCGACGG-1_GSM8367861-1,GSE271055,GSM8367861,pooled_pair,control,unannotated,train
18558,CGCAGGTCACAAGGTG-1_GSM8367861-1,GSE271055,GSM8367861,pooled_pair,control,unannotated,train
16300,AGGAATAAGCTTCATG-1_GSM8367861-1,GSE271055,GSM8367861,pooled_pair,control,unannotated,train
15086,AACAAAGTCGCATAGT-1_GSM8367861-1,GSE271055,GSM8367861,pooled_pair,control,unannotated,train
16334,AGGATAACAGCGACAA-1_GSM8367861-1,GSE271055,GSM8367861,pooled_pair,control,unannotated,train
19708,GACTATGTCTTCGCTG-1_GSM8367861-1,GSE271055,GSM8367861,pooled_pair,control,unannotated,train
23804,TTACTGTCATTACTCT-1_GSM8367861-1,GSE271055,GSM8367861,pooled_pair,control,unannotated,train
18070,CCATAAGGTATACGGG-1_GSM8367861-1,GSE271055,GSM8367861,pooled_pair,control,unannotated,train
18994,CTCAGGGTCAGCTTGA-1_GSM8367861-1,GSE271055,GSM8367861,pooled_pair,control,unannotated,train
20542,GGAGCAATCAAACCTG-1_GSM8367861-1,GSE271055,GSM8367861,pooled_pair,control,unannotated,train
23253,TGCATCCGTTGCCGAC-1_GSM8367861-1,GSE271055,GSM8367861,pooled_pair,control,unannotated,train
18051,CCACGTTTCACTTTGT-1_GSM8367861-1,GSE271055,GSM8367861,pooled_pair,control,unannotated,train
23421,TGGCGTGTCTTAGCTT-1_GSM8367861-1,GSE271055,GSM8367861,pooled_pair,control,unannotated,train
19939,GATCAGTCAAGACTGG-1_GSM8367861-1,GSE271055,GSM8367861,pooled_pair,control,unannotated,train
15426,AATGCCATCTTCTTCC-1_GSM8367861-1,GSE271055,GSM8367861,pooled_pair,control,unannotated,train
17948,CATTGTTGTCACGACC-1_GSM8367861-1,GSE271055,GSM8367861,pooled_pair,control,unannotated,train
24053,TTCTAGTTCCCTCAAC-1_GSM8367861-1,GSE271055,GSM8367861,pooled_pair,control,unannotated,train
23231,TGCAGGCCACATACTG-1_GSM8367861-1,GSE271055,GSM8367861,pooled_pair,control,unannotated,train
21300,GTCTCACCACCTGATA-1_GSM8367861-1,GSE271055,GSM8367861,pooled_pair,control,unannotated,train
17469,CACGGGTGTCCAATCA-1_GSM8367861-1,GSE271055,GSM8367861,pooled_pair,control,unannotated,train
16452,AGGTCATCAGAGTGTG-1_GSM8367861-1,GSE271055,GSM8367861,pooled_pair,control,unannotated,train
15628,ACCACAAAGATCGCCC-1_GSM8367861-1,GSE271055,GSM8367861,pooled_pair,control,unannotated,train
15765,ACGGTCGGTAAGAACT-1_GSM8367861-1,GSE271055,GSM8367861,pooled_pair,control,unannotated,train
15062,AAAGTGATCCCGTGTT-1_GSM8367861-1,GSE271055,GSM8367861,pooled_pair,control,unannotated,train
19945,GATCCCTAGCCGATTT-1_GSM8367861-1,GSE271055,GSM8367861,pooled_pair,control,unannotated,train
17863,CATGCGGTCTCCACTG-1_GSM8367861-1,GSE271055,GSM8367861,pooled_pair,control,unannotated,train
21161,GTCAAGTTCAACGCTA-1_GSM8367861-1,GSE271055,GSM8367861,pooled_pair,control,unannotated,train
23749,TTACAGGTCAACCCGG-1_GSM8367861-1,GSE271055,GSM8367861,pooled_pair,control,unannotated,train
21403,GTGCTGGGTCGACGCT-1_GSM8367861-1,GSE271055,GSM8367861,pooled_pair,control,unannotated,train
20521,GGAGAACCATCACGGC-1_GSM8367861-1,GSE271055,GSM8367861,pooled_pair,control,unannotated,train
17302,CAAGACTAGCCTTGAT-1_GSM8367861-1,GSE271055,GSM8367861,pooled_pair,control,unannotated,train
21418,GTGGAAGAGACTCGAG-1_GSM8367861-1,GSE271055,GSM8367861,pooled_pair,control,unannotated,train
22786,TCGCTTGAGCCGGATA-1_GSM8367861-1,GSE271055,GSM8367861,pooled_pair,control,unannotated,train
22527,TCATTGTGTTGGGAAC-1_GSM8367861-1,GSE271055,GSM8367861,pooled_pair,control,unannotated,train
15647,ACCCAAAGTCCATACA-1_GSM8367861-1,GSE271055,GSM8367861,pooled_pair,control,unannotated,train
16606,AGTGTTGCAAGGCCTC-1_GSM8367861-1,GSE271055,GSM8367861,pooled_pair,control,unannotated,train
19211,CTGCCATAGAGCCGAT-1_GSM8367861-1,GSE271055,GSM8367861,pooled_pair,control,unannotated,train
16433,AGGGTTTGTTCCTAAG-1_GSM8367861-1,GSE271055,GSM8367861,pooled_pair,control,unannotated,train
23133,TGAGGGAGTGCACAAG-1_GSM8367861-1,GSE271055,GSM8367861,pooled_pair,control,unannotated,train
16411,AGGGCTCGTCACCTTC-1_GSM8367861-1,GSE271055,GSM8367861,pooled_pair,control,unannotated,train
23304,TGCGGCAAGGTGGCTA-1_GSM8367861-1,GSE271055,GSM8367861,pooled_pair,control,unannotated,train
21580,GTTATGGTCTGAGAAA-1_GSM8367861-1,GSE271055,GSM8367861,pooled_pair,control,unannotated,train
23977,TTCCTCTTCCGAACGC-1_GSM8367861-1,GSE271055,GSM8367861,pooled_pair,control,unannotated,train
16306,AGGAATATCTGGGATT-1_GSM8367861-1,GSE271055,GSM8367861,pooled_pair,control,unannotated,train
22949,TCTCTGGTCAACTGAC-1_GSM8367861-1,GSE271055,GSM8367861,pooled_pair,control,unannotated,train
16917,ATGAAAGCATATCTCT-1_GSM8367861-1,GSE271055,GSM8367861,pooled_pair,control,unannotated,train
23193,TGATTCTAGTCAGGGT-1_GSM8367861-1,GSE271055,GSM8367861,pooled_pair,control,unannotated,train
18100,CCCATTGGTGATTAGA-1_GSM8367861-1,GSE271055,GSM8367861,pooled_pair,control,unannotated,train
16819,ATCCGTCTCTTCACAT-1_GSM8367861-1,GSE271055,GSM8367861,pooled_pair,control,unannotated,train
20369,GCGTGCAGTGTTCGAT-1_GSM8367861-1,GSE271055,GSM8367861,pooled_pair,control,unannotated,train
18224,CCGGACATCCAAGAGG-1_GSM8367861-1,GSE271055,GSM8367861,pooled_pair,control,unannotated,train
23631,TGTGCGGCACTCACTC-1_GSM8367861-1,GSE271055,GSM8367861,pooled_pair,control,unannotated,train
23896,TTCATGTAGTCATGGG-1_GSM8367861-1,GSE271055,GSM8367861,pooled_pair,control,unannotated,train
23952,TTCCGTGGTCATCACA-1_GSM8367861-1,GSE271055,GSM8367861,pooled_pair,control,unannotated,train
19247,CTGCTCACATAAGCAA-1_GSM8367861-1,GSE271055,GSM8367861,pooled_pair,control,unannotated,train
21353,GTGAGTTAGCATTTGC-1_GSM8367861-1,GSE271055,GSM8367861,pooled_pair,control,unannotated,train
24131,TTGATGGGTATTCTCT-1_GSM8367861-1,GSE271055,GSM8367861,pooled_pair,control,unannotated,train
15144,AACCCAACACGGTGTC-1_GSM8367861-1,GSE271055,GSM8367861,pooled_pair,control,unannotated,train
16611,AGTGTTGTCCATCTGC-1_GSM8367861-1,GSE271055,GSM8367861,pooled_pair,control,unannotated,train
17701,CATACAGCAATTAGGA-1_GSM8367861-1,GSE271055,GSM8367861,pooled_pair,control,unannotated,train
21485,GTGTGATCAAGAATAC-1_GSM8367861-1,GSE271055,GSM8367861,pooled_pair,control,unannotated,train
18014,CCACACTGTGGATCAG-1_GSM8367861-1,GSE271055,GSM8367861,pooled_pair,control,unannotated,train
19314,CTGTATTCACAATGCT-1_GSM8367861-1,GSE271055,GSM8367861,pooled_pair,control,unannotated,train
22670,TCCTCCCAGGCGTCCT-1_GSM8367861-1,GSE271055,GSM8367861,pooled_pair,control,unannotated,train
23972,TTCCTCTCACGCCACA-1_GSM8367861-1,GSE271055,GSM8367861,pooled_pair,control,unannotated,train
19384,CTTCCTTAGGTTGGAC-1_GSM8367861-1,GSE271055,GSM8367861,pooled_pair,control,unannotated,train
18296,CCTAACCGTGACTAAA-1_GSM8367861-1,GSE271055,GSM8367861,pooled_pair,control,unannotated,train
15701,ACCTACCTCCCGAGTG-1_GSM8367861-1,GSE271055,GSM8367861,pooled_pair,control,unannotated,train
24069,TTCTGTAAGGGCCTCT-1_GSM8367861-1,GSE271055,GSM8367861,pooled_pair,control,unannotated,train
21158,GTCAAGTAGTCCTGTA-1_GSM8367861-1,GSE271055,GSM8367861,pooled_pair,control,unannotated,train
20760,GGGATGAAGTTCCTGA-1_GSM8367861-1,GSE271055,GSM8367861,pooled_pair,control,unannotated,train
15714,ACCTGTCAGTCTAGAA-1_GSM8367861-1,GSE271055,GSM8367861,pooled_pair,control,unannotated,train
18992,CTCAGGGTCAAGTCTG-1_GSM8367861-1,GSE271055,GSM8367861,pooled_pair,control,unannotated,train
19309,CTGTATTAGACATCCT-1_GSM8367861-1,GSE271055,GSM8367861,pooled_pair,control,unannotated,train
23445,TGGGATTAGCCTTGAT-1_GSM8367861-1,GSE271055,GSM8367861,pooled_pair,control,unannotated,train
16856,ATCGGATAGGACCCAA-1_GSM8367861-1,GSE271055,GSM8367861,pooled_pair,control,unannotated,train
20014,GATGGAGTCTCAGGCG-1_GSM8367861-1,GSE271055,GSM8367861,pooled_pair,control,unannotated,train
15630,ACCACAAGTAGATCGG-1_GSM8367861-1,GSE271055,GSM8367861,pooled_pair,control,unannotated,train
20395,GCTACCTGTAGAGACC-1_GSM8367861-1,GSE271055,GSM8367861,pooled_pair,control,unannotated,train
17231,ATTTCTGCACAATTCG-1_GSM8367861-1,GSE271055,GSM8367861,pooled_pair,control,unannotated,train
23618,TGTGAGTGTCCACACG-1_GSM8367861-1,GSE271055,GSM8367861,pooled_pair,control,unannotated,train
23680,TGTTCATTCTGAGCAT-1_GSM8367861-1,GSE271055,GSM8367861,pooled_pair,control,unannotated,train
23826,TTAGGGTCACAGAGAC-1_GSM8367861-1,GSE271055,GSM8367861,pooled_pair,control,unannotated,train
15582,ACATGCAAGTTGGCTT-1_GSM8367861-1,GSE271055,GSM8367861,pooled_pair,control,unannotated,train
21175,GTCACTCGTTCTGAGT-1_GSM8367861-1,GSE271055,GSM8367861,pooled_pair,control,unannotated,train
21962,TACGTCCTCGACCACG-1_GSM8367861-1,GSE271055,GSM8367861,pooled_pair,control,unannotated,train
18715,CGTAGTATCGCGAAGA-1_GSM8367861-1,GSE271055,GSM8367861,pooled_pair,control,unannotated,train
15936,ACTTAGGTCTCGGTCT-1_GSM8367861-1,GSE271055,GSM8367861,pooled_pair,control,unannotated,train
20211,GCATTAGCACTACCCT-1_GSM8367861-1,GSE271055,GSM8367861,pooled_pair,control,unannotated,train
22825,TCGGTCTAGGTGCCTC-1_GSM8367861-1,GSE271055,GSM8367861,pooled_pair,control,unannotated,train
19947,GATCCCTCAACAACAA-1_GSM8367861-1,GSE271055,GSM8367861,pooled_pair,control,unannotated,train
18049,CCACGTTGTTCTTAGG-1_GSM8367861-1,GSE271055,GSM8367861,pooled_pair,control,unannotated,train
17476,CACGTGGAGACAACAT-1_GSM8367861-1,GSE271055,GSM8367861,pooled_pair,control,unannotated,train
18303,CCTAAGACACAGTCGC-1_GSM8367861-1,GSE271055,GSM8367861,pooled_pair,control,unannotated,train
21344,GTGAGCCTCTGGCTGG-1_GSM8367861-1,GSE271055,GSM8367861,pooled_pair,control,unannotated,train
21712,TAACACGAGCACACAG-1_GSM8367861-1,GSE271055,GSM8367861,pooled_pair,control,unannotated,train
18264,CCGTAGGCATTCACCC-1_GSM8367861-1,GSE271055,GSM8367861,pooled_pair,control,unannotated,train
15802,ACGTACATCCGTAGGC-1_GSM8367861-1,GSE271055,GSM8367861,pooled_pair,control,unannotated,train
24030,TTCGGTCTCCATTCGC-1_GSM8367861-1,GSE271055,GSM8367861,pooled_pair,control,unannotated,train
15296,AAGGAATAGTTGTCAC-1_GSM8367861-1,GSE271055,GSM8367861,pooled_pair,control,unannotated,train
19603,GACACGCCAAAGCGTG-1_GSM8367861-1,GSE271055,GSM8367861,pooled_pair,control,unannotated,train
16036,AGAAGCGTCCTATGGA-1_GSM8367861-1,GSE271055,GSM8367861,pooled_pair,control,unannotated,train
22812,TCGGGCACAGGGATAC-1_GSM8367861-1,GSE271055,GSM8367861,pooled_pair,control,unannotated,train
23235,TGCAGGCTCGCCGAGT-1_GSM8367861-1,GSE271055,GSM8367861,pooled_pair,control,unannotated,train
18501,CGAGGCTGTACCTAAC-1_GSM8367861-1,GSE271055,GSM8367861,pooled_pair,control,unannotated,train
21426,GTGGAAGCATCTGCGG-1_GSM8367861-1,GSE271055,GSM8367861,pooled_pair,control,unannotated,train
21737,TAACGACAGAAGTGTT-1_GSM8367861-1,GSE271055,GSM8367861,pooled_pair,control,unannotated,train
20222,GCCAACGTCACCTCGT-1_GSM8367861-1,GSE271055,GSM8367861,pooled_pair,control,unannotated,train
22241,TCAAGCAAGGTAAACT-1_GSM8367861-1,GSE271055,GSM8367861,pooled_pair,control,unannotated,train
21093,GTAGAGGGTCGCGTTG-1_GSM8367861-1,GSE271055,GSM8367861,pooled_pair,control,unannotated,train
15633,ACCACAAGTGGATTTC-1_GSM8367861-1,GSE271055,GSM8367861,pooled_pair,control,unannotated,train
15935,ACTTAGGTCCATTTAC-1_GSM8367861-1,GSE271055,GSM8367861,pooled_pair,control,unannotated,train
23222,TGCAGATCATGAAGGC-1_GSM8367861-1,GSE271055,GSM8367861,pooled_pair,control,unannotated,train
16847,ATCGCCTCAAGCGGAT-1_GSM8367861-1,GSE271055,GSM8367861,pooled_pair,control,unannotated,train
20662,GGCTTTCAGCAATAAC-1_GSM8367861-1,GSE271055,GSM8367861,pooled_pair,control,unannotated,train
16790,ATCCACCTCAGGTGTT-1_GSM8367861-1,GSE271055,GSM8367861,pooled_pair,control,unannotated,train
22934,TCTCCGACAGTTCTAG-1_GSM8367861-1,GSE271055,GSM8367861,pooled_pair,control,unannotated,train
17165,ATTCGTTTCACCTGGG-1_GSM8367861-1,GSE271055,GSM8367861,pooled_pair,control,unannotated,train
19536,GAAGCGATCGATTGAC-1_GSM8367861-1,GSE271055,GSM8367861,pooled_pair,control,unannotated,train
18510,CGAGTGCCATACACCA-1_GSM8367861-1,GSE271055,GSM8367861,pooled_pair,control,unannotated,train
23796,TTACTGTAGGCTGTAG-1_GSM8367861-1,GSE271055,GSM8367861,pooled_pair,control,unannotated,train
21596,GTTCCGTTCTGTGCAA-1_GSM8367861-1,GSE271055,GSM8367861,pooled_pair,control,unannotated,train
18925,CTATCTATCGCACGAC-1_GSM8367861-1,GSE271055,GSM8367861,pooled_pair,control,unannotated,train
16049,AGACAAACAGAACTAA-1_GSM8367861-1,GSE271055,GSM8367861,pooled_pair,control,unannotated,train
23314,TGCGGGTCATGGATCT-1_GSM8367861-1,GSE271055,GSM8367861,pooled_pair,control,unannotated,train
20352,GCGGATCCATGCTGCG-1_GSM8367861-1,GSE271055,GSM8367861,pooled_pair,control,unannotated,train
16150,AGATCCATCCAAAGGG-1_GSM8367861-1,GSE271055,GSM8367861,pooled_pair,control,unannotated,train
22403,TCAGTGACAAATCAGA-1_GSM8367861-1,GSE271055,GSM8367861,pooled_pair,control,unannotated,train
22669,TCCTCCCAGCCATTGT-1_GSM8367861-1,GSE271055,GSM8367861,pooled_pair,control,unannotated,train
17778,CATCCCATCTGGCCGA-1_GSM8367861-1,GSE271055,GSM8367861,pooled_pair,control,unannotated,train
21966,TACTGCCCACGGCTAC-1_GSM8367861-1,GSE271055,GSM8367861,pooled_pair,control,unannotated,train
17063,ATGTCTTTCCTTACCG-1_GSM8367861-1,GSE271055,GSM8367861,pooled_pair,control,unannotated,train
22730,TCGAACATCATTCGGA-1_GSM8367861-1,GSE271055,GSM8367861,pooled_pair,control,unannotated,train
17956,CCAAGCGAGGCACAAC-1_GSM8367861-1,GSE271055,GSM8367861,pooled_pair,control,unannotated,train
20311,GCCGTGATCGGTCGGT-1_GSM8367861-1,GSE271055,GSM8367861,pooled_pair,control,unannotated,train
24392,TTTGATCTCTTACACT-1_GSM8367861-1,GSE271055,GSM8367861,pooled_pair,control,unannotated,train
17185,ATTCTTGCATCCTATT-1_GSM8367861-1,GSE271055,GSM8367861,pooled_pair,control,unannotated,train
22132,TATATCCCACAGCTTA-1_GSM8367861-1,GSE271055,GSM8367861,pooled_pair,control,unannotated,train
23613,TGTGAGTAGTTGCCTA-1_GSM8367861-1,GSE271055,GSM8367861,pooled_pair,control,unannotated,train
17272,CAACCTCCACCTGATA-1_GSM8367861-1,GSE271055,GSM8367861,pooled_pair,control,unannotated,train
22524,TCATTGTCAGCGTTTA-1_GSM8367861-1,GSE271055,GSM8367861,pooled_pair,control,unannotated,train
19133,CTCTGGTAGGGAGTGG-1_GSM8367861-1,GSE271055,GSM8367861,pooled_pair,control,unannotated,train
16994,ATGCGATCACTTGGCG-1_GSM8367861-1,GSE271055,GSM8367861,pooled_pair,control,unannotated,train
22383,TCAGGTAGTCCACGCA-1_GSM8367861-1,GSE271055,GSM8367861,pooled_pair,control,unannotated,train
22745,TCGACGGAGTGAATAC-1_GSM8367861-1,GSE271055,GSM8367861,pooled_pair,control,unannotated,train
18103,CCCATTGTCCTTCACG-1_GSM8367861-1,GSE271055,GSM8367861,pooled_pair,control,unannotated,train
24363,TTTCGATTCCATAGGT-1_GSM8367861-1,GSE271055,GSM8367861,pooled_pair,control,unannotated,train
22273,TCAATTCAGACACACG-1_GSM8367861-1,GSE271055,GSM8367861,pooled_pair,control,unannotated,train
23724,TGTTTGTCAAATACGA-1_GSM8367861-1,GSE271055,GSM8367861,pooled_pair,control,unannotated,train
22056,TAGATCGGTGGAACCA-1_GSM8367861-1,GSE271055,GSM8367861,pooled_pair,control,unannotated,train
21507,GTGTTAGTCCCGGTAG-1_GSM8367861-1,GSE271055,GSM8367861,pooled_pair,control,unannotated,train
17219,ATTTCACCAACCACAT-1_GSM8367861-1,GSE271055,GSM8367861,pooled_pair,control,unannotated,train
23455,TGGGCGTCAGCGATTT-1_GSM8367861-1,GSE271055,GSM8367861,pooled_pair,control,unannotated,train
15327,AAGTCGTGTCGACTTA-1_GSM8367861-1,GSE271055,GSM8367861,pooled_pair,control,unannotated,train
19663,GACCCTTTCCATCTCG-1_GSM8367861-1,GSE271055,GSM8367861,pooled_pair,control,unannotated,train
20650,GGCTGTGTCGAGCTGC-1_GSM8367861-1,GSE271055,GSM8367861,pooled_pair,control,unannotated,train
19220,CTGCCTACAACCAGAG-1_GSM8367861-1,GSE271055,GSM8367861,pooled_pair,control,unannotated,train
23756,TTACCATAGGCTGGAT-1_GSM8367861-1,GSE271055,GSM8367861,pooled_pair,control,unannotated,train
23607,TGTCCTGGTCATGCAT-1_GSM8367861-1,GSE271055,GSM8367861,pooled_pair,control,unannotated,train
22522,TCATTGTCAAAGTGTA-1_GSM8367861-1,GSE271055,GSM8367861,pooled_pair,control,unannotated,train
21347,GTGAGGACACAACATC-1_GSM8367861-1,GSE271055,GSM8367861,pooled_pair,control,unannotated,train
23521,TGGTTAGCATGTACGT-1_GSM8367861-1,GSE271055,GSM8367861,pooled_pair,control,unannotated,train
19616,GACAGCCCAAGATCCT-1_GSM8367861-1,GSE271055,GSM8367861,pooled_pair,control,unannotated,train
21951,TACGGTATCGGTCTGG-1_GSM8367861-1,GSE271055,GSM8367861,pooled_pair,control,unannotated,train
20499,GGAATCTTCGTGACTA-1_GSM8367861-1,GSE271055,GSM8367861,pooled_pair,control,unannotated,train
17685,CAGTTCCGTCTAGATC-1_GSM8367861-1,GSE271055,GSM8367861,pooled_pair,control,unannotated,train
24418,TTTGTTGTCAAGAGTA-1_GSM8367861-1,GSE271055,GSM8367861,pooled_pair,control,unannotated,train
22855,TCTAACTCACAGCGCT-1_GSM8367861-1,GSE271055,GSM8367861,pooled_pair,control,unannotated,train
16587,AGTGATCAGGGCAGAG-1_GSM8367861-1,GSE271055,GSM8367861,pooled_pair,control,unannotated,train
15214,AAGAACACATCCGAAT-1_GSM8367861-1,GSE271055,GSM8367861,pooled_pair,control,unannotated,train
23341,TGCTGAAGTGGAACCA-1_GSM8367861-1,GSE271055,GSM8367861,pooled_pair,control,unannotated,train
19251,CTGCTCAGTGCTCTTC-1_GSM8367861-1,GSE271055,GSM8367861,pooled_pair,control,unannotated,train
16418,AGGGTCCCAGTGTGCC-1_GSM8367861-1,GSE271055,GSM8367861,pooled_pair,control,unannotated,train
19800,GAGCCTGTCCGTCAAA-1_GSM8367861-1,GSE271055,GSM8367861,pooled_pair,control,unannotated,train
19393,CTTCCTTTCAGGAAGC-1_GSM8367861-1,GSE271055,GSM8367861,pooled_pair,control,unannotated,train
17230,ATTTCTGCAACCAACT-1_GSM8367861-1,GSE271055,GSM8367861,pooled_pair,control,unannotated,train
15928,ACTGTGACACCCTTGT-1_GSM8367861-1,GSE271055,GSM8367861,pooled_pair,control,unannotated,train
19444,CTTTCAAAGAGCAGTC-1_GSM8367861-1,GSE271055,GSM8367861,pooled_pair,control,unannotated,train
21605,GTTCGCTTCAGCTTCC-1_GSM8367861-1,GSE271055,GSM8367861,pooled_pair,control,unannotated,train
21032,GTAATCGAGAGGCCAT-1_GSM8367861-1,GSE271055,GSM8367861,pooled_pair,control,unannotated,train
15498,ACAAGCTTCATCTGTT-1_GSM8367861-1,GSE271055,GSM8367861,pooled_pair,control,unannotated,train
21975,TACTTACAGGCACTAG-1_GSM8367861-1,GSE271055,GSM8367861,pooled_pair,control,unannotated,train
20231,GCCAGCAGTGTTCCTC-1_GSM8367861-1,GSE271055,GSM8367861,pooled_pair,control,unannotated,train
24074,TTCTGTAGTGGAACCA-1_GSM8367861-1,GSE271055,GSM8367861,pooled_pair,control,unannotated,train
17834,CATGCAAAGGATATAC-1_GSM8367861-1,GSE271055,GSM8367861,pooled_pair,control,unannotated,train
17719,CATACTTAGCAGAAAG-1_GSM8367861-1,GSE271055,GSM8367861,pooled_pair,control,unannotated,train
18892,CTAGACAGTACTGCGC-1_GSM8367861-1,GSE271055,GSM8367861,pooled_pair,control,unannotated,train
18742,CGTGAATAGTCTGGTT-1_GSM8367861-1,GSE271055,GSM8367861,pooled_pair,control,unannotated,train
19701,GACTATGAGTGTTGTC-1_GSM8367861-1,GSE271055,GSM8367861,pooled_pair,control,unannotated,train
16161,AGATGAACAATGAACA-1_GSM8367861-1,GSE271055,GSM8367861,pooled_pair,control,unannotated,train
18743,CGTGAATCAAGTTTGC-1_GSM8367861-1,GSE271055,GSM8367861,pooled_pair,control,unannotated,train
19036,CTCCAACGTATCGAAA-1_GSM8367861-1,GSE271055,GSM8367861,pooled_pair,control,unannotated,train
15254,AAGCATCGTGCACAAG-1_GSM8367861-1,GSE271055,GSM8367861,pooled_pair,control,unannotated,train
18939,CTCAACCTCGCTGCGA-1_GSM8367861-1,GSE271055,GSM8367861,pooled_pair,control,unannotated,train
24215,TTGGTTTGTACGGATG-1_GSM8367861-1,GSE271055,GSM8367861,pooled_pair,control,unannotated,train
21077,GTAGAAAGTTTAGAGA-1_GSM8367861-1,GSE271055,GSM8367861,pooled_pair,control,unannotated,train
19516,GAAGAATTCTTCCCGA-1_GSM8367861-1,GSE271055,GSM8367861,pooled_pair,control,unannotated,train
18407,CCTGCATTCCTCAGAA-1_GSM8367861-1,GSE271055,GSM8367861,pooled_pair,control,unannotated,train
17391,CACAACACATGGGTCC-1_GSM8367861-1,GSE271055,GSM8367861,pooled_pair,control,unannotated,train
20095,GCACATAGTGCCTAAT-1_GSM8367861-1,GSE271055,GSM8367861,pooled_pair,control,unannotated,train
22177,TATCTTGCAGACCATT-1_GSM8367861-1,GSE271055,GSM8367861,pooled_pair,control,unannotated,train
14991,AAACGAATCATTTGCT-1_GSM8367861-1,GSE271055,GSM8367861,pooled_pair,control,unannotated,train
22145,TATCAGGGTCAAAGCG-1_GSM8367861-1,GSE271055,GSM8367861,pooled_pair,control,unannotated,train
23401,TGGATCATCGCTACAA-1_GSM8367861-1,GSE271055,GSM8367861,pooled_pair,control,unannotated,train
18042,CCACGTTAGTGCTCAT-1_GSM8367861-1,GSE271055,GSM8367861,pooled_pair,control,unannotated,train
23260,TGCATGAGTAAGCTCT-1_GSM8367861-1,GSE271055,GSM8367861,pooled_pair,control,unannotated,train
16777,ATCATTCCACACGGTC-1_GSM8367861-1,GSE271055,GSM8367861,pooled_pair,control,unannotated,train
20402,GCTACCTTCTGCCTGT-1_GSM8367861-1,GSE271055,GSM8367861,pooled_pair,control,unannotated,train
20032,GATTCGACAATAGTGA-1_GSM8367861-1,GSE271055,GSM8367861,pooled_pair,control,unannotated,train
23578,TGTCAGATCAGCTAGT-1_GSM8367861-1,GSE271055,GSM8367861,pooled_pair,control,unannotated,train
15010,AAAGAACGTATAATGG-1_GSM8367861-1,GSE271055,GSM8367861,pooled_pair,control,unannotated,train
16993,ATGCGATCAAATCAAG-1_GSM8367861-1,GSE271055,GSM8367861,pooled_pair,control,unannotated,train
18211,CCGCAAGTCCTCAGGG-1_GSM8367861-1,GSE271055,GSM8367861,pooled_pair,control,unannotated,train
22028,TAGACTGCATGTTCGA-1_GSM8367861-1,GSE271055,GSM8367861,pooled_pair,control,unannotated,train
22128,TATATCCAGCTCCATA-1_GSM8367861-1,GSE271055,GSM8367861,pooled_pair,control,unannotated,train
20773,GGGCCATTCCTAGAGT-1_GSM8367861-1,GSE271055,GSM8367861,pooled_pair,control,unannotated,train
19659,GACCCAGTCTTAGCAG-1_GSM8367861-1,GSE271055,GSM8367861,pooled_pair,control,unannotated,train
23219,TGCAGATCACAACGTT-1_GSM8367861-1,GSE271055,GSM8367861,pooled_pair,control,unannotated,train
21242,GTCCTCACATCGTGCG-1_GSM8367861-1,GSE271055,GSM8367861,pooled_pair,control,unannotated,train
16710,ATAGGCTCACGCCACA-1_GSM8367861-1,GSE271055,GSM8367861,pooled_pair,control,unannotated,train
17030,ATGGGTTAGGCTAAAT-1_GSM8367861-1,GSE271055,GSM8367861,pooled_pair,control,unannotated,train
23376,TGGAACTTCCGTAGTA-1_GSM8367861-1,GSE271055,GSM8367861,pooled_pair,control,unannotated,train
19544,GAAGGACTCGGCATAT-1_GSM8367861-1,GSE271055,GSM8367861,pooled_pair,control,unannotated,train
21222,GTCCACTTCCAAATGC-1_GSM8367861-1,GSE271055,GSM8367861,pooled_pair,control,unannotated,train
19652,GACCCAGAGTTCACTG-1_GSM8367861-1,GSE271055,GSM8367861,pooled_pair,control,unannotated,train
15033,AAAGGTAAGAACTCCT-1_GSM8367861-1,GSE271055,GSM8367861,pooled_pair,control,unannotated,train
23998,TTCGATTAGACCTTTG-1_GSM8367861-1,GSE271055,GSM8367861,pooled_pair,control,unannotated,train
24263,TTGTTTGCAGCTCGGT-1_GSM8367861-1,GSE271055,GSM8367861,pooled_pair,control,unannotated,train
18218,CCGGACACATCCAATG-1_GSM8367861-1,GSE271055,GSM8367861,pooled_pair,control,unannotated,train
24303,TTTACTGTCGTAGTGT-1_GSM8367861-1,GSE271055,GSM8367861,pooled_pair,control,unannotated,train
19889,GAGTTACCATTATGCG-1_GSM8367861-1,GSE271055,GSM8367861,pooled_pair,control,unannotated,train
19892,GAGTTACGTGGCGCTT-1_GSM8367861-1,GSE271055,GSM8367861,pooled_pair,control,unannotated,train
18560,CGCAGGTCATCGTTCC-1_GSM8367861-1,GSE271055,GSM8367861,pooled_pair,control,unannotated,train
23246,TGCATCCAGGATTTGA-1_GSM8367861-1,GSE271055,GSM8367861,pooled_pair,control,unannotated,train
16287,AGGAAATAGCAAATCA-1_GSM8367861-1,GSE271055,GSM8367861,pooled_pair,control,unannotated,train
16204,AGCCACGCATCGTTCC-1_GSM8367861-1,GSE271055,GSM8367861,pooled_pair,control,unannotated,train
16608,AGTGTTGGTAACAGTA-1_GSM8367861-1,GSE271055,GSM8367861,pooled_pair,control,unannotated,train
16279,AGCTTCCAGGTGGGTT-1_GSM8367861-1,GSE271055,GSM8367861,pooled_pair,control,unannotated,train
21293,GTCTAGAGTTTGCCGG-1_GSM8367861-1,GSE271055,GSM8367861,pooled_pair,control,unannotated,train
24282,TTTACGTCATATACCG-1_GSM8367861-1,GSE271055,GSM8367861,pooled_pair,control,unannotated,train
16008,AGAACAACATCGATGT-1_GSM8367861-1,GSE271055,GSM8367861,pooled_pair,control,unannotated,train
20917,GGTGAAGAGACATACA-1_GSM8367861-1,GSE271055,GSM8367861,pooled_pair,control,unannotated,train
15493,ACAAGCTCAGACACCC-1_GSM8367861-1,GSE271055,GSM8367861,pooled_pair,control,unannotated,train
19244,CTGCTCAAGAGGGCGA-1_GSM8367861-1,GSE271055,GSM8367861,pooled_pair,control,unannotated,train
15988,ACTTTGTCAGCTATAC-1_GSM8367861-1,GSE271055,GSM8367861,pooled_pair,control,unannotated,train
23727,TGTTTGTCACTTGACA-1_GSM8367861-1,GSE271055,GSM8367861,pooled_pair,control,unannotated,train
18286,CCGTTCATCAAAGCCT-1_GSM8367861-1,GSE271055,GSM8367861,pooled_pair,control,unannotated,train
19098,CTCCTTTAGAAACTCA-1_GSM8367861-1,GSE271055,GSM8367861,pooled_pair,control,unannotated,train
18705,CGTAATGTCGAATCCA-1_GSM8367861-1,GSE271055,GSM8367861,pooled_pair,control,unannotated,train
24318,TTTCACAAGAATAGTC-1_GSM8367861-1,GSE271055,GSM8367861,pooled_pair,control,unannotated,train
21922,TACCTCGTCGGCAGTC-1_GSM8367861-1,GSE271055,GSM8367861,pooled_pair,control,unannotated,train
16686,ATACTTCTCTTGGTCC-1_GSM8367861-1,GSE271055,GSM8367861,pooled_pair,control,unannotated,train
15204,AACTTCTGTCTGCGCA-1_GSM8367861-1,GSE271055,GSM8367861,pooled_pair,control,unannotated,train
20995,GGTTCTCGTTCGTTCC-1_GSM8367861-1,GSE271055,GSM8367861,pooled_pair,control,unannotated,train
16891,ATCGTGATCATTGAGC-1_GSM8367861-1,GSE271055,GSM8367861,pooled_pair,control,unannotated,train
20331,GCGATCGAGGTTCTAC-1_GSM8367861-1,GSE271055,GSM8367861,pooled_pair,control,unannotated,train
21285,GTCTACCTCGTCCTCA-1_GSM8367861-1,GSE271055,GSM8367861,pooled_pair,control,unannotated,train
15094,AACAACCGTGCATTAC-1_GSM8367861-1,GSE271055,GSM8367861,pooled_pair,control,unannotated,train
17111,ATTCACTCACTACTTT-1_GSM8367861-1,GSE271055,GSM8367861,pooled_pair,control,unannotated,train
18455,CGAATTGCACGAAGAC-1_GSM8367861-1,GSE271055,GSM8367861,pooled_pair,control,unannotated,train
15264,AAGCCATCAGAGAGGG-1_GSM8367861-1,GSE271055,GSM8367861,pooled_pair,control,unannotated,train
19687,GACGCTGTCATACAGC-1_GSM8367861-1,GSE271055,GSM8367861,pooled_pair,control,unannotated,train
16831,ATCGATGAGTGATAAC-1_GSM8367861-1,GSE271055,GSM8367861,pooled_pair,control,unannotated,train
17515,CACTGGGGTACACGTT-1_GSM8367861-1,GSE271055,GSM8367861,pooled_pair,control,unannotated,train
18931,CTCAACCCATCTTTCA-1_GSM8367861-1,GSE271055,GSM8367861,pooled_pair,control,unannotated,train
15047,AAAGTCCAGGTCATTC-1_GSM8367861-1,GSE271055,GSM8367861,pooled_pair,control,unannotated,train
15556,ACAGGGATCCATCAGA-1_GSM8367861-1,GSE271055,GSM8367861,pooled_pair,control,unannotated,train
23538,TGTAAGCGTGATGGCA-1_GSM8367861-1,GSE271055,GSM8367861,pooled_pair,control,unannotated,train
24336,TTTCAGTTCTAATTCC-1_GSM8367861-1,GSE271055,GSM8367861,pooled_pair,control,unannotated,train
22430,TCATACTGTCCGGATC-1_GSM8367861-1,GSE271055,GSM8367861,pooled_pair,control,unannotated,train
16284,AGCTTCCCATGACACT-1_GSM8367861-1,GSE271055,GSM8367861,pooled_pair,control,unannotated,train
17261,CAACCAAAGTACAGCG-1_GSM8367861-1,GSE271055,GSM8367861,pooled_pair,control,unannotated,train
15550,ACAGGGACAACTGCTA-1_GSM8367861-1,GSE271055,GSM8367861,pooled_pair,control,unannotated,train
18579,CGCATAATCCACTGGG-1_GSM8367861-1,GSE271055,GSM8367861,pooled_pair,control,unannotated,train
18543,CGATGGCAGCTCCGAC-1_GSM8367861-1,GSE271055,GSM8367861,pooled_pair,control,unannotated,train
17311,CAAGAGGAGACCCGCT-1_GSM8367861-1,GSE271055,GSM8367861,pooled_pair,control,unannotated,train
16076,AGACAGGAGTGCACCC-1_GSM8367861-1,GSE271055,GSM8367861,pooled_pair,control,unannotated,train
17275,CAACCTCGTAGGAGGG-1_GSM8367861-1,GSE271055,GSM8367861,pooled_pair,control,unannotated,train
24066,TTCTCTCTCAAACTGC-1_GSM8367861-1,GSE271055,GSM8367861,pooled_pair,control,unannotated,train
23922,TTCCAATGTCTCGACG-1_GSM8367861-1,GSE271055,GSM8367861,pooled_pair,control,unannotated,train
22826,TCGGTCTCAAAGCTCT-1_GSM8367861-1,GSE271055,GSM8367861,pooled_pair,control,unannotated,train
20118,GCACGTGTCCTGGGTG-1_GSM8367861-1,GSE271055,GSM8367861,pooled_pair,control,unannotated,train
17763,CATCCACAGTCGCCCA-1_GSM8367861-1,GSE271055,GSM8367861,pooled_pair,control,unannotated,train
15274,AAGCGAGCAGCAGAAC-1_GSM8367861-1,GSE271055,GSM8367861,pooled_pair,control,unannotated,train
23037,TGAATGCGTCCGGATC-1_GSM8367861-1,GSE271055,GSM8367861,pooled_pair,control,unannotated,train
21924,TACCTGCAGGAAGTGA-1_GSM8367861-1,GSE271055,GSM8367861,pooled_pair,control,unannotated,train
22205,TATTGCTCAGGCGAAT-1_GSM8367861-1,GSE271055,GSM8367861,pooled_pair,control,unannotated,train
16877,ATCGTAGTCAAGAAAC-1_GSM8367861-1,GSE271055,GSM8367861,pooled_pair,control,unannotated,train
19765,GAGACTTAGAACTCCT-1_GSM8367861-1,GSE271055,GSM8367861,pooled_pair,control,unannotated,train
18927,CTCAACCAGTAAAGCT-1_GSM8367861-1,GSE271055,GSM8367861,pooled_pair,control,unannotated,train
22315,TCACGCTTCACCTTGC-1_GSM8367861-1,GSE271055,GSM8367861,pooled_pair,control,unannotated,train
18050,CCACGTTTCACCGCTT-1_GSM8367861-1,GSE271055,GSM8367861,pooled_pair,control,unannotated,train
23210,TGCACGGCAGCCATTA-1_GSM8367861-1,GSE271055,GSM8367861,pooled_pair,control,unannotated,train
22762,TCGATTTTCTTAGTTC-1_GSM8367861-1,GSE271055,GSM8367861,pooled_pair,control,unannotated,train
19358,CTTCAATAGCCTGCCA-1_GSM8367861-1,GSE271055,GSM8367861,pooled_pair,control,unannotated,train
22714,TCCTTTCCATGTTTGG-1_GSM8367861-1,GSE271055,GSM8367861,pooled_pair,control,unannotated,train
24341,TTTCATGGTGGAACCA-1_GSM8367861-1,GSE271055,GSM8367861,pooled_pair,control,unannotated,train
17438,CACATGAGTGCGGATA-1_GSM8367861-1,GSE271055,GSM8367861,pooled_pair,control,unannotated,train
22950,TCTCTGGTCAGTGGGA-1_GSM8367861-1,GSE271055,GSM8367861,pooled_pair,control,unannotated,train
20453,GCTTGGGCAGTCGGTC-1_GSM8367861-1,GSE271055,GSM8367861,pooled_pair,control,unannotated,train
16965,ATGATCGCACTGGATT-1_GSM8367861-1,GSE271055,GSM8367861,pooled_pair,control,unannotated,train
22553,TCCACGTGTCGACTTA-1_GSM8367861-1,GSE271055,GSM8367861,pooled_pair,control,unannotated,train
20603,GGCACGTGTGTACGCC-1_GSM8367861-1,GSE271055,GSM8367861,pooled_pair,control,unannotated,train
20732,GGGAGATTCTGCCCTA-1_GSM8367861-1,GSE271055,GSM8367861,pooled_pair,control,unannotated,train
23188,TGATGGTCACCTCAGG-1_GSM8367861-1,GSE271055,GSM8367861,pooled_pair,control,unannotated,train
19997,GATGCTAAGCAATAGT-1_GSM8367861-1,GSE271055,GSM8367861,pooled_pair,control,unannotated,train
20925,GGTGAAGGTTGCTAGT-1_GSM8367861-1,GSE271055,GSM8367861,pooled_pair,control,unannotated,train
19572,GAATAGACAGCCGTTG-1_GSM8367861-1,GSE271055,GSM8367861,pooled_pair,control,unannotated,train
20316,GCCTGTTGTGACACGA-1_GSM8367861-1,GSE271055,GSM8367861,pooled_pair,control,unannotated,train
21405,GTGCTGGGTGCCGTTG-1_GSM8367861-1,GSE271055,GSM8367861,pooled_pair,control,unannotated,train
17387,CACAACAAGAGTGTTA-1_GSM8367861-1,GSE271055,GSM8367861,pooled_pair,control,unannotated,train
20204,GCATGATGTTGCGGCT-1_GSM8367861-1,GSE271055,GSM8367861,pooled_pair,control,unannotated,train
17205,ATTGTTCGTAGCCCTG-1_GSM8367861-1,GSE271055,GSM8367861,pooled_pair,control,unannotated,train
16070,AGACACTTCAGCACCG-1_GSM8367861-1,GSE271055,GSM8367861,pooled_pair,control,unannotated,train
21568,GTTAGTGAGCGTACAG-1_GSM8367861-1,GSE271055,GSM8367861,pooled_pair,control,unannotated,train
20549,GGAGGATAGCATGTTC-1_GSM8367861-1,GSE271055,GSM8367861,pooled_pair,control,unannotated,train
21070,GTACAGTTCGACGATT-1_GSM8367861-1,GSE271055,GSM8367861,pooled_pair,control,unannotated,train
20981,GGTTAACCAACGATTC-1_GSM8367861-1,GSE271055,GSM8367861,pooled_pair,control,unannotated,train
19143,CTCTGGTTCATCTATC-1_GSM8367861-1,GSE271055,GSM8367861,pooled_pair,control,unannotated,train
19696,GACGTTAGTGCAGTGA-1_GSM8367861-1,GSE271055,GSM8367861,pooled_pair,control,unannotated,train
21102,GTAGCTAAGCAAGGAA-1_GSM8367861-1,GSE271055,GSM8367861,pooled_pair,control,unannotated,train
23084,TGACTCCGTGGACTAG-1_GSM8367861-1,GSE271055,GSM8367861,pooled_pair,control,unannotated,train
21044,GTAATGCAGATTTGCC-1_GSM8367861-1,GSE271055,GSM8367861,pooled_pair,control,unannotated,train
21996,TACTTCATCACAATGC-1_GSM8367861-1,GSE271055,GSM8367861,pooled_pair,control,unannotated,train
21337,GTGAGCCGTCACCGAC-1_GSM8367861-1,GSE271055,GSM8367861,pooled_pair,control,unannotated,train
15561,ACATCCCTCGAACCAT-1_GSM8367861-1,GSE271055,GSM8367861,pooled_pair,control,unannotated,train
17687,CAGTTCCTCGCCAGTG-1_GSM8367861-1,GSE271055,GSM8367861,pooled_pair,control,unannotated,train
16059,AGACACTAGTTGCGCC-1_GSM8367861-1,GSE271055,GSM8367861,pooled_pair,control,unannotated,train
19428,CTTGAGAAGGGAGGCA-1_GSM8367861-1,GSE271055,GSM8367861,pooled_pair,control,unannotated,train
16967,ATGATCGGTAACCAGG-1_GSM8367861-1,GSE271055,GSM8367861,pooled_pair,control,unannotated,train
19517,GAAGCCCAGAAAGCGA-1_GSM8367861-1,GSE271055,GSM8367861,pooled_pair,control,unannotated,train
23700,TGTTCTAGTCGCATCG-1_GSM8367861-1,GSE271055,GSM8367861,pooled_pair,control,unannotated,train
20781,GGGCGTTGTATTTCTC-1_GSM8367861-1,GSE271055,GSM8367861,pooled_pair,control,unannotated,train
16429,AGGGTGATCCTTACCG-1_GSM8367861-1,GSE271055,GSM8367861,pooled_pair,control,unannotated,train
23167,TGATCTTAGCTGAAAT-1_GSM8367861-1,GSE271055,GSM8367861,pooled_pair,control,unannotated,train
19264,CTGGACGTCCGCGATG-1_GSM8367861-1,GSE271055,GSM8367861,pooled_pair,control,unannotated,train
23344,TGCTTCGAGACCTTTG-1_GSM8367861-1,GSE271055,GSM8367861,pooled_pair,control,unannotated,train
23644,TGTGGCGGTGCACAAG-1_GSM8367861-1,GSE271055,GSM8367861,pooled_pair,control,unannotated,train
23280,TGCGACGGTAGGTGCA-1_GSM8367861-1,GSE271055,GSM8367861,pooled_pair,control,unannotated,train
23027,TGAATCGCACGTTCGG-1_GSM8367861-1,GSE271055,GSM8367861,pooled_pair,control,unannotated,train
22981,TCTTAGTGTCTACATG-1_GSM8367861-1,GSE271055,GSM8367861,pooled_pair,control,unannotated,train
16458,AGGTCATTCCAGTGCG-1_GSM8367861-1,GSE271055,GSM8367861,pooled_pair,control,unannotated,train
21061,GTACAGTAGATTGTGA-1_GSM8367861-1,GSE271055,GSM8367861,pooled_pair,control,unannotated,train
18275,CCGTGAGAGTAGCAAT-1_GSM8367861-1,GSE271055,GSM8367861,pooled_pair,control,unannotated,train
23204,TGATTTCCAGCTGAAG-1_GSM8367861-1,GSE271055,GSM8367861,pooled_pair,control,unannotated,train
20266,GCCATGGGTACCTGTA-1_GSM8367861-1,GSE271055,GSM8367861,pooled_pair,control,unannotated,train
23790,TTACGTTTCACATACG-1_GSM8367861-1,GSE271055,GSM8367861,pooled_pair,control,unannotated,train
16977,ATGCATGGTACATACC-1_GSM8367861-1,GSE271055,GSM8367861,pooled_pair,control,unannotated,train
22454,TCATCCGCATCTTTCA-1_GSM8367861-1,GSE271055,GSM8367861,pooled_pair,control,unannotated,train
17235,ATTTCTGTCACTAGCA-1_GSM8367861-1,GSE271055,GSM8367861,pooled_pair,control,unannotated,train
18210,CCGCAAGTCCCATAGA-1_GSM8367861-1,GSE271055,GSM8367861,pooled_pair,control,unannotated,train
17478,CACGTGGAGGAGAATG-1_GSM8367861-1,GSE271055,GSM8367861,pooled_pair,control,unannotated,train
18260,CCGTAGGCAAGACCGA-1_GSM8367861-1,GSE271055,GSM8367861,pooled_pair,control,unannotated,train
17310,CAAGACTGTTACGTAC-1_GSM8367861-1,GSE271055,GSM8367861,pooled_pair,control,unannotated,train
15799,ACGTACACAGTTTCGA-1_GSM8367861-1,GSE271055,GSM8367861,pooled_pair,control,unannotated,train
17457,CACGAATAGATACATG-1_GSM8367861-1,GSE271055,GSM8367861,pooled_pair,control,unannotated,train
20146,GCAGCTGAGGTTTGAA-1_GSM8367861-1,GSE271055,GSM8367861,pooled_pair,control,unannotated,train
23811,TTACTGTTCGGACTTA-1_GSM8367861-1,GSE271055,GSM8367861,pooled_pair,control,unannotated,train
19543,GAAGGACTCCCTTGTG-1_GSM8367861-1,GSE271055,GSM8367861,pooled_pair,control,unannotated,train
23822,TTAGGCATCATCAGTG-1_GSM8367861-1,GSE271055,GSM8367861,pooled_pair,control,unannotated,train
22432,TCATACTTCACAAGGG-1_GSM8367861-1,GSE271055,GSM8367861,pooled_pair,control,unannotated,train
18536,CGATGCGAGAGGGTAA-1_GSM8367861-1,GSE271055,GSM8367861,pooled_pair,control,unannotated,train
17837,CATGCAACACGCCAGT-1_GSM8367861-1,GSE271055,GSM8367861,pooled_pair,control,unannotated,train
23327,TGCTCCAGTGGCTTAT-1_GSM8367861-1,GSE271055,GSM8367861,pooled_pair,control,unannotated,train
21486,GTGTGATCAGAGAAAG-1_GSM8367861-1,GSE271055,GSM8367861,pooled_pair,control,unannotated,train
19741,GACTTCCGTCGATTCA-1_GSM8367861-1,GSE271055,GSM8367861,pooled_pair,control,unannotated,train
20397,GCTACCTGTGAATTGA-1_GSM8367861-1,GSE271055,GSM8367861,pooled_pair,control,unannotated,train
18814,CTAACCCTCGTTGCCT-1_GSM8367861-1,GSE271055,GSM8367861,pooled_pair,control,unannotated,train
21042,GTAATCGTCGCTGTTC-1_GSM8367861-1,GSE271055,GSM8367861,pooled_pair,control,unannotated,train
16491,AGTAACCGTCTGTGGC-1_GSM8367861-1,GSE271055,GSM8367861,pooled_pair,control,unannotated,train
19320,CTGTATTTCTCAACGA-1_GSM8367861-1,GSE271055,GSM8367861,pooled_pair,control,unannotated,train
21775,TAAGCCACACATTGTG-1_GSM8367861-1,GSE271055,GSM8367861,pooled_pair,control,unannotated,train
19726,GACTCTCTCCTAACAG-1_GSM8367861-1,GSE271055,GSM8367861,pooled_pair,control,unannotated,train
22944,TCTCTGGCAGAAACCG-1_GSM8367861-1,GSE271055,GSM8367861,pooled_pair,control,unannotated,train
17652,CAGGGCTTCCCATAGA-1_GSM8367861-1,GSE271055,GSM8367861,pooled_pair,control,unannotated,train
21726,TAACCAGAGATGCAGC-1_GSM8367861-1,GSE271055,GSM8367861,pooled_pair,control,unannotated,train
23571,TGTCAGACAGCGTGAA-1_GSM8367861-1,GSE271055,GSM8367861,pooled_pair,control,unannotated,train
16660,ATACCGAGTGATGAAT-1_GSM8367861-1,GSE271055,GSM8367861,pooled_pair,control,unannotated,train
23762,TTACCATTCGAGTGAG-1_GSM8367861-1,GSE271055,GSM8367861,pooled_pair,control,unannotated,train
20201,GCATGATCATCGCTGG-1_GSM8367861-1,GSE271055,GSM8367861,pooled_pair,control,unannotated,train
22449,TCATCCGAGGAGAGGC-1_GSM8367861-1,GSE271055,GSM8367861,pooled_pair,control,unannotated,train
17793,CATCGCTAGTTACGTC-1_GSM8367861-1,GSE271055,GSM8367861,pooled_pair,control,unannotated,train
17364,CAATCGATCGCGTGCA-1_GSM8367861-1,GSE271055,GSM8367861,pooled_pair,control,unannotated,train
20691,GGGACCTAGATGGGCT-1_GSM8367861-1,GSE271055,GSM8367861,pooled_pair,control,unannotated,train
23472,TGGGCTGTCACATACG-1_GSM8367861-1,GSE271055,GSM8367861,pooled_pair,control,unannotated,train
18360,CCTCATGGTCGCCTAG-1_GSM8367861-1,GSE271055,GSM8367861,pooled_pair,control,unannotated,train
15384,AATCGACTCTCTATAC-1_GSM8367861-1,GSE271055,GSM8367861,pooled_pair,control,unannotated,train
21063,GTACAGTAGTCTCCTC-1_GSM8367861-1,GSE271055,GSM8367861,pooled_pair,control,unannotated,train
16278,AGCTTCCAGCGCCTCA-1_GSM8367861-1,GSE271055,GSM8367861,pooled_pair,control,unannotated,train
16715,ATAGGCTGTAAGATAC-1_GSM8367861-1,GSE271055,GSM8367861,pooled_pair,control,unannotated,train
21988,TACTTCAAGGTCCGAA-1_GSM8367861-1,GSE271055,GSM8367861,pooled_pair,control,unannotated,train
23395,TGGATCAGTACAGAGC-1_GSM8367861-1,GSE271055,GSM8367861,pooled_pair,control,unannotated,train
19727,GACTGATAGCCTTCTC-1_GSM8367861-1,GSE271055,GSM8367861,pooled_pair,control,unannotated,train
17074,ATTACCTTCCGTTGGG-1_GSM8367861-1,GSE271055,GSM8367861,pooled_pair,control,unannotated,train
16704,ATAGAGAGTGCAGATG-1_GSM8367861-1,GSE271055,GSM8367861,pooled_pair,control,unannotated,train
21769,TAAGCACTCTGTTCAT-1_GSM8367861-1,GSE271055,GSM8367861,pooled_pair,control,unannotated,train
22453,TCATCCGCATCTCGTC-1_GSM8367861-1,GSE271055,GSM8367861,pooled_pair,control,unannotated,train
16669,ATACCTTCAGTGGGTA-1_GSM8367861-1,GSE271055,GSM8367861,pooled_pair,control,unannotated,train
20758,GGGATCCTCTTTCCAA-1_GSM8367861-1,GSE271055,GSM8367861,pooled_pair,control,unannotated,train
22673,TCCTCCCCAGAGGTAC-1_GSM8367861-1,GSE271055,GSM8367861,pooled_pair,control,unannotated,train
19528,GAAGCCCTCATAGAGA-1_GSM8367861-1,GSE271055,GSM8367861,pooled_pair,control,unannotated,train
20299,GCCGATGAGGTCGAGT-1_GSM8367861-1,GSE271055,GSM8367861,pooled_pair,control,unannotated,train
23067,TGACGCGCAACCAATC-1_GSM8367861-1,GSE271055,GSM8367861,pooled_pair,control,unannotated,train
23371,TGGAACTCAATGGCAG-1_GSM8367861-1,GSE271055,GSM8367861,pooled_pair,control,unannotated,train
22616,TCCCAGTTCGTGGCTG-1_GSM8367861-1,GSE271055,GSM8367861,pooled_pair,control,unannotated,train
20230,GCCAGCAGTCCTGGGT-1_GSM8367861-1,GSE271055,GSM8367861,pooled_pair,control,unannotated,train
22767,TCGCACTGTGTGTGTT-1_GSM8367861-1,GSE271055,GSM8367861,pooled_pair,control,unannotated,train
20946,GGTGGCTCATTAAGCC-1_GSM8367861-1,GSE271055,GSM8367861,pooled_pair,control,unannotated,train
24191,TTGGGCGTCGGTAACT-1_GSM8367861-1,GSE271055,GSM8367861,pooled_pair,control,unannotated,train
18032,CCACCATTCGTCACCT-1_GSM8367861-1,GSE271055,GSM8367861,pooled_pair,control,unannotated,train
22009,TAGACCAAGATGTTAG-1_GSM8367861-1,GSE271055,GSM8367861,pooled_pair,control,unannotated,train
23914,TTCATTGTCCATCTAT-1_GSM8367861-1,GSE271055,GSM8367861,pooled_pair,control,unannotated,train
20817,GGGTATTTCTAAACGC-1_GSM8367861-1,GSE271055,GSM8367861,pooled_pair,control,unannotated,train
18888,CTAGACAAGGCCGCTT-1_GSM8367861-1,GSE271055,GSM8367861,pooled_pair,control,unannotated,train
16310,AGGACGAAGTTGCGCC-1_GSM8367861-1,GSE271055,GSM8367861,pooled_pair,control,unannotated,train
17415,CACAGATTCTACCTTA-1_GSM8367861-1,GSE271055,GSM8367861,pooled_pair,control,unannotated,train
23137,TGAGGTTAGTTAACGA-1_GSM8367861-1,GSE271055,GSM8367861,pooled_pair,control,unannotated,train
15542,ACAGCCGCAAGTGGCA-1_GSM8367861-1,GSE271055,GSM8367861,pooled_pair,control,unannotated,train
17552,CAGATACAGCTAAGTA-1_GSM8367861-1,GSE271055,GSM8367861,pooled_pair,control,unannotated,train
24251,TTGTTGTAGCGTACAG-1_GSM8367861-1,GSE271055,GSM8367861,pooled_pair,control,unannotated,train
23165,TGATCTTAGCCATCCG-1_GSM8367861-1,GSE271055,GSM8367861,pooled_pair,control,unannotated,train
16319,AGGACTTCACACTTAG-1_GSM8367861-1,GSE271055,GSM8367861,pooled_pair,control,unannotated,train
24308,TTTAGTCGTATGGTAA-1_GSM8367861-1,GSE271055,GSM8367861,pooled_pair,control,unannotated,train
17855,CATGCGGAGATTCGAA-1_GSM8367861-1,GSE271055,GSM8367861,pooled_pair,control,unannotated,train
15305,AAGGTAAAGGGTAGCT-1_GSM8367861-1,GSE271055,GSM8367861,pooled_pair,control,unannotated,train
19839,GAGGGTAAGCGTTAGG-1_GSM8367861-1,GSE271055,GSM8367861,pooled_pair,control,unannotated,train
18311,CCTACGTCACCACTGG-1_GSM8367861-1,GSE271055,GSM8367861,pooled_pair,control,unannotated,train
19722,GACTCTCCAGTCAACT-1_GSM8367861-1,GSE271055,GSM8367861,pooled_pair,control,unannotated,train
17008,ATGGATCCAGGCTCTG-1_GSM8367861-1,GSE271055,GSM8367861,pooled_pair,control,unannotated,train
17766,CATCCACCAATTTCGG-1_GSM8367861-1,GSE271055,GSM8367861,pooled_pair,control,unannotated,train
21947,TACGGTACAGATAAAC-1_GSM8367861-1,GSE271055,GSM8367861,pooled_pair,control,unannotated,train
18072,CCATAAGGTCCCGCAA-1_GSM8367861-1,GSE271055,GSM8367861,pooled_pair,control,unannotated,train
18254,CCGGTGAAGGTCCGAA-1_GSM8367861-1,GSE271055,GSM8367861,pooled_pair,control,unannotated,train
20271,GCCATTCGTAATGTGA-1_GSM8367861-1,GSE271055,GSM8367861,pooled_pair,control,unannotated,train
15618,ACCAACAAGAGAGTTT-1_GSM8367861-1,GSE271055,GSM8367861,pooled_pair,control,unannotated,train
17436,CACATGAGTATCCTCC-1_GSM8367861-1,GSE271055,GSM8367861,pooled_pair,control,unannotated,train
18614,CGGAACCGTACGACAG-1_GSM8367861-1,GSE271055,GSM8367861,pooled_pair,control,unannotated,train
19931,GATCACAAGCACGTCC-1_GSM8367861-1,GSE271055,GSM8367861,pooled_pair,control,unannotated,train
15127,AACCACAAGCTACTAC-1_GSM8367861-1,GSE271055,GSM8367861,pooled_pair,control,unannotated,train
15975,ACTTTCAAGCCGTTGC-1_GSM8367861-1,GSE271055,GSM8367861,pooled_pair,control,unannotated,train
16337,AGGATAATCGGAGTGA-1_GSM8367861-1,GSE271055,GSM8367861,pooled_pair,control,unannotated,train
16351,AGGCATTAGATGGCAC-1_GSM8367861-1,GSE271055,GSM8367861,pooled_pair,control,unannotated,train
17280,CAACCTCTCCTTGGAA-1_GSM8367861-1,GSE271055,GSM8367861,pooled_pair,control,unannotated,train
21914,TACCTCGAGGTGCTGA-1_GSM8367861-1,GSE271055,GSM8367861,pooled_pair,control,unannotated,train
21043,GTAATCGTCTATCCAT-1_GSM8367861-1,GSE271055,GSM8367861,pooled_pair,control,unannotated,train
18909,CTATAGGTCTCCTACG-1_GSM8367861-1,GSE271055,GSM8367861,pooled_pair,control,unannotated,train
19117,CTCTCAGGTCCATACA-1_GSM8367861-1,GSE271055,GSM8367861,pooled_pair,control,unannotated,train
16324,AGGACTTTCGATGCTA-1_GSM8367861-1,GSE271055,GSM8367861,pooled_pair,control,unannotated,train
15733,ACGATGTCAACTTGGT-1_GSM8367861-1,GSE271055,GSM8367861,pooled_pair,control,unannotated,train
23223,TGCAGATGTATGTCTG-1_GSM8367861-1,GSE271055,GSM8367861,pooled_pair,control,unannotated,train
15334,AAGTGAACATCTATCT-1_GSM8367861-1,GSE271055,GSM8367861,pooled_pair,control,unannotated,train
15405,AATGAAGTCGGTTGTA-1_GSM8367861-1,GSE271055,GSM8367861,pooled_pair,control,unannotated,train
22630,TCCGAAAAGCATCCCG-1_GSM8367861-1,GSE271055,GSM8367861,pooled_pair,control,unannotated,train
20457,GCTTGGGTCGAACTCA-1_GSM8367861-1,GSE271055,GSM8367861,pooled_pair,control,unannotated,train
22060,TAGATCGTCGGTCTAA-1_GSM8367861-1,GSE271055,GSM8367861,pooled_pair,control,unannotated,train
22517,TCATTCATCACAATGC-1_GSM8367861-1,GSE271055,GSM8367861,pooled_pair,control,unannotated,train
22548,TCCACCATCGCCAGTG-1_GSM8367861-1,GSE271055,GSM8367861,pooled_pair,control,unannotated,train
19231,CTGCGAGAGTCGGGAT-1_GSM8367861-1,GSE271055,GSM8367861,pooled_pair,control,unannotated,train
16924,ATGAAAGTCTCTCTAA-1_GSM8367861-1,GSE271055,GSM8367861,pooled_pair,control,unannotated,train
20479,GGAACCCCATGTGACT-1_GSM8367861-1,GSE271055,GSM8367861,pooled_pair,control,unannotated,train
22667,TCCTCCCAGAAACTAC-1_GSM8367861-1,GSE271055,GSM8367861,pooled_pair,control,unannotated,train
15114,AACACACTCTGGTGCG-1_GSM8367861-1,GSE271055,GSM8367861,pooled_pair,control,unannotated,train
17724,CATACTTCACTTCATT-1_GSM8367861-1,GSE271055,GSM8367861,pooled_pair,control,unannotated,train
20438,GCTTCACAGGCATCAG-1_GSM8367861-1,GSE271055,GSM8367861,pooled_pair,control,unannotated,train
22835,TCGTAGACAAGAGAGA-1_GSM8367861-1,GSE271055,GSM8367861,pooled_pair,control,unannotated,train
19626,GACATCAAGCGATCGA-1_GSM8367861-1,GSE271055,GSM8367861,pooled_pair,control,unannotated,train
24179,TTGGGATAGTCTCGTA-1_GSM8367861-1,GSE271055,GSM8367861,pooled_pair,control,unannotated,train
19409,CTTCTAAAGGGACCAT-1_GSM8367861-1,GSE271055,GSM8367861,pooled_pair,control,unannotated,train
21279,GTCTACCGTGCCGAAA-1_GSM8367861-1,GSE271055,GSM8367861,pooled_pair,control,unannotated,train
20224,GCCAACGTCATCGGGC-1_GSM8367861-1,GSE271055,GSM8367861,pooled_pair,control,unannotated,train
17154,ATTCCTACATCCGTTC-1_GSM8367861-1,GSE271055,GSM8367861,pooled_pair,control,unannotated,train
18967,CTCACTGCACAGTGAG-1_GSM8367861-1,GSE271055,GSM8367861,pooled_pair,control,unannotated,train
23366,TGCTTGCGTGTGCCTG-1_GSM8367861-1,GSE271055,GSM8367861,pooled_pair,control,unannotated,train
23999,TTCGATTAGAGGGCGA-1_GSM8367861-1,GSE271055,GSM8367861,pooled_pair,control,unannotated,train
19183,CTGATCCCACGGTCTG-1_GSM8367861-1,GSE271055,GSM8367861,pooled_pair,control,unannotated,train
19342,CTTACCGCAAACGTGG-1_GSM8367861-1,GSE271055,GSM8367861,pooled_pair,control,unannotated,train
15638,ACCATTTGTAGTTAGA-1_GSM8367861-1,GSE271055,GSM8367861,pooled_pair,control,unannotated,train
21502,GTGTGGCTCGGTCATA-1_GSM8367861-1,GSE271055,GSM8367861,pooled_pair,control,unannotated,train
21741,TAACGACAGTATGCAA-1_GSM8367861-1,GSE271055,GSM8367861,pooled_pair,control,unannotated,train
24233,TTGTGTTCAGTCGTTA-1_GSM8367861-1,GSE271055,GSM8367861,pooled_pair,control,unannotated,train
21882,TACCCACTCGGAGCAA-1_GSM8367861-1,GSE271055,GSM8367861,pooled_pair,control,unannotated,train
16313,AGGACGACAGCTACAT-1_GSM8367861-1,GSE271055,GSM8367861,pooled_pair,control,unannotated,train
24205,TTGGGTATCTACCTTA-1_GSM8367861-1,GSE271055,GSM8367861,pooled_pair,control,unannotated,train
24040,TTCTAACCATACACCA-1_GSM8367861-1,GSE271055,GSM8367861,pooled_pair,control,unannotated,train
19772,GAGACTTTCCTGTAGA-1_GSM8367861-1,GSE271055,GSM8367861,pooled_pair,control,unannotated,train
15939,ACTTATCAGACTACCT-1_GSM8367861-1,GSE271055,GSM8367861,pooled_pair,control,unannotated,train
17070,ATTACCTCAGGTGGAT-1_GSM8367861-1,GSE271055,GSM8367861,pooled_pair,control,unannotated,train
16573,AGTGACTCACCGCTGA-1_GSM8367861-1,GSE271055,GSM8367861,pooled_pair,control,unannotated,train
15346,AAGTTCGAGTGGTGAC-1_GSM8367861-1,GSE271055,GSM8367861,pooled_pair,control,unannotated,train
19524,GAAGCCCGTCCTTTGC-1_GSM8367861-1,GSE271055,GSM8367861,pooled_pair,control,unannotated,train
19457,CTTTCGGCACCTGCGA-1_GSM8367861-1,GSE271055,GSM8367861,pooled_pair,control,unannotated,train
21705,GTTTGGAAGCGCACAA-1_GSM8367861-1,GSE271055,GSM8367861,pooled_pair,control,unannotated,train
22603,TCCCACATCAACACGT-1_GSM8367861-1,GSE271055,GSM8367861,pooled_pair,control,unannotated,train
15207,AACTTCTTCGAGAACG-1_GSM8367861-1,GSE271055,GSM8367861,pooled_pair,control,unannotated,train
16260,AGCTACATCGGTGTAT-1_GSM8367861-1,GSE271055,GSM8367861,pooled_pair,control,unannotated,train
20780,GGGCGTTCATCGGATT-1_GSM8367861-1,GSE271055,GSM8367861,pooled_pair,control,unannotated,train
18313,CCTACGTTCACTGGTA-1_GSM8367861-1,GSE271055,GSM8367861,pooled_pair,control,unannotated,train
22946,TCTCTGGGTGCGGCTT-1_GSM8367861-1,GSE271055,GSM8367861,pooled_pair,control,unannotated,train
16547,AGTCACATCATGTCTT-1_GSM8367861-1,GSE271055,GSM8367861,pooled_pair,control,unannotated,train
18761,CGTGATACAGTAGAGC-1_GSM8367861-1,GSE271055,GSM8367861,pooled_pair,control,unannotated,train
16672,ATACCTTTCTCCAATT-1_GSM8367861-1,GSE271055,GSM8367861,pooled_pair,control,unannotated,train
22587,TCCATGCAGGGTACGT-1_GSM8367861-1,GSE271055,GSM8367861,pooled_pair,control,unannotated,train
15800,ACGTACATCCCGATCT-1_GSM8367861-1,GSE271055,GSM8367861,pooled_pair,control,unannotated,train
24224,TTGTGGAGTAGGACCA-1_GSM8367861-1,GSE271055,GSM8367861,pooled_pair,control,unannotated,train
18624,CGGAATTTCCACTGAA-1_GSM8367861-1,GSE271055,GSM8367861,pooled_pair,control,unannotated,train
18290,CCTAACCAGGTCACCC-1_GSM8367861-1,GSE271055,GSM8367861,pooled_pair,control,unannotated,train
21982,TACTTACGTCCAAGAG-1_GSM8367861-1,GSE271055,GSM8367861,pooled_pair,control,unannotated,train
18478,CGAGAAGAGTCTTGGT-1_GSM8367861-1,GSE271055,GSM8367861,pooled_pair,control,unannotated,train
18679,CGGTCAGAGAGCCCAA-1_GSM8367861-1,GSE271055,GSM8367861,pooled_pair,control,unannotated,train
19555,GAAGGGTTCTAACGCA-1_GSM8367861-1,GSE271055,GSM8367861,pooled_pair,control,unannotated,train
16557,AGTCTCCCAAGGATGC-1_GSM8367861-1,GSE271055,GSM8367861,pooled_pair,control,unannotated,train
23491,TGGTACATCGAGAATA-1_GSM8367861-1,GSE271055,GSM8367861,pooled_pair,control,unannotated,train
21187,GTCATCCAGCGAAACC-1_GSM8367861-1,GSE271055,GSM8367861,pooled_pair,control,unannotated,train
20537,GGAGCAACACGGAAGT-1_GSM8367861-1,GSE271055,GSM8367861,pooled_pair,control,unannotated,train
20684,GGGACAAAGGCACTCC-1_GSM8367861-1,GSE271055,GSM8367861,pooled_pair,control,unannotated,train
15434,AATGGAATCAGACAAA-1_GSM8367861-1,GSE271055,GSM8367861,pooled_pair,control,unannotated,train
20363,GCGTGCAAGGTGCCTC-1_GSM8367861-1,GSE271055,GSM8367861,pooled_pair,control,unannotated,train
21369,GTGATGTGTACAGAGC-1_GSM8367861-1,GSE271055,GSM8367861,pooled_pair,control,unannotated,train
18353,CCTCATGAGATAGTCA-1_GSM8367861-1,GSE271055,GSM8367861,pooled_pair,control,unannotated,train
15256,AAGCATCTCACCACAA-1_GSM8367861-1,GSE271055,GSM8367861,pooled_pair,control,unannotated,train
16155,AGATCGTGTTCGAGCC-1_GSM8367861-1,GSE271055,GSM8367861,pooled_pair,control,unannotated,train
22377,TCAGGGCTCGCTATTT-1_GSM8367861-1,GSE271055,GSM8367861,pooled_pair,control,unannotated,train
16210,AGCCAGCAGACGAAGA-1_GSM8367861-1,GSE271055,GSM8367861,pooled_pair,control,unannotated,train
15861,ACTATGGAGTGTTCCA-1_GSM8367861-1,GSE271055,GSM8367861,pooled_pair,control,unannotated,train
23496,TGGTAGTAGTCATTGC-1_GSM8367861-1,GSE271055,GSM8367861,pooled_pair,control,unannotated,train
17733,CATAGACCAGTTGAAA-1_GSM8367861-1,GSE271055,GSM8367861,pooled_pair,control,unannotated,train
21184,GTCAGCGGTGGAGGTT-1_GSM8367861-1,GSE271055,GSM8367861,pooled_pair,control,unannotated,train
21310,GTCTGTCCAAATCCCA-1_GSM8367861-1,GSE271055,GSM8367861,pooled_pair,control,unannotated,train
23478,TGGGTTAAGTTCATGC-1_GSM8367861-1,GSE271055,GSM8367861,pooled_pair,control,unannotated,train
22703,TCCTTCTAGCTGAGCA-1_GSM8367861-1,GSE271055,GSM8367861,pooled_pair,control,unannotated,train
23634,TGTGCGGCATGATCTG-1_GSM8367861-1,GSE271055,GSM8367861,pooled_pair,control,unannotated,train
22298,TCACACCGTTTGTTGG-1_GSM8367861-1,GSE271055,GSM8367861,pooled_pair,control,unannotated,train
22477,TCATGGAAGTAGGAAG-1_GSM8367861-1,GSE271055,GSM8367861,pooled_pair,control,unannotated,train
18719,CGTCAAAGTATTCTCT-1_GSM8367861-1,GSE271055,GSM8367861,pooled_pair,control,unannotated,train
20672,GGCTTTCGTTGGCTAT-1_GSM8367861-1,GSE271055,GSM8367861,pooled_pair,control,unannotated,train
18320,CCTATCGTCCTGGTCT-1_GSM8367861-1,GSE271055,GSM8367861,pooled_pair,control,unannotated,train
17844,CATGCCTCAACGATTC-1_GSM8367861-1,GSE271055,GSM8367861,pooled_pair,control,unannotated,train
19263,CTGGACGTCCAGTGCG-1_GSM8367861-1,GSE271055,GSM8367861,pooled_pair,control,unannotated,train
15529,ACACTGACACAGACGA-1_GSM8367861-1,GSE271055,GSM8367861,pooled_pair,control,unannotated,train
19854,GAGTCATTCGTACCTC-1_GSM8367861-1,GSE271055,GSM8367861,pooled_pair,control,unannotated,train
20191,GCATCTCCAGAGGTTG-1_GSM8367861-1,GSE271055,GSM8367861,pooled_pair,control,unannotated,train
21331,GTGACGCTCTTCCACG-1_GSM8367861-1,GSE271055,GSM8367861,pooled_pair,control,unannotated,train
23975,TTCCTCTGTCCTACGG-1_GSM8367861-1,GSE271055,GSM8367861,pooled_pair,control,unannotated,train
14976,AAACGAAAGCGAACTG-1_GSM8367861-1,GSE271055,GSM8367861,pooled_pair,control,unannotated,train
23807,TTACTGTGTGTTGAGG-1_GSM8367861-1,GSE271055,GSM8367861,pooled_pair,control,unannotated,train
15987,ACTTTGTCAATTCTTC-1_GSM8367861-1,GSE271055,GSM8367861,pooled_pair,control,unannotated,train
17836,CATGCAACACAGTCAT-1_GSM8367861-1,GSE271055,GSM8367861,pooled_pair,control,unannotated,train
15871,ACTATTCGTAGACACG-1_GSM8367861-1,GSE271055,GSM8367861,pooled_pair,control,unannotated,train
23091,TGAGACTGTAGGTTTC-1_GSM8367861-1,GSE271055,GSM8367861,pooled_pair,control,unannotated,train
21567,GTTAGTGAGAGTATAC-1_GSM8367861-1,GSE271055,GSM8367861,pooled_pair,control,unannotated,train
19248,CTGCTCACATGCCGGT-1_GSM8367861-1,GSE271055,GSM8367861,pooled_pair,control,unannotated,train
18615,CGGAACCTCGCACTCT-1_GSM8367861-1,GSE271055,GSM8367861,pooled_pair,control,unannotated,train
17546,CAGAGCCCAATGCAAA-1_GSM8367861-1,GSE271055,GSM8367861,pooled_pair,control,unannotated,train
17845,CATGCCTCACGACCTG-1_GSM8367861-1,GSE271055,GSM8367861,pooled_pair,control,unannotated,train
16403,AGGGCCTTCCTGCCAT-1_GSM8367861-1,GSE271055,GSM8367861,pooled_pair,control,unannotated,train
24042,TTCTAACGTAACGGTG-1_GSM8367861-1,GSE271055,GSM8367861,pooled_pair,control,unannotated,train
19283,CTGTACCAGGTTTGAA-1_GSM8367861-1,GSE271055,GSM8367861,pooled_pair,control,unannotated,train
20360,GCGGATCTCGCCTAGG-1_GSM8367861-1,GSE271055,GSM8367861,pooled_pair,control,unannotated,train
19720,GACTCTCAGTAGGTTA-1_GSM8367861-1,GSE271055,GSM8367861,pooled_pair,control,unannotated,train
20374,GCGTTTCAGTTGCGCC-1_GSM8367861-1,GSE271055,GSM8367861,pooled_pair,control,unannotated,train
21493,GTGTGGCCAAAGACTA-1_GSM8367861-1,GSE271055,GSM8367861,pooled_pair,control,unannotated,train
20317,GCCTGTTGTGGACTAG-1_GSM8367861-1,GSE271055,GSM8367861,pooled_pair,control,unannotated,train
19810,GAGGCAAAGCCTGAAG-1_GSM8367861-1,GSE271055,GSM8367861,pooled_pair,control,unannotated,train
20906,GGTCACGTCTACACTT-1_GSM8367861-1,GSE271055,GSM8367861,pooled_pair,control,unannotated,train
22770,TCGCAGGAGGAGATAG-1_GSM8367861-1,GSE271055,GSM8367861,pooled_pair,control,unannotated,train
23119,TGAGGAGCATCCTCAC-1_GSM8367861-1,GSE271055,GSM8367861,pooled_pair,control,unannotated,train
18789,CGTTAGAGTATCACCA-1_GSM8367861-1,GSE271055,GSM8367861,pooled_pair,control,unannotated,train
23180,TGATGCAGTTCCGCGA-1_GSM8367861-1,GSE271055,GSM8367861,pooled_pair,control,unannotated,train
17634,CAGGCCAAGGGAGGCA-1_GSM8367861-1,GSE271055,GSM8367861,pooled_pair,control,unannotated,train
17332,CAAGGGAAGTACGAGC-1_GSM8367861-1,GSE271055,GSM8367861,pooled_pair,control,unannotated,train
15611,ACCAAACGTTTGAACC-1_GSM8367861-1,GSE271055,GSM8367861,pooled_pair,control,unannotated,train
22900,TCTATCAAGACCACGA-1_GSM8367861-1,GSE271055,GSM8367861,pooled_pair,control,unannotated,train
23880,TTCAGGAAGAGTCTGG-1_GSM8367861-1,GSE271055,GSM8367861,pooled_pair,control,unannotated,train
23369,TGCTTGCTCTATGTGG-1_GSM8367861-1,GSE271055,GSM8367861,pooled_pair,control,unannotated,train
19627,GACATCACAACGTTAC-1_GSM8367861-1,GSE271055,GSM8367861,pooled_pair,control,unannotated,train
15501,ACACAGTAGTATGGAT-1_GSM8367861-1,GSE271055,GSM8367861,pooled_pair,control,unannotated,train
18301,CCTAAGAAGCGTTCCG-1_GSM8367861-1,GSE271055,GSM8367861,pooled_pair,control,unannotated,train
24047,TTCTAACTCACACCGG-1_GSM8367861-1,GSE271055,GSM8367861,pooled_pair,control,unannotated,train
17249,CAACAGTAGACGATAT-1_GSM8367861-1,GSE271055,GSM8367861,pooled_pair,control,unannotated,train
21208,GTCATTTGTAGTCACT-1_GSM8367861-1,GSE271055,GSM8367861,pooled_pair,control,unannotated,train
15878,ACTCCCACAGCAGATG-1_GSM8367861-1,GSE271055,GSM8367861,pooled_pair,control,unannotated,train
17320,CAAGAGGTCCTTCTAA-1_GSM8367861-1,GSE271055,GSM8367861,pooled_pair,control,unannotated,train
20384,GCTACAACAAACACGG-1_GSM8367861-1,GSE271055,GSM8367861,pooled_pair,control,unannotated,train
18007,CCACACTCACGGTCTG-1_GSM8367861-1,GSE271055,GSM8367861,pooled_pair,control,unannotated,train
23321,TGCTCCACACCAGTTA-1_GSM8367861-1,GSE271055,GSM8367861,pooled_pair,control,unannotated,train
17536,CACTTCGCAGCTGTTA-1_GSM8367861-1,GSE271055,GSM8367861,pooled_pair,control,unannotated,train
15979,ACTTTCACACACGGAA-1_GSM8367861-1,GSE271055,GSM8367861,pooled_pair,control,unannotated,train
22756,TCGATTTCATCCTATT-1_GSM8367861-1,GSE271055,GSM8367861,pooled_pair,control,unannotated,train
21537,GTTACCCGTCCTCATC-1_GSM8367861-1,GSE271055,GSM8367861,pooled_pair,control,unannotated,train
15893,ACTGATGCAGTGACCC-1_GSM8367861-1,GSE271055,GSM8367861,pooled_pair,control,unannotated,train
18410,CCTGTTGAGGACAGTC-1_GSM8367861-1,GSE271055,GSM8367861,pooled_pair,control,unannotated,train
16543,AGTCAACTCTCCGAGG-1_GSM8367861-1,GSE271055,GSM8367861,pooled_pair,control,unannotated,train
17348,CAATACGCACTTTATC-1_GSM8367861-1,GSE271055,GSM8367861,pooled_pair,control,unannotated,train
21306,GTCTCACTCGACGCTG-1_GSM8367861-1,GSE271055,GSM8367861,pooled_pair,control,unannotated,train
17962,CCAAGCGGTATCATGC-1_GSM8367861-1,GSE271055,GSM8367861,pooled_pair,control,unannotated,train
21349,GTGAGGAGTTATGTGC-1_GSM8367861-1,GSE271055,GSM8367861,pooled_pair,control,unannotated,train
19308,CTGTAGATCGCTTACC-1_GSM8367861-1,GSE271055,GSM8367861,pooled_pair,control,unannotated,train
21816,TAATTCCTCATCGCAA-1_GSM8367861-1,GSE271055,GSM8367861,pooled_pair,control,unannotated,train
17896,CATTCATTCCATACTT-1_GSM8367861-1,GSE271055,GSM8367861,pooled_pair,control,unannotated,train
22218,TATTTCGCAAGAATAC-1_GSM8367861-1,GSE271055,GSM8367861,pooled_pair,control,unannotated,train
18529,CGATCGGAGGTTACCT-1_GSM8367861-1,GSE271055,GSM8367861,pooled_pair,control,unannotated,train
17603,CAGCAGCAGAGTGACC-1_GSM8367861-1,GSE271055,GSM8367861,pooled_pair,control,unannotated,train
22631,TCCGAAAAGTCTAGCT-1_GSM8367861-1,GSE271055,GSM8367861,pooled_pair,control,unannotated,train
19376,CTTCCGATCACCGGTG-1_GSM8367861-1,GSE271055,GSM8367861,pooled_pair,control,unannotated,train
16553,AGTCATGGTCCGGACT-1_GSM8367861-1,GSE271055,GSM8367861,pooled_pair,control,unannotated,train
15669,ACCCTTGGTTTCACTT-1_GSM8367861-1,GSE271055,GSM8367861,pooled_pair,control,unannotated,train
15774,ACGGTTACAGGTCAAG-1_GSM8367861-1,GSE271055,GSM8367861,pooled_pair,control,unannotated,train
17268,CAACCTCAGCGGTAGT-1_GSM8367861-1,GSE271055,GSM8367861,pooled_pair,control,unannotated,train
20080,GCAACCGAGGACGGAG-1_GSM8367861-1,GSE271055,GSM8367861,pooled_pair,control,unannotated,train
23462,TGGGCGTTCGTTTACT-1_GSM8367861-1,GSE271055,GSM8367861,pooled_pair,control,unannotated,train
24240,TTGTTCAAGGCCTGCT-1_GSM8367861-1,GSE271055,GSM8367861,pooled_pair,control,unannotated,train
18549,CGATGGCCATACGCAT-1_GSM8367861-1,GSE271055,GSM8367861,pooled_pair,control,unannotated,train
21299,GTCTCACCAATACAGA-1_GSM8367861-1,GSE271055,GSM8367861,pooled_pair,control,unannotated,train
20210,GCATTAGCACCTCTGT-1_GSM8367861-1,GSE271055,GSM8367861,pooled_pair,control,unannotated,train
22512,TCATTCACATGCTGCG-1_GSM8367861-1,GSE271055,GSM8367861,pooled_pair,control,unannotated,train
22856,TCTAACTCAGTTGGTT-1_GSM8367861-1,GSE271055,GSM8367861,pooled_pair,control,unannotated,train
22380,TCAGGTACATCTAGAC-1_GSM8367861-1,GSE271055,GSM8367861,pooled_pair,control,unannotated,train
20733,GGGAGTAAGATTGACA-1_GSM8367861-1,GSE271055,GSM8367861,pooled_pair,control,unannotated,train
17101,ATTATCCTCCCTGGTT-1_GSM8367861-1,GSE271055,GSM8367861,pooled_pair,control,unannotated,train
20393,GCTACCTCATCTATCT-1_GSM8367861-1,GSE271055,GSM8367861,pooled_pair,control,unannotated,train
20623,GGCAGTCTCGCCAGAC-1_GSM8367861-1,GSE271055,GSM8367861,pooled_pair,control,unannotated,train
19812,GAGGCAAGTGAAGCTG-1_GSM8367861-1,GSE271055,GSM8367861,pooled_pair,control,unannotated,train
20244,GCCAGGTGTGCTCGTG-1_GSM8367861-1,GSE271055,GSM8367861,pooled_pair,control,unannotated,train
23121,TGAGGAGGTAGAATAC-1_GSM8367861-1,GSE271055,GSM8367861,pooled_pair,control,unannotated,train
18057,CCACTTGAGGATTCCT-1_GSM8367861-1,GSE271055,GSM8367861,pooled_pair,control,unannotated,train
21024,GTAAGTCAGTGCACTT-1_GSM8367861-1,GSE271055,GSM8367861,pooled_pair,control,unannotated,train
18610,CGCGTGACACTACACA-1_GSM8367861-1,GSE271055,GSM8367861,pooled_pair,control,unannotated,train
15318,AAGTACCTCCTACGGG-1_GSM8367861-1,GSE271055,GSM8367861,pooled_pair,control,unannotated,train
24228,TTGTGGATCAGACCCG-1_GSM8367861-1,GSE271055,GSM8367861,pooled_pair,control,unannotated,train
20480,GGAACCCTCCATTTGT-1_GSM8367861-1,GSE271055,GSM8367861,pooled_pair,control,unannotated,train
18700,CGTAATGCACTGGAAG-1_GSM8367861-1,GSE271055,GSM8367861,pooled_pair,control,unannotated,train
17181,ATTCTACTCTTTCAGT-1_GSM8367861-1,GSE271055,GSM8367861,pooled_pair,control,unannotated,train
15563,ACATCCCTCTGGCCGA-1_GSM8367861-1,GSE271055,GSM8367861,pooled_pair,control,unannotated,train
23266,TGCCGAGAGGCACCAA-1_GSM8367861-1,GSE271055,GSM8367861,pooled_pair,control,unannotated,train
22418,TCAGTTTGTGGGCTTC-1_GSM8367861-1,GSE271055,GSM8367861,pooled_pair,control,unannotated,train
20778,GGGCGTTAGCGCTTCG-1_GSM8367861-1,GSE271055,GSM8367861,pooled_pair,control,unannotated,train
17163,ATTCGTTGTACGGATG-1_GSM8367861-1,GSE271055,GSM8367861,pooled_pair,control,unannotated,train
20113,GCACGTGCAGAACTTC-1_GSM8367861-1,GSE271055,GSM8367861,pooled_pair,control,unannotated,train
21877,TACCCACGTCCCGGTA-1_GSM8367861-1,GSE271055,GSM8367861,pooled_pair,control,unannotated,train
19119,CTCTCAGGTTAGGGAC-1_GSM8367861-1,GSE271055,GSM8367861,pooled_pair,control,unannotated,train
16387,AGGCTGCTCTAATTCC-1_GSM8367861-1,GSE271055,GSM8367861,pooled_pair,control,unannotated,train
20414,GCTGAATCATATGCGT-1_GSM8367861-1,GSE271055,GSM8367861,pooled_pair,control,unannotated,train
17445,CACCAAAGTTCCTAGA-1_GSM8367861-1,GSE271055,GSM8367861,pooled_pair,control,unannotated,train
17612,CAGCCAGAGACTACCT-1_GSM8367861-1,GSE271055,GSM8367861,pooled_pair,control,unannotated,train
16434,AGGGTTTGTTCCTTGC-1_GSM8367861-1,GSE271055,GSM8367861,pooled_pair,control,unannotated,train
24132,TTGATGGTCTCTATGT-1_GSM8367861-1,GSE271055,GSM8367861,pooled_pair,control,unannotated,train
21089,GTAGAGGCAGGCAATG-1_GSM8367861-1,GSE271055,GSM8367861,pooled_pair,control,unannotated,train
16481,AGGTTGTAGCACGGAT-1_GSM8367861-1,GSE271055,GSM8367861,pooled_pair,control,unannotated,train
16656,ATACCGACAGGACGAT-1_GSM8367861-1,GSE271055,GSM8367861,pooled_pair,control,unannotated,train
18751,CGTGAATGTCTTGGTA-1_GSM8367861-1,GSE271055,GSM8367861,pooled_pair,control,unannotated,train
19532,GAAGCGACAGCGACCT-1_GSM8367861-1,GSE271055,GSM8367861,pooled_pair,control,unannotated,train
18561,CGCAGGTGTATTGACC-1_GSM8367861-1,GSE271055,GSM8367861,pooled_pair,control,unannotated,train
17884,CATGGTAAGAGGTCAC-1_GSM8367861-1,GSE271055,GSM8367861,pooled_pair,control,unannotated,train
16997,ATGCGATGTCTGTGAT-1_GSM8367861-1,GSE271055,GSM8367861,pooled_pair,control,unannotated,train
19286,CTGTACCAGTCGAAAT-1_GSM8367861-1,GSE271055,GSM8367861,pooled_pair,control,unannotated,train
23042,TGACAGTAGGTTAAAC-1_GSM8367861-1,GSE271055,GSM8367861,pooled_pair,control,unannotated,train
15683,ACCGTTCGTTTATGCG-1_GSM8367861-1,GSE271055,GSM8367861,pooled_pair,control,unannotated,train
19331,CTGTGAAGTAGAGACC-1_GSM8367861-1,GSE271055,GSM8367861,pooled_pair,control,unannotated,train
21429,GTGGAAGTCGCTGACG-1_GSM8367861-1,GSE271055,GSM8367861,pooled_pair,control,unannotated,train
20571,GGAGGTAAGTTCCGGC-1_GSM8367861-1,GSE271055,GSM8367861,pooled_pair,control,unannotated,train
21647,GTTGCTCCATGGGATG-1_GSM8367861-1,GSE271055,GSM8367861,pooled_pair,control,unannotated,train
15203,AACTTCTGTAGGATAT-1_GSM8367861-1,GSE271055,GSM8367861,pooled_pair,control,unannotated,train
18394,CCTCTCCGTCGTTGGC-1_GSM8367861-1,GSE271055,GSM8367861,pooled_pair,control,unannotated,train
23653,TGTGTGAGTGTCACAT-1_GSM8367861-1,GSE271055,GSM8367861,pooled_pair,control,unannotated,train
18456,CGAATTGCATCGCCTT-1_GSM8367861-1,GSE271055,GSM8367861,pooled_pair,control,unannotated,train
24350,TTTCCTCCAACTCATG-1_GSM8367861-1,GSE271055,GSM8367861,pooled_pair,control,unannotated,train
18002,CCACAAAGTGTCGCTG-1_GSM8367861-1,GSE271055,GSM8367861,pooled_pair,control,unannotated,train
17762,CATCCACAGCAGCCTC-1_GSM8367861-1,GSE271055,GSM8367861,pooled_pair,control,unannotated,train
23719,TGTTGGAGTTGTGCAT-1_GSM8367861-1,GSE271055,GSM8367861,pooled_pair,control,unannotated,train
19455,CTTTCGGAGCCATTTG-1_GSM8367861-1,GSE271055,GSM8367861,pooled_pair,control,unannotated,train
18665,CGGGCATGTGTATCCA-1_GSM8367861-1,GSE271055,GSM8367861,pooled_pair,control,unannotated,train
22660,TCCTAATCATGGGTCC-1_GSM8367861-1,GSE271055,GSM8367861,pooled_pair,control,unannotated,train
22110,TAGTGCACAGAAGCTG-1_GSM8367861-1,GSE271055,GSM8367861,pooled_pair,control,unannotated,train
15580,ACATGCAAGGCTTCCG-1_GSM8367861-1,GSE271055,GSM8367861,pooled_pair,control,unannotated,train
19392,CTTCCTTGTGCACGCT-1_GSM8367861-1,GSE271055,GSM8367861,pooled_pair,control,unannotated,train
21256,GTCGCGATCACTTGTT-1_GSM8367861-1,GSE271055,GSM8367861,pooled_pair,control,unannotated,train
19414,CTTCTAACAGGGTTGA-1_GSM8367861-1,GSE271055,GSM8367861,pooled_pair,control,unannotated,train
21765,TAAGCACGTGATGTAA-1_GSM8367861-1,GSE271055,GSM8367861,pooled_pair,control,unannotated,train
18712,CGTAGTAGTAAGCAAT-1_GSM8367861-1,GSE271055,GSM8367861,pooled_pair,control,unannotated,train
22174,TATCTGTTCCATCACC-1_GSM8367861-1,GSE271055,GSM8367861,pooled_pair,control,unannotated,train
20067,GATTTCTCAAATCGGG-1_GSM8367861-1,GSE271055,GSM8367861,pooled_pair,control,unannotated,train
15612,ACCAAACTCACAAGGG-1_GSM8367861-1,GSE271055,GSM8367861,pooled_pair,control,unannotated,train
21386,GTGCAGCCACGTAACT-1_GSM8367861-1,GSE271055,GSM8367861,pooled_pair,control,unannotated,train
22584,TCCATCGTCGTCTAAG-1_GSM8367861-1,GSE271055,GSM8367861,pooled_pair,control,unannotated,train
17115,ATTCACTGTTGACTAC-1_GSM8367861-1,GSE271055,GSM8367861,pooled_pair,control,unannotated,train
24362,TTTCGATTCAAGCCTA-1_GSM8367861-1,GSE271055,GSM8367861,pooled_pair,control,unannotated,train
20424,GCTGCAGGTGAATGTA-1_GSM8367861-1,GSE271055,GSM8367861,pooled_pair,control,unannotated,train
16701,ATAGAGACAGTAGAAT-1_GSM8367861-1,GSE271055,GSM8367861,pooled_pair,control,unannotated,train
17064,ATGTCTTTCGAACCAT-1_GSM8367861-1,GSE271055,GSM8367861,pooled_pair,control,unannotated,train
23673,TGTTCATCAGTCTTCC-1_GSM8367861-1,GSE271055,GSM8367861,pooled_pair,control,unannotated,train
22895,TCTATACGTGCAGTGA-1_GSM8367861-1,GSE271055,GSM8367861,pooled_pair,control,unannotated,train
15577,ACATCGATCCAGCAAT-1_GSM8367861-1,GSE271055,GSM8367861,pooled_pair,control,unannotated,train
18573,CGCATAACAGACCATT-1_GSM8367861-1,GSE271055,GSM8367861,pooled_pair,control,unannotated,train
18861,CTACCCATCTGTCCCA-1_GSM8367861-1,GSE271055,GSM8367861,pooled_pair,control,unannotated,train
19836,GAGGGATTCCACAGGC-1_GSM8367861-1,GSE271055,GSM8367861,pooled_pair,control,unannotated,train
15695,ACCTACCCAGCTACTA-1_GSM8367861-1,GSE271055,GSM8367861,pooled_pair,control,unannotated,train
20973,GGTGTTATCGGACTTA-1_GSM8367861-1,GSE271055,GSM8367861,pooled_pair,control,unannotated,train
21160,GTCAAGTCAGCTTCCT-1_GSM8367861-1,GSE271055,GSM8367861,pooled_pair,control,unannotated,train
22044,TAGAGTCCAGGGATAC-1_GSM8367861-1,GSE271055,GSM8367861,pooled_pair,control,unannotated,train
19299,CTGTACCTCTGCTGAA-1_GSM8367861-1,GSE271055,GSM8367861,pooled_pair,control,unannotated,train
17161,ATTCGTTCAATGTCTG-1_GSM8367861-1,GSE271055,GSM8367861,pooled_pair,control,unannotated,train
23675,TGTTCATGTCATTGCA-1_GSM8367861-1,GSE271055,GSM8367861,pooled_pair,control,unannotated,train
18696,CGTAATGAGTCATGGG-1_GSM8367861-1,GSE271055,GSM8367861,pooled_pair,control,unannotated,train
15270,AAGCGAGCACAGTCCG-1_GSM8367861-1,GSE271055,GSM8367861,pooled_pair,control,unannotated,train
17344,CAATACGCAACCACAT-1_GSM8367861-1,GSE271055,GSM8367861,pooled_pair,control,unannotated,train
18319,CCTATCGGTTGTCTAG-1_GSM8367861-1,GSE271055,GSM8367861,pooled_pair,control,unannotated,train
22023,TAGACTGAGTTTCTTC-1_GSM8367861-1,GSE271055,GSM8367861,pooled_pair,control,unannotated,train
20062,GATTTCTAGCACTCTA-1_GSM8367861-1,GSE271055,GSM8367861,pooled_pair,control,unannotated,train
19240,CTGCGAGTCAGGAGAC-1_GSM8367861-1,GSE271055,GSM8367861,pooled_pair,control,unannotated,train
17674,CAGTGCGTCGAACGCC-1_GSM8367861-1,GSE271055,GSM8367861,pooled_pair,control,unannotated,train
21254,GTCGCGAGTCTGCATA-1_GSM8367861-1,GSE271055,GSM8367861,pooled_pair,control,unannotated,train
21192,GTCATCCCAGACGGAT-1_GSM8367861-1,GSE271055,GSM8367861,pooled_pair,control,unannotated,train
17887,CATGGTACACACAGAG-1_GSM8367861-1,GSE271055,GSM8367861,pooled_pair,control,unannotated,train
22416,TCAGTTTCACCGGCTA-1_GSM8367861-1,GSE271055,GSM8367861,pooled_pair,control,unannotated,train
17087,ATTACTCGTGTGACCC-1_GSM8367861-1,GSE271055,GSM8367861,pooled_pair,control,unannotated,train
15457,AATTTCCAGCCGGAAT-1_GSM8367861-1,GSE271055,GSM8367861,pooled_pair,control,unannotated,train
21189,GTCATCCAGTTCACTG-1_GSM8367861-1,GSE271055,GSM8367861,pooled_pair,control,unannotated,train
20280,GCCCAGACACAGCCTG-1_GSM8367861-1,GSE271055,GSM8367861,pooled_pair,control,unannotated,train
20282,GCCCAGACATACATCG-1_GSM8367861-1,GSE271055,GSM8367861,pooled_pair,control,unannotated,train
22510,TCATTCACAACGCCCA-1_GSM8367861-1,GSE271055,GSM8367861,pooled_pair,control,unannotated,train
19178,CTGAGGCTCCGGCTTT-1_GSM8367861-1,GSE271055,GSM8367861,pooled_pair,control,unannotated,train
17171,ATTCTACGTACAACGG-1_GSM8367861-1,GSE271055,GSM8367861,pooled_pair,control,unannotated,train
16014,AGAACAATCATTCGTT-1_GSM8367861-1,GSE271055,GSM8367861,pooled_pair,control,unannotated,train
18257,CCGGTGATCACCCATC-1_GSM8367861-1,GSE271055,GSM8367861,pooled_pair,control,unannotated,train
20718,GGGAGATCAGACCTGC-1_GSM8367861-1,GSE271055,GSM8367861,pooled_pair,control,unannotated,train
17520,CACTGGGTCGCCATAA-1_GSM8367861-1,GSE271055,GSM8367861,pooled_pair,control,unannotated,train
19723,GACTCTCGTGAGGAAA-1_GSM8367861-1,GSE271055,GSM8367861,pooled_pair,control,unannotated,train
15051,AAAGTCCGTGAGATTA-1_GSM8367861-1,GSE271055,GSM8367861,pooled_pair,control,unannotated,train
23782,TTACGTTAGATCGGTG-1_GSM8367861-1,GSE271055,GSM8367861,pooled_pair,control,unannotated,train
18973,CTCAGAAAGACTAAGT-1_GSM8367861-1,GSE271055,GSM8367861,pooled_pair,control,unannotated,train
17472,CACGGGTTCAGCGCAC-1_GSM8367861-1,GSE271055,GSM8367861,pooled_pair,control,unannotated,train
20830,GGGTCTGCATACAGGG-1_GSM8367861-1,GSE271055,GSM8367861,pooled_pair,control,unannotated,train
19434,CTTGAGATCGTCTCAC-1_GSM8367861-1,GSE271055,GSM8367861,pooled_pair,control,unannotated,train
24027,TTCGGTCCAGCCGGTT-1_GSM8367861-1,GSE271055,GSM8367861,pooled_pair,control,unannotated,train
22831,TCGGTCTTCGACGCTG-1_GSM8367861-1,GSE271055,GSM8367861,pooled_pair,control,unannotated,train
21020,GTAACCATCTTCCGTG-1_GSM8367861-1,GSE271055,GSM8367861,pooled_pair,control,unannotated,train
24041,TTCTAACCATCGGCCA-1_GSM8367861-1,GSE271055,GSM8367861,pooled_pair,control,unannotated,train
19595,GAATCGTCATCATCCC-1_GSM8367861-1,GSE271055,GSM8367861,pooled_pair,control,unannotated,train
16742,ATCACAGTCGCCAACG-1_GSM8367861-1,GSE271055,GSM8367861,pooled_pair,control,unannotated,train
17604,CAGCAGCAGGTGCCAA-1_GSM8367861-1,GSE271055,GSM8367861,pooled_pair,control,unannotated,train
16100,AGACTCACAAGCTGTT-1_GSM8367861-1,GSE271055,GSM8367861,pooled_pair,control,unannotated,train
19023,CTCATTAAGCACTTTG-1_GSM8367861-1,GSE271055,GSM8367861,pooled_pair,control,unannotated,train
15443,AATGGCTTCCAAGCCG-1_GSM8367861-1,GSE271055,GSM8367861,pooled_pair,control,unannotated,train
19022,CTCATGCTCATACAGC-1_GSM8367861-1,GSE271055,GSM8367861,pooled_pair,control,unannotated,train
22413,TCAGTTTAGAAAGTCT-1_GSM8367861-1,GSE271055,GSM8367861,pooled_pair,control,unannotated,train
17002,ATGGAGGGTAATACCC-1_GSM8367861-1,GSE271055,GSM8367861,pooled_pair,control,unannotated,train
21277,GTCTACCAGGTGCAGT-1_GSM8367861-1,GSE271055,GSM8367861,pooled_pair,control,unannotated,train
23163,TGATCAGTCGATCCCT-1_GSM8367861-1,GSE271055,GSM8367861,pooled_pair,control,unannotated,train
17189,ATTCTTGGTCCGGTCA-1_GSM8367861-1,GSE271055,GSM8367861,pooled_pair,control,unannotated,train
19896,GAGTTACTCTCACCCA-1_GSM8367861-1,GSE271055,GSM8367861,pooled_pair,control,unannotated,train
15319,AAGTACCTCTCTCTAA-1_GSM8367861-1,GSE271055,GSM8367861,pooled_pair,control,unannotated,train
22217,TATTTCGAGACCATAA-1_GSM8367861-1,GSE271055,GSM8367861,pooled_pair,control,unannotated,train
21118,GTAGGAGGTCACGTGC-1_GSM8367861-1,GSE271055,GSM8367861,pooled_pair,control,unannotated,train
23704,TGTTCTATCTTACTGT-1_GSM8367861-1,GSE271055,GSM8367861,pooled_pair,control,unannotated,train
21524,GTTACAGCACAGCATT-1_GSM8367861-1,GSE271055,GSM8367861,pooled_pair,control,unannotated,train
18028,CCACCATTCAAGAATG-1_GSM8367861-1,GSE271055,GSM8367861,pooled_pair,control,unannotated,train
22093,TAGGTACAGGTTCAGG-1_GSM8367861-1,GSE271055,GSM8367861,pooled_pair,control,unannotated,train
21227,GTCCCATAGCAGCAGT-1_GSM8367861-1,GSE271055,GSM8367861,pooled_pair,control,unannotated,train
20508,GGACGTCAGGAGGTTC-1_GSM8367861-1,GSE271055,GSM8367861,pooled_pair,control,unannotated,train
15660,ACCCTTGAGACGCCCT-1_GSM8367861-1,GSE271055,GSM8367861,pooled_pair,control,unannotated,train
22560,TCCACGTTCTGGGCCA-1_GSM8367861-1,GSE271055,GSM8367861,pooled_pair,control,unannotated,train
17575,CAGATTGAGTGGCAGT-1_GSM8367861-1,GSE271055,GSM8367861,pooled_pair,control,unannotated,train
22658,TCCTAATAGTCGCGAA-1_GSM8367861-1,GSE271055,GSM8367861,pooled_pair,control,unannotated,train
16984,ATGCCTCAGTAACCTC-1_GSM8367861-1,GSE271055,GSM8367861,pooled_pair,control,unannotated,train
15947,ACTTATCGTCCTTTGC-1_GSM8367861-1,GSE271055,GSM8367861,pooled_pair,control,unannotated,train
24130,TTGATGGGTATATGGA-1_GSM8367861-1,GSE271055,GSM8367861,pooled_pair,control,unannotated,train
18937,CTCAACCGTTGGCCGT-1_GSM8367861-1,GSE271055,GSM8367861,pooled_pair,control,unannotated,train
20070,GATTTCTCATCTAGAC-1_GSM8367861-1,GSE271055,GSM8367861,pooled_pair,control,unannotated,train
17627,CAGCGTGCAGCAGAAC-1_GSM8367861-1,GSE271055,GSM8367861,pooled_pair,control,unannotated,train
21981,TACTTACGTAAGGCTG-1_GSM8367861-1,GSE271055,GSM8367861,pooled_pair,control,unannotated,train
22996,TCTTGCGCACAGTCGC-1_GSM8367861-1,GSE271055,GSM8367861,pooled_pair,control,unannotated,train
17060,ATGTCTTCAAGGGTCA-1_GSM8367861-1,GSE271055,GSM8367861,pooled_pair,control,unannotated,train
21206,GTCATTTAGCTGAAAT-1_GSM8367861-1,GSE271055,GSM8367861,pooled_pair,control,unannotated,train
19427,CTTGAGAAGATCCCGC-1_GSM8367861-1,GSE271055,GSM8367861,pooled_pair,control,unannotated,train
17376,CAATGACGTCTCGACG-1_GSM8367861-1,GSE271055,GSM8367861,pooled_pair,control,unannotated,train
18944,CTCAAGACAAGCCCAC-1_GSM8367861-1,GSE271055,GSM8367861,pooled_pair,control,unannotated,train
21047,GTAATGCCACAAGCAG-1_GSM8367861-1,GSE271055,GSM8367861,pooled_pair,control,unannotated,train
15705,ACCTGAAAGACATACA-1_GSM8367861-1,GSE271055,GSM8367861,pooled_pair,control,unannotated,train
15862,ACTATGGCAAGTGTCT-1_GSM8367861-1,GSE271055,GSM8367861,pooled_pair,control,unannotated,train
20531,GGAGATGGTTCGGTAT-1_GSM8367861-1,GSE271055,GSM8367861,pooled_pair,control,unannotated,train
22362,TCAGCAAGTAGAGACC-1_GSM8367861-1,GSE271055,GSM8367861,pooled_pair,control,unannotated,train
18284,CCGTTCACAAGTTGGG-1_GSM8367861-1,GSE271055,GSM8367861,pooled_pair,control,unannotated,train
23741,TTACAGGCACAACGTT-1_GSM8367861-1,GSE271055,GSM8367861,pooled_pair,control,unannotated,train
17388,CACAACACAAATCAAG-1_GSM8367861-1,GSE271055,GSM8367861,pooled_pair,control,unannotated,train
23444,TGGGATTAGAGTCCGA-1_GSM8367861-1,GSE271055,GSM8367861,pooled_pair,control,unannotated,train
15694,ACCTACCCAGCCATTA-1_GSM8367861-1,GSE271055,GSM8367861,pooled_pair,control,unannotated,train
22796,TCGGATACACAACCGC-1_GSM8367861-1,GSE271055,GSM8367861,pooled_pair,control,unannotated,train
15930,ACTGTGATCATAGACC-1_GSM8367861-1,GSE271055,GSM8367861,pooled_pair,control,unannotated,train
19833,GAGGGATCAGACCAAG-1_GSM8367861-1,GSE271055,GSM8367861,pooled_pair,control,unannotated,train
21624,GTTGAACGTCCAAGAG-1_GSM8367861-1,GSE271055,GSM8367861,pooled_pair,control,unannotated,train
17308,CAAGACTGTCTGTGTA-1_GSM8367861-1,GSE271055,GSM8367861,pooled_pair,control,unannotated,train
22523,TCATTGTCAAGTATCC-1_GSM8367861-1,GSE271055,GSM8367861,pooled_pair,control,unannotated,train
24196,TTGGGTAAGTTGGAAT-1_GSM8367861-1,GSE271055,GSM8367861,pooled_pair,control,unannotated,train
16350,AGGATCTTCTCTATGT-1_GSM8367861-1,GSE271055,GSM8367861,pooled_pair,control,unannotated,train
18383,CCTCTAGTCACCATAG-1_GSM8367861-1,GSE271055,GSM8367861,pooled_pair,control,unannotated,train
17287,CAACGATCATGGTACT-1_GSM8367861-1,GSE271055,GSM8367861,pooled_pair,control,unannotated,train
17978,CCAATGATCGATACGT-1_GSM8367861-1,GSE271055,GSM8367861,pooled_pair,control,unannotated,train
19483,GAACACTCACCGTGGT-1_GSM8367861-1,GSE271055,GSM8367861,pooled_pair,control,unannotated,train
22580,TCCATCGTCACCATAG-1_GSM8367861-1,GSE271055,GSM8367861,pooled_pair,control,unannotated,train
16645,AGTTCGATCATGGGAG-1_GSM8367861-1,GSE271055,GSM8367861,pooled_pair,control,unannotated,train
21998,TACTTGTCACTTACAG-1_GSM8367861-1,GSE271055,GSM8367861,pooled_pair,control,unannotated,train
15304,AAGGTAAAGGACTATA-1_GSM8367861-1,GSE271055,GSM8367861,pooled_pair,control,unannotated,train
15688,ACCTACCAGATGAACT-1_GSM8367861-1,GSE271055,GSM8367861,pooled_pair,control,unannotated,train
15937,ACTTAGGTCTGCGGGT-1_GSM8367861-1,GSE271055,GSM8367861,pooled_pair,control,unannotated,train
16649,AGTTCGATCTGCGATA-1_GSM8367861-1,GSE271055,GSM8367861,pooled_pair,control,unannotated,train
16093,AGACCCGAGCAGCAGT-1_GSM8367861-1,GSE271055,GSM8367861,pooled_pair,control,unannotated,train
15980,ACTTTCACACATCCCT-1_GSM8367861-1,GSE271055,GSM8367861,pooled_pair,control,unannotated,train
18620,CGGAATTCATGTCAGT-1_GSM8367861-1,GSE271055,GSM8367861,pooled_pair,control,unannotated,train
19549,GAAGGGTGTAACAGTA-1_GSM8367861-1,GSE271055,GSM8367861,pooled_pair,control,unannotated,train
22172,TATCTGTGTTATCCAG-1_GSM8367861-1,GSE271055,GSM8367861,pooled_pair,control,unannotated,train
21159,GTCAAGTCAAGGGCAT-1_GSM8367861-1,GSE271055,GSM8367861,pooled_pair,control,unannotated,train
22533,TCATTTGCAGTAGGAC-1_GSM8367861-1,GSE271055,GSM8367861,pooled_pair,control,unannotated,train
19606,GACACGCCAGTCTACA-1_GSM8367861-1,GSE271055,GSM8367861,pooled_pair,control,unannotated,train
15275,AAGCGAGCATGGCCAC-1_GSM8367861-1,GSE271055,GSM8367861,pooled_pair,control,unannotated,train
22893,TCTATACGTATAATGG-1_GSM8367861-1,GSE271055,GSM8367861,pooled_pair,control,unannotated,train
14972,AAACCCAGTGCGTCGT-1_GSM8367861-1,GSE271055,GSM8367861,pooled_pair,control,unannotated,train
19952,GATCCCTGTGCTTATG-1_GSM8367861-1,GSE271055,GSM8367861,pooled_pair,control,unannotated,train
22578,TCCATCGGTTCTCACC-1_GSM8367861-1,GSE271055,GSM8367861,pooled_pair,control,unannotated,train
16697,ATAGAGAAGGCCTTCG-1_GSM8367861-1,GSE271055,GSM8367861,pooled_pair,control,unannotated,train
23487,TGGTACAGTACAAGCG-1_GSM8367861-1,GSE271055,GSM8367861,pooled_pair,control,unannotated,train
20175,GCAGTTATCTATTTCG-1_GSM8367861-1,GSE271055,GSM8367861,pooled_pair,control,unannotated,train
21465,GTGGTTATCAAGTCGT-1_GSM8367861-1,GSE271055,GSM8367861,pooled_pair,control,unannotated,train
17994,CCACAAAAGCAGATAT-1_GSM8367861-1,GSE271055,GSM8367861,pooled_pair,control,unannotated,train
21837,TACACCCAGTCTGTAC-1_GSM8367861-1,GSE271055,GSM8367861,pooled_pair,control,unannotated,train
16318,AGGACTTAGGTCCCTG-1_GSM8367861-1,GSE271055,GSM8367861,pooled_pair,control,unannotated,train
21675,GTTGTCCGTGTTCCAA-1_GSM8367861-1,GSE271055,GSM8367861,pooled_pair,control,unannotated,train
22869,TCTACATCAGACAATA-1_GSM8367861-1,GSE271055,GSM8367861,pooled_pair,control,unannotated,train
16249,AGCGTCGCATTCACAG-1_GSM8367861-1,GSE271055,GSM8367861,pooled_pair,control,unannotated,train
20375,GCGTTTCGTAGAGCTG-1_GSM8367861-1,GSE271055,GSM8367861,pooled_pair,control,unannotated,train
16952,ATGAGGGCATAATCGC-1_GSM8367861-1,GSE271055,GSM8367861,pooled_pair,control,unannotated,train
22256,TCAAGTGCAGGTACGA-1_GSM8367861-1,GSE271055,GSM8367861,pooled_pair,control,unannotated,train
16518,AGTAGCTGTGTCTTAG-1_GSM8367861-1,GSE271055,GSM8367861,pooled_pair,control,unannotated,train
19058,CTCCCAACAACTTCTT-1_GSM8367861-1,GSE271055,GSM8367861,pooled_pair,control,unannotated,train
22439,TCATATCGTCGCACAC-1_GSM8367861-1,GSE271055,GSM8367861,pooled_pair,control,unannotated,train
22116,TAGTGCATCTTCGTAT-1_GSM8367861-1,GSE271055,GSM8367861,pooled_pair,control,unannotated,train
21407,GTGCTGGGTTGCGAAG-1_GSM8367861-1,GSE271055,GSM8367861,pooled_pair,control,unannotated,train
15148,AACCCAAGTAGTTCCA-1_GSM8367861-1,GSE271055,GSM8367861,pooled_pair,control,unannotated,train
21665,GTTGTAGTCGCCGAGT-1_GSM8367861-1,GSE271055,GSM8367861,pooled_pair,control,unannotated,train
20017,GATGTTGAGGTGCGAT-1_GSM8367861-1,GSE271055,GSM8367861,pooled_pair,control,unannotated,train
16739,ATCACAGCAGGCATTT-1_GSM8367861-1,GSE271055,GSM8367861,pooled_pair,control,unannotated,train
18283,CCGTTCACAAGACCTT-1_GSM8367861-1,GSE271055,GSM8367861,pooled_pair,control,unannotated,train
20777,GGGCGTTAGAAGGATG-1_GSM8367861-1,GSE271055,GSM8367861,pooled_pair,control,unannotated,train
18306,CCTAAGATCGCTCTAC-1_GSM8367861-1,GSE271055,GSM8367861,pooled_pair,control,unannotated,train
18590,CGCCAGAAGGGCCAAT-1_GSM8367861-1,GSE271055,GSM8367861,pooled_pair,control,unannotated,train
18617,CGGAATTAGCGGATCA-1_GSM8367861-1,GSE271055,GSM8367861,pooled_pair,control,unannotated,train
24190,TTGGGCGGTTGCGTAT-1_GSM8367861-1,GSE271055,GSM8367861,pooled_pair,control,unannotated,train
23717,TGTTGGACAAGCGATG-1_GSM8367861-1,GSE271055,GSM8367861,pooled_pair,control,unannotated,train
16859,ATCGGATCAGAGTAAT-1_GSM8367861-1,GSE271055,GSM8367861,pooled_pair,control,unannotated,train
23409,TGGATGTGTTGTTTGG-1_GSM8367861-1,GSE271055,GSM8367861,pooled_pair,control,unannotated,train
23158,TGATCAGCACTTGGCG-1_GSM8367861-1,GSE271055,GSM8367861,pooled_pair,control,unannotated,train
20880,GGTAATCAGTACTCGT-1_GSM8367861-1,GSE271055,GSM8367861,pooled_pair,control,unannotated,train
17039,ATGGTTGCAGACTCTA-1_GSM8367861-1,GSE271055,GSM8367861,pooled_pair,control,unannotated,train
15299,AAGGAATCAGCGGTCT-1_GSM8367861-1,GSE271055,GSM8367861,pooled_pair,control,unannotated,train
18817,CTAACTTCATGGGTTT-1_GSM8367861-1,GSE271055,GSM8367861,pooled_pair,control,unannotated,train
21058,GTACAACGTGCTCCGA-1_GSM8367861-1,GSE271055,GSM8367861,pooled_pair,control,unannotated,train
16568,AGTGACTAGAATGTTG-1_GSM8367861-1,GSE271055,GSM8367861,pooled_pair,control,unannotated,train
20147,GCAGCTGAGTTGCTGT-1_GSM8367861-1,GSE271055,GSM8367861,pooled_pair,control,unannotated,train
16644,AGTTCGATCACCCTCA-1_GSM8367861-1,GSE271055,GSM8367861,pooled_pair,control,unannotated,train
20659,GGCTTGGGTCAGATTC-1_GSM8367861-1,GSE271055,GSM8367861,pooled_pair,control,unannotated,train
19671,GACCGTGGTGAATAAC-1_GSM8367861-1,GSE271055,GSM8367861,pooled_pair,control,unannotated,train
24051,TTCTAGTCATCTTTCA-1_GSM8367861-1,GSE271055,GSM8367861,pooled_pair,control,unannotated,train
21280,GTCTACCGTTAGAGAT-1_GSM8367861-1,GSE271055,GSM8367861,pooled_pair,control,unannotated,train
22392,TCAGTCCCAGGATTCT-1_GSM8367861-1,GSE271055,GSM8367861,pooled_pair,control,unannotated,train
21642,GTTGCTCAGGATAATC-1_GSM8367861-1,GSE271055,GSM8367861,pooled_pair,control,unannotated,train
23138,TGAGGTTCAGGCACAA-1_GSM8367861-1,GSE271055,GSM8367861,pooled_pair,control,unannotated,train
21886,TACCCGTAGTCGCCAC-1_GSM8367861-1,GSE271055,GSM8367861,pooled_pair,control,unannotated,train
16529,AGTAGTCGTACGTGTT-1_GSM8367861-1,GSE271055,GSM8367861,pooled_pair,control,unannotated,train
17721,CATACTTAGTTCCAGT-1_GSM8367861-1,GSE271055,GSM8367861,pooled_pair,control,unannotated,train
21345,GTGAGCCTCTGTCTCG-1_GSM8367861-1,GSE271055,GSM8367861,pooled_pair,control,unannotated,train
23565,TGTAGACTCATAGGCT-1_GSM8367861-1,GSE271055,GSM8367861,pooled_pair,control,unannotated,train
17558,CAGATACCACGTTGGC-1_GSM8367861-1,GSE271055,GSM8367861,pooled_pair,control,unannotated,train
22520,TCATTCATCTCGTGGG-1_GSM8367861-1,GSE271055,GSM8367861,pooled_pair,control,unannotated,train
16376,AGGCCACGTTAAAGTG-1_GSM8367861-1,GSE271055,GSM8367861,pooled_pair,control,unannotated,train
21649,GTTGCTCGTCTGTAGT-1_GSM8367861-1,GSE271055,GSM8367861,pooled_pair,control,unannotated,train
22230,TCAAGACAGCCTATTG-1_GSM8367861-1,GSE271055,GSM8367861,pooled_pair,control,unannotated,train
20471,GGAACCCAGAGATTCA-1_GSM8367861-1,GSE271055,GSM8367861,pooled_pair,control,unannotated,train
17617,CAGCCAGGTCACTCGG-1_GSM8367861-1,GSE271055,GSM8367861,pooled_pair,control,unannotated,train
23716,TGTTGGACAACGACTT-1_GSM8367861-1,GSE271055,GSM8367861,pooled_pair,control,unannotated,train
21658,GTTGTAGGTACGAAAT-1_GSM8367861-1,GSE271055,GSM8367861,pooled_pair,control,unannotated,train
18619,CGGAATTCAGTGGTGA-1_GSM8367861-1,GSE271055,GSM8367861,pooled_pair,control,unannotated,train
15740,ACGATGTTCGTGCTCT-1_GSM8367861-1,GSE271055,GSM8367861,pooled_pair,control,unannotated,train
22656,TCCGTGTCATGATAGA-1_GSM8367861-1,GSE271055,GSM8367861,pooled_pair,control,unannotated,train
16855,ATCGGATAGAGTCTTC-1_GSM8367861-1,GSE271055,GSM8367861,pooled_pair,control,unannotated,train
18222,CCGGACAGTTCAAACC-1_GSM8367861-1,GSE271055,GSM8367861,pooled_pair,control,unannotated,train
20420,GCTGAATTCCCATTCG-1_GSM8367861-1,GSE271055,GSM8367861,pooled_pair,control,unannotated,train
16988,ATGCCTCGTGTCCGGT-1_GSM8367861-1,GSE271055,GSM8367861,pooled_pair,control,unannotated,train
19527,GAAGCCCGTTTGGAAA-1_GSM8367861-1,GSE271055,GSM8367861,pooled_pair,control,unannotated,train
17532,CACTGTCGTTATTCCT-1_GSM8367861-1,GSE271055,GSM8367861,pooled_pair,control,unannotated,train
21275,GTCTACCAGCATACTC-1_GSM8367861-1,GSE271055,GSM8367861,pooled_pair,control,unannotated,train
19280,CTGTACCAGAAGAGCA-1_GSM8367861-1,GSE271055,GSM8367861,pooled_pair,control,unannotated,train
16728,ATATCCTAGTAGAATC-1_GSM8367861-1,GSE271055,GSM8367861,pooled_pair,control,unannotated,train
19397,CTTCGGTAGAAACTCA-1_GSM8367861-1,GSE271055,GSM8367861,pooled_pair,control,unannotated,train
16888,ATCGTGACACTCTCGT-1_GSM8367861-1,GSE271055,GSM8367861,pooled_pair,control,unannotated,train
18534,CGATCGGTCAGACTGT-1_GSM8367861-1,GSE271055,GSM8367861,pooled_pair,control,unannotated,train
19338,CTGTGGGTCGAGAGAC-1_GSM8367861-1,GSE271055,GSM8367861,pooled_pair,control,unannotated,train
18010,CCACACTCATAGTCAC-1_GSM8367861-1,GSE271055,GSM8367861,pooled_pair,control,unannotated,train
22802,TCGGGACAGAGGCCAT-1_GSM8367861-1,GSE271055,GSM8367861,pooled_pair,control,unannotated,train
16045,AGAAGTATCAATCCAG-1_GSM8367861-1,GSE271055,GSM8367861,pooled_pair,control,unannotated,train
16079,AGACAGGCACTAAACC-1_GSM8367861-1,GSE271055,GSM8367861,pooled_pair,control,unannotated,train
19212,CTGCCATCACGTACAT-1_GSM8367861-1,GSE271055,GSM8367861,pooled_pair,control,unannotated,train
15417,AATGCCAAGTAATCCC-1_GSM8367861-1,GSE271055,GSM8367861,pooled_pair,control,unannotated,train
17639,CAGGCCACATACCACA-1_GSM8367861-1,GSE271055,GSM8367861,pooled_pair,control,unannotated,train
20980,GGTTAACCAACCTAAC-1_GSM8367861-1,GSE271055,GSM8367861,pooled_pair,control,unannotated,train
15481,ACAAAGAGTATAGGGC-1_GSM8367861-1,GSE271055,GSM8367861,pooled_pair,control,unannotated,train
23553,TGTACAGTCAGCCCAG-1_GSM8367861-1,GSE271055,GSM8367861,pooled_pair,control,unannotated,train
16203,AGCCACGCAGTCGTTA-1_GSM8367861-1,GSE271055,GSM8367861,pooled_pair,control,unannotated,train
20165,GCAGGCTGTTGCTTGA-1_GSM8367861-1,GSE271055,GSM8367861,pooled_pair,control,unannotated,train
23918,TTCCAATAGTCCCAGC-1_GSM8367861-1,GSE271055,GSM8367861,pooled_pair,control,unannotated,train
23076,TGACGCGTCTTACGGA-1_GSM8367861-1,GSE271055,GSM8367861,pooled_pair,control,unannotated,train
16668,ATACCTTCAGCCGGTT-1_GSM8367861-1,GSE271055,GSM8367861,pooled_pair,control,unannotated,train
21475,GTGTCCTCAGACCCGT-1_GSM8367861-1,GSE271055,GSM8367861,pooled_pair,control,unannotated,train
21850,TACAGGTAGTCAGAGC-1_GSM8367861-1,GSE271055,GSM8367861,pooled_pair,control,unannotated,train
23200,TGATTCTTCCAGTGCG-1_GSM8367861-1,GSE271055,GSM8367861,pooled_pair,control,unannotated,train
15167,AACCTTTCATCTGTTT-1_GSM8367861-1,GSE271055,GSM8367861,pooled_pair,control,unannotated,train
24005,TTCGATTGTGTAACGG-1_GSM8367861-1,GSE271055,GSM8367861,pooled_pair,control,unannotated,train
21603,GTTCGCTGTGCATGAG-1_GSM8367861-1,GSE271055,GSM8367861,pooled_pair,control,unannotated,train
23760,TTACCATCAGCAGACA-1_GSM8367861-1,GSE271055,GSM8367861,pooled_pair,control,unannotated,train
20406,GCTCAAAGTATAGGGC-1_GSM8367861-1,GSE271055,GSM8367861,pooled_pair,control,unannotated,train
18122,CCCGGAACAGGTTTAC-1_GSM8367861-1,GSE271055,GSM8367861,pooled_pair,control,unannotated,train
24195,TTGGGTAAGTGATAAC-1_GSM8367861-1,GSE271055,GSM8367861,pooled_pair,control,unannotated,train
24063,TTCTCTCCATGACGGA-1_GSM8367861-1,GSE271055,GSM8367861,pooled_pair,control,unannotated,train
23394,TGGATCACACGCGCTA-1_GSM8367861-1,GSE271055,GSM8367861,pooled_pair,control,unannotated,train
24192,TTGGGCGTCGTTAGAC-1_GSM8367861-1,GSE271055,GSM8367861,pooled_pair,control,unannotated,train
18735,CGTCCATGTGCAGGAT-1_GSM8367861-1,GSE271055,GSM8367861,pooled_pair,control,unannotated,train
16872,ATCGTAGCAATGCAAA-1_GSM8367861-1,GSE271055,GSM8367861,pooled_pair,control,unannotated,train
24302,TTTACTGTCGTAACTG-1_GSM8367861-1,GSE271055,GSM8367861,pooled_pair,control,unannotated,train
23810,TTACTGTTCCGTCACT-1_GSM8367861-1,GSE271055,GSM8367861,pooled_pair,control,unannotated,train
22105,TAGGTTGTCCATTTCA-1_GSM8367861-1,GSE271055,GSM8367861,pooled_pair,control,unannotated,train
16906,ATCTTCAAGCACTGGA-1_GSM8367861-1,GSE271055,GSM8367861,pooled_pair,control,unannotated,train
17069,ATTACCTCACCTGCTT-1_GSM8367861-1,GSE271055,GSM8367861,pooled_pair,control,unannotated,train
20158,GCAGGCTAGCAAACAT-1_GSM8367861-1,GSE271055,GSM8367861,pooled_pair,control,unannotated,train
22243,TCAAGCACACTTCCTG-1_GSM8367861-1,GSE271055,GSM8367861,pooled_pair,control,unannotated,train
24405,TTTGGTTGTTGATCGT-1_GSM8367861-1,GSE271055,GSM8367861,pooled_pair,control,unannotated,train
23379,TGGAGAGAGCCGTTGC-1_GSM8367861-1,GSE271055,GSM8367861,pooled_pair,control,unannotated,train
23225,TGCAGATTCTCTATAC-1_GSM8367861-1,GSE271055,GSM8367861,pooled_pair,control,unannotated,train
22681,TCCTCGACAGAGATGC-1_GSM8367861-1,GSE271055,GSM8367861,pooled_pair,control,unannotated,train
18157,CCCTGATAGATGAAGG-1_GSM8367861-1,GSE271055,GSM8367861,pooled_pair,control,unannotated,train
23643,TGTGGCGCATTGACAC-1_GSM8367861-1,GSE271055,GSM8367861,pooled_pair,control,unannotated,train
15581,ACATGCAAGGTTAGTA-1_GSM8367861-1,GSE271055,GSM8367861,pooled_pair,control,unannotated,train
15197,AACGTCATCGCTACGG-1_GSM8367861-1,GSE271055,GSM8367861,pooled_pair,control,unannotated,train
18064,CCACTTGGTCCTCCAT-1_GSM8367861-1,GSE271055,GSM8367861,pooled_pair,control,unannotated,train
16912,ATCTTCATCACAAGAA-1_GSM8367861-1,GSE271055,GSM8367861,pooled_pair,control,unannotated,train
15864,ACTATGGTCTCACCCA-1_GSM8367861-1,GSE271055,GSM8367861,pooled_pair,control,unannotated,train
20305,GCCGATGGTAATGTGA-1_GSM8367861-1,GSE271055,GSM8367861,pooled_pair,control,unannotated,train
16228,AGCGCCACAGGTGAGT-1_GSM8367861-1,GSE271055,GSM8367861,pooled_pair,control,unannotated,train
16374,AGGCCACGTGATACTC-1_GSM8367861-1,GSE271055,GSM8367861,pooled_pair,control,unannotated,train
17937,CATTGCCGTAACCCGC-1_GSM8367861-1,GSE271055,GSM8367861,pooled_pair,control,unannotated,train
24305,TTTAGTCAGCTTTCCC-1_GSM8367861-1,GSE271055,GSM8367861,pooled_pair,control,unannotated,train
19898,GAGTTGTAGACTCTAC-1_GSM8367861-1,GSE271055,GSM8367861,pooled_pair,control,unannotated,train
22242,TCAAGCACACCTGCGA-1_GSM8367861-1,GSE271055,GSM8367861,pooled_pair,control,unannotated,train
20089,GCAACCGTCGAATGCT-1_GSM8367861-1,GSE271055,GSM8367861,pooled_pair,control,unannotated,train
15310,AAGGTAAGTTGCCGAC-1_GSM8367861-1,GSE271055,GSM8367861,pooled_pair,control,unannotated,train
21050,GTAATGCTCTCTCAAT-1_GSM8367861-1,GSE271055,GSM8367861,pooled_pair,control,unannotated,train
18981,CTCAGAATCATCGCTC-1_GSM8367861-1,GSE271055,GSM8367861,pooled_pair,control,unannotated,train
23517,TGGTTAGAGCTGGTGA-1_GSM8367861-1,GSE271055,GSM8367861,pooled_pair,control,unannotated,train
17137,ATTCCATGTGAGAACC-1_GSM8367861-1,GSE271055,GSM8367861,pooled_pair,control,unannotated,train
21607,GTTCTATAGAAGGGAT-1_GSM8367861-1,GSE271055,GSM8367861,pooled_pair,control,unannotated,train
18326,CCTCAACGTTACCGTA-1_GSM8367861-1,GSE271055,GSM8367861,pooled_pair,control,unannotated,train
17804,CATCGCTTCCCATACC-1_GSM8367861-1,GSE271055,GSM8367861,pooled_pair,control,unannotated,train
17867,CATGCTCCATGGCCAC-1_GSM8367861-1,GSE271055,GSM8367861,pooled_pair,control,unannotated,train
16094,AGACCCGCAGTGACCC-1_GSM8367861-1,GSE271055,GSM8367861,pooled_pair,control,unannotated,train
18576,CGCATAAGTAGTTAGA-1_GSM8367861-1,GSE271055,GSM8367861,pooled_pair,control,unannotated,train
23249,TGCATCCCACCTCTGT-1_GSM8367861-1,GSE271055,GSM8367861,pooled_pair,control,unannotated,train
19902,GAGTTGTGTCGGTGAA-1_GSM8367861-1,GSE271055,GSM8367861,pooled_pair,control,unannotated,train
23368,TGCTTGCTCCCATTTA-1_GSM8367861-1,GSE271055,GSM8367861,pooled_pair,control,unannotated,train
15600,ACATTTCCATTCTCCG-1_GSM8367861-1,GSE271055,GSM8367861,pooled_pair,control,unannotated,train
24202,TTGGGTATCATGCAGT-1_GSM8367861-1,GSE271055,GSM8367861,pooled_pair,control,unannotated,train
15717,ACCTGTCTCACTTATC-1_GSM8367861-1,GSE271055,GSM8367861,pooled_pair,control,unannotated,train
24048,TTCTAACTCCGTGGTG-1_GSM8367861-1,GSE271055,GSM8367861,pooled_pair,control,unannotated,train
20933,GGTGATTCACGACAAG-1_GSM8367861-1,GSE271055,GSM8367861,pooled_pair,control,unannotated,train
20535,GGAGCAAAGCTGTACT-1_GSM8367861-1,GSE271055,GSM8367861,pooled_pair,control,unannotated,train
21733,TAACCAGGTGTATCCA-1_GSM8367861-1,GSE271055,GSM8367861,pooled_pair,control,unannotated,train
20763,GGGCCATAGCGTGTTT-1_GSM8367861-1,GSE271055,GSM8367861,pooled_pair,control,unannotated,train
17998,CCACAAACAGAGTTCT-1_GSM8367861-1,GSE271055,GSM8367861,pooled_pair,control,unannotated,train
20493,GGAATCTCACAATCTG-1_GSM8367861-1,GSE271055,GSM8367861,pooled_pair,control,unannotated,train
23991,TTCCTTCTCACTTTGT-1_GSM8367861-1,GSE271055,GSM8367861,pooled_pair,control,unannotated,train
22834,TCGTAGAAGCTCGAAG-1_GSM8367861-1,GSE271055,GSM8367861,pooled_pair,control,unannotated,train
16262,AGCTCAAAGAGAGCAA-1_GSM8367861-1,GSE271055,GSM8367861,pooled_pair,control,unannotated,train
21579,GTTATGGTCCTCAGGG-1_GSM8367861-1,GSE271055,GSM8367861,pooled_pair,control,unannotated,train
21409,GTGCTGGTCATCTATC-1_GSM8367861-1,GSE271055,GSM8367861,pooled_pair,control,unannotated,train
16180,AGCATCACACTGGCGT-1_GSM8367861-1,GSE271055,GSM8367861,pooled_pair,control,unannotated,train
23160,TGATCAGGTTGGGTAG-1_GSM8367861-1,GSE271055,GSM8367861,pooled_pair,control,unannotated,train
14988,AAACGAAGTGGTGATG-1_GSM8367861-1,GSE271055,GSM8367861,pooled_pair,control,unannotated,train
18893,CTAGACAGTCTGTGCG-1_GSM8367861-1,GSE271055,GSM8367861,pooled_pair,control,unannotated,train
15696,ACCTACCCATGCCGGT-1_GSM8367861-1,GSE271055,GSM8367861,pooled_pair,control,unannotated,train
15369,AATAGAGTCGTAACTG-1_GSM8367861-1,GSE271055,GSM8367861,pooled_pair,control,unannotated,train
17533,CACTGTCGTTGCGGCT-1_GSM8367861-1,GSE271055,GSM8367861,pooled_pair,control,unannotated,train
18661,CGGGCATCAGACCAGA-1_GSM8367861-1,GSE271055,GSM8367861,pooled_pair,control,unannotated,train
16074,AGACACTTCTGGCCAG-1_GSM8367861-1,GSE271055,GSM8367861,pooled_pair,control,unannotated,train
20664,GGCTTTCAGCCTCTCT-1_GSM8367861-1,GSE271055,GSM8367861,pooled_pair,control,unannotated,train
16344,AGGATCTAGGGACACT-1_GSM8367861-1,GSE271055,GSM8367861,pooled_pair,control,unannotated,train
20354,GCGGATCGTCGCAACC-1_GSM8367861-1,GSE271055,GSM8367861,pooled_pair,control,unannotated,train
18018,CCACACTTCCAACTAG-1_GSM8367861-1,GSE271055,GSM8367861,pooled_pair,control,unannotated,train
22289,TCACAAGTCCATGAGT-1_GSM8367861-1,GSE271055,GSM8367861,pooled_pair,control,unannotated,train
21761,TAACTTCTCGTGACTA-1_GSM8367861-1,GSE271055,GSM8367861,pooled_pair,control,unannotated,train
21224,GTCCACTTCGCTAATG-1_GSM8367861-1,GSE271055,GSM8367861,pooled_pair,control,unannotated,train
17933,CATTGCCAGGTCGACA-1_GSM8367861-1,GSE271055,GSM8367861,pooled_pair,control,unannotated,train
18926,CTCAACCAGCTCGAAG-1_GSM8367861-1,GSE271055,GSM8367861,pooled_pair,control,unannotated,train
22829,TCGGTCTCAGGTACGA-1_GSM8367861-1,GSE271055,GSM8367861,pooled_pair,control,unannotated,train
16826,ATCCTATCAATACGAA-1_GSM8367861-1,GSE271055,GSM8367861,pooled_pair,control,unannotated,train
16889,ATCGTGACAGCTACCG-1_GSM8367861-1,GSE271055,GSM8367861,pooled_pair,control,unannotated,train
24326,TTTCACAGTTACACAC-1_GSM8367861-1,GSE271055,GSM8367861,pooled_pair,control,unannotated,train
23988,TTCCTTCGTCCGTTTC-1_GSM8367861-1,GSE271055,GSM8367861,pooled_pair,control,unannotated,train
22628,TCCCATGTCGTTGTTT-1_GSM8367861-1,GSE271055,GSM8367861,pooled_pair,control,unannotated,train
15982,ACTTTCAGTATAGGGC-1_GSM8367861-1,GSE271055,GSM8367861,pooled_pair,control,unannotated,train
16926,ATGAAAGTCTTTCGAT-1_GSM8367861-1,GSE271055,GSM8367861,pooled_pair,control,unannotated,train
21559,GTTAGACAGGTAAGAG-1_GSM8367861-1,GSE271055,GSM8367861,pooled_pair,control,unannotated,train
19561,GAAGTAAAGTACAGAT-1_GSM8367861-1,GSE271055,GSM8367861,pooled_pair,control,unannotated,train
15242,AAGATAGAGAGAAGGT-1_GSM8367861-1,GSE271055,GSM8367861,pooled_pair,control,unannotated,train
18795,CGTTCTGGTTGCCGCA-1_GSM8367861-1,GSE271055,GSM8367861,pooled_pair,control,unannotated,train
21717,TAACACGCAGGCGATA-1_GSM8367861-1,GSE271055,GSM8367861,pooled_pair,control,unannotated,train
15737,ACGATGTGTATTTCGG-1_GSM8367861-1,GSE271055,GSM8367861,pooled_pair,control,unannotated,train
21081,GTAGAGGAGCCTGTCG-1_GSM8367861-1,GSE271055,GSM8367861,pooled_pair,control,unannotated,train
18585,CGCATGGGTTAGAGAT-1_GSM8367861-1,GSE271055,GSM8367861,pooled_pair,control,unannotated,train
15133,AACCACAGTACGCTTA-1_GSM8367861-1,GSE271055,GSM8367861,pooled_pair,control,unannotated,train
17638,CAGGCCACAGAGTGTG-1_GSM8367861-1,GSE271055,GSM8367861,pooled_pair,control,unannotated,train
21142,GTATTGGTCGAGAAGC-1_GSM8367861-1,GSE271055,GSM8367861,pooled_pair,control,unannotated,train
24077,TTCTGTATCAACGAGG-1_GSM8367861-1,GSE271055,GSM8367861,pooled_pair,control,unannotated,train
19121,CTCTCGAAGGCATGGT-1_GSM8367861-1,GSE271055,GSM8367861,pooled_pair,control,unannotated,train
22022,TAGACTGAGTATGTAG-1_GSM8367861-1,GSE271055,GSM8367861,pooled_pair,control,unannotated,train
24142,TTGCATTTCTCATGCC-1_GSM8367861-1,GSE271055,GSM8367861,pooled_pair,control,unannotated,train
18243,CCGGTAGCAAGAGATT-1_GSM8367861-1,GSE271055,GSM8367861,pooled_pair,control,unannotated,train
20100,GCACGGTCATCTAGAC-1_GSM8367861-1,GSE271055,GSM8367861,pooled_pair,control,unannotated,train
19114,CTCTCAGAGTAGGATT-1_GSM8367861-1,GSE271055,GSM8367861,pooled_pair,control,unannotated,train
21088,GTAGAGGCACTCTCGT-1_GSM8367861-1,GSE271055,GSM8367861,pooled_pair,control,unannotated,train
21153,GTCAAACCATCGTTCC-1_GSM8367861-1,GSE271055,GSM8367861,pooled_pair,control,unannotated,train
20860,GGGTTTACATACAGCT-1_GSM8367861-1,GSE271055,GSM8367861,pooled_pair,control,unannotated,train
23214,TGCACGGTCCGGCTTT-1_GSM8367861-1,GSE271055,GSM8367861,pooled_pair,control,unannotated,train
18037,CCACGAGGTAGTCGTT-1_GSM8367861-1,GSE271055,GSM8367861,pooled_pair,control,unannotated,train
17538,CACTTCGGTACGTGAG-1_GSM8367861-1,GSE271055,GSM8367861,pooled_pair,control,unannotated,train
17312,CAAGAGGAGCGTGAAC-1_GSM8367861-1,GSE271055,GSM8367861,pooled_pair,control,unannotated,train
18295,CCTAACCGTCCTATAG-1_GSM8367861-1,GSE271055,GSM8367861,pooled_pair,control,unannotated,train
21464,GTGGTTAGTTTCCATT-1_GSM8367861-1,GSE271055,GSM8367861,pooled_pair,control,unannotated,train
15906,ACTGTCCAGCATGCAG-1_GSM8367861-1,GSE271055,GSM8367861,pooled_pair,control,unannotated,train
18175,CCGAACGAGCGCATCC-1_GSM8367861-1,GSE271055,GSM8367861,pooled_pair,control,unannotated,train
23636,TGTGCGGGTCTGTAAC-1_GSM8367861-1,GSE271055,GSM8367861,pooled_pair,control,unannotated,train
15372,AATCACGAGATTGGGC-1_GSM8367861-1,GSE271055,GSM8367861,pooled_pair,control,unannotated,train
19578,GAATCACAGGTCATTC-1_GSM8367861-1,GSE271055,GSM8367861,pooled_pair,control,unannotated,train
24122,TTGAGTGGTAAGATTG-1_GSM8367861-1,GSE271055,GSM8367861,pooled_pair,control,unannotated,train
14973,AAACCCATCAGGACGA-1_GSM8367861-1,GSE271055,GSM8367861,pooled_pair,control,unannotated,train
19293,CTGTACCGTGTGACCC-1_GSM8367861-1,GSE271055,GSM8367861,pooled_pair,control,unannotated,train
17643,CAGGCCAGTATGTCCA-1_GSM8367861-1,GSE271055,GSM8367861,pooled_pair,control,unannotated,train
21012,GTAACACCAGGATTCT-1_GSM8367861-1,GSE271055,GSM8367861,pooled_pair,control,unannotated,train
21878,TACCCACGTGCAGATG-1_GSM8367861-1,GSE271055,GSM8367861,pooled_pair,control,unannotated,train
21547,GTTACGACAACCGGAA-1_GSM8367861-1,GSE271055,GSM8367861,pooled_pair,control,unannotated,train
18626,CGGACACCAGATTAAG-1_GSM8367861-1,GSE271055,GSM8367861,pooled_pair,control,unannotated,train
19365,CTTCCGAAGACTCTAC-1_GSM8367861-1,GSE271055,GSM8367861,pooled_pair,control,unannotated,train
15784,ACGTAACCAGGCCTGT-1_GSM8367861-1,GSE271055,GSM8367861,pooled_pair,control,unannotated,train
21095,GTAGAGGTCAAGGCTT-1_GSM8367861-1,GSE271055,GSM8367861,pooled_pair,control,unannotated,train
16272,AGCTCAATCATCACCC-1_GSM8367861-1,GSE271055,GSM8367861,pooled_pair,control,unannotated,train
20587,GGATGTTAGGATTCCT-1_GSM8367861-1,GSE271055,GSM8367861,pooled_pair,control,unannotated,train
19767,GAGACTTAGGTCACAG-1_GSM8367861-1,GSE271055,GSM8367861,pooled_pair,control,unannotated,train
21473,GTGTCCTAGTGAGTTA-1_GSM8367861-1,GSE271055,GSM8367861,pooled_pair,control,unannotated,train
16618,AGTTAGCTCATCGCTC-1_GSM8367861-1,GSE271055,GSM8367861,pooled_pair,control,unannotated,train
19484,GAACACTCACGCTATA-1_GSM8367861-1,GSE271055,GSM8367861,pooled_pair,control,unannotated,train
15958,ACTTCCGCACCTGCAG-1_GSM8367861-1,GSE271055,GSM8367861,pooled_pair,control,unannotated,train
20950,GGTGGCTGTTGCTCCT-1_GSM8367861-1,GSE271055,GSM8367861,pooled_pair,control,unannotated,train
19419,CTTCTAATCGTAGCTA-1_GSM8367861-1,GSE271055,GSM8367861,pooled_pair,control,unannotated,train
20496,GGAATCTGTCGAGTTT-1_GSM8367861-1,GSE271055,GSM8367861,pooled_pair,control,unannotated,train
18530,CGATCGGCAAGTTCGT-1_GSM8367861-1,GSE271055,GSM8367861,pooled_pair,control,unannotated,train
23780,TTACGCCTCATTCATC-1_GSM8367861-1,GSE271055,GSM8367861,pooled_pair,control,unannotated,train
23475,TGGGCTGTCTCTTGCG-1_GSM8367861-1,GSE271055,GSM8367861,pooled_pair,control,unannotated,train
19764,GAGACCCTCGGCAGTC-1_GSM8367861-1,GSE271055,GSM8367861,pooled_pair,control,unannotated,train
16617,AGTTAGCTCAAGCTTG-1_GSM8367861-1,GSE271055,GSM8367861,pooled_pair,control,unannotated,train
20475,GGAACCCCAATCTCTT-1_GSM8367861-1,GSE271055,GSM8367861,pooled_pair,control,unannotated,train
20694,GGGACCTGTACCTGTA-1_GSM8367861-1,GSE271055,GSM8367861,pooled_pair,control,unannotated,train
22078,TAGGAGGGTGATATAG-1_GSM8367861-1,GSE271055,GSM8367861,pooled_pair,control,unannotated,train
15002,AAACGCTTCGAACGCC-1_GSM8367861-1,GSE271055,GSM8367861,pooled_pair,control,unannotated,train
22894,TCTATACGTCGACGCT-1_GSM8367861-1,GSE271055,GSM8367861,pooled_pair,control,unannotated,train
21185,GTCAGCGGTTTGTGGT-1_GSM8367861-1,GSE271055,GSM8367861,pooled_pair,control,unannotated,train
24036,TTCTAACCAAGTTCCA-1_GSM8367861-1,GSE271055,GSM8367861,pooled_pair,control,unannotated,train
21232,GTCCCATCATCATCCC-1_GSM8367861-1,GSE271055,GSM8367861,pooled_pair,control,unannotated,train
15348,AAGTTCGCACCCTAGG-1_GSM8367861-1,GSE271055,GSM8367861,pooled_pair,control,unannotated,train
19152,CTGAATGCACAGAGAC-1_GSM8367861-1,GSE271055,GSM8367861,pooled_pair,control,unannotated,train
17294,CAACGGCCAATTAGGA-1_GSM8367861-1,GSE271055,GSM8367861,pooled_pair,control,unannotated,train
17813,CATCGGGGTCACGCTG-1_GSM8367861-1,GSE271055,GSM8367861,pooled_pair,control,unannotated,train
15588,ACATGCAGTTAAACAG-1_GSM8367861-1,GSE271055,GSM8367861,pooled_pair,control,unannotated,train
18166,CCCTTAGCAGCCTTCT-1_GSM8367861-1,GSE271055,GSM8367861,pooled_pair,control,unannotated,train
20741,GGGAGTAGTGGTTTGT-1_GSM8367861-1,GSE271055,GSM8367861,pooled_pair,control,unannotated,train
16424,AGGGTCCTCAGGTGTT-1_GSM8367861-1,GSE271055,GSM8367861,pooled_pair,control,unannotated,train
16570,AGTGACTAGTATAGGT-1_GSM8367861-1,GSE271055,GSM8367861,pooled_pair,control,unannotated,train
20309,GCCGTGAGTGTGATGG-1_GSM8367861-1,GSE271055,GSM8367861,pooled_pair,control,unannotated,train
20731,GGGAGATTCGCTATTT-1_GSM8367861-1,GSE271055,GSM8367861,pooled_pair,control,unannotated,train
17319,CAAGAGGTCCCGTGTT-1_GSM8367861-1,GSE271055,GSM8367861,pooled_pair,control,unannotated,train
16932,ATGACCACACACGTGC-1_GSM8367861-1,GSE271055,GSM8367861,pooled_pair,control,unannotated,train
21443,GTGGCGTAGGGCTGAT-1_GSM8367861-1,GSE271055,GSM8367861,pooled_pair,control,unannotated,train
18162,CCCTGATGTGGCTGAA-1_GSM8367861-1,GSE271055,GSM8367861,pooled_pair,control,unannotated,train
19930,GATCACAAGAGGTATT-1_GSM8367861-1,GSE271055,GSM8367861,pooled_pair,control,unannotated,train
18457,CGAATTGGTAGGATAT-1_GSM8367861-1,GSE271055,GSM8367861,pooled_pair,control,unannotated,train
20877,GGTAATCAGCTGTACT-1_GSM8367861-1,GSE271055,GSM8367861,pooled_pair,control,unannotated,train
24232,TTGTGTTAGGACAGTC-1_GSM8367861-1,GSE271055,GSM8367861,pooled_pair,control,unannotated,train
17409,CACAGATAGGGAGGAC-1_GSM8367861-1,GSE271055,GSM8367861,pooled_pair,control,unannotated,train
15839,ACTACGAAGGACTGGT-1_GSM8367861-1,GSE271055,GSM8367861,pooled_pair,control,unannotated,train
18659,CGGGCATAGCTCTATG-1_GSM8367861-1,GSE271055,GSM8367861,pooled_pair,control,unannotated,train
22123,TATACCTTCAATCCAG-1_GSM8367861-1,GSE271055,GSM8367861,pooled_pair,control,unannotated,train
16538,AGTCAACCAGAGTCAG-1_GSM8367861-1,GSE271055,GSM8367861,pooled_pair,control,unannotated,train
18231,CCGGGTAAGTCTGGAG-1_GSM8367861-1,GSE271055,GSM8367861,pooled_pair,control,unannotated,train
15520,ACACGCGCAGCAGTAG-1_GSM8367861-1,GSE271055,GSM8367861,pooled_pair,control,unannotated,train
23346,TGCTTCGAGGTTGGAC-1_GSM8367861-1,GSE271055,GSM8367861,pooled_pair,control,unannotated,train
18588,CGCCAGAAGCACCGTC-1_GSM8367861-1,GSE271055,GSM8367861,pooled_pair,control,unannotated,train
21244,GTCCTCATCGGAAGGT-1_GSM8367861-1,GSE271055,GSM8367861,pooled_pair,control,unannotated,train
23131,TGAGGGAGTAACAGTA-1_GSM8367861-1,GSE271055,GSM8367861,pooled_pair,control,unannotated,train
17714,CATACCCCATTAAAGG-1_GSM8367861-1,GSE271055,GSM8367861,pooled_pair,control,unannotated,train
24185,TTGGGCGAGCAATAGT-1_GSM8367861-1,GSE271055,GSM8367861,pooled_pair,control,unannotated,train
19724,GACTCTCGTTCCACAA-1_GSM8367861-1,GSE271055,GSM8367861,pooled_pair,control,unannotated,train
20873,GGTAACTGTGTCCACG-1_GSM8367861-1,GSE271055,GSM8367861,pooled_pair,control,unannotated,train
21773,TAAGCCACAACCACGC-1_GSM8367861-1,GSE271055,GSM8367861,pooled_pair,control,unannotated,train
15447,AATTCCTAGAGTGACC-1_GSM8367861-1,GSE271055,GSM8367861,pooled_pair,control,unannotated,train
18902,CTATAGGAGTAATTGG-1_GSM8367861-1,GSE271055,GSM8367861,pooled_pair,control,unannotated,train
19289,CTGTACCCACTGCTTC-1_GSM8367861-1,GSE271055,GSM8367861,pooled_pair,control,unannotated,train
19608,GACACGCGTCGGTACC-1_GSM8367861-1,GSE271055,GSM8367861,pooled_pair,control,unannotated,train
18808,CTAACCCCATTCCTAT-1_GSM8367861-1,GSE271055,GSM8367861,pooled_pair,control,unannotated,train
20586,GGATGTTAGGAGTATT-1_GSM8367861-1,GSE271055,GSM8367861,pooled_pair,control,unannotated,train
23269,TGCCGAGGTCAGTCCG-1_GSM8367861-1,GSE271055,GSM8367861,pooled_pair,control,unannotated,train
22794,TCGGATAAGCATATGA-1_GSM8367861-1,GSE271055,GSM8367861,pooled_pair,control,unannotated,train
17456,CACCGTTTCTTGGAAC-1_GSM8367861-1,GSE271055,GSM8367861,pooled_pair,control,unannotated,train
15196,AACGTCAGTAGCTGCC-1_GSM8367861-1,GSE271055,GSM8367861,pooled_pair,control,unannotated,train
24379,TTTGACTTCTTGTGCC-1_GSM8367861-1,GSE271055,GSM8367861,pooled_pair,control,unannotated,train
16347,AGGATCTGTTATTCTC-1_GSM8367861-1,GSE271055,GSM8367861,pooled_pair,control,unannotated,train
23728,TGTTTGTGTACCATAC-1_GSM8367861-1,GSE271055,GSM8367861,pooled_pair,control,unannotated,train
21745,TAACGACGTTCCACGG-1_GSM8367861-1,GSE271055,GSM8367861,pooled_pair,control,unannotated,train
16470,AGGTTACCAAGCGATG-1_GSM8367861-1,GSE271055,GSM8367861,pooled_pair,control,unannotated,train
18640,CGGAGAACATGGCTGC-1_GSM8367861-1,GSE271055,GSM8367861,pooled_pair,control,unannotated,train
19051,CTCCATGGTCTCTCCA-1_GSM8367861-1,GSE271055,GSM8367861,pooled_pair,control,unannotated,train
21641,GTTGCTCAGCCAACCC-1_GSM8367861-1,GSE271055,GSM8367861,pooled_pair,control,unannotated,train
19973,GATGACTCATGGGAAC-1_GSM8367861-1,GSE271055,GSM8367861,pooled_pair,control,unannotated,train
17651,CAGGGCTGTCGCATGC-1_GSM8367861-1,GSE271055,GSM8367861,pooled_pair,control,unannotated,train
16393,AGGGCCTAGACTTCGT-1_GSM8367861-1,GSE271055,GSM8367861,pooled_pair,control,unannotated,train
21793,TAAGCGTTCCTCTCTT-1_GSM8367861-1,GSE271055,GSM8367861,pooled_pair,control,unannotated,train
21229,GTCCCATCAACAACAA-1_GSM8367861-1,GSE271055,GSM8367861,pooled_pair,control,unannotated,train
20268,GCCATGGTCAGTCTTT-1_GSM8367861-1,GSE271055,GSM8367861,pooled_pair,control,unannotated,train
23326,TGCTCCAGTCATGGCC-1_GSM8367861-1,GSE271055,GSM8367861,pooled_pair,control,unannotated,train
22931,TCTCCGAAGCTAGATA-1_GSM8367861-1,GSE271055,GSM8367861,pooled_pair,control,unannotated,train
14996,AAACGCTGTATTCTCT-1_GSM8367861-1,GSE271055,GSM8367861,pooled_pair,control,unannotated,train
16291,AGGAAATGTAGCTCGC-1_GSM8367861-1,GSE271055,GSM8367861,pooled_pair,control,unannotated,train
18629,CGGACACGTACTCAAC-1_GSM8367861-1,GSE271055,GSM8367861,pooled_pair,control,unannotated,train
21339,GTGAGCCGTCTGTTAG-1_GSM8367861-1,GSE271055,GSM8367861,pooled_pair,control,unannotated,train
23340,TGCTGAACAATGAACA-1_GSM8367861-1,GSE271055,GSM8367861,pooled_pair,control,unannotated,train
22990,TCTTCCTTCCTCTAGC-1_GSM8367861-1,GSE271055,GSM8367861,pooled_pair,control,unannotated,train
15165,AACCTTTCACAAGTGG-1_GSM8367861-1,GSE271055,GSM8367861,pooled_pair,control,unannotated,train
23808,TTACTGTTCAAGAAAC-1_GSM8367861-1,GSE271055,GSM8367861,pooled_pair,control,unannotated,train
16449,AGGTCATAGCTAAACA-1_GSM8367861-1,GSE271055,GSM8367861,pooled_pair,control,unannotated,train
18720,CGTCAAAGTCCGAAGA-1_GSM8367861-1,GSE271055,GSM8367861,pooled_pair,control,unannotated,train
19272,CTGGTCTAGGGAGATA-1_GSM8367861-1,GSE271055,GSM8367861,pooled_pair,control,unannotated,train
16072,AGACACTTCGTTAGTG-1_GSM8367861-1,GSE271055,GSM8367861,pooled_pair,control,unannotated,train
16389,AGGGAGTCACAAGCAG-1_GSM8367861-1,GSE271055,GSM8367861,pooled_pair,control,unannotated,train
23083,TGACTCCGTACACGCC-1_GSM8367861-1,GSE271055,GSM8367861,pooled_pair,control,unannotated,train
19084,CTCCGATCAGCCTTCT-1_GSM8367861-1,GSE271055,GSM8367861,pooled_pair,control,unannotated,train
22766,TCGCACTGTCCTGTTC-1_GSM8367861-1,GSE271055,GSM8367861,pooled_pair,control,unannotated,train
15397,AATGAAGAGGCTGGAT-1_GSM8367861-1,GSE271055,GSM8367861,pooled_pair,control,unannotated,train
19575,GAATAGATCGAAGGAC-1_GSM8367861-1,GSE271055,GSM8367861,pooled_pair,control,unannotated,train
18139,CCCTCAATCCCTCTTT-1_GSM8367861-1,GSE271055,GSM8367861,pooled_pair,control,unannotated,train
22977,TCTGTCGGTACGAGCA-1_GSM8367861-1,GSE271055,GSM8367861,pooled_pair,control,unannotated,train
20934,GGTGATTCATGTTTGG-1_GSM8367861-1,GSE271055,GSM8367861,pooled_pair,control,unannotated,train
20184,GCATCTCAGCCATTGT-1_GSM8367861-1,GSE271055,GSM8367861,pooled_pair,control,unannotated,train
16128,AGAGCCCGTCAGACTT-1_GSM8367861-1,GSE271055,GSM8367861,pooled_pair,control,unannotated,train
20159,GCAGGCTCAAGCTCTA-1_GSM8367861-1,GSE271055,GSM8367861,pooled_pair,control,unannotated,train
15900,ACTGCAAAGGACAGCT-1_GSM8367861-1,GSE271055,GSM8367861,pooled_pair,control,unannotated,train
23426,TGGGAAGTCACCGCTT-1_GSM8367861-1,GSE271055,GSM8367861,pooled_pair,control,unannotated,train
19370,CTTCCGACAGTCAACT-1_GSM8367861-1,GSE271055,GSM8367861,pooled_pair,control,unannotated,train
22828,TCGGTCTCAGGCACAA-1_GSM8367861-1,GSE271055,GSM8367861,pooled_pair,control,unannotated,train
15681,ACCGTTCGTGAATAAC-1_GSM8367861-1,GSE271055,GSM8367861,pooled_pair,control,unannotated,train
15708,ACCTGAAGTACAATAG-1_GSM8367861-1,GSE271055,GSM8367861,pooled_pair,control,unannotated,train
15303,AAGGAATTCGGTCAGC-1_GSM8367861-1,GSE271055,GSM8367861,pooled_pair,control,unannotated,train
19975,GATGACTGTCCTATAG-1_GSM8367861-1,GSE271055,GSM8367861,pooled_pair,control,unannotated,train
17058,ATGTCTTAGAGTCAAT-1_GSM8367861-1,GSE271055,GSM8367861,pooled_pair,control,unannotated,train
22546,TCCACCAGTTTCCATT-1_GSM8367861-1,GSE271055,GSM8367861,pooled_pair,control,unannotated,train
15912,ACTGTCCCAGCTAACT-1_GSM8367861-1,GSE271055,GSM8367861,pooled_pair,control,unannotated,train
20647,GGCTGTGGTGTTCATG-1_GSM8367861-1,GSE271055,GSM8367861,pooled_pair,control,unannotated,train
16187,AGCATCATCTTGTTAC-1_GSM8367861-1,GSE271055,GSM8367861,pooled_pair,control,unannotated,train
15668,ACCCTTGCATGACACT-1_GSM8367861-1,GSE271055,GSM8367861,pooled_pair,control,unannotated,train
18645,CGGCAGTCAGAAATCA-1_GSM8367861-1,GSE271055,GSM8367861,pooled_pair,control,unannotated,train
18968,CTCACTGCACCTGCGA-1_GSM8367861-1,GSE271055,GSM8367861,pooled_pair,control,unannotated,train
22554,TCCACGTGTGGATCGA-1_GSM8367861-1,GSE271055,GSM8367861,pooled_pair,control,unannotated,train
16526,AGTAGTCCAATAGTGA-1_GSM8367861-1,GSE271055,GSM8367861,pooled_pair,control,unannotated,train
20582,GGATCTAGTCGCTGCA-1_GSM8367861-1,GSE271055,GSM8367861,pooled_pair,control,unannotated,train
21149,GTCAAACAGCAACTTC-1_GSM8367861-1,GSE271055,GSM8367861,pooled_pair,control,unannotated,train
20427,GCTGCAGTCCTCTGCA-1_GSM8367861-1,GSE271055,GSM8367861,pooled_pair,control,unannotated,train
16818,ATCCGTCTCTGGCCGA-1_GSM8367861-1,GSE271055,GSM8367861,pooled_pair,control,unannotated,train
20619,GGCAGTCTCACTCTTA-1_GSM8367861-1,GSE271055,GSM8367861,pooled_pair,control,unannotated,train
20884,GGTAATCGTATGGAGC-1_GSM8367861-1,GSE271055,GSM8367861,pooled_pair,control,unannotated,train
20935,GGTGATTTCAAACGTC-1_GSM8367861-1,GSE271055,GSM8367861,pooled_pair,control,unannotated,train
21900,TACCGAAAGCGAAACC-1_GSM8367861-1,GSE271055,GSM8367861,pooled_pair,control,unannotated,train
21963,TACGTCCTCTTCCCAG-1_GSM8367861-1,GSE271055,GSM8367861,pooled_pair,control,unannotated,train
19509,GAAGAATAGACCAGAC-1_GSM8367861-1,GSE271055,GSM8367861,pooled_pair,control,unannotated,train
22569,TCCAGAATCATCAGTG-1_GSM8367861-1,GSE271055,GSM8367861,pooled_pair,control,unannotated,train
23725,TGTTTGTCAACGACAG-1_GSM8367861-1,GSE271055,GSM8367861,pooled_pair,control,unannotated,train
19433,CTTGAGAGTGCGAACA-1_GSM8367861-1,GSE271055,GSM8367861,pooled_pair,control,unannotated,train
22718,TCCTTTCTCATTTCGT-1_GSM8367861-1,GSE271055,GSM8367861,pooled_pair,control,unannotated,train
16058,AGACACTAGGAAACGA-1_GSM8367861-1,GSE271055,GSM8367861,pooled_pair,control,unannotated,train
21601,GTTCGCTCACAACGCC-1_GSM8367861-1,GSE271055,GSM8367861,pooled_pair,control,unannotated,train
15860,ACTATGGAGGATTCCT-1_GSM8367861-1,GSE271055,GSM8367861,pooled_pair,control,unannotated,train
19682,GACGCTGGTACGATTC-1_GSM8367861-1,GSE271055,GSM8367861,pooled_pair,control,unannotated,train
21972,TACTTACAGAAACCCG-1_GSM8367861-1,GSE271055,GSM8367861,pooled_pair,control,unannotated,train
16851,ATCGCCTGTTGAGAGC-1_GSM8367861-1,GSE271055,GSM8367861,pooled_pair,control,unannotated,train
20792,GGGCTACTCGTAGCTA-1_GSM8367861-1,GSE271055,GSM8367861,pooled_pair,control,unannotated,train
23377,TGGAACTTCCTCCACA-1_GSM8367861-1,GSE271055,GSM8367861,pooled_pair,control,unannotated,train
21205,GTCATTTAGCCGATTT-1_GSM8367861-1,GSE271055,GSM8367861,pooled_pair,control,unannotated,train
22908,TCTATCATCAGACCCG-1_GSM8367861-1,GSE271055,GSM8367861,pooled_pair,control,unannotated,train
15452,AATTCCTTCATCTGTT-1_GSM8367861-1,GSE271055,GSM8367861,pooled_pair,control,unannotated,train
15445,AATGGCTTCTCTTAAC-1_GSM8367861-1,GSE271055,GSM8367861,pooled_pair,control,unannotated,train
17637,CAGGCCACACGTAACT-1_GSM8367861-1,GSE271055,GSM8367861,pooled_pair,control,unannotated,train
23113,TGAGCGCTCAAGGACG-1_GSM8367861-1,GSE271055,GSM8367861,pooled_pair,control,unannotated,train
22849,TCGTGGGCACTAAACC-1_GSM8367861-1,GSE271055,GSM8367861,pooled_pair,control,unannotated,train
16550,AGTCATGAGTTTCGAC-1_GSM8367861-1,GSE271055,GSM8367861,pooled_pair,control,unannotated,train
17809,CATCGGGCAGTTACCA-1_GSM8367861-1,GSE271055,GSM8367861,pooled_pair,control,unannotated,train
24028,TTCGGTCGTAATTAGG-1_GSM8367861-1,GSE271055,GSM8367861,pooled_pair,control,unannotated,train
15666,ACCCTTGCAAGTGATA-1_GSM8367861-1,GSE271055,GSM8367861,pooled_pair,control,unannotated,train
18737,CGTCCATTCGATCCCT-1_GSM8367861-1,GSE271055,GSM8367861,pooled_pair,control,unannotated,train
21000,GGTTGTACAAGCGAGT-1_GSM8367861-1,GSE271055,GSM8367861,pooled_pair,control,unannotated,train
18187,CCGATCTGTACGAGTG-1_GSM8367861-1,GSE271055,GSM8367861,pooled_pair,control,unannotated,train
15759,ACGGGTCTCCGGGACT-1_GSM8367861-1,GSE271055,GSM8367861,pooled_pair,control,unannotated,train
21672,GTTGTCCAGTAAAGCT-1_GSM8367861-1,GSE271055,GSM8367861,pooled_pair,control,unannotated,train
23868,TTCACCGTCGACGATT-1_GSM8367861-1,GSE271055,GSM8367861,pooled_pair,control,unannotated,train
17970,CCAATGAGTATGTCAC-1_GSM8367861-1,GSE271055,GSM8367861,pooled_pair,control,unannotated,train
19465,GAAACCTAGATAACAC-1_GSM8367861-1,GSE271055,GSM8367861,pooled_pair,control,unannotated,train
18762,CGTGATAGTAGAGCTG-1_GSM8367861-1,GSE271055,GSM8367861,pooled_pair,control,unannotated,train
16038,AGAAGTAAGCGACAGT-1_GSM8367861-1,GSE271055,GSM8367861,pooled_pair,control,unannotated,train
23657,TGTTACTAGTAACAGT-1_GSM8367861-1,GSE271055,GSM8367861,pooled_pair,control,unannotated,train
19629,GACATCACACGGTGTC-1_GSM8367861-1,GSE271055,GSM8367861,pooled_pair,control,unannotated,train
19279,CTGGTCTGTTGCTCAA-1_GSM8367861-1,GSE271055,GSM8367861,pooled_pair,control,unannotated,train
16487,AGTAACCAGTCCCTAA-1_GSM8367861-1,GSE271055,GSM8367861,pooled_pair,control,unannotated,train
17742,CATAGACGTTCCTAAG-1_GSM8367861-1,GSE271055,GSM8367861,pooled_pair,control,unannotated,train
24199,TTGGGTACATAGCTGT-1_GSM8367861-1,GSE271055,GSM8367861,pooled_pair,control,unannotated,train
22728,TCGAACAGTCACGACC-1_GSM8367861-1,GSE271055,GSM8367861,pooled_pair,control,unannotated,train
19449,CTTTCAACATGACGGA-1_GSM8367861-1,GSE271055,GSM8367861,pooled_pair,control,unannotated,train
17497,CACTAAGGTACTCAAC-1_GSM8367861-1,GSE271055,GSM8367861,pooled_pair,control,unannotated,train
24009,TTCGATTTCGATTTCT-1_GSM8367861-1,GSE271055,GSM8367861,pooled_pair,control,unannotated,train
22475,TCATGGAAGAGTCGAC-1_GSM8367861-1,GSE271055,GSM8367861,pooled_pair,control,unannotated,train
17509,CACTGAATCAAATGAG-1_GSM8367861-1,GSE271055,GSM8367861,pooled_pair,control,unannotated,train
18853,CTACCCACACGGCTAC-1_GSM8367861-1,GSE271055,GSM8367861,pooled_pair,control,unannotated,train
21546,GTTACGACAAAGGTTA-1_GSM8367861-1,GSE271055,GSM8367861,pooled_pair,control,unannotated,train
15454,AATTCCTTCTGGCCTT-1_GSM8367861-1,GSE271055,GSM8367861,pooled_pair,control,unannotated,train
19645,GACCAATGTATTCCGA-1_GSM8367861-1,GSE271055,GSM8367861,pooled_pair,control,unannotated,train
19816,GAGGCCTAGCATGAAT-1_GSM8367861-1,GSE271055,GSM8367861,pooled_pair,control,unannotated,train
15658,ACCCTCATCCGGACTG-1_GSM8367861-1,GSE271055,GSM8367861,pooled_pair,control,unannotated,train
21558,GTTAGACAGAGCAGTC-1_GSM8367861-1,GSE271055,GSM8367861,pooled_pair,control,unannotated,train
20505,GGAATGGTCGTAACCA-1_GSM8367861-1,GSE271055,GSM8367861,pooled_pair,control,unannotated,train
15322,AAGTCGTCAAAGCGTG-1_GSM8367861-1,GSE271055,GSM8367861,pooled_pair,control,unannotated,train
23898,TTCATGTGTCCACAGC-1_GSM8367861-1,GSE271055,GSM8367861,pooled_pair,control,unannotated,train
20510,GGACGTCCACAAATCC-1_GSM8367861-1,GSE271055,GSM8367861,pooled_pair,control,unannotated,train
21358,GTGAGTTGTAACAGTA-1_GSM8367861-1,GSE271055,GSM8367861,pooled_pair,control,unannotated,train
17465,CACGGGTCATACCGTA-1_GSM8367861-1,GSE271055,GSM8367861,pooled_pair,control,unannotated,train
15257,AAGCATCTCCCTAGGG-1_GSM8367861-1,GSE271055,GSM8367861,pooled_pair,control,unannotated,train
18866,CTACCTGCAGTATACC-1_GSM8367861-1,GSE271055,GSM8367861,pooled_pair,control,unannotated,train
18522,CGAGTTAGTGAAAGTT-1_GSM8367861-1,GSE271055,GSM8367861,pooled_pair,control,unannotated,train
20413,GCTGAATCAGTCGGAA-1_GSM8367861-1,GSE271055,GSM8367861,pooled_pair,control,unannotated,train
17541,CAGAGCCAGATGGGCT-1_GSM8367861-1,GSE271055,GSM8367861,pooled_pair,control,unannotated,train
21474,GTGTCCTCAAACGAGC-1_GSM8367861-1,GSE271055,GSM8367861,pooled_pair,control,unannotated,train
20895,GGTAGAGTCTGCGGAC-1_GSM8367861-1,GSE271055,GSM8367861,pooled_pair,control,unannotated,train
18734,CGTCCATGTAGTTACC-1_GSM8367861-1,GSE271055,GSM8367861,pooled_pair,control,unannotated,train
22621,TCCCATGCATAATCGC-1_GSM8367861-1,GSE271055,GSM8367861,pooled_pair,control,unannotated,train
24230,TTGTGGATCTCCGTGT-1_GSM8367861-1,GSE271055,GSM8367861,pooled_pair,control,unannotated,train
18709,CGTAGTAAGAGCAAGA-1_GSM8367861-1,GSE271055,GSM8367861,pooled_pair,control,unannotated,train
18453,CGAATTGAGATTACCC-1_GSM8367861-1,GSE271055,GSM8367861,pooled_pair,control,unannotated,train
22141,TATCAGGAGACTTGTC-1_GSM8367861-1,GSE271055,GSM8367861,pooled_pair,control,unannotated,train
19187,CTGATCCGTCAAAGAT-1_GSM8367861-1,GSE271055,GSM8367861,pooled_pair,control,unannotated,train
15429,AATGGAACAATAACGA-1_GSM8367861-1,GSE271055,GSM8367861,pooled_pair,control,unannotated,train
23206,TGCACGGAGAGCTTTC-1_GSM8367861-1,GSE271055,GSM8367861,pooled_pair,control,unannotated,train
18340,CCTCACAGTACCGTGC-1_GSM8367861-1,GSE271055,GSM8367861,pooled_pair,control,unannotated,train
16312,AGGACGACAGAACCGA-1_GSM8367861-1,GSE271055,GSM8367861,pooled_pair,control,unannotated,train
20643,GGCTGTGCAGTTTCGA-1_GSM8367861-1,GSE271055,GSM8367861,pooled_pair,control,unannotated,train
18177,CCGAACGCATGTTCGA-1_GSM8367861-1,GSE271055,GSM8367861,pooled_pair,control,unannotated,train
23519,TGGTTAGCAATCTAGC-1_GSM8367861-1,GSE271055,GSM8367861,pooled_pair,control,unannotated,train
16980,ATGCATGGTGCAACGA-1_GSM8367861-1,GSE271055,GSM8367861,pooled_pair,control,unannotated,train
17601,CAGCACGTCGAGTGAG-1_GSM8367861-1,GSE271055,GSM8367861,pooled_pair,control,unannotated,train
22820,TCGGGTGGTTGTAGCT-1_GSM8367861-1,GSE271055,GSM8367861,pooled_pair,control,unannotated,train
20387,GCTACAACATAGAAAC-1_GSM8367861-1,GSE271055,GSM8367861,pooled_pair,control,unannotated,train
23183,TGATGCATCGATGCTA-1_GSM8367861-1,GSE271055,GSM8367861,pooled_pair,control,unannotated,train
18532,CGATCGGGTAGCTTTG-1_GSM8367861-1,GSE271055,GSM8367861,pooled_pair,control,unannotated,train
15895,ACTGATGCATGAATAG-1_GSM8367861-1,GSE271055,GSM8367861,pooled_pair,control,unannotated,train
18583,CGCATGGGTGCCTATA-1_GSM8367861-1,GSE271055,GSM8367861,pooled_pair,control,unannotated,train
19285,CTGTACCAGTCCCGGT-1_GSM8367861-1,GSE271055,GSM8367861,pooled_pair,control,unannotated,train
20248,GCCAGGTTCCCTTCCC-1_GSM8367861-1,GSE271055,GSM8367861,pooled_pair,control,unannotated,train
21944,TACGGTAAGGAGAGGC-1_GSM8367861-1,GSE271055,GSM8367861,pooled_pair,control,unannotated,train
20904,GGTCACGTCGTTACCC-1_GSM8367861-1,GSE271055,GSM8367861,pooled_pair,control,unannotated,train
24137,TTGCATTCACTGGAAG-1_GSM8367861-1,GSE271055,GSM8367861,pooled_pair,control,unannotated,train
15587,ACATGCAGTGGACAGT-1_GSM8367861-1,GSE271055,GSM8367861,pooled_pair,control,unannotated,train
17616,CAGCCAGGTAACTGCT-1_GSM8367861-1,GSE271055,GSM8367861,pooled_pair,control,unannotated,train
21636,GTTGCGGGTACAAACA-1_GSM8367861-1,GSE271055,GSM8367861,pooled_pair,control,unannotated,train
16623,AGTTCCCAGTGGTTCT-1_GSM8367861-1,GSE271055,GSM8367861,pooled_pair,control,unannotated,train
17681,CAGTTAGGTTTCTATC-1_GSM8367861-1,GSE271055,GSM8367861,pooled_pair,control,unannotated,train
20594,GGATGTTGTGTCCATA-1_GSM8367861-1,GSE271055,GSM8367861,pooled_pair,control,unannotated,train
24163,TTGCTGCGTACAAGTA-1_GSM8367861-1,GSE271055,GSM8367861,pooled_pair,control,unannotated,train
21592,GTTCCGTGTATGTCCA-1_GSM8367861-1,GSE271055,GSM8367861,pooled_pair,control,unannotated,train
16539,AGTCAACGTAACGTTC-1_GSM8367861-1,GSE271055,GSM8367861,pooled_pair,control,unannotated,train
23734,TTAATCCGTCACTACA-1_GSM8367861-1,GSE271055,GSM8367861,pooled_pair,control,unannotated,train
21651,GTTGCTCGTTGCCGCA-1_GSM8367861-1,GSE271055,GSM8367861,pooled_pair,control,unannotated,train
23870,TTCACGCAGTCCCAGC-1_GSM8367861-1,GSE271055,GSM8367861,pooled_pair,control,unannotated,train
19982,GATGAGGAGGTACCTT-1_GSM8367861-1,GSE271055,GSM8367861,pooled_pair,control,unannotated,train
16594,AGTGCCGGTAGACAAT-1_GSM8367861-1,GSE271055,GSM8367861,pooled_pair,control,unannotated,train
15341,AAGTGAATCGCCTTGT-1_GSM8367861-1,GSE271055,GSM8367861,pooled_pair,control,unannotated,train
23499,TGGTAGTCAGCTGCCA-1_GSM8367861-1,GSE271055,GSM8367861,pooled_pair,control,unannotated,train
19637,GACATCATCGCAGAGA-1_GSM8367861-1,GSE271055,GSM8367861,pooled_pair,control,unannotated,train
19076,CTCCCTCTCTACTATC-1_GSM8367861-1,GSE271055,GSM8367861,pooled_pair,control,unannotated,train
24414,TTTGTTGGTAGGCAGT-1_GSM8367861-1,GSE271055,GSM8367861,pooled_pair,control,unannotated,train
18500,CGAGGCTCAGTTCCAA-1_GSM8367861-1,GSE271055,GSM8367861,pooled_pair,control,unannotated,train
17330,CAAGCTATCTGCGATA-1_GSM8367861-1,GSE271055,GSM8367861,pooled_pair,control,unannotated,train
19448,CTTTCAACAGGCTCTG-1_GSM8367861-1,GSE271055,GSM8367861,pooled_pair,control,unannotated,train
17385,CAATTTCTCTTCCTAA-1_GSM8367861-1,GSE271055,GSM8367861,pooled_pair,control,unannotated,train
17430,CACATGAAGTACGAGC-1_GSM8367861-1,GSE271055,GSM8367861,pooled_pair,control,unannotated,train
21901,TACCGAAAGGCATCTT-1_GSM8367861-1,GSE271055,GSM8367861,pooled_pair,control,unannotated,train
22460,TCATGAGGTAATGTGA-1_GSM8367861-1,GSE271055,GSM8367861,pooled_pair,control,unannotated,train
19908,GAGTTTGCATACTTTC-1_GSM8367861-1,GSE271055,GSM8367861,pooled_pair,control,unannotated,train
22854,TCTAACTCAAGCCCAC-1_GSM8367861-1,GSE271055,GSM8367861,pooled_pair,control,unannotated,train
19463,CTTTCGGTCAATCTCT-1_GSM8367861-1,GSE271055,GSM8367861,pooled_pair,control,unannotated,train
18680,CGGTCAGAGCAGGGAG-1_GSM8367861-1,GSE271055,GSM8367861,pooled_pair,control,unannotated,train
15477,ACAAAGACAAGAGTAT-1_GSM8367861-1,GSE271055,GSM8367861,pooled_pair,control,unannotated,train
24231,TTGTGTTAGATCACCT-1_GSM8367861-1,GSE271055,GSM8367861,pooled_pair,control,unannotated,train
23213,TGCACGGTCCACACAA-1_GSM8367861-1,GSE271055,GSM8367861,pooled_pair,control,unannotated,train
22500,TCATTACCATCCTGTC-1_GSM8367861-1,GSE271055,GSM8367861,pooled_pair,control,unannotated,train
15551,ACAGGGACACTGGATT-1_GSM8367861-1,GSE271055,GSM8367861,pooled_pair,control,unannotated,train
23493,TGGTACATCGGCTTGG-1_GSM8367861-1,GSE271055,GSM8367861,pooled_pair,control,unannotated,train
23126,TGAGGGACAAAGCACG-1_GSM8367861-1,GSE271055,GSM8367861,pooled_pair,control,unannotated,train
23277,TGCGACGCAAGAGTTA-1_GSM8367861-1,GSE271055,GSM8367861,pooled_pair,control,unannotated,train
15190,AACGGGATCGCATGAT-1_GSM8367861-1,GSE271055,GSM8367861,pooled_pair,control,unannotated,train
15835,ACGTTCCTCCACCTGT-1_GSM8367861-1,GSE271055,GSM8367861,pooled_pair,control,unannotated,train
20272,GCCATTCTCAAGATAG-1_GSM8367861-1,GSE271055,GSM8367861,pooled_pair,control,unannotated,train
15921,ACTGTGAAGCACCGTC-1_GSM8367861-1,GSE271055,GSM8367861,pooled_pair,control,unannotated,train
20275,GCCCAGAAGACCCTTA-1_GSM8367861-1,GSE271055,GSM8367861,pooled_pair,control,unannotated,train
18964,CTCACTGAGGAGAGTA-1_GSM8367861-1,GSE271055,GSM8367861,pooled_pair,control,unannotated,train
15924,ACTGTGAAGGTTTGAA-1_GSM8367861-1,GSE271055,GSM8367861,pooled_pair,control,unannotated,train
17065,ATGTCTTTCGAGTCCG-1_GSM8367861-1,GSE271055,GSM8367861,pooled_pair,control,unannotated,train
15218,AAGAACATCATCCTAT-1_GSM8367861-1,GSE271055,GSM8367861,pooled_pair,control,unannotated,train
22863,TCTAACTTCGTGGCGT-1_GSM8367861-1,GSE271055,GSM8367861,pooled_pair,control,unannotated,train
23832,TTAGTCTAGACATCAA-1_GSM8367861-1,GSE271055,GSM8367861,pooled_pair,control,unannotated,train
17054,ATGTCCCCAGACGCTC-1_GSM8367861-1,GSE271055,GSM8367861,pooled_pair,control,unannotated,train
22790,TCGCTTGGTCCTCATC-1_GSM8367861-1,GSE271055,GSM8367861,pooled_pair,control,unannotated,train
16897,ATCTCTAGTACGTGAG-1_GSM8367861-1,GSE271055,GSM8367861,pooled_pair,control,unannotated,train
17393,CACAACAGTCCCGTGA-1_GSM8367861-1,GSE271055,GSM8367861,pooled_pair,control,unannotated,train
20828,GGGTCTGCAGCTGTCG-1_GSM8367861-1,GSE271055,GSM8367861,pooled_pair,control,unannotated,train
22122,TATACCTGTAGGTTTC-1_GSM8367861-1,GSE271055,GSM8367861,pooled_pair,control,unannotated,train
20889,GGTAGAGAGTTGCATC-1_GSM8367861-1,GSE271055,GSM8367861,pooled_pair,control,unannotated,train
22347,TCACTCGCACCAGCTG-1_GSM8367861-1,GSE271055,GSM8367861,pooled_pair,control,unannotated,train
21298,GTCTCACCAAGTTCCA-1_GSM8367861-1,GSE271055,GSM8367861,pooled_pair,control,unannotated,train
18212,CCGGACAAGAACAAGG-1_GSM8367861-1,GSE271055,GSM8367861,pooled_pair,control,unannotated,train
23513,TGGTGATTCGAAGCAG-1_GSM8367861-1,GSE271055,GSM8367861,pooled_pair,control,unannotated,train
18652,CGGGACTAGGATATGT-1_GSM8367861-1,GSE271055,GSM8367861,pooled_pair,control,unannotated,train
15433,AATGGAAGTGCTAGCC-1_GSM8367861-1,GSE271055,GSM8367861,pooled_pair,control,unannotated,train
18095,CCCAACTTCTGGAGAG-1_GSM8367861-1,GSE271055,GSM8367861,pooled_pair,control,unannotated,train
18825,CTAAGTGCAATACCCA-1_GSM8367861-1,GSE271055,GSM8367861,pooled_pair,control,unannotated,train
23474,TGGGCTGTCCGAACGC-1_GSM8367861-1,GSE271055,GSM8367861,pooled_pair,control,unannotated,train
17485,CACGTGGGTTCCAGGC-1_GSM8367861-1,GSE271055,GSM8367861,pooled_pair,control,unannotated,train
22073,TAGGAGGAGTATGCAA-1_GSM8367861-1,GSE271055,GSM8367861,pooled_pair,control,unannotated,train
22912,TCTCACGAGAAGTCAT-1_GSM8367861-1,GSE271055,GSM8367861,pooled_pair,control,unannotated,train
22564,TCCAGAAAGCGGATCA-1_GSM8367861-1,GSE271055,GSM8367861,pooled_pair,control,unannotated,train
20324,GCGAGAAGTACGACTT-1_GSM8367861-1,GSE271055,GSM8367861,pooled_pair,control,unannotated,train
18765,CGTGATAGTCTCTCCA-1_GSM8367861-1,GSE271055,GSM8367861,pooled_pair,control,unannotated,train
20239,GCCAGGTCAACGCCCA-1_GSM8367861-1,GSE271055,GSM8367861,pooled_pair,control,unannotated,train
20273,GCCATTCTCCCATAGA-1_GSM8367861-1,GSE271055,GSM8367861,pooled_pair,control,unannotated,train
23419,TGGCGTGTCATTCCTA-1_GSM8367861-1,GSE271055,GSM8367861,pooled_pair,control,unannotated,train
20859,GGGTTTACACAGCATT-1_GSM8367861-1,GSE271055,GSM8367861,pooled_pair,control,unannotated,train
16294,AGGAAATTCCTCTGCA-1_GSM8367861-1,GSE271055,GSM8367861,pooled_pair,control,unannotated,train
21283,GTCTACCTCCACTAGA-1_GSM8367861-1,GSE271055,GSM8367861,pooled_pair,control,unannotated,train
22101,TAGGTTGAGGGAGGGT-1_GSM8367861-1,GSE271055,GSM8367861,pooled_pair,control,unannotated,train
17095,ATTATCCGTACAGTCT-1_GSM8367861-1,GSE271055,GSM8367861,pooled_pair,control,unannotated,train
16727,ATATCCTAGGACGCTA-1_GSM8367861-1,GSE271055,GSM8367861,pooled_pair,control,unannotated,train
16754,ATCACGAGTGCAAGAC-1_GSM8367861-1,GSE271055,GSM8367861,pooled_pair,control,unannotated,train
22929,TCTCCGAAGCAATAGT-1_GSM8367861-1,GSE271055,GSM8367861,pooled_pair,control,unannotated,train
17383,CAATTTCCACTGCGTG-1_GSM8367861-1,GSE271055,GSM8367861,pooled_pair,control,unannotated,train
23463,TGGGCTGAGACTCTTG-1_GSM8367861-1,GSE271055,GSM8367861,pooled_pair,control,unannotated,train
15641,ACCATTTTCATCGGGC-1_GSM8367861-1,GSE271055,GSM8367861,pooled_pair,control,unannotated,train
21302,GTCTCACGTTGTTGAC-1_GSM8367861-1,GSE271055,GSM8367861,pooled_pair,control,unannotated,train
19255,CTGGACGAGGATGAGA-1_GSM8367861-1,GSE271055,GSM8367861,pooled_pair,control,unannotated,train
15747,ACGGAAGTCTCTAGGA-1_GSM8367861-1,GSE271055,GSM8367861,pooled_pair,control,unannotated,train
22279,TCAATTCTCCGCGATG-1_GSM8367861-1,GSE271055,GSM8367861,pooled_pair,control,unannotated,train
21569,GTTAGTGAGCTTACGT-1_GSM8367861-1,GSE271055,GSM8367861,pooled_pair,control,unannotated,train
17155,ATTCCTATCACAATGC-1_GSM8367861-1,GSE271055,GSM8367861,pooled_pair,control,unannotated,train
20911,GGTCTGGCATACTGAC-1_GSM8367861-1,GSE271055,GSM8367861,pooled_pair,control,unannotated,train
19417,CTTCTAAGTAGATGTA-1_GSM8367861-1,GSE271055,GSM8367861,pooled_pair,control,unannotated,train
16231,AGCGCCAGTAGAGTTA-1_GSM8367861-1,GSE271055,GSM8367861,pooled_pair,control,unannotated,train
15687,ACCTACCAGACTCTAC-1_GSM8367861-1,GSE271055,GSM8367861,pooled_pair,control,unannotated,train
22581,TCCATCGTCACCTTAT-1_GSM8367861-1,GSE271055,GSM8367861,pooled_pair,control,unannotated,train
21484,GTGTGATAGTTTGAGA-1_GSM8367861-1,GSE271055,GSM8367861,pooled_pair,control,unannotated,train
24129,TTGATGGGTAGGACCA-1_GSM8367861-1,GSE271055,GSM8367861,pooled_pair,control,unannotated,train
18481,CGAGAAGCACGCTGCA-1_GSM8367861-1,GSE271055,GSM8367861,pooled_pair,control,unannotated,train
17471,CACGGGTTCACTTGTT-1_GSM8367861-1,GSE271055,GSM8367861,pooled_pair,control,unannotated,train
17512,CACTGGGAGATACAGT-1_GSM8367861-1,GSE271055,GSM8367861,pooled_pair,control,unannotated,train
23110,TGAGCGCGTGAGAACC-1_GSM8367861-1,GSE271055,GSM8367861,pooled_pair,control,unannotated,train
16163,AGATGAAGTTTGAAAG-1_GSM8367861-1,GSE271055,GSM8367861,pooled_pair,control,unannotated,train
18338,CCTCACAAGGTTACCT-1_GSM8367861-1,GSE271055,GSM8367861,pooled_pair,control,unannotated,train
15763,ACGGTCGCAGGATGAC-1_GSM8367861-1,GSE271055,GSM8367861,pooled_pair,control,unannotated,train
23629,TGTGCGGAGCTTGTTG-1_GSM8367861-1,GSE271055,GSM8367861,pooled_pair,control,unannotated,train
17864,CATGCTCAGTGATCGG-1_GSM8367861-1,GSE271055,GSM8367861,pooled_pair,control,unannotated,train
22176,TATCTTGCACTCAGAT-1_GSM8367861-1,GSE271055,GSM8367861,pooled_pair,control,unannotated,train
15998,AGAAATGCAGACAATA-1_GSM8367861-1,GSE271055,GSM8367861,pooled_pair,control,unannotated,train
15238,AAGACTCCATCTATCT-1_GSM8367861-1,GSE271055,GSM8367861,pooled_pair,control,unannotated,train
17514,CACTGGGCATCGGCCA-1_GSM8367861-1,GSE271055,GSM8367861,pooled_pair,control,unannotated,train
17886,CATGGTAAGATAACAC-1_GSM8367861-1,GSE271055,GSM8367861,pooled_pair,control,unannotated,validation
17057,ATGTCCCTCAGTCTTT-1_GSM8367861-1,GSE271055,GSM8367861,pooled_pair,control,unannotated,validation
15182,AACGGGACAAGACCTT-1_GSM8367861-1,GSE271055,GSM8367861,pooled_pair,control,unannotated,validation
17995,CCACAAAAGCCATTTG-1_GSM8367861-1,GSE271055,GSM8367861,pooled_pair,control,unannotated,validation
15241,AAGACTCGTGTTAAAG-1_GSM8367861-1,GSE271055,GSM8367861,pooled_pair,control,unannotated,validation
19083,CTCCGATCAACTGAAA-1_GSM8367861-1,GSE271055,GSM8367861,pooled_pair,control,unannotated,validation
18104,CCCGAAGAGGTAGACC-1_GSM8367861-1,GSE271055,GSM8367861,pooled_pair,control,unannotated,validation
15786,ACGTAACGTCTGTCCT-1_GSM8367861-1,GSE271055,GSM8367861,pooled_pair,control,unannotated,validation
15130,AACCACACAAGGTTGG-1_GSM8367861-1,GSE271055,GSM8367861,pooled_pair,control,unannotated,validation
22884,TCTACCGGTCCGCAGT-1_GSM8367861-1,GSE271055,GSM8367861,pooled_pair,control,unannotated,validation
22549,TCCACGTAGTGGGAAA-1_GSM8367861-1,GSE271055,GSM8367861,pooled_pair,control,unannotated,validation
19849,GAGTCATCACGCGCTA-1_GSM8367861-1,GSE271055,GSM8367861,pooled_pair,control,unannotated,validation
18935,CTCAACCGTGATCGTT-1_GSM8367861-1,GSE271055,GSM8367861,pooled_pair,control,unannotated,validation
19940,GATCAGTCAGAGCCCT-1_GSM8367861-1,GSE271055,GSM8367861,pooled_pair,control,unannotated,validation
20975,GGTTAACAGCAGATAT-1_GSM8367861-1,GSE271055,GSM8367861,pooled_pair,control,unannotated,validation
20399,GCTACCTTCCCTCTAG-1_GSM8367861-1,GSE271055,GSM8367861,pooled_pair,control,unannotated,validation
18305,CCTAAGAGTTACCCTC-1_GSM8367861-1,GSE271055,GSM8367861,pooled_pair,control,unannotated,validation
24238,TTGTGTTTCTCATTTG-1_GSM8367861-1,GSE271055,GSM8367861,pooled_pair,control,unannotated,validation
16506,AGTACTGGTAGCTTTG-1_GSM8367861-1,GSE271055,GSM8367861,pooled_pair,control,unannotated,validation
21304,GTCTCACTCCTGCCAT-1_GSM8367861-1,GSE271055,GSM8367861,pooled_pair,control,unannotated,validation
19145,CTCTGGTTCGCTCCTA-1_GSM8367861-1,GSE271055,GSM8367861,pooled_pair,control,unannotated,validation
18199,CCGATGGGTTACGATC-1_GSM8367861-1,GSE271055,GSM8367861,pooled_pair,control,unannotated,validation
21666,GTTGTAGTCGTTCTAT-1_GSM8367861-1,GSE271055,GSM8367861,pooled_pair,control,unannotated,validation
15389,AATCGTGAGCAGGCAT-1_GSM8367861-1,GSE271055,GSM8367861,pooled_pair,control,unannotated,validation
23147,TGAGTCAAGGGTTTCT-1_GSM8367861-1,GSE271055,GSM8367861,pooled_pair,control,unannotated,validation
16167,AGATGCTCACAGTCGC-1_GSM8367861-1,GSE271055,GSM8367861,pooled_pair,control,unannotated,validation
22114,TAGTGCATCGCAGAGA-1_GSM8367861-1,GSE271055,GSM8367861,pooled_pair,control,unannotated,validation
16392,AGGGAGTTCAATCTCT-1_GSM8367861-1,GSE271055,GSM8367861,pooled_pair,control,unannotated,validation
20822,GGGTCACGTACCCACG-1_GSM8367861-1,GSE271055,GSM8367861,pooled_pair,control,unannotated,validation
23273,TGCCGAGTCGCGGACT-1_GSM8367861-1,GSE271055,GSM8367861,pooled_pair,control,unannotated,validation
20716,GGGAGATCAAGAGTAT-1_GSM8367861-1,GSE271055,GSM8367861,pooled_pair,control,unannotated,validation
22885,TCTACCGGTCTCTCCA-1_GSM8367861-1,GSE271055,GSM8367861,pooled_pair,control,unannotated,validation
23023,TGAATCGAGAGTGTGC-1_GSM8367861-1,GSE271055,GSM8367861,pooled_pair,control,unannotated,validation
16222,AGCGATTCAATAGGGC-1_GSM8367861-1,GSE271055,GSM8367861,pooled_pair,control,unannotated,validation
22579,TCCATCGGTTTAGTCG-1_GSM8367861-1,GSE271055,GSM8367861,pooled_pair,control,unannotated,validation
17808,CATCGGGCACGGAAGT-1_GSM8367861-1,GSE271055,GSM8367861,pooled_pair,control,unannotated,validation
20794,GGGCTCAAGGGCAATC-1_GSM8367861-1,GSE271055,GSM8367861,pooled_pair,control,unannotated,validation
22913,TCTCACGCACCTGATA-1_GSM8367861-1,GSE271055,GSM8367861,pooled_pair,control,unannotated,validation
20926,GGTGAAGTCCCTTGTG-1_GSM8367861-1,GSE271055,GSM8367861,pooled_pair,control,unannotated,validation
22925,TCTCAGCGTCCTGGGT-1_GSM8367861-1,GSE271055,GSM8367861,pooled_pair,control,unannotated,validation
15778,ACGGTTATCGTCGACG-1_GSM8367861-1,GSE271055,GSM8367861,pooled_pair,control,unannotated,validation
20687,GGGACAAGTGAAGCGT-1_GSM8367861-1,GSE271055,GSM8367861,pooled_pair,control,unannotated,validation
18847,CTACATTTCAAGCCTA-1_GSM8367861-1,GSE271055,GSM8367861,pooled_pair,control,unannotated,validation
22049,TAGAGTCTCCAGTTCC-1_GSM8367861-1,GSE271055,GSM8367861,pooled_pair,control,unannotated,validation
14978,AAACGAAAGGTCATCT-1_GSM8367861-1,GSE271055,GSM8367861,pooled_pair,control,unannotated,validation
23903,TTCATGTTCGCAACAT-1_GSM8367861-1,GSE271055,GSM8367861,pooled_pair,control,unannotated,validation
18551,CGATGGCGTATACGGG-1_GSM8367861-1,GSE271055,GSM8367861,pooled_pair,control,unannotated,validation
15729,ACGATCATCACTCCGT-1_GSM8367861-1,GSE271055,GSM8367861,pooled_pair,control,unannotated,validation
16913,ATCTTCATCGAAATCC-1_GSM8367861-1,GSE271055,GSM8367861,pooled_pair,control,unannotated,validation
21368,GTGATGTCATATGCGT-1_GSM8367861-1,GSE271055,GSM8367861,pooled_pair,control,unannotated,validation
20607,GGCACGTTCGGCTTGG-1_GSM8367861-1,GSE271055,GSM8367861,pooled_pair,control,unannotated,validation
19296,CTGTACCTCAGCACCG-1_GSM8367861-1,GSE271055,GSM8367861,pooled_pair,control,unannotated,validation
17240,CAAAGAAGTGACTGAG-1_GSM8367861-1,GSE271055,GSM8367861,pooled_pair,control,unannotated,validation
17255,CAACAGTGTTCGGACC-1_GSM8367861-1,GSE271055,GSM8367861,pooled_pair,control,unannotated,validation
16495,AGTACCAAGTAAACAC-1_GSM8367861-1,GSE271055,GSM8367861,pooled_pair,control,unannotated,validation
22246,TCAAGCAGTCGCATTA-1_GSM8367861-1,GSE271055,GSM8367861,pooled_pair,control,unannotated,validation
19038,CTCCACAAGTAGCATA-1_GSM8367861-1,GSE271055,GSM8367861,pooled_pair,control,unannotated,validation
24101,TTGAACGCACTCAAGT-1_GSM8367861-1,GSE271055,GSM8367861,pooled_pair,control,unannotated,validation
20772,GGGCCATGTTTCACTT-1_GSM8367861-1,GSE271055,GSM8367861,pooled_pair,control,unannotated,validation
19294,CTGTACCGTTGCGGAA-1_GSM8367861-1,GSE271055,GSM8367861,pooled_pair,control,unannotated,validation
23878,TTCACGCTCCGATCGG-1_GSM8367861-1,GSE271055,GSM8367861,pooled_pair,control,unannotated,validation
17220,ATTTCACCACGGGCTT-1_GSM8367861-1,GSE271055,GSM8367861,pooled_pair,control,unannotated,validation
23350,TGCTTCGCATTAAGCC-1_GSM8367861-1,GSE271055,GSM8367861,pooled_pair,control,unannotated,validation
18271,CCGTAGGGTTTGGCTA-1_GSM8367861-1,GSE271055,GSM8367861,pooled_pair,control,unannotated,validation
20736,GGGAGTACAACACGTT-1_GSM8367861-1,GSE271055,GSM8367861,pooled_pair,control,unannotated,validation
18990,CTCAGGGGTCTTCGAA-1_GSM8367861-1,GSE271055,GSM8367861,pooled_pair,control,unannotated,validation
23667,TGTTACTGTGTAACGG-1_GSM8367861-1,GSE271055,GSM8367861,pooled_pair,control,unannotated,validation
22752,TCGATTTAGCGGTATG-1_GSM8367861-1,GSE271055,GSM8367861,pooled_pair,control,unannotated,validation
23465,TGGGCTGAGGCCATAG-1_GSM8367861-1,GSE271055,GSM8367861,pooled_pair,control,unannotated,validation
24170,TTGGATGCATTACTCT-1_GSM8367861-1,GSE271055,GSM8367861,pooled_pair,control,unannotated,validation
22721,TCCTTTCTCTTCCCGA-1_GSM8367861-1,GSE271055,GSM8367861,pooled_pair,control,unannotated,validation
22076,TAGGAGGGTCTACGTA-1_GSM8367861-1,GSE271055,GSM8367861,pooled_pair,control,unannotated,validation
16075,AGACAGGAGGCACCAA-1_GSM8367861-1,GSE271055,GSM8367861,pooled_pair,control,unannotated,validation
23765,TTACCGCCAAGACGAC-1_GSM8367861-1,GSE271055,GSM8367861,pooled_pair,control,unannotated,validation
15233,AAGACTCAGACGCTCC-1_GSM8367861-1,GSE271055,GSM8367861,pooled_pair,control,unannotated,validation
17535,CACTTCGAGCATGAAT-1_GSM8367861-1,GSE271055,GSM8367861,pooled_pair,control,unannotated,validation
22772,TCGCAGGCAATCACGT-1_GSM8367861-1,GSE271055,GSM8367861,pooled_pair,control,unannotated,validation
23490,TGGTACAGTGGGCTCT-1_GSM8367861-1,GSE271055,GSM8367861,pooled_pair,control,unannotated,validation
16439,AGGGTTTTCGGAATGG-1_GSM8367861-1,GSE271055,GSM8367861,pooled_pair,control,unannotated,validation
17146,ATTCCCGGTCGTGGAA-1_GSM8367861-1,GSE271055,GSM8367861,pooled_pair,control,unannotated,validation
21723,TAACACGTCAGTGTTG-1_GSM8367861-1,GSE271055,GSM8367861,pooled_pair,control,unannotated,validation
15267,AAGCCATTCTCCAATT-1_GSM8367861-1,GSE271055,GSM8367861,pooled_pair,control,unannotated,validation
15283,AAGCGTTAGCTAAATG-1_GSM8367861-1,GSE271055,GSM8367861,pooled_pair,control,unannotated,validation
18059,CCACTTGAGTTGTCAC-1_GSM8367861-1,GSE271055,GSM8367861,pooled_pair,control,unannotated,validation
19017,CTCATGCCATTGCCGG-1_GSM8367861-1,GSE271055,GSM8367861,pooled_pair,control,unannotated,validation
23173,TGATCTTTCCATCTCG-1_GSM8367861-1,GSE271055,GSM8367861,pooled_pair,control,unannotated,validation
17695,CATAAGCCAAGTCGTT-1_GSM8367861-1,GSE271055,GSM8367861,pooled_pair,control,unannotated,validation
23194,TGATTCTAGTGATCGG-1_GSM8367861-1,GSE271055,GSM8367861,pooled_pair,control,unannotated,validation
16670,ATACCTTCATCCTGTC-1_GSM8367861-1,GSE271055,GSM8367861,pooled_pair,control,unannotated,validation
22386,TCAGTCCAGAAGGATG-1_GSM8367861-1,GSE271055,GSM8367861,pooled_pair,control,unannotated,validation
23857,TTCAATCCACTCCGGA-1_GSM8367861-1,GSE271055,GSM8367861,pooled_pair,control,unannotated,validation
21555,GTTACGATCAGGCGAA-1_GSM8367861-1,GSE271055,GSM8367861,pooled_pair,control,unannotated,validation
18098,CCCATTGCATCTATCT-1_GSM8367861-1,GSE271055,GSM8367861,pooled_pair,control,unannotated,validation
21772,TAAGCCAAGTATGAGT-1_GSM8367861-1,GSE271055,GSM8367861,pooled_pair,control,unannotated,validation
16804,ATCCATTTCGAAATCC-1_GSM8367861-1,GSE271055,GSM8367861,pooled_pair,control,unannotated,validation
20153,GCAGCTGGTTTGCAGT-1_GSM8367861-1,GSE271055,GSM8367861,pooled_pair,control,unannotated,validation
24288,TTTACGTTCCTTCTTC-1_GSM8367861-1,GSE271055,GSM8367861,pooled_pair,control,unannotated,validation
16532,AGTAGTCTCACAAGAA-1_GSM8367861-1,GSE271055,GSM8367861,pooled_pair,control,unannotated,validation
15847,ACTACGAGTGCATCTA-1_GSM8367861-1,GSE271055,GSM8367861,pooled_pair,control,unannotated,validation
20804,GGGTAGAAGCTCGGCT-1_GSM8367861-1,GSE271055,GSM8367861,pooled_pair,control,unannotated,validation
22498,TCATTACCAATCCAGT-1_GSM8367861-1,GSE271055,GSM8367861,pooled_pair,control,unannotated,validation
24004,TTCGATTGTAACATGA-1_GSM8367861-1,GSE271055,GSM8367861,pooled_pair,control,unannotated,validation
20002,GATGCTATCAAGGAGC-1_GSM8367861-1,GSE271055,GSM8367861,pooled_pair,control,unannotated,validation
16690,ATAGACCCATACTTTC-1_GSM8367861-1,GSE271055,GSM8367861,pooled_pair,control,unannotated,validation
16256,AGCTACAGTTGCGAAG-1_GSM8367861-1,GSE271055,GSM8367861,pooled_pair,control,unannotated,validation
18971,CTCACTGCATCGAGCC-1_GSM8367861-1,GSE271055,GSM8367861,pooled_pair,control,unannotated,validation
16577,AGTGACTGTCAGTTTG-1_GSM8367861-1,GSE271055,GSM8367861,pooled_pair,control,unannotated,validation
20841,GGGTGAACATTCATCT-1_GSM8367861-1,GSE271055,GSM8367861,pooled_pair,control,unannotated,validation
17524,CACTGTCAGTAACGTA-1_GSM8367861-1,GSE271055,GSM8367861,pooled_pair,control,unannotated,validation
22957,TCTGCCAGTAGGCAGT-1_GSM8367861-1,GSE271055,GSM8367861,pooled_pair,control,unannotated,validation
17932,CATTGCCAGCTACTAC-1_GSM8367861-1,GSE271055,GSM8367861,pooled_pair,control,unannotated,validation
15329,AAGTCGTGTTTAGAGA-1_GSM8367861-1,GSE271055,GSM8367861,pooled_pair,control,unannotated,validation
21400,GTGCGTGTCTACAGGT-1_GSM8367861-1,GSE271055,GSM8367861,pooled_pair,control,unannotated,validation
18349,CCTCAGTTCAAAGACA-1_GSM8367861-1,GSE271055,GSM8367861,pooled_pair,control,unannotated,validation
16677,ATACTTCGTCTTAGTG-1_GSM8367861-1,GSE271055,GSM8367861,pooled_pair,control,unannotated,validation
17202,ATTGGGTTCGCAAGAG-1_GSM8367861-1,GSE271055,GSM8367861,pooled_pair,control,unannotated,validation
21251,GTCGCGAAGTTGGAAT-1_GSM8367861-1,GSE271055,GSM8367861,pooled_pair,control,unannotated,validation
20319,GCCTGTTTCGGTCTGG-1_GSM8367861-1,GSE271055,GSM8367861,pooled_pair,control,unannotated,validation
22140,TATCAGGAGACTCAAA-1_GSM8367861-1,GSE271055,GSM8367861,pooled_pair,control,unannotated,validation
20751,GGGATCCCAAGGCCTC-1_GSM8367861-1,GSE271055,GSM8367861,pooled_pair,control,unannotated,validation
19460,CTTTCGGGTCACAGTT-1_GSM8367861-1,GSE271055,GSM8367861,pooled_pair,control,unannotated,validation
18202,CCGATGGTCTGATTCT-1_GSM8367861-1,GSE271055,GSM8367861,pooled_pair,control,unannotated,validation
18695,CGTAATGAGACGTCCC-1_GSM8367861-1,GSE271055,GSM8367861,pooled_pair,control,unannotated,validation
20430,GCTGGGTCAATTTCCT-1_GSM8367861-1,GSE271055,GSM8367861,pooled_pair,control,unannotated,validation
22072,TAGGAGGAGGTCATCT-1_GSM8367861-1,GSE271055,GSM8367861,pooled_pair,control,unannotated,validation
22268,TCAATCTGTGAGGATC-1_GSM8367861-1,GSE271055,GSM8367861,pooled_pair,control,unannotated,validation
21423,GTGGAAGCACGCACCA-1_GSM8367861-1,GSE271055,GSM8367861,pooled_pair,control,unannotated,validation
22576,TCCATCGCATTGACTG-1_GSM8367861-1,GSE271055,GSM8367861,pooled_pair,control,unannotated,validation
21630,GTTGAACTCCTTCTTC-1_GSM8367861-1,GSE271055,GSM8367861,pooled_pair,control,unannotated,validation
23486,TGGTACACACACACTA-1_GSM8367861-1,GSE271055,GSM8367861,pooled_pair,control,unannotated,validation
19863,GAGTGAGAGGATACCG-1_GSM8367861-1,GSE271055,GSM8367861,pooled_pair,control,unannotated,validation
24409,TTTGTTGAGCGGTATG-1_GSM8367861-1,GSE271055,GSM8367861,pooled_pair,control,unannotated,validation
23966,TTCCTAATCGATACAC-1_GSM8367861-1,GSE271055,GSM8367861,pooled_pair,control,unannotated,validation
17782,CATCCGTGTCTACAGT-1_GSM8367861-1,GSE271055,GSM8367861,pooled_pair,control,unannotated,validation
20243,GCCAGGTGTCGGTGTC-1_GSM8367861-1,GSE271055,GSM8367861,pooled_pair,control,unannotated,validation
14968,AAACCCAGTACAAGTA-1_GSM8367861-1,GSE271055,GSM8367861,pooled_pair,control,unannotated,validation
23909,TTCATTGCACGTACAT-1_GSM8367861-1,GSE271055,GSM8367861,pooled_pair,control,unannotated,validation
23284,TGCGACGTCAACGCTA-1_GSM8367861-1,GSE271055,GSM8367861,pooled_pair,control,unannotated,validation
22726,TCGAACAGTATCAAGA-1_GSM8367861-1,GSE271055,GSM8367861,pooled_pair,control,unannotated,validation
22994,TCTTGCGAGGGCGAAG-1_GSM8367861-1,GSE271055,GSM8367861,pooled_pair,control,unannotated,validation
14974,AAACCCATCCTCACTG-1_GSM8367861-1,GSE271055,GSM8367861,pooled_pair,control,unannotated,validation
20557,GGAGGATCAGCTACAT-1_GSM8367861-1,GSE271055,GSM8367861,pooled_pair,control,unannotated,validation
22555,TCCACGTTCACGATCA-1_GSM8367861-1,GSE271055,GSM8367861,pooled_pair,control,unannotated,validation
18488,CGAGAAGTCATGCCCT-1_GSM8367861-1,GSE271055,GSM8367861,pooled_pair,control,unannotated,validation
15314,AAGTACCAGGTAGATT-1_GSM8367861-1,GSE271055,GSM8367861,pooled_pair,control,unannotated,validation
23891,TTCAGGATCGTGTCAA-1_GSM8367861-1,GSE271055,GSM8367861,pooled_pair,control,unannotated,validation
19667,GACCGTGAGGTCACCC-1_GSM8367861-1,GSE271055,GSM8367861,pooled_pair,control,unannotated,validation
15035,AAAGGTAAGGTGCCAA-1_GSM8367861-1,GSE271055,GSM8367861,pooled_pair,control,unannotated,validation
22712,TCCTTTCAGTGCAAAT-1_GSM8367861-1,GSE271055,GSM8367861,pooled_pair,control,unannotated,validation
19470,GAAACCTAGTTGGACG-1_GSM8367861-1,GSE271055,GSM8367861,pooled_pair,control,unannotated,validation
22169,TATCGCCCATTAAAGG-1_GSM8367861-1,GSE271055,GSM8367861,pooled_pair,control,unannotated,test
19514,GAAGAATGTCACTTCC-1_GSM8367861-1,GSE271055,GSM8367861,pooled_pair,control,unannotated,test
18653,CGGGACTCAATTCGTG-1_GSM8367861-1,GSE271055,GSM8367861,pooled_pair,control,unannotated,test
23823,TTAGGCATCATTGTTC-1_GSM8367861-1,GSE271055,GSM8367861,pooled_pair,control,unannotated,test
20183,GCATCGGTCTATTCGT-1_GSM8367861-1,GSE271055,GSM8367861,pooled_pair,control,unannotated,test
18263,CCGTAGGCAGCGGTCT-1_GSM8367861-1,GSE271055,GSM8367861,pooled_pair,control,unannotated,test
22648,TCCGATCGTATGTCAC-1_GSM8367861-1,GSE271055,GSM8367861,pooled_pair,control,unannotated,test
24033,TTCTAACAGCAAGTGC-1_GSM8367861-1,GSE271055,GSM8367861,pooled_pair,control,unannotated,test
21255,GTCGCGAGTGACCGAA-1_GSM8367861-1,GSE271055,GSM8367861,pooled_pair,control,unannotated,test
23798,TTACTGTCAATCTGCA-1_GSM8367861-1,GSE271055,GSM8367861,pooled_pair,control,unannotated,test
19994,GATGATCGTCCTGGGT-1_GSM8367861-1,GSE271055,GSM8367861,pooled_pair,control,unannotated,test
16401,AGGGCCTGTCGACTTA-1_GSM8367861-1,GSE271055,GSM8367861,pooled_pair,control,unannotated,test
17784,CATCCGTGTTACGATC-1_GSM8367861-1,GSE271055,GSM8367861,pooled_pair,control,unannotated,test
21832,TACAACGTCGTTCCCA-1_GSM8367861-1,GSE271055,GSM8367861,pooled_pair,control,unannotated,test
19400,CTTCGGTCACCAGCGT-1_GSM8367861-1,GSE271055,GSM8367861,pooled_pair,control,unannotated,test
22270,TCAATCTTCGAGTCCG-1_GSM8367861-1,GSE271055,GSM8367861,pooled_pair,control,unannotated,test
21068,GTACAGTCATTGGATC-1_GSM8367861-1,GSE271055,GSM8367861,pooled_pair,control,unannotated,test
22859,TCTAACTGTGCCTAAT-1_GSM8367861-1,GSE271055,GSM8367861,pooled_pair,control,unannotated,test
22098,TAGGTACTCGTTCGCT-1_GSM8367861-1,GSE271055,GSM8367861,pooled_pair,control,unannotated,test
24307,TTTAGTCCACGGCCAT-1_GSM8367861-1,GSE271055,GSM8367861,pooled_pair,control,unannotated,test
16679,ATACTTCGTGTTCAGT-1_GSM8367861-1,GSE271055,GSM8367861,pooled_pair,control,unannotated,test
17084,ATTACTCGTAACATGA-1_GSM8367861-1,GSE271055,GSM8367861,pooled_pair,control,unannotated,test
20373,GCGTTTCAGAGGCCAT-1_GSM8367861-1,GSE271055,GSM8367861,pooled_pair,control,unannotated,test
20206,GCATGATTCCGATTAG-1_GSM8367861-1,GSE271055,GSM8367861,pooled_pair,control,unannotated,test
24189,TTGGGCGGTGTGACCC-1_GSM8367861-1,GSE271055,GSM8367861,pooled_pair,control,unannotated,test
17828,CATGAGTTCCACTAGA-1_GSM8367861-1,GSE271055,GSM8367861,pooled_pair,control,unannotated,test
22327,TCACTATAGCTGCCTG-1_GSM8367861-1,GSE271055,GSM8367861,pooled_pair,control,unannotated,test
19874,GAGTGTTCACTGCATA-1_GSM8367861-1,GSE271055,GSM8367861,pooled_pair,control,unannotated,test
20589,GGATGTTAGTAGGCCA-1_GSM8367861-1,GSE271055,GSM8367861,pooled_pair,control,unannotated,test
16106,AGAGAATCAATTAGGA-1_GSM8367861-1,GSE271055,GSM8367861,pooled_pair,control,unannotated,test
17377,CAATGACTCACCGACG-1_GSM8367861-1,GSE271055,GSM8367861,pooled_pair,control,unannotated,test
16227,AGCGCCAAGTTCACTG-1_GSM8367861-1,GSE271055,GSM8367861,pooled_pair,control,unannotated,test
22165,TATCGCCAGGTGGCTA-1_GSM8367861-1,GSE271055,GSM8367861,pooled_pair,control,unannotated,test
18298,CCTAACCGTGCTTCAA-1_GSM8367861-1,GSE271055,GSM8367861,pooled_pair,control,unannotated,test
23357,TGCTTGCAGATTGACA-1_GSM8367861-1,GSE271055,GSM8367861,pooled_pair,control,unannotated,test
19002,CTCAGTCTCTGCCTGT-1_GSM8367861-1,GSE271055,GSM8367861,pooled_pair,control,unannotated,test
15854,ACTATCTGTGCTCTCT-1_GSM8367861-1,GSE271055,GSM8367861,pooled_pair,control,unannotated,test
22734,TCGAAGTCATACGCAT-1_GSM8367861-1,GSE271055,GSM8367861,pooled_pair,control,unannotated,test
23429,TGGGAGAAGGAATGTT-1_GSM8367861-1,GSE271055,GSM8367861,pooled_pair,control,unannotated,test
19081,CTCCGATAGGTAGCCA-1_GSM8367861-1,GSE271055,GSM8367861,pooled_pair,control,unannotated,test
15436,AATGGCTAGACAACTA-1_GSM8367861-1,GSE271055,GSM8367861,pooled_pair,control,unannotated,test
16614,AGTTAGCGTCGCACAC-1_GSM8367861-1,GSE271055,GSM8367861,pooled_pair,control,unannotated,test
23203,TGATTTCAGGATTCCT-1_GSM8367861-1,GSE271055,GSM8367861,pooled_pair,control,unannotated,test
23785,TTACGTTCAACTCCCT-1_GSM8367861-1,GSE271055,GSM8367861,pooled_pair,control,unannotated,test
16705,ATAGAGAGTTCTCGTC-1_GSM8367861-1,GSE271055,GSM8367861,pooled_pair,control,unannotated,test
18046,CCACGTTCAGGTCTCG-1_GSM8367861-1,GSE271055,GSM8367861,pooled_pair,control,unannotated,test
19825,GAGGCCTTCCAGCAAT-1_GSM8367861-1,GSE271055,GSM8367861,pooled_pair,control,unannotated,test
21918,TACCTCGGTACCATAC-1_GSM8367861-1,GSE271055,GSM8367861,pooled_pair,control,unannotated,test
23124,TGAGGGAAGCATGCGA-1_GSM8367861-1,GSE271055,GSM8367861,pooled_pair,control,unannotated,test
23184,TGATGCATCGATTTCT-1_GSM8367861-1,GSE271055,GSM8367861,pooled_pair,control,unannotated,test
19991,GATGATCCACTCTAGA-1_GSM8367861-1,GSE271055,GSM8367861,pooled_pair,control,unannotated,test
21154,GTCAAACTCTTGATTC-1_GSM8367861-1,GSE271055,GSM8367861,pooled_pair,control,unannotated,test
22054,TAGATCGCAACGTAAA-1_GSM8367861-1,GSE271055,GSM8367861,pooled_pair,control,unannotated,test
16419,AGGGTCCCATCCTTGC-1_GSM8367861-1,GSE271055,GSM8367861,pooled_pair,control,unannotated,test
15844,ACTACGAGTATCCCTC-1_GSM8367861-1,GSE271055,GSM8367861,pooled_pair,control,unannotated,test
24255,TTGTTGTGTACTGTTG-1_GSM8367861-1,GSE271055,GSM8367861,pooled_pair,control,unannotated,test
19088,CTCCGATGTAGACGGT-1_GSM8367861-1,GSE271055,GSM8367861,pooled_pair,control,unannotated,test
23009,TCTTTGATCGCTTGAA-1_GSM8367861-1,GSE271055,GSM8367861,pooled_pair,control,unannotated,test
19760,GAGACCCCACTCCACT-1_GSM8367861-1,GSE271055,GSM8367861,pooled_pair,control,unannotated,test
16772,ATCAGGTTCTCTCCGA-1_GSM8367861-1,GSE271055,GSM8367861,pooled_pair,control,unannotated,test
23980,TTCCTTCAGGAATTAC-1_GSM8367861-1,GSE271055,GSM8367861,pooled_pair,control,unannotated,test
22563,TCCAGAAAGCGAATGC-1_GSM8367861-1,GSE271055,GSM8367861,pooled_pair,control,unannotated,test
20418,GCTGAATTCATACAGC-1_GSM8367861-1,GSE271055,GSM8367861,pooled_pair,control,unannotated,test
21116,GTAGGAGGTATCGCTA-1_GSM8367861-1,GSE271055,GSM8367861,pooled_pair,control,unannotated,test
14989,AAACGAAGTGTAACGG-1_GSM8367861-1,GSE271055,GSM8367861,pooled_pair,control,unannotated,test
16882,ATCGTCCCAGAAATCA-1_GSM8367861-1,GSE271055,GSM8367861,pooled_pair,control,unannotated,test
19891,GAGTTACGTAGGTAGC-1_GSM8367861-1,GSE271055,GSM8367861,pooled_pair,control,unannotated,test
16652,ATACCGAAGGAGATAG-1_GSM8367861-1,GSE271055,GSM8367861,pooled_pair,control,unannotated,test
18198,CCGATGGGTATACAGA-1_GSM8367861-1,GSE271055,GSM8367861,pooled_pair,control,unannotated,test
16566,AGTCTCCTCTAGTCAG-1_GSM8367861-1,GSE271055,GSM8367861,pooled_pair,control,unannotated,test
17373,CAATGACCACGACTAT-1_GSM8367861-1,GSE271055,GSM8367861,pooled_pair,control,unannotated,test
19271,CTGGTCTAGACGAGCT-1_GSM8367861-1,GSE271055,GSM8367861,pooled_pair,control,unannotated,test
15746,ACGGAAGTCAACTCTT-1_GSM8367861-1,GSE271055,GSM8367861,pooled_pair,control,unannotated,test
24022,TTCGGTCAGCGGTAAC-1_GSM8367861-1,GSE271055,GSM8367861,pooled_pair,control,unannotated,test
23399,TGGATCAGTTTGGCTA-1_GSM8367861-1,GSE271055,GSM8367861,pooled_pair,control,unannotated,test
15661,ACCCTTGAGACTCGAG-1_GSM8367861-1,GSE271055,GSM8367861,pooled_pair,control,unannotated,test
15155,AACCTGAGTCGAAGCA-1_GSM8367861-1,GSE271055,GSM8367861,pooled_pair,control,unannotated,test
16040,AGAAGTAAGGTGCTGA-1_GSM8367861-1,GSE271055,GSM8367861,pooled_pair,control,unannotated,test
18150,CCCTCTCGTCAGGTAG-1_GSM8367861-1,GSE271055,GSM8367861,pooled_pair,control,unannotated,test
14966,AAACCCAAGCTGGTGA-1_GSM8367861-1,GSE271055,GSM8367861,pooled_pair,control,unannotated,test
22938,TCTCCGATCGCTCTAC-1_GSM8367861-1,GSE271055,GSM8367861,pooled_pair,control,unannotated,test
17326,CAAGCTACAGGTCCCA-1_GSM8367861-1,GSE271055,GSM8367861,pooled_pair,control,unannotated,test
17463,CACGGGTAGTCATGAA-1_GSM8367861-1,GSE271055,GSM8367861,pooled_pair,control,unannotated,test
16774,ATCATTCAGGATCATA-1_GSM8367861-1,GSE271055,GSM8367861,pooled_pair,control,unannotated,test
15171,AACGAAAAGCTACAAA-1_GSM8367861-1,GSE271055,GSM8367861,pooled_pair,control,unannotated,test
19755,GAGAAATTCGCCTTTG-1_GSM8367861-1,GSE271055,GSM8367861,pooled_pair,control,unannotated,test
16602,AGTGTTGAGCGTGAAC-1_GSM8367861-1,GSE271055,GSM8367861,pooled_pair,control,unannotated,test
22646,TCCGATCCATGACGGA-1_GSM8367861-1,GSE271055,GSM8367861,pooled_pair,control,unannotated,test
16663,ATACCGATCTGGAGAG-1_GSM8367861-1,GSE271055,GSM8367861,pooled_pair,control,unannotated,test
21709,GTTTGGAGTAATGCGG-1_GSM8367861-1,GSE271055,GSM8367861,pooled_pair,control,unannotated,test
22973,TCTGTCGAGTGCGCTC-1_GSM8367861-1,GSE271055,GSM8367861,pooled_pair,control,unannotated,test
16316,AGGACTTAGCCGCTTG-1_GSM8367861-1,GSE271055,GSM8367861,pooled_pair,control,unannotated,test
19842,GAGGGTACACAAGTGG-1_GSM8367861-1,GSE271055,GSM8367861,pooled_pair,control,unannotated,test
22504,TCATTACTCGGCATCG-1_GSM8367861-1,GSE271055,GSM8367861,pooled_pair,control,unannotated,test
17856,CATGCGGCAATAGGGC-1_GSM8367861-1,GSE271055,GSM8367861,pooled_pair,control,unannotated,test
20812,GGGTATTAGTTCACTG-1_GSM8367861-1,GSE271055,GSM8367861,pooled_pair,control,unannotated,test
19037,CTCCAACGTCTTGAAC-1_GSM8367861-1,GSE271055,GSM8367861,pooled_pair,control,unannotated,test
19043,CTCCACAGTGTTACAC-1_GSM8367861-1,GSE271055,GSM8367861,pooled_pair,control,unannotated,test
16372,AGGCCACGTCACTTCC-1_GSM8367861-1,GSE271055,GSM8367861,pooled_pair,control,unannotated,test
21978,TACTTACCACACAGCC-1_GSM8367861-1,GSE271055,GSM8367861,pooled_pair,control,unannotated,test
15896,ACTGATGGTAAGCAAT-1_GSM8367861-1,GSE271055,GSM8367861,pooled_pair,control,unannotated,test
19921,GATAGAATCTTCACAT-1_GSM8367861-1,GSE271055,GSM8367861,pooled_pair,control,unannotated,test
24088,TTCTTCCTCAAGCCGC-1_GSM8367861-1,GSE271055,GSM8367861,pooled_pair,control,unannotated,test
20886,GGTAATCTCTTCACGC-1_GSM8367861-1,GSE271055,GSM8367861,pooled_pair,control,unannotated,test
16382,AGGCTGCCACGACGCT-1_GSM8367861-1,GSE271055,GSM8367861,pooled_pair,control,unannotated,test
15137,AACCATGAGGTGCTAG-1_GSM8367861-1,GSE271055,GSM8367861,pooled_pair,control,unannotated,test
18430,CCTTTGGAGCACACAG-1_GSM8367861-1,GSE271055,GSM8367861,pooled_pair,control,unannotated,test
17148,ATTCCCGTCCTTTAGT-1_GSM8367861-1,GSE271055,GSM8367861,pooled_pair,control,unannotated,test
23221,TGCAGATCAGATCCAT-1_GSM8367861-1,GSE271055,GSM8367861,pooled_pair,control,unannotated,test
22967,TCTGGCTCAGCCGTTG-1_GSM8367861-1,GSE271055,GSM8367861,pooled_pair,control,unannotated,test
22843,TCGTGCTAGTTGGAAT-1_GSM8367861-1,GSE271055,GSM8367861,pooled_pair,control,unannotated,test
15968,ACTTCGCAGGACGCTA-1_GSM8367861-1,GSE271055,GSM8367861,pooled_pair,control,unannotated,test
20460,GCTTTCGAGCCTGAGA-1_GSM8367861-1,GSE271055,GSM8367861,pooled_pair,control,unannotated,test
19654,GACCCAGGTCAGTCCG-1_GSM8367861-1,GSE271055,GSM8367861,pooled_pair,control,unannotated,test
22777,TCGCTCACACACTTAG-1_GSM8367861-1,GSE271055,GSM8367861,pooled_pair,control,unannotated,test
16683,ATACTTCTCCTCAGGG-1_GSM8367861-1,GSE271055,GSM8367861,pooled_pair,control,unannotated,test
24085,TTCTTCCGTCGGTGTC-1_GSM8367861-1,GSE271055,GSM8367861,pooled_pair,control,unannotated,test
16791,ATCCACCTCCTGCCAT-1_GSM8367861-1,GSE271055,GSM8367861,pooled_pair,control,unannotated,test
21942,TACGGTAAGACTAGAT-1_GSM8367861-1,GSE271055,GSM8367861,pooled_pair,control,unannotated,test
22194,TATTCCAAGGGATCTG-1_GSM8367861-1,GSE271055,GSM8367861,pooled_pair,control,unannotated,test
21637,GTTGCGGGTGCTATTG-1_GSM8367861-1,GSE271055,GSM8367861,pooled_pair,control,unannotated,test
23515,TGGTTAGAGAAAGCGA-1_GSM8367861-1,GSE271055,GSM8367861,pooled_pair,control,unannotated,test
24112,TTGACCCCATCCTATT-1_GSM8367861-1,GSE271055,GSM8367861,pooled_pair,control,unannotated,test
23709,TGTTGAGGTAAGTCAA-1_GSM8367861-1,GSE271055,GSM8367861,pooled_pair,control,unannotated,test
21456,GTGGGAAGTAGCGCCT-1_GSM8367861-1,GSE271055,GSM8367861,pooled_pair,control,unannotated,test
16471,AGGTTACCACTGGCCA-1_GSM8367861-1,GSE271055,GSM8367861,pooled_pair,control,unannotated,test
19068,CTCCCTCCATAACCCA-1_GSM8367861-1,GSE271055,GSM8367861,pooled_pair,control,unannotated,test
18054,CCACGTTTCGTGGTAT-1_GSM8367861-1,GSE271055,GSM8367861,pooled_pair,control,unannotated,test
23708,TGTTGAGCAGGGCTTC-1_GSM8367861-1,GSE271055,GSM8367861,pooled_pair,control,unannotated,test
17854,CATGCGGAGACACACG-1_GSM8367861-1,GSE271055,GSM8367861,pooled_pair,control,unannotated,test
21431,GTGGAGAAGACTAGAT-1_GSM8367861-1,GSE271055,GSM8367861,pooled_pair,control,unannotated,test
23287,TGCGATAAGCTGCGAA-1_GSM8367861-1,GSE271055,GSM8367861,pooled_pair,control,unannotated,test
21074,GTAGAAACAAGATGGC-1_GSM8367861-1,GSE271055,GSM8367861,pooled_pair,control,unannotated,test
16616,AGTTAGCGTGCACATT-1_GSM8367861-1,GSE271055,GSM8367861,pooled_pair,control,unannotated,test
20612,GGCAGTCAGATCGACG-1_GSM8367861-1,GSE271055,GSM8367861,pooled_pair,control,unannotated,test
18689,CGTAAGTGTACCATAC-1_GSM8367861-1,GSE271055,GSM8367861,pooled_pair,control,unannotated,test
21040,GTAATCGGTTCTCTCG-1_GSM8367861-1,GSE271055,GSM8367861,pooled_pair,control,unannotated,test
24094,TTCTTGACATACCGTA-1_GSM8367861-1,GSE271055,GSM8367861,pooled_pair,control,unannotated,test
23407,TGGATGTCATTGGCAT-1_GSM8367861-1,GSE271055,GSM8367861,pooled_pair,control,unannotated,test
15902,ACTGCAACATAGATGA-1_GSM8367861-1,GSE271055,GSM8367861,pooled_pair,control,unannotated,test
16391,AGGGAGTGTTGTATGC-1_GSM8367861-1,GSE271055,GSM8367861,pooled_pair,control,unannotated,test
22513,TCATTCACATTACGGT-1_GSM8367861-1,GSE271055,GSM8367861,pooled_pair,control,unannotated,test
17307,CAAGACTCAGTCGCAC-1_GSM8367861-1,GSE271055,GSM8367861,pooled_pair,control,unannotated,test
15175,AACGAAAGTGTTACAC-1_GSM8367861-1,GSE271055,GSM8367861,pooled_pair,control,unannotated,test
20815,GGGTATTCATGTGGTT-1_GSM8367861-1,GSE271055,GSM8367861,pooled_pair,control,unannotated,test
22717,TCCTTTCTCATGTCTT-1_GSM8367861-1,GSE271055,GSM8367861,pooled_pair,control,unannotated,test
16603,AGTGTTGAGGAACGCT-1_GSM8367861-1,GSE271055,GSM8367861,pooled_pair,control,unannotated,test
18556,CGCAGGTAGCTCCGAC-1_GSM8367861-1,GSE271055,GSM8367861,pooled_pair,control,unannotated,test
16124,AGAGCCCAGGCAGTCA-1_GSM8367861-1,GSE271055,GSM8367861,pooled_pair,control,unannotated,test
18310,CCTACGTCACCAATTG-1_GSM8367861-1,GSE271055,GSM8367861,pooled_pair,control,unannotated,test
30737,GGCGTCATCTGAGCAT-1_GSM8367862-1,GSE271055,GSM8367862,pooled_pair,doxorubicin,unannotated,train
30183,GATTTCTCAAGTTCCA-1_GSM8367862-1,GSE271055,GSM8367862,pooled_pair,doxorubicin,unannotated,train
27294,CACTGAAAGTTCCAGT-1_GSM8367862-1,GSE271055,GSM8367862,pooled_pair,doxorubicin,unannotated,train
33619,TGATTCTTCTAGGAAA-1_GSM8367862-1,GSE271055,GSM8367862,pooled_pair,doxorubicin,unannotated,train
28541,CGGAATTCATATCGGT-1_GSM8367862-1,GSE271055,GSM8367862,pooled_pair,doxorubicin,unannotated,train
32573,TCACATTTCAGGGATG-1_GSM8367862-1,GSE271055,GSM8367862,pooled_pair,doxorubicin,unannotated,train
25806,AGCCACGGTTTCTATC-1_GSM8367862-1,GSE271055,GSM8367862,pooled_pair,doxorubicin,unannotated,train
32690,TCATACTAGCTAAGTA-1_GSM8367862-1,GSE271055,GSM8367862,pooled_pair,doxorubicin,unannotated,train
31989,TAAGTCGGTCTACAGT-1_GSM8367862-1,GSE271055,GSM8367862,pooled_pair,doxorubicin,unannotated,train
32236,TAGACTGAGTGCGCTC-1_GSM8367862-1,GSE271055,GSM8367862,pooled_pair,doxorubicin,unannotated,train
29181,CTGAATGGTTTCGATG-1_GSM8367862-1,GSE271055,GSM8367862,pooled_pair,doxorubicin,unannotated,train
29546,GAACGTTTCTAGCATG-1_GSM8367862-1,GSE271055,GSM8367862,pooled_pair,doxorubicin,unannotated,train
25314,ACGCACGTCAGTAGGG-1_GSM8367862-1,GSE271055,GSM8367862,pooled_pair,doxorubicin,unannotated,train
33747,TGCTCCACAGAAACCG-1_GSM8367862-1,GSE271055,GSM8367862,pooled_pair,doxorubicin,unannotated,train
34169,TGTTGGAAGTGGAATT-1_GSM8367862-1,GSE271055,GSM8367862,pooled_pair,doxorubicin,unannotated,train
26954,ATTGTTCAGGATTCCT-1_GSM8367862-1,GSE271055,GSM8367862,pooled_pair,doxorubicin,unannotated,train
34826,TTTATGCAGCCTCAGC-1_GSM8367862-1,GSE271055,GSM8367862,pooled_pair,doxorubicin,unannotated,train
28976,CTCAGGGGTTGTGCAT-1_GSM8367862-1,GSE271055,GSM8367862,pooled_pair,doxorubicin,unannotated,train
33321,TCTCTGGTCGTCTACC-1_GSM8367862-1,GSE271055,GSM8367862,pooled_pair,doxorubicin,unannotated,train
34471,TTCGATTAGGCACCAA-1_GSM8367862-1,GSE271055,GSM8367862,pooled_pair,doxorubicin,unannotated,train
30015,GATAGAATCAGTCAGT-1_GSM8367862-1,GSE271055,GSM8367862,pooled_pair,doxorubicin,unannotated,train
30068,GATCCCTTCGTTCTAT-1_GSM8367862-1,GSE271055,GSM8367862,pooled_pair,doxorubicin,unannotated,train
27713,CATTCCGAGGTAGATT-1_GSM8367862-1,GSE271055,GSM8367862,pooled_pair,doxorubicin,unannotated,train
25013,ACAAGCTGTCATGGCC-1_GSM8367862-1,GSE271055,GSM8367862,pooled_pair,doxorubicin,unannotated,train
34515,TTCTAACTCGAGTGAG-1_GSM8367862-1,GSE271055,GSM8367862,pooled_pair,doxorubicin,unannotated,train
29624,GAATCACAGAGAGCGG-1_GSM8367862-1,GSE271055,GSM8367862,pooled_pair,doxorubicin,unannotated,train
25550,ACTTATCCACGCGCAT-1_GSM8367862-1,GSE271055,GSM8367862,pooled_pair,doxorubicin,unannotated,train
32541,TCAATTCCACCGTGAC-1_GSM8367862-1,GSE271055,GSM8367862,pooled_pair,doxorubicin,unannotated,train
31310,GTATTTCTCTAAGAAG-1_GSM8367862-1,GSE271055,GSM8367862,pooled_pair,doxorubicin,unannotated,train
34556,TTCTTCCAGCCGATAG-1_GSM8367862-1,GSE271055,GSM8367862,pooled_pair,doxorubicin,unannotated,train
27245,CACCGTTTCCTCCACA-1_GSM8367862-1,GSE271055,GSM8367862,pooled_pair,doxorubicin,unannotated,train
27891,CCACTTGAGTTGTAAG-1_GSM8367862-1,GSE271055,GSM8367862,pooled_pair,doxorubicin,unannotated,train
25201,ACCCAAAAGGACAGTC-1_GSM8367862-1,GSE271055,GSM8367862,pooled_pair,doxorubicin,unannotated,train
24816,AAGGTAAGTTGCATGT-1_GSM8367862-1,GSE271055,GSM8367862,pooled_pair,doxorubicin,unannotated,train
26837,ATTCACTCAACTGAAA-1_GSM8367862-1,GSE271055,GSM8367862,pooled_pair,doxorubicin,unannotated,train
25488,ACTCCCATCTGCTAGA-1_GSM8367862-1,GSE271055,GSM8367862,pooled_pair,doxorubicin,unannotated,train
33956,TGGTAGTGTCCGGTGT-1_GSM8367862-1,GSE271055,GSM8367862,pooled_pair,doxorubicin,unannotated,train
30660,GGAGCAACATGTGACT-1_GSM8367862-1,GSE271055,GSM8367862,pooled_pair,doxorubicin,unannotated,train
30548,GCTGGGTTCGAGATGG-1_GSM8367862-1,GSE271055,GSM8367862,pooled_pair,doxorubicin,unannotated,train
28297,CCTGTTGAGGATATAC-1_GSM8367862-1,GSE271055,GSM8367862,pooled_pair,doxorubicin,unannotated,train
29397,CTTAGGATCAGTCTTT-1_GSM8367862-1,GSE271055,GSM8367862,pooled_pair,doxorubicin,unannotated,train
29245,CTGCCATGTTGGTAGG-1_GSM8367862-1,GSE271055,GSM8367862,pooled_pair,doxorubicin,unannotated,train
32368,TATCAGGAGAGTCAAT-1_GSM8367862-1,GSE271055,GSM8367862,pooled_pair,doxorubicin,unannotated,train
31925,TAACGACCACTAGTAC-1_GSM8367862-1,GSE271055,GSM8367862,pooled_pair,doxorubicin,unannotated,train
32022,TACAACGCACTTGTGA-1_GSM8367862-1,GSE271055,GSM8367862,pooled_pair,doxorubicin,unannotated,train
25711,AGAGCAGGTGTGTCGC-1_GSM8367862-1,GSE271055,GSM8367862,pooled_pair,doxorubicin,unannotated,train
31819,GTTCTATCAAATGAGT-1_GSM8367862-1,GSE271055,GSM8367862,pooled_pair,doxorubicin,unannotated,train
34252,TTACGCCCATTAAGCC-1_GSM8367862-1,GSE271055,GSM8367862,pooled_pair,doxorubicin,unannotated,train
27387,CAGCAATAGCTGTCCG-1_GSM8367862-1,GSE271055,GSM8367862,pooled_pair,doxorubicin,unannotated,train
34823,TTTAGTCTCGAACCTA-1_GSM8367862-1,GSE271055,GSM8367862,pooled_pair,doxorubicin,unannotated,train
31371,GTCATGACAGTTTGGT-1_GSM8367862-1,GSE271055,GSM8367862,pooled_pair,doxorubicin,unannotated,train
26897,ATTCCTAAGGATTACA-1_GSM8367862-1,GSE271055,GSM8367862,pooled_pair,doxorubicin,unannotated,train
32258,TAGATCGAGATACTGA-1_GSM8367862-1,GSE271055,GSM8367862,pooled_pair,doxorubicin,unannotated,train
31956,TAAGCACGTCCACGCA-1_GSM8367862-1,GSE271055,GSM8367862,pooled_pair,doxorubicin,unannotated,train
26657,ATGAGTCAGCTACGTT-1_GSM8367862-1,GSE271055,GSM8367862,pooled_pair,doxorubicin,unannotated,train
26508,ATCGATGCATCATTTC-1_GSM8367862-1,GSE271055,GSM8367862,pooled_pair,doxorubicin,unannotated,train
27898,CCACTTGTCACGGAGA-1_GSM8367862-1,GSE271055,GSM8367862,pooled_pair,doxorubicin,unannotated,train
31149,GTAACCAGTCGTCTCT-1_GSM8367862-1,GSE271055,GSM8367862,pooled_pair,doxorubicin,unannotated,train
33190,TCGGTCTTCGCATTAG-1_GSM8367862-1,GSE271055,GSM8367862,pooled_pair,doxorubicin,unannotated,train
25291,ACGATCACACGGTGTC-1_GSM8367862-1,GSE271055,GSM8367862,pooled_pair,doxorubicin,unannotated,train
25656,AGACCATAGGCACGAT-1_GSM8367862-1,GSE271055,GSM8367862,pooled_pair,doxorubicin,unannotated,train
31324,GTCAAGTCACGCTATA-1_GSM8367862-1,GSE271055,GSM8367862,pooled_pair,doxorubicin,unannotated,train
33874,TGGGAAGGTGACTCGC-1_GSM8367862-1,GSE271055,GSM8367862,pooled_pair,doxorubicin,unannotated,train
32934,TCCGGGAGTGGAAATT-1_GSM8367862-1,GSE271055,GSM8367862,pooled_pair,doxorubicin,unannotated,train
32502,TCAAGCATCCGAGAAG-1_GSM8367862-1,GSE271055,GSM8367862,pooled_pair,doxorubicin,unannotated,train
33355,TCTTAGTAGAACCCGA-1_GSM8367862-1,GSE271055,GSM8367862,pooled_pair,doxorubicin,unannotated,train
31346,GTCACTCCAAGAATAC-1_GSM8367862-1,GSE271055,GSM8367862,pooled_pair,doxorubicin,unannotated,train
32544,TCAATTCGTCTGTCCT-1_GSM8367862-1,GSE271055,GSM8367862,pooled_pair,doxorubicin,unannotated,train
33932,TGGGTTACAGCGGTTC-1_GSM8367862-1,GSE271055,GSM8367862,pooled_pair,doxorubicin,unannotated,train
26228,AGTCACACAAGTTCGT-1_GSM8367862-1,GSE271055,GSM8367862,pooled_pair,doxorubicin,unannotated,train
28508,CGCCATTCATCAACCA-1_GSM8367862-1,GSE271055,GSM8367862,pooled_pair,doxorubicin,unannotated,train
33421,TGAATGCCATACCGTA-1_GSM8367862-1,GSE271055,GSM8367862,pooled_pair,doxorubicin,unannotated,train
26392,ATATCCTGTAGGCAGT-1_GSM8367862-1,GSE271055,GSM8367862,pooled_pair,doxorubicin,unannotated,train
34570,TTCTTGAAGATGATTG-1_GSM8367862-1,GSE271055,GSM8367862,pooled_pair,doxorubicin,unannotated,train
34906,TTTGGAGTCCAGTGTA-1_GSM8367862-1,GSE271055,GSM8367862,pooled_pair,doxorubicin,unannotated,train
26555,ATCGTAGGTCAGGCAA-1_GSM8367862-1,GSE271055,GSM8367862,pooled_pair,doxorubicin,unannotated,train
34048,TGTCAGATCCACCCTA-1_GSM8367862-1,GSE271055,GSM8367862,pooled_pair,doxorubicin,unannotated,train
27687,CATGGTAAGAGCAACC-1_GSM8367862-1,GSE271055,GSM8367862,pooled_pair,doxorubicin,unannotated,train
26729,ATGGAGGCATAGGAGC-1_GSM8367862-1,GSE271055,GSM8367862,pooled_pair,doxorubicin,unannotated,train
29551,GAACTGTTCCGTCAAA-1_GSM8367862-1,GSE271055,GSM8367862,pooled_pair,doxorubicin,unannotated,train
25778,AGCATCACATGGCTGC-1_GSM8367862-1,GSE271055,GSM8367862,pooled_pair,doxorubicin,unannotated,train
33937,TGGGTTATCGACCCAG-1_GSM8367862-1,GSE271055,GSM8367862,pooled_pair,doxorubicin,unannotated,train
28684,CGTGAATGTCAGATTC-1_GSM8367862-1,GSE271055,GSM8367862,pooled_pair,doxorubicin,unannotated,train
33826,TGGAGGAGTGACTATC-1_GSM8367862-1,GSE271055,GSM8367862,pooled_pair,doxorubicin,unannotated,train
34712,TTGGTTTGTTTCGCTC-1_GSM8367862-1,GSE271055,GSM8367862,pooled_pair,doxorubicin,unannotated,train
28966,CTCAGAAGTCAAATCC-1_GSM8367862-1,GSE271055,GSM8367862,pooled_pair,doxorubicin,unannotated,train
28470,CGCAGGTTCACAACCA-1_GSM8367862-1,GSE271055,GSM8367862,pooled_pair,doxorubicin,unannotated,train
27528,CATACTTGTTCACCGG-1_GSM8367862-1,GSE271055,GSM8367862,pooled_pair,doxorubicin,unannotated,train
32958,TCCTAATTCACTGCTC-1_GSM8367862-1,GSE271055,GSM8367862,pooled_pair,doxorubicin,unannotated,train
32802,TCATTGTGTGAGGAAA-1_GSM8367862-1,GSE271055,GSM8367862,pooled_pair,doxorubicin,unannotated,train
25465,ACTATTCAGCTGGAGT-1_GSM8367862-1,GSE271055,GSM8367862,pooled_pair,doxorubicin,unannotated,train
30568,GCTTGGGCACCTGCAG-1_GSM8367862-1,GSE271055,GSM8367862,pooled_pair,doxorubicin,unannotated,train
27480,CAGTTAGCAGGGAGAG-1_GSM8367862-1,GSE271055,GSM8367862,pooled_pair,doxorubicin,unannotated,train
33068,TCGATTTAGACGGATC-1_GSM8367862-1,GSE271055,GSM8367862,pooled_pair,doxorubicin,unannotated,train
25051,ACACGCGGTCCAAATC-1_GSM8367862-1,GSE271055,GSM8367862,pooled_pair,doxorubicin,unannotated,train
25635,AGACAAAAGTGGTCAG-1_GSM8367862-1,GSE271055,GSM8367862,pooled_pair,doxorubicin,unannotated,train
29485,CTTGATTTCCGTTGGG-1_GSM8367862-1,GSE271055,GSM8367862,pooled_pair,doxorubicin,unannotated,train
32147,TACGGGCCACTGTTCC-1_GSM8367862-1,GSE271055,GSM8367862,pooled_pair,doxorubicin,unannotated,train
33054,TCGACCTGTAGCACAG-1_GSM8367862-1,GSE271055,GSM8367862,pooled_pair,doxorubicin,unannotated,train
25311,ACGCACGGTTGCGGCT-1_GSM8367862-1,GSE271055,GSM8367862,pooled_pair,doxorubicin,unannotated,train
31251,GTAGCTACACGGGCTT-1_GSM8367862-1,GSE271055,GSM8367862,pooled_pair,doxorubicin,unannotated,train
29050,CTCCATGAGGGCCTCT-1_GSM8367862-1,GSE271055,GSM8367862,pooled_pair,doxorubicin,unannotated,train
24705,AACTTCTTCATTGCCC-1_GSM8367862-1,GSE271055,GSM8367862,pooled_pair,doxorubicin,unannotated,train
33428,TGAATGCTCACCTACC-1_GSM8367862-1,GSE271055,GSM8367862,pooled_pair,doxorubicin,unannotated,train
26734,ATGGAGGTCCTGTACC-1_GSM8367862-1,GSE271055,GSM8367862,pooled_pair,doxorubicin,unannotated,train
33226,TCGTGGGCATATGCGT-1_GSM8367862-1,GSE271055,GSM8367862,pooled_pair,doxorubicin,unannotated,train
26058,AGGGTCCGTATTGACC-1_GSM8367862-1,GSE271055,GSM8367862,pooled_pair,doxorubicin,unannotated,train
29781,GACTCTCGTGTTTACG-1_GSM8367862-1,GSE271055,GSM8367862,pooled_pair,doxorubicin,unannotated,train
25672,AGACCCGGTCTTAGTG-1_GSM8367862-1,GSE271055,GSM8367862,pooled_pair,doxorubicin,unannotated,train
27487,CAGTTCCAGGCGAAGG-1_GSM8367862-1,GSE271055,GSM8367862,pooled_pair,doxorubicin,unannotated,train
30957,GGGTGAAAGAGATTCA-1_GSM8367862-1,GSE271055,GSM8367862,pooled_pair,doxorubicin,unannotated,train
30263,GCAGCCAGTCGTATGT-1_GSM8367862-1,GSE271055,GSM8367862,pooled_pair,doxorubicin,unannotated,train
32743,TCATGCCAGCTGGCTC-1_GSM8367862-1,GSE271055,GSM8367862,pooled_pair,doxorubicin,unannotated,train
24618,AACCACATCATGGATC-1_GSM8367862-1,GSE271055,GSM8367862,pooled_pair,doxorubicin,unannotated,train
32440,TATTCCACACGCAAAG-1_GSM8367862-1,GSE271055,GSM8367862,pooled_pair,doxorubicin,unannotated,train
25791,AGCCAATCACAAATAG-1_GSM8367862-1,GSE271055,GSM8367862,pooled_pair,doxorubicin,unannotated,train
30083,GATGACTCAATGCAGG-1_GSM8367862-1,GSE271055,GSM8367862,pooled_pair,doxorubicin,unannotated,train
33267,TCTATACGTCACCGAC-1_GSM8367862-1,GSE271055,GSM8367862,pooled_pair,doxorubicin,unannotated,train
31884,GTTGTGACATGTCGTA-1_GSM8367862-1,GSE271055,GSM8367862,pooled_pair,doxorubicin,unannotated,train
28989,CTCATCGAGAGAGCAA-1_GSM8367862-1,GSE271055,GSM8367862,pooled_pair,doxorubicin,unannotated,train
29253,CTGCCTAGTCAACCTA-1_GSM8367862-1,GSE271055,GSM8367862,pooled_pair,doxorubicin,unannotated,train
30420,GCCGATGGTCTAGGTT-1_GSM8367862-1,GSE271055,GSM8367862,pooled_pair,doxorubicin,unannotated,train
28217,CCTCATGAGTTCACTG-1_GSM8367862-1,GSE271055,GSM8367862,pooled_pair,doxorubicin,unannotated,train
24492,AAAGGTAAGGTGCTGA-1_GSM8367862-1,GSE271055,GSM8367862,pooled_pair,doxorubicin,unannotated,train
31807,GTTCGCTGTACCCACG-1_GSM8367862-1,GSE271055,GSM8367862,pooled_pair,doxorubicin,unannotated,train
33386,TCTTTGATCGATAACC-1_GSM8367862-1,GSE271055,GSM8367862,pooled_pair,doxorubicin,unannotated,train
26377,ATAGGCTCACAGTGAG-1_GSM8367862-1,GSE271055,GSM8367862,pooled_pair,doxorubicin,unannotated,train
31802,GTTCGCTCAGTGTGGA-1_GSM8367862-1,GSE271055,GSM8367862,pooled_pair,doxorubicin,unannotated,train
28856,CTAGACACAATAACGA-1_GSM8367862-1,GSE271055,GSM8367862,pooled_pair,doxorubicin,unannotated,train
29043,CTCCACAGTCGTAATC-1_GSM8367862-1,GSE271055,GSM8367862,pooled_pair,doxorubicin,unannotated,train
25890,AGCTTCCGTGATACCT-1_GSM8367862-1,GSE271055,GSM8367862,pooled_pair,doxorubicin,unannotated,train
30651,GGAGATGTCCATTTGT-1_GSM8367862-1,GSE271055,GSM8367862,pooled_pair,doxorubicin,unannotated,train
29403,CTTCAATCAAGCTCTA-1_GSM8367862-1,GSE271055,GSM8367862,pooled_pair,doxorubicin,unannotated,train
24929,AATGCCAAGATCCGAG-1_GSM8367862-1,GSE271055,GSM8367862,pooled_pair,doxorubicin,unannotated,train
34851,TTTCAGTCACCTGCTT-1_GSM8367862-1,GSE271055,GSM8367862,pooled_pair,doxorubicin,unannotated,train
32538,TCAATTCAGACTGTTC-1_GSM8367862-1,GSE271055,GSM8367862,pooled_pair,doxorubicin,unannotated,train
34052,TGTCCACAGGAGTATT-1_GSM8367862-1,GSE271055,GSM8367862,pooled_pair,doxorubicin,unannotated,train
34273,TTACTGTTCTAGATCG-1_GSM8367862-1,GSE271055,GSM8367862,pooled_pair,doxorubicin,unannotated,train
33335,TCTGGCTGTCACAATC-1_GSM8367862-1,GSE271055,GSM8367862,pooled_pair,doxorubicin,unannotated,train
33964,TGGTGATAGGACCCAA-1_GSM8367862-1,GSE271055,GSM8367862,pooled_pair,doxorubicin,unannotated,train
26910,ATTCGTTTCCCTAGGG-1_GSM8367862-1,GSE271055,GSM8367862,pooled_pair,doxorubicin,unannotated,train
30089,GATGACTGTGCTATTG-1_GSM8367862-1,GSE271055,GSM8367862,pooled_pair,doxorubicin,unannotated,train
28178,CCTATCGTCTACGGGC-1_GSM8367862-1,GSE271055,GSM8367862,pooled_pair,doxorubicin,unannotated,train
30584,GGAACCCAGTCAGGGT-1_GSM8367862-1,GSE271055,GSM8367862,pooled_pair,doxorubicin,unannotated,train
25102,ACAGGGAGTTCCTAAG-1_GSM8367862-1,GSE271055,GSM8367862,pooled_pair,doxorubicin,unannotated,train
25499,ACTGATGAGGACTGGT-1_GSM8367862-1,GSE271055,GSM8367862,pooled_pair,doxorubicin,unannotated,train
25889,AGCTTCCGTCGATTCA-1_GSM8367862-1,GSE271055,GSM8367862,pooled_pair,doxorubicin,unannotated,train
31543,GTGCACGAGGCTTAGG-1_GSM8367862-1,GSE271055,GSM8367862,pooled_pair,doxorubicin,unannotated,train
34409,TTCCGGTCACCCTGAG-1_GSM8367862-1,GSE271055,GSM8367862,pooled_pair,doxorubicin,unannotated,train
34275,TTAGGCAAGGCATGCA-1_GSM8367862-1,GSE271055,GSM8367862,pooled_pair,doxorubicin,unannotated,train
29914,GAGGGATTCATGCCCT-1_GSM8367862-1,GSE271055,GSM8367862,pooled_pair,doxorubicin,unannotated,train
31337,GTCACGGGTACACTCA-1_GSM8367862-1,GSE271055,GSM8367862,pooled_pair,doxorubicin,unannotated,train
34030,TGTAGACCATCTATCT-1_GSM8367862-1,GSE271055,GSM8367862,pooled_pair,doxorubicin,unannotated,train
34269,TTACTGTAGTGCAGGT-1_GSM8367862-1,GSE271055,GSM8367862,pooled_pair,doxorubicin,unannotated,train
27330,CACTTCGCAGAGACTG-1_GSM8367862-1,GSE271055,GSM8367862,pooled_pair,doxorubicin,unannotated,train
32004,TAATCTCCATACAGAA-1_GSM8367862-1,GSE271055,GSM8367862,pooled_pair,doxorubicin,unannotated,train
27849,CCACACTGTCCTGGTG-1_GSM8367862-1,GSE271055,GSM8367862,pooled_pair,doxorubicin,unannotated,train
24452,AAAGAACAGAATACAC-1_GSM8367862-1,GSE271055,GSM8367862,pooled_pair,doxorubicin,unannotated,train
29158,CTCTCGAGTCAGTCTA-1_GSM8367862-1,GSE271055,GSM8367862,pooled_pair,doxorubicin,unannotated,train
30452,GCGAGAACAACCGTAT-1_GSM8367862-1,GSE271055,GSM8367862,pooled_pair,doxorubicin,unannotated,train
29036,CTCCACAAGTTCTCTT-1_GSM8367862-1,GSE271055,GSM8367862,pooled_pair,doxorubicin,unannotated,train
29099,CTCCGATGTAACAGGC-1_GSM8367862-1,GSE271055,GSM8367862,pooled_pair,doxorubicin,unannotated,train
25267,ACCTGAACAAGACCTT-1_GSM8367862-1,GSE271055,GSM8367862,pooled_pair,doxorubicin,unannotated,train
25799,AGCCACGAGACATGCG-1_GSM8367862-1,GSE271055,GSM8367862,pooled_pair,doxorubicin,unannotated,train
24796,AAGGAATAGTCACGAG-1_GSM8367862-1,GSE271055,GSM8367862,pooled_pair,doxorubicin,unannotated,train
27153,CAATGACTCACCTTAT-1_GSM8367862-1,GSE271055,GSM8367862,pooled_pair,doxorubicin,unannotated,train
34919,TTTGGTTGTTATCTGG-1_GSM8367862-1,GSE271055,GSM8367862,pooled_pair,doxorubicin,unannotated,train
29738,GACGCTGTCCCGAATA-1_GSM8367862-1,GSE271055,GSM8367862,pooled_pair,doxorubicin,unannotated,train
31103,GGTTAACAGATGTTCC-1_GSM8367862-1,GSE271055,GSM8367862,pooled_pair,doxorubicin,unannotated,train
30657,GGAGCAACAATGAAAC-1_GSM8367862-1,GSE271055,GSM8367862,pooled_pair,doxorubicin,unannotated,train
26901,ATTCGTTAGACAACAT-1_GSM8367862-1,GSE271055,GSM8367862,pooled_pair,doxorubicin,unannotated,train
31153,GTAAGTCAGGTTGAGC-1_GSM8367862-1,GSE271055,GSM8367862,pooled_pair,doxorubicin,unannotated,train
32730,TCATGAGAGAAGTATC-1_GSM8367862-1,GSE271055,GSM8367862,pooled_pair,doxorubicin,unannotated,train
33673,TGCATCCAGAAACTAC-1_GSM8367862-1,GSE271055,GSM8367862,pooled_pair,doxorubicin,unannotated,train
34455,TTCCTTCAGATAGGGA-1_GSM8367862-1,GSE271055,GSM8367862,pooled_pair,doxorubicin,unannotated,train
26554,ATCGTAGGTAACGTTC-1_GSM8367862-1,GSE271055,GSM8367862,pooled_pair,doxorubicin,unannotated,train
31845,GTTGCTCCAACCGTAT-1_GSM8367862-1,GSE271055,GSM8367862,pooled_pair,doxorubicin,unannotated,train
28338,CCTTTGGGTGAATGTA-1_GSM8367862-1,GSE271055,GSM8367862,pooled_pair,doxorubicin,unannotated,train
30603,GGAATCTAGTCGCCCA-1_GSM8367862-1,GSE271055,GSM8367862,pooled_pair,doxorubicin,unannotated,train
28235,CCTCCAAGTGCCTAAT-1_GSM8367862-1,GSE271055,GSM8367862,pooled_pair,doxorubicin,unannotated,train
25331,ACGGGTCCAAGAATGT-1_GSM8367862-1,GSE271055,GSM8367862,pooled_pair,doxorubicin,unannotated,train
34152,TGTTCTAAGTAGTGCG-1_GSM8367862-1,GSE271055,GSM8367862,pooled_pair,doxorubicin,unannotated,train
32732,TCATGAGAGGGCAAGG-1_GSM8367862-1,GSE271055,GSM8367862,pooled_pair,doxorubicin,unannotated,train
34242,TTACCGCTCGTGGAAG-1_GSM8367862-1,GSE271055,GSM8367862,pooled_pair,doxorubicin,unannotated,train
28969,CTCAGGGAGAAGTCTA-1_GSM8367862-1,GSE271055,GSM8367862,pooled_pair,doxorubicin,unannotated,train
25573,ACTTCGCTCACCTTGC-1_GSM8367862-1,GSE271055,GSM8367862,pooled_pair,doxorubicin,unannotated,train
25308,ACGCACGGTTATAGCC-1_GSM8367862-1,GSE271055,GSM8367862,pooled_pair,doxorubicin,unannotated,train
31826,GTTCTATTCGCTTTAT-1_GSM8367862-1,GSE271055,GSM8367862,pooled_pair,doxorubicin,unannotated,train
25895,AGCTTCCTCTCTAGGA-1_GSM8367862-1,GSE271055,GSM8367862,pooled_pair,doxorubicin,unannotated,train
27221,CACATGAGTCGTGCCA-1_GSM8367862-1,GSE271055,GSM8367862,pooled_pair,doxorubicin,unannotated,train
30688,GGAGGTATCCAGTACA-1_GSM8367862-1,GSE271055,GSM8367862,pooled_pair,doxorubicin,unannotated,train
28071,CCGGACAGTACTCGAT-1_GSM8367862-1,GSE271055,GSM8367862,pooled_pair,doxorubicin,unannotated,train
28728,CGTTCTGGTAGATTAG-1_GSM8367862-1,GSE271055,GSM8367862,pooled_pair,doxorubicin,unannotated,train
26938,ATTCTTGCAATAGTAG-1_GSM8367862-1,GSE271055,GSM8367862,pooled_pair,doxorubicin,unannotated,train
28081,CCGGGTACAACATACC-1_GSM8367862-1,GSE271055,GSM8367862,pooled_pair,doxorubicin,unannotated,train
32278,TAGGAGGAGTCCTACA-1_GSM8367862-1,GSE271055,GSM8367862,pooled_pair,doxorubicin,unannotated,train
28284,CCTGCATCACAATGCT-1_GSM8367862-1,GSE271055,GSM8367862,pooled_pair,doxorubicin,unannotated,train
34306,TTATTGCGTACTCCGG-1_GSM8367862-1,GSE271055,GSM8367862,pooled_pair,doxorubicin,unannotated,train
24706,AAGAACAAGGCACCAA-1_GSM8367862-1,GSE271055,GSM8367862,pooled_pair,doxorubicin,unannotated,train
31414,GTCCTCACAGCGGTCT-1_GSM8367862-1,GSE271055,GSM8367862,pooled_pair,doxorubicin,unannotated,train
26600,ATCTCTAGTTGTGTTG-1_GSM8367862-1,GSE271055,GSM8367862,pooled_pair,doxorubicin,unannotated,train
28984,CTCAGTCGTGCGGATA-1_GSM8367862-1,GSE271055,GSM8367862,pooled_pair,doxorubicin,unannotated,train
33370,TCTTCCTTCTGAGATC-1_GSM8367862-1,GSE271055,GSM8367862,pooled_pair,doxorubicin,unannotated,train
32197,TACTTACTCGAGCTGC-1_GSM8367862-1,GSE271055,GSM8367862,pooled_pair,doxorubicin,unannotated,train
32188,TACTTACAGATGGTCG-1_GSM8367862-1,GSE271055,GSM8367862,pooled_pair,doxorubicin,unannotated,train
32159,TACGGTACAGACCAGA-1_GSM8367862-1,GSE271055,GSM8367862,pooled_pair,doxorubicin,unannotated,train
27449,CAGGGCTTCGGATAAA-1_GSM8367862-1,GSE271055,GSM8367862,pooled_pair,doxorubicin,unannotated,train
26820,ATTACTCGTTGTAGCT-1_GSM8367862-1,GSE271055,GSM8367862,pooled_pair,doxorubicin,unannotated,train
33842,TGGATGTAGAAATTCG-1_GSM8367862-1,GSE271055,GSM8367862,pooled_pair,doxorubicin,unannotated,train
29956,GAGTGTTGTATCCCAA-1_GSM8367862-1,GSE271055,GSM8367862,pooled_pair,doxorubicin,unannotated,train
26806,ATTACCTCACGCTGAC-1_GSM8367862-1,GSE271055,GSM8367862,pooled_pair,doxorubicin,unannotated,train
34480,TTCGATTTCGCTTTAT-1_GSM8367862-1,GSE271055,GSM8367862,pooled_pair,doxorubicin,unannotated,train
25591,AGAAATGCAGACAAGC-1_GSM8367862-1,GSE271055,GSM8367862,pooled_pair,doxorubicin,unannotated,train
24549,AACAACCAGCGCATCC-1_GSM8367862-1,GSE271055,GSM8367862,pooled_pair,doxorubicin,unannotated,train
24877,AATCGACGTACGAGTG-1_GSM8367862-1,GSE271055,GSM8367862,pooled_pair,doxorubicin,unannotated,train
30976,GGGTGTCGTCGCATGC-1_GSM8367862-1,GSE271055,GSM8367862,pooled_pair,doxorubicin,unannotated,train
27789,CCAAGCGTCACCCATC-1_GSM8367862-1,GSE271055,GSM8367862,pooled_pair,doxorubicin,unannotated,train
26953,ATTGTTCAGCAGGTCA-1_GSM8367862-1,GSE271055,GSM8367862,pooled_pair,doxorubicin,unannotated,train
27405,CAGCAGCCAGAGTCTT-1_GSM8367862-1,GSE271055,GSM8367862,pooled_pair,doxorubicin,unannotated,train
32559,TCACACCAGCTGTCCG-1_GSM8367862-1,GSE271055,GSM8367862,pooled_pair,doxorubicin,unannotated,train
32837,TCCAGAACAAAGTGTA-1_GSM8367862-1,GSE271055,GSM8367862,pooled_pair,doxorubicin,unannotated,train
28815,CTACCTGAGACAAGCC-1_GSM8367862-1,GSE271055,GSM8367862,pooled_pair,doxorubicin,unannotated,train
28033,CCGATCTCATGGCCCA-1_GSM8367862-1,GSE271055,GSM8367862,pooled_pair,doxorubicin,unannotated,train
29846,GAGAGGTTCAGTGATC-1_GSM8367862-1,GSE271055,GSM8367862,pooled_pair,doxorubicin,unannotated,train
34801,TTTACGTTCGGTAGAG-1_GSM8367862-1,GSE271055,GSM8367862,pooled_pair,doxorubicin,unannotated,train
31645,GTGGTTACAAGACAAT-1_GSM8367862-1,GSE271055,GSM8367862,pooled_pair,doxorubicin,unannotated,train
31019,GGTAATCTCAGTGGGA-1_GSM8367862-1,GSE271055,GSM8367862,pooled_pair,doxorubicin,unannotated,train
30994,GGGTTATTCGGTGTAT-1_GSM8367862-1,GSE271055,GSM8367862,pooled_pair,doxorubicin,unannotated,train
26199,AGTAGCTAGTCATACC-1_GSM8367862-1,GSE271055,GSM8367862,pooled_pair,doxorubicin,unannotated,train
30477,GCGGAAATCGCATAGT-1_GSM8367862-1,GSE271055,GSM8367862,pooled_pair,doxorubicin,unannotated,train
28419,CGAGTTAAGCCGCACT-1_GSM8367862-1,GSE271055,GSM8367862,pooled_pair,doxorubicin,unannotated,train
31768,GTTCATTAGGAACGAA-1_GSM8367862-1,GSE271055,GSM8367862,pooled_pair,doxorubicin,unannotated,train
32828,TCCACGTGTACAAGCG-1_GSM8367862-1,GSE271055,GSM8367862,pooled_pair,doxorubicin,unannotated,train
28605,CGGGTCACAATCGAAA-1_GSM8367862-1,GSE271055,GSM8367862,pooled_pair,doxorubicin,unannotated,train
29899,GAGGCCTGTAGGGAGG-1_GSM8367862-1,GSE271055,GSM8367862,pooled_pair,doxorubicin,unannotated,train
31007,GGTAACTCAAAGGCTG-1_GSM8367862-1,GSE271055,GSM8367862,pooled_pair,doxorubicin,unannotated,train
27363,CAGATCAGTTTCGACA-1_GSM8367862-1,GSE271055,GSM8367862,pooled_pair,doxorubicin,unannotated,train
25345,ACGGTCGGTGATAGTA-1_GSM8367862-1,GSE271055,GSM8367862,pooled_pair,doxorubicin,unannotated,train
25162,ACCAACACAAGCGCTC-1_GSM8367862-1,GSE271055,GSM8367862,pooled_pair,doxorubicin,unannotated,train
27783,CCAAGCGCAATACAGA-1_GSM8367862-1,GSE271055,GSM8367862,pooled_pair,doxorubicin,unannotated,train
27461,CAGGTATTCCTTTAGT-1_GSM8367862-1,GSE271055,GSM8367862,pooled_pair,doxorubicin,unannotated,train
34036,TGTAGACTCAACTGAC-1_GSM8367862-1,GSE271055,GSM8367862,pooled_pair,doxorubicin,unannotated,train
33694,TGCATGAGTCTCGCGA-1_GSM8367862-1,GSE271055,GSM8367862,pooled_pair,doxorubicin,unannotated,train
25009,ACAAGCTCAGCCTATA-1_GSM8367862-1,GSE271055,GSM8367862,pooled_pair,doxorubicin,unannotated,train
24474,AAAGGGCAGAAGAGCA-1_GSM8367862-1,GSE271055,GSM8367862,pooled_pair,doxorubicin,unannotated,train
25739,AGATCCACATCTCATT-1_GSM8367862-1,GSE271055,GSM8367862,pooled_pair,doxorubicin,unannotated,train
32445,TATTGCTCAATTTCCT-1_GSM8367862-1,GSE271055,GSM8367862,pooled_pair,doxorubicin,unannotated,train
30910,GGGCTCAGTGTTCAGT-1_GSM8367862-1,GSE271055,GSM8367862,pooled_pair,doxorubicin,unannotated,train
31821,GTTCTATCACGCGCTA-1_GSM8367862-1,GSE271055,GSM8367862,pooled_pair,doxorubicin,unannotated,train
30893,GGGCGTTTCCATAAGC-1_GSM8367862-1,GSE271055,GSM8367862,pooled_pair,doxorubicin,unannotated,train
26170,AGTAACCGTGGGCTTC-1_GSM8367862-1,GSE271055,GSM8367862,pooled_pair,doxorubicin,unannotated,train
33931,TGGGTTACACCCAATA-1_GSM8367862-1,GSE271055,GSM8367862,pooled_pair,doxorubicin,unannotated,train
27753,CATTGCCGTGCTGTCG-1_GSM8367862-1,GSE271055,GSM8367862,pooled_pair,doxorubicin,unannotated,train
34473,TTCGATTGTACGCTTA-1_GSM8367862-1,GSE271055,GSM8367862,pooled_pair,doxorubicin,unannotated,train
34375,TTCATTGGTGTAGCAG-1_GSM8367862-1,GSE271055,GSM8367862,pooled_pair,doxorubicin,unannotated,train
30158,GATTCTTCACGTACTA-1_GSM8367862-1,GSE271055,GSM8367862,pooled_pair,doxorubicin,unannotated,train
27218,CACATGACAGACCGCT-1_GSM8367862-1,GSE271055,GSM8367862,pooled_pair,doxorubicin,unannotated,train
34821,TTTAGTCGTCTCTCAC-1_GSM8367862-1,GSE271055,GSM8367862,pooled_pair,doxorubicin,unannotated,train
31301,GTATTGGTCTAGACCA-1_GSM8367862-1,GSE271055,GSM8367862,pooled_pair,doxorubicin,unannotated,train
31296,GTATTGGGTCAGGTGA-1_GSM8367862-1,GSE271055,GSM8367862,pooled_pair,doxorubicin,unannotated,train
33829,TGGAGGATCTGGTTGA-1_GSM8367862-1,GSE271055,GSM8367862,pooled_pair,doxorubicin,unannotated,train
26134,AGGTTACAGAGGGTCT-1_GSM8367862-1,GSE271055,GSM8367862,pooled_pair,doxorubicin,unannotated,train
25733,AGATAGATCTGACGCG-1_GSM8367862-1,GSE271055,GSM8367862,pooled_pair,doxorubicin,unannotated,train
31574,GTGCGTGCATGTGGCC-1_GSM8367862-1,GSE271055,GSM8367862,pooled_pair,doxorubicin,unannotated,train
34534,TTCTCTCAGTAGGGTC-1_GSM8367862-1,GSE271055,GSM8367862,pooled_pair,doxorubicin,unannotated,train
28240,CCTCCAATCGCCTTGT-1_GSM8367862-1,GSE271055,GSM8367862,pooled_pair,doxorubicin,unannotated,train
28027,CCGAACGGTGTCTTCC-1_GSM8367862-1,GSE271055,GSM8367862,pooled_pair,doxorubicin,unannotated,train
29688,GACCAATTCGAGAACG-1_GSM8367862-1,GSE271055,GSM8367862,pooled_pair,doxorubicin,unannotated,train
30342,GCCAGCAAGACTGGGT-1_GSM8367862-1,GSE271055,GSM8367862,pooled_pair,doxorubicin,unannotated,train
26285,AGTGTTGAGGTCATCT-1_GSM8367862-1,GSE271055,GSM8367862,pooled_pair,doxorubicin,unannotated,train
26055,AGGGTCCCATAACGGG-1_GSM8367862-1,GSE271055,GSM8367862,pooled_pair,doxorubicin,unannotated,train
29958,GAGTGTTGTCTGTTAG-1_GSM8367862-1,GSE271055,GSM8367862,pooled_pair,doxorubicin,unannotated,train
31966,TAAGCCAGTACTGCGC-1_GSM8367862-1,GSE271055,GSM8367862,pooled_pair,doxorubicin,unannotated,train
25605,AGAACAAGTGCGTGCT-1_GSM8367862-1,GSE271055,GSM8367862,pooled_pair,doxorubicin,unannotated,train
33846,TGGATGTCATAGTCGT-1_GSM8367862-1,GSE271055,GSM8367862,pooled_pair,doxorubicin,unannotated,train
32967,TCCTCCCCATCCTCAC-1_GSM8367862-1,GSE271055,GSM8367862,pooled_pair,doxorubicin,unannotated,train
29263,CTGCGAGTCCTGTTGC-1_GSM8367862-1,GSE271055,GSM8367862,pooled_pair,doxorubicin,unannotated,train
32953,TCCTAATCATAGGTTC-1_GSM8367862-1,GSE271055,GSM8367862,pooled_pair,doxorubicin,unannotated,train
31891,GTTTACTCATCGGCCA-1_GSM8367862-1,GSE271055,GSM8367862,pooled_pair,doxorubicin,unannotated,train
27754,CATTGCCGTGTGTGTT-1_GSM8367862-1,GSE271055,GSM8367862,pooled_pair,doxorubicin,unannotated,train
28527,CGGAACCAGTTCTCTT-1_GSM8367862-1,GSE271055,GSM8367862,pooled_pair,doxorubicin,unannotated,train
29714,GACCGTGAGTTGCTCA-1_GSM8367862-1,GSE271055,GSM8367862,pooled_pair,doxorubicin,unannotated,train
27391,CAGCAATGTGTTGATC-1_GSM8367862-1,GSE271055,GSM8367862,pooled_pair,doxorubicin,unannotated,train
32319,TAGGTTGCAACCCTAA-1_GSM8367862-1,GSE271055,GSM8367862,pooled_pair,doxorubicin,unannotated,train
32408,TATCTGTCAGGTAGTG-1_GSM8367862-1,GSE271055,GSM8367862,pooled_pair,doxorubicin,unannotated,train
29056,CTCCATGGTCCTCAGG-1_GSM8367862-1,GSE271055,GSM8367862,pooled_pair,doxorubicin,unannotated,train
25526,ACTGTGAAGACGACGT-1_GSM8367862-1,GSE271055,GSM8367862,pooled_pair,doxorubicin,unannotated,train
30332,GCATTAGCACAATGCT-1_GSM8367862-1,GSE271055,GSM8367862,pooled_pair,doxorubicin,unannotated,train
32923,TCCGATCGTAGTCACT-1_GSM8367862-1,GSE271055,GSM8367862,pooled_pair,doxorubicin,unannotated,train
26542,ATCGGCGCAGTCTACA-1_GSM8367862-1,GSE271055,GSM8367862,pooled_pair,doxorubicin,unannotated,train
29098,CTCCGATCAGGTCAAG-1_GSM8367862-1,GSE271055,GSM8367862,pooled_pair,doxorubicin,unannotated,train
33809,TGGAGAGAGCGAGGAG-1_GSM8367862-1,GSE271055,GSM8367862,pooled_pair,doxorubicin,unannotated,train
31628,GTGGCGTTCGTTACCC-1_GSM8367862-1,GSE271055,GSM8367862,pooled_pair,doxorubicin,unannotated,train
25480,ACTCCCACATCGATGT-1_GSM8367862-1,GSE271055,GSM8367862,pooled_pair,doxorubicin,unannotated,train
29580,GAAGCGAGTCAAATCC-1_GSM8367862-1,GSE271055,GSM8367862,pooled_pair,doxorubicin,unannotated,train
26094,AGGTAGGGTTGGAGAC-1_GSM8367862-1,GSE271055,GSM8367862,pooled_pair,doxorubicin,unannotated,train
25933,AGGAGGTAGAACCGCA-1_GSM8367862-1,GSE271055,GSM8367862,pooled_pair,doxorubicin,unannotated,train
31244,GTAGATCTCGAACCAT-1_GSM8367862-1,GSE271055,GSM8367862,pooled_pair,doxorubicin,unannotated,train
25978,AGGCATTAGCTCAGAG-1_GSM8367862-1,GSE271055,GSM8367862,pooled_pair,doxorubicin,unannotated,train
31509,GTGAGCCGTATCTTCT-1_GSM8367862-1,GSE271055,GSM8367862,pooled_pair,doxorubicin,unannotated,train
27718,CATTCCGGTTAAAGTG-1_GSM8367862-1,GSE271055,GSM8367862,pooled_pair,doxorubicin,unannotated,train
27273,CACGTGGCATCATCTT-1_GSM8367862-1,GSE271055,GSM8367862,pooled_pair,doxorubicin,unannotated,train
29029,CTCCAACCAGGCGAAT-1_GSM8367862-1,GSE271055,GSM8367862,pooled_pair,doxorubicin,unannotated,train
29851,GAGATGGAGCTATCTG-1_GSM8367862-1,GSE271055,GSM8367862,pooled_pair,doxorubicin,unannotated,train
34043,TGTCAGACATGTTCGA-1_GSM8367862-1,GSE271055,GSM8367862,pooled_pair,doxorubicin,unannotated,train
33542,TGAGGGATCTTGCAGA-1_GSM8367862-1,GSE271055,GSM8367862,pooled_pair,doxorubicin,unannotated,train
25872,AGCTACATCGGAGCAA-1_GSM8367862-1,GSE271055,GSM8367862,pooled_pair,doxorubicin,unannotated,train
27774,CATTTCACACAAATAG-1_GSM8367862-1,GSE271055,GSM8367862,pooled_pair,doxorubicin,unannotated,train
31810,GTTCGCTGTTTGTTCT-1_GSM8367862-1,GSE271055,GSM8367862,pooled_pair,doxorubicin,unannotated,train
29538,GAACGTTAGATGATTG-1_GSM8367862-1,GSE271055,GSM8367862,pooled_pair,doxorubicin,unannotated,train
25925,AGGACTTAGTATGGAT-1_GSM8367862-1,GSE271055,GSM8367862,pooled_pair,doxorubicin,unannotated,train
26801,ATTACCTAGAGAGAAC-1_GSM8367862-1,GSE271055,GSM8367862,pooled_pair,doxorubicin,unannotated,train
32428,TATGTTCCACCGCTAG-1_GSM8367862-1,GSE271055,GSM8367862,pooled_pair,doxorubicin,unannotated,train
29198,CTGAGGCTCTGAATCG-1_GSM8367862-1,GSE271055,GSM8367862,pooled_pair,doxorubicin,unannotated,train
24680,AACGGGATCCTCACGT-1_GSM8367862-1,GSE271055,GSM8367862,pooled_pair,doxorubicin,unannotated,train
31127,GTAACACAGAAACTGT-1_GSM8367862-1,GSE271055,GSM8367862,pooled_pair,doxorubicin,unannotated,train
33059,TCGACGGAGTGCACAG-1_GSM8367862-1,GSE271055,GSM8367862,pooled_pair,doxorubicin,unannotated,train
32006,TAATCTCTCATTACCT-1_GSM8367862-1,GSE271055,GSM8367862,pooled_pair,doxorubicin,unannotated,train
30026,GATAGCTGTAGCGTTT-1_GSM8367862-1,GSE271055,GSM8367862,pooled_pair,doxorubicin,unannotated,train
28861,CTAGACAGTGAACGGT-1_GSM8367862-1,GSE271055,GSM8367862,pooled_pair,doxorubicin,unannotated,train
32633,TCAGCCTCAGGCTACC-1_GSM8367862-1,GSE271055,GSM8367862,pooled_pair,doxorubicin,unannotated,train
28774,CTAAGTGCAAATCGGG-1_GSM8367862-1,GSE271055,GSM8367862,pooled_pair,doxorubicin,unannotated,train
24511,AAAGTCCTCTTCCCAG-1_GSM8367862-1,GSE271055,GSM8367862,pooled_pair,doxorubicin,unannotated,train
26171,AGTAACCTCATGGATC-1_GSM8367862-1,GSE271055,GSM8367862,pooled_pair,doxorubicin,unannotated,train
26004,AGGCTGCCATGGATCT-1_GSM8367862-1,GSE271055,GSM8367862,pooled_pair,doxorubicin,unannotated,train
25348,ACGGTCGTCCGTACGG-1_GSM8367862-1,GSE271055,GSM8367862,pooled_pair,doxorubicin,unannotated,train
24894,AATCGTGCAACTGCTA-1_GSM8367862-1,GSE271055,GSM8367862,pooled_pair,doxorubicin,unannotated,train
32856,TCCATGCAGCGTATGG-1_GSM8367862-1,GSE271055,GSM8367862,pooled_pair,doxorubicin,unannotated,train
33831,TGGATCAAGGTGCTGA-1_GSM8367862-1,GSE271055,GSM8367862,pooled_pair,doxorubicin,unannotated,train
34026,TGTACAGTCTTCTCAA-1_GSM8367862-1,GSE271055,GSM8367862,pooled_pair,doxorubicin,unannotated,train
32911,TCCGAAAAGCGCCATC-1_GSM8367862-1,GSE271055,GSM8367862,pooled_pair,doxorubicin,unannotated,train
32510,TCAAGTGAGGCCTTCG-1_GSM8367862-1,GSE271055,GSM8367862,pooled_pair,doxorubicin,unannotated,train
27230,CACCAAACAAATGGAT-1_GSM8367862-1,GSE271055,GSM8367862,pooled_pair,doxorubicin,unannotated,train
33102,TCGCAGGAGGGCCTCT-1_GSM8367862-1,GSE271055,GSM8367862,pooled_pair,doxorubicin,unannotated,train
25294,ACGATCAGTCCAGCAC-1_GSM8367862-1,GSE271055,GSM8367862,pooled_pair,doxorubicin,unannotated,train
30111,GATGATCGTCGTAATC-1_GSM8367862-1,GSE271055,GSM8367862,pooled_pair,doxorubicin,unannotated,train
25952,AGGAGGTTCTTAATCC-1_GSM8367862-1,GSE271055,GSM8367862,pooled_pair,doxorubicin,unannotated,train
25717,AGAGCCCTCAAGCCTA-1_GSM8367862-1,GSE271055,GSM8367862,pooled_pair,doxorubicin,unannotated,train
33781,TGCTTCGCAATGAGCG-1_GSM8367862-1,GSE271055,GSM8367862,pooled_pair,doxorubicin,unannotated,train
32417,TATCTTGCACAATCTG-1_GSM8367862-1,GSE271055,GSM8367862,pooled_pair,doxorubicin,unannotated,train
27447,CAGGGCTTCAACGCTA-1_GSM8367862-1,GSE271055,GSM8367862,pooled_pair,doxorubicin,unannotated,train
25796,AGCCAATTCAAGAGTA-1_GSM8367862-1,GSE271055,GSM8367862,pooled_pair,doxorubicin,unannotated,train
26172,AGTAACCTCTGGTGGC-1_GSM8367862-1,GSE271055,GSM8367862,pooled_pair,doxorubicin,unannotated,train
29095,CTCCGATAGGCTTCCG-1_GSM8367862-1,GSE271055,GSM8367862,pooled_pair,doxorubicin,unannotated,train
29460,CTTCTCTAGTCTCGTA-1_GSM8367862-1,GSE271055,GSM8367862,pooled_pair,doxorubicin,unannotated,train
27511,CATACAGTCTCCTGAC-1_GSM8367862-1,GSE271055,GSM8367862,pooled_pair,doxorubicin,unannotated,train
26280,AGTGCCGGTTCTAAGC-1_GSM8367862-1,GSE271055,GSM8367862,pooled_pair,doxorubicin,unannotated,train
25037,ACACCAAGTGGCAGAT-1_GSM8367862-1,GSE271055,GSM8367862,pooled_pair,doxorubicin,unannotated,train
25263,ACCTACCGTTTACTGG-1_GSM8367862-1,GSE271055,GSM8367862,pooled_pair,doxorubicin,unannotated,train
32009,TAATTCCAGCCTGTCG-1_GSM8367862-1,GSE271055,GSM8367862,pooled_pair,doxorubicin,unannotated,train
30008,GATAGAACACACACTA-1_GSM8367862-1,GSE271055,GSM8367862,pooled_pair,doxorubicin,unannotated,train
24850,AAGTTCGCAAGTGGCA-1_GSM8367862-1,GSE271055,GSM8367862,pooled_pair,doxorubicin,unannotated,train
31734,GTTACGATCTGCTTTA-1_GSM8367862-1,GSE271055,GSM8367862,pooled_pair,doxorubicin,unannotated,train
32613,TCACTCGTCCCGTTCA-1_GSM8367862-1,GSE271055,GSM8367862,pooled_pair,doxorubicin,unannotated,train
34392,TTCCAATTCCAAGCTA-1_GSM8367862-1,GSE271055,GSM8367862,pooled_pair,doxorubicin,unannotated,train
25141,ACATGCATCTTGCAGA-1_GSM8367862-1,GSE271055,GSM8367862,pooled_pair,doxorubicin,unannotated,train
34172,TGTTGGACATCTCCCA-1_GSM8367862-1,GSE271055,GSM8367862,pooled_pair,doxorubicin,unannotated,train
32104,TACCGGGGTTTGGGAG-1_GSM8367862-1,GSE271055,GSM8367862,pooled_pair,doxorubicin,unannotated,train
30523,GCTCAAATCCATTTGT-1_GSM8367862-1,GSE271055,GSM8367862,pooled_pair,doxorubicin,unannotated,train
31508,GTGAGCCCATGCAGGA-1_GSM8367862-1,GSE271055,GSM8367862,pooled_pair,doxorubicin,unannotated,train
30804,GGGACCTAGCAAATCA-1_GSM8367862-1,GSE271055,GSM8367862,pooled_pair,doxorubicin,unannotated,train
24430,AAACGAAAGTTGAAAC-1_GSM8367862-1,GSE271055,GSM8367862,pooled_pair,doxorubicin,unannotated,train
26513,ATCGATGTCCACAGCG-1_GSM8367862-1,GSE271055,GSM8367862,pooled_pair,doxorubicin,unannotated,train
25611,AGAACCTCAGCCCAGT-1_GSM8367862-1,GSE271055,GSM8367862,pooled_pair,doxorubicin,unannotated,train
27762,CATTGTTAGTCATGGG-1_GSM8367862-1,GSE271055,GSM8367862,pooled_pair,doxorubicin,unannotated,train
26132,AGGTGTTTCCATTTAC-1_GSM8367862-1,GSE271055,GSM8367862,pooled_pair,doxorubicin,unannotated,train
33882,TGGGAGACACTTCCTG-1_GSM8367862-1,GSE271055,GSM8367862,pooled_pair,doxorubicin,unannotated,train
26266,AGTGATCTCCGACAGC-1_GSM8367862-1,GSE271055,GSM8367862,pooled_pair,doxorubicin,unannotated,train
26384,ATAGGCTGTTGGGCCT-1_GSM8367862-1,GSE271055,GSM8367862,pooled_pair,doxorubicin,unannotated,train
26252,AGTGACTGTGGGACAT-1_GSM8367862-1,GSE271055,GSM8367862,pooled_pair,doxorubicin,unannotated,train
29680,GACCAATAGCGCCATC-1_GSM8367862-1,GSE271055,GSM8367862,pooled_pair,doxorubicin,unannotated,train
32331,TAGTGCAAGGCTCACC-1_GSM8367862-1,GSE271055,GSM8367862,pooled_pair,doxorubicin,unannotated,train
30435,GCCTGTTAGAGTCCGA-1_GSM8367862-1,GSE271055,GSM8367862,pooled_pair,doxorubicin,unannotated,train
31066,GGTGATTAGTCCCAGC-1_GSM8367862-1,GSE271055,GSM8367862,pooled_pair,doxorubicin,unannotated,train
33210,TCGTCCAGTAGGTCAG-1_GSM8367862-1,GSE271055,GSM8367862,pooled_pair,doxorubicin,unannotated,train
31111,GGTTAACGTGTCATCA-1_GSM8367862-1,GSE271055,GSM8367862,pooled_pair,doxorubicin,unannotated,train
32343,TATACCTCAAGCTCTA-1_GSM8367862-1,GSE271055,GSM8367862,pooled_pair,doxorubicin,unannotated,train
31604,GTGGAAGCATTGACCA-1_GSM8367862-1,GSE271055,GSM8367862,pooled_pair,doxorubicin,unannotated,train
27022,CAACAGTAGAGTACCG-1_GSM8367862-1,GSE271055,GSM8367862,pooled_pair,doxorubicin,unannotated,train
26293,AGTGTTGTCAACCTTT-1_GSM8367862-1,GSE271055,GSM8367862,pooled_pair,doxorubicin,unannotated,train
33610,TGATTCTAGACCACGA-1_GSM8367862-1,GSE271055,GSM8367862,pooled_pair,doxorubicin,unannotated,train
32040,TACACCCGTATCGAGG-1_GSM8367862-1,GSE271055,GSM8367862,pooled_pair,doxorubicin,unannotated,train
28828,CTACCTGGTAGGTCAG-1_GSM8367862-1,GSE271055,GSM8367862,pooled_pair,doxorubicin,unannotated,train
32970,TCCTCCCGTCCCGGTA-1_GSM8367862-1,GSE271055,GSM8367862,pooled_pair,doxorubicin,unannotated,train
33295,TCTCACGTCCCAAGCG-1_GSM8367862-1,GSE271055,GSM8367862,pooled_pair,doxorubicin,unannotated,train
33675,TGCATCCAGCGTATAA-1_GSM8367862-1,GSE271055,GSM8367862,pooled_pair,doxorubicin,unannotated,train
25580,ACTTTCAGTTTACCAG-1_GSM8367862-1,GSE271055,GSM8367862,pooled_pair,doxorubicin,unannotated,train
26386,ATAGGCTTCTTTGGAG-1_GSM8367862-1,GSE271055,GSM8367862,pooled_pair,doxorubicin,unannotated,train
32442,TATTGCTAGACGCCAA-1_GSM8367862-1,GSE271055,GSM8367862,pooled_pair,doxorubicin,unannotated,train
27546,CATCAAGTCAATGCAC-1_GSM8367862-1,GSE271055,GSM8367862,pooled_pair,doxorubicin,unannotated,train
30289,GCAGGCTTCTGCATAG-1_GSM8367862-1,GSE271055,GSM8367862,pooled_pair,doxorubicin,unannotated,train
34086,TGTGAGTGTGTCCACG-1_GSM8367862-1,GSE271055,GSM8367862,pooled_pair,doxorubicin,unannotated,train
29301,CTGGCAGTCGTCTACC-1_GSM8367862-1,GSE271055,GSM8367862,pooled_pair,doxorubicin,unannotated,train
27885,CCACGTTTCCTGGTCT-1_GSM8367862-1,GSE271055,GSM8367862,pooled_pair,doxorubicin,unannotated,train
28151,CCTAACCTCTGGGATT-1_GSM8367862-1,GSE271055,GSM8367862,pooled_pair,doxorubicin,unannotated,train
27581,CATCGCTAGCCATGCC-1_GSM8367862-1,GSE271055,GSM8367862,pooled_pair,doxorubicin,unannotated,train
25819,AGCGATTAGATTGGGC-1_GSM8367862-1,GSE271055,GSM8367862,pooled_pair,doxorubicin,unannotated,train
27046,CAACGATCAGTCTACA-1_GSM8367862-1,GSE271055,GSM8367862,pooled_pair,doxorubicin,unannotated,train
31105,GGTTAACAGGCCTTGC-1_GSM8367862-1,GSE271055,GSM8367862,pooled_pair,doxorubicin,unannotated,train
28170,CCTATCGAGCCGTTGC-1_GSM8367862-1,GSE271055,GSM8367862,pooled_pair,doxorubicin,unannotated,train
33977,TGGTTAGAGGTCGTAG-1_GSM8367862-1,GSE271055,GSM8367862,pooled_pair,doxorubicin,unannotated,train
25026,ACACAGTGTTCTCGTC-1_GSM8367862-1,GSE271055,GSM8367862,pooled_pair,doxorubicin,unannotated,train
33745,TGCTCCACAAGGTACG-1_GSM8367862-1,GSE271055,GSM8367862,pooled_pair,doxorubicin,unannotated,train
25830,AGCGCCAAGTTCATCG-1_GSM8367862-1,GSE271055,GSM8367862,pooled_pair,doxorubicin,unannotated,train
34624,TTGCATTCAATAGAGT-1_GSM8367862-1,GSE271055,GSM8367862,pooled_pair,doxorubicin,unannotated,train
33672,TGCAGTATCTCATGGA-1_GSM8367862-1,GSE271055,GSM8367862,pooled_pair,doxorubicin,unannotated,train
29709,GACCCTTTCCCAAGCG-1_GSM8367862-1,GSE271055,GSM8367862,pooled_pair,doxorubicin,unannotated,train
28848,CTACTATCAGACGATG-1_GSM8367862-1,GSE271055,GSM8367862,pooled_pair,doxorubicin,unannotated,train
31454,GTCTACCGTGAGAACC-1_GSM8367862-1,GSE271055,GSM8367862,pooled_pair,doxorubicin,unannotated,train
32640,TCAGGGCAGTGCTAGG-1_GSM8367862-1,GSE271055,GSM8367862,pooled_pair,doxorubicin,unannotated,train
31931,TAACTTCAGCATATGA-1_GSM8367862-1,GSE271055,GSM8367862,pooled_pair,doxorubicin,unannotated,train
26217,AGTCAACCAGGCTATT-1_GSM8367862-1,GSE271055,GSM8367862,pooled_pair,doxorubicin,unannotated,train
31987,TAAGTCGGTCATCCCT-1_GSM8367862-1,GSE271055,GSM8367862,pooled_pair,doxorubicin,unannotated,train
31555,GTGCAGCAGTATTGCC-1_GSM8367862-1,GSE271055,GSM8367862,pooled_pair,doxorubicin,unannotated,train
33704,TGCCGAGAGGTCACAG-1_GSM8367862-1,GSE271055,GSM8367862,pooled_pair,doxorubicin,unannotated,train
25527,ACTGTGAAGCAGTCTT-1_GSM8367862-1,GSE271055,GSM8367862,pooled_pair,doxorubicin,unannotated,train
27775,CATTTCACACAAGTGG-1_GSM8367862-1,GSE271055,GSM8367862,pooled_pair,doxorubicin,unannotated,train
31336,GTCACGGCATCGTGCG-1_GSM8367862-1,GSE271055,GSM8367862,pooled_pair,doxorubicin,unannotated,train
29775,GACTCAATCAAGAAAC-1_GSM8367862-1,GSE271055,GSM8367862,pooled_pair,doxorubicin,unannotated,train
30476,GCGGAAATCGAAGGAC-1_GSM8367862-1,GSE271055,GSM8367862,pooled_pair,doxorubicin,unannotated,train
27829,CCACAAAAGGTCACAG-1_GSM8367862-1,GSE271055,GSM8367862,pooled_pair,doxorubicin,unannotated,train
27269,CACGGGTTCTAGATCG-1_GSM8367862-1,GSE271055,GSM8367862,pooled_pair,doxorubicin,unannotated,train
29975,GAGTTACTCGGACTTA-1_GSM8367862-1,GSE271055,GSM8367862,pooled_pair,doxorubicin,unannotated,train
32908,TCCCATGTCAAGTGTC-1_GSM8367862-1,GSE271055,GSM8367862,pooled_pair,doxorubicin,unannotated,train
32622,TCAGCAACATAGAGGC-1_GSM8367862-1,GSE271055,GSM8367862,pooled_pair,doxorubicin,unannotated,train
33818,TGGAGAGGTTCAGCTA-1_GSM8367862-1,GSE271055,GSM8367862,pooled_pair,doxorubicin,unannotated,train
25186,ACCATTTCAATGGCCC-1_GSM8367862-1,GSE271055,GSM8367862,pooled_pair,doxorubicin,unannotated,train
28398,CGAGGCTAGAGTCACG-1_GSM8367862-1,GSE271055,GSM8367862,pooled_pair,doxorubicin,unannotated,train
24546,AACAAAGTCTACGCGG-1_GSM8367862-1,GSE271055,GSM8367862,pooled_pair,doxorubicin,unannotated,train
27249,CACGAATAGTCTGCGC-1_GSM8367862-1,GSE271055,GSM8367862,pooled_pair,doxorubicin,unannotated,train
34361,TTCATGTGTTGGGAAC-1_GSM8367862-1,GSE271055,GSM8367862,pooled_pair,doxorubicin,unannotated,train
29992,GAGTTGTGTTGGGTTT-1_GSM8367862-1,GSE271055,GSM8367862,pooled_pair,doxorubicin,unannotated,train
30943,GGGTCACTCCAAAGGG-1_GSM8367862-1,GSE271055,GSM8367862,pooled_pair,doxorubicin,unannotated,train
30558,GCTTCACGTACGGATG-1_GSM8367862-1,GSE271055,GSM8367862,pooled_pair,doxorubicin,unannotated,train
24789,AAGCGTTGTCAAAGAT-1_GSM8367862-1,GSE271055,GSM8367862,pooled_pair,doxorubicin,unannotated,train
28659,CGTCAAAAGGGCCAAT-1_GSM8367862-1,GSE271055,GSM8367862,pooled_pair,doxorubicin,unannotated,train
33291,TCTCACGCAGGAATCG-1_GSM8367862-1,GSE271055,GSM8367862,pooled_pair,doxorubicin,unannotated,train
33404,TGAATCGAGACTCAAA-1_GSM8367862-1,GSE271055,GSM8367862,pooled_pair,doxorubicin,unannotated,train
25183,ACCATTTAGGATGTTA-1_GSM8367862-1,GSE271055,GSM8367862,pooled_pair,doxorubicin,unannotated,train
29703,GACCCTTAGACCAGAC-1_GSM8367862-1,GSE271055,GSM8367862,pooled_pair,doxorubicin,unannotated,train
31254,GTAGCTAGTCCAATCA-1_GSM8367862-1,GSE271055,GSM8367862,pooled_pair,doxorubicin,unannotated,train
29841,GAGAGGTCAATTCTTC-1_GSM8367862-1,GSE271055,GSM8367862,pooled_pair,doxorubicin,unannotated,train
28995,CTCATCGGTCAGTCCG-1_GSM8367862-1,GSE271055,GSM8367862,pooled_pair,doxorubicin,unannotated,train
34214,TTACAGGTCATACGAC-1_GSM8367862-1,GSE271055,GSM8367862,pooled_pair,doxorubicin,unannotated,train
28809,CTACCCAAGATGAAGG-1_GSM8367862-1,GSE271055,GSM8367862,pooled_pair,doxorubicin,unannotated,train
26505,ATCGATGCACGCGTCA-1_GSM8367862-1,GSE271055,GSM8367862,pooled_pair,doxorubicin,unannotated,train
31223,GTAGAGGAGTGCGACA-1_GSM8367862-1,GSE271055,GSM8367862,pooled_pair,doxorubicin,unannotated,train
29908,GAGGGATCAGGTACGA-1_GSM8367862-1,GSE271055,GSM8367862,pooled_pair,doxorubicin,unannotated,train
27000,ATTTCTGGTGGGTTGA-1_GSM8367862-1,GSE271055,GSM8367862,pooled_pair,doxorubicin,unannotated,train
30240,GCACGTGAGGTCTACT-1_GSM8367862-1,GSE271055,GSM8367862,pooled_pair,doxorubicin,unannotated,train
31714,GTTACCCAGGCTTCCG-1_GSM8367862-1,GSE271055,GSM8367862,pooled_pair,doxorubicin,unannotated,train
30094,GATGAGGAGAACTCCT-1_GSM8367862-1,GSE271055,GSM8367862,pooled_pair,doxorubicin,unannotated,train
24592,AACACACTCTCTCTTC-1_GSM8367862-1,GSE271055,GSM8367862,pooled_pair,doxorubicin,unannotated,train
29715,GACCGTGCAGGCTATT-1_GSM8367862-1,GSE271055,GSM8367862,pooled_pair,doxorubicin,unannotated,train
24456,AAAGAACAGTTCGGTT-1_GSM8367862-1,GSE271055,GSM8367862,pooled_pair,doxorubicin,unannotated,train
24565,AACAACCTCACGAACT-1_GSM8367862-1,GSE271055,GSM8367862,pooled_pair,doxorubicin,unannotated,train
32710,TCATCATCACGGGCTT-1_GSM8367862-1,GSE271055,GSM8367862,pooled_pair,doxorubicin,unannotated,train
26395,ATCACAGAGACAGTCG-1_GSM8367862-1,GSE271055,GSM8367862,pooled_pair,doxorubicin,unannotated,train
32468,TATTGGGGTGCAACAG-1_GSM8367862-1,GSE271055,GSM8367862,pooled_pair,doxorubicin,unannotated,train
26099,AGGTCATAGTGGTCAG-1_GSM8367862-1,GSE271055,GSM8367862,pooled_pair,doxorubicin,unannotated,train
27531,CATACTTTCGGTTGTA-1_GSM8367862-1,GSE271055,GSM8367862,pooled_pair,doxorubicin,unannotated,train
32584,TCACGGGAGATTGACA-1_GSM8367862-1,GSE271055,GSM8367862,pooled_pair,doxorubicin,unannotated,train
26838,ATTCACTCAATGGCAG-1_GSM8367862-1,GSE271055,GSM8367862,pooled_pair,doxorubicin,unannotated,train
33582,TGATCTTTCATTGTGG-1_GSM8367862-1,GSE271055,GSM8367862,pooled_pair,doxorubicin,unannotated,train
34766,TTGTTGTTCGAGAATA-1_GSM8367862-1,GSE271055,GSM8367862,pooled_pair,doxorubicin,unannotated,train
29792,GACTGATGTTCTTGCC-1_GSM8367862-1,GSE271055,GSM8367862,pooled_pair,doxorubicin,unannotated,train
34316,TTCAATCGTATCGTTG-1_GSM8367862-1,GSE271055,GSM8367862,pooled_pair,doxorubicin,unannotated,train
28389,CGAGAAGTCATCACCC-1_GSM8367862-1,GSE271055,GSM8367862,pooled_pair,doxorubicin,unannotated,train
32126,TACCTGCTCATTTCCA-1_GSM8367862-1,GSE271055,GSM8367862,pooled_pair,doxorubicin,unannotated,train
24577,AACACACAGCCAGACA-1_GSM8367862-1,GSE271055,GSM8367862,pooled_pair,doxorubicin,unannotated,train
26216,AGTCAACAGGAACTCG-1_GSM8367862-1,GSE271055,GSM8367862,pooled_pair,doxorubicin,unannotated,train
29630,GAATCACTCCATCTGC-1_GSM8367862-1,GSE271055,GSM8367862,pooled_pair,doxorubicin,unannotated,train
31592,GTGCTTCTCCAAACCA-1_GSM8367862-1,GSE271055,GSM8367862,pooled_pair,doxorubicin,unannotated,train
32629,TCAGCCTAGCGCCTTG-1_GSM8367862-1,GSE271055,GSM8367862,pooled_pair,doxorubicin,unannotated,train
34905,TTTGGAGTCCACGAAT-1_GSM8367862-1,GSE271055,GSM8367862,pooled_pair,doxorubicin,unannotated,train
33135,TCGCTTGTCAGTCATG-1_GSM8367862-1,GSE271055,GSM8367862,pooled_pair,doxorubicin,unannotated,train
33228,TCGTGGGGTCGAACAG-1_GSM8367862-1,GSE271055,GSM8367862,pooled_pair,doxorubicin,unannotated,train
30100,GATGAGGGTTTACCTT-1_GSM8367862-1,GSE271055,GSM8367862,pooled_pair,doxorubicin,unannotated,train
25139,ACATGCATCGGAAACG-1_GSM8367862-1,GSE271055,GSM8367862,pooled_pair,doxorubicin,unannotated,train
34312,TTCAATCCAAACGGCA-1_GSM8367862-1,GSE271055,GSM8367862,pooled_pair,doxorubicin,unannotated,train
27174,CACAACATCTTCGTAT-1_GSM8367862-1,GSE271055,GSM8367862,pooled_pair,doxorubicin,unannotated,train
24630,AACCCAAAGAACTCCT-1_GSM8367862-1,GSE271055,GSM8367862,pooled_pair,doxorubicin,unannotated,train
25038,ACACCAATCACCGGTG-1_GSM8367862-1,GSE271055,GSM8367862,pooled_pair,doxorubicin,unannotated,train
26480,ATCCCTGTCTGTCCCA-1_GSM8367862-1,GSE271055,GSM8367862,pooled_pair,doxorubicin,unannotated,train
25243,ACCCTTGTCGTTCCCA-1_GSM8367862-1,GSE271055,GSM8367862,pooled_pair,doxorubicin,unannotated,train
30850,GGGATCCAGCAACCAG-1_GSM8367862-1,GSE271055,GSM8367862,pooled_pair,doxorubicin,unannotated,train
29208,CTGATCCGTTTGAAAG-1_GSM8367862-1,GSE271055,GSM8367862,pooled_pair,doxorubicin,unannotated,train
33948,TGGTACATCATTGAGC-1_GSM8367862-1,GSE271055,GSM8367862,pooled_pair,doxorubicin,unannotated,train
29897,GAGGCCTCAGTGTATC-1_GSM8367862-1,GSE271055,GSM8367862,pooled_pair,doxorubicin,unannotated,train
33069,TCGATTTAGAGGTTTA-1_GSM8367862-1,GSE271055,GSM8367862,pooled_pair,doxorubicin,unannotated,train
30028,GATAGCTGTCCCACGA-1_GSM8367862-1,GSE271055,GSM8367862,pooled_pair,doxorubicin,unannotated,train
27745,CATTGAGTCTTTGCGC-1_GSM8367862-1,GSE271055,GSM8367862,pooled_pair,doxorubicin,unannotated,train
24500,AAAGGTAGTTGTTTGG-1_GSM8367862-1,GSE271055,GSM8367862,pooled_pair,doxorubicin,unannotated,train
25218,ACCCAAATCGATCCCT-1_GSM8367862-1,GSE271055,GSM8367862,pooled_pair,doxorubicin,unannotated,train
34658,TTGCTGCTCTAGGCCG-1_GSM8367862-1,GSE271055,GSM8367862,pooled_pair,doxorubicin,unannotated,train
31391,GTCCACTCAGAAATTG-1_GSM8367862-1,GSE271055,GSM8367862,pooled_pair,doxorubicin,unannotated,train
32246,TAGAGTCAGACAACTA-1_GSM8367862-1,GSE271055,GSM8367862,pooled_pair,doxorubicin,unannotated,train
30802,GGGACAATCGGCCAAC-1_GSM8367862-1,GSE271055,GSM8367862,pooled_pair,doxorubicin,unannotated,train
33261,TCTATACAGGTCCGAA-1_GSM8367862-1,GSE271055,GSM8367862,pooled_pair,doxorubicin,unannotated,train
30031,GATAGCTGTTAGAGTA-1_GSM8367862-1,GSE271055,GSM8367862,pooled_pair,doxorubicin,unannotated,train
30625,GGACGTCCAGCATGCC-1_GSM8367862-1,GSE271055,GSM8367862,pooled_pair,doxorubicin,unannotated,train
32755,TCATGGAAGTCAAGCG-1_GSM8367862-1,GSE271055,GSM8367862,pooled_pair,doxorubicin,unannotated,train
30673,GGAGGATAGTAGGCCA-1_GSM8367862-1,GSE271055,GSM8367862,pooled_pair,doxorubicin,unannotated,train
27626,CATGCAACATAGGTTC-1_GSM8367862-1,GSE271055,GSM8367862,pooled_pair,doxorubicin,unannotated,train
34362,TTCATGTGTTTCACAG-1_GSM8367862-1,GSE271055,GSM8367862,pooled_pair,doxorubicin,unannotated,train
34827,TTTATGCAGCGGACAT-1_GSM8367862-1,GSE271055,GSM8367862,pooled_pair,doxorubicin,unannotated,train
29748,GACGTTAGTACCCGAC-1_GSM8367862-1,GSE271055,GSM8367862,pooled_pair,doxorubicin,unannotated,train
26317,AGTTCCCCATTAGGAA-1_GSM8367862-1,GSE271055,GSM8367862,pooled_pair,doxorubicin,unannotated,train
33794,TGCTTGCCATCGGATT-1_GSM8367862-1,GSE271055,GSM8367862,pooled_pair,doxorubicin,unannotated,train
25403,ACGTAGTTCTCGTCGT-1_GSM8367862-1,GSE271055,GSM8367862,pooled_pair,doxorubicin,unannotated,train
33091,TCGCACTCACAGCATT-1_GSM8367862-1,GSE271055,GSM8367862,pooled_pair,doxorubicin,unannotated,train
33816,TGGAGAGGTGGTCTTA-1_GSM8367862-1,GSE271055,GSM8367862,pooled_pair,doxorubicin,unannotated,train
34604,TTGACCCTCTGATGGT-1_GSM8367862-1,GSE271055,GSM8367862,pooled_pair,doxorubicin,unannotated,train
33438,TGACAGTCAACCGGAA-1_GSM8367862-1,GSE271055,GSM8367862,pooled_pair,doxorubicin,unannotated,train
27137,CAATCGAGTAGTATAG-1_GSM8367862-1,GSE271055,GSM8367862,pooled_pair,doxorubicin,unannotated,train
32769,TCATGTTCAGCCTACG-1_GSM8367862-1,GSE271055,GSM8367862,pooled_pair,doxorubicin,unannotated,train
31699,GTGTTCCGTAGACGTG-1_GSM8367862-1,GSE271055,GSM8367862,pooled_pair,doxorubicin,unannotated,train
25924,AGGACTTAGGTTGAGC-1_GSM8367862-1,GSE271055,GSM8367862,pooled_pair,doxorubicin,unannotated,train
33773,TGCTGAACAGCAGACA-1_GSM8367862-1,GSE271055,GSM8367862,pooled_pair,doxorubicin,unannotated,train
29161,CTCTCGATCGCAATGT-1_GSM8367862-1,GSE271055,GSM8367862,pooled_pair,doxorubicin,unannotated,train
25087,ACAGCCGGTTCTTGCC-1_GSM8367862-1,GSE271055,GSM8367862,pooled_pair,doxorubicin,unannotated,train
32575,TCACGCTAGCTAATCC-1_GSM8367862-1,GSE271055,GSM8367862,pooled_pair,doxorubicin,unannotated,train
34120,TGTGTGATCGCGTTTC-1_GSM8367862-1,GSE271055,GSM8367862,pooled_pair,doxorubicin,unannotated,train
28312,CCTTCAGGTCCGGTCA-1_GSM8367862-1,GSE271055,GSM8367862,pooled_pair,doxorubicin,unannotated,train
25820,AGCGATTAGGTCGTCC-1_GSM8367862-1,GSE271055,GSM8367862,pooled_pair,doxorubicin,unannotated,train
29963,GAGTTACCAAGGTTGG-1_GSM8367862-1,GSE271055,GSM8367862,pooled_pair,doxorubicin,unannotated,train
27705,CATTCATGTTCCTACC-1_GSM8367862-1,GSE271055,GSM8367862,pooled_pair,doxorubicin,unannotated,train
27052,CAACGATTCCAAATGC-1_GSM8367862-1,GSE271055,GSM8367862,pooled_pair,doxorubicin,unannotated,train
28991,CTCATCGAGCTGTTCA-1_GSM8367862-1,GSE271055,GSM8367862,pooled_pair,doxorubicin,unannotated,train
30574,GCTTTCGAGACGGTTG-1_GSM8367862-1,GSE271055,GSM8367862,pooled_pair,doxorubicin,unannotated,train
31338,GTCACGGGTCTACTGA-1_GSM8367862-1,GSE271055,GSM8367862,pooled_pair,doxorubicin,unannotated,train
25234,ACCCTTGGTAACATAG-1_GSM8367862-1,GSE271055,GSM8367862,pooled_pair,doxorubicin,unannotated,train
28980,CTCAGTCCAAAGGAGA-1_GSM8367862-1,GSE271055,GSM8367862,pooled_pair,doxorubicin,unannotated,train
33303,TCTCAGCTCGGACCAC-1_GSM8367862-1,GSE271055,GSM8367862,pooled_pair,doxorubicin,unannotated,train
27729,CATTCTATCCTAACAG-1_GSM8367862-1,GSE271055,GSM8367862,pooled_pair,doxorubicin,unannotated,train
31460,GTCTACCTCGCTACGG-1_GSM8367862-1,GSE271055,GSM8367862,pooled_pair,doxorubicin,unannotated,train
32361,TATATCCGTGATTAGA-1_GSM8367862-1,GSE271055,GSM8367862,pooled_pair,doxorubicin,unannotated,train
30154,GATTCTTAGAGAACCC-1_GSM8367862-1,GSE271055,GSM8367862,pooled_pair,doxorubicin,unannotated,train
34284,TTAGGCATCAGGTAAA-1_GSM8367862-1,GSE271055,GSM8367862,pooled_pair,doxorubicin,unannotated,train
26011,AGGGAGTAGCGCCTCA-1_GSM8367862-1,GSE271055,GSM8367862,pooled_pair,doxorubicin,unannotated,train
24886,AATCGACTCGTGGAAG-1_GSM8367862-1,GSE271055,GSM8367862,pooled_pair,doxorubicin,unannotated,train
34924,TTTGTTGAGACTTCCA-1_GSM8367862-1,GSE271055,GSM8367862,pooled_pair,doxorubicin,unannotated,train
31471,GTCTAGATCTAGGCAT-1_GSM8367862-1,GSE271055,GSM8367862,pooled_pair,doxorubicin,unannotated,train
26119,AGGTGTTAGAAGGCTC-1_GSM8367862-1,GSE271055,GSM8367862,pooled_pair,doxorubicin,unannotated,train
27089,CAAGAGGGTGGTCTCG-1_GSM8367862-1,GSE271055,GSM8367862,pooled_pair,doxorubicin,unannotated,train
31045,GGTCTGGCACACAGCC-1_GSM8367862-1,GSE271055,GSM8367862,pooled_pair,doxorubicin,unannotated,train
26306,AGTTAGCGTATCTCTT-1_GSM8367862-1,GSE271055,GSM8367862,pooled_pair,doxorubicin,unannotated,train
28263,CCTCTAGTCAGACCGC-1_GSM8367862-1,GSE271055,GSM8367862,pooled_pair,doxorubicin,unannotated,train
34388,TTCCAATCATTCTGTT-1_GSM8367862-1,GSE271055,GSM8367862,pooled_pair,doxorubicin,unannotated,train
25274,ACCTGAAGTTTGAAAG-1_GSM8367862-1,GSE271055,GSM8367862,pooled_pair,doxorubicin,unannotated,train
34620,TTGATGGGTGCTCCGA-1_GSM8367862-1,GSE271055,GSM8367862,pooled_pair,doxorubicin,unannotated,train
26545,ATCGGCGTCCGTACGG-1_GSM8367862-1,GSE271055,GSM8367862,pooled_pair,doxorubicin,unannotated,train
28421,CGAGTTAAGCTGCCTG-1_GSM8367862-1,GSE271055,GSM8367862,pooled_pair,doxorubicin,unannotated,train
30883,GGGCCATGTTTGCCGG-1_GSM8367862-1,GSE271055,GSM8367862,pooled_pair,doxorubicin,unannotated,train
31625,GTGGCGTTCAGGTGTT-1_GSM8367862-1,GSE271055,GSM8367862,pooled_pair,doxorubicin,unannotated,train
30565,GCTTGGGAGAGAGTTT-1_GSM8367862-1,GSE271055,GSM8367862,pooled_pair,doxorubicin,unannotated,train
31209,GTACAGTTCCACCTGT-1_GSM8367862-1,GSE271055,GSM8367862,pooled_pair,doxorubicin,unannotated,train
29402,CTTCAATCAAACTAGA-1_GSM8367862-1,GSE271055,GSM8367862,pooled_pair,doxorubicin,unannotated,train
29570,GAAGCCCCAGCATGCC-1_GSM8367862-1,GSE271055,GSM8367862,pooled_pair,doxorubicin,unannotated,train
27457,CAGGTATGTTGTTGAC-1_GSM8367862-1,GSE271055,GSM8367862,pooled_pair,doxorubicin,unannotated,train
25451,ACTATGGAGCAACTCT-1_GSM8367862-1,GSE271055,GSM8367862,pooled_pair,doxorubicin,unannotated,train
29562,GAAGAATGTCGCGTCA-1_GSM8367862-1,GSE271055,GSM8367862,pooled_pair,doxorubicin,unannotated,train
28597,CGGGCATGTACGCTTA-1_GSM8367862-1,GSE271055,GSM8367862,pooled_pair,doxorubicin,unannotated,train
24522,AAATGGAAGATCGACG-1_GSM8367862-1,GSE271055,GSM8367862,pooled_pair,doxorubicin,unannotated,train
30194,GCAACATGTTCAACGT-1_GSM8367862-1,GSE271055,GSM8367862,pooled_pair,doxorubicin,unannotated,train
29337,CTGTAGATCTGGTGCG-1_GSM8367862-1,GSE271055,GSM8367862,pooled_pair,doxorubicin,unannotated,train
34495,TTCGGTCAGGTATCTC-1_GSM8367862-1,GSE271055,GSM8367862,pooled_pair,doxorubicin,unannotated,train
30278,GCAGCTGCAGGTCTCG-1_GSM8367862-1,GSE271055,GSM8367862,pooled_pair,doxorubicin,unannotated,train
32105,TACCGGGTCACAATGC-1_GSM8367862-1,GSE271055,GSM8367862,pooled_pair,doxorubicin,unannotated,train
29075,CTCCCTCAGATGACAT-1_GSM8367862-1,GSE271055,GSM8367862,pooled_pair,doxorubicin,unannotated,train
28825,CTACCTGCACTGCTTC-1_GSM8367862-1,GSE271055,GSM8367862,pooled_pair,doxorubicin,unannotated,train
25319,ACGGAAGCAGCTCATA-1_GSM8367862-1,GSE271055,GSM8367862,pooled_pair,doxorubicin,unannotated,train
24619,AACCACATCGGTTCAA-1_GSM8367862-1,GSE271055,GSM8367862,pooled_pair,doxorubicin,unannotated,train
29628,GAATCACGTACTCAAC-1_GSM8367862-1,GSE271055,GSM8367862,pooled_pair,doxorubicin,unannotated,train
25962,AGGATAATCATGGAGG-1_GSM8367862-1,GSE271055,GSM8367862,pooled_pair,doxorubicin,unannotated,train
26125,AGGTGTTCAACGTATC-1_GSM8367862-1,GSE271055,GSM8367862,pooled_pair,doxorubicin,unannotated,train
26553,ATCGTAGCATTAAAGG-1_GSM8367862-1,GSE271055,GSM8367862,pooled_pair,doxorubicin,unannotated,train
30814,GGGACTCAGATGGCGT-1_GSM8367862-1,GSE271055,GSM8367862,pooled_pair,doxorubicin,unannotated,train
29855,GAGATGGGTGGCAACA-1_GSM8367862-1,GSE271055,GSM8367862,pooled_pair,doxorubicin,unannotated,train
28336,CCTTTGGGTATGCTAC-1_GSM8367862-1,GSE271055,GSM8367862,pooled_pair,doxorubicin,unannotated,train
31697,GTGTTCCCATCTCCCA-1_GSM8367862-1,GSE271055,GSM8367862,pooled_pair,doxorubicin,unannotated,train
32279,TAGGAGGAGTCGCGAA-1_GSM8367862-1,GSE271055,GSM8367862,pooled_pair,doxorubicin,unannotated,train
32568,TCACATTCAGACCTAT-1_GSM8367862-1,GSE271055,GSM8367862,pooled_pair,doxorubicin,unannotated,train
32704,TCATATCTCCGCAGTG-1_GSM8367862-1,GSE271055,GSM8367862,pooled_pair,doxorubicin,unannotated,train
27098,CAAGCTAAGGTTGCCC-1_GSM8367862-1,GSE271055,GSM8367862,pooled_pair,doxorubicin,unannotated,train
33536,TGAGGGAGTCAGCTTA-1_GSM8367862-1,GSE271055,GSM8367862,pooled_pair,doxorubicin,unannotated,train
29689,GACCCAGAGCTCAGAG-1_GSM8367862-1,GSE271055,GSM8367862,pooled_pair,doxorubicin,unannotated,train
29558,GAAGAATCAGTAGTGG-1_GSM8367862-1,GSE271055,GSM8367862,pooled_pair,doxorubicin,unannotated,train
30842,GGGAGTACACCCTGAG-1_GSM8367862-1,GSE271055,GSM8367862,pooled_pair,doxorubicin,unannotated,train
32034,TACACCCAGGTGCTTT-1_GSM8367862-1,GSE271055,GSM8367862,pooled_pair,doxorubicin,unannotated,train
27664,CATGCTCAGATGCTGG-1_GSM8367862-1,GSE271055,GSM8367862,pooled_pair,doxorubicin,unannotated,train
30880,GGGCCATCACGGTGAA-1_GSM8367862-1,GSE271055,GSM8367862,pooled_pair,doxorubicin,unannotated,train
31936,TAACTTCGTCAACACT-1_GSM8367862-1,GSE271055,GSM8367862,pooled_pair,doxorubicin,unannotated,train
29346,CTGTATTCATGCCGGT-1_GSM8367862-1,GSE271055,GSM8367862,pooled_pair,doxorubicin,unannotated,train
31318,GTCAAACTCGCAGAGA-1_GSM8367862-1,GSE271055,GSM8367862,pooled_pair,doxorubicin,unannotated,train
30554,GCTTCACCACAAGCCC-1_GSM8367862-1,GSE271055,GSM8367862,pooled_pair,doxorubicin,unannotated,train
34107,TGTGCGGTCGTGCACG-1_GSM8367862-1,GSE271055,GSM8367862,pooled_pair,doxorubicin,unannotated,train
27382,CAGATTGTCCTACCGT-1_GSM8367862-1,GSE271055,GSM8367862,pooled_pair,doxorubicin,unannotated,train
31720,GTTACCCGTCTTGTCC-1_GSM8367862-1,GSE271055,GSM8367862,pooled_pair,doxorubicin,unannotated,train
31721,GTTACCCGTGTTTCTT-1_GSM8367862-1,GSE271055,GSM8367862,pooled_pair,doxorubicin,unannotated,train
27608,CATGAGTCATTAAGCC-1_GSM8367862-1,GSE271055,GSM8367862,pooled_pair,doxorubicin,unannotated,train
32661,TCAGGTATCCACAGCG-1_GSM8367862-1,GSE271055,GSM8367862,pooled_pair,doxorubicin,unannotated,train
33346,TCTGTCGCATGTCTAG-1_GSM8367862-1,GSE271055,GSM8367862,pooled_pair,doxorubicin,unannotated,train
24841,AAGTGAAGTACAAAGT-1_GSM8367862-1,GSE271055,GSM8367862,pooled_pair,doxorubicin,unannotated,train
29972,GAGTTACGTTCTATCT-1_GSM8367862-1,GSE271055,GSM8367862,pooled_pair,doxorubicin,unannotated,train
29543,GAACGTTGTTCCGCGA-1_GSM8367862-1,GSE271055,GSM8367862,pooled_pair,doxorubicin,unannotated,train
25769,AGATGCTCACTTGACA-1_GSM8367862-1,GSE271055,GSM8367862,pooled_pair,doxorubicin,unannotated,train
28221,CCTCATGCATGGAACG-1_GSM8367862-1,GSE271055,GSM8367862,pooled_pair,doxorubicin,unannotated,train
28340,CCTTTGGGTTCTAAGC-1_GSM8367862-1,GSE271055,GSM8367862,pooled_pair,doxorubicin,unannotated,train
33592,TGATGCATCGATACTG-1_GSM8367862-1,GSE271055,GSM8367862,pooled_pair,doxorubicin,unannotated,train
34514,TTCTAACTCATTGCGA-1_GSM8367862-1,GSE271055,GSM8367862,pooled_pair,doxorubicin,unannotated,train
27850,CCACACTGTGAGAACC-1_GSM8367862-1,GSE271055,GSM8367862,pooled_pair,doxorubicin,unannotated,train
33739,TGCGGGTCAGGCAATG-1_GSM8367862-1,GSE271055,GSM8367862,pooled_pair,doxorubicin,unannotated,train
28034,CCGATCTGTCATCCGG-1_GSM8367862-1,GSE271055,GSM8367862,pooled_pair,doxorubicin,unannotated,train
24797,AAGGAATCAGGTCCCA-1_GSM8367862-1,GSE271055,GSM8367862,pooled_pair,doxorubicin,unannotated,train
29773,GACTCAAGTACCACGC-1_GSM8367862-1,GSE271055,GSM8367862,pooled_pair,doxorubicin,unannotated,train
29009,CTCATGCCATGCGGTC-1_GSM8367862-1,GSE271055,GSM8367862,pooled_pair,doxorubicin,unannotated,train
34506,TTCTAACAGACGCCAA-1_GSM8367862-1,GSE271055,GSM8367862,pooled_pair,doxorubicin,unannotated,train
32133,TACGCTCAGGAGTACC-1_GSM8367862-1,GSE271055,GSM8367862,pooled_pair,doxorubicin,unannotated,train
33971,TGGTGATTCACACCCT-1_GSM8367862-1,GSE271055,GSM8367862,pooled_pair,doxorubicin,unannotated,train
30697,GGATCTACATGGTACT-1_GSM8367862-1,GSE271055,GSM8367862,pooled_pair,doxorubicin,unannotated,train
30768,GGCTTTCAGATGGGCT-1_GSM8367862-1,GSE271055,GSM8367862,pooled_pair,doxorubicin,unannotated,train
31002,GGGTTTAGTCTTGTCC-1_GSM8367862-1,GSE271055,GSM8367862,pooled_pair,doxorubicin,unannotated,train
28822,CTACCTGAGTGAGCCA-1_GSM8367862-1,GSE271055,GSM8367862,pooled_pair,doxorubicin,unannotated,train
26660,ATGAGTCCAAAGCTAA-1_GSM8367862-1,GSE271055,GSM8367862,pooled_pair,doxorubicin,unannotated,train
26205,AGTAGCTGTTCGGCCA-1_GSM8367862-1,GSE271055,GSM8367862,pooled_pair,doxorubicin,unannotated,train
27205,CACAGGCTCATGAGGG-1_GSM8367862-1,GSE271055,GSM8367862,pooled_pair,doxorubicin,unannotated,train
30543,GCTGGGTAGCATGAAT-1_GSM8367862-1,GSE271055,GSM8367862,pooled_pair,doxorubicin,unannotated,train
32479,TATTTCGTCCAGTGTA-1_GSM8367862-1,GSE271055,GSM8367862,pooled_pair,doxorubicin,unannotated,train
27235,CACCAAAGTTTCCCAC-1_GSM8367862-1,GSE271055,GSM8367862,pooled_pair,doxorubicin,unannotated,train
33443,TGACAGTGTCCGGACT-1_GSM8367862-1,GSE271055,GSM8367862,pooled_pair,doxorubicin,unannotated,train
24801,AAGGAATGTCGAACGA-1_GSM8367862-1,GSE271055,GSM8367862,pooled_pair,doxorubicin,unannotated,train
32507,TCAAGTGAGATCACCT-1_GSM8367862-1,GSE271055,GSM8367862,pooled_pair,doxorubicin,unannotated,train
32910,TCCGAAAAGCACCGAA-1_GSM8367862-1,GSE271055,GSM8367862,pooled_pair,doxorubicin,unannotated,train
33300,TCTCAGCAGTGCACTT-1_GSM8367862-1,GSE271055,GSM8367862,pooled_pair,doxorubicin,unannotated,train
33215,TCGTCCATCTTGGTGA-1_GSM8367862-1,GSE271055,GSM8367862,pooled_pair,doxorubicin,unannotated,train
28401,CGAGGCTAGGGCGAGA-1_GSM8367862-1,GSE271055,GSM8367862,pooled_pair,doxorubicin,unannotated,train
30765,GGCTTGGTCAGCCCAG-1_GSM8367862-1,GSE271055,GSM8367862,pooled_pair,doxorubicin,unannotated,train
30851,GGGATCCAGCTGTGCC-1_GSM8367862-1,GSE271055,GSM8367862,pooled_pair,doxorubicin,unannotated,train
30576,GCTTTCGAGCTACTAC-1_GSM8367862-1,GSE271055,GSM8367862,pooled_pair,doxorubicin,unannotated,train
33409,TGAATCGCACTGGATT-1_GSM8367862-1,GSE271055,GSM8367862,pooled_pair,doxorubicin,unannotated,train
34248,TTACGCCAGCGATGAC-1_GSM8367862-1,GSE271055,GSM8367862,pooled_pair,doxorubicin,unannotated,train
34482,TTCGCTGAGCCGAATG-1_GSM8367862-1,GSE271055,GSM8367862,pooled_pair,doxorubicin,unannotated,train
31175,GTAATCGTCACAACCA-1_GSM8367862-1,GSE271055,GSM8367862,pooled_pair,doxorubicin,unannotated,train
24792,AAGCGTTTCCCGTTGT-1_GSM8367862-1,GSE271055,GSM8367862,pooled_pair,doxorubicin,unannotated,train
25430,ACTACGAAGTCATCCA-1_GSM8367862-1,GSE271055,GSM8367862,pooled_pair,doxorubicin,unannotated,train
26502,ATCCTATTCCTGTAGA-1_GSM8367862-1,GSE271055,GSM8367862,pooled_pair,doxorubicin,unannotated,train
26382,ATAGGCTGTGATACTC-1_GSM8367862-1,GSE271055,GSM8367862,pooled_pair,doxorubicin,unannotated,train
26110,AGGTCATTCTTCCCAG-1_GSM8367862-1,GSE271055,GSM8367862,pooled_pair,doxorubicin,unannotated,train
32645,TCAGGTAAGATTGACA-1_GSM8367862-1,GSE271055,GSM8367862,pooled_pair,doxorubicin,unannotated,train
29136,CTCGAGGGTCCTACAA-1_GSM8367862-1,GSE271055,GSM8367862,pooled_pair,doxorubicin,unannotated,train
26341,ATACTTCTCACTACTT-1_GSM8367862-1,GSE271055,GSM8367862,pooled_pair,doxorubicin,unannotated,train
30515,GCTACCTTCTCTGCTG-1_GSM8367862-1,GSE271055,GSM8367862,pooled_pair,doxorubicin,unannotated,train
26345,ATACTTCTCGGATTAC-1_GSM8367862-1,GSE271055,GSM8367862,pooled_pair,doxorubicin,unannotated,train
33232,TCTAACTAGGTACAAT-1_GSM8367862-1,GSE271055,GSM8367862,pooled_pair,doxorubicin,unannotated,train
25821,AGCGATTAGTCAATCC-1_GSM8367862-1,GSE271055,GSM8367862,pooled_pair,doxorubicin,unannotated,train
33483,TGAGACTAGTTGCATC-1_GSM8367862-1,GSE271055,GSM8367862,pooled_pair,doxorubicin,unannotated,train
31815,GTTCTATAGGACTTCT-1_GSM8367862-1,GSE271055,GSM8367862,pooled_pair,doxorubicin,unannotated,train
34109,TGTGGCGCAAATAAGC-1_GSM8367862-1,GSE271055,GSM8367862,pooled_pair,doxorubicin,unannotated,train
33883,TGGGAGACATTATGCG-1_GSM8367862-1,GSE271055,GSM8367862,pooled_pair,doxorubicin,unannotated,train
25674,AGACTCAAGGATGGCT-1_GSM8367862-1,GSE271055,GSM8367862,pooled_pair,doxorubicin,unannotated,train
25675,AGACTCACAAGATTGA-1_GSM8367862-1,GSE271055,GSM8367862,pooled_pair,doxorubicin,unannotated,train
24940,AATGCCAGTCTCTCAC-1_GSM8367862-1,GSE271055,GSM8367862,pooled_pair,doxorubicin,unannotated,train
32449,TATTGCTGTAACCCTA-1_GSM8367862-1,GSE271055,GSM8367862,pooled_pair,doxorubicin,unannotated,train
29503,CTTTCGGCAGATTAAG-1_GSM8367862-1,GSE271055,GSM8367862,pooled_pair,doxorubicin,unannotated,train
30218,GCACATAGTTCAGCTA-1_GSM8367862-1,GSE271055,GSM8367862,pooled_pair,doxorubicin,unannotated,train
24642,AACCTGAGTAATACCC-1_GSM8367862-1,GSE271055,GSM8367862,pooled_pair,doxorubicin,unannotated,train
30429,GCCGTGAGTGACTCTA-1_GSM8367862-1,GSE271055,GSM8367862,pooled_pair,doxorubicin,unannotated,train
26296,AGTGTTGTCAGTGTGT-1_GSM8367862-1,GSE271055,GSM8367862,pooled_pair,doxorubicin,unannotated,train
32816,TCATTTGGTTTCACAG-1_GSM8367862-1,GSE271055,GSM8367862,pooled_pair,doxorubicin,unannotated,train
28371,CGACAGCAGCTTCATG-1_GSM8367862-1,GSE271055,GSM8367862,pooled_pair,doxorubicin,unannotated,train
34027,TGTAGACAGGCCTAAG-1_GSM8367862-1,GSE271055,GSM8367862,pooled_pair,doxorubicin,unannotated,train
32521,TCAATCTAGGGACACT-1_GSM8367862-1,GSE271055,GSM8367862,pooled_pair,doxorubicin,unannotated,train
26583,ATCGTGAGTCTCAAGT-1_GSM8367862-1,GSE271055,GSM8367862,pooled_pair,doxorubicin,unannotated,train
32358,TATATCCCAACCGTGC-1_GSM8367862-1,GSE271055,GSM8367862,pooled_pair,doxorubicin,unannotated,train
31910,TAACACGCATAGCACT-1_GSM8367862-1,GSE271055,GSM8367862,pooled_pair,doxorubicin,unannotated,train
29499,CTTTCAAGTGGTAACG-1_GSM8367862-1,GSE271055,GSM8367862,pooled_pair,doxorubicin,unannotated,train
34164,TGTTGAGGTTGAGTCT-1_GSM8367862-1,GSE271055,GSM8367862,pooled_pair,doxorubicin,unannotated,train
33466,TGACGCGTCACATACG-1_GSM8367862-1,GSE271055,GSM8367862,pooled_pair,doxorubicin,unannotated,train
33654,TGCAGATTCGACACCG-1_GSM8367862-1,GSE271055,GSM8367862,pooled_pair,doxorubicin,unannotated,train
26490,ATCCTATAGCAACAAT-1_GSM8367862-1,GSE271055,GSM8367862,pooled_pair,doxorubicin,unannotated,train
28595,CGGGCATCACCAACAT-1_GSM8367862-1,GSE271055,GSM8367862,pooled_pair,doxorubicin,unannotated,train
31907,GTTTGGATCCTTATGT-1_GSM8367862-1,GSE271055,GSM8367862,pooled_pair,doxorubicin,unannotated,train
33286,TCTCACGCACCAGCCA-1_GSM8367862-1,GSE271055,GSM8367862,pooled_pair,doxorubicin,unannotated,train
32323,TAGGTTGGTACCCAGC-1_GSM8367862-1,GSE271055,GSM8367862,pooled_pair,doxorubicin,unannotated,train
31630,GTGGGAAAGATTGACA-1_GSM8367862-1,GSE271055,GSM8367862,pooled_pair,doxorubicin,unannotated,train
34111,TGTGGCGTCACTTTGT-1_GSM8367862-1,GSE271055,GSM8367862,pooled_pair,doxorubicin,unannotated,train
33450,TGACCCTCAAGCTGCC-1_GSM8367862-1,GSE271055,GSM8367862,pooled_pair,doxorubicin,unannotated,train
33383,TCTTGCGTCGGCTTCT-1_GSM8367862-1,GSE271055,GSM8367862,pooled_pair,doxorubicin,unannotated,train
27056,CAACGGCAGACACACG-1_GSM8367862-1,GSE271055,GSM8367862,pooled_pair,doxorubicin,unannotated,train
31836,GTTGCGGAGGAGATAG-1_GSM8367862-1,GSE271055,GSM8367862,pooled_pair,doxorubicin,unannotated,train
25328,ACGGGTCAGATAGCTA-1_GSM8367862-1,GSE271055,GSM8367862,pooled_pair,doxorubicin,unannotated,train
32594,TCACTATAGACGCCAA-1_GSM8367862-1,GSE271055,GSM8367862,pooled_pair,doxorubicin,unannotated,train
24876,AATCGACCATTGCCTC-1_GSM8367862-1,GSE271055,GSM8367862,pooled_pair,doxorubicin,unannotated,train
28422,CGAGTTAAGGCGAACT-1_GSM8367862-1,GSE271055,GSM8367862,pooled_pair,doxorubicin,unannotated,train
24771,AAGCGAGAGCAGGCAT-1_GSM8367862-1,GSE271055,GSM8367862,pooled_pair,doxorubicin,unannotated,train
29166,CTCTGGTCATCTGTTT-1_GSM8367862-1,GSE271055,GSM8367862,pooled_pair,doxorubicin,unannotated,train
26277,AGTGCCGGTCATCGCG-1_GSM8367862-1,GSE271055,GSM8367862,pooled_pair,doxorubicin,unannotated,train
29092,CTCCGATAGATGGTAT-1_GSM8367862-1,GSE271055,GSM8367862,pooled_pair,doxorubicin,unannotated,train
34677,TTGGGATCACAAAGCG-1_GSM8367862-1,GSE271055,GSM8367862,pooled_pair,doxorubicin,unannotated,train
31842,GTTGCGGTCAGCGTCG-1_GSM8367862-1,GSE271055,GSM8367862,pooled_pair,doxorubicin,unannotated,train
24698,AACTTCTGTCACAATC-1_GSM8367862-1,GSE271055,GSM8367862,pooled_pair,doxorubicin,unannotated,train
26932,ATTCTACTCTACCCAC-1_GSM8367862-1,GSE271055,GSM8367862,pooled_pair,doxorubicin,unannotated,train
29758,GACTATGAGGGCCAAT-1_GSM8367862-1,GSE271055,GSM8367862,pooled_pair,doxorubicin,unannotated,train
33396,TGAACGTCAGATTAAG-1_GSM8367862-1,GSE271055,GSM8367862,pooled_pair,doxorubicin,unannotated,train
30128,GATGGAGCAAACGAGC-1_GSM8367862-1,GSE271055,GSM8367862,pooled_pair,doxorubicin,unannotated,train
34701,TTGGGTACAACCGACC-1_GSM8367862-1,GSE271055,GSM8367862,pooled_pair,doxorubicin,unannotated,train
25484,ACTCCCAGTCTCCTGT-1_GSM8367862-1,GSE271055,GSM8367862,pooled_pair,doxorubicin,unannotated,train
31235,GTAGATCAGGTTTGAA-1_GSM8367862-1,GSE271055,GSM8367862,pooled_pair,doxorubicin,unannotated,train
26832,ATTATCCTCGGACTTA-1_GSM8367862-1,GSE271055,GSM8367862,pooled_pair,doxorubicin,unannotated,train
29351,CTGTATTTCCCGAGTG-1_GSM8367862-1,GSE271055,GSM8367862,pooled_pair,doxorubicin,unannotated,train
34451,TTCCTCTTCAGGTAAA-1_GSM8367862-1,GSE271055,GSM8367862,pooled_pair,doxorubicin,unannotated,train
27710,CATTCCGAGAGCCTGA-1_GSM8367862-1,GSE271055,GSM8367862,pooled_pair,doxorubicin,unannotated,train
28521,CGCGTGAGTTAAGCAA-1_GSM8367862-1,GSE271055,GSM8367862,pooled_pair,doxorubicin,unannotated,train
28134,CCGTTCATCTGTCAGA-1_GSM8367862-1,GSE271055,GSM8367862,pooled_pair,doxorubicin,unannotated,train
29676,GACATCATCGGTCGGT-1_GSM8367862-1,GSE271055,GSM8367862,pooled_pair,doxorubicin,unannotated,train
27004,CAAAGAAAGGTTCCGC-1_GSM8367862-1,GSE271055,GSM8367862,pooled_pair,doxorubicin,unannotated,train
33985,TGGTTAGGTCGCTTGG-1_GSM8367862-1,GSE271055,GSM8367862,pooled_pair,doxorubicin,unannotated,train
28789,CTACAGAAGTTGCCCG-1_GSM8367862-1,GSE271055,GSM8367862,pooled_pair,doxorubicin,unannotated,train
31981,TAAGTCGAGTCCTGCG-1_GSM8367862-1,GSE271055,GSM8367862,pooled_pair,doxorubicin,unannotated,train
27165,CAATTTCTCTCAACGA-1_GSM8367862-1,GSE271055,GSM8367862,pooled_pair,doxorubicin,unannotated,train
31151,GTAACCATCGGCACTG-1_GSM8367862-1,GSE271055,GSM8367862,pooled_pair,doxorubicin,unannotated,train
33650,TGCAGATGTTGCTCAA-1_GSM8367862-1,GSE271055,GSM8367862,pooled_pair,doxorubicin,unannotated,train
26608,ATCTTCACATTGCAAC-1_GSM8367862-1,GSE271055,GSM8367862,pooled_pair,doxorubicin,unannotated,train
27007,CAAAGAACAACGGCCT-1_GSM8367862-1,GSE271055,GSM8367862,pooled_pair,doxorubicin,unannotated,train
29146,CTCTCAGCATGACAGG-1_GSM8367862-1,GSE271055,GSM8367862,pooled_pair,doxorubicin,unannotated,train
27812,CCAATTTAGGTTCCGC-1_GSM8367862-1,GSE271055,GSM8367862,pooled_pair,doxorubicin,unannotated,train
27872,CCACGAGGTTCTAACG-1_GSM8367862-1,GSE271055,GSM8367862,pooled_pair,doxorubicin,unannotated,train
24786,AAGCGTTAGAGTGACC-1_GSM8367862-1,GSE271055,GSM8367862,pooled_pair,doxorubicin,unannotated,train
24997,ACAACCACATCCTATT-1_GSM8367862-1,GSE271055,GSM8367862,pooled_pair,doxorubicin,unannotated,train
26349,ATAGACCAGACCAAAT-1_GSM8367862-1,GSE271055,GSM8367862,pooled_pair,doxorubicin,unannotated,train
29534,GAACACTCAGATCACT-1_GSM8367862-1,GSE271055,GSM8367862,pooled_pair,doxorubicin,unannotated,train
25547,ACTTAGGTCTAGTTCT-1_GSM8367862-1,GSE271055,GSM8367862,pooled_pair,doxorubicin,unannotated,train
26673,ATGATCGCAATTCGTG-1_GSM8367862-1,GSE271055,GSM8367862,pooled_pair,doxorubicin,unannotated,train
26659,ATGAGTCAGTGAGGCT-1_GSM8367862-1,GSE271055,GSM8367862,pooled_pair,doxorubicin,unannotated,train
34373,TTCATTGGTCAAGCCC-1_GSM8367862-1,GSE271055,GSM8367862,pooled_pair,doxorubicin,unannotated,train
28214,CCTCAGTTCTCTTAAC-1_GSM8367862-1,GSE271055,GSM8367862,pooled_pair,doxorubicin,unannotated,train
30797,GGGACAAGTCTCACAA-1_GSM8367862-1,GSE271055,GSM8367862,pooled_pair,doxorubicin,unannotated,train
26192,AGTACTGGTGAGTGAC-1_GSM8367862-1,GSE271055,GSM8367862,pooled_pair,doxorubicin,unannotated,train
24819,AAGGTAATCGGCCAAC-1_GSM8367862-1,GSE271055,GSM8367862,pooled_pair,doxorubicin,unannotated,train
33525,TGAGGGAAGTTCGGTT-1_GSM8367862-1,GSE271055,GSM8367862,pooled_pair,doxorubicin,unannotated,train
27615,CATGAGTGTTGCCTAA-1_GSM8367862-1,GSE271055,GSM8367862,pooled_pair,doxorubicin,unannotated,train
34888,TTTGATCCAACACGAG-1_GSM8367862-1,GSE271055,GSM8367862,pooled_pair,doxorubicin,unannotated,train
29616,GAATAGAAGTCTAACC-1_GSM8367862-1,GSE271055,GSM8367862,pooled_pair,doxorubicin,unannotated,train
29515,GAAACCTCATAGACTC-1_GSM8367862-1,GSE271055,GSM8367862,pooled_pair,doxorubicin,unannotated,train
27805,CCAATGATCATTCATC-1_GSM8367862-1,GSE271055,GSM8367862,pooled_pair,doxorubicin,unannotated,train
24497,AAAGGTAGTATACCCA-1_GSM8367862-1,GSE271055,GSM8367862,pooled_pair,doxorubicin,unannotated,train
31496,GTGACGCAGCACGATG-1_GSM8367862-1,GSE271055,GSM8367862,pooled_pair,doxorubicin,unannotated,train
25725,AGATAGACAGAAATTG-1_GSM8367862-1,GSE271055,GSM8367862,pooled_pair,doxorubicin,unannotated,train
27315,CACTGTCAGGAACGCT-1_GSM8367862-1,GSE271055,GSM8367862,pooled_pair,doxorubicin,unannotated,train
30403,GCCCAGATCTTCGGAA-1_GSM8367862-1,GSE271055,GSM8367862,pooled_pair,doxorubicin,unannotated,train
28296,CCTGTTGAGCTACAAA-1_GSM8367862-1,GSE271055,GSM8367862,pooled_pair,doxorubicin,unannotated,train
24791,AAGCGTTTCCACTGAA-1_GSM8367862-1,GSE271055,GSM8367862,pooled_pair,doxorubicin,unannotated,train
30931,GGGTATTGTATCCCTC-1_GSM8367862-1,GSE271055,GSM8367862,pooled_pair,doxorubicin,unannotated,train
31938,TAACTTCGTCTTCTAT-1_GSM8367862-1,GSE271055,GSM8367862,pooled_pair,doxorubicin,unannotated,train
34249,TTACGCCCACAGTCGC-1_GSM8367862-1,GSE271055,GSM8367862,pooled_pair,doxorubicin,unannotated,train
26396,ATCACAGAGAGCTTTC-1_GSM8367862-1,GSE271055,GSM8367862,pooled_pair,doxorubicin,unannotated,train
27954,CCCGAAGAGAGCCCAA-1_GSM8367862-1,GSE271055,GSM8367862,pooled_pair,doxorubicin,unannotated,train
34217,TTACAGGTCTAGCATG-1_GSM8367862-1,GSE271055,GSM8367862,pooled_pair,doxorubicin,unannotated,train
33202,TCGTAGATCAATGCAC-1_GSM8367862-1,GSE271055,GSM8367862,pooled_pair,doxorubicin,unannotated,train
29006,CTCATGCCACATATGC-1_GSM8367862-1,GSE271055,GSM8367862,pooled_pair,doxorubicin,unannotated,train
28936,CTCAAGAGTATTCTCT-1_GSM8367862-1,GSE271055,GSM8367862,pooled_pair,doxorubicin,unannotated,train
30712,GGCACGTCACTGATTG-1_GSM8367862-1,GSE271055,GSM8367862,pooled_pair,doxorubicin,unannotated,train
24988,ACAAAGACACACAGCC-1_GSM8367862-1,GSE271055,GSM8367862,pooled_pair,doxorubicin,unannotated,train
28680,CGTGAATAGTGTTCCA-1_GSM8367862-1,GSE271055,GSM8367862,pooled_pair,doxorubicin,unannotated,train
33167,TCGGGCACACGTCGGT-1_GSM8367862-1,GSE271055,GSM8367862,pooled_pair,doxorubicin,unannotated,train
30962,GGGTGAACACCACATA-1_GSM8367862-1,GSE271055,GSM8367862,pooled_pair,doxorubicin,unannotated,train
27102,CAAGCTACACTGTGAT-1_GSM8367862-1,GSE271055,GSM8367862,pooled_pair,doxorubicin,unannotated,train
28919,CTCAACCCACCCAATA-1_GSM8367862-1,GSE271055,GSM8367862,pooled_pair,doxorubicin,unannotated,train
33265,TCTATACCACCAGCTG-1_GSM8367862-1,GSE271055,GSM8367862,pooled_pair,doxorubicin,unannotated,train
32044,TACACCCTCTCCCAAC-1_GSM8367862-1,GSE271055,GSM8367862,pooled_pair,doxorubicin,unannotated,train
28792,CTACAGACACGACGCT-1_GSM8367862-1,GSE271055,GSM8367862,pooled_pair,doxorubicin,unannotated,train
34748,TTGTTCAAGTGCACCC-1_GSM8367862-1,GSE271055,GSM8367862,pooled_pair,doxorubicin,unannotated,train
31675,GTGTGATCAGAGTCAG-1_GSM8367862-1,GSE271055,GSM8367862,pooled_pair,doxorubicin,unannotated,train
33385,TCTTTGATCATTATCC-1_GSM8367862-1,GSE271055,GSM8367862,pooled_pair,doxorubicin,unannotated,train
32977,TCCTCGAGTCGCTTGG-1_GSM8367862-1,GSE271055,GSM8367862,pooled_pair,doxorubicin,unannotated,train
27189,CACAGATCACCAGTTA-1_GSM8367862-1,GSE271055,GSM8367862,pooled_pair,doxorubicin,unannotated,train
32660,TCAGGTATCAACCCGG-1_GSM8367862-1,GSE271055,GSM8367862,pooled_pair,doxorubicin,unannotated,train
34566,TTCTTCCTCCCGAGGT-1_GSM8367862-1,GSE271055,GSM8367862,pooled_pair,doxorubicin,unannotated,train
26083,AGGGTTTGTAGGTGCA-1_GSM8367862-1,GSE271055,GSM8367862,pooled_pair,doxorubicin,unannotated,train
30335,GCATTAGTCCATTTGT-1_GSM8367862-1,GSE271055,GSM8367862,pooled_pair,doxorubicin,unannotated,train
29819,GAGACCCGTGTTGAGG-1_GSM8367862-1,GSE271055,GSM8367862,pooled_pair,doxorubicin,unannotated,train
30965,GGGTGAACATGACTAC-1_GSM8367862-1,GSE271055,GSM8367862,pooled_pair,doxorubicin,unannotated,train
25160,ACCAACAAGGTCACTT-1_GSM8367862-1,GSE271055,GSM8367862,pooled_pair,doxorubicin,unannotated,train
24895,AATCGTGCATAGGTTC-1_GSM8367862-1,GSE271055,GSM8367862,pooled_pair,doxorubicin,unannotated,train
31396,GTCCACTGTCTGTGCG-1_GSM8367862-1,GSE271055,GSM8367862,pooled_pair,doxorubicin,unannotated,train
26647,ATGAGGGCATACTGTG-1_GSM8367862-1,GSE271055,GSM8367862,pooled_pair,doxorubicin,unannotated,train
31483,GTCTGTCGTCCGGATC-1_GSM8367862-1,GSE271055,GSM8367862,pooled_pair,doxorubicin,unannotated,train
31825,GTTCTATTCAAACGTC-1_GSM8367862-1,GSE271055,GSM8367862,pooled_pair,doxorubicin,unannotated,train
28010,CCCTGATGTTGGCCGT-1_GSM8367862-1,GSE271055,GSM8367862,pooled_pair,doxorubicin,unannotated,train
30107,GATGATCAGTCTAGAA-1_GSM8367862-1,GSE271055,GSM8367862,pooled_pair,doxorubicin,unannotated,train
28557,CGGACACGTCACATTG-1_GSM8367862-1,GSE271055,GSM8367862,pooled_pair,doxorubicin,unannotated,train
30493,GCGTTTCAGAGTCAGC-1_GSM8367862-1,GSE271055,GSM8367862,pooled_pair,doxorubicin,unannotated,train
33282,TCTCACGAGAAGCGCT-1_GSM8367862-1,GSE271055,GSM8367862,pooled_pair,doxorubicin,unannotated,train
27087,CAAGAGGCAGTTTCAG-1_GSM8367862-1,GSE271055,GSM8367862,pooled_pair,doxorubicin,unannotated,train
26167,AGTAACCGTAATGCGG-1_GSM8367862-1,GSE271055,GSM8367862,pooled_pair,doxorubicin,unannotated,train
34916,TTTGGTTCAGGTAGTG-1_GSM8367862-1,GSE271055,GSM8367862,pooled_pair,doxorubicin,unannotated,train
30634,GGAGAACCAGCTGTAT-1_GSM8367862-1,GSE271055,GSM8367862,pooled_pair,doxorubicin,unannotated,train
31156,GTAAGTCCAATAACCC-1_GSM8367862-1,GSE271055,GSM8367862,pooled_pair,doxorubicin,unannotated,train
29860,GAGCCTGCATCGTCCT-1_GSM8367862-1,GSE271055,GSM8367862,pooled_pair,doxorubicin,unannotated,train
24806,AAGGAATTCTCATGCC-1_GSM8367862-1,GSE271055,GSM8367862,pooled_pair,doxorubicin,unannotated,train
30579,GCTTTCGCAGAAGCGT-1_GSM8367862-1,GSE271055,GSM8367862,pooled_pair,doxorubicin,unannotated,train
27739,CATTGAGGTAGCGATG-1_GSM8367862-1,GSE271055,GSM8367862,pooled_pair,doxorubicin,unannotated,train
33297,TCTCACGTCGATAACC-1_GSM8367862-1,GSE271055,GSM8367862,pooled_pair,doxorubicin,unannotated,train
28720,CGTTAGATCAAATGAG-1_GSM8367862-1,GSE271055,GSM8367862,pooled_pair,doxorubicin,unannotated,train
33375,TCTTGCGCAGCGTGAA-1_GSM8367862-1,GSE271055,GSM8367862,pooled_pair,doxorubicin,unannotated,train
32421,TATCTTGTCCATGAGT-1_GSM8367862-1,GSE271055,GSM8367862,pooled_pair,doxorubicin,unannotated,train
28486,CGCATGGCAATCTCGA-1_GSM8367862-1,GSE271055,GSM8367862,pooled_pair,doxorubicin,unannotated,train
28799,CTACAGATCGATACAC-1_GSM8367862-1,GSE271055,GSM8367862,pooled_pair,doxorubicin,unannotated,train
33771,TGCTGAACAAGTGGTG-1_GSM8367862-1,GSE271055,GSM8367862,pooled_pair,doxorubicin,unannotated,train
33861,TGGCGTGGTACAAGTA-1_GSM8367862-1,GSE271055,GSM8367862,pooled_pair,doxorubicin,unannotated,train
33611,TGATTCTCAAGCTCTA-1_GSM8367862-1,GSE271055,GSM8367862,pooled_pair,doxorubicin,unannotated,train
24944,AATGCCATCAGGAAAT-1_GSM8367862-1,GSE271055,GSM8367862,pooled_pair,doxorubicin,unannotated,train
30270,GCAGCTGAGCAGCCTC-1_GSM8367862-1,GSE271055,GSM8367862,pooled_pair,doxorubicin,unannotated,train
24931,AATGCCAAGCTGGCTC-1_GSM8367862-1,GSE271055,GSM8367862,pooled_pair,doxorubicin,unannotated,train
33936,TGGGTTATCATAGAGA-1_GSM8367862-1,GSE271055,GSM8367862,pooled_pair,doxorubicin,unannotated,train
24660,AACGAAAGTCCCTAAA-1_GSM8367862-1,GSE271055,GSM8367862,pooled_pair,doxorubicin,unannotated,train
25572,ACTTCGCGTTATAGCC-1_GSM8367862-1,GSE271055,GSM8367862,pooled_pair,doxorubicin,unannotated,train
33665,TGCAGGCTCCAAGGGA-1_GSM8367862-1,GSE271055,GSM8367862,pooled_pair,doxorubicin,unannotated,train
25578,ACTTTCAGTCTGTCCT-1_GSM8367862-1,GSE271055,GSM8367862,pooled_pair,doxorubicin,unannotated,train
33508,TGAGCGCTCACAAGAA-1_GSM8367862-1,GSE271055,GSM8367862,pooled_pair,doxorubicin,unannotated,train
25367,ACGTAACCAACGGGTA-1_GSM8367862-1,GSE271055,GSM8367862,pooled_pair,doxorubicin,unannotated,train
30479,GCGGATCAGTCAGCCC-1_GSM8367862-1,GSE271055,GSM8367862,pooled_pair,doxorubicin,unannotated,train
32303,TAGGGTTTCAGACTGT-1_GSM8367862-1,GSE271055,GSM8367862,pooled_pair,doxorubicin,unannotated,train
29727,GACCTTCGTGTGTGGA-1_GSM8367862-1,GSE271055,GSM8367862,pooled_pair,doxorubicin,unannotated,train
29708,GACCCTTGTGGGTTGA-1_GSM8367862-1,GSE271055,GSM8367862,pooled_pair,doxorubicin,unannotated,train
24651,AACCTTTGTCACCTTC-1_GSM8367862-1,GSE271055,GSM8367862,pooled_pair,doxorubicin,unannotated,train
33862,TGGCGTGGTATAATGG-1_GSM8367862-1,GSE271055,GSM8367862,pooled_pair,doxorubicin,unannotated,train
27130,CAATACGTCATAGGCT-1_GSM8367862-1,GSE271055,GSM8367862,pooled_pair,doxorubicin,unannotated,train
27588,CATCGCTTCGTGGTAT-1_GSM8367862-1,GSE271055,GSM8367862,pooled_pair,doxorubicin,unannotated,train
34476,TTCGATTGTGGCTAGA-1_GSM8367862-1,GSE271055,GSM8367862,pooled_pair,doxorubicin,unannotated,train
33856,TGGCGTGAGCTCGAAG-1_GSM8367862-1,GSE271055,GSM8367862,pooled_pair,doxorubicin,unannotated,train
32249,TAGAGTCCAGACTGCC-1_GSM8367862-1,GSE271055,GSM8367862,pooled_pair,doxorubicin,unannotated,train
29471,CTTGAGACATGAGATA-1_GSM8367862-1,GSE271055,GSM8367862,pooled_pair,doxorubicin,unannotated,train
29320,CTGTACCCAGGTGGAT-1_GSM8367862-1,GSE271055,GSM8367862,pooled_pair,doxorubicin,unannotated,train
29455,CTTCTAAGTCATCAGT-1_GSM8367862-1,GSE271055,GSM8367862,pooled_pair,doxorubicin,unannotated,train
27358,CAGATCACATATGCGT-1_GSM8367862-1,GSE271055,GSM8367862,pooled_pair,doxorubicin,unannotated,train
29774,GACTCAAGTACCTAAC-1_GSM8367862-1,GSE271055,GSM8367862,pooled_pair,doxorubicin,unannotated,train
28168,CCTACGTTCTACTGCC-1_GSM8367862-1,GSE271055,GSM8367862,pooled_pair,doxorubicin,unannotated,train
31362,GTCATCCTCAAATAGG-1_GSM8367862-1,GSE271055,GSM8367862,pooled_pair,doxorubicin,unannotated,train
24942,AATGCCAGTTTCGGCG-1_GSM8367862-1,GSE271055,GSM8367862,pooled_pair,doxorubicin,unannotated,train
28620,CGGGTGTTCTGAATCG-1_GSM8367862-1,GSE271055,GSM8367862,pooled_pair,doxorubicin,unannotated,train
25161,ACCAACACAACCGGAA-1_GSM8367862-1,GSE271055,GSM8367862,pooled_pair,doxorubicin,unannotated,train
29531,GAACACTAGTTGGAGC-1_GSM8367862-1,GSE271055,GSM8367862,pooled_pair,doxorubicin,unannotated,train
32807,TCATTGTTCGTCACCT-1_GSM8367862-1,GSE271055,GSM8367862,pooled_pair,doxorubicin,unannotated,train
26233,AGTCACAGTTAGAAAC-1_GSM8367862-1,GSE271055,GSM8367862,pooled_pair,doxorubicin,unannotated,train
26800,ATGTCTTTCGACATAC-1_GSM8367862-1,GSE271055,GSM8367862,pooled_pair,doxorubicin,unannotated,train
29998,GAGTTTGCATTGCTTT-1_GSM8367862-1,GSE271055,GSM8367862,pooled_pair,doxorubicin,unannotated,train
28024,CCGAACGGTCCACTTC-1_GSM8367862-1,GSE271055,GSM8367862,pooled_pair,doxorubicin,unannotated,train
33442,TGACAGTGTCCATAGT-1_GSM8367862-1,GSE271055,GSM8367862,pooled_pair,doxorubicin,unannotated,train
27906,CCATAAGTCATAGCAC-1_GSM8367862-1,GSE271055,GSM8367862,pooled_pair,doxorubicin,unannotated,train
25738,AGATCCACATATACCG-1_GSM8367862-1,GSE271055,GSM8367862,pooled_pair,doxorubicin,unannotated,train
27574,CATCCGTCACAGGATG-1_GSM8367862-1,GSE271055,GSM8367862,pooled_pair,doxorubicin,unannotated,train
30963,GGGTGAACAGAACTAA-1_GSM8367862-1,GSE271055,GSM8367862,pooled_pair,doxorubicin,unannotated,train
30320,GCATGATAGTACCGGA-1_GSM8367862-1,GSE271055,GSM8367862,pooled_pair,doxorubicin,unannotated,train
31758,GTTAGTGGTGCTATTG-1_GSM8367862-1,GSE271055,GSM8367862,pooled_pair,doxorubicin,unannotated,train
24903,AATCGTGTCTATTGTC-1_GSM8367862-1,GSE271055,GSM8367862,pooled_pair,doxorubicin,unannotated,train
27023,CAACAGTAGCTCCGAC-1_GSM8367862-1,GSE271055,GSM8367862,pooled_pair,doxorubicin,unannotated,train
34020,TGTACAGCATGGTACT-1_GSM8367862-1,GSE271055,GSM8367862,pooled_pair,doxorubicin,unannotated,train
28712,CGTTAGACAAACGTGG-1_GSM8367862-1,GSE271055,GSM8367862,pooled_pair,doxorubicin,unannotated,train
30394,GCCATTCTCCAAGCTA-1_GSM8367862-1,GSE271055,GSM8367862,pooled_pair,doxorubicin,unannotated,train
31055,GGTGAAGCAATGAACA-1_GSM8367862-1,GSE271055,GSM8367862,pooled_pair,doxorubicin,unannotated,train
31857,GTTGTAGCATAATCCG-1_GSM8367862-1,GSE271055,GSM8367862,pooled_pair,doxorubicin,unannotated,train
28490,CGCATGGGTCAAGCGA-1_GSM8367862-1,GSE271055,GSM8367862,pooled_pair,doxorubicin,unannotated,train
30895,GGGCTACAGAGCTGAC-1_GSM8367862-1,GSE271055,GSM8367862,pooled_pair,doxorubicin,unannotated,train
26142,AGGTTACGTGCGACAA-1_GSM8367862-1,GSE271055,GSM8367862,pooled_pair,doxorubicin,unannotated,train
31835,GTTGCGGAGCTACTAC-1_GSM8367862-1,GSE271055,GSM8367862,pooled_pair,doxorubicin,unannotated,train
30093,GATGACTTCGTCAGAT-1_GSM8367862-1,GSE271055,GSM8367862,pooled_pair,doxorubicin,unannotated,train
27286,CACTAAGCAGCATACT-1_GSM8367862-1,GSE271055,GSM8367862,pooled_pair,doxorubicin,unannotated,train
25854,AGCGTATAGTGCAAAT-1_GSM8367862-1,GSE271055,GSM8367862,pooled_pair,doxorubicin,unannotated,train
30746,GGCTGTGGTAGTCTTG-1_GSM8367862-1,GSE271055,GSM8367862,pooled_pair,doxorubicin,unannotated,train
28581,CGGGACTAGGTCCCGT-1_GSM8367862-1,GSE271055,GSM8367862,pooled_pair,doxorubicin,unannotated,train
24684,AACGTCACAAAGGATT-1_GSM8367862-1,GSE271055,GSM8367862,pooled_pair,doxorubicin,unannotated,train
26208,AGTAGTCAGCGCCTAC-1_GSM8367862-1,GSE271055,GSM8367862,pooled_pair,doxorubicin,unannotated,train
24975,AATTTCCGTAGGTGCA-1_GSM8367862-1,GSE271055,GSM8367862,pooled_pair,doxorubicin,unannotated,train
32517,TCAAGTGTCCACAGCG-1_GSM8367862-1,GSE271055,GSM8367862,pooled_pair,doxorubicin,unannotated,train
33890,TGGGATTAGGGTCACA-1_GSM8367862-1,GSE271055,GSM8367862,pooled_pair,doxorubicin,unannotated,train
26497,ATCCTATTCAGGGTAG-1_GSM8367862-1,GSE271055,GSM8367862,pooled_pair,doxorubicin,unannotated,train
29936,GAGTCTAAGATCCCGC-1_GSM8367862-1,GSE271055,GSM8367862,pooled_pair,doxorubicin,unannotated,train
27168,CACAACAAGTAGCATA-1_GSM8367862-1,GSE271055,GSM8367862,pooled_pair,doxorubicin,unannotated,train
24637,AACCTGAAGATTGACA-1_GSM8367862-1,GSE271055,GSM8367862,pooled_pair,doxorubicin,unannotated,train
28968,CTCAGAATCTAACGCA-1_GSM8367862-1,GSE271055,GSM8367862,pooled_pair,doxorubicin,unannotated,train
29884,GAGGCAAAGTGTACAA-1_GSM8367862-1,GSE271055,GSM8367862,pooled_pair,doxorubicin,unannotated,train
34615,TTGATGGAGTATGAGT-1_GSM8367862-1,GSE271055,GSM8367862,pooled_pair,doxorubicin,unannotated,train
30099,GATGAGGGTGCCCAGT-1_GSM8367862-1,GSE271055,GSM8367862,pooled_pair,doxorubicin,unannotated,train
28349,CGAAGGATCGCTAATG-1_GSM8367862-1,GSE271055,GSM8367862,pooled_pair,doxorubicin,unannotated,train
27733,CATTCTATCTCTATGT-1_GSM8367862-1,GSE271055,GSM8367862,pooled_pair,doxorubicin,unannotated,train
31550,GTGCACGGTGGACAGT-1_GSM8367862-1,GSE271055,GSM8367862,pooled_pair,doxorubicin,unannotated,train
30475,GCGGAAATCCAACACA-1_GSM8367862-1,GSE271055,GSM8367862,pooled_pair,doxorubicin,unannotated,train
34582,TTCTTGATCTGAGAGG-1_GSM8367862-1,GSE271055,GSM8367862,pooled_pair,doxorubicin,unannotated,train
26854,ATTCAGGCAGAACTTC-1_GSM8367862-1,GSE271055,GSM8367862,pooled_pair,doxorubicin,unannotated,train
25417,ACGTTCCAGTTGTCAC-1_GSM8367862-1,GSE271055,GSM8367862,pooled_pair,doxorubicin,unannotated,train
29614,GAATAGAAGGGCATGT-1_GSM8367862-1,GSE271055,GSM8367862,pooled_pair,doxorubicin,unannotated,train
27552,CATCCACAGTTCTCTT-1_GSM8367862-1,GSE271055,GSM8367862,pooled_pair,doxorubicin,unannotated,train
27409,CAGCCAGAGCTGGAGT-1_GSM8367862-1,GSE271055,GSM8367862,pooled_pair,doxorubicin,unannotated,train
32693,TCATACTCAGTTGTCA-1_GSM8367862-1,GSE271055,GSM8367862,pooled_pair,doxorubicin,unannotated,train
31344,GTCACTCAGGGAGGTG-1_GSM8367862-1,GSE271055,GSM8367862,pooled_pair,doxorubicin,unannotated,train
27445,CAGGGCTGTAGGTTTC-1_GSM8367862-1,GSE271055,GSM8367862,pooled_pair,doxorubicin,unannotated,train
27309,CACTGGGGTGCGCTCA-1_GSM8367862-1,GSE271055,GSM8367862,pooled_pair,doxorubicin,unannotated,train
26157,AGGTTGTCACACGTGC-1_GSM8367862-1,GSE271055,GSM8367862,pooled_pair,doxorubicin,unannotated,train
31070,GGTGATTTCCGGCAAC-1_GSM8367862-1,GSE271055,GSM8367862,pooled_pair,doxorubicin,unannotated,train
27653,CATGCCTTCTAGTGTG-1_GSM8367862-1,GSE271055,GSM8367862,pooled_pair,doxorubicin,unannotated,train
29489,CTTGATTTCTCGGGAC-1_GSM8367862-1,GSE271055,GSM8367862,pooled_pair,doxorubicin,unannotated,train
34191,TTAATCCAGGCGTTAG-1_GSM8367862-1,GSE271055,GSM8367862,pooled_pair,doxorubicin,unannotated,train
33306,TCTCCGAAGAGAGGGC-1_GSM8367862-1,GSE271055,GSM8367862,pooled_pair,doxorubicin,unannotated,train
30506,GCTACCTAGCGGGTAT-1_GSM8367862-1,GSE271055,GSM8367862,pooled_pair,doxorubicin,unannotated,train
32691,TCATACTAGTATGACA-1_GSM8367862-1,GSE271055,GSM8367862,pooled_pair,doxorubicin,unannotated,train
33659,TGCAGGCCAATGTGGG-1_GSM8367862-1,GSE271055,GSM8367862,pooled_pair,doxorubicin,unannotated,train
31429,GTCGTAACAAGCGCTC-1_GSM8367862-1,GSE271055,GSM8367862,pooled_pair,doxorubicin,unannotated,train
28700,CGTGCTTCAAACTCTG-1_GSM8367862-1,GSE271055,GSM8367862,pooled_pair,doxorubicin,unannotated,train
30385,GCCATGGTCATCTGTT-1_GSM8367862-1,GSE271055,GSM8367862,pooled_pair,doxorubicin,unannotated,train
28525,CGGAACCAGGATGCGT-1_GSM8367862-1,GSE271055,GSM8367862,pooled_pair,doxorubicin,unannotated,train
26210,AGTAGTCAGGCTCCCA-1_GSM8367862-1,GSE271055,GSM8367862,pooled_pair,doxorubicin,unannotated,train
27599,CATCGTCGTTTCGACA-1_GSM8367862-1,GSE271055,GSM8367862,pooled_pair,doxorubicin,unannotated,train
25639,AGACAAATCCGTTTCG-1_GSM8367862-1,GSE271055,GSM8367862,pooled_pair,doxorubicin,unannotated,train
24467,AAAGGATAGGCACCAA-1_GSM8367862-1,GSE271055,GSM8367862,pooled_pair,doxorubicin,unannotated,train
33863,TGGCGTGGTATGGAGC-1_GSM8367862-1,GSE271055,GSM8367862,pooled_pair,doxorubicin,unannotated,train
28694,CGTGATAGTTAGGCTT-1_GSM8367862-1,GSE271055,GSM8367862,pooled_pair,doxorubicin,unannotated,train
31881,GTTGTGACAATGTTGC-1_GSM8367862-1,GSE271055,GSM8367862,pooled_pair,doxorubicin,unannotated,train
30018,GATAGAATCTGTTCAT-1_GSM8367862-1,GSE271055,GSM8367862,pooled_pair,doxorubicin,unannotated,train
27431,CAGCGTGCAGCTTTGA-1_GSM8367862-1,GSE271055,GSM8367862,pooled_pair,doxorubicin,unannotated,train
26770,ATGGTTGAGGGCATGT-1_GSM8367862-1,GSE271055,GSM8367862,pooled_pair,doxorubicin,unannotated,train
34283,TTAGGCATCAACTGAC-1_GSM8367862-1,GSE271055,GSM8367862,pooled_pair,doxorubicin,unannotated,train
25244,ACCGTTCAGCCATTGT-1_GSM8367862-1,GSE271055,GSM8367862,pooled_pair,doxorubicin,unannotated,train
34139,TGTTCATGTCGTCGGT-1_GSM8367862-1,GSE271055,GSM8367862,pooled_pair,doxorubicin,unannotated,train
32595,TCACTATAGATTGAGT-1_GSM8367862-1,GSE271055,GSM8367862,pooled_pair,doxorubicin,unannotated,train
33126,TCGCTCATCCGATGCG-1_GSM8367862-1,GSE271055,GSM8367862,pooled_pair,doxorubicin,unannotated,train
33953,TGGTAGTCAACAGAGC-1_GSM8367862-1,GSE271055,GSM8367862,pooled_pair,doxorubicin,unannotated,train
25950,AGGAGGTTCGCTGTCT-1_GSM8367862-1,GSE271055,GSM8367862,pooled_pair,doxorubicin,unannotated,train
28747,CTAACCCAGACTACGG-1_GSM8367862-1,GSE271055,GSM8367862,pooled_pair,doxorubicin,unannotated,train
30044,GATCAGTAGACCATGG-1_GSM8367862-1,GSE271055,GSM8367862,pooled_pair,doxorubicin,unannotated,train
24427,AAACCCATCTTGTGCC-1_GSM8367862-1,GSE271055,GSM8367862,pooled_pair,doxorubicin,unannotated,train
30029,GATAGCTGTGCCGTAC-1_GSM8367862-1,GSE271055,GSM8367862,pooled_pair,doxorubicin,unannotated,train
30108,GATGATCCATAACCCA-1_GSM8367862-1,GSE271055,GSM8367862,pooled_pair,doxorubicin,unannotated,train
27356,CAGATCAAGACGCAGT-1_GSM8367862-1,GSE271055,GSM8367862,pooled_pair,doxorubicin,unannotated,train
24466,AAAGGATAGCTCGTGC-1_GSM8367862-1,GSE271055,GSM8367862,pooled_pair,doxorubicin,unannotated,train
26772,ATGGTTGAGTAAGGGA-1_GSM8367862-1,GSE271055,GSM8367862,pooled_pair,doxorubicin,unannotated,train
25740,AGATCCAGTTGACTAC-1_GSM8367862-1,GSE271055,GSM8367862,pooled_pair,doxorubicin,unannotated,train
29314,CTGGTCTTCAACCGAT-1_GSM8367862-1,GSE271055,GSM8367862,pooled_pair,doxorubicin,unannotated,train
28376,CGACAGCTCCGTAGTA-1_GSM8367862-1,GSE271055,GSM8367862,pooled_pair,doxorubicin,unannotated,train
29172,CTCTGGTTCCTCTGCA-1_GSM8367862-1,GSE271055,GSM8367862,pooled_pair,doxorubicin,unannotated,train
24742,AAGACTCGTCTGCGCA-1_GSM8367862-1,GSE271055,GSM8367862,pooled_pair,doxorubicin,unannotated,train
29019,CTCATTAGTCATCACA-1_GSM8367862-1,GSE271055,GSM8367862,pooled_pair,doxorubicin,unannotated,train
32658,TCAGGTAGTGGGTTGA-1_GSM8367862-1,GSE271055,GSM8367862,pooled_pair,doxorubicin,unannotated,train
33512,TGAGGAGAGAACAAGG-1_GSM8367862-1,GSE271055,GSM8367862,pooled_pair,doxorubicin,unannotated,train
24991,ACAAAGAGTTGATGTC-1_GSM8367862-1,GSE271055,GSM8367862,pooled_pair,doxorubicin,unannotated,train
27971,CCCTAACAGACTTCAC-1_GSM8367862-1,GSE271055,GSM8367862,pooled_pair,doxorubicin,unannotated,train
30813,GGGACTCAGAATCCCT-1_GSM8367862-1,GSE271055,GSM8367862,pooled_pair,doxorubicin,unannotated,train
26108,AGGTCATTCGTGTGAT-1_GSM8367862-1,GSE271055,GSM8367862,pooled_pair,doxorubicin,unannotated,train
28382,CGAGAAGCAGAAGCGT-1_GSM8367862-1,GSE271055,GSM8367862,pooled_pair,doxorubicin,unannotated,train
28306,CCTTCAGCACTTCAGA-1_GSM8367862-1,GSE271055,GSM8367862,pooled_pair,doxorubicin,unannotated,train
29850,GAGAGGTTCTGCTTAT-1_GSM8367862-1,GSE271055,GSM8367862,pooled_pair,doxorubicin,unannotated,train
34509,TTCTAACCAATGGCAG-1_GSM8367862-1,GSE271055,GSM8367862,pooled_pair,doxorubicin,unannotated,train
33177,TCGGGTGGTAACCCGC-1_GSM8367862-1,GSE271055,GSM8367862,pooled_pair,doxorubicin,unannotated,train
32199,TACTTCAAGCTGGCCT-1_GSM8367862-1,GSE271055,GSM8367862,pooled_pair,doxorubicin,unannotated,train
29622,GAATAGATCGTCCATC-1_GSM8367862-1,GSE271055,GSM8367862,pooled_pair,doxorubicin,unannotated,train
26227,AGTCACACAACAAAGT-1_GSM8367862-1,GSE271055,GSM8367862,pooled_pair,doxorubicin,unannotated,train
31332,GTCACGGAGCAGCGAT-1_GSM8367862-1,GSE271055,GSM8367862,pooled_pair,doxorubicin,unannotated,train
25593,AGAAATGGTGAGCTCC-1_GSM8367862-1,GSE271055,GSM8367862,pooled_pair,doxorubicin,unannotated,train
32671,TCAGTCCCAGGAATAT-1_GSM8367862-1,GSE271055,GSM8367862,pooled_pair,doxorubicin,unannotated,train
24764,AAGCCATCAACTCCAA-1_GSM8367862-1,GSE271055,GSM8367862,pooled_pair,doxorubicin,unannotated,train
33798,TGCTTGCGTTGCCAAT-1_GSM8367862-1,GSE271055,GSM8367862,pooled_pair,doxorubicin,unannotated,train
28054,CCGCAAGGTGACTAAA-1_GSM8367862-1,GSE271055,GSM8367862,pooled_pair,doxorubicin,unannotated,train
33004,TCCTGCACATAGGAGC-1_GSM8367862-1,GSE271055,GSM8367862,pooled_pair,doxorubicin,unannotated,train
31352,GTCAGCGGTCGAGCTC-1_GSM8367862-1,GSE271055,GSM8367862,pooled_pair,doxorubicin,unannotated,train
32342,TATACCTCAAATTGGA-1_GSM8367862-1,GSE271055,GSM8367862,pooled_pair,doxorubicin,unannotated,train
24681,AACGGGATCTCCGATC-1_GSM8367862-1,GSE271055,GSM8367862,pooled_pair,doxorubicin,unannotated,train
34063,TGTCCCAAGGGTTGCA-1_GSM8367862-1,GSE271055,GSM8367862,pooled_pair,doxorubicin,unannotated,train
33756,TGCTCCAGTTAGGGTG-1_GSM8367862-1,GSE271055,GSM8367862,pooled_pair,doxorubicin,unannotated,train
26343,ATACTTCTCCCATACC-1_GSM8367862-1,GSE271055,GSM8367862,pooled_pair,doxorubicin,unannotated,train
27746,CATTGCCAGGATTTAG-1_GSM8367862-1,GSE271055,GSM8367862,pooled_pair,doxorubicin,unannotated,train
32894,TCCCAGTTCAAGCTTG-1_GSM8367862-1,GSE271055,GSM8367862,pooled_pair,doxorubicin,unannotated,train
26596,ATCTCTACAGGTCCCA-1_GSM8367862-1,GSE271055,GSM8367862,pooled_pair,doxorubicin,unannotated,train
31010,GGTAACTTCGCGTGCA-1_GSM8367862-1,GSE271055,GSM8367862,pooled_pair,doxorubicin,unannotated,train
32345,TATACCTCATGCCGCA-1_GSM8367862-1,GSE271055,GSM8367862,pooled_pair,doxorubicin,unannotated,train
25498,ACTCTCGTCTCCTGTG-1_GSM8367862-1,GSE271055,GSM8367862,pooled_pair,doxorubicin,unannotated,train
33338,TCTGGCTTCCAAGCCG-1_GSM8367862-1,GSE271055,GSM8367862,pooled_pair,doxorubicin,unannotated,train
26523,ATCGCCTGTCGCTTGG-1_GSM8367862-1,GSE271055,GSM8367862,pooled_pair,doxorubicin,unannotated,train
25010,ACAAGCTCATCATCTT-1_GSM8367862-1,GSE271055,GSM8367862,pooled_pair,doxorubicin,unannotated,train
33663,TGCAGGCTCACCGCTT-1_GSM8367862-1,GSE271055,GSM8367862,pooled_pair,doxorubicin,unannotated,train
33591,TGATGCATCCAAGGGA-1_GSM8367862-1,GSE271055,GSM8367862,pooled_pair,doxorubicin,unannotated,train
31067,GGTGATTCACACCTGG-1_GSM8367862-1,GSE271055,GSM8367862,pooled_pair,doxorubicin,unannotated,train
32395,TATCGCCAGTCGTTAC-1_GSM8367862-1,GSE271055,GSM8367862,pooled_pair,doxorubicin,unannotated,train
32583,TCACGCTTCTGAATCG-1_GSM8367862-1,GSE271055,GSM8367862,pooled_pair,doxorubicin,unannotated,train
25543,ACTTAGGGTCGTCTCT-1_GSM8367862-1,GSE271055,GSM8367862,pooled_pair,doxorubicin,unannotated,train
28623,CGGTCAGAGGCACTAG-1_GSM8367862-1,GSE271055,GSM8367862,pooled_pair,doxorubicin,unannotated,train
30636,GGAGAACTCACCTTAT-1_GSM8367862-1,GSE271055,GSM8367862,pooled_pair,doxorubicin,unannotated,train
30468,GCGGAAAGTACCGTCG-1_GSM8367862-1,GSE271055,GSM8367862,pooled_pair,doxorubicin,unannotated,train
24995,ACAACCACAGAATCGG-1_GSM8367862-1,GSE271055,GSM8367862,pooled_pair,doxorubicin,unannotated,train
28385,CGAGAAGCATCAGCGC-1_GSM8367862-1,GSE271055,GSM8367862,pooled_pair,doxorubicin,unannotated,train
26246,AGTCTCCAGTATAGAC-1_GSM8367862-1,GSE271055,GSM8367862,pooled_pair,doxorubicin,unannotated,train
25534,ACTGTGATCCATTTAC-1_GSM8367862-1,GSE271055,GSM8367862,pooled_pair,doxorubicin,unannotated,train
32458,TATTGCTTCTAGCCTC-1_GSM8367862-1,GSE271055,GSM8367862,pooled_pair,doxorubicin,unannotated,train
30267,GCAGCCATCGACATCA-1_GSM8367862-1,GSE271055,GSM8367862,pooled_pair,doxorubicin,unannotated,train
30601,GGAAGTGTCTCGAACA-1_GSM8367862-1,GSE271055,GSM8367862,pooled_pair,doxorubicin,unannotated,train
28417,CGAGTGCGTTTGAACC-1_GSM8367862-1,GSE271055,GSM8367862,pooled_pair,doxorubicin,unannotated,train
33030,TCGAACACAGACAATA-1_GSM8367862-1,GSE271055,GSM8367862,pooled_pair,doxorubicin,unannotated,train
32950,TCCTAATAGTCGGGAT-1_GSM8367862-1,GSE271055,GSM8367862,pooled_pair,doxorubicin,unannotated,train
32667,TCAGTCCAGTATGAAC-1_GSM8367862-1,GSE271055,GSM8367862,pooled_pair,doxorubicin,unannotated,train
32782,TCATTACTCACTGTCC-1_GSM8367862-1,GSE271055,GSM8367862,pooled_pair,doxorubicin,unannotated,train
32500,TCAAGCAGTTGTTGTG-1_GSM8367862-1,GSE271055,GSM8367862,pooled_pair,doxorubicin,unannotated,train
26668,ATGATCGAGACTTCAC-1_GSM8367862-1,GSE271055,GSM8367862,pooled_pair,doxorubicin,unannotated,train
34531,TTCTAGTTCTTTGCTA-1_GSM8367862-1,GSE271055,GSM8367862,pooled_pair,doxorubicin,unannotated,train
29647,GACACGCCAATGAAAC-1_GSM8367862-1,GSE271055,GSM8367862,pooled_pair,doxorubicin,unannotated,train
33318,TCTCTGGTCAACGAGG-1_GSM8367862-1,GSE271055,GSM8367862,pooled_pair,doxorubicin,unannotated,train
27351,CAGATACGTTTACGTG-1_GSM8367862-1,GSE271055,GSM8367862,pooled_pair,doxorubicin,unannotated,train
33505,TGAGCGCGTCAGATTC-1_GSM8367862-1,GSE271055,GSM8367862,pooled_pair,doxorubicin,unannotated,train
26335,ATACCTTCATGAGGGT-1_GSM8367862-1,GSE271055,GSM8367862,pooled_pair,doxorubicin,unannotated,train
27523,CATACTTCAGGCATGA-1_GSM8367862-1,GSE271055,GSM8367862,pooled_pair,doxorubicin,unannotated,train
29334,CTGTAGAGTGACACGA-1_GSM8367862-1,GSE271055,GSM8367862,pooled_pair,doxorubicin,unannotated,train
33692,TGCATGACAGCCATTA-1_GSM8367862-1,GSE271055,GSM8367862,pooled_pair,doxorubicin,unannotated,train
28059,CCGGACAAGACTTAAG-1_GSM8367862-1,GSE271055,GSM8367862,pooled_pair,doxorubicin,unannotated,train
28964,CTCAGAACATGCAGGA-1_GSM8367862-1,GSE271055,GSM8367862,pooled_pair,doxorubicin,unannotated,train
32978,TCCTCGAGTCTGTGAT-1_GSM8367862-1,GSE271055,GSM8367862,pooled_pair,doxorubicin,unannotated,train
32767,TCATGTTCACTGAGTT-1_GSM8367862-1,GSE271055,GSM8367862,pooled_pair,doxorubicin,unannotated,train
28159,CCTAAGATCCTTACCG-1_GSM8367862-1,GSE271055,GSM8367862,pooled_pair,doxorubicin,unannotated,train
31135,GTAACACGTATTCTCT-1_GSM8367862-1,GSE271055,GSM8367862,pooled_pair,doxorubicin,unannotated,train
24831,AAGTCGTGTATTTCGG-1_GSM8367862-1,GSE271055,GSM8367862,pooled_pair,doxorubicin,unannotated,train
29555,GAAGAATAGATGGGCT-1_GSM8367862-1,GSE271055,GSM8367862,pooled_pair,doxorubicin,unannotated,train
31791,GTTCCGTGTGGGAGAG-1_GSM8367862-1,GSE271055,GSM8367862,pooled_pair,doxorubicin,unannotated,train
33775,TGCTGAATCTAGCCAA-1_GSM8367862-1,GSE271055,GSM8367862,pooled_pair,doxorubicin,unannotated,train
25447,ACTATCTTCATTTGCT-1_GSM8367862-1,GSE271055,GSM8367862,pooled_pair,doxorubicin,unannotated,train
33796,TGCTTGCGTCGGCCTA-1_GSM8367862-1,GSE271055,GSM8367862,pooled_pair,doxorubicin,unannotated,train
30582,GCTTTCGGTACTCCGG-1_GSM8367862-1,GSE271055,GSM8367862,pooled_pair,doxorubicin,unannotated,train
28446,CGATCGGTCCCAGGCA-1_GSM8367862-1,GSE271055,GSM8367862,pooled_pair,doxorubicin,unannotated,train
26646,ATGAGGGCAGCCTATA-1_GSM8367862-1,GSE271055,GSM8367862,pooled_pair,doxorubicin,unannotated,train
34627,TTGCATTGTTATTCTC-1_GSM8367862-1,GSE271055,GSM8367862,pooled_pair,doxorubicin,unannotated,train
30619,GGAATGGTCGGCCAAC-1_GSM8367862-1,GSE271055,GSM8367862,pooled_pair,doxorubicin,unannotated,train
30974,GGGTGTCCACGGCCAT-1_GSM8367862-1,GSE271055,GSM8367862,pooled_pair,doxorubicin,unannotated,train
34733,TTGTGTTAGGACGCTA-1_GSM8367862-1,GSE271055,GSM8367862,pooled_pair,doxorubicin,unannotated,train
27594,CATCGTCAGCTTCTAG-1_GSM8367862-1,GSE271055,GSM8367862,pooled_pair,doxorubicin,unannotated,train
26926,ATTCTACGTTTCCAAG-1_GSM8367862-1,GSE271055,GSM8367862,pooled_pair,doxorubicin,unannotated,train
29801,GACTTCCGTAACCCGC-1_GSM8367862-1,GSE271055,GSM8367862,pooled_pair,doxorubicin,unannotated,train
30752,GGCTTGGAGCGATCGA-1_GSM8367862-1,GSE271055,GSM8367862,pooled_pair,doxorubicin,unannotated,train
24812,AAGGTAACACATAGCT-1_GSM8367862-1,GSE271055,GSM8367862,pooled_pair,doxorubicin,unannotated,train
24719,AAGACAAAGGGAACAA-1_GSM8367862-1,GSE271055,GSM8367862,pooled_pair,doxorubicin,unannotated,train
30936,GGGTCACAGAACAAGG-1_GSM8367862-1,GSE271055,GSM8367862,pooled_pair,doxorubicin,unannotated,train
30295,GCAGTTAGTAGAGGAA-1_GSM8367862-1,GSE271055,GSM8367862,pooled_pair,doxorubicin,unannotated,train
24583,AACACACCACTACGGC-1_GSM8367862-1,GSE271055,GSM8367862,pooled_pair,doxorubicin,unannotated,train
34355,TTCAGGATCTGTGCAA-1_GSM8367862-1,GSE271055,GSM8367862,pooled_pair,doxorubicin,unannotated,train
32035,TACACCCCAACTAGAA-1_GSM8367862-1,GSE271055,GSM8367862,pooled_pair,doxorubicin,unannotated,train
25058,ACACTGACATGATCTG-1_GSM8367862-1,GSE271055,GSM8367862,pooled_pair,doxorubicin,unannotated,train
32233,TAGACCATCTGTGCGG-1_GSM8367862-1,GSE271055,GSM8367862,pooled_pair,doxorubicin,unannotated,train
32284,TAGGAGGCAGAGCCCT-1_GSM8367862-1,GSE271055,GSM8367862,pooled_pair,doxorubicin,unannotated,train
27724,CATTCTAAGGGTCACA-1_GSM8367862-1,GSE271055,GSM8367862,pooled_pair,doxorubicin,unannotated,train
31277,GTAGGTTAGTCAGCCC-1_GSM8367862-1,GSE271055,GSM8367862,pooled_pair,doxorubicin,unannotated,train
24910,AATGAAGTCGAAGGAC-1_GSM8367862-1,GSE271055,GSM8367862,pooled_pair,doxorubicin,unannotated,train
31100,GGTGTTATCGTGGTAT-1_GSM8367862-1,GSE271055,GSM8367862,pooled_pair,doxorubicin,unannotated,train
30547,GCTGGGTTCAAGATAG-1_GSM8367862-1,GSE271055,GSM8367862,pooled_pair,doxorubicin,unannotated,train
33434,TGACAGTAGAAGCGCT-1_GSM8367862-1,GSE271055,GSM8367862,pooled_pair,doxorubicin,unannotated,train
34071,TGTCCTGAGGGATGTC-1_GSM8367862-1,GSE271055,GSM8367862,pooled_pair,doxorubicin,unannotated,train
25836,AGCGCCACACTCTGCT-1_GSM8367862-1,GSE271055,GSM8367862,pooled_pair,doxorubicin,unannotated,train
31765,GTTATGGGTACACGCC-1_GSM8367862-1,GSE271055,GSM8367862,pooled_pair,doxorubicin,unannotated,train
33522,TGAGGGAAGGGCGAAG-1_GSM8367862-1,GSE271055,GSM8367862,pooled_pair,doxorubicin,unannotated,train
27083,CAAGAGGAGACCACGA-1_GSM8367862-1,GSE271055,GSM8367862,pooled_pair,doxorubicin,unannotated,train
33533,TGAGGGAGTAGCTTGT-1_GSM8367862-1,GSE271055,GSM8367862,pooled_pair,doxorubicin,unannotated,train
25356,ACGGTTATCCAAGCCG-1_GSM8367862-1,GSE271055,GSM8367862,pooled_pair,doxorubicin,unannotated,train
33257,TCTACCGGTTACCCTC-1_GSM8367862-1,GSE271055,GSM8367862,pooled_pair,doxorubicin,unannotated,train
29893,GAGGCCTAGCGTGCCT-1_GSM8367862-1,GSE271055,GSM8367862,pooled_pair,doxorubicin,unannotated,train
31867,GTTGTCCCACTTTAGG-1_GSM8367862-1,GSE271055,GSM8367862,pooled_pair,doxorubicin,unannotated,train
24510,AAAGTCCTCCGGGACT-1_GSM8367862-1,GSE271055,GSM8367862,pooled_pair,doxorubicin,unannotated,train
27103,CAAGCTACAGATCCTA-1_GSM8367862-1,GSE271055,GSM8367862,pooled_pair,doxorubicin,unannotated,train
34774,TTGTTTGCAGAATCGG-1_GSM8367862-1,GSE271055,GSM8367862,pooled_pair,doxorubicin,unannotated,train
28773,CTAAGTGAGTGAGTTA-1_GSM8367862-1,GSE271055,GSM8367862,pooled_pair,doxorubicin,unannotated,train
28732,CGTTCTGGTTCAAGTC-1_GSM8367862-1,GSE271055,GSM8367862,pooled_pair,doxorubicin,unannotated,train
28007,CCCTGATAGGAAGTCC-1_GSM8367862-1,GSE271055,GSM8367862,pooled_pair,doxorubicin,unannotated,train
30072,GATCGTACACTGGCGT-1_GSM8367862-1,GSE271055,GSM8367862,pooled_pair,doxorubicin,unannotated,train
27190,CACAGATGTGATACAA-1_GSM8367862-1,GSE271055,GSM8367862,pooled_pair,doxorubicin,unannotated,train
31634,GTGGGAACACGTAGTT-1_GSM8367862-1,GSE271055,GSM8367862,pooled_pair,doxorubicin,unannotated,train
33707,TGCCGAGCATACAGAA-1_GSM8367862-1,GSE271055,GSM8367862,pooled_pair,doxorubicin,unannotated,train
25238,ACCCTTGGTGCTGATT-1_GSM8367862-1,GSE271055,GSM8367862,pooled_pair,doxorubicin,unannotated,train
34619,TTGATGGCAATTCTCT-1_GSM8367862-1,GSE271055,GSM8367862,pooled_pair,doxorubicin,unannotated,train
32637,TCAGGGCAGAAACCAT-1_GSM8367862-1,GSE271055,GSM8367862,pooled_pair,doxorubicin,unannotated,train
24755,AAGCATCAGTGATTCC-1_GSM8367862-1,GSE271055,GSM8367862,pooled_pair,doxorubicin,unannotated,train
32882,TCCCAGTAGACACACG-1_GSM8367862-1,GSE271055,GSM8367862,pooled_pair,doxorubicin,unannotated,train
31878,GTTGTCCTCCTTGAAG-1_GSM8367862-1,GSE271055,GSM8367862,pooled_pair,doxorubicin,unannotated,train
32281,TAGGAGGCAAGAGAGA-1_GSM8367862-1,GSE271055,GSM8367862,pooled_pair,doxorubicin,unannotated,train
26821,ATTACTCTCAGGGTAG-1_GSM8367862-1,GSE271055,GSM8367862,pooled_pair,doxorubicin,unannotated,train
31094,GGTGTCGTCTGATTCT-1_GSM8367862-1,GSE271055,GSM8367862,pooled_pair,doxorubicin,unannotated,train
26265,AGTGATCTCACTGGGC-1_GSM8367862-1,GSE271055,GSM8367862,pooled_pair,doxorubicin,unannotated,train
29701,GACCCAGTCGGAGCAA-1_GSM8367862-1,GSE271055,GSM8367862,pooled_pair,doxorubicin,unannotated,train
32624,TCAGCAAGTTAGTTCG-1_GSM8367862-1,GSE271055,GSM8367862,pooled_pair,doxorubicin,unannotated,train
32808,TCATTGTTCTAACGGT-1_GSM8367862-1,GSE271055,GSM8367862,pooled_pair,doxorubicin,unannotated,train
26931,ATTCTACTCGCGGTAC-1_GSM8367862-1,GSE271055,GSM8367862,pooled_pair,doxorubicin,unannotated,train
33447,TGACCCTAGGCCCACT-1_GSM8367862-1,GSE271055,GSM8367862,pooled_pair,doxorubicin,unannotated,train
31043,GGTCACGTCCTTCTAA-1_GSM8367862-1,GSE271055,GSM8367862,pooled_pair,doxorubicin,unannotated,train
32657,TCAGGTAGTGGATGAC-1_GSM8367862-1,GSE271055,GSM8367862,pooled_pair,doxorubicin,unannotated,train
30317,GCATGATAGATGTTCC-1_GSM8367862-1,GSE271055,GSM8367862,pooled_pair,doxorubicin,unannotated,train
33114,TCGCTCAAGACGCAGT-1_GSM8367862-1,GSE271055,GSM8367862,pooled_pair,doxorubicin,unannotated,train
33439,TGACAGTCACAAATGA-1_GSM8367862-1,GSE271055,GSM8367862,pooled_pair,doxorubicin,unannotated,train
28279,CCTCTCCTCTTACGGA-1_GSM8367862-1,GSE271055,GSM8367862,pooled_pair,doxorubicin,unannotated,train
33433,TGAATGCTCTCGTCGT-1_GSM8367862-1,GSE271055,GSM8367862,pooled_pair,doxorubicin,unannotated,train
27929,CCATCACTCTACTCAT-1_GSM8367862-1,GSE271055,GSM8367862,pooled_pair,doxorubicin,unannotated,train
29124,CTCGAGGAGAGCATCG-1_GSM8367862-1,GSE271055,GSM8367862,pooled_pair,doxorubicin,unannotated,train
28854,CTAGACAAGGTTAGTA-1_GSM8367862-1,GSE271055,GSM8367862,pooled_pair,doxorubicin,unannotated,train
34920,TTTGGTTTCACCCATC-1_GSM8367862-1,GSE271055,GSM8367862,pooled_pair,doxorubicin,unannotated,train
30409,GCCCGAAGTAGCGTAG-1_GSM8367862-1,GSE271055,GSM8367862,pooled_pair,doxorubicin,unannotated,train
25956,AGGATAACACTCCCTA-1_GSM8367862-1,GSE271055,GSM8367862,pooled_pair,doxorubicin,unannotated,train
30805,GGGACCTAGCTATCTG-1_GSM8367862-1,GSE271055,GSM8367862,pooled_pair,doxorubicin,unannotated,train
32552,TCACAAGGTGCTTATG-1_GSM8367862-1,GSE271055,GSM8367862,pooled_pair,doxorubicin,unannotated,train
25123,ACATGCAAGCCTATCA-1_GSM8367862-1,GSE271055,GSM8367862,pooled_pair,doxorubicin,unannotated,train
33422,TGAATGCCATGCAGCC-1_GSM8367862-1,GSE271055,GSM8367862,pooled_pair,doxorubicin,unannotated,train
31711,GTTACAGGTTTACGAC-1_GSM8367862-1,GSE271055,GSM8367862,pooled_pair,doxorubicin,unannotated,train
29030,CTCCAACCAGTTGAAA-1_GSM8367862-1,GSE271055,GSM8367862,pooled_pair,doxorubicin,unannotated,train
32267,TAGATCGTCTACGCAA-1_GSM8367862-1,GSE271055,GSM8367862,pooled_pair,doxorubicin,unannotated,train
34623,TTGCATTCAAATACGA-1_GSM8367862-1,GSE271055,GSM8367862,pooled_pair,doxorubicin,unannotated,train
31444,GTCGTTCTCTTCGGTC-1_GSM8367862-1,GSE271055,GSM8367862,pooled_pair,doxorubicin,unannotated,train
33473,TGACTCCAGGCCCGTT-1_GSM8367862-1,GSE271055,GSM8367862,pooled_pair,doxorubicin,unannotated,train
29217,CTGCAGGTCCATAAGC-1_GSM8367862-1,GSE271055,GSM8367862,pooled_pair,doxorubicin,unannotated,train
27796,CCAATGACAACGAGGT-1_GSM8367862-1,GSE271055,GSM8367862,pooled_pair,doxorubicin,unannotated,train
27787,CCAAGCGGTCCAGCGT-1_GSM8367862-1,GSE271055,GSM8367862,pooled_pair,doxorubicin,unannotated,train
25419,ACGTTCCCACGGGTAA-1_GSM8367862-1,GSE271055,GSM8367862,pooled_pair,doxorubicin,unannotated,train
26923,ATTCTACGTATCGCGC-1_GSM8367862-1,GSE271055,GSM8367862,pooled_pair,doxorubicin,unannotated,train
28088,CCGGGTATCCGGCAAC-1_GSM8367862-1,GSE271055,GSM8367862,pooled_pair,doxorubicin,unannotated,train
34114,TGTGTGAAGGTCTACT-1_GSM8367862-1,GSE271055,GSM8367862,pooled_pair,doxorubicin,unannotated,train
26556,ATCGTAGGTCATTCCC-1_GSM8367862-1,GSE271055,GSM8367862,pooled_pair,doxorubicin,unannotated,train
26594,ATCTCTACACAAGTGG-1_GSM8367862-1,GSE271055,GSM8367862,pooled_pair,doxorubicin,unannotated,train
29248,CTGCCATTCGATAACC-1_GSM8367862-1,GSE271055,GSM8367862,pooled_pair,doxorubicin,unannotated,train
28319,CCTTGTGCATACTGTG-1_GSM8367862-1,GSE271055,GSM8367862,pooled_pair,doxorubicin,unannotated,train
24509,AAAGTCCGTTCCTAAG-1_GSM8367862-1,GSE271055,GSM8367862,pooled_pair,doxorubicin,unannotated,train
31523,GTGAGTTCAGATCACT-1_GSM8367862-1,GSE271055,GSM8367862,pooled_pair,doxorubicin,unannotated,train
29649,GACACGCGTAAGCGGT-1_GSM8367862-1,GSE271055,GSM8367862,pooled_pair,doxorubicin,unannotated,train
33928,TGGGTTAAGACGCCCT-1_GSM8367862-1,GSE271055,GSM8367862,pooled_pair,doxorubicin,unannotated,train
30533,GCTGCAGAGGAGCTGT-1_GSM8367862-1,GSE271055,GSM8367862,pooled_pair,doxorubicin,unannotated,train
34761,TTGTTGTGTATCGTGT-1_GSM8367862-1,GSE271055,GSM8367862,pooled_pair,doxorubicin,unannotated,train
31818,GTTCTATCAAAGGCTG-1_GSM8367862-1,GSE271055,GSM8367862,pooled_pair,doxorubicin,unannotated,train
32132,TACGCTCAGCATTTCG-1_GSM8367862-1,GSE271055,GSM8367862,pooled_pair,doxorubicin,unannotated,train
33107,TCGCAGGGTCACGTGC-1_GSM8367862-1,GSE271055,GSM8367862,pooled_pair,doxorubicin,unannotated,train
24578,AACACACAGCTTTCTT-1_GSM8367862-1,GSE271055,GSM8367862,pooled_pair,doxorubicin,unannotated,train
29374,CTGTGGGCAGCGTGAA-1_GSM8367862-1,GSE271055,GSM8367862,pooled_pair,doxorubicin,unannotated,train
31281,GTAGGTTTCGTAACCA-1_GSM8367862-1,GSE271055,GSM8367862,pooled_pair,doxorubicin,unannotated,train
24458,AAAGAACCAACCGCCA-1_GSM8367862-1,GSE271055,GSM8367862,pooled_pair,doxorubicin,unannotated,train
30459,GCGATCGAGATCACTC-1_GSM8367862-1,GSE271055,GSM8367862,pooled_pair,doxorubicin,unannotated,train
25742,AGATCCATCAGTCATG-1_GSM8367862-1,GSE271055,GSM8367862,pooled_pair,doxorubicin,unannotated,train
27502,CATACAGAGTCTGGAG-1_GSM8367862-1,GSE271055,GSM8367862,pooled_pair,doxorubicin,unannotated,train
32083,TACCGAAAGATAGTCA-1_GSM8367862-1,GSE271055,GSM8367862,pooled_pair,doxorubicin,unannotated,train
25181,ACCATTTAGACAACTA-1_GSM8367862-1,GSE271055,GSM8367862,pooled_pair,doxorubicin,unannotated,train
34175,TGTTGGAGTCCTCAGG-1_GSM8367862-1,GSE271055,GSM8367862,pooled_pair,doxorubicin,unannotated,train
28409,CGAGGCTGTTTCGATG-1_GSM8367862-1,GSE271055,GSM8367862,pooled_pair,doxorubicin,unannotated,train
32947,TCCGTGTTCCATTGGA-1_GSM8367862-1,GSE271055,GSM8367862,pooled_pair,doxorubicin,unannotated,train
27950,CCCATTGCAGCAGTTT-1_GSM8367862-1,GSE271055,GSM8367862,pooled_pair,doxorubicin,unannotated,train
25007,ACAAGCTCAACACACT-1_GSM8367862-1,GSE271055,GSM8367862,pooled_pair,doxorubicin,unannotated,train
26188,AGTACTGCAATCTCTT-1_GSM8367862-1,GSE271055,GSM8367862,pooled_pair,doxorubicin,unannotated,train
31595,GTGCTTCTCTAGTCAG-1_GSM8367862-1,GSE271055,GSM8367862,pooled_pair,doxorubicin,unannotated,train
32543,TCAATTCCATAAGCAA-1_GSM8367862-1,GSE271055,GSM8367862,pooled_pair,doxorubicin,unannotated,train
33076,TCGATTTCAGGTACGA-1_GSM8367862-1,GSE271055,GSM8367862,pooled_pair,doxorubicin,unannotated,train
28514,CGCGTGAAGGATGTTA-1_GSM8367862-1,GSE271055,GSM8367862,pooled_pair,doxorubicin,unannotated,train
29506,CTTTCGGCATTATGCG-1_GSM8367862-1,GSE271055,GSM8367862,pooled_pair,doxorubicin,unannotated,train
32079,TACCCGTGTGCCGTTG-1_GSM8367862-1,GSE271055,GSM8367862,pooled_pair,doxorubicin,unannotated,train
25374,ACGTAACGTGTTGCCG-1_GSM8367862-1,GSE271055,GSM8367862,pooled_pair,doxorubicin,unannotated,train
33328,TCTGCCATCGGAGTGA-1_GSM8367862-1,GSE271055,GSM8367862,pooled_pair,doxorubicin,unannotated,train
29405,CTTCAATCATCTAGAC-1_GSM8367862-1,GSE271055,GSM8367862,pooled_pair,doxorubicin,unannotated,train
32290,TAGGAGGGTTTCCCAC-1_GSM8367862-1,GSE271055,GSM8367862,pooled_pair,doxorubicin,unannotated,train
29638,GAATCGTAGGTTCTAC-1_GSM8367862-1,GSE271055,GSM8367862,pooled_pair,doxorubicin,unannotated,train
28011,CCCTGATTCATCCCGT-1_GSM8367862-1,GSE271055,GSM8367862,pooled_pair,doxorubicin,unannotated,train
30490,GCGTGCAGTATCAGCT-1_GSM8367862-1,GSE271055,GSM8367862,pooled_pair,doxorubicin,unannotated,train
34262,TTACGTTTCACTTATC-1_GSM8367862-1,GSE271055,GSM8367862,pooled_pair,doxorubicin,unannotated,train
33585,TGATCTTTCGTAACAC-1_GSM8367862-1,GSE271055,GSM8367862,pooled_pair,doxorubicin,unannotated,train
28814,CTACCCAGTGGTCCGT-1_GSM8367862-1,GSE271055,GSM8367862,pooled_pair,doxorubicin,unannotated,train
30642,GGAGATGCAATTGAGA-1_GSM8367862-1,GSE271055,GSM8367862,pooled_pair,doxorubicin,unannotated,train
33362,TCTTAGTTCCGTGACG-1_GSM8367862-1,GSE271055,GSM8367862,pooled_pair,doxorubicin,unannotated,train
31229,GTAGAGGGTCACTGAT-1_GSM8367862-1,GSE271055,GSM8367862,pooled_pair,doxorubicin,unannotated,train
32202,TACTTCACAGAGTGAC-1_GSM8367862-1,GSE271055,GSM8367862,pooled_pair,doxorubicin,unannotated,train
31572,GTGCGTGCAGTGCGCT-1_GSM8367862-1,GSE271055,GSM8367862,pooled_pair,doxorubicin,unannotated,train
33397,TGAACGTCAGCCCAGT-1_GSM8367862-1,GSE271055,GSM8367862,pooled_pair,doxorubicin,unannotated,train
34762,TTGTTGTGTGGGTTGA-1_GSM8367862-1,GSE271055,GSM8367862,pooled_pair,doxorubicin,unannotated,train
26498,ATCCTATTCCACGGGT-1_GSM8367862-1,GSE271055,GSM8367862,pooled_pair,doxorubicin,unannotated,train
30630,GGAGAACAGCCTAGGA-1_GSM8367862-1,GSE271055,GSM8367862,pooled_pair,doxorubicin,unannotated,train
24454,AAAGAACAGCTGTTCA-1_GSM8367862-1,GSE271055,GSM8367862,pooled_pair,doxorubicin,unannotated,train
25416,ACGTTCCAGTTGGGAC-1_GSM8367862-1,GSE271055,GSM8367862,pooled_pair,doxorubicin,unannotated,train
31490,GTCTTTAAGCTAAATG-1_GSM8367862-1,GSE271055,GSM8367862,pooled_pair,doxorubicin,unannotated,train
34723,TTGTGGAAGTAACCGG-1_GSM8367862-1,GSE271055,GSM8367862,pooled_pair,doxorubicin,unannotated,train
29631,GAATCACTCCATTTAC-1_GSM8367862-1,GSE271055,GSM8367862,pooled_pair,doxorubicin,unannotated,train
24572,AACAAGACATCAGCGC-1_GSM8367862-1,GSE271055,GSM8367862,pooled_pair,doxorubicin,unannotated,train
28736,CGTTGGGAGCTGAAAT-1_GSM8367862-1,GSE271055,GSM8367862,pooled_pair,doxorubicin,unannotated,train
27032,CAACCAAGTGTTGACT-1_GSM8367862-1,GSE271055,GSM8367862,pooled_pair,doxorubicin,unannotated,train
33544,TGAGGTTGTTGGCCGT-1_GSM8367862-1,GSE271055,GSM8367862,pooled_pair,doxorubicin,unannotated,train
34406,TTCCGGTCAAATGATG-1_GSM8367862-1,GSE271055,GSM8367862,pooled_pair,doxorubicin,unannotated,train
25559,ACTTCCGCAAACTCTG-1_GSM8367862-1,GSE271055,GSM8367862,pooled_pair,doxorubicin,unannotated,train
27178,CACACAAGTAGCTGTT-1_GSM8367862-1,GSE271055,GSM8367862,pooled_pair,doxorubicin,unannotated,train
30566,GCTTGGGAGCGGTATG-1_GSM8367862-1,GSE271055,GSM8367862,pooled_pair,doxorubicin,unannotated,train
33636,TGCACGGCACTAACCA-1_GSM8367862-1,GSE271055,GSM8367862,pooled_pair,doxorubicin,unannotated,train
31250,GTAGCTACACAATGCT-1_GSM8367862-1,GSE271055,GSM8367862,pooled_pair,doxorubicin,unannotated,train
25397,ACGTAGTGTACCTTCC-1_GSM8367862-1,GSE271055,GSM8367862,pooled_pair,doxorubicin,unannotated,train
30419,GCCGATGCACAAACGG-1_GSM8367862-1,GSE271055,GSM8367862,pooled_pair,doxorubicin,unannotated,train
27905,CCATAAGGTTGTCAGT-1_GSM8367862-1,GSE271055,GSM8367862,pooled_pair,doxorubicin,unannotated,train
34199,TTAATCCGTCAACATC-1_GSM8367862-1,GSE271055,GSM8367862,pooled_pair,doxorubicin,unannotated,train
30301,GCATCGGCAAAGTGTA-1_GSM8367862-1,GSE271055,GSM8367862,pooled_pair,doxorubicin,unannotated,train
30594,GGAAGTGCAAATCAGA-1_GSM8367862-1,GSE271055,GSM8367862,pooled_pair,doxorubicin,unannotated,train
27463,CAGTGCGAGACATCCT-1_GSM8367862-1,GSE271055,GSM8367862,pooled_pair,doxorubicin,unannotated,train
27030,CAACCAACAGAGTGTG-1_GSM8367862-1,GSE271055,GSM8367862,pooled_pair,doxorubicin,unannotated,train
28391,CGAGGAAAGACATGCG-1_GSM8367862-1,GSE271055,GSM8367862,pooled_pair,doxorubicin,unannotated,train
25508,ACTGCAAAGGTTATAG-1_GSM8367862-1,GSE271055,GSM8367862,pooled_pair,doxorubicin,unannotated,train
26609,ATCTTCAGTACTGCGC-1_GSM8367862-1,GSE271055,GSM8367862,pooled_pair,doxorubicin,unannotated,train
25512,ACTGCAACATGTGGCC-1_GSM8367862-1,GSE271055,GSM8367862,pooled_pair,doxorubicin,unannotated,train
30120,GATGCTAGTGGTCTAT-1_GSM8367862-1,GSE271055,GSM8367862,pooled_pair,doxorubicin,unannotated,train
28926,CTCAACCTCCCATTTA-1_GSM8367862-1,GSE271055,GSM8367862,pooled_pair,doxorubicin,unannotated,train
32655,TCAGGTAGTACCACGC-1_GSM8367862-1,GSE271055,GSM8367862,pooled_pair,doxorubicin,unannotated,train
29465,CTTCTCTCAGGCATTT-1_GSM8367862-1,GSE271055,GSM8367862,pooled_pair,doxorubicin,unannotated,train
34710,TTGGTTTCAACCTATG-1_GSM8367862-1,GSE271055,GSM8367862,pooled_pair,doxorubicin,unannotated,train
26945,ATTCTTGTCTGCTTTA-1_GSM8367862-1,GSE271055,GSM8367862,pooled_pair,doxorubicin,unannotated,train
32333,TAGTGCACATCTCATT-1_GSM8367862-1,GSE271055,GSM8367862,pooled_pair,doxorubicin,unannotated,train
25768,AGATGCTCAAAGGCTG-1_GSM8367862-1,GSE271055,GSM8367862,pooled_pair,doxorubicin,unannotated,train
34773,TTGTTTGCAATGACCT-1_GSM8367862-1,GSE271055,GSM8367862,pooled_pair,doxorubicin,unannotated,train
26400,ATCACAGAGTTGGGAC-1_GSM8367862-1,GSE271055,GSM8367862,pooled_pair,doxorubicin,unannotated,train
33183,TCGGTCTAGGATAATC-1_GSM8367862-1,GSE271055,GSM8367862,pooled_pair,doxorubicin,unannotated,train
34394,TTCCAATTCTCAGTCC-1_GSM8367862-1,GSE271055,GSM8367862,pooled_pair,doxorubicin,unannotated,train
31701,GTGTTCCTCGGCGATC-1_GSM8367862-1,GSE271055,GSM8367862,pooled_pair,doxorubicin,unannotated,train
30865,GGGATGACACGGTCTG-1_GSM8367862-1,GSE271055,GSM8367862,pooled_pair,doxorubicin,unannotated,train
28928,CTCAACCTCTCGAACA-1_GSM8367862-1,GSE271055,GSM8367862,pooled_pair,doxorubicin,unannotated,train
34291,TTAGTCTAGCTCCACG-1_GSM8367862-1,GSE271055,GSM8367862,pooled_pair,doxorubicin,unannotated,train
27595,CATCGTCAGTAATCCC-1_GSM8367862-1,GSE271055,GSM8367862,pooled_pair,doxorubicin,unannotated,train
29096,CTCCGATCAATGTCAC-1_GSM8367862-1,GSE271055,GSM8367862,pooled_pair,doxorubicin,unannotated,train
32420,TATCTTGGTGACGCCT-1_GSM8367862-1,GSE271055,GSM8367862,pooled_pair,doxorubicin,unannotated,train
28408,CGAGGCTGTTAAGGGC-1_GSM8367862-1,GSE271055,GSM8367862,pooled_pair,doxorubicin,unannotated,train
26326,AGTTCGAGTTCCGTTC-1_GSM8367862-1,GSE271055,GSM8367862,pooled_pair,doxorubicin,unannotated,train
27516,CATACTTAGAAAGCGA-1_GSM8367862-1,GSE271055,GSM8367862,pooled_pair,doxorubicin,unannotated,train
30684,GGAGGTAGTCGGATTT-1_GSM8367862-1,GSE271055,GSM8367862,pooled_pair,doxorubicin,unannotated,train
31142,GTAACACTCTTGGGCG-1_GSM8367862-1,GSE271055,GSM8367862,pooled_pair,doxorubicin,unannotated,train
29204,CTGATCCGTACTGTTG-1_GSM8367862-1,GSE271055,GSM8367862,pooled_pair,doxorubicin,unannotated,train
31646,GTGGTTACACCCAAGC-1_GSM8367862-1,GSE271055,GSM8367862,pooled_pair,doxorubicin,unannotated,train
31355,GTCATCCAGGGCTTCC-1_GSM8367862-1,GSE271055,GSM8367862,pooled_pair,doxorubicin,unannotated,train
25660,AGACCATTCTCGCTCA-1_GSM8367862-1,GSE271055,GSM8367862,pooled_pair,doxorubicin,unannotated,train
33270,TCTATACGTTGCAAGG-1_GSM8367862-1,GSE271055,GSM8367862,pooled_pair,doxorubicin,unannotated,train
32185,TACTGCCTCTAACGGT-1_GSM8367862-1,GSE271055,GSM8367862,pooled_pair,doxorubicin,unannotated,train
28633,CGTAAGTAGTGGGAAA-1_GSM8367862-1,GSE271055,GSM8367862,pooled_pair,doxorubicin,unannotated,train
34741,TTGTGTTGTTGCACGC-1_GSM8367862-1,GSE271055,GSM8367862,pooled_pair,doxorubicin,unannotated,train
27099,CAAGCTAAGTCCGCCA-1_GSM8367862-1,GSE271055,GSM8367862,pooled_pair,doxorubicin,unannotated,train
30121,GATGCTATCCCTTTGG-1_GSM8367862-1,GSE271055,GSM8367862,pooled_pair,doxorubicin,unannotated,train
32567,TCACATTAGTCCCAAT-1_GSM8367862-1,GSE271055,GSM8367862,pooled_pair,doxorubicin,unannotated,train
33911,TGGGCGTAGGGTTAAT-1_GSM8367862-1,GSE271055,GSM8367862,pooled_pair,doxorubicin,unannotated,train
27411,CAGCCAGAGTTGGAGC-1_GSM8367862-1,GSE271055,GSM8367862,pooled_pair,doxorubicin,unannotated,train
24924,AATGACCTCAATCCAG-1_GSM8367862-1,GSE271055,GSM8367862,pooled_pair,doxorubicin,unannotated,train
25520,ACTGTCCGTTATTCCT-1_GSM8367862-1,GSE271055,GSM8367862,pooled_pair,doxorubicin,unannotated,train
28646,CGTAGTAAGATGCGAC-1_GSM8367862-1,GSE271055,GSM8367862,pooled_pair,doxorubicin,unannotated,train
33516,TGAGGAGGTGGTCAAG-1_GSM8367862-1,GSE271055,GSM8367862,pooled_pair,doxorubicin,unannotated,train
24640,AACCTGACAACCACGC-1_GSM8367862-1,GSE271055,GSM8367862,pooled_pair,doxorubicin,unannotated,train
26271,AGTGCCGCAACTACGT-1_GSM8367862-1,GSE271055,GSM8367862,pooled_pair,doxorubicin,unannotated,train
29725,GACCTTCCATCCGCGA-1_GSM8367862-1,GSE271055,GSM8367862,pooled_pair,doxorubicin,unannotated,train
33620,TGATTCTTCTATCACT-1_GSM8367862-1,GSE271055,GSM8367862,pooled_pair,doxorubicin,unannotated,train
25649,AGACAGGCAAGAGTGC-1_GSM8367862-1,GSE271055,GSM8367862,pooled_pair,doxorubicin,unannotated,train
31749,GTTAGTGCACAAATAG-1_GSM8367862-1,GSE271055,GSM8367862,pooled_pair,doxorubicin,unannotated,train
29601,GAAGGGTGTGAATGAT-1_GSM8367862-1,GSE271055,GSM8367862,pooled_pair,doxorubicin,unannotated,train
24517,AAAGTGAGTGCGGTAA-1_GSM8367862-1,GSE271055,GSM8367862,pooled_pair,doxorubicin,unannotated,train
33032,TCGAACATCGCTAAAC-1_GSM8367862-1,GSE271055,GSM8367862,pooled_pair,doxorubicin,unannotated,train
27234,CACCAAAGTGACTCTA-1_GSM8367862-1,GSE271055,GSM8367862,pooled_pair,doxorubicin,unannotated,train
28029,CCGATCTAGACATGCG-1_GSM8367862-1,GSE271055,GSM8367862,pooled_pair,doxorubicin,unannotated,train
25180,ACCATTTAGAAATTGC-1_GSM8367862-1,GSE271055,GSM8367862,pooled_pair,doxorubicin,unannotated,train
25252,ACCGTTCTCACCGGGT-1_GSM8367862-1,GSE271055,GSM8367862,pooled_pair,doxorubicin,unannotated,train
28265,CCTCTCCAGACAACTA-1_GSM8367862-1,GSE271055,GSM8367862,pooled_pair,doxorubicin,unannotated,train
31398,GTCCACTGTTGGAGGT-1_GSM8367862-1,GSE271055,GSM8367862,pooled_pair,doxorubicin,unannotated,train
34849,TTTCAGTAGTCTTGGT-1_GSM8367862-1,GSE271055,GSM8367862,pooled_pair,doxorubicin,unannotated,train
29138,CTCGAGGTCGCTTAAG-1_GSM8367862-1,GSE271055,GSM8367862,pooled_pair,doxorubicin,unannotated,train
26918,ATTCTACAGGAATTAC-1_GSM8367862-1,GSE271055,GSM8367862,pooled_pair,doxorubicin,unannotated,train
29435,CTTCCTTGTTAACAGA-1_GSM8367862-1,GSE271055,GSM8367862,pooled_pair,doxorubicin,unannotated,train
34369,TTCATTGCAGCCGTTG-1_GSM8367862-1,GSE271055,GSM8367862,pooled_pair,doxorubicin,unannotated,train
29269,CTGCTCAAGTACTGGG-1_GSM8367862-1,GSE271055,GSM8367862,pooled_pair,doxorubicin,unannotated,train
29444,CTTCGGTCATCAGTCA-1_GSM8367862-1,GSE271055,GSM8367862,pooled_pair,doxorubicin,unannotated,train
26709,ATGCCTCTCGGAACTT-1_GSM8367862-1,GSE271055,GSM8367862,pooled_pair,doxorubicin,unannotated,train
32453,TATTGCTGTGTTCATG-1_GSM8367862-1,GSE271055,GSM8367862,pooled_pair,doxorubicin,unannotated,train
33242,TCTACATCAAACTCTG-1_GSM8367862-1,GSE271055,GSM8367862,pooled_pair,doxorubicin,unannotated,train
27831,CCACAAACACCAACAT-1_GSM8367862-1,GSE271055,GSM8367862,pooled_pair,doxorubicin,unannotated,train
32153,TACGGGCTCTACGCAA-1_GSM8367862-1,GSE271055,GSM8367862,pooled_pair,doxorubicin,unannotated,train
34483,TTCGCTGAGCTTAAGA-1_GSM8367862-1,GSE271055,GSM8367862,pooled_pair,doxorubicin,unannotated,train
31558,GTGCAGCCAGTTGCGC-1_GSM8367862-1,GSE271055,GSM8367862,pooled_pair,doxorubicin,unannotated,train
26191,AGTACTGGTCTCCCTA-1_GSM8367862-1,GSE271055,GSM8367862,pooled_pair,doxorubicin,unannotated,train
30777,GGCTTTCGTATGAAAC-1_GSM8367862-1,GSE271055,GSM8367862,pooled_pair,doxorubicin,unannotated,train
34079,TGTGAGTAGCTCATAC-1_GSM8367862-1,GSE271055,GSM8367862,pooled_pair,doxorubicin,unannotated,train
30502,GCTACAACAGGAGGTT-1_GSM8367862-1,GSE271055,GSM8367862,pooled_pair,doxorubicin,unannotated,train
29952,GAGTGAGTCGCAACAT-1_GSM8367862-1,GSE271055,GSM8367862,pooled_pair,doxorubicin,unannotated,train
26831,ATTATCCTCCTGCCAT-1_GSM8367862-1,GSE271055,GSM8367862,pooled_pair,doxorubicin,unannotated,train
31058,GGTGAAGGTTATGTGC-1_GSM8367862-1,GSE271055,GSM8367862,pooled_pair,doxorubicin,unannotated,train
33734,TGCGGCAGTTTACGTG-1_GSM8367862-1,GSE271055,GSM8367862,pooled_pair,doxorubicin,unannotated,train
25628,AGAAGTAGTTCAGCGC-1_GSM8367862-1,GSE271055,GSM8367862,pooled_pair,doxorubicin,unannotated,train
34083,TGTGAGTGTATAGGAT-1_GSM8367862-1,GSE271055,GSM8367862,pooled_pair,doxorubicin,unannotated,train
28153,CCTAAGACACACTTAG-1_GSM8367862-1,GSE271055,GSM8367862,pooled_pair,doxorubicin,unannotated,train
28239,CCTCCAATCGAGATAA-1_GSM8367862-1,GSE271055,GSM8367862,pooled_pair,doxorubicin,unannotated,train
32534,TCAATCTTCAGCAGAG-1_GSM8367862-1,GSE271055,GSM8367862,pooled_pair,doxorubicin,unannotated,train
34636,TTGCCTGTCCACTGAA-1_GSM8367862-1,GSE271055,GSM8367862,pooled_pair,doxorubicin,unannotated,train
26913,ATTCTACAGAATTCAG-1_GSM8367862-1,GSE271055,GSM8367862,pooled_pair,doxorubicin,unannotated,train
30840,GGGAGTAAGGTAACTA-1_GSM8367862-1,GSE271055,GSM8367862,pooled_pair,doxorubicin,unannotated,train
25327,ACGGAAGTCGAGATGG-1_GSM8367862-1,GSE271055,GSM8367862,pooled_pair,doxorubicin,unannotated,train
33761,TGCTCGTCAGCTTCCT-1_GSM8367862-1,GSE271055,GSM8367862,pooled_pair,doxorubicin,unannotated,train
34413,TTCCGGTGTTATCTTC-1_GSM8367862-1,GSE271055,GSM8367862,pooled_pair,doxorubicin,unannotated,train
32776,TCATTACCAACGACAG-1_GSM8367862-1,GSE271055,GSM8367862,pooled_pair,doxorubicin,unannotated,train
27412,CAGCCAGCAAAGCTAA-1_GSM8367862-1,GSE271055,GSM8367862,pooled_pair,doxorubicin,unannotated,train
28230,CCTCCAACAGAGTCAG-1_GSM8367862-1,GSE271055,GSM8367862,pooled_pair,doxorubicin,unannotated,train
27637,CATGCCTAGGACTATA-1_GSM8367862-1,GSE271055,GSM8367862,pooled_pair,doxorubicin,unannotated,train
24607,AACCAACAGTAACCTC-1_GSM8367862-1,GSE271055,GSM8367862,pooled_pair,doxorubicin,unannotated,train
29336,CTGTAGATCCCGTGTT-1_GSM8367862-1,GSE271055,GSM8367862,pooled_pair,doxorubicin,unannotated,train
25967,AGGATCTCATAACAGA-1_GSM8367862-1,GSE271055,GSM8367862,pooled_pair,doxorubicin,unannotated,train
33980,TGGTTAGCACAGTCAT-1_GSM8367862-1,GSE271055,GSM8367862,pooled_pair,doxorubicin,unannotated,train
25995,AGGCCACGTCAGTCGC-1_GSM8367862-1,GSE271055,GSM8367862,pooled_pair,doxorubicin,unannotated,train
29541,GAACGTTCACTGAGGA-1_GSM8367862-1,GSE271055,GSM8367862,pooled_pair,doxorubicin,unannotated,train
31813,GTTCGCTTCTTCTTCC-1_GSM8367862-1,GSE271055,GSM8367862,pooled_pair,doxorubicin,unannotated,train
29652,GACACGCTCATCTGTT-1_GSM8367862-1,GSE271055,GSM8367862,pooled_pair,doxorubicin,unannotated,train
25990,AGGCCACAGTGTCATC-1_GSM8367862-1,GSE271055,GSM8367862,pooled_pair,doxorubicin,unannotated,train
28778,CTAAGTGGTGTCTAAC-1_GSM8367862-1,GSE271055,GSM8367862,pooled_pair,doxorubicin,unannotated,train
26391,ATATCCTCATTGTACG-1_GSM8367862-1,GSE271055,GSM8367862,pooled_pair,doxorubicin,unannotated,train
32530,TCAATCTGTCGTTCAA-1_GSM8367862-1,GSE271055,GSM8367862,pooled_pair,doxorubicin,unannotated,train
29260,CTGCGAGAGAAGTATC-1_GSM8367862-1,GSE271055,GSM8367862,pooled_pair,doxorubicin,unannotated,train
32786,TCATTCAAGTCTAGCT-1_GSM8367862-1,GSE271055,GSM8367862,pooled_pair,doxorubicin,unannotated,train
32027,TACAACGCATACAGGG-1_GSM8367862-1,GSE271055,GSM8367862,pooled_pair,doxorubicin,unannotated,train
32148,TACGGGCCAGCTACCG-1_GSM8367862-1,GSE271055,GSM8367862,pooled_pair,doxorubicin,unannotated,train
34786,TTTACCATCCGAAGGA-1_GSM8367862-1,GSE271055,GSM8367862,pooled_pair,doxorubicin,unannotated,train
28922,CTCAACCGTGACGTCC-1_GSM8367862-1,GSE271055,GSM8367862,pooled_pair,doxorubicin,unannotated,train
32759,TCATGGAGTAACAAGT-1_GSM8367862-1,GSE271055,GSM8367862,pooled_pair,doxorubicin,unannotated,train
28562,CGGACACTCTCGTCGT-1_GSM8367862-1,GSE271055,GSM8367862,pooled_pair,doxorubicin,unannotated,train
34880,TTTCGATTCGGAGCAA-1_GSM8367862-1,GSE271055,GSM8367862,pooled_pair,doxorubicin,unannotated,train
30398,GCCCAGAAGAGATCGC-1_GSM8367862-1,GSE271055,GSM8367862,pooled_pair,doxorubicin,unannotated,train
28800,CTACAGATCGGTCATA-1_GSM8367862-1,GSE271055,GSM8367862,pooled_pair,doxorubicin,unannotated,train
34414,TTCCGGTTCATTCATC-1_GSM8367862-1,GSE271055,GSM8367862,pooled_pair,doxorubicin,unannotated,train
31665,GTGTCCTAGTCACAGG-1_GSM8367862-1,GSE271055,GSM8367862,pooled_pair,doxorubicin,unannotated,train
27128,CAATACGGTTACTCAG-1_GSM8367862-1,GSE271055,GSM8367862,pooled_pair,doxorubicin,unannotated,train
29255,CTGCCTAGTTTGTTGG-1_GSM8367862-1,GSE271055,GSM8367862,pooled_pair,doxorubicin,unannotated,train
30052,GATCAGTGTGCAAGAC-1_GSM8367862-1,GSE271055,GSM8367862,pooled_pair,doxorubicin,unannotated,train
33752,TGCTCCAGTCAAATCC-1_GSM8367862-1,GSE271055,GSM8367862,pooled_pair,doxorubicin,unannotated,train
25596,AGAAATGTCCTAGAGT-1_GSM8367862-1,GSE271055,GSM8367862,pooled_pair,doxorubicin,unannotated,train
26133,AGGTGTTTCCTACACC-1_GSM8367862-1,GSE271055,GSM8367862,pooled_pair,doxorubicin,unannotated,train
31462,GTCTAGAAGAATCTAG-1_GSM8367862-1,GSE271055,GSM8367862,pooled_pair,doxorubicin,unannotated,train
31137,GTAACACGTGCCCGTA-1_GSM8367862-1,GSE271055,GSM8367862,pooled_pair,doxorubicin,unannotated,train
26686,ATGCATGAGGCATTTC-1_GSM8367862-1,GSE271055,GSM8367862,pooled_pair,doxorubicin,unannotated,train
32243,TAGACTGTCGACGACC-1_GSM8367862-1,GSE271055,GSM8367862,pooled_pair,doxorubicin,unannotated,train
25549,ACTTATCCAAATACGA-1_GSM8367862-1,GSE271055,GSM8367862,pooled_pair,doxorubicin,unannotated,train
31339,GTCACGGTCACATACG-1_GSM8367862-1,GSE271055,GSM8367862,pooled_pair,doxorubicin,unannotated,train
31566,GTGCAGCTCAGCAGAG-1_GSM8367862-1,GSE271055,GSM8367862,pooled_pair,doxorubicin,unannotated,train
24604,AACAGGGTCCGAAATC-1_GSM8367862-1,GSE271055,GSM8367862,pooled_pair,doxorubicin,unannotated,train
28452,CGATGCGCATACTGAC-1_GSM8367862-1,GSE271055,GSM8367862,pooled_pair,doxorubicin,unannotated,train
29527,GAAATGAGTTGTAGCT-1_GSM8367862-1,GSE271055,GSM8367862,pooled_pair,doxorubicin,unannotated,train
27474,CAGTGCGTCAGGAACG-1_GSM8367862-1,GSE271055,GSM8367862,pooled_pair,doxorubicin,unannotated,train
30843,GGGAGTAGTAGCGCCT-1_GSM8367862-1,GSE271055,GSM8367862,pooled_pair,doxorubicin,unannotated,train
25448,ACTATCTTCCTGTAAG-1_GSM8367862-1,GSE271055,GSM8367862,pooled_pair,doxorubicin,unannotated,train
31475,GTCTCACCACCCTTAC-1_GSM8367862-1,GSE271055,GSM8367862,pooled_pair,doxorubicin,unannotated,train
28006,CCCTGATAGCAGCACA-1_GSM8367862-1,GSE271055,GSM8367862,pooled_pair,doxorubicin,unannotated,train
33884,TGGGAGAGTACTGGGA-1_GSM8367862-1,GSE271055,GSM8367862,pooled_pair,doxorubicin,unannotated,train
30855,GGGATCCCACCCAATA-1_GSM8367862-1,GSE271055,GSM8367862,pooled_pair,doxorubicin,unannotated,train
27188,CACAGATCACAAGCAG-1_GSM8367862-1,GSE271055,GSM8367862,pooled_pair,doxorubicin,unannotated,train
29784,GACTGATAGCAACTTC-1_GSM8367862-1,GSE271055,GSM8367862,pooled_pair,doxorubicin,unannotated,train
33947,TGGTACATCATTACTC-1_GSM8367862-1,GSE271055,GSM8367862,pooled_pair,doxorubicin,unannotated,train
33062,TCGACGGCACGACGCT-1_GSM8367862-1,GSE271055,GSM8367862,pooled_pair,doxorubicin,unannotated,train
28290,CCTGCATGTACCGCGT-1_GSM8367862-1,GSE271055,GSM8367862,pooled_pair,doxorubicin,unannotated,train
29960,GAGTTACAGAGTGGCT-1_GSM8367862-1,GSE271055,GSM8367862,pooled_pair,doxorubicin,unannotated,train
34062,TGTCCCAAGCTGAGTG-1_GSM8367862-1,GSE271055,GSM8367862,pooled_pair,doxorubicin,unannotated,train
29381,CTGTGGGTCAATGCAC-1_GSM8367862-1,GSE271055,GSM8367862,pooled_pair,doxorubicin,unannotated,train
29461,CTTCTCTCAACCGCTG-1_GSM8367862-1,GSE271055,GSM8367862,pooled_pair,doxorubicin,unannotated,train
29434,CTTCCTTCATTGACAC-1_GSM8367862-1,GSE271055,GSM8367862,pooled_pair,doxorubicin,unannotated,train
34055,TGTCCACCATATCTGG-1_GSM8367862-1,GSE271055,GSM8367862,pooled_pair,doxorubicin,unannotated,train
31008,GGTAACTCATGTCTAG-1_GSM8367862-1,GSE271055,GSM8367862,pooled_pair,doxorubicin,unannotated,train
25932,AGGACTTTCTCCGAAA-1_GSM8367862-1,GSE271055,GSM8367862,pooled_pair,doxorubicin,unannotated,train
24701,AACTTCTGTTGCACGC-1_GSM8367862-1,GSE271055,GSM8367862,pooled_pair,doxorubicin,unannotated,train
28877,CTATAGGAGAGCCGTA-1_GSM8367862-1,GSE271055,GSM8367862,pooled_pair,doxorubicin,unannotated,train
25462,ACTATGGGTTTCTATC-1_GSM8367862-1,GSE271055,GSM8367862,pooled_pair,doxorubicin,unannotated,train
27179,CACACAATCATTACGG-1_GSM8367862-1,GSE271055,GSM8367862,pooled_pair,doxorubicin,unannotated,train
31455,GTCTACCGTTCCAGGC-1_GSM8367862-1,GSE271055,GSM8367862,pooled_pair,doxorubicin,unannotated,train
27963,CCCGGAACAAAGGCAC-1_GSM8367862-1,GSE271055,GSM8367862,pooled_pair,doxorubicin,unannotated,train
26482,ATCCGTCAGGGCCCTT-1_GSM8367862-1,GSE271055,GSM8367862,pooled_pair,doxorubicin,unannotated,train
31933,TAACTTCCACAGAGCA-1_GSM8367862-1,GSE271055,GSM8367862,pooled_pair,doxorubicin,unannotated,train
28065,CCGGACACAATTGTGC-1_GSM8367862-1,GSE271055,GSM8367862,pooled_pair,doxorubicin,unannotated,train
25097,ACAGGGACACGTCATA-1_GSM8367862-1,GSE271055,GSM8367862,pooled_pair,doxorubicin,unannotated,train
25662,AGACCCGAGAGAGCCT-1_GSM8367862-1,GSE271055,GSM8367862,pooled_pair,doxorubicin,unannotated,train
26941,ATTCTTGCACTGCGTG-1_GSM8367862-1,GSE271055,GSM8367862,pooled_pair,doxorubicin,unannotated,train
31191,GTACAACAGTTTCAGC-1_GSM8367862-1,GSE271055,GSM8367862,pooled_pair,doxorubicin,unannotated,train
27721,CATTCCGTCATTGCTT-1_GSM8367862-1,GSE271055,GSM8367862,pooled_pair,doxorubicin,unannotated,train
30494,GCGTTTCAGTAGTCAA-1_GSM8367862-1,GSE271055,GSM8367862,pooled_pair,doxorubicin,unannotated,train
29135,CTCGAGGGTAGCCCTG-1_GSM8367862-1,GSE271055,GSM8367862,pooled_pair,doxorubicin,unannotated,train
34734,TTGTGTTCACGACTAT-1_GSM8367862-1,GSE271055,GSM8367862,pooled_pair,doxorubicin,unannotated,train
26817,ATTACTCGTCTTCAAG-1_GSM8367862-1,GSE271055,GSM8367862,pooled_pair,doxorubicin,unannotated,train
25260,ACCTACCCAGGAATCG-1_GSM8367862-1,GSE271055,GSM8367862,pooled_pair,doxorubicin,unannotated,train
34022,TGTACAGGTATCGAGG-1_GSM8367862-1,GSE271055,GSM8367862,pooled_pair,doxorubicin,unannotated,train
25703,AGAGAGCCATTGCCGG-1_GSM8367862-1,GSE271055,GSM8367862,pooled_pair,doxorubicin,unannotated,train
26118,AGGTCTATCTCAACGA-1_GSM8367862-1,GSE271055,GSM8367862,pooled_pair,doxorubicin,unannotated,train
33888,TGGGATTAGCATTTGC-1_GSM8367862-1,GSE271055,GSM8367862,pooled_pair,doxorubicin,unannotated,train
29565,GAAGAATTCCGAGTGC-1_GSM8367862-1,GSE271055,GSM8367862,pooled_pair,doxorubicin,unannotated,train
34550,TTCTGTAGTATGCTAC-1_GSM8367862-1,GSE271055,GSM8367862,pooled_pair,doxorubicin,unannotated,train
33040,TCGAAGTCACAATGCT-1_GSM8367862-1,GSE271055,GSM8367862,pooled_pair,doxorubicin,unannotated,train
29312,CTGGTCTGTCAATCTG-1_GSM8367862-1,GSE271055,GSM8367862,pooled_pair,doxorubicin,unannotated,train
33164,TCGGGACTCTACCACC-1_GSM8367862-1,GSE271055,GSM8367862,pooled_pair,doxorubicin,unannotated,train
30195,GCAACATGTTCTCTCG-1_GSM8367862-1,GSE271055,GSM8367862,pooled_pair,doxorubicin,unannotated,train
29383,CTGTGGGTCGTTCTGC-1_GSM8367862-1,GSE271055,GSM8367862,pooled_pair,doxorubicin,unannotated,train
32653,TCAGGTACATGCCGGT-1_GSM8367862-1,GSE271055,GSM8367862,pooled_pair,doxorubicin,unannotated,train
29763,GACTATGCATGGCTAT-1_GSM8367862-1,GSE271055,GSM8367862,pooled_pair,doxorubicin,unannotated,train
32862,TCCATGCTCCATCCGT-1_GSM8367862-1,GSE271055,GSM8367862,pooled_pair,doxorubicin,unannotated,train
28571,CGGAGAATCCGCGGAT-1_GSM8367862-1,GSE271055,GSM8367862,pooled_pair,doxorubicin,unannotated,train
26460,ATCCATTGTATTGGCT-1_GSM8367862-1,GSE271055,GSM8367862,pooled_pair,doxorubicin,unannotated,train
28163,CCTACGTCACTCCCTA-1_GSM8367862-1,GSE271055,GSM8367862,pooled_pair,doxorubicin,unannotated,train
27026,CAACAGTCAGTTAGAA-1_GSM8367862-1,GSE271055,GSM8367862,pooled_pair,doxorubicin,unannotated,train
29449,CTTCTAAAGATGGGCT-1_GSM8367862-1,GSE271055,GSM8367862,pooled_pair,doxorubicin,unannotated,train
29968,GAGTTACCAGTCTCTC-1_GSM8367862-1,GSE271055,GSM8367862,pooled_pair,doxorubicin,unannotated,train
27539,CATAGACTCTAGTTCT-1_GSM8367862-1,GSE271055,GSM8367862,pooled_pair,doxorubicin,unannotated,train
32238,TAGACTGCATCCCGTT-1_GSM8367862-1,GSE271055,GSM8367862,pooled_pair,doxorubicin,unannotated,train
25996,AGGCCACTCATATGGC-1_GSM8367862-1,GSE271055,GSM8367862,pooled_pair,doxorubicin,unannotated,train
30488,GCGTGCACATCCTTGC-1_GSM8367862-1,GSE271055,GSM8367862,pooled_pair,doxorubicin,unannotated,train
24743,AAGACTCGTGTTGACT-1_GSM8367862-1,GSE271055,GSM8367862,pooled_pair,doxorubicin,unannotated,train
28601,CGGGTCAAGAAATTGC-1_GSM8367862-1,GSE271055,GSM8367862,pooled_pair,doxorubicin,unannotated,train
31569,GTGCGTGAGCGCGTTC-1_GSM8367862-1,GSE271055,GSM8367862,pooled_pair,doxorubicin,unannotated,train
26363,ATAGAGACAGCTACCG-1_GSM8367862-1,GSE271055,GSM8367862,pooled_pair,doxorubicin,unannotated,train
28025,CCGAACGGTCCTTAAG-1_GSM8367862-1,GSE271055,GSM8367862,pooled_pair,doxorubicin,unannotated,train
32570,TCACATTGTTGCCAAT-1_GSM8367862-1,GSE271055,GSM8367862,pooled_pair,doxorubicin,unannotated,train
27122,CAATACGAGGTGCATG-1_GSM8367862-1,GSE271055,GSM8367862,pooled_pair,doxorubicin,unannotated,train
27055,CAACGGCAGAAACTGT-1_GSM8367862-1,GSE271055,GSM8367862,pooled_pair,doxorubicin,unannotated,train
31674,GTGTGATAGGGCGAAG-1_GSM8367862-1,GSE271055,GSM8367862,pooled_pair,doxorubicin,unannotated,train
33445,TGACAGTTCCAGTACA-1_GSM8367862-1,GSE271055,GSM8367862,pooled_pair,doxorubicin,unannotated,train
34650,TTGCTGCAGTCACTAC-1_GSM8367862-1,GSE271055,GSM8367862,pooled_pair,doxorubicin,unannotated,train
34165,TGTTGAGTCCTACGAA-1_GSM8367862-1,GSE271055,GSM8367862,pooled_pair,doxorubicin,unannotated,train
33175,TCGGGTGAGTGGTTGG-1_GSM8367862-1,GSE271055,GSM8367862,pooled_pair,doxorubicin,unannotated,train
32892,TCCCAGTGTTTGATCG-1_GSM8367862-1,GSE271055,GSM8367862,pooled_pair,doxorubicin,unannotated,train
30127,GATGGAGAGTGCCAGA-1_GSM8367862-1,GSE271055,GSM8367862,pooled_pair,doxorubicin,unannotated,train
31948,TAAGCACCAACGATCT-1_GSM8367862-1,GSE271055,GSM8367862,pooled_pair,doxorubicin,unannotated,train
28672,CGTCCATCATCAGCTA-1_GSM8367862-1,GSE271055,GSM8367862,pooled_pair,doxorubicin,unannotated,train
32127,TACCTGCTCCTCATAT-1_GSM8367862-1,GSE271055,GSM8367862,pooled_pair,doxorubicin,unannotated,train
27559,CATCCACTCATGCCAA-1_GSM8367862-1,GSE271055,GSM8367862,pooled_pair,doxorubicin,unannotated,train
26841,ATTCACTGTATGGAGC-1_GSM8367862-1,GSE271055,GSM8367862,pooled_pair,doxorubicin,unannotated,train
29239,CTGCCATCATGCAGCC-1_GSM8367862-1,GSE271055,GSM8367862,pooled_pair,doxorubicin,unannotated,train
33260,TCTACCGTCTTAAGGC-1_GSM8367862-1,GSE271055,GSM8367862,pooled_pair,doxorubicin,unannotated,train
29554,GAAGAATAGAGGGTAA-1_GSM8367862-1,GSE271055,GSM8367862,pooled_pair,doxorubicin,unannotated,train
30112,GATGATCGTGATAGAT-1_GSM8367862-1,GSE271055,GSM8367862,pooled_pair,doxorubicin,unannotated,train
33241,TCTACATAGCTTGTTG-1_GSM8367862-1,GSE271055,GSM8367862,pooled_pair,doxorubicin,unannotated,train
33279,TCTATCAGTCGTTGCG-1_GSM8367862-1,GSE271055,GSM8367862,pooled_pair,doxorubicin,unannotated,train
28077,CCGGACATCGCTCATC-1_GSM8367862-1,GSE271055,GSM8367862,pooled_pair,doxorubicin,unannotated,train
31760,GTTATGGAGCACTCAT-1_GSM8367862-1,GSE271055,GSM8367862,pooled_pair,doxorubicin,unannotated,train
29743,GACGTTACAACTTCTT-1_GSM8367862-1,GSE271055,GSM8367862,pooled_pair,doxorubicin,unannotated,train
34021,TGTACAGCATTCTCCG-1_GSM8367862-1,GSE271055,GSM8367862,pooled_pair,doxorubicin,unannotated,train
29950,GAGTGAGTCCTGCTAC-1_GSM8367862-1,GSE271055,GSM8367862,pooled_pair,doxorubicin,unannotated,train
31590,GTGCTTCAGGTCCTGC-1_GSM8367862-1,GSE271055,GSM8367862,pooled_pair,doxorubicin,unannotated,train
25068,ACAGAAAAGGCTCTAT-1_GSM8367862-1,GSE271055,GSM8367862,pooled_pair,doxorubicin,unannotated,train
34047,TGTCAGATCAGCCTCT-1_GSM8367862-1,GSE271055,GSM8367862,pooled_pair,doxorubicin,unannotated,train
26771,ATGGTTGAGGGTTTCT-1_GSM8367862-1,GSE271055,GSM8367862,pooled_pair,doxorubicin,unannotated,train
33753,TGCTCCAGTCCAGCAC-1_GSM8367862-1,GSE271055,GSM8367862,pooled_pair,doxorubicin,unannotated,train
28793,CTACAGACACGAGGAT-1_GSM8367862-1,GSE271055,GSM8367862,pooled_pair,doxorubicin,unannotated,train
33262,TCTATACAGGTTGGAC-1_GSM8367862-1,GSE271055,GSM8367862,pooled_pair,doxorubicin,unannotated,train
33556,TGAGTCAGTCGAGTGA-1_GSM8367862-1,GSE271055,GSM8367862,pooled_pair,doxorubicin,unannotated,train
24590,AACACACTCATGGGAG-1_GSM8367862-1,GSE271055,GSM8367862,pooled_pair,doxorubicin,unannotated,train
27340,CAGAGCCCAAGGCCTC-1_GSM8367862-1,GSE271055,GSM8367862,pooled_pair,doxorubicin,unannotated,train
25502,ACTGATGCAGGGTTGA-1_GSM8367862-1,GSE271055,GSM8367862,pooled_pair,doxorubicin,unannotated,train
30686,GGAGGTATCAAAGCCT-1_GSM8367862-1,GSE271055,GSM8367862,pooled_pair,doxorubicin,unannotated,train
27985,CCCTCAAAGCTAAGTA-1_GSM8367862-1,GSE271055,GSM8367862,pooled_pair,doxorubicin,unannotated,train
31820,GTTCTATCACCCTGTT-1_GSM8367862-1,GSE271055,GSM8367862,pooled_pair,doxorubicin,unannotated,train
27976,CCCTAACAGTTTGCTG-1_GSM8367862-1,GSE271055,GSM8367862,pooled_pair,doxorubicin,unannotated,train
25790,AGCCAATCAATCGCCG-1_GSM8367862-1,GSE271055,GSM8367862,pooled_pair,doxorubicin,unannotated,train
29650,GACACGCGTGAGCTCC-1_GSM8367862-1,GSE271055,GSM8367862,pooled_pair,doxorubicin,unannotated,train
34713,TTGGTTTTCACTCCGT-1_GSM8367862-1,GSE271055,GSM8367862,pooled_pair,doxorubicin,unannotated,train
29695,GACCCAGCATCTATCT-1_GSM8367862-1,GSE271055,GSM8367862,pooled_pair,doxorubicin,unannotated,train
32550,TCACAAGCAAGCCCAC-1_GSM8367862-1,GSE271055,GSM8367862,pooled_pair,doxorubicin,unannotated,train
32664,TCAGGTATCGGAAACG-1_GSM8367862-1,GSE271055,GSM8367862,pooled_pair,doxorubicin,unannotated,train
24692,AACGTCATCCTGGGAC-1_GSM8367862-1,GSE271055,GSM8367862,pooled_pair,doxorubicin,unannotated,train
28440,CGATCGGAGGTATCTC-1_GSM8367862-1,GSE271055,GSM8367862,pooled_pair,doxorubicin,unannotated,train
31599,GTGGAAGCAAGAGTGC-1_GSM8367862-1,GSE271055,GSM8367862,pooled_pair,doxorubicin,unannotated,train
28674,CGTCCATGTTAGGGAC-1_GSM8367862-1,GSE271055,GSM8367862,pooled_pair,doxorubicin,unannotated,train
26352,ATAGACCCAATACGCT-1_GSM8367862-1,GSE271055,GSM8367862,pooled_pair,doxorubicin,unannotated,train
31834,GTTGAACTCTGCGGGT-1_GSM8367862-1,GSE271055,GSM8367862,pooled_pair,doxorubicin,unannotated,train
29575,GAAGCCCTCCCAGTGG-1_GSM8367862-1,GSE271055,GSM8367862,pooled_pair,doxorubicin,unannotated,train
30856,GGGATCCCATAACCCA-1_GSM8367862-1,GSE271055,GSM8367862,pooled_pair,doxorubicin,unannotated,train
32593,TCACGGGTCTGCGAGC-1_GSM8367862-1,GSE271055,GSM8367862,pooled_pair,doxorubicin,unannotated,train
25852,AGCGTATAGAAACTGT-1_GSM8367862-1,GSE271055,GSM8367862,pooled_pair,doxorubicin,unannotated,train
28484,CGCATGGAGGTTGAGC-1_GSM8367862-1,GSE271055,GSM8367862,pooled_pair,doxorubicin,unannotated,train
28237,CCTCCAAGTTGACTGT-1_GSM8367862-1,GSE271055,GSM8367862,pooled_pair,doxorubicin,unannotated,train
34771,TTGTTTGAGTCGGGAT-1_GSM8367862-1,GSE271055,GSM8367862,pooled_pair,doxorubicin,unannotated,train
32818,TCCACCAGTCCAGCGT-1_GSM8367862-1,GSE271055,GSM8367862,pooled_pair,doxorubicin,unannotated,train
27486,CAGTTCCAGCACCGAA-1_GSM8367862-1,GSE271055,GSM8367862,pooled_pair,doxorubicin,unannotated,train
28611,CGGGTCAGTTCGTAAC-1_GSM8367862-1,GSE271055,GSM8367862,pooled_pair,doxorubicin,unannotated,train
24810,AAGGTAAAGCGTTGTT-1_GSM8367862-1,GSE271055,GSM8367862,pooled_pair,doxorubicin,unannotated,train
25196,ACCATTTTCGTCTCAC-1_GSM8367862-1,GSE271055,GSM8367862,pooled_pair,doxorubicin,unannotated,train
27838,CCACAAATCCGTGGGT-1_GSM8367862-1,GSE271055,GSM8367862,pooled_pair,doxorubicin,unannotated,train
32187,TACTTACAGAAACCCG-1_GSM8367862-1,GSE271055,GSM8367862,pooled_pair,doxorubicin,unannotated,train
32895,TCCCAGTTCCCAACTC-1_GSM8367862-1,GSE271055,GSM8367862,pooled_pair,doxorubicin,unannotated,train
29734,GACGCTGCATCGATGT-1_GSM8367862-1,GSE271055,GSM8367862,pooled_pair,doxorubicin,unannotated,train
31230,GTAGAGGTCCATCGTC-1_GSM8367862-1,GSE271055,GSM8367862,pooled_pair,doxorubicin,unannotated,train
27910,CCATAAGTCGCCAGTG-1_GSM8367862-1,GSE271055,GSM8367862,pooled_pair,doxorubicin,unannotated,train
33557,TGAGTCAGTTTAGAGA-1_GSM8367862-1,GSE271055,GSM8367862,pooled_pair,doxorubicin,unannotated,train
32172,TACGTCCTCTCATTAC-1_GSM8367862-1,GSE271055,GSM8367862,pooled_pair,doxorubicin,unannotated,train
28829,CTACCTGGTCCAGCGT-1_GSM8367862-1,GSE271055,GSM8367862,pooled_pair,doxorubicin,unannotated,train
25307,ACGCACGAGTTGCGAG-1_GSM8367862-1,GSE271055,GSM8367862,pooled_pair,doxorubicin,unannotated,train
26051,AGGGTCCCAAACAGGC-1_GSM8367862-1,GSE271055,GSM8367862,pooled_pair,doxorubicin,unannotated,train
30341,GCCAACGTCAGAGTTC-1_GSM8367862-1,GSE271055,GSM8367862,pooled_pair,doxorubicin,unannotated,train
33515,TGAGGAGGTCCACACG-1_GSM8367862-1,GSE271055,GSM8367862,pooled_pair,doxorubicin,unannotated,train
32239,TAGACTGGTCACTCGG-1_GSM8367862-1,GSE271055,GSM8367862,pooled_pair,doxorubicin,unannotated,train
32263,TAGATCGGTATTTCGG-1_GSM8367862-1,GSE271055,GSM8367862,pooled_pair,doxorubicin,unannotated,train
30451,GCGAGAAAGGCTTCCG-1_GSM8367862-1,GSE271055,GSM8367862,pooled_pair,doxorubicin,unannotated,train
25726,AGATAGACAGATACCT-1_GSM8367862-1,GSE271055,GSM8367862,pooled_pair,doxorubicin,unannotated,train
30767,GGCTTTCAGACTACCT-1_GSM8367862-1,GSE271055,GSM8367862,pooled_pair,doxorubicin,unannotated,train
33801,TGGAACTAGATGGTAT-1_GSM8367862-1,GSE271055,GSM8367862,pooled_pair,doxorubicin,unannotated,train
31222,GTAGAGGAGAGCAAGA-1_GSM8367862-1,GSE271055,GSM8367862,pooled_pair,doxorubicin,unannotated,train
33098,TCGCAGGAGACATAGT-1_GSM8367862-1,GSE271055,GSM8367862,pooled_pair,doxorubicin,unannotated,train
29988,GAGTTGTCATTCACAG-1_GSM8367862-1,GSE271055,GSM8367862,pooled_pair,doxorubicin,unannotated,train
26625,ATGAAAGTCCGACAGC-1_GSM8367862-1,GSE271055,GSM8367862,pooled_pair,doxorubicin,unannotated,train
30731,GGCGTCACACTCAAGT-1_GSM8367862-1,GSE271055,GSM8367862,pooled_pair,doxorubicin,unannotated,train
34855,TTTCAGTTCACCCTCA-1_GSM8367862-1,GSE271055,GSM8367862,pooled_pair,doxorubicin,unannotated,train
25747,AGATCGTAGCTGAGTG-1_GSM8367862-1,GSE271055,GSM8367862,pooled_pair,doxorubicin,unannotated,train
27848,CCACACTGTCCCGGTA-1_GSM8367862-1,GSE271055,GSM8367862,pooled_pair,doxorubicin,unannotated,train
27065,CAACGGCGTGCTGCAC-1_GSM8367862-1,GSE271055,GSM8367862,pooled_pair,doxorubicin,unannotated,train
25928,AGGACTTGTCGAATTC-1_GSM8367862-1,GSE271055,GSM8367862,pooled_pair,doxorubicin,unannotated,train
28243,CCTCCTCAGCTCGTGC-1_GSM8367862-1,GSE271055,GSM8367862,pooled_pair,doxorubicin,unannotated,train
34699,TTGGGTAAGTCATAGA-1_GSM8367862-1,GSE271055,GSM8367862,pooled_pair,doxorubicin,unannotated,train
34745,TTGTTCAAGAGGGCGA-1_GSM8367862-1,GSE271055,GSM8367862,pooled_pair,doxorubicin,unannotated,train
29741,GACGTTAAGGGTTGCA-1_GSM8367862-1,GSE271055,GSM8367862,pooled_pair,doxorubicin,unannotated,train
32790,TCATTCAGTACTCGAT-1_GSM8367862-1,GSE271055,GSM8367862,pooled_pair,doxorubicin,unannotated,train
33395,TGAACGTCAACTAGAA-1_GSM8367862-1,GSE271055,GSM8367862,pooled_pair,doxorubicin,unannotated,train
32800,TCATTGTCATTCGATG-1_GSM8367862-1,GSE271055,GSM8367862,pooled_pair,doxorubicin,unannotated,train
25095,ACAGGGACAATTCGTG-1_GSM8367862-1,GSE271055,GSM8367862,pooled_pair,doxorubicin,unannotated,train
31095,GGTGTTAAGCAGTACG-1_GSM8367862-1,GSE271055,GSM8367862,pooled_pair,doxorubicin,unannotated,train
31542,GTGCACGAGCCTTCTC-1_GSM8367862-1,GSE271055,GSM8367862,pooled_pair,doxorubicin,unannotated,validation
29394,CTTAGGACAACGAGGT-1_GSM8367862-1,GSE271055,GSM8367862,pooled_pair,doxorubicin,unannotated,validation
29169,CTCTGGTGTTCCTAAG-1_GSM8367862-1,GSE271055,GSM8367862,pooled_pair,doxorubicin,unannotated,validation
26431,ATCAGGTAGGCTAAAT-1_GSM8367862-1,GSE271055,GSM8367862,pooled_pair,doxorubicin,unannotated,validation
31264,GTAGGAGCAACCCTCT-1_GSM8367862-1,GSE271055,GSM8367862,pooled_pair,doxorubicin,unannotated,validation
28494,CGCCAGAAGCCGTTGC-1_GSM8367862-1,GSE271055,GSM8367862,pooled_pair,doxorubicin,unannotated,validation
32620,TCAGCAACAGTTTCAG-1_GSM8367862-1,GSE271055,GSM8367862,pooled_pair,doxorubicin,unannotated,validation
34592,TTGAACGTCTAGCAAC-1_GSM8367862-1,GSE271055,GSM8367862,pooled_pair,doxorubicin,unannotated,validation
28679,CGTGAATAGGACATCG-1_GSM8367862-1,GSE271055,GSM8367862,pooled_pair,doxorubicin,unannotated,validation
27126,CAATACGCACGAAAGC-1_GSM8367862-1,GSE271055,GSM8367862,pooled_pair,doxorubicin,unannotated,validation
28958,CTCACTGGTCGTGCCA-1_GSM8367862-1,GSE271055,GSM8367862,pooled_pair,doxorubicin,unannotated,validation
24842,AAGTGAAGTATCGTGT-1_GSM8367862-1,GSE271055,GSM8367862,pooled_pair,doxorubicin,unannotated,validation
29220,CTGCAGGTCTTTCCAA-1_GSM8367862-1,GSE271055,GSM8367862,pooled_pair,doxorubicin,unannotated,validation
27384,CAGATTGTCTTACCGC-1_GSM8367862-1,GSE271055,GSM8367862,pooled_pair,doxorubicin,unannotated,validation
27692,CATGGTACACATGACT-1_GSM8367862-1,GSE271055,GSM8367862,pooled_pair,doxorubicin,unannotated,validation
25766,AGATGCTAGGGCTTCC-1_GSM8367862-1,GSE271055,GSM8367862,pooled_pair,doxorubicin,unannotated,validation
26388,ATATCCTCAAGACGGT-1_GSM8367862-1,GSE271055,GSM8367862,pooled_pair,doxorubicin,unannotated,validation
26813,ATTACCTTCGTCCTCA-1_GSM8367862-1,GSE271055,GSM8367862,pooled_pair,doxorubicin,unannotated,validation
33596,TGATGGTAGCGATCGA-1_GSM8367862-1,GSE271055,GSM8367862,pooled_pair,doxorubicin,unannotated,validation
27982,CCCTAACTCGTCCATC-1_GSM8367862-1,GSE271055,GSM8367862,pooled_pair,doxorubicin,unannotated,validation
32636,TCAGCCTGTGTGTGGA-1_GSM8367862-1,GSE271055,GSM8367862,pooled_pair,doxorubicin,unannotated,validation
34049,TGTCCACAGCAAATGT-1_GSM8367862-1,GSE271055,GSM8367862,pooled_pair,doxorubicin,unannotated,validation
29776,GACTCAATCTGGCCGA-1_GSM8367862-1,GSE271055,GSM8367862,pooled_pair,doxorubicin,unannotated,validation
28764,CTAACTTCAAGTGGCA-1_GSM8367862-1,GSE271055,GSM8367862,pooled_pair,doxorubicin,unannotated,validation
34279,TTAGGCACAATCTCTT-1_GSM8367862-1,GSE271055,GSM8367862,pooled_pair,doxorubicin,unannotated,validation
29033,CTCCAACGTCGTGTTA-1_GSM8367862-1,GSE271055,GSM8367862,pooled_pair,doxorubicin,unannotated,validation
26996,ATTTCTGCAGGTGGAT-1_GSM8367862-1,GSE271055,GSM8367862,pooled_pair,doxorubicin,unannotated,validation
29522,GAAATGAAGTCCTACA-1_GSM8367862-1,GSE271055,GSM8367862,pooled_pair,doxorubicin,unannotated,validation
31139,GTAACACTCCATTCGC-1_GSM8367862-1,GSE271055,GSM8367862,pooled_pair,doxorubicin,unannotated,validation
26653,ATGAGGGTCGACGTCG-1_GSM8367862-1,GSE271055,GSM8367862,pooled_pair,doxorubicin,unannotated,validation
34671,TTGGATGTCATCGTAG-1_GSM8367862-1,GSE271055,GSM8367862,pooled_pair,doxorubicin,unannotated,validation
30140,GATGTTGGTCAGGCAA-1_GSM8367862-1,GSE271055,GSM8367862,pooled_pair,doxorubicin,unannotated,validation
28708,CGTGTCTCACAGCCTG-1_GSM8367862-1,GSE271055,GSM8367862,pooled_pair,doxorubicin,unannotated,validation
34437,TTCCTAAGTGTGACCC-1_GSM8367862-1,GSE271055,GSM8367862,pooled_pair,doxorubicin,unannotated,validation
26874,ATTCCATCAATGAAAC-1_GSM8367862-1,GSE271055,GSM8367862,pooled_pair,doxorubicin,unannotated,validation
32801,TCATTGTCATTGCTTT-1_GSM8367862-1,GSE271055,GSM8367862,pooled_pair,doxorubicin,unannotated,validation
34258,TTACGTTCATCTCGTC-1_GSM8367862-1,GSE271055,GSM8367862,pooled_pair,doxorubicin,unannotated,validation
26818,ATTACTCGTGCGGTAA-1_GSM8367862-1,GSE271055,GSM8367862,pooled_pair,doxorubicin,unannotated,validation
28705,CGTGTCTAGTAAGAGG-1_GSM8367862-1,GSE271055,GSM8367862,pooled_pair,doxorubicin,unannotated,validation
30683,GGAGGTAGTATCGGTT-1_GSM8367862-1,GSE271055,GSM8367862,pooled_pair,doxorubicin,unannotated,validation
25883,AGCTTCCAGCTCCCTT-1_GSM8367862-1,GSE271055,GSM8367862,pooled_pair,doxorubicin,unannotated,validation
27596,CATCGTCAGTCGCCCA-1_GSM8367862-1,GSE271055,GSM8367862,pooled_pair,doxorubicin,unannotated,validation
24825,AAGTACCCAGACATCT-1_GSM8367862-1,GSE271055,GSM8367862,pooled_pair,doxorubicin,unannotated,validation
33703,TGCCGAGAGGCTTCCG-1_GSM8367862-1,GSE271055,GSM8367862,pooled_pair,doxorubicin,unannotated,validation
30481,GCGGATCCACTGTGTA-1_GSM8367862-1,GSE271055,GSM8367862,pooled_pair,doxorubicin,unannotated,validation
25803,AGCCACGCATTACTCT-1_GSM8367862-1,GSE271055,GSM8367862,pooled_pair,doxorubicin,unannotated,validation
25630,AGACAAAAGCGGTATG-1_GSM8367862-1,GSE271055,GSM8367862,pooled_pair,doxorubicin,unannotated,validation
30313,GCATCTCGTCTACGAT-1_GSM8367862-1,GSE271055,GSM8367862,pooled_pair,doxorubicin,unannotated,validation
31322,GTCAAACTCGTTCTGC-1_GSM8367862-1,GSE271055,GSM8367862,pooled_pair,doxorubicin,unannotated,validation
32712,TCATCATGTGTTGCCG-1_GSM8367862-1,GSE271055,GSM8367862,pooled_pair,doxorubicin,unannotated,validation
26353,ATAGACCCAGCTCATA-1_GSM8367862-1,GSE271055,GSM8367862,pooled_pair,doxorubicin,unannotated,validation
25101,ACAGGGACATGTTTGG-1_GSM8367862-1,GSE271055,GSM8367862,pooled_pair,doxorubicin,unannotated,validation
27298,CACTGAAGTAGGTACG-1_GSM8367862-1,GSE271055,GSM8367862,pooled_pair,doxorubicin,unannotated,validation
24594,AACAGGGAGCACGTCC-1_GSM8367862-1,GSE271055,GSM8367862,pooled_pair,doxorubicin,unannotated,validation
26546,ATCGGCGTCTGCATGA-1_GSM8367862-1,GSE271055,GSM8367862,pooled_pair,doxorubicin,unannotated,validation
26066,AGGGTGAAGGCATCTT-1_GSM8367862-1,GSE271055,GSM8367862,pooled_pair,doxorubicin,unannotated,validation
25817,AGCCAGCTCTTACCAT-1_GSM8367862-1,GSE271055,GSM8367862,pooled_pair,doxorubicin,unannotated,validation
29777,GACTCTCCAGGGAGAG-1_GSM8367862-1,GSE271055,GSM8367862,pooled_pair,doxorubicin,unannotated,validation
28432,CGAGTTATCCAACCAA-1_GSM8367862-1,GSE271055,GSM8367862,pooled_pair,doxorubicin,unannotated,validation
26778,ATGGTTGGTGGTCTAT-1_GSM8367862-1,GSE271055,GSM8367862,pooled_pair,doxorubicin,unannotated,validation
33363,TCTTCCTCAAAGCAAT-1_GSM8367862-1,GSE271055,GSM8367862,pooled_pair,doxorubicin,unannotated,validation
32180,TACTGCCAGTCTGGAG-1_GSM8367862-1,GSE271055,GSM8367862,pooled_pair,doxorubicin,unannotated,validation
31068,GGTGATTGTCCAGCAC-1_GSM8367862-1,GSE271055,GSM8367862,pooled_pair,doxorubicin,unannotated,validation
27491,CAGTTCCGTGAACCGA-1_GSM8367862-1,GSE271055,GSM8367862,pooled_pair,doxorubicin,unannotated,validation
34563,TTCTTCCGTGCCGTAC-1_GSM8367862-1,GSE271055,GSM8367862,pooled_pair,doxorubicin,unannotated,validation
31984,TAAGTCGCAAGAGCTG-1_GSM8367862-1,GSE271055,GSM8367862,pooled_pair,doxorubicin,unannotated,validation
28901,CTATCTAAGCGCCTTG-1_GSM8367862-1,GSE271055,GSM8367862,pooled_pair,doxorubicin,unannotated,validation
28477,CGCATAACAGGCGATA-1_GSM8367862-1,GSE271055,GSM8367862,pooled_pair,doxorubicin,unannotated,validation
29613,GAAGTAAGTGTGAGCA-1_GSM8367862-1,GSE271055,GSM8367862,pooled_pair,doxorubicin,unannotated,validation
29760,GACTATGCACAGAGAC-1_GSM8367862-1,GSE271055,GSM8367862,pooled_pair,doxorubicin,unannotated,validation
28352,CGAAGTTCACGTGAGA-1_GSM8367862-1,GSE271055,GSM8367862,pooled_pair,doxorubicin,unannotated,validation
30612,GGAATCTTCGGACCAC-1_GSM8367862-1,GSE271055,GSM8367862,pooled_pair,doxorubicin,unannotated,validation
27791,CCAATGAAGCCATGCC-1_GSM8367862-1,GSE271055,GSM8367862,pooled_pair,doxorubicin,unannotated,validation
33905,TGGGATTTCTGTACAG-1_GSM8367862-1,GSE271055,GSM8367862,pooled_pair,doxorubicin,unannotated,validation
30972,GGGTGTCAGGATTTCC-1_GSM8367862-1,GSE271055,GSM8367862,pooled_pair,doxorubicin,unannotated,validation
27684,CATGGATTCATCCCGT-1_GSM8367862-1,GSE271055,GSM8367862,pooled_pair,doxorubicin,unannotated,validation
27534,CATAGACAGCTCGAAG-1_GSM8367862-1,GSE271055,GSM8367862,pooled_pair,doxorubicin,unannotated,validation
26423,ATCACGATCTGTCAGA-1_GSM8367862-1,GSE271055,GSM8367862,pooled_pair,doxorubicin,unannotated,validation
27600,CATCGTCTCATAGACC-1_GSM8367862-1,GSE271055,GSM8367862,pooled_pair,doxorubicin,unannotated,validation
31683,GTGTGGCCAGAAACCG-1_GSM8367862-1,GSE271055,GSM8367862,pooled_pair,doxorubicin,unannotated,validation
24545,AACAAAGTCCTTATAC-1_GSM8367862-1,GSE271055,GSM8367862,pooled_pair,doxorubicin,unannotated,validation
26333,ATACCTTAGCCGTAAG-1_GSM8367862-1,GSE271055,GSM8367862,pooled_pair,doxorubicin,unannotated,validation
30890,GGGCGTTGTGTCCCTT-1_GSM8367862-1,GSE271055,GSM8367862,pooled_pair,doxorubicin,unannotated,validation
27880,CCACGTTCACCCATAA-1_GSM8367862-1,GSE271055,GSM8367862,pooled_pair,doxorubicin,unannotated,validation
24533,AACAAAGAGCTCTGTA-1_GSM8367862-1,GSE271055,GSM8367862,pooled_pair,doxorubicin,unannotated,validation
29550,GAACTGTTCAAGGAGC-1_GSM8367862-1,GSE271055,GSM8367862,pooled_pair,doxorubicin,unannotated,validation
33026,TCCTTTCTCGTTACCC-1_GSM8367862-1,GSE271055,GSM8367862,pooled_pair,doxorubicin,unannotated,validation
30722,GGCAGTCCATCGCCTT-1_GSM8367862-1,GSE271055,GSM8367862,pooled_pair,doxorubicin,unannotated,validation
31466,GTCTAGACACTTGAAC-1_GSM8367862-1,GSE271055,GSM8367862,pooled_pair,doxorubicin,unannotated,validation
29945,GAGTGAGAGTTGCGCC-1_GSM8367862-1,GSE271055,GSM8367862,pooled_pair,doxorubicin,unannotated,validation
27308,CACTGGGGTGAACTAA-1_GSM8367862-1,GSE271055,GSM8367862,pooled_pair,doxorubicin,unannotated,validation
32164,TACGTCCCACGATTCA-1_GSM8367862-1,GSE271055,GSM8367862,pooled_pair,doxorubicin,unannotated,validation
30778,GGCTTTCGTCACCCTT-1_GSM8367862-1,GSE271055,GSM8367862,pooled_pair,doxorubicin,unannotated,validation
34241,TTACCGCTCCGTGTCT-1_GSM8367862-1,GSE271055,GSM8367862,pooled_pair,doxorubicin,unannotated,validation
29671,GACATCAGTCGTACAT-1_GSM8367862-1,GSE271055,GSM8367862,pooled_pair,doxorubicin,unannotated,validation
28876,CTATAGGAGACTACGG-1_GSM8367862-1,GSE271055,GSM8367862,pooled_pair,doxorubicin,unannotated,validation
26544,ATCGGCGTCCGAGGCT-1_GSM8367862-1,GSE271055,GSM8367862,pooled_pair,doxorubicin,unannotated,validation
31994,TAAGTCGTCGGTCTAA-1_GSM8367862-1,GSE271055,GSM8367862,pooled_pair,doxorubicin,unannotated,validation
25607,AGAACAATCAAGCTGT-1_GSM8367862-1,GSE271055,GSM8367862,pooled_pair,doxorubicin,unannotated,validation
33084,TCGATTTTCGTGTTCC-1_GSM8367862-1,GSE271055,GSM8367862,pooled_pair,doxorubicin,unannotated,validation
32101,TACCGGGGTACGCGTC-1_GSM8367862-1,GSE271055,GSM8367862,pooled_pair,doxorubicin,unannotated,validation
31419,GTCCTCATCTTCGTAT-1_GSM8367862-1,GSE271055,GSM8367862,pooled_pair,doxorubicin,unannotated,validation
29937,GAGTCTACATCAGCTA-1_GSM8367862-1,GSE271055,GSM8367862,pooled_pair,doxorubicin,unannotated,validation
25618,AGAAGCGAGCGGACAT-1_GSM8367862-1,GSE271055,GSM8367862,pooled_pair,doxorubicin,unannotated,validation
24782,AAGCGAGGTCCGGACT-1_GSM8367862-1,GSE271055,GSM8367862,pooled_pair,doxorubicin,unannotated,validation
31335,GTCACGGCACCTCAGG-1_GSM8367862-1,GSE271055,GSM8367862,pooled_pair,doxorubicin,unannotated,validation
27063,CAACGGCCAGCCGTCA-1_GSM8367862-1,GSE271055,GSM8367862,pooled_pair,doxorubicin,unannotated,validation
34594,TTGACCCAGCTAATGA-1_GSM8367862-1,GSE271055,GSM8367862,pooled_pair,doxorubicin,unannotated,validation
27427,CAGCGTGCAACTCGTA-1_GSM8367862-1,GSE271055,GSM8367862,pooled_pair,doxorubicin,unannotated,validation
28041,CCGATGGCACATCCCT-1_GSM8367862-1,GSE271055,GSM8367862,pooled_pair,doxorubicin,unannotated,validation
26808,ATTACCTCAGGTCCGT-1_GSM8367862-1,GSE271055,GSM8367862,pooled_pair,doxorubicin,unannotated,validation
32379,TATCCTAAGGATGGCT-1_GSM8367862-1,GSE271055,GSM8367862,pooled_pair,doxorubicin,unannotated,validation
29635,GAATCGTAGCACACCC-1_GSM8367862-1,GSE271055,GSM8367862,pooled_pair,doxorubicin,unannotated,validation
25475,ACTCCCAAGCATGGGT-1_GSM8367862-1,GSE271055,GSM8367862,pooled_pair,doxorubicin,unannotated,validation
25859,AGCGTATGTTTAGTCG-1_GSM8367862-1,GSE271055,GSM8367862,pooled_pair,doxorubicin,unannotated,validation
26057,AGGGTCCGTAGATTGA-1_GSM8367862-1,GSE271055,GSM8367862,pooled_pair,doxorubicin,unannotated,validation
32459,TATTGCTTCTCGTGAA-1_GSM8367862-1,GSE271055,GSM8367862,pooled_pair,doxorubicin,unannotated,validation
26268,AGTGATCTCTCTCAAT-1_GSM8367862-1,GSE271055,GSM8367862,pooled_pair,doxorubicin,unannotated,validation
28256,CCTCCTCTCTCGTTTA-1_GSM8367862-1,GSE271055,GSM8367862,pooled_pair,doxorubicin,unannotated,validation
34202,TTAATCCTCAGAATAG-1_GSM8367862-1,GSE271055,GSM8367862,pooled_pair,doxorubicin,unannotated,validation
25060,ACACTGAGTAGCGCCT-1_GSM8367862-1,GSE271055,GSM8367862,pooled_pair,doxorubicin,unannotated,validation
33548,TGAGGTTTCGCGTGCA-1_GSM8367862-1,GSE271055,GSM8367862,pooled_pair,doxorubicin,unannotated,validation
34436,TTCCTAAGTGCCTGAC-1_GSM8367862-1,GSE271055,GSM8367862,pooled_pair,doxorubicin,unannotated,validation
28932,CTCAAGACACGCGTCA-1_GSM8367862-1,GSE271055,GSM8367862,pooled_pair,doxorubicin,unannotated,validation
34530,TTCTAGTTCCAGTTCC-1_GSM8367862-1,GSE271055,GSM8367862,pooled_pair,doxorubicin,unannotated,validation
25645,AGACACTTCCGCACTT-1_GSM8367862-1,GSE271055,GSM8367862,pooled_pair,doxorubicin,unannotated,validation
24986,ACAAAGAAGGTAGTAT-1_GSM8367862-1,GSE271055,GSM8367862,pooled_pair,doxorubicin,unannotated,validation
30458,GCGAGAATCTCATGCC-1_GSM8367862-1,GSE271055,GSM8367862,pooled_pair,doxorubicin,unannotated,validation
30041,GATCACATCCAGCACG-1_GSM8367862-1,GSE271055,GSM8367862,pooled_pair,doxorubicin,unannotated,validation
29224,CTGCATCAGGGTCAAC-1_GSM8367862-1,GSE271055,GSM8367862,pooled_pair,doxorubicin,unannotated,validation
34354,TTCAGGATCTATTGTC-1_GSM8367862-1,GSE271055,GSM8367862,pooled_pair,doxorubicin,unannotated,validation
24667,AACGAAATCCATAGAC-1_GSM8367862-1,GSE271055,GSM8367862,pooled_pair,doxorubicin,unannotated,validation
29723,GACCTTCAGACATCCT-1_GSM8367862-1,GSE271055,GSM8367862,pooled_pair,doxorubicin,unannotated,validation
30306,GCATCTCAGAAACTCA-1_GSM8367862-1,GSE271055,GSM8367862,pooled_pair,doxorubicin,unannotated,validation
33693,TGCATGACATCCGTGG-1_GSM8367862-1,GSE271055,GSM8367862,pooled_pair,doxorubicin,unannotated,validation
34363,TTCATGTTCAGTGTTG-1_GSM8367862-1,GSE271055,GSM8367862,pooled_pair,doxorubicin,unannotated,validation
29600,GAAGGGTGTCTCTCCA-1_GSM8367862-1,GSE271055,GSM8367862,pooled_pair,doxorubicin,unannotated,validation
26603,ATCTCTATCTAGTACG-1_GSM8367862-1,GSE271055,GSM8367862,pooled_pair,doxorubicin,unannotated,validation
34398,TTCCACGAGGTAAGTT-1_GSM8367862-1,GSE271055,GSM8367862,pooled_pair,doxorubicin,unannotated,validation
27438,CAGGCCATCACAACCA-1_GSM8367862-1,GSE271055,GSM8367862,pooled_pair,doxorubicin,unannotated,validation
24557,AACAACCCATAGGTAA-1_GSM8367862-1,GSE271055,GSM8367862,pooled_pair,doxorubicin,unannotated,validation
31320,GTCAAACTCGTGGAAG-1_GSM8367862-1,GSE271055,GSM8367862,pooled_pair,doxorubicin,unannotated,validation
34123,TGTTACTAGAGCAAGA-1_GSM8367862-1,GSE271055,GSM8367862,pooled_pair,doxorubicin,unannotated,validation
28722,CGTTAGATCAGGAAAT-1_GSM8367862-1,GSE271055,GSM8367862,pooled_pair,doxorubicin,unannotated,validation
32108,TACCTCGCAAATGAAC-1_GSM8367862-1,GSE271055,GSM8367862,pooled_pair,doxorubicin,unannotated,validation
34882,TTTGACTCACTACAGT-1_GSM8367862-1,GSE271055,GSM8367862,pooled_pair,doxorubicin,unannotated,validation
32656,TCAGGTAGTCACTAGT-1_GSM8367862-1,GSE271055,GSM8367862,pooled_pair,doxorubicin,unannotated,validation
27792,CCAATGAAGCGTGAGT-1_GSM8367862-1,GSE271055,GSM8367862,pooled_pair,doxorubicin,unannotated,validation
24766,AAGCCATCATTGACCA-1_GSM8367862-1,GSE271055,GSM8367862,pooled_pair,doxorubicin,unannotated,validation
33278,TCTATCACAGCACGAA-1_GSM8367862-1,GSE271055,GSM8367862,pooled_pair,doxorubicin,unannotated,validation
34066,TGTCCCAGTATCAAGA-1_GSM8367862-1,GSE271055,GSM8367862,pooled_pair,doxorubicin,unannotated,test
29822,GAGACCCTCGCTAATG-1_GSM8367862-1,GSE271055,GSM8367862,pooled_pair,doxorubicin,unannotated,test
26851,ATTCAGGCAATCAAGA-1_GSM8367862-1,GSE271055,GSM8367862,pooled_pair,doxorubicin,unannotated,test
26387,ATATCCTAGACCATAA-1_GSM8367862-1,GSE271055,GSM8367862,pooled_pair,doxorubicin,unannotated,test
24476,AAAGGGCAGAGGGTCT-1_GSM8367862-1,GSE271055,GSM8367862,pooled_pair,doxorubicin,unannotated,test
25432,ACTACGACAGTTAGGG-1_GSM8367862-1,GSE271055,GSM8367862,pooled_pair,doxorubicin,unannotated,test
28892,CTATCCGCATAGTCAC-1_GSM8367862-1,GSE271055,GSM8367862,pooled_pair,doxorubicin,unannotated,test
31601,GTGGAAGCAGTGTGGA-1_GSM8367862-1,GSE271055,GSM8367862,pooled_pair,doxorubicin,unannotated,test
32128,TACCTGCTCGACGCGT-1_GSM8367862-1,GSE271055,GSM8367862,pooled_pair,doxorubicin,unannotated,test
31464,GTCTAGAAGCCTAACT-1_GSM8367862-1,GSE271055,GSM8367862,pooled_pair,doxorubicin,unannotated,test
31130,GTAACACAGGCTTAGG-1_GSM8367862-1,GSE271055,GSM8367862,pooled_pair,doxorubicin,unannotated,test
31730,GTTACGATCGATTGGT-1_GSM8367862-1,GSE271055,GSM8367862,pooled_pair,doxorubicin,unannotated,test
34872,TTTCCTCTCGGCTCTT-1_GSM8367862-1,GSE271055,GSM8367862,pooled_pair,doxorubicin,unannotated,test
25131,ACATGCACATCCGATA-1_GSM8367862-1,GSE271055,GSM8367862,pooled_pair,doxorubicin,unannotated,test
29058,CTCCATGTCCTATTGT-1_GSM8367862-1,GSE271055,GSM8367862,pooled_pair,doxorubicin,unannotated,test
30754,GGCTTGGCAAGGCCTC-1_GSM8367862-1,GSE271055,GSM8367862,pooled_pair,doxorubicin,unannotated,test
31614,GTGGAGACAATATCCG-1_GSM8367862-1,GSE271055,GSM8367862,pooled_pair,doxorubicin,unannotated,test
26009,AGGCTGCGTTACACTG-1_GSM8367862-1,GSE271055,GSM8367862,pooled_pair,doxorubicin,unannotated,test
29710,GACCCTTTCTCATTTG-1_GSM8367862-1,GSE271055,GSM8367862,pooled_pair,doxorubicin,unannotated,test
31860,GTTGTAGGTCAATCTG-1_GSM8367862-1,GSE271055,GSM8367862,pooled_pair,doxorubicin,unannotated,test
31424,GTCGCGACAACTGCTA-1_GSM8367862-1,GSE271055,GSM8367862,pooled_pair,doxorubicin,unannotated,test
30032,GATAGCTGTTCTCAGA-1_GSM8367862-1,GSE271055,GSM8367862,pooled_pair,doxorubicin,unannotated,test
31030,GGTAGAGTCAGTCACA-1_GSM8367862-1,GSE271055,GSM8367862,pooled_pair,doxorubicin,unannotated,test
31012,GGTAATCAGCGGTAAC-1_GSM8367862-1,GSE271055,GSM8367862,pooled_pair,doxorubicin,unannotated,test
28547,CGGACACAGACGAGCT-1_GSM8367862-1,GSE271055,GSM8367862,pooled_pair,doxorubicin,unannotated,test
31217,GTAGAAAGTCATCAGT-1_GSM8367862-1,GSE271055,GSM8367862,pooled_pair,doxorubicin,unannotated,test
28625,CGGTCAGCACAATGAA-1_GSM8367862-1,GSE271055,GSM8367862,pooled_pair,doxorubicin,unannotated,test
32335,TAGTGCATCATGTCAG-1_GSM8367862-1,GSE271055,GSM8367862,pooled_pair,doxorubicin,unannotated,test
24826,AAGTACCGTCATGGCC-1_GSM8367862-1,GSE271055,GSM8367862,pooled_pair,doxorubicin,unannotated,test
31110,GGTTAACGTCTCTCTG-1_GSM8367862-1,GSE271055,GSM8367862,pooled_pair,doxorubicin,unannotated,test
25643,AGACACTCATTAGGCT-1_GSM8367862-1,GSE271055,GSM8367862,pooled_pair,doxorubicin,unannotated,test
28735,CGTTGGGAGCCAAGGT-1_GSM8367862-1,GSE271055,GSM8367862,pooled_pair,doxorubicin,unannotated,test
30417,GCCGATGCAAGAAATC-1_GSM8367862-1,GSE271055,GSM8367862,pooled_pair,doxorubicin,unannotated,test
31039,GGTCACGGTATGGGAC-1_GSM8367862-1,GSE271055,GSM8367862,pooled_pair,doxorubicin,unannotated,test
30675,GGAGGATCACTGGCCA-1_GSM8367862-1,GSE271055,GSM8367862,pooled_pair,doxorubicin,unannotated,test
30396,GCCATTCTCTGAGGTT-1_GSM8367862-1,GSE271055,GSM8367862,pooled_pair,doxorubicin,unannotated,test
30796,GGGACAAGTCCAGCGT-1_GSM8367862-1,GSE271055,GSM8367862,pooled_pair,doxorubicin,unannotated,test
25850,AGCGCTGTCGAGTTGT-1_GSM8367862-1,GSE271055,GSM8367862,pooled_pair,doxorubicin,unannotated,test
30954,GGGTCTGTCGTACACA-1_GSM8367862-1,GSE271055,GSM8367862,pooled_pair,doxorubicin,unannotated,test
28580,CGGGACTAGCCATGCC-1_GSM8367862-1,GSE271055,GSM8367862,pooled_pair,doxorubicin,unannotated,test
29078,CTCCCTCAGGAACTCG-1_GSM8367862-1,GSE271055,GSM8367862,pooled_pair,doxorubicin,unannotated,test
28518,CGCGTGACAAGTTCGT-1_GSM8367862-1,GSE271055,GSM8367862,pooled_pair,doxorubicin,unannotated,test
29800,GACTTCCCATGGGTCC-1_GSM8367862-1,GSE271055,GSM8367862,pooled_pair,doxorubicin,unannotated,test
27204,CACAGGCTCAAGGTGG-1_GSM8367862-1,GSE271055,GSM8367862,pooled_pair,doxorubicin,unannotated,test
26779,ATGGTTGGTTCGCGTG-1_GSM8367862-1,GSE271055,GSM8367862,pooled_pair,doxorubicin,unannotated,test
30635,GGAGAACCAGGCACAA-1_GSM8367862-1,GSE271055,GSM8367862,pooled_pair,doxorubicin,unannotated,test
27717,CATTCCGGTGGACTAG-1_GSM8367862-1,GSE271055,GSM8367862,pooled_pair,doxorubicin,unannotated,test
26064,AGGGTCCTCGACTCCT-1_GSM8367862-1,GSE271055,GSM8367862,pooled_pair,doxorubicin,unannotated,test
33840,TGGATCATCGATTGGT-1_GSM8367862-1,GSE271055,GSM8367862,pooled_pair,doxorubicin,unannotated,test
25232,ACCCTTGAGTGGAAGA-1_GSM8367862-1,GSE271055,GSM8367862,pooled_pair,doxorubicin,unannotated,test
31367,GTCATCCTCTCATGGA-1_GSM8367862-1,GSE271055,GSM8367862,pooled_pair,doxorubicin,unannotated,test
33640,TGCACGGGTACGAGTG-1_GSM8367862-1,GSE271055,GSM8367862,pooled_pair,doxorubicin,unannotated,test
25285,ACGATCAAGGCACAAC-1_GSM8367862-1,GSE271055,GSM8367862,pooled_pair,doxorubicin,unannotated,test
33264,TCTATACCACAAGCTT-1_GSM8367862-1,GSE271055,GSM8367862,pooled_pair,doxorubicin,unannotated,test
27100,CAAGCTACAACGGTAG-1_GSM8367862-1,GSE271055,GSM8367862,pooled_pair,doxorubicin,unannotated,test
33616,TGATTCTGTTTCGATG-1_GSM8367862-1,GSE271055,GSM8367862,pooled_pair,doxorubicin,unannotated,test
25834,AGCGCCACACCAGTTA-1_GSM8367862-1,GSE271055,GSM8367862,pooled_pair,doxorubicin,unannotated,test
26213,AGTAGTCTCGTAGCTA-1_GSM8367862-1,GSE271055,GSM8367862,pooled_pair,doxorubicin,unannotated,test
26394,ATATCCTTCGGTGTAT-1_GSM8367862-1,GSE271055,GSM8367862,pooled_pair,doxorubicin,unannotated,test
34208,TTACAGGCACCCTTAC-1_GSM8367862-1,GSE271055,GSM8367862,pooled_pair,doxorubicin,unannotated,test
32218,TACTTGTGTAGACACG-1_GSM8367862-1,GSE271055,GSM8367862,pooled_pair,doxorubicin,unannotated,test
33115,TCGCTCAAGATCGGTG-1_GSM8367862-1,GSE271055,GSM8367862,pooled_pair,doxorubicin,unannotated,test
29994,GAGTTGTTCTGGGCAC-1_GSM8367862-1,GSE271055,GSM8367862,pooled_pair,doxorubicin,unannotated,test
30080,GATCGTATCTGACCCT-1_GSM8367862-1,GSE271055,GSM8367862,pooled_pair,doxorubicin,unannotated,test
28143,CCTAACCGTCCTGGGT-1_GSM8367862-1,GSE271055,GSM8367862,pooled_pair,doxorubicin,unannotated,test
30053,GATCAGTGTGGCTAGA-1_GSM8367862-1,GSE271055,GSM8367862,pooled_pair,doxorubicin,unannotated,test
31417,GTCCTCATCCGATCGG-1_GSM8367862-1,GSE271055,GSM8367862,pooled_pair,doxorubicin,unannotated,test
26287,AGTGTTGCAACCACAT-1_GSM8367862-1,GSE271055,GSM8367862,pooled_pair,doxorubicin,unannotated,test
25539,ACTTAGGAGGGTACAC-1_GSM8367862-1,GSE271055,GSM8367862,pooled_pair,doxorubicin,unannotated,test
33900,TGGGATTGTGAACCGA-1_GSM8367862-1,GSE271055,GSM8367862,pooled_pair,doxorubicin,unannotated,test
30704,GGATGTTGTACCGCGT-1_GSM8367862-1,GSE271055,GSM8367862,pooled_pair,doxorubicin,unannotated,test
31883,GTTGTGACAGCGGTTC-1_GSM8367862-1,GSE271055,GSM8367862,pooled_pair,doxorubicin,unannotated,test
29789,GACTGATCATGACTTG-1_GSM8367862-1,GSE271055,GSM8367862,pooled_pair,doxorubicin,unannotated,test
32688,TCAGTTTTCGCTCCTA-1_GSM8367862-1,GSE271055,GSM8367862,pooled_pair,doxorubicin,unannotated,test
34886,TTTGATCAGATGCTAA-1_GSM8367862-1,GSE271055,GSM8367862,pooled_pair,doxorubicin,unannotated,test
30104,GATGAGGTCCTCATAT-1_GSM8367862-1,GSE271055,GSM8367862,pooled_pair,doxorubicin,unannotated,test
27912,CCATAAGTCTTCCCGA-1_GSM8367862-1,GSE271055,GSM8367862,pooled_pair,doxorubicin,unannotated,test
27587,CATCGCTCAGTACTAC-1_GSM8367862-1,GSE271055,GSM8367862,pooled_pair,doxorubicin,unannotated,test
30773,GGCTTTCAGTCTGCAT-1_GSM8367862-1,GSE271055,GSM8367862,pooled_pair,doxorubicin,unannotated,test
29502,CTTTCGGCAATTTCTC-1_GSM8367862-1,GSE271055,GSM8367862,pooled_pair,doxorubicin,unannotated,test
27622,CATGCAAAGCAGGCTA-1_GSM8367862-1,GSE271055,GSM8367862,pooled_pair,doxorubicin,unannotated,test
29265,CTGCGAGTCGGTATGT-1_GSM8367862-1,GSE271055,GSM8367862,pooled_pair,doxorubicin,unannotated,test
26842,ATTCACTGTGCCTATA-1_GSM8367862-1,GSE271055,GSM8367862,pooled_pair,doxorubicin,unannotated,test
31114,GGTTCTCCAACTGTGT-1_GSM8367862-1,GSE271055,GSM8367862,pooled_pair,doxorubicin,unannotated,test
28200,CCTCAGTAGGGAGGGT-1_GSM8367862-1,GSE271055,GSM8367862,pooled_pair,doxorubicin,unannotated,test
27871,CCACGAGGTGCTAGCC-1_GSM8367862-1,GSE271055,GSM8367862,pooled_pair,doxorubicin,unannotated,test
25642,AGACACTCAACCCTCT-1_GSM8367862-1,GSE271055,GSM8367862,pooled_pair,doxorubicin,unannotated,test
27268,CACGGGTTCACGGGAA-1_GSM8367862-1,GSE271055,GSM8367862,pooled_pair,doxorubicin,unannotated,test
32000,TAATCTCCAAGTGTCT-1_GSM8367862-1,GSE271055,GSM8367862,pooled_pair,doxorubicin,unannotated,test
26649,ATGAGGGGTCCAGTTA-1_GSM8367862-1,GSE271055,GSM8367862,pooled_pair,doxorubicin,unannotated,test
31185,GTAATGCGTCCAAAGG-1_GSM8367862-1,GSE271055,GSM8367862,pooled_pair,doxorubicin,unannotated,test
27104,CAAGCTAGTAAGTCAA-1_GSM8367862-1,GSE271055,GSM8367862,pooled_pair,doxorubicin,unannotated,test
24793,AAGCGTTTCGTCAACA-1_GSM8367862-1,GSE271055,GSM8367862,pooled_pair,doxorubicin,unannotated,test
31480,GTCTGTCAGAAGTCAT-1_GSM8367862-1,GSE271055,GSM8367862,pooled_pair,doxorubicin,unannotated,test
30462,GCGATCGGTGGATGAC-1_GSM8367862-1,GSE271055,GSM8367862,pooled_pair,doxorubicin,unannotated,test
33436,TGACAGTAGGGAACAA-1_GSM8367862-1,GSE271055,GSM8367862,pooled_pair,doxorubicin,unannotated,test
31313,GTCAAACCAACTTCTT-1_GSM8367862-1,GSE271055,GSM8367862,pooled_pair,doxorubicin,unannotated,test
25312,ACGCACGTCACACCGG-1_GSM8367862-1,GSE271055,GSM8367862,pooled_pair,doxorubicin,unannotated,test
32558,TCACACCAGCATACTC-1_GSM8367862-1,GSE271055,GSM8367862,pooled_pair,doxorubicin,unannotated,test
25440,ACTATCTAGGAATCGC-1_GSM8367862-1,GSE271055,GSM8367862,pooled_pair,doxorubicin,unannotated,test
33110,TCGCAGGTCAATGCAC-1_GSM8367862-1,GSE271055,GSM8367862,pooled_pair,doxorubicin,unannotated,test
26298,AGTGTTGTCCGCAAAT-1_GSM8367862-1,GSE271055,GSM8367862,pooled_pair,doxorubicin,unannotated,test
29922,GAGGGTACAGTATGAA-1_GSM8367862-1,GSE271055,GSM8367862,pooled_pair,doxorubicin,unannotated,test
30945,GGGTCACTCTTACCGC-1_GSM8367862-1,GSE271055,GSM8367862,pooled_pair,doxorubicin,unannotated,test
31923,TAACCAGTCTGGCTGG-1_GSM8367862-1,GSE271055,GSM8367862,pooled_pair,doxorubicin,unannotated,test
30001,GAGTTTGGTTCTCACC-1_GSM8367862-1,GSE271055,GSM8367862,pooled_pair,doxorubicin,unannotated,test
32338,TATACCTAGACGACTG-1_GSM8367862-1,GSE271055,GSM8367862,pooled_pair,doxorubicin,unannotated,test
28967,CTCAGAATCCTCTCGA-1_GSM8367862-1,GSE271055,GSM8367862,pooled_pair,doxorubicin,unannotated,test
30117,GATGCTACATGGGATG-1_GSM8367862-1,GSE271055,GSM8367862,pooled_pair,doxorubicin,unannotated,test
27549,CATCCACAGCTGACCC-1_GSM8367862-1,GSE271055,GSM8367862,pooled_pair,doxorubicin,unannotated,test
28510,CGCCATTGTATGGAAT-1_GSM8367862-1,GSE271055,GSM8367862,pooled_pair,doxorubicin,unannotated,test
33075,TCGATTTCAGCGGTCT-1_GSM8367862-1,GSE271055,GSM8367862,pooled_pair,doxorubicin,unannotated,test
28786,CTACAGAAGACAGCTG-1_GSM8367862-1,GSE271055,GSM8367862,pooled_pair,doxorubicin,unannotated,test
25877,AGCTCAACACTGCGTG-1_GSM8367862-1,GSE271055,GSM8367862,pooled_pair,doxorubicin,unannotated,test
29929,GAGTCATCAGCAGTCC-1_GSM8367862-1,GSE271055,GSM8367862,pooled_pair,doxorubicin,unannotated,test
27675,CATGCTCTCGGTGCAC-1_GSM8367862-1,GSE271055,GSM8367862,pooled_pair,doxorubicin,unannotated,test
25558,ACTTCCGAGGAGAATG-1_GSM8367862-1,GSE271055,GSM8367862,pooled_pair,doxorubicin,unannotated,test
27527,CATACTTGTCTATGAC-1_GSM8367862-1,GSE271055,GSM8367862,pooled_pair,doxorubicin,unannotated,test
33615,TGATTCTGTTCTAACG-1_GSM8367862-1,GSE271055,GSM8367862,pooled_pair,doxorubicin,unannotated,test
33081,TCGATTTGTTGCAACT-1_GSM8367862-1,GSE271055,GSM8367862,pooled_pair,doxorubicin,unannotated,test
28886,CTATCCGAGCCAAGCA-1_GSM8367862-1,GSE271055,GSM8367862,pooled_pair,doxorubicin,unannotated,test
34467,TTCCTTCTCGGACTTA-1_GSM8367862-1,GSE271055,GSM8367862,pooled_pair,doxorubicin,unannotated,test
34729,TTGTGGAGTTTAGACC-1_GSM8367862-1,GSE271055,GSM8367862,pooled_pair,doxorubicin,unannotated,test
25246,ACCGTTCAGCTTGTTG-1_GSM8367862-1,GSE271055,GSM8367862,pooled_pair,doxorubicin,unannotated,test
27749,CATTGCCCACCCTCTA-1_GSM8367862-1,GSE271055,GSM8367862,pooled_pair,doxorubicin,unannotated,test
31351,GTCAGCGGTATATGGA-1_GSM8367862-1,GSE271055,GSM8367862,pooled_pair,doxorubicin,unannotated,test
30155,GATTCTTAGCACTCAT-1_GSM8367862-1,GSE271055,GSM8367862,pooled_pair,doxorubicin,unannotated,test
27200,CACAGGCGTCGTCAGC-1_GSM8367862-1,GSE271055,GSM8367862,pooled_pair,doxorubicin,unannotated,test
31083,GGTGGCTTCCACTTTA-1_GSM8367862-1,GSE271055,GSM8367862,pooled_pair,doxorubicin,unannotated,test
33374,TCTTGCGCAGAGTTCT-1_GSM8367862-1,GSE271055,GSM8367862,pooled_pair,doxorubicin,unannotated,test
30066,GATCCCTTCCATTCGC-1_GSM8367862-1,GSE271055,GSM8367862,pooled_pair,doxorubicin,unannotated,test
24442,AAACGCTAGTTAGAAC-1_GSM8367862-1,GSE271055,GSM8367862,pooled_pair,doxorubicin,unannotated,test
30375,GCCAGTGTCGAACTCA-1_GSM8367862-1,GSE271055,GSM8367862,pooled_pair,doxorubicin,unannotated,test
30373,GCCAGTGTCCAGTACA-1_GSM8367862-1,GSE271055,GSM8367862,pooled_pair,doxorubicin,unannotated,test
25269,ACCTGAACACGACGAA-1_GSM8367862-1,GSE271055,GSM8367862,pooled_pair,doxorubicin,unannotated,test
31274,GTAGGTTAGAGATTCA-1_GSM8367862-1,GSE271055,GSM8367862,pooled_pair,doxorubicin,unannotated,test
31927,TAACGACTCGTGCACG-1_GSM8367862-1,GSE271055,GSM8367862,pooled_pair,doxorubicin,unannotated,test
27544,CATCAAGGTAGTCGTT-1_GSM8367862-1,GSE271055,GSM8367862,pooled_pair,doxorubicin,unannotated,test
30055,GATCATGCAGCTCATA-1_GSM8367862-1,GSE271055,GSM8367862,pooled_pair,doxorubicin,unannotated,test
31290,GTAGTACTCGCTACAA-1_GSM8367862-1,GSE271055,GSM8367862,pooled_pair,doxorubicin,unannotated,test
28500,CGCCAGAGTGTTCCTC-1_GSM8367862-1,GSE271055,GSM8367862,pooled_pair,doxorubicin,unannotated,test
29281,CTGGACGAGTTTGCTG-1_GSM8367862-1,GSE271055,GSM8367862,pooled_pair,doxorubicin,unannotated,test
29196,CTGAGGCTCAAAGGTA-1_GSM8367862-1,GSE271055,GSM8367862,pooled_pair,doxorubicin,unannotated,test
31702,GTTACAGAGAAGTCTA-1_GSM8367862-1,GSE271055,GSM8367862,pooled_pair,doxorubicin,unannotated,test
26908,ATTCGTTGTTAGGAGC-1_GSM8367862-1,GSE271055,GSM8367862,pooled_pair,doxorubicin,unannotated,test
25893,AGCTTCCTCGTCGATA-1_GSM8367862-1,GSE271055,GSM8367862,pooled_pair,doxorubicin,unannotated,test
33885,TGGGAGATCCGCAACG-1_GSM8367862-1,GSE271055,GSM8367862,pooled_pair,doxorubicin,unannotated,test
29927,GAGTCATCAACCGTAT-1_GSM8367862-1,GSE271055,GSM8367862,pooled_pair,doxorubicin,unannotated,test
33917,TGGGCGTTCATCGTAG-1_GSM8367862-1,GSE271055,GSM8367862,pooled_pair,doxorubicin,unannotated,test
28439,CGATCGGAGGAGTCTG-1_GSM8367862-1,GSE271055,GSM8367862,pooled_pair,doxorubicin,unannotated,test
