gene,n_eligible_cell_types,n_fdr005_cell_types,n_direction_consistent_fdr005_cell_types,minimum_padj,max_abs_log2FoldChange,supported_de_gene
0610009B22Rik,6,0,0,0.9021968698616962,0.3291397733702286,False
0610009L18Rik,5,0,0,0.999465548143242,0.359051165909879,False
0610010F05Rik,5,0,0,0.8937425847876312,0.2997735081724451,False
0610010K14Rik,7,0,0,0.91965905008999,0.7816920560686899,False
0610012G03Rik,7,0,0,0.9528353227051498,0.3228513800785762,False
0610030E20Rik,5,0,0,0.8563809371148629,0.3968867078708893,False
0610040B10Rik,4,0,0,0.9999106453149894,0.3300261184144071,False
0610040J01Rik,2,0,0,0.9928990416142048,0.2844456555898598,False
1010001B22Rik,2,0,0,,0.6682005935366584,False
1110002L01Rik,3,0,0,,0.6496034839545165,False
1110004F10Rik,7,0,0,0.8374844333384406,0.1434704318548332,False
1110008P14Rik,6,0,0,0.9853391978197256,0.2294606673332246,False
1110012L19Rik,6,0,0,0.9955560559245908,1.5050800160800817,False
1110015O18Rik,1,0,0,0.9999106453149894,0.8016032195876869,False
1110017D15Rik,1,0,0,0.999465548143242,0.613841102778839,False
1110019D14Rik,3,0,0,,0.6410394516910505,False
1110020A21Rik,1,0,0,,0.6464605379941832,False
1110032A03Rik,6,0,0,0.926110388616323,0.4017066775743034,False
1110035H17Rik,3,0,0,0.9997978488301602,0.3120901860689292,False
1110038B12Rik,6,0,0,0.4278187358252476,0.7220451267580952,False
1110038F14Rik,6,0,0,0.9333672193684552,0.4381636701065119,False
1110046J04Rik,1,0,0,,0.3109532024729983,False
1110051M20Rik,6,0,0,0.9027499400069444,0.4229605081809703,False
1110059E24Rik,6,0,0,0.9021968698616962,1.2208979521005456,False
1110059G10Rik,6,0,0,0.8086142754626554,0.4912041820837349,False
1110065P20Rik,6,0,0,0.9007266118211642,0.6900249801097572,False
1190005I06Rik,3,0,0,0.9784212791584648,0.3264395159608497,False
1190007I07Rik,6,0,0,0.999465548143242,0.9345254954673056,False
1300002E11Rik,6,0,0,0.9389728124425808,0.5550297493681601,False
1500004A13Rik,4,0,0,0.9788819959338744,0.4467045727974457,False
1500009C09Rik,2,0,0,0.999576737147644,0.3939346326049594,False
1500009L16Rik,1,0,0,0.999465548143242,0.5874487863032978,False
1500011B03Rik,6,0,0,0.6499588292901043,0.8849684688410147,False
1500015A07Rik,3,0,0,,0.2248795116718155,False
1500015L24Rik,1,0,0,0.9697911784690116,0.1017689982746241,False
1500026H17Rik,3,0,0,0.9999106453149894,0.7582495090496021,False
1600002K03Rik,2,0,0,,0.4308396803033992,False
1600010M07Rik,1,0,0,,0.087997072981829,False
1600012H06Rik,5,0,0,0.9997978488301602,0.4422299311171311,False
1600014C10Rik,2,0,0,,0.3719458723921572,False
1600020E01Rik,5,0,0,0.4958610347059797,0.8428887682559693,False
1600022D10Rik,1,0,0,,0.2154635317920165,False
1700001C02Rik,1,0,0,0.999465548143242,0.1927044931677609,False
1700001G11Rik,1,0,0,,0.7476309260208687,False
1700003F12Rik,1,0,0,,0.0768774109249595,False
1700007K13Rik,1,0,0,0.999465548143242,0.3058945673090962,False
1700007L15Rik,1,0,0,,1.1189832326222953,False
1700008J07Rik,2,0,0,,0.9167685607293976,False
1700012B09Rik,1,0,0,0.999465548143242,0.0099741784521494,False
1700012D14Rik,3,0,0,,0.4989714730050265,False
1700016J18Rik,1,0,0,0.999465548143242,0.1721215644160811,False
1700016K19Rik,1,0,0,0.999465548143242,0.0036396790064648,False
1700017B05Rik,3,0,0,0.969206275507647,0.6377843693978033,False
1700019D03Rik,3,0,0,0.9999106453149894,0.984368072866769,False
1700019L13Rik,2,0,0,,0.509254768749835,False
1700020L24Rik,1,0,0,,0.6263943434776053,False
1700021F05Rik,6,0,0,0.999465548143242,0.5106762126027716,False
1700023F06Rik,1,0,0,0.999465548143242,0.5736924950518435,False
1700025G04Rik,4,0,0,0.8341373214314584,0.35812621663415,False
1700028E10Rik,2,0,0,,0.7796924566818308,False
1700028P14Rik,1,0,0,0.999465548143242,0.0849197354575136,False
1700029J07Rik,2,0,0,,0.185909987747492,False
1700030K09Rik,3,0,0,,0.7604380116383515,False
1700037C18Rik,2,0,0,,0.2636599741382201,False
1700037H04Rik,3,0,0,0.9999106453149894,0.7100053904518746,False
1700047M11Rik,3,0,0,0.8561572451790562,0.3674184417879605,False
1700052K11Rik,1,0,0,,0.8044263473781593,False
1700063D05Rik,1,0,0,0.9913226326328984,0.0246421051652897,False
1700066B19Rik,1,0,0,,0.1882781356938435,False
1700066M21Rik,4,0,0,0.6521170909605272,0.6146742150444331,False
1700086O06Rik,2,0,0,0.999465548143242,0.1444075754335871,False
1700088E04Rik,2,0,0,0.999465548143242,0.612477734132068,False
1700094D03Rik,2,0,0,,0.4709653498171234,False
1700096K18Rik,4,0,0,0.9613872956381267,0.5721524948551234,False
1700113A16Rik,2,0,0,,0.2939264312482901,False
1700120C14Rik,2,0,0,,1.1455474077217205,False
1700123M08Rik,1,0,0,,0.1051870777156802,False
1700123O20Rik,6,0,0,0.90177485019642,0.3810815365386369,False
1810009A15Rik,4,0,0,0.999465548143242,0.2591223846724601,False
1810010H24Rik,2,0,0,0.9999106453149894,0.9251436922320794,False
1810013L24Rik,5,0,0,0.9613872956381267,0.5216808829931571,False
1810021B22Rik,1,0,0,,0.5002515596174063,False
1810024B03Rik,2,0,0,,0.2265548168914863,False
1810026B05Rik,6,0,0,0.7379824499651024,0.5108619961721838,False
1810030O07Rik,5,0,0,0.9025551416275,0.657158205740872,False
1810037I17Rik,7,0,0,0.471436947917381,0.6748726204361161,False
1810044D09Rik,1,0,0,,0.3118201751031348,False
1810055G02Rik,3,0,0,0.9999106453149894,0.7065711426167972,False
1810058I24Rik,7,0,0,0.8424121802998759,0.6920535638302217,False
2010001A14Rik,3,0,0,0.999465548143242,0.6612928721991473,False
2010001K21Rik,1,0,0,0.999465548143242,0.2333660988547891,False
2010007H06Rik,1,0,0,,0.0061243494961881,False
2010109A12Rik,1,0,0,,0.0351799806991401,False
2010204K13Rik,3,0,0,0.999465548143242,0.9803230040977168,False
2010315B03Rik,4,0,0,,1.0876466428948348,False
2010320M18Rik,6,0,0,0.999465548143242,0.6932860719395639,False
2200002D01Rik,1,0,0,0.999465548143242,0.370842758808613,False
2210011C24Rik,1,0,0,,0.0955071345290741,False
2210016F16Rik,5,0,0,0.6660405042822187,0.4765824916201464,False
2210016L21Rik,6,0,0,0.9613872956381267,0.4350148899070039,False
2210408F21Rik,4,0,0,0.999465548143242,0.9810345267446656,False
2210408I21Rik,2,0,0,,0.3331693887397005,False
2210409D07Rik,1,0,0,,0.5858281398952694,False
2300009A05Rik,6,0,0,0.8204826256055683,0.7260184178391506,False
2310001H17Rik,1,0,0,0.9997978488301602,0.519860482668191,False
2310009A05Rik,6,0,0,0.8818650673896277,0.5446860207869945,False
2310009B15Rik,6,0,0,0.9784212791584648,0.78118317091801,False
2310010J17Rik,6,0,0,0.9341769146397448,0.594163716747233,False
2310011J03Rik,6,0,0,0.9784212791584648,0.465150125655686,False
2310015A10Rik,4,0,0,0.8402201583633553,1.1940327520067973,False
2310022A10Rik,3,0,0,,0.3825721422502779,False
2310022B05Rik,5,0,0,0.866174710066969,0.2805593974221958,False
2310030G06Rik,1,0,0,0.999465548143242,0.6313760356251954,False
2310033P09Rik,6,0,0,0.6092129743392349,0.3480417073006778,False
2310039H08Rik,6,0,0,0.5414054406255414,0.6115811537100045,False
2310040G24Rik,1,0,0,,0.2712957787656885,False
2310057M21Rik,4,0,0,,0.1597867170785463,False
2310061I04Rik,6,0,0,0.999465548143242,0.614825106502457,False
2310068J16Rik,2,0,0,,1.1026018877279748,False
2410002F23Rik,5,0,0,0.942371774006941,0.4803429043537195,False
2410004B18Rik,6,0,0,0.9691343900630024,0.367800779973313,False
2410004P03Rik,1,0,0,0.999465548143242,0.211644306248434,False
2410006H16Rik,7,0,0,0.9644314079198152,0.95390822881536,False
2410022M11Rik,3,0,0,0.9997978488301602,0.9268136817372712,False
2410131K14Rik,3,0,0,,0.537648725907778,False
2500004C02Rik,2,0,0,,0.8808721026357836,False
2510002D24Rik,6,0,0,0.999465548143242,0.4908498259344492,False
2510009E07Rik,6,0,0,0.4298703729752186,0.66016762251012,False
2510017J16Rik,1,0,0,,0.5904479066533077,False
2510039O18Rik,5,0,0,0.7504739652481569,0.5158602462414806,False
2510046G10Rik,2,0,0,0.9997978488301602,0.4488412573333935,False
2600014E21Rik,1,0,0,0.9999106453149894,0.2089537518370351,False
2610001J05Rik,7,0,0,0.8353400563208359,0.6739316805298917,False
2610002M06Rik,6,0,0,0.999465548143242,0.63901347668936,False
2610008E11Rik,5,0,0,0.6196447037239025,0.5998359207654639,False
2610020C07Rik,1,0,0,0.999465548143242,0.4260794541313687,False
2610021A01Rik,2,0,0,,0.8269387286393907,False
2610035D17Rik,3,0,0,0.9999106453149894,0.2581151797739351,False
2610037D02Rik,5,0,0,0.9997978488301602,0.8884898932131359,False
2610044O15Rik8,5,0,0,0.9999106453149894,0.8969223522496019,False
2610203C22Rik,1,0,0,,0.0076841600668786,False
2610301B20Rik,5,0,0,0.999465548143242,1.1710334703913892,False
2610306M01Rik,5,0,0,0.9997978488301602,0.4933853287333827,False
2610316D01Rik,1,0,0,,0.1947621892015184,False
2610507B11Rik,7,0,0,0.9451899018703012,0.2598158176479171,False
2610507I01Rik,3,0,0,,0.2534732526424146,False
2610528A11Rik,1,0,0,,0.1137292804587466,False
2700033N17Rik,1,0,0,,0.4293478977327492,False
2700038G22Rik,2,0,0,,0.7916009917367955,False
2700046A07Rik,1,0,0,0.075744579869036,1.0754020804408426,False
2700046G09Rik,4,0,0,0.999465548143242,0.3979372056371022,False
2700049A03Rik,3,0,0,0.9999106453149894,0.3908361148400079,False
2700062C07Rik,6,0,0,0.9069952247405082,0.4611771866204707,False
2700081O15Rik,5,0,0,0.9997978488301602,0.3206098923817916,False
2700097O09Rik,5,0,0,0.8818650673896277,0.7270394729614063,False
2810001G20Rik,5,0,0,0.999465548143242,0.5638794787970919,False
2810002D19Rik,3,0,0,,0.2812116006653845,False
2810004N23Rik,6,0,0,0.9554023134682036,0.5227063180877464,False
2810006K23Rik,5,0,0,0.9997978488301602,1.0537872660048977,False
2810013P06Rik,5,0,0,0.9746787205366187,0.4893305454525302,False
2810029C07Rik,1,0,0,,0.2806440351401515,False
2810402E24Rik,5,0,0,0.9997978488301602,1.6909410651743446,False
2810403D21Rik,5,0,0,0.8402201583633553,1.104641367406008,False
2810405F17Rik,2,0,0,,0.3718462574442692,False
2810407A14Rik,1,0,0,,0.3848860090774484,False
2810410L24Rik,1,0,0,,0.1350217018887916,False
2810429I04Rik,2,0,0,,0.4938547178920316,False
2810454H06Rik,3,0,0,0.7487656022385086,0.6475182697494517,False
2810457G06Rik,1,0,0,,0.4262970990799479,False
2810459M11Rik,2,0,0,0.9988978288128184,0.3800085038350834,False
2810468N07Rik,4,0,0,0.1623690768125612,0.4444673208438314,False
2900005J15Rik,1,0,0,,0.756653641123149,False
2900026A02Rik,2,0,0,0.9997978488301602,0.387912776242388,False
2900040C04Rik,1,0,0,0.999465548143242,0.0533631893720892,False
2900052L18Rik,4,0,0,0.7086554640322857,1.3036959745634626,False
2900052N01Rik,2,0,0,0.9049394177513996,0.4158053292814925,False
2900060B14Rik,3,0,0,0.9997978488301602,0.361741704054964,False
2900076A07Rik,5,0,0,0.9999106453149894,1.0330383352077874,False
2900089D17Rik,1,0,0,,1.0065881340379452,False
2900093K20Rik,5,0,0,0.9997978488301602,0.4825282709544381,False
2900097C17Rik,7,0,0,0.8279132993826389,0.7893454385139704,False
3010003L21Rik,1,0,0,,0.0753227028365204,False
3110001I22Rik,1,0,0,,0.3434874700588856,False
3110009E18Rik,2,0,0,,0.2583235102940783,False
3110021N24Rik,3,0,0,0.9446358271558832,0.6964286008686199,False
3110039M20Rik,1,0,0,,0.252957165366411,False
3110040N11Rik,3,0,0,0.999465548143242,0.0894646566455963,False
3110056K07Rik,5,0,0,0.9520342630627552,0.2085211852817028,False
3110082I17Rik,2,0,0,,0.3552187444589189,False
3110082J24Rik,1,0,0,0.9988978288128184,0.1644356795982738,False
3222401L13Rik,5,0,0,0.6964962624307627,0.5074237954052548,False
3830403N18Rik,1,0,0,,1.4490753589610907,False
3830406C13Rik,6,0,0,0.662435093738896,0.4946093814816552,False
4430402I18Rik,3,0,0,0.999465548143242,0.6902794425643358,False
4632404H12Rik,2,0,0,,0.5316309020703728,False
4632427E13Rik,5,0,0,0.2401006811592676,0.5036562496913669,False
4732440D04Rik,4,0,0,0.9997978488301602,0.4598963891384438,False
4732471J01Rik,2,0,0,,0.6064674351365222,False
4732491K20Rik,1,0,0,,0.6289382572779485,False
4833408A19Rik,1,0,0,,0.3714005786622991,False
4833411C07Rik,1,0,0,,0.2297124813390151,False
4833418N02Rik,1,0,0,,0.0633577238809541,False
4833419F23Rik,1,0,0,0.999465548143242,0.0079405167206887,False
4833420G17Rik,5,0,0,0.9613872956381267,0.3327302891176518,False
4833422C13Rik,1,0,0,0.9999106453149894,0.0135426888598637,False
4833427G06Rik,1,0,0,0.999465548143242,0.4413317761430341,False
4833438C02Rik,1,0,0,,0.71339133546067,False
4833439L19Rik,6,0,0,0.7138894936081918,0.4333760639517781,False
4833445I07Rik,1,0,0,,1.3924630443873005,False
4921504A21Rik,1,0,0,,0.0729123714570357,False
4921524J17Rik,6,0,0,0.9771941538254924,0.4907842659621024,False
4921531C22Rik,2,0,0,,0.6707850465998503,False
4930402H24Rik,5,0,0,0.432217209428642,0.5691239550335577,False
4930404N11Rik,1,0,0,,0.3625199595945683,False
4930420G21Rik,1,0,0,,0.6030998381332404,False
4930426I24Rik,1,0,0,,0.427460430463873,False
4930430F08Rik,5,0,0,0.829388260330224,0.5499241335581547,False
4930447K03Rik,1,0,0,,0.1029511805413034,False
4930447N08Rik,1,0,0,0.999465548143242,0.194847725169609,False
4930452G13Rik,1,0,0,,0.2733821159757893,False
4930453N24Rik,6,0,0,0.9550624901828332,0.6746595594935793,False
4930481A15Rik,2,0,0,,0.8250374479157289,False
4930488L21Rik,2,0,0,,0.3337290978088201,False
4930503L19Rik,5,0,0,0.9997978488301602,0.7248668949261607,False
4930506C21Rik,1,1,1,0.0014728431804371,1.2181776649444898,True
4930509H03Rik,2,0,0,,0.6383319901203595,False
4930511M06Rik,1,0,0,0.999465548143242,0.0855189663034808,False
4930522L14Rik,4,0,0,0.999465548143242,0.7776362012234165,False
4930523C07Rik,1,0,0,0.9997978488301602,0.0653223938310055,False
4930539J05Rik,1,0,0,,0.0667573991358563,False
4930556M19Rik,1,0,0,0.9997978488301602,0.094082236111386,False
4930563E22Rik,1,0,0,,0.5710305152789751,False
4930570G19Rik,2,0,0,0.9999106453149894,0.3788912523055178,False
4930572G02Rik,1,0,0,,1.1982648888334255,False
4930578M01Rik,2,0,0,,0.4510891058800543,False
4930579G24Rik,1,0,0,,0.3059881922259168,False
4930581F22Rik,4,0,0,0.2401879866621382,0.5420604040614713,False
4930589L23Rik,2,0,0,,1.0235786285122683,False
4930594M22Rik,1,0,0,,0.5212268948729993,False
4931406C07Rik,6,0,0,0.9054228263761034,0.4141877640928566,False
4931406P16Rik,5,0,0,0.2539119463937871,0.3819900802593652,False
4931414P19Rik,1,0,0,,0.4082625026072134,False
4931428F04Rik,1,0,0,,0.3957765540209336,False
4932422M17Rik,2,0,0,,0.2480997851051592,False
4932438A13Rik,5,0,0,0.8304796525639428,0.2067177769226929,False
4932438H23Rik,2,0,0,0.999465548143242,0.4732852263204807,False
4933406I18Rik,1,0,0,,0.2661377214527595,False
4933407K13Rik,2,0,0,,0.2861884240499909,False
4933412E12Rik,1,0,0,,0.1100644187802927,False
4933415A04Rik,1,0,0,,0.7680233173904226,False
4933421O10Rik,4,0,0,,0.2201618259954927,False
4933429O19Rik,1,0,0,0.3241138880166447,1.897371889360932,False
4933431E20Rik,3,0,0,0.8667737457308301,0.1866280700391047,False
4933433G15Rik,1,0,0,,0.0378995659189755,False
4933434E20Rik,6,0,0,0.4455928012475373,0.7382920601745723,False
4933439C10Rik,3,0,0,0.9999106453149894,0.4082373464284045,False
5031425E22Rik,5,0,0,0.4507347231459493,0.5237960371310927,False
5031434O11Rik,2,0,0,,0.1039170316078404,False
5031439G07Rik,6,0,0,0.5421600152661782,0.4975657950986853,False
5033421B08Rik,1,0,0,,0.7801391797348771,False
5330434G04Rik,3,0,0,0.9333672193684552,0.1716303972349278,False
5330438D12Rik,2,0,0,,0.3756707023470935,False
5430403G16Rik,2,0,0,,0.6913974854942646,False
5430405H02Rik,5,0,0,0.9603469151708518,0.6706318081382513,False
5430416N02Rik,3,0,0,,0.3611503309869714,False
5430427O19Rik,1,0,0,,0.246312322365209,False
5430431A17Rik,1,0,0,,0.8988326882347377,False
5530601H04Rik,5,0,0,0.9771941538254924,0.411615689085976,False
5730409E04Rik,4,0,0,0.9997978488301602,0.649349700229892,False
5730455P16Rik,6,0,0,0.9602485219048852,0.4351263031377446,False
5730480H06Rik,5,0,0,0.9999106453149894,0.4726745238020696,False
5830408C22Rik,1,0,0,,0.2118115089587099,False
5830432E09Rik,1,0,0,,0.0591889018183745,False
5830444B04Rik,1,0,0,,0.1063561191813826,False
5830448L01Rik,1,0,0,,0.5197670521242386,False
5930403N24Rik,1,0,0,,0.9811089925495012,False
5930430L01Rik,3,0,0,0.9997978488301602,0.4613536794724755,False
6030407O03Rik,1,0,0,0.9999106453149894,0.4772718902832399,False
6030443J06Rik,1,0,0,0.9999106453149894,0.424044558370339,False
6030458C11Rik,5,0,0,0.9997978488301602,0.7013815169624403,False
6030468B19Rik,1,0,0,,0.4574437236591235,False
6330403K07Rik,2,0,0,0.9988978288128184,0.882356460853757,False
6330403L08Rik,2,0,0,,0.163271914335763,False
6330418K02Rik,2,0,0,0.999465548143242,0.2237231313386606,False
6330562C20Rik,1,0,0,,0.0921778238590053,False
6430503K07Rik,2,0,0,0.9999106453149894,0.5527609354975305,False
6430548M08Rik,5,0,0,0.999465548143242,1.0654816171896808,False
6430590A07Rik,5,0,0,0.9790038625517664,0.6771882310867359,False
6530409C15Rik,1,0,0,,0.0876865809261492,False
6720427I07Rik,5,0,0,0.9997978488301602,0.6515564618498286,False
6720489N17Rik,1,0,0,,0.6026716953053164,False
6820408C15Rik,1,0,0,0.999465548143242,0.250679003178794,False
7630403G23Rik,1,0,0,,0.5070138907216336,False
8030442B05Rik,1,0,0,,1.5798349914693943,False
8030456M14Rik,1,0,0,,0.0074029176033672,False
8030462N17Rik,6,0,0,0.7981419645204373,0.409311395531048,False
8430429K09Rik,3,0,0,,0.6447371338812563,False
9030025P20Rik,4,0,0,0.9999106453149894,0.9344196470620832,False
9130019O22Rik,1,0,0,,0.3919855284525846,False
9130019P16Rik,1,0,0,,0.8649715392812686,False
9130023H24Rik,1,0,0,,0.3440179685400387,False
9130221H12Rik,1,0,0,,0.0060387420689236,False
9130401M01Rik,6,0,0,0.987856211944101,0.5437363347279005,False
9230114K14Rik,5,0,0,0.9997978488301602,0.9268330763006029,False
9330020H09Rik,3,0,0,,0.1392454645759887,False
9330104G04Rik,1,0,0,,0.0381931976368893,False
9330111N05Rik,1,0,0,,1.2254025246937374,False
9330117O12Rik,1,1,1,0.0155001834906601,1.1918573593577653,True
9330121J05Rik,1,0,0,,0.6941663258114361,False
9330151L19Rik,3,0,0,0.9999106453149894,0.6165431901706127,False
9330159F19Rik,3,0,0,0.9333672193684552,0.2671052310377005,False
9330159M07Rik,2,0,0,,0.88654784664253,False
9330160F10Rik,2,0,0,,0.9619898398072504,False
9330162012Rik,1,0,0,,0.0641349759422448,False
9330182L06Rik,1,0,0,0.8818650673896277,0.1908870515009518,False
9330185C12Rik,1,0,0,0.999465548143242,0.9973800866221832,False
9330188P03Rik,3,0,0,0.9999106453149894,0.7733765434443597,False
9330199G10Rik,1,0,0,,1.002341145797722,False
9430015G10Rik,2,0,0,,0.2343748363594265,False
9430038I01Rik,4,0,0,0.999465548143242,1.0492455106081822,False
9430041J12Rik,1,0,0,,0.0051824691364832,False
9430060I03Rik,1,0,0,,0.9576452295070746,False
9430065F17Rik,1,0,0,,0.6122249609156398,False
9530026P05Rik,1,0,0,0.9997978488301602,0.285321524503158,False
9530034E10Rik,1,0,0,,0.6303049328135664,False
9530059O14Rik,1,0,0,,0.4690632101194167,False
9530068E07Rik,6,0,0,0.8667737457308301,0.2112189921075715,False
9530077C05Rik,3,0,0,0.9999106453149894,0.7760320581910436,False
9530082P21Rik,1,0,0,0.9997978488301602,0.6432069115039114,False
9630009A06Rik,1,0,0,,0.0170843355378043,False
9930012K11Rik,1,0,0,,0.0614606393803791,False
9930021J03Rik,5,0,0,0.957814657333824,0.184524723031458,False
9930104L06Rik,4,0,0,,0.3455587155500917,False
9930111J21Rik2,3,0,0,0.9513816565927854,0.7647984014650383,False
A030001D20Rik,1,0,0,,0.2602309696800292,False
A130010J15Rik,4,0,0,0.9997978488301602,0.5018016091444414,False
A130014A01Rik,4,0,0,,0.5581558079712333,False
A130077B15Rik,1,0,0,,0.235852590111473,False
A230001M10Rik,1,1,1,0.0201988407307383,0.8220706040831604,True
A230009B12Rik,1,0,0,0.9613872956381267,0.0896658302983475,False
A230057D06Rik,2,0,0,,0.8546685685982006,False
A230059L01Rik,2,0,0,,0.5742721776855155,False
A2m,1,0,0,0.999465548143242,1.5846452821071475,False
A330009N23Rik,1,0,0,0.9997978488301602,0.741181835453433,False
A330015K06Rik,1,0,0,0.510905414431632,0.4613214531477935,False
A330023F24Rik,2,0,0,,0.243354000453091,False
A330040F15Rik,1,0,0,,0.0602805177944822,False
A330048O09Rik,2,0,0,0.999465548143242,0.6184774095141532,False
A330049N07Rik,1,0,0,,0.27687043252176,False
A330076H08Rik,3,0,0,0.9784212791584648,0.8573625662148479,False
A330102I10Rik,1,0,0,0.9999106453149894,0.7109673540937951,False
A430005L14Rik,6,0,0,0.9918882510064204,0.5944605945507792,False
A430018G15Rik,3,0,0,0.999465548143242,0.7214799712869083,False
A430033K04Rik,4,0,0,0.9999106453149894,0.6225416071723101,False
A430035B10Rik,1,0,0,,0.3393746815373543,False
A430106G13Rik,1,0,0,0.2500588841184687,0.7438962521513013,False
A4galt,1,0,0,0.9997978488301602,0.0882782106811225,False
A530017D24Rik,2,0,0,,0.5072030971248851,False
A530041M06Rik,2,0,0,,0.33598883842444,False
A530053G22Rik,1,0,0,,3.460661206657708,False
A530084C06Rik,1,0,0,,0.1012658865504694,False
A530088E08Rik,1,0,0,,0.6627432505633478,False
A630001G21Rik,1,0,0,0.9971649460247772,0.0106552262169588,False
A630072M18Rik,4,0,0,0.9997978488301602,0.4304518611621523,False
A630089N07Rik,1,0,0,,0.144796923859495,False
A730017L22Rik,1,0,0,,0.2821770814164847,False
A730056A06Rik,1,0,0,,0.3578577341100398,False
A730061H03Rik,1,0,0,,0.5474549378883703,False
A730063M14Rik,2,0,0,,0.9863765051142636,False
A830008E24Rik,1,0,0,,0.1395345237983105,False
A830018L16Rik,1,0,0,0.999465548143242,0.0339835260169368,False
A830019P07Rik,1,0,0,,0.1105843457249921,False
A830052D11Rik,1,0,0,,0.2172186572413578,False
A830082K12Rik,2,0,0,0.9988978288128184,0.2688520458916275,False
A830082N09Rik,1,0,0,,0.1378179894608488,False
A930001M01Rik,2,0,0,,0.7355460493029841,False
A930003A15Rik,1,0,0,,0.5173059613957482,False
A930005H10Rik,5,0,0,0.9988978288128184,0.8543336337693346,False
A930006K02Rik,2,0,0,0.9997978488301602,0.2199795089915039,False
A930007I19Rik,1,0,0,,0.1386190716492145,False
A930009A15Rik,1,0,0,0.9999106453149894,0.3279379157179884,False
A930017K11Rik,1,0,0,,0.1125440976769216,False
A930024E05Rik,1,0,0,,0.1852057309003021,False
A930028N01Rik,1,0,0,,0.1099499383250719,False
A930033H14Rik,2,0,0,0.9997978488301602,0.1605150589912058,False
AA387883,1,0,0,,0.918021994700412,False
AA388235,1,0,0,,0.6968742762218054,False
AA986860,1,0,0,,0.1158520775332481,False
AC109619.1,2,0,0,0.9999106453149894,0.5228442843941823,False
AC113595.1,1,0,0,,0.1322584786410452,False
AC132307.1,2,0,0,,1.2554083617887395,False
AC149090.1,7,0,0,0.2938841177379971,1.0592493206548153,False
AC160336.1,2,0,0,,1.730923447895884,False
AC163347.1,1,0,0,,1.043119589644519,False
AC166172.1,2,0,0,,0.8538923243084597,False
AC241534.1,1,0,0,,0.0873988803974808,False
AI413582,5,0,0,0.9687465883607126,0.7449309609569494,False
AI429214,1,0,0,,0.200272256503392,False
AI467606,2,0,0,0.9997978488301602,0.1726486945199433,False
AI480526,5,0,0,0.9988978288128184,0.6331853090527446,False
AI504432,3,0,0,0.9999106453149894,2.5008365208287704,False
AI506816,4,0,0,0.9997978488301602,0.8797456625019643,False
AI593442,1,0,0,0.9999106453149894,0.3282027550310726,False
AI597479,4,0,0,0.9999106453149894,1.0694124692387992,False
AI662270,1,0,0,,0.4428608765548381,False
AI837181,6,0,0,0.9155141700581956,0.5175369162179357,False
AI849053,1,0,0,,0.1067771763077102,False
AI987944,5,0,0,0.8555276071374743,0.3178491814192974,False
AU020206,2,0,0,0.1786296954932288,0.5052100867072729,False
AU021092,1,0,0,0.9997978488301602,0.3465496731577552,False
AU022252,5,0,0,0.9997978488301602,0.578686614954835,False
AU022793,1,0,0,,0.6433785444162942,False
AU040320,5,0,0,0.942371774006941,0.6468142011749292,False
AU041133,4,0,0,0.9999106453149894,0.8146995630868538,False
AV039307,1,0,0,,0.3926956784664212,False
AV356131,2,0,0,0.9997978488301602,0.8070772038869317,False
AW011738,4,0,0,0.9997978488301602,0.6358485173848015,False
AW047730,2,0,0,0.9988978288128184,0.1898991845289355,False
AW112010,3,0,0,0.2293666019397791,0.6714474411416965,False
AW146154,3,0,0,,0.7226432225921379,False
AW209491,5,0,0,0.9997978488301602,0.5032402749891722,False
AW495222,1,0,0,0.999465548143242,0.1495930368055829,False
AW549877,6,0,0,0.2557847868232995,0.7567211758045277,False
AW554918,5,0,0,0.9997978488301602,0.6843467614129436,False
AY036118,7,0,0,0.0739455114543741,4.5577579289010295,False
Aaas,3,0,0,0.9997978488301602,0.4008335987891259,False
Aacs,3,0,0,,0.4216159778535641,False
Aagab,5,0,0,0.8170114442332855,0.7470959441429511,False
Aak1,6,0,0,0.9614961848933092,0.3172226555833224,False
Aamdc,6,0,0,0.8919289232130931,0.4945159869654768,False
Aamp,7,0,0,0.7351547483271733,0.2544890670887315,False
Aar2,5,0,0,0.999465548143242,0.304731085617601,False
Aars,6,0,0,0.914200400224126,0.2606649717131338,False
Aars2,2,0,0,,0.6102828243818091,False
Aarsd1,6,0,0,0.9771941538254924,0.5155543272283457,False
Aasdh,3,0,0,,0.7609720284285568,False
Aasdhppt,6,0,0,0.699144657758908,0.3722290736563066,False
Aass,1,0,0,,0.3948529862680378,False
Aatf,5,0,0,0.9602485219048852,0.6539137203215102,False
Aatk,4,0,0,0.2390836728384205,0.4183213383527163,False
Abat,4,0,0,0.9771941538254924,0.5105649408697693,False
Abca1,7,0,0,0.1011847771910948,1.3424189583739556,False
Abca2,6,0,0,0.9041281403118772,0.3462286683084148,False
Abca3,5,0,0,0.9997978488301602,0.3645756788290307,False
Abca4,1,0,0,0.999465548143242,0.866446422156983,False
Abca5,5,0,0,0.9771941538254924,0.7970874703010504,False
Abca6,2,0,0,0.9999106453149894,0.3451259019717999,False
Abca7,3,0,0,0.9997978488301602,0.9407896713447657,False
Abca8a,2,0,0,0.181826732718409,0.5777178087591107,False
Abca8b,2,0,0,0.8976496990397612,0.2288372634873015,False
Abca9,2,0,0,0.1831425382079175,0.4317186232903751,False
Abcb10,4,0,0,0.5628438977412534,0.4984209830842969,False
Abcb1a,1,0,0,0.9997978488301602,0.2270702516659666,False
Abcb1b,2,0,0,0.8374844333384406,0.2052288816704049,False
Abcb4,2,0,0,0.9999106453149894,0.2807405038021949,False
Abcb6,2,0,0,,0.6988592819375843,False
Abcb7,5,0,0,0.9999106453149894,0.8837920756690691,False
Abcb8,4,0,0,0.9410987705200488,0.4700111233006107,False
Abcb9,2,0,0,0.999465548143242,0.4911372160155946,False
Abcc1,3,0,0,,0.5343559238223512,False
Abcc10,3,0,0,,0.647896647231197,False
Abcc3,1,0,0,0.7688498396020211,0.2313178665078676,False
Abcc4,2,0,0,0.9997978488301602,0.529352720201135,False
Abcc5,5,0,0,0.897435817961038,0.2734661976791453,False
Abcc6,1,0,0,0.9997978488301602,0.6738617310544536,False
Abcc9,1,0,0,,0.7978233983088209,False
Abcd1,4,0,0,0.9997978488301602,0.3507770861014782,False
Abcd2,2,0,0,0.9451899018703012,0.5665723591018064,False
Abcd3,6,0,0,0.8781770920570142,0.4635247587697458,False
Abcd4,5,0,0,0.969283370095672,0.3066079545103457,False
Abce1,6,0,0,0.8781770920570142,0.5059853164199646,False
Abcf1,7,0,0,0.9452477741013996,0.1698847846069857,False
Abcf2,6,0,0,0.9389728124425808,0.4597229080267125,False
Abcf3,6,0,0,0.8028856443737465,0.3963141980673263,False
Abcg1,4,0,0,0.6664564489374847,0.4914805473435953,False
Abcg2,4,0,0,0.9997978488301602,0.1993612292069534,False
Abcg3,1,0,0,,0.5920293927176552,False
Abcg4,1,0,0,,0.1833257438965189,False
Abhd10,6,0,0,0.9731194262592744,0.5655386628948886,False
Abhd11,6,0,0,0.999465548143242,0.4528800608979514,False
Abhd12,7,0,0,0.9613872956381267,0.368718879431549,False
Abhd13,5,0,0,0.9997978488301602,0.302381705376649,False
Abhd14a,6,0,0,0.9614961848933092,0.5853331467214563,False
Abhd14b,5,0,0,0.2521192171786874,0.9787012993501952,False
Abhd15,1,0,0,,0.657485077985292,False
Abhd16a,6,0,0,0.829388260330224,0.9430397758105974,False
Abhd17a,7,0,0,0.7406528642641967,0.315294714426501,False
Abhd17b,6,0,0,0.6168930453993272,0.3128464136666705,False
Abhd17c,5,0,0,0.8304796525639428,0.3262776229516831,False
Abhd18,5,0,0,0.962130789122402,1.0462176684890263,False
Abhd2,6,0,0,0.9550624901828332,0.5054595389596385,False
Abhd3,5,0,0,0.8747965852954473,0.3100767980907958,False
Abhd4,6,0,0,0.6338232438748905,0.3672584923247622,False
Abhd5,6,0,0,0.4054755035032859,1.359965514727761,False
Abhd6,6,0,0,0.6660405042822187,0.4300596781144072,False
Abhd8,5,0,0,0.9988978288128184,0.6327776345585319,False
Abi1,7,0,0,0.6799950726503133,0.4349639028243651,False
Abi2,6,0,0,0.2690748530140653,0.6391659538612053,False
Abi3,3,0,0,0.9025419484633896,0.924067523791218,False
Abitram,2,0,0,,0.5155059576710634,False
Abl1,5,0,0,0.6992050395393952,0.4858982263344778,False
Abl2,5,0,0,0.9997978488301602,0.2934796930786654,False
Ablim1,4,0,0,0.999465548143242,1.1401465484814122,False
Ablim2,1,0,0,0.112624615026562,0.6379364943157825,False
Abr,5,0,0,0.9988978288128184,0.2499076574497524,False
Abracl,5,0,0,0.5775305869770802,0.3067284884658747,False
Abraxas1,2,0,0,,0.3547564454473803,False
Abraxas2,6,0,0,0.9325293030592868,0.8764031361615294,False
Abt1,6,0,0,0.999465548143242,0.8774969996557912,False
Abtb1,4,0,0,0.9997978488301602,0.7550826530031435,False
Abtb2,3,0,0,0.9999106453149894,0.4375134688573131,False
Acaa1a,7,0,0,0.8897181118080411,0.4436090431121416,False
Acaa2,5,0,0,0.9988978288128184,0.9093520640464724,False
Acaca,5,0,0,0.8320163606442603,0.3714533262757677,False
Acacb,1,0,0,0.9997978488301602,0.1160490275519348,False
Acad11,4,0,0,0.999465548143242,0.6690643963431404,False
Acad12,4,0,0,0.9997978488301602,0.8326122556815548,False
Acad8,5,0,0,0.999465548143242,0.6225371023664866,False
Acad9,6,0,0,0.8809255775302922,0.354390966471131,False
Acadl,6,0,0,0.5119735431007076,0.342618420808726,False
Acadm,6,0,0,0.5628438977412534,0.4177797644997936,False
Acads,6,0,0,0.9771958735378466,0.3667984931048607,False
Acadsb,6,0,0,0.69662512810989,0.9547188810663114,False
Acadvl,6,0,0,0.5482772828567429,0.4059400760305467,False
Acan,1,0,0,0.9999106453149894,0.177423750466123,False
Acap2,6,0,0,0.5122121809989566,1.4218409057499313,False
Acap3,5,0,0,0.9997978488301602,0.4981403056213764,False
Acat1,6,0,0,0.9451899018703012,0.2359991396403153,False
Acat2,4,0,0,0.8634600166467697,0.5563626567001266,False
Acat3,1,0,0,,0.501486754690237,False
Acbd3,6,0,0,0.7552507025345226,0.3136766004915162,False
Acbd4,5,0,0,0.999465548143242,0.7103325190892632,False
Acbd5,6,0,0,0.5921062131276564,0.6859500226811374,False
Acbd6,6,0,0,0.8992872603476387,0.4615492100486341,False
Accs,1,0,0,,0.0539653523975571,False
Acd,6,0,0,0.999465548143242,1.9708820649460064,False
Ace,2,0,0,0.7199060189395102,1.614269174293637,False
Acer2,2,0,0,0.9997978488301602,0.6864107658654257,False
Acer3,4,0,0,0.8521628337851891,0.668112720357253,False
Ache,1,0,0,0.9999106453149894,0.0527200651759452,False
Acin1,7,0,0,0.9373043051280254,0.8688013337919007,False
Ackr3,2,0,0,0.9997978488301602,1.049518567792109,False
Acly,6,0,0,0.994719010761648,0.325154904437424,False
Aco1,6,0,0,0.999465548143242,0.3989131078738308,False
Aco2,6,0,0,0.9375010146418976,0.2778157165776921,False
Acot1,4,0,0,0.9613872956381267,0.7122833847390089,False
Acot11,2,0,0,0.9988978288128184,0.5975019429813166,False
Acot13,6,0,0,0.9771941538254924,0.287952317811143,False
Acot2,6,0,0,0.9650946916947672,0.5678315781855149,False
Acot6,2,0,0,,0.3574588918110307,False
Acot7,5,0,0,0.8623195156719681,2.5353464061081747,False
Acot8,5,0,0,0.8561572451790562,0.6950610927811482,False
Acot9,3,0,0,0.9997978488301602,0.2257323757705678,False
Acox1,6,0,0,0.4617148490994594,0.393642351102225,False
Acox3,4,0,0,0.3316760136881556,0.7566263425995058,False
Acp1,6,0,0,0.9409257914200232,0.1764008917725912,False
Acp2,6,0,0,0.8824350574726691,0.2424528227834285,False
Acp6,4,0,0,0.999465548143242,2.059406155089221,False
Acrbp,3,0,0,,0.2182314126637987,False
Acsbg1,1,0,0,0.9988978288128184,0.0219361014999265,False
Acsf2,2,0,0,0.9988978288128184,0.2714827265125166,False
Acsf3,3,0,0,,0.64765915924768,False
Acsl1,4,0,0,0.9603469151708518,0.088096983466088,False
Acsl3,5,0,0,0.5731398053581876,0.3944664809731368,False
Acsl4,6,0,0,0.8976496990397612,0.444827604036258,False
Acsl5,3,0,0,0.9997978488301602,0.2639736979320943,False
Acsl6,4,0,0,0.9988978288128184,0.3344682495575325,False
Acss1,4,0,0,0.9988978288128184,0.5580411671848778,False
Acss2,4,0,0,0.9073579930891098,0.5909894381466483,False
Acss3,2,0,0,0.999465548143242,1.2579942874124783,False
Actb,7,0,0,0.1107772078014633,0.6367956843080079,False
Actg1,7,0,0,0.3387879469616436,0.8781318294411272,False
Actl6a,6,0,0,0.8346797769281726,0.4778752705583579,False
Actn1,4,0,0,0.999465548143242,0.7438288304524753,False
Actn4,7,0,0,0.8904498303611323,0.5316498449659018,False
Actr10,6,0,0,0.6906436317043376,0.3461489617512183,False
Actr1a,6,0,0,0.8385114591505844,0.484363044637272,False
Actr1b,6,0,0,0.8543828945441976,0.3908689595438787,False
Actr2,7,0,0,0.5478349178178319,0.4434080716943549,False
Actr3,7,0,0,0.8234616564143439,0.4107112684857822,False
Actr3b,1,0,0,,0.4325859705389868,False
Actr5,4,0,0,0.9997978488301602,0.5182059128155913,False
Actr6,6,0,0,0.662435093738896,0.6682622816546299,False
Actr8,6,0,0,0.9888530160051576,0.3639348671826692,False
Acvr1,5,0,0,0.9997978488301602,0.4998401270843301,False
Acvr1b,3,0,0,0.9999106453149894,0.5523018702192496,False
Acvr2a,4,0,0,0.9997978488301602,0.7256872999453197,False
Acvr2b,5,0,0,0.3329686215674753,0.8284135869342293,False
Acvrl1,2,0,0,0.9997978488301602,0.1340474941867429,False
Acy1,3,0,0,0.8352323247011454,0.7067972205710078,False
Acy3,2,0,0,,1.0258324302467046,False
Acyp1,6,0,0,0.924893420141649,0.155758478234982,False
Acyp2,5,1,1,0.0201988407307383,0.7432961805286569,True
Ada,2,0,0,,1.061245853373136,False
Adal,3,0,0,0.9999106453149894,0.1721391939215416,False
Adam10,6,0,0,0.9007266118211642,0.1535387632023589,False
Adam11,2,0,0,0.9999106453149894,0.5438228762595482,False
Adam12,1,0,0,0.9999106453149894,0.2039208395042977,False
Adam15,6,1,1,0.0026366912595543,0.9883634193399587,True
Adam17,5,0,0,0.2840303217911778,0.651987817859678,False
Adam19,1,0,0,0.1653394666566003,0.8551372085527067,False
Adam22,3,0,0,0.6603586966737383,0.383423449151812,False
Adam23,3,0,0,0.9988978288128184,0.56423506743489,False
Adam33,1,0,0,0.998947809908267,0.2878496832805611,False
Adam9,5,0,0,0.4183756152691527,0.4708549566114731,False
Adamts1,6,1,1,0.0010416902091958,1.1229416940419468,True
Adamts10,3,0,0,0.9997978488301602,0.781494029805162,False
Adamts16,1,0,0,,0.2604817400692909,False
Adamts2,1,0,0,,1.2654524048764502,False
Adamts20,2,0,0,,0.6342848009704639,False
Adamts4,1,0,0,0.6364671617493949,0.323970266015079,False
Adamts5,2,0,0,0.999465548143242,0.4616865041848268,False
Adamts6,3,0,0,0.9999106453149894,0.6065913923571083,False
Adamts9,1,0,0,,1.063605924663381,False
Adamtsl1,1,0,0,0.9693377484700088,0.0624799900958227,False
Adamtsl2,1,0,0,0.9997978488301602,0.2358215441887811,False
Adamtsl4,1,0,0,0.2703598826711402,0.5876853513181302,False
Adap1,2,0,0,0.9633491527935024,0.1000122473908124,False
Adap2,1,0,0,0.4305705324892002,0.2719306276792879,False
Adap2os,1,0,0,0.5439173268208051,0.2755682685687931,False
Adar,5,0,0,0.9997978488301602,0.2926712572121502,False
Adarb1,4,0,0,0.999465548143242,0.8567879535768405,False
Adarb2,1,0,0,0.9999106453149894,0.3605592272539757,False
Adat1,2,0,0,,0.768804649217025,False
Adat2,2,0,0,,0.427391857070349,False
Adck1,6,0,0,0.999465548143242,0.4756234496145509,False
Adck2,5,0,0,0.9997978488301602,0.5178476804204777,False
Adck5,3,0,0,0.9999106453149894,0.216742000657208,False
Adcy1,1,0,0,0.9999106453149894,0.7147009688311357,False
Adcy2,1,0,0,0.9988978288128184,0.3182156399495481,False
Adcy3,3,0,0,0.9999106453149894,0.356176413017275,False
Adcy4,1,0,0,0.9997978488301602,0.0590808621930323,False
Adcy5,2,0,0,0.5628438977412534,0.7728163151987364,False
Adcy6,4,0,0,0.9997978488301602,1.1645691361354702,False
Adcy7,1,0,0,0.5439173268208051,0.3557752992131905,False
Adcy8,1,0,0,,1.2212155792507715,False
Adcy9,4,0,0,,0.4076003350624159,False
Adcyap1r1,2,0,0,0.9988978288128184,0.3064507219182531,False
Add1,6,0,0,0.8204826256055683,0.3470029806631853,False
Add2,1,0,0,0.9999106453149894,0.0859226599322351,False
Add3,6,0,0,0.9162293403282824,0.2960379556677037,False
Adgra1,2,0,0,0.9999106453149894,0.5862521508517152,False
Adgra2,1,0,0,0.9997978488301602,0.4653915745725228,False
Adgra3,4,0,0,0.9997978488301602,0.6858786655844794,False
Adgrb1,3,0,0,0.9988978288128184,0.524120809338224,False
Adgrb2,3,0,0,0.9988978288128184,0.530820906173783,False
Adgrb3,2,0,0,0.9988978288128184,0.2161330993279321,False
Adgre1,2,0,0,0.9375010146418976,0.2412919755668728,False
Adgre5,2,0,0,0.9997978488301602,1.009738520450869,False
Adgrf5,1,0,0,0.9997978488301602,0.011719569200933,False
Adgrg1,5,0,0,0.7457010520309937,0.3141591738585314,False
Adgrg2,1,0,0,,0.2183266205417762,False
Adgrl1,6,0,0,0.9988978288128184,0.9864077006983338,False
Adgrl2,3,0,0,0.9997978488301602,0.2911442708464663,False
Adgrl3,4,0,0,0.9988978288128184,0.8626628922369965,False
Adgrl4,1,0,0,0.9997978488301602,0.4180417339764734,False
Adgrv1,1,0,0,0.97714218428337,0.1438243274502721,False
Adh5,7,0,0,0.932359337878531,0.3742275632795575,False
Adhfe1,2,0,0,0.999465548143242,1.3676036530842128,False
Adi1,6,0,0,0.8781770920570142,0.7294433207744647,False
Adipor1,7,0,0,0.7903420570657842,0.4461725709978336,False
Adipor2,6,1,1,0.0005207571666959,0.7859208050238898,True
Adk,6,0,0,0.9550624901828332,0.5981396337141859,False
Adm,2,1,1,0.0019910813771124,1.7211153795404917,True
Adnp,6,0,0,0.7505921291913534,0.7284813130837828,False
Adnp2,3,0,0,,0.2075772690928152,False
Ado,5,0,0,0.9771941538254924,0.3093492734609506,False
Adora1,3,0,0,0.608738350358161,0.2943594507348417,False
Adora2b,2,0,0,0.9988978288128184,0.1834361886002001,False
Adora3,1,0,0,0.8377027920439163,0.1720962457316071,False
Adpgk,5,0,0,0.9999106453149894,0.5208288375067374,False
Adprh,5,0,0,0.9688039107488444,0.2131839286863091,False
Adprhl2,6,0,0,0.9687465883607126,0.905943570521815,False
Adprm,5,0,0,0.999465548143242,0.3382987548646635,False
Adra1a,1,0,0,,0.704396062858376,False
Adra2a,1,0,0,,0.4500494109247236,False
Adrb1,2,1,1,0.0058458940675729,0.8916372077832195,True
Adrb2,3,0,0,0.5103893555672101,0.2229213495073033,False
Adrm1,6,0,0,0.1670020543365187,0.8745801791533374,False
Adsl,5,0,0,0.999465548143242,0.347504569596134,False
Adss,6,0,0,0.932359337878531,0.2650565448710146,False
Adssl1,3,0,0,0.1124940196435679,0.4321008162097403,False
Aebp1,3,0,0,0.4761609756474929,1.5547261877757588,False
Aebp2,6,0,0,0.5467331182469379,0.3957988430227894,False
Aen,6,0,0,0.999465548143242,0.8135743598489911,False
Afap1,5,0,0,0.9640531979720832,0.3041777942255985,False
Afap1l1,3,0,0,0.9524660103656164,0.5902838003071397,False
Afap1l2,2,0,0,0.9997978488301602,0.2508881367256539,False
Afdn,5,0,0,0.2729352340497015,0.5071394609639674,False
Aff1,5,0,0,0.9997978488301602,0.629031378250548,False
Aff4,7,0,0,0.914200400224126,0.9483449155649925,False
Afg1l,4,0,0,0.9997978488301602,0.5239774815437399,False
Afg3l1,6,0,0,0.9613872956381267,0.8316102082755903,False
Afg3l2,6,0,0,0.999465548143242,0.5202322821944699,False
Afmid,1,0,0,,0.1956344071103941,False
Aftph,7,0,0,0.6406616584581629,0.5587239113921915,False
Aga,6,0,0,0.5628438977412534,0.447215985364907,False
Agap1,5,0,0,0.8204826256055683,0.2283636543275661,False
Agap2,2,0,0,0.9999106453149894,0.4302672407718462,False
Agap3,6,0,0,0.6822747866174913,0.3679632964555874,False
Agbl2,1,0,0,0.999465548143242,0.0448816469387241,False
Agbl3,6,0,0,0.999465548143242,0.7407974563852828,False
Agbl5,1,0,0,,0.4840355130050535,False
Agfg1,6,0,0,0.9614552220217218,0.6851402525277219,False
Agfg2,4,0,0,0.999465548143242,0.4658999911485613,False
Aggf1,6,0,0,0.8781770920570142,0.4517435407151619,False
Agk,5,0,0,0.9997978488301602,0.386788655176298,False
Agl,6,0,0,0.9554023134682036,0.4948037249529292,False
Agmo,3,0,0,0.9946189224594264,0.1583353194061061,False
Ago1,5,0,0,0.8402201583633553,0.278201542831069,False
Ago2,6,0,0,0.9420281181364688,0.6216496860941889,False
Ago3,6,0,0,0.1010130964597864,1.0830072530399868,False
Ago4,3,0,0,0.9999106453149894,0.6061459862800153,False
Agpat1,5,0,0,0.9693377484700088,0.1041482781473234,False
Agpat2,2,0,0,,0.2916443298330625,False
Agpat3,7,0,0,0.8604918866046185,0.7581205041338643,False
Agpat4,5,0,0,0.9409257914200232,0.2483779170642705,False
Agpat5,6,0,0,0.3197442510937461,0.567084477037105,False
Agps,6,0,0,0.2733989453007747,0.9325649750796956,False
Agrn,5,0,0,0.9988978288128184,0.3237293296012864,False
Agt,1,1,1,1.3351393427721536e-05,1.0505404875601332,True
Agtpbp1,6,0,0,0.9524660103656164,0.2327511274673991,False
Agtrap,4,0,0,0.999465548143242,0.2919457820643796,False
Ahctf1,5,0,0,0.9703403656677598,0.3878818043538606,False
Ahcy,1,0,0,,0.7495965607834664,False
Ahcyl1,6,0,0,0.7316551831793551,0.3840062322235185,False
Ahcyl2,6,0,0,0.8904498303611323,0.8250145706750316,False
Ahdc1,5,0,0,0.9997978488301602,0.3728603661467503,False
Ahi1,6,0,0,0.8767627648475128,0.1648070402794662,False
Ahnak,4,0,0,0.998947809908267,2.6951422775185185,False
Ahsa1,7,0,0,0.9771941538254924,0.4294759477487473,False
Ahsa2,6,0,0,0.945935472832574,0.4092933861125454,False
Aida,6,0,0,0.9636847167956676,0.2925940963715427,False
Aif1,2,0,0,0.3295711257177804,0.5610479635881102,False
Aif1l,2,0,0,0.2500588841184687,0.5971949012796134,False
Aifm1,6,0,0,0.9851516640616746,0.4718855971127225,False
Aifm2,2,0,0,,0.332922692781579,False
Aifm3,2,0,0,0.7316551831793551,0.6428347329318631,False
Aig1,6,0,0,0.9614961848933092,0.6897564316813138,False
Aim2,2,0,0,0.998670535736902,0.8050011790763811,False
Aimp1,7,0,0,0.8552689786971891,0.6891630987332774,False
Aimp2,6,0,0,0.999465548143242,0.8040400288094678,False
Aip,6,0,0,0.9181880313603464,0.3716074748091901,False
Ajm1,3,0,0,,0.2569504020022639,False
Ajuba,1,0,0,,0.2229429123798364,False
Ak1,4,0,0,0.7949725240749512,0.4158548094270506,False
Ak2,6,0,0,0.6246222214250083,0.3074187019145126,False
Ak3,6,0,0,0.9524660103656164,0.2567409906566142,False
Ak4,2,0,0,,0.3232244991848939,False
Ak6,6,0,0,0.9971969115348804,1.1562171619975403,False
Ak7,1,0,0,0.999465548143242,0.3521485061807843,False
Ak8,1,0,0,0.999465548143242,0.5096914617770929,False
Ak9,1,0,0,0.999465548143242,0.4679888060387628,False
Akap1,4,0,0,0.9997978488301602,0.367920025429044,False
Akap10,4,0,0,,0.358766167757508,False
Akap11,6,0,0,0.9771941538254924,1.166420444520574,False
Akap12,2,0,0,0.9997978488301602,0.8444952664919589,False
Akap13,6,0,0,0.6664564489374847,0.2329086394769063,False
Akap17b,2,0,0,0.999465548143242,0.8900472645482794,False
Akap5,1,0,0,,0.4646783743537646,False
Akap6,3,0,0,0.765298742563088,0.4880958656932972,False
Akap7,6,0,0,0.97714218428337,0.288097142011929,False
Akap8,6,0,0,0.6693424411518628,0.2963594452171236,False
Akap8l,5,0,0,0.9613872956381267,0.4397411186854517,False
Akap9,6,0,0,0.9221080336928896,0.4662674232341534,False
Akip1,4,0,0,0.999465548143242,0.5144769538018213,False
Akirin1,7,0,0,0.3887228377424673,0.5386656528509494,False
Akirin2,7,0,0,0.7052389887533064,0.3361924076280795,False
Akna,1,0,0,0.9010248316522482,0.123380432738206,False
Akr1a1,7,0,0,0.1324667814402749,0.5687567729685531,False
Akr1b10,4,0,0,0.9451899018703012,0.7766157433303489,False
Akr1b3,7,0,0,0.9607335331854868,0.2207246351054385,False
Akr1e1,6,0,0,0.9771941538254924,0.5169932579688463,False
Akr7a5,6,0,0,0.9603469151708518,0.6446928867467938,False
Akt1,7,0,0,0.1921190395084579,0.6653956983474035,False
Akt1s1,6,0,0,0.7671827108007256,0.6759967585440125,False
Akt2,6,0,0,0.679500542127602,0.6256102740543453,False
Akt3,5,0,0,0.9997978488301602,0.9053712665876792,False
Aktip,6,0,0,0.6544100418501194,0.4205227472215068,False
Alad,6,0,0,0.4230302808013113,1.040629812339278,False
Alas1,6,0,0,0.9375010146418976,0.4844043174549149,False
Alcam,4,0,0,0.2611873424992844,0.4852181321689431,False
Aldh16a1,2,0,0,,0.3716704872222938,False
Aldh18a1,2,0,0,0.9999106453149894,0.6113872364815053,False
Aldh1a1,2,0,0,0.9988978288128184,0.4720713388459352,False
Aldh1a3,1,0,0,,1.4589140865961336,False
Aldh1l1,2,0,0,0.9988978288128184,0.1257271429379296,False
Aldh1l2,2,0,0,0.9999106453149894,1.046423775603004,False
Aldh2,7,1,1,0.0105118365052581,0.751294683261493,True
Aldh3a2,6,0,0,0.9601312667032076,0.3299138953072603,False
Aldh3b1,4,0,0,0.979085725324748,0.3412135989750935,False
Aldh4a1,4,0,0,0.9997978488301602,0.8659583064520328,False
Aldh5a1,3,0,0,0.7551937344748008,0.4035615357973949,False
Aldh6a1,6,0,0,0.8543828945441976,0.5941143129187916,False
Aldh7a1,6,0,0,0.9693377484700088,0.2519476907883062,False
Aldh9a1,6,0,0,0.9988978288128184,0.4924631860556615,False
Aldoa,7,1,1,0.0112999690882773,0.489749893833221,True
Aldoc,6,0,0,0.0606118583252926,1.3479325503499904,False
Alg1,4,0,0,0.7103635350433385,0.7117595833395866,False
Alg10b,5,0,0,0.9997978488301602,0.4536891609147322,False
Alg11,5,0,0,0.8424121802998759,0.3633605378861733,False
Alg12,3,0,0,,0.3122239666440152,False
Alg13,2,0,0,,0.3680024044303581,False
Alg14,6,0,0,0.9923104852961409,0.7087909081461845,False
Alg2,5,0,0,0.987856211944101,0.3980741044991939,False
Alg3,4,0,0,0.9999106453149894,0.474962362938481,False
Alg5,6,0,0,0.7301644375255361,0.4301497490631983,False
Alg6,5,0,0,0.9997978488301602,0.7141457189785343,False
Alg8,3,0,0,,0.5836784863109976,False
Alg9,4,0,0,,0.9969648849988324,False
Alkbh1,5,0,0,0.9997978488301602,0.2476335116479194,False
Alkbh2,2,0,0,,0.4121906143330848,False
Alkbh3,6,0,0,0.9050496600960076,0.3634027605974791,False
Alkbh4,2,0,0,,0.5767166214086468,False
Alkbh5,6,0,0,0.5803942691919607,0.3614903745782871,False
Alkbh6,6,0,0,0.7158904442994523,0.4881681266477912,False
Alkbh7,6,0,0,0.9771941538254924,0.4844649844472634,False
Alkbh8,6,0,0,0.9705682900236324,1.163910339273169,False
Alms1,2,0,0,0.9999106453149894,0.5913651516127664,False
Alox12,1,0,0,0.9997978488301602,0.8042090606317364,False
Alox5,1,0,0,,0.9622333190238582,False
Alox5ap,2,0,0,0.1048871970536447,0.6074075843530123,False
Alpk1,2,0,0,,0.9629882240002342,False
Alpl,2,0,0,0.9997978488301602,0.3990337875614843,False
Als2,2,0,0,,0.2364537882395328,False
Als2cl,2,0,0,0.9997978488301602,0.2295122111671726,False
Alyref,7,0,0,0.9483415249074936,0.5662946983351559,False
Alyref2,4,0,0,0.9999106453149894,0.3157293584719273,False
Amacr,5,0,0,0.999465548143242,0.4291017539222361,False
Ambra1,5,0,0,0.9999106453149894,0.6301594020285319,False
Amd1,6,0,0,0.6338232438748905,0.8701716713975255,False
Amd2,2,0,0,,0.1800546011634143,False
Amdhd2,6,0,0,0.8781770920570142,1.1358215676740564,False
Amer1,5,0,0,0.9997978488301602,0.7037621238392806,False
Amer2,5,0,0,0.0946041179627544,0.4616086842706179,False
Amfr,6,0,0,0.9771941538254924,0.3774762352340471,False
Amigo1,2,0,0,,0.3571557509959464,False
Ammecr1,3,0,0,,0.7653462181685157,False
Ammecr1l,6,0,0,0.999465548143242,1.337064731852667,False
Amn1,5,0,0,0.9932527654424816,0.4924435621538994,False
Amot,2,0,0,0.9997978488301602,0.6911910491615294,False
Amotl1,5,0,0,0.999465548143242,0.494397457479958,False
Amotl2,4,0,0,0.6603586966737383,0.5723099699858164,False
Ampd2,3,0,0,0.999465548143242,0.3170360233597467,False
Ampd3,3,0,0,0.9999106453149894,0.3075750510142438,False
Amph,2,0,0,0.5429168941116693,0.3924203742628986,False
Amt,3,0,0,0.9988978288128184,0.1471467327684255,False
Amy1,1,0,0,,0.4525203170190691,False
Amz1,2,0,0,0.9999106453149894,0.0844298113360842,False
Amz2,6,0,0,0.8719440753032909,0.5843881788914275,False
Anapc1,5,0,0,0.9195015463792224,0.3271596648954662,False
Anapc10,6,0,0,0.999465548143242,0.6413537557796329,False
Anapc11,6,0,0,0.83324841829051,0.5745457032426169,False
Anapc13,7,0,0,0.2959242692458669,0.4778687222954389,False
Anapc15,5,0,0,0.999465548143242,0.672430347239704,False
Anapc16,6,0,0,0.5668712309281879,0.3013940957018792,False
Anapc2,6,0,0,0.96438277861516,0.5525483160461758,False
Anapc4,6,0,0,0.9867318244790833,0.4542326889171642,False
Anapc5,7,0,0,0.3377758760660661,0.6190460021907086,False
Anapc7,6,0,0,0.9784212791584648,1.1813147714527308,False
Ang,3,0,0,0.5116073062908517,1.153537343226987,False
Angel1,2,0,0,,0.4653100499795433,False
Angel2,6,0,0,0.8402201583633553,0.4384636136963336,False
Angpt1,1,0,0,,0.2756522272478393,False
Angpt2,1,0,0,,0.8480870837828643,False
Angptl1,1,0,0,0.9999106453149894,0.5624469144362659,False
Angptl2,1,0,0,0.999465548143242,0.2573955430556522,False
Angptl3,1,0,0,,0.2269994159504779,False
Angptl4,2,0,0,0.9997978488301602,0.5184553839892337,False
Angptl6,1,0,0,,0.0198152270675696,False
Angptl7,1,0,0,,1.654627966007449,False
Ank,5,0,0,0.9046036284813656,0.3882223841765633,False
Ank2,4,0,0,0.9070979963988064,0.1236877090326271,False
Ank3,3,0,0,0.5542916709545092,0.2191939515042197,False
Ankfy1,5,0,0,0.9971230182955928,0.6407794017085122,False
Ankhd1,7,0,0,0.8374844333384406,0.907970256291417,False
Ankib1,5,0,0,0.0935362268665705,0.5531873612099989,False
Ankle2,5,0,0,0.829388260330224,0.4288183709383985,False
Ankmy2,6,0,0,0.999465548143242,0.4652126036054171,False
Ankra2,6,0,0,0.9913226326328984,0.2339864177242368,False
Ankrd10,5,0,0,0.5725904556512108,0.4655090623746884,False
Ankrd11,7,0,0,0.2288706367945956,0.677585553164061,False
Ankrd12,7,0,0,0.8263141711509586,0.2342875432741858,False
Ankrd13a,5,0,0,0.5086811856719438,0.6012881139320257,False
Ankrd13b,1,0,0,0.8818650673896277,0.2169362372332375,False
Ankrd13c,6,0,0,0.1949667430997806,0.8332827103344098,False
Ankrd13d,1,0,0,,0.2111154068224938,False
Ankrd16,5,0,0,0.9997978488301602,0.972433621268616,False
Ankrd17,7,0,0,0.8622072670002854,0.5791367346127219,False
Ankrd24,5,0,0,0.9999106453149894,0.5081862135001427,False
Ankrd26,5,0,0,0.942371774006941,0.6377886887770945,False
Ankrd27,3,0,0,0.9997978488301602,0.4215216703511086,False
Ankrd28,5,0,0,0.3329686215674753,0.8683400947924174,False
Ankrd29,2,0,0,,0.1675155937095936,False
Ankrd33b,1,0,0,0.9997978488301602,0.0786621830616845,False
Ankrd37,3,0,0,0.9997978488301602,1.1953638722369702,False
Ankrd39,4,0,0,0.999465548143242,0.726857498306826,False
Ankrd40,6,0,0,0.7747015316640691,0.7331089123519666,False
Ankrd42,1,0,0,0.999465548143242,0.0346953275707499,False
Ankrd44,5,0,0,0.824780238046166,0.3179964363139713,False
Ankrd45,1,0,0,0.999465548143242,0.8950361134826575,False
Ankrd46,6,0,0,0.8767627648475128,0.2134700801022261,False
Ankrd49,5,0,0,0.977017223345402,0.4340350277542669,False
Ankrd50,4,0,0,0.9997978488301602,0.3291917493701927,False
Ankrd52,2,0,0,,0.6876417052317476,False
Ankrd54,5,0,0,0.999465548143242,0.7736451558585861,False
Ankrd6,3,0,0,0.9999106453149894,0.3311857402626822,False
Ankrd9,3,0,0,0.999465548143242,0.4657648776034334,False
Anks1,5,0,0,0.9988978288128184,0.4038236819096651,False
Anks1b,2,1,1,0.0035597429058642,0.6089719098321582,True
Anks3,6,0,0,0.9784212791584648,0.7171332055730334,False
Anks6,2,0,0,,0.710980900827742,False
Ankub1,1,0,0,0.354010194541341,0.4206455400552346,False
Ankzf1,4,0,0,0.9997978488301602,0.9128091571318188,False
Anln,1,0,0,0.942371774006941,0.0731981224844873,False
Ano10,5,0,0,0.926697213502617,0.6862105400974287,False
Ano4,2,0,0,0.3435054933990374,0.3842621523115029,False
Ano6,4,0,0,0.9997978488301602,0.2394594419849961,False
Ano7,1,0,0,,0.4166830199169839,False
Ano8,3,0,0,,0.7835343735594794,False
Anp32a,7,0,0,0.9235234228535996,0.4345105947704814,False
Anp32b,7,0,0,0.9603469151708518,0.2347769671365459,False
Anp32e,6,0,0,0.9373043051280254,0.2450062307669294,False
Antxr1,3,0,0,0.9999106453149894,0.402685546706059,False
Anxa11,3,0,0,0.999465548143242,0.5150910787911245,False
Anxa2,2,0,0,0.9997978488301602,1.2495048537677476,False
Anxa3,3,0,0,0.8666526310567575,0.9362402488782644,False
Anxa4,4,0,0,0.999465548143242,0.1758528334754064,False
Anxa5,6,0,0,0.9924339810191554,0.6731192948412994,False
Anxa6,5,0,0,0.999465548143242,0.3541448609245544,False
Anxa7,6,0,0,0.999465548143242,1.5477384192480366,False
Aopep,6,0,0,0.9613872956381267,0.6159556051905943,False
Aox1,1,0,0,,0.710484319618206,False
Ap1ar,6,0,0,0.9771941538254924,0.9309115565392012,False
Ap1b1,7,0,0,0.7677847574080404,0.6334873395048403,False
Ap1g1,6,0,0,0.6417099393639951,0.733712025995007,False
Ap1g2,1,0,0,,0.669476457301405,False
Ap1m1,6,0,0,0.8904498303611323,0.3917648982195255,False
Ap1s1,5,0,0,0.9195015463792224,0.5306358671000374,False
Ap1s2,7,0,0,0.5013910934419598,0.44735224185105,False
Ap2a1,6,0,0,0.9971230182955928,0.3016274046587656,False
Ap2a2,7,0,0,0.767014913864404,0.814445608911139,False
Ap2b1,6,0,0,0.1246748647526224,0.5171974698189942,False
Ap2m1,7,0,0,0.6542147650564231,0.4643435093349368,False
Ap2s1,7,0,0,0.9393336235890252,0.1997741124411562,False
Ap3b1,6,0,0,0.8792108979263223,0.5261116063313229,False
Ap3b2,3,0,0,0.9994094398372564,0.4231337622199371,False
Ap3d1,6,0,0,0.8648295217626408,0.3035226933217595,False
Ap3m1,5,0,0,0.9693377484700088,0.2788151049960433,False
Ap3m2,5,0,0,0.9997978488301602,0.5982078152851797,False
Ap3s1,6,0,0,0.9988978288128184,0.6283654839977156,False
Ap3s2,6,0,0,0.9784212791584648,0.3164264734457629,False
Ap4b1,3,0,0,,0.586904583258913,False
Ap4e1,2,0,0,,0.6110971515755725,False
Ap4m1,6,0,0,0.999465548143242,0.8335102056441294,False
Ap4s1,6,0,0,0.9932527654424816,0.4007991968179696,False
Ap5b1,1,0,0,,0.033303536833486,False
Ap5m1,5,0,0,0.9564538073765246,0.4220590241683168,False
Ap5s1,3,0,0,,0.8606431318868221,False
Ap5z1,4,0,0,0.918102734683989,0.45846485440945,False
Apaf1,3,0,0,,0.7633795198468202,False
Apba1,2,0,0,0.9307661360146416,0.1508281661556777,False
Apba2,3,0,0,0.9988978288128184,0.3726733976544839,False
Apba3,4,0,0,0.9997978488301602,0.3923731946452542,False
Apbb1,6,0,0,0.3425976619043631,0.4142901372112521,False
Apbb1ip,4,0,0,0.7334024540777723,0.5358874452690009,False
Apbb2,5,0,0,0.8781770920570142,0.4929125724275727,False
Apbb3,3,0,0,,0.9145036155073036,False
Apc,6,0,0,0.6851516237795443,0.481548283094619,False
Apc2,3,0,0,0.9999106453149894,0.1903422859738072,False
Apcdd1,2,0,0,0.9997978488301602,1.2773030383768536,False
Apeh,5,0,0,0.999465548143242,0.5819392149239805,False
Apex1,5,0,0,0.9373043051280254,0.435035773945329,False
Apex2,3,0,0,0.9999106453149894,0.7615379859404467,False
Aph1a,6,0,0,0.9460749508862464,0.2100579271560272,False
Aph1b,4,0,0,0.9999106453149894,0.771139872777423,False
Aph1c,5,0,0,0.999465548143242,0.8358728306727614,False
Api5,6,0,0,0.8200701854015707,0.3397997752303434,False
Apip,6,0,0,0.942371774006941,0.4422223834382094,False
Aplf,1,0,0,,0.2067322649735374,False
Apln,2,0,0,0.4191368584254817,0.9324488964080436,False
Aplp1,6,0,0,0.5487921607857551,0.4320141772725639,False
Aplp2,7,0,0,0.6467705994075044,0.1974735566489589,False
Apmap,6,0,0,0.8402201583633553,1.1077547692115024,False
Apobec1,1,0,0,,0.1706073208626085,False
Apobec2,1,0,0,,0.9064869801758336,False
Apobec3,3,0,0,0.7794784408303954,0.7847334927383862,False
Apobr,1,0,0,,0.5269091766173103,False
Apoc1,2,0,0,0.999465548143242,1.5224169046547968,False
Apod,3,1,1,3.014010760717786e-05,0.6193134759186993,True
Apoe,7,1,1,2.9415095627081167e-10,0.9240539352550348,True
Apold1,1,0,0,0.9997978488301602,0.1368134030408726,False
Apoo,6,0,0,0.9806446780251482,0.271972463743991,False
Apool,5,0,0,0.959262122655081,0.5384222844855531,False
Apopt1,6,0,0,0.9913226326328984,0.2394928878578912,False
App,7,0,0,0.1991979081669301,0.3250398420470209,False
Appbp2,6,0,0,0.8818650673896277,0.1434891979012191,False
Appl1,6,0,0,0.9613872956381267,0.5170823918504659,False
Appl2,6,0,0,0.9155141700581956,0.7021764036336469,False
Aprt,7,0,0,0.752909449770359,1.2666571444540884,False
Aptx,5,0,0,0.8767627648475128,0.5271881534384436,False
Aqp1,1,0,0,0.999465548143242,0.0257715373487763,False
Aqp11,2,0,0,0.9997978488301602,0.0786678009928843,False
Aqp4,1,0,0,0.4430199591986191,0.4425531937334009,False
Aqp9,1,0,0,,0.0932458348213916,False
Aqr,6,0,0,0.694295957244932,0.6323001944880423,False
Araf,6,0,0,0.8744047501279549,0.6425031689077141,False
Arap1,4,0,0,0.829388260330224,0.3691736606043391,False
Arap2,5,0,0,0.9603469151708518,0.5336096248882459,False
Arap3,2,0,0,0.9771958735378466,0.049097636293671,False
Arc,1,0,0,0.9610961384070976,0.0904226692189491,False
Arcn1,6,0,0,0.5659384941766186,0.6443158036650953,False
Arel1,5,0,0,0.4143961638501787,0.7038769642359194,False
Arf1,7,0,0,0.9241165013801418,0.3155932790361544,False
Arf2,6,0,0,0.9644314079198152,0.2532141130014623,False
Arf3,6,0,0,0.9375010146418976,0.4936221857076409,False
Arf4,7,0,0,0.5478349178178319,0.3914090395336987,False
Arf5,7,0,0,0.6496164198274861,0.4843596074599489,False
Arf6,7,0,0,0.7787626044774035,0.4837109207801842,False
Arfgap1,5,0,0,0.914200400224126,0.7666489983420661,False
Arfgap2,6,0,0,0.7379777657913047,0.5214423493448315,False
Arfgap3,5,0,0,0.9970554848778064,0.4362236377598443,False
Arfgef1,6,0,0,0.7753215452689913,0.2694269489013602,False
Arfgef2,5,0,0,0.9434392934513736,0.4604470711735412,False
Arfgef3,2,0,0,0.9999106453149894,0.0617751580635801,False
Arfip1,6,0,0,0.9616209532873972,0.3699525279107801,False
Arfip2,6,0,0,0.7279928637842193,0.3722080345054499,False
Arfrp1,6,0,0,0.9771941538254924,0.3279375892792716,False
Arglu1,7,0,0,0.482868142819068,0.5271235016635115,False
Arhgap1,5,0,0,0.9997978488301602,0.3758294916480813,False
Arhgap10,2,0,0,0.999465548143242,0.9168929985076452,False
Arhgap11a,1,0,0,,0.3346399725521778,False
Arhgap12,6,0,0,0.7155706385760887,0.5635999224653195,False
Arhgap15,2,0,0,0.998947809908267,0.7856033012785834,False
Arhgap17,6,0,0,0.9451899018703012,0.3555386128646489,False
Arhgap18,5,0,0,0.998947809908267,0.5012082736795632,False
Arhgap19,1,0,0,,0.0573621974297585,False
Arhgap20,2,0,0,0.9997978488301602,0.273621199183314,False
Arhgap21,5,0,0,0.9771941538254924,0.4461235031242161,False
Arhgap22,1,0,0,,0.0187259636207787,False
Arhgap23,3,0,0,0.6466179499013439,0.4140198903892664,False
Arhgap24,4,0,0,0.9999106453149894,0.9145782566541902,False
Arhgap25,2,0,0,0.7926256686644318,0.2043492784725698,False
Arhgap26,2,0,0,0.9997978488301602,0.2388135173057986,False
Arhgap27,2,0,0,0.8115452968408448,0.3032864809705835,False
Arhgap29,3,0,0,0.9997978488301602,0.2756604525723974,False
Arhgap30,2,0,0,0.1271864463398001,0.4557530411400263,False
Arhgap31,6,0,0,0.8234923081165902,0.5192997025567772,False
Arhgap32,5,0,0,0.8424121802998759,0.3895641084023881,False
Arhgap33,2,0,0,0.9999106453149894,0.4842735663470109,False
Arhgap35,6,0,0,0.9746787205366187,0.9025033613799957,False
Arhgap39,4,0,0,0.8058406872380226,0.2327677515351693,False
Arhgap4,1,0,0,0.96438277861516,0.0597016866365262,False
Arhgap42,2,0,0,0.999465548143242,0.9444022660810232,False
Arhgap45,2,0,0,0.3377758760660661,0.3361964752249399,False
Arhgap5,7,0,0,0.4732031736732465,0.8382122544519236,False
Arhgap9,1,0,0,,0.6145708930108625,False
Arhgdia,7,0,0,0.4455928012475373,0.3127902746346466,False
Arhgdib,3,0,0,0.3129902983708811,0.4605840490671292,False
Arhgdig,3,0,0,0.999465548143242,0.8008820599720483,False
Arhgef1,6,0,0,0.8845690847761323,0.6613347836830495,False
Arhgef10,3,0,0,0.9693377484700088,0.638118207077199,False
Arhgef10l,3,0,0,0.9999106453149894,0.4144428973721241,False
Arhgef11,5,0,0,0.7407922467459416,0.7058245372759828,False
Arhgef12,6,0,0,0.8747965852954473,0.9736521631174334,False
Arhgef15,1,0,0,0.9997978488301602,0.1252216964617691,False
Arhgef17,2,0,0,0.999465548143242,0.0843048144689992,False
Arhgef18,6,0,0,0.999465548143242,0.6987577794748925,False
Arhgef19,3,0,0,0.9988978288128184,0.3148995323828137,False
Arhgef2,5,0,0,0.8285069911569397,0.2504933650323871,False
Arhgef25,3,0,0,0.9999106453149894,0.3955252276225415,False
Arhgef26,2,0,0,0.9988978288128184,0.2059233307758345,False
Arhgef28,3,0,0,0.9409257914200232,0.5037382625209261,False
Arhgef3,4,0,0,0.999465548143242,0.4923842355603513,False
Arhgef4,3,0,0,0.9988978288128184,0.2952786940867994,False
Arhgef40,5,0,0,0.8845690847761323,0.5537588292902041,False
Arhgef5,2,0,0,0.999465548143242,0.3675601191275895,False
Arhgef6,3,0,0,0.9523867509305338,0.2648867423225496,False
Arhgef7,5,0,0,0.9997978488301602,0.3243611696456356,False
Arhgef9,4,0,0,0.9988978288128184,1.5408811095233608,False
Arid1a,7,0,0,0.5631259289361416,0.4663343730309536,False
Arid1b,5,0,0,0.8148289407526745,0.3706478133077092,False
Arid2,5,0,0,0.969206275507647,0.1492679639876401,False
Arid3a,3,0,0,0.5124715220128929,0.4159468317500107,False
Arid3b,3,0,0,0.9451899018703012,0.3759810717601883,False
Arid4a,7,0,0,0.9913226326328984,0.4458955688130762,False
Arid4b,6,0,0,0.8567571702510173,0.4043671833510646,False
Arid5a,4,0,0,0.9997978488301602,0.6900530283544586,False
Arid5b,6,0,0,0.9644314079198152,0.2334134460518712,False
Arih1,6,0,0,0.9771958735378466,0.5575951540708883,False
Arih2,6,0,0,0.9879647222525472,0.5941782506955564,False
Arl1,7,0,0,0.3660712254363934,0.8837295771198004,False
Arl10,2,0,0,,0.2596742551609055,False
Arl11,1,0,0,,0.3701423882610493,False
Arl13b,5,0,0,0.9771941538254924,0.4106658818447457,False
Arl14ep,6,0,0,0.8904498303611323,0.6926716766787896,False
Arl15,3,0,0,0.9997978488301602,0.7559994069524713,False
Arl16,4,0,0,0.999465548143242,0.2431381711020221,False
Arl2,6,0,0,0.8424121802998759,0.4492793481470299,False
Arl2bp,6,0,0,0.7691943808384463,0.4105277410450022,False
Arl3,6,0,0,0.9784212791584648,0.2012437568020565,False
Arl4a,6,0,0,0.5750510647437285,0.4660131960998819,False
Arl4c,4,0,0,0.8933593320197283,1.0165606361481614,False
Arl4d,3,1,1,0.0002132319921394,1.0815999796303086,True
Arl5a,6,0,0,0.8361316425588403,0.9052981863745396,False
Arl5b,5,0,0,0.9946189224594264,0.7213492760558425,False
Arl5c,1,0,0,0.2480770243996093,0.6135706171024187,False
Arl6,6,0,0,0.9771941538254924,0.4723742917794818,False
Arl6ip1,7,0,0,0.6637611865883313,0.3472000196197846,False
Arl6ip4,6,0,0,0.4683156420503447,0.65227803236357,False
Arl6ip5,7,0,0,0.9446358271558832,0.2695587506927822,False
Arl6ip6,5,0,0,0.9997978488301602,0.4109012017486034,False
Arl8a,6,0,0,0.4143961638501787,0.6053769101890172,False
Arl8b,6,0,0,0.1341096178438107,0.4782001847611911,False
Armc1,6,0,0,0.9784212791584648,0.4835704332951788,False
Armc10,3,0,0,0.9997978488301602,0.249907740114356,False
Armc2,1,0,0,0.999465548143242,0.5157010135535605,False
Armc3,1,0,0,,0.1687352615441467,False
Armc5,5,0,0,0.9997978488301602,0.230374441734066,False
Armc6,3,0,0,,0.6478020849573481,False
Armc7,1,0,0,,0.3893866988923911,False
Armc8,5,0,0,0.914524296172884,0.4800295376280614,False
Armc9,4,0,0,0.999465548143242,0.8410892832953216,False
Armcx1,4,0,0,0.6332668696183587,0.8821570664244126,False
Armcx2,4,0,0,0.9997978488301602,0.9136990102493722,False
Armcx3,6,0,0,0.7949725240749512,0.4143839651990234,False
Armcx4,1,0,0,0.9999106453149894,0.1136514597204622,False
Armcx5,5,0,0,0.9656780974342264,0.5905000007599693,False
Armcx6,2,0,0,0.9999106453149894,0.8455911752088245,False
Armh3,2,0,0,,0.1262357358785106,False
Armh4,2,0,0,0.9999106453149894,0.2025721713184715,False
Armt1,5,0,0,0.9999106453149894,0.4129165961809701,False
Arnt,5,0,0,0.9932527654424816,0.4193514294764937,False
Arnt2,3,0,0,0.0547578751441874,0.599812173811174,False
Arntl,2,0,0,,0.613108693614141,False
Arpc1a,7,1,1,0.0435073981529269,0.4562282662842485,True
Arpc1b,6,0,0,0.3794662045231721,0.9418341136203742,False
Arpc2,7,0,0,0.5895223731756772,0.2654444488317014,False
Arpc3,7,0,0,0.9409257914200232,0.2642897389841074,False
Arpc4,7,0,0,0.9054228263761034,0.1817508877778357,False
Arpc5,7,0,0,0.8781770920570142,0.244610048561914,False
Arpc5l,7,0,0,0.6992050395393952,0.3369523575617416,False
Arpin,3,0,0,,0.3917778493953343,False
Arpp19,7,0,0,0.8999497412488456,0.139242567487626,False
Arpp21,2,0,0,0.9988978288128184,0.1442965176789851,False
Arrb1,4,0,0,0.9988978288128184,0.3205301488837987,False
Arrb2,5,0,0,0.8661790393881573,0.5588277615980104,False
Arrdc1,2,0,0,0.9997978488301602,0.5958738295451759,False
Arrdc2,3,0,0,0.2500588841184687,1.2554323054053784,False
Arrdc3,5,0,0,0.570720857490917,0.6704119851245792,False
Arrdc4,1,0,0,,0.1447834136411527,False
Arsa,4,0,0,0.7981419645204373,0.6937600174658871,False
Arsb,7,0,0,0.2939899469804312,0.6698919813273851,False
Arsg,3,0,0,0.5119735431007076,0.3208012975349071,False
Arsk,5,0,0,0.8352323247011454,0.3620639396960053,False
Arv1,2,0,0,,0.3627000915183155,False
Arvcf,4,0,0,0.9999106453149894,0.2963525975120511,False
Arx,1,0,0,,0.0137220088042784,False
Arxes1,2,0,0,0.9999106453149894,0.3606383651461592,False
Arxes2,2,0,0,0.9988978288128184,0.2750550045900839,False
As3mt,6,0,0,0.9693512157402542,0.2926341105698949,False
Asah1,7,0,0,0.2291857191078035,0.7633383465389763,False
Asah2,2,0,0,0.7487858710862868,0.3582897892222562,False
Asap1,6,0,0,0.5863643138962189,0.4719500771818072,False
Asap2,4,0,0,0.4789064061304992,0.6037620563474264,False
Asap3,1,0,0,,0.1763777116109602,False
Asb1,2,0,0,0.9613872956381267,0.2528075049898426,False
Asb13,5,0,0,0.9997978488301602,0.3414850404841074,False
Asb2,1,0,0,0.9644314079198152,0.0629289349814593,False
Asb3,6,0,0,0.977017223345402,0.2921091715073284,False
Asb4,1,0,0,0.9997978488301602,0.0226104654402614,False
Asb6,3,0,0,,0.3449507295538802,False
Asb7,5,0,0,0.9997978488301602,0.4963041525552081,False
Asb8,6,0,0,0.9923104852961409,0.6047602810452986,False
Ascc1,5,0,0,0.9671993113183956,0.4556964189432573,False
Ascc2,5,0,0,0.999465548143242,0.2930109137156594,False
Ascc3,6,0,0,0.9943730809498168,0.7962857590706809,False
Ascl1,2,0,0,0.9999106453149894,0.0931174005230877,False
Asf1a,6,0,0,0.979535497942706,0.4454101525812397,False
Ash1l,7,0,0,0.8666526310567575,0.9876077793503668,False
Ash2l,6,0,0,0.7439480729467459,0.3653930551217506,False
Asic1,2,0,0,0.9999106453149894,0.6074600316449565,False
Asic2,2,0,0,0.9999106453149894,1.0179912568785692,False
Asic4,1,0,0,0.9999106453149894,0.1268613157577972,False
Asl,5,0,0,0.999465548143242,0.8151711392801119,False
Asna1,6,0,0,0.9784212791584648,0.3311585567811054,False
Asns,1,0,0,0.9999106453149894,0.7805100715571425,False
Asnsd1,6,0,0,0.9425388014688934,0.330066955356508,False
Aspa,1,0,0,0.8402201583633553,0.1409727635756996,False
Asph,6,0,0,0.1111433446916184,1.2516893774414393,False
Asphd1,1,0,0,,0.0461600472061115,False
Asphd2,3,0,0,0.0935362268665705,0.975078483554573,False
Aspscr1,6,0,0,0.7927426385372717,0.8546470294066303,False
Asrgl1,6,0,0,0.2500588841184687,0.7125796593597439,False
Ass1,2,0,0,0.679500542127602,0.7455609011447966,False
Aste1,2,0,0,,0.7115913730520496,False
Astn1,2,0,0,0.9988978288128184,0.3467962156435681,False
Astn2,2,0,0,0.9999106453149894,0.654992036931588,False
Asxl1,4,0,0,0.9971230182955928,0.1620280433054831,False
Asxl2,6,0,0,0.4030368719234025,0.4119574924914983,False
Asxl3,2,0,0,0.5628438977412534,0.5102649711506874,False
Atad1,6,0,0,0.95843792569715,0.1982896278444893,False
Atad2,5,0,0,0.9997978488301602,0.8688886031645431,False
Atad2b,5,0,0,0.7833515903074183,0.3935316467587881,False
Atad3a,6,0,0,0.999465548143242,0.4735200447403925,False
Atad3aos,1,0,0,,0.1016880074022847,False
Atad5,3,0,0,,0.8491342148269725,False
Atat1,4,0,0,0.8204826256055683,0.2984673210263408,False
Atcay,2,0,0,0.9999106453149894,0.6547974159719554,False
Ate1,6,0,0,0.8320163606442603,0.2833103566778585,False
Atf1,6,0,0,0.4298703729752186,0.6386639094084308,False
Atf2,6,0,0,0.6733823720494969,0.3553068866805994,False
Atf3,4,0,0,0.6692934971545805,1.2423069087573066,False
Atf4,7,0,0,0.6557891400875095,0.5579224580808174,False
Atf5,5,0,0,0.999465548143242,0.3915676680046026,False
Atf6,5,0,0,0.6338232438748905,1.049445726936767,False
Atf6b,5,0,0,0.9614961848933092,0.6376069492566815,False
Atf7,6,0,0,0.9155141700581956,1.2923382838535922,False
Atf7ip,6,0,0,0.5445735302961112,0.6400166832557571,False
Atg10,5,0,0,0.8963780183962435,0.5445450061566369,False
Atg101,6,0,0,0.764433529486854,0.7758146039524267,False
Atg12,6,0,0,0.7452778002138197,0.3772484534585263,False
Atg13,4,0,0,0.9808975670559676,0.2628420045315514,False
Atg14,5,0,0,0.987856211944101,0.2989427102042425,False
Atg16l1,5,0,0,0.9693377484700088,0.2217008657168925,False
Atg16l2,4,0,0,0.9999106453149894,0.4202492987135361,False
Atg2a,4,0,0,0.9997978488301602,0.3579560260774582,False
Atg2b,4,0,0,,0.7532033286837254,False
Atg3,6,0,0,0.9070979963988064,0.6065463221976185,False
Atg4a,5,0,0,0.999465548143242,0.687848532579896,False
Atg4b,5,0,0,0.9784212791584648,0.1539619632337337,False
Atg4c,3,0,0,0.9933938463864376,0.6228676491031774,False
Atg4d,5,0,0,0.8719440753032909,0.8653214485844705,False
Atg5,6,0,0,0.8625385560338821,0.374547554793788,False
Atg7,5,0,0,0.977017223345402,0.362821216432137,False
Atg9a,5,0,0,0.866174710066969,0.5774117318593966,False
Atic,5,0,0,0.9771941538254924,0.3337766415377196,False
Atl1,4,0,0,0.5906809993023837,0.5313006995357611,False
Atl2,5,0,0,0.9988978288128184,0.6028068323075219,False
Atl3,6,0,0,0.2865194199194606,1.0563881802514516,False
Atm,5,0,0,0.9997978488301602,0.9986402157383988,False
Atmin,5,0,0,0.999465548143242,0.8942684536697123,False
Atn1,6,0,0,0.9691343900630024,0.4463292194166423,False
Atox1,7,0,0,0.9371468868479108,0.2866250873676269,False
Atp10a,1,0,0,0.9997978488301602,0.0707969178079399,False
Atp10b,1,0,0,0.9562120844204725,0.1508214560045063,False
Atp11a,5,0,0,0.9017823756030476,0.2767251385448434,False
Atp11b,5,0,0,0.9721474787399604,0.378390443544066,False
Atp11c,5,0,0,0.999465548143242,0.4495225938901275,False
Atp13a1,5,0,0,0.9997978488301602,0.3355087244986582,False
Atp13a2,6,0,0,0.2872963547924567,0.5382028273862509,False
Atp13a3,6,0,0,0.7468108637648934,1.270043962016532,False
Atp13a4,1,0,0,0.9988978288128184,0.1163960817644488,False
Atp13a5,2,0,0,,0.7098086283838242,False
Atp1a1,7,0,0,0.7949725240749512,0.6288291917071566,False
Atp1a2,6,0,0,0.480234249076749,0.5573131682145528,False
Atp1a3,2,0,0,0.9999106453149894,0.4426595251415126,False
Atp1b1,4,0,0,0.9988978288128184,0.6880283912302272,False
Atp1b2,6,0,0,0.9988978288128184,0.5610301051999205,False
Atp1b3,7,0,0,0.2894356812330386,0.5364762310660064,False
Atp23,1,0,0,,0.4145976900538067,False
Atp2a2,6,0,0,0.829388260330224,0.2041839262354815,False
Atp2a3,1,0,0,0.9997978488301602,0.4904265620832226,False
Atp2b1,7,0,0,0.7262993522336753,0.346364017451755,False
Atp2b2,4,0,0,0.9988978288128184,1.0416040268555713,False
Atp2b3,1,0,0,0.999465548143242,0.6438893215958922,False
Atp2b4,2,0,0,0.9999106453149894,0.9913088127519446,False
Atp2c1,6,0,0,0.4460489649440173,0.356060731942366,False
Atp5a1,7,0,0,0.1085152054509064,0.4032552258729535,False
Atp5b,7,0,0,0.3251524082358447,0.2996819971524972,False
Atp5c1,7,0,0,0.7949725240749512,0.1852110628571067,False
Atp5d,7,0,0,0.5365435451792389,0.3049301793207241,False
Atp5e,7,0,0,0.7482232026538198,0.3571520501637217,False
Atp5f1,7,0,0,0.9851615814640864,0.1295197129980738,False
Atp5g1,7,0,0,0.98440110669436,0.3350323228674536,False
Atp5g2,7,0,0,0.6644586706753683,0.1743934683141829,False
Atp5g3,7,0,0,0.9304988858397112,0.0901257494302854,False
Atp5h,7,0,0,0.9955151888979716,0.4984061657815054,False
Atp5j,7,0,0,0.9771941538254924,0.369946444269166,False
Atp5j2,7,0,0,0.861856318907205,0.2645023989643321,False
Atp5k,7,0,0,0.8753556604367535,0.2237995319139924,False
Atp5l,7,0,0,0.969206275507647,0.0746847152666232,False
Atp5md,7,0,0,0.9771941538254924,0.243485299867825,False
Atp5mpl,7,0,0,0.790221066438245,0.1745373486956876,False
Atp5o,7,0,0,0.5478349178178319,0.2927574390580566,False
Atp6ap1,7,0,0,0.1914458708839304,0.5492978779713206,False
Atp6ap1l,1,0,0,0.9999106453149894,0.3407722091432822,False
Atp6ap2,7,0,0,0.6255909427294044,0.4748530695453491,False
Atp6v0a1,7,0,0,0.1010130964597864,0.6043668668088317,False
Atp6v0a2,5,0,0,0.6692934971545805,0.2348864682599053,False
Atp6v0b,7,0,0,0.7301644375255361,0.5869798161346708,False
Atp6v0c,7,0,0,0.9203657461676418,0.3677475172633068,False
Atp6v0d1,7,0,0,0.8930002975685434,0.2386251852868714,False
Atp6v0e,7,0,0,0.9105570925039556,0.3289182431749422,False
Atp6v0e2,4,0,0,0.9636847167956676,0.3661427337487213,False
Atp6v1a,7,0,0,0.2500588841184687,0.4533672234262913,False
Atp6v1b2,7,0,0,0.8086142754626554,0.3172473976123582,False
Atp6v1c1,6,0,0,0.3641385596622708,0.4852460051576653,False
Atp6v1d,7,0,0,0.9926237465626456,0.3647244966460993,False
Atp6v1e1,7,0,0,0.3254756638618871,0.3547221080163454,False
Atp6v1f,7,0,0,0.8862832052215363,0.4371078945973904,False
Atp6v1g1,7,0,0,0.5052527696296962,0.2798232394053762,False
Atp6v1g2,5,0,0,0.999465548143242,0.651845488748697,False
Atp6v1h,6,0,0,0.9084646376189774,0.2321012223995091,False
Atp7a,3,0,0,0.9997978488301602,0.932588019340158,False
Atp7b,1,0,0,,0.9226506462004302,False
Atp8a1,5,0,0,0.1514796017198302,0.5192440493609838,False
Atp8a2,3,0,0,0.7418041516038367,0.2791458475859819,False
Atp8b1,2,0,0,,0.5707978818999438,False
Atp8b2,3,0,0,0.9997978488301602,0.656115692843989,False
Atp9a,3,0,0,0.9913226326328984,0.3749792130374477,False
Atp9b,5,0,0,0.9997978488301602,0.6212515884999948,False
Atpaf1,6,0,0,0.9225261826536184,0.425418790704216,False
Atpaf2,3,0,0,,0.445698455793848,False
Atpif1,7,0,0,0.9636847167956676,0.3142659697157996,False
Atpsckmt,5,0,0,0.9999106453149894,0.7530632066832209,False
Atr,5,0,0,0.9997978488301602,0.3284743522428532,False
Atraid,7,0,0,0.8474580725996875,0.6098633963629281,False
Atrip,4,0,0,0.9999106453149894,0.4572966113482251,False
Atrn,5,0,0,0.4296134976109327,0.476045531013159,False
Atrnl1,1,0,0,,0.2077478529934735,False
Atrx,7,0,0,0.9771958735378466,0.339215046743283,False
Atxn1,5,0,0,0.9997978488301602,0.3980224471968218,False
Atxn10,7,0,0,0.8880640385870803,0.2140203969517367,False
Atxn1l,5,0,0,0.9613872956381267,0.3084239432346295,False
Atxn2,6,0,0,0.3876520342439898,0.5433718269449906,False
Atxn2l,6,0,0,0.914200400224126,0.3826919470168733,False
Atxn3,4,0,0,0.9923104852961409,0.6695495243475919,False
Atxn7,5,0,0,0.9771941538254924,0.3514468085640911,False
Atxn7l1,4,0,0,0.9997978488301602,0.6324445826059052,False
Atxn7l2,3,0,0,,0.5863678782319983,False
Atxn7l3,6,0,0,0.9675856372042414,0.400843121262311,False
Atxn7l3b,7,0,0,0.7485209525641499,0.6450230109228484,False
Auh,6,0,0,0.9693377484700088,0.4032923596132901,False
Aup1,7,0,0,0.8498076517890067,0.5146450642470864,False
Aurkaip1,6,0,0,0.90580860873697,0.2368624444535185,False
Auts2,4,0,0,0.9333672193684552,0.1784788763601557,False
Aven,4,0,0,0.97714218428337,0.3838232322214551,False
Avl9,5,0,0,0.6913447503820703,0.3572975115794522,False
Avpi1,6,0,0,0.999465548143242,0.4544675900412162,False
Axin1,5,0,0,0.9997978488301602,0.2911806736313654,False
Axin2,4,0,0,0.9997978488301602,0.6132129394042303,False
Axl,3,0,0,0.9988978288128184,0.9462615674578614,False
Azi2,6,0,0,0.9613872956381267,0.3334755155362336,False
Azin1,6,0,0,0.1271864463398001,0.4739455447340761,False
Azin2,1,0,0,0.999465548143242,0.4628587301560266,False
B230118H07Rik,6,0,0,0.977017223345402,0.0925380599829325,False
B230206H07Rik,1,0,0,0.7949725240749512,0.4139949392017295,False
B230206L02Rik,2,0,0,0.9858758201907368,0.6862036482891524,False
B230209E15Rik,2,0,0,0.9999106453149894,0.6499402980905468,False
B230216N24Rik,1,0,0,,0.2160165836314863,False
B230217C12Rik,3,0,0,0.9999106453149894,0.279905570290487,False
B230219D22Rik,7,0,0,0.9054228263761034,0.1866912500526282,False
B230307C23Rik,4,0,0,0.9999106453149894,0.1929318865744921,False
B230311B06Rik,1,0,0,,0.379367434776283,False
B230312C02Rik,1,0,0,,0.7865931300538007,False
B230334C09Rik,1,0,0,0.9999106453149894,0.2816046246895946,False
B230354K17Rik,5,0,0,0.9999106453149894,0.3985283599767548,False
B230369F24Rik,1,0,0,,0.1835353959569238,False
B2m,7,1,1,0.0387092894230448,0.6953562076664912,True
B3galnt1,3,0,0,0.9999106453149894,1.59118148884778,False
B3galnt2,5,0,0,0.9997978488301602,0.9768171379228076,False
B3galt1,3,0,0,0.8635538717324678,0.5550133357098562,False
B3galt2,2,0,0,0.9988978288128184,0.1500924259574212,False
B3galt4,2,0,0,,0.1051089426144635,False
B3galt5,3,0,0,0.777245890589481,0.5198847932141598,False
B3galt6,4,0,0,0.9999106453149894,0.8123332216009763,False
B3gat1,2,1,1,0.0424574459168261,1.0668274240853344,True
B3gat2,2,0,0,0.9999106453149894,0.88291523646291,False
B3gat3,6,0,0,0.9705682900236324,0.4029946177432113,False
B3glct,4,0,0,0.9999106453149894,0.3446982533002624,False
B3gnt2,3,0,0,0.7418041516038367,0.2203674380343693,False
B3gnt3,1,0,0,,0.2600883974119775,False
B3gnt5,1,0,0,0.9999106453149894,0.2271708294093164,False
B3gnt9,1,0,0,0.8667737457308301,0.2302502103253719,False
B3gntl1,1,0,0,,0.5743512265211543,False
B430010I23Rik,3,0,0,0.1669826357209062,0.8191001851765722,False
B4galnt1,3,0,0,0.9999106453149894,1.7997971792019158,False
B4galt1,4,0,0,0.7418041516038367,0.8362523840413093,False
B4galt2,2,0,0,0.9999106453149894,0.6745639522401263,False
B4galt3,5,0,0,0.9997978488301602,0.4596858931022712,False
B4galt4,4,0,0,0.9644314079198152,0.1823192059147065,False
B4galt5,3,0,0,0.9997978488301602,0.7190196940659573,False
B4galt6,4,0,0,0.8685399705259892,0.8362332654052188,False
B4galt7,3,0,0,,0.3910440371563072,False
B4gat1,5,0,0,0.4988901925016831,0.3818028748337786,False
B930036N10Rik,2,0,0,,0.97104493059472,False
B930095G15Rik,3,0,0,0.9988978288128184,0.2509634657601842,False
B9d1,4,0,0,0.694295957244932,0.4975551940096859,False
B9d2,5,0,0,0.999465548143242,0.4397763890804939,False
BB218582,1,0,0,0.9999106453149894,0.0306752490430351,False
BC002059,3,0,0,,0.716268979326988,False
BC003965,6,0,0,0.6049406892551493,0.5161798775154817,False
BC004004,6,0,0,0.4852790522452709,0.6932646131154476,False
BC005537,7,0,0,0.9757744509118458,0.6361862552325224,False
BC005561,5,0,0,0.8781770920570142,0.4570860125258911,False
BC005624,6,0,0,0.8263141711509586,0.2727057213013455,False
BC006965,1,0,0,,0.3319930959929056,False
BC017158,1,0,0,,0.2590615256244946,False
BC024978,2,0,0,,0.2216191274837349,False
BC028528,3,0,0,0.7301644375255361,0.7431401583829024,False
BC029722,6,0,0,0.755190030814702,0.6485184708149133,False
BC031181,7,0,0,0.886498087203241,0.4854048686138744,False
BC034090,1,0,0,,0.314866332407978,False
BC035044,1,0,0,0.9523867509305338,0.0724826382206847,False
BC048403,1,0,0,,0.2196872220209584,False
BC049352,1,0,0,,0.1949920346838934,False
BC051142,2,0,0,,0.3731853620250742,False
BC051226,4,0,0,0.9999106453149894,0.472990927422301,False
BC051408,1,0,0,0.9333672193684552,0.1703200278672924,False
BC052040,2,0,0,,1.160972134900915,False
BC065397,2,0,0,,0.5002472601369184,False
Baalc,3,0,0,0.9988978288128184,0.4276573472467886,False
Babam1,6,0,0,0.9994094398372564,0.4985483076254615,False
Babam2,6,0,0,0.4988901925016831,0.8226665427597473,False
Bace1,5,0,0,0.3068282549415588,0.6153141984943793,False
Bace2,1,0,0,,0.3878641250580066,False
Bach1,6,0,0,0.7295746857594037,0.6021513339956218,False
Bach2,5,0,0,0.6337338650695742,0.6595419654341496,False
Bach2os,1,0,0,,0.466755802105097,False
Bad,6,0,0,0.9636847167956676,0.4817936112952117,False
Bag1,7,0,0,0.8725390508772567,0.2282596240432881,False
Bag2,2,0,0,0.999465548143242,0.8586793400345457,False
Bag3,4,0,0,0.9997978488301602,0.0957361467288513,False
Bag4,6,0,0,0.9613872956381267,0.6393826580056309,False
Bag5,6,0,0,0.9971230182955928,0.3040735525994653,False
Bag6,6,0,0,0.8263141711509586,0.3647849412409261,False
Bahcc1,4,0,0,0.9999106453149894,0.5831967120017577,False
Bahd1,2,0,0,0.9997978488301602,0.6355295787042372,False
Baiap2,4,0,0,0.9997978488301602,0.4870539339094876,False
Baiap2l1,2,0,0,0.999465548143242,0.6478177636193648,False
Baiap2l2,1,0,0,0.999465548143242,0.3045785466112728,False
Bak1,5,0,0,0.9997978488301602,0.7394932143976642,False
Bambi,3,0,0,0.9997978488301602,0.2745943449359516,False
Banf1,6,0,0,0.6964166269078438,0.2875316458814063,False
Bank1,1,0,0,0.9451899018703012,0.0812571475015557,False
Banp,5,0,0,0.8402201583633553,0.3771976634163785,False
Bap1,6,0,0,0.999465548143242,1.3109290904187203,False
Barx2,1,0,0,,0.3603731523578171,False
Basp1,6,0,0,0.1271864463398001,1.3215742312927818,False
Batf,1,0,0,,0.6112869098548778,False
Batf3,1,0,0,,0.1161519797102466,False
Bax,7,0,0,0.8044305085535984,0.5843012496747838,False
Baz1a,2,0,0,0.9771958735378466,0.1161205273127348,False
Baz1b,6,0,0,0.9741650859559596,1.1481096371943087,False
Baz2a,6,0,0,0.9409257914200232,0.7389588645072145,False
Baz2b,6,0,0,0.9375010146418976,0.7223790838515993,False
Bbc3,3,0,0,0.9997978488301602,1.39520592590632,False
Bbip1,7,0,0,0.8933593320197283,0.3440673640738569,False
Bbof1,2,0,0,,0.7122180835377933,False
Bbox1,1,0,0,,0.2333326053596891,False
Bbs1,4,0,0,0.999465548143242,1.476373188335679,False
Bbs2,3,0,0,,0.2960213688898798,False
Bbs4,6,0,0,0.999465548143242,0.4573820334182338,False
Bbs5,3,0,0,0.999465548143242,0.4813658746292096,False
Bbs7,5,0,0,0.999465548143242,0.5563403229620867,False
Bbs9,2,0,0,,0.2941302908605767,False
Bbx,6,0,0,0.897435817961038,0.4666273036510578,False
Bc1,7,0,0,0.8897181118080411,1.0885732334784883,False
Bcam,2,0,0,0.999465548143242,0.7853705962058644,False
Bcan,4,0,0,0.9988978288128184,0.7541879187408224,False
Bcap29,6,0,0,0.829388260330224,0.454547224496845,False
Bcap31,7,0,0,0.8809515385344964,0.861329846375621,False
Bcar1,4,0,0,0.9885204868030568,0.823974648692441,False
Bcar3,3,0,0,0.999465548143242,0.1945395191799618,False
Bcas1,5,0,0,0.603032196788523,1.1172388274136094,False
Bcas2,6,0,0,0.6070804611761649,0.2878694833172757,False
Bcas3,5,0,0,0.9784212791584648,0.3542105887557382,False
Bcat1,2,0,0,0.1904565452544153,0.9558429301371216,False
Bcat2,5,0,0,0.999465548143242,0.5790557619458918,False
Bccip,6,0,0,0.9613872956381267,0.6856187041934267,False
Bcdin3d,4,0,0,,0.4794542061565415,False
Bche,2,0,0,0.2378521693521911,0.7434359144583061,False
Bckdha,6,0,0,0.6499588292901043,0.6662237089662468,False
Bckdhb,5,0,0,0.8781770920570142,0.8903502438731407,False
Bckdk,6,0,0,0.0999356977949428,0.9048465508350264,False
Bcl10,7,0,0,0.847684396122065,0.535131418955604,False
Bcl2,5,0,0,0.9988978288128184,0.6138247412704079,False
Bcl2a1b,2,0,0,0.9054228263761034,1.1432597149603052,False
Bcl2a1d,1,0,0,0.9010248316522482,0.2612709116456708,False
Bcl2l1,6,0,0,0.2137169751415833,0.7621171161787383,False
Bcl2l11,3,0,0,0.3183966162727515,0.7587980928282418,False
Bcl2l12,4,0,0,0.9997978488301602,0.6950300785154974,False
Bcl2l13,5,0,0,0.9997978488301602,0.2104355719111227,False
Bcl2l2,4,0,0,0.9446358271558832,0.7754777526604067,False
Bcl3,2,0,0,,0.4136414469198832,False
Bcl6,4,0,0,0.393022650393097,0.6904412509369661,False
Bcl6b,1,0,0,0.9997978488301602,0.6069649478206898,False
Bcl7a,4,0,0,0.8342713880668973,0.2673434639166179,False
Bcl7b,6,0,0,0.9661811124640246,0.345988281310395,False
Bcl7c,6,0,0,0.7055920225323841,0.5704508742494604,False
Bcl9,5,0,0,0.9827123849102,0.7291889074224355,False
Bcl9l,5,0,0,0.8561572451790562,0.2901307062093077,False
Bclaf1,7,0,0,0.5546467309271519,0.6267502777630706,False
Bclaf3,6,0,0,0.9771941538254924,0.9549332911011524,False
Bco2,1,0,0,,0.1073775910808168,False
Bcor,3,0,0,0.9997978488301602,0.5586931766110245,False
Bcorl1,5,0,0,0.9603469151708518,0.4840382507567865,False
Bcr,5,0,0,0.9997978488301602,0.3197384264202056,False
Bcs1l,6,0,0,0.999465548143242,0.3886873129430607,False
Bdh1,4,0,0,0.9988978288128184,1.0935778787331936,False
Bdh2,2,0,0,0.999465548143242,0.2287227581572493,False
Bdp1,6,0,0,0.914524296172884,0.863104147560862,False
Becn1,6,0,0,0.8322889942913061,0.5566401999620414,False
Begain,1,0,0,,0.9799776564836328,False
Bend4,1,0,0,0.9999106453149894,0.2293622661300533,False
Bend5,3,0,0,0.9997978488301602,0.3303745669650959,False
Bend6,2,0,0,0.9999106453149894,0.955305995586313,False
Bend7,2,0,0,0.9997978488301602,0.3121786350284339,False
Bet1,6,0,0,0.426626405263034,0.3913990378834683,False
Bet1l,6,0,0,0.9827123849102,0.799287591013924,False
Bex1,1,0,0,0.9999106453149894,0.0445960837871084,False
Bex2,4,0,0,0.4818505191997365,0.7237993267923815,False
Bex3,6,0,0,0.8818650673896277,0.369838590960906,False
Bex4,3,0,0,0.999465548143242,0.8283094190641402,False
Bfar,6,0,0,0.9054228263761034,0.3140441168596489,False
Bfsp2,2,0,0,0.4705239073898054,0.5303641212221002,False
Bgn,1,0,0,0.9997978488301602,1.8167323204570205,False
Bhlhb9,5,0,0,0.999465548143242,0.6063092059236931,False
Bhlhe22,1,0,0,,0.5127072740540197,False
Bhlhe40,5,0,0,0.9988978288128184,0.5115214046031248,False
Bhlhe41,6,0,0,0.4230302808013113,0.5926157946956276,False
Bhmt,1,0,0,0.999465548143242,0.3661401203992582,False
Bicc1,2,0,0,0.9680000609020292,0.1535523111218334,False
Bicd1,4,0,0,0.8402201583633553,0.8769656116245821,False
Bicd2,6,0,0,0.5537270570343377,1.7304584168086972,False
Bicdl1,1,0,0,0.999465548143242,0.2048676161821306,False
Bicra,4,0,0,0.9997978488301602,0.5135976384764052,False
Bicral,5,0,0,0.9913226326328984,0.3755760679827886,False
Bid,1,0,0,,0.211159963046365,False
Bin1,7,0,0,0.4800461470885926,0.4036464068532225,False
Bin2,2,0,0,0.9667161033439042,0.6244131310655553,False
Bin3,3,0,0,0.9997978488301602,0.2031670448051387,False
Birc2,5,0,0,0.854903191409526,0.266931470484749,False
Birc3,2,0,0,0.5103893555672101,0.4196714605948796,False
Birc5,1,0,0,,0.3338192613273164,False
Birc6,7,0,0,0.8665766321150157,0.3700615764116965,False
Bivm,2,0,0,,0.0754631726249207,False
Blcap,5,0,0,0.9997978488301602,0.3925865342381862,False
Blm,2,0,0,,0.3805575192835047,False
Blmh,6,0,0,0.9853391978197256,0.5067377402305852,False
Blnk,1,0,0,0.2176051564071517,0.3785841390255613,False
Bloc1s1,7,0,0,0.9528353227051498,0.5246564335797497,False
Bloc1s2,6,0,0,0.8992872603476387,0.5124610186457228,False
Bloc1s3,2,0,0,,0.3226232817223922,False
Bloc1s4,6,0,0,0.94886564745145,0.3507114238401586,False
Bloc1s5,5,0,0,0.9997978488301602,0.6202291824092016,False
Bloc1s6,6,0,0,0.999465548143242,0.4232823293502356,False
Blvra,7,0,0,0.8789423840775802,0.2372476303676912,False
Blvrb,7,0,0,0.767014913864404,0.2582584965784725,False
Blzf1,4,0,0,0.9498509527323384,0.4742009252867947,False
Bmerb1,2,0,0,0.9999106453149894,0.4954104402146267,False
Bmf,1,0,0,,0.0890249125506822,False
Bmi1,6,0,0,0.9434392934513736,0.6927687630387387,False
Bmp1,4,0,0,0.866174710066969,0.2785885999991286,False
Bmp2,2,0,0,0.1209098775121835,2.270723003726349,False
Bmp2k,7,0,0,0.8496976767411729,0.8015727044756656,False
Bmp4,2,0,0,0.999465548143242,0.4618482321442063,False
Bmp6,1,0,0,0.999465548143242,0.1955691092523605,False
Bmp7,3,0,0,0.999465548143242,0.5058105314087303,False
Bmper,1,0,0,,0.910155827525683,False
Bmpr1a,5,0,0,0.8533643096785648,1.209838292989639,False
Bmpr1b,1,0,0,0.9988978288128184,0.3838477886952259,False
Bmpr2,7,0,0,0.0537565936344655,1.025258095149201,False
Bms1,5,0,0,0.9603469151708518,0.4498661641550092,False
Bmt2,6,0,0,0.5628438977412534,0.5103128824935134,False
Bmx,1,0,0,0.9997978488301602,0.0427429951171638,False
Bmyc,7,0,0,0.7901325417816933,0.5098193114345052,False
Bnip1,5,0,0,0.999465548143242,0.6014676921268569,False
Bnip2,7,0,0,0.9420281181364688,0.2059204351687301,False
Bnip3,6,0,0,0.8904498303611323,0.6081427907075119,False
Bnip3l,7,0,0,0.4455928012475373,0.2512604735402743,False
Boc,1,0,0,,0.2659894293105361,False
Bod1,6,0,0,0.5855919419516376,0.3956746953651881,False
Bod1l,7,0,0,0.6252469649899741,0.4237937370551357,False
Bok,2,0,0,0.9997978488301602,0.3636336986295948,False
Bola1,6,0,0,0.6803084643647158,0.3319853821337674,False
Bola2,7,0,0,0.8784087952688956,0.4707489185733899,False
Bola3,6,0,0,0.9550624901828332,0.4929278564162896,False
Bop1,6,0,0,0.8623195156719681,0.7307202057520951,False
Bora,1,0,0,,0.4242726674502456,False
Borcs5,5,0,0,0.999465548143242,1.2295034615470437,False
Borcs6,6,0,0,0.6246222214250083,0.6038482888039559,False
Borcs7,6,0,0,0.9613872956381267,0.4683909477634268,False
Borcs8,6,0,0,0.9550624901828332,0.4836626992202593,False
Bpgm,6,0,0,0.777245890589481,0.759816269919783,False
Bphl,6,0,0,0.9988978288128184,0.4246657862214625,False
Bpnt1,6,0,0,0.9639108711428016,0.5376137221582125,False
Bptf,7,0,0,0.7301644375255361,0.2539933645219466,False
Braf,6,0,0,0.9419549998954132,0.7096020549231816,False
Brap,6,0,0,0.9007266118211642,0.3855795555117507,False
Brat1,2,0,0,,0.3776289095356812,False
Brca2,2,0,0,,0.4862088327530178,False
Brcc3,6,0,0,0.9879647222525472,0.5839808914179234,False
Brd1,7,0,0,0.5742278751942592,0.4536786641632535,False
Brd2,7,1,1,0.0017416475572845,0.6488812377199517,True
Brd3,5,0,0,0.9451899018703012,0.1479980531987592,False
Brd3os,2,0,0,0.999465548143242,0.6515133267484714,False
Brd4,7,0,0,0.9771958735378466,0.7390507940778055,False
Brd7,7,0,0,0.9221080336928896,0.2814513033020458,False
Brd8,6,0,0,0.6644586706753683,0.2928621780726363,False
Brd9,7,0,0,0.7406528642641967,0.2140025451187173,False
Brdt,2,0,0,0.8781770920570142,0.7187222734755242,False
Brf1,4,0,0,0.9410987705200488,0.4908470592662208,False
Brf2,3,0,0,,0.5275893466213096,False
Bri3,7,0,0,0.8387514921567781,0.15479796964037,False
Bri3bp,5,0,0,0.999465548143242,0.5071678967198948,False
Bricd5,2,0,0,0.9999106453149894,0.3262839759346977,False
Brinp1,1,0,0,0.9999106453149894,0.0185089235298144,False
Brinp2,2,0,0,0.9999106453149894,0.2071321702562782,False
Brinp3,3,0,0,0.9999106453149894,1.1542003596043122,False
Brip1os,5,0,0,0.9997978488301602,0.1685331452031127,False
Brix1,6,0,0,0.9970554848778064,0.3895731268779108,False
Brk1,7,0,0,0.8818650673896277,0.3347434852279087,False
Brms1,4,0,0,0.9703403656677598,0.0760698577986802,False
Brms1l,6,0,0,0.7992322284960808,0.4634192293364733,False
Brox,6,0,0,0.9274547520187232,0.7013166866200916,False
Brpf1,5,0,0,0.9997978488301602,0.3443583730139769,False
Brpf3,2,0,0,,0.0886867602927833,False
Brsk1,3,0,0,0.8361316425588403,0.3452577169281682,False
Brsk2,3,0,0,0.694295957244932,0.4790324752103974,False
Brwd1,6,0,0,0.9550624901828332,0.3134315594654543,False
Brwd3,6,0,0,0.999465548143242,0.4402052834267245,False
Bscl2,6,0,0,0.902583811641936,0.7203577006361799,False
Bsdc1,6,0,0,0.9619043907348768,0.3676644801876678,False
Bsg,7,0,0,0.5478349178178319,0.4703678831448403,False
Bsn,2,0,0,0.9999106453149894,0.6336539625962208,False
Bst2,6,0,0,0.4994196784901154,1.8497061535344332,False
Btaf1,5,0,0,0.8999497412488456,0.3249149152305479,False
Btbd1,6,0,0,0.9879647222525472,0.3393957047924991,False
Btbd10,6,0,0,0.9771941538254924,0.4204416309168302,False
Btbd16,1,0,0,0.3641385596622708,0.7035977257039596,False
Btbd17,1,0,0,0.9988978288128184,0.3243967824337288,False
Btbd19,1,0,0,,0.5637736060399079,False
Btbd2,6,0,0,0.999465548143242,0.5231742956869878,False
Btbd3,6,0,0,0.1534576043163224,0.6761039413073154,False
Btbd6,3,0,0,,0.2596696659097284,False
Btbd7,6,0,0,0.7301644375255361,0.3838370371542475,False
Btbd8,4,0,0,0.9498509527323384,0.7535794040415797,False
Btbd9,6,0,0,0.5219195411146472,1.016042108114097,False
Btd,6,0,0,0.999465548143242,0.802501789675602,False
Btf3,7,0,0,0.767014913864404,0.2475186634475706,False
Btf3l4,6,0,0,0.999465548143242,0.5843291409598006,False
Btg1,7,0,0,0.3643862576058783,0.3384700647899754,False
Btg2,7,1,1,8.917662634956418e-08,1.072353108524407,True
Btg3,6,0,0,0.999465548143242,0.7308530848704116,False
Btk,1,0,0,0.3528482971563773,0.4081010572954915,False
Btrc,5,0,0,0.9547688364187152,0.706940431025826,False
Bub3,6,0,0,0.0935362268665705,0.4917115743040028,False
Bud13,3,0,0,,0.2747629280443352,False
Bud23,6,0,0,0.9827123849102,0.2774192353337273,False
Bud31,6,0,0,0.8234616564143439,0.2822102685460245,False
Bvht,1,0,0,0.9997978488301602,0.1347836235758745,False
Bysl,4,0,0,0.999465548143242,0.5433902832919207,False
Bzw1,7,0,0,0.4298703729752186,0.6892521145173569,False
Bzw2,6,0,0,0.999465548143242,0.8741296372041708,False
C030005K06Rik,1,0,0,0.9988978288128184,0.2332628880604609,False
C030006K11Rik,4,0,0,,0.76365224426238,False
C030013C21Rik,1,0,0,,0.435217961950901,False
C030014I23Rik,1,0,0,0.999465548143242,0.7786986411356408,False
C030018K13Rik,1,0,0,,0.4642539040676753,False
C030029H02Rik,1,0,0,0.8202470645014946,0.1753757335263387,False
C030034I22Rik,3,0,0,,0.3537227416885103,False
C030037D09Rik,1,0,0,,0.0366137802474658,False
C130036L24Rik,1,0,0,,0.3821595112858111,False
C130071C03Rik,3,0,0,0.9988978288128184,0.2997228307415486,False
C130073E24Rik,1,0,0,0.9999106453149894,0.1484866647113453,False
C130074G19Rik,1,0,0,0.9997978488301602,0.3883153715634644,False
C1d,6,0,0,0.9394207231963488,0.218499287613597,False
C1galt1,5,0,0,0.7894765296786783,0.4993863246915733,False
C1galt1c1,6,0,0,0.9787375867142792,0.3278256081860239,False
C1qa,7,0,0,0.8263141711509586,1.0194058816477432,False
C1qb,7,0,0,0.897435817961038,1.050246720824096,False
C1qbp,7,0,0,0.7301644375255361,0.4352408963525567,False
C1qc,5,0,0,0.9394207231963488,1.0386210769980475,False
C1ql1,1,0,0,0.9999106453149894,0.3084473753226811,False
C1ql2,1,0,0,0.9999106453149894,0.8381935034415408,False
C1ql3,2,0,0,0.9999106453149894,0.783788019941215,False
C1qtnf12,4,0,0,0.999465548143242,0.3810609986547733,False
C1qtnf4,3,0,0,0.999465548143242,0.682515274317458,False
C1qtnf6,1,0,0,0.9999106453149894,0.2746307749129225,False
C1rl,1,0,0,,0.3231347161365796,False
C230035I16Rik,1,0,0,,0.9468313910659274,False
C230037L18Rik,2,0,0,0.8818650673896277,0.2570727601402591,False
C230072F16Rik,1,0,0,0.999465548143242,0.6997057266773087,False
C2cd2,3,0,0,0.9997978488301602,0.3319239963139092,False
C2cd2l,4,0,0,0.9997978488301602,0.4396079243339528,False
C2cd3,4,0,0,0.9997978488301602,0.5930846453791059,False
C2cd5,5,0,0,0.866174710066969,0.3435955391095338,False
C330007P06Rik,6,0,0,0.9970554848778064,0.986535795543445,False
C330011M18Rik,1,0,0,,0.1562437929254976,False
C330013E15Rik,2,0,0,,0.7619088893883412,False
C330018D20Rik,2,0,0,,0.2794198865701697,False
C3ar1,2,0,0,0.9886554679045187,0.6522692293326945,False
C430049B03Rik,3,0,0,0.9451899018703012,1.050700042014552,False
C4b,3,1,1,5.77131845559098e-05,1.285091143486505,True
C530008M17Rik,2,0,0,0.9999106453149894,0.7739627898832775,False
C5ar1,2,0,0,0.2938841177379971,0.902835216200892,False
C5ar2,1,0,0,0.8727597914628661,0.1488636652625382,False
C630043F03Rik,2,0,0,,1.661189972644221,False
C730034F03Rik,2,0,0,,0.7198362905748886,False
C77080,2,0,0,0.999465548143242,0.9643285270414448,False
C87436,6,0,0,0.7451268795263409,0.5842188790162163,False
C920021L13Rik,2,0,0,,0.7406287143738777,False
C9orf72,5,0,0,0.9999106453149894,0.7510975269834089,False
CAAA01118383.1,6,0,0,0.8636523734253471,0.337485428967007,False
CAAA01147332.1,1,0,0,,0.6603000626329815,False
Caap1,5,0,0,0.93132946440637,0.6817292316910617,False
Cab39,7,0,0,0.8625385560338821,0.5974642872314777,False
Cab39l,6,0,0,0.9908063682689148,0.3484897146193364,False
Cabcoco1,1,0,0,0.999465548143242,0.6304668175945876,False
Cabin1,6,0,0,0.9614961848933092,0.7005405797745088,False
Cables1,3,0,0,0.9439450837187034,0.0813772801311706,False
Cables2,3,0,0,0.9997978488301602,0.4479038907330721,False
Cacfd1,6,0,0,0.987856211944101,0.324929588266956,False
Cachd1,4,0,0,0.999465548143242,0.9837836803383412,False
Cacna1a,4,0,0,0.9997978488301602,0.6090773401391276,False
Cacna1c,1,0,0,0.9999106453149894,1.0291320075079402,False
Cacna1d,3,0,0,0.9451899018703012,0.4100652221247701,False
Cacna1e,1,0,0,0.9999106453149894,0.2835527237462564,False
Cacna1s,1,0,0,,0.9377133524470987,False
Cacna2d1,2,0,0,0.9999106453149894,0.6102636572332397,False
Cacna2d2,2,0,0,0.9999106453149894,0.2913879234355632,False
Cacna2d3,1,0,0,0.9999106453149894,0.8494670312195203,False
Cacna2d4,1,0,0,,0.7585353364104074,False
Cacnb1,1,0,0,,0.1242694782392781,False
Cacnb2,1,0,0,,0.2679380340022918,False
Cacnb4,2,0,0,0.9784212791584648,0.1246415772050202,False
Cacng4,1,0,0,0.9999106453149894,0.2145261641715976,False
Cacng7,4,0,0,0.8781770920570142,0.595733188978885,False
Cacng8,1,0,0,0.9999106453149894,0.7137375857746913,False
Cactin,3,0,0,0.9997978488301602,0.4186992796207573,False
Cacul1,6,0,0,0.8598304312887198,0.9113925666380064,False
Cacybp,7,0,0,0.4617148490994594,0.3724766518918389,False
Cad,4,0,0,,0.3781612719409875,False
Cadm1,5,0,0,0.8781770920570142,0.2924640406947569,False
Cadm2,4,0,0,0.3035064632881218,0.4944730649001253,False
Cadm3,2,0,0,0.9999106453149894,1.046185523232422,False
Cadm4,4,0,0,0.9603469151708518,0.5131040599466903,False
Cadps,3,0,0,0.9999106453149894,0.332322571794846,False
Cadps2,1,0,0,,0.223628116962454,False
Calb2,1,0,0,0.9999106453149894,0.308793492692367,False
Calcoco1,6,0,0,0.8992872603476387,0.670840253021163,False
Calcrl,4,0,0,0.9997978488301602,0.7054773859601925,False
Cald1,5,0,0,0.9762063074083276,0.537948512306848,False
Calhm2,1,0,0,,0.1027777790813465,False
Calhm6,1,0,0,,0.8455110900830928,False
Calm1,7,0,0,0.5546467309271519,0.3599763868811818,False
Calm2,7,0,0,0.1520036160262043,0.3722183438633391,False
Calm3,7,0,0,0.202138422801899,0.3662196781013544,False
Calml4,1,0,0,0.9999998642046588,4.4929532821545966e-08,False
Calr,7,0,0,0.8781770920570142,0.3734666023685002,False
Calu,6,0,0,0.6125964417721538,0.511283212509593,False
Caly,1,0,0,0.9999106453149894,0.0300671324133848,False
Camk1,7,0,0,0.9613872956381267,0.4694961197551094,False
Camk1d,4,0,0,0.4241399991133129,0.3479659471745535,False
Camk2a,5,0,0,0.9988978288128184,0.6925436922158746,False
Camk2b,2,0,0,0.9999106453149894,0.552471335697555,False
Camk2d,7,0,0,0.9895843512912832,0.6628779137077594,False
Camk2g,6,0,0,0.9988978288128184,0.4239166658861995,False
Camk2n1,7,0,0,0.6629593939023013,0.3864359508590333,False
Camk2n2,3,0,0,0.9999106453149894,1.1695289777568474,False
Camkk1,1,0,0,,0.3092101116571076,False
Camkk2,5,0,0,0.9997978488301602,0.608507231091223,False
Camkmt,4,0,0,0.9614961848933092,0.326097637627074,False
Caml,6,0,0,0.8818650673896277,0.4198684545291061,False
Camsap1,5,0,0,0.977235793349001,0.5856545723855768,False
Camsap2,5,0,0,0.9771941538254924,0.3789183804746792,False
Camta1,6,0,0,0.9613872956381267,0.2573108240492232,False
Camta2,5,0,0,0.9997978488301602,0.6064262869541249,False
Cand1,6,0,0,0.505418629848525,0.5399859548915484,False
Cand2,2,0,0,0.9999106453149894,0.2125035799093543,False
Cant1,5,0,0,0.9932527654424816,0.7041734007619707,False
Canx,7,0,0,0.3867140003260086,0.6280078008261502,False
Cap1,7,0,0,0.510905414431632,0.3976103890187039,False
Cap2,2,0,0,0.9999106453149894,0.3629439464529823,False
Capg,4,0,0,0.998947809908267,0.7270284932975626,False
Capn1,1,0,0,,0.2376278831378256,False
Capn10,6,0,0,0.999465548143242,0.1703207317200835,False
Capn15,5,0,0,0.9772420733399642,0.7588000571117097,False
Capn2,6,0,0,0.8824350574726691,0.8482278555250208,False
Capn3,1,0,0,0.9208018170938068,0.0969947379846102,False
Capn5,1,0,0,0.962130789122402,0.1050423719491486,False
Capn7,6,0,0,0.999465548143242,0.4519126574995282,False
Capns1,7,0,0,0.5478349178178319,0.3147638922279573,False
Caprin1,7,0,0,0.7850084292287832,0.5508241754830027,False
Caprin2,2,0,0,0.9999106453149894,0.3639312214312223,False
Capsl,1,0,0,0.999465548143242,0.14385677611962,False
Capza1,7,0,0,0.2972118779741695,1.104286713867178,False
Capza2,7,0,0,0.5084963293666793,0.4184730376403476,False
Capzb,7,0,0,0.393022650393097,0.3598319816916316,False
Car10,2,0,0,0.999465548143242,0.4187554991014294,False
Car11,3,0,0,0.9999106453149894,0.2200578854903453,False
Car12,1,0,0,0.999465548143242,0.8447926810473029,False
Car13,1,0,0,,0.6670848845062075,False
Car14,3,0,0,0.6770831605258655,0.8346330484417896,False
Car2,6,0,0,0.2243419087424796,0.3930586248264356,False
Car4,1,0,0,0.9997978488301602,0.1523059353109322,False
Car5a,1,0,0,0.9997978488301602,0.0072383110211074,False
Car5b,2,0,0,0.999465548143242,0.6892218791554621,False
Car7,1,0,0,,0.3130980246455513,False
Car8,2,0,0,0.9999106453149894,0.4457870481757246,False
Card10,2,0,0,0.9997978488301602,0.2146721448884028,False
Card19,7,0,0,0.76670064467414,1.3473802163645736,False
Card6,1,0,0,,0.315277368307079,False
Card9,1,0,0,,0.2787740309380186,False
Carf,4,0,0,0.9999106453149894,1.026093219521578,False
Carhsp1,6,0,0,0.7844484421589377,0.400431720204574,False
Carm1,5,0,0,0.9997978488301602,0.6927909288418959,False
Carmil1,3,0,0,0.9988978288128184,0.3552836575064051,False
Carmil3,2,0,0,,0.6428021606095695,False
Carnmt1,6,0,0,0.9853391978197256,0.75929105289389,False
Carns1,1,0,0,0.977017223345402,0.0648906789669316,False
Cars,5,0,0,0.9997978488301602,0.6646613136190664,False
Cars2,6,0,0,0.999465548143242,0.87352312532164,False
Casc3,5,0,0,0.8071314925435261,0.2329592325831377,False
Casc4,6,0,0,0.2690748530140653,0.6962341985337335,False
Casd1,5,0,0,0.7086554640322857,0.4812368435053853,False
Cask,5,0,0,0.6981130455055389,0.2735994991005501,False
Caskin1,3,0,0,0.9988978288128184,0.5860432682869698,False
Caskin2,4,0,0,0.5618564203817471,0.5711172151698745,False
Casp1,1,0,0,0.8513147126759898,0.1869425571952988,False
Casp12,1,0,0,0.9997978488301602,0.3085744308761315,False
Casp2,3,0,0,0.9997978488301602,0.1205136115531464,False
Casp3,4,0,0,0.9831978842224044,0.7085801634915743,False
Casp4,2,0,0,0.8661790393881573,0.9207097462439742,False
Casp6,4,0,0,0.999465548143242,0.5821100701406481,False
Casp7,2,0,0,0.9997978488301602,0.4934206740409491,False
Casp8,4,0,0,0.957814657333824,0.255054648277701,False
Casp8ap2,5,0,0,0.7138894936081918,0.3563678015472815,False
Casp9,4,0,0,,0.3440741162832453,False
Casq1,1,0,0,,0.737923447304948,False
Cass4,1,0,0,,0.7035299492636679,False
Cast,3,0,0,0.999465548143242,0.3476755154349239,False
Castor1,3,0,0,0.9997978488301602,0.635628509428609,False
Castor2,5,0,0,0.9971230182955928,0.3625378758248986,False
Casz1,1,0,0,,0.9601608140448318,False
Cat,7,0,0,0.2690748530140653,0.5495216278625878,False
Catip,2,0,0,0.999465548143242,0.266584198930425,False
Catsper2,1,0,0,,0.0947240348393046,False
Cav1,2,0,0,0.9997978488301602,0.0163111836899802,False
Cav2,4,0,0,0.9988978288128184,0.9159612236532712,False
Cavin1,2,0,0,0.999465548143242,0.055301966870352,False
Cavin2,3,0,0,0.9784212791584648,0.2943558703866542,False
Cavin3,5,0,0,0.915627991889946,0.3950371436768798,False
Cavin4,1,0,0,,0.4966586362756142,False
Cbarp,2,0,0,0.9999106453149894,0.1201219541571203,False
Cbfa2t2,4,0,0,0.755190030814702,0.439054686418874,False
Cbfa2t3,2,0,0,0.9452477741013996,0.4816053424558238,False
Cbfb,5,0,0,0.9375010146418976,0.3106991706368069,False
Cbl,6,0,0,0.7316613890494135,0.3938405501913887,False
Cblb,4,0,0,0.8376270266785371,0.5580630838182069,False
Cbll1,6,0,0,0.6338232438748905,0.629065753172429,False
Cbr1,6,0,0,0.9423911364833784,0.2972360203826132,False
Cbr2,1,0,0,0.998947809908267,0.5990047946475849,False
Cbr3,4,0,0,0.9988978288128184,0.3104531781992459,False
Cbr4,4,0,0,0.999465548143242,0.6087940287415415,False
Cbs,2,0,0,0.9988978288128184,0.9633922440452356,False
Cbwd1,6,0,0,0.8809515385344964,0.4871436621784867,False
Cbx1,6,0,0,0.876523471077198,0.1984728751394132,False
Cbx3,7,0,0,0.8440956470199797,0.6288830023425387,False
Cbx4,5,0,0,0.5704983290687945,0.3219302938131052,False
Cbx5,6,0,0,0.8667737457308301,0.5435031111137624,False
Cbx6,6,0,0,0.9550624901828332,0.7662113187356516,False
Cbx7,5,0,0,0.8667737457308301,0.6533759221115972,False
Cbx8,2,0,0,,0.7720602632956838,False
Cby1,6,0,0,0.9603469151708518,0.2720375633535031,False
Cc2d1a,4,0,0,,0.4173843882267599,False
Cc2d1b,3,0,0,0.847684396122065,0.2729772128196157,False
Cc2d2a,6,0,0,0.9988978288128184,0.4965157981381544,False
Ccar1,6,0,0,0.9007086742716329,0.4260494726117402,False
Ccar2,5,0,0,0.9999106453149894,0.6143914108255766,False
Ccdc102a,3,0,0,0.999465548143242,0.5195459357381942,False
Ccdc106,2,0,0,0.9999106453149894,0.2394578831804973,False
Ccdc107,6,0,0,0.9988978288128184,0.333320855464255,False
Ccdc112,4,0,0,0.959262122655081,0.1441586728802531,False
Ccdc113,1,0,0,0.999465548143242,0.0266261072249658,False
Ccdc114,2,0,0,0.999465548143242,0.9657385844422672,False
Ccdc115,6,0,0,0.9943730809498168,0.5046472916442706,False
Ccdc117,3,0,0,0.9997978488301602,0.5634405235303992,False
Ccdc12,7,0,0,0.7457010520309937,0.2197528984609818,False
Ccdc122,3,0,0,0.999465548143242,0.2839107972921627,False
Ccdc124,6,0,0,0.8402201583633553,0.4482774406410401,False
Ccdc125,1,0,0,,0.9621328521305738,False
Ccdc126,4,0,0,0.9997978488301602,0.7284887393858539,False
Ccdc127,6,0,0,0.8402201583633553,0.6731571988466127,False
Ccdc13,2,0,0,0.9890147171955024,0.1390929910082139,False
Ccdc130,3,0,0,,0.4445688540702688,False
Ccdc134,3,0,0,0.9999106453149894,0.3563419957978725,False
Ccdc136,3,0,0,0.999465548143242,0.3521106900402221,False
Ccdc137,6,0,0,0.999465548143242,0.5453683223780614,False
Ccdc138,3,0,0,0.999465548143242,0.7949476679912234,False
Ccdc14,1,0,0,,0.7417739763369605,False
Ccdc141,3,0,0,0.9988978288128184,0.4467040515385611,False
Ccdc146,1,0,0,0.999465548143242,0.3327311185425418,False
Ccdc148,2,0,0,0.999465548143242,0.9123967320497964,False
Ccdc15,2,0,0,,0.4598572552580701,False
Ccdc152,5,0,0,0.7624273136750327,0.373900845953466,False
Ccdc157,5,0,0,0.999465548143242,1.2005159950892903,False
Ccdc162,2,0,0,0.999465548143242,0.9806124085617683,False
Ccdc163,2,0,0,,0.5423337637405301,False
Ccdc167,6,0,0,0.7086554640322857,0.5374995325864157,False
Ccdc173,5,0,0,0.999465548143242,1.7334846740785774,False
Ccdc174,6,0,0,0.9021968698616962,0.3844001164908631,False
Ccdc18,1,0,0,,0.3274640706402145,False
Ccdc181,5,0,0,0.999465548143242,0.5218439329689638,False
Ccdc184,1,0,0,0.9999106453149894,0.2564619685101655,False
Ccdc186,6,0,0,0.9808975670559676,0.4599185391106785,False
Ccdc187,1,0,0,,0.3864528919830544,False
Ccdc189,2,0,0,0.999465548143242,0.7668042764386055,False
Ccdc190,1,0,0,0.9988978288128184,0.3056408128319868,False
Ccdc191,4,0,0,0.8667737457308301,0.583439746051869,False
Ccdc22,5,0,0,0.7367994007745423,0.4684670351048637,False
Ccdc24,1,0,0,,0.23224435504559,False
Ccdc25,6,0,0,0.9613872956381267,0.6186131459923742,False
Ccdc28a,3,0,0,0.999465548143242,0.5292514982055057,False
Ccdc28b,6,0,0,0.5629506868624194,0.6240714165157788,False
Ccdc30,1,0,0,0.999465548143242,0.0387500713791609,False
Ccdc32,6,0,0,0.9771941538254924,0.4699393580692289,False
Ccdc34,6,0,0,0.8064797269039495,0.7205844407779913,False
Ccdc39,4,0,0,0.999465548143242,0.863341489654135,False
Ccdc43,6,0,0,0.9918882510064204,0.5921912107564701,False
Ccdc47,7,0,0,0.6845526869964605,0.8584563685403431,False
Ccdc50,7,0,0,0.4507347231459493,0.7191551988175184,False
Ccdc51,4,0,0,0.999465548143242,1.0865731585243674,False
Ccdc58,6,0,0,0.8781770920570142,0.3960261060977569,False
Ccdc59,6,0,0,0.8762037361456295,0.3657923360477162,False
Ccdc6,6,0,0,0.999465548143242,0.4609927191018647,False
Ccdc61,3,0,0,0.9997978488301602,0.335383360617475,False
Ccdc62,2,0,0,,0.3349442964580179,False
Ccdc63,1,0,0,,0.0339653833583559,False
Ccdc66,6,0,0,0.9693377484700088,1.2762742959672642,False
Ccdc71,4,0,0,0.9997978488301602,1.2833408991337825,False
Ccdc71l,3,0,0,0.9997978488301602,0.2164164607928775,False
Ccdc73,3,0,0,,0.4682475414417139,False
Ccdc74a,2,0,0,0.999465548143242,0.7824075697048062,False
Ccdc77,3,0,0,,0.1581168325630748,False
Ccdc8,2,0,0,,0.428468259567755,False
Ccdc80,1,0,0,,0.1568460767239206,False
Ccdc82,5,0,0,0.9997978488301602,0.2098894096142705,False
Ccdc84,4,0,0,,0.3544349412417497,False
Ccdc85a,2,0,0,0.9997978488301602,0.7049865569783826,False
Ccdc85b,6,0,0,0.6660405042822187,0.2921588848748782,False
Ccdc85c,3,0,0,,0.4252254551560118,False
Ccdc86,6,0,0,0.8108185996978582,0.4561292997655974,False
Ccdc88a,6,0,0,0.7949725240749512,0.5732008583211955,False
Ccdc88b,1,0,0,,0.2539659516877625,False
Ccdc88c,2,0,0,0.9999106453149894,0.3150366740372656,False
Ccdc89,1,0,0,,0.1261687208122409,False
Ccdc9,3,0,0,0.9997978488301602,0.2536478483247322,False
Ccdc90b,6,0,0,0.6710293394711178,0.6321738931294255,False
Ccdc91,5,0,0,0.999465548143242,0.2674141156872442,False
Ccdc92,2,0,0,0.999465548143242,0.445109364611399,False
Ccdc93,4,0,0,0.5207554795488528,0.4729528952241392,False
Ccdc97,6,0,0,0.999465548143242,0.6921389402010916,False
Ccdc9b,3,0,0,,0.8954250256676849,False
Ccl12,2,0,0,0.2851951825064222,1.3360596939068714,False
Ccl25,5,0,0,0.9999106453149894,0.3304850906237545,False
Ccl27a,5,0,0,0.999465548143242,0.5966030849986119,False
Ccl4,3,0,0,0.7406528642641967,0.5701926205835978,False
Ccl5,1,0,0,0.998947809908267,4.78684484168404,False
Ccl6,2,0,0,0.2846357443851742,0.680136424082781,False
Ccl9,2,1,1,0.0029490132284447,0.6376693465481384,True
Ccm2,6,0,0,0.8622072670002854,0.3547998266423947,False
Ccm2l,1,0,0,0.9997978488301602,0.3452405886989123,False
Ccn1,4,0,0,0.2960006049447937,0.8555764986829691,False
Ccn2,1,0,0,0.9997978488301602,1.381761584010451,False
Ccnb1ip1,1,0,0,,1.89538039016808,False
Ccnb2,1,0,0,,0.2069909027449897,False
Ccnc,6,0,0,0.9792340651100644,0.66153648087167,False
Ccnd1,4,0,0,0.7075024323671656,0.2032027400290403,False
Ccnd2,5,0,0,0.9988978288128184,0.8976699494507476,False
Ccnd3,7,0,0,0.2871811628058469,1.2515924187784315,False
Ccndbp1,6,0,0,0.9703403656677598,0.3763614995831819,False
Ccne2,1,0,0,,0.9644278841485192,False
Ccng1,6,0,0,0.7582009229385458,1.2312372080786602,False
Ccng2,4,0,0,0.6723764914574835,0.2284673256392503,False
Ccnh,6,0,0,0.9603469151708518,0.1928964142541787,False
Ccni,7,0,0,0.9070979963988064,0.535152517526675,False
Ccnjl,1,0,0,,0.3142908192677864,False
Ccnk,5,0,0,0.924440685750255,0.2855025108979121,False
Ccnl1,6,0,0,0.4507347231459493,0.4691965949950734,False
Ccnl2,6,0,0,0.5231572291930464,0.3586733444533359,False
Ccnq,6,0,0,0.999465548143242,0.9118061047398528,False
Ccnt1,5,0,0,0.7418041516038367,0.2174644122347108,False
Ccnt2,5,0,0,0.9384484988811008,0.1340117075653646,False
Ccny,6,0,0,0.8088664075591974,0.7824322594761427,False
Ccnyl1,3,0,0,0.9994094398372564,0.3987288985943625,False
Ccp110,5,0,0,0.473501287142566,0.9710173748746692,False
Ccpg1,6,0,0,0.8913433305157492,0.6275515567417438,False
Ccpg1os,4,0,0,0.999465548143242,0.9614874471218552,False
Ccr2,1,0,0,0.998947809908267,0.922642530239001,False
Ccr5,1,0,0,0.4241399991133129,0.2484588609234064,False
Ccrl2,2,0,0,0.96999149716235,0.3513466823277844,False
Ccs,6,0,0,0.6842432138039588,0.3118912774197087,False
Ccser1,2,0,0,0.9999106453149894,0.2901042176293781,False
Ccser2,6,0,0,0.7880266230633971,0.3545353613410357,False
Cct2,7,0,0,0.7418041516038367,0.3815144415599811,False
Cct3,6,0,0,0.9784212791584648,0.3257426720777056,False
Cct4,7,0,0,0.7688498396020211,0.3966450607248866,False
Cct5,7,0,0,0.8933593320197283,0.3117631089671973,False
Cct6a,7,0,0,0.9409257914200232,0.5497726894560442,False
Cct7,7,0,0,0.967947226190576,0.0792761303954441,False
Cct8,7,0,0,0.8919086693478658,0.4424722310071426,False
Ccz1,6,0,0,0.914200400224126,0.4982111446588441,False
Cd101,1,0,0,,0.2356080752677793,False
Cd14,2,0,0,0.8711099682071693,0.2920850890465931,False
Cd151,6,0,0,0.5402017495941489,0.8928864082127578,False
Cd163,1,0,0,0.998947809908267,0.5932602625617777,False
Cd164,7,0,0,0.3528482971563773,0.9399432194505856,False
Cd180,1,0,0,0.1927210929933563,0.408641739794836,False
Cd1d1,1,0,0,,0.628184391336055,False
Cd200,3,0,0,0.94886564745145,0.4427140071136065,False
Cd200r1,1,0,0,,1.030384065944106,False
Cd209f,1,0,0,0.998947809908267,0.2379699765450957,False
Cd24a,1,0,0,0.9997978488301602,0.6504460606346528,False
Cd27,3,0,0,,0.5548797365160434,False
Cd274,2,0,0,0.9997978488301602,0.715753578610334,False
Cd276,2,0,0,0.9999106453149894,0.3584719403153342,False
Cd2ap,7,0,0,0.1730674831283705,0.3827632543267057,False
Cd2bp2,5,0,0,0.914200400224126,0.2553849029925178,False
Cd300a,2,0,0,0.5288122661814904,0.2964217553380368,False
Cd300c2,2,0,0,0.9941189559838952,0.12742785511686,False
Cd302,5,0,0,0.2913251134014145,0.363273723142173,False
Cd320,6,0,0,0.9988978288128184,0.556319776916366,False
Cd33,2,0,0,0.9451899018703012,0.321065000516664,False
Cd34,2,0,0,0.897435817961038,0.1202042403935355,False
Cd36,1,0,0,0.998947809908267,0.6567905122338991,False
Cd37,2,0,0,0.570720857490917,0.2440489878629522,False
Cd38,3,0,0,0.7827678780997104,0.7527484867293363,False
Cd3eap,5,0,0,0.7420681868545729,0.3955513694042646,False
Cd40,1,0,0,0.9997978488301602,0.0097829559908223,False
Cd44,1,0,0,,0.078601017182971,False
Cd46,1,0,0,,0.2321411948866905,False
Cd47,7,0,0,0.9070647896477066,0.6416885068072672,False
Cd48,2,0,0,0.9375010146418976,0.3377086312156714,False
Cd52,2,0,0,0.1820911751140671,0.5427644708253124,False
Cd53,2,0,0,0.9946189224594264,0.1737263478037156,False
Cd55,1,0,0,0.999465548143242,0.5699011526140366,False
Cd59a,3,0,0,0.4245900240698264,0.5347575868610273,False
Cd59b,2,0,0,0.999465548143242,0.3960332662408154,False
Cd63,7,0,0,0.2204905312787187,0.5149763268722,False
Cd68,3,0,0,0.9451899018703012,1.3946994143515066,False
Cd72,1,0,0,,0.1445776914957167,False
Cd74,2,0,0,0.998947809908267,0.7579143461969147,False
Cd80,1,0,0,,0.5073587880807241,False
Cd81,7,0,0,0.7071435961316962,0.6962983258332757,False
Cd82,6,0,0,0.6515480908541467,0.2392820685444266,False
Cd83,3,0,0,0.9785961275129472,0.6740460008117961,False
Cd84,2,0,0,0.8374844333384406,0.1185097478639109,False
Cd86,2,0,0,0.4615254514775225,0.2846133508679281,False
Cd9,7,1,1,0.0386080006302767,0.8007993541089011,True
Cd93,2,0,0,0.998947809908267,0.4201137139961922,False
Cd99l2,5,0,0,0.9434392934513736,0.369278596611536,False
Cdadc1,6,0,0,0.9779313792064896,0.3886507687538855,False
Cdan1,4,0,0,,0.6337417974633387,False
Cdc123,6,0,0,0.999465548143242,0.1616816188983853,False
Cdc14a,5,0,0,0.9997978488301602,0.6279765083637894,False
Cdc14b,2,0,0,0.999465548143242,1.2973869389428303,False
Cdc16,6,0,0,0.8818650673896277,0.2536498531402766,False
Cdc23,6,0,0,0.9879647222525472,0.538235988577931,False
Cdc25a,2,0,0,,0.3433537049130335,False
Cdc26,7,0,0,0.9419598746515876,0.315679417579472,False
Cdc27,6,0,0,0.999465548143242,0.7206969409413293,False
Cdc34,6,0,0,0.9485825351133592,0.9157260113012978,False
Cdc37,7,0,0,0.8781770920570142,0.3289105612630144,False
Cdc37l1,6,0,0,0.902034893950962,0.4668363595832001,False
Cdc40,6,0,0,0.8767627648475128,0.4580592082793115,False
Cdc42,7,0,0,0.3887228377424673,0.3842976624854562,False
Cdc42bpa,6,0,0,0.847684396122065,1.105228416314076,False
Cdc42bpb,5,0,0,0.9613872956381267,0.9148463364719728,False
Cdc42ep1,4,0,0,0.8767627648475128,0.4566300224065613,False
Cdc42ep2,2,0,0,0.620855529625993,0.2326968768115765,False
Cdc42ep3,4,0,0,0.999465548143242,0.4521244218210065,False
Cdc42ep4,4,0,0,0.9988978288128184,0.4437492077978648,False
Cdc42ep5,3,0,0,0.999465548143242,0.3364163425696836,False
Cdc42se1,7,0,0,0.7819212764210148,0.6601509885494375,False
Cdc42se2,7,0,0,0.3314974456863853,0.5453676673939973,False
Cdc5l,7,0,0,0.9054228263761034,0.4893837060984763,False
Cdc7,2,0,0,0.9999106453149894,0.0867704670102458,False
Cdc73,6,0,0,0.620855529625993,0.4436646307198723,False
Cdca4,3,0,0,,0.0854346511561576,False
Cdca7,2,0,0,,0.4300017205183215,False
Cdh10,3,0,0,0.7927426385372717,0.2545946866422489,False
Cdh11,3,0,0,0.8352323247011454,0.3360113902316491,False
Cdh13,1,0,0,0.9999106453149894,0.1874558346397517,False
Cdh19,3,0,0,0.9771941538254924,0.98406997357156,False
Cdh2,4,0,0,0.2698346978817442,0.4480246801593564,False
Cdh20,3,1,1,0.046705001295036,0.9427314541440034,True
Cdh23,1,0,0,,0.3811843370249118,False
Cdh4,2,0,0,0.9999106453149894,0.4897062789242911,False
Cdh5,1,0,0,0.9997978488301602,0.0897195220537119,False
Cdh6,2,0,0,0.9999106453149894,0.423234790347557,False
Cdip1,6,0,0,0.942371774006941,0.5829733672915444,False
Cdipt,6,0,0,0.7406528642641967,0.2517410446030205,False
Cdk1,2,0,0,0.999465548143242,0.5850631734067763,False
Cdk10,6,0,0,0.999465548143242,0.3498455666818029,False
Cdk11b,6,0,0,0.7747015316640691,0.226376426100221,False
Cdk12,6,0,0,0.897435817961038,0.6297300240477419,False
Cdk13,6,0,0,0.5478349178178319,0.33982516998593,False
Cdk14,6,0,0,0.999465548143242,0.5510117007725814,False
Cdk16,6,0,0,0.9771941538254924,0.393243497984203,False
Cdk17,6,0,0,0.4507347231459493,0.5687333731335684,False
Cdk18,1,0,0,0.962130789122402,0.0737354965331885,False
Cdk19,5,0,0,0.727709802371873,0.5239595130529529,False
Cdk2,3,0,0,0.9997978488301602,1.0066642132135524,False
Cdk20,1,0,0,,0.374242196737637,False
Cdk2ap1,6,0,0,0.5700728105358812,0.453232787579154,False
Cdk2ap2,7,0,0,0.9371468868479108,0.5131925874268232,False
Cdk4,6,0,0,0.7420681868545729,0.5924175137569856,False
Cdk5,6,0,0,0.8781770920570142,0.7451542493145379,False
Cdk5r1,3,0,0,0.8374844333384406,0.519697986712362,False
Cdk5rap1,3,0,0,,0.4727274891825142,False
Cdk5rap2,6,0,0,0.4543550032954154,0.5887360441083527,False
Cdk5rap3,6,0,0,0.2548051793090752,0.7001998115654389,False
Cdk6,1,1,1,0.0039058392381639,0.783105926988747,True
Cdk7,6,0,0,0.9461900514381084,0.5911592545101694,False
Cdk8,6,0,0,0.999465548143242,0.5909205718333432,False
Cdk9,6,0,0,0.694295957244932,0.5262450016177442,False
Cdkal1,5,0,0,0.9434392934513736,0.4908725822374277,False
Cdkl2,2,0,0,0.999465548143242,0.5217329613724047,False
Cdkl3,3,0,0,,0.5807070372416462,False
Cdkl4,1,0,0,0.999465548143242,0.7461341655784683,False
Cdkl5,3,0,0,0.7086554640322857,1.0712669691203878,False
Cdkn1a,5,1,1,8.789251259757487e-16,3.9034311092668537,True
Cdkn1b,7,0,0,0.9375010146418976,1.0944264296838493,False
Cdkn1c,5,0,0,0.7864520045424145,0.4001510708763321,False
Cdkn2aip,5,0,0,0.6906436317043376,0.4472035090457566,False
Cdkn2aipnl,3,0,0,0.4455928012475373,0.6492270184825918,False
Cdkn2b,1,0,0,0.9997978488301602,0.1661012615705239,False
Cdkn2c,4,0,0,0.9997978488301602,0.3250234208125974,False
Cdkn2d,6,0,0,0.987856211944101,0.3169469372285277,False
Cdo1,2,0,0,0.9999106453149894,0.365334489866641,False
Cdon,1,0,0,,0.4809653850958217,False
Cdpf1,6,0,0,0.999465548143242,0.4509993737664989,False
Cdr1os,5,0,0,0.3062618535641116,1.9708227387148056,False
Cdr2,2,0,0,0.9025551416275,0.2129416327730555,False
Cdr2l,4,0,0,0.6551194358239175,0.561259073034566,False
Cds1,3,0,0,0.999465548143242,0.1466728882066505,False
Cds2,5,0,0,0.8667737457308301,0.1997742095768659,False
Cdt1,1,0,0,,0.8142488704856664,False
Cdv3,6,0,0,0.8665766321150157,0.6956776126079173,False
Cdyl,5,0,0,0.9434392934513736,1.0238284353602165,False
Cdyl2,1,0,0,,0.072860593164639,False
Ceacam1,2,0,0,0.9997978488301602,0.4308515214945508,False
Ceacam2,1,0,0,,0.5487251183223394,False
Cebpa,2,0,0,0.9955151888979716,1.2228553704670484,False
Cebpb,5,0,0,0.1107772078014633,0.5685413572444569,False
Cebpd,6,0,0,0.1463772438775189,1.6397239830716164,False
Cebpg,7,0,0,0.9054228263761034,0.4109317846050512,False
Cebpz,7,0,0,0.8058406872380226,0.6951945920962246,False
Cebpzos,7,0,0,0.9070979963988064,0.4522341876476796,False
Cecr2,4,0,0,0.9997978488301602,0.5217281743243991,False
Cela1,1,0,0,,0.718360393826885,False
Celf1,7,0,0,0.9771941538254924,0.97732715039007,False
Celf2,7,0,0,0.9010248316522482,0.7235207739019187,False
Celf3,1,0,0,0.9999106453149894,0.6052834682097675,False
Celf4,5,0,0,0.999465548143242,0.7805503493835331,False
Celf5,1,0,0,0.9999106453149894,0.3581825467214558,False
Celrr,1,0,0,,0.2567742996004776,False
Celsr1,1,0,0,,0.0749814119535679,False
Celsr2,3,0,0,0.6049406892551493,0.5032268608244197,False
Cemip2,2,0,0,0.9997978488301602,0.4214224676039438,False
Cend1,4,0,0,0.9155141700581956,0.1794641927936468,False
Cenpa,2,0,0,0.998947809908267,1.3966962770151274,False
Cenpb,6,0,0,0.1810590200120761,0.5948532493651907,False
Cenpc1,5,0,0,0.9613872956381267,0.4474658329556443,False
Cenpe,1,0,0,,0.8474390096802049,False
Cenpf,1,0,0,,0.7904547138503549,False
Cenpj,2,0,0,,0.3329793747767632,False
Cenpk,1,0,0,0.9999106453149894,0.6700537024523596,False
Cenpl,1,0,0,,0.2379945970796532,False
Cenpn,1,0,0,,0.640635685984478,False
Cenpo,2,0,0,,0.1035810538695169,False
Cenpq,4,0,0,0.9999106453149894,0.4892941577132969,False
Cenps,1,0,0,,0.0215206544721684,False
Cenpt,3,0,0,0.9999106453149894,0.365521562159556,False
Cenpv,6,0,0,0.999465548143242,0.7120125890027881,False
Cenpw,1,0,0,,0.2050803252196009,False
Cenpx,7,0,0,0.9446358271558832,0.4104406773478689,False
Cep104,5,0,0,0.8667737457308301,0.3487039695489323,False
Cep112,2,0,0,,0.5237762643276969,False
Cep120,5,0,0,0.7894765296786783,0.3000906740619287,False
Cep126,2,0,0,0.999465548143242,0.7635864689120504,False
Cep128,1,0,0,,0.1732736400480513,False
Cep131,2,0,0,,0.5911403837281757,False
Cep135,4,0,0,,0.4401114086353389,False
Cep152,2,0,0,,0.3690449277553646,False
Cep162,6,0,0,0.999465548143242,0.6708886284241538,False
Cep164,6,0,0,0.9007266118211642,0.4583396939166332,False
Cep170,5,0,0,0.1181900341288227,0.4805261732712136,False
Cep170b,1,0,0,,0.0500106719154,False
Cep19,5,0,0,0.999465548143242,1.0798858366233386,False
Cep192,5,0,0,0.9997978488301602,0.5722733017039063,False
Cep250,5,0,0,0.9997978488301602,0.8496018765603912,False
Cep290,5,0,0,0.9636847167956676,0.28732136932075,False
Cep295,5,0,0,0.8602793995883463,0.4132315992136299,False
Cep350,6,0,0,0.3528482971563773,0.649392114511928,False
Cep41,3,0,0,0.999465548143242,1.2139375283888858,False
Cep44,5,0,0,0.9603469151708518,0.2984842550236368,False
Cep57,6,0,0,0.999465548143242,0.6845782783910689,False
Cep57l1,5,0,0,0.9999106453149894,1.089806991866806,False
Cep63,6,0,0,0.7737586258207022,0.4238321157638524,False
Cep68,5,0,0,0.9054228263761034,0.7390496286666112,False
Cep70,5,0,0,0.9997978488301602,0.447508982555155,False
Cep72,1,0,0,,0.3609940887267313,False
Cep78,2,0,0,,0.3473702408827183,False
Cep83,6,0,0,0.8809515385344964,0.314504105941486,False
Cep83os,3,0,0,,0.3491180863485089,False
Cep85,2,0,0,,0.1973072510592223,False
Cep85l,4,0,0,0.9988978288128184,0.7059450913780491,False
Cep89,5,0,0,0.999465548143242,0.8498426961689561,False
Cep95,3,0,0,,0.3521640785250136,False
Cep97,4,0,0,0.4882876642667479,0.4121727619690231,False
Cept1,5,0,0,0.7949725240749512,0.2436696729865512,False
Cercam,1,0,0,0.8272753004925326,0.3522714444442039,False
Cerk,6,0,0,0.3887228377424673,0.8306219170947102,False
Cers2,7,0,0,0.3183457154910635,0.5365208900470876,False
Cers4,5,0,0,0.999465548143242,0.5773597535907538,False
Cers5,6,0,0,0.9613872956381267,0.3810501479922438,False
Cers6,1,0,0,,0.704287295174323,False
Cetn2,7,0,0,0.9054228263761034,0.9496670320475302,False
Cetn3,7,0,0,0.6125964417721538,0.465181612920661,False
Cetn4,3,0,0,0.999465548143242,0.3921182583011625,False
Cfap100,1,0,0,,0.3824619202407003,False
Cfap126,1,0,0,0.999465548143242,0.4045503269263134,False
Cfap20,6,0,0,0.9325706096910392,0.4104575151269471,False
Cfap206,1,0,0,0.999465548143242,0.3624201376730757,False
Cfap298,6,0,0,0.8014747151015086,0.4096128960949103,False
Cfap299,1,0,0,0.999465548143242,0.4432755685524713,False
Cfap36,6,0,0,0.9307661360146416,0.2873443587441942,False
Cfap410,5,0,0,0.999465548143242,0.8774503762288507,False
Cfap44,1,0,0,0.999465548143242,0.3246422547281275,False
Cfap45,2,0,0,0.999465548143242,0.4501081436782073,False
Cfap52,1,0,0,0.999465548143242,0.1874719915083239,False
Cfap53,1,0,0,0.999465548143242,0.6068534863257439,False
Cfap65,1,0,0,0.999465548143242,0.4019833097701978,False
Cfap69,1,0,0,0.999465548143242,0.0382007421040726,False
Cfap70,1,0,0,0.999465548143242,0.2359979418228226,False
Cfap74,1,0,0,,0.2754961158613631,False
Cfap97,6,0,0,0.987856211944101,0.8450223655376454,False
Cfap97d2,2,0,0,0.999465548143242,0.3136313226012729,False
Cfdp1,6,0,0,0.7819212764210148,0.3448205709138979,False
Cfh,3,0,0,0.4211469439557772,0.6232723835159897,False
Cfl1,7,0,0,0.0781422154627211,0.5619712373090812,False
Cfl2,6,0,0,0.8402201583633553,0.3500597658731067,False
Cflar,7,0,0,0.7819212764210148,0.7124382088214429,False
Cfp,1,0,0,0.998947809908267,0.381685419144099,False
Cgas,1,0,0,,0.1806043875819702,False
Cggbp1,7,0,0,0.5130494812680432,0.8358452785798689,False
Cgnl1,2,0,0,0.999465548143242,0.688802259281907,False
Cgrrf1,6,0,0,0.8976496990397612,0.3076575229087158,False
Chac2,6,0,0,0.999465548143242,0.2874106354242124,False
Chadl,3,0,0,0.9968686966296116,0.4997242555963002,False
Champ1,4,0,0,0.9999106453149894,0.5640149416522381,False
Chchd1,6,0,0,0.8818650673896277,0.394129972954263,False
Chchd10,6,0,0,0.9988978288128184,1.3318271224724316,False
Chchd2,7,0,0,0.2859736438167443,0.3066435014769582,False
Chchd3,6,0,0,0.9933938463864376,0.3958187630252933,False
Chchd4,6,0,0,0.9391994214083182,1.1641430458566104,False
Chchd5,6,0,0,0.999465548143242,0.373353268032546,False
Chchd6,6,0,0,0.6499588292901043,0.4967120918567116,False
Chchd7,5,0,0,0.9505356590867308,0.3079391200499279,False
Chd1,5,0,0,0.9208018170938068,0.3632648109983428,False
Chd1l,4,0,0,,0.5199034818404048,False
Chd2,7,0,0,0.1443005456595082,0.5942994448271811,False
Chd3,6,0,0,0.999465548143242,0.3487118080459471,False
Chd4,7,0,0,0.5084963293666793,0.4682727930483015,False
Chd5,2,0,0,0.9999106453149894,0.2678269285923704,False
Chd6,6,0,0,0.866174710066969,0.8660348837370795,False
Chd7,5,0,0,0.4007770042804063,0.3113072310556066,False
Chd8,6,0,0,0.9549691682832956,0.3074006936791525,False
Chd9,7,0,0,0.9549691682832956,0.7017132580585396,False
Chdh,1,0,0,0.829388260330224,0.2784088401459247,False
Chek2,1,0,0,,0.0742796618731819,False
Cherp,6,0,0,0.8617306472084703,0.4692575371237612,False
Chfr,5,0,0,0.7949725240749512,0.3052219327350851,False
Chga,1,0,0,0.9999106453149894,0.1267084528259987,False
Chgb,1,0,0,0.9999106453149894,0.4789609277350307,False
Chia1,1,0,0,0.999465548143242,0.3686526013606943,False
Chic1,4,0,0,0.9994094398372564,1.259487555418786,False
Chic2,7,0,0,0.9241165013801418,0.4805169357477065,False
Chid1,5,0,0,0.999465548143242,0.6884191740496713,False
Chil1,2,0,0,0.999465548143242,0.8934555713870509,False
Chka,6,0,0,0.0518755148662402,1.0490299681448365,False
Chkb,6,0,0,0.476598354424156,1.0977758283111585,False
Chl1,2,0,0,0.9999106453149894,0.112255561457838,False
Chm,6,0,0,0.8561572451790562,0.8638447221619014,False
Chml,2,0,0,,1.0886021414162577,False
Chmp1a,6,0,0,0.9771941538254924,0.4632667041859999,False
Chmp1b,6,0,0,0.2938841177379971,0.5190190446781118,False
Chmp2a,7,0,0,0.8622072670002854,0.4383673173655156,False
Chmp2b,6,0,0,0.5290963681988271,0.5921594379914669,False
Chmp3,7,0,0,0.9315702599586364,0.3274114798117959,False
Chmp4b,7,0,0,0.99004022795655,0.5877050956024585,False
Chmp5,7,0,0,0.4464227325586992,0.3367390939176781,False
Chmp6,6,0,0,0.999465548143242,0.6668239823827357,False
Chmp7,6,0,0,0.4988901925016831,0.7778182388625575,False
Chn1,4,0,0,0.9988978288128184,0.5874190895868706,False
Chn2,4,0,0,0.5653120034065704,0.417938763050518,False
Chordc1,6,0,0,0.7391636585639063,0.5403544291415142,False
Chp1,6,0,0,0.8857775141435104,0.3016112346929969,False
Chpf,3,0,0,0.9999106453149894,0.175152575233343,False
Chpf2,4,0,0,0.9997978488301602,0.1924329690340942,False
Chpt1,6,0,0,0.4084526355049687,0.6999499217816765,False
Chrac1,7,0,0,0.9341769146397448,0.2699375778405449,False
Chrdl1,1,0,0,,0.227858204196128,False
Chrna1os,2,0,0,0.999465548143242,0.8042979803647288,False
Chrna4,1,0,0,0.9999106453149894,0.2165271307636111,False
Chrnb1,1,0,0,,0.448226420515647,False
Chst1,2,0,0,0.9129458576578116,0.4362174312921169,False
Chst10,2,0,0,0.9988978288128184,0.5294470392641987,False
Chst11,4,0,0,0.9997978488301602,0.4340210243739952,False
Chst12,4,0,0,0.9434392934513736,1.0558296779452905,False
Chst14,2,0,0,,0.6523252093794651,False
Chst15,3,0,0,0.9997978488301602,0.8060919587964522,False
Chst2,5,1,1,0.0383262699151391,0.9714476883963392,True
Chst3,1,0,0,,1.459775053111606,False
Chst5,1,0,0,0.9999106453149894,0.1970539751540555,False
Chst7,2,0,0,0.7379824499651024,0.291386649973026,False
Chst8,2,0,0,,0.0475306397466383,False
Chsy1,4,0,0,0.9523867509305338,0.4143196962271745,False
Chsy3,1,0,0,,0.0959201041217624,False
Chtf8,1,0,0,,0.3500585128462458,False
Chtop,6,0,0,0.7295746857594037,0.3989254631993236,False
Chuk,6,0,0,0.9524660103656164,0.2763799436584205,False
Churc1,6,0,0,0.9865439902541772,0.2556735742371555,False
Ciao1,6,0,0,0.9703403656677598,0.3711023919596409,False
Ciao2a,6,0,0,0.372854778502634,0.4792760041472574,False
Ciao2b,6,0,0,0.7406528642641967,0.4072792505687355,False
Ciao3,6,0,0,0.9580065637838178,0.9332049326151768,False
Ciapin1,6,0,0,0.94886564745145,0.5210497427418966,False
Ciart,3,0,0,0.9997978488301602,0.6358945190316079,False
Cib1,5,0,0,0.9425336382946262,0.2132756259493703,False
Cib2,4,0,0,0.999465548143242,0.3179692471642279,False
Cic,6,0,0,0.7900346534791179,0.8987936723675146,False
Cidea,1,0,0,0.999465548143242,0.5756025791314132,False
Cideb,1,0,0,,0.38988288592648,False
Cinp,6,0,0,0.9333672193684552,0.6071479542139607,False
Cipc,6,0,0,0.4637993171659004,0.7969717821554951,False
Cir1,7,0,0,0.4724465042149813,0.5496680058610254,False
Cirbp,7,0,0,0.2690748530140653,0.9095946621447928,False
Cisd1,6,0,0,0.9276919839072988,0.2081125573611012,False
Cisd2,6,0,0,0.5672965245225469,0.5013079527486647,False
Cisd3,5,0,0,0.999465548143242,0.7628049397667144,False
Cish,2,0,0,0.999465548143242,0.7842294698441954,False
Cit,3,0,0,0.9999106453149894,0.740655968404719,False
Cited1,1,0,0,0.9999106453149894,0.9936086846059896,False
Cited2,6,1,1,0.0085402630354099,1.2578493113907758,True
Cited4,1,0,0,0.9997978488301602,0.2465649537560672,False
Ciz1,5,0,0,0.9997978488301602,0.2779365789129054,False
Ckap2l,1,0,0,,0.5574434139672864,False
Ckap4,4,0,0,0.9375010146418976,0.353484573375933,False
Ckap5,6,0,0,0.696821831521222,0.5005721264499472,False
Ckb,7,0,0,0.9451899018703012,0.7337222653601624,False
Cklf,5,0,0,0.8479654024844037,0.9241565748773356,False
Cks1b,2,0,0,,0.5007047953455485,False
Cks2,2,0,0,0.998947809908267,0.3632381013591664,False
Clasp1,6,0,0,0.999465548143242,0.3140389153487815,False
Clasp2,6,0,0,0.9249243011762216,0.1907694978594752,False
Clasrp,5,0,0,0.4991442160441217,0.5789926456823433,False
Clba1,1,0,0,0.999465548143242,0.246593729542296,False
Clcc1,5,0,0,0.7888132553845313,0.3581857990662451,False
Clcf1,1,0,0,0.1200852716030269,0.5929278857167799,False
Clcn2,2,0,0,0.7952163352517458,0.4649100682386353,False
Clcn3,6,0,0,0.3417798057419804,0.4445368158535291,False
Clcn4,6,0,0,0.8904498303611323,0.325435545052174,False
Clcn5,4,0,0,0.7992322284960808,0.4205900691276125,False
Clcn6,5,0,0,0.5165446726505097,0.4366023476106502,False
Clcn7,5,0,0,0.9997978488301602,0.9770401499007668,False
Cldn1,1,0,0,0.999465548143242,0.9912347526419024,False
Cldn10,2,0,0,0.999576737147644,0.6104654755498568,False
Cldn11,3,0,0,0.09432459912412,0.5883009364192798,False
Cldn12,1,0,0,,0.2864995449041935,False
Cldn14,1,0,0,,0.5066668457361118,False
Cldn2,1,0,0,0.999465548143242,0.3108671988351602,False
Cldn3,1,0,0,0.999465548143242,0.2539627235488801,False
Cldn34c1,3,0,0,0.9179582362981932,0.6429898714790074,False
Cldn5,2,0,0,0.9997978488301602,1.370532640869276,False
Cldnd1,7,0,0,0.9554023134682036,0.7823340030603875,False
Clec12a,1,0,0,0.998947809908267,1.0588220739031449,False
Clec14a,2,0,0,0.9997978488301602,0.653548743765409,False
Clec16a,3,0,0,,0.8837972696558133,False
Clec1a,1,0,0,0.9997978488301602,0.6443835443320644,False
Clec2d,3,0,0,0.998947809908267,0.4174163808321506,False
Clec2l,1,0,0,0.9999106453149894,0.5305783074030017,False
Clec4a1,1,0,0,0.998947809908267,0.900252488244949,False
Clec4a2,2,0,0,0.9451899018703012,0.716702801031701,False
Clec4a3,2,0,0,0.9946189224594264,0.0414532254093366,False
Clec5a,1,0,0,0.7171334326721777,0.2277459658956649,False
Clgn,3,0,0,0.9999106453149894,0.4087356403856852,False
Clic1,6,0,0,0.9384484988811008,0.3201012060205875,False
Clic3,1,0,0,0.999465548143242,0.8757824017957205,False
Clic4,5,0,0,0.1949667430997806,0.4691806719171841,False
Clic5,2,0,0,0.9997978488301602,1.3929064533880149,False
Clic6,1,0,0,0.999465548143242,0.6739767299606947,False
Clint1,7,0,0,0.4157342052438986,0.3583757893568077,False
Clip1,4,0,0,0.3887228377424673,0.3346741211797326,False
Clip2,4,0,0,0.9055668931319788,0.3491970148750366,False
Clip3,4,0,0,0.4958610347059797,0.3482109941143222,False
Clip4,2,0,0,0.9999106453149894,0.3205297424459223,False
Clk1,7,0,0,0.7379824499651024,0.5541486294106673,False
Clk2,5,0,0,0.9997978488301602,0.4660780260925196,False
Clk3,6,0,0,0.9784212791584648,0.7155607154301042,False
Clk4,6,0,0,0.8666526310567575,0.34666391646646,False
Clmn,3,0,0,0.995802095455254,0.859122537031959,False
Clmp,1,0,0,,0.1175609723659441,False
Cln3,4,0,0,0.914200400224126,0.4423359439707504,False
Cln5,6,0,0,0.9613872956381267,0.3454547723368076,False
Cln6,3,0,0,,1.1325181924493328,False
Cln8,6,0,0,0.5700728105358812,0.7757073750185721,False
Clns1a,6,0,0,0.9389728124425808,0.4783074014906855,False
Clock,6,0,0,0.5247673507708958,0.9521532867365624,False
Clp1,4,0,0,0.9999106453149894,0.7154977578307999,False
Clpb,5,0,0,0.8039680877167892,0.5898717628232807,False
Clpp,6,0,0,0.5972775982317474,0.3420290752920263,False
Clptm1,7,0,0,0.8999497412488456,0.4573011076764079,False
Clptm1l,6,0,0,0.9856550429951896,0.2658022123338176,False
Clpx,6,0,0,0.9333672193684552,0.3306724739672665,False
Clspn,1,0,0,,0.2921673859472778,False
Clstn1,6,0,0,0.7295746857594037,0.256887384840432,False
Clstn3,1,0,0,0.9999106453149894,0.0359116475986918,False
Clta,7,0,0,0.7751097273052462,0.2422672261409273,False
Cltb,6,0,0,0.3863318939222953,0.4552944378074623,False
Cltc,7,0,0,0.2125551187195404,0.3885141148178782,False
Cltrn,1,0,0,0.999465548143242,1.1197123411170444,False
Clu,6,0,0,0.773122613881827,0.5940762844151405,False
Cluap1,6,0,0,0.7645527522855137,0.3469676615956967,False
Cluh,5,0,0,0.999465548143242,0.8257431884082482,False
Clybl,4,0,0,0.9988978288128184,0.6782897260128752,False
Cmas,6,0,0,0.9409257914200232,0.5455269800309642,False
Cmbl,2,0,0,,0.6137720093684456,False
Cmc1,6,0,0,0.8667737457308301,0.3394359317677674,False
Cmc2,6,0,0,0.8904498303611323,0.5494743427854729,False
Cmc4,5,0,0,0.9693377484700088,0.6605221085251595,False
Cmip,4,0,0,0.8513147126759898,0.2030380641227243,False
Cmklr1,1,0,0,0.4642549842934126,0.3710692789208982,False
Cmpk1,7,0,0,0.8402201583633553,0.6194039019195126,False
Cmpk2,2,0,0,0.9997978488301602,0.6171645590783755,False
Cmss1,6,0,0,0.999465548143242,0.4088856865535731,False
Cmtm3,4,0,0,0.998717048431168,0.5559641800917186,False
Cmtm4,5,0,0,0.9997978488301602,0.4756621700264759,False
Cmtm5,3,0,0,0.7322744743927078,0.1855779828313938,False
Cmtm6,6,0,0,0.9720769386015962,0.3538859811816865,False
Cmtm7,3,0,0,0.6644586706753683,0.2921100271038817,False
Cmtm8,3,0,0,0.999465548143242,0.5873219785400182,False
Cmtr1,5,0,0,0.9784212791584648,0.0876208897940356,False
Cmtr2,1,0,0,,0.26525487503383,False
Cmya5,2,0,0,,0.1988027920957533,False
Cnbd2,1,0,0,,0.6731482445729182,False
Cnbp,7,0,0,0.5628438977412534,0.3545577975881597,False
Cndp1,1,0,0,0.999465548143242,0.0598094603947133,False
Cndp2,7,0,0,0.3329686215674753,0.6699100665809284,False
Cnep1r1,6,0,0,0.97714218428337,0.6813986024947398,False
Cnih1,6,0,0,0.9771941538254924,0.5547682730423305,False
Cnih2,4,0,0,0.9999106453149894,1.0728464205625146,False
Cnih3,1,0,0,,0.5380432786746457,False
Cnih4,7,0,0,0.6839554804089598,0.4630094098490209,False
Cnksr2,1,0,0,,0.2901927195131611,False
Cnksr3,4,0,0,0.999465548143242,1.1758739076334588,False
Cnn2,3,0,0,0.9997978488301602,0.995703190245215,False
Cnn3,5,0,0,0.8781770920570142,0.4312575742431168,False
Cnnm2,5,0,0,0.999465548143242,1.071573139772152,False
Cnnm3,5,0,0,0.8824350574726691,0.3061029762149211,False
Cnnm4,2,0,0,,0.3506792118826758,False
Cnot1,6,0,0,0.694295957244932,0.6389853593895283,False
Cnot10,6,0,0,0.9613872956381267,0.3380479151945458,False
Cnot11,6,0,0,0.999465548143242,0.6028504235113814,False
Cnot2,6,0,0,0.876523471077198,0.2096209354245993,False
Cnot3,7,0,0,0.7301644375255361,0.4930485633697091,False
Cnot4,6,0,0,0.7747015316640691,0.2499309754610629,False
Cnot6,6,0,0,0.9410987705200488,0.6449517435522192,False
Cnot6l,7,0,0,0.7280554558206339,0.3363954254854367,False
Cnot7,6,0,0,0.8934391685611346,0.510700453007858,False
Cnot8,6,0,0,0.9373043051280254,0.7868244298130633,False
Cnot9,4,0,0,0.9997978488301602,0.510104832453471,False
Cnp,6,0,0,0.570720857490917,0.351312217156575,False
Cnppd1,6,0,0,0.5954679807215576,0.8436252138033838,False
Cnpy2,7,0,0,0.3275302718023668,0.4932920178851967,False
Cnpy3,6,0,0,0.8098104630732278,0.6216257874639299,False
Cnpy4,4,0,0,0.9997978488301602,0.2957854191268531,False
Cnr1,2,0,0,0.9999106453149894,0.4074034376802449,False
Cnr2,1,0,0,,0.3179230478164166,False
Cnrip1,4,0,0,0.9918882510064204,0.0500048126066579,False
Cnst,5,0,0,0.999465548143242,1.1989603284961268,False
Cntfr,3,0,0,0.9603469151708518,0.2665100725685158,False
Cntln,5,0,0,0.9885204868030568,0.5904094042565059,False
Cntn1,4,0,0,0.9550624901828332,1.280513332844181,False
Cntn2,1,0,0,0.8611812280648714,0.1237347904412551,False
Cntn3,1,0,0,,0.6175783348437845,False
Cntn4,1,0,0,0.9999106453149894,0.2272589389656387,False
Cntn6,1,0,0,0.9999106453149894,0.0232533099479028,False
Cntnap2,2,0,0,0.999465548143242,0.3266056838804538,False
Cntrl,5,0,0,0.9602485219048852,0.4163106894814973,False
Cntrob,2,0,0,,0.4882435452151363,False
Coa3,7,0,0,0.8469074592563315,0.6435585055687061,False
Coa4,4,0,0,0.999465548143242,0.6633714927335472,False
Coa5,6,0,0,0.999465548143242,0.6894912169214804,False
Coa6,6,0,0,0.93132946440637,0.736013413612176,False
Coa7,5,0,0,0.999465548143242,0.3763345284217748,False
Coasy,5,0,0,0.9603469151708518,0.497935799917052,False
Cobl,3,0,0,0.1621450457378276,1.6443410216136083,False
Cobll1,4,0,0,0.4852790522452709,0.4309184074768285,False
Cog1,4,0,0,0.9997978488301602,0.4250974957740021,False
Cog2,6,0,0,0.999465548143242,0.5209378841644965,False
Cog3,4,0,0,0.9997978488301602,0.5957275302288457,False
Cog4,6,0,0,0.9613872956381267,0.3634038638549612,False
Cog5,6,0,0,0.694295957244932,1.0068774530539757,False
Cog6,6,0,0,0.8767627648475128,0.3747263910603602,False
Cog7,6,0,0,0.942371774006941,0.5193451625564424,False
Cog8,6,0,0,0.9924339810191554,0.960405622828648,False
Coil,5,0,0,0.9999106453149894,0.5578797878501172,False
Col11a1,1,0,0,0.9999106453149894,0.0719961825880331,False
Col11a2,3,0,0,0.9988978288128184,0.2802405989627364,False
Col15a1,1,0,0,,0.2289601055630067,False
Col16a1,3,0,0,0.9999106453149894,0.8195673284895618,False
Col18a1,1,0,0,0.9999106453149894,0.0458125543940842,False
Col1a1,1,0,0,,0.4007759341719157,False
Col1a2,1,0,0,0.999465548143242,1.6191568970364594,False
Col27a1,2,0,0,0.6413297884463341,1.2158742717661877,False
Col4a1,3,0,0,0.9997978488301602,0.5355749021853883,False
Col4a2,2,0,0,0.9997978488301602,0.4871437712706509,False
Col4a3bp,6,0,0,0.9636847167956676,0.4853246329363576,False
Col4a5,1,0,0,,0.0407097507008879,False
Col6a3,1,0,0,,0.8870038054921943,False
Col8a1,1,0,0,0.999465548143242,0.6222613893854737,False
Col8a2,1,0,0,0.999465548143242,1.1752966187026042,False
Col9a2,1,0,0,0.9999106453149894,0.7275914666753173,False
Col9a3,4,0,0,0.7981419645204373,0.3306430141434809,False
Colca2,1,0,0,,0.7342146933317172,False
Colec12,1,0,0,0.998947809908267,0.8513367788091056,False
Colgalt1,6,0,0,0.1469792540201668,0.5294953918772817,False
Colgalt2,2,0,0,0.9997978488301602,0.2753982024656738,False
Commd1,6,0,0,0.570720857490917,0.7289358143564212,False
Commd10,6,0,0,0.97714218428337,0.9582945597533846,False
Commd2,6,0,0,0.9691343900630024,0.6379756209833792,False
Commd3,7,0,0,0.7992322284960808,0.4179242830066332,False
Commd4,6,0,0,0.9741650859559596,0.6215854855918682,False
Commd5,4,0,0,0.9997978488301602,0.5608485492114009,False
Commd6,7,0,0,0.1820911751140671,0.5407211254897558,False
Commd7,6,0,0,0.6054177825061106,0.4215066584723241,False
Commd8,7,0,0,0.570720857490917,0.5907275884297087,False
Commd9,6,0,0,0.9784212791584648,0.2371727481257315,False
Comt,7,0,0,0.8894873411068696,0.2410253182170877,False
Comtd1,6,0,0,0.9451899018703012,0.6984973815585148,False
Cop1,6,0,0,0.8711099682071693,0.4563051006378066,False
Copa,7,0,0,0.7418041516038367,0.6672874819926281,False
Copb1,6,0,0,0.76670064467414,0.5366399583867019,False
Copb2,6,0,0,0.9451899018703012,0.2205738965739055,False
Cope,7,0,0,0.1476263366897469,0.4944382289945856,False
Copg1,6,0,0,0.9007266118211642,0.2516488297916492,False
Copg2,6,0,0,0.9409257914200232,0.2218228123267604,False
Coprs,5,0,0,0.9236923315865582,0.541700267893453,False
Cops2,6,0,0,0.7111208123535145,0.3826700418907492,False
Cops3,6,0,0,0.5628438977412534,0.54819551621266,False
Cops4,6,0,0,0.969206275507647,0.1538433294056268,False
Cops5,6,0,0,0.8619714833326239,0.3159366931595428,False
Cops6,6,0,0,0.7441296476117796,0.2383308082114159,False
Cops7a,6,0,0,0.9333672193684552,0.6708562790136751,False
Cops7b,4,0,0,,0.5416974394711794,False
Cops8,6,0,0,0.9784212791584648,0.3284350410835386,False
Cops9,7,0,0,0.9375010146418976,0.4349051142374877,False
Copz1,7,0,0,0.9784212791584648,0.5043539746761452,False
Copz2,4,0,0,0.999465548143242,0.751506666685247,False
Coq10a,6,0,0,0.7158904442994523,0.392004957022595,False
Coq10b,6,0,0,0.530325050500363,0.5847084843199705,False
Coq2,6,0,0,0.9771941538254924,0.3342843644223108,False
Coq3,4,0,0,0.999465548143242,0.4328778115374888,False
Coq4,5,0,0,0.999465548143242,0.9566417880009188,False
Coq5,6,0,0,0.987856211944101,0.6551559163734288,False
Coq6,5,0,0,0.999465548143242,0.9666974145260384,False
Coq7,6,0,0,0.5653120034065704,0.3607635300231726,False
Coq8a,3,0,0,,0.4294873684833637,False
Coq8b,4,0,0,0.999465548143242,0.9862845466875108,False
Coq9,6,0,0,0.999465548143242,0.8317276130829268,False
Coro1a,2,1,1,0.0018230914249099,0.519334282513446,True
Coro1b,2,0,0,,0.4170528756611715,False
Coro1c,4,0,0,0.93132946440637,0.4452374746432914,False
Coro2a,2,0,0,,1.0882318743861703,False
Coro2b,4,0,0,0.2865194199194606,0.6999647668111314,False
Coro7,4,0,0,0.9613872956381267,0.336263179141864,False
Cotl1,6,0,0,0.2993440404334354,0.5119947639100119,False
Cox10,6,0,0,0.9988978288128184,0.8598449871257275,False
Cox11,5,0,0,0.999465548143242,0.9111160751873968,False
Cox14,7,0,0,0.9208018170938068,0.2460564632926933,False
Cox15,2,0,0,,0.4339323628329296,False
Cox16,7,0,0,0.7644675996000637,0.3639414427010452,False
Cox17,7,0,0,0.4970782074252172,0.8736090254345166,False
Cox18,5,0,0,0.9997978488301602,1.062947444711504,False
Cox19,6,0,0,0.7949440489703444,0.3856676256248776,False
Cox20,6,0,0,0.7927426385372717,0.2568960899560977,False
Cox4i1,7,0,0,0.1009882352162011,0.3556113639618481,False
Cox5a,7,0,0,0.8395686305611657,0.4233381822297497,False
Cox5b,7,0,0,0.7110609292315051,0.4305925431372544,False
Cox6a1,7,0,0,0.3772412123900948,0.2887715588570584,False
Cox6a2,1,0,0,,0.5342842888391719,False
Cox6b1,7,0,0,0.9613872956381267,0.1095189329544116,False
Cox6b2,5,0,0,0.999465548143242,0.5743684549473577,False
Cox6c,7,0,0,0.942371774006941,0.2571248125253949,False
Cox7a1,1,0,0,0.999465548143242,0.3274135324133548,False
Cox7a2,7,0,0,0.8818650673896277,0.2258456522175078,False
Cox7a2l,7,0,0,0.9054228263761034,0.4105663420352343,False
Cox7b,7,0,0,0.8091671030744795,0.7056643422795693,False
Cox7c,7,0,0,0.9766488641091366,0.2006245246641,False
Cox8a,7,0,0,0.717619357103585,0.1585984498608061,False
Cox8b,1,0,0,0.999465548143242,0.1226918776954109,False
Cp,3,0,0,0.998947809908267,0.694434326906729,False
Cpa2,1,0,0,,0.7619410484854412,False
Cpd,5,1,1,0.0080738550361007,0.6021303284336564,True
Cpe,6,0,0,0.5395980839164144,0.5444431017023458,False
Cpeb1,3,0,0,0.8634600166467697,0.8879440301242291,False
Cpeb2,6,0,0,0.9093496442158931,1.426102973955394,False
Cpeb3,4,0,0,0.8976496990397612,0.5192053933315692,False
Cpeb4,6,0,0,0.6125964417721538,0.5532914642395321,False
Cplane1,5,0,0,0.7844582697242548,0.3586408006125096,False
Cplx2,5,0,0,0.9997978488301602,0.6553023611760926,False
Cpm,1,0,0,0.829388260330224,0.1819710069746765,False
Cpn1,1,0,0,0.999465548143242,1.603809951318706,False
Cpne1,5,0,0,0.9997978488301602,0.2279129805524689,False
Cpne2,4,0,0,0.9988978288128184,0.3554749031223143,False
Cpne3,6,0,0,0.7646960510484726,0.2229742033312326,False
Cpne8,4,0,0,0.999465548143242,0.5673349183540394,False
Cpox,5,0,0,0.4128174078675129,0.3180055652573846,False
Cpped1,6,0,0,0.999465548143242,0.6513259119142326,False
Cpq,5,0,0,0.9988978288128184,0.8225127624802138,False
Cpsf1,5,0,0,0.9997978488301602,0.3475082335413451,False
Cpsf2,6,0,0,0.8402201583633553,0.291613049305181,False
Cpsf3,6,0,0,0.9693377484700088,0.1433543438190345,False
Cpsf4,2,0,0,,0.296236222655745,False
Cpsf6,6,0,0,0.9264781526371813,0.6851608182195739,False
Cpsf7,5,0,0,0.6551144729852422,0.5865341906408069,False
Cpt1a,6,0,0,0.9988978288128184,1.3546797577598575,False
Cpt1c,3,0,0,0.977017223345402,0.1193397024041225,False
Cpt2,5,0,0,0.999465548143242,0.7065591007557721,False
Cptp,2,0,0,,0.3244951276263589,False
Cpxm1,2,0,0,0.9999106453149894,1.1642165725184754,False
Cr1l,5,0,0,0.96438277861516,0.4451453255227231,False
Cracr2b,2,0,0,0.9997978488301602,0.2129763903171658,False
Cradd,3,0,0,,0.6983616118436232,False
Cramp1l,5,0,0,0.9997978488301602,0.64838462858836,False
Crat,5,0,0,0.9997978488301602,0.1856364022507747,False
Crb3,1,0,0,0.999465548143242,0.3285555747798113,False
Crbn,6,0,0,0.7694557765326445,0.7778910845221989,False
Crcp,5,0,0,0.999465548143242,0.2919928114129889,False
Creb1,5,0,0,0.1673649620257666,0.4780829624384301,False
Creb3,6,0,0,0.9640531979720832,0.6932259371656931,False
Creb3l2,5,0,0,0.9502843771029004,0.2433332160688677,False
Creb5,4,0,0,0.8402201583633553,0.1504147714957533,False
Crebbp,7,0,0,0.8082473626008431,0.9790207110066076,False
Crebl2,5,0,0,0.7071435961316962,0.7178171111561072,False
Crebrf,6,0,0,0.8818650673896277,0.3386178256251269,False
Crebzf,6,0,0,0.773122613881827,0.649390039994771,False
Creg1,6,0,0,0.5512788212706848,0.5518786602761977,False
Creg2,2,0,0,0.9999106453149894,0.6658789491329504,False
Creld1,5,0,0,0.9932527654424816,0.670968479206554,False
Creld2,5,0,0,0.9867318244790833,0.3224551934295782,False
Crem,5,0,0,0.999465548143242,0.8189385647329004,False
Crim1,5,0,0,0.918102734683989,0.9932967566085108,False
Crip1,6,1,1,0.0083939632035522,1.62971796812183,True
Crip2,6,1,1,0.0112999690882773,1.0167334204672338,True
Cript,7,0,0,0.8818650673896277,0.5853190649927418,False
Crispld1,1,0,0,0.9997978488301602,0.3353804756957105,False
Crk,6,0,0,0.7981419645204373,0.6824343632020206,False
Crkl,5,0,0,0.8789423840775802,0.2331574188645719,False
Crlf2,5,0,0,0.7819212764210148,0.7382212438389162,False
Crlf3,7,0,0,0.7950230162838463,0.406369716861729,False
Crls1,6,0,0,0.8976496990397612,0.3680763282690558,False
Crmp1,1,0,0,0.9999106453149894,0.0650888361767416,False
Crnde,1,0,0,,0.1058025996500293,False
Crnkl1,6,0,0,0.799725392082966,0.932433184858994,False
Crot,6,0,0,0.5402017495941489,0.5389844431713787,False
Crppa,3,0,0,0.7969683111166562,0.3737026589463722,False
Crtac1,1,0,0,0.8976496990397612,0.2391519838911916,False
Crtap,3,0,0,0.9997978488301602,0.511617813755179,False
Crtc1,4,0,0,0.9999106453149894,0.8210582491844823,False
Crtc2,4,0,0,0.9997978488301602,0.4976079468795918,False
Crtc3,6,0,0,0.9425388014688934,0.6741646857835732,False
Cry1,5,0,0,0.9997978488301602,1.15849492565672,False
Cry2,5,0,0,0.4296134976109327,1.4058382437493644,False
Cryab,6,1,1,0.0002319648524645,0.6019744069378687,True
Cryba4,1,0,0,0.9394207231963488,0.0816295655366157,False
Crybb1,2,0,0,0.6644586706753683,0.3701498236980073,False
Crybg1,1,0,0,,0.1291851675528286,False
Crybg3,3,0,0,0.2690748530140653,0.6176244559392866,False
Cryl1,2,0,0,0.8086142754626554,0.3579205615985583,False
Cryz,5,0,0,0.999465548143242,0.8070038498357379,False
Cryzl1,6,0,0,0.893251938997539,0.3686873184421468,False
Cryzl2,4,0,0,0.999465548143242,0.3374890761588808,False
Cs,6,0,0,0.9601312667032076,0.5056273633278012,False
Csad,6,0,0,0.6644586706753683,0.4876491120679139,False
Csdc2,2,0,0,0.9988978288128184,0.6150111475855631,False
Csde1,7,0,0,0.7041507712502412,0.4872783586620705,False
Cse1l,6,0,0,0.8667737457308301,0.5804012608556318,False
Csf1,4,0,0,0.6125964417721538,0.917602316695379,False
Csf1r,3,0,0,0.9489591940169484,0.1319736766820037,False
Csf2ra,6,0,0,0.6518406691157249,0.6193379008274486,False
Csf2rb,1,0,0,0.3863318939222953,0.4675597279301797,False
Csf2rb2,1,0,0,,0.3473465743816434,False
Csf3r,1,0,0,0.8883235370113577,0.1045993454917528,False
Csgalnact1,3,0,0,0.9988978288128184,0.1224835383920648,False
Csgalnact2,3,0,0,0.9997978488301602,0.6479298903618402,False
Csk,6,0,0,0.9375010146418976,0.26893152740938,False
Csmd1,2,0,0,0.9999106453149894,0.2294870501518202,False
Csmd2,3,0,0,0.9999106453149894,1.9419339293960416,False
Csmd3,3,0,0,0.2246794447508142,0.4519933385607848,False
Csnk1a1,7,0,0,0.7819212764210148,0.3376556546342139,False
Csnk1d,7,0,0,0.7592220679406201,0.7782883061632998,False
Csnk1e,7,0,0,0.1091912736410303,0.4908273055170452,False
Csnk1g1,5,0,0,0.9007266118211642,0.6169578674797472,False
Csnk1g2,6,0,0,0.917117594931894,0.4962557569200487,False
Csnk1g3,6,0,0,0.9885204868030568,0.5440212575631194,False
Csnk2a1,7,0,0,0.4378282741163827,0.3161333573751785,False
Csnk2a2,6,0,0,0.876292144009985,0.767062300585294,False
Csnk2b,7,0,0,0.5429168941116693,0.51718237791791,False
Cspg4,1,0,0,0.9999106453149894,0.0715576372328008,False
Cspg5,5,0,0,0.9988978288128184,0.9504920834367252,False
Cspp1,5,0,0,0.7949725240749512,0.271276246970131,False
Csrnp1,4,1,1,0.003464037515404,1.3343481929549454,True
Csrnp2,2,0,0,,0.5067299996055373,False
Csrnp3,2,0,0,0.9999106453149894,0.2349338824996634,False
Csrp1,6,0,0,0.3597176651599494,0.7632988725038584,False
Csrp2,3,0,0,0.999465548143242,0.4944777745849253,False
Cst3,7,1,1,1.6689738078524315e-06,1.206632772493324,True
Cst7,1,0,0,,0.0222034453820479,False
Cstb,7,0,0,0.718267654824689,0.2238473133471555,False
Cstf1,3,0,0,,0.3263126901734677,False
Cstf2,5,0,0,0.4988901925016831,0.5983079275297065,False
Cstf2t,6,0,0,0.8326903779931767,0.7838239106433252,False
Cstf3,6,0,0,0.999465548143242,0.2171188528155183,False
Ctbp1,6,0,0,0.1797078457983101,0.5701236722328153,False
Ctbp2,5,0,0,0.9404704244683886,0.53685670589437,False
Ctbs,4,0,0,0.9997978488301602,0.4101646086673522,False
Ctc1,5,0,0,0.6125964417721538,0.717220832348626,False
Ctcf,6,0,0,0.9731194262592744,0.355494624371872,False
Ctdnep1,7,0,0,0.5301384822676211,0.3550667696684071,False
Ctdp1,3,0,0,0.9997978488301602,0.5070346507063916,False
Ctdsp1,6,0,0,0.5954679807215576,0.3940903085493254,False
Ctdsp2,6,0,0,0.9010248316522482,0.3466708240650392,False
Ctdspl,6,0,0,0.4050227350218386,0.6428494556953236,False
Ctdspl2,6,0,0,0.9885204868030568,0.7674574488486517,False
Ctf1,1,0,0,0.999465548143242,0.0106193290309143,False
Cth,2,0,0,0.999465548143242,1.0412973197184676,False
Cthrc1,3,0,0,0.9997978488301602,0.6681913090337048,False
Ctif,5,0,0,0.7472087353185187,0.4107063521384,False
Ctla2a,1,0,0,0.5975160491570505,0.4365510086349006,False
Ctla2b,3,0,0,0.998947809908267,0.4645716666445817,False
Ctnna1,7,0,0,0.6542147650564231,0.6362263450050223,False
Ctnna2,3,0,0,0.8204826256055683,0.9805145542770756,False
Ctnna3,1,0,0,0.9853391978197256,0.0459953851858893,False
Ctnnal1,5,0,0,0.8070067535621716,0.5767189467454227,False
Ctnnb1,7,0,0,0.9523867509305338,0.3549347407167773,False
Ctnnbip1,6,0,0,0.5700728105358812,0.7156893816180628,False
Ctnnbl1,6,0,0,0.9879647222525472,0.4924116504515849,False
Ctnnd1,7,0,0,0.5093839661019232,0.5889897879482138,False
Ctnnd2,4,0,0,0.9988978288128184,0.9198026983810452,False
Ctns,5,0,0,0.9999106453149894,0.5458746650815518,False
Ctps,4,0,0,0.9636847167956676,0.3861324066385376,False
Ctps2,5,0,0,0.999465548143242,0.4261162185058993,False
Ctr9,6,0,0,0.9771941538254924,0.234865080116917,False
Ctsa,7,0,0,0.7278745565080218,0.8001085198086517,False
Ctsb,7,0,0,0.8821421870956816,0.3868563766731704,False
Ctsc,5,0,0,0.9208018170938068,0.2646091414654969,False
Ctsd,7,0,0,0.5909549339578934,0.3577885475379899,False
Ctsf,6,1,1,0.0430080242739181,0.6705949363425987,True
Ctsh,4,0,0,0.1001058186094591,1.0544973935209032,False
Ctsk,1,0,0,0.5023279481619385,0.455300891560773,False
Ctsl,7,0,0,0.8086142754626554,0.5553342935377735,False
Ctso,6,0,0,0.6839554804089598,0.4606723365982522,False
Ctss,6,0,0,0.9146787508903828,1.022866423606589,False
Ctsz,7,0,0,0.5478349178178319,0.3099388001851478,False
Cttn,5,0,0,0.9994094398372564,0.6954515371612994,False
Cttnbp2,4,0,0,0.5628438977412534,0.3439879605553112,False
Cttnbp2nl,5,0,0,0.9333672193684552,0.6973608732490001,False
Ctu1,2,0,0,,0.7780560447603694,False
Ctu2,4,0,0,0.9999106453149894,0.753389552466976,False
Ctxn1,5,0,0,0.999465548143242,1.0194046227631837,False
Cuedc1,5,0,0,0.8436289172168773,1.2570131196764462,False
Cuedc2,7,0,0,0.2690748530140653,0.6306141169190859,False
Cul1,7,0,0,0.6664564489374847,0.2320313127252989,False
Cul2,6,0,0,0.9524660103656164,0.4919020473432671,False
Cul3,6,0,0,0.8496976767411729,0.3370554256519597,False
Cul4a,6,0,0,0.9341769146397448,0.5283656883213156,False
Cul4b,5,0,0,0.999465548143242,0.5267823778343917,False
Cul5,6,0,0,0.971032361525934,0.402760599925747,False
Cul7,6,0,0,0.999465548143242,1.0617034114220267,False
Cul9,4,0,0,0.9703403656677598,0.8880877367534453,False
Cuta,7,0,0,0.5023279481619385,0.5774200718682957,False
Cutc,4,0,0,0.9997978488301602,0.4800647712464252,False
Cux1,7,0,0,0.5892569357993422,0.8915120494656343,False
Cux2,4,0,0,0.999465548143242,0.2016259428368927,False
Cwc15,7,0,0,0.499031193866619,0.3020579442592696,False
Cwc22,5,0,0,0.9997978488301602,0.5815349469785754,False
Cwc25,6,0,0,0.9550624901828332,0.265259532261561,False
Cwc27,5,0,0,0.9755900744703344,0.6366006891261279,False
Cwf19l1,2,0,0,,0.3036266861512504,False
Cwf19l2,6,0,0,0.8086142754626554,0.6247389616832054,False
Cx3cl1,2,0,0,0.9997978488301602,0.279817626331607,False
Cx3cr1,4,1,1,0.0114572906371161,1.892997945270284,True
Cxadr,1,0,0,0.9999106453149894,0.3525634403439645,False
Cxcl10,1,0,0,0.8727597914628661,0.5091089512369812,False
Cxcl12,2,1,1,5.1403931861087586e-09,3.017563586080344,True
Cxcl14,4,0,0,0.9988978288128184,0.2746328242627348,False
Cxcl16,2,0,0,0.570720857490917,1.3474185629924602,False
Cxcr4,1,0,0,0.998947809908267,0.2019691686902173,False
Cxxc1,6,0,0,0.9613872956381267,0.6373009667847572,False
Cxxc4,2,0,0,0.9999106453149894,0.2691086602823758,False
Cxxc5,6,0,0,0.9192113618421752,0.4106861414963553,False
Cyb561,2,0,0,0.999465548143242,0.9338277530899028,False
Cyb561a3,3,0,0,0.8590523139377634,0.7385198577907077,False
Cyb561d1,2,0,0,,0.1596377777269046,False
Cyb561d2,5,0,0,0.9943730809498168,0.5861909697956874,False
Cyb5a,7,0,0,0.8065965269489748,0.1726164493107269,False
Cyb5b,6,0,0,0.7938426122467852,0.3870648633008803,False
Cyb5d2,5,0,0,0.8429861170667684,0.4485418846419602,False
Cyb5r1,3,0,0,0.9997978488301602,0.2403116587182815,False
Cyb5r3,5,0,0,0.6049406892551493,0.5783432095674201,False
Cyb5r4,5,0,0,0.9997978488301602,0.2721148712732484,False
Cyb5rl,1,0,0,0.999465548143242,0.3668124821185798,False
Cyba,4,0,0,0.902034893950962,0.5188985799243275,False
Cybb,2,0,0,0.998947809908267,1.5353660860205585,False
Cybc1,4,0,0,0.9644314079198152,0.26637962376151,False
Cybrd1,1,0,0,,0.8735287396309191,False
Cyc1,7,0,0,0.2725964610605195,0.7450702438187901,False
Cycs,7,0,0,0.952145387177898,0.3573116884932776,False
Cyfip1,7,0,0,0.0924845490968197,0.3661723611606753,False
Cyfip2,4,0,0,0.999465548143242,0.5833142665691514,False
Cygb,1,0,0,0.9999106453149894,0.1754609170412077,False
Cyhr1,6,0,0,0.922337180409279,0.239001999588741,False
Cyld,6,0,0,0.3520317121076221,0.4907264880633758,False
Cyp20a1,5,0,0,0.7981419645204373,0.3663687328783945,False
Cyp27a1,2,0,0,0.7787626044774035,0.4588769496436082,False
Cyp2d22,3,0,0,0.9988978288128184,0.9302064954314148,False
Cyp2j12,1,0,0,0.979535497942706,0.0310885281744528,False
Cyp2j6,3,0,0,0.9550624901828332,0.5169495828745658,False
Cyp2j9,3,0,0,0.9988978288128184,0.403448881489044,False
Cyp2r1,1,0,0,,0.2123292008351379,False
Cyp2u1,4,0,0,0.999465548143242,0.6071057754535041,False
Cyp39a1,1,0,0,,0.0188808414320476,False
Cyp3a13,1,0,0,,0.9988912272730504,False
Cyp46a1,1,0,0,,0.1202646818522217,False
Cyp4f13,4,0,0,,0.7609126405175746,False
Cyp4f14,2,0,0,0.9988978288128184,0.8164565828251411,False
Cyp4f15,1,0,0,0.5249347361159311,0.7195976113828944,False
Cyp4f16,2,0,0,,0.7816324654614428,False
Cyp4f17,3,0,0,,0.7809352030368478,False
Cyp4v3,2,0,0,,0.1285394417344148,False
Cyp51,5,0,0,0.569238312388149,0.4465116058821002,False
Cyp7b1,2,0,0,0.9988978288128184,0.2670316551201949,False
Cyren,5,0,0,0.9997978488301602,0.4080325690971924,False
Cys1,1,0,0,0.9999106453149894,0.3581901495520271,False
Cysltr1,1,0,0,0.9394207231963488,0.0794060828118275,False
Cystm1,5,0,0,0.9771941538254924,0.339424331957931,False
Cyth1,5,0,0,0.9341769146397448,0.2774125280062613,False
Cyth2,6,0,0,0.9771941538254924,0.5330034015785284,False
Cyth3,5,0,0,0.4507347231459493,0.8543972092120239,False
Cyth4,2,0,0,0.6335000454950772,0.2044519046107804,False
Cyyr1,1,0,0,0.9997978488301602,0.1980732336138331,False
Czib,6,0,0,0.9926237465626456,0.317448126146012,False
D030028A08Rik,1,0,0,,0.1034166339424397,False
D030056L22Rik,6,0,0,0.602353328049845,0.6655285939562398,False
D10Wsu102e,5,0,0,0.5731170051725692,1.0456133177954554,False
D11Wsu47e,2,0,0,,0.48098964453601,False
D130017N08Rik,3,0,0,0.9999106453149894,0.8529334753455012,False
D130020L05Rik,2,0,0,,0.3301334979516254,False
D130040H23Rik,4,0,0,0.9999106453149894,0.643548451380312,False
D130062J10Rik,1,0,0,,0.3299717070717717,False
D16Ertd472e,5,0,0,0.7949725240749512,0.6228445361233289,False
D17H6S53E,4,0,0,,0.6413537907761878,False
D1Ertd622e,4,0,0,0.2390836728384205,0.4475910614387773,False
D230025D16Rik,3,0,0,0.9997978488301602,0.349220026319253,False
D2hgdh,3,0,0,,0.4588542161948978,False
D330023K18Rik,5,0,0,0.999465548143242,0.326404486731839,False
D330041H03Rik,2,0,0,,0.5420186222669819,False
D3Ertd751e,6,0,0,0.999465548143242,0.7515185025385266,False
D430019H16Rik,1,0,0,0.9999106453149894,0.3156497356053268,False
D430042O09Rik,5,0,0,0.9968686966296116,0.3518345490100981,False
D5Ertd579e,6,0,0,0.8781770920570142,0.9233989351148624,False
D630003M21Rik,1,0,0,,0.2029137235705796,False
D630024D03Rik,1,0,0,0.999465548143242,0.5112108265574459,False
D630033O11Rik,1,0,0,,1.0687643237191102,False
D630045J12Rik,1,0,0,0.9999106453149894,0.2198064412103786,False
D6Wsu163e,2,0,0,,0.2109218719231602,False
D730003I15Rik,5,0,0,0.9681245968372264,0.2550584839212038,False
D730003K21Rik,1,0,0,0.999465548143242,0.3011802225352768,False
D7Ertd443e,2,0,0,0.8402201583633553,0.3746515857264973,False
D830024N08Rik,1,0,0,,0.71499101803363,False
D830025C05Rik,2,0,0,,0.6686903957483168,False
D830030K20Rik,1,0,0,,0.0627122464532439,False
D830050J10Rik,1,0,0,,0.1999950406404936,False
D8Ertd738e,7,0,0,0.792952264193682,0.2527304614559501,False
D930016D06Rik,5,0,0,0.9997978488301602,0.5468169592086568,False
D930030I03Rik,1,0,0,,0.4219011493185595,False
Daam1,6,0,0,0.5672965245225469,0.4811918136630332,False
Daam2,2,0,0,0.9932527654424816,0.1661309560966858,False
Dab1,3,0,0,0.9988978288128184,0.6685470878144296,False
Dab2,6,0,0,0.998947809908267,0.7690361955545197,False
Dab2ip,5,0,0,0.3641385596622708,0.6627333566129596,False
Dach1,2,0,0,0.9997978488301602,0.418607010154167,False
Dach2,1,0,0,,0.607472813900522,False
Dact3,4,0,0,0.7927426385372717,0.464855350426506,False
Dad1,7,0,0,0.9550624901828332,0.3562705618658615,False
Dag1,6,0,0,0.9970554848778064,0.3347008508039161,False
Dagla,3,0,0,0.9999106453149894,0.4444915477450606,False
Daglb,6,0,0,0.9888530160051576,0.5103264328366676,False
Dalrd3,6,0,0,0.9333672193684552,0.8836864319443093,False
Dancr,4,0,0,0.9999106453149894,0.2918979818017316,False
Dand5,3,0,0,,0.4307368809499935,False
Dap,5,0,0,0.999465548143242,0.4566395461072752,False
Dap3,6,0,0,0.9693377484700088,0.2259879747311113,False
Dapk1,4,0,0,0.999465548143242,0.2334288987891815,False
Dapk2,1,0,0,0.9386397008234592,0.2258011077527817,False
Dapk3,6,0,0,0.8402201583633553,0.3113984034501195,False
Dapp1,2,0,0,0.5277004944264071,0.2680965595579903,False
Dars,6,0,0,0.9203657461676418,0.4701832774009905,False
Dars2,2,0,0,,0.932890008045109,False
Daxx,5,0,0,0.9997978488301602,0.5469063860974093,False
Dazap1,6,0,0,0.6855395030453159,0.6937193028109165,False
Dazap2,7,0,0,0.97714218428337,0.5995030002879307,False
Dbf4,1,0,0,,0.2665694384149408,False
Dbi,7,0,0,0.5628438977412534,0.2013142951796208,False
Dbil5,1,0,0,,0.2813192265380276,False
Dbn1,2,0,0,0.9999106453149894,0.1270001368265339,False
Dbndd2,6,0,0,0.074344285750615,0.5347259171726907,False
Dbnl,7,0,0,0.1909010148034548,0.9657124599196006,False
Dbp,7,0,0,0.1827127895120165,0.8864302937106271,False
Dbpht2,1,0,0,0.9999106453149894,0.4112218007836819,False
Dbr1,3,0,0,,0.5472284865352787,False
Dbt,5,0,0,0.944326258559619,0.9928382439177108,False
Dbx2,2,0,0,0.9988978288128184,0.5343254376268832,False
Dcaf1,6,0,0,0.8622072670002854,0.3804124958142426,False
Dcaf10,4,0,0,0.9997978488301602,0.2262808631531212,False
Dcaf11,6,0,0,0.9563819747493084,0.4543572268257932,False
Dcaf12,6,0,0,0.9054228263761034,0.4662207776519633,False
Dcaf12l1,2,0,0,0.999465548143242,0.0563122609861012,False
Dcaf13,6,0,0,0.9810146047014744,0.6168094752904136,False
Dcaf15,3,0,0,,1.1665269534487483,False
Dcaf17,5,0,0,0.8913433305157492,0.6209377571564509,False
Dcaf4,2,0,0,0.9007266118211642,0.2306392395145692,False
Dcaf5,5,0,0,0.9997978488301602,0.5645160516746542,False
Dcaf6,6,0,0,0.9718400765999812,0.6056958948788802,False
Dcaf7,6,0,0,0.8732744417284509,0.3521699839780298,False
Dcaf8,6,0,0,0.5672965245225469,0.3751124956353517,False
Dcakd,5,0,0,0.9997978488301602,0.3021418416831357,False
Dcbld1,1,0,0,0.9999106453149894,0.3192504756371819,False
Dcbld2,5,0,0,0.9997978488301602,0.813270192841722,False
Dcc,2,0,0,0.9999106453149894,1.0838604454816716,False
Dcdc2a,3,0,0,0.5176718996820222,0.8578300666764018,False
Dchs1,3,0,0,0.9999106453149894,0.3601268621788927,False
Dck,1,0,0,,0.2698814017034187,False
Dclk1,5,0,0,0.6506180552340232,0.8026402816007657,False
Dclk2,2,0,0,0.9999106453149894,0.262510019684635,False
Dclre1a,5,0,0,0.9999106453149894,0.4452269737389794,False
Dclre1b,2,0,0,,0.8412083018093762,False
Dclre1c,2,0,0,,0.4927452927236176,False
Dcp1a,3,0,0,0.9997978488301602,1.0214020207842889,False
Dcp1b,4,0,0,0.8130255844802706,0.5614768114457412,False
Dcp2,5,0,0,0.999465548143242,1.1010647826828788,False
Dcps,6,0,0,0.9687465883607126,1.835916972066142,False
Dct,1,0,0,0.9999106453149894,0.0567305207953214,False
Dctd,1,0,0,,0.4140203396602005,False
Dctn1,6,0,0,0.8513147126759898,0.2338077525800722,False
Dctn2,7,0,0,0.7362199449510005,0.5409198009577595,False
Dctn3,7,0,0,0.9613872956381267,0.2870285296233188,False
Dctn4,7,0,0,0.9394207231963488,0.887000841921209,False
Dctn5,6,0,0,0.876292144009985,0.5304752663786131,False
Dctn6,6,0,0,0.979085725324748,0.3196377262913853,False
Dctpp1,6,0,0,0.8634739212793215,1.3184245446140808,False
Dcun1d1,6,0,0,0.9446358271558832,0.4863904017355679,False
Dcun1d2,5,0,0,0.9999106453149894,0.7427827305746565,False
Dcun1d3,3,0,0,0.9997978488301602,0.317184135159397,False
Dcun1d4,4,0,0,0.999465548143242,1.469673390837998,False
Dcun1d5,6,0,0,0.9761340426509554,0.358950003276807,False
Dcx,1,0,0,0.9999106453149894,0.394532442578849,False
Dcxr,5,0,0,0.0971825420947946,2.0555449456182404,False
Dda1,6,0,0,0.8818650673896277,0.3804641871805876,False
Ddah1,4,0,0,0.9988978288128184,1.1409196688176184,False
Ddah2,6,0,0,0.2914818151218831,0.7649559989593018,False
Ddb1,6,0,0,0.9514531068701884,0.3469931739123197,False
Ddb2,3,0,0,,0.5222728702986957,False
Ddc,2,1,1,3.466554169228607e-05,0.989236239615098,True
Ddhd1,6,0,0,0.2497879460286814,0.6709354690830781,False
Ddhd2,6,0,0,0.9853391978197256,0.4989519756037519,False
Ddi2,5,0,0,0.8718050163204013,0.6341399343204639,False
Ddit3,6,0,0,0.4298703729752186,0.4612485545051261,False
Ddit4,5,1,1,6.426611435432164e-06,1.4504284067952309,True
Ddit4l,3,0,0,0.999465548143242,1.5240686586043637,False
Ddn,2,0,0,,1.174371512315507,False
Ddo,1,0,0,,0.0815766857186218,False
Ddost,7,0,0,0.510905414431632,0.4416809119395763,False
Ddr1,4,0,0,0.5086811856719438,0.8316744188426531,False
Ddrgk1,7,0,0,0.7430236802249284,0.4179626407581371,False
Ddt,6,0,0,0.9926237465626456,0.1408116251759801,False
Ddx1,6,0,0,0.7439106286503296,0.2140237048301375,False
Ddx10,5,0,0,0.9741650859559596,0.9982656108905557,False
Ddx17,7,1,1,0.0090345550302548,1.3396908791720432,True
Ddx18,6,0,0,0.9544266184864936,0.3972703118933591,False
Ddx19a,6,0,0,0.9409257914200232,0.4204294415213306,False
Ddx19b,3,0,0,,0.5349522640612385,False
Ddx20,3,0,0,0.999465548143242,0.6844726717022007,False
Ddx21,7,0,0,0.847684396122065,0.5443132408038677,False
Ddx23,5,0,0,0.870452040729959,0.2702570102867787,False
Ddx24,7,0,0,0.8992872603476387,0.2699680623296966,False
Ddx25,1,0,0,0.9999106453149894,0.1462351566791904,False
Ddx27,6,0,0,0.8112386475303605,0.715254652399289,False
Ddx28,2,0,0,,0.504581803807768,False
Ddx31,1,0,0,,0.0590365893465607,False
Ddx39,5,0,0,0.999465548143242,0.5871161485222117,False
Ddx39b,7,0,0,0.6914626356372738,0.4310694588813499,False
Ddx3x,7,0,0,0.7417769548284672,0.8257851570710443,False
Ddx41,6,0,0,0.999465548143242,0.3775983609942743,False
Ddx42,6,0,0,0.9375010146418976,0.4732696854136327,False
Ddx43,1,0,0,,0.0982724831785416,False
Ddx46,6,0,0,0.9070647896477066,0.138984887761969,False
Ddx47,6,0,0,0.8992872603476387,0.9397291495340327,False
Ddx49,5,0,0,0.999465548143242,0.3439536848126614,False
Ddx5,7,0,0,0.3268730891467319,0.4844568977378954,False
Ddx50,6,0,0,0.7981419645204373,0.3497929181333835,False
Ddx51,2,0,0,,0.3902053310902467,False
Ddx52,6,0,0,0.9771941538254924,0.1999465134889861,False
Ddx54,6,0,0,0.8781770920570142,0.5718577333233896,False
Ddx55,5,0,0,0.9771941538254924,0.5915840901889533,False
Ddx56,5,0,0,0.7422554867253202,0.5776294285246187,False
Ddx58,2,0,0,0.9997978488301602,0.5562591886629618,False
Ddx59,2,0,0,,0.1870620403925844,False
Ddx6,7,0,0,0.2959242692458669,0.5625879894055692,False
Ddx60,2,0,0,0.9997978488301602,0.4075374954759004,False
Deaf1,6,0,0,0.5546467309271519,0.6520193027848484,False
Decr1,6,0,0,0.95923806606069,0.3006974500185645,False
Decr2,5,0,0,0.999465548143242,0.1439199026591009,False
Dedd,6,0,0,0.602353328049845,0.4932582223015758,False
Dedd2,3,0,0,,0.7014489526890304,False
Def6,2,0,0,0.9997978488301602,0.4913193307482655,False
Def8,4,0,0,0.9999106453149894,0.5673944254878583,False
Defb11,1,0,0,0.999465548143242,0.5397776703943362,False
Defb42,1,0,0,,0.3759258733140398,False
Degs1,7,0,0,0.6338232438748905,1.0414904031734251,False
Degs2,1,0,0,0.9997978488301602,0.3387949905095233,False
Dek,7,0,0,0.8069745676066327,0.241405434486623,False
Dele1,5,0,0,0.995160174933142,0.5474910652406139,False
Dennd1a,5,0,0,0.9613872956381267,0.3914685396091639,False
Dennd1b,5,0,0,0.9997978488301602,0.490279178799693,False
Dennd1c,1,0,0,0.8473236203158974,0.1756985031721295,False
Dennd2a,4,0,0,0.9999106453149894,0.4486732151400696,False
Dennd2c,1,0,0,,0.1156151277916085,False
Dennd3,1,0,0,0.9997978488301602,0.1612113974775504,False
Dennd4a,5,0,0,0.715045351844116,0.3249297013870189,False
Dennd4b,2,0,0,,0.1433327172577998,False
Dennd4c,5,0,0,0.9997978488301602,0.497213221278653,False
Dennd5a,7,0,0,0.074344285750615,0.6366557601355803,False
Dennd5b,5,0,0,0.8402201583633553,2.310582902796072,False
Dennd6a,5,0,0,0.0693748983268898,1.1581179582238808,False
Dennd6b,3,0,0,,0.5112607290942661,False
Denr,6,0,0,0.9070647896477066,0.3653542519156493,False
Depdc5,5,0,0,0.9613872956381267,0.7510004809059395,False
Depdc7,2,0,0,0.9235234228535996,0.4000779730350379,False
Deptor,3,0,0,0.999465548143242,0.4938179398301935,False
Dera,3,0,0,,0.4914913291486477,False
Derl1,7,0,0,0.8352323247011454,0.2622038845258606,False
Derl2,6,0,0,0.5097348830948353,0.5604396495270562,False
Desi1,6,0,0,0.2644316226596818,0.3402826471662284,False
Desi2,6,0,0,0.8424121802998759,0.4684747309964968,False
Det1,1,0,0,,0.0142016499720445,False
Dexi,6,0,0,0.9971230182955928,0.5349872637678298,False
Dffa,3,0,0,,0.628149257507647,False
Dffb,3,0,0,0.9997978488301602,0.4410632107046623,False
Dgat1,5,0,0,0.9997978488301602,0.4613644524262541,False
Dgat2,1,0,0,0.8561572451790562,0.2742477688928966,False
Dgcr2,5,0,0,0.9771941538254924,0.2536536734699413,False
Dgcr6,6,0,0,0.9772420733399642,0.3882602101856782,False
Dgcr8,5,0,0,0.9997978488301602,0.428562338145433,False
Dgka,3,0,0,0.9997978488301602,0.4944756213217675,False
Dgkb,2,0,0,0.7289833437763165,0.574102102668558,False
Dgkd,6,0,0,0.9443429911934922,0.5544007851317386,False
Dgke,2,0,0,0.9997978488301602,0.0541343888309198,False
Dgkh,3,0,0,0.9997978488301602,0.0994489675842666,False
Dgki,1,0,0,,0.4645922802501676,False
Dgkq,3,0,0,,0.2123344040113591,False
Dgkz,6,0,0,0.7171334326721777,0.5927961656787043,False
Dglucy,1,0,0,,0.1262127679571016,False
Dguok,6,0,0,0.9375010146418976,0.3680424603027413,False
Dhcr24,4,0,0,0.9614961848933092,0.5604423837802451,False
Dhcr7,5,0,0,0.8667737457308301,0.6353588805836229,False
Dhdds,6,0,0,0.9885204868030568,0.5296998783037479,False
Dhdh,4,0,0,,0.7370688794060524,False
Dhfr,5,0,0,0.999465548143242,0.814445043857433,False
Dhodh,5,0,0,0.9997978488301602,0.7785590638886036,False
Dhps,6,0,0,0.6845418213493258,0.3583542842471484,False
Dhrs1,6,0,0,0.9961696007647448,0.3011871155527126,False
Dhrs11,2,0,0,0.999465548143242,0.9375557627283444,False
Dhrs13,3,0,0,0.9999106453149894,0.3572653903375311,False
Dhrs3,5,0,0,0.3463982832868,0.8151586199261153,False
Dhrs4,6,0,0,0.9834787294229432,0.307291988759772,False
Dhrs7,6,0,0,0.9333672193684552,0.2641536700639875,False
Dhrs7b,6,0,0,0.8416824152986582,0.6324828365007518,False
Dhtkd1,1,0,0,,0.0009624710794583,False
Dhx15,6,0,0,0.9375010146418976,0.0970033091285045,False
Dhx16,4,0,0,0.9613872956381267,0.4118672100488091,False
Dhx29,6,0,0,0.9705682900236324,0.5955936766104079,False
Dhx30,6,0,0,0.9007266118211642,0.3466867520465593,False
Dhx32,5,0,0,0.999465548143242,0.8767190396392237,False
Dhx33,3,0,0,,0.8230265250085133,False
Dhx34,2,0,0,,0.4386143663626741,False
Dhx35,3,0,0,,0.6383328422045741,False
Dhx36,6,0,0,0.9603469151708518,0.0819900563736401,False
Dhx37,2,0,0,,0.5441452788452547,False
Dhx38,5,0,0,0.9923104852961409,0.3795645302848301,False
Dhx40,6,0,0,0.9640531979720832,0.414822019913004,False
Dhx57,5,0,0,0.9997978488301602,0.4736553913241744,False
Dhx58,1,0,0,,0.5642719047454708,False
Dhx8,5,0,0,0.9613872956381267,0.4748514803744337,False
Dhx9,6,0,0,0.820963134662114,0.7050107958525894,False
Diablo,6,0,0,0.8781770920570142,0.4823332909568779,False
Diaph1,6,0,0,0.999465548143242,1.472627598141904,False
Diaph2,7,0,0,0.715045351844116,1.2471765339134553,False
Diaph3,4,0,0,0.999465548143242,0.3725768178226485,False
Dicer1,5,0,0,0.9717856975932426,0.2442611036250941,False
Dido1,5,0,0,0.8747965852954473,0.2454723320327671,False
Dimt1,5,0,0,0.9997978488301602,0.2981442090420839,False
Dio2,2,0,0,0.9988978288128184,0.4382745991799659,False
Dip2a,5,1,1,0.0070342327960008,0.6374918806058114,True
Dip2b,6,0,0,0.0781422154627211,0.4277882300131103,False
Dip2c,5,0,0,0.773950374058443,0.6263625677311493,False
Dipk1a,5,0,0,0.999465548143242,0.3549655571986499,False
Dipk1b,3,0,0,0.999465548143242,0.4010422999708226,False
Dipk1c,2,0,0,0.9988978288128184,0.4123181138614391,False
Dipk2a,3,0,0,0.8065965269489748,0.3890716768411784,False
Dipk2b,1,0,0,0.9997978488301602,0.5441429163309298,False
Diras1,1,0,0,,0.3994074745373396,False
Diras2,1,0,0,0.9999106453149894,0.7177194123293302,False
Dis3,5,0,0,0.9999106453149894,0.5772362969421566,False
Dis3l,4,0,0,0.9999106453149894,1.3169797757199233,False
Dis3l2,3,0,0,0.9771941538254924,0.3429168917706855,False
Disc1,1,0,0,,0.3936597982793358,False
Disp1,1,0,0,,0.2250349417122994,False
Disp2,1,0,0,0.9999106453149894,0.1513195324475907,False
Disp3,2,0,0,0.9999106453149894,0.4105649886697791,False
Dixdc1,3,0,0,0.8904498303611323,0.6940890436421627,False
Dkc1,6,0,0,0.9784212791584648,0.5550672136427224,False
Dkk3,1,0,0,0.9988978288128184,0.0937278691600008,False
Dlat,6,0,0,0.977017223345402,0.2394976758676667,False
Dlc1,4,0,0,0.9997978488301602,0.3070514571162293,False
Dld,6,0,0,0.9771941538254924,0.327617291474492,False
Dleu2,6,0,0,0.7727666629211721,0.2139956848728352,False
Dlg1,6,0,0,0.4637993171659004,0.7283320159541052,False
Dlg2,2,0,0,0.4455928012475373,0.9172087205151498,False
Dlg3,5,0,0,0.999465548143242,0.7214894974236792,False
Dlg4,5,0,0,0.9988978288128184,0.5766055437373971,False
Dlg5,2,0,0,,0.4045848862347457,False
Dlgap1,5,0,0,0.9988978288128184,0.6842055115112133,False
Dlgap4,6,0,0,0.2176051564071517,0.4803073123219613,False
Dll1,2,0,0,0.9999106453149894,0.5997918591211274,False
Dll3,1,0,0,0.9999106453149894,0.8665832293832841,False
Dll4,1,0,0,0.9997978488301602,0.3411073011798082,False
Dlst,6,0,0,0.7808571957795993,0.548077500185461,False
Dmac1,6,0,0,0.8613731519168618,0.4261313438133591,False
Dmac2,5,0,0,0.9619043907348768,0.3389569180496007,False
Dmac2l,6,0,0,0.999465548143242,0.5529346364278369,False
Dmap1,6,0,0,0.9409257914200232,0.5318664484360967,False
Dmd,4,0,0,0.9988978288128184,0.5129878449702309,False
Dmp1,1,0,0,,0.053628451354714,False
Dmpk,2,0,0,0.2319993931902107,0.7455059300349101,False
Dmrt3,1,0,0,0.999465548143242,0.0758084615632858,False
Dmrta2,3,0,0,0.999465548143242,0.3493214407449602,False
Dmtf1,5,0,0,0.8821421870956816,0.8296240684206653,False
Dmwd,5,0,0,0.1315400028684167,0.5830045917769988,False
Dmxl1,7,0,0,0.6125964417721538,0.4657645172758166,False
Dmxl2,6,0,0,0.999465548143242,1.01068087045733,False
Dna2,1,0,0,,0.1171760054192252,False
Dnaaf2,2,0,0,,0.1748963446891631,False
Dnaaf3,1,0,0,0.999465548143242,0.3459362349173888,False
Dnaaf4,1,0,0,0.999465548143242,0.3350985347839015,False
Dnaaf5,3,0,0,0.999465548143242,0.5528862071016123,False
Dnah14,1,1,1,8.953626440981485e-06,1.9399230437307864,True
Dnah6,1,0,0,0.999465548143242,0.4132387515636436,False
Dnah7b,1,0,0,,0.0002849155920821,False
Dnaic1,2,0,0,0.999465548143242,0.0541810635642141,False
Dnaic2,1,0,0,0.999465548143242,0.0510607962858905,False
Dnaja1,7,0,0,0.3443985264534052,1.1512059676212627,False
Dnaja2,7,0,0,0.9054228263761034,0.8140069031870262,False
Dnaja3,5,0,0,0.9319075671072122,0.6118101401082437,False
Dnaja4,5,0,0,0.999465548143242,0.1632253806540444,False
Dnajb1,7,0,0,0.0704282794387575,0.6739286716529697,False
Dnajb11,7,0,0,0.9669674479017434,0.8395152958542096,False
Dnajb12,6,0,0,0.8809515385344964,0.6070157382376655,False
Dnajb14,7,0,0,0.9771941538254924,0.5558098289911483,False
Dnajb2,6,1,1,0.0295448022247215,0.890101211037372,True
Dnajb4,6,0,0,0.758231956310111,0.4909856303185602,False
Dnajb5,4,0,0,0.9997978488301602,0.5574283068931408,False
Dnajb6,7,0,0,0.9054228263761034,0.39051580729608,False
Dnajb9,6,0,0,0.715045351844116,0.7608910356296942,False
Dnajc1,5,0,0,0.9923104852961409,0.4407303848764378,False
Dnajc10,6,0,0,0.9410987705200488,0.852126905600042,False
Dnajc11,5,0,0,0.8611812280648714,0.4919249204619157,False
Dnajc12,5,0,0,0.999465548143242,0.581947860473703,False
Dnajc13,6,0,0,0.9098577082809391,0.2632377627556952,False
Dnajc14,4,0,0,0.9762063074083276,0.1651689504886117,False
Dnajc15,6,0,0,0.9926237465626456,0.3674404389605147,False
Dnajc16,3,0,0,,0.4437818867486471,False
Dnajc17,6,0,0,0.9693377484700088,0.5036259825250021,False
Dnajc18,6,0,0,0.7278745565080218,1.0192295804331388,False
Dnajc19,7,0,0,0.83324841829051,0.3567696436228798,False
Dnajc2,6,0,0,0.9904469851238652,0.2099434432883502,False
Dnajc21,6,0,0,0.8402201583633553,0.447481796118331,False
Dnajc24,6,0,0,0.3950573434125384,0.4645594271662478,False
Dnajc25,5,0,0,0.9997978488301602,0.9483644589432184,False
Dnajc27,3,0,0,,0.4048273078219455,False
Dnajc28,3,0,0,,0.1741081225790984,False
Dnajc3,7,0,0,0.9769843786314776,0.8998504023851344,False
Dnajc30,6,0,0,0.8402201583633553,0.3192899198115175,False
Dnajc4,6,0,0,0.8767627648475128,0.3682503371045585,False
Dnajc5,6,0,0,0.7981419645204373,0.3078057896241123,False
Dnajc6,1,0,0,0.8402201583633553,0.2139614048072023,False
Dnajc7,6,0,0,0.4675415235629605,0.3024193561929658,False
Dnajc8,7,0,0,0.8711099682071693,0.39486227025853,False
Dnajc9,6,0,0,0.9771941538254924,0.5178850106966835,False
Dnal1,4,0,0,0.9997978488301602,0.6801607307948636,False
Dnal4,6,0,0,0.7288873539607194,0.5214004190374302,False
Dnali1,1,0,0,0.999465548143242,0.9095084199128606,False
Dnase1l1,1,0,0,0.9997978488301602,0.0884008189759184,False
Dnase2a,6,0,0,0.7504739652481569,0.5389719254505165,False
Dner,3,0,0,0.9988978288128184,0.1869460662295164,False
Dnlz,6,0,0,0.9771941538254924,0.3694707006548214,False
Dnm1,2,0,0,0.9999106453149894,1.2744664308145248,False
Dnm1l,6,0,0,0.8807124218299586,0.3999738380514917,False
Dnm2,7,0,0,0.7927426385372717,0.8784091980228321,False
Dnm3,5,0,0,0.5954301300213455,0.2639609935737614,False
Dnm3os,1,0,0,,0.3392076636601301,False
Dnmbp,2,0,0,,0.2355320830367499,False
Dnmt1,5,0,0,0.9025551416275,0.3032787834051391,False
Dnmt3a,5,0,0,0.8414712118748718,0.2073756424036435,False
Dnpep,6,0,0,0.9932527654424816,0.2612920764816294,False
Dnph1,1,0,0,,0.3347652636226523,False
Dnttip1,6,0,0,0.773122613881827,0.5803773820123806,False
Dnttip2,6,0,0,0.7422554867253202,0.2860006022576491,False
Dock1,6,0,0,0.1580164568409571,0.4438826536403231,False
Dock10,4,0,0,0.4074023322969473,0.28433081534664,False
Dock11,3,0,0,0.9999106453149894,0.6645452466718127,False
Dock2,2,0,0,0.96438277861516,0.4342345867782065,False
Dock3,3,0,0,0.8896563553127596,0.2388342909063358,False
Dock4,5,0,0,0.562088134549409,0.4524654030578227,False
Dock5,1,0,0,0.3416475308479735,0.531299629003821,False
Dock6,2,0,0,0.9997978488301602,0.2164228731582633,False
Dock7,3,0,0,0.999465548143242,0.1962210546049558,False
Dock8,2,0,0,0.5478349178178319,0.4597754316956592,False
Dock9,6,0,0,0.5628438977412534,1.2046044133274256,False
Dohh,6,0,0,0.9933938463864376,0.5585653401284377,False
Dok1,1,0,0,0.9946189224594264,0.0165243630823515,False
Dok3,1,0,0,,0.2722975372304208,False
Dok4,1,0,0,0.9997978488301602,0.43601298777462,False
Dok5,1,0,0,,0.1121099528651485,False
Dok6,1,0,0,0.9999106453149894,0.2507464064849071,False
Dok7,2,0,0,,0.6878863161405124,False
Dolk,5,0,0,0.7278745565080218,0.4337651963789062,False
Dolpp1,4,0,0,0.9999106453149894,0.5190442429774889,False
Donson,2,0,0,,0.816075184181746,False
Dop1a,5,0,0,0.951477679148812,0.3668121499208255,False
Dop1b,5,0,0,0.5972775982317474,0.3598901828505473,False
Dot1l,5,0,0,0.9784212791584648,0.6121106375883316,False
Dpagt1,4,0,0,0.9997978488301602,0.6399256239826633,False
Dpf1,3,0,0,0.9999106453149894,1.1080714223979622,False
Dpf2,6,0,0,0.847833788979211,0.4179552190739461,False
Dpf3,1,0,0,,0.1774852217357983,False
Dph2,1,0,0,,0.1334554196718201,False
Dph3,7,0,0,0.9772420733399642,0.4122623851156759,False
Dph5,5,0,0,0.8992872603476387,0.5608162571677809,False
Dph6,6,0,0,0.999465548143242,0.7760774271325576,False
Dph7,3,0,0,,0.6500022415586386,False
Dpm1,6,0,0,0.8661790393881573,0.2232959220551043,False
Dpm2,6,0,0,0.9773789743788102,0.35965384900229,False
Dpm3,7,0,0,0.8563809371148629,0.152558797509955,False
Dpp10,1,0,0,0.9999106453149894,0.2291047514766518,False
Dpp3,6,0,0,0.5275881344745539,0.5335964354159232,False
Dpp4,1,0,0,0.9997978488301602,0.3263289697890883,False
Dpp6,1,0,0,0.9999106453149894,0.1895280300350463,False
Dpp7,4,0,0,0.999465548143242,0.3886402275106432,False
Dpp8,6,0,0,0.5086811856719438,1.2571643639310532,False
Dpp9,4,0,0,0.8751744793825729,0.6072964276934477,False
Dpy19l1,4,0,0,0.1365343331069941,0.4521930556010994,False
Dpy19l3,3,0,0,0.9988978288128184,0.3600640581646839,False
Dpy19l4,5,0,0,0.4230302808013113,0.694036523110168,False
Dpy30,6,0,0,0.8086027492108316,0.3229603954097359,False
Dpyd,2,0,0,0.9999106453149894,1.0849997558477753,False
Dpysl2,7,0,0,0.9054228263761034,0.8956951098260117,False
Dpysl3,1,0,0,0.9999106453149894,0.3222734728598436,False
Dpysl4,1,0,0,0.9999106453149894,0.1462496205140309,False
Dpysl5,1,0,0,,0.98790568865737,False
Dr1,6,0,0,0.999465548143242,0.7233083571502267,False
Dram2,6,0,0,0.7247094095622657,0.345541742394676,False
Drap1,7,0,0,0.7147811710648156,0.3386058733516339,False
Drc1,1,0,0,0.9998537311336498,0.001011771712236,False
Drc3,1,0,0,0.999465548143242,0.1153654301321827,False
Drc7,1,0,0,0.999465548143242,0.3934882615521702,False
Drg1,6,0,0,0.9943730809498168,0.2841333388378448,False
Drg2,6,0,0,0.8441601589377047,0.299248440143095,False
Drosha,6,0,0,0.9524660103656164,0.7967606412079594,False
Drp2,1,0,0,,0.7768473566286137,False
Dscam,1,0,0,0.9999106453149894,0.1263258800031272,False
Dscaml1,2,0,0,0.9784212791584648,0.2440870566072935,False
Dse,2,0,0,0.998947809908267,0.486261633694751,False
Dsel,5,0,0,0.9997978488301602,0.5265557737236649,False
Dsn1,1,0,0,,0.4532965700541831,False
Dsp,1,0,0,0.999465548143242,0.8215992067141453,False
Dst,7,0,0,0.7086803632361087,0.3828055376775293,False
Dstn,7,0,0,0.5440158112459466,0.4369129206593799,False
Dstyk,6,0,0,0.8865597361512457,0.8448623230534614,False
Dtd1,6,0,0,0.6551144729852422,0.4396618449038867,False
Dtd2,6,0,0,0.7787626044774035,0.4355067990694984,False
Dtna,4,0,0,0.9613872956381267,0.7735987442413536,False
Dtnb,3,0,0,0.999465548143242,1.1649773629156153,False
Dtnbp1,6,0,0,0.8933593320197283,0.4914549489924498,False
Dtwd1,2,0,0,,0.4811151570861078,False
Dtwd2,1,0,0,,0.2459286383712738,False
Dtx1,3,0,0,0.9988978288128184,1.499676469339293,False
Dtx2,3,0,0,0.9999106453149894,0.4282688669293125,False
Dtx3,6,0,0,0.8667737457308301,0.2346309018021702,False
Dtx3l,2,0,0,0.9997978488301602,0.3771126284921744,False
Dtx4,3,0,0,0.9375010146418976,0.3083003424122906,False
Dtymk,6,0,0,0.9908063682689148,0.3255036961343927,False
Dubr,4,0,0,0.9017823756030476,0.5122663118916521,False
Dus1l,4,0,0,0.999465548143242,0.2613137711297885,False
Dus2,3,0,0,,0.4994698370642373,False
Dus3l,5,0,0,0.6760216602382058,0.5609437949803165,False
Dus4l,2,0,0,,0.7301383238627673,False
Dusp1,6,1,1,1.6011028831391377e-12,1.5484465313292275,True
Dusp10,2,1,1,0.0038146749378797,0.8075015686807174,True
Dusp11,7,0,0,0.5744476730240828,0.579227856668702,False
Dusp12,3,0,0,,0.0762786321096389,False
Dusp14,1,0,0,0.999465548143242,0.3607817785602776,False
Dusp15,2,0,0,0.8485564569327289,0.1903603209456464,False
Dusp16,5,0,0,0.8818650673896277,0.7618329903085599,False
Dusp18,4,0,0,0.999465548143242,0.3799686267853972,False
Dusp19,4,0,0,0.6019490882856768,0.6619658817988572,False
Dusp2,1,0,0,0.8821421870956816,0.142235281098373,False
Dusp22,4,0,0,0.9997978488301602,0.3967217735736088,False
Dusp23,4,0,0,0.9693377484700088,0.3287810615220219,False
Dusp26,2,0,0,0.2690748530140653,0.3764105535704202,False
Dusp27,1,0,0,,0.2105676036766132,False
Dusp28,3,0,0,0.999465548143242,0.670123741784777,False
Dusp3,7,0,0,0.2243277432343677,0.416126210180688,False
Dusp5,2,0,0,0.998947809908267,0.8351737769112638,False
Dusp6,6,0,0,0.9070647896477066,0.5911859578201364,False
Dusp7,5,0,0,0.6664564489374847,0.8185549470936336,False
Dusp8,4,0,0,0.5490736683397317,0.7173487052290182,False
Dut,6,0,0,0.999465548143242,0.5035529989927634,False
Dvl1,5,0,0,0.8561572451790562,0.6504535361625284,False
Dvl2,4,0,0,0.9999106453149894,0.3111671044671808,False
Dvl3,6,0,0,0.9784212791584648,0.5179092713975341,False
Dxo,6,0,0,0.999465548143242,0.8625698208863138,False
Dydc2,1,0,0,0.999465548143242,0.0247157796247284,False
Dym,6,0,0,0.9227814298368407,0.2916937540891257,False
Dync1h1,7,0,0,0.6339462678598495,0.2743163174119245,False
Dync1i1,2,0,0,0.999465548143242,0.2434375355082573,False
Dync1i2,7,0,0,0.3599326178095454,0.5459635649406396,False
Dync1li1,6,0,0,0.9908063682689148,0.4112732014917398,False
Dync1li2,6,0,0,0.7612371439356139,0.8299792114783431,False
Dync2h1,5,0,0,0.999465548143242,0.4889630094125619,False
Dync2li1,5,0,0,0.999465548143242,0.2575764961749263,False
Dynll1,7,0,0,0.1469792540201668,1.0938262130608414,False
Dynll2,7,0,0,0.7406528642641967,0.3923005290818765,False
Dynlrb1,7,0,0,0.9333672193684552,0.436123100767655,False
Dynlrb2,1,0,0,0.999465548143242,0.3222906663361156,False
Dynlt1a,3,0,0,0.9999106453149894,0.7412923750990527,False
Dynlt1c,6,0,0,0.999465548143242,0.8058588455016542,False
Dynlt1f,6,0,0,0.999465548143242,1.092951847883559,False
Dynlt3,6,0,0,0.7532332969918063,0.2449397093441828,False
Dyrk1a,6,0,0,0.93132946440637,0.7999071462673275,False
Dyrk1b,4,0,0,0.999465548143242,1.1986299070625253,False
Dyrk2,5,0,0,0.9422594720166788,0.8803094064157314,False
Dyrk3,1,0,0,0.999465548143242,0.0838352425388228,False
Dyrk4,1,0,0,,0.3448660540863148,False
Dysf,1,0,0,0.9997978488301602,0.4128919049272027,False
Dzank1,1,0,0,,0.5624666098829569,False
Dzip1,2,0,0,0.9999106453149894,0.363573315484181,False
Dzip1l,1,0,0,,0.5549314247081163,False
Dzip3,4,0,0,0.9999106453149894,0.6937493720391529,False
E030030I06Rik,1,0,0,,0.0906135913208108,False
E130102H24Rik,5,0,0,0.569238312388149,0.8813642059463228,False
E130114P18Rik,2,0,0,0.9988978288128184,0.22013669907223,False
E130307A14Rik,4,0,0,0.9550624901828332,1.0780052924884165,False
E130308A19Rik,3,0,0,0.9926237465626456,0.2070847459995059,False
E130309D02Rik,5,0,0,0.9997978488301602,0.410927605638536,False
E130311K13Rik,4,0,0,0.9999106453149894,0.7595847518104768,False
E130317F20Rik,1,0,0,,0.7655302816471667,False
E230001N04Rik,1,0,0,,2.806412323851085,False
E230029C05Rik,2,0,0,0.1226699512286607,0.8113901670438277,False
E2f2,1,0,0,,0.1587158843643406,False
E2f3,3,0,0,0.9999106453149894,1.1844607751223897,False
E2f4,5,0,0,0.9997978488301602,0.3725145046059896,False
E2f5,6,0,0,0.7880873472188114,0.6021102916981709,False
E2f6,6,0,0,0.999465548143242,0.3831384883187342,False
E330009J07Rik,4,0,0,0.2611627745863339,0.9472782356587212,False
E330013P04Rik,1,0,0,,0.6536856281684427,False
E330020D12Rik,1,0,0,,0.4813602778617196,False
E430018J23Rik,1,0,0,,0.7979858068603436,False
E430024I08Rik,3,0,0,,0.9744085571099612,False
E430024P14Rik,1,0,0,,1.43138263076169,False
E4f1,5,0,0,0.9997978488301602,0.6749066887248873,False
E530011L22Rik,2,0,0,,1.0952418105536812,False
Eaf1,3,0,0,0.9997978488301602,0.2626730971261765,False
Eapp,6,0,0,0.8593692953945367,0.2799128907476789,False
Ears2,1,0,0,,0.2738712229765465,False
Ebag9,6,0,0,0.9784212791584648,0.8270508690027217,False
Ebf1,2,0,0,0.9997978488301602,0.0531511404290546,False
Ebf3,1,0,0,,0.2993273840857771,False
Ebi3,1,0,0,,0.3800621559491807,False
Ebna1bp2,6,0,0,0.9994094398372564,0.5434447274248517,False
Ebp,7,0,0,0.620855529625993,0.5003152095565168,False
Ebpl,6,0,0,0.9164932238359106,0.335869517633554,False
Ecd,6,0,0,0.584460783271081,0.8220522118683559,False
Ece1,5,0,0,0.9997978488301602,0.3272459729644456,False
Ece2,2,0,0,0.9999106453149894,0.4683885755341679,False
Ech1,7,1,1,0.0334009119686734,0.5395855785633173,True
Echdc1,6,0,0,0.9970554848778064,0.4756297142270388,False
Echdc2,1,0,0,,0.1159457670735998,False
Echdc3,1,0,0,0.999465548143242,0.1140693079319705,False
Echs1,6,0,0,0.9054228263761034,0.3757785499985112,False
Eci1,6,0,0,0.7873628297365133,0.2448747075304209,False
Eci2,6,0,0,0.6599665827499437,0.3876925506106755,False
Ecm1,1,0,0,0.5514592923392125,0.7700413552313737,False
Ecm2,1,0,0,0.719441982119738,1.1323262843201778,False
Ecpas,6,0,0,0.876292144009985,0.2396302843161266,False
Ecrg4,3,0,0,0.999465548143242,2.2221668656293856,False
Ecscr,3,0,0,0.8593692953945367,0.9922035756967478,False
Ecsit,6,0,0,0.9971230182955928,0.8972871801809932,False
Edc3,3,0,0,0.9997978488301602,0.2403556222310599,False
Edc4,4,0,0,0.9784212791584648,0.3766371986450637,False
Edem1,5,0,0,0.9447571511578672,0.5716785928180059,False
Edem2,5,0,0,0.8759056146917199,0.6717989902651968,False
Edem3,5,0,0,0.9997978488301602,0.90865686664315,False
Edf1,7,0,0,0.718267654824689,0.2414198339585501,False
Edil3,2,0,0,0.9603469151708518,0.0528483317481655,False
Edn1,2,0,0,0.9997978488301602,0.8707100237548445,False
Edn3,1,0,0,0.9997978488301602,0.0301425893656529,False
Ednra,1,0,0,,0.7943358849211021,False
Ednrb,4,0,0,0.5020466163635454,2.272735442936868,False
Edrf1,4,0,0,,0.3870122027534597,False
Eea1,7,0,0,0.4211469439557772,0.4230276933698366,False
Eed,6,0,0,0.902034893950962,1.1769796488529167,False
Eef1a1,7,1,1,0.0310338434446098,0.366094686347155,True
Eef1a2,3,0,0,0.9999106453149894,0.8915451772785384,False
Eef1akmt1,6,0,0,0.999465548143242,0.4295460703064074,False
Eef1akmt2,6,0,0,0.8945679018877996,0.2944678212025101,False
Eef1akmt4,1,0,0,,0.9603518217864884,False
Eef1aknmt,2,0,0,,0.6214515884777374,False
Eef1b2,7,0,0,0.8068590487647814,0.2928355258070626,False
Eef1d,7,0,0,0.9785961275129472,0.3348349343060669,False
Eef1e1,6,0,0,0.662435093738896,0.737324959590925,False
Eef1g,7,0,0,0.8781770920570142,0.1372455767433722,False
Eef2,7,1,1,0.0003357399416057,0.6902469506701994,True
Eef2k,5,0,0,0.9935083598799612,0.3800351333812609,False
Eef2kmt,5,0,0,0.999465548143242,0.5365464071637438,False
Eefsec,3,0,0,0.9997978488301602,0.2304766918842819,False
Eepd1,1,0,0,,0.2269574329744064,False
Efcab1,1,0,0,0.999465548143242,0.380251021442105,False
Efcab10,1,0,0,0.999465548143242,0.183467901954043,False
Efcab12,1,0,0,0.999465548143242,0.2448376110242288,False
Efcab14,6,0,0,0.9010248316522482,0.4260923728268398,False
Efcab2,3,0,0,,0.2580725917018337,False
Efemp1,2,0,0,,0.2537885053845228,False
Efemp2,5,0,0,0.999465548143242,0.3668219500114131,False
Efhc1,1,0,0,0.999465548143242,0.3387778218580976,False
Efhc2,1,0,0,0.999465548143242,0.1056329408288253,False
Efhd1,2,0,0,0.8302484119028898,0.4389865200812649,False
Efhd2,6,0,0,0.7625477161736788,0.4010360552957721,False
Efl1,5,0,0,0.9997978488301602,0.5241554820764934,False
Efna1,2,0,0,0.9392609132522984,0.1774431302458141,False
Efna2,3,0,0,0.9999106453149894,0.7383200593092029,False
Efnb1,3,0,0,0.9997978488301602,0.2496656178608099,False
Efnb2,2,0,0,0.9997978488301602,0.6656285551170017,False
Efnb3,1,0,0,0.8604177999005357,0.129443474887975,False
Efr3a,6,0,0,0.94886564745145,0.4269550152213178,False
Efr3b,3,0,0,0.2687958592029086,0.7887728101837795,False
Efs,4,0,0,0.999465548143242,0.351090994512612,False
Eftud2,6,0,0,0.9867318244790833,0.8132114031176391,False
Egfl6,1,0,0,,0.3154415658402745,False
Egfl7,2,0,0,0.9997978488301602,1.2613720430730628,False
Egfl8,1,0,0,0.9997978488301602,0.1787087507047413,False
Egfr,1,0,0,0.5249347361159311,0.7578880607668713,False
Egln1,6,0,0,0.8625385560338821,0.5301430238572138,False
Egln2,6,0,0,0.773122613881827,0.3665493761385754,False
Egr1,6,0,0,0.2939899469804312,0.8536904398199121,False
Egr2,3,1,1,0.0013807779944399,1.0178443255865623,True
Egr3,4,1,1,0.0137372673909904,1.303338945732077,True
Ehbp1,5,0,0,0.999465548143242,0.6824751808257316,False
Ehbp1l1,2,0,0,0.6467249977677356,0.4013671941179267,False
Ehd1,7,0,0,0.5277881220017713,2.0615445662132235,False
Ehd2,1,0,0,0.9997978488301602,0.2049505472757483,False
Ehd3,4,0,0,0.9550624901828332,1.0504584893390732,False
Ehd4,5,0,0,0.9451899018703012,0.4302906396607123,False
Ehhadh,1,0,0,,0.6729176397101114,False
Ehmt1,5,0,0,0.9633491527935024,0.3105506149709898,False
Ehmt2,6,0,0,0.9913226326328984,0.754464684217567,False
Ei24,6,0,0,0.870452040729959,0.5016720019391631,False
Eid1,7,0,0,0.7787626044774035,0.35784524884284,False
Eid2,6,0,0,0.999465548143242,0.6084435076220572,False
Eid2b,6,0,0,0.999465548143242,0.895895168206062,False
Eid3,1,0,0,,0.3979859085084368,False
Eif1,7,0,0,0.6469681903488725,0.196041158510433,False
Eif1a,7,0,0,0.8561572451790562,1.057449805277626,False
Eif1ad,6,0,0,0.9784212791584648,0.3932792307922369,False
Eif1ax,6,0,0,0.7459721415373165,0.410660755908777,False
Eif1b,7,0,0,0.1131923811549213,0.5967898815770112,False
Eif2a,7,0,0,0.9913226326328984,0.4405202031361314,False
Eif2ak1,6,0,0,0.914200400224126,0.2592802938033322,False
Eif2ak2,4,0,0,0.999465548143242,0.3653443308340146,False
Eif2ak3,4,0,0,0.9997978488301602,0.4009036924774588,False
Eif2ak4,4,0,0,0.9997978488301602,0.7656144262650322,False
Eif2b1,6,0,0,0.9784212791584648,0.6679731368900428,False
Eif2b2,6,0,0,0.9982981583088236,0.5786768265800636,False
Eif2b3,5,0,0,0.8766162486444451,0.4367340433784111,False
Eif2b4,6,0,0,0.9021968698616962,0.5045986865268345,False
Eif2b5,6,0,0,0.906578758237884,0.7364600090865774,False
Eif2d,6,0,0,0.999465548143242,0.7159008469372021,False
Eif2s1,6,0,0,0.8411306725687961,0.676577359897293,False
Eif2s2,7,0,0,0.6255909427294044,0.6068756818734073,False
Eif2s3x,6,0,0,0.7071435961316962,1.0539251798056406,False
Eif3a,7,0,0,0.8747965852954473,0.3122156678319615,False
Eif3b,6,0,0,0.7301644375255361,0.661046435022259,False
Eif3c,7,0,0,0.9333672193684552,0.504111817602966,False
Eif3d,6,0,0,0.8667737457308301,0.2697226032479764,False
Eif3e,7,0,0,0.8496976767411729,0.5440825401535525,False
Eif3f,7,1,1,0.0064311066122817,0.5944783229596968,True
Eif3g,7,0,0,0.970016755797348,0.254975946373127,False
Eif3h,7,1,1,0.0394227625364886,0.4887503386735322,True
Eif3i,7,0,0,0.4642145361409612,0.5062601233663279,False
Eif3j1,7,0,0,0.8645127606066123,0.3811509538882067,False
Eif3j2,1,0,0,,0.0388968839486336,False
Eif3k,7,0,0,0.6644586706753683,0.4186277907331252,False
Eif3l,6,0,0,0.636587378038481,0.6825467245954266,False
Eif3m,7,0,0,0.9425336382946262,0.6876812919801647,False
Eif4a1,7,1,1,0.030126241742622,0.4693525966789602,True
Eif4a2,7,0,0,0.0761236555495635,0.4650495511431506,False
Eif4a3,7,0,0,0.6710293394711178,0.7390631481340623,False
Eif4b,7,0,0,0.9214902945668906,0.2236480061649345,False
Eif4e,7,0,0,0.9562120844204725,0.6208849286527763,False
Eif4e2,7,0,0,0.5989680877797672,0.5561469134823842,False
Eif4e3,4,0,0,0.999465548143242,0.592837247612509,False
Eif4ebp1,3,0,0,0.9997978488301602,0.5132248847779652,False
Eif4ebp2,7,0,0,0.7504739652481569,0.3070455041390436,False
Eif4ebp3,3,0,0,0.9997978488301602,0.4594292932602143,False
Eif4enif1,5,0,0,0.8148289407526745,0.3655073322461981,False
Eif4g1,7,0,0,0.9913226326328984,0.5588845495362684,False
Eif4g2,7,0,0,0.2176051564071517,0.5057386233271427,False
Eif4g3,7,0,0,0.8667737457308301,0.4350383667402028,False
Eif4h,7,0,0,0.9333672193684552,0.3242728022995773,False
Eif5,7,0,0,0.9620971080850844,0.1305909224167331,False
Eif5a,7,0,0,0.2291857191078035,0.376029261900996,False
Eif5a2,6,0,0,0.9333672193684552,0.5839139111189733,False
Eif5b,7,0,0,0.90580860873697,0.2356522452295472,False
Eif6,6,0,0,0.5837763397343265,0.9555555817007308,False
Eipr1,6,0,0,0.9021968698616962,0.6166188627746952,False
Elac1,2,0,0,,0.1375537358896814,False
Elac2,3,0,0,,0.5477073505825305,False
Elavl1,6,0,0,0.882231404132533,0.2902770785805196,False
Elavl2,1,0,0,0.9999106453149894,0.1742549946905115,False
Elavl3,3,0,0,0.8990262779567555,0.1426542585220287,False
Elavl4,2,0,0,0.9999106453149894,0.3829105697918424,False
Elf1,6,0,0,0.7625477161736788,0.3546322019440827,False
Elf2,6,0,0,0.636587378038481,0.6960689297937808,False
Elf4,1,0,0,,0.1631213755095704,False
Elfn1,1,0,0,0.9999106453149894,0.3489342655707746,False
Elfn2,2,0,0,0.9999106453149894,0.4267749048371773,False
Elk1,2,0,0,,0.6433833781990714,False
Elk3,5,0,0,0.6297420553079216,0.5613689150144219,False
Elk4,5,0,0,0.9446358271558832,0.7091981551884088,False
Ell,4,0,0,0.9997978488301602,1.7280462980314886,False
Ell2,4,0,0,0.2583943552152367,0.923787076233882,False
Elmo1,5,0,0,0.0674007729873326,0.6540920237599772,False
Elmo2,5,0,0,0.9988978288128184,1.4861058738675863,False
Elmo3,1,0,0,0.999465548143242,0.8030323938920676,False
Elmod2,4,0,0,,0.2487979030251327,False
Elmod3,4,0,0,0.9999106453149894,0.6363756783966665,False
Elmsan1,3,0,0,0.9771941538254924,0.1411412064133568,False
Eln,3,0,0,0.9507617879261088,1.2736270955442106,False
Eloa,6,0,0,0.6457706539474173,0.4182583710814178,False
Elob,7,0,0,0.9784212791584648,0.1252455199980437,False
Eloc,7,0,0,0.9613872956381267,0.4735144368715938,False
Elof1,6,0,0,0.9687465883607126,0.4404986949387218,False
Elovl1,4,0,0,0.3591547844223403,0.5671047852586596,False
Elovl2,1,0,0,0.9988978288128184,0.5603946472384955,False
Elovl4,4,0,0,0.999465548143242,0.2760875092341187,False
Elovl5,5,0,0,0.5749053042588805,0.3152540164287812,False
Elovl6,4,1,1,0.0488220909397554,0.8221382674346155,True
Elovl7,4,0,0,0.9822706858144548,0.3379102625475818,False
Elp1,6,0,0,0.9613872956381267,0.3915268603961883,False
Elp2,6,0,0,0.9885204868030568,0.5087861808436631,False
Elp3,5,0,0,0.9997978488301602,0.1803525816982451,False
Elp4,5,0,0,0.9779313792064896,0.5284430615936362,False
Elp5,6,0,0,0.7579358091083079,0.7601332498188672,False
Elp6,3,0,0,0.9999106453149894,0.6540706666687072,False
Emb,2,0,0,0.999465548143242,0.2755006552643324,False
Emc1,5,0,0,0.994719010761648,0.4816447745903257,False
Emc10,6,0,0,0.6051561317249651,0.4775561560138333,False
Emc2,6,0,0,0.942371774006941,0.3430395075680252,False
Emc3,6,0,0,0.7926256686644318,0.1955895514671105,False
Emc4,6,0,0,0.9235234228535996,0.5534018469591061,False
Emc6,6,0,0,0.9867318244790833,0.5019285699998988,False
Emc7,7,0,0,0.6125964417721538,0.2424253316410331,False
Emc8,6,0,0,0.3628435598596702,0.6227957288845467,False
Emc9,5,0,0,0.999465548143242,0.4816757729392995,False
Emcn,1,0,0,0.9997978488301602,0.008832198065576,False
Emd,6,0,0,0.9853391978197256,0.3513189567947533,False
Eme2,1,0,0,,0.7053431371383884,False
Emg1,7,0,0,0.8204826256055683,0.3450669893009557,False
Emid1,2,0,0,0.9999106453149894,0.3739113842501498,False
Emilin2,1,0,0,0.8781770920570142,0.2427549959357492,False
Eml1,3,0,0,0.2611627745863339,0.4777342978076382,False
Eml2,5,0,0,0.571033276243085,1.288688247735987,False
Eml3,4,0,0,0.9997978488301602,0.4040094067418266,False
Eml4,5,0,0,0.6125964417721538,1.0120824527491104,False
Eml5,3,0,0,0.9855421437788668,0.8250051253729151,False
Eml6,3,0,0,0.9999106453149894,0.329948759215192,False
Emp2,3,0,0,0.9988978288128184,0.6000416462271909,False
Emp3,2,0,0,0.998947809908267,0.67757611877586,False
Emsy,5,0,0,0.8741566416321238,0.4246877387969686,False
Emx2,2,0,0,0.9988978288128184,0.1570918648695414,False
Emx2os,2,0,0,0.9999106453149894,0.4674743816533582,False
En2,1,0,0,0.2733989453007747,0.783360834476176,False
Enah,5,0,0,0.5365435451792389,0.4812629511263439,False
Enc1,4,0,0,0.6705874431716935,0.6060697998253017,False
Endod1,5,0,0,0.9613872956381267,0.2769485940487911,False
Endog,6,0,0,0.999465548143242,0.5495271490917341,False
Endov,3,0,0,,0.4540827730224889,False
Eng,2,0,0,0.8711099682071693,0.2476362975659962,False
Engase,1,0,0,,0.2638200822994275,False
Enho,6,0,0,0.9613872956381267,0.2612912442543591,False
Enkur,1,0,0,0.999465548143242,0.7852621337854611,False
Eno1,7,0,0,0.18413590143323,0.912886234667166,False
Eno1b,3,0,0,0.999465548143242,0.2996261032284353,False
Eno2,1,0,0,,0.2911407149597376,False
Eno3,1,0,0,,0.2543461876776741,False
Eno4,1,0,0,0.999465548143242,0.4087064881009441,False
Enoph1,5,0,0,0.544824101719041,0.5812593617845334,False
Enox1,1,0,0,0.866195754436036,0.2448186770888971,False
Enox2,3,0,0,0.8787170279272495,0.4730602974881959,False
Enpp1,2,0,0,,1.15684363014163,False
Enpp2,6,0,0,0.1819179814898773,1.311549409629547,False
Enpp4,5,0,0,0.8797531102536713,0.5832680593098278,False
Enpp5,5,0,0,0.99004022795655,0.5267931982652282,False
Enpp6,1,0,0,0.710483605696814,0.2342311319904334,False
Ensa,6,0,0,0.8933593320197283,0.5135786387952647,False
Entpd1,3,0,0,0.259027611374753,0.5166091946470035,False
Entpd2,1,0,0,0.9988978288128184,0.173357338924746,False
Entpd5,4,0,0,0.9926237465626456,0.3971383272652508,False
Entpd6,4,0,0,0.9999106453149894,0.8630252837295422,False
Entpd7,2,0,0,,0.3417407178194382,False
Entr1,6,0,0,0.7747015316640691,0.7416817549235631,False
Eny2,6,0,0,0.8496976767411729,0.2316202286342638,False
Eogt,3,0,0,0.9997978488301602,0.2668619810176215,False
Ep300,7,0,0,0.4975865857343041,0.947408811627574,False
Ep400,6,0,0,0.96438277861516,0.3823542840496702,False
Epas1,6,0,0,0.9853391978197256,0.6844047217689654,False
Epb41,3,0,0,0.9997978488301602,0.3666749990874286,False
Epb41l1,4,0,0,0.9994094398372564,0.9657125595256324,False
Epb41l2,6,0,0,0.5953390747754268,0.862325508403463,False
Epb41l3,3,0,0,0.7071435961316962,0.5203821548877802,False
Epb41l4a,2,0,0,0.9999106453149894,1.5243989501773092,False
Epb41l4aos,6,0,0,0.97364295743962,1.194987830504004,False
Epb41l4b,2,0,0,0.9999106453149894,1.0474836836398218,False
Epb41l5,3,0,0,0.999465548143242,0.7375641900486736,False
Epc1,7,0,0,0.9325173830986294,0.538530404710477,False
Epc2,6,0,0,0.9771941538254924,0.3853564840800214,False
Epdr1,3,0,0,0.9613872956381267,0.2777964632429561,False
Epg5,2,0,0,,0.2186155482856066,False
Epha2,2,0,0,0.3094255515127322,0.6985480386551285,False
Epha4,4,0,0,0.6049406892551493,0.4985377205087267,False
Epha5,3,0,0,0.9988978288128184,0.3018571804498405,False
Ephb1,2,1,1,0.0036124444769218,0.7012040678075833,True
Ephb3,3,0,0,0.9999106453149894,0.8179879634914186,False
Ephb4,1,0,0,0.9997978488301602,0.0226440832406036,False
Ephb6,2,0,0,0.9999106453149894,0.0813968587720529,False
Ephx1,5,0,0,0.999465548143242,0.6948352315705196,False
Ephx2,2,0,0,0.9988978288128184,0.4302458573059264,False
Ephx4,3,0,0,0.999465548143242,0.8816942246303486,False
Epm2a,2,0,0,,0.638816006597495,False
Epm2aip1,6,0,0,0.755190030814702,1.1509761525403015,False
Epn1,7,0,0,0.55495548261648,0.5135337173174712,False
Epn2,6,0,0,0.112624615026562,0.8213533686546829,False
Epn3,1,0,0,0.999465548143242,0.0322592394278568,False
Epop,1,0,0,,0.7185981314126837,False
Eprs,6,0,0,0.7819212764210148,0.1814282526153954,False
Eps15,6,0,0,0.8134618531718881,1.2765561866855382,False
Eps15l1,5,0,0,0.9997978488301602,0.4759583153169416,False
Eps8,5,0,0,0.9988978288128184,0.5950063361308783,False
Eps8l1,3,0,0,,0.5255768561902074,False
Eps8l2,2,0,0,0.999465548143242,0.258287736591008,False
Epsti1,2,0,0,0.7532332969918063,0.2327536603807856,False
Eral1,3,0,0,,0.7059855525510139,False
Erap1,3,0,0,0.9997978488301602,0.6221689646114551,False
Erbb2,1,0,0,,0.4478221429795104,False
Erbb3,2,0,0,0.1456439118390677,0.5704396258600778,False
Erbb4,2,0,0,0.4978225591787811,0.4669062561106111,False
Erbin,7,0,0,0.7970165832124838,0.8476524593636944,False
Erc1,4,0,0,0.9997978488301602,0.327763719375447,False
Ercc1,6,0,0,0.426626405263034,1.1772121383531944,False
Ercc2,3,0,0,,0.4939659849565275,False
Ercc3,6,0,0,0.999465548143242,0.4679227325535973,False
Ercc4,5,0,0,0.9997978488301602,0.4519394522131745,False
Ercc5,6,0,0,0.9913226326328984,0.6403678307492677,False
Ercc6,5,0,0,0.9999106453149894,0.7190671816195224,False
Ercc6l2,5,0,0,0.528432413475109,0.6795345860259188,False
Ercc8,3,0,0,0.9999106453149894,0.4748376028870961,False
Erf,6,0,0,0.4301566815196342,0.5008367935290053,False
Erg,1,0,0,0.9997978488301602,0.1960920345557216,False
Erg28,6,0,0,0.9603469151708518,0.3328422655452938,False
Ergic1,5,0,0,0.9997978488301602,0.3547995073794904,False
Ergic2,6,0,0,0.9636847167956676,0.1441538408388873,False
Ergic3,7,0,0,0.5631259289361416,0.4212203618074923,False
Erh,7,0,0,0.8421497947945861,0.5468408836803605,False
Eri1,4,0,0,0.9434392934513736,0.2836642501961111,False
Eri2,3,0,0,,0.2572044268371699,False
Eri3,6,0,0,0.5429168941116693,0.4791489619240815,False
Erich1,5,0,0,0.999465548143242,0.2540769023970248,False
Erich2,1,0,0,0.999465548143242,0.3276666464938054,False
Erich3,1,0,0,,0.6486146295647695,False
Erlec1,6,0,0,0.9779313792064896,0.1988064968455664,False
Erlin1,2,0,0,0.9999106453149894,0.4423606247367306,False
Erlin2,6,0,0,0.3306844655500149,0.5149318673004161,False
Ermap,1,0,0,,0.183220991500408,False
Ermard,4,0,0,0.999465548143242,2.919447109574828,False
Ermn,3,0,0,0.3882916535505719,0.9876787583465868,False
Ermp1,5,0,0,0.8801076879629245,0.2543323027470405,False
Ern1,3,0,0,,0.4398401121402345,False
Ero1l,5,0,0,0.6529908669752318,0.4284858846311849,False
Ero1lb,3,0,0,,0.4113856166734246,False
Erp29,7,0,0,0.72467475082163,0.3366063105017743,False
Erp44,6,0,0,0.9879647222525472,0.4090946419628507,False
Errfi1,6,0,0,0.8219730859579079,0.6098781207344093,False
Esam,1,0,0,0.9997978488301602,0.0002602181085866,False
Esco1,6,0,0,0.8904498303611323,0.4863316317627429,False
Esd,7,0,0,0.9524660103656164,0.1854470586124355,False
Esf1,6,0,0,0.9613872956381267,0.3120057565207831,False
Espl1,1,0,0,,0.0439768962121817,False
Esr1,1,0,0,,0.4093843805162829,False
Esrra,6,0,0,0.8727597914628661,0.8485323631069712,False
Esrrg,1,0,0,0.999465548143242,2.2121505327438395,False
Ess2,4,0,0,0.9997978488301602,0.7550357530762049,False
Esyt1,3,0,0,0.9997978488301602,0.5419136355944946,False
Esyt2,5,0,0,0.6948458817943409,0.8211352406767065,False
Etaa1,4,0,0,0.9997978488301602,0.6802379760955147,False
Etaa1os,1,0,0,,0.5827443523910053,False
Etf1,7,0,0,0.9729827295733056,0.4123820608290142,False
Etfa,6,0,0,0.942371774006941,0.3208607144359402,False
Etfb,7,0,0,0.9422594720166788,0.1564379939971359,False
Etfbkmt,1,0,0,0.999465548143242,0.4933522043417626,False
Etfdh,6,0,0,0.93132946440637,0.5414009692015939,False
Etfrf1,6,0,0,0.995160174933142,0.4499325018161837,False
Ethe1,5,0,0,0.9409257914200232,0.2842711618634552,False
Etl4,2,0,0,0.999465548143242,1.1715508340973724,False
Etnk1,7,0,0,0.5646915697505845,0.7654221542366042,False
Etnppl,1,1,1,1.3351393427721536e-05,1.4170158046625436,True
Etohd2,2,0,0,,0.714766387260027,False
Ets1,3,0,0,0.8634739212793215,0.3478230504304488,False
Ets2,3,0,0,0.998717048431168,0.1155028527631248,False
Etv1,6,0,0,0.3183966162727515,0.4869072525800116,False
Etv3,5,0,0,0.9394207231963488,0.3055619159909614,False
Etv4,2,0,0,0.999576737147644,0.0871506351183871,False
Etv5,4,0,0,0.5816954075072154,0.2994945461415197,False
Etv6,5,0,0,0.9901240210272876,0.2231642621911021,False
Eva1a,2,0,0,0.9988978288128184,0.4729757781542403,False
Eva1b,3,0,0,0.9941189559838952,0.6140698628470735,False
Evc2,1,0,0,,0.3572936937460821,False
Evi2,2,0,0,,0.6201456744329201,False
Evi2a,5,0,0,0.5478349178178319,0.6592158708036869,False
Evi5,6,0,0,0.8933593320197283,0.7991699673612598,False
Evi5l,4,0,0,0.8130255844802706,0.2605295520686682,False
Evl,5,0,0,0.6297420553079216,0.839221369086316,False
Ewsr1,7,0,0,0.7997160658979882,0.4567496032415954,False
Exd2,5,0,0,0.8934391685611346,0.9823970237706168,False
Exo5,1,0,0,,0.0343408977772341,False
Exoc1,6,0,0,0.987856211944101,0.4189925542710509,False
Exoc2,5,0,0,0.7274826837262356,0.7173088863705724,False
Exoc3,6,0,0,0.3887228377424673,0.5917709775240897,False
Exoc4,6,0,0,0.9904469851238652,0.8173320551222334,False
Exoc5,6,0,0,0.8667737457308301,0.1960529948528367,False
Exoc6,5,0,0,0.3550506855810005,1.087819749199583,False
Exoc6b,5,0,0,0.699144657758908,0.4291582991828072,False
Exoc7,6,0,0,0.8611812280648714,0.303398821817056,False
Exoc8,3,0,0,0.9997978488301602,0.3958581261490232,False
Exog,2,0,0,,1.0111977010626123,False
Exosc1,6,0,0,0.9703403656677598,0.4180007422445962,False
Exosc10,5,0,0,0.9603469151708518,0.7342176237597758,False
Exosc2,5,0,0,0.9997978488301602,0.3186976435166571,False
Exosc3,6,0,0,0.999465548143242,0.5730151258805914,False
Exosc4,6,0,0,0.9602485219048852,0.2684238896828444,False
Exosc5,6,0,0,0.6246222214250083,0.598313299384847,False
Exosc7,6,0,0,0.9771941538254924,0.4445308041947154,False
Exosc8,5,0,0,0.897435817961038,0.2869454324537404,False
Exosc9,6,0,0,0.9771941538254924,0.7211876559852081,False
Ext1,5,0,0,0.9999106453149894,0.5947638187975338,False
Ext2,5,0,0,0.962130789122402,0.2707333897859813,False
Extl1,2,0,0,0.9999106453149894,0.843340167915152,False
Extl2,4,0,0,0.9415287638172926,0.5258404973697034,False
Extl3,5,0,0,0.8696447030312672,0.2667827812455424,False
Eya1,2,0,0,0.9999106453149894,0.2840838064481854,False
Eya3,3,0,0,0.9997978488301602,0.2833587233664161,False
Eya4,2,0,0,,0.5584167132894754,False
Ezh1,6,0,0,0.8781770920570142,0.5274112892995377,False
Ezh2,5,0,0,0.7071435961316962,0.7008616561445468,False
Ezr,5,0,0,0.9988978288128184,0.8809077825906879,False
F11r,4,0,0,0.9933914166562514,0.3542723232743881,False
F13a1,1,0,0,0.998947809908267,0.9207539316176356,False
F2r,1,0,0,0.9999106453149894,0.1892377846079709,False
F3,3,0,0,0.9988978288128184,0.4771749062078022,False
F5,1,0,0,0.999465548143242,0.378723735468665,False
F630028O10Rik,1,0,0,0.998947809908267,0.7726645872032977,False
F730043M19Rik,1,0,0,,0.1438827102960449,False
F8,1,0,0,,0.0958304897733823,False
F8a,4,0,0,0.9997978488301602,0.6048359818976591,False
Fa2h,2,0,0,0.7936926900299102,0.3244049823965426,False
Faah,1,0,0,0.5945879126689241,0.4983255712668776,False
Faap100,5,0,0,0.9997978488301602,0.6585265296680075,False
Faap20,6,0,0,0.999465548143242,0.3701877955651045,False
Faap24,2,0,0,,0.2630359782346546,False
Fabp3,2,0,0,0.9836376050832536,0.8885095303950691,False
Fabp5,5,1,1,8.953626440981485e-06,0.891919065616163,True
Fabp7,2,0,0,0.9988978288128184,1.005087400829212,False
Fadd,3,0,0,,0.8555988742839404,False
Fads1,6,0,0,0.962130789122402,1.2166743842250587,False
Fads2,4,0,0,0.9988978288128184,0.2850436966680299,False
Fads3,3,0,0,0.999465548143242,0.1710132296253523,False
Fads6,4,0,0,0.9584761365261044,0.354147682598221,False
Faf1,6,0,0,0.9640531979720832,0.3797677750173648,False
Faf2,5,0,0,0.8667737457308301,0.2775370633109655,False
Fah,3,0,0,0.9885204868030568,0.4186525651930213,False
Fahd1,6,0,0,0.9550624901828332,0.3281358472551229,False
Fahd2a,6,0,0,0.999465548143242,0.6126991465502376,False
Faim,6,0,0,0.4493331814455771,0.6388232053465597,False
Faim2,2,0,0,0.8781770920570142,0.1488875412626342,False
Fam102a,6,0,0,0.474800055625751,0.3451812878369724,False
Fam102b,5,0,0,0.0609767232769828,0.7334558722081375,False
Fam104a,7,0,0,0.8821421870956816,0.2983018019234711,False
Fam107a,5,1,1,0.0019099402550839,1.570876928709014,True
Fam107b,4,0,0,0.999465548143242,1.3368052886560835,False
Fam110a,4,0,0,0.998717048431168,0.8556215068761998,False
Fam110b,3,0,0,0.999465548143242,0.7781992089873707,False
Fam111a,4,0,0,0.5670406867517542,1.3133209286614869,False
Fam114a1,4,0,0,0.999465548143242,0.3894293291706336,False
Fam114a2,6,0,0,0.8204613501816619,0.2559374382534316,False
Fam117a,4,0,0,0.999465548143242,1.046943821798312,False
Fam117b,5,0,0,0.9375010146418976,0.4097164335489233,False
Fam118a,3,0,0,0.9997978488301602,0.2360555568455107,False
Fam118b,3,0,0,0.9997978488301602,0.4901820955394814,False
Fam120a,6,0,0,0.7950866307695155,0.586448764685938,False
Fam120b,5,0,0,0.9772420733399642,0.4987865484553726,False
Fam120c,3,0,0,0.9524660103656164,0.4123827126836609,False
Fam122a,6,0,0,0.9903227811699122,0.7325279573126163,False
Fam122b,4,0,0,0.999465548143242,1.1095369162590811,False
Fam124a,2,0,0,0.9999106453149894,0.8410877641850262,False
Fam126a,5,0,0,0.6913447503820703,0.5208177578222133,False
Fam126b,6,0,0,0.9021941168011212,0.6029874926768626,False
Fam129a,2,0,0,0.9997978488301602,0.4324639754745147,False
Fam129b,3,0,0,0.999465548143242,0.8364916868553987,False
Fam131a,4,0,0,0.9999106453149894,0.3816657411086943,False
Fam131b,1,0,0,0.9771941538254924,0.0520021475584781,False
Fam133b,6,0,0,0.8633874480933318,0.2377970827305069,False
Fam135a,5,0,0,0.9997978488301602,0.1909385270294513,False
Fam136a,6,0,0,0.999465548143242,0.9777734139483334,False
Fam13a,6,0,0,0.999465548143242,0.8664506020198923,False
Fam13b,5,0,0,0.9003760365260199,0.6684565036179111,False
Fam13c,4,0,0,0.8498497200930061,0.3942824814988885,False
Fam149a,4,0,0,0.999465548143242,0.9359955833724536,False
Fam149b,6,0,0,0.999465548143242,0.395254723214588,False
Fam151b,3,0,0,,1.361915518023966,False
Fam155a,1,0,0,0.9999106453149894,0.0486103991988727,False
Fam160a2,5,0,0,0.9997978488301602,1.6917567420628474,False
Fam160b1,5,0,0,0.9640531979720832,0.1763794884248568,False
Fam160b2,5,0,0,0.9997978488301602,0.4371804448936743,False
Fam161a,2,0,0,0.999465548143242,0.202811117314376,False
Fam161b,1,0,0,,0.4171797292701792,False
Fam162a,6,0,0,0.8667737457308301,0.2285293139493812,False
Fam163a,1,0,0,,1.0699172983665934,False
Fam167b,1,0,0,,0.350531431504024,False
Fam168a,6,0,0,0.1399338560015768,0.6476212698284358,False
Fam168b,6,0,0,0.984240915454478,0.18780465073066,False
Fam169a,1,0,0,0.9999106453149894,0.4337659311669381,False
Fam171a1,3,0,0,0.7747015316640691,0.2764878571914331,False
Fam171a2,2,0,0,0.9997978488301602,0.7033852108351953,False
Fam171b,5,0,0,0.474800055625751,0.2669470440799293,False
Fam172a,6,0,0,0.9052939544520296,0.3105843425884074,False
Fam173a,7,0,0,0.694295957244932,0.3641869619528461,False
Fam174a,7,0,0,0.8945679018877996,0.9188511089731264,False
Fam177a,2,0,0,0.9550624901828332,0.1149724378417496,False
Fam178b,1,0,0,,1.3673702186254415,False
Fam181a,1,0,0,,0.6820007564012739,False
Fam181b,3,0,0,0.9988978288128184,0.237019542493523,False
Fam184a,4,0,0,0.9988978288128184,0.979511337207382,False
Fam184b,2,0,0,0.9999106453149894,0.2849557330180383,False
Fam185a,1,0,0,,0.0280784005322068,False
Fam189a2,4,0,0,0.5628438977412534,0.433778031489123,False
Fam189b,1,0,0,,0.4858027861713185,False
Fam192a,6,0,0,0.914200400224126,0.2289697244619015,False
Fam193a,5,0,0,0.8897181118080411,0.3991576706091651,False
Fam193b,5,0,0,0.9761340426509554,0.5849836630903048,False
Fam199x,6,0,0,0.999465548143242,0.8047430279296015,False
Fam204a,6,0,0,0.471436947917381,0.3304150471200534,False
Fam207a,5,0,0,0.9997978488301602,0.8811491833130772,False
Fam20a,1,0,0,0.9988978288128184,0.0172330226049973,False
Fam20b,6,0,0,0.999465548143242,0.8014226041691438,False
Fam20c,3,0,0,0.9999106453149894,0.1479217726156264,False
Fam210a,5,0,0,0.999465548143242,0.8041735355261667,False
Fam210b,5,0,0,0.999465548143242,0.444975301741159,False
Fam214a,6,0,0,0.4750949231952143,0.5230548163361038,False
Fam214b,4,0,0,0.9997978488301602,0.4148053357819882,False
Fam216a,6,0,0,0.9409257914200232,0.3223410934259599,False
Fam217a,1,0,0,,0.2514311175028346,False
Fam217b,3,0,0,0.9999106453149894,0.3834349585552631,False
Fam219a,5,0,0,0.9518149554193598,0.1226859703769029,False
Fam219b,4,0,0,0.9997978488301602,0.900905018886232,False
Fam220a,2,0,0,,0.6993197593136364,False
Fam220a-1,4,0,0,0.9999106453149894,1.3191455715820088,False
Fam222a,2,0,0,0.9485825351133592,0.5230318036914267,False
Fam222b,6,0,0,0.999465548143242,0.4868300618862398,False
Fam227a,1,0,0,,0.2408912460683925,False
Fam228a,2,0,0,,0.2477028228700472,False
Fam228b,3,0,0,0.9688039107488444,0.2875555309467774,False
Fam229b,4,0,0,0.999465548143242,0.983486270278335,False
Fam234a,5,0,0,0.9640531979720832,0.4848475422545144,False
Fam234b,4,0,0,0.9772420733399642,0.2629365325119192,False
Fam241a,2,0,0,0.9997978488301602,0.1069716091755188,False
Fam241b,1,0,0,0.9999106453149894,0.575365802865911,False
Fam32a,6,0,0,0.8625385560338821,0.3690220475133229,False
Fam3a,4,0,0,0.2704687948042878,0.6867150925373547,False
Fam3c,6,0,0,0.998717048431168,0.2409479487503596,False
Fam43a,2,0,0,0.9997978488301602,0.6045046299154327,False
Fam45a,6,0,0,0.8992872603476387,0.9213166081431934,False
Fam47e,1,0,0,0.999465548143242,0.7464527827741319,False
Fam49a,3,0,0,0.9999106453149894,0.6683494715834114,False
Fam49b,7,0,0,0.897435817961038,0.4807224755391605,False
Fam50a,6,0,0,0.8818216060006618,0.189766956404575,False
Fam53a,6,0,0,0.8767627648475128,0.6830065268286868,False
Fam53b,5,0,0,0.8088664075591974,0.9010648372993918,False
Fam53c,5,0,0,0.9771941538254924,0.5177522780831747,False
Fam57a,2,0,0,0.6561219230633173,0.4798004447818793,False
Fam57b,2,0,0,0.6867630334970304,1.3573373675646585,False
Fam71e1,2,0,0,,1.1205135913709212,False
Fam72a,2,0,0,,0.4921998305083503,False
Fam76a,6,0,0,0.7592220679406201,0.8901859873123984,False
Fam76b,5,0,0,0.9766755891980426,0.2864511084531297,False
Fam78a,1,0,0,,0.6514961727703471,False
Fam81a,1,0,0,0.999465548143242,0.5504394220729009,False
Fam81b,1,0,0,0.999465548143242,0.7395113146370067,False
Fam83d,1,1,1,0.0021137487980305,1.3548087711932106,True
Fam89a,2,0,0,0.9999106453149894,0.1125004953012796,False
Fam89b,7,0,0,0.5306927912740477,0.7051948323870947,False
Fam8a1,5,0,0,0.9885204868030568,0.3305077083373999,False
Fam91a1,6,0,0,0.1927210929933563,0.5859600734372944,False
Fam92a,6,0,0,0.7979061792997586,0.3050408221515655,False
Fam98a,5,0,0,0.3329686215674753,0.7205180055737644,False
Fam98b,6,0,0,0.987856211944101,0.665785473423233,False
Fam98c,5,0,0,0.999465548143242,0.7813951349497554,False
Fan1,2,0,0,0.9909758759744884,0.3015795425070843,False
Fancc,2,0,0,0.9926237465626456,0.5721921067598325,False
Fance,5,0,0,0.9687465883607126,0.4066673560753815,False
Fancf,2,0,0,0.8667737457308301,0.656373623604545,False
Fancg,1,0,0,,0.2034519466628402,False
Fancl,2,0,0,,0.2003381098244832,False
Fancm,2,0,0,,0.397514409743279,False
Fap,1,0,0,0.999465548143242,0.0378925738981313,False
Far1,7,0,0,0.773122613881827,0.4098540828424433,False
Far2,1,0,0,0.9997978488301602,0.0655439826266558,False
Farp1,4,0,0,0.9988978288128184,0.4671507803406172,False
Farp2,1,0,0,,0.3606997937790812,False
Fars2,6,0,0,0.999465548143242,0.3010324399877563,False
Farsa,6,0,0,0.6499588292901043,0.7769595343071882,False
Farsb,6,0,0,0.4234196686257339,0.6007781186378371,False
Fas,1,0,0,0.9997978488301602,0.5943951038854935,False
Fasn,5,0,0,0.9613872956381267,0.6672774529088357,False
Fastk,6,0,0,0.6796848841710647,0.6441522003611282,False
Fastkd1,3,0,0,,0.4826486755250016,False
Fastkd2,3,0,0,0.9999106453149894,0.8574125108900875,False
Fastkd3,2,0,0,0.999465548143242,0.8933345545237307,False
Fat1,4,0,0,0.9924339810191554,0.3726255050958995,False
Fat3,3,0,0,0.9999106453149894,0.2730252103614349,False
Fat4,2,0,0,0.9997978488301602,0.7326279761411411,False
Fau,7,0,0,0.4211469439557772,0.2045967584071615,False
Fbf1,4,0,0,,0.5091963215850668,False
Fbh1,6,0,0,0.999465548143242,0.8537323693394177,False
Fbl,7,0,0,0.1226699512286607,0.4983496604824073,False
Fblim1,1,0,0,,0.7503503801524434,False
Fbll1,1,0,0,0.9999106453149894,0.1293894995159373,False
Fbln1,2,0,0,0.999465548143242,0.7630496402259318,False
Fbln2,1,0,0,0.9997978488301602,0.0174285268643329,False
Fbln5,1,0,0,,1.7807524762403837,False
Fbn1,1,0,0,0.999465548143242,1.9955715330968395,False
Fbn2,1,0,0,,0.9222692438497196,False
Fbrs,4,0,0,0.9010248316522482,0.8288499444118246,False
Fbrsl1,6,0,0,0.9054228263761034,0.336770028272528,False
Fbxl12,5,0,0,0.9997978488301602,0.3682506933581574,False
Fbxl14,6,0,0,0.999465548143242,0.5630116045615086,False
Fbxl15,6,0,0,0.999465548143242,0.4891023411974283,False
Fbxl16,3,0,0,0.9999106453149894,0.4077480440378432,False
Fbxl17,6,0,0,0.999465548143242,1.0788890890914975,False
Fbxl18,3,0,0,,0.4906672447564454,False
Fbxl19,3,0,0,0.9999106453149894,0.4928981252002751,False
Fbxl2,2,0,0,0.9999106453149894,0.4499778759671007,False
Fbxl20,5,0,0,0.9070647896477066,0.7120879054986329,False
Fbxl3,6,0,0,0.9636847167956676,0.661046910911518,False
Fbxl4,3,0,0,,0.1496108950154603,False
Fbxl5,6,0,0,0.9808975670559676,0.2415246974548382,False
Fbxl6,5,0,0,0.9997978488301602,0.6436129093755992,False
Fbxl7,2,0,0,0.9997978488301602,0.4474622097687906,False
Fbxl8,2,0,0,,0.8410737030669836,False
Fbxo10,3,0,0,0.9999106453149894,0.7462540620592573,False
Fbxo11,6,0,0,0.9613872956381267,0.7251418758603664,False
Fbxo2,5,1,1,0.0057205034957406,0.6209388299456118,True
Fbxo21,6,0,0,0.8272753004925326,0.2211721832161465,False
Fbxo22,6,0,0,0.9703403656677598,0.3234218487626288,False
Fbxo25,6,0,0,0.9385614242792256,0.8225050942796153,False
Fbxo27,1,0,0,,0.469619144568524,False
Fbxo28,6,0,0,0.9007266118211642,0.498170242752035,False
Fbxo3,6,0,0,0.5940802262561189,0.5222581622417056,False
Fbxo30,4,0,0,0.9997978488301602,0.4934362917062143,False
Fbxo31,5,0,0,0.3443985264534052,0.9095036911758306,False
Fbxo32,3,0,0,0.4081841628998615,0.376737720776048,False
Fbxo33,6,0,0,0.8696447030312672,0.9950476402161652,False
Fbxo34,4,0,0,0.9999106453149894,0.4183499192169856,False
Fbxo36,4,0,0,0.8065965269489748,0.3741479030761617,False
Fbxo38,5,0,0,0.9120362293628522,0.7154788197621835,False
Fbxo4,4,0,0,0.9997978488301602,0.98213806108809,False
Fbxo42,4,0,0,0.9997978488301602,0.6238557569728159,False
Fbxo44,4,0,0,0.474800055625751,0.4229576484411185,False
Fbxo45,5,0,0,0.9997978488301602,0.4530020626593676,False
Fbxo46,3,0,0,,0.6358799098434591,False
Fbxo5,2,0,0,,0.3028863632220492,False
Fbxo6,4,0,0,0.9997978488301602,0.8847761599443005,False
Fbxo7,5,0,0,0.4455928012475373,0.3272428461667369,False
Fbxo8,6,0,0,0.9924339810191554,0.5610185191175,False
Fbxo9,6,0,0,0.8667737457308301,0.3662916536411369,False
Fbxw11,6,0,0,0.6855395030453159,0.7805965077032393,False
Fbxw17,4,0,0,0.9999106453149894,0.7259948245178884,False
Fbxw2,6,0,0,0.5955432974599608,0.3941980932547172,False
Fbxw4,4,0,0,0.8666526310567575,0.7955174968854144,False
Fbxw5,6,0,0,0.480234249076749,0.5945474182575224,False
Fbxw7,6,0,0,0.999465548143242,0.3865099881771105,False
Fbxw8,5,0,0,0.9994094398372564,0.959559829306458,False
Fbxw9,6,0,0,0.999465548143242,0.5334997131234062,False
Fcer1g,3,0,0,0.704267732508683,0.1415579077724688,False
Fcf1,6,0,0,0.9320339787755104,0.2725568105584261,False
Fcgr1,2,0,0,0.8098104630732278,0.2622816068559181,False
Fcgr2b,2,0,0,0.998717048431168,0.6881816082818413,False
Fcgr3,2,0,0,0.1673649620257666,0.3090629668911042,False
Fcgrt,5,0,0,0.0526920147062061,0.6260554406947458,False
Fcho2,7,0,0,0.7121967821283284,0.594198107638181,False
Fchsd1,1,0,0,,0.0944936984062069,False
Fchsd2,5,0,0,0.8263141711509586,0.4571940044878985,False
Fcna,1,1,1,0.0005972466354324,4.025489295948346,True
Fcor,1,0,0,0.944326258559619,0.216527537786786,False
Fcrl1,1,0,0,,0.1871016608885721,False
Fcrls,2,1,1,7.03430250849655e-06,0.6421739870124656,True
Fcsk,1,0,0,,0.2108914650647279,False
Fdft1,6,0,0,0.9276919839072988,0.927292697179766,False
Fdps,6,0,0,0.7949725240749512,0.7396903894349866,False
Fdx1,6,0,0,0.9864119944698796,0.3703171074004611,False
Fdx2,6,0,0,0.9771941538254924,0.4161735176796948,False
Fdxacb1,2,0,0,,0.4556031817636281,False
Fdxr,4,0,0,0.9613872956381267,0.3147432331019441,False
Fech,6,0,0,0.9434392934513736,0.4494223711375183,False
Fem1a,5,0,0,0.911149439196682,0.822394545129141,False
Fem1b,6,0,0,0.999465548143242,1.0377873631331012,False
Fem1c,5,0,0,0.6049406892551493,0.9478593915947342,False
Fen1,3,0,0,0.2611873424992844,0.7451420184420648,False
Fendrr,1,0,0,0.9997978488301602,1.096056411520184,False
Fer,6,0,0,0.8770085403453264,0.5252545223866011,False
Fermt2,5,0,0,0.5175614181182883,0.4281484301153186,False
Fermt3,2,0,0,0.1890231679561112,0.3916535961039283,False
Fes,3,0,0,0.4597604491751493,0.3600103957081646,False
Fez1,5,0,0,0.7179651288523243,0.924088345247152,False
Fez2,7,0,0,0.5093041739428436,1.094478503419391,False
Fezf2,1,0,0,0.9988978288128184,0.5887845181165154,False
Fgd1,2,0,0,0.9999106453149894,0.2272253650638728,False
Fgd2,1,0,0,0.902034893950962,0.1053251969284706,False
Fgd3,2,0,0,,0.6344025742397276,False
Fgd4,5,0,0,0.3361947781291535,0.6132272868715335,False
Fgd5,1,0,0,0.9997978488301602,0.1449173191195268,False
Fgd6,4,0,0,0.9988978288128184,0.911591295726126,False
Fgf1,2,0,0,0.942371774006941,0.2596072415778124,False
Fgf11,2,0,0,0.9999106453149894,0.8275752717370344,False
Fgf12,3,0,0,0.9999106453149894,0.1507242837183682,False
Fgf13,3,0,0,0.9999106453149894,0.4424443068449974,False
Fgf14,1,0,0,0.9999106453149894,0.3171222615980637,False
Fgf22,1,0,0,,0.5422822693379611,False
Fgfbp3,4,0,0,0.8402201583633553,0.6667363533637048,False
Fgfr1,4,0,0,0.9988978288128184,0.8551561996776634,False
Fgfr1op,5,0,0,0.999465548143242,0.4751308245934029,False
Fgfr1op2,7,0,0,0.6603586966737383,1.107238125076441,False
Fgfr2,3,0,0,0.1463772438775189,0.5049364290491429,False
Fgfr3,3,0,0,0.9988978288128184,0.3013304155497738,False
Fgfrl1,4,0,0,0.9988978288128184,1.341593695040516,False
Fggy,4,0,0,0.999465548143242,0.5392204665330286,False
Fgl2,1,0,0,,0.5150022413360661,False
Fgr,1,0,0,,0.893369322423945,False
Fh1,6,0,0,0.6603586966737383,0.5601173885564462,False
Fhad1,2,0,0,0.999465548143242,0.1856459211419447,False
Fhdc1,1,0,0,,0.0701459907878234,False
Fhit,2,0,0,0.999465548143242,1.0414166376285434,False
Fhl1,3,0,0,0.510905414431632,0.4614789370453186,False
Fhl3,1,0,0,,0.3407914383869316,False
Fhod1,2,0,0,0.9997978488301602,0.3760518242659206,False
Fibp,6,0,0,0.6125964417721538,0.3411136130665895,False
Ficd,3,0,0,,0.2786845569091849,False
Fig4,6,0,0,0.999465548143242,0.7700497203236372,False
Fign,2,0,0,0.9853391978197256,0.6722546534882169,False
Fignl2,1,0,0,,0.6825271138631696,False
Filip1,1,0,0,0.9997978488301602,0.2135248964937424,False
Filip1l,3,0,0,0.955062322313626,0.9669753769030404,False
Fip1l1,6,0,0,0.8727597914628661,0.2500246975569002,False
Firre,4,0,0,0.9997978488301602,0.7540062604941281,False
Fis1,7,0,0,0.7898510603901137,0.1726619864245672,False
Fitm2,3,0,0,,0.2766754067870337,False
Fiz1,5,0,0,0.8992872603476387,0.4321421723536132,False
Fjx1,2,0,0,0.9988978288128184,1.0666357629920935,False
Fkbp10,1,0,0,,0.1523675850204308,False
Fkbp14,4,0,0,0.9999106453149894,0.4124890169309204,False
Fkbp15,7,0,0,0.9785961275129472,0.8952161589083967,False
Fkbp1a,7,0,0,0.8718050163204013,0.2774786263652588,False
Fkbp1b,1,0,0,,0.6659469754992705,False
Fkbp2,7,0,0,0.7985836513707117,0.6409021015345161,False
Fkbp3,7,0,0,0.9054228263761034,0.3130369337302914,False
Fkbp4,6,0,0,0.8908492776349536,0.550228134468586,False
Fkbp5,4,1,1,1.7049539222239569e-07,2.490515806888641,True
Fkbp7,4,0,0,0.9997978488301602,0.7391952465855206,False
Fkbp8,7,0,0,0.439536757499856,0.7259011787646704,False
Fkbp9,6,0,0,0.999465548143242,0.3077612720671091,False
Fkbpl,3,0,0,0.999465548143242,0.3599154178532165,False
Fkrp,4,0,0,0.9997978488301602,0.3865756208693159,False
Fktn,6,0,0,0.7575112510491449,1.3583911128553852,False
Flad1,4,0,0,0.999465548143242,0.6084946328397128,False
Flcn,3,0,0,0.8130255844802706,0.4570169310173032,False
Fli1,3,0,0,0.998717048431168,0.4256824231176491,False
Flii,7,0,0,0.8304796525639428,0.3672239126739215,False
Flna,5,0,0,0.998947809908267,1.744291752114393,False
Flnb,4,0,0,0.9506980045799142,0.3606311384069663,False
Flnc,1,0,0,,0.4188121600046807,False
Flot1,6,0,0,0.6125964417721538,0.6293532203476215,False
Flot2,4,0,0,0.9885204868030568,0.3182492267640514,False
Flrt1,2,0,0,0.9988978288128184,0.1775386095494606,False
Flrt2,4,0,0,0.999465548143242,0.6944342806182414,False
Flrt3,2,0,0,0.9999106453149894,0.212281346496902,False
Flt1,2,0,0,0.9997978488301602,0.8336687335763169,False
Flt3l,1,0,0,0.9997978488301602,0.9766711730877744,False
Flt4,1,0,0,0.9997978488301602,0.1384345365622728,False
Flvcr1,3,0,0,,0.6539700225867351,False
Flvcr2,1,0,0,0.9997978488301602,0.1329583640662373,False
Flywch1,6,0,0,0.5546467309271519,0.3454109094969487,False
Flywch2,3,0,0,0.999465548143242,0.288759176725322,False
Fmc1,6,0,0,0.9275778933993566,0.1104990367942234,False
Fmn1,2,0,0,,0.3284187862708639,False
Fmn2,3,0,0,0.9988978288128184,0.567668529459581,False
Fmnl1,1,0,0,0.6592904027994643,0.2530838320820984,False
Fmnl2,6,0,0,0.5122121809989566,0.7219043614941499,False
Fmnl3,2,0,0,0.9905052617538976,0.314477430187059,False
Fmo1,2,0,0,0.9997978488301602,0.4692580316225513,False
Fmo2,1,0,0,0.9997978488301602,0.5823964394609964,False
Fmo5,4,0,0,0.9997978488301602,0.3141016956253847,False
Fmr1,6,0,0,0.8230077639648056,0.6799198445184671,False
Fn1,1,0,0,0.9997978488301602,0.0022314773864148,False
Fn3k,3,0,0,0.9613872956381267,0.3813225743445546,False
Fn3krp,4,0,0,0.999465548143242,0.3479869368564304,False
Fnbp1,5,0,0,0.2690748530140653,0.3209609992873434,False
Fnbp1l,5,0,0,0.999465548143242,0.3003162342500705,False
Fnbp4,5,0,0,0.7416963543617896,0.6380495522754069,False
Fndc10,2,0,0,0.9999106453149894,0.976803737111849,False
Fndc3a,7,0,0,0.5086811856719438,0.6421699927296626,False
Fndc3b,6,0,0,0.999465548143242,0.6849566547577052,False
Fndc4,3,0,0,0.9988978288128184,0.2451633503399056,False
Fndc5,2,0,0,0.9999106453149894,0.400159046603008,False
Fnip1,5,0,0,0.890963055215156,0.3179134503172587,False
Fnip2,3,0,0,0.9997978488301602,0.4072343995578911,False
Fnta,6,0,0,0.9636847167956676,0.4688364775062389,False
Fntb,2,0,0,,0.25757201123454,False
Focad,4,0,0,0.9997978488301602,0.364238476849161,False
Folh1,2,0,0,0.7086554640322857,0.4018675244507683,False
Folr1,1,0,0,0.999465548143242,0.291991052317988,False
Folr2,1,0,0,0.6862538368658698,1.3703234843983458,False
Fopnl,6,0,0,0.9506980045799142,0.3519148503385715,False
Fos,7,0,0,0.0950167065903766,1.0113030435367925,False
Fosb,6,1,1,0.007691566500823,1.5369850743516646,True
Fosl2,3,0,0,0.998947809908267,1.5586828016794865,False
Foxc1,1,0,0,0.9997978488301602,0.0980469869228734,False
Foxf2,1,0,0,0.9997978488301602,0.2258125177807012,False
Foxg1,2,0,0,0.9988978288128184,0.3610750531735669,False
Foxj1,2,0,0,0.3641385596622708,0.5032482204722207,False
Foxj2,5,0,0,0.5301384822676211,0.4087184124438219,False
Foxj3,5,0,0,0.9997978488301602,0.5745233803614923,False
Foxk1,3,0,0,0.9997978488301602,0.3786172746118488,False
Foxk2,5,0,0,0.9997978488301602,0.523653414524058,False
Foxn2,5,0,0,0.7787626044774035,0.5235819666220065,False
Foxn3,6,0,0,0.9054228263761034,0.2879067112873387,False
Foxo1,4,0,0,0.9409257914200232,0.3151771217180351,False
Foxo3,5,0,0,0.9885204868030568,0.4749197765853905,False
Foxo4,3,0,0,0.9997978488301602,0.208270325482812,False
Foxo6,1,0,0,,0.3134282635629211,False
Foxp1,6,0,0,0.9785961275129472,0.6191547529902846,False
Foxp2,1,0,0,0.9999106453149894,0.8547536293002852,False
Foxp4,2,0,0,,1.2393263551439788,False
Foxq1,1,0,0,0.9997978488301602,0.0530249632405197,False
Foxred1,5,0,0,0.999465548143242,0.529945218159497,False
Foxred2,1,0,0,,0.3553848563516247,False
Fpgs,2,0,0,,0.2392544785223914,False
Fpgt,4,0,0,0.9784212791584648,0.4341672695317497,False
Fra10ac1,6,0,0,0.8361316425588403,0.7339246379427226,False
Frat1,2,0,0,,0.1915138826099574,False
Frat2,2,0,0,,0.9467203149910244,False
Frem1,1,0,0,0.999465548143242,0.8459968034442761,False
Frem2,1,0,0,,0.5680886744104592,False
Frg1,7,0,0,0.7299004147085685,0.5414844973827786,False
Frg2f1,1,0,0,,0.530917617957353,False
Frmd3,1,0,0,0.9999106453149894,0.9653345362390184,False
Frmd4a,5,0,0,0.8919289232130931,0.5684678325410754,False
Frmd4b,6,0,0,0.8933593320197283,0.5493299595640707,False
Frmd5,2,0,0,0.9771941538254924,0.50881122260959,False
Frmd6,3,0,0,0.9997978488301602,0.305461222703896,False
Frmd8,4,0,0,0.9602485219048852,0.3843251454292193,False
Frmpd1,1,0,0,,0.0349390424898666,False
Frmpd1os,1,0,0,0.999465548143242,0.2000585489126791,False
Frmpd4,1,0,0,0.999465548143242,0.7773066736264364,False
Frrs1,3,0,0,0.4298703729752186,0.6742987688693615,False
Frrs1l,2,0,0,0.9999106453149894,0.2635614512424727,False
Frs2,5,0,0,0.9994094398372564,0.6239537731574015,False
Frs3,1,0,0,,0.1402548352024424,False
Fry,5,0,0,0.902034893950962,0.2058482072570443,False
Fryl,5,0,0,0.9161322954368591,0.4252512477763449,False
Frzb,1,0,0,0.9999106453149894,0.2551981186617122,False
Fscn1,4,0,0,0.1670817783670916,0.9266049802160912,False
Fsd1,2,0,0,0.9155141700581956,0.2888893411397196,False
Fsd1l,3,0,0,0.959262122655081,0.4995526802530269,False
Fstl1,1,0,0,,0.0448118225814363,False
Fstl5,1,0,0,0.9999106453149894,0.1058214703278881,False
Fth1,7,2,2,0.0018230914249099,0.6841140737996612,True
Ftl1,7,0,0,0.4577047798532043,0.3788229445755341,False
Ftl1-ps1,6,0,0,0.7688498396020211,0.785702166797969,False
Fto,6,0,0,0.8634600166467697,0.5598056622522373,False
Ftsj1,5,0,0,0.7612371439356139,0.4977183840992255,False
Ftsj3,5,0,0,0.6551194358239175,0.7433817240134598,False
Ftx,4,0,0,0.9999106453149894,0.2987527920758855,False
Fubp1,6,0,0,0.9584761365261044,0.4485533422316097,False
Fubp3,6,0,0,0.8667737457308301,0.4858844171419837,False
Fuca1,7,0,0,0.5657687322658398,0.3539802468437133,False
Fuca2,6,0,0,0.9467762614591037,0.3916715178950632,False
Fundc1,6,0,0,0.9827123849102,0.2660244763475768,False
Fundc2,6,0,0,0.962130789122402,0.2424861308103301,False
Fuom,5,0,0,0.7949725240749512,0.3778922139515355,False
Furin,5,0,0,0.9997978488301602,0.527657624168984,False
Fus,7,0,0,0.9779313792064896,0.4740855646455839,False
Fut10,3,0,0,,0.5004105079228758,False
Fut11,4,0,0,0.9997978488301602,0.4033926657584126,False
Fut8,5,0,0,0.2808550875157062,0.7762433704240093,False
Fut9,2,0,0,0.8835410720715619,0.4155912382803394,False
Fuz,6,0,0,0.6557891400875095,0.615427889267266,False
Fxn,5,0,0,0.999465548143242,0.877001038275573,False
Fxr1,7,0,0,0.1380431758700386,0.7920272040487448,False
Fxr2,6,0,0,0.6584380103096773,0.6351717244201669,False
Fxyd1,3,0,0,0.9988978288128184,0.2097464916124838,False
Fxyd2,1,0,0,,0.2042734206365892,False
Fxyd5,3,0,0,0.998947809908267,1.124074463444622,False
Fxyd6,1,0,0,0.9999106453149894,0.1027375661467465,False
Fxyd7,2,0,0,0.9999106453149894,0.570425735002612,False
Fyb,2,0,0,0.8727597914628661,0.3656004006390518,False
Fyco1,6,0,0,0.8436289172168773,0.6630095599836505,False
Fyn,5,0,0,0.6557891400875095,0.367494941158165,False
Fyttd1,6,0,0,0.3534242400723701,0.4511953925890013,False
Fzd1,1,0,0,,0.3408110434460193,False
Fzd2,1,0,0,0.9988978288128184,0.3853909892120718,False
Fzd3,4,0,0,0.4642808539077925,0.596575981680925,False
Fzd4,4,0,0,0.999465548143242,1.0632111271279696,False
Fzd5,2,0,0,,0.367343606306404,False
Fzd6,1,0,0,0.9997978488301602,0.4047571477815925,False
Fzd7,3,0,0,,0.5200339041980657,False
Fzd8,4,0,0,,0.5596367048399992,False
Fzd9,2,0,0,0.9999106453149894,0.241600361904244,False
Fzr1,5,0,0,0.9771941538254924,0.746731184380802,False
G0s2,3,0,0,0.7691943808384463,0.3445148925081537,False
G2e3,5,0,0,0.9943730809498168,0.6191141143338947,False
G3bp1,7,0,0,0.9489591940169484,0.2708251237357519,False
G3bp2,7,0,0,0.8561572451790562,0.3512531899631002,False
G430095P16Rik,1,0,0,,0.3948654921386343,False
G530011O06Rik,2,0,0,0.2952840349185354,1.053377060078358,False
G630030J09Rik,1,0,0,,0.5377042347570676,False
G6pc3,6,0,0,0.5546467309271519,0.5014895734761524,False
G6pdx,5,0,0,0.6913447503820703,0.510274764100454,False
Gaa,7,0,0,0.8767627648475128,0.6117800852410231,False
Gab1,5,0,0,0.4712986764194323,0.5078124043850466,False
Gab2,3,0,0,0.9997978488301602,0.2744160771868439,False
Gab3,1,0,0,,0.0744171513437061,False
Gabarap,7,0,0,0.9274547520187232,0.2289676543034919,False
Gabarapl1,6,0,0,0.8667737457308301,0.2421144599774021,False
Gabarapl2,7,0,0,0.9333672193684552,0.5521886648246812,False
Gabbr1,6,0,0,0.2099854597006447,0.3925270939140871,False
Gabbr2,2,0,0,0.9999106453149894,0.3163275610997351,False
Gabpa,6,0,0,0.999465548143242,0.5976359306959458,False
Gabpb1,3,0,0,0.9997978488301602,0.4373140546298037,False
Gabpb2,5,0,0,0.9970554848778064,0.5529601927700578,False
Gabra1,1,0,0,0.9999106453149894,0.108427824889618,False
Gabra2,2,0,0,0.9988978288128184,0.17443064092776,False
Gabra3,1,0,0,0.9999106453149894,0.5905529512965908,False
Gabra4,1,0,0,,0.0387428162792247,False
Gabrb1,2,0,0,0.9988978288128184,0.8191622515562841,False
Gabrb3,1,0,0,0.9999106453149894,0.1437086511593094,False
Gabrg1,2,0,0,0.9082729017471556,0.5146922677801896,False
Gabrg3,2,0,0,0.9999106453149894,0.1087873756527537,False
Gabrr2,1,1,1,0.000142305290568,1.5215936493238031,True
Gad1,1,0,0,0.9999106453149894,0.0352257719566976,False
Gadd45a,3,0,0,0.9997978488301602,0.3169622878130992,False
Gadd45b,5,0,0,0.9070647896477066,1.714521771007589,False
Gadd45g,6,1,1,0.0106295109418105,0.9029820091485294,True
Gadd45gip1,6,0,0,0.8821889053217825,0.4411086780398697,False
Gak,6,0,0,0.9614961848933092,0.2215982727231682,False
Gal3st1,2,0,0,0.9771941538254924,0.6318754543330811,False
Gal3st4,1,0,0,0.1943051007948562,0.4195558314318505,False
Galc,6,0,0,0.9021968698616962,0.4551410820189819,False
Galk1,6,0,0,0.474800055625751,0.9915715055820457,False
Galk2,5,0,0,0.999465548143242,0.5931460891670912,False
Galm,2,0,0,0.999465548143242,0.6552116955901071,False
Galns,1,0,0,,0.321701318510864,False
Galnt1,7,0,0,0.6599665827499437,1.2455530271479294,False
Galnt10,3,0,0,0.9997978488301602,0.5770456313758366,False
Galnt11,6,0,0,0.8028856443737465,0.4290478415247363,False
Galnt12,1,0,0,,0.0333798469265614,False
Galnt13,1,0,0,0.9999106453149894,0.0480909077136084,False
Galnt15,1,0,0,0.9997978488301602,0.2142425549553877,False
Galnt16,3,0,0,0.9186896699795932,0.7945166494233095,False
Galnt17,1,0,0,0.9999106453149894,0.2446422784812871,False
Galnt18,2,0,0,0.9997978488301602,0.5693802443357574,False
Galnt2,5,0,0,0.9613872956381267,0.4164560336981475,False
Galnt3,2,0,0,0.9999106453149894,0.762161686564566,False
Galnt4,2,0,0,,0.4673250537419167,False
Galnt6,1,0,0,0.7439480729467459,0.2088766370382581,False
Galnt7,5,0,0,0.9943730809498168,0.453876664124192,False
Galt,5,0,0,0.999465548143242,0.3651871943708307,False
Gamt,4,1,1,0.0036862589092542,0.5961363281438494,True
Gan,5,0,0,0.6499588292901043,0.4883528045208534,False
Ganab,6,0,0,0.9840372004586388,0.5035817549216783,False
Ganc,4,0,0,0.9997978488301602,0.1964107921423094,False
Gap43,1,0,0,0.9999106453149894,0.5486148118702733,False
Gapdh,7,1,1,0.0085402630354099,0.4799123844558589,True
Gapvd1,7,0,0,0.9375010146418976,0.711364190149106,False
Gar1,6,0,0,0.994719010761648,0.727368271402526,False
Garem1,2,0,0,,0.3763596281535072,False
Garem2,2,0,0,,0.8389864526550863,False
Garnl3,2,0,0,,1.385798957781733,False
Gars,6,0,0,0.8466192973858958,0.2227525656168522,False
Gart,5,0,0,0.8789423840775802,0.5484940172753094,False
Gas1,2,0,0,0.9988978288128184,0.5546930767062812,False
Gas2,2,0,0,0.9999106453149894,0.1427812181910774,False
Gas2l1,5,0,0,0.8732744417284509,0.6330915181625886,False
Gas2l3,1,0,0,,0.4356456406642515,False
Gas5,7,0,0,0.2952840349185354,0.5811202924087623,False
Gas6,7,0,0,0.902034893950962,1.343844915328709,False
Gas7,2,0,0,0.3329686215674753,0.3769224541711365,False
Gas8,6,0,0,0.999465548143242,0.8560187899236482,False
Gask1a,1,0,0,,0.2853577820533415,False
Gata2,1,0,0,0.9997978488301602,0.5238122485260844,False
Gatad1,6,0,0,0.994719010761648,0.3628259358964226,False
Gatad2a,6,0,0,0.9550624901828332,0.4843255137176764,False
Gatad2b,6,0,0,0.9613872956381267,0.2524169571318118,False
Gatb,2,0,0,,0.2399845091084277,False
Gatc,4,0,0,,0.6031164199459156,False
Gatd1,6,0,0,0.6603586966737383,0.9978623743321824,False
Gatd3a,6,0,0,0.9613872956381267,0.5700832596192967,False
Gatm,6,0,0,0.9013075512858124,0.4763449191165547,False
Gba,4,0,0,0.9971230182955928,0.2121839448513576,False
Gba2,3,0,0,,0.1203986324910116,False
Gbe1,5,0,0,0.999465548143242,0.1136695285471719,False
Gbf1,6,0,0,0.97714218428337,0.5784916182878957,False
Gbp2,2,0,0,0.9997978488301602,0.6317167482627497,False
Gbp3,2,0,0,0.1447958222623943,0.8776783888062937,False
Gbp4,1,0,0,0.9997978488301602,0.35639000595873,False
Gbp5,2,0,0,0.9997978488301602,0.5821822910888469,False
Gbp7,4,1,1,0.0033574410189054,0.8659674120843115,True
Gbp9,2,0,0,0.9997978488301602,0.1455140607565606,False
Gca,3,0,0,0.4387740404898478,0.6095359845311314,False
Gcat,3,0,0,0.5989680877797672,0.4537162890727595,False
Gcc1,2,0,0,,0.2114433331271297,False
Gcc2,6,0,0,0.6644586706753683,0.2830297890667922,False
Gcdh,5,0,0,0.3630447290695737,0.704607125758761,False
Gcfc2,3,0,0,,0.4687959704967683,False
Gch1,2,0,0,0.9997978488301602,0.504569078460759,False
Gclc,6,0,0,0.7301644375255361,0.2867585708624984,False
Gclm,6,0,0,0.5289346296491251,0.2738412666163161,False
Gcn1,5,0,0,0.6592904027994643,0.4072118263972493,False
Gcnt1,1,0,0,0.55495548261648,0.2751597307716662,False
Gcnt2,2,0,0,0.9997978488301602,0.0074550212640696,False
Gcnt4,1,0,0,,0.2960427374066046,False
Gcsh,6,0,0,0.7747015316640691,0.3625409906150681,False
Gdap1,2,0,0,0.9999106453149894,0.6015706934978251,False
Gdap1l1,2,0,0,0.9999106453149894,0.6556563005914873,False
Gdap2,4,0,0,0.999465548143242,0.3678989988383129,False
Gde1,6,0,0,0.6692934971545805,0.482078017559539,False
Gdf10,1,0,0,,0.6950186411769496,False
Gdf11,2,0,0,0.9999106453149894,0.1783651830187653,False
Gdf15,1,0,0,,1.177654363882749,False
Gdf9,2,0,0,,0.850747379663129,False
Gdi1,6,0,0,0.6575493772755271,0.3122771180652985,False
Gdi2,7,0,0,0.5775305869770802,0.1958296905668244,False
Gdpd1,5,0,0,0.9614552220217218,0.5785729135824481,False
Gdpd2,1,0,0,0.9988978288128184,0.1619949419805394,False
Gdpd3,2,0,0,,1.0639420224639748,False
Gdpd5,2,0,0,0.9853391978197256,0.3138413459052249,False
Gdpgp1,2,0,0,,0.5007589957586769,False
Gem,2,0,0,0.8933593320197283,0.8588580337760707,False
Gemin2,4,0,0,0.9997978488301602,0.2851653597075962,False
Gemin5,4,0,0,,0.516107360315605,False
Gemin6,3,0,0,0.999465548143242,0.4599039542042098,False
Gemin7,6,0,0,0.9522171808678762,0.3989369451264007,False
Gemin8,3,0,0,,0.1963352786806641,False
Get4,6,0,0,0.7949725240749512,0.9492294201761912,False
Gfap,3,0,0,0.9988978288128184,0.8632323496926343,False
Gfer,6,0,0,0.9481014030106708,0.5213405410660568,False
Gfm1,5,0,0,0.999465548143242,0.6374905294309942,False
Gfm2,5,0,0,0.9999106453149894,1.1452596235434176,False
Gfod1,3,0,0,0.9997978488301602,0.4366468951939855,False
Gfod2,6,0,0,0.6557891400875095,0.5887154529205684,False
Gfpt1,6,0,0,0.634692113088568,0.6432658415059409,False
Gfpt2,1,0,0,0.9999106453149894,0.3934387240672996,False
Gfra1,3,0,0,0.0833321359853528,0.9803925432174628,False
Gga1,6,0,0,0.9613872956381267,0.4359256804439707,False
Gga2,3,0,0,0.999465548143242,0.6931291458983346,False
Gga3,5,0,0,0.9999106453149894,0.9372992916175658,False
Ggact,5,0,0,0.999465548143242,0.3431660214690904,False
Ggct,3,0,0,0.8622072670002854,0.5323020374233773,False
Ggcx,4,0,0,,1.1221660476555315,False
Ggh,6,0,0,0.9603469151708518,0.658746661818383,False
Ggnbp1,4,0,0,0.999465548143242,0.7485388850179859,False
Ggnbp2,6,0,0,0.474800055625751,0.3620690198297109,False
Ggps1,6,0,0,0.987072962270334,0.504210790496813,False
Ggt5,1,0,0,,0.4011990447671233,False
Ggt7,3,0,0,0.9999106453149894,0.5076977852849557,False
Ggta1,3,0,0,0.6644586706753683,0.8513455073955005,False
Ghdc,3,0,0,0.9997978488301602,0.3122276673489226,False
Ghitm,7,0,0,0.5301384822676211,0.427676296861742,False
Ghr,2,0,0,0.9997978488301602,0.0956846749028343,False
Gid4,6,0,0,0.4216831417883803,1.129940737899691,False
Gid8,6,0,0,0.9190492376825816,0.4530354770406805,False
Gigyf1,5,0,0,0.483974056430391,0.4757928925825677,False
Gigyf2,6,0,0,0.8320163606442603,0.3821112063935895,False
Gimap1,2,0,0,0.9997978488301602,0.0891717020664494,False
Gimap6,2,0,0,0.76969417289311,0.602097638395549,False
Gimap8,1,0,0,0.9997978488301602,0.0539220874495299,False
Gimap9,2,0,0,0.9997978488301602,0.3350992169767879,False
Gin1,6,0,0,0.9885204868030568,0.4474065282747181,False
Ginm1,6,0,0,0.8818650673896277,0.233214205407434,False
Gins1,1,0,0,,0.6409168837528925,False
Gins2,2,0,0,,0.724222446024073,False
Gins3,1,0,0,,0.5843883186014868,False
Gins4,6,0,0,0.97714218428337,0.2546944387693362,False
Gipc1,6,0,0,0.4852790522452709,0.6589409021880366,False
Gipc3,1,0,0,0.9997978488301602,0.0403842720406118,False
Gipr,1,0,0,,1.8774498328222904,False
Git1,6,0,0,0.720546046332735,0.6242809234232011,False
Git2,6,0,0,0.5103893555672101,0.8496505044658228,False
Gja1,3,0,0,0.9988978288128184,0.4365702782447209,False
Gjb1,2,0,0,0.9926237465626456,1.080471725501016,False
Gjb2,1,0,0,,0.5047816152345407,False
Gjb6,1,0,0,0.9988978288128184,0.3323825299527133,False
Gjc1,1,0,0,0.9997978488301602,0.322348946358473,False
Gjc2,1,0,0,0.3362397305334988,0.3587874521385544,False
Gjc3,2,0,0,0.3428951241906319,0.2937539704277451,False
Gk,4,0,0,0.9988978288128184,0.3254721133685797,False
Gk5,2,0,0,,1.2509180886974915,False
Gkap1,6,0,0,0.5663683507884781,0.2592641837788595,False
Gkn3,1,0,0,0.9997978488301602,0.8940817216971166,False
Gla,2,0,0,,0.4943249137971889,False
Glb1,4,0,0,0.9997978488301602,0.571524277553884,False
Glb1l,2,0,0,,0.288077301145101,False
Glcci1,6,0,0,0.866174710066969,0.4919250462878627,False
Glce,3,0,0,0.9997978488301602,0.1875360733819483,False
Gldc,1,0,0,0.9988978288128184,0.1515284594090751,False
Gle1,5,0,0,0.544411983236694,0.4772323021923866,False
Glg1,6,0,0,0.6557891400875095,1.3058560618373103,False
Gli1,1,0,0,,0.8799920427185018,False
Gli2,1,0,0,,0.6049508382080455,False
Gli3,1,0,0,0.9988978288128184,0.3463163669867655,False
Glipr1,1,0,0,,0.1085708592857143,False
Glipr2,1,0,0,,0.997774206751716,False
Glis2,2,0,0,0.999465548143242,0.4802164247758691,False
Glis3,3,0,0,0.999465548143242,1.3500186523929671,False
Glmn,5,0,0,0.9997978488301602,0.3906606885116177,False
Glmp,7,0,0,0.7646960510484726,0.6598713068380054,False
Glo1,6,0,0,0.9853391978197256,0.2627652480131306,False
Glod4,6,0,0,0.9918882510064204,0.29480243019509,False
Glrb,3,0,0,0.5628438977412534,0.2809540329014517,False
Glrp1,1,0,0,,0.1453940521480666,False
Glrx,4,0,0,0.9997978488301602,0.731407720176274,False
Glrx2,6,0,0,0.483870356451055,0.5831010480863364,False
Glrx3,7,0,0,0.9613872956381267,0.3925511802232778,False
Glrx5,6,0,0,0.9010248316522482,0.1488039851153408,False
Gls,7,0,0,0.9784212791584648,1.1078234320740945,False
Glt8d1,5,0,0,0.9145420718215802,0.2852228530316839,False
Gltp,7,0,0,0.2298421048303096,1.1915878343688378,False
Glud1,7,0,0,0.8667737457308301,0.373578653375114,False
Glul,7,0,0,0.3549904381443544,0.2443831259651792,False
Glyr1,7,0,0,0.897435817961038,0.4320553363089412,False
Gm10076,7,0,0,0.7301644375255361,0.8196790227338377,False
Gm10101,1,0,0,,0.6625463882755193,False
Gm10115,1,0,0,0.9999106453149894,0.1863356646894269,False
Gm10125,2,0,0,0.9999106453149894,1.2138512031974766,False
Gm10130,1,0,0,,0.362367882854395,False
Gm10134,1,0,0,,0.1168033343212208,False
Gm10138,3,0,0,0.8098104630732278,0.4557559277816022,False
Gm10143,1,0,0,,1.056480360672616,False
Gm10277,1,0,0,,0.8175166499201141,False
Gm10382,1,0,0,,0.1594088451283483,False
Gm10384,1,0,0,,0.1978855784259508,False
Gm10419,1,0,0,0.9999106453149894,0.1453908930964609,False
Gm10561,1,0,0,0.9988978288128184,0.0257999969629631,False
Gm10575,1,0,0,,0.0003030567193943,False
Gm10605,1,0,0,,0.0074715654622322,False
Gm10638,2,0,0,0.9997978488301602,0.5983316753315158,False
Gm10642,1,0,0,,0.2642127408570863,False
Gm10687,1,0,0,0.9528506252153308,0.161105866518425,False
Gm10701,1,0,0,,0.159779492421612,False
Gm10762,4,0,0,0.9999106453149894,0.5022785158606241,False
Gm10790,1,0,0,0.9644314079198152,0.0556494012127388,False
Gm10791,1,0,0,,0.1509996986237846,False
Gm10827,2,0,0,,0.9250171147560352,False
Gm10848,1,0,0,,1.1092008705052694,False
Gm11110,1,0,0,,0.6232825998974502,False
Gm11266,1,0,0,,0.1215115353380288,False
Gm11423,1,0,0,,0.0206997073878545,False
Gm11627,1,0,0,0.9988978288128184,0.1798698035812846,False
Gm11650,1,0,0,0.9999106453149894,0.3667890989603855,False
Gm11681,2,0,0,0.9988978288128184,0.0739927222851999,False
Gm11696,1,0,0,,0.309299471231468,False
Gm11713,2,0,0,,0.397093941446613,False
Gm11772,1,0,0,,0.5324038934947043,False
Gm11808,7,0,0,0.9771941538254924,0.5497361236806876,False
Gm11837,3,0,0,0.999465548143242,0.5915975360105812,False
Gm12166,1,0,0,,0.6470484880003033,False
Gm12184,1,0,0,,0.9215990494423916,False
Gm12216,1,0,0,0.9997978488301602,0.387281984937579,False
Gm12258,2,0,0,,0.2530620992986049,False
Gm12326,1,0,0,0.3839522980985899,0.6490522257499856,False
Gm12689,1,0,0,,0.2730570979819934,False
Gm12758,2,0,0,,0.2476991770553528,False
Gm12840,1,0,0,,0.0273905838893119,False
Gm12905,1,0,0,,0.6616967690662642,False
Gm12940,5,0,0,0.9999106453149894,1.3055731087850728,False
Gm12976,1,0,0,,0.7999968138349678,False
Gm13031,1,0,0,,0.076141405866525,False
Gm13056,1,0,0,0.9997978488301602,0.0815397116917411,False
Gm13166,1,0,0,,0.2966548805084504,False
Gm13212,1,0,0,,0.3369058824297956,False
Gm13293,1,0,0,0.662435093738896,0.9629712573051988,False
Gm13322,1,0,0,,1.4182027574837686,False
Gm13375,1,0,0,,1.0742896259931138,False
Gm13479,1,0,0,,0.244319605780906,False
Gm13483,1,0,0,,0.5032105537841662,False
Gm13594,1,0,0,,0.3788124219650571,False
Gm13889,4,0,0,0.4184941492950302,0.9045689536860168,False
Gm14023,1,0,0,,0.7411726888513867,False
Gm14051,1,0,0,0.999465548143242,0.3104176413300195,False
Gm14295,4,0,0,0.9999106453149894,0.3725438185042499,False
Gm14296,5,0,0,0.9997978488301602,0.5235062518488092,False
Gm14305,6,0,0,0.899956163089285,0.2748542714953915,False
Gm14322,1,0,0,,0.1659690762816475,False
Gm14325,2,0,0,,0.714356418191115,False
Gm14326,2,0,0,,0.2325276594390275,False
Gm14327,3,0,0,0.999465548143242,0.735587050621668,False
Gm14399,1,0,0,,0.612410371506905,False
Gm14403,1,0,0,,0.3375673893762118,False
Gm14418,2,0,0,0.9999106453149894,0.8054831267855145,False
Gm14508,1,0,0,,1.1506919414893502,False
Gm14636,1,0,0,,0.0085995707466744,False
Gm14964,2,0,0,0.9988978288128184,0.5600110390200728,False
Gm14966,1,0,0,,0.6813452636303904,False
Gm15232,1,0,0,,0.2507118917370876,False
Gm15270,1,0,0,,0.2080777281605263,False
Gm15283,1,0,0,,2.624346787960244,False
Gm15417,5,1,1,0.0026366912595543,0.9537983110883432,True
Gm15446,4,0,0,0.9999106453149894,0.7014789676891493,False
Gm15503,1,0,0,0.1647718378944787,0.6227542999178833,False
Gm15513,1,0,0,,0.2662202023752766,False
Gm15537,1,0,0,,0.4258570336879317,False
Gm15594,2,0,0,0.9999106453149894,1.649537640345061,False
Gm15601,1,0,0,,1.108665680435854,False
Gm15655,1,0,0,,0.9985769992364129,False
Gm15663,1,0,0,,1.1154557945635255,False
Gm15688,1,0,0,,0.5980370772169326,False
Gm15706,1,0,0,0.9999106453149894,0.7151347309939692,False
Gm15708,1,0,0,,0.0700588570412135,False
Gm15809,1,0,0,,0.3153676835314882,False
Gm15832,1,0,0,,1.1097921586646025,False
Gm15853,2,0,0,,0.1673064820705744,False
Gm15860,1,0,0,,1.668497312987228,False
Gm15902,1,0,0,,0.3983390657256818,False
Gm15912,2,0,0,0.4507347231459493,0.5031275469113516,False
Gm15972,1,0,0,,0.0156198522668396,False
Gm15998,1,0,0,0.9997978488301602,0.356918432912544,False
Gm16046,1,0,0,0.9997978488301602,0.4394101225028585,False
Gm16118,1,0,0,,0.7792750124802501,False
Gm16124,3,0,0,0.999465548143242,0.5117279410838639,False
Gm16168,1,0,0,0.6936449653602161,0.510415047569345,False
Gm16192,1,0,0,,0.0103790355667361,False
Gm16196,2,0,0,,1.11141903152502,False
Gm16201,1,0,0,0.999465548143242,0.3133389992818733,False
Gm16286,7,0,0,0.2916665685676501,0.4512437607959641,False
Gm16287,1,0,0,,1.494557396833646,False
Gm16310,2,0,0,,0.4447258268751761,False
Gm16499-1,1,0,0,,0.2819883539307871,False
Gm16536,5,0,0,0.9999106453149894,0.5868156076585049,False
Gm16576,1,0,0,,0.6002118686466539,False
Gm16578,1,0,0,,0.3645430904327595,False
Gm16638,1,0,0,,1.9526203551369987,False
Gm1673,5,0,0,0.9988978288128184,0.556434375298004,False
Gm16740,2,0,0,,0.5597083645737756,False
Gm16759,2,0,0,,0.2664702508120286,False
Gm16867,1,0,0,,0.7900838618697087,False
Gm16894,1,0,0,,0.8543006749033683,False
Gm16958,1,0,0,,0.5522164731868184,False
Gm16973,1,0,0,,0.2653231000178848,False
Gm1698,1,0,0,,0.7857034489671734,False
Gm16998,1,0,0,,0.5899103993231073,False
Gm17018,6,0,0,0.9524660103656164,0.5598458265714389,False
Gm17056,2,0,0,,0.6702998795224459,False
Gm17066,5,0,0,0.4484566350092408,0.746762152198143,False
Gm17092,2,0,0,,0.5263312138466099,False
Gm17108,1,0,0,,1.0396627777365943,False
Gm17167,2,0,0,0.9999106453149894,0.5477560578982632,False
Gm17251,2,0,0,,0.6581149756045509,False
Gm17259,2,0,0,,0.725296796391883,False
Gm17354,2,0,0,,0.3817287664597122,False
Gm17435,1,0,0,,0.2396332126171675,False
Gm17477,3,0,0,0.9999106453149894,1.0233205927729154,False
Gm17491,2,0,0,,0.2689999269979585,False
Gm17494,4,0,0,0.9999106453149894,0.6890700504610351,False
Gm17634,1,0,0,0.999465548143242,0.1609888383493243,False
Gm17690,1,0,0,,0.1387686653643541,False
Gm17750,2,0,0,0.9988978288128184,0.2109597395725663,False
Gm19409,1,0,0,,0.5379653812340163,False
Gm19412,2,0,0,0.999465548143242,0.5000401790054824,False
Gm19426,1,0,0,0.999465548143242,0.3504428819037192,False
Gm19500,2,0,0,0.9584761365261044,0.1376100856806537,False
Gm19522,1,0,0,,0.0372441604657886,False
Gm19705,2,0,0,0.999465548143242,0.7822298122013406,False
Gm19935,2,0,0,0.999465548143242,0.2067295324539531,False
Gm19938,2,0,0,0.9999106453149894,0.4479634099899819,False
Gm19967,1,0,0,,0.5585221520381775,False
Gm2000,5,0,0,0.999465548143242,0.90479578694076,False
Gm20033,1,0,0,,0.763250877681589,False
Gm20045,3,0,0,,0.5622060727006165,False
Gm20083,1,0,0,,0.667391496897151,False
Gm20186,3,1,1,1.1214007525669052e-13,1.5732918308063115,True
Gm20274,2,0,0,,0.2608110759200782,False
Gm20300,6,0,0,0.4493331814455771,1.2408437703450297,False
Gm20342,5,0,0,0.9481014030106708,1.4444297263154005,False
Gm20383,1,0,0,,0.2022230193098222,False
Gm20492,2,0,0,,0.4552294238516302,False
Gm20501,2,0,0,0.999465548143242,0.4503604318217686,False
Gm20515,2,0,0,0.999576737147644,0.4770095136161564,False
Gm20536,1,0,0,,1.4782730127648729,False
Gm20559,1,0,0,0.9997978488301602,0.5726148948296784,False
Gm20655,1,0,0,,0.8917468143632918,False
Gm20682,1,0,0,,0.0392995392435274,False
Gm20703,1,0,0,,0.9497499657864986,False
Gm20707,1,0,0,,0.1485724300574272,False
Gm20712,1,0,0,,0.2879783745246021,False
Gm20751,1,0,0,,0.1480544760332541,False
Gm20939,1,0,0,,0.1106972216956769,False
Gm2115,1,0,0,,0.3093922304520121,False
Gm21781,1,0,0,,0.6003783796506837,False
Gm21860,3,0,0,0.9999106453149894,0.12759216182858,False
Gm21887,2,0,0,,0.5567475026562801,False
Gm22146,1,0,0,,2.1138175630404423,False
Gm2237,1,0,0,,0.2574353045529133,False
Gm24362,1,0,0,,0.4937923113072825,False
Gm2629,1,0,0,0.9425336382946262,0.0678295917847073,False
Gm26510,1,0,0,,0.1527759629996836,False
Gm26512,1,0,0,,0.0686161492726441,False
Gm26520,1,0,0,,0.2305860179621824,False
Gm26532,5,0,0,0.998670535736902,1.7985606581017166,False
Gm26542,1,0,0,,0.4058172123946715,False
Gm26543,1,0,0,,0.4716500260878723,False
Gm26549,1,0,0,,0.1303350334903979,False
Gm266,1,0,0,0.9988978288128184,0.4285929864007262,False
Gm26621,2,0,0,,0.3421119131578242,False
Gm26638,1,0,0,,0.2544156514406235,False
Gm26660,1,0,0,,0.054375189963108,False
Gm26684,1,0,0,0.999465548143242,0.1236928234578965,False
Gm26703,1,0,0,,0.148943137120319,False
Gm26724,3,0,0,0.9999106453149894,0.8911840013910611,False
Gm26728,3,0,0,0.9999106453149894,0.7350708884432747,False
Gm26740,1,0,0,,0.7858087107600598,False
Gm26747,1,0,0,,0.2324372261655739,False
Gm26759,1,0,0,,0.617049827140475,False
Gm26782,5,0,0,0.999465548143242,0.2483655825398622,False
Gm26826,1,0,0,,0.1278189603244241,False
Gm26871,1,0,0,0.9999106453149894,0.0256810958198011,False
Gm26879,1,0,0,,0.3195689366729027,False
Gm26881,2,0,0,,0.6118125529362605,False
Gm26910,2,0,0,,0.2416400007988867,False
Gm26917,6,0,0,0.4438673518858432,0.6409376357485154,False
Gm26930,2,0,0,,1.0529140269049233,False
Gm2694,1,0,0,,0.0321011901110018,False
Gm26981,2,0,0,,0.9028015002093376,False
Gm27010,2,0,0,,0.1868470322449609,False
Gm27200,1,0,0,,0.279182484331438,False
Gm27239,1,0,0,,0.5710619017338768,False
Gm2814,1,0,0,,0.1588678914010143,False
Gm2822,1,0,0,,0.0739286141750688,False
Gm28320,1,0,0,0.996132765897648,0.0081417824506646,False
Gm28322,1,0,0,0.6910652943340995,0.3975594082818824,False
Gm28417,1,0,0,,0.1195074151071414,False
Gm28707,1,0,0,,0.0030514266091277,False
Gm28729,1,0,0,0.999465548143242,0.4226255055804397,False
Gm28782,1,0,0,,0.7995175965590362,False
Gm28791,3,0,0,0.9999106453149894,0.5140986062548611,False
Gm28809,2,0,0,,0.5714205552547837,False
Gm28874,1,0,0,,0.8380654728430417,False
Gm28875,1,0,0,,1.051681705139009,False
Gm29055,1,0,0,,0.7323922123962076,False
Gm29083,1,0,0,,0.3142207594019302,False
Gm29093,1,0,0,,0.0935628546218532,False
Gm29107,2,0,0,0.9997978488301602,1.1744329319315554,False
Gm29170,2,0,0,,0.49570338998359,False
Gm29325,1,0,0,,0.3373365255643479,False
Gm29358,1,0,0,,0.2128347829600994,False
Gm29394,1,0,0,,0.5086849244594994,False
Gm29455,1,0,0,,0.4744073333229926,False
Gm29488,2,0,0,0.9997978488301602,0.662353098252323,False
Gm29508,1,0,0,,0.1061152368615139,False
Gm29514,1,0,0,0.9999106453149894,0.1750632708501047,False
Gm29538,1,0,0,0.999465548143242,0.0905127036801598,False
Gm29683,1,0,0,,0.0627060369935545,False
Gm29773,1,0,0,,0.0297540484703532,False
Gm2a,7,1,1,0.0474459732985222,0.8735406498604609,True
Gm3002,1,0,0,,0.7371265597867788,False
Gm30025,4,0,0,0.9613872956381267,0.3224448264277466,False
Gm30075,1,0,0,,0.0884373465058476,False
Gm30082,1,0,0,,0.6504443627001257,False
Gm30329,1,0,0,,0.7060727308902073,False
Gm30541,2,0,0,,0.0246590195260927,False
Gm31105,1,0,0,,0.3865806994148025,False
Gm31243,1,0,0,,0.6719080316962884,False
Gm31410,1,0,0,,0.0182852111809957,False
Gm31597,1,0,0,,0.0390461362218707,False
Gm31614,1,0,0,,0.0358962258831045,False
Gm3164,1,0,0,,0.2117070917316159,False
Gm32031,3,0,0,,0.3500196565932179,False
Gm32036,2,0,0,,0.5899856566453197,False
Gm32468,1,0,0,0.999465548143242,0.9280935513930368,False
Gm3248,1,0,0,,0.0260058648427736,False
Gm3252,1,0,0,,0.3069712206586255,False
Gm32591,1,0,0,,0.4174798597377817,False
Gm32618,1,0,0,,0.1193217539364123,False
Gm32834,1,0,0,0.9999106453149894,0.5316996485590992,False
Gm32849,1,0,0,,0.2009820148052049,False
Gm33023,1,0,0,,0.1739064250036095,False
Gm33027,1,0,0,0.9999106453149894,0.6835200143685388,False
Gm33594,1,0,0,0.6584380103096773,0.440061808931971,False
Gm33680,1,0,0,0.9999106453149894,0.125889234764127,False
Gm33699,1,0,0,,0.3286496247740572,False
Gm33727,1,0,0,0.9446358271558832,0.1131104173825499,False
Gm34256,1,0,0,0.9333672193684552,0.1905636656003206,False
Gm34280,1,0,0,,1.3975512864104207,False
Gm34455,4,2,2,0.0098269701832558,1.211185972257114,True
Gm3448,3,0,0,,0.3980198447253311,False
Gm34589,1,0,0,,0.0680765501317784,False
Gm3468,1,0,0,,0.1629982813955522,False
Gm3488,1,0,0,,0.5131536240672226,False
Gm34961,1,0,0,,0.1586863596239466,False
Gm35040,1,0,0,0.9999106453149894,0.11335315809695,False
Gm35154,1,0,0,,0.3392152934498927,False
Gm35438-1,1,0,0,,0.6188912368998506,False
Gm35552,1,0,0,,0.1140765564374119,False
Gm35572,1,0,0,0.9997978488301602,1.1000398273462646,False
Gm3558,1,0,0,,0.0726081136497687,False
Gm35867,1,0,0,,1.3029263843073806,False
Gm36001,2,0,0,0.9999106453149894,0.1562660484796239,False
Gm3604,1,0,0,,0.0815740368674331,False
Gm36199,1,0,0,0.999465548143242,0.4998798547275286,False
Gm36356,1,0,0,,0.5253849832385366,False
Gm3636,1,0,0,,0.0358092031933254,False
Gm3667,1,0,0,,0.4362349228928928,False
Gm36738,1,0,0,,0.5819825994918136,False
Gm36742,1,0,0,,0.1099316103219901,False
Gm36855,1,0,0,,0.2619923820584155,False
Gm36988,1,0,0,,1.1563257885848426,False
Gm37107,1,0,0,,0.0622147749897541,False
Gm37168,1,0,0,,0.1339296911836671,False
Gm37233,1,0,0,,0.0278571824240347,False
Gm37305,1,0,0,,0.0107783751221495,False
Gm37306,1,0,0,,0.2027206227375955,False
Gm3739,1,0,0,,0.3630763594542546,False
Gm37494,5,0,0,0.4642145361409612,0.651203732018099,False
Gm37529,1,0,0,,0.0290659904362995,False
Gm3764,2,0,0,0.9988978288128184,0.4642340459917672,False
Gm37885,1,0,0,,0.4779772832853045,False
Gm38039,1,0,0,0.9999106453149894,0.1467216659471629,False
Gm38115,2,0,0,,0.2038995188369051,False
Gm38190,2,0,0,,0.4485979721822674,False
Gm3839,2,0,0,0.999465548143242,0.6370571115271209,False
Gm38393,1,0,0,,0.2114534136417531,False
Gm38394,1,0,0,,0.9990616160012938,False
Gm38562,1,0,0,,0.2478550536782975,False
Gm38604,1,0,0,,0.1217194247575736,False
Gm38642,1,0,0,,1.4024829487951094,False
Gm38843,1,0,0,0.9582770103157974,0.0659200548321887,False
Gm39121,1,0,0,,0.0527487300821082,False
Gm39469,2,0,0,,0.954435262078956,False
Gm40117,1,0,0,,0.4282489220084218,False
Gm4013,2,0,0,0.999465548143242,0.2947946741085318,False
Gm40578,1,0,0,,0.0115918927744495,False
Gm4070,2,0,0,0.9997978488301602,1.5145805251392557,False
Gm40841,1,0,0,,0.2765058121024908,False
Gm41611,1,0,0,,0.2602509127192588,False
Gm41764,1,0,0,,0.2668461171775954,False
Gm4189,1,0,0,,0.6993460485613207,False
Gm42031,1,0,0,,0.1870977061287275,False
Gm42047,3,1,1,0.0036929929136058,3.00087819475509,True
Gm42067,4,0,0,0.9988978288128184,0.298344126858785,False
Gm4221,2,0,0,0.6049406892551493,0.6403963860217049,False
Gm42372,2,0,0,0.9539368346968624,0.1281375491053355,False
Gm42418,7,3,3,3.5422936616446416e-05,2.5336135912291566,True
Gm42517,1,0,0,0.9999106453149894,0.0384978812208404,False
Gm4258,5,0,0,0.7052762986244482,0.4069988732823451,False
Gm42659,1,0,0,,0.3696860275956627,False
Gm42670,1,0,0,,0.7473068085053923,False
Gm42702,1,0,0,0.9997978488301602,0.4272356692546497,False
Gm42716,1,0,0,0.9997978488301602,0.2985362548429637,False
Gm42756,1,0,0,0.9994094398372564,0.0020657266369878,False
Gm4285,1,0,0,,2.0831825236217143,False
Gm42869,1,0,0,,0.0520427354298944,False
Gm42937,1,0,0,,0.4431267799761112,False
Gm42941,2,0,0,,0.7161914961864901,False
Gm43221,1,0,0,,1.2749212320862966,False
Gm43242,1,0,0,,0.2660094683163014,False
Gm43259,1,0,0,,0.2781661425672128,False
Gm43260,1,0,0,,0.2798671314052574,False
Gm43305,1,0,0,0.5881487779416934,0.7358953268007613,False
Gm43328,2,0,0,,0.2307096884687495,False
Gm43329,2,0,0,,0.21153261521669,False
Gm43330,1,0,0,,0.1659432140718923,False
Gm43331,2,0,0,,0.8212323599453594,False
Gm43378,1,0,0,,0.6829243773459404,False
Gm43462,4,0,0,0.9999106453149894,0.4791929381348704,False
Gm43466,1,0,0,,0.1682941889616324,False
Gm4356,1,0,0,,0.5016093762191416,False
Gm43560,1,0,0,,0.1870019785539158,False
Gm43581,2,0,0,0.9638486155165528,1.4378643482337157,False
Gm43597,2,0,0,,1.0184230578489892,False
Gm43672,2,0,0,,0.3496614858738356,False
Gm43696,3,0,0,0.9999106453149894,1.2371731187409083,False
Gm43813,2,0,0,0.4675415235629605,0.8303719338752371,False
Gm43847,1,0,0,0.9999106453149894,0.198584438843187,False
Gm43848,2,0,0,,0.1201503093228905,False
Gm43920,1,0,0,,0.024727889589595,False
Gm43936,1,0,0,,0.5528672701669529,False
Gm44067,1,0,0,,0.1158801627552191,False
Gm4419,1,0,0,0.1965263483237256,0.9274360948553576,False
Gm44257,2,0,0,0.9988978288128184,0.3129132232337645,False
Gm44386,2,0,0,0.8555276071374743,0.3383576370977659,False
Gm44421,1,0,0,,0.8232884971840982,False
Gm44623,1,0,0,,0.0158074701413059,False
Gm44751,1,0,0,,0.2573958360964389,False
Gm44763,1,0,0,,0.3416863915116377,False
Gm44777,1,0,0,,0.6813214890394769,False
Gm44836,1,0,0,,0.397778953104714,False
Gm4491,1,0,0,,0.2566499470483928,False
Gm45051,1,0,0,0.999465548143242,0.1856126544133955,False
Gm45159,1,0,0,0.9999106453149894,0.6497955733644373,False
Gm45169,1,0,0,0.9999106453149894,0.058244859457822,False
Gm45184,2,0,0,,0.7361395788585048,False
Gm4524,1,0,0,,0.2916588065737909,False
Gm45338,2,0,0,,0.9606713015692476,False
Gm45345,1,0,0,,0.40444889392745,False
Gm45464,1,0,0,,0.3454352592484219,False
Gm45495,1,0,0,,0.3904364491119924,False
Gm45509,2,0,0,,1.0182388812908842,False
Gm45605,1,0,0,,0.1699088666298512,False
Gm45606,1,0,0,,0.4862979176352522,False
Gm45716,2,0,0,0.9997978488301602,0.5569381650814543,False
Gm45767,1,0,0,,0.3666291592899976,False
Gm45847,1,0,0,,0.3048253958386775,False
Gm45871,2,0,0,,0.505615189656479,False
Gm45902,1,0,0,,0.8098891813581888,False
Gm46123,1,0,0,,0.7544456706852868,False
Gm46218,2,0,0,,0.5129133639293182,False
Gm46224,1,0,0,,0.3223852314846789,False
Gm4631,5,0,0,0.9997978488301602,0.6167376118329884,False
Gm46404,2,0,0,0.9999106453149894,0.6093189865042558,False
Gm46430,2,0,0,,0.5260283311997465,False
Gm4673,4,0,0,,0.8515122968444154,False
Gm4675,1,0,0,0.9999106453149894,0.1816272657752888,False
Gm47079,1,0,0,,0.4256449165874686,False
Gm47123,1,0,0,,0.3247409524840596,False
Gm47283,7,0,0,0.3443985264534052,0.3751763387632827,False
Gm47512,2,0,0,0.9999106453149894,0.165165352008817,False
Gm47591,1,0,0,0.9999106453149894,0.0965054340820419,False
Gm47601,1,0,0,,0.0459372767029375,False
Gm47644,3,0,0,,0.4029213586848069,False
Gm47664,4,0,0,0.7491836324311182,0.952948487332928,False
Gm47754,1,0,0,,0.4026390737146309,False
Gm47794,1,0,0,,0.2401392866105251,False
Gm47863,2,0,0,,1.353108406735621,False
Gm47920,1,0,0,,0.6899808755234584,False
Gm48027,1,0,0,,0.0991526105881003,False
Gm48071,1,0,0,,1.3715972914714,False
Gm48226,4,0,0,0.9613872956381267,0.773554605030119,False
Gm48302,1,0,0,,0.6182560601269177,False
Gm48508,1,0,0,,0.5395089607587774,False
Gm48614,1,0,0,,0.6890540951500742,False
Gm48619,1,0,0,,0.360823989658139,False
Gm48646,1,0,0,,0.0096166031074125,False
Gm48678,1,0,0,0.9879647222525472,0.0290659742204342,False
Gm4876,3,0,0,0.999465548143242,0.5479521006526452,False
Gm48768,2,0,0,,0.8907260740736713,False
Gm48855,1,0,0,,0.3683195294734884,False
Gm48882,1,0,0,,0.463559492044898,False
Gm4890,1,0,0,,0.3865987792954196,False
Gm49012,1,0,0,,0.4373736713150636,False
Gm49041,1,0,0,,0.3729697371992561,False
Gm49066,2,0,0,,0.5105398177307513,False
Gm49077,1,0,0,,0.0080176658679914,False
Gm49179,1,0,0,,0.4542649921980239,False
Gm49207,1,0,0,,0.8681641502675123,False
Gm4924,4,0,0,0.9999106453149894,0.2474216523458376,False
Gm49322,1,0,0,,0.4305455354216472,False
Gm49336,6,0,0,0.8352323247011454,0.5762219857957661,False
Gm49359,3,0,0,,0.5651510214137425,False
Gm49375,1,0,0,,0.7823945878758652,False
Gm49417,1,0,0,,1.0172445787755882,False
Gm49463,1,0,0,,0.7298635400597832,False
Gm49519,1,0,0,,0.4689467968261493,False
Gm49539,1,0,0,,0.716073716030224,False
Gm49602,2,0,0,,0.982787840814096,False
Gm49708,4,0,0,0.2706832957853526,0.6259853881423828,False
Gm49741,2,0,0,,0.557776411530436,False
Gm49767,2,0,0,0.0957762195532929,1.8141833370137024,False
Gm49774,1,0,0,,0.7990620869374419,False
Gm49797,4,0,0,,1.1297398405569383,False
Gm49970,1,0,0,,0.35930735668463,False
Gm49980,3,0,0,0.999465548143242,0.5625353989351893,False
Gm50012,1,0,0,,0.0485643843480974,False
Gm50105,1,0,0,,1.0728234623856303,False
Gm50107,1,0,0,,0.1804830575990539,False
Gm50196,1,0,0,,0.1238132395713327,False
Gm50232,2,0,0,,0.3148157893057283,False
Gm50240,5,0,0,0.9997978488301602,0.4970046367205752,False
Gm50323,1,0,0,,0.5603944894749194,False
Gm50340,1,0,0,,0.0107242292371736,False
Gm50431,1,0,0,,0.0681345530073093,False
Gm5086,1,0,0,,0.1558729585323876,False
Gm5089,2,0,0,0.9988978288128184,0.280042206443051,False
Gm5141,2,0,0,,0.3088286969830517,False
Gm5144,1,0,0,0.999465548143242,0.2592412575305388,False
Gm5148,1,0,0,,0.3222726615895869,False
Gm5165,2,0,0,,0.4877050094312738,False
Gm5464,1,0,0,,0.3644286254361859,False
Gm5535,1,0,0,,0.613269739729526,False
Gm5617,6,0,0,0.9613872956381267,0.3087574850923432,False
Gm5914,5,0,0,0.999465548143242,0.4893532963673924,False
Gm609,1,0,0,,0.4940408283330187,False
Gm6145,1,0,0,0.9988978288128184,0.0599823856836303,False
Gm6225,1,0,0,,0.6738031063428651,False
Gm6277,1,0,0,,0.5496518584015472,False
Gm6710,4,0,0,0.9999106453149894,0.7739355799692321,False
Gm7072,5,0,0,0.9997978488301602,0.8642533531339154,False
Gm7467,1,0,0,,0.2657367275320513,False
Gm7598,1,0,0,,0.0218918466397485,False
Gm7694,1,0,0,,0.6539501819460916,False
Gm7967,2,0,0,,0.5761950885293033,False
Gm8797,5,0,0,0.9885204868030568,0.5879034674077905,False
Gm9484,1,0,0,,0.7337281645326018,False
Gm973,1,0,0,0.9988978288128184,0.233773370901381,False
Gm9774,2,0,0,,0.2749215483442369,False
Gm9776,2,0,0,,0.9626438266836508,False
Gm9796,1,0,0,,0.0871441503643016,False
Gm9828,1,0,0,,0.897738115010633,False
Gm9856,2,0,0,,0.5270301907604301,False
Gm9873,1,0,0,,0.3666610464783923,False
Gm9885,1,0,0,0.9999106453149894,0.2693072240176815,False
Gm9887,1,0,0,,0.4307336497126199,False
Gm9889,2,0,0,0.9997978488301602,0.7765246777185716,False
Gm9895,1,0,0,0.1463772438775189,0.744409357470609,False
Gm9917,1,0,0,0.9997978488301602,0.318236490962507,False
Gm9920,1,0,0,,0.2518233162154974,False
Gm9925,1,0,0,0.9988978288128184,0.0967416993973097,False
Gm9946,1,0,0,0.9997978488301602,0.1207788142527107,False
Gm9949,1,0,0,,0.119347847120036,False
Gm9970,1,0,0,,0.6932095857863135,False
Gm9993,3,0,0,,0.5283330648230729,False
Gmcl1,6,0,0,0.9970554848778064,0.4221680663393756,False
Gmds,5,0,0,0.999465548143242,1.1146547982605222,False
Gmeb1,5,0,0,0.9997978488301602,0.2917672721544139,False
Gmeb2,3,0,0,0.9997978488301602,0.8743697802001128,False
Gmfb,6,0,0,0.7457010520309937,0.4866622626403123,False
Gmfg,2,0,0,0.8473236203158974,0.3424531830236391,False
Gmip,1,0,0,0.9373043051280254,0.0776575654077781,False
Gmnn,3,0,0,0.9997978488301602,1.088733682391848,False
Gmppa,5,0,0,0.6733823720494969,0.4920941049202607,False
Gmppb,5,0,0,0.999465548143242,1.0966596572036873,False
Gmpr,4,0,0,0.7406528642641967,0.547872851431369,False
Gmpr2,6,0,0,0.8820533998486201,0.2414568929709989,False
Gmps,6,0,0,0.9277609859854892,0.3563678858836368,False
Gna11,6,0,0,0.883667942497365,0.4348188687944204,False
Gna12,7,0,0,0.2089779769276683,0.3600339562469569,False
Gna13,7,0,0,0.8104640702324362,0.5424329424501269,False
Gna15,1,0,0,0.6124654702921539,0.2268774742937797,False
Gnai1,3,0,0,0.0925973573408933,0.4399983257454419,False
Gnai2,7,0,0,0.4298703729752186,0.2294659059943355,False
Gnai3,7,0,0,0.7362118025308694,0.4088835056689455,False
Gnal,1,0,0,0.9999106453149894,0.0957146693903087,False
Gnao1,5,0,0,0.7071435961316962,0.701319885223979,False
Gnaq,6,0,0,0.4507347231459493,0.3555796352328206,False
Gnas,7,0,0,0.1271864463398001,0.4663607285714907,False
Gnaz,1,0,0,0.9999106453149894,0.316585479462424,False
Gnb1,7,0,0,0.5478349178178319,0.7491426867654865,False
Gnb2,7,0,0,0.3377758760660661,0.5431483377297414,False
Gnb4,4,0,0,0.9923104852961409,0.3175700169729619,False
Gnb5,5,0,0,0.999465548143242,0.3905100063218694,False
Gne,3,0,0,0.9997978488301602,0.408370937146503,False
Gng10,7,0,0,0.6644586706753683,0.3532569776600643,False
Gng11,6,1,1,7.861050016530137e-09,0.8280414661810591,True
Gng12,7,0,0,0.9010248316522482,0.4759169657867633,False
Gng13,3,0,0,,1.0410119427328988,False
Gng2,3,0,0,0.9949982396086924,0.126350106648981,False
Gng3,1,0,0,0.9999106453149894,0.3861309756922166,False
Gng5,7,0,0,0.2859736438167443,0.3607236481222417,False
Gng7,4,0,0,0.6387804637836303,0.3415711706503321,False
Gng8,1,0,0,0.9391994214083182,0.146935238175404,False
Gngt2,3,0,0,0.5103893555672101,0.8661189869407384,False
Gnl1,6,0,0,0.9964537663537476,0.4758420672334367,False
Gnl2,6,0,0,0.9926237465626456,0.1568973151098524,False
Gnl3,6,0,0,0.4426490469401241,0.5918808177318712,False
Gnl3l,6,0,0,0.510905414431632,0.5928033492101542,False
Gnmt,1,0,0,0.9836376050832536,1.53410729189325,False
Gnpat,5,0,0,0.9771941538254924,0.1727969425703598,False
Gnpda1,4,0,0,0.999465548143242,0.3663473914131135,False
Gnpda2,6,0,0,0.9726834944848636,0.4644770779396415,False
Gnpnat1,6,0,0,0.9784212791584648,0.8759999871816361,False
Gnptab,5,0,0,0.07247570395446,0.606716376270952,False
Gnptg,6,0,0,0.8992872603476387,0.2668236450592253,False
Gns,7,0,0,0.8999497412488456,1.000382305933342,False
Golga1,5,0,0,0.9771941538254924,0.2565441431970507,False
Golga2,6,0,0,0.9320339787755104,0.4999461363968729,False
Golga3,5,0,0,0.9613872956381267,0.5364275106914652,False
Golga4,6,0,0,0.7921268801917422,0.4098169217282479,False
Golga5,6,0,0,0.9771941538254924,0.3477061490360076,False
Golga7,6,0,0,0.3055232292578677,0.3324475089178249,False
Golgb1,6,0,0,0.9473321490785156,0.4549096730213245,False
Golim4,5,0,0,0.8781770920570142,0.2698946487501292,False
Golm1,5,0,0,0.7316613890494135,1.2403869329792756,False
Golph3,6,0,0,0.9784212791584648,0.7738124462588829,False
Golph3l,5,0,0,0.9613872956381267,0.4243862315055013,False
Golt1b,5,0,0,0.9890147171955024,0.6564748406294424,False
Gon4l,6,0,0,0.8809255775302922,0.2725941398506314,False
Gopc,6,0,0,0.9007266118211642,0.4033100722477107,False
Gorab,6,0,0,0.999465548143242,1.0586797029020787,False
Gorasp1,3,0,0,,0.6645874277806109,False
Gorasp2,6,0,0,0.8767627648475128,0.4936215237952751,False
Gosr1,6,0,0,0.7322744743927078,0.7905525973038694,False
Gosr2,6,0,0,0.9550624901828332,0.4735596759283302,False
Got1,4,0,0,0.94886564745145,0.3901793658163739,False
Got2,6,0,0,0.9603469151708518,0.5454170794183971,False
Gpaa1,5,0,0,0.9505356590867308,0.530549071447413,False
Gpalpp1,6,0,0,0.9693377484700088,0.7908449313220558,False
Gpam,4,0,0,0.9988978288128184,0.2434471948816218,False
Gpank1,5,0,0,0.9644785005113444,0.5954924928193264,False
Gpat4,5,0,0,0.9784212791584648,0.7642514049521842,False
Gpatch1,5,0,0,0.9093496442158931,0.6589927856150314,False
Gpatch11,6,0,0,0.9971230182955928,0.4126582221563365,False
Gpatch2,5,0,0,0.9613872956381267,0.1992313368385831,False
Gpatch2l,2,0,0,,0.1912513501242328,False
Gpatch3,1,0,0,,0.4700049932627094,False
Gpatch4,3,0,0,,0.3029012372263932,False
Gpatch8,6,0,0,0.7351547483271733,0.6050885778929705,False
Gpbp1,6,0,0,0.694526855754249,0.7077406920932725,False
Gpbp1l1,6,0,0,0.7251882977159068,0.4358412512979773,False
Gpc1,3,0,0,0.9999106453149894,0.4989889995932824,False
Gpc2,2,0,0,,0.3882697354739856,False
Gpc4,1,0,0,,0.0526689206252435,False
Gpc5,2,0,0,0.9988978288128184,0.2283202535939709,False
Gpc6,2,0,0,0.9988978288128184,0.2705941807980028,False
Gpcpd1,6,0,0,0.7052389887533064,1.0682704533875014,False
Gpd1,5,0,0,0.2690748530140653,1.3756197300267017,False
Gpd1l,5,0,0,0.9997978488301602,0.9831305237191592,False
Gpd2,5,0,0,0.97714218428337,0.8025918026566327,False
Gper1,1,0,0,,0.002585580465057,False
Gphn,6,0,0,0.977017223345402,0.4467445758118465,False
Gpi1,7,1,1,0.0003252065335337,0.803440031165994,True
Gpkow,6,0,0,0.999465548143242,0.6188529881348394,False
Gpld1,3,0,0,0.9988978288128184,1.1258444102438387,False
Gpm6a,6,0,0,0.9988978288128184,0.7696060128937887,False
Gpm6b,6,0,0,0.955962244835765,0.6454661306693741,False
Gpn1,6,0,0,0.999465548143242,0.6564001265649454,False
Gpn2,3,0,0,0.9997978488301602,0.6474100789801612,False
Gpn3,6,0,0,0.987856211944101,0.3095210285606844,False
Gpnmb,1,0,0,0.9999106453149894,0.8337652139363106,False
Gpr107,5,0,0,0.6335543257088888,0.4101581132190849,False
Gpr108,6,0,0,0.1405983397590996,0.7058962589025297,False
Gpr137,6,0,0,0.7379777657913047,0.3808726973401253,False
Gpr137b,5,0,0,0.9997978488301602,0.6437145611182687,False
Gpr137c,4,0,0,0.7949725240749512,0.593062650247902,False
Gpr146,4,0,0,0.8058406872380226,0.5426719282622832,False
Gpr155,5,1,1,0.0203928511710327,0.6417447301569466,True
Gpr157,1,0,0,,0.4380661321460856,False
Gpr158,1,0,0,0.9999106453149894,0.253752140372144,False
Gpr160,2,0,0,0.9997978488301602,0.6337721268337412,False
Gpr162,2,0,0,0.9988978288128184,0.6174043865885214,False
Gpr165,1,0,0,,1.79707777517171,False
Gpr17,1,0,0,0.9999106453149894,0.0452754315044165,False
Gpr173,2,0,0,,0.5019345769019922,False
Gpr180,6,0,0,0.9613872956381267,0.3983286417490515,False
Gpr183,2,1,1,0.014504102029226,1.041481761040885,True
Gpr19,3,0,0,0.9999106453149894,0.5392799623082895,False
Gpr27,1,0,0,0.9999106453149894,0.0070458013492411,False
Gpr34,3,0,0,0.127494422178352,0.9133695990423522,False
Gpr35,1,0,0,,0.235844248259452,False
Gpr37,2,0,0,0.8992872603476387,0.1058181766153921,False
Gpr37l1,3,0,0,0.9988978288128184,0.1491347903750568,False
Gpr4,1,0,0,0.9997978488301602,0.3076550271035241,False
Gpr45,1,0,0,0.9999106453149894,0.2428684906158838,False
Gpr61,1,0,0,,0.4514534027664364,False
Gpr62,1,0,0,0.942371774006941,0.0929438735095877,False
Gpr84,1,0,0,0.1274751459247871,0.4253044604216794,False
Gpr85,3,0,0,0.9997978488301602,0.5003020020318009,False
Gpr89,5,0,0,0.7278745565080218,0.4616788336995068,False
Gprasp1,6,0,0,0.9956792709345132,0.6391946321183191,False
Gprasp2,4,0,0,0.999465548143242,0.4662226357434749,False
Gprc5b,5,0,0,0.9550624901828332,0.4416708381779519,False
Gprc5c,1,0,0,0.999465548143242,0.4365140553458127,False
Gps1,6,0,0,0.5119735431007076,0.3443643257044739,False
Gps2,6,0,0,0.5481144368151641,0.6149203340012126,False
Gpsm1,4,0,0,0.9999106453149894,0.4935865036641346,False
Gpsm2,3,0,0,0.9970554848778064,0.6053610022872752,False
Gpsm3,1,0,0,0.3406001424276419,0.3474297377863589,False
Gpt,2,0,0,0.3056362369027543,0.4903708227641647,False
Gpt2,4,0,0,0.9391994214083182,0.7563397174393568,False
Gpx1,7,0,0,0.2176051564071517,0.5800466050976583,False
Gpx3,1,0,0,0.5277881220017713,1.747843483957637,False
Gpx4,7,0,0,0.2904499679821147,0.5342100860878275,False
Gpx7,3,0,0,0.9997978488301602,0.5101498646277012,False
Gpx8,2,0,0,0.999465548143242,0.4543798555043881,False
Gramd1a,5,0,0,0.9375010146418976,0.8211546414686359,False
Gramd1b,5,0,0,0.513346035634113,0.4597934103754954,False
Gramd3,2,0,0,0.7659696527157356,0.6620421244480651,False
Gramd4,4,0,0,0.9999106453149894,0.2257187965331427,False
Grap,2,0,0,0.9375010146418976,0.1424742660086678,False
Grasp,3,0,0,0.9997978488301602,0.5411626419519361,False
Grb10,2,0,0,0.999465548143242,0.6397709314347167,False
Grb14,4,0,0,0.6842432138039588,0.3919607927023636,False
Grb2,7,0,0,0.8060467365933245,0.3900057010906529,False
Grb7,1,0,0,0.9997978488301602,0.5410109005906943,False
Grcc10,7,0,0,0.9613872956381267,0.2317232715812855,False
Grhl1,1,0,0,,0.1856733106107239,False
Grhpr,6,0,0,0.6287424584505742,0.8233307252713787,False
Gria1,1,0,0,,0.5107861729635234,False
Gria2,4,0,0,0.9988978288128184,0.3294644990749954,False
Gria3,1,0,0,0.9999106453149894,0.3437886925141496,False
Gria4,2,1,1,0.0496517524640893,0.8192278920027135,True
Grid1,2,0,0,0.9999106453149894,0.2259430254448073,False
Grid2,3,0,0,0.9879647222525472,0.1981255402346474,False
Grik1,2,0,0,0.9999106453149894,0.7001860478769321,False
Grik2,3,0,0,0.4455928012475373,0.6605916895615467,False
Grik3,1,0,0,0.9999106453149894,0.1571992930826382,False
Grik4,2,0,0,0.9999106453149894,1.0309735699973508,False
Grik5,3,0,0,0.9988978288128184,0.4995449828304912,False
Grin2b,1,0,0,0.9988978288128184,0.0652063558267555,False
Grin2c,1,0,0,0.9988978288128184,0.0466312244687381,False
Grin3a,2,0,0,0.9999106453149894,0.4703087026789839,False
Grina,7,0,0,0.8933593320197283,0.6596607865476287,False
Gripap1,6,0,0,0.897435817961038,0.696435221080217,False
Grk2,6,0,0,0.8818650673896277,0.2234334054975011,False
Grk3,3,0,0,0.9988978288128184,0.3821870146612717,False
Grk4,3,0,0,,0.649289546192136,False
Grk5,1,0,0,0.9997978488301602,0.4453259143802888,False
Grk6,5,0,0,0.9997978488301602,0.9692125746954604,False
Grm3,2,0,0,0.4852790522452709,0.5702715985325343,False
Grm5,2,0,0,0.9999106453149894,0.8860699454318867,False
Grm7,1,0,0,,0.6196387944518801,False
Grn,6,0,0,0.1776679515684505,0.3258282097797575,False
Grpel1,6,0,0,0.7431445249261647,0.2385737312215814,False
Grpel2,4,0,0,0.999465548143242,1.838195039579785,False
Grrp1,1,0,0,0.9997978488301602,0.1149998689502722,False
Grsf1,6,0,0,0.8320163606442603,0.5682225601592747,False
Grtp1,2,0,0,0.9999106453149894,1.042477200688266,False
Grwd1,2,0,0,,0.2740850918168046,False
Gsap,3,0,0,0.9988978288128184,0.5415735768606422,False
Gsdmd,2,0,0,0.7687269170728568,0.2748984668479394,False
Gsdme,3,0,0,0.9988978288128184,0.7157112815423164,False
Gse1,5,0,0,0.6467705994075044,0.4228763096888682,False
Gsg1,1,0,0,,0.0086288874206222,False
Gsk3a,6,0,0,0.9123526650036622,0.6205261099341898,False
Gsk3b,7,0,0,0.7311337497895115,0.569617185816904,False
Gskip,6,0,0,0.94886564745145,0.7197915854070172,False
Gsn,5,0,0,0.0894598334622072,0.5181991111257718,False
Gspt1,7,0,0,0.752909449770359,0.7496871009276334,False
Gspt2,2,0,0,0.9999106453149894,0.6002984830261794,False
Gsr,6,0,0,0.914200400224126,0.3584434574684846,False
Gss,4,0,0,0.8818650673896277,0.9846324438358204,False
Gsta4,4,0,0,0.9988978288128184,0.3748260612775763,False
Gstcd,3,0,0,0.999465548143242,1.0008534673741614,False
Gstk1,5,1,1,0.0460949544208297,0.8557152845366991,True
Gstm1,5,1,1,1.448940656841256e-07,1.185367744955318,True
Gstm2,2,0,0,0.999465548143242,1.00022461570665,False
Gstm4,2,0,0,,0.5676233235118275,False
Gstm5,6,0,0,0.8885491152171671,0.3361164529489437,False
Gstm6,2,1,1,0.0307716250870108,1.1344605180303575,True
Gstm7,3,0,0,0.6964166269078438,1.3106889679242617,False
Gsto1,4,0,0,0.9002337039706562,0.8738847981260695,False
Gsto2,1,0,0,,0.4825589959770186,False
Gstp1,6,1,1,4.302375893098388e-08,0.9501839875119614,True
Gstp2,1,0,0,,0.5400060469361699,False
Gstt1,3,0,0,0.999465548143242,0.4414192631168058,False
Gstt2,3,0,0,0.999465548143242,0.4762621470187421,False
Gstt3,1,0,0,0.999465548143242,0.5768710948335136,False
Gstz1,6,0,0,0.7226407525629764,0.7418855006765831,False
Gt(ROSA)26Sor,6,0,0,0.6335000454950772,0.5025666789605037,False
Gtdc1,5,0,0,0.8709216205401669,0.6104705997011478,False
Gtf2a1,6,0,0,0.9333672193684552,0.4672844344766337,False
Gtf2a2,7,0,0,0.9771941538254924,0.2740369354911113,False
Gtf2b,7,0,0,0.9244339847726044,0.5558862034315264,False
Gtf2e1,2,0,0,,0.4654131700776404,False
Gtf2e2,6,0,0,0.9613872956381267,0.5829384157269557,False
Gtf2f1,6,0,0,0.4230302808013113,0.6355480987183897,False
Gtf2f2,6,0,0,0.9885204868030568,0.3051356709426783,False
Gtf2h1,6,0,0,0.9446358271558832,0.4371304596487946,False
Gtf2h2,5,0,0,0.9946189224594264,0.4453123870712249,False
Gtf2h3,5,0,0,0.9999106453149894,0.2112837213317084,False
Gtf2h4,5,0,0,0.9997978488301602,0.4598493487080521,False
Gtf2h5,7,0,0,0.8362294757075313,0.3016484928758174,False
Gtf2i,6,0,0,0.767014913864404,0.2670776796215688,False
Gtf2ird1,6,0,0,0.999465548143242,0.3465836004095809,False
Gtf2ird2,2,0,0,,0.526963697271355,False
Gtf3a,6,0,0,0.8781770920570142,0.8372152762689606,False
Gtf3c1,6,0,0,0.9853391978197256,0.4623642256127794,False
Gtf3c2,6,0,0,0.7392190644530905,0.438854011138361,False
Gtf3c3,6,0,0,0.9466954835000748,0.5629489166768448,False
Gtf3c4,6,0,0,0.999465548143242,0.5481184093023012,False
Gtf3c5,4,0,0,,0.609006390554649,False
Gtf3c6,6,0,0,0.426626405263034,0.4780903215466538,False
Gtpbp1,4,0,0,0.9997978488301602,0.3007470742952663,False
Gtpbp10,3,0,0,,0.6706227927364924,False
Gtpbp2,5,0,0,0.9871728822651524,0.2219023342492329,False
Gtpbp3,3,0,0,,0.7486130227038686,False
Gtpbp4,6,0,0,0.8148289407526745,0.2754266436159343,False
Gtpbp6,6,0,0,0.8424121802998759,1.2247324540293765,False
Gtpbp8,5,0,0,0.9997978488301602,0.7041474119879023,False
Gtsf1l,1,0,0,0.999465548143242,0.2687913335247592,False
Gucd1,2,0,0,,0.678187985215892,False
Gucy1a1,3,0,0,0.999465548143242,0.3668373306074642,False
Gucy1b1,3,0,0,0.9999106453149894,0.5830973101674756,False
Gucy2f,1,0,0,0.9999106453149894,1.086941127749714,False
Guf1,5,0,0,0.9997978488301602,0.3950246722740973,False
Guk1,6,0,0,0.9772420733399642,0.5163349881792207,False
Gulp1,3,0,0,0.999465548143242,0.4071644833269007,False
Gusb,6,1,1,0.0230085857988822,0.9936348930775244,True
Gxylt1,5,0,0,0.9010248316522482,0.3925457813079704,False
Gyg,6,0,0,0.8767627648475128,0.4515513030922172,False
Gys1,4,0,0,0.999465548143242,0.6742461967729066,False
Gzf1,5,0,0,0.9997978488301602,0.5558127146464692,False
Gzmm,1,0,0,0.999465548143242,0.1643433243625389,False
H13,6,0,0,0.3992920445672985,0.5568035744676213,False
H1f0,7,0,0,0.0920771263679459,0.6297565622821665,False
H1fx,3,0,0,0.9888530160051576,0.3991053990363079,False
H2-Aa,1,0,0,0.0977072522061525,1.9577343778651093,False
H2-Ab1,2,0,0,0.6592219759465012,1.4339533242617728,False
H2-D1,6,0,0,0.4318360542677162,1.4894826053906824,False
H2-DMa,2,1,1,0.0024891132051129,0.6598137884190468,True
H2-DMb1,2,0,0,0.1803727967613794,0.4606767529954684,False
H2-DMb2,1,0,0,,1.7392057681003392,False
H2-Eb1,1,1,0,0.0023171622104919,2.4481604985500645,False
H2-K1,6,1,1,0.0001086523588187,1.4044902627123848,True
H2-Ke6,6,0,0,0.5086811856719438,0.8557787555935771,False
H2-M3,2,0,0,0.9997978488301602,0.0748296712269638,False
H2-Ob,1,0,0,,0.0109222413191963,False
H2-Q4,3,0,0,0.9538226176478114,0.7589742561096312,False
H2-Q6,1,0,0,,0.5046708933396962,False
H2-Q7,2,0,0,0.9589647567720984,1.6045419147197886,False
H2-T22,6,0,0,0.999465548143242,0.8425946590123958,False
H2-T23,3,0,0,0.9544266184864936,0.401599861827303,False
H2-T24,2,0,0,0.9997978488301602,1.0823281738312271,False
H2afj,7,0,0,0.7736140549139285,0.3680243887247188,False
H2afv,7,0,0,0.5816954075072154,0.3148085935043453,False
H2afx,6,0,0,0.4751627279015223,0.7884007725235853,False
H2afy,7,0,0,0.9867318244790833,0.2910802851227512,False
H2afy2,3,0,0,0.9997978488301602,1.1044777616137886,False
H2afz,7,0,0,0.9375010146418976,0.3671465837007616,False
H3f3a,7,0,0,0.8925089288573399,0.197504927417511,False
H3f3b,7,0,0,0.766158015145599,0.2997807487917486,False
H6pd,1,0,0,,0.0200873986126438,False
Haao,1,0,0,,0.1234912841007547,False
Habp4,6,0,0,0.999465548143242,0.8409391087378876,False
Hacd1,5,0,0,0.829388260330224,0.810984372734531,False
Hacd2,5,0,0,0.9904469851238652,0.2402644137387366,False
Hacd3,5,0,0,0.8738424586128117,0.3024331715528333,False
Hacd4,4,0,0,0.998947809908267,0.5403362113326567,False
Hace1,5,0,0,0.9997978488301602,0.2690799594778339,False
Hacl1,6,0,0,0.999465548143242,0.6536368406592633,False
Hadh,6,0,0,0.7439480729467459,0.2114466290869688,False
Hadha,7,0,0,0.7901325417816933,0.8068879191751227,False
Hadhb,6,0,0,0.8919289232130931,0.3696020625535169,False
Hagh,6,0,0,0.8667737457308301,0.1809681943209178,False
Haghl,6,1,1,0.0414768667001387,1.1520023464233682,True
Haglr,1,0,0,,0.6458942646842055,False
Hap1,1,0,0,0.9999106453149894,0.1067308066096815,False
Hapln1,2,0,0,0.2211602663587882,0.8077768763342528,False
Hapln2,1,0,0,0.4852790522452709,0.3079580062865683,False
Harbi1,2,0,0,,0.9942638710507684,False
Hars,6,0,0,0.4312500641547593,0.4294529337733162,False
Hars2,5,0,0,0.9997978488301602,0.4504319083976076,False
Has2,1,0,0,0.9999106453149894,0.9341826745834376,False
Haspin,1,0,0,,0.4572683600398242,False
Hat1,6,0,0,0.9613872956381267,0.6876050447363151,False
Haus1,4,0,0,0.9997978488301602,0.4883941182841441,False
Haus2,5,0,0,0.6049406892551493,0.7845988129620186,False
Haus3,4,0,0,0.9050496600960076,0.468744954014702,False
Haus4,2,0,0,,0.1831706395845898,False
Haus5,2,0,0,,0.5857294067987817,False
Haus6,2,0,0,,0.5873323486963341,False
Haus7,5,0,0,0.9997978488301602,0.8350723384312797,False
Haus8,3,0,0,,0.5354136084442142,False
Havcr2,1,0,0,0.9375010146418976,0.0662185955833023,False
Hax1,6,0,0,0.9665155874396332,0.5204441793658842,False
Hba-a1,4,0,0,0.999465548143242,0.7983045492545671,False
Hba-a2,4,0,0,0.999465548143242,1.4427026278456403,False
Hbb-bs,5,0,0,0.7981419645204373,1.378087104996871,False
Hbb-bt,2,0,0,0.9997978488301602,0.833545647334958,False
Hbegf,5,0,0,0.9483415249074936,0.3414551682014032,False
Hbp1,6,0,0,0.8666526310567575,0.1796911286986809,False
Hbs1l,6,0,0,0.9761340426509554,0.4111578627995021,False
Hccs,6,0,0,0.9554023134682036,0.3964591063265925,False
Hcfc1,6,0,0,0.9853391978197256,0.4927105970411589,False
Hcfc1r1,7,0,0,0.9784212791584648,0.3240924022965231,False
Hcfc2,5,0,0,0.9997978488301602,0.5764847397500638,False
Hck,2,0,0,0.3528482971563773,0.3030132282187668,False
Hcls1,2,0,0,0.9404704244683886,0.0881148517422089,False
Hcn2,3,0,0,0.9093496442158931,0.5315894541012355,False
Hcst,1,0,0,,0.4283527938789654,False
Hdac1,6,0,0,0.8751744793825729,0.5427540181579324,False
Hdac10,3,0,0,,0.9144183598054728,False
Hdac11,5,0,0,0.8781770920570142,0.665174880833289,False
Hdac2,6,0,0,0.9613872956381267,0.3038804531765818,False
Hdac3,6,0,0,0.844718794216907,0.646006590545497,False
Hdac4,6,0,0,0.9550624901828332,0.3912755048757502,False
Hdac5,6,0,0,0.7981669423249677,0.2421395682479699,False
Hdac6,4,0,0,0.9999106453149894,0.8895878304621406,False
Hdac7,4,0,0,0.7747015316640691,0.5120013971554961,False
Hdac8,4,0,0,0.9988978288128184,0.484317543759976,False
Hdac9,2,0,0,,1.5429607583019642,False
Hdc,1,0,0,0.999465548143242,0.4019151988160263,False
Hddc2,5,0,0,0.9988978288128184,0.4958964622299147,False
Hddc3,4,0,0,0.999465548143242,1.0878105751038052,False
Hdgf,7,0,0,0.3720402918178868,0.5786701538029223,False
Hdgfl2,6,0,0,0.1755616767638947,0.7577080010870373,False
Hdgfl3,5,0,0,0.6898121919133972,0.4482252511314508,False
Hdhd2,6,0,0,0.9885204868030568,0.3978718675952784,False
Hdhd3,2,0,0,0.999465548143242,0.496560498054502,False
Hdhd5,3,0,0,0.9999106453149894,0.8839767753667903,False
Hdlbp,7,0,0,0.7086554640322857,0.9207957490833404,False
Hdx,1,0,0,,0.4091351135936001,False
Heatr1,2,0,0,,0.4570249221926626,False
Heatr3,5,0,0,0.8667737457308301,0.5921847343154393,False
Heatr5a,4,0,0,0.8402201583633553,0.3305498696467511,False
Heatr5b,5,0,0,0.483870356451055,0.8960846818482529,False
Heatr6,5,0,0,0.9771941538254924,0.4727074243812426,False
Hebp1,3,0,0,0.6413297884463341,0.3295416264087277,False
Hebp2,1,0,0,0.999465548143242,0.2003800623278837,False
Heca,5,0,0,0.9550624901828332,0.2554438026742119,False
Hectd1,7,0,0,0.9375010146418976,1.1994595431355195,False
Hectd2,1,0,0,0.9999106453149894,0.5130040340002416,False
Hectd3,4,0,0,0.9997978488301602,0.3645852583492929,False
Hectd4,5,0,0,0.7992322284960808,0.4332500560193923,False
Hecw2,2,0,0,0.9879647222525472,0.3203140366281273,False
Heg1,2,0,0,0.9007266118211642,0.3062422847325163,False
Helb,4,0,0,,0.8978516758866623,False
Hells,3,0,0,0.9997978488301602,0.6591933546481961,False
Helq,2,0,0,,0.3239498862548449,False
Helz,6,0,0,0.7301644375255361,0.4345597361326659,False
Helz2,1,0,0,0.9997978488301602,0.4437455481166109,False
Hemk1,4,0,0,0.999465548143242,0.989793525820718,False
Hepacam,3,0,0,0.805135331881509,0.1583190776353592,False
Heph,1,0,0,,0.0429729138080163,False
Herc1,7,0,0,0.7737586258207022,0.9303531578625424,False
Herc2,6,0,0,0.6644586706753683,0.3226576760016309,False
Herc3,5,0,0,0.999465548143242,0.4742663596202908,False
Herc4,5,0,0,0.97714218428337,0.2108520134908158,False
Herc6,3,0,0,0.9997978488301602,0.1947805580670834,False
Herpud1,7,0,0,0.6131369492761802,0.4172115929024786,False
Herpud2,6,0,0,0.9801820393362448,0.2268675975750982,False
Hes1,5,0,0,0.3290505587717805,0.6360678911055171,False
Hes5,2,0,0,0.9988978288128184,0.4910789719470514,False
Hes6,6,0,0,0.999465548143242,0.5933276970507494,False
Hes7,1,0,0,,0.101291469623344,False
Hexa,7,0,0,0.2805912574331397,0.5470504701737223,False
Hexb,7,0,0,0.4298703729752186,0.4888733112555868,False
Hexdc,3,0,0,,0.2671519982764637,False
Hexim1,6,0,0,0.662435093738896,0.6131705435975324,False
Hexim2,2,0,0,,0.6455198255008596,False
Hey1,3,0,0,0.9997978488301602,0.4789309630599667,False
Hey2,1,0,0,0.9999106453149894,0.4827551583632501,False
Hfe,5,0,0,0.9609836761753684,0.7978249098714878,False
Hgf,1,0,0,,0.1376837144362498,False
Hgh1,2,0,0,,1.2452275852887296,False
Hgs,6,0,0,0.9050496600960076,0.5146514931420242,False
Hgsnat,7,1,1,0.0023171622104919,3.2585112133165057,True
Hhat,1,0,0,,0.4336958560205608,False
Hhatl,2,0,0,0.454032705919483,0.6735402858457,False
Hhex,2,0,0,0.9727235755225622,0.2223927281623148,False
Hhip,2,0,0,0.0721729840398157,0.4980755777100066,False
Hhipl1,1,0,0,,0.1048740418782681,False
Hibadh,6,0,0,0.8809515385344964,0.1654014381713801,False
Hibch,6,0,0,0.9918882510064204,0.3519388646035957,False
Hic1,1,0,0,0.9997978488301602,0.4357827232810409,False
Hic2,1,0,0,,0.0578094185093968,False
Hid1,3,0,0,0.959262122655081,0.0977474504447758,False
Hif1a,7,0,0,0.4030368719234025,0.5850465989155527,False
Hif1an,5,0,0,0.9999106453149894,0.5035477957443875,False
Hif3a,1,0,0,,1.048992971199881,False
Higd1a,7,0,0,0.6338232438748905,0.560627689862949,False
Higd1b,1,0,0,0.9997978488301602,0.2266495685876246,False
Higd2a,7,0,0,0.7418041516038367,0.3153654428078226,False
Hikeshi,6,0,0,0.9365655797192336,0.332711007260656,False
Hilpda,3,0,0,0.9997978488301602,0.3772145476043737,False
Hinfp,5,0,0,0.9999106453149894,0.6422701234810282,False
Hint1,7,0,0,0.6639248960698901,0.1859322887021063,False
Hint2,6,0,0,0.9687465883607126,0.219134709925769,False
Hint3,6,0,0,0.8611812280648714,0.5524002412682227,False
Hip1,6,0,0,0.6382942169126269,1.556802696910096,False
Hip1r,5,0,0,0.1755616767638947,0.7662228467285043,False
Hipk1,6,0,0,0.876523471077198,0.4641010522520021,False
Hipk2,6,0,0,0.8933593320197283,0.303528104533124,False
Hipk3,6,0,0,0.7855088998567429,1.0754147710786346,False
Hira,4,0,0,0.964749658762681,0.9298854569075584,False
Hirip3,4,0,0,0.9997978488301602,0.1859662285659815,False
Hist1h1b,1,0,0,,1.813878942656081,False
Hist1h1c,7,0,0,0.1730674831283705,0.6595168411459709,False
Hist1h1d,1,0,0,,1.0394014608041795,False
Hist1h1e,7,2,2,0.0001689683636895,1.40538411607874,True
Hist1h2ac,1,0,0,,0.169701835530529,False
Hist1h2ae,3,0,0,0.999465548143242,1.4692669216955654,False
Hist1h2ap,5,0,0,0.9948130718265776,1.2089116785811862,False
Hist1h2bc,7,1,1,0.0150471563355927,0.914244474128744,True
Hist1h2be,6,0,0,0.999465548143242,1.393202537200225,False
Hist1h4c,1,0,0,,1.4317546410070516,False
Hist1h4d,6,1,1,3.348209622842904e-05,1.874277258504501,True
Hist1h4h,5,0,0,0.8257750699016521,2.16777116102942,False
Hist1h4i,3,0,0,0.999465548143242,0.6281975613504827,False
Hist2h2aa1,5,2,2,1.1297728783183448e-05,2.2101357954936844,True
Hist2h2ac,1,0,0,,1.2379538643049492,False
Hist2h2be,1,0,0,,0.4052895458773994,False
Hist2h3c1,2,0,0,,0.2711432083087846,False
Hist2h3c2,1,0,0,0.999465548143242,0.1826423154814853,False
Hist2h4,2,0,0,,0.5698256485961534,False
Hist3h2a,6,0,0,0.9584761365261044,0.4818549009651356,False
Hist3h2ba,2,0,0,0.4017220556220933,0.446700578739831,False
Hist4h4,2,0,0,,0.7719511688446061,False
Hivep1,5,0,0,0.9997978488301602,0.5235345401548198,False
Hivep2,5,0,0,0.9997978488301602,0.5557596659690752,False
Hivep3,3,0,0,0.4455928012475373,0.5916138586560666,False
Hjurp,5,0,0,0.9810146047014744,0.5296959026780741,False
Hk1,6,0,0,0.9223963590675318,0.4763419920171751,False
Hk2,4,0,0,0.5128482025173687,0.9371845322013724,False
Hk3,1,0,0,,0.2517397560589138,False
Hlcs,5,0,0,0.9997978488301602,0.5837486733635067,False
Hlf,5,0,0,0.9988978288128184,0.5921360384431936,False
Hltf,6,0,0,0.1406619632141779,0.6825752608066478,False
Hmbox1,5,0,0,0.9693377484700088,0.4586629340755602,False
Hmbs,6,0,0,0.694295957244932,0.426164121190126,False
Hmces,3,0,0,0.9997978488301602,0.843570238678428,False
Hmcn1,1,0,0,0.9997978488301602,0.3614220329210562,False
Hmg20a,6,0,0,0.7747015316640691,0.8540287912256853,False
Hmg20b,6,0,0,0.8496976767411729,0.1713335004494296,False
Hmga1,1,0,0,,0.6851804622727808,False
Hmgb1,7,0,0,0.6799950726503133,0.3075440310571956,False
Hmgb2,6,0,0,0.9375010146418976,0.6215876684841573,False
Hmgb3,5,0,0,0.999465548143242,0.751212406803661,False
Hmgcl,6,0,0,0.9409257914200232,0.6916635602002202,False
Hmgcll1,3,0,0,0.9999106453149894,0.6850971281676254,False
Hmgcr,5,0,0,0.679500542127602,0.6046167760259344,False
Hmgcs1,6,0,0,0.0980099730481881,0.7060276611313724,False
Hmgcs2,2,1,1,0.0494812370572259,0.9812012736870293,True
Hmgn1,7,0,0,0.9451899018703012,0.2695964164053542,False
Hmgn2,7,0,0,0.7885771262009106,0.4682908226920181,False
Hmgn3,6,0,0,0.6846267210683182,0.4226671286219439,False
Hmgn5,6,0,0,0.8667737457308301,0.6512090879108865,False
Hmgxb3,5,0,0,0.9619043907348768,1.0788205466755818,False
Hmgxb4,5,0,0,0.8818650673896277,0.3197401576959917,False
Hmox1,4,0,0,0.99328196153768,0.537127771261514,False
Hmox2,7,0,0,0.902034893950962,0.6575375719969038,False
Hnmt,4,0,0,0.9999106453149894,0.8119406613818282,False
Hnrnpa0,7,0,0,0.6246222214250083,0.2494601312264855,False
Hnrnpa1,7,0,0,0.9375010146418976,0.1393181631692924,False
Hnrnpa2b1,7,0,0,0.8711099682071693,0.3493851974059225,False
Hnrnpa3,7,0,0,0.8091818177280875,0.3620280575264665,False
Hnrnpab,7,0,0,0.942371774006941,0.3718307363517512,False
Hnrnpc,7,0,0,0.181826732718409,0.5112767482519501,False
Hnrnpd,7,0,0,0.9007266118211642,0.3921619328517037,False
Hnrnpdl,7,0,0,0.7691943808384463,0.6092897957278927,False
Hnrnpf,7,0,0,0.8661790393881573,0.1828189635958014,False
Hnrnph1,7,0,0,0.8856452886724553,0.441940570230699,False
Hnrnph2,7,0,0,0.9706868062623356,0.7931864582933686,False
Hnrnph3,6,0,0,0.6204477171734942,0.32727052346439,False
Hnrnpk,7,0,0,0.8845690847761323,0.4935813442821991,False
Hnrnpl,7,0,0,0.7486842593414812,0.338146542383296,False
Hnrnpll,6,0,0,0.9762063074083276,0.7622931526914927,False
Hnrnpm,7,0,0,0.8098104630732278,0.3676000133531732,False
Hnrnpr,7,0,0,0.9304988858397112,0.7764754358874915,False
Hnrnpu,7,0,0,0.9351583721740968,0.1366558063640663,False
Hnrnpul1,7,0,0,0.6644586706753683,0.2280033457501453,False
Hnrnpul2,7,0,0,0.9054228263761034,0.6360775101965827,False
Homer1,5,0,0,0.999465548143242,0.3886675428066967,False
Homer2,2,0,0,0.9999106453149894,1.1775501761941047,False
Homer3,4,0,0,0.6554635113848648,0.4522079612594401,False
Homez,3,0,0,0.999465548143242,0.2170282587592737,False
Hook1,2,0,0,0.999465548143242,0.7348852884920014,False
Hook2,5,0,0,0.999465548143242,0.9937130172869626,False
Hook3,7,0,0,0.6364671617493949,0.5623905764522134,False
Hopx,4,0,0,0.8065965269489748,0.5373219233683647,False
Hp1bp3,7,0,0,0.5775305869770802,0.497612039582107,False
Hpcal1,4,0,0,0.999465548143242,0.8597246328065894,False
Hpcal4,1,0,0,,0.0156859526440656,False
Hpf1,6,0,0,0.6803084643647158,0.3228796152277287,False
Hpgd,2,0,0,0.5964322617168183,0.4660709893988918,False
Hpgds,2,0,0,0.876292144009985,0.6669062653635908,False
Hpn,1,0,0,,0.2183031861337913,False
Hprt,7,0,0,0.1529392395845351,0.7790865581494104,False
Hps1,3,0,0,,0.5047827846529452,False
Hps3,4,0,0,0.8402201583633553,0.3403549130789337,False
Hps4,4,0,0,0.5972775982317474,0.5553684088485502,False
Hps5,5,0,0,0.8667737457308301,0.3273595936863114,False
Hps6,2,0,0,,0.4500104646941198,False
Hr,1,0,0,0.829388260330224,0.3629124195942931,False
Hras,6,0,0,0.9539368346968624,0.3851558027685249,False
Hrct1,1,0,0,0.9997978488301602,0.3514011587238944,False
Hrh1,1,0,0,,0.4250464400158049,False
Hrh2,1,0,0,,0.0454383798042575,False
Hrk,1,0,0,0.9999106453149894,0.2912633099888126,False
Hs1bp3,2,0,0,,0.1005226010849136,False
Hs2st1,5,0,0,0.8402201583633553,0.3183338445991665,False
Hs3st1,2,0,0,0.9656780974342264,0.1926933893418993,False
Hs3st3b1,1,0,0,,0.1624840503427357,False
Hs6st1,4,0,0,0.3534242400723701,0.4572139398558348,False
Hs6st2,2,0,0,0.999465548143242,0.0300421276741335,False
Hsbp1,7,0,0,0.7963057705163357,0.1437464165271908,False
Hscb,5,0,0,0.999465548143242,0.5806848488812899,False
Hsd11b1,1,0,0,0.9988978288128184,0.1439811639985198,False
Hsd17b10,6,0,0,0.2939899469804312,0.5690913211161578,False
Hsd17b11,6,0,0,0.6499588292901043,0.27786966571479,False
Hsd17b12,7,0,0,0.8200701854015707,0.3624385087585328,False
Hsd17b4,6,0,0,0.8667737457308301,0.4777632720936378,False
Hsd17b7,3,0,0,0.829388260330224,0.7873845001001107,False
Hsd3b7,4,0,0,0.9997978488301602,0.459854577950416,False
Hsdl1,4,0,0,0.9997978488301602,0.3191048421823029,False
Hsdl2,6,0,0,0.9320339787755104,0.5246570658305874,False
Hsf1,5,0,0,0.8913433305157492,0.2499308129475429,False
Hsf2,6,0,0,0.8402201583633553,0.478705312489674,False
Hsf5,1,0,0,,0.1527877455531047,False
Hsp90aa1,7,0,0,0.7075024323671656,0.8556686263045699,False
Hsp90ab1,7,0,0,0.2980096135422462,0.3414194146568639,False
Hsp90b1,7,2,2,0.0087694066459951,0.6993782637062702,True
Hspa12a,1,0,0,0.999465548143242,0.9826279940387564,False
Hspa12b,1,0,0,0.9997978488301602,0.0124351378366071,False
Hspa13,6,0,0,0.9017823756030476,0.4988957788956065,False
Hspa14,6,0,0,0.9784212791584648,0.4482248925901534,False
Hspa1a,5,0,0,0.5862016957676572,1.2015502987635611,False
Hspa1b,4,0,0,0.3528482971563773,3.610441396792885,False
Hspa2,6,0,0,0.9528506252153308,1.0156041345358433,False
Hspa4,7,0,0,0.4762336569689308,0.6001741888296918,False
Hspa4l,6,0,0,0.3329686215674753,0.7901953578964305,False
Hspa5,7,0,0,0.303010571578076,0.437516284024219,False
Hspa8,7,0,0,0.8821889053217825,0.3316593098176713,False
Hspa9,7,0,0,0.2777719108925068,0.4158612462373207,False
Hspb1,3,0,0,0.5905511683229229,1.1552081606542688,False
Hspb11,6,0,0,0.773122613881827,0.6570483708550141,False
Hspb2,2,0,0,0.999465548143242,0.2189781684064432,False
Hspb3,1,0,0,,0.4363202570861147,False
Hspb6,2,0,0,0.999465548143242,0.9056022841269412,False
Hspb8,3,0,0,0.999465548143242,0.1476819501969845,False
Hspbap1,2,0,0,,0.535977451378898,False
Hspbp1,6,0,0,0.9392609132522984,0.2305682560148103,False
Hspd1,7,0,0,0.6283116630648233,0.5432920534999975,False
Hspe1,7,0,0,0.3080195369282643,0.7725011861435659,False
Hspg2,1,0,0,0.9997978488301602,0.1609306763159124,False
Hsph1,6,0,0,0.999465548143242,1.2167721277970018,False
Htatip2,2,0,0,0.9997978488301602,0.4781364263286641,False
Htatsf1,6,0,0,0.9613872956381267,0.3908223051152225,False
Htr2c,1,0,0,0.999465548143242,0.2474241593433112,False
Htra1,4,2,2,7.861050016530137e-09,1.2033996341547322,True
Htra2,6,0,0,0.8978380775500392,1.3243957510892437,False
Htra3,3,0,0,0.9997978488301602,1.287063534098897,False
Htt,5,0,0,0.7949725240749512,0.4319389838305043,False
Hunk,2,0,0,0.9999106453149894,1.3645131248140985,False
Hus1,5,0,0,0.9997978488301602,0.3271261174361379,False
Huwe1,7,0,0,0.792952264193682,0.4426810134543926,False
Hvcn1,1,0,0,0.6255909427294044,0.3066023142609826,False
Hyal1,4,0,0,0.9997978488301602,0.8007797550689629,False
Hyal2,5,0,0,0.9997978488301602,0.5957002901948328,False
Hykk,2,0,0,,0.3449526176386114,False
Hyls1,1,0,0,,0.1806078533710627,False
Hyou1,6,0,0,0.999465548143242,1.1373146740095332,False
Hypk,7,0,0,0.8374844333384406,0.4464937783508774,False
I730030J21Rik,1,0,0,,0.7375020755867814,False
I830077J02Rik,1,0,0,0.9123526650036622,0.1067303703915295,False
Iah1,6,0,0,0.5023279481619385,0.5255787707579789,False
Iars,6,0,0,0.5989680877797672,0.536010150643877,False
Iars2,6,0,0,0.9787375867142792,0.5525107987941996,False
Ibtk,6,0,0,0.6855960244429844,0.6042725785789074,False
Ica1,2,0,0,0.9997978488301602,0.3246789183717468,False
Icam1,2,1,1,0.006422611000185,1.259955111164064,True
Icam2,1,0,0,0.9997978488301602,0.2143673529271261,False
Ice1,5,0,0,0.6986314401143543,0.6647635098132435,False
Ice2,5,0,0,0.9999106453149894,0.8518214788434268,False
Ick,5,0,0,0.3109217267465295,0.6456797582310675,False
Icmt,5,0,0,0.999465548143242,0.3748345219325889,False
Icosl,2,0,0,,0.5368400655231388,False
Id1,5,0,0,0.9988978288128184,1.858859196009512,False
Id2,7,0,0,0.1099124666546229,0.7926254901267937,False
Id3,6,0,0,0.0936306064526071,0.8134579697287242,False
Id4,4,0,0,0.7659696527157356,0.625877100332559,False
Ide,6,0,0,0.6453232352997877,0.7310129502861208,False
Idh1,6,0,0,0.662435093738896,0.4371225710804244,False
Idh2,7,1,1,0.0492490978472755,0.94858059980329,True
Idh3a,6,0,0,0.8979612751777187,0.2791931905846564,False
Idh3b,6,0,0,0.7751097273052462,0.2599621837499,False
Idh3g,7,0,0,0.5490736683397317,0.9099966595426852,False
Idi1,6,0,0,0.1872536108468268,0.8169556821958223,False
Idnk,6,0,0,0.7278745565080218,0.4714019901230569,False
Ids,6,0,0,0.4318360542677162,1.1520118601127107,False
Idua,3,0,0,,0.3264629223285364,False
Ier2,6,1,1,0.0003357399416057,0.9976688683915164,True
Ier3,4,2,2,0.0101747137715842,0.844368294505974,True
Ier3ip1,7,0,0,0.5546697567229604,0.6345593389023259,False
Ier5,7,0,0,0.7418041516038367,0.5488900108839682,False
Ier5l,3,0,0,0.9997978488301602,1.4150771250392336,False
Iffo1,5,0,0,0.4732031736732465,0.9607174281138996,False
Iffo2,2,0,0,0.9997978488301602,0.5731563186170245,False
Ifi203,2,0,0,0.998947809908267,0.6982660404862554,False
Ifi204,2,0,0,0.998947809908267,1.3033604864743396,False
Ifi207,2,0,0,0.998947809908267,0.1592697568974292,False
Ifi27,7,0,0,0.7392190644530905,0.4551962559427914,False
Ifi27l2a,5,1,1,0.0010416902091958,2.528659025097845,True
Ifi30,2,1,1,4.263002231724145e-05,0.8471205287687372,True
Ifi35,3,0,0,0.999465548143242,0.5511160192556881,False
Ifi44,1,0,0,0.9997978488301602,0.6431590199114221,False
Ifi47,1,0,0,0.9997978488301602,0.3112950587662357,False
Ifih1,3,0,0,0.9997978488301602,0.6639130435048145,False
Ifit1,1,0,0,0.9997978488301602,0.1772589473899757,False
Ifit2,4,0,0,0.9997978488301602,0.8747109574373338,False
Ifit3,4,0,0,0.9997978488301602,1.5636069906183636,False
Ifit3b,2,0,0,0.9997978488301602,0.5616226223159003,False
Ifitm10,2,0,0,0.3756531930912036,0.4565711393690959,False
Ifitm2,4,0,0,0.998947809908267,0.976130047981072,False
Ifitm3,5,0,0,0.998947809908267,1.7841835770047023,False
Ifnar1,5,0,0,0.571033276243085,0.5684668315844301,False
Ifnar2,7,0,0,0.3909213940118113,0.5371872946464842,False
Ifngr1,6,0,0,0.7901325417816933,0.5029610018917708,False
Ifngr2,6,0,0,0.9218465363152044,0.8272891469564513,False
Ifrd1,7,0,0,0.5775305869770802,0.9123458773094756,False
Ifrd2,2,0,0,,0.4922611941642857,False
Ift122,4,0,0,0.999465548143242,0.7179531234191712,False
Ift140,2,0,0,,0.5991806926362367,False
Ift172,5,0,0,0.999465548143242,0.9693523103703966,False
Ift20,6,0,0,0.9871728822651524,0.3158305500642329,False
Ift22,6,0,0,0.9885204868030568,0.3566535062369307,False
Ift27,6,0,0,0.9971230182955928,0.4157334550056129,False
Ift43,6,0,0,0.8642152612973348,0.651296256698534,False
Ift46,6,0,0,0.8937425847876312,0.7195612086931804,False
Ift52,5,0,0,0.8781770920570142,0.4239173679690891,False
Ift57,6,0,0,0.866174710066969,0.4733518142558117,False
Ift74,6,0,0,0.9853391978197256,0.4002146431814678,False
Ift80,3,0,0,0.9693377484700088,0.9299928837903644,False
Ift81,6,0,0,0.999465548143242,0.6254420952036539,False
Ift88,4,0,0,0.999465548143242,0.4628360318313225,False
Igbp1,6,0,0,0.2690748530140653,0.5814895314123398,False
Igdcc4,2,0,0,0.9988978288128184,0.0687055464893318,False
Igf1,1,0,0,0.998947809908267,0.5309798012562588,False
Igf1r,6,0,0,0.90580860873697,1.0755012518018776,False
Igf2,1,0,0,0.999465548143242,0.8035636651432359,False
Igf2bp2,1,0,0,,0.3963866823941895,False
Igf2bp3,4,0,0,0.9999106453149894,0.6776333924842451,False
Igf2r,3,0,0,0.999465548143242,0.6519649679775723,False
Igfbp2,3,0,0,0.9988978288128184,0.5133505698226196,False
Igfbp3,2,1,1,1.0170939195380991e-06,2.8379983400362097,True
Igfbp4,2,0,0,0.998947809908267,0.5218148597002219,False
Igfbp5,2,0,0,0.9988978288128184,0.284846934713768,False
Igfbp7,2,0,0,0.999465548143242,0.6539198809273301,False
Igflr1,1,0,0,,0.6860996186023368,False
Igfn1,1,0,0,0.999465548143242,0.6388881699208008,False
Ighd,1,0,0,,0.2965116198860106,False
Ighm,2,0,0,0.983754158141514,0.6775305272003073,False
Ighmbp2,2,0,0,,0.4666912682650586,False
Igip,5,0,0,0.9879647222525472,0.6163851568788776,False
Igkc,1,0,0,0.999465548143242,0.5619142163625136,False
Iglon5,2,0,0,0.9999106453149894,0.2678054233854763,False
Igsf11,2,0,0,0.9693377484700088,0.0976082100170479,False
Igsf21,1,0,0,0.9999106453149894,0.3039420670704081,False
Igsf3,2,0,0,,0.9511918159714108,False
Igsf5,1,0,0,0.9997978488301602,0.3399678155593686,False
Igsf6,2,0,0,0.998947809908267,0.3032353111640075,False
Igsf8,5,0,0,0.8402201583633553,0.3846849983671061,False
Igsf9b,2,0,0,0.9999106453149894,0.8180688938082507,False
Igtp,2,0,0,0.9997978488301602,0.2305956503741209,False
Iigp1,1,0,0,0.9997978488301602,0.5385479028941814,False
Ik,7,0,0,0.9644314079198152,0.3063691578828592,False
Ikbip,5,0,0,0.9784212791584648,0.4141810903071905,False
Ikbkb,6,0,0,0.9788819959338744,0.4314628589206775,False
Ikbkg,3,0,0,,0.1775378945231628,False
Ikzf1,2,0,0,0.7431445249261647,0.3004704073450024,False
Ikzf2,4,0,0,0.4675800500314453,0.4425806175683078,False
Ikzf4,1,0,0,0.9999106453149894,0.4348241174143519,False
Ikzf5,5,0,0,0.9693377484700088,0.4047755114079226,False
Il10ra,2,0,0,0.7301644375255361,0.453387702366434,False
Il10rb,4,0,0,0.90580860873697,0.3393354908162984,False
Il11ra1,5,0,0,0.9644314079198152,0.4121449985593998,False
Il12a,1,0,0,,0.4591046670189716,False
Il12rb1,1,0,0,,0.5795659754036294,False
Il13ra1,3,0,0,0.7363771678068991,1.314491298577331,False
Il15,2,0,0,0.9997978488301602,0.6378096089533448,False
Il15ra,3,0,0,,1.069996489808415,False
Il16,1,0,0,0.998670535736902,0.0073532329798776,False
Il17d,2,0,0,0.9999106453149894,0.5334879714908637,False
Il17ra,3,0,0,0.4642549842934126,0.3604461848461098,False
Il17rb,1,0,0,,0.8075887819214764,False
Il17rc,3,0,0,0.999465548143242,0.5967409123351334,False
Il17rd,2,0,0,0.9997978488301602,0.0643238789913816,False
Il18,4,0,0,0.8999571706503435,0.1694327917783348,False
Il1a,1,0,0,0.9541249966032276,0.0495570936911053,False
Il1b,2,0,0,0.3080022519831139,0.6989539710138929,False
Il1r1,1,0,0,0.9997978488301602,0.4890632750188211,False
Il1rap,4,0,0,0.4230302808013113,0.6037862246494445,False
Il1rapl1,3,0,0,0.8992872603476387,0.894218460720806,False
Il1rl1,1,0,0,,0.6081473760190808,False
Il1rl2,1,0,0,,0.1438217802841123,False
Il2,1,0,0,,0.5385159071355972,False
Il21r,1,0,0,0.8304796525639428,0.1554735394090692,False
Il27,1,0,0,,0.772241903337596,False
Il33,2,1,1,0.0488220909397554,0.4475280778440355,True
Il4i1,1,0,0,,0.7233889338239885,False
Il4ra,3,0,0,0.7532332969918063,0.4506727582255345,False
Il6ra,3,0,0,0.9451899018703012,0.4137662449130748,False
Il6st,6,0,0,0.5238942634355689,1.0178705451035712,False
Il7r,1,0,0,,0.050838969919109,False
Ildr1,1,0,0,,0.4482370777000445,False
Ildr2,3,0,0,0.9997978488301602,0.6276244409964541,False
Ilf2,6,0,0,0.4455928012475373,0.4815423564767186,False
Ilf3,6,0,0,0.9241165013801418,0.5945751551118117,False
Ilk,7,0,0,0.7938426122467852,0.5270779179463346,False
Ilkap,6,0,0,0.9506980045799142,0.2359341855200253,False
Ilrun,6,0,0,0.8204613501816619,0.6696310636904697,False
Ilvbl,6,0,0,0.8451773345588498,0.7706313056162718,False
Immp1l,6,0,0,0.9636847167956676,0.2750160604690734,False
Immp2l,4,0,0,0.999465548143242,0.3620277938845072,False
Immt,6,0,0,0.6796848841710647,0.3553707870656805,False
Imp3,7,0,0,0.9784212791584648,0.3158618155648054,False
Imp4,6,0,0,0.7950230162838463,0.2445282484544747,False
Impa1,6,0,0,0.9771941538254924,0.5570864713892723,False
Impa2,3,0,0,0.999465548143242,0.7672868566147827,False
Impact,6,0,0,0.8160237109654584,0.4111903958568177,False
Impad1,6,0,0,0.8204826256055683,0.8440568470250212,False
Impdh1,1,0,0,0.9997978488301602,0.1344608948416604,False
Impdh2,6,0,0,0.1529228185253323,0.598359350092106,False
Ina,1,0,0,0.9999106453149894,0.1478116224567498,False
Inafm1,5,0,0,0.9997978488301602,0.4136633090156253,False
Inafm2,6,0,0,0.999465548143242,0.8664747744026675,False
Inava,1,0,0,0.9999106453149894,0.2869251671766863,False
Incenp,2,0,0,,0.2788852905748932,False
Inf2,4,0,0,0.9904469851238652,0.869013900312793,False
Ing1,6,0,0,0.3316760136881556,0.5753156493316384,False
Ing2,6,0,0,0.9410502843343008,0.2939284676001686,False
Ing3,6,0,0,0.914200400224126,0.5317083959271075,False
Ing4,6,0,0,0.9943730809498168,0.5412972524318732,False
Ing5,3,0,0,0.9997978488301602,0.7646637180315394,False
Inhbb,2,0,0,0.9999106453149894,0.1437636710151804,False
Inip,5,0,0,0.9997978488301602,0.8915222806397228,False
Inka1,2,0,0,0.9451899018703012,0.6440011268997301,False
Inka2,2,0,0,0.9999106453149894,0.911559493907031,False
Ino80,5,0,0,0.720546046332735,0.5001767440070826,False
Ino80b,6,0,0,0.9603469151708518,0.2089673730468562,False
Ino80c,5,0,0,0.9784212791584648,0.4504969651554126,False
Ino80d,6,0,0,0.6283116630648233,0.3301704275675933,False
Ino80dos,3,0,0,,1.0764602378058707,False
Ino80e,6,0,0,0.824780238046166,0.6225019473187765,False
Inpp1,5,0,0,0.9997978488301602,0.3904203478109732,False
Inpp4a,4,0,0,0.9997978488301602,0.7857679964235991,False
Inpp4b,2,1,1,0.0428841106178589,0.6129433239020443,True
Inpp5a,4,0,0,0.6677481163538677,0.9783600228010216,False
Inpp5b,5,0,0,0.9997978488301602,0.6950832770356413,False
Inpp5d,3,0,0,0.9030250424204076,0.3089006895081229,False
Inpp5e,2,0,0,,0.3980414925869164,False
Inpp5f,5,0,0,0.5631259289361416,0.3064117065104733,False
Inpp5j,1,0,0,0.818124647430336,0.3597455794409522,False
Inpp5k,5,0,0,0.7238830007113158,0.4667266988451104,False
Inppl1,6,0,0,0.9988978288128184,0.3387096309755408,False
Ins2,1,0,0,0.999465548143242,0.0202181272437115,False
Insc,1,0,0,0.8361316425588403,0.1859026149485911,False
Insig1,6,1,1,0.0009173562192399,1.6498280613008276,True
Insig2,6,0,0,0.8402201583633553,0.3106335752773074,False
Insm1,1,0,0,,0.761321369372945,False
Insr,5,0,0,0.694295957244932,0.5507947783413805,False
Insyn1,2,0,0,0.9999106453149894,0.9274620977129622,False
Ints1,5,0,0,0.866174710066969,0.6668597468961347,False
Ints10,6,0,0,0.999465548143242,0.4651438061262182,False
Ints11,4,0,0,0.9997978488301602,0.7551511744206577,False
Ints12,5,0,0,0.9999106453149894,0.6291332812023894,False
Ints13,5,0,0,0.9498509527323384,0.3924994165571973,False
Ints14,5,0,0,0.9999106453149894,0.6822314327089463,False
Ints2,4,0,0,0.9999106453149894,0.4774118458578889,False
Ints3,6,0,0,0.8320163606442603,0.4325603322759322,False
Ints4,5,0,0,0.9771941538254924,0.7094582930582901,False
Ints5,3,0,0,,0.7463290853656105,False
Ints6,5,0,0,0.5478349178178319,0.5311144072087403,False
Ints6l,5,0,0,0.8645127606066123,0.2838697740618184,False
Ints7,4,0,0,0.9718400765999812,0.1790157498639539,False
Ints8,6,0,0,0.999465548143242,0.6866998165123935,False
Ints9,5,0,0,0.9997978488301602,0.2011417449232511,False
Intu,3,0,0,0.999465548143242,1.2034994298378372,False
Invs,5,0,0,0.9999106453149894,0.6537194800733612,False
Ip6k1,6,0,0,0.8933593320197283,0.529370531854981,False
Ip6k2,5,0,0,0.5672965245225469,0.5437571749317001,False
Ipcef1,1,0,0,,0.5717171358532143,False
Ipmk,5,0,0,0.9997978488301602,0.4984153128535897,False
Ipo11,5,0,0,0.999465548143242,1.016884367704919,False
Ipo13,5,0,0,0.9613872956381267,0.4169267479154204,False
Ipo4,6,0,0,0.999465548143242,0.8692923974949559,False
Ipo5,6,0,0,0.9971230182955928,0.6180103740105114,False
Ipo7,6,0,0,0.8623303734508944,1.5815557417643165,False
Ipo8,6,0,0,0.9771941538254924,0.7712284816408077,False
Ipo9,5,0,0,0.93132946440637,0.7375594207796542,False
Ipp,2,0,0,,0.6068081385915144,False
Ippk,3,0,0,0.977017223345402,0.1618694077312917,False
Iqcb1,4,0,0,0.9999106453149894,0.706483265846608,False
Iqcc,5,0,0,0.999465548143242,0.4861562739302962,False
Iqce,4,0,0,0.9999106453149894,0.5984198058788,False
Iqcg,1,0,0,0.999465548143242,0.5483740512505372,False
Iqgap1,7,0,0,0.9932527654424816,1.0686342039691905,False
Iqgap2,2,0,0,0.999465548143242,0.1754227122575685,False
Iqgap3,1,0,0,,0.1272315057331736,False
Iqsec1,5,0,0,0.9932527654424816,0.3637587044462297,False
Iqsec2,4,0,0,0.999465548143242,0.5287427390734124,False
Iqub,1,0,0,0.999465548143242,0.0813977015467047,False
Irak1,6,0,0,0.5713779383114799,0.4299090132570094,False
Irak1bp1,4,0,0,0.999465548143242,0.3926760338681386,False
Irak2,4,0,0,0.9701418926192248,0.3969812534903323,False
Irak3,2,0,0,,0.1541683343500596,False
Irak4,3,0,0,,0.4625025241889732,False
Ireb2,6,0,0,0.9971230182955928,0.9169300820498948,False
Irf1,3,0,0,0.2952840349185354,0.6422548658839392,False
Irf2,7,0,0,0.7418041516038367,0.4978104600847298,False
Irf2bp1,6,0,0,0.952805788739437,0.2477610521668093,False
Irf2bp2,7,0,0,0.6283116630648233,0.3769403748392129,False
Irf2bpl,7,0,0,0.5219195411146472,1.470858996402682,False
Irf3,6,0,0,0.9007266118211642,0.3447428592896321,False
Irf4,1,0,0,,0.4591849351837114,False
Irf5,3,0,0,0.6644586706753683,0.5671048413287151,False
Irf7,2,0,0,0.9997978488301602,1.7755805832039686,False
Irf8,2,0,0,0.6824396481283418,0.1594913126954269,False
Irf9,4,0,0,0.9997978488301602,0.5282104307530989,False
Irgm1,4,0,0,0.9997978488301602,0.3408885026312809,False
Irgm2,2,0,0,0.9997978488301602,0.4469043987762522,False
Irgq,5,0,0,0.9999106453149894,0.9015139016918092,False
Irs2,5,0,0,0.5122121809989566,0.717819319659913,False
Irx1,1,0,0,0.9999106453149894,0.0017357283023023,False
Irx3,1,0,0,,0.0761553522571532,False
Isca1,6,0,0,0.7927426385372717,0.372361919949072,False
Isca2,6,0,0,0.9640531979720832,0.2281384651547486,False
Iscu,7,0,0,0.5543805549021434,0.6017521323579759,False
Isg15,2,0,0,0.9997978488301602,0.7034755525312683,False
Isg20,2,0,0,0.9997978488301602,0.2799380794955648,False
Isg20l2,3,0,0,0.9997978488301602,0.3193979670233844,False
Islr2,1,0,0,0.9997978488301602,0.9840583387675312,False
Ism1,1,0,0,0.9997978488301602,0.7260760477989244,False
Isoc1,6,0,0,0.999465548143242,0.6777199764040529,False
Isoc2a,4,0,0,0.999465548143242,0.4425015207092235,False
Isoc2b,2,0,0,,0.5139827054587186,False
Ist1,6,0,0,0.7432217893045536,0.7887752600611336,False
Isy1,6,0,0,0.999465548143242,0.9672211894781696,False
Isyna1,3,0,0,0.3183966162727515,0.5540935541623215,False
Itch,7,0,0,0.4884570752865076,0.529026877503431,False
Itfg1,6,0,0,0.9003760365260199,0.1463959008995239,False
Itfg2,5,0,0,0.7927426385372717,0.578283137156364,False
Itga1,2,0,0,0.9997978488301602,0.3338659218785307,False
Itga3,1,0,0,0.9997978488301602,0.1695337860777469,False
Itga4,3,0,0,0.998947809908267,1.7373922675057571,False
Itga5,2,0,0,0.9997978488301602,0.1442485193488206,False
Itga6,4,0,0,0.6686173547058898,0.8099741878972181,False
Itga7,1,0,0,,0.3315834078342656,False
Itga9,2,0,0,0.9999106453149894,0.8175538032915932,False
Itgad,1,1,1,8.789251259757487e-16,2.4402696156434747,True
Itgam,2,0,0,0.8629371588370283,0.2737640441736979,False
Itgav,5,0,0,0.5478349178178319,0.2851942973917547,False
Itgb1,7,0,0,0.1693440387591959,0.5156737044059818,False
Itgb1bp1,6,0,0,0.9784212791584648,0.600619360029465,False
Itgb2,2,0,0,0.8727597914628661,0.603417863950764,False
Itgb3,1,0,0,,0.1674639349855971,False
Itgb3bp,6,0,0,0.8227762052402422,0.5869310442000832,False
Itgb4,1,0,0,0.9613872956381267,0.0724315450774995,False
Itgb5,5,0,0,0.9070647896477066,0.6543082260872694,False
Itgb8,4,1,1,0.0192834128008201,1.3613526796531596,True
Itih3,2,1,1,0.0053754659258069,1.035033433829511,True
Itih5,3,1,1,1.5656529683634145e-11,2.478247902373879,True
Itm2a,5,0,0,0.999465548143242,1.5972833506221376,False
Itm2b,7,0,0,0.2089779769276683,0.4718724234417062,False
Itm2c,7,0,0,0.2750995421767134,1.3185696681065415,False
Itpa,6,0,0,0.9801820393362448,0.2461352274834891,False
Itpk1,5,1,1,0.0001689683636895,0.8298615768300743,True
Itpkb,5,0,0,0.9208018170938068,0.6776925953889695,False
Itpkc,2,0,0,,0.4894577382528676,False
Itpr1,4,0,0,0.999465548143242,0.5743791721727323,False
Itpr2,5,0,0,0.9765095335600388,0.1762875234257807,False
Itpr3,2,0,0,0.9997978488301602,0.499625389229371,False
Itprid2,6,0,0,0.5058280258600621,0.4682526357105815,False
Itprip,1,0,0,,0.7290301299262668,False
Itpripl1,3,0,0,0.8711099682071693,0.5785350430639603,False
Itpripl2,3,0,0,0.8897181118080411,0.2669838511333199,False
Itsn1,7,0,0,0.9988978288128184,1.1488175410828685,False
Itsn2,5,0,0,0.9423911364833784,0.5923285951847057,False
Ivd,6,0,0,0.9481014030106708,0.583201231358261,False
Ivns1abp,6,0,0,0.7404305258901595,0.5951622551641924,False
Iws1,5,0,0,0.962130789122402,0.1341236112812681,False
Izumo4,4,0,0,0.4438673518858432,0.8536753854109912,False
Jade1,6,0,0,0.94886564745145,1.0057798079772169,False
Jade2,3,0,0,0.4230302808013113,0.5838462020967048,False
Jade3,1,0,0,,1.65001897961589,False
Jag1,3,0,0,0.9997978488301602,0.6181089218488837,False
Jag2,2,0,0,0.9997978488301602,0.0784750788403732,False
Jagn1,6,0,0,0.4183756152691527,0.6160400191785576,False
Jak1,7,0,0,0.1151376079286952,0.7106493543839887,False
Jak2,5,0,0,0.9613872956381267,0.3744325643519118,False
Jak3,1,0,0,,0.0874053891085433,False
Jakmip1,1,0,0,,0.2605715751253661,False
Jakmip2,4,0,0,0.9784212791584648,0.8502861170536182,False
Jakmip3,1,0,0,0.93132946440637,0.1438545847327742,False
Jam2,5,0,0,0.7819212764210148,0.9207383781111051,False
Jam3,4,0,0,0.4285053298971464,0.5352630718587384,False
Jarid2,5,0,0,0.6822747866174913,0.3808943634055912,False
Jcad,2,0,0,0.9997978488301602,0.328703801137559,False
Jdp2,4,0,0,0.8467150589495644,1.2220488176074706,False
Jkamp,6,0,0,0.9550624901828332,0.9832698741981444,False
Jmjd1c,6,0,0,0.5341640304401679,0.5399340237182063,False
Jmjd4,1,0,0,,0.3583096243439317,False
Jmjd6,6,0,0,0.3089440421552055,0.8547157651655275,False
Jmjd7,2,0,0,,0.679737672652294,False
Jmjd8,6,0,0,0.999465548143242,0.2846947887358547,False
Jmy,6,0,0,0.9904469851238652,0.3889440518028167,False
Josd1,5,0,0,0.9997978488301602,0.9755939290517972,False
Josd2,6,0,0,0.9853391978197256,0.3095851519460975,False
Jph1,2,0,0,0.1463772438775189,0.5444613759305835,False
Jph3,1,0,0,0.9999106453149894,0.2996688922472121,False
Jph4,2,1,1,3.014010760717786e-05,0.9085211117284676,True
Jpt1,7,0,0,0.5856765730981167,0.6760759295674101,False
Jpt2,2,0,0,,0.2380203531914338,False
Jpx,4,0,0,0.847684396122065,0.482984790748765,False
Jrkl,5,0,0,0.8992872603476387,0.4136783969860885,False
Jtb,6,0,0,0.967947226190576,0.2777233580721603,False
Jun,7,1,1,1.9333339491039616e-05,0.8431623812625245,True
Junb,6,1,1,1.6649002336517426e-09,1.236129070866406,True
Jund,7,0,0,0.1010130964597864,0.4417620939820476,False
Junos,1,0,0,,0.4568688525869318,False
Jup,4,0,0,0.8667737457308301,0.5148796374049641,False
Kalrn,4,0,0,0.9988978288128184,0.3942074561871052,False
Kank1,5,0,0,0.9988978288128184,0.7676242720102587,False
Kank2,2,0,0,0.9997978488301602,0.3845294532490083,False
Kank3,2,0,0,0.9997978488301602,0.3898344397978403,False
Kank4,1,0,0,0.9997978488301602,0.4232383148293192,False
Kansl1,7,0,0,0.8195676441890538,1.0063236270836875,False
Kansl1l,5,0,0,0.9769843786314776,0.508688878304205,False
Kansl2,6,0,0,0.8065965269489748,0.989018788585429,False
Kansl3,6,0,0,0.9772420733399642,0.5287458281500658,False
Kantr,5,0,0,0.9999106453149894,0.903850460402882,False
Kars,6,0,0,0.9498509527323384,0.2713267288209602,False
Kat14,5,0,0,0.999465548143242,0.4911071500316291,False
Kat2a,4,0,0,0.9997978488301602,0.1561752315839497,False
Kat2b,6,0,0,0.9772420733399642,0.3510735941737814,False
Kat5,6,0,0,0.9926237465626456,0.5350525982279605,False
Kat6a,6,0,0,0.1321876472605718,0.799377869050524,False
Kat6b,5,0,0,0.962130789122402,0.2319942652953636,False
Kat7,5,0,0,0.9603469151708518,0.7726322587937325,False
Kat8,6,0,0,0.999465548143242,0.3288123225826472,False
Katna1,6,0,0,0.999465548143242,0.4248110941974166,False
Katnal1,5,0,0,0.8667737457308301,0.7285341916305309,False
Katnb1,6,0,0,0.999465548143242,1.0407731990840283,False
Katnbl1,6,0,0,0.9693377484700088,0.4708417833757815,False
Kazn,2,0,0,0.9994094398372564,0.3029983953960697,False
Kbtbd11,4,0,0,0.9988978288128184,1.1285358043180505,False
Kbtbd2,5,0,0,0.6724566691979912,0.7490003800940943,False
Kbtbd3,5,0,0,0.2916665685676501,0.9207691609978196,False
Kbtbd4,5,0,0,0.999465548143242,1.1019994697096576,False
Kbtbd7,3,0,0,0.9999106453149894,0.3113048762937483,False
Kbtbd8,2,0,0,,0.3702922033081317,False
Kcmf1,6,0,0,0.571033276243085,0.3595752137771908,False
Kcna1,2,1,1,0.0019760885756594,0.5704776948791603,True
Kcna2,3,0,0,0.7624273136750327,0.3968884988699916,False
Kcna6,3,0,0,0.7927426385372717,0.3437001499831267,False
Kcnab1,1,0,0,,0.9650959591148508,False
Kcnab2,1,0,0,,0.5365558803053155,False
Kcnb1,2,0,0,0.9999106453149894,0.8650700048215139,False
Kcnb2,1,0,0,0.9999106453149894,0.8147969306584886,False
Kcnc1,1,0,0,0.9999106453149894,0.6538416388748285,False
Kcnc3,3,0,0,0.9999106453149894,2.0728211763126154,False
Kcnc4,1,0,0,,0.2624092827874436,False
Kcnd1,1,0,0,,0.2606159492135285,False
Kcnd2,2,0,0,0.9999106453149894,0.2101335422099277,False
Kcnd3,1,0,0,0.9999106453149894,0.3993620273718054,False
Kcne1l,1,0,0,,0.2433377209944637,False
Kcne2,1,0,0,0.999465548143242,0.6574955042481855,False
Kcnh1,1,0,0,0.999465548143242,1.2757361231826985,False
Kcnh8,1,0,0,0.9999106453149894,0.0179182937242706,False
Kcnip1,1,0,0,0.9999106453149894,1.183139619706126,False
Kcnip3,3,0,0,0.9988978288128184,0.3571620260928168,False
Kcnj10,4,0,0,0.1949667430997806,0.3845460826409273,False
Kcnj13,1,0,0,0.999465548143242,0.0385858067320694,False
Kcnj16,2,0,0,0.9988978288128184,0.3326780319844661,False
Kcnj2,3,0,0,0.9997978488301602,0.5325668848166255,False
Kcnk1,3,0,0,0.9988978288128184,0.2602866668112208,False
Kcnk10,2,0,0,0.9999106453149894,0.6675609564898957,False
Kcnk12,1,0,0,,0.2721963580207643,False
Kcnk13,2,0,0,0.8402201583633553,0.1874473888355973,False
Kcnk2,2,0,0,0.9988978288128184,0.0905876109672622,False
Kcnk3,1,0,0,0.9999106453149894,0.1321491432500976,False
Kcnk5,1,0,0,,0.3039920718416549,False
Kcnk6,1,0,0,0.3076141973216215,0.3971220162491787,False
Kcnma1,4,0,0,0.9999106453149894,2.653953340715133,False
Kcnmb4,1,0,0,0.9999106453149894,0.296493378692259,False
Kcnmb4os2,1,0,0,0.9999106453149894,0.7409802686469008,False
Kcnn2,1,0,0,0.9988978288128184,0.1866001165380144,False
Kcnn3,1,0,0,,0.0749232449228613,False
Kcnq1ot1,5,0,0,0.714227503109558,0.2279450372805775,False
Kcnq2,1,0,0,0.9999106453149894,0.0409910648091144,False
Kcnq3,3,0,0,0.557931184983576,0.344098712937293,False
Kcnrg,1,0,0,,0.4952713441316959,False
Kcnt1,1,0,0,,1.2611476450408057,False
Kcnu1,1,0,0,,0.5969529425050123,False
Kcp,1,0,0,0.9997978488301602,0.0576454233535922,False
Kctd1,3,0,0,0.999465548143242,0.6594279058565583,False
Kctd10,4,0,0,0.999465548143242,0.2339028739092548,False
Kctd11,2,0,0,,0.9996628810426906,False
Kctd12,5,0,0,0.7418041516038367,0.3477095316908534,False
Kctd12b,4,0,0,0.9997978488301602,0.8322099773241588,False
Kctd13,4,1,1,0.0050724376708818,0.6584937912469465,True
Kctd14,1,0,0,,0.4798845807749264,False
Kctd16,1,0,0,,0.83426210620906,False
Kctd17,4,0,0,0.9771941538254924,0.282866547423897,False
Kctd18,5,0,0,0.9784212791584648,0.9607117220293768,False
Kctd2,6,0,0,0.9761340426509554,0.2129846505818452,False
Kctd20,5,0,0,0.9997978488301602,0.0965372071543223,False
Kctd21,2,0,0,,0.4159616826932641,False
Kctd3,5,0,0,0.8767627648475128,0.5314216621485727,False
Kctd4,3,1,1,0.0005003739931996,0.9545360984701484,True
Kctd5,5,0,0,0.9988978288128184,0.3488122297724096,False
Kctd6,5,0,0,0.999465548143242,1.4146243928433766,False
Kctd7,1,0,0,,0.8312060698528754,False
Kctd9,3,0,0,,0.822767525936162,False
Kdelr1,6,0,0,0.9883326514634344,0.1921165738506539,False
Kdelr2,7,0,0,0.5122121809989566,0.575985289628844,False
Kdm1a,6,0,0,0.8666526310567575,0.2524360739195815,False
Kdm1b,2,0,0,,0.4725516257279198,False
Kdm2a,6,0,0,0.8473236203158974,0.7332155058646102,False
Kdm2b,4,0,0,0.9384484988811008,0.107673198708156,False
Kdm3a,5,0,0,0.9771941538254924,0.2428538030674463,False
Kdm3b,5,0,0,0.9550624901828332,0.2459652564247386,False
Kdm4a,5,0,0,0.0950167065903766,0.6387817581649269,False
Kdm4b,5,0,0,0.9997978488301602,0.4929862219311752,False
Kdm4c,5,0,0,0.8912731424279905,0.4850065053492484,False
Kdm5a,6,0,0,0.8563809371148629,0.4510419741595343,False
Kdm5b,6,0,0,0.9021968698616962,0.4500893149448574,False
Kdm5c,6,0,0,0.9446358271558832,0.5764136714956636,False
Kdm6a,6,0,0,0.9799971439404008,0.7707873349080003,False
Kdm6b,7,0,0,0.0664531819937628,0.8110007593995012,False
Kdm7a,7,0,0,0.9687465883607126,0.6325493690420789,False
Kdr,3,0,0,0.9997978488301602,1.096789817990269,False
Kdsr,5,0,0,0.8402201583633553,0.496272678482724,False
Keap1,6,1,1,0.0365080935838208,0.7879294033852823,True
Khdc4,5,0,0,0.9603469151708518,0.3527006086713476,False
Khdrbs1,7,0,0,0.9613872956381267,0.6019572768770497,False
Khdrbs2,1,0,0,0.9999106453149894,0.4174077888350965,False
Khdrbs3,5,0,0,0.9613872956381267,0.2210949104147409,False
Khk,5,0,0,0.6021689735086544,0.8895803084415407,False
Khnyn,4,0,0,0.9997978488301602,0.4469443393993234,False
Khsrp,6,0,0,0.7981419645204373,0.8105772969814257,False
Kidins220,5,0,0,0.9055668931319788,0.265171740091532,False
Kif13a,5,0,0,0.917450127079298,0.5461635477907166,False
Kif13b,6,0,0,0.6557891400875095,0.6144997422251445,False
Kif16b,4,0,0,0.999465548143242,0.6863706448090637,False
Kif1a,5,0,0,0.2690748530140653,0.6354840587549819,False
Kif1b,7,0,0,0.9667161033439042,0.4370939051151291,False
Kif1bp,6,0,0,0.9885204868030568,0.2463544470804146,False
Kif1c,6,0,0,0.9988978288128184,0.499232947879336,False
Kif20b,1,0,0,,0.3323699006508038,False
Kif21a,3,0,0,0.8320163606442603,0.4012431197204059,False
Kif21b,4,0,0,0.5892569357993422,0.408963987212056,False
Kif23,1,0,0,0.9997978488301602,0.0150242446488976,False
Kif26a,2,0,0,0.9997978488301602,0.4223971064483914,False
Kif2a,6,0,0,0.8862759277083484,0.159888625606992,False
Kif3a,6,0,0,0.6086452470471406,0.3881451264769242,False
Kif3b,6,0,0,0.999465548143242,1.185530217459209,False
Kif3c,4,0,0,0.4074023322969473,0.7097784355936037,False
Kif5a,6,0,0,0.6733725813664935,0.6456887505930856,False
Kif5b,7,0,0,0.3509736447911906,0.3295646551972962,False
Kif5c,5,0,0,0.767182570802999,0.3924821595221692,False
Kif6,1,0,0,,0.3448752770411463,False
Kif9,1,0,0,0.999465548143242,0.1830485139566295,False
Kifap3,6,0,0,0.7691943808384463,0.3459137483610035,False
Kifc2,2,0,0,,0.7450177474890682,False
Kifc3,6,0,0,0.9988978288128184,0.934457702590354,False
Kin,6,0,0,0.7406528642641967,0.6315610701975577,False
Kirrel2,1,0,0,,0.5746118835373116,False
Kirrel3,2,0,0,0.483974056430391,0.5455000888621955,False
Kit,1,0,0,,0.7149596261012586,False
Kitl,2,0,0,0.9997978488301602,0.4560921963053722,False
Kiz,6,0,0,0.9785046073905832,0.3339864706478885,False
Kl,1,0,0,0.999465548143242,0.9785924412833858,False
Klc1,6,0,0,0.97714218428337,0.2229650419904952,False
Klc2,3,0,0,,0.4667589688563743,False
Klc3,2,0,0,0.999465548143242,0.5087340376140479,False
Klc4,5,0,0,0.999465548143242,0.6041138145574758,False
Klf10,4,0,0,0.3255352824986767,1.8205802306542715,False
Klf11,3,0,0,0.9997978488301602,0.5110323977476345,False
Klf12,4,0,0,0.9997978488301602,0.572728016102205,False
Klf13,7,1,1,0.0079234369324106,1.4736848943813423,True
Klf15,3,0,0,0.2500588841184687,0.7006523162759715,False
Klf16,1,0,0,,0.08699383210915,False
Klf2,5,0,0,0.5301384822676211,0.8731699589219662,False
Klf3,6,0,0,0.7278745565080218,0.2615243057154275,False
Klf4,6,0,0,0.0946041179627544,1.2758714659406951,False
Klf6,6,0,0,0.4739288029414754,0.5858518332851842,False
Klf7,6,1,1,0.03380903698706,0.5657160897739932,True
Klf9,6,0,0,0.0946041179627544,0.6425170612999558,False
Klhdc1,2,0,0,0.999465548143242,0.1798894158788327,False
Klhdc10,6,0,0,0.6489419108982648,1.0423287117193458,False
Klhdc2,6,0,0,0.9847221427294522,0.2890981800496095,False
Klhdc3,6,0,0,0.9771941538254924,0.4577599123593678,False
Klhdc4,5,0,0,0.999465548143242,0.5479609905253454,False
Klhdc7a,2,0,0,0.9988978288128184,0.6346334691670572,False
Klhdc8a,1,0,0,,0.4321073216506327,False
Klhdc8b,4,0,0,0.9054228263761034,0.4194750374301528,False
Klhl11,2,0,0,,0.8248851673891858,False
Klhl12,5,0,0,0.9997978488301602,0.5470056205228059,False
Klhl13,5,0,0,0.999465548143242,1.2812000347300097,False
Klhl15,2,0,0,,0.1599992033313289,False
Klhl18,4,0,0,0.9999106453149894,0.9298792676962928,False
Klhl2,5,0,0,0.9150499797750524,0.7893114796385631,False
Klhl20,3,0,0,0.9997978488301602,0.5575868976266721,False
Klhl21,4,0,0,0.999465548143242,0.6581607495581567,False
Klhl22,4,0,0,0.9999106453149894,0.4164785386993292,False
Klhl23,4,0,0,0.9999106453149894,0.9151755009420752,False
Klhl24,7,0,0,0.4113257769324558,0.3961963137322823,False
Klhl25,3,0,0,0.9997978488301602,1.205525498530777,False
Klhl26,4,0,0,0.999465548143242,1.3386847418514174,False
Klhl28,5,0,0,0.9613872956381267,0.6087618950993138,False
Klhl3,3,0,0,0.9999106453149894,0.5250198659869987,False
Klhl32,3,0,0,0.999465548143242,0.6778955987775723,False
Klhl36,2,0,0,,0.1247004240438337,False
Klhl4,2,0,0,0.5023279481619385,0.3309166482840627,False
Klhl40,1,0,0,,0.0839239705185255,False
Klhl42,4,0,0,0.9997978488301602,0.3788787011515486,False
Klhl5,5,0,0,0.8402201583633553,0.3747205425717484,False
Klhl6,2,0,0,0.7418041516038367,0.8316304972178993,False
Klhl7,6,0,0,0.8006884308124118,0.6731288605608714,False
Klhl8,4,0,0,0.9999106453149894,1.096783764571191,False
Klhl9,7,0,0,0.2835063595835535,0.6111026512094304,False
Klk6,1,0,0,0.6049406892551493,0.4916255113241082,False
Klk8,3,0,0,0.6644586706753683,1.145350315692316,False
Kmt2a,5,0,0,0.7612371439356139,0.2379271824743603,False
Kmt2b,5,0,0,0.915627991889946,0.6092958977532269,False
Kmt2c,6,0,0,0.824890860628883,0.9288631133363988,False
Kmt2d,6,0,0,0.6910652943340995,0.3702631904944946,False
Kmt2e,7,0,0,0.6644586706753683,0.3974659077880722,False
Kmt5a,6,0,0,0.6554635113848648,0.9637307546293592,False
Kmt5b,5,0,0,0.1957662099028235,0.5390864667127439,False
Kmt5c,3,0,0,,0.1802832900686498,False
Kndc1,1,0,0,0.6457706539474173,0.2397150295980678,False
Knop1,6,0,0,0.8727597914628661,0.1386953730681822,False
Kpna1,6,0,0,0.8480556107844917,0.6330287703847401,False
Kpna2,2,0,0,,0.1554233294078077,False
Kpna3,6,0,0,0.2506496753436906,0.6509710814620715,False
Kpna4,7,0,0,0.9587448808812106,0.8543131878213156,False
Kpna6,6,0,0,0.6287424584505742,0.471091333427734,False
Kpnb1,6,0,0,0.9757744509118458,0.5723478435544068,False
Kptn,5,0,0,0.9997978488301602,0.8741328527563561,False
Kras,7,0,0,0.8098104630732278,0.9806074983548944,False
Krba1,4,0,0,0.9999106453149894,0.3931898753795262,False
Krcc1,6,0,0,0.914200400224126,0.4070091251302445,False
Kremen1,4,0,0,0.9997978488301602,0.4742010647689741,False
Kri1,3,0,0,0.9997978488301602,0.4859825495432812,False
Krit1,5,0,0,0.8098104630732278,0.2654100754895069,False
Krr1,6,0,0,0.9994094398372564,0.3291429123010831,False
Krt1,2,0,0,0.999465548143242,0.5672709687350881,False
Krt10,4,0,0,0.9502843771029004,0.4369613991550278,False
Krt18,1,0,0,0.999465548143242,0.2118320632276334,False
Krt8,1,0,0,0.999465548143242,0.3727885568076124,False
Krtcap2,7,0,0,0.96438277861516,0.2254931449740489,False
Ksr1,3,0,0,,0.1363439214082767,False
Kti12,3,0,0,0.9997978488301602,0.2426476313976242,False
Ktn1,6,0,0,0.4965997044503973,0.2410955625075201,False
Kxd1,6,0,0,0.7278745565080218,0.3267519145247599,False
Kyat1,2,0,0,,0.6703873342795607,False
Kyat3,3,0,0,,0.9164182535915912,False
L1cam,1,0,0,0.9999106453149894,1.1247449010281698,False
L2hgdh,3,0,0,0.999465548143242,0.5570176250997073,False
L3mbtl2,3,0,0,,0.4208792165674158,False
L3mbtl3,5,0,0,0.999465548143242,0.6560557115021488,False
LTO1,4,0,0,0.9997978488301602,0.520553797927849,False
Lacc1,3,0,0,0.998670535736902,0.7528910078839092,False
Lactb,6,0,0,0.7838354687532105,0.4232906311550218,False
Lactb2,6,0,0,0.4298703729752186,0.4731118869406526,False
Lad1,1,0,0,0.9999106453149894,0.5743550917365616,False
Lag3,1,1,1,0.023763520031762,0.4926414111536115,True
Lage3,6,0,0,0.9434392934513736,0.2983666757920371,False
Lair1,3,0,0,0.5921420051513862,0.8443927433809292,False
Lama2,2,0,0,0.8976496990397612,0.2352244478669314,False
Lama4,1,0,0,0.9997978488301602,0.2189726966655871,False
Lama5,1,0,0,0.9997978488301602,0.0333828611019132,False
Lamb1,1,0,0,0.999465548143242,0.4975783733983924,False
Lamb2,3,0,0,0.9988978288128184,0.4280498475178229,False
Lamc1,5,0,0,0.8561572451790562,0.5290960281383067,False
Lamc3,1,0,0,0.9997978488301602,0.8093948503421697,False
Lamp1,7,0,0,0.7295746857594037,0.6612720477862615,False
Lamp2,7,0,0,0.7620432120543339,0.1842594598050332,False
Lamtor1,7,0,0,0.9333672193684552,0.3653660208694139,False
Lamtor2,7,0,0,0.8930302536372047,0.2506166466651915,False
Lamtor3,6,0,0,0.9859088181029196,0.2017565259193438,False
Lamtor4,7,0,0,0.8667737457308301,0.7773061951534395,False
Lamtor5,7,0,0,0.9409257914200232,0.4229602380212068,False
Lancl1,6,0,0,0.6842432138039588,0.3744482666927003,False
Lancl2,3,0,0,0.9692767749250004,0.252505756602313,False
Lancl3,1,0,0,0.9997978488301602,0.2481660060689243,False
Lap3,7,0,0,0.7997160658979882,0.2978595209319659,False
Laptm4a,7,0,0,0.8402201583633553,0.520052409786461,False
Laptm4b,6,0,0,0.9603469151708518,0.4448981536220127,False
Laptm5,2,0,0,0.8234616564143439,0.0979215630659933,False
Large1,5,0,0,0.9999106453149894,0.6500505444761184,False
Larp1,6,0,0,0.6664564489374847,0.4260540652441629,False
Larp1b,5,0,0,0.8341373214314584,0.2891805576097984,False
Larp4,6,0,0,0.9451899018703012,0.4315524812290672,False
Larp4b,7,0,0,0.9541303772231654,0.7981141539542587,False
Larp6,1,0,0,0.2657823795454846,0.3913332393929862,False
Larp7,6,0,0,0.9391994214083182,0.4225960631081542,False
Lars,6,0,0,0.752909449770359,0.3790350571055915,False
Lars2,7,3,3,0.0017767974012346,2.63732769645893,True
Las1l,6,0,0,0.5628438977412534,0.4568016813718536,False
Lasp1,6,0,0,0.96438277861516,1.0535769691520775,False
Lat2,2,0,0,0.3268496955686322,0.3858828241751693,False
Lats1,6,0,0,0.5546467309271519,0.899059926715654,False
Lats2,6,0,0,0.7086554640322857,0.6238101641551328,False
Layn,2,0,0,0.6314588403782433,0.8653963083708252,False
Lbh,5,1,1,0.039498917998916,0.9034904216995586,True
Lbp,1,0,0,0.999465548143242,0.6806356261667962,False
Lbr,6,0,0,0.9614961848933092,0.5713611758678406,False
Lbx2,1,0,0,,0.1327667226976923,False
Lca5,4,0,0,0.999465548143242,0.2652060651322889,False
Lca5l,1,0,0,,0.0543086949514078,False
Lcat,2,0,0,0.9988978288128184,0.0508228770869998,False
Lclat1,3,0,0,,0.3953491436678918,False
Lcmt1,6,0,0,0.93457808571796,0.2734231516953006,False
Lcmt2,2,0,0,,0.6142295654964806,False
Lcor,5,0,0,0.8992872603476387,0.6846449703417623,False
Lcorl,5,0,0,0.474800055625751,0.5225874365595744,False
Lcp1,4,0,0,0.997078278839798,0.4692865480497026,False
Lcp2,2,0,0,0.8727597914628661,0.1748116537828107,False
Ldah,6,0,0,0.9964537663537476,0.6772452347692631,False
Ldb1,6,0,0,0.902034893950962,0.4987002054972111,False
Ldb3,1,0,0,0.9784212791584648,0.0609633625310317,False
Ldha,7,1,1,0.0046086725986509,1.0456693059285431,True
Ldhb,7,0,0,0.694295957244932,0.7025516393116021,False
Ldhd,1,0,0,,0.3753793760028721,False
Ldlr,3,0,0,0.4066637814350139,0.6199827610556998,False
Ldlrad3,4,0,0,0.9776142917397486,0.3384788165341009,False
Ldlrad4,4,0,0,0.8979612751777187,1.057876672133213,False
Ldlrap1,3,0,0,0.987856211944101,0.212362036100877,False
Lef1,2,0,0,0.999465548143242,1.044507179678919,False
Lefty1,2,0,0,,0.6663829360337059,False
Lekr1,4,0,0,0.9999106453149894,0.707514932505663,False
Lemd2,5,0,0,0.8082473626008431,0.214148923685731,False
Lemd3,4,0,0,0.9997978488301602,0.6539398751866625,False
Leng1,6,0,0,0.9235234228535996,0.3907117033483587,False
Leng8,5,0,0,0.2904499679821147,0.512762323758808,False
Leng9,5,0,0,0.9997978488301602,0.6180732036090666,False
Leo1,6,0,0,0.9885204868030568,0.6331061042673202,False
Lepr,1,0,0,0.999465548143242,1.189127635031464,False
Leprot,5,0,0,0.8086142754626554,0.5311648790400195,False
Leprotl1,6,0,0,0.5097348830948353,0.3405149869991039,False
Letm1,6,0,0,0.8857775141435104,0.3397683351790325,False
Letm2,5,0,0,0.9235234228535996,0.4280584300138779,False
Letmd1,3,0,0,0.9726112630401832,0.10025435323916,False
Lfng,3,0,0,0.6866727042112196,0.482537919645379,False
Lgals1,4,0,0,0.8835832796319347,1.0846095070235937,False
Lgals3,3,0,0,0.998947809908267,1.9030540146801225,False
Lgals3bp,5,0,0,0.1943051007948562,0.4624123576085953,False
Lgals8,6,0,0,0.439536757499856,0.4158318828740104,False
Lgals9,2,0,0,0.998717048431168,0.0572771160946038,False
Lgalsl,6,0,0,0.9988978288128184,0.706344918245485,False
Lgi1,3,0,0,0.9988978288128184,0.4016998530900733,False
Lgi2,1,0,0,0.9999106453149894,0.0073430840587179,False
Lgi3,2,0,0,0.6457706539474173,0.5935092768461768,False
Lgi4,1,0,0,0.9988978288128184,0.0525275715827891,False
Lgmn,7,1,1,0.0428841106178589,0.5005627499269915,True
Lgr4,2,0,0,0.7659696527157356,0.5759638541193177,False
Lgr6,1,0,0,,0.6116336957785116,False
Lhfp,2,0,0,0.9988978288128184,0.4098289574948239,False
Lhfpl2,5,1,1,0.0058458940675729,0.7496949695339467,True
Lhfpl3,1,0,0,0.9999106453149894,0.0097003979985142,False
Lhfpl4,3,0,0,0.9999106453149894,0.5567020053916025,False
Lhpp,2,0,0,,0.5874215804098589,False
Lhx2,1,0,0,0.9988978288128184,0.0890561252235014,False
Lias,6,0,0,0.4580552534996672,0.4910923657599538,False
Lifr,6,0,0,0.3566721097789497,0.5463397617603284,False
Lig1,4,0,0,0.9771941538254924,0.1408591383266107,False
Lig3,5,0,0,0.7487858710862868,0.4867149846405634,False
Lig4,2,0,0,,0.3178302471719998,False
Lilr4b,1,0,0,0.998947809908267,0.1511595698125007,False
Lilra5,1,0,0,,0.0677542420758175,False
Lilrb4a,2,0,0,0.998947809908267,0.2866938212938826,False
Lima1,5,0,0,0.9320339787755104,0.2132666738660722,False
Limch1,4,0,0,0.5289346296491251,0.2825573528189481,False
Limd1,6,0,0,0.8818650673896277,0.5555800673758118,False
Limd2,4,0,0,0.570720857490917,0.3466211288085766,False
Limk1,3,0,0,,0.6319519983029395,False
Limk2,5,0,0,0.999465548143242,0.6371373879217682,False
Lims1,7,0,0,0.694526855754249,1.164151591860258,False
Lims2,3,0,0,0.7997160658979882,0.3234526623217465,False
Lin37,5,0,0,0.999465548143242,1.0953807273113096,False
Lin52,4,0,0,,0.2503782137637047,False
Lin54,5,0,0,0.914200400224126,0.7561243165670688,False
Lin7a,1,0,0,0.9999106453149894,0.5916053428249536,False
Lin7c,6,0,0,0.9926237465626456,0.5907501944836807,False
Lin9,1,0,0,,0.0604330627018539,False
Lingo1,2,0,0,0.9999106453149894,0.7771030181761998,False
Lingo2,1,0,0,,0.1344300853462898,False
Lingo3,1,0,0,0.9999106453149894,0.023633659893528,False
Lins1,1,0,0,,0.0572987525084437,False
Lipa,7,0,0,0.9055668931319788,1.2667237153147095,False
Lipe,4,0,0,0.8767627648475128,0.2429863491729872,False
Liph,1,0,0,,0.6292558046440621,False
Lipo3,2,0,0,,0.6291445468831436,False
Lipt2,1,0,0,,0.5966453538865514,False
Litaf,5,0,0,0.6705874431716935,0.4335582935053079,False
Lix1,2,0,0,0.6981479854844781,1.1797818500911113,False
Lix1l,6,0,0,0.999465548143242,0.5153131337583836,False
Llgl1,5,0,0,0.8670329253980545,0.231104741880974,False
Llph,7,0,0,0.8474580725996875,0.3136698981901361,False
Lman1,7,0,0,0.1714288722699962,0.4725544227365701,False
Lman2,7,0,0,0.7751097273052462,0.3871121927672154,False
Lman2l,5,0,0,0.9997978488301602,0.3781682698872211,False
Lmbr1,5,0,0,0.9997978488301602,0.3878032310534176,False
Lmbr1l,3,0,0,,0.7322271952097903,False
Lmbrd1,7,0,0,0.90580860873697,0.4646826786284976,False
Lmbrd2,5,0,0,0.5972775982317474,0.4580681926432094,False
Lmcd1,3,0,0,0.9997978488301602,1.0707841696135572,False
Lmf1,5,0,0,0.8006884308124118,0.4515847386502045,False
Lmf2,5,0,0,0.962130789122402,0.2020454949270929,False
Lmln,2,0,0,,0.6144789034447358,False
Lmna,5,1,1,0.0288507402618579,0.792051404692576,True
Lmnb1,3,0,0,0.9999106453149894,0.2653271094178862,False
Lmnb2,3,0,0,0.9999106453149894,0.6836349129443516,False
Lmntd1,1,0,0,0.9997978488301602,0.0534222161752816,False
Lmo1,2,0,0,0.9999106453149894,0.5419528945840343,False
Lmo2,4,0,0,0.790221066438245,0.4366081361124624,False
Lmo3,1,0,0,0.9999106453149894,0.5085716784155071,False
Lmo4,7,0,0,0.9451899018703012,0.1834704208060317,False
Lmo7,1,0,0,0.9997978488301602,0.2533720889406942,False
Lmtk2,3,0,0,0.9999106453149894,0.8637663924653639,False
Lmtk3,1,0,0,0.9999106453149894,0.1774269979024096,False
Lmx1a,1,0,0,0.999465548143242,1.1452294081132004,False
Lncpint,5,0,0,0.8919086693478658,0.2736535408116563,False
Lnpep,6,0,0,0.6413297884463341,1.1238349812988526,False
Lnpk,5,0,0,0.9779313792064896,0.825665458751336,False
Lnx1,1,0,0,0.9999106453149894,0.0871053733947472,False
Lnx2,2,0,0,0.9997978488301602,0.4140364997652162,False
Lonp1,6,0,0,0.8561572451790562,0.2799354163272274,False
Lonp2,6,0,0,0.9853391978197256,0.4820701101934035,False
Lonrf1,2,0,0,0.9784212791584648,0.1235211747848586,False
Lonrf2,2,0,0,0.9999106453149894,0.3197341763781869,False
Lonrf3,2,0,0,,0.5417818578901368,False
Loxl3,2,0,0,,0.4378174797007121,False
Lpar1,2,0,0,0.243737872054913,1.0010932598162423,False
Lpar4,3,0,0,0.999404217627881,0.5115566992595748,False
Lpar6,5,0,0,0.7418041516038367,0.5633377273396034,False
Lpcat1,4,0,0,0.7901325417816933,0.3593885050862114,False
Lpcat2,4,0,0,0.8933593320197283,0.3285030058484497,False
Lpcat3,5,0,0,0.7838354687532105,0.5372579268852332,False
Lpcat4,2,0,0,,0.9554421187960164,False
Lpgat1,5,0,0,0.7723363501662683,0.8429893790626558,False
Lpin1,5,0,0,0.9771941538254924,0.8312616527514857,False
Lpin2,5,0,0,0.9274547520187232,0.6368340917169211,False
Lpl,1,0,0,,0.4100591130507021,False
Lpp,4,0,0,0.9988978288128184,0.1092689944890341,False
Lpxn,1,0,0,0.5251187212902383,0.3500577383895233,False
Lratd2,2,0,0,0.999465548143242,0.7952904595902368,False
Lrba,6,0,0,0.8045344704684841,0.9068503466182262,False
Lrch1,3,0,0,0.6125964417721538,0.3309610673191183,False
Lrch2,3,0,0,0.6387804637836303,0.6863928708116416,False
Lrch3,6,0,0,0.8667737457308301,0.4149245684212418,False
Lrch4,4,0,0,0.9048055923470248,0.7100280116481437,False
Lrfn1,2,0,0,0.9999106453149894,0.6937626949150616,False
Lrfn3,1,0,0,0.9999106453149894,0.1311639081026534,False
Lrfn4,1,0,0,,0.2880533079941688,False
Lrfn5,1,0,0,0.9999106453149894,0.3121133474198685,False
Lrif1,5,0,0,0.6825741518638803,0.4884028634387078,False
Lrig1,2,0,0,0.9988978288128184,0.6274218567283982,False
Lrig2,5,0,0,0.8441601589377047,0.5102586403295526,False
Lrig3,4,0,0,0.8065965269489748,0.4300525087123102,False
Lrmda,1,0,0,,0.3947417892524267,False
Lrmp,1,0,0,,0.137162695967622,False
Lrp1,5,0,0,0.3189200737965762,0.740912152449586,False
Lrp10,6,0,0,0.7770187895127605,0.3300197149399011,False
Lrp11,1,0,0,0.9999106453149894,0.0830873233670991,False
Lrp12,2,0,0,,0.2410602758192735,False
Lrp1b,3,0,0,0.5803942691919607,0.2775253927180261,False
Lrp3,2,0,0,0.9999106453149894,0.420081609000861,False
Lrp4,4,0,0,0.9999106453149894,0.6780572998358528,False
Lrp5,3,0,0,0.9997978488301602,0.3595610095103692,False
Lrp6,7,0,0,0.2500588841184687,0.93271063239754,False
Lrp8,3,0,0,0.9988978288128184,0.2881269981856775,False
Lrpap1,7,0,0,0.7075024323671656,0.7256256792374219,False
Lrpprc,6,0,0,0.9932527654424816,0.8026694143797815,False
Lrrc1,3,0,0,0.8818650673896277,0.369076979965567,False
Lrrc14,5,0,0,0.9997978488301602,0.4593269179690352,False
Lrrc2,1,0,0,,0.4534893570909423,False
Lrrc20,2,0,0,,0.2151518507098628,False
Lrrc28,2,0,0,0.9994094398372564,0.2295363395734057,False
Lrrc3,1,0,0,0.834793065883009,0.1524318172164441,False
Lrrc34,1,0,0,0.999465548143242,0.9381955543611332,False
Lrrc39,1,0,0,,1.326705780425476,False
Lrrc4,3,0,0,0.9999106453149894,0.6830517654406061,False
Lrrc40,4,0,0,0.9999106453149894,0.570735187520866,False
Lrrc41,6,0,0,0.98048865393247,1.0982063871501375,False
Lrrc42,6,0,0,0.999465548143242,0.7869921054727361,False
Lrrc45,4,0,0,,0.4786909411986238,False
Lrrc46,1,0,0,0.999465548143242,0.352411288329826,False
Lrrc47,6,0,0,0.8622072670002854,1.5345418571092326,False
Lrrc49,4,0,0,0.9997978488301602,0.5426619245454114,False
Lrrc4b,3,0,0,0.9923104852961409,0.1112981062330367,False
Lrrc4c,3,0,0,0.9924339810191554,0.2508091691745053,False
Lrrc51,3,0,0,0.999465548143242,0.237509993558188,False
Lrrc56,1,0,0,,0.0562143774578847,False
Lrrc57,6,0,0,0.9603469151708518,0.6110045573134457,False
Lrrc58,6,0,0,0.8563809371148629,0.748192103593294,False
Lrrc59,6,0,0,0.9971230182955928,0.5138416041128733,False
Lrrc61,3,0,0,,0.6323534910310372,False
Lrrc7,1,0,0,0.9999106453149894,0.5505109933754375,False
Lrrc73,2,0,0,0.999465548143242,0.2515109656770258,False
Lrrc75a,1,0,0,,0.1288419344576112,False
Lrrc75b,3,0,0,0.9999106453149894,0.6714727288442053,False
Lrrc8a,5,0,0,0.1592092498282694,0.7286360626262106,False
Lrrc8b,3,0,0,0.0545016459905509,0.6083200758322633,False
Lrrc8c,4,0,0,0.4949945801959585,0.5022743446377221,False
Lrrc8d,4,0,0,0.5411035999600031,0.3872111342908317,False
Lrrcc1,5,0,0,0.3628435598596702,0.6592810449332908,False
Lrrfip1,3,0,0,0.5251187212902383,0.3520406040423149,False
Lrrfip2,6,0,0,0.866174710066969,0.4220495345139475,False
Lrriq1,1,0,0,0.999465548143242,0.2922937739865739,False
Lrrk1,2,0,0,0.7052389887533064,0.3624302936337277,False
Lrrk2,2,0,0,0.999465548143242,0.5748671126348943,False
Lrrn1,3,0,0,0.8667737457308301,0.1413472123829474,False
Lrrn2,2,0,0,0.9999106453149894,0.1078338539697951,False
Lrrn3,4,0,0,0.9997978488301602,0.607083294913584,False
Lrrtm1,1,0,0,0.9999106453149894,0.0753925137993677,False
Lrrtm2,3,0,0,0.1674633806309784,0.916801630456545,False
Lrrtm3,2,0,0,0.9999106453149894,0.3972470310376618,False
Lrrtm4,1,0,0,0.9999106453149894,0.2759815246556327,False
Lrsam1,2,0,0,,0.210120593168765,False
Lrtm2,2,0,0,0.9999106453149894,0.143998876635338,False
Lrwd1,4,0,0,0.9997978488301602,0.9340397261725102,False
Lsamp,3,0,0,0.9988978288128184,0.7192514773848219,False
Lsg1,6,0,0,0.8341373214314584,0.3461736300835969,False
Lsm1,6,0,0,0.6637611865883313,0.3970980303441078,False
Lsm10,6,0,0,0.999465548143242,0.4274500789354155,False
Lsm11,3,0,0,,0.4747539372080477,False
Lsm12,6,0,0,0.9669674479017434,0.3020497382879719,False
Lsm14a,6,0,0,0.9613872956381267,0.7439383609059701,False
Lsm14b,6,0,0,0.9693377484700088,0.5029859014677306,False
Lsm2,6,0,0,0.8200746805605036,0.6843623498112759,False
Lsm3,6,0,0,0.9613872956381267,0.3888550613609554,False
Lsm4,7,0,0,0.521531094964601,0.3584539638162045,False
Lsm5,7,0,0,0.6981130455055389,0.742652691231783,False
Lsm6,7,0,0,0.4184941492950302,0.4825581531322681,False
Lsm7,6,0,0,0.8611812280648714,0.4244102861644616,False
Lsm8,6,0,0,0.9373043051280254,0.5430783204384517,False
Lsp1,2,1,1,8.706423008519815e-08,1.3503776409762365,True
Lsr,1,0,0,0.9997978488301602,0.0239440128394825,False
Lss,3,0,0,0.8834963501576175,0.4260330474904227,False
Lst1,2,1,1,1.368772438694155e-05,0.8605602896616242,True
Lta4h,6,0,0,0.9853391978197256,1.3326590453315497,False
Ltb,1,0,0,,1.062472307722199,False
Ltbp1,2,0,0,0.9999106453149894,0.4871002826069814,False
Ltbp3,4,0,0,0.999465548143242,0.5603690509795185,False
Ltbp4,3,0,0,0.9997978488301602,1.3978880010086765,False
Ltbr,4,0,0,0.9997978488301602,0.5385950186207119,False
Ltc4s,4,0,0,0.0526920147062061,0.5672612424583985,False
Ltn1,6,0,0,0.8006884308124118,0.7054094061295934,False
Ltv1,5,0,0,0.3680382367095299,0.5926286668390075,False
Luc7l,6,0,0,0.962130789122402,0.3786788785785862,False
Luc7l2,7,0,0,0.8070067535621716,0.480017607141588,False
Luc7l3,6,0,0,0.9341769146397448,0.3862670275773988,False
Lurap1,4,0,0,0.999465548143242,0.4556654209745133,False
Lurap1l,3,0,0,0.999465548143242,0.5402116333384076,False
Luzp1,6,0,0,0.999465548143242,0.419226249861545,False
Luzp2,3,0,0,0.4642808539077925,0.5846375188544419,False
Lxn,3,0,0,0.9988978288128184,0.1640356262782114,False
Ly6a,2,0,0,0.9997978488301602,1.822683917183294,False
Ly6c1,3,0,0,0.9997978488301602,0.9636538300988112,False
Ly6e,5,0,0,0.4011344357281862,0.2379606867234409,False
Ly6g6d,2,0,0,,0.3370200157891516,False
Ly6g6f,1,1,1,0.0365080935838208,1.2045191905898849,True
Ly6h,1,0,0,0.9999106453149894,0.1949775092590817,False
Ly75,1,0,0,0.9997978488301602,0.2405553418366197,False
Ly86,2,0,0,0.9473321490785156,0.4747724885906206,False
Ly96,3,0,0,0.998947809908267,0.6915497399694599,False
Lyar,5,0,0,0.9563819747493084,0.6199145928604352,False
Lyl1,3,0,0,0.307388846901626,0.3664892113541999,False
Lyn,5,0,0,0.0924845490968197,0.8015588006551614,False
Lynx1,3,0,0,0.999465548143242,0.561546842877542,False
Lypd1,3,0,0,0.9997978488301602,0.687908757410288,False
Lypd6,4,0,0,0.9999106453149894,1.2081832679769076,False
Lypla1,6,0,0,0.999465548143242,0.3929373277998762,False
Lypla2,6,0,0,0.999465548143242,0.5518877712280937,False
Lyplal1,1,0,0,0.999465548143242,0.3483898602248129,False
Lyrm1,3,0,0,0.9997978488301602,0.6449020855772897,False
Lyrm2,6,0,0,0.5953390747754268,0.463535076727177,False
Lyrm4,6,0,0,0.999465548143242,0.4549865366075484,False
Lyrm7,2,0,0,,1.0717926620440787,False
Lyrm9,4,0,0,,1.023778310678612,False
Lysmd1,3,0,0,,0.7357305601480113,False
Lysmd2,5,0,0,0.8818650673896277,0.5426788013447358,False
Lysmd3,5,0,0,0.3824710425844922,0.5736220429895175,False
Lysmd4,1,0,0,,0.1341088847467535,False
Lyst,5,0,0,0.9997978488301602,0.9525874754932284,False
Lyve1,1,0,0,0.998947809908267,1.1154780130119015,False
Lyz2,2,0,0,0.9375010146418976,0.4109200838010563,False
Lyzl4,1,0,0,,0.0268121093487816,False
Lzic,6,0,0,0.7747015316640691,0.6341339779707637,False
Lztfl1,6,0,0,0.9913226326328984,0.6378329112970154,False
Lztr1,6,0,0,0.960013434739313,0.9694479020015256,False
Lzts1,1,0,0,0.9997978488301602,0.234572872343014,False
Lzts2,6,0,0,0.2558647240722256,1.1909872041385126,False
Lzts3,1,0,0,,0.771772377663025,False
M6pr,7,0,0,0.4973286240751207,0.4151855149526381,False
Macf1,7,0,0,0.1786364922203694,0.7367160229548377,False
Maco1,5,0,0,0.8818650673896277,0.5384492275354841,False
Macrod1,4,0,0,0.1860492115063183,1.0988642042445511,False
Macrod2,3,0,0,0.9771941538254924,0.5354228108151778,False
Mad1l1,3,0,0,0.9391994214083182,0.6676126607388735,False
Mad2l1,2,0,0,,0.3862406352587302,False
Mad2l1bp,3,0,0,0.9997978488301602,0.5088601809351551,False
Mad2l2,6,0,0,0.9602485219048852,0.4120635615569775,False
Madd,4,0,0,0.9997978488301602,0.775839566692466,False
Maea,6,0,0,0.9968686966296116,0.53031913303523,False
Maf,5,0,0,0.5103893555672101,0.5340762434894567,False
Maf1,7,0,0,0.0516635862335766,1.1021162511473543,False
Mafb,5,0,0,0.998670535736902,0.4628023864158352,False
Maff,2,0,0,0.9997978488301602,0.3150724475136512,False
Mafg,7,0,0,0.1912162075075737,1.2181001177606867,False
Mafk,3,0,0,0.9997978488301602,0.8425930279663456,False
Mag,2,0,0,0.6338232438748905,0.2494497349337874,False
Maged1,6,0,0,0.9691343900630024,0.2009346934715077,False
Maged2,6,0,0,0.999465548143242,0.8931227882745442,False
Magee1,4,0,0,0.6898121919133972,0.4523124646060446,False
Mageh1,4,0,0,0.9320339787755104,0.161530246183096,False
Magi1,5,0,0,0.0946041179627544,0.7949829906664325,False
Magi2,3,0,0,0.8953117270559255,0.1483480619453934,False
Magi3,3,0,0,0.9997978488301602,0.1539445522300475,False
Magix,1,0,0,0.9997978488301602,0.0781022844453197,False
Magoh,6,0,0,0.8667737457308301,0.2892097843707116,False
Magohb,6,0,0,0.999465548143242,0.5348402682223975,False
Magt1,6,0,0,0.3887228377424673,0.353956858801672,False
Maip1,6,0,0,0.8976496990397612,0.2545663572795862,False
Mak16,6,0,0,0.9025551416275,1.0174261595583676,False
Mal,4,0,0,0.9970554848778064,0.9430731133810776,False
Malat1,7,1,1,0.0489756238627735,0.4125565725489212,True
Malsu1,6,0,0,0.9613872956381267,0.284499198675534,False
Malt1,4,0,0,0.9997978488301602,0.3610417419838833,False
Maml1,3,0,0,0.9997978488301602,0.3549590489317702,False
Maml2,4,0,0,0.9315702599586364,0.4682710579837944,False
Maml3,4,0,0,0.9581191702979828,0.3605174895537064,False
Mamld1,2,0,0,0.999465548143242,2.0508023347839304,False
Man1a,6,0,0,0.3128192191662882,1.384705637530138,False
Man1a2,7,0,0,0.6639248960698901,0.396453820322116,False
Man1b1,5,0,0,0.9827123849102,0.4521806496895365,False
Man1c1,3,0,0,0.5207554795488528,0.5553837099320934,False
Man2a1,5,0,0,0.998947809908267,0.7287374431389648,False
Man2a2,4,0,0,0.439536757499856,0.5845786737143621,False
Man2b1,7,1,1,0.0003743151058804,0.7204599619539602,True
Man2b2,2,0,0,,0.6504697643385347,False
Man2c1,5,0,0,0.7691943808384463,0.5757178410373055,False
Manba,4,0,0,0.9997978488301602,0.479342537663382,False
Manbal,6,0,0,0.8818650673896277,0.4233074539070657,False
Manea,5,0,0,0.6212800733029968,0.7302364507970623,False
Maneal,2,0,0,0.9999106453149894,0.326890734985928,False
Manf,7,0,0,0.8098104630732278,0.280389460718339,False
Mansc1,1,0,0,,0.1767387792608001,False
Maoa,5,0,0,0.987856211944101,0.2299980446586983,False
Maob,3,0,0,0.9988978288128184,0.4684549523037082,False
Map10,2,0,0,,0.3256725369488733,False
Map11,4,0,0,0.9523867509305338,0.7261646056280171,False
Map1a,4,0,0,0.9613872956381267,0.4907688803992488,False
Map1b,6,1,1,0.007691566500823,0.7257755990405134,True
Map1lc3a,7,0,0,0.902034893950962,0.6297791468127634,False
Map1lc3b,7,0,0,0.9111281147546052,0.3454514754422501,False
Map1s,6,0,0,0.9369329425026068,0.8905540476010212,False
Map2,5,0,0,0.7071435961316962,0.8989479357600364,False
Map2k1,6,0,0,0.9375010146418976,0.3043485972491269,False
Map2k2,7,0,0,0.5808716904488626,0.4266211812628434,False
Map2k3,4,0,0,0.570720857490917,0.3604342993246253,False
Map2k4,6,0,0,0.7441296476117796,0.4148527940525752,False
Map2k5,6,0,0,0.7304553017275858,0.6700721373999725,False
Map2k6,2,0,0,,0.2274441399580489,False
Map2k7,6,0,0,0.7621204990794955,0.7459073004695064,False
Map3k1,4,0,0,0.8634739212793215,0.893227887184192,False
Map3k10,6,0,0,0.9771941538254924,0.5061432566860546,False
Map3k11,3,0,0,0.8767627648475128,0.3173761155587748,False
Map3k12,5,0,0,0.999465548143242,0.4608234294988254,False
Map3k13,1,0,0,,0.6537676604788564,False
Map3k14,1,0,0,,0.5583552694681233,False
Map3k19,1,0,0,,1.206500854618503,False
Map3k2,5,0,0,0.6664564489374847,0.3715358573853217,False
Map3k20,2,0,0,0.9997978488301602,0.1434082487682996,False
Map3k3,3,0,0,0.9997978488301602,0.1774548355873142,False
Map3k4,6,0,0,0.8781770920570142,0.3077074471123588,False
Map3k5,2,0,0,0.999465548143242,0.9003698049843656,False
Map3k6,1,0,0,0.9997978488301602,0.1492313921442455,False
Map3k7,6,0,0,0.6338232438748905,0.8114525810059805,False
Map3k8,3,0,0,0.96999149716235,0.5397205765162637,False
Map3k9,1,0,0,,0.3258934198450707,False
Map4,5,0,0,0.8779182453987441,0.359933517614241,False
Map4k2,4,0,0,0.8638682817612324,0.4705335085189601,False
Map4k3,6,0,0,0.999465548143242,0.3110423007556822,False
Map4k4,7,0,0,0.902034893950962,0.26903702409269,False
Map4k5,6,0,0,0.8480556107844917,0.5216949704343921,False
Map6,1,0,0,0.9391159650548432,0.1573240423961308,False
Map6d1,1,0,0,0.5653120034065704,0.2760881904681114,False
Map7,5,0,0,0.5546467309271519,0.823501946055166,False
Map7d1,6,0,0,0.694295957244932,0.2339887537158748,False
Map7d2,3,1,1,1.9172614744182923e-08,1.1849774933813388,True
Map9,4,0,0,0.999465548143242,0.251005031327118,False
Mapk1,6,0,0,0.9451899018703012,0.1118088069740399,False
Mapk10,3,0,0,0.9988978288128184,0.4346374284590537,False
Mapk12,1,0,0,0.9997978488301602,0.1923172705714286,False
Mapk14,5,0,0,0.7625477161736788,0.4845699073943212,False
Mapk1ip1,5,0,0,0.9943730809498168,0.4145531054161884,False
Mapk1ip1l,6,0,0,0.7047072808151661,0.4402922603366012,False
Mapk3,7,0,0,0.3887228377424673,0.6457183611896538,False
Mapk4,2,0,0,0.9988978288128184,0.6810751871666966,False
Mapk6,6,0,0,0.9613872956381267,0.9968694232085006,False
Mapk7,4,0,0,0.9999106453149894,1.027603872658784,False
Mapk8,5,0,0,0.9613872956381267,0.4781999918871512,False
Mapk8ip1,4,0,0,0.7927426385372717,0.280613205162214,False
Mapk8ip2,2,0,0,0.9999106453149894,0.971683935509393,False
Mapk8ip3,5,0,0,0.8381373548854564,0.451352372797192,False
Mapk9,6,0,0,0.9235234228535996,0.620544881511771,False
Mapkap1,6,0,0,0.9943730809498168,0.5100285009030069,False
Mapkapk2,7,0,0,0.7241145518936618,0.4462483065178127,False
Mapkapk3,1,0,0,,0.2190525110073583,False
Mapkapk5,2,0,0,,0.7243471798801203,False
Mapkbp1,3,0,0,,0.3505576476100072,False
Mapre1,7,0,0,0.6826608681961512,0.4465908802885955,False
Mapre2,6,0,0,0.914200400224126,0.3686083313964296,False
Mapre3,6,0,0,0.9409591659538614,0.3247332110995482,False
Mapt,4,0,0,0.9409257914200232,0.2331273658157032,False
Marc2,7,0,0,0.8352963943797552,0.7196289551345026,False
March1,4,1,1,0.0114737767326867,1.0615404783015188,True
March2,6,0,0,0.7787626044774035,0.5499263301957358,False
March5,6,0,0,0.968342392260438,0.3242636830851567,False
March6,5,0,0,0.8304796525639428,0.264608991467374,False
March7,7,0,0,0.9054228263761034,1.1422912857903642,False
March8,6,0,0,0.6287424584505742,0.8147821797913593,False
March9,2,0,0,0.9999106453149894,0.4571830706882547,False
Marcks,7,0,0,0.7075024323671656,0.6546636072966814,False
Marcksl1,5,1,1,0.0024075049229257,1.324198072036508,True
Marf1,6,0,0,0.9276919839072988,0.3584374896146922,False
Mark1,3,0,0,0.9999106453149894,0.5637544331277303,False
Mark2,6,0,0,0.5478349178178319,0.3283517840855174,False
Mark3,6,0,0,0.8304796525639428,0.1817902190447554,False
Mark4,5,0,0,0.9997978488301602,0.6339581020784117,False
Mars,6,0,0,0.829388260330224,0.7140898760424805,False
Mars2,2,0,0,0.9999106453149894,0.2016482125497715,False
Marveld1,1,0,0,,0.5276373351678694,False
Marveld2,1,0,0,,0.5005632592851287,False
Masp1,3,0,0,0.9999106453149894,0.713132204322851,False
Mast2,5,0,0,0.9970554848778064,0.5763662848136781,False
Mast3,4,0,0,0.7054997161303352,0.2096703466252261,False
Mast4,6,0,0,0.883667942497365,0.4825302090404775,False
Mastl,1,0,0,,0.3259683071490117,False
Mat2a,7,0,0,0.074344285750615,0.5117648047966534,False
Mat2b,6,0,0,0.9048747464337078,0.2551250537632071,False
Matk,2,0,0,0.8062963167231335,1.4616054926916768,False
Matn2,1,0,0,,0.200531213654269,False
Matn4,3,0,0,0.3628435598596702,0.977627200823828,False
Matr3,7,0,0,0.8348517555991797,0.3774519487990472,False
Mau2,5,0,0,0.9982981583088236,0.3818665888896662,False
Mavs,4,0,0,,0.2626847638100731,False
Max,6,0,0,0.7079139778704195,0.5320748015502116,False
Maz,6,0,0,0.8184268067030914,0.3827892012546283,False
Mb21d2,2,0,0,0.9999106453149894,0.1804191204209857,False
Mbd1,5,0,0,0.9559766890014496,0.5443668139576506,False
Mbd2,7,0,0,0.6691946790661747,0.8388719757617409,False
Mbd3,7,0,0,0.4305705324892002,0.6180851704569472,False
Mbd4,3,0,0,0.9999106453149894,0.3696554098201453,False
Mbd5,5,0,0,0.97714218428337,0.3251834341230309,False
Mbd6,5,0,0,0.8098104630732278,0.4428407643410008,False
Mbip,5,0,0,0.9771941538254924,0.3636437915664736,False
Mblac1,1,0,0,,0.7621931000397907,False
Mblac2,5,0,0,0.9409257914200232,0.495288767003357,False
Mbnl1,7,0,0,0.1733497807550575,0.5522454512205042,False
Mbnl2,7,0,0,0.9614961848933092,0.4208904182138244,False
Mboat1,2,0,0,0.7219898531681916,0.369711886834098,False
Mboat2,3,0,0,0.9613872956381267,0.3464204121932294,False
Mboat7,5,0,0,0.5252229361052657,0.3936344176793084,False
Mbp,7,2,2,0.0009035413980022,1.047420399656367,True
Mbtd1,5,0,0,0.7819212764210148,0.5669029037765132,False
Mbtps1,6,0,0,0.9524660103656164,0.451466127543129,False
Mbtps2,4,0,0,0.9997978488301602,0.6242595015453406,False
Mc5r,1,0,0,0.9999106453149894,0.5909031849208847,False
Mcam,1,0,0,0.519528960032659,0.3240750257919195,False
Mcat,3,0,0,,0.5546532899590603,False
Mcc,2,0,0,0.9988978288128184,0.150792769291027,False
Mccc1,6,0,0,0.8424121802998759,0.6591349169413567,False
Mccc2,4,0,0,0.9999106453149894,0.8315101184371357,False
Mcee,6,0,0,0.9784212791584648,0.4151581345655312,False
Mcf2l,3,0,0,0.9997978488301602,0.2585137845451563,False
Mcfd2,7,0,0,0.5086811856719438,0.5087156226003623,False
Mcl1,7,0,0,0.8767627648475128,0.6731712218382906,False
Mcm2,2,0,0,,1.0028519680951464,False
Mcm3,4,0,0,0.9997978488301602,0.4538666034536642,False
Mcm3ap,5,0,0,0.9693377484700088,1.1153410868296088,False
Mcm4,4,0,0,0.9997978488301602,0.3029481829897015,False
Mcm5,3,0,0,0.9999106453149894,1.0025039353566825,False
Mcm6,4,0,0,0.9997978488301602,0.4817051609836201,False
Mcm7,5,0,0,0.6859738225884412,0.6252140102716709,False
Mcm8,1,0,0,,0.5007463476883443,False
Mcm9,4,0,0,0.9999106453149894,0.4856997740651265,False
Mcmbp,5,0,0,0.3610860401336594,0.4411571066928206,False
Mcoln1,4,0,0,0.9419549998954132,0.1619345172728891,False
Mcph1,1,0,0,,0.4114144643376185,False
Mcrip1,7,0,0,0.752909449770359,0.3364743158654167,False
Mcrip2,4,0,0,0.999465548143242,0.5056399155171021,False
Mcrs1,6,0,0,0.8667737457308301,0.5304746667352648,False
Mctp1,1,0,0,,0.0333691989255657,False
Mcts1,6,0,0,0.7334024540777723,0.896391095842366,False
Mcts2,6,0,0,0.999465548143242,0.5797885244312729,False
Mcu,5,0,0,0.9999106453149894,0.538626865952022,False
Mcub,1,0,0,0.9997978488301602,0.7626340322176043,False
Mcur1,6,0,0,0.5679447241610039,0.5659783404820102,False
Mdc1,4,0,0,0.9997978488301602,0.5860619799618315,False
Mdfi,1,0,0,,0.4077604541699478,False
Mdfic,4,0,0,0.998947809908267,0.7898735391012356,False
Mdga2,3,0,0,0.4318360542677162,0.4262530449445496,False
Mdh1,7,0,0,0.5546467309271519,0.447251406081496,False
Mdh2,7,0,0,0.0522174655734058,1.2628725921685566,False
Mdk,4,0,0,0.9988978288128184,0.8530021656992479,False
Mdm1,2,0,0,0.999465548143242,0.7440340463642265,False
Mdm2,6,0,0,0.7997160658979882,0.453263419200969,False
Mdm4,5,0,0,0.9693173613201306,0.1664232769731987,False
Mdn1,4,0,0,0.8070067535621716,0.6932309507511087,False
Mdp1,6,0,0,0.9879647222525472,0.83902529382562,False
Me1,4,0,0,0.9853391978197256,0.2429007194708443,False
Me2,5,0,0,0.9320339787755104,0.734005989585048,False
Me3,3,0,0,0.999465548143242,0.7057273208060774,False
Mea1,6,0,0,0.9409257914200232,0.8785961744627604,False
Meaf6,6,0,0,0.962130789122402,0.6073247162105935,False
Meak7,1,0,0,,0.1029639112014714,False
Mecom,2,0,0,0.999465548143242,0.3298145241512464,False
Mecp2,6,0,0,0.8263141711509586,0.4395132904882108,False
Mecr,4,0,0,0.999465548143242,0.2203028756348613,False
Med1,6,0,0,0.9425336382946262,0.2603343083746143,False
Med10,6,0,0,0.9810146047014744,0.1866017696226096,False
Med11,3,0,0,0.9997978488301602,0.2214219726110813,False
Med12,5,0,0,0.7379777657913047,0.4087461280424218,False
Med12l,3,0,0,0.9999106453149894,0.8062474877424253,False
Med13,6,0,0,0.4030368719234025,0.9481130580028028,False
Med13l,5,0,0,0.9669674479017434,0.7221286257284266,False
Med14,5,0,0,0.9997978488301602,0.4973105278357277,False
Med15,5,0,0,0.9434392934513736,0.2096167703391386,False
Med16,5,0,0,0.999465548143242,0.6944634962278278,False
Med17,5,0,0,0.9926237465626456,0.3040756144845811,False
Med18,2,0,0,,0.239159959684674,False
Med19,6,0,0,0.9932527654424816,0.1742239292876631,False
Med20,5,0,0,0.9890147171955024,0.4430871378209559,False
Med21,6,0,0,0.7468108637648934,0.4317706868961756,False
Med22,5,0,0,0.9409257914200232,0.7209289647283623,False
Med23,5,0,0,0.9997978488301602,0.4014410442485143,False
Med24,5,0,0,0.9997978488301602,0.9407374800194116,False
Med25,6,0,0,0.7981419645204373,0.4117665910160284,False
Med26,2,0,0,,0.6393668542092877,False
Med27,6,0,0,0.8484817679800409,1.1621520946036787,False
Med28,7,0,0,0.8933593320197283,0.1920637273629397,False
Med29,6,0,0,0.9867318244790833,0.4712628409117714,False
Med30,6,0,0,0.8376270266785371,0.2589159360178965,False
Med31,6,0,0,0.8533643096785648,0.2797851910602297,False
Med4,6,0,0,0.9784212791584648,0.4048043186674981,False
Med6,6,0,0,0.987856211944101,0.1859909006909831,False
Med7,6,0,0,0.9070647896477066,0.3670920873365225,False
Med8,6,0,0,0.9341769146397448,0.1934409078145991,False
Med9,6,0,0,0.9908063682689148,0.2855331446349118,False
Mef2a,7,0,0,0.2890507304012448,1.1005132287048829,False
Mef2c,6,0,0,0.9910200478868304,0.4124591021754843,False
Mef2d,6,0,0,0.9145420718215802,0.5228339779968748,False
Meg3,5,0,0,0.999465548143242,0.579429275495951,False
Megf10,3,0,0,0.0957762195532929,0.6291081670636628,False
Megf11,1,0,0,0.9999106453149894,0.0571891857828069,False
Megf6,1,0,0,0.9997978488301602,0.1062103760779558,False
Megf8,4,0,0,,1.4004609923569258,False
Megf9,4,0,0,0.393022650393097,0.5358014508712208,False
Meig1,1,0,0,0.999465548143242,0.0121394084361855,False
Meis1,2,0,0,0.9810146047014744,0.6000835936960485,False
Meis2,3,0,0,0.9550624901828332,0.2534212619469073,False
Meis3,2,0,0,0.9999106453149894,0.56642820478248,False
Memo1,6,0,0,0.796450664129151,0.5913875105125507,False
Men1,5,0,0,0.9997978488301602,0.4019232063898111,False
Meox1,2,0,0,0.9997978488301602,0.5306122533096167,False
Mepce,5,0,0,0.8058406872380226,0.6521657403432878,False
Mertk,5,0,0,0.8718050163204013,1.6060505169271846,False
Mesd,6,0,0,0.8992872603476387,0.4853449388874106,False
Mest,2,0,0,0.999465548143242,0.2089630995501588,False
Metap1,6,0,0,0.7002151883229051,1.1677978250645311,False
Metap1d,5,0,0,0.8361316425588403,0.2946154963248036,False
Metap2,7,0,0,0.72783885033596,0.732337966243086,False
Metrn,5,0,0,0.9926237465626456,0.3731987004711205,False
Metrnl,5,0,0,0.998947809908267,1.2776058878501522,False
Mettl1,4,0,0,0.9409257914200232,0.3525293954122619,False
Mettl14,5,0,0,0.7439480729467459,0.4475596623644791,False
Mettl15,2,0,0,,0.7029134879111547,False
Mettl16,6,0,0,0.3793258415368992,0.5884969326890854,False
Mettl17,4,0,0,,0.4496288924831742,False
Mettl18,3,0,0,0.999465548143242,0.4720241736521257,False
Mettl2,2,0,0,,0.2307840666260209,False
Mettl21a,3,0,0,,0.6398514312699506,False
Mettl22,4,0,0,0.9999106453149894,0.7794385167305413,False
Mettl23,6,0,0,0.9856052944689958,0.2359993446490643,False
Mettl25,2,0,0,,0.5642587151327101,False
Mettl26,6,0,0,0.9603469151708518,0.4461114547936436,False
Mettl27,1,0,0,0.999465548143242,0.1749994464689041,False
Mettl3,4,0,0,0.9999106453149894,0.4416659338510835,False
Mettl4,4,0,0,0.9999106453149894,0.3997499978327763,False
Mettl5,6,0,0,0.9761340426509554,0.237085884674961,False
Mettl6,5,0,0,0.9997978488301602,0.9546736957688864,False
Mettl7a1,5,0,0,0.5093839661019232,0.5324752494594921,False
Mettl8,3,0,0,,0.7609299235596,False
Mettl9,6,0,0,0.8919289232130931,0.5701449148060986,False
Mex3a,1,0,0,,0.127500182409461,False
Mex3b,3,0,0,0.9999106453149894,0.1401570405965743,False
Mex3c,6,0,0,0.8402201583633553,0.5697643648962781,False
Mex3d,4,0,0,0.9446358271558832,0.3135767853658611,False
Mfap1a,6,0,0,0.7176123302080766,0.4931883309719189,False
Mfap1b,6,0,0,0.8029696953212778,0.4100617161075334,False
Mfap2,1,0,0,0.9999106453149894,0.0929930539533917,False
Mfap3,5,0,0,0.9720769386015962,0.3558579550074129,False
Mfap3l,2,0,0,0.9988978288128184,0.8215112579230119,False
Mff,6,0,0,0.4724465042149813,0.3584834673709084,False
Mfge8,6,0,0,0.987679511949528,0.9531834615482526,False
Mfhas1,4,0,0,0.9255183022537408,0.3929385457470274,False
Mfn1,6,0,0,0.71968485140731,0.5493491687223323,False
Mfn2,6,0,0,0.9389728124425808,0.7321943926983161,False
Mfng,2,0,0,0.8897181118080411,0.1228630790762217,False
Mfsd1,6,0,0,0.9070647896477066,0.8437006105072389,False
Mfsd10,4,0,0,0.9997978488301602,1.0000444660978622,False
Mfsd11,6,0,0,0.3788336225912267,0.9561647054059952,False
Mfsd12,2,0,0,,0.5577646078588251,False
Mfsd13a,4,0,0,0.9999106453149894,0.4811841847740288,False
Mfsd14a,6,0,0,0.8809515385344964,1.14878208748951,False
Mfsd14b,5,0,0,0.9050496600960076,0.247807485486026,False
Mfsd2a,4,0,0,0.2424356498663011,1.6028521914637954,False
Mfsd3,2,0,0,,0.2522845754162437,False
Mfsd4a,3,0,0,0.9997978488301602,1.0377844792783206,False
Mfsd5,5,0,0,0.8466334025001002,0.4447103991401483,False
Mfsd6,3,0,0,0.977017223345402,0.2894533242693526,False
Mfsd7a,1,0,0,,0.2465639828862269,False
Mfsd8,4,0,0,0.9771941538254924,0.4371873523429988,False
Mga,6,0,0,0.775998751597253,0.3267834817884755,False
Mgat1,6,0,0,0.8246638817736616,0.6116193744948492,False
Mgat2,6,0,0,0.971032361525934,0.5732765308382299,False
Mgat3,2,0,0,0.5643419315878435,0.5450766176620415,False
Mgat4a,3,0,0,0.7418041516038367,0.159884086760285,False
Mgat4b,6,0,0,0.7363771678068991,0.6186156139721033,False
Mgat4c,1,0,0,,0.3117952017831526,False
Mgat5,4,0,0,0.7316551831793551,0.7902709889326941,False
Mgat5b,1,0,0,0.9999106453149894,0.071891206596384,False
Mgl2,1,0,0,0.998947809908267,0.3593868191231112,False
Mgll,6,0,0,0.72783885033596,0.2341811019038447,False
Mgme1,4,0,0,0.9999106453149894,0.7646450971779524,False
Mgmt,2,0,0,,1.0086414626726938,False
Mgp,1,0,0,0.9997978488301602,0.3043455392656533,False
Mgrn1,6,0,0,0.987856211944101,0.2733178744346921,False
Mgst1,3,0,0,0.999465548143242,0.5438422809114768,False
Mgst3,6,0,0,0.9584761365261044,0.4776290586323514,False
Mia,1,0,0,0.999465548143242,0.1318791683942554,False
Mia2,7,0,0,0.9375010146418976,0.5701017429272072,False
Mia3,5,0,0,0.9366721143558826,0.1972247711574692,False
Miat,1,0,0,0.9999106453149894,0.1296195110343085,False
Mib1,6,0,0,0.8727597914628661,0.3856495734311696,False
Mib2,4,0,0,0.9997978488301602,0.4688529222023467,False
Mical1,3,0,0,0.9997978488301602,0.9507438615037188,False
Mical2,1,0,0,0.9988978288128184,0.501342382194342,False
Mical3,5,0,0,0.8561572451790562,0.7686077228208266,False
Micall1,4,0,0,0.2939899469804312,0.5315327791036973,False
Micos10,7,0,0,0.9481014030106708,0.3865767421002077,False
Micos13,7,0,0,0.8711099682071693,0.2131949849115159,False
Micu1,6,0,0,0.9772420733399642,0.3900853664582058,False
Micu2,6,0,0,0.9262519819121816,0.3819896845878182,False
Micu3,6,0,0,0.4013783687071286,0.4939582967556306,False
Mid1,4,0,0,0.5713779383114799,0.5743666639760189,False
Mid1ip1,7,0,0,0.9603469151708518,0.4990771880847642,False
Mid2,2,0,0,,0.4446026234880892,False
Midn,7,0,0,0.3528482971563773,1.1150998834755173,False
Mief1,4,0,0,,0.9258065943899728,False
Mief2,2,0,0,,0.2536215441062203,False
Mien1,7,0,0,0.3816570820366673,0.4714577614805975,False
Mier1,7,0,0,0.536157421339257,0.5560805524768628,False
Mier2,2,0,0,,0.2472800399293233,False
Mier3,5,0,0,0.9997978488301602,0.8558995226264139,False
Mif,7,0,0,0.7195904017085919,0.2400580805366974,False
Mif4gd,6,0,0,0.6499588292901043,0.3624611522500519,False
Miga1,6,0,0,0.99004022795655,0.6258107319542835,False
Miga2,3,0,0,,0.1854808646334872,False
Miip,5,0,0,0.999465548143242,0.7590889094219259,False
Mill2,1,0,0,0.9997978488301602,0.0302967889376511,False
Milr1,2,0,0,,0.329479704581626,False
Minar2,2,0,0,0.9999106453149894,0.2193714097976123,False
Mindy1,6,0,0,0.8857775141435104,0.6257309561187638,False
Mindy2,7,0,0,0.8907045804613761,0.4557283391929945,False
Mindy3,6,0,0,0.8642152612973348,0.9055711609453948,False
Mink1,5,0,0,0.9988978288128184,0.5384086332458982,False
Minpp1,5,0,0,0.9320339787755104,0.1921764026627268,False
Mios,5,0,0,0.9999106453149894,1.166639192495587,False
Mipep,4,0,0,0.999465548143242,1.1662629858324418,False
Mipol1,3,0,0,,0.524784188485094,False
Mir100hg,4,0,0,0.8659477858743485,0.3091229109213474,False
Mir124-2hg,2,0,0,0.9988978288128184,0.2865914845993163,False
Mir124a-1hg,1,0,0,0.9999106453149894,0.1179906317223722,False
Mir142hg,1,0,0,0.8688204106272942,0.4048535245841727,False
Mir17hg,1,0,0,,0.022014854629013,False
Mir22hg,3,0,0,0.999465548143242,0.563594000510563,False
Mir9-3hg,2,0,0,0.9988978288128184,0.3508574182839389,False
Mir99ahg,4,0,0,0.694295957244932,0.3427745175541529,False
Mis12,5,0,0,0.969283370095672,0.4054245842043099,False
Mis18a,3,0,0,0.9997978488301602,0.5754807127307671,False
Mitd1,6,0,0,0.9155141700581956,0.5281995425196049,False
Mitf,3,0,0,0.4750949231952143,0.6513723600114697,False
Mki67,1,0,0,,1.0894336242325688,False
Mkks,4,0,0,0.999465548143242,0.422069944983291,False
Mkln1,6,0,0,0.9519984253356456,0.4235619301812213,False
Mknk1,4,0,0,0.4675415235629605,0.7383202329659458,False
Mknk2,5,0,0,0.1431343653526359,0.5490478425000311,False
Mkrn1,7,0,0,0.8913433305157492,0.3586728486186445,False
Mkrn2,5,0,0,0.8709216205401669,0.7056860710717842,False
Mks1,3,0,0,,0.3942141294562016,False
Mlc1,3,0,0,0.9988978288128184,0.2792779928308666,False
Mlec,7,0,0,0.7962660292843572,0.5628036239371449,False
Mlf1,1,0,0,0.999465548143242,0.1941958087122923,False
Mlf2,7,0,0,0.6125964417721538,0.5841058154522235,False
Mlh1,3,0,0,,1.0326683213431267,False
Mlh3,5,0,0,0.8065965269489748,0.3276477532407011,False
Mllt1,5,0,0,0.9997978488301602,0.975641885806372,False
Mllt10,6,0,0,0.8235607025091577,0.3389483282687304,False
Mllt11,4,0,0,0.9999106453149894,0.53557474597213,False
Mllt3,5,0,0,0.987856211944101,0.485519093933359,False
Mllt6,6,0,0,0.854903191409526,0.86726126134213,False
Mlph,1,0,0,0.7418041516038367,0.2289651604111471,False
Mlst8,4,0,0,0.9999106453149894,0.813608748150323,False
Mlx,6,0,0,0.9890147171955024,0.6985841825039208,False
Mlxip,4,0,0,0.9999106453149894,0.598768841993893,False
Mlxipl,2,0,0,0.9726582350447772,0.5530438568443287,False
Mlycd,6,0,0,0.8148289407526745,0.581397361049494,False
Mmaa,5,0,0,0.999465548143242,0.3359961203523025,False
Mmab,2,0,0,,0.5235483936448226,False
Mmachc,2,0,0,,0.9738039745864514,False
Mmadhc,6,0,0,0.9965112648165114,0.4393307222372697,False
Mmd,4,0,0,0.999465548143242,0.618168347818754,False
Mmd2,4,0,0,0.9988978288128184,1.1229821158261986,False
Mmgt1,5,0,0,0.6733823720494969,0.40385508135732,False
Mmgt2,2,0,0,0.999576737147644,0.09133067994013,False
Mmp14,3,0,0,0.9999106453149894,0.821933813961522,False
Mmp15,3,0,0,0.9997978488301602,1.2132057325214347,False
Mmp16,2,0,0,0.9999106453149894,0.2434214572857311,False
Mmp17,1,0,0,0.9999106453149894,0.07821646894367,False
Mmp2,2,0,0,0.9999106453149894,0.4391311263937769,False
Mmp28,1,0,0,,0.9309022907580315,False
Mmrn2,1,0,0,0.9997978488301602,0.0439188080245193,False
Mms19,4,0,0,0.9997978488301602,0.4672799998553533,False
Mms22l,1,0,0,,0.2428237071643267,False
Mmut,6,0,0,0.9464553737160162,1.2944914381995631,False
Mnat1,6,0,0,0.9885204868030568,0.6996515151198428,False
Mndal,1,0,0,0.998947809908267,0.1704561891495233,False
Mns1,1,0,0,0.999465548143242,0.2284105058233324,False
Mnt,4,0,0,0.8474580725996875,0.321449475018494,False
Mob1a,7,0,0,0.4298703729752186,0.7410804861935756,False
Mob1b,6,0,0,0.999465548143242,0.652108484117318,False
Mob2,6,0,0,0.8086027492108316,0.4400658497903264,False
Mob3a,2,0,0,,0.4081600467068391,False
Mob3b,2,0,0,0.5289820725153824,0.5110403775496646,False
Mob3c,1,0,0,0.9447571511578672,0.0763062966378909,False
Mob4,6,0,0,0.9493003219839952,0.1628438924437528,False
Mobp,7,2,2,0.0442679055064904,1.0511430590069994,True
Mocs1,2,0,0,,0.516180011859055,False
Mocs2,6,0,0,0.6092919021434547,0.3259026398264932,False
Mocs3,2,0,0,,0.1939433900492112,False
Mog,2,0,0,0.9771941538254924,0.4437766651185042,False
Mogat1,1,0,0,,0.0206961360481888,False
Mogs,3,0,0,,0.446217360363869,False
Mok,1,0,0,0.999465548143242,0.3518964960363427,False
Mon1a,2,0,0,,0.3319433064015698,False
Mon1b,2,0,0,,0.5238024551248313,False
Mon2,6,0,0,0.8110372122555773,0.5333833564548178,False
Morc2a,5,0,0,0.9997978488301602,0.567998035635543,False
Morc3,6,0,0,0.7901325417816933,0.4940215637114866,False
Morc4,1,0,0,,0.5147732801695561,False
Morf4l1,7,0,0,0.8402201583633553,0.2070115240153723,False
Morf4l2,6,0,0,0.9601312667032076,0.4036175596010686,False
Morn1,2,0,0,0.999465548143242,0.4595068717713551,False
Morn2,6,0,0,0.7200580141325177,0.4080256342608278,False
Morn4,1,0,0,,0.7492416410722414,False
Morn5,1,0,0,0.999465548143242,0.8053265868799875,False
Mosmo,6,0,0,0.9568661914986007,0.2369546853222623,False
Mospd1,6,0,0,0.999465548143242,0.7009498074920901,False
Mospd2,6,0,0,0.5289820725153824,0.4853549847518867,False
Mospd3,6,0,0,0.999465548143242,0.966161455377392,False
Mov10,1,0,0,,0.3929050942092966,False
Mpc1,7,0,0,0.9626898966973528,0.3621898243491392,False
Mpc2,7,0,0,0.694295957244932,0.3249340343237837,False
Mpdu1,6,0,0,0.2506496753436906,0.5332431901126234,False
Mpdz,5,0,0,0.3788336225912267,1.1955574243147191,False
Mpeg1,2,0,0,0.3892098463871987,0.2449320922283706,False
Mpg,5,0,0,0.999465548143242,0.4567501628900524,False
Mphosph10,6,0,0,0.9384240542360724,0.3786003060784389,False
Mphosph6,6,0,0,0.8130255844802706,0.4964890864695244,False
Mphosph8,6,0,0,0.8943672008706841,0.3965211314151891,False
Mphosph9,5,0,0,0.9997978488301602,0.5095610324106733,False
Mpi,4,0,0,0.999465548143242,1.124592420207442,False
Mplkip,6,0,0,0.8781770920570142,0.7856951027368603,False
Mpnd,6,0,0,0.4965997044503973,0.8786461392898782,False
Mpp1,7,0,0,0.998947809908267,0.8878123726215064,False
Mpp2,3,0,0,0.9771941538254924,0.5276790620556451,False
Mpp5,6,0,0,0.8130255844802706,0.2378148560098695,False
Mpp6,4,0,0,0.9452477741013996,0.6667461445940134,False
Mpp7,5,0,0,0.999465548143242,0.9473470418636706,False
Mppe1,5,0,0,0.999465548143242,0.6852837378915559,False
Mpped1,1,0,0,0.9999106453149894,0.0409145154236011,False
Mpped2,4,0,0,0.9997978488301602,0.4560781931196016,False
Mprip,6,0,0,0.9932527654424816,0.3760326457664522,False
Mpst,6,0,0,0.9879647222525472,0.3899245019628489,False
Mpv17,6,0,0,0.8919289232130931,0.408383438177795,False
Mpv17l,5,0,0,0.9505317965280872,0.3334724942182199,False
Mpv17l2,6,0,0,0.9236923315865582,1.3258723322309376,False
Mpzl1,4,0,0,0.8667737457308301,0.4223958982672275,False
Mr1,4,0,0,0.999465548143242,0.1825144746900598,False
Mras,5,0,0,0.7316551831793551,0.5034958413439337,False
Mrc1,2,0,0,0.998947809908267,0.4944941620113167,False
Mrc2,1,0,0,,1.1721902493300438,False
Mre11a,4,0,0,0.9999106453149894,0.4209406736631756,False
Mrfap1,7,0,0,0.8561572451790562,0.2375999003333241,False
Mrgbp,6,0,0,0.999465548143242,0.7694302697406359,False
Mrgpre,1,0,0,,1.0642066777107464,False
Mri1,6,0,0,0.999465548143242,1.9639800933445104,False
Mrm1,2,0,0,,0.3077431054731863,False
Mrm2,3,0,0,,0.6690088647507967,False
Mrm3,3,0,0,,0.4560131304388439,False
Mrnip,2,0,0,,0.5977271982734768,False
Mro,2,0,0,0.9988978288128184,0.1597661722419939,False
Mroh1,6,0,0,0.999465548143242,0.7105040978195183,False
Mroh7,1,0,0,,0.1072036222638598,False
Mrpl1,6,0,0,0.483974056430391,0.6859769686637486,False
Mrpl10,6,0,0,0.9771941538254924,0.4644336748040346,False
Mrpl11,6,0,0,0.9772420733399642,0.1226667294411978,False
Mrpl12,6,0,0,0.2916665685676501,0.4786894346121668,False
Mrpl13,6,0,0,0.9971969115348804,0.3257825976963102,False
Mrpl14,7,0,0,0.942371774006941,0.4898949118685148,False
Mrpl15,6,0,0,0.9389728124425808,0.2832241544908018,False
Mrpl16,6,0,0,0.8904498303611323,0.4957554703773193,False
Mrpl17,6,0,0,0.90580860873697,0.4425866224433471,False
Mrpl18,6,0,0,0.5628438977412534,0.3083748324106053,False
Mrpl19,6,0,0,0.9786874948930776,0.5619071579331901,False
Mrpl2,6,0,0,0.8667737457308301,0.4475623246440839,False
Mrpl20,6,0,0,0.9214902945668906,0.3382647079078683,False
Mrpl21,6,0,0,0.8402201583633553,0.4972342566971728,False
Mrpl22,6,0,0,0.9613872956381267,0.2726108828751349,False
Mrpl23,7,0,0,0.6644586706753683,0.4181400573199419,False
Mrpl24,7,0,0,0.8496976767411729,0.3941371609079153,False
Mrpl27,6,0,0,0.99004022795655,0.1889333886489528,False
Mrpl28,6,0,0,0.9524660103656164,0.2669753135980663,False
Mrpl3,6,0,0,0.9386397008234592,0.5900780174679741,False
Mrpl30,7,0,0,0.636587378038481,0.3543971606631491,False
Mrpl32,6,0,0,0.9333672193684552,0.3306648681494498,False
Mrpl33,7,0,0,0.7691943808384463,0.3972385879258522,False
Mrpl34,6,0,0,0.9373006760512174,0.3279695933287559,False
Mrpl35,6,0,0,0.6907434803251943,0.4594549242461398,False
Mrpl36,6,0,0,0.8976496990397612,0.2882230328922313,False
Mrpl37,5,0,0,0.999465548143242,0.6544162970291377,False
Mrpl38,6,0,0,0.4928747258208115,0.5194281851020583,False
Mrpl39,6,0,0,0.8719440753032909,0.5851580585256256,False
Mrpl4,6,0,0,0.5543582804341073,0.5333352493688588,False
Mrpl40,6,0,0,0.914200400224126,0.303938207706249,False
Mrpl41,6,0,0,0.8992872603476387,0.3983663999686425,False
Mrpl42,7,0,0,0.9720769386015962,0.32921675202167,False
Mrpl43,6,0,0,0.9375010146418976,0.3765438247635932,False
Mrpl44,6,0,0,0.999465548143242,0.3237931977156847,False
Mrpl45,6,0,0,0.9613872956381267,0.6292474937978977,False
Mrpl46,6,0,0,0.914200400224126,0.5131888139053713,False
Mrpl47,6,0,0,0.999465548143242,1.2927028865362755,False
Mrpl48,6,0,0,0.8098104630732278,0.2874557847646987,False
Mrpl49,6,0,0,0.9867318244790833,0.5602049296622134,False
Mrpl50,6,0,0,0.9693377484700088,0.431044089555788,False
Mrpl51,7,0,0,0.9375010146418976,0.2706897911124085,False
Mrpl52,7,0,0,0.5086811856719438,0.3749530644853021,False
Mrpl53,6,0,0,0.7624273136750327,0.5560048904736652,False
Mrpl54,6,0,0,0.8329385088191515,0.2412144767109803,False
Mrpl55,6,0,0,0.9498509527323384,0.3407570767244628,False
Mrpl57,6,0,0,0.90580860873697,0.3135816305292588,False
Mrpl58,6,0,0,0.97714218428337,0.1974938467153917,False
Mrpl9,6,0,0,0.9968686966296116,0.1719003498779517,False
Mrps10,6,0,0,0.8436289172168773,0.4379419709405065,False
Mrps11,6,0,0,0.9389728124425808,0.5444767444017004,False
Mrps12,6,0,0,0.914200400224126,0.372356944288559,False
Mrps14,7,0,0,0.96438277861516,0.5633138945315397,False
Mrps15,6,0,0,0.6198649416519745,0.3845013276270594,False
Mrps16,6,0,0,0.8904498303611323,0.1687013429086908,False
Mrps17,6,0,0,0.8919086693478658,0.3775231771390618,False
Mrps18a,6,0,0,0.9007266118211642,0.5796373067625238,False
Mrps18b,6,0,0,0.0506561254876631,1.2385245523484072,False
Mrps18c,6,0,0,0.9970554848778064,0.2530196932332479,False
Mrps2,3,0,0,,0.7237853664004715,False
Mrps21,7,0,0,0.9415287638172926,0.4701692150410844,False
Mrps22,5,0,0,0.9409257914200232,0.6681143955698051,False
Mrps23,6,0,0,0.9603469151708518,0.4824408890466699,False
Mrps24,7,0,0,0.8781770920570142,0.3531342822117223,False
Mrps25,6,0,0,0.7990244019062459,0.3714131091315343,False
Mrps26,6,0,0,0.977017223345402,0.1529468177508577,False
Mrps27,3,0,0,0.9999106453149894,1.1964202404688096,False
Mrps28,6,0,0,0.9592555940208156,0.3943932707624619,False
Mrps30,6,0,0,0.97714218428337,0.5254114385458243,False
Mrps31,6,0,0,0.9784212791584648,0.405458489444496,False
Mrps33,7,0,0,0.5478349178178319,0.6066510574796417,False
Mrps34,6,0,0,0.6364671617493949,0.3495368986193685,False
Mrps35,6,0,0,0.999465548143242,0.3522281048961073,False
Mrps36,6,0,0,0.7927426385372717,0.280603597789395,False
Mrps5,6,0,0,0.9771941538254924,0.3824508948572981,False
Mrps6,6,0,0,0.4298703729752186,0.56416067362646,False
Mrps7,6,0,0,0.9434392934513736,0.3643684711080349,False
Mrps9,6,0,0,0.994719010761648,0.4482228879785206,False
Mrrf,3,0,0,0.9997978488301602,0.7358563620485603,False
Mrs2,6,0,0,0.8667737457308301,0.4840730879474595,False
Mrtfa,3,0,0,,0.2578533817166413,False
Mrtfb,5,0,0,0.9970554848778064,0.3562226659445697,False
Mrto4,6,0,0,0.9867318244790833,0.614537541244456,False
Ms4a6b,2,0,0,0.955505800672689,0.2455358788007834,False
Ms4a6c,2,0,0,0.998947809908267,0.713227523406494,False
Ms4a6d,2,0,0,0.9609836761753684,0.8592930583479506,False
Ms4a7,1,0,0,0.998947809908267,0.1798308721844483,False
Msantd2,5,0,0,0.9997978488301602,0.3838824108045153,False
Msantd3,4,0,0,0.9997978488301602,0.2406549055075583,False
Msantd4,6,0,0,0.8667737457308301,0.5884969662051269,False
Msh2,5,0,0,0.9997978488301602,0.2714113997316427,False
Msh3,5,0,0,0.8781770920570142,0.8020916353670652,False
Msh6,2,0,0,,0.4367452732407685,False
Msi1,3,0,0,0.9988978288128184,0.4045196305263009,False
Msi2,6,0,0,0.7157482759020479,0.8521415706137349,False
Msl1,6,0,0,0.7452778002138197,0.265186122851534,False
Msl2,5,0,0,0.6539941352434602,0.4764561002547371,False
Msl3,6,0,0,0.9741650859559596,0.3438468059650194,False
Msl3l2,4,0,0,0.8923275329903,0.4225179290988273,False
Msmo1,6,0,0,0.9613872956381267,1.0758500194974157,False
Msn,7,0,0,0.7573064249629723,0.7625534032570037,False
Msr1,1,0,0,0.998947809908267,0.1823473309722767,False
Msra,6,0,0,0.999465548143242,0.4907240972271346,False
Msrb1,7,0,0,0.148498897718673,1.342449463588721,False
Msrb2,6,0,0,0.4241399991133129,0.9157723609055328,False
Msrb3,2,0,0,0.9997978488301602,1.1349114804474474,False
Msto1,5,0,0,0.999465548143242,0.5672566276317536,False
Msx1,3,0,0,0.999465548143242,0.773425496489253,False
Mt1,7,2,2,1.3691088105613924e-06,0.9952179284199364,True
Mt2,7,1,1,6.762834474566383e-06,1.3266786422950805,True
Mt3,6,0,0,0.9054228263761034,0.5276806008499313,False
Mta1,6,0,0,0.9771941538254924,0.8321580846857655,False
Mta2,5,0,0,0.439536757499856,0.8504545514888231,False
Mta3,6,0,0,0.9389728124425808,0.9269109113087404,False
Mtap,6,0,0,0.999465548143242,0.7703137517963047,False
Mtbp,1,0,0,,0.1903028519881804,False
Mtch1,7,0,0,0.5275881344745539,0.4384216392247015,False
Mtch2,6,0,0,0.3369667603908876,0.6196114304148238,False
Mtcl1,3,0,0,0.9999106453149894,0.2917844955212414,False
Mtcp1,3,0,0,,0.3085314650130284,False
Mtdh,7,0,0,0.8992872603476387,0.2315096067036007,False
Mterf1a,3,0,0,,0.6066780618073335,False
Mterf2,4,0,0,0.9999106453149894,0.3701441388370989,False
Mterf3,6,0,0,0.9007086742716329,0.2384338854699648,False
Mterf4,6,0,0,0.999465548143242,0.7474674493241762,False
Mtf1,6,0,0,0.7787626044774035,0.4318923132155583,False
Mtf2,5,0,0,0.9539368346968624,0.2657479191309616,False
Mtfmt,2,0,0,,0.1123752634806656,False
Mtfp1,3,0,0,0.999465548143242,0.3366674320007473,False
Mtfr1,5,0,0,0.999465548143242,0.3735874450353817,False
Mtfr1l,6,0,0,0.9603469151708518,0.5145863601650764,False
Mtg1,4,0,0,0.999465548143242,1.0831467442834537,False
Mtg2,6,0,0,0.999465548143242,0.4295643543628829,False
Mthfd1,5,0,0,0.8667737457308301,0.3364641056357864,False
Mthfd1l,2,0,0,,0.6367996380254518,False
Mthfd2,2,0,0,0.9613872956381267,0.3509669442555046,False
Mthfd2l,6,0,0,0.9988978288128184,0.7366516601905465,False
Mthfr,1,0,0,,0.495799319938612,False
Mthfs,6,0,0,0.5700728105358812,0.5054432347190654,False
Mthfsd,6,0,0,0.999465548143242,1.2173131448780972,False
Mthfsl,6,0,0,0.7787626044774035,0.5840850939536677,False
Mtif2,5,0,0,0.9997978488301602,0.6144061530854167,False
Mtif3,4,0,0,0.9997978488301602,0.1312631458062731,False
Mtln,6,0,0,0.5618564203817471,0.3551843385371034,False
Mtm1,6,0,0,0.9307661360146416,0.8876647013890594,False
Mtmr1,6,0,0,0.999465548143242,0.7001969726473701,False
Mtmr10,6,0,0,0.8130255844802706,0.5941976015052128,False
Mtmr11,2,0,0,0.9997978488301602,0.9347740615179236,False
Mtmr12,3,0,0,0.9997978488301602,0.3383706811789768,False
Mtmr14,3,0,0,0.9997978488301602,0.3390944631181174,False
Mtmr2,6,0,0,0.9613872956381267,0.6309893829399992,False
Mtmr3,6,0,0,0.699144657758908,0.4613768561541718,False
Mtmr4,3,0,0,0.9927979722885124,0.4962306894727985,False
Mtmr6,7,0,0,0.5116073062908517,0.7443213587054911,False
Mtmr7,2,0,0,0.9999106453149894,0.887778105897259,False
Mtmr9,4,0,0,0.8204613501816619,0.7127133207029487,False
Mto1,6,0,0,0.999465548143242,0.7288754134694788,False
Mtor,6,0,0,0.924440685750255,0.7097718482379413,False
Mtpap,5,0,0,0.9599919048378922,0.5205000170226672,False
Mtpn,7,0,0,0.942371774006941,0.6345577958626762,False
Mtr,3,0,0,0.9997978488301602,0.2727546923073225,False
Mtrex,6,0,0,0.987072962270334,0.4859338397501447,False
Mtrf1,2,0,0,,0.0674939248903493,False
Mtrf1l,4,0,0,0.9997978488301602,0.7767800485263348,False
Mtrr,2,0,0,,0.1899243916230156,False
Mtss1,7,0,0,0.474800055625751,0.8579390988497819,False
Mtss2,5,0,0,0.6688775509587724,0.9937638358252556,False
Mttp,4,0,0,0.9999106453149894,0.608022597814668,False
Mturn,2,0,0,0.9997978488301602,0.2822241777209169,False
Mtus1,5,0,0,0.153346623267217,0.4850515513888521,False
Mtus2,2,0,0,0.999465548143242,1.6099144113758177,False
Mtx1,6,0,0,0.9879647222525472,0.4847281020246978,False
Mtx2,6,0,0,0.9918882510064204,0.5725152903504153,False
Mtx3,5,0,0,0.999465548143242,1.366744387785148,False
Mul1,6,0,0,0.9691343900630024,1.0829088438662149,False
Mus81,5,0,0,0.9999106453149894,0.4846265680933284,False
Mvb12a,6,0,0,0.6895796115399353,0.598224461329541,False
Mvb12b,6,0,0,0.8246638817736616,0.2336693848923593,False
Mvd,3,0,0,0.9988978288128184,0.1285948025483286,False
Mvk,6,0,0,0.6599665827499437,0.9919395892419884,False
Mvp,4,1,1,0.0459188554132171,0.7379473291702406,True
Mxd1,5,0,0,0.8436289172168773,0.9777962903475652,False
Mxd4,6,0,0,0.5478349178178319,0.5219025440414062,False
Mxi1,6,0,0,0.9235234228535996,0.5797755697830755,False
Mxra7,3,0,0,0.9997978488301602,1.036014242020264,False
Mxra8,2,0,0,,1.1290688464939278,False
Myadm,4,0,0,0.9644314079198152,0.4272736002733105,False
Myadml2,1,0,0,,0.0600985729772561,False
Mybbp1a,6,0,0,0.9524804094922188,0.598517784195084,False
Mybl1,1,0,0,,0.3689328828020905,False
Mybpc3,1,0,0,,0.0094856531119013,False
Myc,1,0,0,0.5679447241610039,0.3659789111315687,False
Mycbp,5,0,0,0.6338232438748905,0.5141018216111085,False
Mycbp2,7,0,0,0.915627991889946,0.2703168348479908,False
Mycbpap,1,0,0,0.999465548143242,0.4511145977238801,False
Mycl,3,0,0,0.9997978488301602,0.8114229546392124,False
Mycn,1,0,0,,0.2789150615121945,False
Myct1,1,0,0,0.9997978488301602,0.098502030151188,False
Myd88,2,0,0,0.5765785639119383,0.318221101939027,False
Mydgf,7,0,0,0.9054228263761034,0.4649557006490054,False
Myef2,6,0,0,0.8341373214314584,0.2807728659462353,False
Myg1,6,0,0,0.7468108637648934,0.388216144181254,False
Myh10,5,0,0,0.999465548143242,0.4403817449699931,False
Myh14,3,0,0,0.4455928012475373,0.6213160655210829,False
Myh7,1,0,0,0.999465548143242,0.4924169469179127,False
Myh9,7,0,0,0.9550624901828332,0.3821389717080899,False
Myl12a,7,0,0,0.3887228377424673,0.7711154134692547,False
Myl12b,7,0,0,0.127494422178352,0.5452794437253722,False
Myl4,2,0,0,0.999465548143242,0.4991642896142659,False
Myl6,7,0,0,0.9486654183157808,0.2622471254356329,False
Myl9,2,0,0,0.9997978488301602,0.860540097054387,False
Mylip,3,0,0,0.1400261676375966,0.5516843358603276,False
Mylk,1,0,0,0.9997978488301602,0.2729832306533122,False
Mylpf,2,0,0,0.9997978488301602,0.2165720489781509,False
Mynn,5,0,0,0.9784212791584648,0.1510319642741858,False
Myo10,5,0,0,0.9988978288128184,0.5771913508380065,False
Myo16,2,0,0,0.999465548143242,0.4130870719893642,False
Myo18a,6,0,0,0.694295957244932,0.6022296358089038,False
Myo18b,1,0,0,,0.6047933719932951,False
Myo1b,2,0,0,0.636587378038481,0.3422022182701281,False
Myo1c,2,0,0,0.9997978488301602,0.2929949831128021,False
Myo1d,2,0,0,0.8416824152986582,0.6968354745840357,False
Myo1e,5,0,0,0.8342713880668973,1.665867265073908,False
Myo1f,2,0,0,0.876523471077198,0.5201138190091279,False
Myo1g,1,0,0,,0.456975100759725,False
Myo5a,6,0,0,0.998947809908267,0.5009704055776123,False
Myo5b,1,0,0,0.999465548143242,0.2530001509992473,False
Myo5c,1,0,0,0.999465548143242,0.2889480044277449,False
Myo6,6,0,0,0.9003760365260199,0.5399668481625252,False
Myo7a,2,0,0,0.999465548143242,0.5285268450893011,False
Myo9a,5,0,0,0.2690748530140653,0.6291121816633735,False
Myo9b,4,0,0,0.948971605215356,0.3629020423900572,False
Myoc,1,0,0,,0.9979363441727483,False
Myof,2,0,0,0.999465548143242,0.1721077293313502,False
Myom1,1,0,0,,0.0108216961272741,False
Myorg,2,0,0,0.9988978288128184,0.3358776727489861,False
Mypop,2,0,0,0.9999106453149894,0.3303531614234353,False
Mypopos,1,0,0,,0.5784196018535235,False
Myrf,2,0,0,0.9779313792064896,0.9216376516828232,False
Myrip,4,0,0,0.999465548143242,0.7220539803181184,False
Mysm1,6,0,0,0.9613872956381267,0.7490802075122664,False
Myt1,1,0,0,0.9999106453149894,0.019452968879505,False
Myt1l,1,0,0,0.9999106453149894,0.3155436892949134,False
Mzt1,6,0,0,0.7873628297365133,0.3214438686606771,False
Mzt2,5,0,0,0.9528353227051498,0.5989135169443045,False
N4bp1,6,0,0,0.8058406872380226,0.8585017629232085,False
N4bp2,5,0,0,0.9997978488301602,0.4552520934545404,False
N4bp2l1,3,0,0,0.9999106453149894,0.8307117053747166,False
N4bp2l2,7,0,0,0.8727597914628661,0.5046026013745563,False
N4bp2os,2,0,0,0.9997978488301602,0.581557827548842,False
N4bp3,2,0,0,0.999465548143242,0.5498052930022356,False
N6amt1,6,0,0,0.8622072670002854,0.8005550430942655,False
Naa10,6,0,0,0.8913433305157492,0.5626590520833838,False
Naa15,6,0,0,0.9451899018703012,0.4812396696209047,False
Naa16,5,0,0,0.9389728124425808,0.451447734625986,False
Naa20,6,0,0,0.9795291385116774,0.1228808897674795,False
Naa25,5,0,0,0.9997978488301602,0.5451125189270185,False
Naa30,6,0,0,0.8894014654233203,0.3207103295109186,False
Naa35,6,0,0,0.9333672193684552,0.4713731444166995,False
Naa38,7,0,0,0.6644586706753683,0.2868851895658652,False
Naa40,4,0,0,0.9999106453149894,0.2386082392451302,False
Naa50,6,0,0,0.6822747866174913,0.3647652546103466,False
Naa60,6,0,0,0.9603469151708518,0.4769894441179548,False
Naa80,5,0,0,0.999465548143242,0.5051369653025641,False
Naaa,4,0,0,0.5289346296491251,0.5863817789496263,False
Naalad2,1,0,0,,0.9875476366435156,False
Naaladl2,1,0,0,,0.4141097659842204,False
Nab1,6,0,0,0.8809255775302922,0.4040362859944942,False
Nab2,2,0,0,,0.3986405822414083,False
Nabp1,3,0,0,0.998947809908267,1.048425046883852,False
Nabp2,6,0,0,0.5289820725153824,0.4750171339506612,False
Naca,7,0,0,0.777245890589481,0.2007760436995205,False
Nacad,1,0,0,0.9926237465626456,0.0126374686001192,False
Nacc1,6,0,0,0.97714218428337,0.7205051102554308,False
Nacc2,6,0,0,0.8634600166467697,0.6461942458545403,False
Nadk,6,0,0,0.9524660103656164,0.7106809137650344,False
Nadk2,6,0,0,0.7949725240749512,0.9704658593234508,False
Nae1,6,0,0,0.9333672193684552,0.6562603702856157,False
Naf1,6,0,0,0.8613731519168618,0.2545379165939063,False
Naga,6,0,0,0.2952840349185354,0.7697576523221169,False
Nagk,6,0,0,0.9771941538254924,0.1915012980293498,False
Naglu,3,0,0,0.6691946790661747,0.3547214850690456,False
Nagpa,3,0,0,0.9871728822651524,0.0314324468181093,False
Naif1,1,0,0,,0.4012314776576163,False
Naip2,1,0,0,0.9565661468830852,0.0726545458400691,False
Naip5,1,0,0,,0.1135538060021957,False
Naip6,1,0,0,,0.1796055099318506,False
Nalcn,2,0,0,0.6049406892551493,0.4755707133743947,False
Nampt,7,0,0,0.9640531979720832,1.2093795405783796,False
Nanos1,3,0,0,0.9997978488301602,1.0739486746324485,False
Nanp,4,0,0,0.999465548143242,1.0908652388043574,False
Nans,5,0,0,0.999465548143242,0.6297370141861389,False
Nap1l1,7,0,0,0.9644437000064672,0.3139709102091331,False
Nap1l2,1,0,0,0.9999106453149894,0.0786092524296188,False
Nap1l3,3,0,0,0.9741650859559596,0.3142044727854646,False
Nap1l4,6,0,0,0.9451899018703012,0.4388918887939376,False
Nap1l5,4,0,0,0.909070435557808,0.6007842991713856,False
Napa,7,0,0,0.4642660098747118,0.9124099365934112,False
Napb,4,0,0,0.9999106453149894,0.4325843499536627,False
Napepld,2,0,0,0.0957762195532929,0.9172123401616074,False
Napg,6,0,0,0.8634600166467697,0.1988890006938269,False
Naprt,2,0,0,,0.2171253533609295,False
Narf,6,0,0,0.9971230182955928,0.6826080960084214,False
Nars,7,0,0,0.6644586706753683,0.647754303863224,False
Nars2,2,0,0,,0.4724247764345292,False
Nasp,6,0,0,0.2698346978817442,0.499097943167848,False
Nat1,1,0,0,,0.9876687015176056,False
Nat10,2,0,0,,0.0377811730872981,False
Nat14,4,0,0,0.999465548143242,1.004123940686196,False
Nat2,1,0,0,,0.2151699169249654,False
Nat8,1,0,0,,0.7937324372663216,False
Nat8f1,6,0,0,0.9249973934374188,0.4412435100709151,False
Nat8f3,1,0,0,,0.3108485397360883,False
Nat8f4,1,0,0,,0.0058332652427662,False
Nat8f5,1,0,0,,0.1147659793147756,False
Nat8f6,1,0,0,,0.7186373824909634,False
Nat8l,3,0,0,0.9999106453149894,0.4659997566741494,False
Nat9,5,0,0,0.829388260330224,0.5988544736958956,False
Natd1,3,0,0,0.9999106453149894,0.2798951692637361,False
Nav1,4,0,0,0.9179582362981932,0.2255470203621822,False
Nav2,5,0,0,0.4541148186051341,0.7834995619437787,False
Nav3,3,0,0,0.977434739044559,0.7927913168173881,False
Naxd,6,0,0,0.9410987705200488,0.2198547622142743,False
Naxe,6,0,0,0.419285954271798,0.801158878711686,False
Nbas,5,0,0,0.9155141700581956,0.9172590401077928,False
Nbdy,6,0,0,0.9423911364833784,0.6476915888196284,False
Nbea,6,0,0,0.8362294757075313,0.8608213738919882,False
Nbeal1,6,0,0,0.8781770920570142,0.2514864825805347,False
Nbeal2,2,0,0,0.9997978488301602,0.4112478910590007,False
Nbl1,3,0,0,0.9999106453149894,0.8726388240799321,False
Nbn,5,0,0,0.9997978488301602,0.7678571130601278,False
Nbr1,7,0,0,0.9409257914200232,0.5592092645803345,False
Ncald,4,0,0,0.9613872956381267,0.2785837190080349,False
Ncam1,3,0,0,0.6584380103096773,0.1964902024779222,False
Ncam2,3,0,0,0.0582131470388445,0.6180433315641655,False
Ncan,2,0,0,0.2211602663587882,0.7102678334507192,False
Ncapd2,2,0,0,,0.6809641119956747,False
Ncapd3,5,0,0,0.942371774006941,0.3378207646827946,False
Ncapg2,2,0,0,,0.2443915636697265,False
Ncaph,2,0,0,0.9997978488301602,0.440962547533167,False
Ncaph2,6,0,0,0.8148289407526745,0.6097774432874764,False
Ncbp1,6,0,0,0.9223963590675318,0.7389379404117314,False
Ncbp2,6,0,0,0.522103465129442,0.5245336162623313,False
Ncbp3,6,0,0,0.758231956310111,0.4163879220774711,False
Ncdn,6,0,0,0.9687465883607126,0.4596659011014627,False
Nceh1,5,0,0,0.8818650673896277,0.2693909715813563,False
Ncf1,2,0,0,0.7926256686644318,0.1261311225197739,False
Ncf2,2,0,0,0.897435817961038,0.3349239513120247,False
Ncf4,1,0,0,0.8521628337851891,0.1733115789328955,False
Nck1,6,0,0,0.0609767232769828,0.7100439042507081,False
Nck2,2,0,0,,0.6019324204601495,False
Nckap1,5,0,0,0.6885708210900671,0.3402715731415453,False
Nckap1l,2,0,0,0.3887228377424673,0.2723923930839519,False
Nckap5,3,0,0,0.9988978288128184,0.484850897974073,False
Nckap5l,2,0,0,0.8496976767411729,0.1810685285599949,False
Nckipsd,3,0,0,,1.0755441525991016,False
Ncl,7,0,0,0.8711099682071693,0.1882978890676211,False
Ncln,5,0,0,0.8919086693478658,0.3082289524459748,False
Ncoa1,6,0,0,0.8767627648475128,1.12369650393358,False
Ncoa2,5,0,0,0.9446358271558832,0.3517295385714177,False
Ncoa3,6,0,0,0.8858569656527041,0.5990606601853489,False
Ncoa4,7,0,0,0.6125964417721538,0.331246890710669,False
Ncoa5,5,0,0,0.9997978488301602,0.7762924629601129,False
Ncoa6,5,0,0,0.915627991889946,0.3295457265413909,False
Ncoa7,5,0,0,0.8766793897236259,0.2798104953096266,False
Ncor1,7,0,0,0.876523471077198,0.4957178095759385,False
Ncor2,6,0,0,0.9320339787755104,0.4235274906442126,False
Ncs1,3,0,0,,0.6036398699101957,False
Ncstn,6,0,0,0.908947511924884,0.3230834584436354,False
Ndc1,3,0,0,,0.7019240527293436,False
Nde1,6,1,1,0.0488220909397554,0.641991424258428,True
Ndel1,6,0,0,0.636587378038481,0.3429251323287114,False
Ndfip1,7,0,0,0.7406528642641967,0.37844114411059,False
Ndfip2,6,0,0,0.7857414066864132,0.2024531760887037,False
Ndn,4,0,0,0.999465548143242,0.3240225983676687,False
Ndnf,1,0,0,0.9997978488301602,0.0290859221346816,False
Ndor1,3,0,0,,0.2223417034884975,False
Ndp,3,0,0,0.999576737147644,0.3377445339456132,False
Ndrg1,3,0,0,0.7936926900299102,0.4265170577821295,False
Ndrg2,6,0,0,0.7894765296786783,0.462925554672027,False
Ndrg3,5,0,0,0.968342392260438,0.2667847726777418,False
Ndrg4,3,0,0,0.9999106453149894,0.2582654060999386,False
Ndst1,6,0,0,0.994719010761648,1.060134701763616,False
Ndst2,4,0,0,,0.7625806256042479,False
Ndufa1,7,0,0,0.9054228263761034,0.3261607052060862,False
Ndufa10,7,0,0,0.9541675042313332,0.485254654824111,False
Ndufa11,7,0,0,0.955962244835765,0.3619886000586119,False
Ndufa12,7,0,0,0.5263076210038089,0.3185821341368083,False
Ndufa13,7,0,0,0.9010248316522482,0.1437152497884206,False
Ndufa2,7,0,0,0.897435817961038,0.1097536698096648,False
Ndufa3,7,0,0,0.9394207231963488,0.2509562317544786,False
Ndufa4,7,0,0,0.8943672008706841,0.0950433714545409,False
Ndufa4l2,1,0,0,0.9997978488301602,0.4232516536979928,False
Ndufa5,7,0,0,0.971032361525934,0.2789268972681761,False
Ndufa6,7,0,0,0.7418041516038367,0.2703300103673076,False
Ndufa7,7,0,0,0.7252859544921048,0.1794136558103522,False
Ndufa8,7,0,0,0.7201762573961337,0.8421147417729967,False
Ndufa9,6,0,0,0.9054228263761034,0.2508798405006541,False
Ndufab1,7,0,0,0.8711099682071693,0.3953437731943979,False
Ndufaf1,6,0,0,0.999465548143242,0.4024993065061104,False
Ndufaf2,6,0,0,0.2690748530140653,0.8324313936765396,False
Ndufaf3,6,0,0,0.9389728124425808,0.1580015345610713,False
Ndufaf4,6,0,0,0.9933938463864376,0.3340829397005767,False
Ndufaf5,2,0,0,0.999465548143242,0.7761981062218615,False
Ndufaf6,5,0,0,0.999465548143242,0.7060319341711799,False
Ndufaf7,6,0,0,0.9693377484700088,0.439683584265607,False
Ndufaf8,6,0,0,0.755190030814702,0.4473518567793321,False
Ndufb1-ps,7,0,0,0.9201119691314948,0.3341928917708682,False
Ndufb10,7,0,0,0.8070067535621716,0.2741970413552526,False
Ndufb11,7,0,0,0.9753393319722374,0.3341219724502545,False
Ndufb2,7,0,0,0.8483030370317749,0.7019835606012574,False
Ndufb3,7,0,0,0.5713779383114799,0.2675107384315799,False
Ndufb4,7,0,0,0.8629371588370283,0.4230528352248602,False
Ndufb5,7,0,0,0.8840983373239167,0.3839173820819256,False
Ndufb6,7,0,0,0.9771941538254924,0.4648150680253926,False
Ndufb7,7,0,0,0.8953117270559255,0.1806377971461287,False
Ndufb8,7,0,0,0.8666526310567575,0.1982718484312114,False
Ndufb9,7,0,0,0.8473236203158974,0.2245421627549421,False
Ndufc1,7,0,0,0.8667737457308301,0.4225407924158597,False
Ndufc2,7,0,0,0.5478349178178319,0.4582808034207469,False
Ndufs1,6,0,0,0.5972775982317474,0.3443986088082248,False
Ndufs2,7,0,0,0.8718050163204013,0.4915790347133175,False
Ndufs3,7,0,0,0.6521170909605272,0.3880053609790506,False
Ndufs4,6,0,0,0.6417099393639951,0.2857906158331095,False
Ndufs5,7,0,0,0.8086142754626554,0.1665449619220489,False
Ndufs6,7,0,0,0.6575493772755271,0.5732774314501436,False
Ndufs7,7,0,0,0.8402201583633553,0.4016822318683945,False
Ndufs8,7,0,0,0.9727235755225622,0.1764086548167849,False
Ndufv1,6,0,0,0.105852341101432,0.4990323097541252,False
Ndufv2,7,0,0,0.902034893950962,0.7896847341274437,False
Ndufv3,7,0,0,0.7921268801917422,0.185334484018863,False
Neat1,7,0,0,0.1621450457378276,1.047697302742969,False
Nebl,4,0,0,0.9988978288128184,0.9953071507731576,False
Necab2,2,0,0,0.999465548143242,0.8718866848738533,False
Necap1,6,0,0,0.994719010761648,0.5247827371009011,False
Necap2,7,0,0,0.8115452968408448,0.5449287508694352,False
Nectin1,2,0,0,0.426626405263034,0.4240832279684686,False
Nectin2,3,0,0,0.9999106453149894,1.7017378865598922,False
Nectin3,4,0,0,0.9988978288128184,0.1086291298961286,False
Nectin4,1,0,0,,0.3754589085931024,False
Nedd1,4,0,0,0.9997978488301602,0.5110234360894682,False
Nedd4,6,0,0,0.8204826256055683,0.7603401118386302,False
Nedd4l,4,0,0,0.9997978488301602,0.9070331108742864,False
Nedd8,7,0,0,0.7691943808384463,0.3921785283725125,False
Nedd9,3,0,0,0.999465548143242,0.7405427544151489,False
Nefl,1,0,0,,0.8943546243588253,False
Negr1,3,0,0,0.8732744417284509,0.269041534131235,False
Neil1,2,0,0,,0.6250936565674433,False
Nek1,4,0,0,,0.0997676115985091,False
Nek3,2,0,0,,0.0700419943612862,False
Nek4,5,0,0,0.9999106453149894,0.5678274968851453,False
Nek5,1,0,0,0.999465548143242,0.1342184134227375,False
Nek6,3,0,0,0.8727597914628661,0.4080459007545703,False
Nek7,7,0,0,0.2660949689028795,1.0338971913541954,False
Nek8,1,0,0,,0.3834376994844791,False
Nek9,6,0,0,0.9970554848778064,0.590369418750507,False
Nelfa,5,0,0,0.9997978488301602,0.5260959863192389,False
Nelfb,6,0,0,0.9784212791584648,0.3685730015213427,False
Nelfcd,6,0,0,0.9613872956381267,0.601369791807346,False
Nelfe,6,0,0,0.9584761365261044,0.260414403312506,False
Nell2,1,0,0,0.9999106453149894,0.5432205473776807,False
Nemf,6,0,0,0.5775305869770802,0.4818814377364763,False
Nemp1,2,0,0,,0.3585213067465502,False
Nemp2,2,0,0,,0.6412601150561187,False
Nenf,7,0,0,0.8636523734253471,0.8009756594703701,False
Neo1,5,0,0,0.9787375867142792,0.7358769321957438,False
Nepro,1,0,0,,0.1628890163086467,False
Nes,2,0,0,0.9997978488301602,0.4137122345356289,False
Net1,1,0,0,0.9997978488301602,0.242392703698652,False
Neto1,1,0,0,0.9999106453149894,0.0463256177260733,False
Neto2,1,0,0,0.9999106453149894,0.0039955702868152,False
Neu1,7,0,0,0.83324841829051,0.5379968362252291,False
Neu4,1,0,0,0.9999106453149894,0.1991250737667247,False
Neurl1a,2,0,0,0.9999106453149894,0.9895008140450224,False
Neurl2,2,0,0,0.9997978488301602,0.2566409005270763,False
Neurl3,2,0,0,0.9946189224594264,0.6538606492748342,False
Neurl4,4,0,0,0.9933938463864376,0.3024893990641705,False
Nexmif,1,0,0,0.9999106453149894,0.3216138866685791,False
Nexn,1,0,0,,0.1895443033146455,False
Nf1,6,0,0,0.5532142091255995,0.8907290673300838,False
Nf2,5,0,0,0.9640531979720832,0.9256230661603831,False
Nfam1,2,0,0,0.9054228263761034,0.4699356275974612,False
Nfasc,4,0,0,0.5282251140712494,0.6592653787340318,False
Nfat5,6,0,0,0.7086554640322857,0.8372152032452171,False
Nfatc1,4,0,0,0.998717048431168,0.4842471237075832,False
Nfatc2,2,0,0,0.9999106453149894,0.4088348739835258,False
Nfatc2ip,3,0,0,0.9997978488301602,0.2817644402067049,False
Nfatc3,4,0,0,0.7161911483741424,0.3588776406263395,False
Nfe2l1,6,0,0,0.8263141711509586,0.457904760651194,False
Nfe2l2,7,0,0,0.7624273136750327,0.7572003855424837,False
Nfe2l3,1,0,0,0.9550624901828332,0.0966172517584955,False
Nfia,6,0,0,0.8933593320197283,0.2300026434460812,False
Nfib,5,0,0,0.9926237465626456,0.6125064039371877,False
Nfic,7,0,0,0.9613872956381267,0.4925344588781471,False
Nfil3,2,0,0,,1.9608974014216427,False
Nfix,6,0,0,0.9560989790242568,0.1964249077612289,False
Nfkb1,6,0,0,0.7301644375255361,0.8367088207449315,False
Nfkb2,3,0,0,0.9127097306545152,0.3935488015133258,False
Nfkbia,7,1,1,0.0295448022247215,0.6872450407941632,True
Nfkbib,6,0,0,0.6051561317249651,0.6761638356295786,False
Nfkbid,2,0,0,0.8098104630732278,0.6906241703841351,False
Nfkbie,1,0,0,,0.1929318121205258,False
Nfkbil1,4,0,0,0.999465548143242,0.2179075932096771,False
Nfkbiz,4,0,0,0.9373043051280254,0.4302246408828541,False
Nfrkb,5,0,0,0.977017223345402,0.5930155528126823,False
Nfs1,6,0,0,0.7838354687532105,0.6856165210662283,False
Nfu1,6,0,0,0.8266488222320821,0.2639088894437479,False
Nfx1,6,0,0,0.922337180409279,0.5249793438322768,False
Nfxl1,6,0,0,0.998947809908267,1.042714350559382,False
Nfya,3,0,0,0.4298703729752186,0.7417298716036126,False
Nfyb,6,0,0,0.8781770920570142,0.2792777895122501,False
Nfyc,6,0,0,0.999465548143242,0.6959905358507154,False
Ngdn,6,0,0,0.8436289172168773,0.654626679681573,False
Ngef,1,0,0,0.9988978288128184,0.0362013722695688,False
Ngfr,1,0,0,,1.3276181373597071,False
Ngly1,6,0,0,0.9636847167956676,0.1976435143713419,False
Ngrn,6,0,0,0.999465548143242,0.4904565961167146,False
Nhej1,1,0,0,,0.0246663824369392,False
Nhlrc1,2,0,0,0.9999106453149894,0.629272067274677,False
Nhlrc2,5,0,0,0.9409778981846196,0.2486423261399829,False
Nhlrc3,3,0,0,0.897435817961038,0.7254721020371744,False
Nhlrc4,1,0,0,,0.0147843907722378,False
Nhp2,6,0,0,0.9550624901828332,0.7205640171082822,False
Nhs,1,0,0,,1.2590521187792554,False
Nhsl1,3,0,0,0.9988978288128184,0.1992564016559693,False
Nhsl2,3,0,0,0.999465548143242,0.5778222780042368,False
Nicn1,6,0,0,0.9693377484700088,0.4213436202911112,False
Nid1,2,0,0,0.9997978488301602,1.5292316829395822,False
Nid2,3,0,0,0.9997978488301602,0.7853182331239887,False
Nif3l1,4,0,0,0.9999106453149894,1.0346732532763985,False
Nifk,6,0,0,0.8667737457308301,0.27173442204438,False
Nim1k,4,0,0,0.999465548143242,0.8882083675650634,False
Nin,5,0,0,0.9997978488301602,0.3800199127289714,False
Ninj1,7,0,0,0.3720402918178868,1.0402774104300392,False
Ninj2,2,1,1,0.0376882538366595,0.7113514978902953,True
Ninl,2,0,0,,0.1544948886149788,False
Nip7,6,0,0,0.9550624901828332,0.6919149280082885,False
Nipa1,4,0,0,0.9926237465626456,0.2348491739122243,False
Nipa2,7,0,0,0.9295384018279156,0.9422065043916332,False
Nipal3,4,0,0,0.6287424584505742,0.7052581106734503,False
Nipal4,1,0,0,0.9926237465626456,0.0163418991207003,False
Nipbl,7,0,0,0.9070979963988064,0.4319333288703064,False
Nipsnap1,3,0,0,0.999465548143242,1.0350271597839842,False
Nipsnap2,6,0,0,0.9888530160051576,0.3053724014726518,False
Nipsnap3b,6,0,0,0.8904498303611323,1.2676280115965086,False
Nisch,7,0,0,0.6335000454950772,0.92096079140743,False
Nit1,6,0,0,0.6335000454950772,0.513816996225435,False
Nit2,6,0,0,0.999465548143242,0.3029966627679296,False
Nkain1,1,0,0,0.8818650673896277,0.1897447412786493,False
Nkain2,1,0,0,0.0847871692255723,0.6098093922689692,False
Nkain3,1,0,0,0.9999106453149894,0.7912174777216742,False
Nkain4,2,0,0,0.9988978288128184,0.3276465504778126,False
Nkap,6,0,0,0.9373043051280254,0.8094114035298547,False
Nkapd1,5,0,0,0.9926237465626456,0.2722414459414523,False
Nkapl,1,0,0,,0.4357012303054017,False
Nkd1,3,0,0,0.9613872956381267,0.3696725998172741,False
Nkiras1,6,0,0,0.987856211944101,0.3453628726004003,False
Nkiras2,3,0,0,0.9997978488301602,0.5023468421171111,False
Nkrf,2,0,0,,0.9474272127788947,False
Nktr,7,0,0,0.9054228263761034,0.7084664687582413,False
Nkx2-2,3,0,0,0.8667737457308301,0.2247881333272292,False
Nkx2-9,1,0,0,,0.0787072646866819,False
Nkx6-2,1,0,0,0.2500588841184687,0.4110034267499567,False
Nle1,2,0,0,,0.7905201241656779,False
Nlgn1,3,0,0,0.9988978288128184,0.6454570209813391,False
Nlgn2,3,0,0,0.9999106453149894,0.7651871609413335,False
Nlgn3,3,0,0,0.9656780974342264,0.120767371707853,False
Nlk,5,0,0,0.9970554848778064,0.6575074267147764,False
Nln,4,0,0,0.9971230182955928,0.7378733863137099,False
Nlrp1b,1,0,0,,0.8523438790504375,False
Nlrp3,2,0,0,0.9721113900028064,0.1576992862977266,False
Nlrx1,1,0,0,,0.7330358610507415,False
Nmb,1,0,0,,0.4901212517511412,False
Nmd3,6,0,0,0.8992872603476387,0.257076188523561,False
Nme1,7,0,0,0.90580860873697,0.7188750260766271,False
Nme2,7,0,0,0.7075024323671656,0.1757274448254912,False
Nme3,6,0,0,0.97714218428337,0.6692801117040476,False
Nme4,2,0,0,0.9999106453149894,0.454317480307878,False
Nme5,1,0,0,0.999465548143242,0.1170884336518155,False
Nme6,4,0,0,0.9999106453149894,0.6009464771257819,False
Nme7,3,0,0,0.999465548143242,0.7615783569212499,False
Nmi,5,0,0,0.9997978488301602,0.7213588756632513,False
Nmnat1,3,0,0,0.999465548143242,0.6409385724866282,False
Nmnat2,1,0,0,0.9999106453149894,0.3378901382966323,False
Nmnat3,1,0,0,,0.0427092591960881,False
Nmral1,3,0,0,0.7612371439356139,0.8076457868350353,False
Nmrk1,5,0,0,0.9999106453149894,1.217906638286813,False
Nmt1,7,0,0,0.6698488199940423,0.4601660457146379,False
Nmt2,6,0,0,0.7089805710163017,0.4470225574833593,False
Nnat,4,0,0,0.9988978288128184,0.6108447796902965,False
Nnt,1,0,0,,0.2865092424700632,False
Noa1,5,0,0,0.9999106453149894,0.198222859651851,False
Nob1,5,0,0,0.8174775243086378,0.6165537734946068,False
Noc2l,5,0,0,0.8098104630732278,0.3783270921767162,False
Noc3l,4,0,0,0.9093613341308696,0.8654944487180162,False
Noc4l,2,0,0,,0.7345148678973445,False
Noct,3,0,0,0.999465548143242,0.2782802859079715,False
Nod1,3,0,0,0.9997978488301602,0.3011405009600644,False
Nol10,3,0,0,,0.4682150785349394,False
Nol11,6,0,0,0.7254942816138444,0.4390471165845807,False
Nol12,6,0,0,0.7710581047095246,0.8400821356458145,False
Nol3,2,0,0,0.8604177999005357,0.2861551256352751,False
Nol4,2,0,0,0.9999106453149894,0.7512411721203959,False
Nol4l,3,0,0,0.5451494453552337,0.5300360328603061,False
Nol6,5,0,0,0.962130789122402,0.2752586773531804,False
Nol7,7,0,0,0.6297175218712605,0.2713043043804789,False
Nol8,5,0,0,0.7441296476117796,0.3760011746550464,False
Nol9,2,0,0,,0.3240313692460879,False
Nolc1,6,0,0,0.6603586966737383,0.3459632273239264,False
Nom1,5,0,0,0.932359337878531,0.299584517913236,False
Nomo1,5,0,0,0.9997978488301602,1.07917973007228,False
Nono,7,0,0,0.9375010146418976,0.3274564680776535,False
Nop10,7,0,0,0.8070067535621716,0.2448381278349049,False
Nop14,6,0,0,0.7086554640322857,0.3443115872503603,False
Nop16,5,0,0,0.9550624901828332,0.7532260973658185,False
Nop2,2,0,0,,0.1411040663439225,False
Nop53,6,0,0,0.7418041516038367,0.2290719876529911,False
Nop56,6,0,0,0.8667737457308301,0.2594164004385341,False
Nop58,6,0,0,0.8348517555991797,0.6094239149400279,False
Nop9,4,0,0,0.999465548143242,0.7272231290437362,False
Nos1ap,3,0,0,,0.5549134372353233,False
Nos3,2,0,0,0.999465548143242,0.8384942021491814,False
Nosip,6,0,0,0.8562390565164534,0.2236878285823934,False
Nostrin,1,0,0,0.9997978488301602,0.1480756748690851,False
Notch1,4,0,0,0.9988978288128184,0.3520677424379186,False
Notch2,6,1,1,0.0397479536079263,1.0358253518363605,True
Notch4,2,0,0,0.9997978488301602,1.568870287237375,False
Notum,1,0,0,0.9997978488301602,0.0062422465662212,False
Notumos,1,0,0,,0.449374303965137,False
Nova1,4,0,0,0.9999106453149894,0.4277368364159992,False
Nova2,4,0,0,0.9997978488301602,0.2139182068157861,False
Noxo1,2,0,0,,0.5242652104481257,False
Npas1,1,0,0,0.9999106453149894,0.0255325619794279,False
Npas2,1,0,0,,0.0699428283098696,False
Npas3,3,0,0,0.8307644030391271,0.3360884529207232,False
Npat,5,0,0,0.2743990890861276,0.4818902152925394,False
Npc1,6,0,0,0.3329686215674753,0.3270289151169039,False
Npc2,7,0,0,0.897435817961038,0.2624701785527074,False
Npdc1,5,0,0,0.6733823720494969,0.4466278218265902,False
Npepl1,6,0,0,0.7262993522336753,0.743983482967765,False
Npepps,6,0,0,0.8933593320197283,0.2348376646101503,False
Npff,2,0,0,,0.6522823299443632,False
Nphp1,5,0,0,0.999465548143242,0.6040258330823052,False
Nphp3,3,0,0,,0.5908825227091224,False
Nphs1,1,0,0,,1.3521880850270611,False
Npl,3,0,0,0.955505800672689,1.415125752713121,False
Nploc4,6,0,0,0.9603469151708518,0.5347814608782081,False
Npm1,7,0,0,0.9669674479017434,0.1959338980481761,False
Npm3,6,0,0,0.9392609132522984,0.5024678489108939,False
Npnt,1,0,0,,0.4876222491044394,False
Nppc,1,1,1,0.0149291971338099,1.2290868249028268,True
Npr1,2,0,0,0.9997978488301602,0.3873549716924675,False
Npr2,1,0,0,,0.2827960962747202,False
Npr3,1,0,0,0.999465548143242,1.2985206517948258,False
Nprl2,6,0,0,0.8402201583633553,0.75190540155404,False
Nprl3,4,0,0,0.999465548143242,0.6021978629094902,False
Nptn,7,0,0,0.8402201583633553,0.8720706189953288,False
Nptx2,1,0,0,0.9999106453149894,1.259484076657145,False
Nptxr,1,0,0,0.9999106453149894,0.1392082981891215,False
Nqo1,3,0,0,0.999465548143242,1.5413720122924934,False
Nqo2,4,0,0,0.999465548143242,0.335509060621608,False
Nr1d1,6,0,0,0.11913697296552,1.2307757361970992,False
Nr1d2,6,0,0,0.7071435961316962,0.6824746004110188,False
Nr1h2,6,0,0,0.6644586706753683,0.4381242142927635,False
Nr2c1,3,0,0,,0.397071193000119,False
Nr2c2,6,0,0,0.9771941538254924,0.5439390602098313,False
Nr2c2ap,5,0,0,0.8402201583633553,1.6515250451329917,False
Nr2e1,1,0,0,0.9988978288128184,0.2207508072133735,False
Nr2f1,3,0,0,0.9988978288128184,0.9998836101915805,False
Nr2f2,4,0,0,0.9988978288128184,0.5189465057337472,False
Nr2f6,6,0,0,0.999465548143242,0.7172137633549712,False
Nr3c1,7,0,0,0.1673649620257666,0.6172871836254534,False
Nr3c2,4,0,0,0.9997978488301602,0.4195429792691366,False
Nr4a1,6,1,1,0.0002319648524645,0.9902123342685965,True
Nr4a2,3,0,0,0.9997978488301602,0.3416195439195872,False
Nr4a3,5,0,0,0.998947809908267,1.3771125914392994,False
Nradd,3,0,0,,1.1344971776613249,False
Nrap,1,0,0,,0.4756682219404294,False
Nrarp,4,0,0,0.9988978288128184,0.3361678366011169,False
Nras,7,0,0,0.9550624901828332,0.5172476344213426,False
Nrbf2,6,0,0,0.987856211944101,0.415696496816399,False
Nrbp1,6,0,0,0.9021968698616962,0.209636785696954,False
Nrbp2,4,0,0,0.9389728124425808,0.5877801940135294,False
Nrcam,2,0,0,0.6524292605702872,0.4613057598502686,False
Nrd1,6,0,0,0.989078666465787,0.2322645577472906,False
Nrde2,5,0,0,0.9320339787755104,0.4707193700693176,False
Nrep,4,0,0,0.0857740785928084,1.2564442908582418,False
Nrf1,5,0,0,0.9997978488301602,0.5314025469258479,False
Nrg1,1,0,0,0.9999106453149894,0.5117972851066352,False
Nrg2,1,0,0,,0.2801466545707241,False
Nrgn,4,0,0,0.9997978488301602,0.6803927678223203,False
Nrip1,6,0,0,0.8999497412488456,0.363070930862718,False
Nrm,3,0,0,0.9999106453149894,0.4413621372261242,False
Nrn1,3,0,0,0.9988978288128184,0.4223652135912881,False
Nrn1l,1,0,0,,0.2201131166508995,False
Nrp1,4,0,0,0.5964322617168183,0.6804980550104067,False
Nrp2,4,0,0,0.9997978488301602,0.938029579509314,False
Nrros,4,0,0,0.8718050163204013,0.6141985675635798,False
Nrsn1,3,0,0,0.9999106453149894,0.7150166609046383,False
Nrtn,2,0,0,0.999465548143242,0.1745578997543188,False
Nrxn1,4,0,0,0.1916644682782515,0.6278423087046169,False
Nrxn2,5,0,0,0.3335268554440286,0.474448134833542,False
Nrxn3,2,0,0,0.9999106453149894,0.8230703764793393,False
Nsa2,7,0,0,0.9614961848933092,0.3565044336981571,False
Nsd1,6,0,0,0.1343686965683502,0.7719004019620561,False
Nsd2,6,0,0,0.8006884308124118,0.7066650717769932,False
Nsd3,7,0,0,0.9549691682832956,0.3162649334091715,False
Nsdhl,6,0,0,0.9867318244790833,1.3949937859969594,False
Nsf,6,0,0,0.9864119944698796,0.6462985142894839,False
Nsfl1c,6,0,0,0.7086554640322857,0.5698225443688476,False
Nsg1,3,0,0,0.9999106453149894,0.2680216835733709,False
Nsg2,2,0,0,0.999465548143242,0.1998885634198137,False
Nsmaf,6,0,0,0.999465548143242,0.3976961984861101,False
Nsmce1,6,0,0,0.7379824499651024,0.3244809729392243,False
Nsmce2,6,0,0,0.97714218428337,1.0298928031318626,False
Nsmce3,6,0,0,0.6760216602382058,0.7008645405337466,False
Nsmce4a,6,0,0,0.8070067535621716,0.6012790721684853,False
Nsmf,5,0,0,0.9584761365261044,0.5627175005950428,False
Nsrp1,6,0,0,0.6592904027994643,0.3403146247421514,False
Nsun2,6,0,0,0.6964166269078438,0.727225740034008,False
Nsun3,4,0,0,,1.0750667544960664,False
Nsun4,4,0,0,,0.9152144210072174,False
Nsun5,3,0,0,,0.2394731964901427,False
Nsun6,5,0,0,0.8667737457308301,0.3103154744886532,False
Nsun7,1,0,0,0.9999106453149894,0.0009544539452875,False
Nt5c,6,0,0,0.8395686305611657,0.6599654110630763,False
Nt5c2,6,0,0,0.97714218428337,0.4313941929888966,False
Nt5c3,6,0,0,0.7071435961316962,0.3815389017076027,False
Nt5c3b,6,0,0,0.9603469151708518,0.4343167439442091,False
Nt5dc1,3,0,0,0.999465548143242,0.1622428949470481,False
Nt5dc2,4,0,0,0.999465548143242,0.8063620476359834,False
Nt5dc3,4,0,0,,0.5875225270250874,False
Nt5e,1,0,0,,0.0690722093688843,False
Nt5m,6,0,0,0.9926237465626456,0.4644060564411895,False
Ntan1,6,0,0,0.7086554640322857,0.3437627530326644,False
Nthl1,4,0,0,,0.4843128463388441,False
Ntm,4,0,0,0.9988978288128184,0.2454207589371659,False
Ntmt1,6,0,0,0.6597687367853454,0.58315252061502,False
Ntn1,1,0,0,0.9999106453149894,0.3083679468434387,False
Ntn3,1,0,0,,1.1199969272665071,False
Ntn4,1,0,0,,0.2203315956925804,False
Ntpcr,6,0,0,0.6644586706753683,0.7640173064541426,False
Ntrk2,5,0,0,0.9988978288128184,0.6001902233952998,False
Ntrk3,2,0,0,0.9999106453149894,0.3955856390233253,False
Ntsr2,4,0,0,0.9988978288128184,0.4837123926857615,False
Nuak1,3,0,0,0.129867455387832,0.97146646051157,False
Nuak2,1,0,0,0.3212619759698195,0.4564863384969397,False
Nub1,6,0,0,0.9025419484633896,0.4237750117995312,False
Nubp1,4,0,0,0.999465548143242,1.0874360614837086,False
Nubp2,5,0,0,0.97714218428337,0.2305461955130027,False
Nubpl,4,0,0,0.999465548143242,0.5882809401617025,False
Nucb1,7,0,0,0.9235234228535996,0.5074158352723772,False
Nucb2,2,0,0,0.9997978488301602,0.2847811790692113,False
Nucks1,7,0,0,0.6660405042822187,0.3147774482252763,False
Nudc,7,0,0,0.9941189559838952,0.3642647745076245,False
Nudcd1,4,0,0,0.999465548143242,0.3649935387469276,False
Nudcd2,6,0,0,0.715045351844116,0.3955847187707299,False
Nudcd3,6,0,0,0.5700728105358812,0.3001558623572014,False
Nudt1,3,0,0,0.999465548143242,0.3182576661367744,False
Nudt10,3,0,0,0.9999106453149894,0.6507958215695601,False
Nudt11,3,0,0,0.9999106453149894,0.5533386294574313,False
Nudt12,2,0,0,0.999465548143242,1.0785533493447297,False
Nudt13,5,0,0,0.922337180409279,0.3155912525146832,False
Nudt14,4,0,0,0.999465548143242,0.630464241642425,False
Nudt16,4,0,0,0.9603469151708518,0.7002526516838755,False
Nudt16l1,6,0,0,0.8818650673896277,0.3632103928313939,False
Nudt18,6,0,0,0.9341769146397448,0.7440014113076429,False
Nudt19,6,0,0,0.8856452886724553,0.8944133241476461,False
Nudt2,6,0,0,0.5441405349018348,0.5123243443137286,False
Nudt21,6,0,0,0.97714218428337,0.7840176478579213,False
Nudt22,6,0,0,0.999465548143242,0.4419920306405815,False
Nudt3,6,0,0,0.8361726639758513,0.2864702157862558,False
Nudt4,6,0,0,0.6584380103096773,0.579771772905992,False
Nudt5,6,0,0,0.94886564745145,0.3096153203857704,False
Nudt6,2,0,0,,0.2633974880491615,False
Nudt7,5,0,0,0.999465548143242,0.4735861190259123,False
Nudt8,3,0,0,,0.4843337388442729,False
Nudt9,6,0,0,0.9771958735378466,0.955539596845338,False
Nufip1,5,0,0,0.9999106453149894,0.4188988290989725,False
Nufip2,7,0,0,0.8818650673896277,0.6861742634465762,False
Numa1,6,0,0,0.8919289232130931,0.243862094386988,False
Numb,6,0,0,0.4481306226560881,0.4721979914058234,False
Numbl,3,0,0,0.9999106453149894,0.289019098329716,False
Nup107,2,0,0,,0.1765538907739967,False
Nup133,3,0,0,0.9613872956381267,0.3221776610181269,False
Nup153,6,0,0,0.999465548143242,1.1030799158563145,False
Nup155,3,0,0,,0.5062782640120674,False
Nup160,3,0,0,0.9997978488301602,0.807985651025783,False
Nup188,3,0,0,,0.189066697093069,False
Nup205,3,0,0,0.9997978488301602,0.8008331158732109,False
Nup214,6,0,0,0.8862577689367135,0.9389863127940032,False
Nup35,5,0,0,0.7439480729467459,0.3947149492553455,False
Nup37,3,0,0,,0.4990276667070254,False
Nup43,2,0,0,,0.5325484824173479,False
Nup50,6,0,0,0.942371774006941,0.8055667481817683,False
Nup54,6,0,0,0.9537983340651972,0.3235560663220143,False
Nup62,4,0,0,0.9997978488301602,0.9911077646071054,False
Nup85,5,0,0,0.9997978488301602,1.0201471674953368,False
Nup88,6,0,0,0.2660949689028795,0.6695239840660836,False
Nup93,3,0,0,0.9997978488301602,0.3641143683338766,False
Nup98,6,0,0,0.9003760365260199,0.9323966945337212,False
Nupl2,3,0,0,,0.281742314569635,False
Nupr1,3,0,0,0.9609836761753684,0.6001159989839151,False
Nupr1l,2,0,0,0.999465548143242,0.1648535733926371,False
Nus1,6,0,0,0.8767627648475128,0.6015254998548276,False
Nusap1,1,0,0,,1.677176819277717,False
Nutf2,1,0,0,,0.6999613316922958,False
Nutf2-ps1,6,0,0,0.9685055164192964,0.4176985535118018,False
Nvl,5,0,0,0.9145420718215802,0.172188167216949,False
Nwd1,3,0,0,0.999465548143242,1.0458024644431247,False
Nxf1,6,0,0,0.8824350574726691,1.4225061815627218,False
Nxn,3,0,0,0.9988978288128184,0.5339939876330585,False
Nxpe2,1,0,0,0.9997978488301602,0.2083608285404056,False
Nxpe3,2,0,0,0.918102734683989,0.2877235395418943,False
Nxpe4,3,0,0,0.9997978488301602,0.4938387634339968,False
Nxph1,1,0,0,0.9999106453149894,0.1629086204239079,False
Nxt1,6,0,0,0.999465548143242,0.7062358960936027,False
Nxt2,5,0,0,0.7288873539607194,0.29588494648825,False
Nynrin,1,0,0,0.9997978488301602,0.1601165388283453,False
Oaf,2,0,0,0.9988978288128184,0.3680756240600185,False
Oard1,6,0,0,0.998670535736902,0.3977382220626088,False
Oas1a,1,0,0,0.9997978488301602,0.2478108729398131,False
Oasl2,2,0,0,0.9997978488301602,1.4955481615175554,False
Oat,6,0,0,0.926697213502617,0.2516106110028208,False
Oaz1,7,0,0,0.902034893950962,0.2146209027591196,False
Oaz2,6,0,0,0.829388260330224,0.2853240834344355,False
Obsl1,1,0,0,0.9999106453149894,0.1571330543285932,False
Oca2,1,0,0,0.999465548143242,0.4339885320687984,False
Ocel1,3,0,0,0.9997978488301602,0.2772017908187051,False
Ociad1,7,0,0,0.8667737457308301,0.6105234757883503,False
Ociad2,2,0,0,0.999465548143242,0.3272539234187762,False
Ocln,2,0,0,0.999465548143242,0.2985063368214825,False
Ocrl,5,0,0,0.4921926693159797,0.9334375238008324,False
Odc1,6,0,0,0.9070647896477066,0.5531689681385079,False
Odf2,6,0,0,0.987856211944101,0.3768503126528682,False
Odf2l,6,0,0,0.999465548143242,0.4639716864707146,False
Odf3b,1,0,0,0.9997978488301602,0.2192934310863654,False
Odr4,6,0,0,0.4674095692414757,0.4641747942737559,False
Ofd1,4,0,0,0.9997978488301602,0.2289681673234813,False
Oga,6,0,0,0.7311337497895115,0.5947046074953004,False
Ogdh,6,0,0,0.8933593320197283,0.5667107073532779,False
Ogdhl,2,0,0,0.711241775930897,2.201437178602617,False
Ogfod1,4,0,0,0.9999106453149894,0.7609189262883491,False
Ogfod2,5,0,0,0.8165173471378251,1.0179257251614031,False
Ogfod3,5,0,0,0.5451494453552337,0.5261918531492232,False
Ogfr,6,0,0,0.7992322284960808,0.587524541229543,False
Ogfrl1,7,1,1,0.0072528148169408,0.5464188152405728,True
Ogg1,2,0,0,,0.2006575420320759,False
Ogn,1,0,0,0.999465548143242,0.5068485371596887,False
Ogt,7,0,0,0.4973286240751207,0.8904854294419938,False
Oip5os1,6,0,0,0.4970782074252172,0.4241001044167607,False
Ola1,6,0,0,0.9434392934513736,0.5379670411584159,False
Olfm1,5,0,0,0.9239120543068492,0.9173069778535042,False
Olfm2,1,0,0,0.9999106453149894,0.375253015569026,False
Olfml1,2,0,0,0.8818650673896277,0.7344314968257895,False
Olfml2b,2,0,0,,0.4427059476373938,False
Olfml3,2,0,0,0.1107772078014633,0.5280603515464918,False
Olfr287,1,0,0,,0.1600447236414261,False
Olfr889,2,0,0,,0.2025015559950886,False
Olfr920,1,0,0,,1.1957135254381566,False
Olig1,4,0,0,0.9446358271558832,0.4218692025785032,False
Olig2,3,0,0,0.9994094398372564,0.3841859503585501,False
Oma1,4,0,0,0.99058382936842,0.5487502375224607,False
Omg,3,0,0,0.9771941538254924,0.3242185752380729,False
Onecut2,1,0,0,,0.0031172942855791,False
Ooep,1,0,0,0.999465548143242,0.0552006455690181,False
Opa1,6,0,0,0.6913447503820703,0.6340242899804078,False
Opa3,6,0,0,0.97714218428337,0.4358784773048776,False
Opalin,1,0,0,0.4587085008888523,0.329090817467263,False
Opcml,2,0,0,0.8320163606442603,0.3174519548338293,False
Ophn1,6,0,0,0.758231956310111,0.6752078691933973,False
Oplah,4,0,0,0.9988978288128184,0.913696470906956,False
Oprl1,1,0,0,0.9999106453149894,0.0232535936165816,False
Optn,5,0,0,0.7787626044774035,1.1494920458629572,False
Orai1,7,0,0,0.6845526869964605,0.8664921608421606,False
Orai2,1,0,0,,0.1263188659690413,False
Orai3,4,0,0,0.9719225877195354,0.3788186100154701,False
Orc2,6,0,0,0.9721400033690492,0.3412128717111516,False
Orc3,6,0,0,0.999465548143242,0.8893542407539544,False
Orc4,6,0,0,0.977017223345402,0.4519337189989821,False
Orc5,4,0,0,,0.5309963987920728,False
Orc6,5,0,0,0.9025551416275,0.3675033644912635,False
Ormdl1,4,0,0,0.9999106453149894,0.1853524802696111,False
Ormdl2,6,0,0,0.8781770920570142,0.4335489203700574,False
Ormdl3,6,0,0,0.8065965269489748,0.3764177334227591,False
Os9,7,0,0,0.8466192973858958,0.5621426327008201,False
Osbp,6,0,0,0.8992872603476387,0.4968707771002327,False
Osbp2,1,0,0,,0.182255412216382,False
Osbpl11,5,0,0,0.9941189559838952,0.4876931567109017,False
Osbpl1a,6,0,0,0.3684334944201259,0.3841881993029759,False
Osbpl2,6,0,0,0.8562390565164534,0.6552739953554637,False
Osbpl3,1,0,0,,0.9528462143942212,False
Osbpl5,1,0,0,,0.1365190109939728,False
Osbpl6,1,0,0,0.9999106453149894,0.0372389968885199,False
Osbpl7,3,0,0,0.9550624901828332,0.8713777184226986,False
Osbpl8,7,0,0,0.998947809908267,0.9001495669411885,False
Osbpl9,7,0,0,0.9452477741013996,0.9680834021664352,False
Oscp1,5,0,0,0.999465548143242,0.893891457532763,False
Oser1,4,0,0,0.8086142754626554,0.2461438872318122,False
Osgep,6,0,0,0.9528353227051498,0.3162248536285268,False
Osgepl1,5,0,0,0.9997978488301602,0.2814908201860449,False
Osgin1,1,0,0,,0.4880929206552698,False
Osgin2,4,0,0,0.9055668931319788,0.3161791527932253,False
Osmr,2,0,0,0.9997978488301602,0.3128053083680334,False
Ost4,7,0,0,0.8834963501576175,0.2309433154346032,False
Ostc,7,0,0,0.9831978842224044,0.3882413331051795,False
Ostf1,7,0,0,0.9607335331854868,0.7074965196431127,False
Ostm1,5,0,0,0.987856211944101,0.3840491978949364,False
Otos,1,0,0,0.9999106453149894,0.4003313577561501,False
Otub1,6,0,0,0.7504739652481569,0.7109305028229749,False
Otub2,1,0,0,,0.06029359797369,False
Otud1,5,0,0,0.9941189559838952,0.6091950142196735,False
Otud3,1,0,0,,0.4328759569741549,False
Otud4,5,0,0,0.9784212791584648,1.1079122053991872,False
Otud5,5,0,0,0.9687465883607126,0.3164434015101121,False
Otud6b,6,0,0,0.9155141700581956,0.6042837321857819,False
Otud7a,1,0,0,,0.6621385178397161,False
Otud7b,6,0,0,0.7927426385372717,0.6458297162272623,False
Otulin,6,0,0,0.364301546778698,0.6269924725028772,False
Otulinl,2,0,0,0.9720769386015962,0.0447885999924371,False
Otx1,1,0,0,,0.2459580349260598,False
Otx2,1,0,0,0.999465548143242,0.2936753882707815,False
Otx2os1,1,0,0,0.999465548143242,0.5033099502122034,False
Ovca2,1,0,0,,0.0733051728189098,False
Oxa1l,6,0,0,0.4741803583103324,0.499612483662765,False
Oxct1,7,0,0,0.7301644375255361,0.9495345792813344,False
Oxld1,4,0,0,0.999465548143242,0.3443405649649084,False
Oxnad1,4,0,0,0.999465548143242,0.6824520492152368,False
Oxr1,6,0,0,0.6332668696183587,0.4377200794775903,False
Oxsm,2,0,0,,0.3371038838831077,False
Oxsr1,6,0,0,0.999465548143242,1.075005369140856,False
P2rx1,1,0,0,,0.0305673981185864,False
P2rx4,6,0,0,0.5743553748563118,0.5061362381616339,False
P2rx7,4,0,0,0.9885897401144902,0.5169267184681177,False
P2ry1,1,0,0,0.9999106453149894,0.0169401282322948,False
P2ry10b,1,0,0,,0.3032367187611468,False
P2ry12,4,0,0,0.5478349178178319,0.9013683558470332,False
P2ry13,2,0,0,0.1714288722699962,0.3130354921217192,False
P2ry6,2,0,0,0.3887228377424673,0.3531171765244096,False
P3h1,1,0,0,,0.91538411770995,False
P3h2,1,0,0,,0.3129064693433572,False
P3h3,3,0,0,0.9999106453149894,1.0656161612554311,False
P3h4,4,0,0,0.5162651660127747,0.4240212425573094,False
P4ha1,6,1,1,0.0058458940675729,0.733186625538075,True
P4ha2,2,0,0,0.9997978488301602,0.3768375809011128,False
P4hb,7,0,0,0.7949725240749512,1.3148330840831328,False
P4htm,3,0,0,0.8636523734253471,1.1508562965756337,False
Pa2g4,6,0,0,0.7072030936363198,0.2763256000468932,False
Pabpc1,7,0,0,0.8925089288573399,0.3605626937329497,False
Pabpc4,4,0,0,,0.6740335585763673,False
Pabpc5,1,0,0,0.9999106453149894,0.4565496117443173,False
Pabpn1,7,0,0,0.3435054933990374,0.3935779563799694,False
Pacc1,1,0,0,,0.314187062010947,False
Pacrg,3,0,0,0.9988978288128184,0.7191123762955149,False
Pacs1,4,0,0,0.9997978488301602,0.6842592329113606,False
Pacs2,5,0,0,0.2540149452840072,0.8256433446367503,False
Pacsin1,3,0,0,0.2089779769276683,0.5776733947151759,False
Pacsin2,6,0,0,0.9989598900005212,0.3435728199859681,False
Pacsin3,4,0,0,0.7787626044774035,0.254713759255613,False
Padi2,3,1,1,0.0460949544208297,0.7414757149568324,True
Paf1,6,0,0,0.4909516183231194,0.4296499732419709,False
Pafah1b1,7,0,0,0.1431563814702117,0.4278679239143991,False
Pafah1b2,6,0,0,0.6796848841710647,0.4369472692238215,False
Pafah1b3,3,0,0,0.999465548143242,0.5051954707234534,False
Pafah2,2,0,0,0.999465548143242,0.5649068617204244,False
Pag1,4,0,0,0.7549104061261207,0.5096512933694494,False
Pagr1a,1,0,0,,0.3371938243510919,False
Paics,6,0,0,0.6644586706753683,0.5451215631408812,False
Paip1,6,0,0,0.9274547520187232,0.3984175094996743,False
Paip2,7,0,0,0.9007266118211642,0.6009548777838609,False
Paip2b,6,0,0,0.7086554640322857,0.8221137537272265,False
Pak1,4,0,0,0.704267732508683,0.3535860990485045,False
Pak1ip1,6,0,0,0.9613872956381267,0.3056494948413512,False
Pak2,7,0,0,0.439536757499856,0.4150196594337487,False
Pak3,2,0,0,0.9203657461676418,0.1821950227977322,False
Pak4,5,0,0,0.9997978488301602,0.8267229379593606,False
Pak7,2,0,0,0.4460489649440173,0.4199641657165089,False
Pakap,1,0,0,0.9320339787755104,0.1194256853698076,False
Pakap-1,2,0,0,0.5750510647437285,0.4837452590478241,False
Pald1,2,0,0,0.718267654824689,0.2285887069470164,False
Palld,1,0,0,,0.0513237195667075,False
Palm,4,0,0,0.9997978488301602,0.2635617915138174,False
Palmd,4,0,0,0.0971825420947946,0.9893332248226168,False
Pam,4,0,0,0.7668353974070197,0.6670953439859911,False
Pam16,6,0,0,0.9409257914200232,0.0988404245335023,False
Pamr1,1,0,0,,0.2669769774107583,False
Pan2,5,0,0,0.9997978488301602,0.5459863174276977,False
Pan3,6,0,0,0.876292144009985,0.8559115659358975,False
Pank1,6,0,0,0.9988978288128184,0.8267672881843602,False
Pank2,6,0,0,0.999465548143242,0.2390091821115956,False
Pank3,6,0,0,0.9389728124425808,0.7277287544511526,False
Pank4,2,0,0,,0.0553982332338239,False
Pantr1,4,0,0,0.6599665827499437,0.9387437843219996,False
Pantr2,2,0,0,,0.1518124872079303,False
Panx1,2,0,0,0.9999106453149894,0.1657299942300326,False
Paox,3,0,0,0.998947809908267,0.8338465630440733,False
Papola,7,0,0,0.8086142754626554,0.3798413618263657,False
Papolg,4,0,0,0.9999106453149894,0.6843344617493778,False
Papss1,7,0,0,0.6826608681961512,0.4644241279551169,False
Papss2,1,0,0,0.5249347361159311,0.7718292514563633,False
Paqr4,5,0,0,0.9425388014688934,0.4348865554170023,False
Paqr5,2,0,0,0.999465548143242,0.7084106902053996,False
Paqr6,2,0,0,0.9988978288128184,0.8525151898364755,False
Paqr7,4,0,0,0.8304796525639428,0.1878244580073729,False
Paqr8,5,0,0,0.9688039107488444,0.343332453587038,False
Paqr9,2,0,0,0.999465548143242,0.1069806281005465,False
Pard3,4,0,0,0.3839522980985899,0.6724088886885259,False
Pard3b,3,0,0,0.9997978488301602,0.4466167166646616,False
Pard6a,6,0,0,0.98440110669436,0.5498265792551857,False
Pard6g,2,0,0,0.9999106453149894,0.6445176372591805,False
Parg,6,0,0,0.5406435629944394,0.7324240393420065,False
Park7,7,0,0,0.8667737457308301,0.289020327051148,False
Parl,6,0,0,0.2690748530140653,0.5628219700559527,False
Parm1,1,0,0,0.9636847167956676,0.1006403881500794,False
Parn,5,0,0,0.8117665365684434,0.304919431149152,False
Parp1,6,0,0,0.8058406872380226,0.4182974206277734,False
Parp10,2,0,0,0.9997978488301602,0.1105028883587687,False
Parp11,4,0,0,0.9999106453149894,0.3263034297524603,False
Parp12,5,0,0,0.999465548143242,1.2988585261855896,False
Parp14,3,0,0,0.96438277861516,0.3642935391312101,False
Parp16,1,0,0,,0.4626146617273484,False
Parp2,5,0,0,0.9997978488301602,0.6011301776996169,False
Parp3,3,0,0,,0.6767422055689898,False
Parp4,5,0,0,0.999465548143242,0.3760770346102272,False
Parp6,5,0,0,0.9997978488301602,0.2497928688421606,False
Parp8,4,0,0,0.9999106453149894,0.5042069460228151,False
Parp9,2,0,0,0.9997978488301602,0.2105061541765751,False
Pars2,1,0,0,,0.4964339763867922,False
Parva,3,0,0,0.999465548143242,0.5359665344801648,False
Parvb,4,0,0,0.9997978488301602,0.6651242117445444,False
Parvg,1,0,0,0.9946189224594264,0.0144337698654115,False
Patj,1,0,0,0.999465548143242,0.2421605618566361,False
Patl1,5,0,0,0.9997978488301602,0.3457971028522329,False
Patz1,5,0,0,0.9481014030106708,0.2290446400390747,False
Pax6,2,0,0,0.9988978288128184,0.1388098874580635,False
Paxbp1,5,0,0,0.9885204868030568,0.1803023404078617,False
Paxip1,5,0,0,0.9997978488301602,0.3493987707177838,False
Paxx,6,0,0,0.2183688944621708,0.5923299511540339,False
Pbdc1,6,0,0,0.977017223345402,0.355797310227563,False
Pbld1,1,0,0,,0.1973656528873303,False
Pbrm1,7,0,0,0.9613872956381267,0.6400140285272226,False
Pbx1,6,0,0,0.9922143666095822,0.3340058545247804,False
Pbx2,6,0,0,0.7470666775149727,0.4193368026761817,False
Pbx3,3,0,0,0.9603469151708518,0.1264228223350736,False
Pbx4,1,0,0,0.9999106453149894,0.128424933282546,False
Pbxip1,5,0,0,0.6125964417721538,0.576295283324292,False
Pcbd1,1,0,0,0.9999106453149894,0.5234199886631213,False
Pcbd2,6,0,0,0.9613872956381267,0.3305183901785348,False
Pcbp1,7,0,0,0.8006383683000811,0.1416305389318902,False
Pcbp2,7,0,0,0.4970782074252172,0.2520608861805328,False
Pcbp3,3,0,0,0.999465548143242,0.5045271340257836,False
Pcbp4,6,0,0,0.1476263366897469,0.8767536934946422,False
Pcca,6,0,0,0.8441601589377047,0.7896054821249716,False
Pccb,5,0,0,0.9409257914200232,0.4522872618541731,False
Pcdh1,3,0,0,0.9988978288128184,0.222849810140492,False
Pcdh10,3,0,0,0.5628438977412534,0.3411708126267276,False
Pcdh11x,3,0,0,0.5023279481619385,0.5847138303769756,False
Pcdh15,2,0,0,0.9999106453149894,0.9204214649955114,False
Pcdh17,4,0,0,0.9771941538254924,0.1663448248537381,False
Pcdh19,3,0,0,0.9997978488301602,0.2879783904911731,False
Pcdh20,1,0,0,0.9999106453149894,0.1428134250598255,False
Pcdh7,3,0,0,0.9988978288128184,0.7616749292538858,False
Pcdh8,1,0,0,0.9999106453149894,0.7277260346352735,False
Pcdh9,3,0,0,0.2939899469804312,0.2926249370094966,False
Pcdhb10,1,0,0,0.9999106453149894,0.6746739186892308,False
Pcdhb14,2,0,0,,0.2041001243884144,False
Pcdhb16,1,0,0,,0.090464109730114,False
Pcdhb17,2,0,0,,0.4266702969931553,False
Pcdhb18,1,0,0,,0.2568171108670761,False
Pcdhb2,1,0,0,0.9999106453149894,0.4960484245413945,False
Pcdhb20,1,0,0,0.9999106453149894,0.3215197708129271,False
Pcdhb21,1,0,0,0.9999106453149894,0.9303336783909688,False
Pcdhb22,1,0,0,,0.1836194921558025,False
Pcdhb7,1,0,0,,0.7311475782464919,False
Pcdhb9,1,0,0,0.9999106453149894,0.2297884696772724,False
Pcdhga10,1,0,0,,0.364006280265029,False
Pcdhga11,3,0,0,0.9999106453149894,0.9595425307089566,False
Pcdhga12,5,0,0,0.9999106453149894,0.4770284750322724,False
Pcdhga3,1,0,0,,0.0609700749825868,False
Pcdhga5,1,0,0,,1.3281869497877536,False
Pcdhga9,1,0,0,,0.3983422163314299,False
Pcdhgb4,2,0,0,,1.4497087810694849,False
Pcdhgc3,2,0,0,0.9999106453149894,0.7656026560743114,False
Pced1a,2,0,0,,0.5607034331632849,False
Pced1b,1,0,0,,0.5914762019279043,False
Pcf11,6,0,0,0.9671993113183956,0.8738054871246428,False
Pcgf1,4,0,0,0.999465548143242,0.6088051948426169,False
Pcgf2,2,0,0,0.999465548143242,0.3231472357584753,False
Pcgf3,6,0,0,0.9691343900630024,0.8491155289156441,False
Pcgf5,6,0,0,0.9988978288128184,0.4612415865414972,False
Pcgf6,4,0,0,0.9999106453149894,0.2811531575689938,False
Pcid2,4,0,0,0.9997978488301602,0.4783903814273451,False
Pcif1,6,0,0,0.8204613501816619,0.459982925612886,False
Pck2,3,0,0,0.9997978488301602,0.7871231271109599,False
Pclaf,2,0,0,0.9999106453149894,1.5001367640563772,False
Pclo,3,0,0,0.3068282549415588,0.5914127449957437,False
Pcm1,7,0,0,0.93132946440637,0.6433334458863517,False
Pcmt1,7,0,0,0.9490465412342268,0.4254420128895121,False
Pcmtd1,6,0,0,0.6840292432552068,0.6080433742502871,False
Pcmtd2,6,0,0,0.962130789122402,0.5865146003840064,False
Pcna,7,0,0,0.7532332969918063,0.6469058200792308,False
Pcnp,7,0,0,0.8374844333384406,0.3453980953003331,False
Pcnt,4,0,0,0.9601312667032076,0.5251208876778474,False
Pcnx,6,0,0,0.8667737457308301,0.3219853773866074,False
Pcnx3,5,0,0,0.9913226326328984,0.6158179817817278,False
Pcnx4,4,0,0,0.999465548143242,0.6001920752207993,False
Pcolce,1,0,0,0.999465548143242,0.2063704431574529,False
Pcolce2,3,1,1,0.0295448022247215,0.9669934844910716,True
Pcp4,5,0,0,0.999465548143242,0.9979317108362944,False
Pcp4l1,3,0,0,0.999465548143242,1.778335201609197,False
Pcsk1n,6,0,0,0.987856211944101,0.8585617523879181,False
Pcsk2,2,0,0,0.1284848169872617,0.8661760484384912,False
Pcsk2os1,3,0,0,0.999465548143242,0.7679865309098742,False
Pcsk6,3,0,0,0.7272595822172914,0.3491161881145787,False
Pcsk7,5,0,0,0.9997978488301602,0.3546822664003121,False
Pctp,1,0,0,,0.2379606913989287,False
Pcx,4,0,0,0.9389728124425808,0.4349660787730451,False
Pcyox1,5,0,0,0.9560989790242568,0.4442250695798221,False
Pcyox1l,4,0,0,0.9994094398372564,0.5212248509913173,False
Pcyt1a,6,0,0,0.9870381478682352,0.6838542548172977,False
Pcyt1b,3,0,0,0.662435093738896,0.6526978023930307,False
Pcyt2,6,0,0,0.0946041179627544,0.891495883939318,False
Pdap1,7,0,0,0.9369329425026068,0.8169522477975091,False
Pdcd10,7,0,0,0.8667737457308301,0.7737846182371712,False
Pdcd11,5,0,0,0.9069419498233832,0.3009866283020518,False
Pdcd2,6,0,0,0.9550624901828332,0.5259612682886152,False
Pdcd2l,6,0,0,0.999465548143242,0.3936701747914269,False
Pdcd4,7,0,0,0.5662584210809866,0.4570110375749049,False
Pdcd5,7,0,0,0.9333672193684552,0.3872434919934274,False
Pdcd6,6,0,0,0.9168329271786826,0.288752042492679,False
Pdcd6ip,7,0,0,0.8871620280024697,0.3208474212766432,False
Pdcd7,5,0,0,0.98677497167896,0.6050283140971036,False
Pdcl,6,0,0,0.694295957244932,0.396268100360293,False
Pdcl3,6,0,0,0.8767627648475128,0.2097641271032387,False
Pde10a,2,0,0,0.9999106453149894,0.4856336758688128,False
Pde12,6,0,0,0.999465548143242,0.9604754774641234,False
Pde1a,1,0,0,0.9999106453149894,0.7219413021658676,False
Pde1b,1,0,0,,0.583032925491902,False
Pde1c,2,0,0,0.9217592804967654,0.304300920388285,False
Pde2a,3,0,0,0.9997978488301602,0.1925447732659066,False
Pde3a,1,0,0,,0.1913643507408738,False
Pde3b,3,0,0,0.998947809908267,1.311633598499072,False
Pde4a,3,0,0,,0.447428122617434,False
Pde4b,5,0,0,0.4805156345087812,0.9942869847605472,False
Pde4d,2,0,0,0.9999106453149894,0.6849592371751073,False
Pde4dip,6,0,0,0.9693377484700088,0.8020005182869433,False
Pde5a,2,0,0,0.999465548143242,0.8229366892428154,False
Pde6d,6,0,0,0.9771941538254924,0.4228539749192432,False
Pde7a,5,0,0,0.3083448775726534,0.8490197777076308,False
Pde7b,2,0,0,0.9999106453149894,0.4879896479721181,False
Pde8a,4,0,0,0.8818650673896277,0.2442600806018514,False
Pde8b,3,0,0,0.9988978288128184,0.4619346537660386,False
Pde9a,1,0,0,,0.0431175022541559,False
Pdgfa,6,0,0,0.5084963293666793,0.7991111858166405,False
Pdgfb,3,0,0,0.4007770042804063,0.2395176526709169,False
Pdgfc,1,0,0,,0.6336375294410327,False
Pdgfd,2,0,0,0.9997978488301602,0.3102166066854352,False
Pdgfra,2,0,0,0.999465548143242,1.4632995261755388,False
Pdgfrb,2,0,0,0.9988978288128184,0.3351320359869998,False
Pdgfrl,1,0,0,,0.1815509279294079,False
Pdha1,6,0,0,0.9943730809498168,0.466858413404427,False
Pdhb,6,0,0,0.6638076508172822,0.3001954980090594,False
Pdhx,6,0,0,0.8856452886724553,0.5348182853979883,False
Pdia3,7,0,0,0.940481924864198,0.3590139935566428,False
Pdia4,7,0,0,0.9410401051919668,0.2103731969788235,False
Pdia5,1,0,0,,0.5605510766002708,False
Pdia6,7,0,0,0.8912731424279905,0.4148655149000866,False
Pdik1l,5,0,0,0.9997978488301602,1.0642728523132847,False
Pdk1,5,0,0,0.6992050395393952,0.6289735575551015,False
Pdk2,6,0,0,0.9550624901828332,0.2883146193037043,False
Pdk3,4,0,0,0.9909758759744884,1.0326844553757677,False
Pdk4,2,0,0,,0.8321276875884841,False
Pdlim1,1,0,0,0.6694965536224338,0.3280770969463658,False
Pdlim2,4,1,1,0.0301825076699439,0.4580878446400057,True
Pdlim4,3,0,0,0.83324841829051,0.4869060071539113,False
Pdlim5,6,0,0,0.9890147171955024,0.5883427041535965,False
Pdlim7,3,0,0,0.999465548143242,0.8877394396800133,False
Pdp1,2,0,0,,0.1195528827866801,False
Pdp2,3,0,0,,0.7250484708286922,False
Pdpk1,6,0,0,0.8622072670002854,0.2374316456324152,False
Pdpn,3,0,0,0.9988978288128184,0.2548848083463887,False
Pdpr,3,0,0,,0.5159119352266442,False
Pdrg1,6,0,0,0.999465548143242,0.304627019618572,False
Pds5a,6,0,0,0.9451899018703012,0.4187332509026426,False
Pds5b,6,0,0,0.7833515903074183,0.5416218590877253,False
Pdss1,1,0,0,,0.1780993564419087,False
Pdss2,2,0,0,,0.2172987661956123,False
Pdxdc1,6,0,0,0.9771941538254924,0.5351754477656601,False
Pdxk,6,0,0,0.987856211944101,0.7270953603101477,False
Pdxp,4,0,0,0.9999106453149894,1.0629458268383312,False
Pdzd11,6,0,0,0.8818650673896277,0.2268309691305955,False
Pdzd2,3,0,0,0.999465548143242,0.3907329354501551,False
Pdzd8,5,0,0,0.7608521590856444,0.4433576905695248,False
Pdzph1,1,0,0,,0.0360457501872378,False
Pdzrn3,1,0,0,,0.4914184619831676,False
Pdzrn4,1,0,0,0.9999106453149894,0.26657482490935,False
Pea15a,7,0,0,0.6551144729852422,0.2133181337467917,False
Peak1,6,0,0,0.9447571511578672,0.4821506579639222,False
Pear1,2,0,0,0.9997978488301602,0.6445992081379177,False
Pebp1,7,0,0,0.7857414066864132,0.1872952959776805,False
Pecam1,2,0,0,0.9997978488301602,0.5921630041275966,False
Pecr,4,0,0,0.18806675519137,0.892561675103157,False
Pef1,6,0,0,0.5653120034065704,0.5749563535697673,False
Peg10,2,0,0,,0.5453714056347407,False
Peg13,6,0,0,0.7981419645204373,0.4739903046375942,False
Peg3,5,0,0,0.914200400224126,0.6396741527988736,False
Peli1,7,0,0,0.9523867509305338,0.428762397929544,False
Peli2,5,0,0,0.5301384822676211,0.4933129001524854,False
Peli3,1,0,0,,0.6550849573311318,False
Pelo,6,0,0,0.999465548143242,0.5915496957783601,False
Pelp1,4,0,0,0.9997978488301602,0.5020980009090555,False
Pepd,7,0,0,0.6592904027994643,0.5511286211868996,False
Per1,6,0,0,0.2611873424992844,0.7595254161995312,False
Per2,3,0,0,0.9997978488301602,1.791274600986261,False
Per3,5,0,0,0.5195343368102096,1.343289920206982,False
Perp,1,0,0,0.999465548143242,0.1772782399565166,False
Pes1,6,0,0,0.699144657758908,0.7940420663517073,False
Pet100,7,0,0,0.683125021042688,0.4449449054883247,False
Pex1,4,0,0,0.9913226326328984,0.319611390403258,False
Pex10,2,0,0,,0.6429388991313787,False
Pex11a,5,0,0,0.999465548143242,1.2367917225925054,False
Pex11b,6,0,0,0.8622072670002854,0.4377049574249408,False
Pex11g,2,0,0,,0.899790956064084,False
Pex12,2,0,0,,0.9858649049707496,False
Pex13,6,0,0,0.8809515385344964,0.18579980869684,False
Pex14,5,0,0,0.9418738767823392,0.4534723931599455,False
Pex16,5,0,0,0.7422554867253202,0.9145023678445852,False
Pex19,6,0,0,0.9904469851238652,0.2446152871741044,False
Pex2,6,0,0,0.8667737457308301,0.4906581137694968,False
Pex26,1,0,0,,0.431823558619531,False
Pex3,6,0,0,0.7587088618196836,0.4440512005352565,False
Pex5,6,0,0,0.999465548143242,0.3893378163775842,False
Pex5l,2,0,0,0.942371774006941,0.4501212849838263,False
Pex6,6,0,0,0.942371774006941,0.5028090798086119,False
Pex7,6,0,0,0.9908063682689148,0.6269842178675201,False
Pf4,1,0,0,0.998947809908267,0.5041688125519638,False
Pfas,4,0,0,0.9999106453149894,0.7058282876674826,False
Pfdn1,7,0,0,0.8429861170667684,0.5849425492970792,False
Pfdn2,7,0,0,0.6255909427294044,0.2915015358919134,False
Pfdn4,6,0,0,0.99004022795655,0.7720891892800957,False
Pfdn5,7,0,0,0.9391994214083182,0.4405222854916932,False
Pfdn6,6,0,0,0.9784212791584648,0.2784453055458128,False
Pfkfb2,2,0,0,,0.4368615654649552,False
Pfkfb3,3,0,0,0.8020846010381858,1.0386803354059642,False
Pfkfb4,3,0,0,,0.9548470693026648,False
Pfkl,6,0,0,0.4741803583103324,0.7085527432823939,False
Pfkm,5,0,0,0.9988978288128184,0.2824560726940515,False
Pfkp,5,0,0,0.9988978288128184,0.7005691650213987,False
Pfn1,7,0,0,0.1469792540201668,0.4949336665489095,False
Pfn2,6,0,0,0.9613872956381267,0.9883709492034054,False
Pfn4,3,0,0,0.9999106453149894,0.7599014643270372,False
Pgam1,7,0,0,0.7750271069715462,0.3957620110161345,False
Pgam5,5,0,0,0.999465548143242,0.3500116605172759,False
Pgap1,5,0,0,0.653479117397227,0.482378251389931,False
Pgap2,5,0,0,0.8904498303611323,0.4286584344033334,False
Pgbd5,1,0,0,0.4637993171659004,0.6217700928151778,False
Pgd,7,0,0,0.693734415325741,0.5033508940347275,False
Pgf,1,0,0,,0.2232823658688286,False
Pgghg,1,0,0,,0.1814507816266899,False
Pggt1b,5,0,0,0.8992872603476387,0.4229364636547311,False
Pgk1,7,0,0,0.8611812280648714,0.5994991463855396,False
Pgls,7,0,0,0.334691271605711,0.4082267845639598,False
Pglyrp1,2,0,0,0.9997978488301602,1.2462892022303478,False
Pgm1,6,0,0,0.9988978288128184,0.5852789196920357,False
Pgm2,5,0,0,0.999465548143242,0.4755341655407605,False
Pgm2l1,3,0,0,0.9997978488301602,1.0968444138748208,False
Pgm3,5,0,0,0.9599919048378922,0.3664156197264338,False
Pgm5,1,0,0,0.9997978488301602,0.0495429351629479,False
Pgp,6,0,0,0.7473088489029145,0.270454830813661,False
Pgpep1,6,0,0,0.999465548143242,0.6382590952919531,False
Pgrmc1,6,0,0,0.8098104630732278,0.33593074573242,False
Pgrmc2,6,0,0,0.4909516183231194,0.8626584411351721,False
Pgs1,6,0,0,0.4988901925016831,0.6534835066217469,False
Phactr1,5,0,0,0.7086554640322857,0.2361612821708619,False
Phactr2,6,0,0,0.9870381478682352,0.4957516211894515,False
Phactr3,3,0,0,0.2273521992740824,0.4110752970050313,False
Phactr4,6,0,0,0.8904498303611323,0.6204464081467003,False
Phax,6,0,0,0.9853391978197256,0.2735466740064221,False
Phb,7,0,0,0.8792108979263223,0.3925259566318415,False
Phb2,6,0,0,0.405653611720762,1.0090683454556093,False
Phc1,5,0,0,0.7880873472188114,0.6139751528625214,False
Phc2,6,0,0,0.5406435629944394,0.4019274414714045,False
Phc3,5,0,0,0.9194292137623148,0.4740552193785876,False
Pheta1,3,0,0,0.9999106453149894,1.3307900094564593,False
Phf1,5,0,0,0.999465548143242,0.445661525584765,False
Phf10,6,0,0,0.8802529666125684,0.2755142415191577,False
Phf11b,1,0,0,,0.4128296848953911,False
Phf11d,1,0,0,,0.1381351409690709,False
Phf12,6,0,0,0.8903323769770304,0.8812119353493851,False
Phf13,2,0,0,,0.2971538075967209,False
Phf14,6,0,0,0.9506980045799142,0.2795665752317244,False
Phf2,5,0,0,0.9409008904627872,0.5771298602227489,False
Phf20,6,0,0,0.6911300609931044,0.374362212162202,False
Phf20l1,6,0,0,0.4963623919023109,0.6566761728016345,False
Phf21a,6,0,0,0.9795291385116774,0.8091784063418654,False
Phf21b,1,0,0,,0.0724939244098423,False
Phf23,6,0,0,0.9867318244790833,0.98079391772944,False
Phf3,7,0,0,0.9451899018703012,0.426703796563193,False
Phf5a,6,0,0,0.9785961275129472,0.1969393442012112,False
Phf6,5,0,0,0.9603469151708518,0.2871888036451676,False
Phf7,3,0,0,,0.4502047687892704,False
Phf8,5,0,0,0.9636847167956676,0.3314795307512341,False
Phgdh,5,0,0,0.3026421070746602,0.5606331233584033,False
Phip,7,0,0,0.9070979963988064,0.989815635236372,False
Phka1,4,0,0,0.9988978288128184,0.5618735684479854,False
Phka2,2,0,0,,0.6976708258943682,False
Phkb,6,0,0,0.662435093738896,0.7587613539108592,False
Phkg1,2,0,0,0.9988978288128184,0.4534575594057013,False
Phkg2,6,0,0,0.7086554640322857,0.5790295437725502,False
Phlda1,5,0,0,0.8667737457308301,0.533974069290075,False
Phlda3,5,1,1,0.0006778186040737,2.336357801146548,True
Phldb1,4,0,0,0.3316760136881556,0.4376723909930737,False
Phldb2,3,0,0,0.999465548143242,0.3453016562028279,False
Phlpp1,5,0,0,0.7086554640322857,0.528458973732589,False
Phlpp2,4,0,0,0.9999106453149894,0.3807464571827049,False
Phospho2,6,0,0,0.92857788673395,0.4700177258034106,False
Phpt1,6,0,0,0.9603469151708518,0.398420995920017,False
Phrf1,5,0,0,0.8402201583633553,0.2698112375746946,False
Phtf1,6,0,0,0.999465548143242,0.556743344123119,False
Phtf2,2,0,0,,0.3306045702604488,False
Phyh,6,0,0,0.914200400224126,0.2427764223563866,False
Phyhd1,5,1,1,0.0272651475202917,2.624488656861254,True
Phyhip,1,0,0,0.999465548143242,0.5633491826563225,False
Phyhipl,3,0,0,0.0771305310561091,0.4406268980366706,False
Phykpl,5,0,0,0.999465548143242,0.6197175523315378,False
Pi4k2a,6,0,0,0.9375010146418976,0.4991803322067523,False
Pi4k2b,1,0,0,,0.6249724494445666,False
Pi4ka,6,0,0,0.6544100418501194,0.3860982037940816,False
Pi4kb,4,0,0,,0.4547474315657249,False
Pianp,1,0,0,0.9999106453149894,0.1068112028673181,False
Pias1,6,0,0,0.6644586706753683,0.458198276872123,False
Pias2,6,0,0,0.8818650673896277,0.4751712989992948,False
Pias3,4,0,0,0.9997978488301602,0.5162395260345626,False
Pias4,6,0,0,0.8667737457308301,0.5612187850822804,False
Pibf1,5,0,0,0.571033276243085,0.6320539677699685,False
Picalm,7,0,0,0.3076141973216215,0.5668832904260989,False
Pick1,6,0,0,0.3362397305334988,0.5857373295997366,False
Pid1,5,0,0,0.8496976767411729,0.6476828904271038,False
Piezo1,2,0,0,0.9997978488301602,0.2894035604911374,False
Piezo2,1,0,0,,2.046847524362294,False
Pifo,1,0,0,0.999465548143242,0.3363154500871047,False
Piga,2,0,0,0.544411983236694,0.4765158178631561,False
Pigb,3,0,0,,0.2999141723727244,False
Pigc,5,0,0,0.9779313792064896,0.6028793124216378,False
Pigf,6,0,0,0.9613872956381267,0.1990906534908217,False
Pigg,4,0,0,,1.0040302131045644,False
Pigh,5,0,0,0.9997978488301602,0.4877962877468864,False
Pigk,5,0,0,0.9609836761753684,0.7191626671308962,False
Pigl,2,0,0,,0.2096068900026551,False
Pigm,4,0,0,0.9997978488301602,0.3169915018966141,False
Pign,4,0,0,0.9999106453149894,0.7086752381462103,False
Pigo,3,0,0,,0.5568036962234693,False
Pigp,6,0,0,0.9790124443154248,0.4091287400971677,False
Pigq,6,0,0,0.8953117270559255,0.6386909676978384,False
Pigs,6,0,0,0.9541303772231654,0.3628072125104848,False
Pigt,6,0,0,0.3601405495117862,1.0348120458819734,False
Pigu,3,0,0,0.915627991889946,0.2093605727917334,False
Pigv,3,0,0,,1.079986227589467,False
Pigx,6,0,0,0.792952264193682,0.8162651510827832,False
Pigyl,6,0,0,0.9771941538254924,0.2795510912414657,False
Pigz,1,0,0,0.8667737457308301,0.1550760623440884,False
Pih1d1,5,0,0,0.999465548143242,0.5121948506841406,False
Pih1d2,1,0,0,0.999465548143242,0.0288150034377666,False
Pik3ap1,2,0,0,0.8058406872380226,0.2159663636988873,False
Pik3c2a,6,0,0,0.3367851511800884,1.1853073687857096,False
Pik3c2b,1,0,0,0.571033276243085,0.3290542973376169,False
Pik3c3,5,0,0,0.9971230182955928,0.3207661475609313,False
Pik3ca,6,0,0,0.6510721091577599,0.5908969308196249,False
Pik3cb,4,0,0,0.9997978488301602,0.5628569628010385,False
Pik3cd,1,0,0,0.9609836761753684,0.0597420388132739,False
Pik3cg,2,0,0,0.96438277861516,0.1022892912190331,False
Pik3ip1,5,0,0,0.9771941538254924,0.7355625282633891,False
Pik3r1,7,0,0,0.6080383522039415,0.6769286068892236,False
Pik3r2,5,0,0,0.9693377484700088,0.5878172269081854,False
Pik3r3,4,0,0,0.999465548143242,0.2769052992366681,False
Pik3r4,5,0,0,0.9997978488301602,0.4181484559926272,False
Pik3r5,1,0,0,,0.0798951383996635,False
Pik3r6,2,0,0,0.9997978488301602,0.2204520228387276,False
Pikfyve,6,0,0,0.9885204868030568,1.2219119148827302,False
Pilra,1,0,0,,0.0481018935609557,False
Pim1,4,1,1,3.016477760155825e-09,3.7615149364443767,True
Pim2,2,0,0,,0.4299787268884268,False
Pim3,5,1,1,0.0036583573708767,0.7462748411850887,True
Pin1,6,0,0,0.9434392934513736,0.4295342281116413,False
Pin4,6,0,0,0.6499588292901043,0.2643421178697734,False
Pink1,6,0,0,0.3628435598596702,0.4585740311570639,False
Pinx1,4,0,0,0.9997978488301602,0.7858213398815277,False
Pip4k2a,6,0,0,0.1006916451403963,0.6987454055197349,False
Pip4k2b,5,0,0,0.9997978488301602,0.3134029811661994,False
Pip4k2c,5,0,0,0.9839220353229592,0.5174420733045386,False
Pip4p1,6,0,0,0.6653446357953614,0.8684421764130061,False
Pip4p2,6,0,0,0.999465548143242,0.5356031446729932,False
Pip5k1a,6,0,0,0.9506980045799142,0.4479946182957939,False
Pip5k1b,1,0,0,0.999465548143242,0.2014153299722126,False
Pip5k1c,5,0,0,0.9997978488301602,0.5895696558089046,False
Pipox,1,0,0,,0.5716668635942822,False
Pir,4,0,0,0.999465548143242,0.5108815915516925,False
Pirb,1,0,0,,0.1329657553995732,False
Pisd,5,0,0,0.6287328673874577,0.76996339638523,False
Pithd1,6,0,0,0.7736140549139285,1.224911723529777,False
Pitpna,7,0,0,0.7171334326721777,0.8190243001858977,False
Pitpnb,6,0,0,0.5653120034065704,0.5869961353714314,False
Pitpnc1,5,0,0,0.9054228263761034,0.3021872776876436,False
Pitpnm1,3,0,0,0.999465548143242,0.4083564820230528,False
Pitpnm2,2,0,0,0.9988978288128184,0.3700374266103115,False
Pitrm1,5,0,0,0.9999106453149894,0.3328292655640829,False
Pja1,6,0,0,0.9092615138182086,0.4510555102886744,False
Pja2,6,0,0,0.8593692953945367,0.552809995303255,False
Pkd1,5,0,0,0.9885204868030568,0.358370210927543,False
Pkd2,5,0,0,0.9613872956381267,0.3781355230647093,False
Pkd2l1,1,0,0,,0.1992260016866675,False
Pkd2l2,1,0,0,,0.5334918737693337,False
Pkdcc,2,0,0,0.999465548143242,0.6284003787490146,False
Pkia,2,0,0,0.9999106453149894,0.330207616757417,False
Pkib,1,0,0,,0.099679375879369,False
Pkig,7,0,0,0.7687269170728568,0.2980982467325643,False
Pkm,7,1,1,0.0257076625129714,0.7545517383261595,True
Pkmyt1,1,0,0,,0.8247017351822584,False
Pkn1,6,0,0,0.7041507712502412,0.5264290354218729,False
Pkn2,6,0,0,0.6124654702921539,0.475830801332623,False
Pknox1,3,0,0,0.8070067535621716,0.3303887492078707,False
Pknox2,1,0,0,0.9999106453149894,0.451529965344552,False
Pkp4,5,0,0,0.9603469151708518,0.5994306036418503,False
Pla2g12a,6,0,0,0.9970554848778064,0.3721219423860022,False
Pla2g15,3,0,0,0.8925089288573399,0.5493614246849512,False
Pla2g3,1,0,0,,3.921508439808022,False
Pla2g4a,3,0,0,0.694526855754249,0.2479149029788864,False
Pla2g5,1,0,0,0.999465548143242,0.2460470560112582,False
Pla2g6,3,0,0,,0.5039681211880229,False
Pla2g7,5,0,0,0.711241775930897,0.7495560526051166,False
Plaa,6,0,0,0.9021968698616962,0.2511621262898914,False
Plaat1,2,0,0,0.999465548143242,0.3621584892446793,False
Plaat3,6,0,0,0.9671993113183956,0.284875802158575,False
Plagl1,3,0,0,0.8402201583633553,0.6358612230616897,False
Plagl2,3,0,0,,0.3610573837543093,False
Plat,4,0,0,0.9613872956381267,0.3114370159000929,False
Platr25,2,0,0,,0.4821130886353952,False
Plau,1,0,0,,0.3261295751677075,False
Plaur,2,0,0,0.9997978488301602,0.8201789612624694,False
Plbd2,6,0,0,0.3379570940819254,0.5787904056967693,False
Plcb1,3,0,0,0.9988978288128184,0.2507477976119593,False
Plcb2,1,0,0,,0.0250000010835775,False
Plcb3,4,0,0,0.9997978488301602,0.3628504504684174,False
Plcb4,5,0,0,0.999465548143242,0.5439711817709175,False
Plcd1,3,0,0,0.999465548143242,0.2606698820646201,False
Plcd4,1,0,0,0.9988978288128184,0.3947849106158214,False
Plce1,3,0,0,0.999465548143242,0.4537726059918838,False
Plcg1,5,0,0,0.9997978488301602,0.4067915976595591,False
Plcg2,1,0,0,0.6125964417721538,0.2976339805011048,False
Plcl1,4,0,0,0.9771941538254924,0.6000743105225276,False
Plcl2,1,0,0,0.1820911751140671,0.4233732615542045,False
Pld1,4,0,0,0.5289346296491251,0.5258711396252318,False
Pld2,4,0,0,0.9997978488301602,0.4533039092806267,False
Pld3,7,0,0,0.8999571706503435,0.3270113200477204,False
Pld4,2,0,0,0.1202982406698404,0.4203399816351823,False
Plec,3,0,0,0.9997978488301602,0.3482141150007721,False
Plek,2,1,1,0.03380903698706,0.5144545446679555,True
Plek2,1,0,0,0.999465548143242,0.7505620578899039,False
Plekha1,5,0,0,0.4741803583103324,0.2689657987240397,False
Plekha2,4,0,0,0.9341769146397448,0.34120873852665,False
Plekha3,6,0,0,0.999465548143242,0.4931840918008926,False
Plekha5,5,0,0,0.9932527654424816,0.7453528303799858,False
Plekha6,1,0,0,0.9999106453149894,0.4172062523749604,False
Plekha7,1,0,0,,0.6105529603750779,False
Plekha8,3,0,0,0.9997978488301602,0.6734189722570403,False
Plekhb1,6,0,0,0.9771941538254924,0.5968648920856379,False
Plekhb2,6,0,0,0.9613872956381267,0.3910396611566431,False
Plekhf1,1,0,0,0.9613872956381267,0.105437167983222,False
Plekhf2,5,0,0,0.9941189559838952,0.5473365884207051,False
Plekhg1,3,0,0,0.4066637814350139,0.4100109555875277,False
Plekhg2,3,0,0,0.9997978488301602,0.3216938145951687,False
Plekhg3,2,0,0,0.9784212791584648,0.1374378013898283,False
Plekhg5,2,0,0,0.9997978488301602,0.1099676712568415,False
Plekhh1,1,1,1,0.0095488508855073,0.5525183516808997,True
Plekhh2,3,0,0,0.9333672193684552,0.9484201820993884,False
Plekhh3,5,0,0,0.9997978488301602,0.6906418744899214,False
Plekhj1,7,0,0,0.6125964417721538,0.548738571189012,False
Plekhm1,3,0,0,0.9997978488301602,0.3560468826422029,False
Plekhm2,5,0,0,0.9784212791584648,0.6480964476107283,False
Plekhm3,4,0,0,0.9687465883607126,1.0697556726449435,False
Plekhn1,5,0,0,0.7470666775149727,0.899902332337461,False
Plekho1,4,0,0,0.8645127606066123,0.7362019109487677,False
Plekho2,4,0,0,0.9425336382946262,1.1125944034497142,False
Plgrkt,6,0,0,0.7898456454741755,0.2963178069331608,False
Plin2,6,0,0,0.998947809908267,0.641759175119787,False
Plin3,5,0,0,0.8818650673896277,0.1279080795278885,False
Plin4,1,1,1,8.093524352735499e-07,1.9819288058312687,True
Plk2,6,0,0,0.999465548143242,0.9421063044798828,False
Plk3,3,0,0,0.8818650673896277,0.2117799826695043,False
Plk4,3,0,0,,1.0569934949454736,False
Plk5,1,0,0,0.999465548143242,1.0477898448805645,False
Pllp,3,0,0,0.9771941538254924,0.4856494453509938,False
Plod1,6,0,0,0.8473236203158974,1.1320433853641292,False
Plod2,3,0,0,0.9997978488301602,0.644873998684463,False
Plod3,5,0,0,0.9409257914200232,0.3550700650427614,False
Plp1,7,1,1,8.953626440981485e-06,1.0079466683829568,True
Plp2,1,0,0,0.9997978488301602,0.9334554266759733,False
Plpbp,6,0,0,0.5972775982317474,0.5150531832855526,False
Plpp1,5,0,0,0.999465548143242,1.1204779562516685,False
Plpp2,3,0,0,0.9919687839689862,0.6030871106151573,False
Plpp3,5,0,0,0.8992872603476387,0.4764504573997546,False
Plpp4,2,0,0,0.9999106453149894,0.9419226787291588,False
Plpp5,3,0,0,0.9997978488301602,0.6062482175390306,False
Plpp6,3,0,0,0.9997978488301602,0.5168590116460651,False
Plpp7,4,0,0,0.9999106453149894,0.4426947166673389,False
Plppr1,1,0,0,0.9999106453149894,0.2381490658639221,False
Plppr2,3,0,0,0.9999106453149894,0.4800286601407457,False
Plppr4,3,0,0,0.999465548143242,0.2166392504656278,False
Plppr5,1,0,0,0.9999106453149894,0.0606409084817766,False
Plrg1,6,0,0,0.9885204868030568,0.3914709038679446,False
Pls1,2,0,0,0.2043843377089345,0.3867175588610659,False
Pls3,6,0,0,0.9994094398372564,0.5606775085388106,False
Plscr1,1,0,0,0.9997978488301602,0.1073475886776798,False
Plscr2,2,0,0,0.999465548143242,0.0420268574221895,False
Plscr3,5,0,0,0.9997978488301602,0.6997871634118492,False
Plscr4,4,0,0,0.999465548143242,0.6069506048927468,False
Pltp,6,0,0,0.998947809908267,1.006345375008685,False
Plxdc1,1,0,0,,0.3647493488438318,False
Plxdc2,5,0,0,0.3540690520449387,1.360047893828985,False
Plxna1,1,0,0,,0.1897098490917475,False
Plxna2,3,0,0,0.9997978488301602,0.6137127499598204,False
Plxna3,1,0,0,0.9999106453149894,0.7234820646781884,False
Plxna4,3,0,0,0.5775305869770802,0.7893115411482903,False
Plxna4os1,1,0,0,,0.3962993261638052,False
Plxnb1,3,0,0,0.9784212791584648,0.4134558168917967,False
Plxnb2,5,0,0,0.3887228377424673,0.5992183275929815,False
Plxnb3,3,0,0,0.9867318244790833,0.5634668624556636,False
Plxnc1,1,0,0,,0.0494583015811395,False
Plxnd1,1,0,0,0.7582009229385458,0.7599901502812471,False
Pmaip1,2,0,0,0.9997978488301602,0.3659518799452925,False
Pmepa1,7,0,0,0.2866056649080815,0.5569184711531583,False
Pmf1,2,0,0,,0.6725962313283977,False
Pml,4,0,0,0.9997978488301602,0.5471814704000577,False
Pmm1,6,0,0,0.8992872603476387,0.4326273825368304,False
Pmm2,5,0,0,0.694295957244932,0.438704353161671,False
Pmp22,6,0,0,0.6469681903488725,0.9281759062653608,False
Pmpca,6,0,0,0.9853391978197256,0.4217294246261689,False
Pmpcb,6,0,0,0.9784212791584648,0.2464698787881162,False
Pms1,3,0,0,0.9999106453149894,0.3301081512140226,False
Pms2,5,0,0,0.9997978488301602,0.3508319153914379,False
Pmvk,6,0,0,0.9771941538254924,0.4484579842639133,False
Pnck,1,0,0,0.9999106453149894,0.8933000274219233,False
Pnisr,7,0,0,0.3641385596622708,0.6009654133311857,False
Pnkd,6,0,0,0.9409257914200232,0.3890764595574016,False
Pnkp,5,0,0,0.6387804637836303,0.4569109961534586,False
Pnlip,1,0,0,0.9999106453149894,1.4468107046825989,False
Pnma2,1,0,0,0.9999106453149894,0.6717965262233132,False
Pnmal1,2,0,0,0.9999106453149894,0.8084613712084456,False
Pnmal2,4,0,0,0.999465548143242,0.4453826641015532,False
Pnn,7,0,0,0.8992872603476387,0.4752585050007298,False
Pno1,6,0,0,0.977017223345402,0.32549292786903,False
Pnp,7,0,0,0.5036971765038972,0.4745665201079606,False
Pnp2,1,0,0,0.999465548143242,0.6819579578162588,False
Pnpla2,5,1,1,0.0001793888111882,1.0529746655345888,True
Pnpla6,5,0,0,0.940731562009804,0.2508056288072361,False
Pnpla7,4,0,0,0.8496976767411729,0.8923852637038282,False
Pnpla8,6,0,0,0.8633874480933318,0.4071900554855948,False
Pnpo,2,0,0,0.999465548143242,0.255674935895496,False
Pnpt1,5,0,0,0.9997978488301602,0.609271721736072,False
Pnrc1,7,0,0,0.4141523281977693,0.8112673329867386,False
Pnrc2,6,0,0,0.6446371518014204,0.9536951921432452,False
Poc1a,2,1,1,0.000558334916375,1.1503923917789416,True
Poc1b,4,0,0,0.9997978488301602,1.039074653156851,False
Poc5,5,0,0,0.8006884308124118,0.8724558355451395,False
Podxl,1,0,0,0.9997978488301602,0.1064561136282743,False
Podxl2,3,0,0,0.9999106453149894,0.5883813535669947,False
Pofut1,5,0,0,0.9997978488301602,0.3647574984169268,False
Pofut2,6,0,0,0.7870975509825101,0.8947921813603997,False
Pogk,5,0,0,0.6690395110778463,0.9094066594425771,False
Poglut1,5,0,0,0.8362294757075313,0.6523734519269268,False
Poglut2,5,0,0,0.9999106453149894,1.4279230954465982,False
Poglut3,3,0,0,0.9997978488301602,0.4764563829478134,False
Pogz,5,0,0,0.932495130084212,0.222318758997434,False
Pola1,2,0,0,,0.7198752067150755,False
Pola2,3,0,0,,0.6113456504527276,False
Polb,6,0,0,0.2938098314607707,0.4583869771693604,False
Pold1,3,0,0,,0.2039226984632457,False
Pold2,6,0,0,0.5965528155291527,0.6322180961555076,False
Pold3,6,0,0,0.97714218428337,0.3723762412010711,False
Pold4,7,0,0,0.7644675996000637,0.5885353802503207,False
Poldip2,6,0,0,0.8341373214314584,0.4998249062703597,False
Poldip3,5,0,0,0.8667737457308301,0.2387330008489064,False
Pole3,6,0,0,0.9273402649515828,0.4085714581292554,False
Pole4,6,0,0,0.7770187895127605,0.3357233605557089,False
Polg,5,0,0,0.9997978488301602,0.5429994657756773,False
Polg2,2,0,0,,0.6522889014708444,False
Polh,3,0,0,,0.6839105516574211,False
Poli,1,0,0,,0.5871829002409319,False
Polk,5,0,0,0.999465548143242,0.6755709751721014,False
Poll,2,0,0,,0.4052986523027685,False
Polm,2,0,0,,0.1278583972701731,False
Polr1a,6,0,0,0.9409257914200232,0.96966344756169,False
Polr1b,1,0,0,,0.179042124070383,False
Polr1c,6,0,0,0.9563819747493084,0.699416751596884,False
Polr1d,7,0,0,0.97714218428337,0.4850271673205467,False
Polr1e,1,0,0,,0.1356712737489643,False
Polr2a,7,0,0,0.8361316425588403,0.4490637083594132,False
Polr2b,6,0,0,0.9933938463864376,0.3043469767898249,False
Polr2c,6,0,0,0.9409257914200232,0.5648210572052376,False
Polr2d,6,0,0,0.9845130304534924,0.225538554309274,False
Polr2e,7,0,0,0.8402201583633553,0.2173076839586752,False
Polr2f,7,0,0,0.8666526310567575,0.7704911156047575,False
Polr2g,7,0,0,0.8429861170667684,0.3121663317560905,False
Polr2h,6,0,0,0.9007266118211642,0.4938303187921204,False
Polr2i,7,0,0,0.96438277861516,0.188686604389653,False
Polr2j,7,0,0,0.9528353227051498,0.3676376658897982,False
Polr2k,7,0,0,0.0979156502535794,0.5841724078894189,False
Polr2l,6,0,0,0.6839554804089598,0.6100584811649162,False
Polr2m,6,0,0,0.9771941538254924,0.2726873743868901,False
Polr3a,4,0,0,0.9693377484700088,0.7223806008348307,False
Polr3b,3,0,0,,0.7588365079993172,False
Polr3c,4,0,0,0.9997978488301602,0.4769878470971709,False
Polr3d,6,0,0,0.8451773345588498,1.0471135523468609,False
Polr3e,3,0,0,0.9771941538254924,0.1911170464252384,False
Polr3f,5,0,0,0.9997978488301602,0.4950164055050534,False
Polr3g,2,0,0,,0.6664634305238171,False
Polr3gl,6,0,0,0.999465548143242,0.5134513216353985,False
Polr3h,5,0,0,0.5628438977412534,0.5813887022426856,False
Polr3k,6,0,0,0.7736140549139285,0.3419817063603056,False
Polrmt,3,0,0,,0.6970660572332555,False
Pom121,5,0,0,0.7331890873594079,0.6392556129110893,False
Pomc,3,0,0,0.9997978488301602,0.8615051475542989,False
Pomgnt1,6,0,0,0.9550624901828332,0.3438799963264641,False
Pomgnt2,3,0,0,0.9999106453149894,0.5527068814692283,False
Pomk,3,0,0,0.9999106453149894,0.6750466391932467,False
Pomp,7,0,0,0.5037148561722382,0.2907034879508417,False
Pomt1,3,0,0,,0.3679089566703298,False
Pomt2,4,0,0,0.9999106453149894,0.4064208598935537,False
Pon2,5,1,1,0.0322317863916582,1.1446092946335278,True
Pon3,2,0,0,0.6125964417721538,0.3192252555801288,False
Pop1,3,0,0,,0.6176322834823929,False
Pop4,6,0,0,0.9409257914200232,0.6755866542105938,False
Pop5,6,0,0,0.8441601589377047,0.2385074827824268,False
Pop7,6,0,0,0.8561572451790562,0.2815510314040075,False
Por,6,0,0,0.2190604014593289,0.530308316629001,False
Porcn,5,0,0,0.9999106453149894,0.2880698988417585,False
Postn,1,0,0,,0.4388160021756712,False
Pot1a,5,0,0,0.7672123788289811,0.4749589092453326,False
Pot1b,4,0,0,,0.6679188538585655,False
Pou2f1,5,0,0,0.6914626356372738,0.4287068214104608,False
Pou2f2,3,0,0,0.8759056146917199,0.5758977939534698,False
Pou3f1,2,1,1,0.023810874092796,0.5578464076525932,True
Pou3f2,2,0,0,0.9988978288128184,0.1587349218112147,False
Pou3f3,3,0,0,0.7487858710862868,0.286413935074216,False
Pou3f4,1,0,0,,0.2480833992939969,False
Pou5f2,1,0,0,,0.4579307105593797,False
Pou6f1,3,0,0,0.9999106453149894,0.6062025137362046,False
Ppa1,6,0,0,0.9614961848933092,0.4695865841534749,False
Ppa2,6,0,0,0.7990244019062459,0.5688328597010696,False
Ppan,4,0,0,0.9997978488301602,0.4574558012583242,False
Ppara,1,0,0,,0.1407069971835081,False
Ppard,4,0,0,0.8256351240098034,0.3843933815211769,False
Ppargc1a,3,0,0,0.9988978288128184,0.1521463751486151,False
Ppat,3,0,0,0.999465548143242,0.0971063381355343,False
Ppcdc,4,0,0,0.6644586706753683,0.4879434106716352,False
Ppcs,4,0,0,0.999465548143242,0.3788676158921071,False
Ppdpf,6,0,0,0.9409257914200232,0.3822100805578901,False
Ppfia1,6,0,0,0.6519846423489368,0.9199459516920212,False
Ppfia2,2,0,0,0.9999106453149894,0.3150238343460875,False
Ppfia4,2,0,0,0.7512958822072855,0.6259395273479788,False
Ppfibp1,4,0,0,0.999465548143242,0.4847649219478576,False
Ppfibp2,4,0,0,0.7468108637648934,0.4617336511562533,False
Pphln1,5,0,0,0.4455928012475373,0.6049144905658895,False
Ppia,7,0,0,0.2414365426219882,0.2904861881792528,False
Ppib,7,0,0,0.8727597914628661,0.3124251257181872,False
Ppic,1,0,0,0.9997978488301602,0.0980814581539465,False
Ppid,6,0,0,0.7089805710163017,0.5597284970728706,False
Ppie,6,0,0,0.914200400224126,0.6632686887884428,False
Ppif,5,0,0,0.999465548143242,1.371650163169401,False
Ppig,7,0,0,0.964126877626683,0.24284156345464,False
Ppih,5,0,0,0.9999106453149894,0.4594042993099976,False
Ppil1,6,0,0,0.999465548143242,0.8093980377156808,False
Ppil2,6,0,0,0.9616209532873972,0.2838581502619444,False
Ppil3,6,0,0,0.9613872956381267,0.7061494835008816,False
Ppil4,6,0,0,0.8767627648475128,0.4304720196918677,False
Ppil6,2,0,0,0.999465548143242,0.4688799572580727,False
Ppip5k1,4,0,0,0.9999106453149894,0.5057822679250934,False
Ppip5k2,5,0,0,0.9613872956381267,0.4009415724462807,False
Ppm1a,6,0,0,0.9048747464337078,0.3417146961421883,False
Ppm1b,6,0,0,0.9007266118211642,0.385615624535081,False
Ppm1d,5,0,0,0.9603469151708518,0.4535801923370991,False
Ppm1e,2,0,0,0.9999106453149894,0.4668384455040178,False
Ppm1f,4,0,0,0.999465548143242,0.5418388245704125,False
Ppm1g,6,0,0,0.4958610347059797,0.7800310449525669,False
Ppm1h,5,0,0,0.9982248632532263,0.1472358141155964,False
Ppm1k,5,0,0,0.9970554848778064,0.2681521160770378,False
Ppm1l,5,0,0,0.9772420733399642,0.5226280856239901,False
Ppm1m,4,0,0,0.9997978488301602,0.7854883708664028,False
Ppme1,6,0,0,0.9771941538254924,0.4556936453734357,False
Ppox,5,0,0,0.9999106453149894,0.3335091660719024,False
Ppp1ca,7,0,0,0.5881487779416934,0.4511218810663632,False
Ppp1cb,6,0,0,0.824890860628883,0.2679377297442185,False
Ppp1cc,7,0,0,0.5546467309271519,0.4344084261526613,False
Ppp1r10,7,0,0,0.8234616564143439,0.5917397424259372,False
Ppp1r11,6,0,0,0.9451899018703012,0.2549194293418873,False
Ppp1r12a,7,0,0,0.81095302203748,0.1907738213336157,False
Ppp1r12b,5,0,0,0.9999106453149894,0.2814544092360063,False
Ppp1r12c,6,0,0,0.6911300609931044,1.12095646921124,False
Ppp1r13b,3,0,0,0.8642152612973348,0.2695201420311083,False
Ppp1r14a,3,0,0,0.4455928012475373,0.8232015543882951,False
Ppp1r14b,7,0,0,0.0953421659090978,0.4975771912088321,False
Ppp1r14c,2,0,0,0.9999106453149894,0.2674482098667023,False
Ppp1r15a,7,1,1,0.0043520609078851,0.481918059673981,True
Ppp1r15b,6,0,0,0.9174585227851674,0.7273254833044337,False
Ppp1r16a,4,0,0,0.9195015463792224,0.7120132717222178,False
Ppp1r16b,5,1,1,0.0112999690882773,0.5112126429994247,True
Ppp1r18,4,0,0,0.6413297884463341,0.1894256853020229,False
Ppp1r18os,1,0,0,,1.1873638520267693,False
Ppp1r1a,2,0,0,0.999465548143242,0.3656691909443674,False
Ppp1r1b,3,0,0,0.9988978288128184,0.9521500196933386,False
Ppp1r2,7,0,0,0.7086554640322857,0.354691633766223,False
Ppp1r21,6,0,0,0.6204477171734942,0.2821246574545794,False
Ppp1r35,6,0,0,0.6287424584505742,0.4059010814249716,False
Ppp1r36,1,0,0,0.999465548143242,1.2182342819068537,False
Ppp1r37,6,0,0,0.9784212791584648,0.3689500471362683,False
Ppp1r3b,2,0,0,0.96438277861516,0.9674270594453056,False
Ppp1r3c,1,0,0,0.9988978288128184,0.0348053691722518,False
Ppp1r3d,2,0,0,,0.5560314115490027,False
Ppp1r3e,1,0,0,,0.3511435361307234,False
Ppp1r3f,1,0,0,,0.3125347010732114,False
Ppp1r3g,1,0,0,0.999576737147644,0.0005430245333753,False
Ppp1r42,1,0,0,0.999465548143242,0.1426373873607715,False
Ppp1r7,6,0,0,0.7219898531681916,0.5995182419197392,False
Ppp1r8,5,0,0,0.9613872956381267,0.3350157484572195,False
Ppp1r9a,5,0,0,0.7457010520309937,0.8363494991649801,False
Ppp1r9b,6,0,0,0.7857414066864132,0.5032368770677879,False
Ppp2ca,7,0,0,0.767182570802999,0.4731096006451605,False
Ppp2cb,6,0,0,0.7278745565080218,0.736617177134829,False
Ppp2r1a,6,0,0,0.8645127606066123,0.2312177383200435,False
Ppp2r1b,2,0,0,,0.2805626910294466,False
Ppp2r2a,6,0,0,0.8667737457308301,0.7920103912125114,False
Ppp2r2b,2,0,0,0.9988978288128184,0.0503067507423501,False
Ppp2r2c,4,0,0,0.7254942816138444,0.9558796009178044,False
Ppp2r2d,6,0,0,0.829388260330224,0.5875272612003516,False
Ppp2r3a,5,0,0,0.9614961848933092,0.1762160110545958,False
Ppp2r3c,6,0,0,0.9389728124425808,0.6230788388350175,False
Ppp2r3d,5,0,0,0.9997978488301602,0.4798985300883754,False
Ppp2r5a,5,0,0,0.833274701106216,0.321646861868626,False
Ppp2r5b,5,0,0,0.962130789122402,0.2322572612551239,False
Ppp2r5c,6,0,0,0.7612371439356139,0.5497681314231474,False
Ppp2r5d,5,0,0,0.8781770920570142,0.3622994367994506,False
Ppp2r5e,6,0,0,0.9771941538254924,0.3988683931330443,False
Ppp3ca,7,0,0,0.5546467309271519,0.6137095324205923,False
Ppp3cb,6,0,0,0.6575493772755271,0.4119462861555096,False
Ppp3cc,4,0,0,0.9997978488301602,0.4916651681953872,False
Ppp3r1,6,0,0,0.6760216602382058,0.3780877020088414,False
Ppp4c,7,0,0,0.4475148496833737,1.1689902558607412,False
Ppp4r1,4,0,0,0.9997978488301602,0.5001219272245362,False
Ppp4r2,6,0,0,0.6413297884463341,0.3563671927090889,False
Ppp4r3a,6,0,0,0.5130494812680432,0.5200121963655351,False
Ppp4r3b,6,0,0,0.570720857490917,0.3621865706560105,False
Ppp4r4,1,0,0,0.9999106453149894,0.0890439099286234,False
Ppp5c,6,0,0,0.4156195134583048,0.4662197121317779,False
Ppp6c,6,0,0,0.9771941538254924,0.093135211298902,False
Ppp6r1,6,0,0,0.5086811856719438,0.5776817290994286,False
Ppp6r2,6,0,0,0.9569846431026046,0.361541807743265,False
Ppp6r3,5,0,0,0.9107938075003812,0.1732242728997353,False
Pprc1,2,0,0,,0.4331097526516576,False
Ppt1,7,0,0,0.1957662099028235,0.4224426399640403,False
Ppt2,6,0,0,0.999465548143242,1.115462016778213,False
Pptc7,6,0,0,0.9970554848778064,0.8608664101006803,False
Ppwd1,5,0,0,0.9603469151708518,0.3295667281927925,False
Pqbp1,6,0,0,0.9422594720166788,0.3240422354491853,False
Pqlc1,4,0,0,0.999465548143242,0.2828645806567424,False
Pqlc2,3,0,0,0.6603586966737383,0.6870060235445452,False
Pradc1,5,0,0,0.7580989421820681,0.4328998513599868,False
Praf2,5,0,0,0.9693377484700088,0.5707376717697964,False
Prag1,4,0,0,0.2023997066718394,0.5727880084191469,False
Pramef8,2,0,0,,0.087925372591677,False
Prc1,1,0,0,,0.2754851757484377,False
Prcc,5,0,0,0.9997978488301602,0.4488623479701882,False
Prcd,1,0,0,0.999465548143242,0.024871971683411,False
Prcp,4,0,0,0.74024791722955,0.4211634655675005,False
Prdm1,1,0,0,,0.3705045313636785,False
Prdm10,2,0,0,,1.4680466776068513,False
Prdm11,1,0,0,,0.3301334280383562,False
Prdm15,2,0,0,,0.2363594808197572,False
Prdm16,3,0,0,0.999465548143242,1.0302537207064737,False
Prdm16os,2,0,0,0.9988978288128184,0.146307625044088,False
Prdm2,6,0,0,0.7900346534791179,1.0321338503040027,False
Prdm4,2,0,0,,0.3591713269271198,False
Prdm5,3,0,0,0.9997978488301602,0.5428108011925301,False
Prdx1,7,0,0,0.9784212791584648,0.2710991508517498,False
Prdx2,7,0,0,0.8781770920570142,0.1569751272453085,False
Prdx3,6,0,0,0.8320163606442603,0.6189727819344233,False
Prdx4,7,0,0,0.1889491092698825,0.529280270361597,False
Prdx5,7,0,0,0.1115010087224438,0.3930777112038183,False
Prdx6,6,0,0,0.914200400224126,0.4097125064031988,False
Preb,6,0,0,0.988095128576034,0.4963234654459635,False
Prelid1,7,0,0,0.4298703729752186,0.5130339709993953,False
Prelid2,1,0,0,,0.0380502034778463,False
Prelid3a,1,0,0,,0.4825980302923089,False
Prelid3b,6,0,0,0.879243591363896,0.5500435719099301,False
Prelp,2,0,0,0.9988978288128184,0.2749722266933673,False
Prep,4,0,0,0.9997978488301602,0.964337115040672,False
Prepl,4,0,0,0.999465548143242,0.4370196636837801,False
Prex1,6,0,0,0.8200746805605036,0.3486389009964348,False
Prex2,2,0,0,0.9988978288128184,0.0848826284030897,False
Prickle1,2,0,0,0.8402201583633553,0.2041006265577095,False
Prickle2,2,0,0,0.6499588292901043,0.3494181367417993,False
Prickle3,3,0,0,0.9997978488301602,0.6587286761795801,False
Prim1,4,0,0,0.975054043435065,0.518359400328924,False
Prim2,3,0,0,0.9999106453149894,0.6867047901452321,False
Prima1,1,0,0,0.6733823720494969,0.4103212009985619,False
Primpol,1,0,0,,0.109445542923655,False
Prkaa1,5,0,0,0.9415287638172926,0.5592112593082511,False
Prkaa2,3,0,0,0.999465548143242,1.3441139387075989,False
Prkab1,3,0,0,0.9582770103157974,0.5926839043669014,False
Prkab2,4,0,0,0.9999106453149894,1.217770880337817,False
Prkaca,6,0,0,0.9603469151708518,0.5837456077992279,False
Prkacb,7,0,0,0.3936742828297433,0.6633495937937602,False
Prkag1,6,0,0,0.7071435961316962,0.7753171941349566,False
Prkag2,3,0,0,0.9997978488301602,0.366563717723994,False
Prkar1a,7,0,0,0.7736140549139285,0.2501402413216642,False
Prkar1b,2,0,0,0.9999106453149894,0.6550243194964639,False
Prkar2a,6,0,0,0.9613872956381267,0.8370594933254121,False
Prkar2b,2,0,0,0.9997978488301602,0.3164604895766081,False
Prkca,4,0,0,0.7921268801917422,0.2287739788364464,False
Prkcb,4,0,0,0.7990244019062459,0.2956133222221397,False
Prkcd,4,0,0,0.8496976767411729,0.6765310856533185,False
Prkce,5,0,0,0.9997978488301602,0.4180060859007176,False
Prkch,2,0,0,0.9997978488301602,0.2187725472284145,False
Prkci,4,0,0,0.9997978488301602,0.4237620186411217,False
Prkcq,3,0,0,0.6760216602382058,0.3178075810430329,False
Prkcsh,6,0,0,0.8473236203158974,0.2763985025564019,False
Prkcz,4,0,0,0.9904469851238652,0.4343332119811012,False
Prkd1,1,0,0,,0.0050061579488378,False
Prkd2,2,0,0,0.9997978488301602,0.120310507211531,False
Prkd3,5,0,0,0.7505645442172632,0.298675494416567,False
Prkdc,4,0,0,0.2043843377089345,0.8400785494536953,False
Prkg1,1,0,0,0.9999106453149894,0.8647513728389743,False
Prkg2,1,0,0,0.9999106453149894,0.1200706688356156,False
Prkn,4,0,0,0.9999106453149894,0.5349886582021169,False
Prkra,6,0,0,0.999465548143242,0.6215691534407302,False
Prkrip1,6,0,0,0.694295957244932,0.6115066318657589,False
Prkx,4,0,0,0.9771958735378466,0.4234653047928401,False
Prlr,2,0,0,0.9836376050832536,1.102278333387697,False
Prmt1,6,0,0,0.7418041516038367,0.5196015483978376,False
Prmt2,6,0,0,0.3083448775726534,0.7139003066577874,False
Prmt3,4,0,0,0.9999106453149894,1.0740591526469347,False
Prmt5,6,0,0,0.999465548143242,0.4473661782013271,False
Prmt6,3,0,0,,0.4770817425550508,False
Prmt7,6,0,0,0.999465548143242,1.4227319706734367,False
Prmt9,6,0,0,0.999465548143242,0.6654734256338721,False
Prnp,6,0,0,0.9626898966973528,0.3272166181294404,False
Prob1,1,0,0,,0.2140943369659719,False
Proca1,1,0,0,,0.542160609984401,False
Procr,1,0,0,0.9997978488301602,0.0425732666252478,False
Prodh,3,0,0,0.9988978288128184,0.6936211429751646,False
Prom1,2,0,0,0.9997978488301602,0.6102471070758991,False
Prorp,3,0,0,0.9997978488301602,0.5198399226704402,False
Prorsd1,5,0,0,0.5749553727680053,0.4638041669943383,False
Pros1,5,0,0,0.7052389887533064,0.2072069285720646,False
Proscos,1,0,0,,0.6074043056727123,False
Proser1,5,0,0,0.9524660103656164,0.4334505715318253,False
Proser2,1,0,0,0.9997978488301602,0.1305809817920267,False
Proser3,1,0,0,,0.919385503667605,False
Prox1,4,0,0,0.5803942691919607,0.5859432764016809,False
Prox1os,1,0,0,0.4496273340952428,0.4704018146432208,False
Prox2,2,0,0,,0.2205485683149099,False
Prpf18,6,0,0,0.7747015316640691,0.6213790852793375,False
Prpf19,6,0,0,0.6913447503820703,0.3287006474022142,False
Prpf3,5,0,0,0.9997978488301602,0.3338509120761022,False
Prpf31,6,0,0,0.847684396122065,0.2890073229560291,False
Prpf38a,6,0,0,0.8781770920570142,0.6163206040371566,False
Prpf38b,7,0,0,0.519322306075019,0.9213645495760544,False
Prpf39,5,0,0,0.9236632729291038,0.4039952221920882,False
Prpf4,5,0,0,0.8060716478376099,0.3725218044903617,False
Prpf40a,7,0,0,0.7927426385372717,0.2474610047724147,False
Prpf40b,6,0,0,0.999465548143242,0.5979059104979079,False
Prpf4b,7,0,0,0.2952840349185354,0.5824285876019631,False
Prpf6,6,0,0,0.915627991889946,0.5214237771297281,False
Prpf8,6,0,0,0.8904498303611323,0.7542212474639641,False
Prps1,5,0,0,0.999465548143242,0.3566142932687383,False
Prps1l3,2,0,0,,0.8734407816875828,False
Prps2,4,0,0,0.7425313235986152,0.4235642302535338,False
Prpsap1,6,0,0,0.767182570802999,0.6653086483832092,False
Prpsap2,5,0,0,0.3073251313358128,0.6113207082109323,False
Prr12,5,0,0,0.93458738278157,0.4969916585309514,False
Prr13,7,0,0,0.7155706385760887,0.4272954169981225,False
Prr14,6,0,0,0.3183966162727515,0.7477675754038189,False
Prr14l,5,0,0,0.5628438977412534,0.7053402865110444,False
Prr18,3,0,0,0.9857257966501102,0.2422786798923657,False
Prr3,4,0,0,0.9999106453149894,0.6989235327771555,False
Prr32,1,0,0,0.999465548143242,0.3637123727122865,False
Prr36,1,0,0,0.9999106453149894,0.3717578764665596,False
Prr5,2,0,0,,0.5440334559623938,False
Prr5l,2,0,0,0.9801820393362448,0.2527645168806879,False
Prr7,2,0,0,0.9999106453149894,0.6456741752617942,False
Prrc1,6,0,0,0.8341373214314584,0.6163083843629654,False
Prrc2a,7,0,0,0.8513598984835474,0.6314765598124256,False
Prrc2b,6,0,0,0.9613872956381267,1.465219620478723,False
Prrc2c,7,0,0,0.7431445249261647,0.6402211690765492,False
Prrg1,4,1,1,0.0015961857657377,0.7980326603369914,True
Prrg2,5,0,0,0.9333672193684552,0.5419761031389796,False
Prrg3,1,0,0,0.9999106453149894,0.6426548481555696,False
Prrt1,3,0,0,0.9145420718215802,0.222412925041921,False
Prrt4,1,0,0,0.9997978488301602,0.6214505536654991,False
Prrx1,2,0,0,0.9988978288128184,0.4238802205304983,False
Prss23,3,0,0,0.9997978488301602,0.7934913434513304,False
Prss36,2,0,0,,0.227082347351298,False
Prtg,1,0,0,,0.2407433997277628,False
Prune1,3,0,0,0.9997978488301602,0.2962999790681337,False
Prune2,4,0,0,0.9999106453149894,0.4127106594993502,False
Prxl2a,6,0,0,0.7191712872701373,0.2577347345967731,False
Prxl2b,6,0,0,0.6499588292901043,0.665964639323289,False
Prxl2c,6,0,0,0.9249822758630208,0.6384697321661245,False
Psap,7,3,3,3.348209622842904e-05,0.7812560313850857,True
Psat1,4,0,0,0.1621450457378276,0.4172408190526127,False
Psd,3,0,0,0.9999106453149894,1.2033303808883165,False
Psd2,1,0,0,0.9988978288128184,0.1010256184167684,False
Psd3,5,0,0,0.073273829154886,0.6279851550897101,False
Psd4,1,0,0,,0.0551488995048107,False
Psen1,5,0,0,0.7019328019969202,0.414211591672351,False
Psen2,5,0,0,0.9971230182955928,0.441916157763261,False
Psenen,7,0,0,0.8667737457308301,0.4298762936879565,False
Psip1,6,0,0,0.9434392934513736,0.2113933741143768,False
Pskh1,2,0,0,,0.0325598123207978,False
Psma1,7,0,0,0.5692607342103234,0.5135056271129609,False
Psma2,7,0,0,0.9691343900630024,0.4870925885218172,False
Psma3,7,0,0,0.9079795055271052,0.4791156733453846,False
Psma4,7,0,0,0.7683494493724187,0.350916499125624,False
Psma5,7,0,0,0.8818650673896277,0.2163049130485384,False
Psma6,7,0,0,0.694295957244932,0.3625100159177253,False
Psma7,7,0,0,0.9613872956381267,0.2979606608853214,False
Psma8,2,0,0,,0.6431741456028941,False
Psmb1,7,0,0,0.9619043907348768,0.2163945356230165,False
Psmb10,7,0,0,0.9935083598799612,0.5200360481211075,False
Psmb2,7,0,0,0.1819179814898773,0.4188369376725159,False
Psmb3,7,0,0,0.1307776611754353,0.4480485662900428,False
Psmb4,7,0,0,0.9550624901828332,0.2156598984090782,False
Psmb5,7,0,0,0.426626405263034,0.4102666256459411,False
Psmb6,7,0,0,0.7844582697242548,0.2810548031333354,False
Psmb7,7,0,0,0.9581313302267428,0.4591716479454421,False
Psmb8,4,0,0,0.998717048431168,0.4820973015022122,False
Psmb9,3,0,0,0.8933593320197283,0.6759259663261292,False
Psmc1,6,0,0,0.6584380103096773,0.2888953268557586,False
Psmc2,7,0,0,0.829388260330224,0.6742531228083768,False
Psmc3,7,0,0,0.9341769146397448,0.3114579089517367,False
Psmc3ip,3,0,0,0.999465548143242,0.3964074703430867,False
Psmc4,6,0,0,0.7671827108007256,0.2365062922739567,False
Psmc5,6,0,0,0.9401283593280376,0.4498542514057376,False
Psmc6,7,0,0,0.9054228263761034,0.2794891904999835,False
Psmd1,6,0,0,0.7071435961316962,0.2497569671605833,False
Psmd10,6,0,0,0.8424121802998759,0.5045465349780105,False
Psmd11,6,0,0,0.7295746857594037,0.2190953919155524,False
Psmd12,7,0,0,0.6283116630648233,0.5673976943813295,False
Psmd13,6,0,0,0.5575058738532978,0.4441504864409427,False
Psmd14,6,0,0,0.8667737457308301,0.3938606195150953,False
Psmd2,6,0,0,0.765298742563088,0.2114627164231972,False
Psmd3,6,0,0,0.8904498303611323,0.6024062274058037,False
Psmd4,7,0,0,0.8429861170667684,0.1526971001236597,False
Psmd5,6,0,0,0.9703403656677598,0.4224547468828987,False
Psmd6,7,0,0,0.8938176350134076,0.24561886274776,False
Psmd7,6,0,0,0.5546467309271519,0.443212543516699,False
Psmd8,6,0,0,0.9603469151708518,0.4761179431778567,False
Psmd9,6,0,0,0.7216238202141968,0.4630643558789594,False
Psme1,7,0,0,0.6192491435674676,0.3912635367273326,False
Psme2,7,0,0,0.5662584210809866,0.7943920618747725,False
Psme2b,1,0,0,,0.4458599530993673,False
Psme3,6,0,0,0.96590335444763,0.3919803281057361,False
Psme4,6,0,0,0.8913433305157492,0.4139634717729766,False
Psmf1,5,0,0,0.6639248960698901,0.7217570206104839,False
Psmg1,6,0,0,0.9603469151708518,0.515430202313555,False
Psmg2,6,0,0,0.906578758237884,0.3537736460548492,False
Psmg3,6,0,0,0.9853391978197256,0.7716421238971053,False
Psmg4,6,0,0,0.9601312667032076,0.4823350687206145,False
Pspc1,5,0,0,0.8642152612973348,0.7134952509229928,False
Psph,6,0,0,0.988381924273074,0.4996113781358711,False
Pstk,6,0,0,0.9389728124425808,0.7015401357692262,False
Pstpip2,2,0,0,0.987856211944101,0.1890262816400177,False
Ptafr,2,0,0,0.9375010146418976,0.0702119185586106,False
Ptar1,6,0,0,0.8269012780684529,0.9205256039852824,False
Ptbp1,7,0,0,0.9070647896477066,0.2696654828215524,False
Ptbp2,5,0,0,0.9333672193684552,0.5257108976529145,False
Ptbp3,6,0,0,0.914200400224126,0.3907204224101627,False
Ptcd1,3,0,0,,0.3106873126104306,False
Ptcd2,6,0,0,0.8667737457308301,0.5572765308523637,False
Ptcd3,6,0,0,0.9971230182955928,0.5736787964123545,False
Ptch1,5,0,0,0.8770085403453264,0.6441694196612541,False
Ptchd4,1,0,0,,0.0822161365859508,False
Ptdss1,5,0,0,0.9784212791584648,0.0591645691159181,False
Ptdss2,6,0,0,0.8060716478376099,0.6165522263952492,False
Pten,7,0,0,0.6705874431716935,0.3974414670760962,False
Pter,3,0,0,0.9999106453149894,1.0657740604112955,False
Ptgds,7,4,4,1.6226554363601e-06,1.43844655694269,True
Ptger3,1,0,0,,0.4603493785190034,False
Ptger4,1,0,0,,0.2114415987288684,False
Ptges,2,0,0,0.9997978488301602,0.2693053542195027,False
Ptges2,6,0,0,0.7434363385887156,1.3001377300757682,False
Ptges3,7,0,0,0.4380315034072868,0.4397103544144233,False
Ptgfrn,3,0,0,0.9997978488301602,1.1641485297368503,False
Ptgr1,1,0,0,,0.0351072766832953,False
Ptgr2,5,0,0,0.5982324637105222,0.6166940469041245,False
Ptgs1,3,0,0,0.2949176774894761,0.6907330860326047,False
Ptgs2,1,0,0,,0.0447569525821595,False
Pth1r,1,0,0,0.9999106453149894,0.5653905890068673,False
Ptk2,4,0,0,0.97714218428337,0.1207819918520487,False
Ptk2b,2,0,0,0.9771958735378466,0.8611294980616833,False
Ptma,7,0,0,0.9544266184864936,0.229324073866428,False
Ptms,7,0,0,0.0832701179200189,0.5871449630542084,False
Ptn,6,1,1,0.0079341582497125,0.7473598010137399,True
Ptov1,6,0,0,0.4318360542677162,0.4722092321295968,False
Ptp4a1,1,0,0,,0.0548485375511807,False
Ptp4a1-1,1,0,0,,1.209339935377728,False
Ptp4a2,7,0,0,0.8352323247011454,0.4603646743651747,False
Ptp4a3,5,0,0,0.437324888909509,0.8441504594948438,False
Ptpa,7,0,0,0.4298703729752186,0.3896005242077079,False
Ptpdc1,2,0,0,0.8424121802998759,0.1884203075981991,False
Ptpmt1,6,0,0,0.9524660103656164,0.2331008282935976,False
Ptpn1,7,0,0,0.9562120844204725,0.6141240071141529,False
Ptpn11,6,1,1,0.0414768667001387,0.5207186284165637,True
Ptpn12,5,0,0,0.9988978288128184,0.3232022047485862,False
Ptpn13,2,0,0,,0.7850598324738967,False
Ptpn14,3,0,0,0.999465548143242,0.991050888468646,False
Ptpn18,4,0,0,0.897435817961038,0.4050285498650243,False
Ptpn2,6,0,0,0.999465548143242,0.674017671273289,False
Ptpn21,4,0,0,0.9997978488301602,0.3267383918603734,False
Ptpn23,5,0,0,0.9997978488301602,0.53504929601284,False
Ptpn4,5,0,0,0.9988978288128184,0.7117240996595564,False
Ptpn5,1,0,0,0.9999106453149894,0.8406041107309669,False
Ptpn6,2,0,0,0.1131923811549213,0.8897822027059759,False
Ptpn9,5,0,0,0.999465548143242,0.8012727879583494,False
Ptpra,7,0,0,0.6839554804089598,0.2970234975427368,False
Ptprb,1,0,0,0.9997978488301602,0.0665055083358073,False
Ptprc,2,0,0,0.8821889053217825,0.0909610965189448,False
Ptprd,4,1,1,9.664250035116148e-05,0.5963608709165111,True
Ptpre,4,0,0,0.7132852820631168,0.408867239043249,False
Ptprf,4,0,0,0.5653120034065704,1.2788825968613031,False
Ptprg,3,0,0,0.9988978288128184,0.5533317905917441,False
Ptprj,5,0,0,0.9375010146418976,0.4656543702320568,False
Ptprk,3,0,0,0.9550624901828332,0.1551874842407642,False
Ptprm,4,0,0,0.9997978488301602,1.5436978564895,False
Ptprn,2,0,0,0.8402201583633553,0.3258821096151258,False
Ptpro,3,0,0,0.9528353227051498,0.5934471994525421,False
Ptprr,2,0,0,0.6788617796619625,0.6637760606080265,False
Ptprs,5,0,0,0.9932527654424816,0.2084290303143152,False
Ptprt,2,0,0,0.9988978288128184,0.1333153793922497,False
Ptpru,1,0,0,0.9999106453149894,0.5491596802038189,False
Ptprz1,4,0,0,0.9988978288128184,0.3326352989972596,False
Ptrh2,5,0,0,0.9393336235890252,0.406751976506259,False
Ptrhd1,6,0,0,0.9771941538254924,0.548939843233034,False
Pts,7,0,0,0.1516097332638769,0.4948095525270705,False
Pttg1,7,0,0,0.8204826256055683,0.6610560621634665,False
Pttg1ip,6,0,0,0.8933593320197283,0.1967395633355486,False
Puf60,6,0,0,0.9098577082809391,0.4560060158480076,False
Pum1,6,0,0,0.6644586706753683,0.2350314302754029,False
Pum2,7,0,0,0.7949725240749512,0.4497467485283012,False
Pum3,6,0,0,0.8857775141435104,1.1498849213987954,False
Pura,7,0,0,0.9563819747493084,0.9062647912214844,False
Purb,7,0,0,0.5482772828567429,0.3054176695191858,False
Purg,4,0,0,0.9999106453149894,1.05869997171217,False
Pus1,3,0,0,,0.328380702019262,False
Pus10,4,0,0,,0.7148383606752067,False
Pus3,4,0,0,0.9999106453149894,0.5427027820490435,False
Pus7,4,0,0,0.9055668931319788,0.42340575174056,False
Pus7l,1,0,0,,0.4319197531710387,False
Pusl1,4,0,0,0.9999106453149894,0.5862454229099092,False
Pvr,4,0,0,0.9997978488301602,0.2352963818677263,False
Pvt1,2,0,0,,0.5684834415371153,False
Pwp1,5,0,0,0.9614961848933092,0.4591532727000055,False
Pwp2,2,0,0,,0.341295908767451,False
Pwwp2a,6,0,0,0.9295384018279156,0.4747803665473159,False
Pwwp2b,2,0,0,0.9997978488301602,0.3490644169454165,False
Pwwp3a,5,0,0,0.9705682900236324,0.3403759838097384,False
Pwwp3b,1,0,0,0.999465548143242,0.159483781000522,False
Pxdc1,4,0,0,0.998947809908267,0.3827918776208312,False
Pxdn,1,0,0,,0.8046827052017419,False
Pxk,6,0,0,0.8098104630732278,0.548062532691702,False
Pxmp2,2,0,0,0.9988978288128184,0.4952433421725499,False
Pxmp4,5,0,0,0.999465548143242,0.1554955556759502,False
Pxn,5,0,0,0.918042238197258,0.5134745588418371,False
Pxylp1,1,0,0,,1.0524704792635604,False
Pycard,4,0,0,0.9451899018703012,0.6581339743323013,False
Pycr2,6,0,0,0.5441405349018348,0.6156608998060882,False
Pycrl,6,0,0,0.999465548143242,0.4998437118205538,False
Pygb,5,0,0,0.9988978288128184,0.447050815439538,False
Pygl,2,0,0,,0.3328875358938877,False
Pygm,3,0,0,0.9988978288128184,0.5064240323526872,False
Pygo1,2,0,0,0.9999106453149894,0.573072770801014,False
Pygo2,5,0,0,0.9997978488301602,0.3838789305791834,False
Pym1,6,0,0,0.999465548143242,0.6179614248856764,False
Pyroxd1,5,0,0,0.999465548143242,0.3328187257916971,False
Pyroxd2,1,0,0,,0.0338875238681554,False
Qars,5,0,0,0.6603586966737383,0.6032689353438806,False
Qdpr,6,0,0,0.7787626044774035,0.4871383689218203,False
Qk,7,0,0,0.4609716881306759,0.5802374906870214,False
Qpct,3,0,0,0.4455928012475373,0.507716748795966,False
Qpctl,5,0,0,0.9999106453149894,0.7345708812123264,False
Qprt,1,0,0,,0.6782074722466953,False
Qrich1,6,0,0,0.7949725240749512,0.3071765992270094,False
Qrsl1,5,0,0,0.9999106453149894,0.8553457868801735,False
Qser1,6,0,0,0.9599919048378922,1.1391045818384071,False
Qsox1,5,0,0,0.9105570925039556,0.9206032962845664,False
Qsox2,4,0,0,0.9997978488301602,0.6292337051550482,False
Qtrt1,3,0,0,,0.504726964249048,False
Qtrt2,2,0,0,,0.6178180224680516,False
R3hcc1,5,0,0,0.9409257914200232,0.654326098840297,False
R3hcc1l,4,0,0,0.6796848841710647,0.5596950191338255,False
R3hdm1,6,0,0,0.7086554640322857,0.6499234761641509,False
R3hdm2,6,0,0,0.3641385596622708,0.4314875143975971,False
R3hdm4,7,0,0,0.1497583752464763,0.5297937470874095,False
R74862,4,0,0,0.9999106453149894,0.2220500276480702,False
Rab10,7,0,0,0.243737872054913,0.5829222952146201,False
Rab10os,6,0,0,0.977017223345402,0.3189716163319777,False
Rab11a,7,0,0,0.9771941538254924,0.3701677466165305,False
Rab11b,7,0,0,0.83324841829051,0.1708482265276566,False
Rab11fip1,2,0,0,0.999465548143242,0.4118674181100494,False
Rab11fip2,5,0,0,0.7219898531681916,0.4602560941384732,False
Rab11fip3,5,0,0,0.8387514921567781,0.7357701230320619,False
Rab11fip4,3,0,0,0.8751744793825729,0.8001292031293333,False
Rab11fip5,2,0,0,0.9997978488301602,0.2952694527936657,False
Rab12,6,0,0,0.7688498396020211,0.3089082060444407,False
Rab13,2,0,0,0.9997978488301602,0.2210181237322833,False
Rab14,7,0,0,0.8696447030312672,0.3870239624053565,False
Rab18,7,0,0,0.987856211944101,0.7332001745173564,False
Rab1a,7,0,0,0.5966223467903452,0.2268669218517983,False
Rab1b,6,0,0,0.801281519748098,0.5010914165306054,False
Rab20,2,0,0,0.570720857490917,0.4942479023578781,False
Rab21,7,0,0,0.9971230182955928,0.8452999295683679,False
Rab22a,6,0,0,0.9687465883607126,0.4207653305194304,False
Rab23,5,0,0,0.9584761365261044,0.4037536964193104,False
Rab24,7,0,0,0.5643419315878435,0.4089231001764588,False
Rab26os,3,0,0,0.999465548143242,0.4876478950861513,False
Rab27a,1,0,0,,0.0348324665839825,False
Rab27b,1,0,0,0.9999106453149894,0.5296993332337246,False
Rab28,6,0,0,0.9687465883607126,0.4470605051464214,False
Rab29,4,0,0,0.9997978488301602,0.9971868386473256,False
Rab2a,7,0,0,0.7457010520309937,0.2441976241445399,False
Rab2b,6,0,0,0.9613872956381267,0.4073526277014532,False
Rab30,3,0,0,0.9988978288128184,0.3657940514304447,False
Rab31,5,0,0,0.9054228263761034,0.1638709111145932,False
Rab32,1,0,0,,0.1123582688455969,False
Rab33a,1,0,0,0.2680778318402424,0.5276472633323563,False
Rab33b,5,0,0,0.6603586966737383,0.3092615936155506,False
Rab34,5,0,0,0.9988978288128184,1.1553441627817589,False
Rab35,6,0,0,0.9235234228535996,0.8661985973270273,False
Rab36,2,0,0,0.999465548143242,0.5477038566228263,False
Rab37,1,0,0,,0.2614436991158269,False
Rab39,1,0,0,,0.171440909967955,False
Rab39b,3,0,0,0.9389728124425808,0.1611006818803459,False
Rab3a,6,0,0,0.354010194541341,0.7614973438293726,False
Rab3b,1,0,0,,0.9094685103580352,False
Rab3c,1,0,0,0.9999106453149894,0.1481225051525316,False
Rab3d,1,0,0,0.9997978488301602,0.8239770257273695,False
Rab3gap1,6,0,0,0.5439173268208051,0.3804826414173861,False
Rab3gap2,6,0,0,0.3329686215674753,0.5355148955154232,False
Rab3il1,3,0,0,0.7171334326721777,0.664888709077004,False
Rab3ip,6,0,0,0.999465548143242,0.5628533019613472,False
Rab40c,5,0,0,0.5628438977412534,0.6076254245859416,False
Rab43,3,0,0,0.9928990416142048,0.4953738429542176,False
Rab4a,6,0,0,0.3568420397041918,0.6264244404254204,False
Rab4b,6,0,0,0.7536382906994931,1.1931804503069825,False
Rab5a,6,0,0,0.7898510603901137,0.3535880758881651,False
Rab5b,6,0,0,0.9375010146418976,0.5001156883973061,False
Rab5c,7,0,0,0.9771941538254924,0.2001284474366894,False
Rab5if,6,0,0,0.9584643424624888,0.7228928759312171,False
Rab6a,6,0,0,0.4858198385051139,0.3370050603416492,False
Rab6b,5,0,0,0.5478349178178319,0.2901219240156016,False
Rab7,7,0,0,0.8098104630732278,0.2309382813063464,False
Rab7b,1,0,0,0.998947809908267,0.5410293813944113,False
Rab8a,6,0,0,0.8622072670002854,0.7843249368921925,False
Rab8b,7,0,0,0.2253352588929403,0.6842479726222693,False
Rab9,6,0,0,0.6688775509587724,0.6428529729030189,False
Rabac1,7,0,0,0.3055232292578677,0.5054484025681597,False
Rabep1,6,0,0,0.5773471651827077,0.3871686310383711,False
Rabep2,4,0,0,0.9997978488301602,0.8779280545925908,False
Rabepk,5,0,0,0.999465548143242,1.1517305922715462,False
Rabgap1,6,0,0,0.9784212791584648,0.3223814394320153,False
Rabgap1l,6,0,0,0.5628438977412534,0.4478545549989403,False
Rabgef1,3,0,0,,0.2747614842264586,False
Rabggta,3,0,0,,0.8478142607350155,False
Rabggtb,6,0,0,0.8992872603476387,0.5103143791775772,False
Rabif,3,0,0,0.9997978488301602,0.4030548917714199,False
Rabl2,3,0,0,0.999465548143242,0.9797290238290548,False
Rabl3,2,0,0,,0.1630989001523326,False
Rabl6,6,0,0,0.9923104852961409,0.5239806059293408,False
Rac1,7,0,0,0.960013434739313,0.1066127967230771,False
Rac2,2,0,0,0.1271864463398001,0.4432322125602017,False
Rac3,3,0,0,0.9999106453149894,1.0451959905682573,False
Rack1,7,1,1,0.0127410282539833,0.4377220233584675,True
Rad1,4,0,0,0.9997978488301602,0.4269643795153403,False
Rad17,6,0,0,0.9932527654424816,0.2564985655832268,False
Rad18,1,0,0,,0.1764086592424687,False
Rad21,7,0,0,0.5097348830948353,0.7629169495282868,False
Rad23a,6,0,0,0.9446358271558832,0.4705353817991704,False
Rad23b,6,0,0,0.7406528642641967,0.2493986447413172,False
Rad50,6,0,0,0.7536382906994931,0.3252947116489867,False
Rad51d,5,0,0,0.9999106453149894,1.4391433834926697,False
Rad52,3,0,0,,0.8622048097565147,False
Rad54b,1,0,0,0.9997978488301602,0.2564909907687144,False
Rad54l2,4,0,0,0.9997978488301602,0.5398544303335787,False
Rad9a,2,0,0,,0.4926395677936049,False
Rad9b,3,0,0,,0.2967599003763376,False
Rae1,6,0,0,0.9771941538254924,0.3650668357931317,False
Raf1,6,0,0,0.989078666465787,0.3514333090731039,False
Rai1,5,0,0,0.999465548143242,0.5523211154372787,False
Rai14,1,0,0,0.9997978488301602,0.1873743239771796,False
Rala,7,0,0,0.7086554640322857,0.2650579379862384,False
Ralb,7,0,0,0.8845690847761323,0.4453764390362209,False
Ralbp1,7,0,0,0.9464332884082296,0.2752663678830743,False
Ralgapa1,6,0,0,0.5414054406255414,0.6892155458392185,False
Ralgapa2,4,0,0,0.9999106453149894,0.759682335954579,False
Ralgapb,6,0,0,0.9603469151708518,0.7677731215618974,False
Ralgds,5,0,0,0.4455928012475373,0.5904360786813998,False
Ralgps1,4,0,0,0.8654706911408561,0.7702525445166989,False
Ralgps2,5,0,0,0.500517618542944,0.3678464109607172,False
Raly,7,0,0,0.1202982406698404,0.4708256589353379,False
Ralyl,1,0,0,0.9999106453149894,0.2663801250320446,False
Ramac,6,0,0,0.9979573241943224,0.404420836116026,False
Ramp1,5,0,0,0.9375010146418976,1.9875242026447988,False
Ramp2,4,0,0,0.676753539510743,0.8223196871767703,False
Ramp3,1,0,0,0.9997978488301602,0.587322945912521,False
Ran,7,0,0,0.9276919839072988,0.3001636114708771,False
Ranbp1,7,0,0,0.8633874480933318,0.2548452065517547,False
Ranbp10,5,0,0,0.9997978488301602,0.5704942727461876,False
Ranbp2,6,0,0,0.5557889787263017,1.0717606079120483,False
Ranbp3,6,0,0,0.9185249684084316,0.2691897435801942,False
Ranbp3l,1,0,0,0.9988978288128184,0.1008971887916286,False
Ranbp6,4,0,0,0.9999106453149894,0.4469130395619661,False
Ranbp9,6,0,0,0.847684396122065,0.2817000247896192,False
Rangap1,6,0,0,0.9994094398372564,0.3679263333366778,False
Rangrf,5,0,0,0.999465548143242,1.0380074649774278,False
Rap1a,7,0,0,0.2939899469804312,0.3053427875319502,False
Rap1b,7,0,0,0.8626487629025872,0.274713314247541,False
Rap1gap,3,0,0,0.9999106453149894,0.1980276595791711,False
Rap1gap2,2,0,0,0.9999106453149894,0.1249820724360517,False
Rap1gds1,7,0,0,0.2704687948042878,0.7391049572572255,False
Rap2a,5,1,1,0.0013755483770703,0.9254007170045074,True
Rap2b,7,0,0,0.7086554640322857,0.5822603324568322,False
Rap2c,5,0,0,0.7362199449510005,0.6849861435035716,False
Rapgef1,5,0,0,0.9997978488301602,0.3753587958802156,False
Rapgef2,5,0,0,0.6499588292901043,0.5266069578083141,False
Rapgef3,4,0,0,0.9235234228535996,0.392596146693499,False
Rapgef4,6,0,0,0.999465548143242,1.025710672680426,False
Rapgef5,3,0,0,0.3083448775726534,0.7297076276914929,False
Rapgef6,7,0,0,0.3183966162727515,0.3855268216334928,False
Raph1,6,0,0,0.998947809908267,0.6783426924571144,False
Rapsn,1,0,0,,0.6134385301008879,False
Rara,1,0,0,0.9997978488301602,0.0967143086899327,False
Rarg,2,0,0,0.9997978488301602,0.1433841890439505,False
Rarres2,1,0,0,0.9988978288128184,0.0431566165204127,False
Rars,6,0,0,0.999465548143242,0.6143249697282128,False
Rars2,6,0,0,0.999465548143242,0.5762729358826192,False
Rasa1,6,0,0,0.7519277556098158,0.6906864846984415,False
Rasa2,5,0,0,0.7026933633983591,0.5065965271347059,False
Rasa3,4,0,0,0.2704687948042878,0.4419960345504891,False
Rasa4,1,0,0,0.2176051564071517,0.5366908745239269,False
Rasal1,1,0,0,0.9784212791584648,0.0662737172104576,False
Rasal2,6,0,0,0.960007819678787,0.2846701076490656,False
Rasal3,1,0,0,0.9451899018703012,0.0686997394242622,False
Rasd1,1,0,0,0.9997978488301602,0.3894107457360806,False
Rasgef1b,4,0,0,0.694526855754249,0.5087982821141392,False
Rasgrf1,1,0,0,0.9999106453149894,0.0247223176438635,False
Rasgrf2,1,0,0,,0.4930589481213336,False
Rasgrp1,1,0,0,,0.0968850826059262,False
Rasgrp2,3,0,0,0.9997978488301602,0.3469781764018795,False
Rasgrp3,3,0,0,0.437324888909509,0.3983880881994184,False
Rasgrp4,1,0,0,0.9997978488301602,0.4285218695152601,False
Rasip1,1,0,0,0.9997978488301602,0.1164642148208957,False
Rasl10b,1,0,0,0.9999106453149894,0.8311219667877062,False
Rasl11a,1,0,0,0.9999106453149894,1.13658479761097,False
Rasl11b,2,0,0,0.0513951822237464,0.7514272193144997,False
Rasl2-9,1,0,0,,0.786345577453201,False
Rassf1,6,0,0,0.7086554640322857,0.5879184542053871,False
Rassf2,5,0,0,0.3612376293257193,0.3734804643357287,False
Rassf3,3,0,0,0.998947809908267,0.3339469393926997,False
Rassf4,4,0,0,0.3377758760660661,1.149514569649306,False
Rassf5,2,0,0,0.969206275507647,1.0609353106131492,False
Rassf8,6,0,0,0.8611812280648714,0.7188291370424968,False
Rassf9,2,0,0,0.999465548143242,0.2941994649561235,False
Raver2,1,0,0,,0.0751516133739041,False
Rb1,5,0,0,0.6898121919133972,0.7169944846120141,False
Rb1cc1,6,0,0,0.6692934971545805,0.4340148509971333,False
Rbak,3,0,0,0.9999106453149894,0.2696941947821726,False
Rbbp4,7,0,0,0.90580860873697,0.2656179073326044,False
Rbbp5,4,0,0,0.942371774006941,0.3331608286062303,False
Rbbp6,6,0,0,0.4318360542677162,0.3405093621666191,False
Rbbp7,7,0,0,0.9375010146418976,0.256388664321786,False
Rbbp8,4,0,0,0.999465548143242,0.5999260838085556,False
Rbbp9,5,0,0,0.9913226326328984,0.3953110378985665,False
Rbck1,6,0,0,0.9994094398372564,0.8456454116748244,False
Rbfa,6,0,0,0.8374844333384406,0.558961939186275,False
Rbfox1,2,0,0,0.9999106453149894,0.6731236472569555,False
Rbfox2,5,0,0,0.9997978488301602,0.2303419335308444,False
Rbis,6,0,0,0.8665766321150157,0.4128815895480884,False
Rbks,3,0,0,0.999465548143242,1.087956626148311,False
Rbl1,2,0,0,,0.5139722051229504,False
Rbl2,6,0,0,0.9007266118211642,0.8743217599895212,False
Rbm10,6,0,0,0.994701736371624,0.4512691502561918,False
Rbm11,2,0,0,0.9999106453149894,0.0890935268384785,False
Rbm12b1,2,0,0,,0.7010669342333958,False
Rbm12b2,4,0,0,0.9999106453149894,0.4898376448345927,False
Rbm14,5,0,0,0.9997978488301602,0.6958927460775944,False
Rbm15,6,0,0,0.9923104852961409,0.5050716755223649,False
Rbm15b,5,0,0,0.9997978488301602,0.3736100662202412,False
Rbm17,6,0,0,0.8992872603476387,0.4201680015600493,False
Rbm18,6,0,0,0.9771941538254924,0.3719155705839926,False
Rbm19,2,0,0,,0.3445359595705597,False
Rbm22,7,0,0,0.7532332969918063,0.3788161691847941,False
Rbm25,7,0,0,0.2939899469804312,0.3682211930684954,False
Rbm26,7,0,0,0.8634739212793215,0.5155018045600155,False
Rbm27,6,0,0,0.9274547520187232,0.3289720913812675,False
Rbm28,6,0,0,0.7219898531681916,0.2609514777400213,False
Rbm3,7,2,2,1.291253273133314e-09,1.2565727816394874,True
Rbm33,5,0,0,0.8818650673896277,0.2206172276969137,False
Rbm34,6,0,0,0.9755548809499892,0.5115818853159954,False
Rbm38,1,0,0,,0.2164458712909678,False
Rbm39,7,0,0,0.6644586706753683,0.6499817505363564,False
Rbm4,6,0,0,0.9965112648165114,0.3781739653475874,False
Rbm41,2,0,0,,0.8914073680855494,False
Rbm42,7,0,0,0.829388260330224,0.2178834808469774,False
Rbm43,2,0,0,0.999465548143242,0.4019318535101728,False
Rbm45,4,0,0,,0.7074264251059547,False
Rbm47,2,0,0,0.6255909427294044,0.3029872311969909,False
Rbm48,5,0,0,0.9636847167956676,0.2680011394896584,False
Rbm4b,6,0,0,0.9409257914200232,0.5463716672727497,False
Rbm5,7,0,0,0.9918882510064204,0.9960609590444242,False
Rbm6,6,0,0,0.6694965536224338,0.9631033686893802,False
Rbm7,6,0,0,0.9853391978197256,0.5221752521436371,False
Rbm8a,7,0,0,0.6192491435674676,0.4295728810597863,False
Rbms1,6,0,0,0.998947809908267,1.0490797358290072,False
Rbms2,4,0,0,0.999465548143242,0.5652088757886847,False
Rbmx,5,0,0,0.9693377484700088,0.399277560091081,False
Rbmx2,5,0,0,0.8818650673896277,0.5395206666476198,False
Rbmxl1,6,0,0,0.6051561317249651,0.7080875252104283,False
Rbp1,4,0,0,0.7316551831793551,0.714204492035627,False
Rbp4,1,0,0,0.9999106453149894,0.1503338683888773,False
Rbpj,7,0,0,0.5023279481619385,0.8116483906569663,False
Rbpjl,1,0,0,0.9999106453149894,0.5214469934989445,False
Rbpms,2,0,0,0.998717048431168,0.0905882740986557,False
Rbpms2,1,0,0,,0.3864879940583407,False
Rbsn,5,0,0,0.8667737457308301,0.6854604547759136,False
Rbx1,7,0,0,0.824890860628883,0.2876562508853387,False
Rc3h1,5,1,1,0.0295448022247215,0.8524523231601856,True
Rc3h2,6,0,0,0.9690373525780884,1.048734074581422,False
Rcan1,6,0,0,0.1202982406698404,1.1522459313998612,False
Rcan2,5,1,1,0.024303003197688,1.0428869536258576,True
Rcan3,4,0,0,0.9999106453149894,0.2718793471280649,False
Rcbtb1,5,0,0,0.4455928012475373,0.2928967690783008,False
Rcbtb2,7,0,0,0.7075024323671656,0.983607766115348,False
Rcc1,2,0,0,,0.1158575034586364,False
Rcc1l,3,0,0,,0.5085048333500385,False
Rcc2,7,0,0,0.7439573265102231,1.078012400075357,False
Rccd1,2,0,0,,0.7637110362211171,False
Rce1,5,0,0,0.7949725240749512,0.6394109719191695,False
Rchy1,6,0,0,0.6287424584505742,0.5206183466033476,False
Rcl1,2,0,0,,0.6327511019393177,False
Rcn1,4,0,0,0.9999106453149894,0.569935070986953,False
Rcn2,6,0,0,0.9613872956381267,0.251091965737363,False
Rcn3,3,0,0,0.9997978488301602,0.922142889410518,False
Rcor1,5,0,0,0.999465548143242,0.7098368578276881,False
Rcor3,6,0,0,0.5787891667299597,0.572925509003296,False
Rcsd1,2,0,0,0.90580860873697,0.177675183716411,False
Rd3,1,0,0,0.999465548143242,0.0692744648661036,False
Rdh10,4,0,0,0.999465548143242,0.4287124829957336,False
Rdh11,5,0,0,0.8919289232130931,0.5553188761880202,False
Rdh12,1,0,0,,0.4065935426608089,False
Rdh13,3,0,0,,0.9471141511476772,False
Rdh14,6,0,0,0.987679511949528,0.5750239534407116,False
Rdh5,4,0,0,0.999465548143242,0.7839607073205351,False
Rdm1,5,0,0,0.999465548143242,0.5891667268200254,False
Rdx,7,0,0,0.8071314925435261,0.3182439162186656,False
Reck,1,0,0,0.9997978488301602,0.1702676424130159,False
Recql,3,0,0,,0.5604791961020731,False
Recql5,2,0,0,,0.2713374967098013,False
Reep1,2,0,0,0.9997978488301602,0.5385147846499422,False
Reep2,2,0,0,0.9999106453149894,0.6294653013141683,False
Reep3,6,0,0,0.2863263828924305,0.3709812089222595,False
Reep4,4,0,0,,0.374059597548088,False
Reep5,7,0,0,0.3183966162727515,0.3076483052246636,False
Rel,4,0,0,0.4464227325586992,0.7145717203482328,False
Rela,6,0,0,0.8818650673896277,0.2875736764450457,False
Relb,3,0,0,0.9997978488301602,0.5884927395101986,False
Relch,6,0,0,0.9913226326328984,0.592605599132243,False
Rell1,5,0,0,0.9537983340651972,0.8405556453824166,False
Relt,2,0,0,,1.4212705800707537,False
Rem2,1,0,0,0.999465548143242,1.2873730476423415,False
Renbp,3,0,0,0.997078278839798,0.2811532872445035,False
Rep15,1,0,0,,1.5805530312061602,False
Repin1,5,0,0,0.999465548143242,0.3752354593284737,False
Reps1,4,0,0,0.9021968698616962,0.4763252267631119,False
Reps2,1,0,0,0.7982984088546833,0.3265534722056645,False
Rer1,7,0,0,0.847833788979211,0.6961797556038793,False
Rere,6,0,0,0.799725392082966,0.2562015239725828,False
Resf1,6,0,0,0.8561572451790562,0.5270781731908037,False
Rest,6,0,0,0.8821421870956816,0.4885199008108215,False
Ret,1,0,0,,0.1335677999228649,False
Retreg1,7,0,0,0.9550624901828332,0.8872631609502345,False
Retreg2,5,0,0,0.8718050163204013,0.1758020829374684,False
Retreg3,5,0,0,0.9784212791584648,0.1830970472999526,False
Retsat,3,0,0,0.9988978288128184,0.3624257654971515,False
Rev1,5,0,0,0.9225261826536184,0.4294511733319535,False
Rev3l,5,0,0,0.9539368346968624,0.5329336502704389,False
Rex1bd,7,0,0,0.7457010520309937,0.2272969824770327,False
Rexo1,5,0,0,0.915627991889946,0.1747738710507788,False
Rexo2,6,0,0,0.950594961836646,0.4460495207457,False
Rexo4,6,0,0,0.8352963943797552,0.3649906990119189,False
Rfc1,6,0,0,0.6764242064155263,0.2783905587714037,False
Rfc2,6,0,0,0.3295711257177804,0.4994371565539568,False
Rfc3,5,0,0,0.9999106453149894,0.8955169648126234,False
Rfc4,4,0,0,0.9999106453149894,0.2325284366331511,False
Rfc5,2,0,0,,0.2798017899786663,False
Rfesd,4,0,0,0.999465548143242,0.339210054106655,False
Rffl,2,0,0,0.9603469151708518,0.4750359659328783,False
Rfk,6,0,0,0.9603469151708518,0.2042260841107215,False
Rflnb,2,0,0,0.999465548143242,0.5448601443397524,False
Rfng,5,0,0,0.9997978488301602,0.3037509049745718,False
Rft1,4,0,0,,0.4763963054428348,False
Rftn1,2,0,0,0.9423911364833784,0.2025710294390024,False
Rftn2,3,0,0,0.9311185944203532,0.3270029881451847,False
Rfwd3,5,0,0,0.4455928012475373,0.7482912025055738,False
Rfx1,2,0,0,,0.5048035563223343,False
Rfx3,5,0,0,0.9988978288128184,1.2510849379704545,False
Rfx4,2,0,0,0.9988978288128184,0.2064435217246712,False
Rfx5,2,0,0,,0.3302527852603424,False
Rfx7,5,0,0,0.9839220353229592,0.3176646250722494,False
Rfxank,4,0,0,0.9997978488301602,0.6230876614995896,False
Rfxap,6,0,0,0.962130789122402,0.8226297694094409,False
Rgcc,4,0,0,0.5975160491570505,1.3135022443232995,False
Rgl1,4,0,0,0.7075024323671656,0.462929276705731,False
Rgl2,6,0,0,0.8496976767411729,0.7145303718348792,False
Rgl3,1,0,0,,0.0875962080383475,False
Rgma,3,0,0,0.9988978288128184,0.3617578474596155,False
Rgmb,4,0,0,0.8098104630732278,0.3640751954199537,False
Rgp1,3,0,0,0.9997978488301602,0.4555856350058527,False
Rgs1,1,0,0,0.8730512656480818,0.2621125916080911,False
Rgs10,4,0,0,0.0850462328377887,0.7753412859238511,False
Rgs12,4,0,0,0.999465548143242,0.4102482795952611,False
Rgs14,1,0,0,,1.1585208393772608,False
Rgs17,1,0,0,0.9999106453149894,0.0431124124189589,False
Rgs19,2,0,0,0.4424677194406782,0.3446438600765976,False
Rgs2,6,0,0,0.2110243231383921,0.3860187129945411,False
Rgs20,2,0,0,0.9988978288128184,0.3314322182232794,False
Rgs3,6,0,0,0.6851516237795443,0.4194859565787647,False
Rgs4,1,0,0,,0.0532418340917286,False
Rgs5,1,0,0,0.9997978488301602,0.3131207829183673,False
Rgs6,1,0,0,,0.9568432089018912,False
Rgs7,2,0,0,0.9999106453149894,0.3550593031280033,False
Rgs7bp,3,0,0,0.9999106453149894,0.2185038697004271,False
Rgs9,1,0,0,0.9999106453149894,0.2450177413135379,False
Rhbdd1,4,0,0,0.9997978488301602,0.263388987872465,False
Rhbdd2,6,0,0,0.8622072670002854,0.2883557237784016,False
Rhbdd3,4,0,0,0.9999106453149894,0.8672376224938112,False
Rhbdf1,4,0,0,0.9997978488301602,0.9040760913425864,False
Rhbdf2,2,0,0,0.9997978488301602,0.268398783722142,False
Rhbdl1,2,0,0,,1.2596791256908275,False
Rhbdl2,1,0,0,,0.1977187358358792,False
Rheb,7,0,0,0.9276919839072988,0.3405738524576609,False
Rhebl1,1,0,0,,0.2497601935427633,False
Rhno1,5,0,0,0.9999106453149894,0.6063355814968159,False
Rhoa,7,0,0,0.9021968698616962,0.3695996556266041,False
Rhob,6,0,0,0.7418041516038367,0.3860256839786372,False
Rhobtb1,2,0,0,0.7927470734538101,0.2206244207418674,False
Rhobtb2,5,0,0,0.9999106453149894,0.7864324745525026,False
Rhobtb3,3,0,0,0.8362294757075313,0.1765282646414641,False
Rhoc,6,0,0,0.9614961848933092,0.578017687578343,False
Rhod,2,0,0,0.999465548143242,0.3714729003197389,False
Rhog,6,0,0,0.5478349178178319,0.995728519812788,False
Rhoh,1,0,0,0.9010248316522482,0.0840496228637851,False
Rhoj,4,0,0,0.5365435451792389,0.6383128150939498,False
Rhoq,6,0,0,0.2690299339142578,0.4930181166277168,False
Rhot1,6,0,0,0.6332668696183587,0.4391484929256172,False
Rhot2,5,0,0,0.999465548143242,0.6365598068812446,False
Rhou,2,0,0,0.5628438977412534,0.6392557161221167,False
Rhpn2,4,0,0,0.1463772438775189,0.9229205448637264,False
Rian,1,0,0,0.9999106453149894,0.3294799138030015,False
Ribc1,1,0,0,,0.7385265208195086,False
Ric1,5,0,0,0.9341769146397448,0.284539978189902,False
Ric3,4,0,0,0.9999106453149894,0.6135223862364455,False
Ric8a,6,0,0,0.8904498303611323,0.760103641752661,False
Ric8b,5,0,0,0.9997978488301602,0.5494489359067195,False
Rictor,5,0,0,0.9687465883607126,0.3657903723147279,False
Rida,5,0,0,0.8402201583633553,0.426374849900681,False
Rif1,5,0,0,0.7311337497895115,0.3545762079662237,False
Riiad1,2,0,0,0.999465548143242,0.4801841614264281,False
Rilp,1,0,0,0.999465548143242,0.1088431581407959,False
Rilpl1,5,0,0,0.8992872603476387,0.4688586593113548,False
Rilpl2,7,0,0,0.998947809908267,0.945631990823716,False
Rimbp2,1,0,0,0.9999106453149894,0.0172141838558266,False
Rimklb,2,0,0,0.9999106453149894,0.1463098230453464,False
Rims1,2,0,0,0.9999106453149894,0.7528447852460151,False
Rims2,3,0,0,0.9999106453149894,0.5469930186961008,False
Rin2,7,0,0,0.5628438977412534,0.8285011661478476,False
Rin3,2,0,0,0.90580860873697,0.1283687678817589,False
Ring1,6,0,0,0.9619043907348768,0.8723315564097497,False
Rinl,2,0,0,,1.2618172569570945,False
Rint1,6,0,0,0.98440110669436,0.8204213586517769,False
Riok1,5,0,0,0.9601312667032076,0.1614712633259969,False
Riok2,6,0,0,0.999465548143242,0.533967983078277,False
Riok3,7,0,0,0.9785961275129472,0.7715191102794856,False
Riox1,2,0,0,,0.3819477021845776,False
Riox2,4,0,0,,0.9838345206589127,False
Ripk1,5,0,0,0.9941189559838952,0.5974276421897492,False
Ripk2,3,0,0,0.9997978488301602,0.4056370331566988,False
Ripor1,3,0,0,0.999465548143242,0.0875039341284826,False
Ripor2,2,0,0,,0.9523143672019329,False
Rit1,6,0,0,0.9688039107488444,0.6339070566520689,False
Rit2,1,0,0,0.9999106453149894,0.0838671227863103,False
Rita1,3,0,0,,1.0139700836635597,False
Rlbp1,3,0,0,0.9988978288128184,1.035378406062264,False
Rlf,5,0,0,0.8269012780684529,0.261748109479034,False
Rlim,6,0,0,0.8634739212793215,1.454940656391579,False
Rmc1,3,0,0,,0.3836136093163744,False
Rmdn1,6,0,0,0.9616209532873972,0.3427992899578032,False
Rmdn2,3,0,0,0.9999106453149894,0.5901571472165754,False
Rmdn3,4,0,0,0.9584761365261044,0.3203442394382452,False
Rmi1,5,0,0,0.9997978488301602,0.4743484420867745,False
Rmnd1,6,0,0,0.999465548143242,0.6573537319245978,False
Rmnd5a,6,0,0,0.4852790522452709,1.1642918584707211,False
Rmnd5b,6,0,0,0.9333672193684552,0.4395874893482496,False
Rmst,1,0,0,0.8143976127769736,0.5135470037262491,False
Rnase1,1,0,0,,0.0923959042777446,False
Rnase4,4,0,0,0.9893064507787404,0.4930555998031873,False
Rnase6,1,0,0,,0.0754011270071008,False
Rnaseh1,3,0,0,0.9784212791584648,0.4572855081100379,False
Rnaseh2a,4,0,0,0.9997978488301602,0.7634921944664256,False
Rnaseh2b,5,0,0,0.9423911364833784,0.6739159408365656,False
Rnaseh2c,6,0,0,0.904403652967026,0.2915392977454676,False
Rnasek,7,0,0,0.8488541966037766,0.3122270957317418,False
Rnasel,2,0,0,0.998947809908267,0.3354605406751991,False
Rnaset2a,7,0,0,0.9446358271558832,0.3498592864966679,False
Rnaset2b,7,0,0,0.9874236230186618,0.5314126422513379,False
Rnd1,1,0,0,0.9997978488301602,0.8650703597344812,False
Rnd2,5,0,0,0.8436289172168773,0.6915435288708641,False
Rnd3,2,0,0,,0.8563834986148096,False
Rnf10,6,0,0,0.9970554848778064,0.2208584805625051,False
Rnf103,5,0,0,0.8992872603476387,0.1967198048265467,False
Rnf11,6,0,0,0.7873628297365133,0.2524319816628692,False
Rnf111,6,0,0,0.9199551157378758,0.2222836746962229,False
Rnf112,1,0,0,,0.2576670030843311,False
Rnf113a2,5,0,0,0.9021968698616962,0.3024896821646174,False
Rnf114,4,0,0,0.6692934971545805,0.547348889073159,False
Rnf115,6,0,0,0.9333672193684552,0.7876609377443737,False
Rnf121,5,0,0,0.962130789122402,0.5323279738793587,False
Rnf122,3,0,0,0.8402201583633553,1.0742877614537791,False
Rnf123,5,0,0,0.999465548143242,0.430912487193662,False
Rnf125,2,0,0,0.9997978488301602,1.2645861510894176,False
Rnf126,6,0,0,0.6224708386108743,0.9869468940080244,False
Rnf128,2,0,0,0.9999106453149894,0.8495477989848755,False
Rnf13,7,0,0,0.9375010146418976,0.3163794927503618,False
Rnf130,7,0,0,0.3876520342439898,0.9123459996115342,False
Rnf135,2,0,0,,0.2053781541339599,False
Rnf138,6,0,0,0.9622936773911844,0.4471983772640861,False
Rnf139,5,0,0,0.9480132806849256,0.4868484713689002,False
Rnf14,6,0,0,0.9687465883607126,0.4268249690348227,False
Rnf141,5,0,0,0.4637993171659004,0.3406370375983543,False
Rnf144a,3,0,0,0.8513598984835474,0.2233185579916062,False
Rnf144b,3,0,0,0.9997978488301602,1.1540661327737611,False
Rnf145,5,0,0,0.9999106453149894,0.3760533317782582,False
Rnf146,6,0,0,0.9419549998954132,0.3331866210010392,False
Rnf149,4,0,0,,0.5647557141742,False
Rnf150,3,0,0,0.998947809908267,0.5325434680066583,False
Rnf152,2,0,0,0.999465548143242,0.4584157974464261,False
Rnf157,4,0,0,0.9999106453149894,0.5970202177967909,False
Rnf165,1,0,0,0.9999106453149894,0.0550573239264372,False
Rnf166,5,0,0,0.999465548143242,0.6008985563321719,False
Rnf167,6,0,0,0.9867318244790833,0.5454484739225914,False
Rnf168,6,0,0,0.9021968698616962,0.4399452344038503,False
Rnf169,5,0,0,0.9997978488301602,0.6071348081959393,False
Rnf170,5,0,0,0.7219898531681916,0.7664032791936832,False
Rnf180,3,0,0,0.9999106453149894,0.2753056108732289,False
Rnf181,6,0,0,0.9771941538254924,0.8758500888287203,False
Rnf182,3,0,0,0.9988978288128184,0.4004148498445274,False
Rnf185,3,0,0,0.9997978488301602,0.2290651521893658,False
Rnf187,7,0,0,0.4455928012475373,0.4888678140628136,False
Rnf19a,5,0,0,0.9333672193684552,0.6725905968583467,False
Rnf19b,5,0,0,0.536157421339257,0.509463687200245,False
Rnf2,6,0,0,0.8496976767411729,0.6133089534311092,False
Rnf20,6,0,0,0.9550624901828332,0.26590535052434,False
Rnf208,3,0,0,0.6012986696236067,0.4616526807685178,False
Rnf213,3,0,0,0.9997978488301602,0.6335336608161335,False
Rnf214,6,0,0,0.8402201583633553,0.5527891143761032,False
Rnf215,5,0,0,0.9988978288128184,0.3474103345234504,False
Rnf216,6,0,0,0.8722922307985065,0.2802820103355017,False
Rnf217,3,0,0,0.9997978488301602,0.500946709358893,False
Rnf219,4,0,0,0.9999106453149894,0.2067773689896166,False
Rnf220,6,0,0,0.9913226326328984,0.7216162044357638,False
Rnf225,1,0,0,,0.1450728098924587,False
Rnf227,4,0,0,0.999465548143242,0.760803553134321,False
Rnf24,4,0,0,0.9988978288128184,0.8075565700267924,False
Rnf25,4,0,0,,0.5162032854466904,False
Rnf26,4,0,0,0.9999106453149894,0.3007958492852853,False
Rnf31,4,0,0,0.9997978488301602,0.4925563085779554,False
Rnf32,1,0,0,0.999465548143242,0.1145586889199673,False
Rnf34,6,0,0,0.6529908669752318,0.4669255696516982,False
Rnf38,5,0,0,0.9997978488301602,0.3487207748090222,False
Rnf4,6,0,0,0.6584380103096773,0.874887877647085,False
Rnf40,3,0,0,0.9997978488301602,0.2903363228724058,False
Rnf41,6,0,0,0.988381924273074,0.3558906844380365,False
Rnf43,2,0,0,0.866174710066969,0.3185481259450533,False
Rnf44,6,0,0,0.6935671156710773,0.469585147628162,False
Rnf5,6,0,0,0.8065965269489748,0.2408504704017469,False
Rnf6,6,0,0,0.620051648385089,0.7233920126640234,False
Rnf7,7,0,0,0.228671398506668,0.5865181785920365,False
Rnf8,6,0,0,0.7219898531681916,0.3915846873986728,False
Rnft1,6,0,0,0.999465548143242,1.2896359747839872,False
Rnft2,1,0,0,0.9999106453149894,1.672699652412326,False
Rngtt,6,0,0,0.7880873472188114,0.7600998272404814,False
Rnh1,7,0,0,0.3511259757813016,0.615191353801539,False
Rnmt,6,0,0,0.8802529666125684,0.4727855041662536,False
Rnpc3,5,0,0,0.9409257914200232,0.4156200389991774,False
Rnpep,7,1,1,1.8220741495499524e-05,1.3759386212077842,True
Rnpepl1,7,0,0,0.5207554795488528,0.3830900958493524,False
Rnps1,6,0,0,0.6849138763154203,0.2581254047528072,False
Ro60,6,0,0,0.9613872956381267,0.8113786042968081,False
Robo1,3,0,0,0.9999106453149894,0.3201962603070416,False
Robo2,1,0,0,,0.1277777633359396,False
Robo4,1,0,0,0.9997978488301602,0.1080062191737796,False
Rock1,7,0,0,0.6478329859899269,0.6566748970353128,False
Rock2,7,0,0,0.6521170909605272,0.3019925688128026,False
Rogdi,6,1,1,0.0072830855420785,0.8158324458659727,True
Rom1,2,0,0,0.999465548143242,0.6310891000257234,False
Romo1,7,0,0,0.570720857490917,0.2689270247684466,False
Ropn1l,1,0,0,,0.2429489127369432,False
Rora,6,0,0,0.9550624901828332,0.6864926528516221,False
Rorb,3,0,0,0.9988978288128184,0.7208604673978054,False
Rorc,1,0,0,,0.09946619883394,False
Rp2,5,0,0,0.4665273014597163,0.8407796833973681,False
Rp9,7,0,0,0.5429168941116693,0.3457101928450548,False
Rpa1,6,0,0,0.9603469151708518,0.8815357501841621,False
Rpa2,5,0,0,0.4858198385051139,0.5554094704117962,False
Rpa3,6,0,0,0.8992872603476387,0.5544860354420097,False
Rpain,5,0,0,0.9971230182955928,0.353527381766544,False
Rpap1,4,0,0,0.9999106453149894,0.5250638166621038,False
Rpap2,4,0,0,0.9999106453149894,0.7777044125151292,False
Rpap3,6,0,0,0.9155141700581956,0.4884834402282561,False
Rpe,6,0,0,0.8160237109654584,0.6224643635306245,False
Rpe65,1,0,0,,0.1991661891897569,False
Rpf1,6,0,0,0.9784212791584648,0.5273557820419621,False
Rpf2,6,0,0,0.9276919839072988,0.7479930402607046,False
Rpgr,4,0,0,0.999465548143242,0.6509881830071076,False
Rpgrip1,6,0,0,0.8449207406504406,0.6606878749090476,False
Rpgrip1l,4,0,0,0.999465548143242,1.288276038841779,False
Rph3a,2,0,0,0.9999106453149894,1.0656634804391285,False
Rpia,5,0,0,0.9997978488301602,0.6300150204909961,False
Rpl10,7,0,0,0.0953421659090978,0.3249555977048565,False
Rpl10-ps3,4,0,0,0.7637380304823626,0.9356162794451734,False
Rpl10a,7,1,1,0.0005607432639448,0.514265589049197,True
Rpl11,7,0,0,0.5304013897328689,0.1894741969233574,False
Rpl12,7,1,1,0.0029490132284447,0.4638705313922565,True
Rpl13,7,0,0,0.2801330179857816,0.3048498506753941,False
Rpl13a,7,0,0,0.0936428093122995,0.3296905944691544,False
Rpl14,7,1,1,0.0024891132051129,0.4935557167135841,True
Rpl15,7,0,0,0.1831425382079175,0.282963138019224,False
Rpl17,7,1,1,0.0283913738252956,0.3762719540595977,True
Rpl18,7,0,0,0.3406001424276419,0.2316377418803832,False
Rpl18a,7,0,0,0.18413590143323,0.2656386877334447,False
Rpl19,7,0,0,0.1838422577371556,0.2737667520330742,False
Rpl21,7,1,1,0.0064311066122817,0.4173100679094139,True
Rpl22,7,0,0,0.7897738999718322,0.3677478789958996,False
Rpl22l1,7,0,0,0.4030368719234025,0.298264398405658,False
Rpl23,7,0,0,0.1200852716030269,0.3123296923562235,False
Rpl23a,7,0,0,0.4609716881306759,0.2298241084793021,False
Rpl24,7,0,0,0.4211469439557772,0.2881181666762064,False
Rpl26,7,0,0,0.9304988858397112,0.0968177728775319,False
Rpl27,7,0,0,0.620051648385089,0.1678836734968184,False
Rpl27a,7,0,0,0.3528482971563773,0.2324625557545547,False
Rpl28,7,0,0,0.5304013897328689,0.1841019718047819,False
Rpl29,7,1,1,7.159259569516214e-05,0.6270499236497666,True
Rpl3,7,1,1,0.0437935532276354,0.3549575108481564,True
Rpl30,7,0,0,0.5542098477446937,0.2359635787643938,False
Rpl31,7,0,0,0.7787626044774035,0.1886816409272137,False
Rpl32,7,1,1,0.0094210056921681,0.4116716357825481,True
Rpl34,7,0,0,0.7418041516038367,0.2206734828860982,False
Rpl35,7,0,0,0.0605466527822078,0.358025748776372,False
Rpl35a,7,0,0,0.4998977407937402,0.185121506772408,False
Rpl36,7,0,0,0.4305705324892002,0.2254991170818776,False
Rpl36a,7,0,0,0.0948586145352542,0.3510314700661007,False
Rpl36a-ps1,1,0,0,,0.4815294904716756,False
Rpl36al,7,0,0,0.8065965269489748,0.4021800096062292,False
Rpl37,7,0,0,0.6787597782242059,0.2635544384279021,False
Rpl37a,7,0,0,0.6163710313823235,0.2215668178157153,False
Rpl38,7,0,0,0.5996058952741198,0.1734484413570743,False
Rpl39,7,0,0,0.3295711257177804,0.2313009201513476,False
Rpl4,7,0,0,0.1529392395845351,0.3134678867217166,False
Rpl41,7,0,0,0.8058406872380226,0.1025338908109934,False
Rpl5,7,0,0,0.1241252705698494,0.3329528619913364,False
Rpl6,7,1,1,0.042621660974096,0.3836255232546218,True
Rpl7,7,0,0,0.393632057181229,0.2211235300752146,False
Rpl7a,7,0,0,0.1343686965683502,0.3077835905204054,False
Rpl7l1,6,0,0,0.6575493772755271,0.2877416375767572,False
Rpl8,7,0,0,0.1162417444259206,0.3191311187638529,False
Rpl9,7,0,0,0.1647718378944787,0.2798419515440624,False
Rpl9-ps6,4,0,0,0.999465548143242,0.5472847570943695,False
Rplp0,7,1,1,0.000387603966675,0.5379574852679792,True
Rplp1,7,0,0,0.6664564489374847,0.1553683179147001,False
Rplp2,7,0,0,0.1673649620257666,0.287439912383263,False
Rpn1,7,0,0,0.5451494453552337,0.5261614775746121,False
Rpn2,7,0,0,0.4234196686257339,0.3818706661754146,False
Rpp14,6,0,0,0.8992872603476387,0.4979738147776762,False
Rpp21,6,0,0,0.9603469151708518,0.2755154907223203,False
Rpp25l,6,0,0,0.914200400224126,0.3541903276186752,False
Rpp30,6,0,0,0.9333672193684552,0.4118823088534569,False
Rpp38,4,0,0,0.999465548143242,0.4795551065905224,False
Rpp40,3,0,0,0.999465548143242,0.5801949277320179,False
Rprd1a,6,0,0,0.9617043292515886,0.414449482653529,False
Rprd1b,6,0,0,0.9885204868030568,0.6272303991223129,False
Rprd2,6,0,0,0.9961696007647448,0.7503059241303411,False
Rprm,1,0,0,0.9999106453149894,0.3159128374378793,False
Rps10,7,0,0,0.1406619632141779,0.2868168456589538,False
Rps11,7,1,1,0.0130633278617177,0.3974814670423225,True
Rps12,7,1,1,0.0136995541529123,0.3951002270332492,True
Rps13,7,0,0,0.2176051564071517,0.2668005870861343,False
Rps14,7,0,0,0.6469681903488725,0.1544966738069664,False
Rps15,7,0,0,0.1647718378944787,0.3487309236197543,False
Rps15a,7,0,0,0.2952840349185354,0.2523652322852673,False
Rps16,7,1,1,0.0077085964809424,0.4130398237114761,True
Rps17,7,0,0,0.7747015316640691,0.3030540363428828,False
Rps18,7,0,0,0.3937043698450906,0.2563743434530903,False
Rps19,7,1,1,3.3305493058989505e-05,0.5748594169355704,True
Rps19bp1,6,0,0,0.7787626044774035,0.2981216463298893,False
Rps2,7,1,1,0.0016855969713387,0.4888891081364468,True
Rps20,7,1,1,0.0428841106178589,0.3486297920735108,True
Rps21,7,0,0,0.488702515307944,0.1952050466040933,False
Rps23,7,0,0,0.7086554640322857,0.2641527579963788,False
Rps24,7,0,0,0.3377758760660661,0.2264723264097409,False
Rps25,7,0,0,0.7535732945338005,0.176205267917057,False
Rps26,7,0,0,0.0704282794387575,0.3329174808232413,False
Rps27,7,0,0,0.7251882977159068,0.2081936404799561,False
Rps27a,7,0,0,0.1512431338139798,0.2849389304173412,False
Rps27l,7,0,0,0.9771958735378466,0.3252388886646684,False
Rps27rt,7,0,0,0.1083555859839498,1.0958234939099871,False
Rps28,7,0,0,0.1324667814402749,0.2908051324994108,False
Rps29,7,0,0,0.7418041516038367,0.2307446338793163,False
Rps3,7,0,0,0.7351547483271733,0.283318403686518,False
Rps3a1,7,0,0,0.3183966162727515,0.2270377757734599,False
Rps4x,7,1,1,0.0014620646502447,0.471699122693908,True
Rps5,7,1,1,0.0039543346956406,0.4508311418611991,True
Rps6,7,0,0,0.7770187895127605,0.1971727098151035,False
Rps6ka1,4,0,0,0.9375010146418976,0.4478389368595429,False
Rps6ka2,2,0,0,,1.2401359454651808,False
Rps6ka3,6,0,0,0.917117594931894,0.7656971325477957,False
Rps6ka5,4,0,0,0.5646915697505845,0.4574426054755135,False
Rps6kb1,6,0,0,0.9519984253356456,0.1904311383912406,False
Rps6kb2,5,0,0,0.8935180170283527,0.4712903171815689,False
Rps6kc1,2,0,0,,0.079989351579408,False
Rps6kl1,2,0,0,0.9999106453149894,0.2049287734030701,False
Rps7,7,0,0,0.1539178430698251,0.2837758750546498,False
Rps8,7,1,1,0.0187274034717208,0.3808098131837228,True
Rps9,7,0,0,0.1914458708839304,0.2762259368017624,False
Rpsa,7,1,1,7.261237313803269e-08,0.7394845332411487,True
Rptor,5,0,0,0.8933593320197283,0.346872388153196,False
Rpusd1,3,0,0,,0.4339259568258466,False
Rpusd3,3,0,0,0.9999106453149894,1.030623073289839,False
Rpusd4,3,0,0,,0.6294855344399592,False
Rrad,1,0,0,0.9353990155916948,0.0921120331406749,False
Rraga,6,0,0,0.9613872956381267,0.2050081717700987,False
Rragb,2,0,0,,0.1673668261071867,False
Rragc,6,0,0,0.8781770920570142,0.463660035318947,False
Rragd,3,0,0,0.999465548143242,0.3166951806464599,False
Rras,5,0,0,0.999465548143242,0.8846488725402157,False
Rras2,3,0,0,0.999465548143242,1.979616820558392,False
Rrbp1,7,0,0,0.7819212764210148,0.3439099091409525,False
Rreb1,3,0,0,0.8086142754626554,0.1778800087596612,False
Rrm1,5,0,0,0.9771941538254924,0.4516799306698589,False
Rrm2b,6,0,0,0.8893141290103717,0.8878575634808182,False
Rrn3,6,0,0,0.99738251571872,0.3605715573999441,False
Rrnad1,5,0,0,0.6913447503820703,0.492716978465507,False
Rrp1,7,0,0,0.3055232292578677,0.5556622456528665,False
Rrp12,2,0,0,,0.5108886450164412,False
Rrp15,5,0,0,0.9997978488301602,0.6495474349652045,False
Rrp1b,4,0,0,,0.4715439861741496,False
Rrp36,5,0,0,0.9235234228535996,0.4860539651509051,False
Rrp7a,6,0,0,0.2644316226596818,0.647774330442371,False
Rrp8,6,0,0,0.97714218428337,0.2790909983910333,False
Rrp9,5,0,0,0.8923024307444185,0.584530676953899,False
Rrs1,5,0,0,0.9921880082569576,0.3420870371452043,False
Rsad1,3,0,0,,0.8274332266399439,False
Rsad2,1,0,0,0.719441982119738,0.8233162799924283,False
Rsbn1,5,0,0,0.7644675996000637,0.2684696163649027,False
Rsbn1l,7,0,0,0.9420281181364688,0.3416018922021605,False
Rsf1,6,0,0,0.9613872956381267,0.448710000405067,False
Rsl1,1,0,0,,0.2694665905102099,False
Rsl1d1,6,0,0,0.8429861170667684,0.1834971634966562,False
Rsl24d1,6,0,0,0.8818650673896277,0.2578296411209034,False
Rsph1,1,0,0,0.999465548143242,0.2539274195231215,False
Rsph10b,1,0,0,0.999465548143242,0.0751929337965242,False
Rsph4a,1,0,0,0.999465548143242,0.0610508795477858,False
Rsph9,4,0,0,0.9988978288128184,0.5091378211708996,False
Rspry1,6,0,0,0.9717856975932426,0.3089249802582718,False
Rsrc1,6,0,0,0.5915448919061914,0.3159613897379163,False
Rsrc2,7,0,0,0.9771958735378466,0.6846980313360722,False
Rsrp1,7,0,0,0.5546467309271519,0.6537645511292656,False
Rsu1,7,0,0,0.8098104630732278,0.3969706997296895,False
Rtca,6,0,0,0.9908063682689148,0.7085885050861149,False
Rtcb,6,0,0,0.2033798296810819,0.4744505029131062,False
Rtel1,1,0,0,,0.3059086248096399,False
Rtf1,7,0,0,0.9772420733399642,0.2328817978115633,False
Rtf2,7,0,0,0.942371774006941,0.4153039276996066,False
Rtkn,4,0,0,0.1949667430997806,0.8848159949190056,False
Rtkn2,1,0,0,0.9913226326328984,0.0245220010637257,False
Rtl5,1,0,0,,0.243029986070137,False
Rtl6,2,0,0,0.9999106453149894,1.1316395951058005,False
Rtl8a,6,0,0,0.9613872956381267,0.4054929508117241,False
Rtl8b,6,0,0,0.9446358271558832,0.6094892882254759,False
Rtn1,5,0,0,0.7534362054035817,0.2368476111591085,False
Rtn2,2,0,0,0.9333672193684552,0.3455134673292758,False
Rtn3,7,0,0,0.2794835046386184,0.3025626179773671,False
Rtn4,7,0,0,0.9054228263761034,0.4234820679982899,False
Rtn4ip1,2,0,0,,0.3826435841859362,False
Rtn4rl1,1,0,0,0.969206275507647,0.0451082482195611,False
Rtp4,2,0,0,0.9997978488301602,1.1968436996472442,False
Rtraf,7,0,0,0.8897181118080411,0.3502507728781069,False
Rttn,2,0,0,,0.2739230477951606,False
Rubcn,6,0,0,0.8323476322511372,0.6379481511984512,False
Rubcnl,1,0,0,,0.2178887498950368,False
Rufy1,5,0,0,0.8801076879629245,0.4749873143120852,False
Rufy2,5,0,0,0.9771941538254924,0.3783266069554946,False
Rufy3,6,0,0,0.8862903167869547,0.4726598509469962,False
Rundc1,4,0,0,,0.3914839562195804,False
Rundc3a,4,0,0,0.0877740089625126,0.657142415740937,False
Rundc3b,1,0,0,,0.2314863491130918,False
Runx1,2,0,0,0.9694540062155076,0.2635150304627504,False
Runx1t1,2,0,0,0.9997978488301602,0.6011344223429893,False
Rusc1,3,0,0,0.9997978488301602,0.7384109263526343,False
Rusc2,4,0,0,0.7997160658979882,0.6942163999375471,False
Ruvbl1,6,0,0,0.9613872956381267,0.5109407809905081,False
Ruvbl2,6,0,0,0.9771941538254924,0.6709704353972905,False
Rwdd1,6,0,0,0.9425336382946262,0.1700766774453497,False
Rwdd2a,2,0,0,,0.0683322386029661,False
Rwdd2b,2,0,0,,0.4232370896462415,False
Rwdd3,2,0,0,,0.619049828447858,False
Rwdd4a,6,0,0,0.9603469151708518,0.2693063912965464,False
Rxra,4,0,0,,0.7135911716166442,False
Rxrb,6,0,0,0.9644314079198152,0.6999014337000832,False
Rxrg,1,0,0,0.9999106453149894,0.0428860542285402,False
Rxylt1,6,0,0,0.8473236203158974,0.4311974062731992,False
Rybp,5,0,0,0.510905414431632,0.8115831277333092,False
Ryk,6,0,0,0.977235793349001,0.1361817537119758,False
S100a1,6,0,0,0.9933938463864376,0.5225715549973775,False
S100a10,3,0,0,0.8143976127769736,1.1762296242532762,False
S100a11,5,0,0,0.998947809908267,0.999347309561698,False
S100a13,7,0,0,0.7435687393328552,0.3487765194326658,False
S100a16,6,0,0,0.9971230182955928,0.4559108697787835,False
S100a2,1,0,0,0.9999106453149894,0.3899077175624025,False
S100a4,4,0,0,0.998947809908267,0.8750634651216225,False
S100a6,6,0,0,0.9130104439957684,1.363945632500473,False
S100b,5,0,0,0.2725964610605195,1.088504933794113,False
S100pbp,5,0,0,0.9997978488301602,0.5728531559830523,False
S1pr1,5,1,1,0.0340104754046251,0.7371064481409618,True
S1pr2,2,0,0,0.9999106453149894,0.7490507368418811,False
S1pr5,1,0,0,0.9528506252153308,0.0747458086819597,False
Saal1,4,0,0,0.9999106453149894,0.7038590158438675,False
Sac3d1,3,0,0,0.9997978488301602,0.4175743465603335,False
Sacm1l,6,0,0,0.7379777657913047,0.4251840658863794,False
Sacs,4,0,0,0.9997978488301602,0.89474575544214,False
Sae1,6,0,0,0.999465548143242,0.6203691124214094,False
Safb,6,0,0,0.6448697356393163,0.2851500530891664,False
Safb2,6,0,0,0.4296134976109327,0.5322257196048064,False
Sag,2,0,0,,0.380785347563783,False
Sall1,4,0,0,0.6519846423489368,0.4365437964316398,False
Sall2,5,0,0,0.9988978288128184,0.5681559770928296,False
Sall3,3,0,0,0.897435817961038,0.2578223580304348,False
Samd1,5,0,0,0.8402201583633553,0.4063122355300335,False
Samd12,2,0,0,0.9997978488301602,0.1780551784609343,False
Samd14,2,0,0,0.9999106453149894,0.3542635811857288,False
Samd4,3,0,0,0.6935671156710773,0.3244009899436136,False
Samd4b,6,0,0,0.5933725225488126,0.3804569848354244,False
Samd8,6,0,0,0.5713779383114799,1.1492326088467164,False
Samd9l,1,0,0,0.9997978488301602,0.2549839059496128,False
Samhd1,6,0,0,0.955062322313626,1.0383322525014282,False
Samm50,6,0,0,0.5280347660145351,0.409089767882865,False
Samsn1,3,1,1,0.0310399376406967,0.5235490911496277,True
Sap130,5,0,0,0.9550624901828332,0.6213219086400185,False
Sap18,7,0,0,0.4940178236129043,0.516923167631613,False
Sap25,3,0,0,,0.6392413636411813,False
Sap30,7,0,0,0.998947809908267,0.8725348401581003,False
Sap30bp,6,0,0,0.9742271678794456,0.5936675816691818,False
Sap30l,6,0,0,0.914200400224126,0.3696711091298786,False
Sapcd1,2,0,0,0.9999106453149894,1.3206023195333836,False
Sapcd2,1,0,0,0.9999106453149894,0.3005777194087555,False
Sar1a,6,0,0,0.9609836761753684,0.2829317684835283,False
Sar1b,7,0,0,0.9853391978197256,0.9012794330371124,False
Saraf,7,0,0,0.7280554558206339,0.4322332613841868,False
Sardh,2,0,0,,0.3684023444748833,False
Sarnp,7,0,0,0.3863318939222953,0.5618992471866122,False
Sars,6,0,0,0.9375010146418976,0.2920974322153953,False
Sars2,1,0,0,,0.1781307730672602,False
Sart1,6,0,0,0.8824350574726691,0.4341280257526035,False
Sart3,4,0,0,0.9997978488301602,0.2612893958722518,False
Sash1,7,0,0,0.676753539510743,0.5004551456462064,False
Sash3,1,0,0,0.983754158141514,0.0358539844431278,False
Sass6,5,0,0,0.8858569656527041,0.8811885472687481,False
Sat1,7,1,1,0.0405114579477482,0.6736774620603558,True
Sat2,4,0,0,0.8436289172168773,0.7900298551335517,False
Satb1,4,0,0,0.9999106453149894,0.2631231157536713,False
Sav1,6,0,0,0.999465548143242,0.7807162101707563,False
Saxo2,2,0,0,0.999465548143242,0.7948208634800839,False
Saysd1,6,0,0,0.8561572451790562,0.6881526464452237,False
Sbds,6,0,0,0.1786296954932288,0.4651737824133123,False
Sbf1,5,0,0,0.7591659511982798,0.5575981172468287,False
Sbf2,7,0,0,0.9236632729291038,0.3414197439665447,False
Sbk1,3,0,0,0.9999106453149894,0.5319200821014886,False
Sbno1,7,0,0,0.9394207231963488,0.2310670983300033,False
Sbno2,5,0,0,0.1422458695501256,1.803588434532298,False
Sbsn,2,0,0,,0.833294965037398,False
Sc5d,5,0,0,0.9971230182955928,0.2689802961032382,False
Scaf1,6,0,0,0.8667737457308301,0.7221992328596283,False
Scaf11,7,0,0,0.9375010146418976,0.555073846423457,False
Scaf4,5,0,0,0.9524660103656164,0.3971744042887579,False
Scaf8,6,0,0,0.7961818812137735,0.6946034732422729,False
Scai,5,0,0,0.9997978488301602,0.4511149205421965,False
Scamp1,6,0,0,0.364301546778698,0.8552094581551084,False
Scamp2,6,0,0,0.9391994214083182,0.4489087419290144,False
Scamp3,6,0,0,0.8320163606442603,1.1192360842585105,False
Scamp5,4,0,0,0.4507347231459493,0.3755552071871349,False
Scand1,7,0,0,0.8424121802998759,0.1668179083404304,False
Scap,5,0,0,0.9853391978197256,0.7106451799139902,False
Scaper,5,0,0,0.8636371166983947,0.2654631469819549,False
Scara3,1,0,0,0.9988978288128184,0.153662842384997,False
Scarb1,3,0,0,0.9997978488301602,1.0037024533014005,False
Scarb2,6,0,0,0.127494422178352,0.69475727299463,False
Scarf1,1,0,0,0.9997978488301602,0.1638125865113345,False
Scarf2,1,0,0,,0.0656777366047828,False
Sccpdh,6,0,0,0.5273777908935245,0.384283304421867,False
Scd1,4,0,0,0.8879952449432693,0.6400771817780009,False
Scd2,6,0,0,0.5672965245225469,0.7070634284833159,False
Scd3,1,0,0,0.9235234228535996,0.2076081494165196,False
Scfd1,6,0,0,0.9784212791584648,0.4776829849672474,False
Scfd2,3,0,0,0.9999106453149894,0.3611391380913665,False
Scg3,5,0,0,0.993233786541051,0.6984907884500094,False
Scg5,4,0,0,0.6353153098540438,0.8190008753923637,False
Schip1,4,0,0,0.8341373214314584,0.1762730380935165,False
Sclt1,5,0,0,0.9997978488301602,0.3254839220934485,False
Scly,3,0,0,0.9885204868030568,1.1107900714627996,False
Scmh1,5,0,0,0.9772420733399642,0.6862564353826826,False
Scn1a,1,0,0,0.9999106453149894,0.4099226830376298,False
Scn1b,3,0,0,0.8098104630732278,0.2659225714415518,False
Scn2a,1,0,0,0.9999106453149894,0.0516110505233427,False
Scn3a,1,0,0,0.9999106453149894,0.0024965552263037,False
Scn8a,3,0,0,0.9999106453149894,0.5224523964445721,False
Scnm1,6,0,0,0.9785046073905832,0.290703816993786,False
Sco1,2,0,0,,0.2902002421089835,False
Sco2,5,0,0,0.9997978488301602,1.3481441730384318,False
Scoc,7,0,0,0.5558642789297118,0.858953216168948,False
Scp2,7,0,0,0.3641385596622708,0.3297887198836963,False
Scpep1,5,0,0,0.9727235755225622,0.3595840616765663,False
Scrg1,3,1,1,3.014010760717786e-05,1.9142213896805849,True
Scrib,5,0,0,0.9691343900630024,0.6067370043515329,False
Scrn1,3,0,0,0.5259605279121569,0.4593682130322641,False
Scrn2,6,0,0,0.999465548143242,0.2963541381428686,False
Scrn3,6,0,0,0.9401283593280376,0.7193692894872605,False
Scube2,1,0,0,0.9997978488301602,0.8562166867729539,False
Scyl1,6,0,0,0.8992872603476387,0.3547016029303876,False
Scyl2,4,0,0,0.999465548143242,0.7544054775577175,False
Scyl3,4,0,0,,0.4143426613616168,False
Sdad1,5,0,0,0.9997978488301602,0.2635161247511368,False
Sdc2,3,0,0,0.9988978288128184,0.272859653871938,False
Sdc3,4,0,0,0.9988978288128184,0.5459542875638645,False
Sdc4,6,0,0,0.1927210929933563,0.4981762969863594,False
Sdcbp,7,0,0,0.96438277861516,0.4804860852953486,False
Sdccag8,6,0,0,0.9784212791584648,0.8492404105784275,False
Sde2,7,0,0,0.8304796525639428,0.5108176848777993,False
Sdf2,6,0,0,0.9550624901828332,0.1648103306249219,False
Sdf2l1,5,0,0,0.4230302808013113,0.5004773319447705,False
Sdf4,7,0,0,0.6799950726503133,0.2930170360245041,False
Sdha,7,0,0,0.5546467309271519,0.3653022904021494,False
Sdhaf1,6,0,0,0.9446358271558832,0.418754773929602,False
Sdhaf2,6,0,0,0.999465548143242,0.2594819848511298,False
Sdhaf3,6,0,0,0.999465548143242,0.5862659233312582,False
Sdhaf4,6,0,0,0.8818650673896277,0.2554169565412304,False
Sdhb,7,0,0,0.6584380103096773,0.7572061164202863,False
Sdhc,7,0,0,0.8920834577268876,0.3836106656248654,False
Sdhd,6,0,0,0.8082473626008431,0.4749730816217932,False
Sdk1,1,0,0,,0.0832953040703605,False
Sdr39u1,3,0,0,0.999465548143242,1.394588233575402,False
Sdsl,2,0,0,0.999465548143242,0.2153881080740503,False
Sec11a,7,0,0,0.8561572451790562,0.5837051123167352,False
Sec11c,7,1,1,8.953626440981485e-06,0.6691931508712474,True
Sec13,6,0,0,0.9609836761753684,0.368368686277066,False
Sec14l1,7,0,0,0.4298703729752186,0.4542392094277656,False
Sec14l2,4,0,0,0.9988978288128184,0.9246066729711436,False
Sec14l5,1,0,0,0.9613872956381267,0.0781615201279052,False
Sec16a,5,0,0,0.9603469151708518,0.3980606817693585,False
Sec22a,5,0,0,0.9997978488301602,0.6046696699811799,False
Sec22b,6,0,0,0.909070435557808,0.1827629582616676,False
Sec22c,2,0,0,,0.8824109996573624,False
Sec23a,6,0,0,0.999465548143242,0.2103101050992538,False
Sec23b,6,0,0,0.9434392934513736,0.2392364793836957,False
Sec23ip,6,0,0,0.9890147171955024,0.1496402898861429,False
Sec24a,5,0,0,0.7962660292843572,0.377407486737601,False
Sec24b,6,0,0,0.9771941538254924,0.628396941056344,False
Sec24c,6,0,0,0.9235234228535996,0.5372248113226727,False
Sec24d,3,0,0,,0.3972333950779914,False
Sec31a,6,0,0,0.8568881217378268,0.7035166625705561,False
Sec61a1,5,0,0,0.9489591940169484,0.0866608385797431,False
Sec61a2,5,0,0,0.4455928012475373,0.8175888599086283,False
Sec61b,7,0,0,0.918102734683989,0.2997826690258784,False
Sec61g,7,0,0,0.7281149155925487,0.331543605950883,False
Sec62,7,0,0,0.7532332969918063,0.2319989291361483,False
Sec63,6,0,0,0.8781770920570142,0.40202676788731,False
Secisbp2,6,0,0,0.9613872956381267,1.4806984982302127,False
Secisbp2l,6,0,0,0.1010130964597864,0.8990362855852295,False
Seh1l,6,0,0,0.5628438977412534,0.6095234929591282,False
Sel1l,5,0,0,0.897435817961038,0.1367320651002644,False
Sel1l3,2,0,0,,0.0052283938672556,False
Selenbp1,4,0,0,0.1877852846985525,3.010400992381672,False
Selenof,7,0,0,0.9511288339361076,0.4604356049352008,False
Selenoh,6,0,0,0.8992872603476387,0.4999555043683854,False
Selenoi,5,0,0,0.9801820393362448,0.2819553480647566,False
Selenok,7,0,0,0.439536757499856,0.2582730090642832,False
Selenom,6,0,0,0.1113079802280598,0.6554509211204614,False
Selenon,5,0,0,0.9997978488301602,0.5120420415148422,False
Selenoo,5,0,0,0.915627991889946,0.3386681601454491,False
Selenop,6,0,0,0.4627603132184681,0.3887888863740515,False
Selenos,7,0,0,0.98048865393247,0.6194666997714251,False
Selenot,7,0,0,0.5972775982317474,0.2580430165617907,False
Selenow,7,1,1,0.0044335101146223,0.6409836938981116,True
Selplg,3,0,0,0.7075024323671656,0.3212914129507573,False
Sem1,7,0,0,0.8667737457308301,0.1805593899412621,False
Sema3b,1,0,0,0.999465548143242,0.1935076910728631,False
Sema3c,1,0,0,0.9997978488301602,0.1351284753329088,False
Sema3d,2,0,0,0.9999106453149894,0.1142457158370186,False
Sema3e,1,0,0,0.9999106453149894,0.0456915872801631,False
Sema3g,1,0,0,0.9997978488301602,0.3857798754532981,False
Sema4a,1,0,0,0.9988978288128184,0.5330911707389221,False
Sema4b,2,0,0,0.9988978288128184,0.4212177692610616,False
Sema4c,3,0,0,0.9997978488301602,0.531920506672371,False
Sema4d,4,0,0,0.2865194199194606,0.4764400129983044,False
Sema4g,3,0,0,0.9999106453149894,0.4473579250018754,False
Sema5a,2,0,0,0.9999106453149894,1.1663836708393165,False
Sema5b,1,0,0,0.9999106453149894,0.0208370666346647,False
Sema6a,4,0,0,0.4543550032954154,0.8134087355179521,False
Sema6b,2,0,0,0.9997978488301602,0.3961015492790795,False
Sema6d,5,0,0,0.6335543257088888,1.304026180053685,False
Sema7a,2,0,0,0.8070067535621716,0.378112205790778,False
Senp1,5,0,0,0.9997978488301602,0.5395924259310495,False
Senp2,6,0,0,0.8091671030744795,0.8519596263870272,False
Senp3,5,0,0,0.9613872956381267,0.6122467979625701,False
Senp5,6,0,0,0.9771941538254924,0.8766716934845376,False
Senp6,6,0,0,0.9384484988811008,0.4101154843484553,False
Senp7,6,0,0,0.5713779383114799,0.422424110684286,False
Senp8,2,0,0,,0.2866547017644177,False
Sephs1,6,0,0,0.999465548143242,0.7218396839204109,False
Sephs2,5,0,0,0.9524660103656164,0.6877843523049325,False
Sepsecs,2,0,0,,0.7997319042070448,False
Sept1,3,0,0,0.7262993522336753,0.843411504603316,False
Sept10,6,0,0,0.8667737457308301,0.2929964386806721,False
Sept11,4,0,0,0.9997978488301602,0.5805100966313932,False
Sept2,5,0,0,0.5918707540827541,1.6375719497015957,False
Sept3,3,0,0,0.9999106453149894,0.9441048660914227,False
Sept4,6,0,0,0.483870356451055,0.7062863833803329,False
Sept5,1,0,0,,0.1261897008200481,False
Sept6,2,0,0,,0.6134328581538968,False
Sept7,7,0,0,0.7770187895127605,0.2499214580832377,False
Sept8,5,0,0,0.7111208123535145,0.3428517862435996,False
Sept9,4,0,0,0.999465548143242,0.4546532828515738,False
Serbp1,7,0,0,0.8904498303611323,0.309478037252568,False
Serf1,4,0,0,0.9999106453149894,0.9837838841647252,False
Serf2,7,0,0,0.2952840349185354,0.2741130559295794,False
Sergef,3,0,0,0.999465548143242,0.396510487502433,False
Serhl,4,0,0,0.999465548143242,0.6614290533416467,False
Serinc1,7,0,0,0.8711099682071693,0.2143440601650789,False
Serinc2,1,0,0,0.999465548143242,0.1477022599014696,False
Serinc3,7,1,1,0.0010416902091958,0.8016400769561042,True
Serinc5,4,1,1,0.0001116880684452,0.8022178095058018,True
Serp1,7,0,0,0.8424121802998759,0.4966528248570475,False
Serp2,5,0,0,0.9997978488301602,0.9008198282421432,False
Serpina3n,3,0,0,0.9999106453149894,1.1859569036519728,False
Serpinb1a,1,1,1,1.996617175733872e-08,0.964709552785458,True
Serpinb1b,1,0,0,0.999465548143242,0.124716483655422,False
Serpinb6a,7,0,0,0.9865439902541772,1.0903904515088163,False
Serpinb6b,1,0,0,0.9997978488301602,0.1654218432370605,False
Serpinb8,1,0,0,0.998947809908267,0.6868282489485189,False
Serpinb9,3,0,0,0.999465548143242,1.2978117683621593,False
Serpind1,1,0,0,0.0925973573408933,0.933521422701994,False
Serpine1,1,0,0,0.998670535736902,0.0145817609399789,False
Serpine2,7,1,1,0.0183513964870027,1.3337430646777817,True
Serpinf1,1,0,0,0.2147453752730667,0.5329941602188791,False
Serpinh1,3,0,0,0.3103514237409061,0.7315873831010302,False
Sertad1,5,0,0,0.4298703729752186,1.2551523105553517,False
Sertad2,5,0,0,0.4054755035032859,0.4736081416433118,False
Sertad3,4,0,0,0.9997978488301602,0.9475071950276318,False
Sesn1,6,0,0,0.3867140003260086,0.4698867733418747,False
Sesn2,2,0,0,,1.3517205463941857,False
Sesn3,6,0,0,0.855457812379223,0.8393685352304348,False
Sestd1,4,0,0,0.9997978488301602,0.7470100117521374,False
Set,7,0,0,0.9766755891980426,0.2232776308921693,False
Setbp1,4,0,0,0.9999106453149894,0.2417664803301673,False
Setd1a,3,0,0,0.7952163352517458,0.4322380068932344,False
Setd1b,5,0,0,0.9315702599586364,0.1944885726009836,False
Setd2,5,0,0,0.608424364403761,0.3205426868803639,False
Setd3,6,0,0,0.9451899018703012,0.4309940990830073,False
Setd5,6,0,0,0.7301644375255361,0.4783329649092764,False
Setd6,1,0,0,,0.2344101251921487,False
Setd7,6,0,0,0.112624615026562,1.2320306713253335,False
Setdb1,6,0,0,0.9415287638172926,0.4662571374774897,False
Setdb2,2,0,0,,0.3337329534235237,False
Setmar,1,0,0,,0.5368323825105463,False
Setx,5,0,0,0.4455928012475373,0.5401416083780366,False
Sez6,1,0,0,0.9999106453149894,0.4677623495169882,False
Sez6l,1,0,0,0.9999106453149894,0.0916897411638719,False
Sez6l2,2,0,0,0.2233326149187673,0.4037720857437247,False
Sf1,7,0,0,0.8634600166467697,0.2901371721644968,False
Sf3a1,6,0,0,0.9613872956381267,0.4258512619997253,False
Sf3a2,6,0,0,0.4455928012475373,0.844865154955379,False
Sf3a3,6,0,0,0.914200400224126,0.2576075835038116,False
Sf3b1,7,0,0,0.7041916676124842,0.3964805766931761,False
Sf3b2,7,0,0,0.4543550032954154,0.574118498147938,False
Sf3b3,5,0,0,0.718267654824689,0.4118367507936672,False
Sf3b4,6,0,0,0.3876520342439898,0.8796980957167024,False
Sf3b5,7,0,0,0.7534362054035817,0.3348067459220791,False
Sf3b6,7,0,0,0.9333672193684552,0.4335585059880443,False
Sfi1,4,0,0,,0.7752900280054101,False
Sfmbt1,5,0,0,0.9070647896477066,0.4971439324816408,False
Sfpq,7,0,0,0.5124715220128929,0.6424080881379657,False
Sfr1,7,0,0,0.3887228377424673,0.3116733325820884,False
Sfrp1,1,0,0,0.999465548143242,0.2201256437865346,False
Sfrp5,1,0,0,0.999465548143242,1.9704514728124116,False
Sfswap,5,0,0,0.773122613881827,0.2922987884343561,False
Sft2d1,7,0,0,0.4455928012475373,0.4780201491812459,False
Sft2d2,6,0,0,0.4665273014597163,0.6082934757795012,False
Sft2d3,5,0,0,0.977017223345402,0.3370863080315337,False
Sfxn1,5,0,0,0.9988978288128184,0.8031165158251906,False
Sfxn2,3,0,0,,0.6779863118188636,False
Sfxn3,4,0,0,0.9997978488301602,0.5472032827468042,False
Sfxn4,2,0,0,,0.4865777802740484,False
Sfxn5,6,0,0,0.9988978288128184,1.1571368068538717,False
Sgcb,5,0,0,0.9636847167956676,0.4279315477105647,False
Sgcd,1,0,0,0.9999106453149894,0.5515508539922741,False
Sgce,5,0,0,0.8711099682071693,0.7324747394066372,False
Sgcz,1,0,0,0.9999106453149894,0.3831341576949242,False
Sgf29,6,0,0,0.6603586966737383,0.8072920253578402,False
Sgip1,3,0,0,0.9904469851238652,0.4384657010750186,False
Sgk1,5,1,1,0.0360152000484955,1.4026494076696088,True
Sgk2,1,0,0,0.9601312667032076,0.1298085930726964,False
Sgk3,6,0,0,0.7002658761492824,0.5512177228313734,False
Sgms1,6,0,0,0.7071435961316962,0.413390995761167,False
Sgms2,3,0,0,0.999465548143242,0.3090955252041353,False
Sgpl1,5,0,0,0.3183966162727515,0.5830863263438776,False
Sgpp1,5,0,0,0.9046036284813656,0.1785071350441563,False
Sgpp2,1,0,0,0.9997978488301602,0.1897140761410843,False
Sgsh,2,0,0,,0.755977728958932,False
Sgsm1,1,0,0,0.9999106453149894,0.4997070014626225,False
Sgsm2,5,0,0,0.999465548143242,0.4551118603985919,False
Sgsm3,5,0,0,0.9999106453149894,0.823388691228035,False
Sgta,6,0,0,0.7468108637648934,0.4328672016592772,False
Sgtb,1,0,0,,0.7106159838040574,False
Sh2b1,6,0,0,0.9603469151708518,0.8436101587951366,False
Sh2b2,2,0,0,,1.838472778004268,False
Sh2b3,3,0,0,0.6255909427294044,0.4795329258591967,False
Sh2d3c,2,0,0,0.9997978488301602,0.2500159967645687,False
Sh3bgr,1,0,0,0.999465548143242,1.346299210927032,False
Sh3bgrl,7,0,0,0.606201133375458,0.808667330658437,False
Sh3bgrl2,2,0,0,0.999465548143242,0.8839258635154277,False
Sh3bgrl3,7,0,0,0.1099124666546229,0.4531155737397921,False
Sh3bp1,1,0,0,0.600006846309955,0.3033124500310592,False
Sh3bp2,2,0,0,,0.3528726387416893,False
Sh3bp4,2,0,0,0.9997978488301602,0.0708299384117788,False
Sh3bp5,5,0,0,0.866174710066969,0.4643076475688099,False
Sh3bp5l,3,0,0,0.9994094398372564,0.4722772877902673,False
Sh3d19,4,0,0,0.5424111417845922,0.6580683265207566,False
Sh3d21,1,0,0,,0.1344995270670295,False
Sh3gl1,6,0,0,0.7052389887533064,0.3305538595930957,False
Sh3gl2,2,0,0,0.9999106453149894,0.7939614068915634,False
Sh3gl3,2,0,0,0.9613872956381267,0.2036380602380955,False
Sh3glb1,7,0,0,0.4372685853084322,0.3494370792407919,False
Sh3glb2,6,0,0,0.8781770920570142,0.4806790627971342,False
Sh3kbp1,6,1,1,0.0013755483770703,0.9694141407420548,True
Sh3pxd2a,2,0,0,0.9997978488301602,0.2222736506316123,False
Sh3pxd2b,1,0,0,,0.0352735337912623,False
Sh3rf1,5,0,0,0.999465548143242,1.2546914298234024,False
Sh3tc1,2,0,0,0.9997978488301602,0.1695683709629282,False
Sh3tc2,2,0,0,0.9389728124425808,0.3427509634196028,False
Sh3yl1,1,0,0,,0.7463508143191752,False
Shank1,4,0,0,0.9999106453149894,0.5928834911023054,False
Shank3,1,0,0,0.9997978488301602,0.0595332800754131,False
Sharpin,6,0,0,0.8352963943797552,0.7185822580938253,False
Shb,3,0,0,0.9997978488301602,0.2827873673024479,False
Shc1,4,0,0,0.9997978488301602,0.3033589779479591,False
Shc2,1,0,0,0.9999106453149894,0.4957414750954182,False
Shc3,2,0,0,0.9999106453149894,1.2585495387645325,False
Shc4,2,0,0,0.9999106453149894,0.5330152987375749,False
Shd,2,0,0,0.9999106453149894,0.0669580749632671,False
She,1,0,0,0.9997978488301602,0.0772453274130192,False
Shf,3,0,0,0.9997978488301602,0.2491538338704067,False
Shfl,4,0,0,0.9997978488301602,0.3890188136965493,False
Shisa4,5,0,0,0.5628438977412534,0.4227673978753393,False
Shisa5,6,0,0,0.5828242797032654,0.2877870725093139,False
Shisa6,1,0,0,0.9999106453149894,0.0647688471748103,False
Shisa7,1,0,0,0.9999106453149894,0.2078839319711609,False
Shisa8,2,0,0,0.8781770920570142,0.3258192403098989,False
Shisa9,2,0,0,0.9999106453149894,0.5164056091050404,False
Shisal1,2,0,0,0.9999106453149894,0.2395644871924012,False
Shkbp1,4,0,0,0.9997978488301602,1.0135935318874196,False
Shld1,5,0,0,0.9997978488301602,1.10365540837647,False
Shld2,3,0,0,,0.418323275489652,False
Shld3,2,0,0,,0.8443505120191552,False
Shmt2,5,0,0,0.9999106453149894,0.4595264647592517,False
Shoc2,6,0,0,0.3351286267521106,0.5061990316925769,False
Shprh,5,0,0,0.9273402649515828,0.4616189982754933,False
Shq1,1,0,0,,0.142923980772459,False
Shroom1,2,0,0,0.9997978488301602,0.3363203264832312,False
Shroom2,4,0,0,0.1722867572703678,0.5295689059080818,False
Shroom3,2,0,0,,0.1669918276667412,False
Shroom4,1,0,0,0.9997978488301602,0.2147733105258575,False
Shtn1,2,1,1,5.77131845559098e-05,0.8072864722054176,True
Siae,3,0,0,,0.4676711227799033,False
Siah1a,6,0,0,0.4455928012475373,0.4740959412927507,False
Siah2,2,0,0,0.7311337497895115,0.2713745344793363,False
Sidt2,5,0,0,0.777245890589481,0.7882888887136469,False
Sigirr,1,0,0,0.9997978488301602,0.2864695872294983,False
Siglece,1,0,0,0.7301644375255361,0.2749739964412541,False
Siglecg,1,0,0,,1.221112089267349,False
Siglech,2,0,0,0.9582770103157974,0.7496506231239731,False
Sigmar1,5,0,0,0.9997978488301602,0.7422441150055323,False
Sik1,3,0,0,0.999465548143242,1.3723589263022071,False
Sik2,5,0,0,0.9614961848933092,0.3070604026835614,False
Sik3,6,0,0,0.544411983236694,0.6321855207732582,False
Sike1,6,0,0,0.8604177999005357,0.6860646254111852,False
Sil1,6,0,0,0.9046036284813656,0.8136398394159234,False
Simc1,2,0,0,,0.2048679978698371,False
Sin3a,5,0,0,0.9729391972566944,0.3139841903642906,False
Sin3b,7,0,0,0.8045344704684841,0.5668997339868341,False
Sinhcaf,4,0,0,0.999465548143242,0.7626563805569532,False
Sipa1,4,0,0,0.9941189559838952,0.4281799618121148,False
Sipa1l1,5,0,0,0.8897181118080411,0.5548978659171865,False
Sipa1l2,5,0,0,0.9771958735378466,0.2874659412173894,False
Sipa1l3,5,0,0,0.9997978488301602,0.6110986363543867,False
Sirpa,5,0,0,0.9771958735378466,0.3580413829390816,False
Sirt1,5,0,0,0.8654706911408561,0.6834601147902319,False
Sirt2,7,1,1,0.0108864656651468,0.4678055564107114,True
Sirt3,6,0,0,0.6948458817943409,0.650657822356364,False
Sirt4,4,0,0,0.9999106453149894,1.1200873930652815,False
Sirt5,5,0,0,0.9997978488301602,0.5730365314852738,False
Sirt6,3,0,0,,0.9570468920495928,False
Sirt7,5,0,0,0.4742466363547574,0.4031052276446754,False
Siva1,6,0,0,0.9771941538254924,0.4742881250976137,False
Six3,1,0,0,0.999465548143242,0.1626156720234318,False
Six3os1,1,0,0,0.999465548143242,0.0754883158137339,False
Six5,2,0,0,,0.6245991637024623,False
Ska2,3,0,0,0.9997978488301602,0.6803272516415113,False
Skap2,6,0,0,0.8642152612973348,0.805596179259745,False
Ski,6,0,0,0.9771941538254924,0.6076059664136287,False
Skil,6,0,0,0.8200670747738183,0.3275682149270366,False
Skiv2l,6,0,0,0.9636847167956676,0.3923887275905878,False
Skp1a,7,0,0,0.1514796017198302,0.4343752140675201,False
Skp2,2,0,0,,0.7015028884472622,False
Sla,1,0,0,0.9218135406033966,0.0936250280350459,False
Slain1,2,0,0,0.8391381010293647,0.1397091081276379,False
Slain2,6,0,0,0.7127046996134975,0.28612236851925,False
Slamf1,2,0,0,,0.6727361027768658,False
Slamf6,1,0,0,,0.2685925625983528,False
Slamf8,1,0,0,,0.0436228416604837,False
Slbp,6,0,0,0.1867810683335205,0.7057780381238985,False
Slc10a3,1,0,0,,0.2877747889977178,False
Slc10a7,3,0,0,0.9997978488301602,0.2134007706594475,False
Slc11a1,2,0,0,0.4433260905613333,0.5585643032884979,False
Slc11a2,4,0,0,0.829388260330224,0.3296381768877698,False
Slc12a2,6,0,0,0.1439966056029687,0.5500767272840124,False
Slc12a4,6,0,0,0.9988978288128184,0.3887452851240357,False
Slc12a6,6,0,0,0.7486842593414812,0.9981977980929184,False
Slc12a7,2,0,0,0.9997978488301602,0.0941039991897283,False
Slc12a8,1,0,0,,0.0626479950797741,False
Slc12a9,4,0,0,0.3350634723219519,0.4770815793990594,False
Slc13a3,2,0,0,,0.7266890311150145,False
Slc13a4,1,0,0,0.999465548143242,0.1307549807068818,False
Slc13a5,2,0,0,0.9988978288128184,0.4734826504358057,False
Slc14a1,1,0,0,0.999576737147644,0.0052004877497978,False
Slc15a2,4,0,0,0.9988978288128184,1.291370995028819,False
Slc15a3,2,0,0,0.5473411853002069,1.7168757688419602,False
Slc15a4,3,0,0,0.9389728124425808,0.4209905568725852,False
Slc16a1,5,0,0,0.2570588772513031,1.15164700519217,False
Slc16a10,1,0,0,,0.3879798624317593,False
Slc16a13,2,0,0,,0.3761802294046802,False
Slc16a2,4,0,0,0.9988978288128184,0.8897972152470078,False
Slc16a3,2,0,0,,0.1103894526284841,False
Slc16a4,1,0,0,0.9997978488301602,0.1098441729546308,False
Slc16a6,3,0,0,0.9451899018703012,1.0437016858507553,False
Slc16a7,2,0,0,0.4017220556220933,0.6920555666870168,False
Slc16a8,1,0,0,0.999465548143242,0.3457213425956058,False
Slc16a9,2,0,0,0.999465548143242,0.3099869818406573,False
Slc17a5,5,0,0,0.9320339787755104,0.6131651834197169,False
Slc17a9,1,0,0,,1.3600299347075258,False
Slc18b1,3,0,0,0.9999106453149894,1.2786107060714298,False
Slc19a1,3,0,0,,0.6164470796698538,False
Slc19a2,2,0,0,,0.8166049741126374,False
Slc19a3,1,0,0,0.9997978488301602,0.0113981879478332,False
Slc1a1,2,0,0,0.9997978488301602,0.1627220442768301,False
Slc1a2,7,0,0,0.2859736438167443,0.8622207357688445,False
Slc1a3,5,0,0,0.877035042572867,0.6211249345567388,False
Slc1a4,2,0,0,0.9988978288128184,0.2129374816305015,False
Slc1a5,2,0,0,,1.0602363783402866,False
Slc1a6,1,0,0,0.9999106453149894,0.5904900350320226,False
Slc20a1,5,0,0,0.9988978288128184,1.1337023011422065,False
Slc20a2,4,0,0,0.9987023699260597,0.8442983765694413,False
Slc22a15,2,0,0,0.9999106453149894,0.3599153013588041,False
Slc22a17,6,0,0,0.4658053705552345,0.9313103231716032,False
Slc22a23,3,0,0,0.4387740404898478,0.4837068985553357,False
Slc22a4,1,0,0,,0.0049055687410153,False
Slc22a5,4,0,0,0.9997978488301602,0.3662948464078245,False
Slc22a8,2,0,0,0.999465548143242,0.5343109420267118,False
Slc23a2,6,0,0,0.999465548143242,0.796416321999615,False
Slc24a2,1,0,0,0.0701525290176796,0.4295028219622574,False
Slc24a3,4,0,0,0.9999106453149894,0.446370770367661,False
Slc24a5,6,0,0,0.951477679148812,0.4595664988719638,False
Slc25a1,6,0,0,0.8352323247011454,0.2284776555231946,False
Slc25a10,4,0,0,0.999465548143242,0.594704842349608,False
Slc25a11,7,0,0,0.9320339787755104,0.3522956953902831,False
Slc25a12,6,0,0,0.9890147171955024,0.5582911880445504,False
Slc25a13,4,0,0,0.9636847167956676,0.2061529602506536,False
Slc25a14,5,0,0,0.999465548143242,0.4298823689617394,False
Slc25a15,1,0,0,0.9999106453149894,0.1346708409808893,False
Slc25a16,6,0,0,0.999465548143242,0.5370377225802571,False
Slc25a17,6,0,0,0.6948458817943409,0.531615553957829,False
Slc25a18,1,0,0,0.9465249359094532,0.3737800691054033,False
Slc25a19,5,0,0,0.7612371439356139,0.6861563990744208,False
Slc25a20,6,0,0,0.7502787125059075,1.958229942584689,False
Slc25a22,3,0,0,,0.4966332773217787,False
Slc25a23,6,0,0,0.7278745565080218,0.9963558438361902,False
Slc25a24,1,0,0,0.9997978488301602,0.2939600838692927,False
Slc25a25,4,0,0,0.9999106453149894,0.561366525960791,False
Slc25a26,2,0,0,,0.6816735648212785,False
Slc25a27,4,0,0,0.8818650673896277,0.5742561047104178,False
Slc25a28,7,0,0,0.9007266118211642,1.084140903923168,False
Slc25a29,2,0,0,0.8424121802998759,0.5153397686882062,False
Slc25a3,7,0,0,0.4838087674080333,0.4600815658209045,False
Slc25a30,3,0,0,0.9997978488301602,0.3692851504964075,False
Slc25a32,4,0,0,0.9997978488301602,0.6645015565654855,False
Slc25a33,5,0,0,0.9988978288128184,0.2069070249131602,False
Slc25a35,2,0,0,,0.2814076719272569,False
Slc25a36,6,0,0,0.9410502843343008,0.6014211997112603,False
Slc25a37,2,0,0,0.0693748983268898,0.6765344686929501,False
Slc25a38,4,0,0,0.9680334815074632,0.4549711632979523,False
Slc25a39,6,0,0,0.9224729242814986,0.3484097712124245,False
Slc25a4,7,0,0,0.8858569656527041,1.1771392492954065,False
Slc25a40,5,0,0,0.9997978488301602,0.2620115471952778,False
Slc25a42,3,0,0,,1.265289121340067,False
Slc25a44,5,0,0,0.8361316425588403,0.3145027923245734,False
Slc25a45,3,0,0,0.9375010146418976,0.2959589113276927,False
Slc25a46,6,0,0,0.9223963590675318,0.3199400012467571,False
Slc25a47,1,0,0,,0.2892284011802326,False
Slc25a5,7,0,0,0.7691943808384463,0.4894747768181247,False
Slc25a51,6,0,0,0.8160237109654584,0.5647794374463166,False
Slc25a53,3,0,0,,0.4084388478431532,False
Slc26a10,1,0,0,0.9997978488301602,0.4043822969284217,False
Slc26a11,1,0,0,,0.1175158499787814,False
Slc26a2,3,0,0,0.9451899018703012,0.56407437223039,False
Slc26a6,1,0,0,,0.123669648209879,False
Slc27a1,6,0,0,0.951505103259048,0.410412765105989,False
Slc27a4,5,0,0,0.8617306472084703,0.5309546304666641,False
Slc29a1,3,0,0,0.3887228377424673,0.398289071993265,False
Slc29a2,1,0,0,,0.2935481793362549,False
Slc29a3,4,0,0,0.7047072808151661,0.3191078042373287,False
Slc29a4,1,0,0,0.999465548143242,0.0740052301155925,False
Slc2a1,5,0,0,0.4455928012475373,0.8253287367289085,False
Slc2a12,2,0,0,0.999465548143242,0.405003122956335,False
Slc2a3,1,0,0,0.9999106453149894,0.7875126239458234,False
Slc2a5,1,0,0,0.7655980862851135,0.1591510059257559,False
Slc2a8,5,0,0,0.9999106453149894,0.5471814178758599,False
Slc2a9,1,0,0,,0.0947957546901145,False
Slc30a1,5,0,0,0.4187593407581947,0.6722184197464091,False
Slc30a10,1,0,0,0.9988978288128184,0.1602724593718747,False
Slc30a4,4,0,0,0.9997978488301602,0.4496102859485081,False
Slc30a5,5,0,0,0.9423911364833784,0.5345822224100827,False
Slc30a6,4,0,0,,0.4406915627868571,False
Slc30a7,4,0,0,0.9997978488301602,0.6154747163317382,False
Slc30a9,6,0,0,0.9333672193684552,0.2925054346526058,False
Slc31a1,6,0,0,0.999465548143242,0.4421710703992367,False
Slc31a2,3,0,0,0.8913433305157492,0.2018098743583141,False
Slc33a1,6,0,0,0.9415287638172926,0.5778390987093173,False
Slc35a1,6,0,0,0.999465548143242,0.6162378063015296,False
Slc35a2,5,0,0,0.8959438740778538,0.2602028130954639,False
Slc35a3,5,0,0,0.9997978488301602,0.4357333478992861,False
Slc35a4,6,0,0,0.8029696953212778,0.5331845428459905,False
Slc35a5,5,0,0,0.914200400224126,0.3703238870175186,False
Slc35b1,6,0,0,0.2706832957853526,0.6814576680512027,False
Slc35b2,6,0,0,0.2938841177379971,0.5177484756964207,False
Slc35b3,4,0,0,0.9997978488301602,0.784127843917338,False
Slc35b4,4,0,0,0.9999106453149894,0.4204792279208438,False
Slc35c1,2,0,0,,0.2244984983885422,False
Slc35c2,4,0,0,0.9375010146418976,0.545615513433184,False
Slc35d1,5,0,0,0.9999106453149894,0.4657509842789768,False
Slc35d2,2,0,0,,0.3422274875162625,False
Slc35e1,4,0,0,0.9997978488301602,0.4155213624911876,False
Slc35e2,5,0,0,0.9997978488301602,0.6629826364235397,False
Slc35e3,3,0,0,0.9999106453149894,0.5107248493352892,False
Slc35e4,5,0,0,0.8913433305157492,0.3212424757610445,False
Slc35f1,2,0,0,0.9999106453149894,0.3635861803055639,False
Slc35f2,1,0,0,0.9997978488301602,0.1972255840411596,False
Slc35f3,1,0,0,0.999465548143242,0.466208821415507,False
Slc35f5,5,0,0,0.9997978488301602,0.2302085273284012,False
Slc35f6,5,0,0,0.9771941538254924,0.3436673343460579,False
Slc35g2,1,0,0,,0.399894570843075,False
Slc36a1,2,0,0,0.8727597914628661,0.3341200196324433,False
Slc36a2,1,0,0,,0.8307211299030217,False
Slc36a4,4,0,0,0.9997978488301602,0.2535143262038601,False
Slc37a2,2,0,0,0.9054228263761034,0.4113166805917539,False
Slc37a3,5,0,0,0.9997978488301602,0.7544358284816428,False
Slc37a4,4,0,0,0.9999106453149894,0.4379523656613494,False
Slc38a1,4,0,0,0.9519984253356456,0.923720552782518,False
Slc38a10,7,0,0,0.9656780974342264,0.9263943379497296,False
Slc38a2,7,0,0,0.2750995421767134,0.578706198692991,False
Slc38a3,4,0,0,0.9988978288128184,0.5518327002595733,False
Slc38a5,1,0,0,0.9997978488301602,0.0403534289181107,False
Slc38a6,5,0,0,0.9997978488301602,0.4284383000313612,False
Slc38a7,3,0,0,0.9999106453149894,0.8753160881692473,False
Slc38a9,5,0,0,0.8992872603476387,0.2898694793118656,False
Slc39a1,7,0,0,0.136408886764333,1.4511033254673642,False
Slc39a10,5,0,0,0.9997978488301602,0.3809120280538521,False
Slc39a11,1,0,0,,7.712242894537267e-05,False
Slc39a12,3,0,0,0.9988978288128184,0.0562779124593132,False
Slc39a13,6,0,0,0.9970554848778064,0.4042170536975467,False
Slc39a14,4,0,0,0.9999106453149894,0.823614018534867,False
Slc39a3,5,0,0,0.9905788443894236,0.6339543415138169,False
Slc39a4,1,0,0,,0.1502192176934786,False
Slc39a6,4,0,0,0.751824420567568,0.4038927890538556,False
Slc39a7,6,0,0,0.8513598984835474,0.2997841831763881,False
Slc39a8,2,0,0,0.9997978488301602,0.2431951846845671,False
Slc39a9,5,0,0,0.6599665827499437,0.532562182684857,False
Slc3a2,7,1,1,0.0486976141231098,0.5596700747264515,True
Slc40a1,3,1,1,0.0056797451538251,1.1331738213822926,True
Slc41a1,6,0,0,0.9988978288128184,0.8801206015433231,False
Slc41a3,1,0,0,,0.751223776287209,False
Slc43a2,6,0,0,0.1010130964597864,0.9512176149821758,False
Slc44a1,5,0,0,0.7485830254151505,0.4553173218108001,False
Slc44a2,5,0,0,0.8374844333384406,0.305741177492606,False
Slc45a1,2,0,0,0.9999106453149894,0.6333882460935885,False
Slc45a3,1,0,0,,0.6571197635211626,False
Slc45a4,4,0,0,0.999465548143242,0.6916512820271663,False
Slc46a1,2,0,0,0.8098104630732278,0.2930853442283452,False
Slc46a2,2,0,0,,0.1110322909231724,False
Slc46a3,2,0,0,0.9997978488301602,0.4786746142556455,False
Slc48a1,6,0,0,0.9885204868030568,0.4044046766024805,False
Slc49a4,5,0,0,0.2782449853141147,0.5312947554197536,False
Slc4a10,3,0,0,0.999465548143242,0.6681311125273501,False
Slc4a1ap,5,0,0,0.8862903167869547,0.4927291280263983,False
Slc4a2,5,0,0,0.9890147171955024,0.5737516098150288,False
Slc4a3,2,0,0,0.9999106453149894,0.0257766920034867,False
Slc4a4,5,0,0,0.9988978288128184,1.2799579384748758,False
Slc4a5,1,0,0,0.999465548143242,0.7556446334049558,False
Slc4a7,5,0,0,0.9098577082809391,0.7329527055190657,False
Slc4a8,3,0,0,0.9999106453149894,0.4064865189282669,False
Slc50a1,6,0,0,0.620855529625993,0.5266647825313928,False
Slc52a2,4,0,0,0.9997978488301602,0.5844908403459494,False
Slc5a10,1,0,0,,0.4934659601663632,False
Slc5a11,1,0,0,,0.3839624674655866,False
Slc5a3,6,0,0,0.1505507450489561,0.9279917578191306,False
Slc5a5,1,0,0,,0.208763324686054,False
Slc5a6,4,0,0,0.999465548143242,1.0799336181449628,False
Slc5a7,1,0,0,0.9999106453149894,0.4616760698615993,False
Slc6a1,4,1,1,0.0001075426804935,0.8704078883052853,True
Slc6a11,2,0,0,0.9988978288128184,0.2298018565409521,False
Slc6a20a,1,0,0,0.999465548143242,0.1889264728550428,False
Slc6a6,6,0,0,0.1202982406698404,1.2803041660218042,False
Slc6a8,6,0,0,0.4877156019849286,0.6795933967684556,False
Slc6a9,3,0,0,0.777245890589481,0.3799115965953026,False
Slc7a1,3,0,0,0.9997978488301602,0.3558649442653791,False
Slc7a10,3,0,0,0.9988978288128184,0.7620026794086439,False
Slc7a11,2,0,0,0.9988978288128184,0.2522397641585742,False
Slc7a14,1,0,0,,0.3384492583521361,False
Slc7a2,1,0,0,0.9988978288128184,0.2056769864054295,False
Slc7a3,1,0,0,0.9999106453149894,0.3475037117552298,False
Slc7a5,4,0,0,0.9997978488301602,0.407076607501256,False
Slc7a6,2,0,0,,0.3309570138064086,False
Slc7a6os,5,0,0,0.6603586966737383,0.6696393166560264,False
Slc7a7,1,0,0,0.897435817961038,0.1237235491752531,False
Slc7a8,2,0,0,0.6413297884463341,0.3611115463529501,False
Slc8a1,3,0,0,0.7646960510484726,0.3618673371533987,False
Slc8a2,1,0,0,0.9999106453149894,0.2342865876966468,False
Slc8a3,2,0,0,0.7747015316640691,0.4523546566240325,False
Slc8b1,3,0,0,0.9988978288128184,0.825290996705909,False
Slc9a1,5,0,0,0.9999106453149894,0.4812689245143215,False
Slc9a3r1,5,0,0,0.206228683955351,0.7409838754240007,False
Slc9a3r2,3,0,0,0.7757199885204046,0.3480908930444668,False
Slc9a6,5,0,0,0.6551194358239175,0.5498810261942887,False
Slc9a7,1,0,0,,0.3360781954147894,False
Slc9a8,3,0,0,,0.7586750772067165,False
Slc9a9,5,0,0,0.8069745676066327,0.3822830093455464,False
Slco1a4,3,0,0,0.999465548143242,1.1717421391684617,False
Slco1c1,3,0,0,0.9988978288128184,0.4087691065553788,False
Slco2b1,4,0,0,0.718267654824689,1.3856528359823324,False
Slco3a1,1,0,0,0.9616209532873972,0.065092973424972,False
Slco4a1,1,0,0,,0.153807114014137,False
Slf1,5,0,0,0.9017823756030476,0.5559774917362971,False
Slf2,5,0,0,0.6906436317043376,0.5957778867945872,False
Slfn2,3,1,1,0.0393888712116716,1.263279201331205,True
Slfn5,3,0,0,0.6314588403782433,1.3447096183994498,False
Slfn8,1,0,0,0.9970859418135292,0.0121300840260323,False
Slirp,6,0,0,0.5750880592069075,0.4710867638693893,False
Slit2,3,0,0,0.999465548143242,1.4644380982838132,False
Slitrk1,1,0,0,0.9999106453149894,0.3109412403579131,False
Slitrk2,2,0,0,0.9988978288128184,0.2497915844005164,False
Slitrk3,1,0,0,0.9999106453149894,0.0763217328174679,False
Slitrk4,1,0,0,0.9999106453149894,0.5198056055376885,False
Slitrk5,3,0,0,0.9999106453149894,0.4172442578114466,False
Slk,6,0,0,0.8082473626008431,0.2484588769551109,False
Slmap,6,0,0,0.3406001424276419,0.3991989102456511,False
Sltm,6,0,0,0.7468108637648934,0.2397706360799965,False
Slu7,6,0,0,0.9787375867142792,0.6112711199275661,False
Slx1b,5,0,0,0.9997978488301602,0.3756705673169976,False
Slx4,3,0,0,0.9999106453149894,0.5644604220607289,False
Slx4ip,3,0,0,0.9999106453149894,0.6966437601559613,False
Smad1,5,0,0,0.8402201583633553,0.4735316782744055,False
Smad2,6,0,0,0.999465548143242,0.7319405373567428,False
Smad3,3,0,0,0.9997978488301602,1.5511782129350773,False
Smad4,6,0,0,0.6644586706753683,0.5690602895815181,False
Smad5,5,0,0,0.9613872956381267,0.2319289928419584,False
Smad6,1,0,0,0.9997978488301602,0.7805099542466276,False
Smad7,5,0,0,0.1343686965683502,0.5193556276668958,False
Smad9,1,0,0,,0.0459955124275931,False
Smagp,3,0,0,0.998947809908267,0.4623170484081573,False
Smap1,7,0,0,0.8821421870956816,0.634981512190367,False
Smap2,7,0,0,0.1914458708839304,0.9077090656054772,False
Smarca1,2,0,0,0.9999106453149894,0.8916268476538922,False
Smarca2,6,1,1,0.0189371519381516,0.8300544072405981,True
Smarca4,6,0,0,0.439536757499856,0.4837804804564169,False
Smarca5,7,0,0,0.6335000454950772,0.5528072257091216,False
Smarcad1,6,0,0,0.3887228377424673,0.840039813854011,False
Smarcal1,4,0,0,0.9997978488301602,0.728303898787289,False
Smarcb1,6,0,0,0.9970554848778064,0.2104470446726984,False
Smarcc1,6,0,0,0.5546467309271519,0.6381257699585423,False
Smarcc2,6,0,0,0.9717856975932426,0.3252054343324506,False
Smarcd1,6,0,0,0.7612371439356139,0.3650450000188163,False
Smarcd2,4,0,0,0.9997978488301602,0.4778873271969392,False
Smarcd3,3,0,0,0.9999106453149894,0.5359945908927671,False
Smarce1,6,0,0,0.6910652943340995,0.5367677891212486,False
Smc1a,7,0,0,0.7949725240749512,0.2835162996859076,False
Smc2,5,0,0,0.9997978488301602,0.5200688504832016,False
Smc3,6,0,0,0.8082473626008431,0.2128687303281631,False
Smc4,5,0,0,0.7671827108007256,0.4475102101785216,False
Smc5,6,0,0,0.9945772554514034,0.3307508889375497,False
Smc6,6,0,0,0.9375010146418976,0.3359257403670057,False
Smchd1,7,0,0,0.8552689786971891,0.4560841471356101,False
Smco3,1,0,0,0.850265687861059,0.1577989821019328,False
Smco4,4,0,0,0.999465548143242,1.1619267234217605,False
Smcr8,2,0,0,,0.1738426944689552,False
Smdt1,7,0,0,0.9693377484700088,0.4461640677814382,False
Smg1,5,0,0,0.7535732945338005,0.5619498712188706,False
Smg5,5,0,0,0.8395686305611657,0.4971248507242686,False
Smg6,6,0,0,0.92857788673395,0.3033345395025152,False
Smg7,6,0,0,0.9550624901828332,0.5186531890018075,False
Smg8,3,0,0,,0.5595115588953657,False
Smg9,5,0,0,0.8352323247011454,0.4084783329831545,False
Smim1,5,0,0,0.474800055625751,1.1664572024952982,False
Smim10l1,6,0,0,0.4615479488042001,0.386339032057627,False
Smim10l2a,1,0,0,,0.1934715203878768,False
Smim11,6,0,0,0.4023935921033492,0.4850791334184297,False
Smim12,6,0,0,0.7671827108007256,0.320133015334127,False
Smim13,5,0,0,0.1873014690770843,0.5458334843222474,False
Smim14,7,0,0,0.8496976767411729,0.3441672495800865,False
Smim15,6,0,0,0.283939868701541,0.4993489969175675,False
Smim19,6,0,0,0.8818650673896277,0.9807261791931944,False
Smim20,6,0,0,0.9409257914200232,0.647025711540722,False
Smim22,1,0,0,0.999465548143242,0.054809817205349,False
Smim24,1,0,0,,0.7828019296297455,False
Smim26,6,0,0,0.977017223345402,0.3754061657275415,False
Smim27,7,0,0,0.9613872956381267,1.1316135500715685,False
Smim3,2,0,0,,0.7590157462061956,False
Smim4,6,0,0,0.7949725240749512,0.3730977076871096,False
Smim5,1,0,0,0.999465548143242,0.4145551845432148,False
Smim7,7,0,0,0.8272753004925326,0.5276228198113913,False
Smim8,6,0,0,0.9613872956381267,0.508804716057516,False
Smn1,6,0,0,0.9771941538254924,0.3618700638391156,False
Smndc1,6,0,0,0.8402201583633553,0.1930168709920317,False
Smo,4,0,0,0.9988978288128184,0.4646974926722417,False
Smoc1,3,0,0,0.9999106453149894,0.5128211617787494,False
Smox,5,0,0,0.7326519149449005,0.7278175953421868,False
Smpd1,6,0,0,0.9771941538254924,0.8888930528777351,False
Smpd2,6,0,0,0.9988978288128184,0.7975934760148742,False
Smpd3,3,0,0,0.9469479220338796,0.3931381521259084,False
Smpd4,5,0,0,0.9997978488301602,0.4589234131274384,False
Smpd5,1,0,0,,0.5229201456350883,False
Smpdl3a,6,0,0,0.9988978288128184,0.5444696470013916,False
Smpdl3b,2,0,0,,0.8995017915243297,False
Sms,6,0,0,0.999465548143242,0.6066086864904222,False
Smtn,2,0,0,0.9997978488301602,0.607962623009146,False
Smtnl2,1,0,0,,1.912628948449376,False
Smu1,6,0,0,0.7226407525629764,0.2929972280184278,False
Smug1,3,0,0,,0.4848025397148142,False
Smurf1,4,0,0,0.9997978488301602,0.4554010441950632,False
Smurf2,5,0,0,0.0999356977949428,0.7312137865493603,False
Smyd2,4,0,0,0.9997978488301602,1.0581558842671606,False
Smyd3,4,0,0,0.9999106453149894,0.4331369629554665,False
Smyd4,4,0,0,,0.8855771172449983,False
Smyd5,2,0,0,,0.7327706526321904,False
Snai2,1,0,0,0.9997978488301602,0.6016178780185386,False
Snap23,7,0,0,0.9603469151708518,0.6459774482761891,False
Snap25,3,0,0,0.9999106453149894,0.5406894546722472,False
Snap29,6,0,0,0.9784212791584648,1.1952374903306198,False
Snap47,6,0,0,0.9843659963471024,0.4140941152218687,False
Snap91,3,0,0,0.999465548143242,0.7171290416301955,False
Snapc1,6,0,0,0.8781770920570142,0.3972756363291127,False
Snapc2,6,0,0,0.999465548143242,0.6693474868838434,False
Snapc3,5,0,0,0.9423911364833784,0.5501850163512375,False
Snapc4,2,0,0,,0.3943043974421439,False
Snapc5,7,0,0,0.9827123849102,0.3854191681439237,False
Snapin,6,0,0,0.9613872956381267,0.3208526949080164,False
Snca,2,0,0,0.8302484119028898,0.3984316016119688,False
Sncaip,1,0,0,,0.0696163478288142,False
Sncb,1,0,0,0.9999106453149894,0.1642179786084781,False
Sncg,2,0,0,0.999465548143242,0.4978048767705455,False
Snd1,6,0,0,0.9926237465626456,0.8232047927442179,False
Sned1,3,0,0,,0.265422425428067,False
Snf8,7,0,0,0.9784212791584648,0.2824718437125482,False
Snhg1,6,0,0,0.7997160658979882,0.2592760520985102,False
Snhg10,2,0,0,0.999465548143242,1.541722674314272,False
Snhg11,3,0,0,0.9999106453149894,1.249454849290689,False
Snhg12,6,0,0,0.9562120844204725,0.3601738619438371,False
Snhg14,3,0,0,0.9550624901828332,0.3288186302295184,False
Snhg15,2,0,0,,0.5939007417008905,False
Snhg16,2,0,0,,0.7777050563855906,False
Snhg17,3,0,0,,0.2166888662432793,False
Snhg18,4,0,0,0.999465548143242,0.5461222431593952,False
Snhg20,5,0,0,0.9771941538254924,0.3069690091224639,False
Snhg3,6,0,0,0.2906136762363483,0.592429032243323,False
Snhg4,3,0,0,,0.9021065901921288,False
Snhg5,4,0,0,0.8879952449432693,0.6612629202298238,False
Snhg6,6,0,0,0.977017223345402,0.6061625134674836,False
Snhg7os,1,0,0,0.999465548143242,0.4068792272573498,False
Snhg8,7,0,0,0.2956580133816455,0.4909449255242708,False
Snhg9,6,0,0,0.608738350358161,0.6205602366060813,False
Snip1,3,0,0,,0.4072403177301106,False
Snn,6,0,0,0.8304796525639428,0.517123262933106,False
Snph,1,0,0,,0.306205633196227,False
Snrk,6,0,0,0.5700728105358812,0.4023943103384781,False
Snrnp200,6,0,0,0.9731194262592744,0.2179221834978335,False
Snrnp25,6,0,0,0.999465548143242,0.7647013716069134,False
Snrnp27,7,0,0,0.6992050395393952,1.2111786217937213,False
Snrnp35,3,0,0,0.999465548143242,0.4099961375143197,False
Snrnp40,6,0,0,0.9964537663537476,0.4020982625319553,False
Snrnp48,6,0,0,0.9035347227182712,0.3528151107529728,False
Snrnp70,7,0,0,0.2622400009983333,0.5025308970760719,False
Snrpa,6,0,0,0.9373043051280254,0.4457270147693916,False
Snrpa1,6,0,0,0.9613872956381267,0.4955235244047519,False
Snrpb,7,0,0,0.7949725240749512,0.4020786666465702,False
Snrpb2,7,0,0,0.9613872956381267,0.6928225249943437,False
Snrpc,6,0,0,0.9771958735378466,0.5649794012600264,False
Snrpd1,7,0,0,0.9795291385116774,0.3615897854618791,False
Snrpd2,7,0,0,0.958768215775804,0.2010779152746978,False
Snrpd3,7,0,0,0.6599665827499437,0.2561281303260049,False
Snrpe,7,0,0,0.9446358271558832,0.4595684691947678,False
Snrpf,7,0,0,0.9409257914200232,0.6900033471977192,False
Snrpg,7,0,0,0.9613872956381267,0.1970354354008288,False
Snrpn,6,0,0,0.8667737457308301,0.6159859354945515,False
Snta1,4,0,0,0.8568798139570732,1.0604196944551918,False
Sntb1,1,0,0,0.999465548143242,0.3312880213831607,False
Sntb2,3,0,0,0.999465548143242,0.403995283757312,False
Sntg1,1,0,0,0.9999106453149894,0.0267189225520454,False
Snu13,7,0,0,0.8667737457308301,0.2729846668753306,False
Snupn,6,0,0,0.8613731519168618,0.4692597414487458,False
Snw1,7,0,0,0.620051648385089,0.251392076223539,False
Snx1,6,0,0,0.8933593320197283,0.3760054996844594,False
Snx10,5,0,0,0.6981130455055389,0.6499311234694397,False
Snx11,4,0,0,0.9997978488301602,0.5935170915132315,False
Snx12,6,0,0,0.999465548143242,0.4740595110467148,False
Snx13,5,0,0,0.3528482971563773,0.665702236579962,False
Snx14,5,0,0,0.8667737457308301,0.5226616758623285,False
Snx15,6,0,0,0.987072962270334,0.3147475663244817,False
Snx16,5,0,0,0.9741650859559596,0.678676180431591,False
Snx17,7,0,0,0.5093041739428436,0.4081675288250925,False
Snx18,7,0,0,0.5628438977412534,0.5529828168943293,False
Snx19,4,0,0,0.9997978488301602,0.3628430456861997,False
Snx2,7,0,0,0.4332616437545639,0.5890004577211775,False
Snx20,1,0,0,0.9912991289276556,0.0201873019818178,False
Snx21,5,0,0,0.6338232438748905,0.5085813608747878,False
Snx22,2,0,0,0.9999106453149894,1.1127765201937558,False
Snx24,6,0,0,0.8809255775302922,0.4513869243351548,False
Snx25,4,0,0,0.9999106453149894,0.6139519368135703,False
Snx27,6,0,0,0.773122613881827,0.411736751586856,False
Snx29,4,0,0,0.9142060145377696,0.7865982806784839,False
Snx3,7,0,0,0.9923104852961409,0.2338877474223364,False
Snx30,3,0,0,0.9550624901828332,0.6839064983373051,False
Snx32,6,0,0,0.8767627648475128,1.0367130651620562,False
Snx33,2,0,0,0.6964166269078438,0.3471012845132762,False
Snx4,6,0,0,0.6297420553079216,0.5134120666904507,False
Snx5,7,0,0,0.9926237465626456,0.3151285550800622,False
Snx6,7,0,0,0.6406616584581629,0.3629294236379419,False
Snx7,5,0,0,0.999465548143242,0.9839335377250612,False
Snx8,3,0,0,0.998947809908267,0.4828573279693668,False
Snx9,6,0,0,0.6515618941858704,0.4294224454508457,False
Soat1,6,0,0,0.4620052455750172,1.1330500817978395,False
Sobp,4,0,0,0.9997978488301602,0.8032963833681301,False
Socs1,1,0,0,,0.5962838422602561,False
Socs2,2,0,0,0.999465548143242,1.9130767006864065,False
Socs3,5,1,1,0.0058458940675729,1.8651930248851627,True
Socs4,5,0,0,0.9614961848933092,0.6898666511675579,False
Socs5,5,0,0,0.7439480729467459,1.5019120744148646,False
Socs6,6,0,0,0.1114768519532489,0.8023202487704131,False
Socs7,5,0,0,0.9997978488301602,0.3658373672978063,False
Sod1,7,0,0,0.8625385560338821,0.4553899962800831,False
Sod2,6,0,0,0.8058406872380226,0.2416118865526201,False
Sod3,2,0,0,0.999465548143242,0.6059190019786568,False
Soga1,3,0,0,0.8086142754626554,0.2500992129340351,False
Soga3,3,0,0,0.7787626044774035,0.2538630648060903,False
Son,7,0,0,0.18413590143323,0.2966871931124001,False
Sorbs1,5,0,0,0.9988978288128184,0.5508036223687188,False
Sorbs2,4,0,0,0.999465548143242,0.2965460384596651,False
Sorbs3,4,0,0,0.9613872956381267,0.9008128814773004,False
Sorcs1,2,0,0,0.9017823756030476,0.1751559487621533,False
Sorcs2,1,0,0,0.9988978288128184,0.0890024225920748,False
Sorcs3,2,0,0,0.9999106453149894,0.4421170690629204,False
Sord,3,0,0,0.999465548143242,0.1867358480416213,False
Sorl1,3,0,0,0.2506522804772897,0.5088182487235211,False
Sort1,5,1,1,2.2335147826687955e-05,1.5757377822744938,True
Sos1,5,0,0,0.426626405263034,0.6272096820883871,False
Sos2,6,0,0,0.3306844655500149,0.543699530014674,False
Sostdc1,1,0,0,0.999465548143242,0.1939916001919109,False
Sowaha,2,0,0,0.9999106453149894,0.5628118681269642,False
Sowahc,5,0,0,0.4865892404085247,1.2590879935529045,False
Sox1,1,0,0,0.9988978288128184,0.0780403145196393,False
Sox10,2,0,0,0.9410987705200488,0.07109119384956,False
Sox11,2,0,0,0.9999106453149894,0.5635126945418433,False
Sox12,3,0,0,0.9999106453149894,0.7806038161189872,False
Sox13,2,0,0,0.9997978488301602,0.2562700899547844,False
Sox17,1,0,0,0.9997978488301602,0.1965611720412141,False
Sox18,1,0,0,0.9997978488301602,0.0573965731900648,False
Sox1ot,1,0,0,,0.098421396965224,False
Sox2,4,0,0,0.8402201583633553,0.1952578033147624,False
Sox21,2,0,0,0.9988978288128184,0.1588084260077906,False
Sox2ot,3,1,1,0.0457946560935956,0.4174168423746124,True
Sox3,1,0,0,0.9999106453149894,0.4605020539464691,False
Sox4,5,0,0,0.9070647896477066,0.3949393831125516,False
Sox5,3,0,0,0.9988978288128184,0.3684646539929149,False
Sox6,2,0,0,0.9988978288128184,0.3229100645099182,False
Sox7,1,0,0,0.9997978488301602,0.2207439065019327,False
Sox8,3,0,0,0.9771941538254924,0.1292134481618153,False
Sox9,3,0,0,0.9988978288128184,0.5786345403357305,False
Sp1,5,0,0,0.7644675996000637,0.2358411003844507,False
Sp100,2,0,0,0.9997978488301602,0.8567277407617894,False
Sp110,2,0,0,0.6125964417721538,0.5439593723934641,False
Sp140,2,0,0,0.9997978488301602,0.3456903991853269,False
Sp2,4,0,0,0.9885204868030568,0.8280724993696147,False
Sp3,6,0,0,0.9544266184864936,0.5182366512049291,False
Sp3os,6,0,0,0.8141524390562918,1.1150000652521592,False
Sp4,6,0,0,0.8361316425588403,0.3102377776908867,False
Sp7,1,0,0,,0.2892134799378946,False
Spa17,2,0,0,0.999465548143242,0.6347289077189588,False
Spaar,2,0,0,0.9997978488301602,0.6098851855729535,False
Spaca6,5,0,0,0.9997978488301602,0.3727066221017125,False
Spaca9,1,0,0,0.999465548143242,0.1408744308383542,False
Spag1,2,0,0,,0.0912164687132164,False
Spag16,1,0,0,0.999465548143242,0.0998592199763679,False
Spag5,1,0,0,,0.3012155413925611,False
Spag6l,1,0,0,0.999465548143242,0.5786819475371372,False
Spag7,6,0,0,0.9656780974342264,0.2573560393167738,False
Spag9,7,0,0,0.7392045953552276,0.4124527006049486,False
Sparc,7,2,2,3.860456787336588e-09,1.3334177781408467,True
Sparcl1,6,0,0,0.9734588820402756,1.2383555610413182,False
Spast,6,0,0,0.3056362369027543,0.5662185107685174,False
Spata1,2,0,0,,0.1208302906031594,False
Spata13,5,0,0,0.6255909427294044,1.0653830966925482,False
Spata18,1,0,0,0.999465548143242,0.822250714873257,False
Spata2,4,0,0,0.8667737457308301,0.5230643604702999,False
Spata24,4,0,0,0.999465548143242,0.5481729460218582,False
Spata2l,2,0,0,,0.8196596562094937,False
Spata31d1a,1,0,0,,0.3610683177959964,False
Spata33,1,0,0,0.999465548143242,0.1830306690630025,False
Spata5,2,0,0,,0.3067232774161257,False
Spata6,5,0,0,0.999465548143242,0.4710491023000671,False
Spata7,6,0,0,0.999465548143242,0.7455671229540536,False
Spats1,2,0,0,,0.6137086528596889,False
Spats2,4,0,0,0.9997978488301602,0.2757307826437342,False
Spats2l,4,0,0,0.999465548143242,0.8175844997067498,False
Spc24,1,0,0,,0.3736534241646809,False
Spcs1,7,0,0,0.9523867509305338,0.6671149452725935,False
Spcs2,7,0,0,0.4461105570731499,0.2605913804287457,False
Spcs3,5,0,0,0.5643419315878435,0.6388767835248568,False
Specc1,4,0,0,0.1240998224041223,0.472866250042814,False
Specc1l,6,0,0,0.8256351240098034,0.545263258637716,False
Spef1,2,0,0,0.999465548143242,0.5605389599689585,False
Spef2,2,0,0,0.999465548143242,0.539430589362961,False
Speg,3,0,0,0.999465548143242,0.745782208391783,False
Spen,5,0,0,0.8667737457308301,0.596047388054139,False
Spg11,3,0,0,,0.4803916148908306,False
Spg20,6,0,0,0.1949667430997806,1.0549383672426864,False
Spg21,6,0,0,0.5786391979427624,0.3981401711782881,False
Spg7,6,0,0,0.9918882510064204,0.2731633384146079,False
Sphk2,6,0,0,0.8904498303611323,0.4343805160144114,False
Spi1,2,0,0,0.9375010146418976,0.2281269565954986,False
Spice1,3,0,0,0.9908063682689148,0.4933105051031927,False
Spidr,4,0,0,0.9997978488301602,0.5828982956706106,False
Spin1,6,0,0,0.999465548143242,0.137933712849669,False
Spin4,1,0,0,,0.0971128773373312,False
Spindoc,3,0,0,0.9997978488301602,0.5898671284872207,False
Spink10,1,0,0,,0.6024066713498153,False
Spint1,1,0,0,0.1106614705510536,0.584261443187612,False
Spint2,1,0,0,0.999465548143242,0.6916463051782267,False
Spire1,5,0,0,0.7870975509825101,0.8966511409971845,False
Spns1,5,0,0,0.8879952449432693,0.9663005361573176,False
Spns2,3,0,0,0.8858569656527041,0.6344319646392937,False
Spns3,1,0,0,,0.5064109568383954,False
Spock1,2,0,0,0.7668353974070197,0.2346144240131144,False
Spock2,5,0,0,0.9997978488301602,1.2254133780311045,False
Spock3,1,1,1,0.0365080935838208,0.5152743682418066,True
Spon1,2,0,0,0.9988978288128184,0.6196669539651725,False
Spop,7,0,0,0.8718050163204013,0.3654315406225879,False
Spopl,6,0,0,0.8297939907804978,0.9886418349417856,False
Spout1,4,0,0,0.9867318244790833,0.2672986385511842,False
Spp1,1,0,0,,3.143808440643729,False
Sppl2a,7,0,0,0.2176051564071517,0.5797455822738142,False
Sppl2b,5,0,0,0.9858758201907368,0.6643608414961675,False
Sppl3,5,0,0,0.8665766321150157,0.4777018036225442,False
Spr,6,0,0,0.09432459912412,0.6649425647998476,False
Spred1,7,0,0,0.2500588841184687,0.6769067594282234,False
Spred2,6,0,0,0.999465548143242,0.4285122763055502,False
Spred3,2,0,0,0.9999106453149894,0.6763755946334521,False
Sprn,1,0,0,0.9999106453149894,0.4521386989629676,False
Sprtn,3,0,0,,0.5245955778891322,False
Spry1,5,0,0,0.5093041739428436,1.1590893476874815,False
Spry2,5,0,0,0.4637993171659004,0.6669426328376203,False
Spry4,2,0,0,0.9999106453149894,0.6136181570448462,False
Spryd3,5,0,0,0.999465548143242,0.2037986753058503,False
Spryd4,2,0,0,,0.3986680315723859,False
Spryd7,6,0,0,0.5086811856719438,0.8370226236078425,False
Spsb1,5,0,0,0.9489591940169484,0.8122075328116428,False
Spsb2,5,0,0,0.999465548143242,0.3676322512346412,False
Spsb3,6,0,0,0.959262122655081,0.6209467062038347,False
Spsb4,2,0,0,0.9999106453149894,0.8147175256022771,False
Sptan1,6,0,0,0.876292144009985,1.1077666937238115,False
Sptbn1,6,0,0,0.8893141290103717,0.7574051892233147,False
Sptbn2,1,0,0,0.9999106453149894,0.4396537457427577,False
Sptlc1,5,0,0,0.9333672193684552,0.5035171972872138,False
Sptlc2,5,0,0,0.8666526310567575,0.3629344899157343,False
Sptssa,7,0,0,0.8521628337851891,0.2387398347038178,False
Spty2d1,6,0,0,0.6496164198274861,1.034390837449022,False
Sqle,4,0,0,0.6750759744297761,1.2913376271452406,False
Sqor,5,1,1,0.0366693237788147,0.6776370149506884,True
Sqstm1,7,0,0,0.8006884308124118,0.1812243405017802,False
Sra1,6,0,0,0.9761340426509554,0.4828492052262952,False
Srarp,1,0,0,0.9997978488301602,0.0002258900553005,False
Srbd1,5,0,0,0.9423911364833784,0.7719987104035162,False
Src,5,0,0,0.9988978288128184,0.3951012843146682,False
Srcap,5,0,0,0.9550624901828332,0.2200730511722412,False
Srcin1,1,0,0,0.8611812280648714,0.1351594974312386,False
Srd5a1,1,0,0,0.9613872956381267,0.0823846165482535,False
Srd5a3,5,0,0,0.5467331182469379,0.5723856935721072,False
Srebf1,5,0,0,0.2614732832076462,0.5563841895275513,False
Srebf2,6,0,0,0.987856211944101,0.3208818337141224,False
Srek1,6,0,0,0.2560776474148133,0.6970881461428404,False
Srek1ip1,6,0,0,0.8666526310567575,0.2682676740495524,False
Srf,3,0,0,,0.5655597218535342,False
Srfbp1,5,0,0,0.955962244835765,0.4559071597456604,False
Srgap1,4,0,0,0.6557891400875095,0.6840518670570873,False
Srgap2,6,0,0,0.3528482971563773,0.3157332287044755,False
Srgap3,5,0,0,0.571033276243085,0.5158971490929876,False
Srgn,3,0,0,0.7301644375255361,0.2680273502523763,False
Sri,7,0,0,0.8043924385906485,0.4903814630122855,False
Srm,6,0,0,0.3596293355496885,0.8185952000189677,False
Srp14,7,0,0,0.7893120936438636,0.2433276629722307,False
Srp19,7,0,0,0.97364295743962,0.6402452063208384,False
Srp54a,6,0,0,0.8667737457308301,1.491109196100567,False
Srp54c,1,0,0,,0.6512932530928242,False
Srp68,6,0,0,0.943812466684493,0.7385386302678835,False
Srp72,7,0,0,0.9467762614591037,0.3155966811959186,False
Srp9,7,0,0,0.9404775393398062,0.2027613612071571,False
Srpk1,6,0,0,0.6644586706753683,0.3773400495579553,False
Srpk2,6,0,0,0.9208018170938068,0.2420737092606953,False
Srpk3,2,0,0,0.7355858538734964,0.3896279109249617,False
Srpr,6,0,0,0.9055668931319788,0.1932294665955948,False
Srprb,5,0,0,0.9904469851238652,0.3286702145691767,False
Srr,6,0,0,0.999465548143242,0.71654663312683,False
Srrd,5,0,0,0.9999106453149894,0.6418820656706353,False
Srrm1,7,0,0,0.6798400040359077,0.4004302018989045,False
Srrm2,7,0,0,0.4988901925016831,0.2467688515265686,False
Srrm3,1,0,0,0.9999106453149894,0.0789873618584083,False
Srrt,6,0,0,0.9050496600960076,0.440767369876453,False
Srsf1,6,0,0,0.355657671428965,0.8593604372057946,False
Srsf10,7,0,0,0.9946189224594264,0.4268662871895455,False
Srsf11,7,0,0,0.8095466258412284,0.2536057738699555,False
Srsf12,1,0,0,,1.336420406556054,False
Srsf2,7,1,1,0.0049282123986357,0.6585279136812581,True
Srsf3,7,0,0,0.83324841829051,0.3299875173732597,False
Srsf4,6,0,0,0.97364295743962,0.3579323019819996,False
Srsf5,7,0,0,0.5097384719041146,0.3248801455897442,False
Srsf6,7,0,0,0.9503681944989284,0.2738259164456639,False
Srsf7,7,0,0,0.6332668696183587,0.2530117920695415,False
Srsf9,7,0,0,0.9603469151708518,0.5751886300986142,False
Srxn1,3,0,0,,0.3193037215738407,False
Ss18,6,0,0,0.6693136569874559,0.3145706221555117,False
Ss18l1,2,0,0,,0.3046740625590403,False
Ss18l2,6,1,1,0.0435073981529269,0.5406850150557062,True
Ssb,7,0,0,0.8992872603476387,0.1956656550660669,False
Ssbp1,7,0,0,0.7155706385760887,0.5545326087817517,False
Ssbp2,6,0,0,0.7495319004300321,0.9666776138744516,False
Ssbp3,6,0,0,0.2248026829969957,0.6399561505225415,False
Ssbp4,7,0,0,0.5097348830948353,1.1905378993651083,False
Ssh1,5,0,0,0.9997978488301602,0.4427948860581592,False
Ssh2,6,0,0,0.8809255775302922,0.6708871470348523,False
Ssh3,2,0,0,,0.1925106458558579,False
Ssna1,6,0,0,0.7422554867253202,0.3324160974171122,False
Sspn,3,0,0,0.9333672193684552,0.7988354750445544,False
Sspo,1,0,0,,0.4680179545790606,False
Ssr1,7,0,0,0.439536757499856,0.3097671993565308,False
Ssr2,5,0,0,0.6664564489374847,0.3112873690181532,False
Ssr3,7,0,0,0.2390836728384205,0.597591850924275,False
Ssr4,7,0,0,0.8661790393881573,0.2430251606282727,False
Ssrp1,6,0,0,0.6851516237795443,0.3926056808759492,False
Sstr1,1,0,0,0.9999106453149894,0.0770331447614268,False
Ssu72,7,0,0,0.8098104630732278,0.2436841065255806,False
Ssx2ip,6,0,0,0.999465548143242,0.6880975011570867,False
St13,7,1,1,0.0155001834906601,0.4987543835545181,True
St14,1,0,0,,0.5381929021664276,False
St18,1,0,0,0.074344285750615,0.5076111759445843,False
St3gal1,2,0,0,0.9997978488301602,0.1151764193133388,False
St3gal2,6,0,0,0.999465548143242,0.9882171812400996,False
St3gal3,2,1,1,0.0036953781411581,1.3183166971918774,True
St3gal4,3,0,0,0.9705682900236324,0.4023809097796335,False
St3gal5,6,0,0,0.5922694508789893,0.3517406755165637,False
St3gal6,6,0,0,0.970685897858647,0.6468092458874974,False
St5,5,0,0,0.999465548143242,0.3373962925526637,False
St6gal1,5,0,0,0.6672917496546212,0.6208443390996812,False
St6gal2,1,0,0,0.9999106453149894,0.719464888475337,False
St6galnac2,2,0,0,0.999465548143242,0.3040625216887773,False
St6galnac3,3,0,0,0.0813998672531354,1.2734817145225763,False
St6galnac4,4,0,0,0.9935083598799612,1.184549185287661,False
St6galnac5,1,0,0,0.9988978288128184,0.2621738251703035,False
St6galnac6,6,0,0,0.999465548143242,1.2210801613854234,False
St7,4,0,0,0.9999106453149894,0.6164239992534468,False
St7l,5,0,0,0.8781770920570142,0.2525120807462577,False
St8sia1,1,0,0,0.9999106453149894,0.4589596873632147,False
St8sia3,1,0,0,0.9999106453149894,0.3599758560409549,False
St8sia4,4,0,0,0.998947809908267,1.070850000770208,False
St8sia5,1,0,0,,0.5545080860970883,False
St8sia6,2,0,0,0.9997978488301602,0.7283838619962941,False
Stab1,3,0,0,0.1006916451403963,0.5343954550440786,False
Stag1,6,0,0,0.6992050395393952,0.5570160889244818,False
Stag2,7,1,1,0.0133767337222811,0.7471730712407278,True
Stam,5,0,0,0.6171621237885433,0.7902837604185509,False
Stam2,6,0,0,0.754159700000924,1.0514141460308264,False
Stambp,6,0,0,0.8352323247011454,0.4730849222856366,False
Stambpl1,3,0,0,0.9999106453149894,0.2133138463349787,False
Stamos,1,0,0,,0.4275638741392632,False
Stap1,1,0,0,0.998947809908267,1.1104431271366784,False
Stap2,1,0,0,0.9997978488301602,0.0980392918631053,False
Stard10,5,0,0,0.4496273340952428,0.6544979950334926,False
Stard13,4,0,0,0.8617306472084703,1.3129265156399057,False
Stard3,5,0,0,0.8473236203158974,0.5645961773002953,False
Stard3nl,7,0,0,0.8619140857255672,0.5525729745944645,False
Stard4,3,0,0,0.9997978488301602,0.6195000090046981,False
Stard5,4,0,0,,1.2181186492328595,False
Stard7,6,0,0,0.7870975509825101,0.2962990283550078,False
Stard8,4,0,0,0.998947809908267,0.6843457581887068,False
Stard9,5,0,0,0.718267654824689,0.5652342335634973,False
Stat1,5,0,0,0.9867318244790833,1.469185988663953,False
Stat2,4,0,0,0.9997978488301602,0.47197082391771,False
Stat3,7,0,0,0.6799950726503133,0.3512105612119941,False
Stat5a,1,0,0,,0.2298818488862249,False
Stat5b,5,0,0,0.9997978488301602,0.3795556250368208,False
Stat6,3,0,0,0.969206275507647,0.4570592407827114,False
Stau1,6,0,0,0.7001253283821124,0.7085707776165189,False
Stau2,5,0,0,0.999465548143242,0.3759045449545066,False
Stbd1,1,0,0,,0.1005642150389121,False
Steap1,1,0,0,0.999465548143242,0.6018150862130667,False
Steap2,3,0,0,0.999465548143242,0.5306403960153424,False
Steap3,2,0,0,0.9997978488301602,0.6676183307546885,False
Stim1,6,0,0,0.7439480729467459,0.4791310911309985,False
Stim2,6,0,0,0.7873628297365133,0.5232345490727817,False
Stimate,4,0,0,0.9923104852961409,0.1774775654401747,False
Stip1,6,0,0,0.8794294411354227,0.2998634384638488,False
Stk10,2,0,0,0.8688126214191337,1.6845558374325815,False
Stk11,6,0,0,0.829388260330224,0.2643783724256681,False
Stk11ip,2,0,0,,0.0974099907355315,False
Stk16,6,0,0,0.9784212791584648,0.4957471490951508,False
Stk17b,5,0,0,0.708514335302556,0.752298897340922,False
Stk19,6,0,0,0.999465548143242,0.4570845186040053,False
Stk24,6,0,0,0.9644314079198152,0.465576335595683,False
Stk25,6,0,0,0.994719010761648,0.2900090113563419,False
Stk26,1,0,0,,0.2681274285070943,False
Stk3,6,0,0,0.999465548143242,0.8292336887230368,False
Stk32a,1,0,0,0.9999106453149894,0.0704931543589977,False
Stk35,3,0,0,,0.918923537107728,False
Stk38,6,0,0,0.998717048431168,0.1097939041784328,False
Stk38l,4,0,0,0.9997978488301602,0.5329216074198349,False
Stk39,5,0,0,0.9717856975932426,0.4208654776534176,False
Stk4,6,0,0,0.9636847167956676,0.4547611481444595,False
Stk40,4,0,0,0.9997978488301602,0.5048203563012926,False
Stmn1,7,0,0,0.4032831396490069,0.4133790400078485,False
Stmn2,1,0,0,0.9997978488301602,0.8006593451490451,False
Stmn3,3,0,0,0.2536998942889868,0.8386870158613106,False
Stmn4,3,0,0,0.9333672193684552,0.2074077012892715,False
Stn1,3,0,0,,0.2753216740960825,False
Stom,2,0,0,0.9997978488301602,0.2052662326405352,False
Stoml1,5,0,0,0.9999106453149894,0.4134934411305834,False
Stoml2,6,0,0,0.9603469151708518,0.4247283648792031,False
Ston2,4,0,0,0.2733989453007747,1.173088216766912,False
Stox1,1,0,0,,0.3433753138457414,False
Stox2,4,0,0,0.4455928012475373,0.3031300119251946,False
Stra6,2,0,0,0.11913697296552,0.8538924062717523,False
Strada,3,0,0,,1.0271047735153147,False
Stradb,5,0,0,0.9999106453149894,0.582267187751035,False
Strap,6,0,0,0.96438277861516,0.4359208688270899,False
Strbp,6,0,0,0.8992872603476387,0.3507407055613016,False
Strip1,5,0,0,0.9997978488301602,0.4143480920256014,False
Strip2,1,0,0,0.999465548143242,1.0091358278413876,False
Strn,6,0,0,0.4502070037907559,1.420403128768103,False
Strn3,7,0,0,0.7072030936363198,1.125693855438678,False
Strn4,6,0,0,0.9971230182955928,0.1262949587349103,False
Stt3a,7,0,0,0.9587448808812106,0.3102936299440419,False
Stt3b,5,0,0,0.9913226326328984,0.4216755021660019,False
Stub1,7,0,0,0.1846821590042208,1.0128979791946944,False
Stx12,6,0,0,0.9463003004555016,0.5735917390319223,False
Stx16,5,0,0,0.8046880801865685,0.2214211728124042,False
Stx17,5,0,0,0.9235234228535996,0.2344396772110471,False
Stx18,6,0,0,0.9613872956381267,0.8404328056034555,False
Stx1a,1,0,0,0.9997978488301602,0.293712108053571,False
Stx1b,3,0,0,0.9999106453149894,0.084300171505509,False
Stx2,4,0,0,0.9771941538254924,0.3403255915256805,False
Stx3,2,0,0,0.999465548143242,0.2045142885110511,False
Stx4a,6,0,0,0.8821889053217825,0.2954546920728176,False
Stx5a,6,0,0,0.6603586966737383,0.3475624610758909,False
Stx6,6,0,0,0.9560989790242568,0.2519101890333835,False
Stx7,7,0,0,0.570720857490917,0.3827351667102514,False
Stx8,6,0,0,0.9932527654424816,0.5399291399206249,False
Stxbp1,6,0,0,0.999465548143242,1.8744439612836776,False
Stxbp2,3,0,0,0.999465548143242,0.6344280150520304,False
Stxbp3,7,0,0,0.181826732718409,0.3759110419609814,False
Stxbp4,5,0,0,0.999465548143242,1.4088271599933038,False
Stxbp5,5,0,0,0.9997978488301602,0.319105624530872,False
Stxbp5l,1,0,0,0.9999106453149894,0.1863740475876903,False
Stxbp6,5,0,0,0.8561572451790562,0.6471519045702471,False
Styx,5,0,0,0.9613872956381267,0.5146044324373032,False
Sub1,7,0,0,0.8416824152986582,0.2538102280635149,False
Sucla2,6,0,0,0.977017223345402,0.2820990290838486,False
Suclg1,6,0,0,0.755190030814702,0.4458512899007233,False
Suclg2,5,0,0,0.9489591940169484,0.3652773966181323,False
Suco,5,0,0,0.9772420733399642,0.5521811332409675,False
Suds3,6,0,0,0.9856274657602248,0.3512831002992678,False
Sufu,4,0,0,0.9997978488301602,0.3033050949824785,False
Sugct,2,0,0,0.999465548143242,0.4576199358563007,False
Sugp1,6,0,0,0.5989680877797672,0.6691470326783986,False
Sugp2,5,0,0,0.7086554640322857,0.4794610014170037,False
Sugt1,7,0,0,0.8130255844802706,0.2094542410485798,False
Sulf1,2,0,0,0.999465548143242,0.6820940682300282,False
Sulf2,3,0,0,0.97714218428337,0.2678520112293541,False
Sult1a1,5,2,2,9.991172905613236e-05,1.8956221098488928,True
Sult1c1,1,0,0,0.999465548143242,0.6395069450331148,False
Sult1c2,1,0,0,0.999465548143242,0.8847148143632746,False
Sumf1,4,0,0,0.9997978488301602,0.1373652134438038,False
Sumf2,5,0,0,0.9997978488301602,0.1584195661129568,False
Sumo1,7,0,0,0.9602485219048852,0.5602222646085214,False
Sumo2,7,0,0,0.5238942634355689,0.3170367786415413,False
Sumo3,6,0,0,0.3253264496579915,0.600412759649084,False
Sun1,5,0,0,0.9550624901828332,0.56972887644326,False
Sun2,4,0,0,0.5252229361052657,0.5039792009852255,False
Suox,3,0,0,,0.6952075502218337,False
Supt16,6,0,0,0.9841055766215868,0.2339747756312575,False
Supt20,5,0,0,0.9683903502847736,0.4092737880719321,False
Supt3,5,0,0,0.999465548143242,0.6546484696810018,False
Supt4a,7,0,0,0.6691946790661747,0.2711307898175259,False
Supt5,6,0,0,0.8098104630732278,0.4506080296832889,False
Supt6,6,0,0,0.9613872956381267,0.942238795744214,False
Supt7l,4,0,0,,0.264982327512068,False
Supv3l1,3,0,0,,0.4687687356376954,False
Surf1,6,0,0,0.9613872956381267,0.6522558319101377,False
Surf2,6,0,0,0.9784212791584648,0.6758027499443183,False
Surf4,7,0,0,0.9021968698616962,0.42584429529809,False
Surf6,6,0,0,0.9524660103656164,1.1908834992309802,False
Susd3,1,0,0,0.9918826224340076,0.0196909713387393,False
Susd4,1,0,0,0.9999106453149894,0.1615740208891922,False
Susd5,1,0,0,0.9999106453149894,0.1549021206329455,False
Susd6,7,0,0,0.696821831521222,0.5932639000770941,False
Suv39h1,4,0,0,0.9999106453149894,1.5705998836167867,False
Suz12,6,0,0,0.5935672513402911,0.3512533784741427,False
Sv2a,3,0,0,0.9741650859559596,0.1551098369184373,False
Svbp,7,0,0,0.8781770920570142,0.2945689414632684,False
Svil,5,0,0,0.9997978488301602,0.7139750097374412,False
Svip,6,0,0,0.6507060294551171,0.8865281931970637,False
Swap70,5,0,0,0.8098104630732278,0.9742500322081348,False
Swi5,7,0,0,0.9926237465626456,0.3035687698013866,False
Swsap1,1,0,0,,0.5961793591788618,False
Swt1,6,0,0,0.8667693984532009,0.3720075822897446,False
Syap1,6,0,0,0.8622072670002854,0.8726547559757171,False
Sybu,3,0,0,0.9988978288128184,0.316652586204239,False
Syce2,1,0,0,,0.0528118249191202,False
Syde1,3,0,0,0.999465548143242,0.7868760539799629,False
Syf2,7,0,0,0.876523471077198,0.2852441409501247,False
Syk,2,0,0,0.876292144009985,0.3382540913602379,False
Sympk,6,0,0,0.9784212791584648,0.3753044465466755,False
Syn1,2,0,0,0.9999106453149894,0.1812201424195569,False
Syn2,2,0,0,0.9999106453149894,0.1689338614635966,False
Syn3,2,0,0,0.9997978488301602,1.0936881460920718,False
Syncrip,6,0,0,0.90580860873697,0.1076037956049574,False
Syne1,5,0,0,0.7047072808151661,0.6462255388948368,False
Syne2,4,0,0,0.999465548143242,1.1832034546953452,False
Syne3,1,0,0,,0.2060461380818699,False
Syngap1,1,0,0,,0.174343104563946,False
Syngr1,6,0,0,0.9010248316522482,0.4747193015339417,False
Syngr2,6,0,0,0.2030728267170817,1.0197025456339184,False
Syngr3,1,0,0,0.9999106453149894,0.333453893711969,False
Synj1,6,0,0,0.6519846423489368,0.5854067930720029,False
Synj2,2,0,0,0.8904498303611323,0.2042793261593573,False
Synj2bp,6,0,0,0.764433529486854,0.633566334056432,False
Synm,4,0,0,0.0833321359853528,0.7477091783314663,False
Synpo,1,0,0,,0.4042266362192381,False
Synpo2,1,0,0,0.9997978488301602,0.0572616776686123,False
Synpr,1,0,0,0.8730244196027425,0.299271120768517,False
Synrg,6,0,0,0.7203160267320434,0.9157325654100104,False
Syp,3,0,0,0.9999106453149894,0.5621824042702892,False
Sypl,7,0,0,0.9375010146418976,0.5059084481805559,False
Sypl2,1,0,0,,0.2917544177867734,False
Sys1,6,0,0,0.2984394660637461,0.331373751831717,False
Syt1,1,0,0,0.9999106453149894,0.127630556496599,False
Syt11,6,1,1,0.0460949544208297,0.9489588180894089,True
Syt14,1,0,0,0.9999106453149894,0.1629258129326134,False
Syt16,1,0,0,0.9999106453149894,0.0662648028513475,False
Syt4,1,0,0,0.9999106453149894,0.1153979886715821,False
Syt6,1,0,0,0.9999106453149894,0.8112817357776023,False
Syt7,2,0,0,0.9997978488301602,0.4480598090353901,False
Syt9,1,0,0,0.999465548143242,0.7116426707245459,False
Sytl2,2,0,0,0.1458786849644881,0.5348272959466395,False
Sytl5,1,0,0,,0.8355514443554939,False
Syvn1,5,0,0,0.9867318244790833,0.5042846191945077,False
Szrd1,6,0,0,0.8070067535621716,0.8581915735494269,False
Szt2,2,0,0,,0.7135607366367296,False
Tab1,4,0,0,0.9999106453149894,0.5090132240058151,False
Tab2,7,0,0,0.2233326149187673,1.0978803043220056,False
Tab3,2,0,0,,1.1483406397310665,False
Tac1,1,0,0,0.9999106453149894,0.143865198600035,False
Tacc1,6,0,0,0.3665974921243234,0.5689540371454279,False
Tacc2,3,0,0,0.999465548143242,0.264671816985255,False
Tacc3,2,0,0,,0.4358630358808853,False
Taco1,2,0,0,,0.254723225679383,False
Taco1os,3,0,0,,0.7994337263067183,False
Tada1,5,0,0,0.9771941538254924,0.2547311905362565,False
Tada2a,6,0,0,0.942371774006941,0.7074454403972076,False
Tada2b,4,0,0,0.9997978488301602,0.3746352340417195,False
Tada3,5,0,0,0.9810146047014744,0.2917108641859158,False
Taf1,6,0,0,0.8210743172373955,0.5219671777329727,False
Taf10,7,0,0,0.829388260330224,0.2140091718543643,False
Taf11,6,0,0,0.9771941538254924,0.3191597258759107,False
Taf12,6,0,0,0.9550624901828332,0.3779826884285298,False
Taf13,6,0,0,0.9851049020671202,0.2562966311235075,False
Taf15,7,0,0,0.606904753735766,0.6348346622422165,False
Taf1a,3,0,0,,0.7523751989775364,False
Taf1b,4,0,0,0.9997978488301602,0.4725994009619372,False
Taf1c,3,0,0,,0.5890031434285941,False
Taf1d,7,0,0,0.8118636082559673,0.8396650035990513,False
Taf2,6,0,0,0.999465548143242,0.4436116330804358,False
Taf3,5,0,0,0.5752246991860285,0.4361979186296806,False
Taf4,3,0,0,0.9997978488301602,0.9339950970945244,False
Taf5,3,0,0,,0.3001986183608673,False
Taf5l,3,0,0,0.9997978488301602,0.3208540500176925,False
Taf6,6,0,0,0.999465548143242,0.3347136537847987,False
Taf6l,2,0,0,,0.2963020252962724,False
Taf7,5,0,0,0.829388260330224,0.7286521055174242,False
Taf8,4,0,0,0.9997978488301602,0.3602822122744147,False
Taf9b,5,0,0,0.5989680877797672,0.6022221096742486,False
Tafa1,1,0,0,0.9999106453149894,0.1957770392105983,False
Tafa2,1,0,0,0.9999106453149894,0.197013786512007,False
Tafa4,1,0,0,0.9999106453149894,0.4159147837072814,False
Tafa5,4,0,0,0.694295957244932,0.298178724098371,False
Tagap,2,0,0,0.9054228263761034,0.3268687780822989,False
Tagap1,2,0,0,,0.7791383541453047,False
Tagln2,4,1,1,0.0002106970425114,0.7833745885391912,True
Tagln3,2,0,0,0.9988978288128184,0.3978663670013627,False
Tal1,2,0,0,0.9070647896477066,0.4936524235546833,False
Taldo1,7,0,0,0.829388260330224,0.2093314137016322,False
Tamm41,2,0,0,,0.151466607320848,False
Tanc1,4,0,0,0.419285954271798,1.3225199963123553,False
Tanc2,4,0,0,0.5672965245225469,0.4793856614185291,False
Tango2,6,0,0,0.9601312667032076,1.3628253264111467,False
Tango6,2,0,0,,0.5996952918382678,False
Tank,6,0,0,0.9913226326328984,0.6628744138986614,False
Taok1,6,0,0,0.8818216060006618,0.3698378024821711,False
Taok2,6,0,0,0.694526855754249,0.4354992975416252,False
Taok3,6,0,0,0.777245890589481,0.6959215829480716,False
Tap1,2,0,0,0.9997978488301602,0.4126464854113694,False
Tap2,4,0,0,0.926963895987618,0.5907915787430443,False
Tapbp,6,0,0,0.9771958735378466,0.6500801407520237,False
Tapbpl,2,0,0,0.9997978488301602,0.1308693947300557,False
Tapt1,5,0,0,0.8561572451790562,0.4167112212221239,False
Tarbp1,1,0,0,,0.0691975324612162,False
Tarbp2,5,0,0,0.9997978488301602,0.4831416056509978,False
Tardbp,6,0,0,0.7071435961316962,0.4796470862688493,False
Tars,6,0,0,0.9827123849102,0.5312297804203604,False
Tars2,3,0,0,0.9997978488301602,0.1677299629733956,False
Tarsl2,3,0,0,0.9603469151708518,0.6480542123143866,False
Tasor,6,0,0,0.6192491435674676,0.8606642167382251,False
Tasor2,5,0,0,0.9997978488301602,0.4960490224167883,False
Tasp1,3,0,0,0.999465548143242,0.911807536184442,False
Tatdn1,6,0,0,0.999465548143242,0.3206798735919445,False
Tatdn2,4,0,0,0.9997978488301602,0.488098629307937,False
Tatdn3,5,0,0,0.9999106453149894,0.3721260454307177,False
Tax1bp1,7,0,0,0.7052389887533064,0.3050484348010224,False
Tax1bp3,5,0,0,0.5851491351445283,0.3224029468879176,False
Taz,6,0,0,0.8363041814679104,0.4924344008673175,False
Tbc1d1,4,0,0,0.999465548143242,0.8868961097112892,False
Tbc1d10a,3,0,0,0.9997978488301602,0.3666593721206761,False
Tbc1d10b,6,0,0,0.694295957244932,0.2580322767032474,False
Tbc1d12,6,0,0,0.9771941538254924,0.4406364281134203,False
Tbc1d13,4,0,0,,0.2860763607858584,False
Tbc1d14,6,0,0,0.6895796115399353,0.4032208127693466,False
Tbc1d15,6,0,0,0.914200400224126,0.3166114830961625,False
Tbc1d16,2,0,0,0.4721551932440337,0.3899916510041843,False
Tbc1d17,6,0,0,0.1949667430997806,0.7572963720708672,False
Tbc1d19,6,0,0,0.9311185944203532,0.2871091452839447,False
Tbc1d2,1,0,0,0.999465548143242,0.4623164505438704,False
Tbc1d20,6,0,0,0.9580065637838178,0.5737606462815963,False
Tbc1d22a,3,0,0,0.9997978488301602,0.2617007184068517,False
Tbc1d22b,4,0,0,,0.2304173802512485,False
Tbc1d23,5,0,0,0.8361316425588403,0.2914267354399211,False
Tbc1d24,5,0,0,0.9997978488301602,0.4518921007688899,False
Tbc1d25,1,0,0,,0.0228220794374124,False
Tbc1d2b,1,0,0,,0.2847199499433435,False
Tbc1d30,1,0,0,,0.6694947489029536,False
Tbc1d31,2,0,0,,0.5278124133165116,False
Tbc1d32,3,0,0,,0.2286951197499563,False
Tbc1d4,2,0,0,0.9997978488301602,0.2990153679300706,False
Tbc1d5,5,0,0,0.55391915811504,0.3131109949992521,False
Tbc1d7,5,0,0,0.8615356672252403,0.5233567048726558,False
Tbc1d8,1,0,0,,0.5074858258983039,False
Tbc1d8b,4,0,0,0.999465548143242,0.6876975597060825,False
Tbc1d9,3,0,0,0.7075024323671656,0.4370538359415066,False
Tbc1d9b,6,0,0,0.824890860628883,0.6010951109568108,False
Tbca,7,0,0,0.9550624901828332,0.1976899751970669,False
Tbcb,7,0,0,0.8634600166467697,0.2580955290623081,False
Tbcc,6,0,0,0.9614961848933092,0.471319246985578,False
Tbccd1,4,0,0,0.9410987705200488,1.0860715257665945,False
Tbcd,4,0,0,0.5628438977412534,0.7954826214864383,False
Tbce,6,0,0,0.9918882510064204,0.4210494752334131,False
Tbcel,6,0,0,0.8141524390562918,0.5434695169696241,False
Tbck,5,0,0,0.9550624901828332,0.256973727087953,False
Tbk1,6,0,0,0.7981419645204373,0.4957145378625471,False
Tbkbp1,3,0,0,0.9997978488301602,0.560703925536303,False
Tbl1x,6,0,0,0.8348517555991797,0.4141520943241565,False
Tbl1xr1,6,0,0,0.6599665827499437,0.485725595534362,False
Tbl2,2,0,0,,0.3369373066326676,False
Tbl3,6,0,0,0.999465548143242,0.5069554702826825,False
Tbp,3,0,0,,0.5443941131563491,False
Tbpl1,6,0,0,0.8727597914628661,0.2606369233478127,False
Tbrg1,6,0,0,0.9603469151708518,0.307347588101458,False
Tbrg4,2,0,0,,0.3659310901527306,False
Tbx1,1,0,0,0.9997978488301602,0.2895933227213083,False
Tbx3,1,0,0,0.9997978488301602,0.0627588593497958,False
Tbxa2r,1,0,0,,1.234221524244374,False
Tbxas1,2,0,0,0.7686318417756842,0.1630544225992035,False
Tc2n,1,0,0,0.999465548143242,0.6146221897509803,False
Tcaf1,6,0,0,0.9485825351133592,0.5694310154755651,False
Tcaim,4,0,0,0.9771941538254924,0.3390643784000978,False
Tcea1,7,0,0,0.6288590243504972,0.442677918719858,False
Tcea2,3,0,0,,0.6401970935268149,False
Tcea3,2,0,0,0.999465548143242,0.9669810597766848,False
Tceal1,6,0,0,0.6408054435464459,0.5987680957753267,False
Tceal3,4,0,0,0.7645527522855137,1.236978660819476,False
Tceal5,2,0,0,0.999465548143242,0.6796284045447588,False
Tceal6,1,0,0,0.9999106453149894,0.0481883997254666,False
Tceal8,6,0,0,0.9918882510064204,0.3522268037797983,False
Tceal9,7,0,0,0.181826732718409,0.5118775481569668,False
Tceanc,2,0,0,,0.2653972964560153,False
Tceanc2,4,0,0,0.9771941538254924,0.3435916308884666,False
Tcerg1,6,0,0,0.92857788673395,0.7525421942643492,False
Tcf12,6,0,0,0.9771941538254924,0.5627174714846164,False
Tcf15,1,0,0,0.4780847401240861,1.24818333085288,False
Tcf19,1,0,0,,0.8810289111260805,False
Tcf20,5,0,0,0.866174710066969,0.5932606693809067,False
Tcf25,7,0,0,0.5023279481619385,0.315316615848606,False
Tcf3,5,0,0,0.918102734683989,0.3674364850218048,False
Tcf4,7,0,0,0.5933725225488126,0.4197351447307119,False
Tcf7,1,0,0,0.9997978488301602,0.1084976144274003,False
Tcf7l1,3,0,0,0.9997978488301602,0.7436856798053328,False
Tcf7l2,6,0,0,0.7592220679406201,0.4666856535199346,False
Tchp,2,0,0,,0.6575422873944365,False
Tcim,2,0,0,0.9997978488301602,0.5412954223602526,False
Tcirg1,5,0,0,0.679712267964831,0.5284140007495302,False
Tcn2,7,0,0,0.2390883297807084,0.6858587296000794,False
Tcof1,5,0,0,0.9467700970648548,0.7222828707697959,False
Tcp1,7,0,0,0.8086142754626554,0.2528232409944396,False
Tcp11l1,4,0,0,0.9904469851238652,0.4253874916453476,False
Tcp11l2,6,0,0,0.9464332884082296,0.4898167228105424,False
Tcta,5,0,0,0.9771941538254924,0.6965329061862944,False
Tctex1d2,5,0,0,0.81095302203748,0.5558817286577907,False
Tctex1d4,1,0,0,0.999465548143242,0.7128087715607025,False
Tctn1,2,0,0,,0.359296720734883,False
Tctn2,1,0,0,,0.06724634615466,False
Tctn3,2,0,0,,0.5980608688930024,False
Tdg,6,0,0,0.9276919839072988,0.5685377311862719,False
Tdo2,1,0,0,,0.1401399742162022,False
Tdp1,4,0,0,0.9999106453149894,0.2840997610825179,False
Tdp2,5,0,0,0.9997978488301602,0.2567082556866082,False
Tdrd3,6,0,0,0.999465548143242,0.0613703199565221,False
Tdrd7,5,0,0,0.97714218428337,0.446942398930062,False
Tdrkh,5,0,0,0.9808258060083488,0.3549334009599542,False
Tdrp,2,0,0,0.999465548143242,0.8563848067691663,False
Tead1,4,0,0,0.9988978288128184,0.763991700238861,False
Tead2,1,0,0,0.9997978488301602,0.5406234735516897,False
Tead3,2,0,0,,0.2465088477047412,False
Tead4,1,0,0,0.9997978488301602,0.5005872446706399,False
Tec,2,0,0,0.2176051564071517,0.527260598054907,False
Tecpr1,5,0,0,0.9069952247405082,0.5104170525630262,False
Tecpr2,3,0,0,0.9007266118211642,1.2856964774554238,False
Tecr,7,0,0,0.4143464052366694,0.4553863924625244,False
Tecrl,1,0,0,0.9997978488301602,1.2062546460359638,False
Tedc2,1,0,0,,0.052111143325834,False
Tef,6,0,0,0.2595325832453322,0.5970934312231787,False
Tefm,2,0,0,,0.1288695337466495,False
Tek,1,0,0,0.9997978488301602,0.3653560239432248,False
Tekt1,1,0,0,0.999465548143242,0.2093990926896023,False
Telo2,4,0,0,0.9999106453149894,0.2795170181169785,False
Ten1,5,0,0,0.9014984016164258,0.4785625159935979,False
Tenm1,1,0,0,0.9999106453149894,0.5383044331327317,False
Tenm3,1,0,0,0.9988978288128184,0.0413391823426345,False
Tenm4,3,0,0,0.999465548143242,1.1848565359360903,False
Tent2,5,0,0,0.8643884594762752,0.526366706845921,False
Tent4a,5,0,0,0.9997978488301602,0.4185997084837949,False
Tent4b,6,0,0,0.5628438977412534,0.7893399772947626,False
Tent5a,5,0,0,0.283939868701541,0.6651038204235473,False
Tent5c,2,0,0,0.4298703729752186,0.3196537106579218,False
Tep1,2,0,0,0.9451899018703012,0.9548975969466414,False
Tepsin,2,0,0,,0.3076514567213939,False
Terf1,4,0,0,0.9007266118211642,0.3048767980500633,False
Terf2,5,0,0,0.9007086742716329,0.27015476461222,False
Terf2ip,6,0,0,0.9918882510064204,0.3871095744659835,False
Tes,2,0,0,0.9997978488301602,0.4363753455832163,False
Tesc,1,0,0,0.999465548143242,0.7470882345315898,False
Tesk1,6,0,0,0.999465548143242,0.4645016795348383,False
Tesk2,3,0,0,,0.6924236205069989,False
Tet1,5,0,0,0.5953390747754268,0.691309795589998,False
Tet2,5,0,0,0.8304796525639428,0.3035980499069419,False
Tet3,5,0,0,0.7418041516038367,0.3018784993430418,False
Tex10,6,0,0,0.9195015463792224,0.2693619369916025,False
Tex2,4,0,0,0.9554023134682036,0.3310653868845376,False
Tex261,7,0,0,0.7532332969918063,0.5654618334487633,False
Tex264,6,0,0,0.7026933633983591,0.5795444561546977,False
Tex30,2,0,0,,0.2993667831377498,False
Tex52,1,0,0,0.9613872956381267,0.1029823823617046,False
Tex9,5,0,0,0.999465548143242,1.233982248664118,False
Tfam,6,0,0,0.914200400224126,0.7862927278264252,False
Tfap4,2,0,0,,0.3492862730663081,False
Tfb1m,2,0,0,,0.4803620404441149,False
Tfb2m,6,0,0,0.999465548143242,0.954202194831345,False
Tfcp2,5,0,0,0.9999106453149894,0.3443299627202985,False
Tfdp1,6,0,0,0.999465548143242,0.6243224144212779,False
Tfdp2,6,0,0,0.8402201583633553,0.2596157309520691,False
Tfe3,6,0,0,0.9644314079198152,0.5161522051294634,False
Tfeb,4,0,0,0.9014984016164258,0.6720892568877367,False
Tfg,6,0,0,0.977017223345402,0.2045532295101535,False
Tfip11,3,0,0,0.9997978488301602,0.4531952288795087,False
Tfpi,2,0,0,0.9997978488301602,0.387359182692367,False
Tfpt,6,0,0,0.3921032028070591,0.6118153879408063,False
Tfrc,4,0,0,0.9341769146397448,0.4515465106801575,False
Tgds,3,0,0,0.999465548143242,0.6501730935618704,False
Tgfa,6,0,0,0.7439480729467459,0.4684526346903332,False
Tgfb1,3,0,0,0.2176051564071517,0.6048272670890036,False
Tgfb1i1,2,0,0,0.9997978488301602,0.0308268373685322,False
Tgfb2,4,0,0,0.9988978288128184,0.7035574572111084,False
Tgfb3,1,0,0,,0.231616772253212,False
Tgfbi,3,0,0,0.5277881220017713,1.340172353832873,False
Tgfbr1,6,0,0,0.439536757499856,1.3094791531235508,False
Tgfbr2,3,0,0,0.9054228263761034,0.2236713044285967,False
Tgfbr3,2,0,0,0.999465548143242,1.2865244696842404,False
Tgfbrap1,5,0,0,0.5910528046885438,0.3490415409346739,False
Tgif1,3,0,0,0.9644314079198152,0.3151254204315252,False
Tgif2,1,0,0,,0.0612228957749633,False
Tgm2,2,0,0,0.8162323227961893,0.6039504961448539,False
Tgoln1,7,0,0,0.850027992037027,0.2947261830865043,False
Tgs1,6,0,0,0.3183966162727515,0.3476330691198401,False
Tgtp1,2,0,0,0.999465548143242,1.084109174395606,False
Tha1,2,0,0,,0.6686276467889558,False
Thada,2,0,0,,0.1798391124338423,False
Thap1,3,0,0,0.9999106453149894,0.4188362900199319,False
Thap11,6,0,0,0.9784212791584648,0.4405864424716427,False
Thap12,6,0,0,0.7086554640322857,0.344294161029207,False
Thap2,6,0,0,0.6417099393639951,0.6689344296317,False
Thap3,6,0,0,0.6936449653602161,0.8362278235098478,False
Thap4,5,0,0,0.999465548143242,0.6509799440058879,False
Thap7,6,0,0,0.8393062046926968,0.7028300922988896,False
Thbd,1,0,0,0.3103514237409061,0.7334728506764145,False
Thbs1,1,0,0,,0.5555500786739564,False
Thbs3,3,0,0,0.5023279481619385,0.5662188398810545,False
Thbs4,1,0,0,0.9465249359094532,0.8321417066575582,False
Them4,5,0,0,0.0936306064526071,1.0908645514822708,False
Them6,3,0,0,0.9997978488301602,0.8334913115515724,False
Themis2,2,0,0,0.998947809908267,0.8083932420254424,False
Thg1l,2,0,0,,0.6393709048889535,False
Thnsl1,4,0,0,0.9999106453149894,0.5771281355613118,False
Thnsl2,2,0,0,,0.2603242604747691,False
Thoc1,6,0,0,0.9988978288128184,0.3191734916596235,False
Thoc2,7,0,0,0.9010248316522482,0.2183174299844639,False
Thoc3,6,0,0,0.6760216602382058,0.7127140245033997,False
Thoc5,5,0,0,0.999465548143242,0.6515678692261347,False
Thoc6,4,0,0,0.999465548143242,0.5636787123904757,False
Thoc7,6,0,0,0.8645127606066123,0.2651561066698232,False
Thop1,4,0,0,0.773122613881827,0.4890847886439221,False
Thra,6,0,0,0.9203657461676418,0.3847366520574597,False
Thrap3,7,0,0,0.854903191409526,0.934410246463129,False
Thrb,3,0,0,0.999465548143242,1.1469738171182344,False
Thrsp,3,0,0,0.0573677203813849,0.6985852951344501,False
Thsd1,2,0,0,0.9997978488301602,0.4985149814918765,False
Thsd4,1,0,0,,0.2897734404839163,False
Thsd7a,3,0,0,0.241629408778823,0.7299893942869464,False
Thsd7b,1,0,0,0.9999106453149894,0.0428326898849824,False
Thtpa,2,0,0,,0.0811114628028288,False
Thumpd1,5,0,0,0.5628438977412534,0.3370157322971801,False
Thumpd2,4,0,0,0.9999106453149894,1.1262941599094536,False
Thumpd3,6,0,0,0.7949725240749512,0.4348180513294868,False
Thy1,1,0,0,,0.4037517308251028,False
Thyn1,6,0,0,0.4617148490994594,0.7446635285206565,False
Tia1,5,0,0,0.8913433305157492,0.324939042759078,False
Tial1,6,0,0,0.9007266118211642,0.2395908731837468,False
Tiam1,3,0,0,0.9997978488301602,0.4215192269371857,False
Tiam2,1,0,0,,0.4487952955251065,False
Ticam1,1,0,0,,0.3023865748978203,False
Ticam2,1,0,0,,0.0049571001438465,False
Tie1,1,0,0,0.9997978488301602,0.2092854581679219,False
Tifa,5,0,0,0.7223991833473756,0.3479931400662707,False
Tifab,2,0,0,0.7750554057718283,0.332125353425819,False
Tigar,1,0,0,,0.0980256903741729,False
Tigd2,6,0,0,0.820963134662114,0.5970485478396345,False
Timeless,1,0,0,0.9997978488301602,0.3744766124025609,False
Timm10,6,0,0,0.9389728124425808,0.2757251526479389,False
Timm10b,7,0,0,0.8376270266785371,0.4070185282365266,False
Timm13,7,0,0,0.9582770103157974,0.82245510273276,False
Timm17a,6,0,0,0.9391994214083182,0.1216839703914091,False
Timm17b,6,0,0,0.9613872956381267,0.260860770520182,False
Timm21,6,0,0,0.9007266118211642,0.4151808238978211,False
Timm22,6,0,0,0.9788819959338744,0.3527421445321659,False
Timm23,6,0,0,0.8999497412488456,0.2895343060064477,False
Timm29,5,0,0,0.9997978488301602,0.4653217578880733,False
Timm44,6,0,0,0.9603469151708518,0.4221674472128147,False
Timm50,6,0,0,0.7071435961316962,0.5639721307389761,False
Timm8a1,6,0,0,0.8992872603476387,0.4986607140605442,False
Timm8b,7,0,0,0.7819212764210148,0.225491180253061,False
Timm9,6,0,0,0.9003760365260199,0.41367381751814,False
Timmdc1,5,0,0,0.999465548143242,0.8533315279608872,False
Timp2,6,0,0,0.1914458708839304,0.3179560151280467,False
Timp3,5,0,0,0.9988978288128184,1.015021490850746,False
Timp4,2,0,0,0.9988978288128184,0.251002339842229,False
Tinagl1,2,0,0,0.999465548143242,0.1092276271613973,False
Tinf2,4,0,0,,0.365498398233995,False
Tiparp,7,0,0,0.6981479854844781,0.649694753124669,False
Tipin,6,0,0,0.9409257914200232,0.5899045769803238,False
Tiprl,6,0,0,0.488702515307944,0.3771716694118501,False
Tirap,3,0,0,0.9997978488301602,0.6397183412623918,False
Tjap1,4,0,0,0.9923104852961409,0.3145730011471403,False
Tjp1,5,0,0,0.0996043240107703,0.63776807459122,False
Tjp2,6,0,0,0.7992322284960808,0.3860946922137665,False
Tjp3,1,0,0,0.999465548143242,0.5429563111297777,False
Tk2,6,0,0,0.8521628337851891,0.631099683434694,False
Tkfc,2,0,0,,0.1104282011962564,False
Tkt,7,0,0,0.2500588841184687,0.4487759689696687,False
Tlcd1,2,0,0,0.9988978288128184,0.2113413951474675,False
Tlcd2,1,0,0,,0.1444357790532052,False
Tle1,6,0,0,0.283939868701541,1.1587006003185425,False
Tle2,4,0,0,0.9999106453149894,0.5627040843858238,False
Tle3,5,0,0,0.9785961275129472,0.9078201601483392,False
Tle4,7,1,1,0.0033276435179867,0.5961214289465989,True
Tle5,7,0,0,0.3377758760660661,0.3676168283372576,False
Tle6,1,0,0,0.9999106453149894,0.4472903757018414,False
Tlk1,6,0,0,0.9913226326328984,0.2204589078885198,False
Tlk2,6,0,0,0.917450127079298,0.2072217750524064,False
Tll2,1,0,0,,0.163082963414011,False
Tln1,7,0,0,0.6644586706753683,0.1825347648169908,False
Tln2,5,0,0,0.6723764914574835,0.3937561758513939,False
Tlnrd1,3,0,0,0.9997978488301602,0.2335164191585376,False
Tlr1,1,0,0,,0.2041522767635954,False
Tlr12,1,0,0,,0.4048370557549,False
Tlr13,1,0,0,0.9451899018703012,0.0836512851966275,False
Tlr2,2,0,0,0.8845690847761323,0.1202559966680144,False
Tlr3,3,1,1,0.033378315426593,0.7227676127202092,True
Tlr4,1,0,0,,0.5004032747621472,False
Tlr5,1,0,0,,0.0390749441620845,False
Tlr7,2,0,0,0.9142321521091372,0.2634227586841647,False
Tm2d1,6,0,0,0.9054228263761034,0.5714465577194007,False
Tm2d2,7,0,0,0.8818650673896277,1.024097001013739,False
Tm2d3,6,0,0,0.8722482831860484,0.5904988112706907,False
Tm4sf1,1,0,0,0.9997978488301602,0.1985917472834,False
Tm6sf1,3,0,0,0.6314588403782433,0.8545155906532083,False
Tm7sf2,2,0,0,,0.466395524627944,False
Tm7sf3,5,0,0,0.9235234228535996,0.3209447377519412,False
Tm9sf1,6,0,0,0.8667737457308301,0.5551450550730728,False
Tm9sf2,7,1,1,0.0489756238627735,0.5509282818627685,True
Tm9sf3,7,0,0,0.2863263828924305,0.6484457813447235,False
Tm9sf4,6,0,0,0.914200400224126,0.4323597525701982,False
Tma16,4,0,0,0.7873628297365133,0.4804071923993921,False
Tma7,7,0,0,0.4017220556220933,0.4275177075469606,False
Tmbim1,5,0,0,0.8781770920570142,0.6028368521887121,False
Tmbim4,7,0,0,0.9771941538254924,0.6504976541681977,False
Tmbim6,7,0,0,0.8489480926944293,0.5863747563336804,False
Tmc6,3,0,0,,0.7819751157568408,False
Tmc7,4,0,0,0.7203160267320434,0.3882084556682165,False
Tmcc1,6,0,0,0.8304796525639428,0.1933180407296339,False
Tmcc2,2,0,0,0.9423911364833784,0.5487068508141094,False
Tmcc3,6,0,0,0.6051561317249651,1.1479158316694913,False
Tmco1,7,0,0,0.2846357443851742,0.3238580178816839,False
Tmco3,5,0,0,0.9599919048378922,0.6119445554362385,False
Tmco4,1,0,0,,0.2780283069998024,False
Tmco6,3,0,0,,0.3126640936640205,False
Tmed1,6,0,0,0.9885204868030568,0.5438216836268155,False
Tmed10,7,0,0,0.7278745565080218,0.3651135636366762,False
Tmed2,7,0,0,0.866174710066969,0.5984183622509345,False
Tmed3,7,0,0,0.9762063074083276,0.5824030610915218,False
Tmed4,6,0,0,0.5424111417845922,0.3608586954428364,False
Tmed5,7,0,0,0.570720857490917,0.3136722987062066,False
Tmed7,7,0,0,0.6125964417721538,0.2694957460044824,False
Tmed8,3,0,0,,0.1894119475410518,False
Tmed9,7,0,0,0.7052389887533064,0.5252695434706622,False
Tmeff1,3,0,0,0.8840983373239167,0.1105403340840274,False
Tmeff2,2,0,0,0.8937425847876312,0.1206071013472937,False
Tmem100,3,0,0,0.9549691682832956,0.2155031834173729,False
Tmem101,5,0,0,0.9771941538254924,0.4507684686295722,False
Tmem104,4,0,0,,0.7426941188139284,False
Tmem106a,2,0,0,0.998947809908267,0.5325264792188569,False
Tmem106b,6,0,0,0.2037542330250189,0.5326063169619208,False
Tmem106c,6,0,0,0.8346797769281726,0.6712067268941371,False
Tmem107,3,0,0,0.999465548143242,0.3183439335582377,False
Tmem108,3,0,0,0.9391159650548432,0.2287119039891807,False
Tmem109,6,0,0,0.8235607025091577,0.9735463595314208,False
Tmem11,6,0,0,0.8781770920570142,0.3478333620673969,False
Tmem115,5,0,0,0.9772420733399642,0.1702774994374988,False
Tmem117,1,0,0,0.8320163606442603,0.3237774058252845,False
Tmem119,2,0,0,0.9054228263761034,0.6489283790697422,False
Tmem120a,4,0,0,0.9999106453149894,0.5384114320803597,False
Tmem120b,1,0,0,,0.3751827253352602,False
Tmem121,3,0,0,0.9999106453149894,0.7420595951342176,False
Tmem123,6,0,0,0.8893141290103717,0.6975411962405044,False
Tmem125,1,0,0,0.9419549998954132,0.1004236807118143,False
Tmem126a,6,0,0,0.9550624901828332,0.5823057633675713,False
Tmem126b,6,0,0,0.9235234228535996,0.4691651516588314,False
Tmem127,5,0,0,0.622929804757744,0.4659708194145301,False
Tmem128,6,0,0,0.8088664075591974,0.8799807457259993,False
Tmem129,3,0,0,,0.3772409495095795,False
Tmem131,5,0,0,0.7787626044774035,0.3872057278122099,False
Tmem131l,1,0,0,,0.158630591489372,False
Tmem132a,5,0,0,0.999465548143242,0.8020614260539884,False
Tmem132b,3,0,0,0.9541675042313332,0.1366669727156464,False
Tmem132c,1,0,0,0.9999106453149894,0.0283881801672968,False
Tmem132d,1,0,0,0.9999106453149894,0.0411906478939372,False
Tmem134,7,0,0,0.9304988858397112,1.168732515567028,False
Tmem135,6,0,0,0.7900346534791179,0.2129332775371301,False
Tmem136,2,0,0,0.9999106453149894,0.5514158999717997,False
Tmem138,4,0,0,0.9999106453149894,0.375158162716485,False
Tmem140,2,0,0,0.9997978488301602,0.4540652200998304,False
Tmem141,6,0,0,0.8310017259151675,0.295796022203357,False
Tmem143,3,0,0,,0.395322280059054,False
Tmem144,4,0,0,0.7439480729467459,0.5769887590773564,False
Tmem145,1,0,0,0.9999106453149894,0.2169493832240841,False
Tmem147,7,0,0,0.9404775393398062,0.2705938541738295,False
Tmem14a,3,0,0,0.8992872603476387,0.6436201469136821,False
Tmem14c,7,0,0,0.8374844333384406,0.2812323713277183,False
Tmem150a,3,0,0,,0.5502895081848531,False
Tmem151a,1,0,0,0.6832058837576377,0.2016775541421704,False
Tmem156,1,0,0,,0.3120253768709585,False
Tmem158,2,0,0,0.9999106453149894,0.251186494783001,False
Tmem159,3,0,0,0.987856211944101,0.2624692807430537,False
Tmem160,7,0,0,0.9409257914200232,0.1594268623437817,False
Tmem161a,5,0,0,0.9867318244790833,0.5234419535394514,False
Tmem161b,5,0,0,0.9885204868030568,0.1579410732590603,False
Tmem163,2,0,0,0.7961818812137735,0.2477757423495332,False
Tmem164,2,0,0,,0.2031312676350583,False
Tmem165,5,0,0,0.5023279481619385,0.4317704702797358,False
Tmem167,7,0,0,0.7970165832124838,0.8031957390724151,False
Tmem167b,6,0,0,0.9970554848778064,0.8115271288323987,False
Tmem168,5,0,0,0.9997978488301602,0.88668712723934,False
Tmem169,1,0,0,,0.0463181242555655,False
Tmem17,2,0,0,0.9999106453149894,0.4124159550480167,False
Tmem170,3,0,0,,0.1156127169036811,False
Tmem170b,5,0,0,0.897435817961038,0.4613030588079312,False
Tmem173,2,0,0,0.7743900085562996,0.4906420295271181,False
Tmem175,3,0,0,,0.3547474892227667,False
Tmem176a,6,0,0,0.9538073782037836,0.7124895373375635,False
Tmem176b,6,0,0,0.3816570820366673,0.6928172628850815,False
Tmem177,1,0,0,,0.3630998116874416,False
Tmem178,2,0,0,0.9999106453149894,1.483260567123878,False
Tmem178b,3,0,0,0.2116067127479936,0.4616082315481633,False
Tmem179,1,0,0,0.9999106453149894,0.3944894418681279,False
Tmem179b,6,0,0,0.6760216602382058,0.6724533637210205,False
Tmem18,5,0,0,0.9999106453149894,0.2857327576593373,False
Tmem181a,5,0,0,0.8622072670002854,0.4304155100304753,False
Tmem183a,6,0,0,0.8992872603476387,0.438098108889231,False
Tmem184b,5,0,0,0.9771941538254924,0.7056997746696667,False
Tmem184c,4,0,0,0.9788819959338744,0.4332193218279134,False
Tmem185a,4,0,0,0.9997978488301602,0.6034368913087839,False
Tmem185b,4,0,0,,0.2791418899317503,False
Tmem186,2,0,0,,0.2961494033980741,False
Tmem189,6,0,0,0.9616209532873972,0.2432291159653494,False
Tmem19,5,0,0,0.7098719811838201,0.7557302402777447,False
Tmem191c,4,0,0,0.9999106453149894,1.072873718510389,False
Tmem192,4,0,0,0.7645527522855137,0.5872069055874116,False
Tmem196,2,0,0,0.9999106453149894,0.9953537766139712,False
Tmem198b,4,0,0,0.9997978488301602,1.134895332098646,False
Tmem199,6,0,0,0.9771941538254924,0.4516946070110846,False
Tmem200a,1,0,0,0.9999106453149894,0.096522821214434,False
Tmem200c,1,0,0,,0.6586549164912727,False
Tmem201,4,0,0,0.9999106453149894,0.4193378504516864,False
Tmem203,4,0,0,0.978758640446908,0.4865572497344059,False
Tmem204,2,0,0,0.9997978488301602,0.4489648479814012,False
Tmem205,6,0,0,0.9771941538254924,0.6849380634715413,False
Tmem208,7,0,0,0.6599665827499437,0.546748764963993,False
Tmem209,5,0,0,0.9999106453149894,0.3085394247777706,False
Tmem214,5,0,0,0.9252600002083594,0.553335913622675,False
Tmem216,4,0,0,0.999465548143242,0.3646518721310375,False
Tmem218,5,0,0,0.999465548143242,0.6044468604267181,False
Tmem219,6,0,0,0.2397383544014492,0.7739667449748123,False
Tmem220,2,0,0,,0.5734452210522821,False
Tmem222,6,0,0,0.6842432138039588,0.5029012692967205,False
Tmem223,6,0,0,0.6195500895346968,0.3290056284102225,False
Tmem229a,3,0,0,0.9613872956381267,0.3495659740612138,False
Tmem229b,2,0,0,,0.4331111295256573,False
Tmem230,6,0,0,0.9965112648165114,0.72120913003026,False
Tmem231,1,0,0,,0.203016950973374,False
Tmem234,7,0,0,0.593336085833608,0.2355607857719033,False
Tmem237,6,0,0,0.9409257914200232,0.2758351070144701,False
Tmem238,5,0,0,0.999465548143242,0.4009045738254332,False
Tmem240,1,0,0,,0.6351427042027604,False
Tmem241,2,0,0,,0.8235880856249087,False
Tmem242,6,0,0,0.6166126576437884,0.7359492423348438,False
Tmem243,7,0,0,0.914200400224126,0.8016199217651464,False
Tmem245,6,0,0,0.7439480729467459,1.1926232239303536,False
Tmem246,4,0,0,0.8402201583633553,0.6556209890672184,False
Tmem248,6,0,0,0.6599665827499437,0.5038025412197411,False
Tmem25,2,0,0,,0.3674737185650151,False
Tmem250-ps,6,0,0,0.9771941538254924,0.6115380920578032,False
Tmem251,6,0,0,0.999465548143242,1.0763926860831003,False
Tmem252,1,0,0,0.9997978488301602,0.2493551190613251,False
Tmem254a,2,0,0,0.999465548143242,0.6340989959232216,False
Tmem255a,1,0,0,0.9999106453149894,0.1773007163295973,False
Tmem255b,1,0,0,0.9999106453149894,0.0618876670165449,False
Tmem256,7,0,0,0.7949725240749512,0.2770477216819093,False
Tmem258,7,0,0,0.7509906767922143,0.2653975700047925,False
Tmem259,6,0,0,0.3091967542375656,0.4576747494851542,False
Tmem260,5,0,0,0.9772420733399642,0.2313446784257479,False
Tmem263,6,0,0,0.9784212791584648,0.8808783643908146,False
Tmem265,2,0,0,,0.2408424002585495,False
Tmem267,4,0,0,0.9999106453149894,0.554876689587877,False
Tmem268,2,0,0,,0.3532333217520263,False
Tmem273,1,0,0,0.9489591940169484,0.0812428650779163,False
Tmem28,1,0,0,,0.2416694267633443,False
Tmem29,5,0,0,0.9971230182955928,0.5754946521232907,False
Tmem30a,7,0,0,0.4004301532354063,0.3216671246826155,False
Tmem33,6,0,0,0.8727597914628661,0.350538222762613,False
Tmem35a,2,0,0,0.9999106453149894,0.2226980381286188,False
Tmem35b,1,0,0,,0.5910216176494139,False
Tmem37,3,0,0,0.1431343653526359,0.9044688296287736,False
Tmem38a,4,0,0,0.999465548143242,0.7757557479075604,False
Tmem38b,4,0,0,0.8953117270559255,0.9405939553131926,False
Tmem39a,3,0,0,,0.3633998563508913,False
Tmem39b,3,0,0,,0.2719913682013478,False
Tmem41a,1,0,0,,0.5592562287224716,False
Tmem41b,5,0,0,0.9547698759918248,0.3312789943632996,False
Tmem42,5,0,0,0.9320339787755104,0.8313956259513225,False
Tmem43,5,0,0,0.9997978488301602,0.5161082965118373,False
Tmem44,3,0,0,0.9988978288128184,0.7279530485456569,False
Tmem47,6,0,0,0.7392045953552276,0.8751581031962752,False
Tmem50a,7,0,0,0.6603586966737383,0.5693226744873491,False
Tmem50b,5,0,0,0.9375010146418976,0.517640408063554,False
Tmem51,2,0,0,0.9997978488301602,0.1606473199133345,False
Tmem52,2,0,0,,1.1896477537331769,False
Tmem53,1,0,0,0.999465548143242,0.0217005754683354,False
Tmem56,2,0,0,,0.0606217254094497,False
Tmem59,7,0,0,0.9409257914200232,0.5177161531963553,False
Tmem59l,2,0,0,0.3367851511800884,1.5934105034359436,False
Tmem60,6,0,0,0.922337180409279,0.3599555341618287,False
Tmem62,3,0,0,0.9528506252153308,0.4440571987441361,False
Tmem63a,3,0,0,0.9550624901828332,0.0667882641341097,False
Tmem63b,6,0,0,0.9333672193684552,0.486310751695847,False
Tmem64,6,0,0,0.9066460915624636,1.0256339204116205,False
Tmem65,6,0,0,0.9633491527935024,0.2762780337674946,False
Tmem67,3,0,0,,0.6324073000725742,False
Tmem68,5,0,0,0.9999106453149894,0.3400451761157902,False
Tmem69,2,0,0,,0.674632384320731,False
Tmem70,6,0,0,0.9195015463792224,0.2078819365413269,False
Tmem71,2,0,0,,0.281467137395485,False
Tmem72,1,0,0,0.999465548143242,0.0572842256351544,False
Tmem74,1,0,0,,0.3195905203018143,False
Tmem80,6,0,0,0.9603469151708518,0.8166323786143641,False
Tmem81,1,0,0,,0.5534607145857597,False
Tmem86a,6,0,0,0.9584643424624888,0.8348770803824807,False
Tmem86b,1,0,0,,0.2740573917593277,False
Tmem87a,5,0,0,0.1669826357209062,0.7759195051605735,False
Tmem87b,5,0,0,0.9603469151708518,0.7979629020978607,False
Tmem88,2,0,0,0.9997978488301602,0.6455589993863037,False
Tmem88b,2,0,0,0.4772829285855935,0.4925351894956847,False
Tmem8b,2,0,0,0.9999106453149894,0.8394912918268398,False
Tmem9,6,0,0,0.999465548143242,0.7901413089594236,False
Tmem94,5,0,0,0.9997978488301602,0.4791398545977982,False
Tmem97,4,0,0,0.7747015316640691,0.5278326596816021,False
Tmem98,3,0,0,0.7158904442994523,0.2762349095507115,False
Tmem9b,6,0,0,0.530325050500363,0.3809744887734158,False
Tmf1,7,0,0,0.9603469151708518,0.3181364003277975,False
Tmod1,3,0,0,0.8667737457308301,0.7668571315470601,False
Tmod2,5,1,1,3.4623566807720595e-05,0.6612626020811436,True
Tmod3,5,0,0,0.8667737457308301,0.3478343604632689,False
Tmpo,7,0,0,0.8358194433521935,0.6992082078213291,False
Tmprss5,1,0,0,,0.1480684130600761,False
Tmsb10,7,1,1,0.0001736233190743,0.685093259234825,True
Tmsb15b1,5,0,0,0.999465548143242,0.6094267310195487,False
Tmsb15b2,5,0,0,0.999465548143242,0.705785975766919,False
Tmsb4x,7,0,0,0.184459234008284,0.4609238070179796,False
Tmtc1,2,0,0,0.999465548143242,1.498793418373238,False
Tmtc2,4,0,0,0.9613872956381267,0.5370249075937897,False
Tmtc3,4,0,0,0.9997978488301602,0.3454141655006413,False
Tmtc4,2,0,0,0.9997978488301602,0.3581614995950916,False
Tmub1,4,0,0,0.6339887181600015,0.5041517856581802,False
Tmub2,5,0,0,0.5086811856719438,0.540239883903732,False
Tmx1,6,0,0,0.9076450705495755,0.7893683842559185,False
Tmx2,6,0,0,0.8904498303611323,0.8707993362607265,False
Tmx3,6,0,0,0.7278745565080218,0.2511988297335327,False
Tmx4,6,0,0,0.715045351844116,0.6578833080556993,False
Tnc,1,0,0,,0.126616231020332,False
Tnfaip1,6,0,0,0.999465548143242,0.4739386582439643,False
Tnfaip2,1,0,0,0.998717048431168,0.0097296530193603,False
Tnfaip3,3,0,0,0.9771958735378466,1.197477925492613,False
Tnfaip6,3,0,0,0.7747015316640691,0.2657480498138518,False
Tnfaip8,5,0,0,0.9315702599586364,0.433950946737653,False
Tnfaip8l1,1,0,0,0.9997978488301602,0.7775738832205927,False
Tnfaip8l2,2,0,0,0.971032361525934,0.0582456756826916,False
Tnfrsf11a,2,0,0,0.3528482971563773,0.4625101430253472,False
Tnfrsf12a,4,0,0,0.999465548143242,0.8931085962642062,False
Tnfrsf13b,2,0,0,0.9375010146418976,0.297719340243031,False
Tnfrsf17,1,0,0,,0.5567228359790144,False
Tnfrsf19,3,0,0,0.9988978288128184,0.5603503774194254,False
Tnfrsf1a,5,0,0,0.9054228263761034,0.3669508096020535,False
Tnfrsf1b,3,0,0,0.9712128462167144,0.8325777204905543,False
Tnfrsf21,4,0,0,0.6644586706753683,0.291516917864465,False
Tnfrsf23,1,0,0,,0.2536247378281232,False
Tnfsf10,2,0,0,0.9997978488301602,0.3650230560558545,False
Tnfsf12,6,0,0,0.1439966056029687,0.69349125468116,False
Tnfsf13,3,0,0,0.9997978488301602,1.4172706394765686,False
Tnfsf13b,1,0,0,,0.3392070915718757,False
Tnfsf9,3,0,0,0.998947809908267,1.4599034142476115,False
Tnik,4,0,0,0.5653120034065704,0.5535903188638468,False
Tnip1,4,0,0,0.7981419645204373,0.7556717370898426,False
Tnip2,4,0,0,0.9997978488301602,0.3364732947139935,False
Tnk2,4,0,0,0.8767627648475128,0.5013408042862851,False
Tnks,5,0,0,0.8402201583633553,0.6002969043903109,False
Tnks1bp1,4,0,0,0.9997978488301602,0.3377783911871719,False
Tnks2,7,0,0,0.3080195369282643,1.0377006052663185,False
Tnni1,1,0,0,0.1647697934354779,0.5023155916575917,False
Tnpo1,6,0,0,0.4620052455750172,0.89173459787259,False
Tnpo2,4,0,0,0.9997978488301602,0.7371121913030128,False
Tnpo3,7,0,0,0.8688204106272942,0.7728330920325498,False
Tnr,1,0,0,0.9999106453149894,0.1899237795959849,False
Tnrc18,5,0,0,0.906258751309346,0.2495984369554665,False
Tnrc6a,7,0,0,0.7431445249261647,0.5070359976834803,False
Tnrc6b,7,0,0,0.7532332969918063,0.8034316761140201,False
Tnrc6c,7,0,0,0.9142060145377696,0.7768185524400446,False
Tns1,5,0,0,0.6125964417721538,0.5578037753798841,False
Tns2,2,0,0,0.9997978488301602,1.0777845278195866,False
Tns3,6,0,0,0.8402201583633553,0.3330616765149018,False
Tob1,6,1,1,0.0001689683636895,0.7408894259233869,True
Tob2,7,0,0,0.4455928012475373,0.7208897140814626,False
Toe1,6,0,0,0.999465548143242,0.8102801250080873,False
Togaram1,5,0,0,0.999465548143242,0.5109916150384815,False
Tollip,6,0,0,0.5546467309271519,0.6595983541719017,False
Tom1,5,0,0,0.9613872956381267,1.033119653403476,False
Tom1l1,3,0,0,0.999465548143242,0.3305889922009013,False
Tom1l2,6,0,0,0.8065965269489748,0.439828422685537,False
Tomm20,7,0,0,0.5628438977412534,0.5948749993242517,False
Tomm22,7,0,0,0.9375010146418976,0.1930013011701613,False
Tomm34,6,0,0,0.853577114076842,0.9615772892852122,False
Tomm40,6,0,0,0.6898121919133972,0.431564549361302,False
Tomm40l,6,0,0,0.97714218428337,0.4753533668857071,False
Tomm5,7,0,0,0.8999497412488456,0.4592845820887685,False
Tomm6,7,0,0,0.9693377484700088,0.2284137129880998,False
Tomm7,7,0,0,0.8098104630732278,0.4054822106289387,False
Tomm70a,6,0,0,0.7439480729467459,0.5347121059787135,False
Top1,7,0,0,0.6499588292901043,0.4252171446791973,False
Top1mt,2,0,0,,0.7975018086230806,False
Top2a,2,0,0,0.9999106453149894,4.969811080005338,False
Top2b,7,0,0,0.3650522705105682,0.442654205787598,False
Top3a,1,0,0,,0.5160420231042324,False
Top3b,6,0,0,0.9771941538254924,0.3734828415297185,False
Topbp1,5,0,0,0.9997978488301602,1.2266323271489112,False
Topors,6,0,0,0.9126202336129886,0.3678850358446573,False
Tor1a,5,0,0,0.989078666465787,0.5254569844101533,False
Tor1aip1,7,0,0,0.8925089288573399,0.1775941955685019,False
Tor1aip2,6,0,0,0.7819212764210148,0.4521042353803754,False
Tor1b,5,0,0,0.9879647222525472,0.2502849299036777,False
Tor2a,5,0,0,0.7406528642641967,0.4536726829404129,False
Tor3a,4,0,0,0.999465548143242,0.3156428463308007,False
Tor4a,1,0,0,,0.0860854959453932,False
Tox,2,0,0,0.9999106453149894,0.190404604892092,False
Tox2,1,0,0,,0.525276351780913,False
Tox3,3,0,0,0.9999106453149894,0.9003599978376478,False
Tox4,6,0,0,0.9609836761753684,0.2501420523736271,False
Tpbg,2,0,0,,1.02810649519807,False
Tpbgl,1,0,0,0.7592220679406201,0.2476323518578859,False
Tpcn1,4,0,0,0.9988978288128184,0.4020752330855915,False
Tpcn2,1,0,0,,0.5094520628696714,False
Tpd52,5,0,0,0.8561572451790562,0.2158240742483237,False
Tpd52l1,4,0,0,0.999465548143242,0.2631297477525656,False
Tpd52l2,6,0,0,0.8821421870956816,0.2559358692349225,False
Tpgs1,6,0,0,0.9562120844204725,0.4029362309695113,False
Tpgs2,6,0,0,0.9286426146579844,0.7380772162357729,False
Tpi1,7,0,0,0.0670440216737269,0.8754306053084049,False
Tpk1,1,0,0,,0.5159824586523252,False
Tpm1,6,0,0,0.7927426385372717,0.3047486506553208,False
Tpm3,7,0,0,0.8130255844802706,0.2009641403424491,False
Tpm3-rs7,1,0,0,,0.5082214368930295,False
Tpm4,7,0,0,0.9054228263761034,0.5632422538582283,False
Tpmt,4,0,0,0.9999106453149894,0.3531351983764533,False
Tpp1,7,0,0,0.5675823859661129,0.6400649966947406,False
Tpp2,7,0,0,0.439536757499856,0.3301493510820042,False
Tppp,3,0,0,0.0515174855512215,0.460663346127025,False
Tppp3,2,1,1,0.0121590200579581,0.5096250262670228,True
Tpr,7,0,0,0.9070979963988064,0.1923387721440217,False
Tpra1,4,0,0,0.9997978488301602,0.5687090297546225,False
Tprgl,7,0,0,0.07247570395446,0.5331093328178309,False
Tprkb,6,0,0,0.987856211944101,0.2576386950132187,False
Tprn,4,0,0,0.9498509527323384,0.6241134663000345,False
Tpst1,5,0,0,0.9839220353229592,0.4287308595908611,False
Tpst2,6,0,0,0.1006916451403963,0.8922043807885088,False
Tpt1,7,0,0,0.4007770042804063,0.212865806145931,False
Tpx2,2,0,0,0.9999106453149894,2.96506561703306,False
Tra2a,7,0,0,0.9451899018703012,0.8295750418936951,False
Tra2b,7,0,0,0.5628438977412534,0.353877365033912,False
Trabd,6,0,0,0.8719440753032909,0.5135623868660656,False
Tradd,4,0,0,0.9693377484700088,0.376791737055885,False
Traf2,3,0,0,,0.448747934399213,False
Traf3,6,0,0,0.999465548143242,0.6401606959004553,False
Traf3ip1,5,0,0,0.999465548143242,0.5532795445773622,False
Traf3ip2,1,0,0,0.999465548143242,1.410054033490685,False
Traf3ip3,1,0,0,0.9054228263761034,0.1277529157620467,False
Traf4,3,0,0,0.999465548143242,0.6110801335844441,False
Traf5,2,0,0,0.9997978488301602,0.3036389964041809,False
Traf6,4,0,0,0.6521170909605272,0.4264828917566653,False
Traf7,6,0,0,0.999465548143242,0.3582824577242406,False
Trafd1,6,0,0,0.7278745565080218,0.3841838231692414,False
Trak1,6,0,0,0.9988978288128184,0.7645953525264103,False
Trak2,5,0,0,0.999465548143242,0.7935425863635049,False
Tram1,7,0,0,0.9142043580181678,0.398914987646556,False
Tram1l1,3,0,0,0.9999106453149894,0.7132610745150699,False
Tram2,2,0,0,0.9997978488301602,0.4671710486826101,False
Trap1,6,0,0,0.8799983622534403,0.3397709200710909,False
Trappc1,6,0,0,0.9320339787755104,0.8867366609605027,False
Trappc10,6,0,0,0.5751079081081095,0.3487909527043326,False
Trappc11,6,0,0,0.8976496990397612,0.6307489039920362,False
Trappc12,6,0,0,0.9333672193684552,0.3467387519097095,False
Trappc13,6,0,0,0.9333672193684552,0.4272186276311388,False
Trappc2,6,0,0,0.977017223345402,0.2379929264654835,False
Trappc2l,7,0,0,0.7452778002138197,0.3339970027566561,False
Trappc3,6,0,0,0.9195015463792224,0.5152942069110849,False
Trappc4,7,0,0,0.9603469151708518,0.4587437774736708,False
Trappc5,6,0,0,0.9784212791584648,0.3331278573671369,False
Trappc6a,5,0,0,0.1052704583434751,0.80692531604309,False
Trappc6b,6,0,0,0.8711099682071693,0.236061229980692,False
Trappc8,6,0,0,0.980978349483955,0.2259790435048482,False
Trappc9,6,0,0,0.968342392260438,0.2928281093045741,False
Trdmt1,3,0,0,,0.5183120204781475,False
Trem2,3,0,0,0.2115534090564289,0.5020102431793223,False
Trerf1,3,0,0,0.9999106453149894,0.6094999721499831,False
Trf,7,0,0,0.0526920147062061,1.0582942108863618,False
Triap1,6,0,0,0.9784212791584648,0.7948925705041102,False
Trib1,5,0,0,0.6539941352434602,1.4831607959890274,False
Trib2,3,0,0,0.9988978288128184,0.0783228521621845,False
Tril,3,0,0,0.9988978288128184,0.2146320602794325,False
Trim11,5,0,0,0.9997978488301602,0.3140615245355339,False
Trim12a,3,0,0,0.8933593320197283,0.3415069874988554,False
Trim12c,3,0,0,0.9997978488301602,0.4465038857904119,False
Trim13,2,0,0,0.9636847167956676,0.1819507100912867,False
Trim14,1,0,0,,0.1031734879897815,False
Trim16,1,0,0,0.6314588403782433,0.9402434872148104,False
Trim2,4,0,0,0.2890507304012448,0.4392716342330543,False
Trim21,2,0,0,,0.6654727396624186,False
Trim23,4,0,0,0.9584761365261044,0.2386506254474387,False
Trim24,6,0,0,0.5490736683397317,1.1506688828533962,False
Trim25,3,0,0,0.9997978488301602,0.6280829979426685,False
Trim26,5,0,0,0.8727597914628661,0.489803976789038,False
Trim27,6,0,0,0.976837578381132,0.3910128891556005,False
Trim28,6,0,0,0.7090662449545277,0.2366754620670882,False
Trim3,6,0,0,0.7439480729467459,0.760839469489314,False
Trim30a,3,0,0,0.8488541966037766,0.5648274693077013,False
Trim30c,1,0,0,,0.4240209957221859,False
Trim30d,1,0,0,0.96438277861516,0.0627694674604446,False
Trim32,6,0,0,0.9550624901828332,0.4667766380985963,False
Trim33,6,0,0,0.8272753004925326,0.7885509711729967,False
Trim34a,3,0,0,0.9997978488301602,0.6628529652518684,False
Trim35,6,0,0,0.9463003004555016,0.8280312498196825,False
Trim36,2,0,0,0.2344620034157361,0.6054762117447935,False
Trim37,6,0,0,0.999465548143242,0.6403596090400299,False
Trim39,4,0,0,0.9997978488301602,0.2782540378564427,False
Trim41,5,0,0,0.9613872956381267,0.4628455808116937,False
Trim44,5,0,0,0.9613872956381267,0.2934000238039229,False
Trim45,1,0,0,,0.3503732996332242,False
Trim47,3,0,0,0.7171334326721777,0.2624312738759276,False
Trim5,1,0,0,,0.0719435684361807,False
Trim56,3,0,0,0.9210364063966592,0.2532229375475888,False
Trim59,1,0,0,0.8402201583633553,0.1567887163146087,False
Trim62,1,0,0,0.9999106453149894,0.6292784502150919,False
Trim65,3,0,0,0.9997978488301602,0.4549345653821044,False
Trim7,1,0,0,,0.1986887716136119,False
Trim8,7,0,0,0.9489591940169484,0.8701973908280145,False
Trim9,2,0,0,0.9988978288128184,0.0946570035383309,False
Trio,4,0,0,0.9451899018703012,0.2982871077527024,False
Triobp,4,0,0,0.8195676441890538,0.4589939922788721,False
Trip10,3,0,0,0.999465548143242,0.6778964116215458,False
Trip11,7,0,0,0.5617753192579373,0.8097875757429844,False
Trip12,7,0,0,0.1820911751140671,0.7071950716763303,False
Trip4,6,0,0,0.9613872956381267,0.7616359339031938,False
Trip6,3,0,0,0.999465548143242,0.2761821988581625,False
Triqk,3,0,0,0.999465548143242,0.7580335869436812,False
Trir,7,0,0,0.8098104630732278,0.3828398918380747,False
Trit1,3,0,0,0.9999106453149894,0.3674650390201692,False
Trmo,2,0,0,,0.2283715116597715,False
Trmt1,5,0,0,0.9025551416275,0.5045849288148571,False
Trmt10a,4,0,0,0.9999106453149894,0.5902926064861593,False
Trmt10b,3,0,0,0.9762063074083276,0.3278031334880816,False
Trmt10c,6,0,0,0.999465548143242,1.2208524470950044,False
Trmt11,5,0,0,0.9997978488301602,0.3248421546318826,False
Trmt112,7,0,0,0.977235793349001,0.3158690741072531,False
Trmt12,2,0,0,,0.2577309829786308,False
Trmt13,5,0,0,0.9333672193684552,0.4929649937222417,False
Trmt1l,6,0,0,0.9241207991565216,0.9609082572303328,False
Trmt2a,5,0,0,0.9333672193684552,0.5808366413751423,False
Trmt2b,5,0,0,0.999465548143242,0.3239764387721058,False
Trmt44,1,0,0,,0.8151244768010285,False
Trmt5,2,0,0,,0.4802691083358155,False
Trmt6,5,0,0,0.987856211944101,0.2512214311860071,False
Trmt61a,2,0,0,,0.1091765946494282,False
Trmt61b,4,0,0,0.9999106453149894,0.9214587455810622,False
Trmt9b,1,0,0,,0.3086557671070962,False
Trmu,5,0,0,0.9999106453149894,0.6314563422534947,False
Trnau1ap,6,0,0,0.8667737457308301,0.384204991493884,False
Trnp1,1,0,0,0.9999106453149894,0.336646097443581,False
Trnt1,5,0,0,0.505418629848525,0.3737632051929908,False
Tro,2,0,0,0.9999106453149894,0.0781171481399944,False
Trp53,6,0,0,0.4141523281977693,0.3878323230300177,False
Trp53bp1,5,0,0,0.9997978488301602,0.5220411965074109,False
Trp53bp2,5,0,0,0.4230302808013113,0.403536701681384,False
Trp53cor1,3,0,0,0.999465548143242,0.8342672910047249,False
Trp53i11,1,0,0,,0.3425904022680689,False
Trp53i13,4,0,0,0.9971230182955928,0.3958455984495373,False
Trp53inp1,5,0,0,0.1834048331498103,1.2019801873683964,False
Trp53inp2,5,0,0,0.999465548143242,0.5870426691304251,False
Trp53rka,5,0,0,0.9994094398372564,0.8538854822123088,False
Trp53rkb,2,0,0,,0.6915935884922164,False
Trp73,1,0,0,0.999465548143242,0.5187301005445164,False
Trpc1,3,0,0,0.5758629517812214,0.4209307971127605,False
Trpc4ap,7,0,0,0.9126202336129886,0.8722601547208454,False
Trpm2,1,0,0,,0.1419894261275156,False
Trpm3,4,0,0,0.9988978288128184,0.9230454623152384,False
Trpm4,2,0,0,0.9997978488301602,0.963147467460815,False
Trpm7,6,0,0,0.9375010146418976,0.3144005068737822,False
Trps1,6,0,0,0.9446358271558832,0.8143846079858189,False
Trpt1,3,0,0,0.999465548143242,0.2570830536219187,False
Trpv2,1,0,0,,0.1289610584939241,False
Trpv3,1,0,0,,0.4285350128932076,False
Trpv4,2,0,0,0.999465548143242,1.7172838133490311,False
Trrap,6,0,0,0.9155141700581956,1.0193277694422411,False
Trub1,4,0,0,0.9999106453149894,0.4937008523104959,False
Trub2,4,0,0,0.9999106453149894,0.8758334099043503,False
Tsacc,3,0,0,0.999465548143242,0.7433058603620777,False
Tsc1,5,0,0,0.2972118779741695,0.5294755434901459,False
Tsc2,6,0,0,0.6842432138039588,0.4016876972368861,False
Tsc22d1,6,0,0,0.999465548143242,0.1938710698103878,False
Tsc22d2,7,0,0,0.4433260905613333,0.5142650392467275,False
Tsc22d3,5,1,1,0.0035820839542862,1.0330685855946868,True
Tsc22d4,7,0,0,0.0513951822237464,0.4831419745591642,False
Tsen15,6,0,0,0.999465548143242,0.667282966769533,False
Tsen2,5,0,0,0.7668353974070197,0.6090563161832006,False
Tsen34,6,0,0,0.8727597914628661,0.4407410728508754,False
Tsen54,1,0,0,,0.2016564332389734,False
Tsfm,6,0,0,0.9640531979720832,0.5185549444929306,False
Tsg101,6,0,0,0.5764636495527713,0.363244527721581,False
Tsga10,4,0,0,0.8667737457308301,0.6215102896182461,False
Tshb,1,0,0,,0.7734890293109873,False
Tshz1,6,0,0,0.7957537535669504,0.770631754058303,False
Tshz2,3,0,0,0.9997978488301602,0.2144278297920562,False
Tshz3,3,0,0,0.9999106453149894,0.4548665334939278,False
Tsix,5,2,2,0.0128932216318935,1.08620026208673,True
Tsn,7,0,0,0.7067710650500093,0.4006636788838619,False
Tsnax,6,0,0,0.9550624901828332,0.3957320079214398,False
Tspan12,3,0,0,0.9988978288128184,0.209764938052648,False
Tspan13,4,0,0,0.6125964417721538,0.9751928633151042,False
Tspan14,4,0,0,0.9375010146418976,0.2447507082483953,False
Tspan15,3,0,0,0.9771941538254924,0.2912414173243773,False
Tspan17,3,0,0,0.694295957244932,0.3920708580698604,False
Tspan18,2,0,0,,0.3867531059243988,False
Tspan2,4,0,0,0.8767627648475128,0.589046049697213,False
Tspan2os,1,0,0,,0.1118570933061156,False
Tspan3,7,0,0,0.8897181118080411,0.621725571613835,False
Tspan31,6,0,0,0.9208018170938068,0.6265511885616384,False
Tspan32,1,0,0,,0.463290666673696,False
Tspan33,3,0,0,0.999465548143242,0.6666976425279836,False
Tspan4,6,1,1,0.0467788498124939,1.1745336831084854,True
Tspan5,6,0,0,0.6683325010001956,0.5682101537376916,False
Tspan6,4,0,0,0.9997978488301602,0.4326636918957773,False
Tspan7,6,1,1,0.046705001295036,0.6593660359122969,True
Tspan9,4,0,0,0.3290879464283113,0.8528852753418611,False
Tspo,6,0,0,0.6268664619869364,0.8053410621912906,False
Tspoap1,2,0,0,0.9999106453149894,0.8694493469479884,False
Tspyl1,6,0,0,0.8933593320197283,0.4605349670999624,False
Tspyl2,5,0,0,0.8329522516831467,0.6039130702428902,False
Tspyl3,1,0,0,,0.038273442502621,False
Tspyl4,4,0,0,0.4017220556220933,0.6916778715983455,False
Tsr1,2,0,0,,0.3789849239906648,False
Tsr2,6,0,0,0.9418738767823392,0.7416758011287494,False
Tsr3,6,0,0,0.9613872956381267,0.5397819047262319,False
Tssc4,6,0,0,0.5130494812680432,0.4707698297531242,False
Tst,3,1,1,0.0496517524640893,0.916420004731214,True
Tsta3,6,0,0,0.999465548143242,0.6956851655121923,False
Tstd2,6,0,0,0.999465548143242,0.759810677116842,False
Tstd3,2,0,0,,1.326369207771443,False
Ttbk1,2,0,0,0.9481014030106708,0.5921645107204304,False
Ttbk2,5,0,0,0.939005200842886,0.7047703948683254,False
Ttc1,6,0,0,0.9904469851238652,0.4924934267144157,False
Ttc12,2,0,0,0.999465548143242,0.5880564782050395,False
Ttc13,5,0,0,0.9999106453149894,0.2576627018822309,False
Ttc14,5,0,0,0.9523867509305338,0.3528332768355704,False
Ttc17,4,0,0,0.9997978488301602,0.4190489227107764,False
Ttc19,6,0,0,0.904403652967026,0.6563816894014632,False
Ttc21b,4,0,0,0.9999106453149894,0.6762167468464042,False
Ttc23,2,0,0,,0.3852731941537058,False
Ttc25,2,0,0,,0.2743653649074776,False
Ttc26,1,0,0,0.999465548143242,0.0321670616751641,False
Ttc27,2,0,0,,0.4597311078087762,False
Ttc28,5,0,0,0.9771958735378466,0.4316106345992049,False
Ttc3,6,0,0,0.8659477858743485,0.2495817864735187,False
Ttc30b,3,0,0,0.999465548143242,0.934647765741736,False
Ttc32,6,0,0,0.999465548143242,0.2909818506080367,False
Ttc33,6,0,0,0.7997160658979882,0.3240887310680733,False
Ttc37,5,0,0,0.9997978488301602,0.6796605846284329,False
Ttc38,4,0,0,0.9997978488301602,0.7795229165010439,False
Ttc39a,1,0,0,0.999465548143242,0.2211262016576995,False
Ttc39b,4,0,0,0.9997978488301602,0.8637211495003928,False
Ttc39c,1,0,0,,0.165153345552159,False
Ttc4,6,0,0,0.8891806875164627,0.3843681659780265,False
Ttc5,6,0,0,0.9784212791584648,0.2338214077026048,False
Ttc7,3,0,0,0.967947226190576,0.2805554747143126,False
Ttc7b,4,0,0,0.9997978488301602,0.4379584075453033,False
Ttc8,5,0,0,0.999465548143242,0.4526569444587404,False
Ttc9,3,0,0,0.9409257914200232,0.4924552950957404,False
Ttc9b,1,0,0,0.9999106453149894,0.0924892640919363,False
Ttc9c,5,0,0,0.999465548143242,0.4820154514456571,False
Ttf1,5,0,0,0.9325813499044424,0.3298603368298479,False
Ttf2,2,0,0,0.999465548143242,0.4656225697190055,False
Tti1,2,0,0,,0.325878657322091,False
Tti2,5,0,0,0.9999106453149894,0.3526364865204687,False
Ttl,3,0,0,0.9997978488301602,0.3685106216446419,False
Ttll1,3,0,0,0.9999106453149894,0.6026503525666989,False
Ttll12,2,0,0,,0.4204730935060191,False
Ttll3,2,0,0,,0.6944186287017811,False
Ttll4,3,0,0,,0.6226974086470188,False
Ttll5,4,0,0,0.9333672193684552,0.854090257449763,False
Ttll7,6,0,0,0.4675800500314453,1.0060431951133146,False
Ttpa,1,0,0,,0.1152896018637428,False
Ttpal,2,0,0,,0.1075557905873493,False
Ttr,7,2,2,1.3351393427721536e-05,4.333292960059333,True
Ttyh1,5,0,0,0.2390836728384205,0.5263825034897182,False
Ttyh2,4,0,0,0.4318360542677162,0.7083635423501915,False
Ttyh3,6,0,0,0.6729479275271378,0.6063238258730221,False
Tub,1,0,0,0.9999106453149894,0.3488626657590588,False
Tuba1a,7,0,0,0.7311337497895115,0.4780969520864236,False
Tuba1b,7,0,0,0.7278745565080218,0.3918908135153321,False
Tuba1c,3,0,0,0.998947809908267,0.6355360285276787,False
Tuba4a,4,0,0,0.9988978288128184,1.1824031233156365,False
Tubb2a,7,0,0,0.9025419484633896,0.3915721183115386,False
Tubb2b,5,0,0,0.8665766321150157,0.3718256725415982,False
Tubb3,2,1,1,3.02394849978779e-10,1.2947041856174475,True
Tubb4a,5,0,0,0.9580065637838178,0.6546028351541421,False
Tubb4b,7,0,0,0.4493331814455771,3.247493285575074,False
Tubb5,7,0,0,0.0601986559532319,0.8891274303072201,False
Tubb6,1,0,0,,1.038419235900932,False
Tubd1,1,0,0,,0.1124331938619875,False
Tubg1,6,0,0,0.5663683507884781,0.5170990756813595,False
Tubg2,1,0,0,,0.7068669182207258,False
Tubgcp2,5,0,0,0.9997978488301602,0.2962916332177948,False
Tubgcp3,5,0,0,0.9997978488301602,0.3550295617332483,False
Tubgcp4,5,0,0,0.9997978488301602,0.4875272523677988,False
Tubgcp5,7,0,0,0.8204826256055683,0.640554025542205,False
Tubgcp6,2,0,0,,0.1683703750519913,False
Tufm,6,0,0,0.9784212791584648,0.4360655129094778,False
Tuft1,1,0,0,0.999465548143242,0.1578386680084459,False
Tug1,6,0,0,0.9538226176478114,1.293548737606341,False
Tulp3,6,0,0,0.2536998942889868,0.99583418654733,False
Tulp4,6,1,1,0.0180940391357124,0.6091794645723948,True
Tusc1,3,0,0,0.9999106453149894,0.7794765764359775,False
Tusc2,6,0,0,0.7109950007735599,0.5406165245093693,False
Tusc3,6,0,0,0.9879647222525472,0.641428432943737,False
Tut1,2,0,0,,0.1576332682580284,False
Tut4,7,0,0,0.4186499788303846,0.3845878927197707,False
Tut7,7,0,0,0.9241165013801418,0.3635565987701878,False
Tvp23a,3,0,0,0.9999106453149894,0.6929298609266085,False
Tvp23b,6,0,0,0.8064797269039495,0.4923819170379597,False
Twf1,7,0,0,0.777245890589481,0.3451191041545927,False
Twf2,6,0,0,0.8219730859579079,0.511340531596409,False
Twistnb,6,0,0,0.539078917790648,0.606657931727246,False
Twnk,2,0,0,,0.4160878154802871,False
Twsg1,6,0,0,0.5023279481619385,0.9139601925193364,False
Txlna,6,0,0,0.8377027920439163,0.578884953779641,False
Txlng,6,0,0,0.9613872956381267,0.5158447708070646,False
Txn1,7,0,0,0.8667737457308301,0.3952128930997201,False
Txn2,7,0,0,0.6338232438748905,0.4272270775527614,False
Txndc11,5,0,0,0.9997978488301602,0.4179279379611788,False
Txndc12,5,0,0,0.2690748530140653,0.5534704837750445,False
Txndc15,6,0,0,0.764433529486854,0.2336186333248548,False
Txndc16,5,0,0,0.9155141700581956,0.2703489815068191,False
Txndc17,7,0,0,0.2690748530140653,0.3896383791442723,False
Txndc5,5,0,0,0.9997978488301602,0.5866092663391063,False
Txndc9,6,0,0,0.9375010146418976,0.3885613992648778,False
Txnip,6,0,0,0.6799950726503133,0.3523791652538319,False
Txnl1,6,0,0,0.9467762614591037,0.4312298446366405,False
Txnl4a,6,0,0,0.5752246991860285,0.7349350141529909,False
Txnl4b,2,0,0,,0.2961232905955778,False
Txnrd1,6,0,0,0.9656780974342264,0.5724084302371717,False
Txnrd2,3,0,0,,0.3399388492231086,False
Txnrd3,1,0,0,0.999465548143242,1.1963775427558665,False
Tyk2,3,0,0,0.9997978488301602,0.7276373776808926,False
Tyms,3,0,0,0.9999106453149894,0.3634383766583264,False
Tyro3,2,0,0,0.8204826256055683,0.5567375727103677,False
Tyrobp,4,0,0,0.9753393319722374,0.1820882051726931,False
Tysnd1,5,0,0,0.9734588820402756,0.2941620031899887,False
Tyw1,5,0,0,0.9999106453149894,0.5046006957883293,False
Tyw3,2,0,0,,0.4891886571302216,False
Tyw5,5,0,0,0.9999106453149894,0.5565621094531429,False
U2af1,7,0,0,0.9084646376189774,0.2863039208996799,False
U2af1l4,6,0,0,0.9970554848778064,0.1912849310555918,False
U2af2,7,0,0,0.9644314079198152,0.32167725889031,False
U2surp,7,0,0,0.620051648385089,0.2990974748038785,False
Uaca,1,0,0,0.9997978488301602,0.2301318329526026,False
Uap1,6,0,0,0.7086554640322857,0.3797997794779613,False
Uap1l1,4,0,0,0.999465548143242,0.4238390820196556,False
Uba1,6,0,0,0.9021968698616962,0.5558268897352077,False
Uba2,6,0,0,0.8809515385344964,0.4916560529684741,False
Uba3,6,0,0,0.9613872956381267,0.4581923960865732,False
Uba5,6,0,0,0.3953659219160391,0.4412702381772563,False
Uba52,7,1,1,0.0005350671388547,0.6376643170851881,True
Uba6,5,0,0,0.2690748530140653,1.095776274330832,False
Uba7,2,0,0,0.9997978488301602,0.0939526677771649,False
Ubac1,6,0,0,0.9613872956381267,0.4789214463072092,False
Ubac2,6,0,0,0.7981419645204373,0.4639538315582173,False
Ubald1,5,0,0,0.9921880082569576,0.5929132467181977,False
Ubald2,7,0,0,0.1914458708839304,0.534618384805957,False
Ubap1,6,0,0,0.9879647222525472,0.5218839877065704,False
Ubap2,6,0,0,0.8617306472084703,0.3460912375619505,False
Ubap2l,7,0,0,0.9341769146397448,0.3667492722705652,False
Ubash3b,3,0,0,0.7439480729467459,0.295348332662818,False
Ubb,7,0,0,0.866174710066969,0.2664430046053884,False
Ubc,7,1,1,3.152449656156613e-06,0.7494990052834803,True
Ube2a,6,0,0,0.6125964417721538,0.5021628082280799,False
Ube2b,7,0,0,0.7295746857594037,0.4509657393587444,False
Ube2d1,6,0,0,0.9603469151708518,0.7517579616305352,False
Ube2d2a,7,0,0,0.7624273136750327,0.5808307880295951,False
Ube2d3,7,0,0,0.6493174968073643,0.5268452135912194,False
Ube2e1,6,0,0,0.9726112630401832,0.6618984011385693,False
Ube2e2,5,0,0,0.8622072670002854,0.4458220467433604,False
Ube2e3,7,0,0,0.9394207231963488,0.4544945885051411,False
Ube2f,6,0,0,0.9010248316522482,0.3436193340782454,False
Ube2g1,6,0,0,0.9885204868030568,0.5158157284955205,False
Ube2g2,5,0,0,0.999465548143242,0.362608795387399,False
Ube2h,6,0,0,0.2644316226596818,0.6562181283760327,False
Ube2i,7,0,0,0.8304796525639428,0.2437235178142457,False
Ube2j1,6,0,0,0.9489591940169484,0.3522163744570521,False
Ube2j2,6,0,0,0.9603469151708518,0.5500911221213429,False
Ube2k,7,0,0,0.9928990416142048,0.2270807637142891,False
Ube2l3,7,0,0,0.6736813468052645,0.7250848793816856,False
Ube2l6,2,0,0,0.9997978488301602,0.7356852997770481,False
Ube2m,7,0,0,0.2125551187195404,0.4769098243286807,False
Ube2n,7,0,0,0.7688498396020211,0.5438102023845888,False
Ube2o,6,0,0,0.9613872956381267,1.4029981436207248,False
Ube2q1,6,0,0,0.8821421870956816,0.1238309373418104,False
Ube2q2,6,0,0,0.9415716999865504,0.5825177202330721,False
Ube2ql1,1,0,0,0.9999106453149894,0.3276025783373154,False
Ube2r2,7,0,0,0.8131246155105032,0.2981532486176626,False
Ube2s,7,0,0,0.570720857490917,0.6172830334007131,False
Ube2v1,6,0,0,0.7990244019062459,0.3308854540890362,False
Ube2v2,6,0,0,0.8436289172168773,0.449455949683739,False
Ube2w,6,0,0,0.8402201583633553,0.3008157427263899,False
Ube2z,6,0,0,0.9675856372042414,0.3636520026225884,False
Ube3a,7,0,0,0.8665766321150157,0.3878529660302524,False
Ube3b,5,0,0,0.9997978488301602,0.4659380456521001,False
Ube3c,6,0,0,0.8719440753032909,0.3832626410374237,False
Ube4a,5,0,0,0.9392609132522984,0.3823092947863649,False
Ube4b,6,0,0,0.9885204868030568,0.505973544216917,False
Ubfd1,6,0,0,0.999465548143242,0.7486612511725047,False
Ubiad1,2,0,0,,0.5137139672071331,False
Ubl3,7,0,0,0.8062963167231335,0.3544036584713741,False
Ubl4a,6,0,0,0.8402201583633553,0.4948895592020503,False
Ubl5,7,0,0,0.5097384719041146,0.4994034582696489,False
Ubl7,6,0,0,0.4972622031411411,0.4840569351013469,False
Ublcp1,6,0,0,0.9885204868030568,0.3028663883967677,False
Ubn1,7,0,0,0.6287424584505742,0.6771445502833979,False
Ubn2,6,0,0,0.8320163606442603,0.2786130848676754,False
Ubox5,2,0,0,,0.8929625749019301,False
Ubp1,5,0,0,0.876292144009985,0.4746949368252842,False
Ubqln1,6,0,0,0.96438277861516,0.3840324774394557,False
Ubqln2,6,0,0,0.9017823756030476,0.1684950845675499,False
Ubqln4,5,0,0,0.9997978488301602,0.3250094709525299,False
Ubr1,6,0,0,0.9341769146397448,0.8171283698143096,False
Ubr2,6,0,0,0.7901325417816933,0.2717451116684964,False
Ubr3,6,0,0,0.4965997044503973,0.4115600830880704,False
Ubr4,5,0,0,0.9771941538254924,0.217441649860109,False
Ubr5,6,0,0,0.6499588292901043,0.3604787155903255,False
Ubr7,6,0,0,0.5546467309271519,1.2186531591654854,False
Ubtd1,2,0,0,0.9997978488301602,0.2830368276645757,False
Ubtd2,3,0,0,0.999465548143242,1.0380437401945803,False
Ubtf,6,0,0,0.9549691682832956,0.2092319078159957,False
Ubxn1,7,0,0,0.9607335331854868,0.239246668182917,False
Ubxn10,1,0,0,0.999465548143242,0.1368703249940651,False
Ubxn11,1,0,0,0.999465548143242,0.3826757320258239,False
Ubxn2a,6,0,0,0.9761340426509554,0.5985018938838604,False
Ubxn2b,6,0,0,0.999465548143242,0.7407398688673147,False
Ubxn4,6,0,0,0.8781770920570142,0.1401449850645487,False
Ubxn6,6,0,0,0.1444599289288217,0.647469650527226,False
Ubxn7,6,0,0,0.4559320745021041,1.038570259928899,False
Ubxn8,5,0,0,0.942371774006941,0.3946785410081921,False
Uchl1,4,0,0,0.829388260330224,0.3258174149754825,False
Uchl3,6,0,0,0.5989680877797672,0.796596790524406,False
Uchl5,6,0,0,0.9771941538254924,0.2597499947679229,False
Uck1,6,0,0,0.9771941538254924,0.3239435595013306,False
Uck2,1,0,0,,0.3571933825806112,False
Uckl1,6,0,0,0.8858569656527041,0.327042640161498,False
Ucp2,4,0,0,0.393632057181229,0.3662059271239526,False
Uevld,2,0,0,,0.7803333664742783,False
Ufc1,7,0,0,0.9523867509305338,0.3374167728967227,False
Ufd1,6,0,0,0.958693593467678,0.3121341275408337,False
Ufl1,5,0,0,0.853577114076842,0.5640915637735128,False
Ufm1,6,0,0,0.9550624901828332,0.2582341052922215,False
Ufsp1,4,0,0,0.999465548143242,1.2187291603131225,False
Ufsp2,6,0,0,0.9420281181364688,0.2115914394340109,False
Ugcg,5,0,0,0.9997978488301602,0.4846724369586073,False
Ugdh,6,0,0,0.999465548143242,0.2199317442986579,False
Uggt1,5,0,0,0.8402201583633553,0.3661663403916679,False
Uggt2,4,0,0,0.9999106453149894,0.4483498057715218,False
Ugp2,6,0,0,0.8801076879629245,0.3580520187934566,False
Ugt8a,2,1,1,0.021080198649022,0.4861985975783989,True
Uhmk1,6,0,0,0.8757266613143065,0.4657908489585807,False
Uhrf1bp1,2,0,0,,0.1153297985549349,False
Uhrf1bp1l,6,0,0,0.999465548143242,0.6192735311951925,False
Uhrf2,5,0,0,0.6518406691157249,0.4217155302433071,False
Uimc1,6,0,0,0.9791149657819496,0.4943518210445693,False
Ulbp1,1,0,0,,0.8144160576246139,False
Ulk1,6,0,0,0.9771941538254924,1.0582270889715295,False
Ulk2,7,0,0,0.3387879469616436,0.7826458940035351,False
Ulk3,2,0,0,,0.3174932266980717,False
Ulk4,4,0,0,0.3455156274413766,1.7229146383647596,False
Umad1,3,0,0,0.999465548143242,0.2966447788247026,False
Umps,3,0,0,0.999465548143242,0.4650858661920901,False
Unc119,4,0,0,0.999465548143242,1.863112938520004,False
Unc119b,6,0,0,0.999465548143242,0.3244293076484864,False
Unc13b,1,0,0,0.9997978488301602,0.425969048659584,False
Unc13c,3,0,0,0.9999106453149894,0.5401508306037116,False
Unc13d,2,0,0,,0.3498024342744277,False
Unc45a,5,0,0,0.999465548143242,0.5595046712483058,False
Unc45b,1,0,0,0.9997978488301602,0.1260448875785368,False
Unc50,6,0,0,0.8479654024844037,0.5392303975208338,False
Unc5b,2,0,0,0.1151376079286952,0.4281697712724633,False
Unc5c,2,0,0,0.847687212813709,0.205265724679501,False
Unc79,1,0,0,0.9999106453149894,0.0750474611163324,False
Unc80,1,0,0,0.9999106453149894,0.4652895108515209,False
Unc93b1,5,0,0,0.5542098477446937,0.8198832102350254,False
Unk,5,0,0,0.9997978488301602,0.9863756566604052,False
Unkl,4,0,0,0.9997978488301602,0.3851479369648186,False
Upf1,6,0,0,0.9943730809498168,0.5295312622246912,False
Upf2,6,0,0,0.9054228263761034,0.413445449428848,False
Upf3a,6,0,0,0.712246375049567,0.3101884815260475,False
Upf3b,6,0,0,0.7949725240749512,0.3626256946973243,False
Upk1b,1,0,0,,0.2903479110118931,False
Upp1,2,0,0,0.999465548143242,1.0081100001456007,False
Upp2,5,0,0,0.9997978488301602,0.5452641044065984,False
Uqcc1,6,0,0,0.999465548143242,0.7861743257773577,False
Uqcc2,7,0,0,0.773122613881827,0.1970015131781933,False
Uqcc3,6,0,0,0.9347267260805584,0.3625034347413787,False
Uqcr10,7,0,0,0.9375010146418976,0.3534852580416575,False
Uqcr11,7,0,0,0.9162091333220356,0.3355793266125097,False
Uqcrb,7,0,0,0.9528353227051498,0.2225596878748248,False
Uqcrc1,7,0,0,0.6417099393639951,0.4835421321787131,False
Uqcrc2,7,0,0,0.9195015463792224,0.2905887410590236,False
Uqcrfs1,7,0,0,0.6539941352434602,0.3157518202992239,False
Uqcrh,7,0,0,0.971032361525934,0.2800403618932554,False
Uqcrq,7,0,0,0.9603469151708518,0.1291344961457468,False
Urb1,2,0,0,,0.076223474789914,False
Urb2,1,0,0,,0.7692806629537494,False
Urgcp,6,0,0,0.999465548143242,0.4003012481697572,False
Uri1,6,0,0,0.6337338650695742,0.5486860972762895,False
Urm1,6,0,0,0.9614961848933092,0.4319737930647819,False
Urod,6,0,0,0.69662512810989,0.5077838144908653,False
Uros,2,0,0,,0.2286116482169754,False
Usb1,2,0,0,,0.4155362995400579,False
Use1,7,0,0,0.7041507712502412,0.7090875942985543,False
Usf1,6,0,0,0.9537201335077968,0.3308074634508002,False
Usf2,7,0,0,0.8625385560338821,0.5210602146672422,False
Usf3,6,0,0,0.999465548143242,0.8448366997664218,False
Ushbp1,1,0,0,0.9997978488301602,0.0778364419071047,False
Uso1,6,0,0,0.8992872603476387,0.7774381966375975,False
Usp1,6,0,0,0.9786874948930776,0.1863111098614908,False
Usp10,6,0,0,0.987072962270334,0.5543321474767399,False
Usp11,4,0,0,0.557931184983576,0.5724601772691528,False
Usp12,6,0,0,0.976837578381132,1.0722541008857744,False
Usp13,1,0,0,,0.1068320781441028,False
Usp14,6,0,0,0.7351547483271733,0.2702047250685278,False
Usp15,6,0,0,0.7573064249629723,0.3662129752851376,False
Usp16,6,0,0,0.3377758760660661,0.4426343281730883,False
Usp18,2,0,0,0.9997978488301602,1.218525381311166,False
Usp19,6,0,0,0.891987187596155,0.7650284754723191,False
Usp2,5,0,0,0.283939868701541,0.671482686479232,False
Usp20,4,0,0,0.9190492376825816,0.4826902616707653,False
Usp21,5,0,0,0.9235234228535996,1.0923950550396346,False
Usp22,6,0,0,0.6842432138039588,0.5412145316896119,False
Usp24,5,0,0,0.675094888258432,0.410137111743985,False
Usp25,6,0,0,0.8098104630732278,0.6322696106590436,False
Usp28,2,0,0,,0.5295273150809275,False
Usp29,1,0,0,0.9999106453149894,0.2670388750319358,False
Usp3,6,0,0,0.9997117263061546,0.2518518087721347,False
Usp30,3,0,0,0.9801820393362448,0.2990575916897033,False
Usp31,5,0,0,0.3788336225912267,1.3721129809293764,False
Usp32,6,0,0,0.638871552754888,1.3805503958174574,False
Usp33,6,0,0,0.9971230182955928,0.3248217657589395,False
Usp34,6,0,0,0.8636523734253471,0.1823564935228622,False
Usp35,2,0,0,,0.1916439386522798,False
Usp36,5,0,0,0.8818650673896277,0.737861759966732,False
Usp37,5,0,0,0.8667737457308301,0.4140774402271188,False
Usp38,5,0,0,0.9997978488301602,0.8624545295086422,False
Usp39,4,0,0,0.8893141290103717,0.2549391154018868,False
Usp4,6,0,0,0.7086554640322857,0.4965148206149845,False
Usp40,6,0,0,0.9636847167956676,0.2348005174745704,False
Usp42,5,0,0,0.9997978488301602,1.0191308528822502,False
Usp43,1,0,0,,0.3996075352602293,False
Usp45,6,0,0,0.999465548143242,0.8143234753532235,False
Usp46,6,0,0,0.8818650673896277,0.5799380773213055,False
Usp47,6,0,0,0.8818650673896277,0.2893745007256706,False
Usp48,5,0,0,0.9961696007647448,0.4855661522963382,False
Usp5,6,0,0,0.9839220353229592,0.5497009893566733,False
Usp50,6,0,0,0.999465548143242,1.0777725916723715,False
Usp51,1,0,0,0.9999106453149894,0.6542179281546363,False
Usp53,4,0,0,0.9988978288128184,0.2523199167403787,False
Usp54,4,0,0,0.6948458817943409,0.2628037422620366,False
Usp6nl,5,0,0,0.8781770920570142,0.4323360109547113,False
Usp7,6,0,0,0.9409257914200232,0.7319418172873815,False
Usp8,7,0,0,0.5998375672990877,0.2451943782273613,False
Usp9x,6,0,0,0.2859736438167443,0.738273180144395,False
Uspl1,5,0,0,0.6786609028460928,0.4991604332502627,False
Ust,3,0,0,0.9999106453149894,0.6759916870390977,False
Utp11,7,0,0,0.8496976767411729,0.5350307263566738,False
Utp14a,5,0,0,0.9961696007647448,0.4011049303002742,False
Utp14b,5,0,0,0.699144657758908,0.9016820602584062,False
Utp15,4,0,0,0.9999106453149894,0.5333305840020783,False
Utp18,6,0,0,0.8818650673896277,0.3780182239270027,False
Utp20,3,0,0,,0.609997827775244,False
Utp23,5,0,0,0.9771941538254924,0.716275658558351,False
Utp25,5,0,0,0.9999106453149894,0.3442131184086811,False
Utp3,6,0,0,0.9054228263761034,0.524685132032192,False
Utp4,4,0,0,0.999465548143242,0.3570571933767963,False
Utp6,6,0,0,0.977017223345402,1.268211389825624,False
Utrn,4,0,0,0.9997978488301602,0.3125234379629528,False
Uvrag,6,0,0,0.9541249966032276,0.5680592820359154,False
Uvssa,5,0,0,0.112624615026562,0.926234666268254,False
Uxs1,6,0,0,0.955962244835765,0.3105148031741357,False
Uxt,6,0,0,0.7254942816138444,0.554245018164261,False
Vac14,4,0,0,0.9997978488301602,0.7005276424338014,False
Vamp1,3,0,0,,0.6303494604406065,False
Vamp2,6,0,0,0.4637993171659004,0.4452758797006036,False
Vamp3,6,0,0,0.9244274822682532,0.3180322449754351,False
Vamp4,6,0,0,0.897435817961038,0.4067037929217333,False
Vamp5,5,0,0,0.6141800427646132,0.7146616687370376,False
Vamp7,6,0,0,0.9563819747493084,0.7406623482188085,False
Vamp8,6,0,0,0.897435817961038,0.5203271714602676,False
Vangl1,2,0,0,0.9613872956381267,0.1921076799173954,False
Vangl2,5,0,0,0.9997978488301602,0.3614224551865271,False
Vapa,7,0,0,0.9037083430751232,0.6049688349551013,False
Vapb,6,0,0,0.897435817961038,0.1408655050023425,False
Vars,5,0,0,0.9997978488301602,0.5722611475322305,False
Vars2,3,0,0,,0.5633901828981854,False
Vasn,2,0,0,0.999465548143242,0.4963434033897681,False
Vasp,7,0,0,0.5915448919061914,0.9061659700762508,False
Vat1,4,0,0,0.9932527654424816,0.7705568571973707,False
Vat1l,2,0,0,0.9836376050832536,0.9831697685338472,False
Vav1,2,0,0,0.8521628337851891,0.1654447012701759,False
Vav2,1,0,0,0.9447571511578672,0.0919712446337904,False
Vav3,1,0,0,,0.1978006191126538,False
Vbp1,6,0,0,0.6855960244429844,0.2917205365836,False
Vcam1,6,1,1,0.0101747137715842,1.9580157684645725,True
Vcan,2,0,0,0.9999106453149894,0.2859938659440902,False
Vcl,4,0,0,0.9988978288128184,0.9247963961452548,False
Vcp,7,0,0,0.908134199172438,0.3221952068904991,False
Vcpip1,5,0,0,0.9451899018703012,0.647015250412926,False
Vcpkmt,1,0,0,,0.5693195036919508,False
Vdac1,7,0,0,0.9613872956381267,0.1483355011051714,False
Vdac2,7,0,0,0.6644586706753683,0.3557882081368057,False
Vdac3,7,0,0,0.8904498303611323,0.4754239518378228,False
Vegfa,5,0,0,0.9613872956381267,1.934331199736604,False
Vegfb,6,0,0,0.8402201583633553,0.4797786102206102,False
Vezf1,6,0,0,0.8303239174111501,0.6737968635592549,False
Vezt,5,0,0,0.6551194358239175,0.4130777495109845,False
Vgll4,6,0,0,0.8696447030312672,0.4447500811613917,False
Vhl,5,0,0,0.9614961848933092,0.4551488048806003,False
Vil1,1,0,0,,1.1532719664713336,False
Vim,7,1,1,0.0075348408674182,1.139641845688805,True
Vipas39,6,0,0,0.9827123849102,0.2580856547776047,False
Vipr1,1,0,0,,1.0336492570987696,False
Virma,6,0,0,0.8858569656527041,0.4040037208824463,False
Vit,1,0,0,,0.5795666676354396,False
Vkorc1,6,0,0,0.6557891400875095,0.3361987545503027,False
Vkorc1l1,6,0,0,0.866174710066969,0.729663462480031,False
Vldlr,4,0,0,0.6402229059192984,0.5468873534154887,False
Vma21,7,0,0,0.7457010520309937,0.3464474387231056,False
Vmac,4,0,0,0.9997978488301602,0.4399689605041776,False
Vmp1,7,0,0,0.909070435557808,0.3719133041931096,False
Vopp1,1,0,0,,0.4821908851364153,False
Vpreb1,1,0,0,0.999465548143242,0.3187759224861301,False
Vps11,6,0,0,0.9788819959338744,0.8109583949959823,False
Vps13a,6,0,0,0.915627991889946,0.4109426994905115,False
Vps13b,6,0,0,0.7216238202141968,0.5987089009637718,False
Vps13c,5,0,0,0.9693377484700088,0.4854758270781413,False
Vps13d,5,0,0,0.9613872956381267,0.674254042837868,False
Vps16,5,0,0,0.9333672193684552,0.4732598953210973,False
Vps18,3,0,0,0.9905052617538976,0.3278213726890764,False
Vps25,2,0,0,,0.7801390180266453,False
Vps26a,6,0,0,0.9693377484700088,0.4747954401369184,False
Vps26b,6,0,0,0.999465548143242,0.3284394001987732,False
Vps26c,6,0,0,0.999465548143242,0.6082094962029859,False
Vps28,7,0,0,0.9375010146418976,0.4907131722433624,False
Vps29,7,0,0,0.8711099682071693,0.347560800661588,False
Vps33a,6,0,0,0.9333672193684552,0.6582174095253716,False
Vps33b,4,0,0,,1.0580734236355167,False
Vps35,7,0,0,0.8234616564143439,0.4199756720065838,False
Vps35l,6,0,0,0.7981419645204373,0.493443233982286,False
Vps36,6,0,0,0.8667737457308301,0.3190901159337505,False
Vps37a,6,0,0,0.8098104630732278,0.2085086629684433,False
Vps37b,4,0,0,0.9928990416142048,0.1865510808665115,False
Vps37c,4,0,0,0.9693377484700088,0.2159764065774334,False
Vps37d,1,0,0,0.9999106453149894,0.0191338828072542,False
Vps39,5,0,0,0.9771941538254924,0.6002097535597318,False
Vps41,6,0,0,0.9054228263761034,0.275420487055556,False
Vps45,5,0,0,0.9771941538254924,0.2748800921866518,False
Vps4a,6,0,0,0.8667737457308301,0.6730835788510175,False
Vps4b,7,0,0,0.8893147060380344,0.3671367810470529,False
Vps50,5,0,0,0.8667737457308301,0.5961935776298702,False
Vps51,4,0,0,0.999465548143242,0.9071680399759364,False
Vps52,5,0,0,0.9908063682689148,0.7126398723416405,False
Vps53,6,0,0,0.9613872956381267,0.2217180311659781,False
Vps54,5,0,0,0.9997978488301602,0.2906065263951282,False
Vps72,6,0,0,0.9614961848933092,0.2622516869063715,False
Vps8,5,0,0,0.9603469151708518,0.936311159114004,False
Vps9d1,5,0,0,0.8436289172168773,0.4397340904994108,False
Vrk1,4,0,0,0.8634600166467697,0.5290499521835907,False
Vrk2,2,0,0,0.8086142754626554,0.6524008421080523,False
Vrk3,6,0,0,0.6554635113848648,0.5002405317976313,False
Vsig10,1,0,0,0.9997978488301602,0.2947952541611411,False
Vsig2,1,0,0,0.9997978488301602,0.027088588049652,False
Vsir,3,0,0,0.9941189559838952,0.6855516264348273,False
Vsnl1,1,0,0,0.9999106453149894,0.1871894809854032,False
Vstm2a,1,0,0,0.9999106453149894,0.1643362735618735,False
Vstm2b,2,0,0,0.9997978488301602,0.4504968299538733,False
Vstm4,1,0,0,,0.8149343917003102,False
Vta1,6,0,0,0.98703787959904,0.4314484864058409,False
Vti1a,5,0,0,0.8204826256055683,0.6160369332582024,False
Vti1b,7,0,0,0.8341373214314584,0.2146792984785802,False
Vtn,1,0,0,0.9997978488301602,0.4547754305717502,False
Vwa1,4,0,0,0.8272753004925326,0.9957884799683844,False
Vwa5a,6,0,0,0.423596657453566,0.5470224267528991,False
Vwa8,6,0,0,0.999465548143242,0.7052353408707015,False
Vwc2,1,0,0,0.9999106453149894,0.2595918405837842,False
Vwf,1,1,1,1.544854667777201e-12,1.6775333194752362,True
Vxn,1,0,0,0.9999106453149894,0.3283837888447298,False
Wac,6,0,0,0.3838807854112565,0.5520639818748154,False
Wapl,6,0,0,0.9054228263761034,0.2621217901278438,False
Wars,6,0,0,0.6557891400875095,1.0957403753380546,False
Wars2,2,0,0,,0.2854889529204326,False
Was,2,0,0,0.9790341033099562,0.1213211771321332,False
Wasf1,3,0,0,0.9021968698616962,0.3188212137008098,False
Wasf2,7,0,0,0.8622072670002854,0.4555275781399772,False
Wasf3,3,0,0,0.9603469151708518,0.1219157462914992,False
Washc1,6,0,0,0.6019490882856768,0.5520985823248253,False
Washc2,7,0,0,0.6692934971545805,0.2973829590761327,False
Washc3,6,0,0,0.9867318244790833,0.5937253370897688,False
Washc4,5,0,0,0.752909449770359,0.2570494932358433,False
Washc5,5,0,0,0.6521170909605272,0.5049396266353267,False
Wasl,6,0,0,0.9498509527323384,0.1297364402124187,False
Wbp1,6,0,0,0.9613872956381267,0.5284931261945737,False
Wbp11,7,0,0,0.8801076879629245,0.258952179552752,False
Wbp1l,5,0,0,0.8834963501576175,0.2233017701051635,False
Wbp2,7,0,0,0.9054228263761034,0.3235624549019836,False
Wbp4,7,0,0,0.8071314925435261,0.4122658420180069,False
Wdcp,5,0,0,0.9808975670559676,0.924837080697002,False
Wdfy1,5,0,0,0.9999106453149894,0.4816232940341705,False
Wdfy2,4,0,0,0.8374844333384406,0.3429362623628633,False
Wdfy3,6,0,0,0.2611627745863339,0.4642807624523241,False
Wdfy4,1,0,0,,0.1353805078071017,False
Wdhd1,1,0,0,,0.3879321722996349,False
Wdpcp,3,0,0,0.999465548143242,0.2347971318984317,False
Wdr1,7,0,0,0.7644675996000637,0.3346933961655783,False
Wdr11,6,0,0,0.999465548143242,0.4653622113930845,False
Wdr12,6,0,0,0.8784087952688956,0.3937220275372047,False
Wdr13,5,0,0,0.9997978488301602,0.3580523415426342,False
Wdr18,6,0,0,0.5350927847792883,0.6446668979520782,False
Wdr19,3,0,0,0.999465548143242,1.75558194180804,False
Wdr20,6,0,0,0.1683773501563433,0.553690511346007,False
Wdr24,3,0,0,,0.4606741790444923,False
Wdr25,1,0,0,,0.2818073165406413,False
Wdr26,7,0,0,0.7406528642641967,0.4718284897858256,False
Wdr27,3,0,0,0.999465548143242,0.9346063487578128,False
Wdr3,3,0,0,0.9997978488301602,0.2952916820760234,False
Wdr33,6,0,0,0.8667737457308301,0.2987915129318351,False
Wdr34,4,0,0,0.999465548143242,0.6856424968836263,False
Wdr35,5,0,0,0.999465548143242,0.6347645027262364,False
Wdr36,5,0,0,0.9997978488301602,0.9175641777343244,False
Wdr37,6,0,0,0.8561572451790562,0.6337752573459602,False
Wdr4,1,0,0,,0.1367812830208244,False
Wdr41,5,0,0,0.9603469151708518,1.3061596526653958,False
Wdr43,6,0,0,0.8203109720213736,0.5840474852925778,False
Wdr44,4,0,0,0.7041507712502412,1.1860092210328168,False
Wdr45,6,0,0,0.9879647222525472,0.6534596430748411,False
Wdr45b,6,0,0,0.7819212764210148,0.2922712460216067,False
Wdr46,3,0,0,0.8818650673896277,0.8202344122937802,False
Wdr47,6,0,0,0.9613872956381267,0.3771853192389167,False
Wdr48,6,0,0,0.8781770920570142,0.5420207473600768,False
Wdr5,3,0,0,0.9997978488301602,0.3675296123768335,False
Wdr53,3,0,0,,0.5537497041596459,False
Wdr54,1,0,0,,0.1582900140843617,False
Wdr55,2,0,0,,0.3837924867783712,False
Wdr59,2,0,0,,0.3599023059791726,False
Wdr5b,2,0,0,,0.3652547553146618,False
Wdr6,5,0,0,0.999465548143242,0.5226584793284307,False
Wdr60,5,0,0,0.8622072670002854,0.5625585383473519,False
Wdr61,6,0,0,0.914200400224126,0.2840345893465876,False
Wdr7,5,0,0,0.8913433305157492,0.5003814630794364,False
Wdr70,6,0,0,0.5989680877797672,0.5679458530199378,False
Wdr72,1,0,0,0.999465548143242,0.6182308712039722,False
Wdr73,2,0,0,,0.6082645361383391,False
Wdr74,5,0,0,0.6936449653602161,0.4250402824266018,False
Wdr75,5,0,0,0.9997978488301602,0.4446074570268977,False
Wdr76,3,0,0,0.9997978488301602,0.6595684725782557,False
Wdr77,5,0,0,0.999465548143242,0.5831090188955917,False
Wdr78,1,0,0,0.999465548143242,0.3388476257859202,False
Wdr81,3,0,0,,0.3286644944073945,False
Wdr82,5,0,0,0.8667737457308301,0.662902189602588,False
Wdr83,6,0,0,0.7981419645204373,0.3995528976942715,False
Wdr83os,7,0,0,0.9010248316522482,0.3509173583989216,False
Wdr86,1,0,0,0.999465548143242,0.1314473586522688,False
Wdr89,4,0,0,0.7383148407292763,0.7109232382696236,False
Wdr91,4,0,0,0.9784212791584648,0.7600821208020966,False
Wdr92,3,0,0,0.9997978488301602,0.08307134129457,False
Wdsub1,5,0,0,0.999465548143242,0.5362280996029747,False
Wdtc1,6,0,0,0.9603469151708518,0.6066639177248176,False
Wdyhv1,4,0,0,0.999465548143242,0.675087472174819,False
Wee1,1,0,0,0.9997978488301602,0.1601771466310217,False
Wfdc1,1,0,0,0.9997978488301602,0.1281546969822977,False
Wfdc17,1,0,0,0.998947809908267,0.4271210300903292,False
Wfdc18,1,0,0,0.2500588841184687,0.6746398245690947,False
Wfdc2,1,0,0,0.999465548143242,0.0732557025788759,False
Wfikkn2,2,0,0,0.999465548143242,1.4326817393676563,False
Wfs1,3,0,0,,0.1589509878337865,False
Whamm,5,0,0,0.9997978488301602,0.5724763101911858,False
Whrn,2,0,0,0.3183966162727515,0.4169054648974306,False
Wipf1,5,0,0,0.58213457066524,1.1265356256191286,False
Wipf2,5,0,0,0.9273402649515828,0.6531074585235633,False
Wipf3,1,0,0,0.999465548143242,0.50031779981231,False
Wipi1,6,0,0,0.9341769146397448,0.275844337304804,False
Wipi2,6,0,0,0.9953098209585522,0.7191533055569722,False
Wiz,5,0,0,0.9771941538254924,0.4910043785869614,False
Wls,7,1,1,0.0095488508855073,0.7613344854372057,True
Wnk1,7,0,0,0.7691943808384463,0.6635650952853551,False
Wnk2,2,0,0,0.7289833437763165,0.6728349975244668,False
Wnk3,3,0,0,0.9999106453149894,0.5536642582547103,False
Wnt3,1,0,0,0.3316760136881556,0.6024971047051089,False
Wnt4,1,0,0,0.9999106453149894,0.2431211200904988,False
Wnt5a,1,0,0,0.9997978488301602,0.4693514324201768,False
Wnt7a,2,0,0,0.9999106453149894,0.4062185803400449,False
Wnt7b,2,0,0,0.9988978288128184,0.3574822792666017,False
Wrap53,3,0,0,0.3083448775726534,0.5042777572583877,False
Wrap73,5,0,0,0.9994094398372564,1.046369600397924,False
Wrb,5,0,0,0.7897738999718322,0.4471832534286122,False
Wrn,5,0,0,0.8416824152986582,0.5654245838015397,False
Wrnip1,6,0,0,0.999465548143242,0.4193775171373384,False
Wsb1,6,0,0,0.8677952957220618,0.2880238682116969,False
Wsb2,6,0,0,0.6557891400875095,0.3908166369408595,False
Wscd1,5,0,0,0.8387514921567781,0.403344580337563,False
Wtap,6,0,0,0.829388260330224,0.4842584811566262,False
Wtip,4,0,0,0.999465548143242,0.4613700304846472,False
Wwc1,3,0,0,0.9988978288128184,0.5002771176383186,False
Wwc2,6,0,0,0.983754158141514,0.3789781117830234,False
Wwox,4,0,0,0.9613872956381267,0.4206653411402336,False
Wwp1,7,0,0,0.829388260330224,0.2461244279236088,False
Wwp2,4,0,0,0.9771941538254924,1.053085827657163,False
Wwtr1,2,0,0,0.9997978488301602,0.6813977532465073,False
Xab2,5,0,0,0.9756982834110722,0.7538622386860274,False
Xaf1,3,0,0,0.8202770274432307,0.5007583075617424,False
Xbp1,7,0,0,0.8233599811530818,0.2794449411717431,False
Xdh,1,0,0,0.9997978488301602,0.3183609528871817,False
Xiap,7,0,0,0.7770187895127605,1.033349721330901,False
Xist,7,0,0,0.8263141711509586,0.4059272400799243,False
Xkr4,2,0,0,0.9999106453149894,0.3531124467165684,False
Xkr6,3,0,0,0.9999106453149894,0.7273213063622935,False
Xkr8,1,0,0,,0.2420887446729227,False
Xlr,3,0,0,0.6246222214250083,0.2989529047540787,False
Xlr4a,1,0,0,,1.087264526526546,False
Xlr4b,1,0,0,,0.6050142757804056,False
Xndc1,5,0,0,0.9999106453149894,1.205274435434023,False
Xpa,6,0,0,0.471436947917381,0.6723126896262125,False
Xpc,4,0,0,0.9997978488301602,0.1754030824187973,False
Xpnpep1,6,0,0,0.999465548143242,0.6785620833859468,False
Xpnpep3,3,0,0,,0.2050506412649412,False
Xpo1,6,0,0,0.847684396122065,0.5544150685088366,False
Xpo4,5,0,0,0.9771941538254924,0.3513153867096875,False
Xpo5,6,0,0,0.7736140549139285,1.2472388700599806,False
Xpo6,5,0,0,0.9583213863420614,0.2734916014008798,False
Xpo7,6,0,0,0.97714218428337,0.4806653386155242,False
Xpot,6,0,0,0.999465548143242,0.5411136244298647,False
Xpr1,6,0,0,0.9249822758630208,1.0796326935015548,False
Xrcc1,6,0,0,0.9614961848933092,1.104070571736298,False
Xrcc2,1,0,0,,0.1778935923304711,False
Xrcc3,1,0,0,0.9603469151708518,0.1319489357037855,False
Xrcc4,6,0,0,0.6049406892551493,0.8869340178461735,False
Xrcc5,5,0,0,0.999465548143242,0.522168334178133,False
Xrcc6,5,0,0,0.97714218428337,0.4919711362114254,False
Xrn1,5,0,0,0.6413297884463341,0.5566418123674334,False
Xrn2,7,0,0,0.8925089288573399,0.797379013095148,False
Xxylt1,4,0,0,0.9997978488301602,0.3327742969428104,False
Xylb,1,0,0,,0.5355783080405555,False
Xylt1,3,0,0,0.9988978288128184,1.4875528264055642,False
Xylt2,4,0,0,0.9999106453149894,0.9367999414197388,False
Yae1d1,6,0,0,0.9409257914200232,0.4406521672320071,False
Yaf2,6,0,0,0.7747015316640691,0.3370436881777339,False
Yap1,3,0,0,0.999465548143242,0.3226077335341777,False
Yars,5,0,0,0.8622072670002854,0.473858307488772,False
Yars2,3,0,0,,0.336707549885455,False
Ybey,3,0,0,,0.5434648302157506,False
Ybx1,7,0,0,0.2938841177379971,0.3035783343399217,False
Ybx3,6,0,0,0.6604332122587879,0.3124157387090809,False
Ydjc,1,0,0,,0.1217982800756366,False
Yeats2,5,0,0,0.9409257914200232,0.5096864718376315,False
Yeats4,6,0,0,0.9451899018703012,0.9901052584806226,False
Yes1,5,0,0,0.9997978488301602,0.6750215739868237,False
Yif1a,6,0,0,0.8561572451790562,0.5172574424842578,False
Yif1b,7,0,0,0.4164048104704221,0.6309055857928187,False
Yipf1,6,0,0,0.7885700808268084,0.3922322544834461,False
Yipf2,4,0,0,0.9997978488301602,0.4521501389959846,False
Yipf3,6,0,0,0.7379824499651024,0.5480940807863928,False
Yipf4,7,0,0,0.8667737457308301,0.3842436523391019,False
Yipf5,6,0,0,0.8402201583633553,0.5228046830758623,False
Yipf6,6,0,0,0.8953117270559255,0.3356574924668816,False
Yjefn3,1,0,0,,0.8368632135445822,False
Yju2,5,0,0,0.9997978488301602,0.5861193941164483,False
Ykt6,6,0,0,0.5734402978349009,0.7058345332556504,False
Ylpm1,5,0,0,0.8781770920570142,0.379395359976542,False
Yme1l1,7,0,0,0.5743553748563118,0.3122365762375251,False
Yod1,5,0,0,0.851340552395301,0.2991133863467835,False
Ypel1,1,0,0,,0.1287523497708764,False
Ypel2,3,0,0,0.9613872956381267,0.1679677976381725,False
Ypel3,7,0,0,0.6913447503820703,0.416013332712132,False
Ypel4,2,0,0,0.9999106453149894,0.1681485830844116,False
Ypel5,6,0,0,0.96438277861516,0.3647965952190423,False
Yrdc,6,0,0,0.942371774006941,0.1731052039522287,False
Ythdc1,7,0,0,0.908134199172438,0.3746299069694813,False
Ythdc2,5,0,0,0.9613872956381267,0.2317113588151931,False
Ythdf1,6,0,0,0.9926237465626456,0.4825435877441854,False
Ythdf2,6,0,0,0.7504739652481569,0.359816269788952,False
Ythdf3,6,0,0,0.4580552534996672,0.5274529130708452,False
Ywhab,7,0,0,0.5301384822676211,0.4301265310994719,False
Ywhae,7,0,0,0.6723764914574835,0.4454099231653078,False
Ywhag,7,0,0,0.3641385596622708,0.5396409061193214,False
Ywhah,7,0,0,0.6167040080508619,0.5465178675256487,False
Ywhaq,7,0,0,0.9644314079198152,0.1229763436666438,False
Ywhaz,7,0,0,0.790221066438245,0.5867393495031726,False
Yy1,7,0,0,0.9007266118211642,0.3971585046676582,False
Zadh2,6,0,0,0.999465548143242,1.0558555773376228,False
Zap70,1,0,0,0.9997978488301602,0.0449118323340319,False
Zbed3,5,0,0,0.9997978488301602,0.3645286072835415,False
Zbed4,3,0,0,0.9999106453149894,0.5058521340570067,False
Zbed5,2,0,0,,0.291608448265286,False
Zbtb1,5,0,0,0.9946189224594264,0.2907734479057536,False
Zbtb10,4,0,0,0.9997978488301602,1.190772358559368,False
Zbtb11,6,0,0,0.8441601589377047,0.6953052658832358,False
Zbtb11os1,5,0,0,0.999465548143242,0.3768374328083828,False
Zbtb12,2,0,0,,0.2942108109225287,False
Zbtb14,3,0,0,0.9997978488301602,0.30600153408521,False
Zbtb16,3,1,1,0.0037887729934108,1.9229959613617449,True
Zbtb17,3,0,0,,0.4710841547914329,False
Zbtb18,6,0,0,0.1674499341080904,0.4921149308804641,False
Zbtb2,3,0,0,0.9997978488301602,0.2958793797898569,False
Zbtb20,7,0,0,0.6092853643117125,0.5664742046429369,False
Zbtb21,4,0,0,,0.2232276476309399,False
Zbtb22,6,0,0,0.999465548143242,0.8263213072935343,False
Zbtb24,4,0,0,0.9997978488301602,0.6532512692554551,False
Zbtb25,2,0,0,,0.2369592898143752,False
Zbtb26,4,0,0,0.9999106453149894,0.6259902973124826,False
Zbtb33,5,0,0,0.9999106453149894,0.9023526910564909,False
Zbtb34,2,0,0,,0.2426652847968708,False
Zbtb37,5,0,0,0.7981419645204373,0.3607257350023533,False
Zbtb38,6,0,0,0.9389728124425808,0.2505615260890718,False
Zbtb39,3,0,0,,0.4766883251865337,False
Zbtb4,6,0,0,0.8304796525639428,0.4931574975649292,False
Zbtb40,2,0,0,,0.3546351467013259,False
Zbtb41,5,0,0,0.9997978488301602,0.6411349254300496,False
Zbtb43,5,0,0,0.9999106453149894,0.2020605596498619,False
Zbtb44,6,0,0,0.9616209532873972,0.7693504577334868,False
Zbtb45,4,0,0,0.9997978488301602,0.73904994076556,False
Zbtb46,1,0,0,0.9997978488301602,0.0228096353365202,False
Zbtb48,2,0,0,,0.53109810353131,False
Zbtb49,1,0,0,,0.1497932128654913,False
Zbtb5,3,0,0,,0.5023048109016651,False
Zbtb6,5,0,0,0.3089440421552055,0.7281146944423432,False
Zbtb7a,7,0,0,0.9888530160051576,0.8711403929938956,False
Zbtb7b,3,0,0,0.8992872603476387,0.2132004762008211,False
Zbtb8a,1,0,0,0.9997978488301602,0.4812081721994056,False
Zbtb8os,6,0,0,0.8807124218299586,0.6534163855547055,False
Zbtb9,2,0,0,,0.2258117245553876,False
Zc2hc1a,4,0,0,0.9997978488301602,0.4632519504437561,False
Zc2hc1c,1,0,0,0.999465548143242,0.2194150919811615,False
Zc3h10,3,0,0,,0.7121453773848336,False
Zc3h11a,3,0,0,,0.363509692006389,False
Zc3h12a,1,0,0,0.8086142754626554,0.1954898743654329,False
Zc3h12b,3,0,0,0.9999106453149894,1.3104028888637624,False
Zc3h12c,4,0,0,,0.6047446115398991,False
Zc3h13,5,0,0,0.2959242692458669,0.4360911871444987,False
Zc3h14,6,0,0,0.9613872956381267,0.43299663970825,False
Zc3h15,6,0,0,0.5124715220128929,0.302092969629966,False
Zc3h18,6,0,0,0.9853391978197256,0.4447841329332149,False
Zc3h3,4,0,0,0.9997978488301602,0.6458966039956282,False
Zc3h4,5,0,0,0.9943730809498168,0.3677549153717483,False
Zc3h6,4,0,0,,0.8454503229879803,False
Zc3h7a,5,0,0,0.9550624901828332,0.2452493036995483,False
Zc3h7b,6,0,0,0.9613872956381267,0.5902593783706503,False
Zc3h8,4,0,0,0.9999106453149894,0.6154355981001561,False
Zc3hav1,5,0,0,0.9997978488301602,1.5501405421275527,False
Zc3hc1,4,0,0,0.9997978488301602,0.7988812662620273,False
Zc4h2,2,0,0,0.9999106453149894,0.1977620789328985,False
Zcchc10,6,0,0,0.9770041948530148,0.97337412032798,False
Zcchc12,1,0,0,0.9999106453149894,0.1203833057249618,False
Zcchc14,5,0,0,0.9195015463792224,0.3359145881315794,False
Zcchc17,6,0,0,0.9550624901828332,0.3402553689103874,False
Zcchc18,4,0,0,0.9021968698616962,0.225393328794993,False
Zcchc2,5,0,0,0.9997978488301602,0.5058823883861562,False
Zcchc24,5,0,0,0.9007266118211642,0.2172639981200674,False
Zcchc3,5,0,0,0.9999106453149894,0.4332059940783547,False
Zcchc4,4,0,0,,0.6161353249273136,False
Zcchc7,6,0,0,0.8098104630732278,1.3312133466893414,False
Zcchc8,6,0,0,0.9784212791584648,0.5293893577884611,False
Zcchc9,6,0,0,0.8759056146917199,0.5956621624213563,False
Zcrb1,6,0,0,0.8377027920439163,0.5122564668914751,False
Zcwpw1,3,0,0,0.9999106453149894,1.0950044325239108,False
Zdhhc1,5,0,0,0.999465548143242,0.4090429962796137,False
Zdhhc12,5,0,0,0.9904469851238652,0.7553154802486624,False
Zdhhc13,3,0,0,,0.2594403279213819,False
Zdhhc14,3,0,0,0.6019490882856768,0.3445074438866646,False
Zdhhc16,5,0,0,0.9997978488301602,0.9467641422976172,False
Zdhhc17,5,0,0,0.3256790935088028,0.453962255713175,False
Zdhhc18,4,0,0,0.9997978488301602,0.1570139460071475,False
Zdhhc2,2,0,0,0.9999106453149894,0.3210308081419061,False
Zdhhc20,5,0,0,0.1514796017198302,0.5846954859908082,False
Zdhhc21,5,0,0,0.9333672193684552,0.1829365309622403,False
Zdhhc22,1,0,0,0.9999106453149894,0.3843453732906455,False
Zdhhc23,1,0,0,0.9999106453149894,0.4054306603089597,False
Zdhhc24,4,0,0,,0.7422402751956961,False
Zdhhc3,6,0,0,0.9550624901828332,0.3544865475316531,False
Zdhhc4,5,0,0,0.9971230182955928,0.6207176132133712,False
Zdhhc5,5,0,0,0.9997978488301602,0.4757329725443534,False
Zdhhc6,6,0,0,0.999465548143242,1.5214991232212831,False
Zdhhc7,3,0,0,0.9997978488301602,0.1277833521466647,False
Zdhhc8,5,0,0,0.9784212791584648,0.3888647960914283,False
Zdhhc9,5,0,0,0.3955617514150081,0.3676427498929941,False
Zeb1,4,0,0,0.9988978288128184,0.1950814705688687,False
Zeb2,6,0,0,0.6625597612514263,0.1791735071285062,False
Zeb2os,3,0,0,0.902034893950962,0.6858649829797668,False
Zer1,5,0,0,0.7278745565080218,0.3112611177383208,False
Zfand1,5,0,0,0.999465548143242,0.615058174532343,False
Zfand2a,3,0,0,0.9997978488301602,0.419343835483774,False
Zfand2b,6,0,0,0.8006884308124118,0.659707322263814,False
Zfand3,6,0,0,0.8818650673896277,0.4458406885799422,False
Zfand4,1,0,0,,1.7739682882157493,False
Zfand5,7,0,0,0.6557891400875095,0.5626810523390852,False
Zfand6,7,0,0,0.5628438977412534,0.365724030272215,False
Zfas1,6,0,0,0.8285069911569397,0.3542181443003837,False
Zfc3h1,6,0,0,0.979535497942706,0.9406911368330922,False
Zfhx2,5,0,0,0.9636847167956676,0.2232019910232813,False
Zfhx2os,1,0,0,0.9613872956381267,0.140984893682364,False
Zfhx3,7,0,0,0.3462001397849433,0.7923058850695618,False
Zfhx4,2,0,0,0.9665155874396332,0.5020587252850189,False
Zfp1,6,0,0,0.9528506252153308,0.4633480455801912,False
Zfp101,5,0,0,0.829388260330224,0.9882466500193376,False
Zfp105,2,0,0,,0.4334272513626351,False
Zfp106,7,0,0,0.8645127606066123,0.986541444165755,False
Zfp110,5,0,0,0.9771941538254924,0.4051105740097639,False
Zfp111,2,0,0,,0.5996959027248564,False
Zfp112,1,0,0,,0.0916592594894738,False
Zfp113,5,0,0,0.9999106453149894,0.9515951019950066,False
Zfp114,1,0,0,,0.499166761703656,False
Zfp119a,1,0,0,,0.2197383708653973,False
Zfp119b,2,0,0,,0.6093165624205575,False
Zfp12,4,0,0,,0.1674565460654531,False
Zfp120,4,0,0,0.9997978488301602,0.576193152009436,False
Zfp13,1,0,0,,0.3616356024839983,False
Zfp131,6,0,0,0.8622072670002854,0.3903324287435407,False
Zfp14,2,0,0,,0.5861555815047779,False
Zfp141,2,0,0,,0.3690815317666048,False
Zfp142,5,0,0,0.9999106453149894,0.5923119006894129,False
Zfp143,3,0,0,0.9997978488301602,0.3593564778965599,False
Zfp146,3,0,0,,0.429307076265164,False
Zfp148,6,0,0,0.5301384822676211,0.2965867376285838,False
Zfp157,5,0,0,0.9636847167956676,0.8612359352008965,False
Zfp160,5,0,0,0.914200400224126,0.483192008553652,False
Zfp169,2,0,0,,0.4563175320033052,False
Zfp180,4,0,0,0.9193889606006556,0.3876829169346322,False
Zfp182,3,0,0,,0.7028999312338183,False
Zfp185,1,0,0,0.999465548143242,1.6175122413752383,False
Zfp189,2,0,0,,0.2015492579104642,False
Zfp2,4,0,0,0.9999106453149894,0.803901286742455,False
Zfp202,1,0,0,,0.2418635556348162,False
Zfp207,7,0,0,0.8893141290103717,1.3052720682027126,False
Zfp212,3,0,0,0.9997978488301602,0.3551045307392018,False
Zfp213,2,0,0,,0.4086533608516131,False
Zfp217,2,0,0,,0.3602633176203199,False
Zfp219,5,0,0,0.9988978288128184,0.8172733072910594,False
Zfp229,3,0,0,,0.3841391056468021,False
Zfp235,2,0,0,,0.2706901002859408,False
Zfp236,5,0,0,0.9997978488301602,0.8562336740046609,False
Zfp239,2,0,0,0.9055668931319788,1.2322128072137712,False
Zfp24,6,0,0,0.439536757499856,0.4227242558113664,False
Zfp248,1,0,0,,0.1232045681358046,False
Zfp251,5,0,0,0.9999106453149894,0.866474072324379,False
Zfp26,5,0,0,0.9971230182955928,0.4888630353430538,False
Zfp260,6,0,0,0.9320339787755104,0.470936871696139,False
Zfp263,5,0,0,0.9997978488301602,0.7001199730247094,False
Zfp266,6,0,0,0.8992872603476387,0.4203539746760487,False
Zfp267,6,0,0,0.999465548143242,0.5205901653075609,False
Zfp27,1,0,0,,0.4479765032523544,False
Zfp273,1,0,0,,0.4837932444699894,False
Zfp275,5,0,0,0.9997978488301602,0.4451293181971266,False
Zfp276,3,0,0,0.434178423779044,0.5480904018926134,False
Zfp277,5,0,0,0.9968686966296116,0.9627568465115928,False
Zfp28,1,0,0,,0.0720521097178803,False
Zfp280b,1,0,0,,0.5096398713639347,False
Zfp280c,4,0,0,0.9035407234258864,0.5776819912864699,False
Zfp280d,6,0,0,0.9218465363152044,0.3211482649810671,False
Zfp281,5,0,0,0.9021968698616962,0.5100676896911754,False
Zfp282,4,0,0,0.9997978488301602,0.289997769576706,False
Zfp286,1,0,0,,0.0615851635767416,False
Zfp287,2,0,0,,0.363597231643642,False
Zfp292,7,0,0,0.8667737457308301,1.2917990248426228,False
Zfp30,6,0,0,0.999465548143242,0.404202274037168,False
Zfp300,1,0,0,,0.3225762869891064,False
Zfp316,4,0,0,0.9999106453149894,0.5573775059711148,False
Zfp317,5,0,0,0.9997978488301602,0.5582055010729188,False
Zfp318,5,0,0,0.7873628297365133,0.3324290160212605,False
Zfp319,3,0,0,0.9997978488301602,0.2935555274426362,False
Zfp322a,6,0,0,0.9438432805747582,0.8179126148902105,False
Zfp324,1,0,0,,0.6382254885643178,False
Zfp326,6,0,0,0.9839031679394576,0.7542836705159939,False
Zfp329,5,0,0,0.557931184983576,0.4397105304967683,False
Zfp330,6,0,0,0.9784212791584648,0.463259430738681,False
Zfp334,1,0,0,,0.6285339252337339,False
Zfp335,3,0,0,,0.330454011070145,False
Zfp346,3,0,0,,0.4743619170069384,False
Zfp35,2,0,0,,0.2255410552465474,False
Zfp354a,2,0,0,,0.131524916489552,False
Zfp354b,1,0,0,,0.4552649248052585,False
Zfp354c,4,0,0,0.9999106453149894,0.6807980454016622,False
Zfp358,5,0,0,0.8634600166467697,0.4835310379235062,False
Zfp36,6,0,0,0.2451567576806851,0.6210773000959412,False
Zfp362,4,0,0,0.9997978488301602,0.2540909368102836,False
Zfp365,2,0,0,0.8402201583633553,0.1953585075094638,False
Zfp366,1,0,0,0.9997978488301602,0.086034879323792,False
Zfp367,3,0,0,0.9997978488301602,0.3959120951234121,False
Zfp369,3,0,0,0.9999106453149894,0.3804779966332854,False
Zfp36l1,7,0,0,0.8933593320197283,0.5837195220584335,False
Zfp36l2,7,0,0,0.5086811856719438,0.6400183255435548,False
Zfp37,4,0,0,0.5546467309271519,0.5192869712589561,False
Zfp382,1,0,0,,0.1795182927312463,False
Zfp383,3,0,0,,0.3390529414909527,False
Zfp384,5,0,0,0.9997978488301602,0.7492902660054906,False
Zfp385a,3,0,0,0.897435817961038,0.5395122904684531,False
Zfp385b,1,0,0,0.999465548143242,0.9161659988706996,False
Zfp386,6,0,0,0.8992872603476387,0.669296030503795,False
Zfp39,1,0,0,,0.5354241417124385,False
Zfp395,4,0,0,0.3641385596622708,0.7333423851161581,False
Zfp397,6,0,0,0.994719010761648,0.5844847675588647,False
Zfp398,5,0,0,0.9771941538254924,0.427666335962555,False
Zfp40,4,0,0,0.9999106453149894,0.6919069515895189,False
Zfp407,4,0,0,0.9997978488301602,0.6898034197580212,False
Zfp408,2,0,0,,0.1149430055991041,False
Zfp41,3,0,0,0.9999106453149894,0.9556977972793084,False
Zfp410,5,0,0,0.7278745565080218,0.4438268268835136,False
Zfp414,5,0,0,0.5609646468804098,0.5751304101808001,False
Zfp420,3,0,0,,0.7011010693109838,False
Zfp422,6,0,0,0.999465548143242,0.4107239002141697,False
Zfp423,2,0,0,0.9997978488301602,0.355376439033,False
Zfp426,5,0,0,0.9999106453149894,0.4121997429857136,False
Zfp428,4,0,0,0.9988978288128184,0.571507608953844,False
Zfp429,1,0,0,,0.6876933314637986,False
Zfp433,1,0,0,,0.6520835198118395,False
Zfp438,3,0,0,,0.4967228021901682,False
Zfp442,3,0,0,,0.8291156420698698,False
Zfp444,6,0,0,0.999465548143242,0.6996981032406258,False
Zfp445,6,0,0,0.9409257914200232,0.9527459325665636,False
Zfp446,3,0,0,,0.7498831977231742,False
Zfp449,3,0,0,,0.1609733439732878,False
Zfp451,6,0,0,0.8781770920570142,0.7849542629689428,False
Zfp455,1,0,0,,0.8346470411756806,False
Zfp456,1,0,0,,0.3231458355232208,False
Zfp458,2,0,0,,0.7586969332812855,False
Zfp46,4,0,0,0.9997978488301602,0.3178544357705209,False
Zfp462,4,0,0,0.8086027492108316,0.3003852379944713,False
Zfp467,6,0,0,0.8377027920439163,0.5458736265192689,False
Zfp469,1,0,0,0.9999106453149894,0.456710889307581,False
Zfp472,3,0,0,,0.2612935513493296,False
Zfp488,2,0,0,0.9999106453149894,0.5712403766911671,False
Zfp493,1,0,0,,0.4669551923152488,False
Zfp503,4,0,0,0.9997978488301602,0.5704864742932599,False
Zfp507,4,0,0,0.9999106453149894,1.0520365940521703,False
Zfp51,2,0,0,,0.551629653744946,False
Zfp511,6,0,0,0.9771941538254924,0.3261934994678728,False
Zfp512,5,0,0,0.9693377484700088,0.4474302465454335,False
Zfp512b,5,0,0,0.9999106453149894,0.2578663874730985,False
Zfp513,5,0,0,0.9997978488301602,0.76399734472509,False
Zfp516,5,0,0,0.9997978488301602,0.4701072713798901,False
Zfp518a,5,0,0,0.2690748530140653,0.8739085035798592,False
Zfp518b,1,0,0,0.9999106453149894,0.026254543489143,False
Zfp52,2,0,0,0.9997978488301602,0.4101454259545714,False
Zfp521,3,0,0,0.999465548143242,0.2347162793710238,False
Zfp523,6,0,0,0.999465548143242,0.7743675545948058,False
Zfp524,4,0,0,0.4958610347059797,1.696630369041609,False
Zfp53,2,0,0,,0.1138221011009391,False
Zfp532,5,0,0,0.9021968698616962,0.7106151624109829,False
Zfp536,4,0,0,0.9409257914200232,0.2276594760416433,False
Zfp553,5,0,0,0.8246638817736616,0.6476168233347659,False
Zfp560,6,0,0,0.942371774006941,0.5791179464786159,False
Zfp563,4,0,0,0.9999106453149894,0.6770344216999303,False
Zfp566,2,0,0,,0.4367641364053422,False
Zfp568,2,0,0,,0.9698939712477672,False
Zfp57,1,0,0,0.9999106453149894,0.4476571467709209,False
Zfp574,4,0,0,0.9997978488301602,0.2435913098276001,False
Zfp579,5,0,0,0.9194292137623148,0.5547847427463916,False
Zfp58,2,0,0,,0.8006147035320161,False
Zfp580,5,0,0,0.8635538717324678,0.8674177025395328,False
Zfp583,2,0,0,,0.0904582076998578,False
Zfp592,4,0,0,0.9997978488301602,0.517309884870322,False
Zfp593,3,0,0,,0.4973937205117366,False
Zfp595,2,0,0,,1.0024795369442592,False
Zfp597,4,0,0,0.9999106453149894,1.0242369040857202,False
Zfp598,5,0,0,0.9997978488301602,0.6316455076976847,False
Zfp60,5,0,0,0.5406435629944394,0.5715474339879916,False
Zfp605,3,0,0,,0.7247779322658457,False
Zfp606,6,0,0,0.999465548143242,0.8304600120679302,False
Zfp607a,2,0,0,,0.2119720614721185,False
Zfp607b,2,0,0,0.9999106453149894,0.5463512864684092,False
Zfp608,5,0,0,0.3080195369282643,0.548011632547511,False
Zfp609,5,0,0,0.8225759615278804,0.3222887756178698,False
Zfp61,2,0,0,,0.6251652508038491,False
Zfp612,4,0,0,0.999465548143242,0.6586412757808885,False
Zfp617,5,0,0,0.9997978488301602,1.0493006080802214,False
Zfp619,2,0,0,,0.9979443657237738,False
Zfp62,6,0,0,0.6794678033574337,1.4187555862182335,False
Zfp622,7,0,0,0.9539368346968624,1.0120048464459106,False
Zfp623,2,0,0,,0.5444293274928907,False
Zfp626,3,0,0,,0.3579731873946308,False
Zfp628,2,0,0,,0.9330744717487682,False
Zfp629,4,0,0,0.9997978488301602,0.5334267366420014,False
Zfp637,6,0,0,0.9867318244790833,0.3490820583861154,False
Zfp638,6,0,0,0.0609767232769828,0.863594820354407,False
Zfp639,6,0,0,0.9994094398372564,0.4205360097737077,False
Zfp64,3,0,0,,0.5202239996982957,False
Zfp641,1,0,0,,0.7043927419116159,False
Zfp644,6,0,0,0.8593692953945367,0.9449185590718848,False
Zfp646,4,0,0,0.9771941538254924,0.6261883866755524,False
Zfp647,1,0,0,,0.7253182739240683,False
Zfp65,2,0,0,,0.5391411842019521,False
Zfp651,5,0,0,0.9185249684084316,0.7392279110809066,False
Zfp652,6,0,0,0.3348236693707426,0.7602392411620831,False
Zfp652os,1,0,0,,0.4643371294951122,False
Zfp653,3,0,0,,0.5911457243356567,False
Zfp654,4,0,0,,0.4624257371837292,False
Zfp655,5,0,0,0.9341769146397448,0.6071133598461895,False
Zfp658,1,0,0,,0.3368365417083302,False
Zfp664,6,0,0,0.720546046332735,0.6546040065847352,False
Zfp667,3,0,0,,0.28846601637518,False
Zfp668,2,0,0,,0.3452812479998237,False
Zfp672,6,0,0,0.9568661914986007,0.8055464302694447,False
Zfp677,2,0,0,,0.5451602024610943,False
Zfp68,6,0,0,0.9787375867142792,0.5067428082029857,False
Zfp687,6,0,0,0.999465548143242,0.4883553268911866,False
Zfp688,4,0,0,0.8667737457308301,2.018782966539417,False
Zfp689,1,0,0,,0.292922876524783,False
Zfp69,1,0,0,,0.0615114103458204,False
Zfp691,2,0,0,0.6255909427294044,0.4366008284478419,False
Zfp692,3,0,0,,1.1698990903458844,False
Zfp697,2,0,0,0.9999106453149894,0.3738507653502265,False
Zfp703,6,0,0,0.8821421870956816,1.2275641669856323,False
Zfp704,6,0,0,0.7573817193900801,0.8607329631858541,False
Zfp706,7,0,0,0.8617306472084703,0.1983612536279907,False
Zfp707,3,0,0,,0.3061455090863493,False
Zfp709,2,0,0,,0.865748335479576,False
Zfp710,3,0,0,0.8279330228801423,0.2146255290035535,False
Zfp711,1,0,0,0.9999106453149894,0.0116046342552948,False
Zfp712,1,0,0,,0.4193426924327544,False
Zfp715,3,0,0,0.9997978488301602,0.414815021901781,False
Zfp719,3,0,0,0.999465548143242,0.84240843365793,False
Zfp72,1,0,0,,0.1807402451861423,False
Zfp729a,4,0,0,0.8809515385344964,2.124788556474725,False
Zfp729b,4,0,0,0.9997978488301602,0.5170772901696116,False
Zfp738,5,0,0,0.8976496990397612,0.5175337213759704,False
Zfp74,5,0,0,0.9603469151708518,0.470706962557663,False
Zfp740,6,0,0,0.8058406872380226,0.2965967749887844,False
Zfp746,5,0,0,0.9997978488301602,0.3970268636149921,False
Zfp747,2,0,0,,0.5374491508797545,False
Zfp748,2,0,0,,1.276740116017464,False
Zfp758,2,0,0,,0.6604100659180403,False
Zfp760,5,0,0,0.9997978488301602,0.5478990190613117,False
Zfp763,2,0,0,,0.5807604953876733,False
Zfp764,2,0,0,,0.2502340700864216,False
Zfp768,5,0,0,0.999465548143242,0.673905719349933,False
Zfp770,6,0,0,0.9870381478682352,0.841154677290791,False
Zfp771,6,0,0,0.99004022795655,0.2010869535182939,False
Zfp775,3,0,0,,0.4191255974484014,False
Zfp777,3,0,0,,0.2426837078214834,False
Zfp780b,5,0,0,0.9997978488301602,0.7889327901576092,False
Zfp787,6,0,0,0.3083448775726534,0.7131741261159589,False
Zfp788,5,0,0,0.9918882510064204,0.3944624247626155,False
Zfp790,2,0,0,,0.7828657609339089,False
Zfp799,4,0,0,0.9999106453149894,0.8973133109749789,False
Zfp800,5,0,0,0.9741650859559596,0.3572581320678392,False
Zfp809,4,0,0,,0.5152838255463339,False
Zfp81,4,0,0,0.9999106453149894,0.5633696248696526,False
Zfp810,2,0,0,,1.066974761499854,False
Zfp811,1,0,0,0.9999106453149894,0.7611549941480718,False
Zfp820,1,0,0,0.9997978488301602,0.2354510436196054,False
Zfp821,4,0,0,0.9999106453149894,0.62137897662451,False
Zfp825,3,0,0,,0.2800562193508681,False
Zfp827,4,0,0,0.9999106453149894,0.8385870416894604,False
Zfp830,6,0,0,0.977017223345402,1.2174531133672617,False
Zfp839,2,0,0,,0.1272494705268214,False
Zfp84,5,0,0,0.999465548143242,0.9950351768874096,False
Zfp846,5,0,0,0.8999571706503435,0.4091929924027785,False
Zfp85,1,0,0,,0.5896254469287362,False
Zfp865,5,0,0,0.9867318244790833,0.798507651075719,False
Zfp866,4,0,0,0.9999106453149894,0.3525166824069773,False
Zfp868,4,0,0,0.9999106453149894,0.7345448911090635,False
Zfp869,5,0,0,0.2866056649080815,0.4626312549434567,False
Zfp87,3,0,0,0.9550624901828332,0.1394771652907652,False
Zfp870,3,0,0,,0.2542295773803981,False
Zfp871,6,0,0,0.8818650673896277,0.370771456194142,False
Zfp873,2,0,0,,0.8065377542490161,False
Zfp874a,4,0,0,,0.8894980137190143,False
Zfp874b,4,0,0,0.9999106453149894,0.5615858123873503,False
Zfp882,3,0,0,0.9999106453149894,1.1614545963027774,False
Zfp9,1,0,0,,0.4529465096604685,False
Zfp90,3,0,0,0.8625385560338821,0.1634389253210563,False
Zfp91,7,0,0,0.9338097085847386,0.3220851846955785,False
Zfp930,2,0,0,,0.6241402791330567,False
Zfp931,6,0,0,0.999465548143242,1.2285057693149188,False
Zfp932,6,0,0,0.9693377484700088,0.3458067880770333,False
Zfp933,3,0,0,,0.4209310595218099,False
Zfp934,4,0,0,0.9999106453149894,1.2475478780269078,False
Zfp937,1,0,0,,0.2319081836095265,False
Zfp938,6,0,0,0.9879647222525472,0.5925054579823082,False
Zfp94,1,0,0,,0.3169633037527733,False
Zfp940,1,0,0,,0.2358975945907926,False
Zfp942,4,0,0,0.9999106453149894,0.4214071237678951,False
Zfp943,4,0,0,,0.7657609087171676,False
Zfp944,3,0,0,,0.6753112177014122,False
Zfp945,5,0,0,0.9997978488301602,0.3276928697363064,False
Zfp946,4,0,0,0.9999106453149894,0.3322638663788819,False
Zfp948,2,0,0,,0.4521287487428025,False
Zfp949,5,0,0,0.9999106453149894,0.7862337795833646,False
Zfp950,6,0,0,0.8934391685611346,1.3375763031489625,False
Zfp951,1,0,0,,0.1499322267021706,False
Zfp952,6,0,0,0.999465548143242,0.6659465498677681,False
Zfp954,2,0,0,,0.525083840849047,False
Zfp955a,3,0,0,,0.85767855966573,False
Zfp955b,5,0,0,0.765997580458224,0.8953195082470863,False
Zfp958,2,0,0,,0.4294909279720443,False
Zfp959,2,0,0,,0.2799126406660683,False
Zfp961,3,0,0,,0.725828025397122,False
Zfp963,1,0,0,,0.2055939928496029,False
Zfp971,1,0,0,,0.0629911023808002,False
Zfp974,2,0,0,,0.9020001725268348,False
Zfp975,1,0,0,,0.450414185397457,False
Zfp976,2,0,0,0.9999106453149894,0.3586520465643356,False
Zfp979,1,0,0,0.9997978488301602,0.8376887420181159,False
Zfp983,2,0,0,,0.3894650709314801,False
Zfp984,3,0,0,,0.60294203096676,False
Zfp991,1,0,0,,0.1703733734427002,False
Zfp992,1,0,0,,0.1377807735421231,False
Zfp993,1,0,0,,0.008524846241376,False
Zfp994,3,0,0,0.9997978488301602,0.7956347249077603,False
Zfpl1,6,0,0,0.8065965269489748,0.3731947228581186,False
Zfpm1,3,0,0,0.9355713471038786,0.206378471636729,False
Zfpm2,3,0,0,0.9999106453149894,0.3596029033176451,False
Zfr,6,0,0,0.96590335444763,0.4268427623272953,False
Zfr2,1,0,0,,0.4814174868543457,False
Zfx,6,0,0,0.8897181118080411,0.4941594119676801,False
Zfyve1,5,0,0,0.93132946440637,0.532447956163392,False
Zfyve16,6,0,0,0.5628438977412534,0.6591162558629137,False
Zfyve19,3,0,0,,0.4126947619642185,False
Zfyve21,6,0,0,0.9693377484700088,0.5512236518595115,False
Zfyve26,5,0,0,0.9970554848778064,0.7365345595011173,False
Zfyve27,5,0,0,0.9784212791584648,0.5924628993545844,False
Zfyve28,1,0,0,,0.0129893057647948,False
Zfyve9,6,0,0,0.8781770920570142,0.5573262467932577,False
Zgpat,6,0,0,0.999465548143242,0.5148519651017168,False
Zgrf1,1,0,0,,0.9281036771947544,False
Zhx1,6,0,0,0.9614961848933092,0.5271303046562895,False
Zhx2,2,0,0,,0.4359679352279572,False
Zhx3,5,0,0,0.5672965245225469,1.1455429161862591,False
Zic1,2,0,0,0.999465548143242,0.4322485352471573,False
Zic2,3,0,0,0.999465548143242,0.3950814744512258,False
Zic3,2,0,0,0.999465548143242,0.84970753855555,False
Zic4,1,0,0,0.999465548143242,0.428180683759766,False
Zic5,2,0,0,0.9997978488301602,0.2003085157877158,False
Zkscan1,6,0,0,0.9613872956381267,0.5217230404126464,False
Zkscan14,3,0,0,,1.2553860159104813,False
Zkscan17,4,0,0,0.9997978488301602,0.5556218789019034,False
Zkscan2,3,0,0,0.9999106453149894,0.8760673043142864,False
Zkscan3,6,0,0,0.6625597612514263,0.3141870820245231,False
Zkscan5,3,0,0,,1.546763366506097,False
Zkscan6,2,0,0,,0.6717951568668401,False
Zkscan7,2,0,0,,0.4944834221446504,False
Zkscan8,5,0,0,0.9997978488301602,0.383702315041272,False
Zmat1,5,0,0,0.9409257914200232,0.6374844542494799,False
Zmat2,7,0,0,0.7266177859530805,0.2371205258241102,False
Zmat3,5,0,0,0.9662769294878722,0.1708368445711438,False
Zmat5,6,0,0,0.8402201583633553,0.2718608570850628,False
Zmiz1,6,0,0,0.2030728267170817,0.6016787886946331,False
Zmiz2,5,0,0,0.8818650673896277,0.7329811419383019,False
Zmpste24,6,0,0,0.9550624901828332,0.4902879968184714,False
Zmym1,2,0,0,,0.5522275387835148,False
Zmym2,6,0,0,0.9446358271558832,0.6014433102641625,False
Zmym3,5,0,0,0.7927426385372717,0.5837096043964356,False
Zmym4,6,0,0,0.4455928012475373,0.5577108398791465,False
Zmym5,6,0,0,0.8473236203158974,0.5655870989311889,False
Zmym6,4,0,0,0.9999106453149894,1.1256156637773522,False
Zmynd11,6,0,0,0.8352323247011454,0.1907534202896109,False
Zmynd12,1,0,0,0.999465548143242,0.4223605375874404,False
Zmynd15,1,0,0,,0.2166725278401474,False
Zmynd19,4,0,0,0.999465548143242,0.414744176132843,False
Zmynd8,6,0,0,0.5212551970600584,0.4394566754948945,False
Znfx1,4,0,0,0.8285069911569397,0.2816231581946597,False
Znhit1,6,0,0,0.9070979963988064,0.2466012012660335,False
Znhit2,5,0,0,0.999465548143242,0.6320154815943991,False
Znhit3,6,0,0,0.9971230182955928,1.0269068889953974,False
Znhit6,6,0,0,0.999465548143242,0.3811855919704709,False
Znrd1,7,0,0,0.8933593320197283,0.3408133813332034,False
Znrd1as,3,0,0,0.999465548143242,0.1634347298309504,False
Znrd2,6,0,0,0.8818650673896277,0.558176973022972,False
Znrf1,5,0,0,0.6496164198274861,0.4097710495985241,False
Znrf2,4,0,0,0.7439573265102231,0.4908144376187098,False
Znrf3,4,0,0,0.9997978488301602,0.1419217285807118,False
Zpr1,6,0,0,0.283939868701541,0.9084363930725252,False
Zranb1,6,0,0,0.8818650673896277,0.3578351117489317,False
Zranb2,6,0,0,0.6335000454950772,0.4259605956578977,False
Zranb3,1,0,0,,0.2439643727810417,False
Zrsr1,6,0,0,0.4658706185924766,0.8818215364678789,False
Zrsr2,6,0,0,0.969206275507647,0.1108263223390181,False
Zscan12,4,0,0,,0.5988773955786073,False
Zscan18,3,0,0,0.9999106453149894,1.1426400389617275,False
Zscan2,1,0,0,,0.7853367715943439,False
Zscan21,4,0,0,0.9997978488301602,0.5873301193657745,False
Zscan22,2,0,0,,0.2970435322127503,False
Zscan26,6,0,0,0.8711099682071693,0.3837918257544452,False
Zscan29,3,0,0,,0.2641283700963048,False
Zswim1,2,0,0,,0.0808018256789354,False
Zswim3,1,0,0,,0.4512095633934261,False
Zswim4,2,0,0,,0.1574446446591485,False
Zswim5,1,0,0,,0.0558970269230481,False
Zswim6,5,0,0,0.6992050395393952,0.3520732758800071,False
Zswim7,4,0,0,0.999465548143242,0.9527935047801788,False
Zswim8,5,0,0,0.97714218428337,0.2425310598945037,False
Zswim9,3,0,0,,0.2951435032755178,False
Zup1,5,0,0,0.9054228263761034,0.4188170379303585,False
Zw10,4,0,0,0.9997978488301602,0.8196772829802413,False
Zwint,6,0,0,0.7897738999718322,0.4972691733416045,False
Zxdb,3,0,0,0.9997978488301602,0.3760891264525957,False
Zxdc,5,0,0,0.9997978488301602,0.3875241851611957,False
Zyg11b,6,0,0,0.6948458817943409,0.7682591805682938,False
Zyx,6,0,0,0.7301644375255361,0.8913372300358011,False
Zzef1,5,0,0,0.9550624901828332,0.3823344883016337,False
Zzz3,6,0,0,0.7794784408303954,0.4334898767016009,False
mt-Atp6,7,2,2,6.768104439075555e-06,0.4379593975379436,True
mt-Atp8,7,0,0,0.0638739419591934,1.9930463119774475,False
mt-Co1,7,1,1,6.00822244148726e-06,0.645453797965981,True
mt-Co2,7,1,1,0.0024443897884585,0.4476999608075906,True
mt-Co3,7,1,1,9.517197488648856e-06,0.6213243088725049,True
mt-Cytb,7,1,1,0.0010786625801875,0.4718426835748959,True
mt-Nd1,7,2,2,0.0010786625801875,0.4770319198974647,True
mt-Nd2,7,0,0,0.890750363862494,0.3742687789423123,False
mt-Nd3,7,0,0,0.2952840349185354,0.2915700770625951,False
mt-Nd4,7,0,0,0.127494422178352,0.3563352658572102,False
mt-Nd4l,7,0,0,0.2841719499501553,1.5879029934157054,False
mt-Nd5,7,0,0,0.405653611720762,1.124432602848241,False
mt-Nd6,6,1,1,0.0032699261315788,1.4466899026012785,True
