archive_file,path_in_archive,bytes,sha256,producing_script,command,producing_script_commit,source_path
canonical_fits.zip,canonical/full_0.pt,4261990,11179a9cb1813ad2f7fefbeefcbd8c236d6f8f73424ba4eb0e838c64abf1265d,scripts/24_canonical_fits.py,".venv/Scripts/python scripts/24_canonical_fits.py --fit --seed {0,1,2} --threads=2",8159cf175a6f65f175c9fbc096470915a63a0505,runs/peerreview_20261003/canonical/full_0.pt
canonical_fits.zip,canonical/full_0_done.json,1867,8b6c62376b3b7a285e5885e951dfa1b2abed8fe1a4c64d671fbb09278f34f41d,scripts/24_canonical_fits.py,".venv/Scripts/python scripts/24_canonical_fits.py --fit --seed {0,1,2} --threads=2",8159cf175a6f65f175c9fbc096470915a63a0505,runs/peerreview_20261003/canonical/full_0_done.json
canonical_fits.zip,canonical/full_0_history.csv,4233,f1498c68a0f980f69fc413c348afcd004ca089d2dbd2acaa744b53627a0f2af9,scripts/24_canonical_fits.py,".venv/Scripts/python scripts/24_canonical_fits.py --fit --seed {0,1,2} --threads=2",8159cf175a6f65f175c9fbc096470915a63a0505,runs/peerreview_20261003/canonical/full_0_history.csv
canonical_fits.zip,canonical/full_0_ig_arrays.npz,869388,0442d3261e8e5ce9507992a46c258b8bb72f9cf185067187d45dfa64bd66ef6e,scripts/24_canonical_fits.py,".venv/Scripts/python scripts/24_canonical_fits.py --fit --seed {0,1,2} --threads=2",8159cf175a6f65f175c9fbc096470915a63a0505,runs/peerreview_20261003/canonical/full_0_ig_arrays.npz
canonical_fits.zip,canonical/full_0_ig_completeness.csv,861,02fdfbe243dfbfff0f98317803fe28e6c8d1cef357e96fbcd5404957ec49f8d8,scripts/24_canonical_fits.py,".venv/Scripts/python scripts/24_canonical_fits.py --fit --seed {0,1,2} --threads=2",8159cf175a6f65f175c9fbc096470915a63a0505,runs/peerreview_20261003/canonical/full_0_ig_completeness.csv
canonical_fits.zip,canonical/full_0_ig_summary.csv.gz,176901,22dbcaf43cb6b8f0817e25eeef09e6342e9f75e0e1fdbe007115b9d246f3a00b,scripts/24_canonical_fits.py,".venv/Scripts/python scripts/24_canonical_fits.py --fit --seed {0,1,2} --threads=2",8159cf175a6f65f175c9fbc096470915a63a0505,runs/peerreview_20261003/canonical/full_0_ig_summary.csv.gz
canonical_fits.zip,canonical/full_0_latent_usage_per_dimension.csv,1486,ce9666337b9183553ae0fcd35e35bb1aa5acc0dad3745c5ab1e79c37579ce3ba,scripts/24_canonical_fits.py,".venv/Scripts/python scripts/24_canonical_fits.py --fit --seed {0,1,2} --threads=2",8159cf175a6f65f175c9fbc096470915a63a0505,runs/peerreview_20261003/canonical/full_0_latent_usage_per_dimension.csv
canonical_fits.zip,canonical/full_0_latents.npz,10019669,48090fc7f8fd57068e44cfa27ee6a0611a2be580f44e319a269a0d20ea9803f4,scripts/24_canonical_fits.py,".venv/Scripts/python scripts/24_canonical_fits.py --fit --seed {0,1,2} --threads=2",8159cf175a6f65f175c9fbc096470915a63a0505,runs/peerreview_20261003/canonical/full_0_latents.npz
canonical_fits.zip,canonical/full_0_metrics.json,1867,8b6c62376b3b7a285e5885e951dfa1b2abed8fe1a4c64d671fbb09278f34f41d,scripts/24_canonical_fits.py,".venv/Scripts/python scripts/24_canonical_fits.py --fit --seed {0,1,2} --threads=2",8159cf175a6f65f175c9fbc096470915a63a0505,runs/peerreview_20261003/canonical/full_0_metrics.json
canonical_fits.zip,canonical/full_1.pt,4261990,5a9609a7983e1c57ac4141c29710ca6cbd5c4159f06b07333f3f861419c8a55d,scripts/24_canonical_fits.py,".venv/Scripts/python scripts/24_canonical_fits.py --fit --seed {0,1,2} --threads=2",8159cf175a6f65f175c9fbc096470915a63a0505,runs/peerreview_20261003/canonical/full_1.pt
canonical_fits.zip,canonical/full_1_done.json,1870,23b4ad8f93f27cb3ae182a3ef08f375b4dad1aa49e0201152087cb2e1145a641,scripts/24_canonical_fits.py,".venv/Scripts/python scripts/24_canonical_fits.py --fit --seed {0,1,2} --threads=2",8159cf175a6f65f175c9fbc096470915a63a0505,runs/peerreview_20261003/canonical/full_1_done.json
canonical_fits.zip,canonical/full_1_history.csv,4217,c9ed014d2b20079d756b4256643f722bd85daa99487fa4b8026eee7a266d3c7a,scripts/24_canonical_fits.py,".venv/Scripts/python scripts/24_canonical_fits.py --fit --seed {0,1,2} --threads=2",8159cf175a6f65f175c9fbc096470915a63a0505,runs/peerreview_20261003/canonical/full_1_history.csv
canonical_fits.zip,canonical/full_1_ig_arrays.npz,871977,bcf4d2bee4f9201381df977159e9ef7224f0f9788b3c49ee947843ad2917111a,scripts/24_canonical_fits.py,".venv/Scripts/python scripts/24_canonical_fits.py --fit --seed {0,1,2} --threads=2",8159cf175a6f65f175c9fbc096470915a63a0505,runs/peerreview_20261003/canonical/full_1_ig_arrays.npz
canonical_fits.zip,canonical/full_1_ig_completeness.csv,864,d2c1da27e0189551db01bf4e4755805a1fe508f4d09e3dde55ac6b6fb0859da0,scripts/24_canonical_fits.py,".venv/Scripts/python scripts/24_canonical_fits.py --fit --seed {0,1,2} --threads=2",8159cf175a6f65f175c9fbc096470915a63a0505,runs/peerreview_20261003/canonical/full_1_ig_completeness.csv
canonical_fits.zip,canonical/full_1_ig_summary.csv.gz,177624,787dff2978c97ebfacb993953ac7a6b4f2cf588e23d13ebc2001da5d52db10af,scripts/24_canonical_fits.py,".venv/Scripts/python scripts/24_canonical_fits.py --fit --seed {0,1,2} --threads=2",8159cf175a6f65f175c9fbc096470915a63a0505,runs/peerreview_20261003/canonical/full_1_ig_summary.csv.gz
canonical_fits.zip,canonical/full_1_latent_usage_per_dimension.csv,1482,f757262c24dc8b6dec20a0fbd3530e126cef391c20eedf82d321220642a4d26a,scripts/24_canonical_fits.py,".venv/Scripts/python scripts/24_canonical_fits.py --fit --seed {0,1,2} --threads=2",8159cf175a6f65f175c9fbc096470915a63a0505,runs/peerreview_20261003/canonical/full_1_latent_usage_per_dimension.csv
canonical_fits.zip,canonical/full_1_latents.npz,9977971,1059bf28254c3481d01fafba9f766577c8702ef1eaea21e328570546816de528,scripts/24_canonical_fits.py,".venv/Scripts/python scripts/24_canonical_fits.py --fit --seed {0,1,2} --threads=2",8159cf175a6f65f175c9fbc096470915a63a0505,runs/peerreview_20261003/canonical/full_1_latents.npz
canonical_fits.zip,canonical/full_1_metrics.json,1870,23b4ad8f93f27cb3ae182a3ef08f375b4dad1aa49e0201152087cb2e1145a641,scripts/24_canonical_fits.py,".venv/Scripts/python scripts/24_canonical_fits.py --fit --seed {0,1,2} --threads=2",8159cf175a6f65f175c9fbc096470915a63a0505,runs/peerreview_20261003/canonical/full_1_metrics.json
canonical_fits.zip,canonical/full_2.pt,4261990,5ebb43dd5acf99af58f9429424f4fb54ae0dd88ee9ae82f4e3bc1d9c121073a7,scripts/24_canonical_fits.py,".venv/Scripts/python scripts/24_canonical_fits.py --fit --seed {0,1,2} --threads=2",8159cf175a6f65f175c9fbc096470915a63a0505,runs/peerreview_20261003/canonical/full_2.pt
canonical_fits.zip,canonical/full_2_done.json,1866,8f37dd70cdef6fc31d0bfaebf48664fdbd35d542d2698ac3b2569e56b2ba7233,scripts/24_canonical_fits.py,".venv/Scripts/python scripts/24_canonical_fits.py --fit --seed {0,1,2} --threads=2",8159cf175a6f65f175c9fbc096470915a63a0505,runs/peerreview_20261003/canonical/full_2_done.json
canonical_fits.zip,canonical/full_2_history.csv,4219,b662123e58ed9fd4f0452e4fdae41b1dbb97b595afa2e2e4b2f7e700a0f0379e,scripts/24_canonical_fits.py,".venv/Scripts/python scripts/24_canonical_fits.py --fit --seed {0,1,2} --threads=2",8159cf175a6f65f175c9fbc096470915a63a0505,runs/peerreview_20261003/canonical/full_2_history.csv
canonical_fits.zip,canonical/full_2_ig_arrays.npz,871081,fabefe652848fb191723dc94a7ae39e80c866bab7be4849b22f438c085a59ea3,scripts/24_canonical_fits.py,".venv/Scripts/python scripts/24_canonical_fits.py --fit --seed {0,1,2} --threads=2",8159cf175a6f65f175c9fbc096470915a63a0505,runs/peerreview_20261003/canonical/full_2_ig_arrays.npz
canonical_fits.zip,canonical/full_2_ig_completeness.csv,868,a4337bf3dd983aae59801bb87e4caac89a6c47d6be10ef11b70110f2f1ac4869,scripts/24_canonical_fits.py,".venv/Scripts/python scripts/24_canonical_fits.py --fit --seed {0,1,2} --threads=2",8159cf175a6f65f175c9fbc096470915a63a0505,runs/peerreview_20261003/canonical/full_2_ig_completeness.csv
canonical_fits.zip,canonical/full_2_ig_summary.csv.gz,176217,2edc8d7c0470f617224cd1ab2551101ca1e897c11f1d7cc003216bb7008b0737,scripts/24_canonical_fits.py,".venv/Scripts/python scripts/24_canonical_fits.py --fit --seed {0,1,2} --threads=2",8159cf175a6f65f175c9fbc096470915a63a0505,runs/peerreview_20261003/canonical/full_2_ig_summary.csv.gz
canonical_fits.zip,canonical/full_2_latent_usage_per_dimension.csv,1477,a3ef7c14a4ccaef072529ce6b754444f5694fa7ef36d01d3fd27ec726e2a28c7,scripts/24_canonical_fits.py,".venv/Scripts/python scripts/24_canonical_fits.py --fit --seed {0,1,2} --threads=2",8159cf175a6f65f175c9fbc096470915a63a0505,runs/peerreview_20261003/canonical/full_2_latent_usage_per_dimension.csv
canonical_fits.zip,canonical/full_2_latents.npz,9991373,0ac0c06a7d374a2ba1c3f3baf9763eba6f4cd6e3931e0ce2d5f0b1b713f1d3c7,scripts/24_canonical_fits.py,".venv/Scripts/python scripts/24_canonical_fits.py --fit --seed {0,1,2} --threads=2",8159cf175a6f65f175c9fbc096470915a63a0505,runs/peerreview_20261003/canonical/full_2_latents.npz
canonical_fits.zip,canonical/full_2_metrics.json,1866,8f37dd70cdef6fc31d0bfaebf48664fdbd35d542d2698ac3b2569e56b2ba7233,scripts/24_canonical_fits.py,".venv/Scripts/python scripts/24_canonical_fits.py --fit --seed {0,1,2} --threads=2",8159cf175a6f65f175c9fbc096470915a63a0505,runs/peerreview_20261003/canonical/full_2_metrics.json
canonical_inputs.zip,canonical_inputs/cells.csv,6226848,7b4d7adfc9d04566e49db82dfa7a158cdbbcd2f75b68c8d29bfd5a91bf4f2bda,scripts/23_prepare_and_ved_check.py,.venv/Scripts/python scripts/23_prepare_and_ved_check.py,889684d56bb526b6b6714b311e018e7a9fb6dbec,runs/peerreview_20261003/canonical_inputs/cells.csv
canonical_inputs.zip,canonical_inputs/count_inputs.npz,13913858,8f774ef62ec55a2d7f0fb00fc2907126107bb23bf388d40f3ff299461de5a795,scripts/23_prepare_and_ved_check.py,.venv/Scripts/python scripts/23_prepare_and_ved_check.py,889684d56bb526b6b6714b311e018e7a9fb6dbec,runs/peerreview_20261003/canonical_inputs/count_inputs.npz
canonical_inputs.zip,canonical_inputs/hvg_reselection_check.json,232,585335a3da1a4961128cf03333ace9051246386f6e26eab2dc55796a548eb00a,scripts/23_prepare_and_ved_check.py,.venv/Scripts/python scripts/23_prepare_and_ved_check.py,889684d56bb526b6b6714b311e018e7a9fb6dbec,runs/peerreview_20261003/canonical_inputs/hvg_reselection_check.json
canonical_inputs.zip,canonical_inputs/inputs.npz,16962088,4cb5035ef8e3e3f2cf0d031d1c686b8a5817fc714071449304340b9d6a253792,scripts/23_prepare_and_ved_check.py,.venv/Scripts/python scripts/23_prepare_and_ved_check.py,889684d56bb526b6b6714b311e018e7a9fb6dbec,runs/peerreview_20261003/canonical_inputs/inputs.npz
r3_comparison_fits.zip,comparison/gaussian_vae_0.pt,4265758,52df78a871a317d3a1442655375bcd441706d36d46f7e070aa1c5f3244f5ac22,scripts/36_r3_comparison_fits.py,".venv/Scripts/python scripts/36_r3_comparison_fits.py --job mode --mode {no_hsic,no_gating,gaussian_vae} --seed {0,1,2}",f1e558e248936f64e5195ea33f1eefe6f06d1bb8,runs/peerreview_20261004/comparison/gaussian_vae_0.pt
r3_comparison_fits.zip,comparison/gaussian_vae_0_done.json,68,3a2bf5bed2a0eb7e1e8bb5edc11e7afeb9a6cad1996206e1bd0b5d1698ec75cf,scripts/36_r3_comparison_fits.py,".venv/Scripts/python scripts/36_r3_comparison_fits.py --job mode --mode {no_hsic,no_gating,gaussian_vae} --seed {0,1,2}",f1e558e248936f64e5195ea33f1eefe6f06d1bb8,runs/peerreview_20261004/comparison/gaussian_vae_0_done.json
r3_comparison_fits.zip,comparison/gaussian_vae_0_history.csv,4225,772dd53ff8fb4b984ee387b055c38fe1d2c5a7b985cd6b9ce965ebd5a55f690f,scripts/36_r3_comparison_fits.py,".venv/Scripts/python scripts/36_r3_comparison_fits.py --job mode --mode {no_hsic,no_gating,gaussian_vae} --seed {0,1,2}",f1e558e248936f64e5195ea33f1eefe6f06d1bb8,runs/peerreview_20261004/comparison/gaussian_vae_0_history.csv
r3_comparison_fits.zip,comparison/gaussian_vae_0_latents.npz,8785966,a76c282d57e6498bd21ca025c5cefe43b8bc91c269bc36207387bf78c29e2ce3,scripts/36_r3_comparison_fits.py,".venv/Scripts/python scripts/36_r3_comparison_fits.py --job mode --mode {no_hsic,no_gating,gaussian_vae} --seed {0,1,2}",f1e558e248936f64e5195ea33f1eefe6f06d1bb8,runs/peerreview_20261004/comparison/gaussian_vae_0_latents.npz
r3_comparison_fits.zip,comparison/gaussian_vae_0_metrics.json,707,8569dedadbeaf8879f986eb97dfd4e9e205874c9153d8e2144a8dbe2804fd24c,scripts/36_r3_comparison_fits.py,".venv/Scripts/python scripts/36_r3_comparison_fits.py --job mode --mode {no_hsic,no_gating,gaussian_vae} --seed {0,1,2}",f1e558e248936f64e5195ea33f1eefe6f06d1bb8,runs/peerreview_20261004/comparison/gaussian_vae_0_metrics.json
r3_comparison_fits.zip,comparison/gaussian_vae_1.pt,4265758,613625305b81ce41ca835077f9fff97b50357cfeba0687c128995364de4b638d,scripts/36_r3_comparison_fits.py,".venv/Scripts/python scripts/36_r3_comparison_fits.py --job mode --mode {no_hsic,no_gating,gaussian_vae} --seed {0,1,2}",f1e558e248936f64e5195ea33f1eefe6f06d1bb8,runs/peerreview_20261004/comparison/gaussian_vae_1.pt
r3_comparison_fits.zip,comparison/gaussian_vae_1_done.json,68,fb5e649166a1a062f167ed0f94071b6985bf459a2b524c5e7e8d8d7d274e707f,scripts/36_r3_comparison_fits.py,".venv/Scripts/python scripts/36_r3_comparison_fits.py --job mode --mode {no_hsic,no_gating,gaussian_vae} --seed {0,1,2}",f1e558e248936f64e5195ea33f1eefe6f06d1bb8,runs/peerreview_20261004/comparison/gaussian_vae_1_done.json
r3_comparison_fits.zip,comparison/gaussian_vae_1_history.csv,4228,a909c5f2ef382ca723d2c67740e2c7b0e1a3e9097e4bced0ae8a8095d5a5ec83,scripts/36_r3_comparison_fits.py,".venv/Scripts/python scripts/36_r3_comparison_fits.py --job mode --mode {no_hsic,no_gating,gaussian_vae} --seed {0,1,2}",f1e558e248936f64e5195ea33f1eefe6f06d1bb8,runs/peerreview_20261004/comparison/gaussian_vae_1_history.csv
r3_comparison_fits.zip,comparison/gaussian_vae_1_latents.npz,8734932,0ff36a9f01b48e2f468948126c8529968fe07e773569b961d7b896166b2d6c55,scripts/36_r3_comparison_fits.py,".venv/Scripts/python scripts/36_r3_comparison_fits.py --job mode --mode {no_hsic,no_gating,gaussian_vae} --seed {0,1,2}",f1e558e248936f64e5195ea33f1eefe6f06d1bb8,runs/peerreview_20261004/comparison/gaussian_vae_1_latents.npz
r3_comparison_fits.zip,comparison/gaussian_vae_1_metrics.json,709,d57e0fda3d566ca1ef9f8a61be46db737dd6d474145cb07f4ea99ec99cb47a4e,scripts/36_r3_comparison_fits.py,".venv/Scripts/python scripts/36_r3_comparison_fits.py --job mode --mode {no_hsic,no_gating,gaussian_vae} --seed {0,1,2}",f1e558e248936f64e5195ea33f1eefe6f06d1bb8,runs/peerreview_20261004/comparison/gaussian_vae_1_metrics.json
r3_comparison_fits.zip,comparison/gaussian_vae_2.pt,4265758,2c485858ae230065113cb69e11b1c76da7045cab1c1e5c8710d88cea7e652054,scripts/36_r3_comparison_fits.py,".venv/Scripts/python scripts/36_r3_comparison_fits.py --job mode --mode {no_hsic,no_gating,gaussian_vae} --seed {0,1,2}",f1e558e248936f64e5195ea33f1eefe6f06d1bb8,runs/peerreview_20261004/comparison/gaussian_vae_2.pt
r3_comparison_fits.zip,comparison/gaussian_vae_2_done.json,67,1f41cd0e879aa5032af2b73f2d913c033969476b1ddc151e657808f1843bc0c8,scripts/36_r3_comparison_fits.py,".venv/Scripts/python scripts/36_r3_comparison_fits.py --job mode --mode {no_hsic,no_gating,gaussian_vae} --seed {0,1,2}",f1e558e248936f64e5195ea33f1eefe6f06d1bb8,runs/peerreview_20261004/comparison/gaussian_vae_2_done.json
r3_comparison_fits.zip,comparison/gaussian_vae_2_history.csv,4235,1a0736b413d1248f038024b16b07394f9b09cc1774cbe50c2d1a5f196a7b8095,scripts/36_r3_comparison_fits.py,".venv/Scripts/python scripts/36_r3_comparison_fits.py --job mode --mode {no_hsic,no_gating,gaussian_vae} --seed {0,1,2}",f1e558e248936f64e5195ea33f1eefe6f06d1bb8,runs/peerreview_20261004/comparison/gaussian_vae_2_history.csv
r3_comparison_fits.zip,comparison/gaussian_vae_2_latents.npz,8780253,75167f47b0255aba060e0eec2068506c491f2a8b8b2bbe307a086ec8f5b82563,scripts/36_r3_comparison_fits.py,".venv/Scripts/python scripts/36_r3_comparison_fits.py --job mode --mode {no_hsic,no_gating,gaussian_vae} --seed {0,1,2}",f1e558e248936f64e5195ea33f1eefe6f06d1bb8,runs/peerreview_20261004/comparison/gaussian_vae_2_latents.npz
r3_comparison_fits.zip,comparison/gaussian_vae_2_metrics.json,707,d55334989af36f513b3e39bbf6ffc24d466154d970ad165ee0b08b42b80aa99c,scripts/36_r3_comparison_fits.py,".venv/Scripts/python scripts/36_r3_comparison_fits.py --job mode --mode {no_hsic,no_gating,gaussian_vae} --seed {0,1,2}",f1e558e248936f64e5195ea33f1eefe6f06d1bb8,runs/peerreview_20261004/comparison/gaussian_vae_2_metrics.json
r3_comparison_fits.zip,comparison/negative_binomial_0.pt,4272354,9c7126d832a5b02441d9ccb77b1e57da3c7d5b9f78b720c1d479b00c35513122,scripts/36_r3_comparison_fits.py,".venv/Scripts/python scripts/36_r3_comparison_fits.py --job nb --seed {0,1,2}",f1e558e248936f64e5195ea33f1eefe6f06d1bb8,runs/peerreview_20261004/comparison/negative_binomial_0.pt
r3_comparison_fits.zip,comparison/negative_binomial_0_done.json,72,78f62f30e443be2c30f18a0d063f52814ca2ca0c5073f693cda4480533aa1bc3,scripts/36_r3_comparison_fits.py,".venv/Scripts/python scripts/36_r3_comparison_fits.py --job nb --seed {0,1,2}",f1e558e248936f64e5195ea33f1eefe6f06d1bb8,runs/peerreview_20261004/comparison/negative_binomial_0_done.json
r3_comparison_fits.zip,comparison/negative_binomial_0_history.csv,2372,fe0e9b57c3ebdd8c9cfe6b5a79fb110dede49f784e46b85932ac604d10308ab9,scripts/36_r3_comparison_fits.py,".venv/Scripts/python scripts/36_r3_comparison_fits.py --job nb --seed {0,1,2}",f1e558e248936f64e5195ea33f1eefe6f06d1bb8,runs/peerreview_20261004/comparison/negative_binomial_0_history.csv
r3_comparison_fits.zip,comparison/negative_binomial_0_latents.npz,6961264,abfdc81746821c26f4b1be2927dcb5d1e847a686cf62b6de37e989dd19f65b01,scripts/40_r3_analyses.py,.venv/Scripts/python scripts/40_r3_analyses.py --part comparison,559568c3d97a79a9f47a0831ebc386ebf84572e4,runs/peerreview_20261004/comparison/negative_binomial_0_latents.npz
r3_comparison_fits.zip,comparison/negative_binomial_0_metrics.json,216,5d472e32e9674ca169a96ae88438839b8a8bea605f68bd7b0bd1f09a57b38981,scripts/36_r3_comparison_fits.py,".venv/Scripts/python scripts/36_r3_comparison_fits.py --job nb --seed {0,1,2}",f1e558e248936f64e5195ea33f1eefe6f06d1bb8,runs/peerreview_20261004/comparison/negative_binomial_0_metrics.json
r3_comparison_fits.zip,comparison/negative_binomial_1.pt,4272354,a95f6f9a42b62c7d0299bb14d00680a6d4e1dd2183933e5318795fd5962aecc6,scripts/36_r3_comparison_fits.py,".venv/Scripts/python scripts/36_r3_comparison_fits.py --job nb --seed {0,1,2}",f1e558e248936f64e5195ea33f1eefe6f06d1bb8,runs/peerreview_20261004/comparison/negative_binomial_1.pt
r3_comparison_fits.zip,comparison/negative_binomial_1_done.json,72,eddc63e9e1c59c7d90d94c95e795efec763cf262412db04b03c73a7d07d5aace,scripts/36_r3_comparison_fits.py,".venv/Scripts/python scripts/36_r3_comparison_fits.py --job nb --seed {0,1,2}",f1e558e248936f64e5195ea33f1eefe6f06d1bb8,runs/peerreview_20261004/comparison/negative_binomial_1_done.json
r3_comparison_fits.zip,comparison/negative_binomial_1_history.csv,2375,34fdffe025c58d083a00b3b14206d1ec47a0d26baa8f5f6f904217622adfd943,scripts/36_r3_comparison_fits.py,".venv/Scripts/python scripts/36_r3_comparison_fits.py --job nb --seed {0,1,2}",f1e558e248936f64e5195ea33f1eefe6f06d1bb8,runs/peerreview_20261004/comparison/negative_binomial_1_history.csv
r3_comparison_fits.zip,comparison/negative_binomial_1_latents.npz,6926256,c49e49e525a6798a8dcb7ecbdd5dcc4531852bd266112c7d88ca66af4ad3c5d4,scripts/40_r3_analyses.py,.venv/Scripts/python scripts/40_r3_analyses.py --part comparison,559568c3d97a79a9f47a0831ebc386ebf84572e4,runs/peerreview_20261004/comparison/negative_binomial_1_latents.npz
r3_comparison_fits.zip,comparison/negative_binomial_1_metrics.json,217,b74baa2e74ff458caf773020fb244b8e770dce4bce22b22e7b86b3b635acc898,scripts/36_r3_comparison_fits.py,".venv/Scripts/python scripts/36_r3_comparison_fits.py --job nb --seed {0,1,2}",f1e558e248936f64e5195ea33f1eefe6f06d1bb8,runs/peerreview_20261004/comparison/negative_binomial_1_metrics.json
r3_comparison_fits.zip,comparison/negative_binomial_2.pt,4272354,c04165e3c8690eb4f525d686e39072bc0fce3bc40edf2947548db3a1baccc2d9,scripts/36_r3_comparison_fits.py,".venv/Scripts/python scripts/36_r3_comparison_fits.py --job nb --seed {0,1,2}",f1e558e248936f64e5195ea33f1eefe6f06d1bb8,runs/peerreview_20261004/comparison/negative_binomial_2.pt
r3_comparison_fits.zip,comparison/negative_binomial_2_done.json,73,48d4f4937e74feec30bb7467f67a97aa48b0fc2852bf6c5ac54da51061c68d7d,scripts/36_r3_comparison_fits.py,".venv/Scripts/python scripts/36_r3_comparison_fits.py --job nb --seed {0,1,2}",f1e558e248936f64e5195ea33f1eefe6f06d1bb8,runs/peerreview_20261004/comparison/negative_binomial_2_done.json
r3_comparison_fits.zip,comparison/negative_binomial_2_history.csv,2375,b0392bda73bf229023a15e9185c93875ea72ef63eb7b376be51f17f7aa821b06,scripts/36_r3_comparison_fits.py,".venv/Scripts/python scripts/36_r3_comparison_fits.py --job nb --seed {0,1,2}",f1e558e248936f64e5195ea33f1eefe6f06d1bb8,runs/peerreview_20261004/comparison/negative_binomial_2_history.csv
r3_comparison_fits.zip,comparison/negative_binomial_2_latents.npz,6927813,00ed2a1e0de419ab326cda4530315fecd5ab3d09eb18018a55222b18a7e250e2,scripts/40_r3_analyses.py,.venv/Scripts/python scripts/40_r3_analyses.py --part comparison,559568c3d97a79a9f47a0831ebc386ebf84572e4,runs/peerreview_20261004/comparison/negative_binomial_2_latents.npz
r3_comparison_fits.zip,comparison/negative_binomial_2_metrics.json,217,48ca8536a922c8bbb8329f941b3dd63c3adad1bb2879ba43b10d3b27ababbeb6,scripts/36_r3_comparison_fits.py,".venv/Scripts/python scripts/36_r3_comparison_fits.py --job nb --seed {0,1,2}",f1e558e248936f64e5195ea33f1eefe6f06d1bb8,runs/peerreview_20261004/comparison/negative_binomial_2_metrics.json
r3_comparison_fits.zip,comparison/no_gating_0.pt,4265569,312eff4bf08126f838a715a4051098c34e399846b7ccfc725fcdc0000c468dcb,scripts/36_r3_comparison_fits.py,".venv/Scripts/python scripts/36_r3_comparison_fits.py --job mode --mode {no_hsic,no_gating,gaussian_vae} --seed {0,1,2}",f1e558e248936f64e5195ea33f1eefe6f06d1bb8,runs/peerreview_20261004/comparison/no_gating_0.pt
r3_comparison_fits.zip,comparison/no_gating_0_done.json,65,0ed88114e81cf294a925980a0fe44c70d5adaa7c05a67f30fc14adcbf75a538a,scripts/36_r3_comparison_fits.py,".venv/Scripts/python scripts/36_r3_comparison_fits.py --job mode --mode {no_hsic,no_gating,gaussian_vae} --seed {0,1,2}",f1e558e248936f64e5195ea33f1eefe6f06d1bb8,runs/peerreview_20261004/comparison/no_gating_0_done.json
r3_comparison_fits.zip,comparison/no_gating_0_history.csv,4235,2cbd808d6b0a293c6bc47e874ff84654f25d0575b3eca51e504c6de72f77e9c3,scripts/36_r3_comparison_fits.py,".venv/Scripts/python scripts/36_r3_comparison_fits.py --job mode --mode {no_hsic,no_gating,gaussian_vae} --seed {0,1,2}",f1e558e248936f64e5195ea33f1eefe6f06d1bb8,runs/peerreview_20261004/comparison/no_gating_0_history.csv
r3_comparison_fits.zip,comparison/no_gating_0_latents.npz,8771639,f4c32c269961257acd3f17994994ba279fa25b2003fa8f6fb0471c4a8f083eb2,scripts/36_r3_comparison_fits.py,".venv/Scripts/python scripts/36_r3_comparison_fits.py --job mode --mode {no_hsic,no_gating,gaussian_vae} --seed {0,1,2}",f1e558e248936f64e5195ea33f1eefe6f06d1bb8,runs/peerreview_20261004/comparison/no_gating_0_latents.npz
r3_comparison_fits.zip,comparison/no_gating_0_metrics.json,703,e15b3f4224a25a602c75caaca220d5d18bec69e21ee5ad114814ee34cc7739c4,scripts/36_r3_comparison_fits.py,".venv/Scripts/python scripts/36_r3_comparison_fits.py --job mode --mode {no_hsic,no_gating,gaussian_vae} --seed {0,1,2}",f1e558e248936f64e5195ea33f1eefe6f06d1bb8,runs/peerreview_20261004/comparison/no_gating_0_metrics.json
r3_comparison_fits.zip,comparison/no_gating_1.pt,4265569,74e794625003aa1b0b3f9f66d05a4a1c84ef460afa4767e0f3423dcd85159d97,scripts/36_r3_comparison_fits.py,".venv/Scripts/python scripts/36_r3_comparison_fits.py --job mode --mode {no_hsic,no_gating,gaussian_vae} --seed {0,1,2}",f1e558e248936f64e5195ea33f1eefe6f06d1bb8,runs/peerreview_20261004/comparison/no_gating_1.pt
r3_comparison_fits.zip,comparison/no_gating_1_done.json,65,1d0d8dbd91a7a950b85bf470337e0d9b573fe521e84b1774db0d8e734b80fcf0,scripts/36_r3_comparison_fits.py,".venv/Scripts/python scripts/36_r3_comparison_fits.py --job mode --mode {no_hsic,no_gating,gaussian_vae} --seed {0,1,2}",f1e558e248936f64e5195ea33f1eefe6f06d1bb8,runs/peerreview_20261004/comparison/no_gating_1_done.json
r3_comparison_fits.zip,comparison/no_gating_1_history.csv,4235,91e0acacb0fee32fc1470c7d013b1aae61635cd294c55ebc3e6dd50065ca7a52,scripts/36_r3_comparison_fits.py,".venv/Scripts/python scripts/36_r3_comparison_fits.py --job mode --mode {no_hsic,no_gating,gaussian_vae} --seed {0,1,2}",f1e558e248936f64e5195ea33f1eefe6f06d1bb8,runs/peerreview_20261004/comparison/no_gating_1_history.csv
r3_comparison_fits.zip,comparison/no_gating_1_latents.npz,8783115,3e244e393388d79661517eddacb3d922dc9fe24669b36f678de4e1ede8807a48,scripts/36_r3_comparison_fits.py,".venv/Scripts/python scripts/36_r3_comparison_fits.py --job mode --mode {no_hsic,no_gating,gaussian_vae} --seed {0,1,2}",f1e558e248936f64e5195ea33f1eefe6f06d1bb8,runs/peerreview_20261004/comparison/no_gating_1_latents.npz
r3_comparison_fits.zip,comparison/no_gating_1_metrics.json,703,e28be10195cec81a3c40e1e6986ff574f3bca43b50292b425dbbbd6c6933f44c,scripts/36_r3_comparison_fits.py,".venv/Scripts/python scripts/36_r3_comparison_fits.py --job mode --mode {no_hsic,no_gating,gaussian_vae} --seed {0,1,2}",f1e558e248936f64e5195ea33f1eefe6f06d1bb8,runs/peerreview_20261004/comparison/no_gating_1_metrics.json
r3_comparison_fits.zip,comparison/no_gating_2.pt,4265569,b26dbe24b1ce4a2524bb3300cc05e1a7b35c6a862293474bea416745280e8375,scripts/36_r3_comparison_fits.py,".venv/Scripts/python scripts/36_r3_comparison_fits.py --job mode --mode {no_hsic,no_gating,gaussian_vae} --seed {0,1,2}",f1e558e248936f64e5195ea33f1eefe6f06d1bb8,runs/peerreview_20261004/comparison/no_gating_2.pt
r3_comparison_fits.zip,comparison/no_gating_2_done.json,65,f01b237df8990d32cf05e12d655248827d6afc71b1ad4f905be393072a02b4e5,scripts/36_r3_comparison_fits.py,".venv/Scripts/python scripts/36_r3_comparison_fits.py --job mode --mode {no_hsic,no_gating,gaussian_vae} --seed {0,1,2}",f1e558e248936f64e5195ea33f1eefe6f06d1bb8,runs/peerreview_20261004/comparison/no_gating_2_done.json
r3_comparison_fits.zip,comparison/no_gating_2_history.csv,4216,88c812a776181432fba174571dc6633d8aa429dc302e8c2930d57a0e737753b9,scripts/36_r3_comparison_fits.py,".venv/Scripts/python scripts/36_r3_comparison_fits.py --job mode --mode {no_hsic,no_gating,gaussian_vae} --seed {0,1,2}",f1e558e248936f64e5195ea33f1eefe6f06d1bb8,runs/peerreview_20261004/comparison/no_gating_2_history.csv
r3_comparison_fits.zip,comparison/no_gating_2_latents.npz,8763556,e45b8e8339aeab92e93fac516f335e23984b7b39b2d4ad83ab37ef1d5afe41de,scripts/36_r3_comparison_fits.py,".venv/Scripts/python scripts/36_r3_comparison_fits.py --job mode --mode {no_hsic,no_gating,gaussian_vae} --seed {0,1,2}",f1e558e248936f64e5195ea33f1eefe6f06d1bb8,runs/peerreview_20261004/comparison/no_gating_2_latents.npz
r3_comparison_fits.zip,comparison/no_gating_2_metrics.json,701,496db6ac0deb8d9aa137b33ea2ea35a18fd49f87ff4e22c0f929a35f841ea27e,scripts/36_r3_comparison_fits.py,".venv/Scripts/python scripts/36_r3_comparison_fits.py --job mode --mode {no_hsic,no_gating,gaussian_vae} --seed {0,1,2}",f1e558e248936f64e5195ea33f1eefe6f06d1bb8,runs/peerreview_20261004/comparison/no_gating_2_metrics.json
r3_comparison_fits.zip,comparison/no_hsic_0.pt,4265443,32a41d9be8d5cd138aef11863f941abe94a1bb8acbb4281ca0b4936503f3a94f,scripts/36_r3_comparison_fits.py,".venv/Scripts/python scripts/36_r3_comparison_fits.py --job mode --mode {no_hsic,no_gating,gaussian_vae} --seed {0,1,2}",f1e558e248936f64e5195ea33f1eefe6f06d1bb8,runs/peerreview_20261004/comparison/no_hsic_0.pt
r3_comparison_fits.zip,comparison/no_hsic_0_done.json,62,7b466f319f741d933bf455c4b0b600a13bd5c853fbcde9ef582d49905db4acc2,scripts/36_r3_comparison_fits.py,".venv/Scripts/python scripts/36_r3_comparison_fits.py --job mode --mode {no_hsic,no_gating,gaussian_vae} --seed {0,1,2}",f1e558e248936f64e5195ea33f1eefe6f06d1bb8,runs/peerreview_20261004/comparison/no_hsic_0_done.json
r3_comparison_fits.zip,comparison/no_hsic_0_history.csv,4236,572f5dbecbd2724d7998ce7b20d431bfe3d997c6e22ab6ba816e1a3393883a12,scripts/36_r3_comparison_fits.py,".venv/Scripts/python scripts/36_r3_comparison_fits.py --job mode --mode {no_hsic,no_gating,gaussian_vae} --seed {0,1,2}",f1e558e248936f64e5195ea33f1eefe6f06d1bb8,runs/peerreview_20261004/comparison/no_hsic_0_history.csv
r3_comparison_fits.zip,comparison/no_hsic_0_latents.npz,7277142,dedff08dc191894192ab679e5826443a92ed6b2eacd7dcb6e0fb336b24e301f0,scripts/36_r3_comparison_fits.py,".venv/Scripts/python scripts/36_r3_comparison_fits.py --job mode --mode {no_hsic,no_gating,gaussian_vae} --seed {0,1,2}",f1e558e248936f64e5195ea33f1eefe6f06d1bb8,runs/peerreview_20261004/comparison/no_hsic_0_latents.npz
r3_comparison_fits.zip,comparison/no_hsic_0_metrics.json,697,3b52aa0e47fe9ddaca7eb26545801e73d2340a81fe939d9c459201ea5c381820,scripts/36_r3_comparison_fits.py,".venv/Scripts/python scripts/36_r3_comparison_fits.py --job mode --mode {no_hsic,no_gating,gaussian_vae} --seed {0,1,2}",f1e558e248936f64e5195ea33f1eefe6f06d1bb8,runs/peerreview_20261004/comparison/no_hsic_0_metrics.json
r3_comparison_fits.zip,comparison/no_hsic_1.pt,4265443,fed6a658fef33cac5ec2aba2e845bd6a0020ecc857959e0e706f09edc3306134,scripts/36_r3_comparison_fits.py,".venv/Scripts/python scripts/36_r3_comparison_fits.py --job mode --mode {no_hsic,no_gating,gaussian_vae} --seed {0,1,2}",f1e558e248936f64e5195ea33f1eefe6f06d1bb8,runs/peerreview_20261004/comparison/no_hsic_1.pt
r3_comparison_fits.zip,comparison/no_hsic_1_done.json,63,eae2aad7c20f602c08eac2f78e643a6f16ec48c193f5d6bda636061d0c2f082c,scripts/36_r3_comparison_fits.py,".venv/Scripts/python scripts/36_r3_comparison_fits.py --job mode --mode {no_hsic,no_gating,gaussian_vae} --seed {0,1,2}",f1e558e248936f64e5195ea33f1eefe6f06d1bb8,runs/peerreview_20261004/comparison/no_hsic_1_done.json
r3_comparison_fits.zip,comparison/no_hsic_1_history.csv,4235,6969906a0747bc39c2eef8ca7b7500177358a332db8c46bd181a17ec537952e8,scripts/36_r3_comparison_fits.py,".venv/Scripts/python scripts/36_r3_comparison_fits.py --job mode --mode {no_hsic,no_gating,gaussian_vae} --seed {0,1,2}",f1e558e248936f64e5195ea33f1eefe6f06d1bb8,runs/peerreview_20261004/comparison/no_hsic_1_history.csv
r3_comparison_fits.zip,comparison/no_hsic_1_latents.npz,7246085,bf96af7e87347b2bdd99c1ecbbc5e755d925730546cf6bb6faaba6a113b7e5de,scripts/36_r3_comparison_fits.py,".venv/Scripts/python scripts/36_r3_comparison_fits.py --job mode --mode {no_hsic,no_gating,gaussian_vae} --seed {0,1,2}",f1e558e248936f64e5195ea33f1eefe6f06d1bb8,runs/peerreview_20261004/comparison/no_hsic_1_latents.npz
r3_comparison_fits.zip,comparison/no_hsic_1_metrics.json,700,3816dc68448a242bf06eeee5eb1b5cfb7e007c54dd99116f832425840da9b023,scripts/36_r3_comparison_fits.py,".venv/Scripts/python scripts/36_r3_comparison_fits.py --job mode --mode {no_hsic,no_gating,gaussian_vae} --seed {0,1,2}",f1e558e248936f64e5195ea33f1eefe6f06d1bb8,runs/peerreview_20261004/comparison/no_hsic_1_metrics.json
r3_comparison_fits.zip,comparison/no_hsic_2.pt,4265443,8113ff6c2eac6333e079808c84a359b16cfef149e5874343759604a6f0d29692,scripts/36_r3_comparison_fits.py,".venv/Scripts/python scripts/36_r3_comparison_fits.py --job mode --mode {no_hsic,no_gating,gaussian_vae} --seed {0,1,2}",f1e558e248936f64e5195ea33f1eefe6f06d1bb8,runs/peerreview_20261004/comparison/no_hsic_2.pt
r3_comparison_fits.zip,comparison/no_hsic_2_done.json,63,6fccccf986198166e5295cfaa957dd653b3b6b5ffbae7bc9c7013779bcbf7edb,scripts/36_r3_comparison_fits.py,".venv/Scripts/python scripts/36_r3_comparison_fits.py --job mode --mode {no_hsic,no_gating,gaussian_vae} --seed {0,1,2}",f1e558e248936f64e5195ea33f1eefe6f06d1bb8,runs/peerreview_20261004/comparison/no_hsic_2_done.json
r3_comparison_fits.zip,comparison/no_hsic_2_history.csv,4235,b68f39ed33290a047eb82e59407a8f57a39db45460e2adbb0cf609dcd33a0480,scripts/36_r3_comparison_fits.py,".venv/Scripts/python scripts/36_r3_comparison_fits.py --job mode --mode {no_hsic,no_gating,gaussian_vae} --seed {0,1,2}",f1e558e248936f64e5195ea33f1eefe6f06d1bb8,runs/peerreview_20261004/comparison/no_hsic_2_history.csv
r3_comparison_fits.zip,comparison/no_hsic_2_latents.npz,7257102,d6ef19cba7bcda38fcde6db5e4c6933d1c60bb33b62327af7c1027813dd2cc40,scripts/36_r3_comparison_fits.py,".venv/Scripts/python scripts/36_r3_comparison_fits.py --job mode --mode {no_hsic,no_gating,gaussian_vae} --seed {0,1,2}",f1e558e248936f64e5195ea33f1eefe6f06d1bb8,runs/peerreview_20261004/comparison/no_hsic_2_latents.npz
r3_comparison_fits.zip,comparison/no_hsic_2_metrics.json,702,38db62d89506fde100f0e3db9871f32efa7db1f7e451b4046680b50eddac4166,scripts/36_r3_comparison_fits.py,".venv/Scripts/python scripts/36_r3_comparison_fits.py --job mode --mode {no_hsic,no_gating,gaussian_vae} --seed {0,1,2}",f1e558e248936f64e5195ea33f1eefe6f06d1bb8,runs/peerreview_20261004/comparison/no_hsic_2_metrics.json
r3_comparison_fits.zip,comparison/pca_done.json,56,4ba8d700501d9eb004a7cdf68dc75e0b9ee0afb8e2d0bbf7e30282e87c5734b9,scripts/36_r3_comparison_fits.py,.venv/Scripts/python scripts/36_r3_comparison_fits.py --job pca,f1e558e248936f64e5195ea33f1eefe6f06d1bb8,runs/peerreview_20261004/comparison/pca_done.json
r3_comparison_fits.zip,comparison/pca_latents.npy,5997824,aff1e698432a59c5c641a9fe5befe785fe27aa92a5cb6a051c16e3e927238803,scripts/36_r3_comparison_fits.py,.venv/Scripts/python scripts/36_r3_comparison_fits.py --job pca,f1e558e248936f64e5195ea33f1eefe6f06d1bb8,runs/peerreview_20261004/comparison/pca_latents.npy
r3_comparison_fits.zip,comparison/pca_metrics.json,143,45ca313d8d6a054d294b0f4619a054f2c66d67d0de587ac29040d999ea5cc821,scripts/36_r3_comparison_fits.py,.venv/Scripts/python scripts/36_r3_comparison_fits.py --job pca,f1e558e248936f64e5195ea33f1eefe6f06d1bb8,runs/peerreview_20261004/comparison/pca_metrics.json
c2_shuffled_label_fits.zip,shuffled_labels/shuffled_0.pt,4265506,92931e71257d206441b0896ea02325f66e7f62baeddc8cd28c68c222a404a65e,scripts/25_shuffled_label_attribution.py,".venv/Scripts/python scripts/25_shuffled_label_attribution.py --fit --seed {0,1,2} --threads=3",3690ba79af08faa606b432b135a9e6050dd6703b,runs/peerreview_20261003/shuffled_labels/shuffled_0.pt
c2_shuffled_label_fits.zip,shuffled_labels/shuffled_0_done.json,1871,8c3dc2598cd8d7f97158f954db251b5052854ae2c1df4283db88706634000788,scripts/25_shuffled_label_attribution.py,".venv/Scripts/python scripts/25_shuffled_label_attribution.py --fit --seed {0,1,2} --threads=3",3690ba79af08faa606b432b135a9e6050dd6703b,runs/peerreview_20261003/shuffled_labels/shuffled_0_done.json
c2_shuffled_label_fits.zip,shuffled_labels/shuffled_0_history.csv,4236,2eae8f10bdf85b9aaf61344394dbd321f938c5c31917497af4b92770e85fd9b4,scripts/25_shuffled_label_attribution.py,".venv/Scripts/python scripts/25_shuffled_label_attribution.py --fit --seed {0,1,2} --threads=3",3690ba79af08faa606b432b135a9e6050dd6703b,runs/peerreview_20261003/shuffled_labels/shuffled_0_history.csv
c2_shuffled_label_fits.zip,shuffled_labels/shuffled_0_ig_arrays.npz,878302,ce30de90fdbaeff4b6572f69e8fa35cb0376402f14ab644d7373e6d6695c409e,scripts/25_shuffled_label_attribution.py,".venv/Scripts/python scripts/25_shuffled_label_attribution.py --fit --seed {0,1,2} --threads=3",3690ba79af08faa606b432b135a9e6050dd6703b,runs/peerreview_20261003/shuffled_labels/shuffled_0_ig_arrays.npz
c2_shuffled_label_fits.zip,shuffled_labels/shuffled_0_ig_completeness.csv,854,16aa50468c99da2e35d82384198562fd9212835afcb5444f6a93c28d67019398,scripts/25_shuffled_label_attribution.py,".venv/Scripts/python scripts/25_shuffled_label_attribution.py --fit --seed {0,1,2} --threads=3",3690ba79af08faa606b432b135a9e6050dd6703b,runs/peerreview_20261003/shuffled_labels/shuffled_0_ig_completeness.csv
c2_shuffled_label_fits.zip,shuffled_labels/shuffled_0_ig_summary.csv.gz,179947,5b9b5ca9e34fa4c23c3dea46bc86f3c70b1a539e8cfbbce357ded0b9ff1ce4be,scripts/25_shuffled_label_attribution.py,".venv/Scripts/python scripts/25_shuffled_label_attribution.py --fit --seed {0,1,2} --threads=3",3690ba79af08faa606b432b135a9e6050dd6703b,runs/peerreview_20261003/shuffled_labels/shuffled_0_ig_summary.csv.gz
c2_shuffled_label_fits.zip,shuffled_labels/shuffled_0_latent_usage_per_dimension.csv,1469,e2e5738fc62d8f09f36073e15b3f7dcb50022c83af5201569938c3ec23d31958,scripts/25_shuffled_label_attribution.py,".venv/Scripts/python scripts/25_shuffled_label_attribution.py --fit --seed {0,1,2} --threads=3",3690ba79af08faa606b432b135a9e6050dd6703b,runs/peerreview_20261003/shuffled_labels/shuffled_0_latent_usage_per_dimension.csv
c2_shuffled_label_fits.zip,shuffled_labels/shuffled_0_latents.npz,10009291,e363fb32581b27836e51959f60c06768da7d71ddbb0886dd58a9d7ad1537c6ab,scripts/25_shuffled_label_attribution.py,".venv/Scripts/python scripts/25_shuffled_label_attribution.py --fit --seed {0,1,2} --threads=3",3690ba79af08faa606b432b135a9e6050dd6703b,runs/peerreview_20261003/shuffled_labels/shuffled_0_latents.npz
c2_shuffled_label_fits.zip,shuffled_labels/shuffled_0_metrics.json,1871,8c3dc2598cd8d7f97158f954db251b5052854ae2c1df4283db88706634000788,scripts/25_shuffled_label_attribution.py,".venv/Scripts/python scripts/25_shuffled_label_attribution.py --fit --seed {0,1,2} --threads=3",3690ba79af08faa606b432b135a9e6050dd6703b,runs/peerreview_20261003/shuffled_labels/shuffled_0_metrics.json
c2_shuffled_label_fits.zip,shuffled_labels/shuffled_1.pt,4265506,91dc07dc03e50fbb9fb8d129ca7fc3000300da0e05389540edad6a1b9085b76a,scripts/25_shuffled_label_attribution.py,".venv/Scripts/python scripts/25_shuffled_label_attribution.py --fit --seed {0,1,2} --threads=3",3690ba79af08faa606b432b135a9e6050dd6703b,runs/peerreview_20261003/shuffled_labels/shuffled_1.pt
c2_shuffled_label_fits.zip,shuffled_labels/shuffled_1_done.json,1868,4fcdfe69116aface2e9b8a547b3b2ca2841b0a868e9e0256b8ba930f4a760f94,scripts/25_shuffled_label_attribution.py,".venv/Scripts/python scripts/25_shuffled_label_attribution.py --fit --seed {0,1,2} --threads=3",3690ba79af08faa606b432b135a9e6050dd6703b,runs/peerreview_20261003/shuffled_labels/shuffled_1_done.json
c2_shuffled_label_fits.zip,shuffled_labels/shuffled_1_history.csv,4236,6a195c95fbcd4bd9bdc4920684a21c7d725f573a43fad478574857a54067580b,scripts/25_shuffled_label_attribution.py,".venv/Scripts/python scripts/25_shuffled_label_attribution.py --fit --seed {0,1,2} --threads=3",3690ba79af08faa606b432b135a9e6050dd6703b,runs/peerreview_20261003/shuffled_labels/shuffled_1_history.csv
c2_shuffled_label_fits.zip,shuffled_labels/shuffled_1_ig_arrays.npz,876854,e3eaa2eb0af5b71dde23a7fc0eccdf97042d36711edfc80409e5003c74e6d71f,scripts/25_shuffled_label_attribution.py,".venv/Scripts/python scripts/25_shuffled_label_attribution.py --fit --seed {0,1,2} --threads=3",3690ba79af08faa606b432b135a9e6050dd6703b,runs/peerreview_20261003/shuffled_labels/shuffled_1_ig_arrays.npz
c2_shuffled_label_fits.zip,shuffled_labels/shuffled_1_ig_completeness.csv,861,d12e2015ae85a14a677a5f4bd4c70ef686be4f1791a9665124afdd812c627944,scripts/25_shuffled_label_attribution.py,".venv/Scripts/python scripts/25_shuffled_label_attribution.py --fit --seed {0,1,2} --threads=3",3690ba79af08faa606b432b135a9e6050dd6703b,runs/peerreview_20261003/shuffled_labels/shuffled_1_ig_completeness.csv
c2_shuffled_label_fits.zip,shuffled_labels/shuffled_1_ig_summary.csv.gz,179715,288d7f1bc5f117c2117b436a1ce6af547a73de9cbf21d08e281ad60f7d3dd61c,scripts/25_shuffled_label_attribution.py,".venv/Scripts/python scripts/25_shuffled_label_attribution.py --fit --seed {0,1,2} --threads=3",3690ba79af08faa606b432b135a9e6050dd6703b,runs/peerreview_20261003/shuffled_labels/shuffled_1_ig_summary.csv.gz
c2_shuffled_label_fits.zip,shuffled_labels/shuffled_1_latent_usage_per_dimension.csv,1474,e239406621bd4c90c70bc1f4f814facb2ebe6a447f342a254be204fe3a3a2f94,scripts/25_shuffled_label_attribution.py,".venv/Scripts/python scripts/25_shuffled_label_attribution.py --fit --seed {0,1,2} --threads=3",3690ba79af08faa606b432b135a9e6050dd6703b,runs/peerreview_20261003/shuffled_labels/shuffled_1_latent_usage_per_dimension.csv
c2_shuffled_label_fits.zip,shuffled_labels/shuffled_1_latents.npz,10029075,ae5d684a3cf839bf1245cade8233ba869522bdfd89e4bb2530d9c865909762b9,scripts/25_shuffled_label_attribution.py,".venv/Scripts/python scripts/25_shuffled_label_attribution.py --fit --seed {0,1,2} --threads=3",3690ba79af08faa606b432b135a9e6050dd6703b,runs/peerreview_20261003/shuffled_labels/shuffled_1_latents.npz
c2_shuffled_label_fits.zip,shuffled_labels/shuffled_1_metrics.json,1868,4fcdfe69116aface2e9b8a547b3b2ca2841b0a868e9e0256b8ba930f4a760f94,scripts/25_shuffled_label_attribution.py,".venv/Scripts/python scripts/25_shuffled_label_attribution.py --fit --seed {0,1,2} --threads=3",3690ba79af08faa606b432b135a9e6050dd6703b,runs/peerreview_20261003/shuffled_labels/shuffled_1_metrics.json
c2_shuffled_label_fits.zip,shuffled_labels/shuffled_2.pt,4265506,9354b6a484da74c6c0ec2283818cad7ba925c4423d1cdfd1a3f0e0008b4fb564,scripts/25_shuffled_label_attribution.py,".venv/Scripts/python scripts/25_shuffled_label_attribution.py --fit --seed {0,1,2} --threads=3",3690ba79af08faa606b432b135a9e6050dd6703b,runs/peerreview_20261003/shuffled_labels/shuffled_2.pt
c2_shuffled_label_fits.zip,shuffled_labels/shuffled_2_done.json,1872,9ad8e18ecf9c0823412560539eec88c8c3d0a6ecbeab49a133c32a787e76f471,scripts/25_shuffled_label_attribution.py,".venv/Scripts/python scripts/25_shuffled_label_attribution.py --fit --seed {0,1,2} --threads=3",3690ba79af08faa606b432b135a9e6050dd6703b,runs/peerreview_20261003/shuffled_labels/shuffled_2_done.json
c2_shuffled_label_fits.zip,shuffled_labels/shuffled_2_history.csv,4223,1ef41263609c4df407da8b4eda5abfe26f7899f280fea0f850156c0578c72dc8,scripts/25_shuffled_label_attribution.py,".venv/Scripts/python scripts/25_shuffled_label_attribution.py --fit --seed {0,1,2} --threads=3",3690ba79af08faa606b432b135a9e6050dd6703b,runs/peerreview_20261003/shuffled_labels/shuffled_2_history.csv
c2_shuffled_label_fits.zip,shuffled_labels/shuffled_2_ig_arrays.npz,876061,a28de402cacd6005ef0469efb3e2531ca77b5e4ab024e0d0bfddb38b6802044e,scripts/25_shuffled_label_attribution.py,".venv/Scripts/python scripts/25_shuffled_label_attribution.py --fit --seed {0,1,2} --threads=3",3690ba79af08faa606b432b135a9e6050dd6703b,runs/peerreview_20261003/shuffled_labels/shuffled_2_ig_arrays.npz
c2_shuffled_label_fits.zip,shuffled_labels/shuffled_2_ig_completeness.csv,860,721bd9686e01186e3465f9694f587259f2a3265e2858a3120aaa8931d80fc9ad,scripts/25_shuffled_label_attribution.py,".venv/Scripts/python scripts/25_shuffled_label_attribution.py --fit --seed {0,1,2} --threads=3",3690ba79af08faa606b432b135a9e6050dd6703b,runs/peerreview_20261003/shuffled_labels/shuffled_2_ig_completeness.csv
c2_shuffled_label_fits.zip,shuffled_labels/shuffled_2_ig_summary.csv.gz,179439,0d2cbcddcb0893a5aec6d17895305be5ad52719f4e4a47b56e213aae5cdd0496,scripts/25_shuffled_label_attribution.py,".venv/Scripts/python scripts/25_shuffled_label_attribution.py --fit --seed {0,1,2} --threads=3",3690ba79af08faa606b432b135a9e6050dd6703b,runs/peerreview_20261003/shuffled_labels/shuffled_2_ig_summary.csv.gz
c2_shuffled_label_fits.zip,shuffled_labels/shuffled_2_latent_usage_per_dimension.csv,1478,5b317f85f941f380c875365829ec19b7380383a6b737ab3469131ff22b1235b3,scripts/25_shuffled_label_attribution.py,".venv/Scripts/python scripts/25_shuffled_label_attribution.py --fit --seed {0,1,2} --threads=3",3690ba79af08faa606b432b135a9e6050dd6703b,runs/peerreview_20261003/shuffled_labels/shuffled_2_latent_usage_per_dimension.csv
c2_shuffled_label_fits.zip,shuffled_labels/shuffled_2_latents.npz,9998100,985c069891bdeb2b11db0fb7f56f30338496bea4acaf41906c455a78a2cb502a,scripts/25_shuffled_label_attribution.py,".venv/Scripts/python scripts/25_shuffled_label_attribution.py --fit --seed {0,1,2} --threads=3",3690ba79af08faa606b432b135a9e6050dd6703b,runs/peerreview_20261003/shuffled_labels/shuffled_2_latents.npz
c2_shuffled_label_fits.zip,shuffled_labels/shuffled_2_metrics.json,1872,9ad8e18ecf9c0823412560539eec88c8c3d0a6ecbeab49a133c32a787e76f471,scripts/25_shuffled_label_attribution.py,".venv/Scripts/python scripts/25_shuffled_label_attribution.py --fit --seed {0,1,2} --threads=3",3690ba79af08faa606b432b135a9e6050dd6703b,runs/peerreview_20261003/shuffled_labels/shuffled_2_metrics.json
c2_shuffled_label_fits.zip,shuffled_labels/shuffled_labels.npz,8525,a1f17c1fb90967eab2439b6a99586a52ebf31b0b3c932cd20c5ff22f3e23a8e1,scripts/25_shuffled_label_attribution.py,".venv/Scripts/python scripts/25_shuffled_label_attribution.py --fit --seed {0,1,2} --threads=3",3690ba79af08faa606b432b135a9e6050dd6703b,runs/peerreview_20261003/shuffled_labels/shuffled_labels.npz
semisynthetic.zip,semisynthetic/base.npz,3835241,55bf951c3f4bd443c5a9fca47c503832285d1eba79b8875b93564824180e4991,scripts/31_semisynthetic.py,.venv/Scripts/python scripts/31_semisynthetic.py --prepare,3dfe2bc68aa49279b271a02a1f2404d134495556,runs/peerreview_20261003/semisynthetic/base.npz
semisynthetic.zip,semisynthetic/base_cells.csv,1233349,bbd63607d3106cc566b3588e4c3218e7251f8fdebc2e464453df28a86afb7859,scripts/31_semisynthetic.py,.venv/Scripts/python scripts/31_semisynthetic.py --prepare,3dfe2bc68aa49279b271a02a1f2404d134495556,runs/peerreview_20261003/semisynthetic/base_cells.csv
semisynthetic.zip,semisynthetic/mixed_d0.25_rf0.3/mixed_d0.25_rf0.3_s0.pt,4266136,0936d4599628566d4ae1b70b87ba759ff12d87df7da6f880aafbb5b1bfb2ad19,scripts/31_semisynthetic.py,.venv/Scripts/python scripts/31_semisynthetic.py --fit --config mixed_d0.25_rf0.3 --seed S --threads=3,3dfe2bc68aa49279b271a02a1f2404d134495556,runs/peerreview_20261003/semisynthetic/mixed_d0.25_rf0.3/mixed_d0.25_rf0.3_s0.pt
semisynthetic.zip,semisynthetic/mixed_d0.25_rf0.3/mixed_d0.25_rf0.3_s0_done.json,1925,bfb280505f35bad6333f5eedbc283c25c18b85572e6bb555e2993092f63d926e,scripts/31_semisynthetic.py,.venv/Scripts/python scripts/31_semisynthetic.py --fit --config mixed_d0.25_rf0.3 --seed S --threads=3,3dfe2bc68aa49279b271a02a1f2404d134495556,runs/peerreview_20261003/semisynthetic/mixed_d0.25_rf0.3/mixed_d0.25_rf0.3_s0_done.json
semisynthetic.zip,semisynthetic/mixed_d0.25_rf0.3/mixed_d0.25_rf0.3_s0_history.csv,4233,47be12b1c0250ba40b6797b37b71a842f978ebc64aac8de19299d11827795c7b,scripts/31_semisynthetic.py,.venv/Scripts/python scripts/31_semisynthetic.py --fit --config mixed_d0.25_rf0.3 --seed S --threads=3,3dfe2bc68aa49279b271a02a1f2404d134495556,runs/peerreview_20261003/semisynthetic/mixed_d0.25_rf0.3/mixed_d0.25_rf0.3_s0_history.csv
semisynthetic.zip,semisynthetic/mixed_d0.25_rf0.3/mixed_d0.25_rf0.3_s0_ig_completeness.csv,865,549cf3cfb4e0d003f0a9fa3acc255fc73076a8444d20c44d14b7d84c60558efd,scripts/31_semisynthetic.py,.venv/Scripts/python scripts/31_semisynthetic.py --fit --config mixed_d0.25_rf0.3 --seed S --threads=3,3dfe2bc68aa49279b271a02a1f2404d134495556,runs/peerreview_20261003/semisynthetic/mixed_d0.25_rf0.3/mixed_d0.25_rf0.3_s0_ig_completeness.csv
semisynthetic.zip,semisynthetic/mixed_d0.25_rf0.3/mixed_d0.25_rf0.3_s0_ig_summary.csv.gz,172761,408eb220f7f7925019e0faa278b577e0d42036d4a98032b3346065ad52606527,scripts/31_semisynthetic.py,.venv/Scripts/python scripts/31_semisynthetic.py --fit --config mixed_d0.25_rf0.3 --seed S --threads=3,3dfe2bc68aa49279b271a02a1f2404d134495556,runs/peerreview_20261003/semisynthetic/mixed_d0.25_rf0.3/mixed_d0.25_rf0.3_s0_ig_summary.csv.gz
semisynthetic.zip,semisynthetic/mixed_d0.25_rf0.3/mixed_d0.25_rf0.3_s0_latent_usage_per_dimension.csv,1480,e679991d5363c536c40682606fcc8717d805496424f3b072b25debe3429fb2ab,scripts/31_semisynthetic.py,.venv/Scripts/python scripts/31_semisynthetic.py --fit --config mixed_d0.25_rf0.3 --seed S --threads=3,3dfe2bc68aa49279b271a02a1f2404d134495556,runs/peerreview_20261003/semisynthetic/mixed_d0.25_rf0.3/mixed_d0.25_rf0.3_s0_latent_usage_per_dimension.csv
semisynthetic.zip,semisynthetic/mixed_d0.25_rf0.3/mixed_d0.25_rf0.3_s0_latents.npz,2994561,1abdb935d0c23a4ebfa598596601f3be319a391a22c03529c3fbd3e7ed81840d,scripts/31_semisynthetic.py,.venv/Scripts/python scripts/31_semisynthetic.py --fit --config mixed_d0.25_rf0.3 --seed S --threads=3,3dfe2bc68aa49279b271a02a1f2404d134495556,runs/peerreview_20261003/semisynthetic/mixed_d0.25_rf0.3/mixed_d0.25_rf0.3_s0_latents.npz
semisynthetic.zip,semisynthetic/mixed_d0.25_rf0.3/mixed_d0.25_rf0.3_s0_metrics.json,1925,bfb280505f35bad6333f5eedbc283c25c18b85572e6bb555e2993092f63d926e,scripts/31_semisynthetic.py,.venv/Scripts/python scripts/31_semisynthetic.py --fit --config mixed_d0.25_rf0.3 --seed S --threads=3,3dfe2bc68aa49279b271a02a1f2404d134495556,runs/peerreview_20261003/semisynthetic/mixed_d0.25_rf0.3/mixed_d0.25_rf0.3_s0_metrics.json
semisynthetic.zip,semisynthetic/mixed_d0.25_rf0.3/mixed_d0.25_rf0.3_s1.pt,4266136,4fcf10d5024d9b6c6f49e16926216ddce20627a3ed7a45d764952dd397ec9a3b,scripts/31_semisynthetic.py,.venv/Scripts/python scripts/31_semisynthetic.py --fit --config mixed_d0.25_rf0.3 --seed S --threads=3,3dfe2bc68aa49279b271a02a1f2404d134495556,runs/peerreview_20261003/semisynthetic/mixed_d0.25_rf0.3/mixed_d0.25_rf0.3_s1.pt
semisynthetic.zip,semisynthetic/mixed_d0.25_rf0.3/mixed_d0.25_rf0.3_s1_done.json,1909,c9fdd5c2eea66c96f603787db72fa3efda95ae220d33d704fd28ea15e843fd2c,scripts/31_semisynthetic.py,.venv/Scripts/python scripts/31_semisynthetic.py --fit --config mixed_d0.25_rf0.3 --seed S --threads=3,3dfe2bc68aa49279b271a02a1f2404d134495556,runs/peerreview_20261003/semisynthetic/mixed_d0.25_rf0.3/mixed_d0.25_rf0.3_s1_done.json
semisynthetic.zip,semisynthetic/mixed_d0.25_rf0.3/mixed_d0.25_rf0.3_s1_history.csv,4219,8b59fdca934fca42a727924ebeaf9bbf208af9dc94c32f17fc6589d5611bae44,scripts/31_semisynthetic.py,.venv/Scripts/python scripts/31_semisynthetic.py --fit --config mixed_d0.25_rf0.3 --seed S --threads=3,3dfe2bc68aa49279b271a02a1f2404d134495556,runs/peerreview_20261003/semisynthetic/mixed_d0.25_rf0.3/mixed_d0.25_rf0.3_s1_history.csv
semisynthetic.zip,semisynthetic/mixed_d0.25_rf0.3/mixed_d0.25_rf0.3_s1_ig_completeness.csv,861,a67578c1943515ff31cb1ac8f9481b19f3ee42145a3c973060813134b672787f,scripts/31_semisynthetic.py,.venv/Scripts/python scripts/31_semisynthetic.py --fit --config mixed_d0.25_rf0.3 --seed S --threads=3,3dfe2bc68aa49279b271a02a1f2404d134495556,runs/peerreview_20261003/semisynthetic/mixed_d0.25_rf0.3/mixed_d0.25_rf0.3_s1_ig_completeness.csv
semisynthetic.zip,semisynthetic/mixed_d0.25_rf0.3/mixed_d0.25_rf0.3_s1_ig_summary.csv.gz,175245,aa081d440298d8989d880734e8b7ab591a1c408d4900ba436b9043a69a0356d1,scripts/31_semisynthetic.py,.venv/Scripts/python scripts/31_semisynthetic.py --fit --config mixed_d0.25_rf0.3 --seed S --threads=3,3dfe2bc68aa49279b271a02a1f2404d134495556,runs/peerreview_20261003/semisynthetic/mixed_d0.25_rf0.3/mixed_d0.25_rf0.3_s1_ig_summary.csv.gz
semisynthetic.zip,semisynthetic/mixed_d0.25_rf0.3/mixed_d0.25_rf0.3_s1_latent_usage_per_dimension.csv,1468,0f8b7341fd0cd22938978441d34686822b47a9595b87e4eb552174fc72611062,scripts/31_semisynthetic.py,.venv/Scripts/python scripts/31_semisynthetic.py --fit --config mixed_d0.25_rf0.3 --seed S --threads=3,3dfe2bc68aa49279b271a02a1f2404d134495556,runs/peerreview_20261003/semisynthetic/mixed_d0.25_rf0.3/mixed_d0.25_rf0.3_s1_latent_usage_per_dimension.csv
semisynthetic.zip,semisynthetic/mixed_d0.25_rf0.3/mixed_d0.25_rf0.3_s1_latents.npz,3009094,6f07ae9d883e31ed2e6bf27e6f82747286ab5956dcb29562851ef972e1b2868b,scripts/31_semisynthetic.py,.venv/Scripts/python scripts/31_semisynthetic.py --fit --config mixed_d0.25_rf0.3 --seed S --threads=3,3dfe2bc68aa49279b271a02a1f2404d134495556,runs/peerreview_20261003/semisynthetic/mixed_d0.25_rf0.3/mixed_d0.25_rf0.3_s1_latents.npz
semisynthetic.zip,semisynthetic/mixed_d0.25_rf0.3/mixed_d0.25_rf0.3_s1_metrics.json,1909,c9fdd5c2eea66c96f603787db72fa3efda95ae220d33d704fd28ea15e843fd2c,scripts/31_semisynthetic.py,.venv/Scripts/python scripts/31_semisynthetic.py --fit --config mixed_d0.25_rf0.3 --seed S --threads=3,3dfe2bc68aa49279b271a02a1f2404d134495556,runs/peerreview_20261003/semisynthetic/mixed_d0.25_rf0.3/mixed_d0.25_rf0.3_s1_metrics.json
semisynthetic.zip,semisynthetic/mixed_d0.25_rf0.3/mixed_d0.25_rf0.3_s2.pt,4266136,4418ca34e823c105724300d48a0a3cee172a8842512485a9f4bf6aacc32697b5,scripts/31_semisynthetic.py,.venv/Scripts/python scripts/31_semisynthetic.py --fit --config mixed_d0.25_rf0.3 --seed S --threads=3,3dfe2bc68aa49279b271a02a1f2404d134495556,runs/peerreview_20261003/semisynthetic/mixed_d0.25_rf0.3/mixed_d0.25_rf0.3_s2.pt
semisynthetic.zip,semisynthetic/mixed_d0.25_rf0.3/mixed_d0.25_rf0.3_s2_done.json,1909,18e8bef626a6a25387349bf5ec32c774de622bc12ff97b775c7369534f590356,scripts/31_semisynthetic.py,.venv/Scripts/python scripts/31_semisynthetic.py --fit --config mixed_d0.25_rf0.3 --seed S --threads=3,3dfe2bc68aa49279b271a02a1f2404d134495556,runs/peerreview_20261003/semisynthetic/mixed_d0.25_rf0.3/mixed_d0.25_rf0.3_s2_done.json
semisynthetic.zip,semisynthetic/mixed_d0.25_rf0.3/mixed_d0.25_rf0.3_s2_history.csv,4224,d8acebcbe0bff6f00b6a55babb2105dca40597e9fc3e1fede0efa1f73b7d3ad5,scripts/31_semisynthetic.py,.venv/Scripts/python scripts/31_semisynthetic.py --fit --config mixed_d0.25_rf0.3 --seed S --threads=3,3dfe2bc68aa49279b271a02a1f2404d134495556,runs/peerreview_20261003/semisynthetic/mixed_d0.25_rf0.3/mixed_d0.25_rf0.3_s2_history.csv
semisynthetic.zip,semisynthetic/mixed_d0.25_rf0.3/mixed_d0.25_rf0.3_s2_ig_completeness.csv,855,8edd4b800434b7af8f451f2d45bb2899ebaa532c334de9e77cf25311d4c41d23,scripts/31_semisynthetic.py,.venv/Scripts/python scripts/31_semisynthetic.py --fit --config mixed_d0.25_rf0.3 --seed S --threads=3,3dfe2bc68aa49279b271a02a1f2404d134495556,runs/peerreview_20261003/semisynthetic/mixed_d0.25_rf0.3/mixed_d0.25_rf0.3_s2_ig_completeness.csv
semisynthetic.zip,semisynthetic/mixed_d0.25_rf0.3/mixed_d0.25_rf0.3_s2_ig_summary.csv.gz,178135,fda2a1273318abceb8bd1327249334c9d88a932b123078def86af64dcb0061c4,scripts/31_semisynthetic.py,.venv/Scripts/python scripts/31_semisynthetic.py --fit --config mixed_d0.25_rf0.3 --seed S --threads=3,3dfe2bc68aa49279b271a02a1f2404d134495556,runs/peerreview_20261003/semisynthetic/mixed_d0.25_rf0.3/mixed_d0.25_rf0.3_s2_ig_summary.csv.gz
semisynthetic.zip,semisynthetic/mixed_d0.25_rf0.3/mixed_d0.25_rf0.3_s2_latent_usage_per_dimension.csv,1464,e9eb79b482abe9ead68e7f0abf02b63734730a1e08e500e7f72706ab2847b28e,scripts/31_semisynthetic.py,.venv/Scripts/python scripts/31_semisynthetic.py --fit --config mixed_d0.25_rf0.3 --seed S --threads=3,3dfe2bc68aa49279b271a02a1f2404d134495556,runs/peerreview_20261003/semisynthetic/mixed_d0.25_rf0.3/mixed_d0.25_rf0.3_s2_latent_usage_per_dimension.csv
semisynthetic.zip,semisynthetic/mixed_d0.25_rf0.3/mixed_d0.25_rf0.3_s2_latents.npz,2988936,c57829ac71221b2da2fa29290d8ec6401a381ba4b098e67619908627b3229fe9,scripts/31_semisynthetic.py,.venv/Scripts/python scripts/31_semisynthetic.py --fit --config mixed_d0.25_rf0.3 --seed S --threads=3,3dfe2bc68aa49279b271a02a1f2404d134495556,runs/peerreview_20261003/semisynthetic/mixed_d0.25_rf0.3/mixed_d0.25_rf0.3_s2_latents.npz
semisynthetic.zip,semisynthetic/mixed_d0.25_rf0.3/mixed_d0.25_rf0.3_s2_metrics.json,1909,18e8bef626a6a25387349bf5ec32c774de622bc12ff97b775c7369534f590356,scripts/31_semisynthetic.py,.venv/Scripts/python scripts/31_semisynthetic.py --fit --config mixed_d0.25_rf0.3 --seed S --threads=3,3dfe2bc68aa49279b271a02a1f2404d134495556,runs/peerreview_20261003/semisynthetic/mixed_d0.25_rf0.3/mixed_d0.25_rf0.3_s2_metrics.json
semisynthetic.zip,semisynthetic/mixed_d0.25_rf1.0/mixed_d0.25_rf1.0_s0.pt,4266136,6c7b36984ed4a0c4ce5318e380402560eb7896330d6f81f20e7edcb3aa0f2481,scripts/31_semisynthetic.py,.venv/Scripts/python scripts/31_semisynthetic.py --fit --config mixed_d0.25_rf1.0 --seed S --threads=3,3dfe2bc68aa49279b271a02a1f2404d134495556,runs/peerreview_20261003/semisynthetic/mixed_d0.25_rf1.0/mixed_d0.25_rf1.0_s0.pt
semisynthetic.zip,semisynthetic/mixed_d0.25_rf1.0/mixed_d0.25_rf1.0_s0_done.json,1916,42c1d41e028b10bf9e3c624f08445f11eb9611ffbde6ae392deb6ce8ff1f66fc,scripts/31_semisynthetic.py,.venv/Scripts/python scripts/31_semisynthetic.py --fit --config mixed_d0.25_rf1.0 --seed S --threads=3,3dfe2bc68aa49279b271a02a1f2404d134495556,runs/peerreview_20261003/semisynthetic/mixed_d0.25_rf1.0/mixed_d0.25_rf1.0_s0_done.json
semisynthetic.zip,semisynthetic/mixed_d0.25_rf1.0/mixed_d0.25_rf1.0_s0_history.csv,4214,c16b3406406b53c5311dffcd312dcfa2eb0ed01b3eb050de9dc9838bcb7b5aa1,scripts/31_semisynthetic.py,.venv/Scripts/python scripts/31_semisynthetic.py --fit --config mixed_d0.25_rf1.0 --seed S --threads=3,3dfe2bc68aa49279b271a02a1f2404d134495556,runs/peerreview_20261003/semisynthetic/mixed_d0.25_rf1.0/mixed_d0.25_rf1.0_s0_history.csv
semisynthetic.zip,semisynthetic/mixed_d0.25_rf1.0/mixed_d0.25_rf1.0_s0_ig_completeness.csv,860,510b5647c43c4f01fec4e7af43092b6e949bc5c1f8adc6edca4a5598dbf7bb76,scripts/31_semisynthetic.py,.venv/Scripts/python scripts/31_semisynthetic.py --fit --config mixed_d0.25_rf1.0 --seed S --threads=3,3dfe2bc68aa49279b271a02a1f2404d134495556,runs/peerreview_20261003/semisynthetic/mixed_d0.25_rf1.0/mixed_d0.25_rf1.0_s0_ig_completeness.csv
semisynthetic.zip,semisynthetic/mixed_d0.25_rf1.0/mixed_d0.25_rf1.0_s0_ig_summary.csv.gz,174801,56dabd5ccfff9f9bfd42f73ab635978fbe54ea4f86b7576f999edd2aaa67905f,scripts/31_semisynthetic.py,.venv/Scripts/python scripts/31_semisynthetic.py --fit --config mixed_d0.25_rf1.0 --seed S --threads=3,3dfe2bc68aa49279b271a02a1f2404d134495556,runs/peerreview_20261003/semisynthetic/mixed_d0.25_rf1.0/mixed_d0.25_rf1.0_s0_ig_summary.csv.gz
semisynthetic.zip,semisynthetic/mixed_d0.25_rf1.0/mixed_d0.25_rf1.0_s0_latent_usage_per_dimension.csv,1474,07874d3da7368c13a91341e5181c429b98dd4efc0ae87ab9f4651c419d48066e,scripts/31_semisynthetic.py,.venv/Scripts/python scripts/31_semisynthetic.py --fit --config mixed_d0.25_rf1.0 --seed S --threads=3,3dfe2bc68aa49279b271a02a1f2404d134495556,runs/peerreview_20261003/semisynthetic/mixed_d0.25_rf1.0/mixed_d0.25_rf1.0_s0_latent_usage_per_dimension.csv
semisynthetic.zip,semisynthetic/mixed_d0.25_rf1.0/mixed_d0.25_rf1.0_s0_latents.npz,3010606,f42ca8c05ee013a0324876e323481f72ff2cdf092922e949142d9311b777d691,scripts/31_semisynthetic.py,.venv/Scripts/python scripts/31_semisynthetic.py --fit --config mixed_d0.25_rf1.0 --seed S --threads=3,3dfe2bc68aa49279b271a02a1f2404d134495556,runs/peerreview_20261003/semisynthetic/mixed_d0.25_rf1.0/mixed_d0.25_rf1.0_s0_latents.npz
semisynthetic.zip,semisynthetic/mixed_d0.25_rf1.0/mixed_d0.25_rf1.0_s0_metrics.json,1916,42c1d41e028b10bf9e3c624f08445f11eb9611ffbde6ae392deb6ce8ff1f66fc,scripts/31_semisynthetic.py,.venv/Scripts/python scripts/31_semisynthetic.py --fit --config mixed_d0.25_rf1.0 --seed S --threads=3,3dfe2bc68aa49279b271a02a1f2404d134495556,runs/peerreview_20261003/semisynthetic/mixed_d0.25_rf1.0/mixed_d0.25_rf1.0_s0_metrics.json
semisynthetic.zip,semisynthetic/mixed_d0.25_rf1.0/mixed_d0.25_rf1.0_s1.pt,4266136,0d48aad7c8909693970176de2db6126e011c99931134a4e8e2c88d60de54231f,scripts/31_semisynthetic.py,.venv/Scripts/python scripts/31_semisynthetic.py --fit --config mixed_d0.25_rf1.0 --seed S --threads=3,3dfe2bc68aa49279b271a02a1f2404d134495556,runs/peerreview_20261003/semisynthetic/mixed_d0.25_rf1.0/mixed_d0.25_rf1.0_s1.pt
semisynthetic.zip,semisynthetic/mixed_d0.25_rf1.0/mixed_d0.25_rf1.0_s1_done.json,1915,1eea9ebfa21d94f3baf4add2bfa6f85a410e168fa3db82455f6c9a01cf76017d,scripts/31_semisynthetic.py,.venv/Scripts/python scripts/31_semisynthetic.py --fit --config mixed_d0.25_rf1.0 --seed S --threads=3,3dfe2bc68aa49279b271a02a1f2404d134495556,runs/peerreview_20261003/semisynthetic/mixed_d0.25_rf1.0/mixed_d0.25_rf1.0_s1_done.json
semisynthetic.zip,semisynthetic/mixed_d0.25_rf1.0/mixed_d0.25_rf1.0_s1_history.csv,4237,814971371b8f45a4b6d420aec5b0364e57071fd1d7a54d55e9f82c0e4961c417,scripts/31_semisynthetic.py,.venv/Scripts/python scripts/31_semisynthetic.py --fit --config mixed_d0.25_rf1.0 --seed S --threads=3,3dfe2bc68aa49279b271a02a1f2404d134495556,runs/peerreview_20261003/semisynthetic/mixed_d0.25_rf1.0/mixed_d0.25_rf1.0_s1_history.csv
semisynthetic.zip,semisynthetic/mixed_d0.25_rf1.0/mixed_d0.25_rf1.0_s1_ig_completeness.csv,854,9e64411d54f5e968ebbc9f72f85805c52aa2fc74b74eafd5d29d15fda8374666,scripts/31_semisynthetic.py,.venv/Scripts/python scripts/31_semisynthetic.py --fit --config mixed_d0.25_rf1.0 --seed S --threads=3,3dfe2bc68aa49279b271a02a1f2404d134495556,runs/peerreview_20261003/semisynthetic/mixed_d0.25_rf1.0/mixed_d0.25_rf1.0_s1_ig_completeness.csv
semisynthetic.zip,semisynthetic/mixed_d0.25_rf1.0/mixed_d0.25_rf1.0_s1_ig_summary.csv.gz,167795,ec5a4ca6ca33f6c49b56f2aa5d96498a84e97b43901f84d12bc7362971b5342c,scripts/31_semisynthetic.py,.venv/Scripts/python scripts/31_semisynthetic.py --fit --config mixed_d0.25_rf1.0 --seed S --threads=3,3dfe2bc68aa49279b271a02a1f2404d134495556,runs/peerreview_20261003/semisynthetic/mixed_d0.25_rf1.0/mixed_d0.25_rf1.0_s1_ig_summary.csv.gz
semisynthetic.zip,semisynthetic/mixed_d0.25_rf1.0/mixed_d0.25_rf1.0_s1_latent_usage_per_dimension.csv,1461,22b7172d2c5c07fd6dfdee56649e24e50c87f50a7e7599b5597c563a8773cb3b,scripts/31_semisynthetic.py,.venv/Scripts/python scripts/31_semisynthetic.py --fit --config mixed_d0.25_rf1.0 --seed S --threads=3,3dfe2bc68aa49279b271a02a1f2404d134495556,runs/peerreview_20261003/semisynthetic/mixed_d0.25_rf1.0/mixed_d0.25_rf1.0_s1_latent_usage_per_dimension.csv
semisynthetic.zip,semisynthetic/mixed_d0.25_rf1.0/mixed_d0.25_rf1.0_s1_latents.npz,3009901,aa1de4939986d8c2485f579a22f27fa8a063020b50cb89f3a030232f856b2bd4,scripts/31_semisynthetic.py,.venv/Scripts/python scripts/31_semisynthetic.py --fit --config mixed_d0.25_rf1.0 --seed S --threads=3,3dfe2bc68aa49279b271a02a1f2404d134495556,runs/peerreview_20261003/semisynthetic/mixed_d0.25_rf1.0/mixed_d0.25_rf1.0_s1_latents.npz
semisynthetic.zip,semisynthetic/mixed_d0.25_rf1.0/mixed_d0.25_rf1.0_s1_metrics.json,1915,1eea9ebfa21d94f3baf4add2bfa6f85a410e168fa3db82455f6c9a01cf76017d,scripts/31_semisynthetic.py,.venv/Scripts/python scripts/31_semisynthetic.py --fit --config mixed_d0.25_rf1.0 --seed S --threads=3,3dfe2bc68aa49279b271a02a1f2404d134495556,runs/peerreview_20261003/semisynthetic/mixed_d0.25_rf1.0/mixed_d0.25_rf1.0_s1_metrics.json
semisynthetic.zip,semisynthetic/mixed_d0.25_rf1.0/mixed_d0.25_rf1.0_s2.pt,4266136,5b4bc3c9c3252723815f78de3c8505c411e001c73357739748deef0126d9a9e0,scripts/31_semisynthetic.py,.venv/Scripts/python scripts/31_semisynthetic.py --fit --config mixed_d0.25_rf1.0 --seed S --threads=3,3dfe2bc68aa49279b271a02a1f2404d134495556,runs/peerreview_20261003/semisynthetic/mixed_d0.25_rf1.0/mixed_d0.25_rf1.0_s2.pt
semisynthetic.zip,semisynthetic/mixed_d0.25_rf1.0/mixed_d0.25_rf1.0_s2_done.json,1916,1b192e63a5cc4b702f58a3b0d3b69122a5c9c92d2648291e734b358cc845426f,scripts/31_semisynthetic.py,.venv/Scripts/python scripts/31_semisynthetic.py --fit --config mixed_d0.25_rf1.0 --seed S --threads=3,3dfe2bc68aa49279b271a02a1f2404d134495556,runs/peerreview_20261003/semisynthetic/mixed_d0.25_rf1.0/mixed_d0.25_rf1.0_s2_done.json
semisynthetic.zip,semisynthetic/mixed_d0.25_rf1.0/mixed_d0.25_rf1.0_s2_history.csv,4218,32d4bed4f0de4b56d54fc96fb960b4ccae8b93569137dc732e80beb8d02632bd,scripts/31_semisynthetic.py,.venv/Scripts/python scripts/31_semisynthetic.py --fit --config mixed_d0.25_rf1.0 --seed S --threads=3,3dfe2bc68aa49279b271a02a1f2404d134495556,runs/peerreview_20261003/semisynthetic/mixed_d0.25_rf1.0/mixed_d0.25_rf1.0_s2_history.csv
semisynthetic.zip,semisynthetic/mixed_d0.25_rf1.0/mixed_d0.25_rf1.0_s2_ig_completeness.csv,860,33f719a4268d03c466813d9009bf770817e7eee473816b604c11f41a37e6eb5f,scripts/31_semisynthetic.py,.venv/Scripts/python scripts/31_semisynthetic.py --fit --config mixed_d0.25_rf1.0 --seed S --threads=3,3dfe2bc68aa49279b271a02a1f2404d134495556,runs/peerreview_20261003/semisynthetic/mixed_d0.25_rf1.0/mixed_d0.25_rf1.0_s2_ig_completeness.csv
semisynthetic.zip,semisynthetic/mixed_d0.25_rf1.0/mixed_d0.25_rf1.0_s2_ig_summary.csv.gz,178917,060a9c82182d97e6253ca4a8515eb19c41eb8e0af5bea614cce7d2a837754b7d,scripts/31_semisynthetic.py,.venv/Scripts/python scripts/31_semisynthetic.py --fit --config mixed_d0.25_rf1.0 --seed S --threads=3,3dfe2bc68aa49279b271a02a1f2404d134495556,runs/peerreview_20261003/semisynthetic/mixed_d0.25_rf1.0/mixed_d0.25_rf1.0_s2_ig_summary.csv.gz
semisynthetic.zip,semisynthetic/mixed_d0.25_rf1.0/mixed_d0.25_rf1.0_s2_latent_usage_per_dimension.csv,1472,54e0a71afc8dff9219dcd82c39ad74a4034828ae64898ef6cceb0865da486aa7,scripts/31_semisynthetic.py,.venv/Scripts/python scripts/31_semisynthetic.py --fit --config mixed_d0.25_rf1.0 --seed S --threads=3,3dfe2bc68aa49279b271a02a1f2404d134495556,runs/peerreview_20261003/semisynthetic/mixed_d0.25_rf1.0/mixed_d0.25_rf1.0_s2_latent_usage_per_dimension.csv
semisynthetic.zip,semisynthetic/mixed_d0.25_rf1.0/mixed_d0.25_rf1.0_s2_latents.npz,3006115,40262528cc8df4d50a07a365c66ea98e00d7237c47e52b68b03936d609e78b54,scripts/31_semisynthetic.py,.venv/Scripts/python scripts/31_semisynthetic.py --fit --config mixed_d0.25_rf1.0 --seed S --threads=3,3dfe2bc68aa49279b271a02a1f2404d134495556,runs/peerreview_20261003/semisynthetic/mixed_d0.25_rf1.0/mixed_d0.25_rf1.0_s2_latents.npz
semisynthetic.zip,semisynthetic/mixed_d0.25_rf1.0/mixed_d0.25_rf1.0_s2_metrics.json,1916,1b192e63a5cc4b702f58a3b0d3b69122a5c9c92d2648291e734b358cc845426f,scripts/31_semisynthetic.py,.venv/Scripts/python scripts/31_semisynthetic.py --fit --config mixed_d0.25_rf1.0 --seed S --threads=3,3dfe2bc68aa49279b271a02a1f2404d134495556,runs/peerreview_20261003/semisynthetic/mixed_d0.25_rf1.0/mixed_d0.25_rf1.0_s2_metrics.json
semisynthetic.zip,semisynthetic/mixed_d0.5_rf0.3/mixed_d0.5_rf0.3_s0.pt,4266073,09fe9a813e1153c97ebf7a1615e4a1bd56c9cc0f91269cc28942b5b6a3975ecd,scripts/31_semisynthetic.py,.venv/Scripts/python scripts/31_semisynthetic.py --fit --config mixed_d0.5_rf0.3 --seed S --threads=3,3dfe2bc68aa49279b271a02a1f2404d134495556,runs/peerreview_20261003/semisynthetic/mixed_d0.5_rf0.3/mixed_d0.5_rf0.3_s0.pt
semisynthetic.zip,semisynthetic/mixed_d0.5_rf0.3/mixed_d0.5_rf0.3_s0_done.json,1916,54ade1d296d8ab33b030e3d9d9b602445b7f3de97cb4e766636e38c278ad15d1,scripts/31_semisynthetic.py,.venv/Scripts/python scripts/31_semisynthetic.py --fit --config mixed_d0.5_rf0.3 --seed S --threads=3,3dfe2bc68aa49279b271a02a1f2404d134495556,runs/peerreview_20261003/semisynthetic/mixed_d0.5_rf0.3/mixed_d0.5_rf0.3_s0_done.json
semisynthetic.zip,semisynthetic/mixed_d0.5_rf0.3/mixed_d0.5_rf0.3_s0_history.csv,4231,5bc527eeed348f4b3ff217bef06fb38af4fd3bd5babaf35b221cd647040d5bbd,scripts/31_semisynthetic.py,.venv/Scripts/python scripts/31_semisynthetic.py --fit --config mixed_d0.5_rf0.3 --seed S --threads=3,3dfe2bc68aa49279b271a02a1f2404d134495556,runs/peerreview_20261003/semisynthetic/mixed_d0.5_rf0.3/mixed_d0.5_rf0.3_s0_history.csv
semisynthetic.zip,semisynthetic/mixed_d0.5_rf0.3/mixed_d0.5_rf0.3_s0_ig_completeness.csv,865,715fdade79b021dd7ade56ddb76aa174557d9f4085fb5e6a73f3d749798efe0f,scripts/31_semisynthetic.py,.venv/Scripts/python scripts/31_semisynthetic.py --fit --config mixed_d0.5_rf0.3 --seed S --threads=3,3dfe2bc68aa49279b271a02a1f2404d134495556,runs/peerreview_20261003/semisynthetic/mixed_d0.5_rf0.3/mixed_d0.5_rf0.3_s0_ig_completeness.csv
semisynthetic.zip,semisynthetic/mixed_d0.5_rf0.3/mixed_d0.5_rf0.3_s0_ig_summary.csv.gz,176324,1f1c2eae5d275b4e1ca640f7c299ff7f5aece2fe4347153c610ff03d9c458717,scripts/31_semisynthetic.py,.venv/Scripts/python scripts/31_semisynthetic.py --fit --config mixed_d0.5_rf0.3 --seed S --threads=3,3dfe2bc68aa49279b271a02a1f2404d134495556,runs/peerreview_20261003/semisynthetic/mixed_d0.5_rf0.3/mixed_d0.5_rf0.3_s0_ig_summary.csv.gz
semisynthetic.zip,semisynthetic/mixed_d0.5_rf0.3/mixed_d0.5_rf0.3_s0_latent_usage_per_dimension.csv,1469,605b5c29df731c6aef95a994ab97616abace2b123df3180ff1d70b9ec55c050d,scripts/31_semisynthetic.py,.venv/Scripts/python scripts/31_semisynthetic.py --fit --config mixed_d0.5_rf0.3 --seed S --threads=3,3dfe2bc68aa49279b271a02a1f2404d134495556,runs/peerreview_20261003/semisynthetic/mixed_d0.5_rf0.3/mixed_d0.5_rf0.3_s0_latent_usage_per_dimension.csv
semisynthetic.zip,semisynthetic/mixed_d0.5_rf0.3/mixed_d0.5_rf0.3_s0_latents.npz,2990812,bbdac61a0db9a591da2177945afba544801d91fd5d5cf0f87d269dc6b5c1ea7d,scripts/31_semisynthetic.py,.venv/Scripts/python scripts/31_semisynthetic.py --fit --config mixed_d0.5_rf0.3 --seed S --threads=3,3dfe2bc68aa49279b271a02a1f2404d134495556,runs/peerreview_20261003/semisynthetic/mixed_d0.5_rf0.3/mixed_d0.5_rf0.3_s0_latents.npz
semisynthetic.zip,semisynthetic/mixed_d0.5_rf0.3/mixed_d0.5_rf0.3_s0_metrics.json,1916,54ade1d296d8ab33b030e3d9d9b602445b7f3de97cb4e766636e38c278ad15d1,scripts/31_semisynthetic.py,.venv/Scripts/python scripts/31_semisynthetic.py --fit --config mixed_d0.5_rf0.3 --seed S --threads=3,3dfe2bc68aa49279b271a02a1f2404d134495556,runs/peerreview_20261003/semisynthetic/mixed_d0.5_rf0.3/mixed_d0.5_rf0.3_s0_metrics.json
semisynthetic.zip,semisynthetic/mixed_d0.5_rf0.3/mixed_d0.5_rf0.3_s1.pt,4266073,7e8869e90771e8e8c47ad9acd4cf75ac847e3c0614b4b752072fd7053c84cf58,scripts/31_semisynthetic.py,.venv/Scripts/python scripts/31_semisynthetic.py --fit --config mixed_d0.5_rf0.3 --seed S --threads=3,3dfe2bc68aa49279b271a02a1f2404d134495556,runs/peerreview_20261003/semisynthetic/mixed_d0.5_rf0.3/mixed_d0.5_rf0.3_s1.pt
semisynthetic.zip,semisynthetic/mixed_d0.5_rf0.3/mixed_d0.5_rf0.3_s1_done.json,1906,9aaebbf4cb26da7e90e5f0e225080a1132953b746e4ae6995c13fce12cd41fc1,scripts/31_semisynthetic.py,.venv/Scripts/python scripts/31_semisynthetic.py --fit --config mixed_d0.5_rf0.3 --seed S --threads=3,3dfe2bc68aa49279b271a02a1f2404d134495556,runs/peerreview_20261003/semisynthetic/mixed_d0.5_rf0.3/mixed_d0.5_rf0.3_s1_done.json
semisynthetic.zip,semisynthetic/mixed_d0.5_rf0.3/mixed_d0.5_rf0.3_s1_history.csv,4222,aa15f05f18fa170d123023bc1c714901f3c7329dbf71b4ab78fb0fac9c22c0f6,scripts/31_semisynthetic.py,.venv/Scripts/python scripts/31_semisynthetic.py --fit --config mixed_d0.5_rf0.3 --seed S --threads=3,3dfe2bc68aa49279b271a02a1f2404d134495556,runs/peerreview_20261003/semisynthetic/mixed_d0.5_rf0.3/mixed_d0.5_rf0.3_s1_history.csv
semisynthetic.zip,semisynthetic/mixed_d0.5_rf0.3/mixed_d0.5_rf0.3_s1_ig_completeness.csv,860,132aea9249617607e9d5e328e9a56955f15fb3100714d54c7918952e2fdb9aee,scripts/31_semisynthetic.py,.venv/Scripts/python scripts/31_semisynthetic.py --fit --config mixed_d0.5_rf0.3 --seed S --threads=3,3dfe2bc68aa49279b271a02a1f2404d134495556,runs/peerreview_20261003/semisynthetic/mixed_d0.5_rf0.3/mixed_d0.5_rf0.3_s1_ig_completeness.csv
semisynthetic.zip,semisynthetic/mixed_d0.5_rf0.3/mixed_d0.5_rf0.3_s1_ig_summary.csv.gz,179762,a7e3f90e94101651cbdd93d6c22c7252b8e2910141582c0815fe2463d2a184f6,scripts/31_semisynthetic.py,.venv/Scripts/python scripts/31_semisynthetic.py --fit --config mixed_d0.5_rf0.3 --seed S --threads=3,3dfe2bc68aa49279b271a02a1f2404d134495556,runs/peerreview_20261003/semisynthetic/mixed_d0.5_rf0.3/mixed_d0.5_rf0.3_s1_ig_summary.csv.gz
semisynthetic.zip,semisynthetic/mixed_d0.5_rf0.3/mixed_d0.5_rf0.3_s1_latent_usage_per_dimension.csv,1456,fb91b0520f64c7645870f67690ef8fa3f5d2c04b270f3ab6883e52c8bd8abf1d,scripts/31_semisynthetic.py,.venv/Scripts/python scripts/31_semisynthetic.py --fit --config mixed_d0.5_rf0.3 --seed S --threads=3,3dfe2bc68aa49279b271a02a1f2404d134495556,runs/peerreview_20261003/semisynthetic/mixed_d0.5_rf0.3/mixed_d0.5_rf0.3_s1_latent_usage_per_dimension.csv
semisynthetic.zip,semisynthetic/mixed_d0.5_rf0.3/mixed_d0.5_rf0.3_s1_latents.npz,3009448,4bf5b9de4b8faebe577029b394bcd2cbb7b5016687d4cfed1e91edcd76bce14f,scripts/31_semisynthetic.py,.venv/Scripts/python scripts/31_semisynthetic.py --fit --config mixed_d0.5_rf0.3 --seed S --threads=3,3dfe2bc68aa49279b271a02a1f2404d134495556,runs/peerreview_20261003/semisynthetic/mixed_d0.5_rf0.3/mixed_d0.5_rf0.3_s1_latents.npz
semisynthetic.zip,semisynthetic/mixed_d0.5_rf0.3/mixed_d0.5_rf0.3_s1_metrics.json,1906,9aaebbf4cb26da7e90e5f0e225080a1132953b746e4ae6995c13fce12cd41fc1,scripts/31_semisynthetic.py,.venv/Scripts/python scripts/31_semisynthetic.py --fit --config mixed_d0.5_rf0.3 --seed S --threads=3,3dfe2bc68aa49279b271a02a1f2404d134495556,runs/peerreview_20261003/semisynthetic/mixed_d0.5_rf0.3/mixed_d0.5_rf0.3_s1_metrics.json
semisynthetic.zip,semisynthetic/mixed_d0.5_rf0.3/mixed_d0.5_rf0.3_s2.pt,4266073,6c6f6fba33462fc8a522b18cc6818b8fed579d392e48b60f4fbf8505960f6228,scripts/31_semisynthetic.py,.venv/Scripts/python scripts/31_semisynthetic.py --fit --config mixed_d0.5_rf0.3 --seed S --threads=3,3dfe2bc68aa49279b271a02a1f2404d134495556,runs/peerreview_20261003/semisynthetic/mixed_d0.5_rf0.3/mixed_d0.5_rf0.3_s2.pt
semisynthetic.zip,semisynthetic/mixed_d0.5_rf0.3/mixed_d0.5_rf0.3_s2_done.json,1913,ea6ccd5c52ed3e6ce43d6529a9de5f8e17478eecb6d1018428b50763040d0837,scripts/31_semisynthetic.py,.venv/Scripts/python scripts/31_semisynthetic.py --fit --config mixed_d0.5_rf0.3 --seed S --threads=3,3dfe2bc68aa49279b271a02a1f2404d134495556,runs/peerreview_20261003/semisynthetic/mixed_d0.5_rf0.3/mixed_d0.5_rf0.3_s2_done.json
semisynthetic.zip,semisynthetic/mixed_d0.5_rf0.3/mixed_d0.5_rf0.3_s2_history.csv,4214,34cfd3f3188bccfd4f264d0d479d23c60ff0bf90895905f557f3bb403ea39ff9,scripts/31_semisynthetic.py,.venv/Scripts/python scripts/31_semisynthetic.py --fit --config mixed_d0.5_rf0.3 --seed S --threads=3,3dfe2bc68aa49279b271a02a1f2404d134495556,runs/peerreview_20261003/semisynthetic/mixed_d0.5_rf0.3/mixed_d0.5_rf0.3_s2_history.csv
semisynthetic.zip,semisynthetic/mixed_d0.5_rf0.3/mixed_d0.5_rf0.3_s2_ig_completeness.csv,866,96ceaa11f176c490572b274bfad8fddd3a87bbb934e5b8935c1eab78dc02a029,scripts/31_semisynthetic.py,.venv/Scripts/python scripts/31_semisynthetic.py --fit --config mixed_d0.5_rf0.3 --seed S --threads=3,3dfe2bc68aa49279b271a02a1f2404d134495556,runs/peerreview_20261003/semisynthetic/mixed_d0.5_rf0.3/mixed_d0.5_rf0.3_s2_ig_completeness.csv
semisynthetic.zip,semisynthetic/mixed_d0.5_rf0.3/mixed_d0.5_rf0.3_s2_ig_summary.csv.gz,175720,57a88192e43432c2a9a65d9b14e49db9fb649ea9e9f6099ce562a29e0c8a6f45,scripts/31_semisynthetic.py,.venv/Scripts/python scripts/31_semisynthetic.py --fit --config mixed_d0.5_rf0.3 --seed S --threads=3,3dfe2bc68aa49279b271a02a1f2404d134495556,runs/peerreview_20261003/semisynthetic/mixed_d0.5_rf0.3/mixed_d0.5_rf0.3_s2_ig_summary.csv.gz
semisynthetic.zip,semisynthetic/mixed_d0.5_rf0.3/mixed_d0.5_rf0.3_s2_latent_usage_per_dimension.csv,1471,dbf6f19ae20e7f3d39001ee30fd090592d6132afb53e95b45f054ac4d70c727f,scripts/31_semisynthetic.py,.venv/Scripts/python scripts/31_semisynthetic.py --fit --config mixed_d0.5_rf0.3 --seed S --threads=3,3dfe2bc68aa49279b271a02a1f2404d134495556,runs/peerreview_20261003/semisynthetic/mixed_d0.5_rf0.3/mixed_d0.5_rf0.3_s2_latent_usage_per_dimension.csv
semisynthetic.zip,semisynthetic/mixed_d0.5_rf0.3/mixed_d0.5_rf0.3_s2_latents.npz,2986603,f6f56cf59ab69c2be8612e41abf95acc2c8c6fa464a33b49e5d939ec3bd724e1,scripts/31_semisynthetic.py,.venv/Scripts/python scripts/31_semisynthetic.py --fit --config mixed_d0.5_rf0.3 --seed S --threads=3,3dfe2bc68aa49279b271a02a1f2404d134495556,runs/peerreview_20261003/semisynthetic/mixed_d0.5_rf0.3/mixed_d0.5_rf0.3_s2_latents.npz
semisynthetic.zip,semisynthetic/mixed_d0.5_rf0.3/mixed_d0.5_rf0.3_s2_metrics.json,1913,ea6ccd5c52ed3e6ce43d6529a9de5f8e17478eecb6d1018428b50763040d0837,scripts/31_semisynthetic.py,.venv/Scripts/python scripts/31_semisynthetic.py --fit --config mixed_d0.5_rf0.3 --seed S --threads=3,3dfe2bc68aa49279b271a02a1f2404d134495556,runs/peerreview_20261003/semisynthetic/mixed_d0.5_rf0.3/mixed_d0.5_rf0.3_s2_metrics.json
semisynthetic.zip,semisynthetic/mixed_d0.5_rf1.0/mixed_d0.5_rf1.0_s0.pt,4266073,f5231089721670303bfe75b875e3b11d001b612312d35e374999f3ecd8c249c5,scripts/31_semisynthetic.py,.venv/Scripts/python scripts/31_semisynthetic.py --fit --config mixed_d0.5_rf1.0 --seed S --threads=3,3dfe2bc68aa49279b271a02a1f2404d134495556,runs/peerreview_20261003/semisynthetic/mixed_d0.5_rf1.0/mixed_d0.5_rf1.0_s0.pt
semisynthetic.zip,semisynthetic/mixed_d0.5_rf1.0/mixed_d0.5_rf1.0_s0_done.json,1912,b43e438911b351e2a563899c6254b9c6772afc458e32ae0fceaf4ca7e73b544f,scripts/31_semisynthetic.py,.venv/Scripts/python scripts/31_semisynthetic.py --fit --config mixed_d0.5_rf1.0 --seed S --threads=3,3dfe2bc68aa49279b271a02a1f2404d134495556,runs/peerreview_20261003/semisynthetic/mixed_d0.5_rf1.0/mixed_d0.5_rf1.0_s0_done.json
semisynthetic.zip,semisynthetic/mixed_d0.5_rf1.0/mixed_d0.5_rf1.0_s0_history.csv,4237,e1d16c022987608567873138f22d34d8f09b06b4f3df90c77762d5ab4cd41a30,scripts/31_semisynthetic.py,.venv/Scripts/python scripts/31_semisynthetic.py --fit --config mixed_d0.5_rf1.0 --seed S --threads=3,3dfe2bc68aa49279b271a02a1f2404d134495556,runs/peerreview_20261003/semisynthetic/mixed_d0.5_rf1.0/mixed_d0.5_rf1.0_s0_history.csv
semisynthetic.zip,semisynthetic/mixed_d0.5_rf1.0/mixed_d0.5_rf1.0_s0_ig_completeness.csv,859,197bf3da87329d49bbe9232f027cb5bd5fa7d72d125c13477d2eada20ce33ee0,scripts/31_semisynthetic.py,.venv/Scripts/python scripts/31_semisynthetic.py --fit --config mixed_d0.5_rf1.0 --seed S --threads=3,3dfe2bc68aa49279b271a02a1f2404d134495556,runs/peerreview_20261003/semisynthetic/mixed_d0.5_rf1.0/mixed_d0.5_rf1.0_s0_ig_completeness.csv
semisynthetic.zip,semisynthetic/mixed_d0.5_rf1.0/mixed_d0.5_rf1.0_s0_ig_summary.csv.gz,169275,36cc3a2fc8ad71d0343b0d9b2adf213feb22b6333ec4c05d65211e9fdafc7b52,scripts/31_semisynthetic.py,.venv/Scripts/python scripts/31_semisynthetic.py --fit --config mixed_d0.5_rf1.0 --seed S --threads=3,3dfe2bc68aa49279b271a02a1f2404d134495556,runs/peerreview_20261003/semisynthetic/mixed_d0.5_rf1.0/mixed_d0.5_rf1.0_s0_ig_summary.csv.gz
semisynthetic.zip,semisynthetic/mixed_d0.5_rf1.0/mixed_d0.5_rf1.0_s0_latent_usage_per_dimension.csv,1474,f004a02de1f73609f6df820680f25b0151107036a5e4dee087123354405abf97,scripts/31_semisynthetic.py,.venv/Scripts/python scripts/31_semisynthetic.py --fit --config mixed_d0.5_rf1.0 --seed S --threads=3,3dfe2bc68aa49279b271a02a1f2404d134495556,runs/peerreview_20261003/semisynthetic/mixed_d0.5_rf1.0/mixed_d0.5_rf1.0_s0_latent_usage_per_dimension.csv
semisynthetic.zip,semisynthetic/mixed_d0.5_rf1.0/mixed_d0.5_rf1.0_s0_latents.npz,2993907,520f8c07389f685cdc103ea47421521a7a814f01b1166fe408f5097c296402dd,scripts/31_semisynthetic.py,.venv/Scripts/python scripts/31_semisynthetic.py --fit --config mixed_d0.5_rf1.0 --seed S --threads=3,3dfe2bc68aa49279b271a02a1f2404d134495556,runs/peerreview_20261003/semisynthetic/mixed_d0.5_rf1.0/mixed_d0.5_rf1.0_s0_latents.npz
semisynthetic.zip,semisynthetic/mixed_d0.5_rf1.0/mixed_d0.5_rf1.0_s0_metrics.json,1912,b43e438911b351e2a563899c6254b9c6772afc458e32ae0fceaf4ca7e73b544f,scripts/31_semisynthetic.py,.venv/Scripts/python scripts/31_semisynthetic.py --fit --config mixed_d0.5_rf1.0 --seed S --threads=3,3dfe2bc68aa49279b271a02a1f2404d134495556,runs/peerreview_20261003/semisynthetic/mixed_d0.5_rf1.0/mixed_d0.5_rf1.0_s0_metrics.json
semisynthetic.zip,semisynthetic/mixed_d0.5_rf1.0/mixed_d0.5_rf1.0_s1.pt,4266073,5def5378cd3a318e528a38b76ebf9327681c7498501c837f1e2d43755baa93d5,scripts/31_semisynthetic.py,.venv/Scripts/python scripts/31_semisynthetic.py --fit --config mixed_d0.5_rf1.0 --seed S --threads=3,3dfe2bc68aa49279b271a02a1f2404d134495556,runs/peerreview_20261003/semisynthetic/mixed_d0.5_rf1.0/mixed_d0.5_rf1.0_s1.pt
semisynthetic.zip,semisynthetic/mixed_d0.5_rf1.0/mixed_d0.5_rf1.0_s1_done.json,1914,f42b920abfdeef4a9db81c34c23bb7af3b8f27364896a2c9087e07960e212d59,scripts/31_semisynthetic.py,.venv/Scripts/python scripts/31_semisynthetic.py --fit --config mixed_d0.5_rf1.0 --seed S --threads=3,3dfe2bc68aa49279b271a02a1f2404d134495556,runs/peerreview_20261003/semisynthetic/mixed_d0.5_rf1.0/mixed_d0.5_rf1.0_s1_done.json
semisynthetic.zip,semisynthetic/mixed_d0.5_rf1.0/mixed_d0.5_rf1.0_s1_history.csv,4231,ae43403a7210f5fbf45245199baf53144decbdce7a10cf62e29b87c14819d971,scripts/31_semisynthetic.py,.venv/Scripts/python scripts/31_semisynthetic.py --fit --config mixed_d0.5_rf1.0 --seed S --threads=3,3dfe2bc68aa49279b271a02a1f2404d134495556,runs/peerreview_20261003/semisynthetic/mixed_d0.5_rf1.0/mixed_d0.5_rf1.0_s1_history.csv
semisynthetic.zip,semisynthetic/mixed_d0.5_rf1.0/mixed_d0.5_rf1.0_s1_ig_completeness.csv,859,de22112ca845c1ad42fe99e0cce3cf486fed26882ba3f9728505ee3d45220d2c,scripts/31_semisynthetic.py,.venv/Scripts/python scripts/31_semisynthetic.py --fit --config mixed_d0.5_rf1.0 --seed S --threads=3,3dfe2bc68aa49279b271a02a1f2404d134495556,runs/peerreview_20261003/semisynthetic/mixed_d0.5_rf1.0/mixed_d0.5_rf1.0_s1_ig_completeness.csv
semisynthetic.zip,semisynthetic/mixed_d0.5_rf1.0/mixed_d0.5_rf1.0_s1_ig_summary.csv.gz,171862,d904eb7ead79ad7605f02e709f23e9b51b0ca82478375fddc341eae1da5790fd,scripts/31_semisynthetic.py,.venv/Scripts/python scripts/31_semisynthetic.py --fit --config mixed_d0.5_rf1.0 --seed S --threads=3,3dfe2bc68aa49279b271a02a1f2404d134495556,runs/peerreview_20261003/semisynthetic/mixed_d0.5_rf1.0/mixed_d0.5_rf1.0_s1_ig_summary.csv.gz
semisynthetic.zip,semisynthetic/mixed_d0.5_rf1.0/mixed_d0.5_rf1.0_s1_latent_usage_per_dimension.csv,1469,f0bb62bcec29f1a793c9f7761da6f82a57903f1818fb127fd2909cf4ca3c679a,scripts/31_semisynthetic.py,.venv/Scripts/python scripts/31_semisynthetic.py --fit --config mixed_d0.5_rf1.0 --seed S --threads=3,3dfe2bc68aa49279b271a02a1f2404d134495556,runs/peerreview_20261003/semisynthetic/mixed_d0.5_rf1.0/mixed_d0.5_rf1.0_s1_latent_usage_per_dimension.csv
semisynthetic.zip,semisynthetic/mixed_d0.5_rf1.0/mixed_d0.5_rf1.0_s1_latents.npz,2998518,fc3186d4c057b3757a98469c8f9bb1a800df9221a7d3ddcb7d76df2e82399b5e,scripts/31_semisynthetic.py,.venv/Scripts/python scripts/31_semisynthetic.py --fit --config mixed_d0.5_rf1.0 --seed S --threads=3,3dfe2bc68aa49279b271a02a1f2404d134495556,runs/peerreview_20261003/semisynthetic/mixed_d0.5_rf1.0/mixed_d0.5_rf1.0_s1_latents.npz
semisynthetic.zip,semisynthetic/mixed_d0.5_rf1.0/mixed_d0.5_rf1.0_s1_metrics.json,1914,f42b920abfdeef4a9db81c34c23bb7af3b8f27364896a2c9087e07960e212d59,scripts/31_semisynthetic.py,.venv/Scripts/python scripts/31_semisynthetic.py --fit --config mixed_d0.5_rf1.0 --seed S --threads=3,3dfe2bc68aa49279b271a02a1f2404d134495556,runs/peerreview_20261003/semisynthetic/mixed_d0.5_rf1.0/mixed_d0.5_rf1.0_s1_metrics.json
semisynthetic.zip,semisynthetic/mixed_d0.5_rf1.0/mixed_d0.5_rf1.0_s2.pt,4266073,0f36a60e3d89da8df006a61c5a9e9c859ced26c535d4e05fa1d3bffeff146d72,scripts/31_semisynthetic.py,.venv/Scripts/python scripts/31_semisynthetic.py --fit --config mixed_d0.5_rf1.0 --seed S --threads=3,3dfe2bc68aa49279b271a02a1f2404d134495556,runs/peerreview_20261003/semisynthetic/mixed_d0.5_rf1.0/mixed_d0.5_rf1.0_s2.pt
semisynthetic.zip,semisynthetic/mixed_d0.5_rf1.0/mixed_d0.5_rf1.0_s2_done.json,1911,bef1bdb0fa2013d876e2c4a8abe986a697af18243aee7bd81c17e1c32666d0e8,scripts/31_semisynthetic.py,.venv/Scripts/python scripts/31_semisynthetic.py --fit --config mixed_d0.5_rf1.0 --seed S --threads=3,3dfe2bc68aa49279b271a02a1f2404d134495556,runs/peerreview_20261003/semisynthetic/mixed_d0.5_rf1.0/mixed_d0.5_rf1.0_s2_done.json
semisynthetic.zip,semisynthetic/mixed_d0.5_rf1.0/mixed_d0.5_rf1.0_s2_history.csv,4225,41daf09fcb6238515f3ae4904d43ebb0b247f7bbaa9859047c412474349443c0,scripts/31_semisynthetic.py,.venv/Scripts/python scripts/31_semisynthetic.py --fit --config mixed_d0.5_rf1.0 --seed S --threads=3,3dfe2bc68aa49279b271a02a1f2404d134495556,runs/peerreview_20261003/semisynthetic/mixed_d0.5_rf1.0/mixed_d0.5_rf1.0_s2_history.csv
semisynthetic.zip,semisynthetic/mixed_d0.5_rf1.0/mixed_d0.5_rf1.0_s2_ig_completeness.csv,860,7930e9bc79a65f11977f9004efcd20ebfe63d49f38b8b5399a7e541294cdccf0,scripts/31_semisynthetic.py,.venv/Scripts/python scripts/31_semisynthetic.py --fit --config mixed_d0.5_rf1.0 --seed S --threads=3,3dfe2bc68aa49279b271a02a1f2404d134495556,runs/peerreview_20261003/semisynthetic/mixed_d0.5_rf1.0/mixed_d0.5_rf1.0_s2_ig_completeness.csv
semisynthetic.zip,semisynthetic/mixed_d0.5_rf1.0/mixed_d0.5_rf1.0_s2_ig_summary.csv.gz,176390,00d2a7065d84eacc87f698ec161dbdc34dfa1a09b27783718b2a0cb769daed4b,scripts/31_semisynthetic.py,.venv/Scripts/python scripts/31_semisynthetic.py --fit --config mixed_d0.5_rf1.0 --seed S --threads=3,3dfe2bc68aa49279b271a02a1f2404d134495556,runs/peerreview_20261003/semisynthetic/mixed_d0.5_rf1.0/mixed_d0.5_rf1.0_s2_ig_summary.csv.gz
semisynthetic.zip,semisynthetic/mixed_d0.5_rf1.0/mixed_d0.5_rf1.0_s2_latent_usage_per_dimension.csv,1468,4a68c7f50cf5e2d60eb05060028b6299416b3656360f2c08f3a7085d70c4815c,scripts/31_semisynthetic.py,.venv/Scripts/python scripts/31_semisynthetic.py --fit --config mixed_d0.5_rf1.0 --seed S --threads=3,3dfe2bc68aa49279b271a02a1f2404d134495556,runs/peerreview_20261003/semisynthetic/mixed_d0.5_rf1.0/mixed_d0.5_rf1.0_s2_latent_usage_per_dimension.csv
semisynthetic.zip,semisynthetic/mixed_d0.5_rf1.0/mixed_d0.5_rf1.0_s2_latents.npz,2997761,8dc1c42ffa2e57c34506fa0bbfd8338d18bc99879d8ca0749985bf6d7be326b1,scripts/31_semisynthetic.py,.venv/Scripts/python scripts/31_semisynthetic.py --fit --config mixed_d0.5_rf1.0 --seed S --threads=3,3dfe2bc68aa49279b271a02a1f2404d134495556,runs/peerreview_20261003/semisynthetic/mixed_d0.5_rf1.0/mixed_d0.5_rf1.0_s2_latents.npz
semisynthetic.zip,semisynthetic/mixed_d0.5_rf1.0/mixed_d0.5_rf1.0_s2_metrics.json,1911,bef1bdb0fa2013d876e2c4a8abe986a697af18243aee7bd81c17e1c32666d0e8,scripts/31_semisynthetic.py,.venv/Scripts/python scripts/31_semisynthetic.py --fit --config mixed_d0.5_rf1.0 --seed S --threads=3,3dfe2bc68aa49279b271a02a1f2404d134495556,runs/peerreview_20261003/semisynthetic/mixed_d0.5_rf1.0/mixed_d0.5_rf1.0_s2_metrics.json
semisynthetic.zip,semisynthetic/mixed_d1_rf0.3/mixed_d1_rf0.3_s0.pt,4265947,c96d1c244638a830d5132a6f28e703800711741b0d54ad8615357607189e2dce,scripts/31_semisynthetic.py,.venv/Scripts/python scripts/31_semisynthetic.py --fit --config mixed_d1_rf0.3 --seed S --threads=3,3dfe2bc68aa49279b271a02a1f2404d134495556,runs/peerreview_20261003/semisynthetic/mixed_d1_rf0.3/mixed_d1_rf0.3_s0.pt
semisynthetic.zip,semisynthetic/mixed_d1_rf0.3/mixed_d1_rf0.3_s0_done.json,1912,b1402167dbb3297cf0578577cbfa5977ef6c04122d1ac299e08e55556eaadf9e,scripts/31_semisynthetic.py,.venv/Scripts/python scripts/31_semisynthetic.py --fit --config mixed_d1_rf0.3 --seed S --threads=3,3dfe2bc68aa49279b271a02a1f2404d134495556,runs/peerreview_20261003/semisynthetic/mixed_d1_rf0.3/mixed_d1_rf0.3_s0_done.json
semisynthetic.zip,semisynthetic/mixed_d1_rf0.3/mixed_d1_rf0.3_s0_history.csv,4237,e750d74a7c3f99c7a0644375173233f049c9b0354588a6b6808045aa4c0faa1e,scripts/31_semisynthetic.py,.venv/Scripts/python scripts/31_semisynthetic.py --fit --config mixed_d1_rf0.3 --seed S --threads=3,3dfe2bc68aa49279b271a02a1f2404d134495556,runs/peerreview_20261003/semisynthetic/mixed_d1_rf0.3/mixed_d1_rf0.3_s0_history.csv
semisynthetic.zip,semisynthetic/mixed_d1_rf0.3/mixed_d1_rf0.3_s0_ig_completeness.csv,861,1fac3fc13d8ea57469bc06d5660addeaacd9c8446e33a74b21ca47c7c2001485,scripts/31_semisynthetic.py,.venv/Scripts/python scripts/31_semisynthetic.py --fit --config mixed_d1_rf0.3 --seed S --threads=3,3dfe2bc68aa49279b271a02a1f2404d134495556,runs/peerreview_20261003/semisynthetic/mixed_d1_rf0.3/mixed_d1_rf0.3_s0_ig_completeness.csv
semisynthetic.zip,semisynthetic/mixed_d1_rf0.3/mixed_d1_rf0.3_s0_ig_summary.csv.gz,178299,8540f132a128af69b69c1ba0d7fc1210ff0d3513e38f1d775e6454f480e30dbd,scripts/31_semisynthetic.py,.venv/Scripts/python scripts/31_semisynthetic.py --fit --config mixed_d1_rf0.3 --seed S --threads=3,3dfe2bc68aa49279b271a02a1f2404d134495556,runs/peerreview_20261003/semisynthetic/mixed_d1_rf0.3/mixed_d1_rf0.3_s0_ig_summary.csv.gz
semisynthetic.zip,semisynthetic/mixed_d1_rf0.3/mixed_d1_rf0.3_s0_latent_usage_per_dimension.csv,1472,b54a6fc77f67e0ac0db0239e2d07d3de79019d77e17a0b105e24729dc3725171,scripts/31_semisynthetic.py,.venv/Scripts/python scripts/31_semisynthetic.py --fit --config mixed_d1_rf0.3 --seed S --threads=3,3dfe2bc68aa49279b271a02a1f2404d134495556,runs/peerreview_20261003/semisynthetic/mixed_d1_rf0.3/mixed_d1_rf0.3_s0_latent_usage_per_dimension.csv
semisynthetic.zip,semisynthetic/mixed_d1_rf0.3/mixed_d1_rf0.3_s0_latents.npz,2996797,ff716d2de52ce2d53f5b003eb671e35eb7805983e8ae24245ecd068ff16deba0,scripts/31_semisynthetic.py,.venv/Scripts/python scripts/31_semisynthetic.py --fit --config mixed_d1_rf0.3 --seed S --threads=3,3dfe2bc68aa49279b271a02a1f2404d134495556,runs/peerreview_20261003/semisynthetic/mixed_d1_rf0.3/mixed_d1_rf0.3_s0_latents.npz
semisynthetic.zip,semisynthetic/mixed_d1_rf0.3/mixed_d1_rf0.3_s0_metrics.json,1912,b1402167dbb3297cf0578577cbfa5977ef6c04122d1ac299e08e55556eaadf9e,scripts/31_semisynthetic.py,.venv/Scripts/python scripts/31_semisynthetic.py --fit --config mixed_d1_rf0.3 --seed S --threads=3,3dfe2bc68aa49279b271a02a1f2404d134495556,runs/peerreview_20261003/semisynthetic/mixed_d1_rf0.3/mixed_d1_rf0.3_s0_metrics.json
semisynthetic.zip,semisynthetic/mixed_d1_rf0.3/mixed_d1_rf0.3_s1.pt,4265947,38b20fc280b553c65c5f4cc5d4280bf45466444f1ddfe5c4cd763c6eda9fbb1d,scripts/31_semisynthetic.py,.venv/Scripts/python scripts/31_semisynthetic.py --fit --config mixed_d1_rf0.3 --seed S --threads=3,3dfe2bc68aa49279b271a02a1f2404d134495556,runs/peerreview_20261003/semisynthetic/mixed_d1_rf0.3/mixed_d1_rf0.3_s1.pt
semisynthetic.zip,semisynthetic/mixed_d1_rf0.3/mixed_d1_rf0.3_s1_done.json,1907,0ca66d6a546d6775d4e9bc69db9f18b584d21ae782d6dcac1e85f5c82c4bddce,scripts/31_semisynthetic.py,.venv/Scripts/python scripts/31_semisynthetic.py --fit --config mixed_d1_rf0.3 --seed S --threads=3,3dfe2bc68aa49279b271a02a1f2404d134495556,runs/peerreview_20261003/semisynthetic/mixed_d1_rf0.3/mixed_d1_rf0.3_s1_done.json
semisynthetic.zip,semisynthetic/mixed_d1_rf0.3/mixed_d1_rf0.3_s1_history.csv,4241,0ad9600f8bcd313d90e18392709870f44fe9557a62a5dfe5af7851ba40b2219c,scripts/31_semisynthetic.py,.venv/Scripts/python scripts/31_semisynthetic.py --fit --config mixed_d1_rf0.3 --seed S --threads=3,3dfe2bc68aa49279b271a02a1f2404d134495556,runs/peerreview_20261003/semisynthetic/mixed_d1_rf0.3/mixed_d1_rf0.3_s1_history.csv
semisynthetic.zip,semisynthetic/mixed_d1_rf0.3/mixed_d1_rf0.3_s1_ig_completeness.csv,855,3fbd49c270b7d55f2b9150d3eff6a965c4469bde3d315ed3d272df2ef13d64eb,scripts/31_semisynthetic.py,.venv/Scripts/python scripts/31_semisynthetic.py --fit --config mixed_d1_rf0.3 --seed S --threads=3,3dfe2bc68aa49279b271a02a1f2404d134495556,runs/peerreview_20261003/semisynthetic/mixed_d1_rf0.3/mixed_d1_rf0.3_s1_ig_completeness.csv
semisynthetic.zip,semisynthetic/mixed_d1_rf0.3/mixed_d1_rf0.3_s1_ig_summary.csv.gz,175868,6f5e8255cc0b622130936e99fd8a1b0766537b6580002d399df198ce5210ccc8,scripts/31_semisynthetic.py,.venv/Scripts/python scripts/31_semisynthetic.py --fit --config mixed_d1_rf0.3 --seed S --threads=3,3dfe2bc68aa49279b271a02a1f2404d134495556,runs/peerreview_20261003/semisynthetic/mixed_d1_rf0.3/mixed_d1_rf0.3_s1_ig_summary.csv.gz
semisynthetic.zip,semisynthetic/mixed_d1_rf0.3/mixed_d1_rf0.3_s1_latent_usage_per_dimension.csv,1467,1caa229da3d43aa65e839faf93c1580f605ab1b59b8dd313fed806e2b36d0c64,scripts/31_semisynthetic.py,.venv/Scripts/python scripts/31_semisynthetic.py --fit --config mixed_d1_rf0.3 --seed S --threads=3,3dfe2bc68aa49279b271a02a1f2404d134495556,runs/peerreview_20261003/semisynthetic/mixed_d1_rf0.3/mixed_d1_rf0.3_s1_latent_usage_per_dimension.csv
semisynthetic.zip,semisynthetic/mixed_d1_rf0.3/mixed_d1_rf0.3_s1_latents.npz,3008153,fa249630bd997ee4d822dd1b9bd3be1340c1ed89f32d7eb81942ab415769cb14,scripts/31_semisynthetic.py,.venv/Scripts/python scripts/31_semisynthetic.py --fit --config mixed_d1_rf0.3 --seed S --threads=3,3dfe2bc68aa49279b271a02a1f2404d134495556,runs/peerreview_20261003/semisynthetic/mixed_d1_rf0.3/mixed_d1_rf0.3_s1_latents.npz
semisynthetic.zip,semisynthetic/mixed_d1_rf0.3/mixed_d1_rf0.3_s1_metrics.json,1907,0ca66d6a546d6775d4e9bc69db9f18b584d21ae782d6dcac1e85f5c82c4bddce,scripts/31_semisynthetic.py,.venv/Scripts/python scripts/31_semisynthetic.py --fit --config mixed_d1_rf0.3 --seed S --threads=3,3dfe2bc68aa49279b271a02a1f2404d134495556,runs/peerreview_20261003/semisynthetic/mixed_d1_rf0.3/mixed_d1_rf0.3_s1_metrics.json
semisynthetic.zip,semisynthetic/mixed_d1_rf0.3/mixed_d1_rf0.3_s2.pt,4265947,9f2ed9c8ba3ec8a80406316ded6d9f720f9f50bb9ef80cd2b634333ed9b58f92,scripts/31_semisynthetic.py,.venv/Scripts/python scripts/31_semisynthetic.py --fit --config mixed_d1_rf0.3 --seed S --threads=3,3dfe2bc68aa49279b271a02a1f2404d134495556,runs/peerreview_20261003/semisynthetic/mixed_d1_rf0.3/mixed_d1_rf0.3_s2.pt
semisynthetic.zip,semisynthetic/mixed_d1_rf0.3/mixed_d1_rf0.3_s2_done.json,1905,a6cd811616c2612cd311088a243bebbe2574da0ee13bec7f385ffdfc9eaa9af6,scripts/31_semisynthetic.py,.venv/Scripts/python scripts/31_semisynthetic.py --fit --config mixed_d1_rf0.3 --seed S --threads=3,3dfe2bc68aa49279b271a02a1f2404d134495556,runs/peerreview_20261003/semisynthetic/mixed_d1_rf0.3/mixed_d1_rf0.3_s2_done.json
semisynthetic.zip,semisynthetic/mixed_d1_rf0.3/mixed_d1_rf0.3_s2_history.csv,4234,da0232fc089a717fb03dc759dbf26423dc821e5771ad900b96e61aada1a1a5c0,scripts/31_semisynthetic.py,.venv/Scripts/python scripts/31_semisynthetic.py --fit --config mixed_d1_rf0.3 --seed S --threads=3,3dfe2bc68aa49279b271a02a1f2404d134495556,runs/peerreview_20261003/semisynthetic/mixed_d1_rf0.3/mixed_d1_rf0.3_s2_history.csv
semisynthetic.zip,semisynthetic/mixed_d1_rf0.3/mixed_d1_rf0.3_s2_ig_completeness.csv,862,99cc866322ec2e7f350f96f5a9113d2f43d5f94300305bd79049a5719c9af94a,scripts/31_semisynthetic.py,.venv/Scripts/python scripts/31_semisynthetic.py --fit --config mixed_d1_rf0.3 --seed S --threads=3,3dfe2bc68aa49279b271a02a1f2404d134495556,runs/peerreview_20261003/semisynthetic/mixed_d1_rf0.3/mixed_d1_rf0.3_s2_ig_completeness.csv
semisynthetic.zip,semisynthetic/mixed_d1_rf0.3/mixed_d1_rf0.3_s2_ig_summary.csv.gz,183207,8afeac2c590ba2448f50c14aeb6c717423f3ede0dea6040dd922c9f7f729e40e,scripts/31_semisynthetic.py,.venv/Scripts/python scripts/31_semisynthetic.py --fit --config mixed_d1_rf0.3 --seed S --threads=3,3dfe2bc68aa49279b271a02a1f2404d134495556,runs/peerreview_20261003/semisynthetic/mixed_d1_rf0.3/mixed_d1_rf0.3_s2_ig_summary.csv.gz
semisynthetic.zip,semisynthetic/mixed_d1_rf0.3/mixed_d1_rf0.3_s2_latent_usage_per_dimension.csv,1467,f1cf83e575b98d925b9ed75f443e7ba5d3362cacac4ef91268fe3fb6b7f6b46e,scripts/31_semisynthetic.py,.venv/Scripts/python scripts/31_semisynthetic.py --fit --config mixed_d1_rf0.3 --seed S --threads=3,3dfe2bc68aa49279b271a02a1f2404d134495556,runs/peerreview_20261003/semisynthetic/mixed_d1_rf0.3/mixed_d1_rf0.3_s2_latent_usage_per_dimension.csv
semisynthetic.zip,semisynthetic/mixed_d1_rf0.3/mixed_d1_rf0.3_s2_latents.npz,2999874,501f35165da0f771267bafb7183ed53e9a246e7fdef7dd80977a91be8083631b,scripts/31_semisynthetic.py,.venv/Scripts/python scripts/31_semisynthetic.py --fit --config mixed_d1_rf0.3 --seed S --threads=3,3dfe2bc68aa49279b271a02a1f2404d134495556,runs/peerreview_20261003/semisynthetic/mixed_d1_rf0.3/mixed_d1_rf0.3_s2_latents.npz
semisynthetic.zip,semisynthetic/mixed_d1_rf0.3/mixed_d1_rf0.3_s2_metrics.json,1905,a6cd811616c2612cd311088a243bebbe2574da0ee13bec7f385ffdfc9eaa9af6,scripts/31_semisynthetic.py,.venv/Scripts/python scripts/31_semisynthetic.py --fit --config mixed_d1_rf0.3 --seed S --threads=3,3dfe2bc68aa49279b271a02a1f2404d134495556,runs/peerreview_20261003/semisynthetic/mixed_d1_rf0.3/mixed_d1_rf0.3_s2_metrics.json
semisynthetic.zip,semisynthetic/mixed_d1_rf1.0/mixed_d1_rf1.0_s0.pt,4265947,b4c8f2111f50c7a08416dfa4e87112aa48c45ab43c7adf28dd308760c0bc7743,scripts/31_semisynthetic.py,.venv/Scripts/python scripts/31_semisynthetic.py --fit --config mixed_d1_rf1.0 --seed S --threads=3,3dfe2bc68aa49279b271a02a1f2404d134495556,runs/peerreview_20261003/semisynthetic/mixed_d1_rf1.0/mixed_d1_rf1.0_s0.pt
semisynthetic.zip,semisynthetic/mixed_d1_rf1.0/mixed_d1_rf1.0_s0_done.json,1913,9ae2a658ffe9235faa7b6694d204c67fe999843f0f7c0745c60ecdd95aeded87,scripts/31_semisynthetic.py,.venv/Scripts/python scripts/31_semisynthetic.py --fit --config mixed_d1_rf1.0 --seed S --threads=3,3dfe2bc68aa49279b271a02a1f2404d134495556,runs/peerreview_20261003/semisynthetic/mixed_d1_rf1.0/mixed_d1_rf1.0_s0_done.json
semisynthetic.zip,semisynthetic/mixed_d1_rf1.0/mixed_d1_rf1.0_s0_history.csv,4234,e13848d504cfa23a31d46dc7a574bc88d6e7a73a53253eac78d367ba75110a06,scripts/31_semisynthetic.py,.venv/Scripts/python scripts/31_semisynthetic.py --fit --config mixed_d1_rf1.0 --seed S --threads=3,3dfe2bc68aa49279b271a02a1f2404d134495556,runs/peerreview_20261003/semisynthetic/mixed_d1_rf1.0/mixed_d1_rf1.0_s0_history.csv
semisynthetic.zip,semisynthetic/mixed_d1_rf1.0/mixed_d1_rf1.0_s0_ig_completeness.csv,863,405929d50baead5d421ae3252c96d85ca710e69b2e9d556e0fa50d42eaa4da7b,scripts/31_semisynthetic.py,.venv/Scripts/python scripts/31_semisynthetic.py --fit --config mixed_d1_rf1.0 --seed S --threads=3,3dfe2bc68aa49279b271a02a1f2404d134495556,runs/peerreview_20261003/semisynthetic/mixed_d1_rf1.0/mixed_d1_rf1.0_s0_ig_completeness.csv
semisynthetic.zip,semisynthetic/mixed_d1_rf1.0/mixed_d1_rf1.0_s0_ig_summary.csv.gz,172604,d3f4877058afb1bade9d5769ea3ed7e89f878ad4fe62093af60dec9ef29ba3a0,scripts/31_semisynthetic.py,.venv/Scripts/python scripts/31_semisynthetic.py --fit --config mixed_d1_rf1.0 --seed S --threads=3,3dfe2bc68aa49279b271a02a1f2404d134495556,runs/peerreview_20261003/semisynthetic/mixed_d1_rf1.0/mixed_d1_rf1.0_s0_ig_summary.csv.gz
semisynthetic.zip,semisynthetic/mixed_d1_rf1.0/mixed_d1_rf1.0_s0_latent_usage_per_dimension.csv,1470,30f12631b80de9bfe0e23df374bd30d570d08453835da1e9032d80bead6f3564,scripts/31_semisynthetic.py,.venv/Scripts/python scripts/31_semisynthetic.py --fit --config mixed_d1_rf1.0 --seed S --threads=3,3dfe2bc68aa49279b271a02a1f2404d134495556,runs/peerreview_20261003/semisynthetic/mixed_d1_rf1.0/mixed_d1_rf1.0_s0_latent_usage_per_dimension.csv
semisynthetic.zip,semisynthetic/mixed_d1_rf1.0/mixed_d1_rf1.0_s0_latents.npz,3010857,a913c978a6810f9e0ce942ae99b91fb37bc7f17969119e611f0e600ccc54f11e,scripts/31_semisynthetic.py,.venv/Scripts/python scripts/31_semisynthetic.py --fit --config mixed_d1_rf1.0 --seed S --threads=3,3dfe2bc68aa49279b271a02a1f2404d134495556,runs/peerreview_20261003/semisynthetic/mixed_d1_rf1.0/mixed_d1_rf1.0_s0_latents.npz
semisynthetic.zip,semisynthetic/mixed_d1_rf1.0/mixed_d1_rf1.0_s0_metrics.json,1913,9ae2a658ffe9235faa7b6694d204c67fe999843f0f7c0745c60ecdd95aeded87,scripts/31_semisynthetic.py,.venv/Scripts/python scripts/31_semisynthetic.py --fit --config mixed_d1_rf1.0 --seed S --threads=3,3dfe2bc68aa49279b271a02a1f2404d134495556,runs/peerreview_20261003/semisynthetic/mixed_d1_rf1.0/mixed_d1_rf1.0_s0_metrics.json
semisynthetic.zip,semisynthetic/mixed_d1_rf1.0/mixed_d1_rf1.0_s1.pt,4265947,b687c0e804fdb13eda1734ee8d2027c0d153d5078abd15447bc7bf5527f454e4,scripts/31_semisynthetic.py,.venv/Scripts/python scripts/31_semisynthetic.py --fit --config mixed_d1_rf1.0 --seed S --threads=3,3dfe2bc68aa49279b271a02a1f2404d134495556,runs/peerreview_20261003/semisynthetic/mixed_d1_rf1.0/mixed_d1_rf1.0_s1.pt
semisynthetic.zip,semisynthetic/mixed_d1_rf1.0/mixed_d1_rf1.0_s1_done.json,1905,a4f04a876350d777410fd3292911db9be9e6a602e0a80e715532d8e23a7259c1,scripts/31_semisynthetic.py,.venv/Scripts/python scripts/31_semisynthetic.py --fit --config mixed_d1_rf1.0 --seed S --threads=3,3dfe2bc68aa49279b271a02a1f2404d134495556,runs/peerreview_20261003/semisynthetic/mixed_d1_rf1.0/mixed_d1_rf1.0_s1_done.json
semisynthetic.zip,semisynthetic/mixed_d1_rf1.0/mixed_d1_rf1.0_s1_history.csv,4224,fef49d7381ef3d85d5ac76c262554cef60b0185cd32a0ff096885a4c1d014953,scripts/31_semisynthetic.py,.venv/Scripts/python scripts/31_semisynthetic.py --fit --config mixed_d1_rf1.0 --seed S --threads=3,3dfe2bc68aa49279b271a02a1f2404d134495556,runs/peerreview_20261003/semisynthetic/mixed_d1_rf1.0/mixed_d1_rf1.0_s1_history.csv
semisynthetic.zip,semisynthetic/mixed_d1_rf1.0/mixed_d1_rf1.0_s1_ig_completeness.csv,854,9fc1049ed10979069601b1373473603f34bb7e9b36a621b57cc361263bc5a252,scripts/31_semisynthetic.py,.venv/Scripts/python scripts/31_semisynthetic.py --fit --config mixed_d1_rf1.0 --seed S --threads=3,3dfe2bc68aa49279b271a02a1f2404d134495556,runs/peerreview_20261003/semisynthetic/mixed_d1_rf1.0/mixed_d1_rf1.0_s1_ig_completeness.csv
semisynthetic.zip,semisynthetic/mixed_d1_rf1.0/mixed_d1_rf1.0_s1_ig_summary.csv.gz,178969,07b78066d6033cebcbcc2c9d5c444826b4eaee879c54cf2ddf7c88d1427a3cee,scripts/31_semisynthetic.py,.venv/Scripts/python scripts/31_semisynthetic.py --fit --config mixed_d1_rf1.0 --seed S --threads=3,3dfe2bc68aa49279b271a02a1f2404d134495556,runs/peerreview_20261003/semisynthetic/mixed_d1_rf1.0/mixed_d1_rf1.0_s1_ig_summary.csv.gz
semisynthetic.zip,semisynthetic/mixed_d1_rf1.0/mixed_d1_rf1.0_s1_latent_usage_per_dimension.csv,1450,f1d10a3cf3de218bcdffbebb53866c28cb6cc55a2912a4a93c41a2fd78fa49a6,scripts/31_semisynthetic.py,.venv/Scripts/python scripts/31_semisynthetic.py --fit --config mixed_d1_rf1.0 --seed S --threads=3,3dfe2bc68aa49279b271a02a1f2404d134495556,runs/peerreview_20261003/semisynthetic/mixed_d1_rf1.0/mixed_d1_rf1.0_s1_latent_usage_per_dimension.csv
semisynthetic.zip,semisynthetic/mixed_d1_rf1.0/mixed_d1_rf1.0_s1_latents.npz,3011333,0bd7f1d18e57a8ca800fec9e742a1da060ef8043c60916e7961a3a9fdae59e57,scripts/31_semisynthetic.py,.venv/Scripts/python scripts/31_semisynthetic.py --fit --config mixed_d1_rf1.0 --seed S --threads=3,3dfe2bc68aa49279b271a02a1f2404d134495556,runs/peerreview_20261003/semisynthetic/mixed_d1_rf1.0/mixed_d1_rf1.0_s1_latents.npz
semisynthetic.zip,semisynthetic/mixed_d1_rf1.0/mixed_d1_rf1.0_s1_metrics.json,1905,a4f04a876350d777410fd3292911db9be9e6a602e0a80e715532d8e23a7259c1,scripts/31_semisynthetic.py,.venv/Scripts/python scripts/31_semisynthetic.py --fit --config mixed_d1_rf1.0 --seed S --threads=3,3dfe2bc68aa49279b271a02a1f2404d134495556,runs/peerreview_20261003/semisynthetic/mixed_d1_rf1.0/mixed_d1_rf1.0_s1_metrics.json
semisynthetic.zip,semisynthetic/mixed_d1_rf1.0/mixed_d1_rf1.0_s2.pt,4265947,dd0dd8bb402b60ed9757ddc0d60ed71e54075fb90a275c976c3493d3434da0a5,scripts/31_semisynthetic.py,.venv/Scripts/python scripts/31_semisynthetic.py --fit --config mixed_d1_rf1.0 --seed S --threads=3,3dfe2bc68aa49279b271a02a1f2404d134495556,runs/peerreview_20261003/semisynthetic/mixed_d1_rf1.0/mixed_d1_rf1.0_s2.pt
semisynthetic.zip,semisynthetic/mixed_d1_rf1.0/mixed_d1_rf1.0_s2_done.json,1905,bead672df57fdd977a26fcb802e352d7e6afccf22edbebf73a4ff6767a903d4a,scripts/31_semisynthetic.py,.venv/Scripts/python scripts/31_semisynthetic.py --fit --config mixed_d1_rf1.0 --seed S --threads=3,3dfe2bc68aa49279b271a02a1f2404d134495556,runs/peerreview_20261003/semisynthetic/mixed_d1_rf1.0/mixed_d1_rf1.0_s2_done.json
semisynthetic.zip,semisynthetic/mixed_d1_rf1.0/mixed_d1_rf1.0_s2_history.csv,4234,b09fb5f1b6c51baaa6f503129bf88ee6c385ce35c105c494192970ca0eec3908,scripts/31_semisynthetic.py,.venv/Scripts/python scripts/31_semisynthetic.py --fit --config mixed_d1_rf1.0 --seed S --threads=3,3dfe2bc68aa49279b271a02a1f2404d134495556,runs/peerreview_20261003/semisynthetic/mixed_d1_rf1.0/mixed_d1_rf1.0_s2_history.csv
semisynthetic.zip,semisynthetic/mixed_d1_rf1.0/mixed_d1_rf1.0_s2_ig_completeness.csv,861,0d728e880ebffa46388339af99c2eb541785289531be8289f9c59d21f313c9e1,scripts/31_semisynthetic.py,.venv/Scripts/python scripts/31_semisynthetic.py --fit --config mixed_d1_rf1.0 --seed S --threads=3,3dfe2bc68aa49279b271a02a1f2404d134495556,runs/peerreview_20261003/semisynthetic/mixed_d1_rf1.0/mixed_d1_rf1.0_s2_ig_completeness.csv
semisynthetic.zip,semisynthetic/mixed_d1_rf1.0/mixed_d1_rf1.0_s2_ig_summary.csv.gz,178976,ed7ed66621dd33db8e162f24751becd92b967c050241e1050e8f204fc592d56b,scripts/31_semisynthetic.py,.venv/Scripts/python scripts/31_semisynthetic.py --fit --config mixed_d1_rf1.0 --seed S --threads=3,3dfe2bc68aa49279b271a02a1f2404d134495556,runs/peerreview_20261003/semisynthetic/mixed_d1_rf1.0/mixed_d1_rf1.0_s2_ig_summary.csv.gz
semisynthetic.zip,semisynthetic/mixed_d1_rf1.0/mixed_d1_rf1.0_s2_latent_usage_per_dimension.csv,1466,ae0dcdb9826b93a9046f7e2df6b41365107f8057be119d286aeb1bed5427e24c,scripts/31_semisynthetic.py,.venv/Scripts/python scripts/31_semisynthetic.py --fit --config mixed_d1_rf1.0 --seed S --threads=3,3dfe2bc68aa49279b271a02a1f2404d134495556,runs/peerreview_20261003/semisynthetic/mixed_d1_rf1.0/mixed_d1_rf1.0_s2_latent_usage_per_dimension.csv
semisynthetic.zip,semisynthetic/mixed_d1_rf1.0/mixed_d1_rf1.0_s2_latents.npz,2994489,125c7a63f386d7d3cf31368a6602151c172b04ce8530acdf93d7dfd6b43a58a4,scripts/31_semisynthetic.py,.venv/Scripts/python scripts/31_semisynthetic.py --fit --config mixed_d1_rf1.0 --seed S --threads=3,3dfe2bc68aa49279b271a02a1f2404d134495556,runs/peerreview_20261003/semisynthetic/mixed_d1_rf1.0/mixed_d1_rf1.0_s2_latents.npz
semisynthetic.zip,semisynthetic/mixed_d1_rf1.0/mixed_d1_rf1.0_s2_metrics.json,1905,bead672df57fdd977a26fcb802e352d7e6afccf22edbebf73a4ff6767a903d4a,scripts/31_semisynthetic.py,.venv/Scripts/python scripts/31_semisynthetic.py --fit --config mixed_d1_rf1.0 --seed S --threads=3,3dfe2bc68aa49279b271a02a1f2404d134495556,runs/peerreview_20261003/semisynthetic/mixed_d1_rf1.0/mixed_d1_rf1.0_s2_metrics.json
semisynthetic.zip,semisynthetic/mixed_d2_rf0.3/mixed_d2_rf0.3_s0.pt,4265947,06d2da24f154d2f232565e9c55074b5c5340db584281b1cd96421715aff05d6f,scripts/31_semisynthetic.py,.venv/Scripts/python scripts/31_semisynthetic.py --fit --config mixed_d2_rf0.3 --seed S --threads=3,3dfe2bc68aa49279b271a02a1f2404d134495556,runs/peerreview_20261003/semisynthetic/mixed_d2_rf0.3/mixed_d2_rf0.3_s0.pt
semisynthetic.zip,semisynthetic/mixed_d2_rf0.3/mixed_d2_rf0.3_s0_done.json,1908,ee9d47b9006512d54979f797708e3b5735c6757882569798e8bcb0c1c9597223,scripts/31_semisynthetic.py,.venv/Scripts/python scripts/31_semisynthetic.py --fit --config mixed_d2_rf0.3 --seed S --threads=3,3dfe2bc68aa49279b271a02a1f2404d134495556,runs/peerreview_20261003/semisynthetic/mixed_d2_rf0.3/mixed_d2_rf0.3_s0_done.json
semisynthetic.zip,semisynthetic/mixed_d2_rf0.3/mixed_d2_rf0.3_s0_history.csv,4241,5d5e296ed27784b2902e66665b6e12cc7624b7266fcb407eaa031f3ff9f1f413,scripts/31_semisynthetic.py,.venv/Scripts/python scripts/31_semisynthetic.py --fit --config mixed_d2_rf0.3 --seed S --threads=3,3dfe2bc68aa49279b271a02a1f2404d134495556,runs/peerreview_20261003/semisynthetic/mixed_d2_rf0.3/mixed_d2_rf0.3_s0_history.csv
semisynthetic.zip,semisynthetic/mixed_d2_rf0.3/mixed_d2_rf0.3_s0_ig_completeness.csv,858,4c3e2f187164afe05b5af69d545bb1aab1e2e60d6e8da1562062fbf31c0c0447,scripts/31_semisynthetic.py,.venv/Scripts/python scripts/31_semisynthetic.py --fit --config mixed_d2_rf0.3 --seed S --threads=3,3dfe2bc68aa49279b271a02a1f2404d134495556,runs/peerreview_20261003/semisynthetic/mixed_d2_rf0.3/mixed_d2_rf0.3_s0_ig_completeness.csv
semisynthetic.zip,semisynthetic/mixed_d2_rf0.3/mixed_d2_rf0.3_s0_ig_summary.csv.gz,178308,2001a297ddb2ea8a30098cd8357be99cc735a29665ac565239078c99df5fb1da,scripts/31_semisynthetic.py,.venv/Scripts/python scripts/31_semisynthetic.py --fit --config mixed_d2_rf0.3 --seed S --threads=3,3dfe2bc68aa49279b271a02a1f2404d134495556,runs/peerreview_20261003/semisynthetic/mixed_d2_rf0.3/mixed_d2_rf0.3_s0_ig_summary.csv.gz
semisynthetic.zip,semisynthetic/mixed_d2_rf0.3/mixed_d2_rf0.3_s0_latent_usage_per_dimension.csv,1470,426a19bff7ecf819df9e21748acc2a53e08e2585172d2945a25a61e7e9b23a41,scripts/31_semisynthetic.py,.venv/Scripts/python scripts/31_semisynthetic.py --fit --config mixed_d2_rf0.3 --seed S --threads=3,3dfe2bc68aa49279b271a02a1f2404d134495556,runs/peerreview_20261003/semisynthetic/mixed_d2_rf0.3/mixed_d2_rf0.3_s0_latent_usage_per_dimension.csv
semisynthetic.zip,semisynthetic/mixed_d2_rf0.3/mixed_d2_rf0.3_s0_latents.npz,3001236,ad53eb0a8c1e73320b450db4be2fb84dd1a55e1c69dc75ecb6e3eae75b5e8b6a,scripts/31_semisynthetic.py,.venv/Scripts/python scripts/31_semisynthetic.py --fit --config mixed_d2_rf0.3 --seed S --threads=3,3dfe2bc68aa49279b271a02a1f2404d134495556,runs/peerreview_20261003/semisynthetic/mixed_d2_rf0.3/mixed_d2_rf0.3_s0_latents.npz
semisynthetic.zip,semisynthetic/mixed_d2_rf0.3/mixed_d2_rf0.3_s0_metrics.json,1908,ee9d47b9006512d54979f797708e3b5735c6757882569798e8bcb0c1c9597223,scripts/31_semisynthetic.py,.venv/Scripts/python scripts/31_semisynthetic.py --fit --config mixed_d2_rf0.3 --seed S --threads=3,3dfe2bc68aa49279b271a02a1f2404d134495556,runs/peerreview_20261003/semisynthetic/mixed_d2_rf0.3/mixed_d2_rf0.3_s0_metrics.json
semisynthetic.zip,semisynthetic/mixed_d2_rf0.3/mixed_d2_rf0.3_s1.pt,4265947,96833ff01f5f7979135e5a1c1b0a33d5661dfab7d65d58eca5bd6df0893d7fd7,scripts/31_semisynthetic.py,.venv/Scripts/python scripts/31_semisynthetic.py --fit --config mixed_d2_rf0.3 --seed S --threads=3,3dfe2bc68aa49279b271a02a1f2404d134495556,runs/peerreview_20261003/semisynthetic/mixed_d2_rf0.3/mixed_d2_rf0.3_s1.pt
semisynthetic.zip,semisynthetic/mixed_d2_rf0.3/mixed_d2_rf0.3_s1_done.json,1911,67a4ece3613848021be78e8f1dfbfe660ecb576355fe1d4960d0b9d9e04ec2f9,scripts/31_semisynthetic.py,.venv/Scripts/python scripts/31_semisynthetic.py --fit --config mixed_d2_rf0.3 --seed S --threads=3,3dfe2bc68aa49279b271a02a1f2404d134495556,runs/peerreview_20261003/semisynthetic/mixed_d2_rf0.3/mixed_d2_rf0.3_s1_done.json
semisynthetic.zip,semisynthetic/mixed_d2_rf0.3/mixed_d2_rf0.3_s1_history.csv,4227,79c490b47ae3da9ef396c5994f7b20d3e880c947c4e8c22906ea852a6ad48ff5,scripts/31_semisynthetic.py,.venv/Scripts/python scripts/31_semisynthetic.py --fit --config mixed_d2_rf0.3 --seed S --threads=3,3dfe2bc68aa49279b271a02a1f2404d134495556,runs/peerreview_20261003/semisynthetic/mixed_d2_rf0.3/mixed_d2_rf0.3_s1_history.csv
semisynthetic.zip,semisynthetic/mixed_d2_rf0.3/mixed_d2_rf0.3_s1_ig_completeness.csv,859,9e7c86ec324c1ecd4164000e43abde143cee522801945980ec54dbb6237412ad,scripts/31_semisynthetic.py,.venv/Scripts/python scripts/31_semisynthetic.py --fit --config mixed_d2_rf0.3 --seed S --threads=3,3dfe2bc68aa49279b271a02a1f2404d134495556,runs/peerreview_20261003/semisynthetic/mixed_d2_rf0.3/mixed_d2_rf0.3_s1_ig_completeness.csv
semisynthetic.zip,semisynthetic/mixed_d2_rf0.3/mixed_d2_rf0.3_s1_ig_summary.csv.gz,177723,edd145bf42c6cf66a69bf9133cfbdb9b5e769922ca40f276a09d4b3866a2ab6a,scripts/31_semisynthetic.py,.venv/Scripts/python scripts/31_semisynthetic.py --fit --config mixed_d2_rf0.3 --seed S --threads=3,3dfe2bc68aa49279b271a02a1f2404d134495556,runs/peerreview_20261003/semisynthetic/mixed_d2_rf0.3/mixed_d2_rf0.3_s1_ig_summary.csv.gz
semisynthetic.zip,semisynthetic/mixed_d2_rf0.3/mixed_d2_rf0.3_s1_latent_usage_per_dimension.csv,1461,53917681c79c9b6e630d4aad1d93089066186732f0e80309a654ff606b5e5057,scripts/31_semisynthetic.py,.venv/Scripts/python scripts/31_semisynthetic.py --fit --config mixed_d2_rf0.3 --seed S --threads=3,3dfe2bc68aa49279b271a02a1f2404d134495556,runs/peerreview_20261003/semisynthetic/mixed_d2_rf0.3/mixed_d2_rf0.3_s1_latent_usage_per_dimension.csv
semisynthetic.zip,semisynthetic/mixed_d2_rf0.3/mixed_d2_rf0.3_s1_latents.npz,2999189,51c92e754c9c0c1e592a09be30c63bd7580ce2856279284204105bebef6a2126,scripts/31_semisynthetic.py,.venv/Scripts/python scripts/31_semisynthetic.py --fit --config mixed_d2_rf0.3 --seed S --threads=3,3dfe2bc68aa49279b271a02a1f2404d134495556,runs/peerreview_20261003/semisynthetic/mixed_d2_rf0.3/mixed_d2_rf0.3_s1_latents.npz
semisynthetic.zip,semisynthetic/mixed_d2_rf0.3/mixed_d2_rf0.3_s1_metrics.json,1911,67a4ece3613848021be78e8f1dfbfe660ecb576355fe1d4960d0b9d9e04ec2f9,scripts/31_semisynthetic.py,.venv/Scripts/python scripts/31_semisynthetic.py --fit --config mixed_d2_rf0.3 --seed S --threads=3,3dfe2bc68aa49279b271a02a1f2404d134495556,runs/peerreview_20261003/semisynthetic/mixed_d2_rf0.3/mixed_d2_rf0.3_s1_metrics.json
semisynthetic.zip,semisynthetic/mixed_d2_rf0.3/mixed_d2_rf0.3_s2.pt,4265947,73e748e5d9face9ef7ac76847bc549a4bc568574d45a27a776c1c43690632d16,scripts/31_semisynthetic.py,.venv/Scripts/python scripts/31_semisynthetic.py --fit --config mixed_d2_rf0.3 --seed S --threads=3,3dfe2bc68aa49279b271a02a1f2404d134495556,runs/peerreview_20261003/semisynthetic/mixed_d2_rf0.3/mixed_d2_rf0.3_s2.pt
semisynthetic.zip,semisynthetic/mixed_d2_rf0.3/mixed_d2_rf0.3_s2_done.json,1907,304a484a90b63db5d34b9c0ed5477a85b5415ae06bf8a1929124a9c7bc2eabe0,scripts/31_semisynthetic.py,.venv/Scripts/python scripts/31_semisynthetic.py --fit --config mixed_d2_rf0.3 --seed S --threads=3,3dfe2bc68aa49279b271a02a1f2404d134495556,runs/peerreview_20261003/semisynthetic/mixed_d2_rf0.3/mixed_d2_rf0.3_s2_done.json
semisynthetic.zip,semisynthetic/mixed_d2_rf0.3/mixed_d2_rf0.3_s2_history.csv,4234,157207f0ad9581016a2b98da180995f3187315ae550ea414e34a4852877ea857,scripts/31_semisynthetic.py,.venv/Scripts/python scripts/31_semisynthetic.py --fit --config mixed_d2_rf0.3 --seed S --threads=3,3dfe2bc68aa49279b271a02a1f2404d134495556,runs/peerreview_20261003/semisynthetic/mixed_d2_rf0.3/mixed_d2_rf0.3_s2_history.csv
semisynthetic.zip,semisynthetic/mixed_d2_rf0.3/mixed_d2_rf0.3_s2_ig_completeness.csv,863,feb1e2a12f807d06cda1450cb4323df947b6a2567a1882b7270d948b5f70c046,scripts/31_semisynthetic.py,.venv/Scripts/python scripts/31_semisynthetic.py --fit --config mixed_d2_rf0.3 --seed S --threads=3,3dfe2bc68aa49279b271a02a1f2404d134495556,runs/peerreview_20261003/semisynthetic/mixed_d2_rf0.3/mixed_d2_rf0.3_s2_ig_completeness.csv
semisynthetic.zip,semisynthetic/mixed_d2_rf0.3/mixed_d2_rf0.3_s2_ig_summary.csv.gz,181757,77b3e2607176154e3974a7c3a594b60ded627ffa3852a9e812b13c9512999286,scripts/31_semisynthetic.py,.venv/Scripts/python scripts/31_semisynthetic.py --fit --config mixed_d2_rf0.3 --seed S --threads=3,3dfe2bc68aa49279b271a02a1f2404d134495556,runs/peerreview_20261003/semisynthetic/mixed_d2_rf0.3/mixed_d2_rf0.3_s2_ig_summary.csv.gz
semisynthetic.zip,semisynthetic/mixed_d2_rf0.3/mixed_d2_rf0.3_s2_latent_usage_per_dimension.csv,1468,77b4ea8c490b94478664fe57458171876f163645c859dd929c02d9ac8a6c450b,scripts/31_semisynthetic.py,.venv/Scripts/python scripts/31_semisynthetic.py --fit --config mixed_d2_rf0.3 --seed S --threads=3,3dfe2bc68aa49279b271a02a1f2404d134495556,runs/peerreview_20261003/semisynthetic/mixed_d2_rf0.3/mixed_d2_rf0.3_s2_latent_usage_per_dimension.csv
semisynthetic.zip,semisynthetic/mixed_d2_rf0.3/mixed_d2_rf0.3_s2_latents.npz,3002769,2241d50e158f9756bd2fc3dd3a6431d5b30372bd4f28dd5936918d9863db533a,scripts/31_semisynthetic.py,.venv/Scripts/python scripts/31_semisynthetic.py --fit --config mixed_d2_rf0.3 --seed S --threads=3,3dfe2bc68aa49279b271a02a1f2404d134495556,runs/peerreview_20261003/semisynthetic/mixed_d2_rf0.3/mixed_d2_rf0.3_s2_latents.npz
semisynthetic.zip,semisynthetic/mixed_d2_rf0.3/mixed_d2_rf0.3_s2_metrics.json,1907,304a484a90b63db5d34b9c0ed5477a85b5415ae06bf8a1929124a9c7bc2eabe0,scripts/31_semisynthetic.py,.venv/Scripts/python scripts/31_semisynthetic.py --fit --config mixed_d2_rf0.3 --seed S --threads=3,3dfe2bc68aa49279b271a02a1f2404d134495556,runs/peerreview_20261003/semisynthetic/mixed_d2_rf0.3/mixed_d2_rf0.3_s2_metrics.json
semisynthetic.zip,semisynthetic/mixed_d2_rf1.0/mixed_d2_rf1.0_s0.pt,4265947,c70a05f07f0f5fb8d35426cca5fe2f3963afb38a9c4f51cdfdd877c8b7d45583,scripts/31_semisynthetic.py,.venv/Scripts/python scripts/31_semisynthetic.py --fit --config mixed_d2_rf1.0 --seed S --threads=3,3dfe2bc68aa49279b271a02a1f2404d134495556,runs/peerreview_20261003/semisynthetic/mixed_d2_rf1.0/mixed_d2_rf1.0_s0.pt
semisynthetic.zip,semisynthetic/mixed_d2_rf1.0/mixed_d2_rf1.0_s0_done.json,1910,d83442c7fbde44c5203c2042d246ad09bf883f5ddf665e9921d4c739c3dcf6fe,scripts/31_semisynthetic.py,.venv/Scripts/python scripts/31_semisynthetic.py --fit --config mixed_d2_rf1.0 --seed S --threads=3,3dfe2bc68aa49279b271a02a1f2404d134495556,runs/peerreview_20261003/semisynthetic/mixed_d2_rf1.0/mixed_d2_rf1.0_s0_done.json
semisynthetic.zip,semisynthetic/mixed_d2_rf1.0/mixed_d2_rf1.0_s0_history.csv,4230,0a9dbd42f3335aad8feb86790873894c30a99f29ab2001c88970b32675aae93c,scripts/31_semisynthetic.py,.venv/Scripts/python scripts/31_semisynthetic.py --fit --config mixed_d2_rf1.0 --seed S --threads=3,3dfe2bc68aa49279b271a02a1f2404d134495556,runs/peerreview_20261003/semisynthetic/mixed_d2_rf1.0/mixed_d2_rf1.0_s0_history.csv
semisynthetic.zip,semisynthetic/mixed_d2_rf1.0/mixed_d2_rf1.0_s0_ig_completeness.csv,860,88d1fc43295794146686f9ca5a421327410d9cd45df6dfcde941d533c2eb0148,scripts/31_semisynthetic.py,.venv/Scripts/python scripts/31_semisynthetic.py --fit --config mixed_d2_rf1.0 --seed S --threads=3,3dfe2bc68aa49279b271a02a1f2404d134495556,runs/peerreview_20261003/semisynthetic/mixed_d2_rf1.0/mixed_d2_rf1.0_s0_ig_completeness.csv
semisynthetic.zip,semisynthetic/mixed_d2_rf1.0/mixed_d2_rf1.0_s0_ig_summary.csv.gz,172199,a0cda9ad7ed6a0250974098e14e7e9fbfcc608d35330e8fd998f9ef5bd62884b,scripts/31_semisynthetic.py,.venv/Scripts/python scripts/31_semisynthetic.py --fit --config mixed_d2_rf1.0 --seed S --threads=3,3dfe2bc68aa49279b271a02a1f2404d134495556,runs/peerreview_20261003/semisynthetic/mixed_d2_rf1.0/mixed_d2_rf1.0_s0_ig_summary.csv.gz
semisynthetic.zip,semisynthetic/mixed_d2_rf1.0/mixed_d2_rf1.0_s0_latent_usage_per_dimension.csv,1471,b2ce6c0b91d6420e942db89ef91328e5afa4c7a98466b7d4645231f756543734,scripts/31_semisynthetic.py,.venv/Scripts/python scripts/31_semisynthetic.py --fit --config mixed_d2_rf1.0 --seed S --threads=3,3dfe2bc68aa49279b271a02a1f2404d134495556,runs/peerreview_20261003/semisynthetic/mixed_d2_rf1.0/mixed_d2_rf1.0_s0_latent_usage_per_dimension.csv
semisynthetic.zip,semisynthetic/mixed_d2_rf1.0/mixed_d2_rf1.0_s0_latents.npz,3015414,22b9e9f1074605431ed02a230498837f4791653013b5c12db2d0541470e07f31,scripts/31_semisynthetic.py,.venv/Scripts/python scripts/31_semisynthetic.py --fit --config mixed_d2_rf1.0 --seed S --threads=3,3dfe2bc68aa49279b271a02a1f2404d134495556,runs/peerreview_20261003/semisynthetic/mixed_d2_rf1.0/mixed_d2_rf1.0_s0_latents.npz
semisynthetic.zip,semisynthetic/mixed_d2_rf1.0/mixed_d2_rf1.0_s0_metrics.json,1910,d83442c7fbde44c5203c2042d246ad09bf883f5ddf665e9921d4c739c3dcf6fe,scripts/31_semisynthetic.py,.venv/Scripts/python scripts/31_semisynthetic.py --fit --config mixed_d2_rf1.0 --seed S --threads=3,3dfe2bc68aa49279b271a02a1f2404d134495556,runs/peerreview_20261003/semisynthetic/mixed_d2_rf1.0/mixed_d2_rf1.0_s0_metrics.json
semisynthetic.zip,semisynthetic/mixed_d2_rf1.0/mixed_d2_rf1.0_s1.pt,4265947,a5551076a94f6e8f27b04ff4423d3acf71a4cf13dba0ce158b886ef0796521b5,scripts/31_semisynthetic.py,.venv/Scripts/python scripts/31_semisynthetic.py --fit --config mixed_d2_rf1.0 --seed S --threads=3,3dfe2bc68aa49279b271a02a1f2404d134495556,runs/peerreview_20261003/semisynthetic/mixed_d2_rf1.0/mixed_d2_rf1.0_s1.pt
semisynthetic.zip,semisynthetic/mixed_d2_rf1.0/mixed_d2_rf1.0_s1_done.json,1903,49649e5bd76da70dcb19701e27af971cd78ef03434adbfd84536abc95c59bc84,scripts/31_semisynthetic.py,.venv/Scripts/python scripts/31_semisynthetic.py --fit --config mixed_d2_rf1.0 --seed S --threads=3,3dfe2bc68aa49279b271a02a1f2404d134495556,runs/peerreview_20261003/semisynthetic/mixed_d2_rf1.0/mixed_d2_rf1.0_s1_done.json
semisynthetic.zip,semisynthetic/mixed_d2_rf1.0/mixed_d2_rf1.0_s1_history.csv,4221,0ee5bdca2fcf59dfff2d5244e1efa2f30174aede655ddd3084d4dc07ba558176,scripts/31_semisynthetic.py,.venv/Scripts/python scripts/31_semisynthetic.py --fit --config mixed_d2_rf1.0 --seed S --threads=3,3dfe2bc68aa49279b271a02a1f2404d134495556,runs/peerreview_20261003/semisynthetic/mixed_d2_rf1.0/mixed_d2_rf1.0_s1_history.csv
semisynthetic.zip,semisynthetic/mixed_d2_rf1.0/mixed_d2_rf1.0_s1_ig_completeness.csv,852,44b1ada9e3c5e5e5fdb3d662591aa4881b7f8e90711298b4bed8f372a50aef7d,scripts/31_semisynthetic.py,.venv/Scripts/python scripts/31_semisynthetic.py --fit --config mixed_d2_rf1.0 --seed S --threads=3,3dfe2bc68aa49279b271a02a1f2404d134495556,runs/peerreview_20261003/semisynthetic/mixed_d2_rf1.0/mixed_d2_rf1.0_s1_ig_completeness.csv
semisynthetic.zip,semisynthetic/mixed_d2_rf1.0/mixed_d2_rf1.0_s1_ig_summary.csv.gz,165953,69fcefddf3bf3cc45761f7cb695c191d3fc0202fd63b58bcfdb93fd3656c99d3,scripts/31_semisynthetic.py,.venv/Scripts/python scripts/31_semisynthetic.py --fit --config mixed_d2_rf1.0 --seed S --threads=3,3dfe2bc68aa49279b271a02a1f2404d134495556,runs/peerreview_20261003/semisynthetic/mixed_d2_rf1.0/mixed_d2_rf1.0_s1_ig_summary.csv.gz
semisynthetic.zip,semisynthetic/mixed_d2_rf1.0/mixed_d2_rf1.0_s1_latent_usage_per_dimension.csv,1460,ab921d10a93521146f6cd658db9366dc7d489dba5f2e8c299058fa048cf35e36,scripts/31_semisynthetic.py,.venv/Scripts/python scripts/31_semisynthetic.py --fit --config mixed_d2_rf1.0 --seed S --threads=3,3dfe2bc68aa49279b271a02a1f2404d134495556,runs/peerreview_20261003/semisynthetic/mixed_d2_rf1.0/mixed_d2_rf1.0_s1_latent_usage_per_dimension.csv
semisynthetic.zip,semisynthetic/mixed_d2_rf1.0/mixed_d2_rf1.0_s1_latents.npz,3010011,387942767bc195073b0023dab1fd4192bcd082ae7cdc4e2fb5cd9414460a3c88,scripts/31_semisynthetic.py,.venv/Scripts/python scripts/31_semisynthetic.py --fit --config mixed_d2_rf1.0 --seed S --threads=3,3dfe2bc68aa49279b271a02a1f2404d134495556,runs/peerreview_20261003/semisynthetic/mixed_d2_rf1.0/mixed_d2_rf1.0_s1_latents.npz
semisynthetic.zip,semisynthetic/mixed_d2_rf1.0/mixed_d2_rf1.0_s1_metrics.json,1903,49649e5bd76da70dcb19701e27af971cd78ef03434adbfd84536abc95c59bc84,scripts/31_semisynthetic.py,.venv/Scripts/python scripts/31_semisynthetic.py --fit --config mixed_d2_rf1.0 --seed S --threads=3,3dfe2bc68aa49279b271a02a1f2404d134495556,runs/peerreview_20261003/semisynthetic/mixed_d2_rf1.0/mixed_d2_rf1.0_s1_metrics.json
semisynthetic.zip,semisynthetic/mixed_d2_rf1.0/mixed_d2_rf1.0_s2.pt,4265947,26a82af64f7ff784e8515afb5488eabaea8af45a3fd853d64a818431e7b172ec,scripts/31_semisynthetic.py,.venv/Scripts/python scripts/31_semisynthetic.py --fit --config mixed_d2_rf1.0 --seed S --threads=3,3dfe2bc68aa49279b271a02a1f2404d134495556,runs/peerreview_20261003/semisynthetic/mixed_d2_rf1.0/mixed_d2_rf1.0_s2.pt
semisynthetic.zip,semisynthetic/mixed_d2_rf1.0/mixed_d2_rf1.0_s2_done.json,1907,7a32c84127880cdd1e41d831402a2610633c20a937e06aad5ecc0fef9ffe039c,scripts/31_semisynthetic.py,.venv/Scripts/python scripts/31_semisynthetic.py --fit --config mixed_d2_rf1.0 --seed S --threads=3,3dfe2bc68aa49279b271a02a1f2404d134495556,runs/peerreview_20261003/semisynthetic/mixed_d2_rf1.0/mixed_d2_rf1.0_s2_done.json
semisynthetic.zip,semisynthetic/mixed_d2_rf1.0/mixed_d2_rf1.0_s2_history.csv,4224,b8fed99f6406f3b61a0676ea6e6ed24cac5c903d3efee5d3702a8ab754b998f7,scripts/31_semisynthetic.py,.venv/Scripts/python scripts/31_semisynthetic.py --fit --config mixed_d2_rf1.0 --seed S --threads=3,3dfe2bc68aa49279b271a02a1f2404d134495556,runs/peerreview_20261003/semisynthetic/mixed_d2_rf1.0/mixed_d2_rf1.0_s2_history.csv
semisynthetic.zip,semisynthetic/mixed_d2_rf1.0/mixed_d2_rf1.0_s2_ig_completeness.csv,861,de4b897f241873f9834f2e8f0f0f54d3fadecfb8d3b73e304a92526deeded6c2,scripts/31_semisynthetic.py,.venv/Scripts/python scripts/31_semisynthetic.py --fit --config mixed_d2_rf1.0 --seed S --threads=3,3dfe2bc68aa49279b271a02a1f2404d134495556,runs/peerreview_20261003/semisynthetic/mixed_d2_rf1.0/mixed_d2_rf1.0_s2_ig_completeness.csv
semisynthetic.zip,semisynthetic/mixed_d2_rf1.0/mixed_d2_rf1.0_s2_ig_summary.csv.gz,177220,f535aee14412e04b54dbd74164f5aadc55480255bc8b5b6f84382a2db6411169,scripts/31_semisynthetic.py,.venv/Scripts/python scripts/31_semisynthetic.py --fit --config mixed_d2_rf1.0 --seed S --threads=3,3dfe2bc68aa49279b271a02a1f2404d134495556,runs/peerreview_20261003/semisynthetic/mixed_d2_rf1.0/mixed_d2_rf1.0_s2_ig_summary.csv.gz
semisynthetic.zip,semisynthetic/mixed_d2_rf1.0/mixed_d2_rf1.0_s2_latent_usage_per_dimension.csv,1466,928501067be7ea5e4eb544b74d34e51723947055369f16facd29b96fb0f3824e,scripts/31_semisynthetic.py,.venv/Scripts/python scripts/31_semisynthetic.py --fit --config mixed_d2_rf1.0 --seed S --threads=3,3dfe2bc68aa49279b271a02a1f2404d134495556,runs/peerreview_20261003/semisynthetic/mixed_d2_rf1.0/mixed_d2_rf1.0_s2_latent_usage_per_dimension.csv
semisynthetic.zip,semisynthetic/mixed_d2_rf1.0/mixed_d2_rf1.0_s2_latents.npz,2996394,fa005d83e8f4cdad572ccf979655860decfdb5e53be0b2b8c068444dee159b0d,scripts/31_semisynthetic.py,.venv/Scripts/python scripts/31_semisynthetic.py --fit --config mixed_d2_rf1.0 --seed S --threads=3,3dfe2bc68aa49279b271a02a1f2404d134495556,runs/peerreview_20261003/semisynthetic/mixed_d2_rf1.0/mixed_d2_rf1.0_s2_latents.npz
semisynthetic.zip,semisynthetic/mixed_d2_rf1.0/mixed_d2_rf1.0_s2_metrics.json,1907,7a32c84127880cdd1e41d831402a2610633c20a937e06aad5ecc0fef9ffe039c,scripts/31_semisynthetic.py,.venv/Scripts/python scripts/31_semisynthetic.py --fit --config mixed_d2_rf1.0 --seed S --threads=3,3dfe2bc68aa49279b271a02a1f2404d134495556,runs/peerreview_20261003/semisynthetic/mixed_d2_rf1.0/mixed_d2_rf1.0_s2_metrics.json
semisynthetic.zip,semisynthetic/null/null_s0.pt,4264869,7e634af426514396785f1d2d806ae5b63e6f090439372de288853902087225d3,scripts/31_semisynthetic.py,.venv/Scripts/python scripts/31_semisynthetic.py --fit --config null --seed S --threads=3,3dfe2bc68aa49279b271a02a1f2404d134495556,runs/peerreview_20261003/semisynthetic/null/null_s0.pt
semisynthetic.zip,semisynthetic/null/null_s0_done.json,1894,6f3f67840ac1f6f4ee8016064791f05ceda230c088eae41d9075a411d656a947,scripts/31_semisynthetic.py,.venv/Scripts/python scripts/31_semisynthetic.py --fit --config null --seed S --threads=3,3dfe2bc68aa49279b271a02a1f2404d134495556,runs/peerreview_20261003/semisynthetic/null/null_s0_done.json
semisynthetic.zip,semisynthetic/null/null_s0_history.csv,4238,5959ef5ce9331d10a0068a1e3dc44757349c62b314132d92ff8159cee0cbb032,scripts/31_semisynthetic.py,.venv/Scripts/python scripts/31_semisynthetic.py --fit --config null --seed S --threads=3,3dfe2bc68aa49279b271a02a1f2404d134495556,runs/peerreview_20261003/semisynthetic/null/null_s0_history.csv
semisynthetic.zip,semisynthetic/null/null_s0_ig_completeness.csv,864,b2fe5ed3f84482da3162267bc1c8024b14fd7d26590f42e2f1533d0ed7f18c99,scripts/31_semisynthetic.py,.venv/Scripts/python scripts/31_semisynthetic.py --fit --config null --seed S --threads=3,3dfe2bc68aa49279b271a02a1f2404d134495556,runs/peerreview_20261003/semisynthetic/null/null_s0_ig_completeness.csv
semisynthetic.zip,semisynthetic/null/null_s0_ig_summary.csv.gz,179015,21e15ea626b7d692ab87f509a255e9d8ab5a8316666c555ac24fa9638f4f7aff,scripts/31_semisynthetic.py,.venv/Scripts/python scripts/31_semisynthetic.py --fit --config null --seed S --threads=3,3dfe2bc68aa49279b271a02a1f2404d134495556,runs/peerreview_20261003/semisynthetic/null/null_s0_ig_summary.csv.gz
semisynthetic.zip,semisynthetic/null/null_s0_latent_usage_per_dimension.csv,1478,ff1be064e0a9cfe3b11ae95e2b3b34bc59d30f4c4d913f3488e70c441da09b28,scripts/31_semisynthetic.py,.venv/Scripts/python scripts/31_semisynthetic.py --fit --config null --seed S --threads=3,3dfe2bc68aa49279b271a02a1f2404d134495556,runs/peerreview_20261003/semisynthetic/null/null_s0_latent_usage_per_dimension.csv
semisynthetic.zip,semisynthetic/null/null_s0_latents.npz,3011558,64f1a8393caafcbce63eb0ded4caef1fdc4c5a7f070c4cfce75d4fb7588bf117,scripts/31_semisynthetic.py,.venv/Scripts/python scripts/31_semisynthetic.py --fit --config null --seed S --threads=3,3dfe2bc68aa49279b271a02a1f2404d134495556,runs/peerreview_20261003/semisynthetic/null/null_s0_latents.npz
semisynthetic.zip,semisynthetic/null/null_s0_metrics.json,1894,6f3f67840ac1f6f4ee8016064791f05ceda230c088eae41d9075a411d656a947,scripts/31_semisynthetic.py,.venv/Scripts/python scripts/31_semisynthetic.py --fit --config null --seed S --threads=3,3dfe2bc68aa49279b271a02a1f2404d134495556,runs/peerreview_20261003/semisynthetic/null/null_s0_metrics.json
semisynthetic.zip,semisynthetic/null/null_s1.pt,4264869,620b82c16a05ed00eff65510d6a4440cca266b91518c7aa4fe5f81c32b9101e9,scripts/31_semisynthetic.py,.venv/Scripts/python scripts/31_semisynthetic.py --fit --config null --seed S --threads=3,3dfe2bc68aa49279b271a02a1f2404d134495556,runs/peerreview_20261003/semisynthetic/null/null_s1.pt
semisynthetic.zip,semisynthetic/null/null_s1_done.json,1885,3ff3eff367b4f4a96d2042d3e88160baccbf09cd0f4956fed9b29a2bd8f28d10,scripts/31_semisynthetic.py,.venv/Scripts/python scripts/31_semisynthetic.py --fit --config null --seed S --threads=3,3dfe2bc68aa49279b271a02a1f2404d134495556,runs/peerreview_20261003/semisynthetic/null/null_s1_done.json
semisynthetic.zip,semisynthetic/null/null_s1_history.csv,4241,fbf16976091ff70a0d917d366baa82a5e2c58692ae5a87baeb6f1d2b974d1907,scripts/31_semisynthetic.py,.venv/Scripts/python scripts/31_semisynthetic.py --fit --config null --seed S --threads=3,3dfe2bc68aa49279b271a02a1f2404d134495556,runs/peerreview_20261003/semisynthetic/null/null_s1_history.csv
semisynthetic.zip,semisynthetic/null/null_s1_ig_completeness.csv,861,b3284a1689c88298f3eaa4a49315f7d9dcff971e788197ddfc05e8bfecac6e6c,scripts/31_semisynthetic.py,.venv/Scripts/python scripts/31_semisynthetic.py --fit --config null --seed S --threads=3,3dfe2bc68aa49279b271a02a1f2404d134495556,runs/peerreview_20261003/semisynthetic/null/null_s1_ig_completeness.csv
semisynthetic.zip,semisynthetic/null/null_s1_ig_summary.csv.gz,178119,0fa15631d7c6c4a35b3ae2e9b47aafe7285c1a2ba05ed67b3cf2ab8365dc636d,scripts/31_semisynthetic.py,.venv/Scripts/python scripts/31_semisynthetic.py --fit --config null --seed S --threads=3,3dfe2bc68aa49279b271a02a1f2404d134495556,runs/peerreview_20261003/semisynthetic/null/null_s1_ig_summary.csv.gz
semisynthetic.zip,semisynthetic/null/null_s1_latent_usage_per_dimension.csv,1463,d00e8472098ee9ff5882acd3602aa6ac793d60369690573db6c857ce4695de65,scripts/31_semisynthetic.py,.venv/Scripts/python scripts/31_semisynthetic.py --fit --config null --seed S --threads=3,3dfe2bc68aa49279b271a02a1f2404d134495556,runs/peerreview_20261003/semisynthetic/null/null_s1_latent_usage_per_dimension.csv
semisynthetic.zip,semisynthetic/null/null_s1_latents.npz,2997995,caf8a668dd6003664196f390702816e54a65667761772042c10e3f4430981727,scripts/31_semisynthetic.py,.venv/Scripts/python scripts/31_semisynthetic.py --fit --config null --seed S --threads=3,3dfe2bc68aa49279b271a02a1f2404d134495556,runs/peerreview_20261003/semisynthetic/null/null_s1_latents.npz
semisynthetic.zip,semisynthetic/null/null_s1_metrics.json,1885,3ff3eff367b4f4a96d2042d3e88160baccbf09cd0f4956fed9b29a2bd8f28d10,scripts/31_semisynthetic.py,.venv/Scripts/python scripts/31_semisynthetic.py --fit --config null --seed S --threads=3,3dfe2bc68aa49279b271a02a1f2404d134495556,runs/peerreview_20261003/semisynthetic/null/null_s1_metrics.json
semisynthetic.zip,semisynthetic/null/null_s2.pt,4264869,6a88d009d5fbe782a29bf39756421ecb0634343f9c0d7b12f5bc2e98a1a3a8c3,scripts/31_semisynthetic.py,.venv/Scripts/python scripts/31_semisynthetic.py --fit --config null --seed S --threads=3,3dfe2bc68aa49279b271a02a1f2404d134495556,runs/peerreview_20261003/semisynthetic/null/null_s2.pt
semisynthetic.zip,semisynthetic/null/null_s2_done.json,1893,492ab87e0db64411e7a5596f9d7bba05a68485f15eff1c3adb71f0a9c535cefe,scripts/31_semisynthetic.py,.venv/Scripts/python scripts/31_semisynthetic.py --fit --config null --seed S --threads=3,3dfe2bc68aa49279b271a02a1f2404d134495556,runs/peerreview_20261003/semisynthetic/null/null_s2_done.json
semisynthetic.zip,semisynthetic/null/null_s2_history.csv,4230,d19cdc52ff5050f51a335a6c7f509eb3c1c0405eec4c6bd109a73920d36da111,scripts/31_semisynthetic.py,.venv/Scripts/python scripts/31_semisynthetic.py --fit --config null --seed S --threads=3,3dfe2bc68aa49279b271a02a1f2404d134495556,runs/peerreview_20261003/semisynthetic/null/null_s2_history.csv
semisynthetic.zip,semisynthetic/null/null_s2_ig_completeness.csv,864,229730e1c22340834b83c2ad6966ecb0f020a3898fc60f299d337f0a2976a357,scripts/31_semisynthetic.py,.venv/Scripts/python scripts/31_semisynthetic.py --fit --config null --seed S --threads=3,3dfe2bc68aa49279b271a02a1f2404d134495556,runs/peerreview_20261003/semisynthetic/null/null_s2_ig_completeness.csv
semisynthetic.zip,semisynthetic/null/null_s2_ig_summary.csv.gz,176755,4300c1390397d27c971e55744d156edb23aaea6f0df7b3284f2dc60ec013265f,scripts/31_semisynthetic.py,.venv/Scripts/python scripts/31_semisynthetic.py --fit --config null --seed S --threads=3,3dfe2bc68aa49279b271a02a1f2404d134495556,runs/peerreview_20261003/semisynthetic/null/null_s2_ig_summary.csv.gz
semisynthetic.zip,semisynthetic/null/null_s2_latent_usage_per_dimension.csv,1478,22b11bad1727d7c62f97db3044e924de2f5414d93f24d817baf1bd7140c0fb2f,scripts/31_semisynthetic.py,.venv/Scripts/python scripts/31_semisynthetic.py --fit --config null --seed S --threads=3,3dfe2bc68aa49279b271a02a1f2404d134495556,runs/peerreview_20261003/semisynthetic/null/null_s2_latent_usage_per_dimension.csv
semisynthetic.zip,semisynthetic/null/null_s2_latents.npz,2985258,3c43fbe4fa85a1e54d82cf7be1568c4dfd2de45f5019f1e4bc30f7c724308ce8,scripts/31_semisynthetic.py,.venv/Scripts/python scripts/31_semisynthetic.py --fit --config null --seed S --threads=3,3dfe2bc68aa49279b271a02a1f2404d134495556,runs/peerreview_20261003/semisynthetic/null/null_s2_latents.npz
semisynthetic.zip,semisynthetic/null/null_s2_metrics.json,1893,492ab87e0db64411e7a5596f9d7bba05a68485f15eff1c3adb71f0a9c535cefe,scripts/31_semisynthetic.py,.venv/Scripts/python scripts/31_semisynthetic.py --fit --config null --seed S --threads=3,3dfe2bc68aa49279b271a02a1f2404d134495556,runs/peerreview_20261003/semisynthetic/null/null_s2_metrics.json
semisynthetic.zip,semisynthetic/perm_null/perm000_done.json,1784,8400ffaf1e8b207ee47eee4504b861c57ec980747b9fb9995a84456a196e3e36,scripts/31_semisynthetic.py,.venv/Scripts/python scripts/31_semisynthetic.py --perm --config null --perm-index K --threads=3,3dfe2bc68aa49279b271a02a1f2404d134495556,runs/peerreview_20261003/semisynthetic/perm_null/perm000_done.json
semisynthetic.zip,semisynthetic/perm_null/perm000_history.csv,4230,1b8cb905b759999a96941f126fa28500f646cf6951067ff1ee59488e12640b29,scripts/31_semisynthetic.py,.venv/Scripts/python scripts/31_semisynthetic.py --perm --config null --perm-index K --threads=3,3dfe2bc68aa49279b271a02a1f2404d134495556,runs/peerreview_20261003/semisynthetic/perm_null/perm000_history.csv
semisynthetic.zip,semisynthetic/perm_null/perm000_latent_usage_per_dimension.csv,1467,155194d8f8a0351181edc484577ce745234c2ad581cdf6bc1eb07e599a97a7a0,scripts/31_semisynthetic.py,.venv/Scripts/python scripts/31_semisynthetic.py --perm --config null --perm-index K --threads=3,3dfe2bc68aa49279b271a02a1f2404d134495556,runs/peerreview_20261003/semisynthetic/perm_null/perm000_latent_usage_per_dimension.csv
semisynthetic.zip,semisynthetic/perm_null/perm000_metrics.json,1784,8400ffaf1e8b207ee47eee4504b861c57ec980747b9fb9995a84456a196e3e36,scripts/31_semisynthetic.py,.venv/Scripts/python scripts/31_semisynthetic.py --perm --config null --perm-index K --threads=3,3dfe2bc68aa49279b271a02a1f2404d134495556,runs/peerreview_20261003/semisynthetic/perm_null/perm000_metrics.json
semisynthetic.zip,semisynthetic/perm_null/perm001_done.json,1784,0d9d1074ea257da1d63ea067b3b2eb69067e38ac3399ab582bf97d2affdf5567,scripts/31_semisynthetic.py,.venv/Scripts/python scripts/31_semisynthetic.py --perm --config null --perm-index K --threads=3,3dfe2bc68aa49279b271a02a1f2404d134495556,runs/peerreview_20261003/semisynthetic/perm_null/perm001_done.json
semisynthetic.zip,semisynthetic/perm_null/perm001_history.csv,4239,565031b49e6edee0971190b249327b9fcb87dee3ac501b3f5bbbdb06511d423f,scripts/31_semisynthetic.py,.venv/Scripts/python scripts/31_semisynthetic.py --perm --config null --perm-index K --threads=3,3dfe2bc68aa49279b271a02a1f2404d134495556,runs/peerreview_20261003/semisynthetic/perm_null/perm001_history.csv
semisynthetic.zip,semisynthetic/perm_null/perm001_latent_usage_per_dimension.csv,1457,6e262a3787755f8fa4b2837553fae5d8d2bb38e17485f8dfca075251cfc78ae0,scripts/31_semisynthetic.py,.venv/Scripts/python scripts/31_semisynthetic.py --perm --config null --perm-index K --threads=3,3dfe2bc68aa49279b271a02a1f2404d134495556,runs/peerreview_20261003/semisynthetic/perm_null/perm001_latent_usage_per_dimension.csv
semisynthetic.zip,semisynthetic/perm_null/perm001_metrics.json,1784,0d9d1074ea257da1d63ea067b3b2eb69067e38ac3399ab582bf97d2affdf5567,scripts/31_semisynthetic.py,.venv/Scripts/python scripts/31_semisynthetic.py --perm --config null --perm-index K --threads=3,3dfe2bc68aa49279b271a02a1f2404d134495556,runs/peerreview_20261003/semisynthetic/perm_null/perm001_metrics.json
semisynthetic.zip,semisynthetic/perm_null/perm002_done.json,1780,3a0468f98148d14659d9fe6bc98c1f114dac8245be70b9f7e6c8e331ac1162d1,scripts/31_semisynthetic.py,.venv/Scripts/python scripts/31_semisynthetic.py --perm --config null --perm-index K --threads=3,3dfe2bc68aa49279b271a02a1f2404d134495556,runs/peerreview_20261003/semisynthetic/perm_null/perm002_done.json
semisynthetic.zip,semisynthetic/perm_null/perm002_history.csv,4240,5598f1ff8a17426186844bb2fd29da4d349da8b465c5069a65fd206cbe238d63,scripts/31_semisynthetic.py,.venv/Scripts/python scripts/31_semisynthetic.py --perm --config null --perm-index K --threads=3,3dfe2bc68aa49279b271a02a1f2404d134495556,runs/peerreview_20261003/semisynthetic/perm_null/perm002_history.csv
semisynthetic.zip,semisynthetic/perm_null/perm002_latent_usage_per_dimension.csv,1473,8e0cf50a06f9aa4af2625e3a30aeea36bfee892c8e0bc3a36162ea73d9fe4ff7,scripts/31_semisynthetic.py,.venv/Scripts/python scripts/31_semisynthetic.py --perm --config null --perm-index K --threads=3,3dfe2bc68aa49279b271a02a1f2404d134495556,runs/peerreview_20261003/semisynthetic/perm_null/perm002_latent_usage_per_dimension.csv
semisynthetic.zip,semisynthetic/perm_null/perm002_metrics.json,1780,3a0468f98148d14659d9fe6bc98c1f114dac8245be70b9f7e6c8e331ac1162d1,scripts/31_semisynthetic.py,.venv/Scripts/python scripts/31_semisynthetic.py --perm --config null --perm-index K --threads=3,3dfe2bc68aa49279b271a02a1f2404d134495556,runs/peerreview_20261003/semisynthetic/perm_null/perm002_metrics.json
semisynthetic.zip,semisynthetic/perm_null/perm003_done.json,1788,6fe83802d482aaa585025f913019318834133d3d1711e0d2964bdd9dbed89729,scripts/31_semisynthetic.py,.venv/Scripts/python scripts/31_semisynthetic.py --perm --config null --perm-index K --threads=3,3dfe2bc68aa49279b271a02a1f2404d134495556,runs/peerreview_20261003/semisynthetic/perm_null/perm003_done.json
semisynthetic.zip,semisynthetic/perm_null/perm003_history.csv,4238,fb30e5e9a6d655705c6c34223ac169c7332f69778562ab1b9347644aae2fafac,scripts/31_semisynthetic.py,.venv/Scripts/python scripts/31_semisynthetic.py --perm --config null --perm-index K --threads=3,3dfe2bc68aa49279b271a02a1f2404d134495556,runs/peerreview_20261003/semisynthetic/perm_null/perm003_history.csv
semisynthetic.zip,semisynthetic/perm_null/perm003_latent_usage_per_dimension.csv,1480,24433ac75e5727491c0602fdc59d8affd21563d81955c8db5e8df90a7a0a665b,scripts/31_semisynthetic.py,.venv/Scripts/python scripts/31_semisynthetic.py --perm --config null --perm-index K --threads=3,3dfe2bc68aa49279b271a02a1f2404d134495556,runs/peerreview_20261003/semisynthetic/perm_null/perm003_latent_usage_per_dimension.csv
semisynthetic.zip,semisynthetic/perm_null/perm003_metrics.json,1788,6fe83802d482aaa585025f913019318834133d3d1711e0d2964bdd9dbed89729,scripts/31_semisynthetic.py,.venv/Scripts/python scripts/31_semisynthetic.py --perm --config null --perm-index K --threads=3,3dfe2bc68aa49279b271a02a1f2404d134495556,runs/peerreview_20261003/semisynthetic/perm_null/perm003_metrics.json
semisynthetic.zip,semisynthetic/perm_null/perm004_done.json,1785,502174e366cc4534482365c3d11dca4bbe204de20e67bb5adfe5aed20f4407a2,scripts/31_semisynthetic.py,.venv/Scripts/python scripts/31_semisynthetic.py --perm --config null --perm-index K --threads=3,3dfe2bc68aa49279b271a02a1f2404d134495556,runs/peerreview_20261003/semisynthetic/perm_null/perm004_done.json
semisynthetic.zip,semisynthetic/perm_null/perm004_history.csv,4234,63f3e42a23a4ece32c5606ed8cd2bbbf85141fd630fe0d7ebfdba2eefe2111b9,scripts/31_semisynthetic.py,.venv/Scripts/python scripts/31_semisynthetic.py --perm --config null --perm-index K --threads=3,3dfe2bc68aa49279b271a02a1f2404d134495556,runs/peerreview_20261003/semisynthetic/perm_null/perm004_history.csv
semisynthetic.zip,semisynthetic/perm_null/perm004_latent_usage_per_dimension.csv,1461,6c1c9c438b1c59a4f24bb5b98104225c77e9dfcae070ee0ff3b07e775168e389,scripts/31_semisynthetic.py,.venv/Scripts/python scripts/31_semisynthetic.py --perm --config null --perm-index K --threads=3,3dfe2bc68aa49279b271a02a1f2404d134495556,runs/peerreview_20261003/semisynthetic/perm_null/perm004_latent_usage_per_dimension.csv
semisynthetic.zip,semisynthetic/perm_null/perm004_metrics.json,1785,502174e366cc4534482365c3d11dca4bbe204de20e67bb5adfe5aed20f4407a2,scripts/31_semisynthetic.py,.venv/Scripts/python scripts/31_semisynthetic.py --perm --config null --perm-index K --threads=3,3dfe2bc68aa49279b271a02a1f2404d134495556,runs/peerreview_20261003/semisynthetic/perm_null/perm004_metrics.json
semisynthetic.zip,semisynthetic/perm_null/perm005_done.json,1788,4a0f1020a8d1ac9c3944435f505fc91ac39b2fba3d63bc15188a57f7a657177e,scripts/31_semisynthetic.py,.venv/Scripts/python scripts/31_semisynthetic.py --perm --config null --perm-index K --threads=3,3dfe2bc68aa49279b271a02a1f2404d134495556,runs/peerreview_20261003/semisynthetic/perm_null/perm005_done.json
semisynthetic.zip,semisynthetic/perm_null/perm005_history.csv,4222,194bc7269ad48f61a59b3ad3f27acd5b8f88add1d57e5d5058ea5873ed88bda4,scripts/31_semisynthetic.py,.venv/Scripts/python scripts/31_semisynthetic.py --perm --config null --perm-index K --threads=3,3dfe2bc68aa49279b271a02a1f2404d134495556,runs/peerreview_20261003/semisynthetic/perm_null/perm005_history.csv
semisynthetic.zip,semisynthetic/perm_null/perm005_latent_usage_per_dimension.csv,1475,21b5d5b456ff478417c2c8c3c8abc23defcdfd26bdf3f8a6e87d07d10d8b7f3c,scripts/31_semisynthetic.py,.venv/Scripts/python scripts/31_semisynthetic.py --perm --config null --perm-index K --threads=3,3dfe2bc68aa49279b271a02a1f2404d134495556,runs/peerreview_20261003/semisynthetic/perm_null/perm005_latent_usage_per_dimension.csv
semisynthetic.zip,semisynthetic/perm_null/perm005_metrics.json,1788,4a0f1020a8d1ac9c3944435f505fc91ac39b2fba3d63bc15188a57f7a657177e,scripts/31_semisynthetic.py,.venv/Scripts/python scripts/31_semisynthetic.py --perm --config null --perm-index K --threads=3,3dfe2bc68aa49279b271a02a1f2404d134495556,runs/peerreview_20261003/semisynthetic/perm_null/perm005_metrics.json
semisynthetic.zip,semisynthetic/perm_null/perm006_done.json,1775,67bb77abc2325d12d6d2fb9fea7b3139f041a951788f2d6b5aee58c28f5599d7,scripts/31_semisynthetic.py,.venv/Scripts/python scripts/31_semisynthetic.py --perm --config null --perm-index K --threads=3,3dfe2bc68aa49279b271a02a1f2404d134495556,runs/peerreview_20261003/semisynthetic/perm_null/perm006_done.json
semisynthetic.zip,semisynthetic/perm_null/perm006_history.csv,4224,571df5fb25b059353d769f0797d9586617d6371a0a82fc395f6613360aa76871,scripts/31_semisynthetic.py,.venv/Scripts/python scripts/31_semisynthetic.py --perm --config null --perm-index K --threads=3,3dfe2bc68aa49279b271a02a1f2404d134495556,runs/peerreview_20261003/semisynthetic/perm_null/perm006_history.csv
semisynthetic.zip,semisynthetic/perm_null/perm006_latent_usage_per_dimension.csv,1464,5df56eb39a515bfdc911dab10877b5cd088b8a4a92d0c7255b93fcc8e0362194,scripts/31_semisynthetic.py,.venv/Scripts/python scripts/31_semisynthetic.py --perm --config null --perm-index K --threads=3,3dfe2bc68aa49279b271a02a1f2404d134495556,runs/peerreview_20261003/semisynthetic/perm_null/perm006_latent_usage_per_dimension.csv
semisynthetic.zip,semisynthetic/perm_null/perm006_metrics.json,1775,67bb77abc2325d12d6d2fb9fea7b3139f041a951788f2d6b5aee58c28f5599d7,scripts/31_semisynthetic.py,.venv/Scripts/python scripts/31_semisynthetic.py --perm --config null --perm-index K --threads=3,3dfe2bc68aa49279b271a02a1f2404d134495556,runs/peerreview_20261003/semisynthetic/perm_null/perm006_metrics.json
semisynthetic.zip,semisynthetic/perm_null/perm007_done.json,1786,7da85f3d481b1c51990019e0ba5f6d2b4edc2236ee504a6e1e5e6faa695bb3fa,scripts/31_semisynthetic.py,.venv/Scripts/python scripts/31_semisynthetic.py --perm --config null --perm-index K --threads=3,3dfe2bc68aa49279b271a02a1f2404d134495556,runs/peerreview_20261003/semisynthetic/perm_null/perm007_done.json
semisynthetic.zip,semisynthetic/perm_null/perm007_history.csv,4216,b8b91b4f1f3ba684019559e9e4369216104eb94d3dd9549f91f486e005ee9f53,scripts/31_semisynthetic.py,.venv/Scripts/python scripts/31_semisynthetic.py --perm --config null --perm-index K --threads=3,3dfe2bc68aa49279b271a02a1f2404d134495556,runs/peerreview_20261003/semisynthetic/perm_null/perm007_history.csv
semisynthetic.zip,semisynthetic/perm_null/perm007_latent_usage_per_dimension.csv,1475,757215e58ecf2bfa8b94f0ff10631bb8b270e539b78f78555e41cd6b892fdab5,scripts/31_semisynthetic.py,.venv/Scripts/python scripts/31_semisynthetic.py --perm --config null --perm-index K --threads=3,3dfe2bc68aa49279b271a02a1f2404d134495556,runs/peerreview_20261003/semisynthetic/perm_null/perm007_latent_usage_per_dimension.csv
semisynthetic.zip,semisynthetic/perm_null/perm007_metrics.json,1786,7da85f3d481b1c51990019e0ba5f6d2b4edc2236ee504a6e1e5e6faa695bb3fa,scripts/31_semisynthetic.py,.venv/Scripts/python scripts/31_semisynthetic.py --perm --config null --perm-index K --threads=3,3dfe2bc68aa49279b271a02a1f2404d134495556,runs/peerreview_20261003/semisynthetic/perm_null/perm007_metrics.json
semisynthetic.zip,semisynthetic/perm_null/perm008_done.json,1775,35f743161010b2dc1cce81deab7b716ec5b514b68028835acb0a0536b4ffd013,scripts/31_semisynthetic.py,.venv/Scripts/python scripts/31_semisynthetic.py --perm --config null --perm-index K --threads=3,3dfe2bc68aa49279b271a02a1f2404d134495556,runs/peerreview_20261003/semisynthetic/perm_null/perm008_done.json
semisynthetic.zip,semisynthetic/perm_null/perm008_history.csv,4237,4324c12ab174c2bb095a6315b9b33acbced06ca79e1cc841899b690db0010e79,scripts/31_semisynthetic.py,.venv/Scripts/python scripts/31_semisynthetic.py --perm --config null --perm-index K --threads=3,3dfe2bc68aa49279b271a02a1f2404d134495556,runs/peerreview_20261003/semisynthetic/perm_null/perm008_history.csv
semisynthetic.zip,semisynthetic/perm_null/perm008_latent_usage_per_dimension.csv,1463,d530497615b7d73b47828266c8721b094e792afbd567633ec8fbd43051393ac5,scripts/31_semisynthetic.py,.venv/Scripts/python scripts/31_semisynthetic.py --perm --config null --perm-index K --threads=3,3dfe2bc68aa49279b271a02a1f2404d134495556,runs/peerreview_20261003/semisynthetic/perm_null/perm008_latent_usage_per_dimension.csv
semisynthetic.zip,semisynthetic/perm_null/perm008_metrics.json,1775,35f743161010b2dc1cce81deab7b716ec5b514b68028835acb0a0536b4ffd013,scripts/31_semisynthetic.py,.venv/Scripts/python scripts/31_semisynthetic.py --perm --config null --perm-index K --threads=3,3dfe2bc68aa49279b271a02a1f2404d134495556,runs/peerreview_20261003/semisynthetic/perm_null/perm008_metrics.json
semisynthetic.zip,semisynthetic/perm_null/perm009_done.json,1784,525c3df2544e92dc4331d74665f0092c5157e9ed4497a112f52078e70c045660,scripts/31_semisynthetic.py,.venv/Scripts/python scripts/31_semisynthetic.py --perm --config null --perm-index K --threads=3,3dfe2bc68aa49279b271a02a1f2404d134495556,runs/peerreview_20261003/semisynthetic/perm_null/perm009_done.json
semisynthetic.zip,semisynthetic/perm_null/perm009_history.csv,4232,d7f867b0aefb17a7fd128efadf3ab01bf92739a2d317bee729efb8413195ebdd,scripts/31_semisynthetic.py,.venv/Scripts/python scripts/31_semisynthetic.py --perm --config null --perm-index K --threads=3,3dfe2bc68aa49279b271a02a1f2404d134495556,runs/peerreview_20261003/semisynthetic/perm_null/perm009_history.csv
semisynthetic.zip,semisynthetic/perm_null/perm009_latent_usage_per_dimension.csv,1475,a4831ad665e0672b318aaf01247b2e0e4946a7ca5a75c26724b89e51afea4786,scripts/31_semisynthetic.py,.venv/Scripts/python scripts/31_semisynthetic.py --perm --config null --perm-index K --threads=3,3dfe2bc68aa49279b271a02a1f2404d134495556,runs/peerreview_20261003/semisynthetic/perm_null/perm009_latent_usage_per_dimension.csv
semisynthetic.zip,semisynthetic/perm_null/perm009_metrics.json,1784,525c3df2544e92dc4331d74665f0092c5157e9ed4497a112f52078e70c045660,scripts/31_semisynthetic.py,.venv/Scripts/python scripts/31_semisynthetic.py --perm --config null --perm-index K --threads=3,3dfe2bc68aa49279b271a02a1f2404d134495556,runs/peerreview_20261003/semisynthetic/perm_null/perm009_metrics.json
semisynthetic.zip,semisynthetic/perm_null/perm010_done.json,1780,cb384333b337d858547bd9fc4c990e654bc91834619273305a1e55005238f80a,scripts/31_semisynthetic.py,.venv/Scripts/python scripts/31_semisynthetic.py --perm --config null --perm-index K --threads=3,3dfe2bc68aa49279b271a02a1f2404d134495556,runs/peerreview_20261003/semisynthetic/perm_null/perm010_done.json
semisynthetic.zip,semisynthetic/perm_null/perm010_history.csv,4240,217539b3d74c25ce692277c8fbb7c79087ca901edde75eb923c8ff94263c71f9,scripts/31_semisynthetic.py,.venv/Scripts/python scripts/31_semisynthetic.py --perm --config null --perm-index K --threads=3,3dfe2bc68aa49279b271a02a1f2404d134495556,runs/peerreview_20261003/semisynthetic/perm_null/perm010_history.csv
semisynthetic.zip,semisynthetic/perm_null/perm010_latent_usage_per_dimension.csv,1469,e4c91390093d19ec8d1646690301573e51e4d3090f2a83241720f1595065ba27,scripts/31_semisynthetic.py,.venv/Scripts/python scripts/31_semisynthetic.py --perm --config null --perm-index K --threads=3,3dfe2bc68aa49279b271a02a1f2404d134495556,runs/peerreview_20261003/semisynthetic/perm_null/perm010_latent_usage_per_dimension.csv
semisynthetic.zip,semisynthetic/perm_null/perm010_metrics.json,1780,cb384333b337d858547bd9fc4c990e654bc91834619273305a1e55005238f80a,scripts/31_semisynthetic.py,.venv/Scripts/python scripts/31_semisynthetic.py --perm --config null --perm-index K --threads=3,3dfe2bc68aa49279b271a02a1f2404d134495556,runs/peerreview_20261003/semisynthetic/perm_null/perm010_metrics.json
semisynthetic.zip,semisynthetic/perm_null/perm011_done.json,1784,dc6ff720ce217dc75af0a76c113a93b50bfa4f61176c1a435945c994a2aaeced,scripts/31_semisynthetic.py,.venv/Scripts/python scripts/31_semisynthetic.py --perm --config null --perm-index K --threads=3,3dfe2bc68aa49279b271a02a1f2404d134495556,runs/peerreview_20261003/semisynthetic/perm_null/perm011_done.json
semisynthetic.zip,semisynthetic/perm_null/perm011_history.csv,4228,44f5215c8f98a7fe9cb0494ca56f94480657ef0e691f61837ff4a6efd7dcbebb,scripts/31_semisynthetic.py,.venv/Scripts/python scripts/31_semisynthetic.py --perm --config null --perm-index K --threads=3,3dfe2bc68aa49279b271a02a1f2404d134495556,runs/peerreview_20261003/semisynthetic/perm_null/perm011_history.csv
semisynthetic.zip,semisynthetic/perm_null/perm011_latent_usage_per_dimension.csv,1471,a404fadc96330545a35adffd389bc93f6f8e21f51123edcc69099933ca726fc8,scripts/31_semisynthetic.py,.venv/Scripts/python scripts/31_semisynthetic.py --perm --config null --perm-index K --threads=3,3dfe2bc68aa49279b271a02a1f2404d134495556,runs/peerreview_20261003/semisynthetic/perm_null/perm011_latent_usage_per_dimension.csv
semisynthetic.zip,semisynthetic/perm_null/perm011_metrics.json,1784,dc6ff720ce217dc75af0a76c113a93b50bfa4f61176c1a435945c994a2aaeced,scripts/31_semisynthetic.py,.venv/Scripts/python scripts/31_semisynthetic.py --perm --config null --perm-index K --threads=3,3dfe2bc68aa49279b271a02a1f2404d134495556,runs/peerreview_20261003/semisynthetic/perm_null/perm011_metrics.json
semisynthetic.zip,semisynthetic/perm_null/perm012_done.json,1787,d5c6c99e151f57eb2d0ac4cbf95e8be57bc8c01b52a61e19fb522e84e1de1725,scripts/31_semisynthetic.py,.venv/Scripts/python scripts/31_semisynthetic.py --perm --config null --perm-index K --threads=3,3dfe2bc68aa49279b271a02a1f2404d134495556,runs/peerreview_20261003/semisynthetic/perm_null/perm012_done.json
semisynthetic.zip,semisynthetic/perm_null/perm012_history.csv,4241,776598ed0c8b05568c2a3d59831d2175cc4d62753e612d224ea53bd50cead5d5,scripts/31_semisynthetic.py,.venv/Scripts/python scripts/31_semisynthetic.py --perm --config null --perm-index K --threads=3,3dfe2bc68aa49279b271a02a1f2404d134495556,runs/peerreview_20261003/semisynthetic/perm_null/perm012_history.csv
semisynthetic.zip,semisynthetic/perm_null/perm012_latent_usage_per_dimension.csv,1470,86570df775d6f9cce825b0a82d9a35716fe69f247054cc1e240882e63bc313d0,scripts/31_semisynthetic.py,.venv/Scripts/python scripts/31_semisynthetic.py --perm --config null --perm-index K --threads=3,3dfe2bc68aa49279b271a02a1f2404d134495556,runs/peerreview_20261003/semisynthetic/perm_null/perm012_latent_usage_per_dimension.csv
semisynthetic.zip,semisynthetic/perm_null/perm012_metrics.json,1787,d5c6c99e151f57eb2d0ac4cbf95e8be57bc8c01b52a61e19fb522e84e1de1725,scripts/31_semisynthetic.py,.venv/Scripts/python scripts/31_semisynthetic.py --perm --config null --perm-index K --threads=3,3dfe2bc68aa49279b271a02a1f2404d134495556,runs/peerreview_20261003/semisynthetic/perm_null/perm012_metrics.json
semisynthetic.zip,semisynthetic/perm_null/perm013_done.json,1785,99b9a1feebfe2a4970362ecdba52c5b11e74218a0ae8f37933238218784b1f54,scripts/31_semisynthetic.py,.venv/Scripts/python scripts/31_semisynthetic.py --perm --config null --perm-index K --threads=3,3dfe2bc68aa49279b271a02a1f2404d134495556,runs/peerreview_20261003/semisynthetic/perm_null/perm013_done.json
semisynthetic.zip,semisynthetic/perm_null/perm013_history.csv,4228,4d83513c69e2b33cc98dc85ff380f4675b159b8fd7ec4298c0d2d6b95a9ad712,scripts/31_semisynthetic.py,.venv/Scripts/python scripts/31_semisynthetic.py --perm --config null --perm-index K --threads=3,3dfe2bc68aa49279b271a02a1f2404d134495556,runs/peerreview_20261003/semisynthetic/perm_null/perm013_history.csv
semisynthetic.zip,semisynthetic/perm_null/perm013_latent_usage_per_dimension.csv,1479,349804c79f88c0364391b17fb6f3e0c0e0f17d74794d3bd198f45f1454d4862e,scripts/31_semisynthetic.py,.venv/Scripts/python scripts/31_semisynthetic.py --perm --config null --perm-index K --threads=3,3dfe2bc68aa49279b271a02a1f2404d134495556,runs/peerreview_20261003/semisynthetic/perm_null/perm013_latent_usage_per_dimension.csv
semisynthetic.zip,semisynthetic/perm_null/perm013_metrics.json,1785,99b9a1feebfe2a4970362ecdba52c5b11e74218a0ae8f37933238218784b1f54,scripts/31_semisynthetic.py,.venv/Scripts/python scripts/31_semisynthetic.py --perm --config null --perm-index K --threads=3,3dfe2bc68aa49279b271a02a1f2404d134495556,runs/peerreview_20261003/semisynthetic/perm_null/perm013_metrics.json
semisynthetic.zip,semisynthetic/perm_null/perm014_done.json,1784,a574604a89e33c1d92ac803fd1df4b93e62b56a00f4f555d6bb86d6bb3b8459c,scripts/31_semisynthetic.py,.venv/Scripts/python scripts/31_semisynthetic.py --perm --config null --perm-index K --threads=3,3dfe2bc68aa49279b271a02a1f2404d134495556,runs/peerreview_20261003/semisynthetic/perm_null/perm014_done.json
semisynthetic.zip,semisynthetic/perm_null/perm014_history.csv,4226,ed7f1158e5d0dbc361dc6e9d519b5f9c33d062d29f4f8bcece1ac8c90fc0f6d7,scripts/31_semisynthetic.py,.venv/Scripts/python scripts/31_semisynthetic.py --perm --config null --perm-index K --threads=3,3dfe2bc68aa49279b271a02a1f2404d134495556,runs/peerreview_20261003/semisynthetic/perm_null/perm014_history.csv
semisynthetic.zip,semisynthetic/perm_null/perm014_latent_usage_per_dimension.csv,1475,b88e56166be3a979289ff83f5f421e5de8116acfbe7a4dfe61add3ddb161e1d3,scripts/31_semisynthetic.py,.venv/Scripts/python scripts/31_semisynthetic.py --perm --config null --perm-index K --threads=3,3dfe2bc68aa49279b271a02a1f2404d134495556,runs/peerreview_20261003/semisynthetic/perm_null/perm014_latent_usage_per_dimension.csv
semisynthetic.zip,semisynthetic/perm_null/perm014_metrics.json,1784,a574604a89e33c1d92ac803fd1df4b93e62b56a00f4f555d6bb86d6bb3b8459c,scripts/31_semisynthetic.py,.venv/Scripts/python scripts/31_semisynthetic.py --perm --config null --perm-index K --threads=3,3dfe2bc68aa49279b271a02a1f2404d134495556,runs/peerreview_20261003/semisynthetic/perm_null/perm014_metrics.json
semisynthetic.zip,semisynthetic/perm_null/perm015_done.json,1788,62210af4e6182102f963c06555c3c85d08ae1623212488dd720c46b9bc7e6505,scripts/31_semisynthetic.py,.venv/Scripts/python scripts/31_semisynthetic.py --perm --config null --perm-index K --threads=3,3dfe2bc68aa49279b271a02a1f2404d134495556,runs/peerreview_20261003/semisynthetic/perm_null/perm015_done.json
semisynthetic.zip,semisynthetic/perm_null/perm015_history.csv,4226,3b2183e5b0f14db5aab9dd43086bb218433c896fba8020b9c72c0dff33ea0871,scripts/31_semisynthetic.py,.venv/Scripts/python scripts/31_semisynthetic.py --perm --config null --perm-index K --threads=3,3dfe2bc68aa49279b271a02a1f2404d134495556,runs/peerreview_20261003/semisynthetic/perm_null/perm015_history.csv
semisynthetic.zip,semisynthetic/perm_null/perm015_latent_usage_per_dimension.csv,1469,99288c266afa3cc4974cac22b0d700961644b19ae736ee042ebefa2c6d657c6d,scripts/31_semisynthetic.py,.venv/Scripts/python scripts/31_semisynthetic.py --perm --config null --perm-index K --threads=3,3dfe2bc68aa49279b271a02a1f2404d134495556,runs/peerreview_20261003/semisynthetic/perm_null/perm015_latent_usage_per_dimension.csv
semisynthetic.zip,semisynthetic/perm_null/perm015_metrics.json,1788,62210af4e6182102f963c06555c3c85d08ae1623212488dd720c46b9bc7e6505,scripts/31_semisynthetic.py,.venv/Scripts/python scripts/31_semisynthetic.py --perm --config null --perm-index K --threads=3,3dfe2bc68aa49279b271a02a1f2404d134495556,runs/peerreview_20261003/semisynthetic/perm_null/perm015_metrics.json
semisynthetic.zip,semisynthetic/perm_null/perm016_done.json,1788,22a7daeb442ebaf2fb63c6c344bb88c4785d134a4e7f9d042a80ceb73427c97e,scripts/31_semisynthetic.py,.venv/Scripts/python scripts/31_semisynthetic.py --perm --config null --perm-index K --threads=3,3dfe2bc68aa49279b271a02a1f2404d134495556,runs/peerreview_20261003/semisynthetic/perm_null/perm016_done.json
semisynthetic.zip,semisynthetic/perm_null/perm016_history.csv,4226,7a695d93a03d8228f80a765e22ad2f66f337ff0f492ee66b1f325ad439d6b49b,scripts/31_semisynthetic.py,.venv/Scripts/python scripts/31_semisynthetic.py --perm --config null --perm-index K --threads=3,3dfe2bc68aa49279b271a02a1f2404d134495556,runs/peerreview_20261003/semisynthetic/perm_null/perm016_history.csv
semisynthetic.zip,semisynthetic/perm_null/perm016_latent_usage_per_dimension.csv,1477,181d3cbf0b986347485779f386016daea20bf339ba225159e209491b34cde966,scripts/31_semisynthetic.py,.venv/Scripts/python scripts/31_semisynthetic.py --perm --config null --perm-index K --threads=3,3dfe2bc68aa49279b271a02a1f2404d134495556,runs/peerreview_20261003/semisynthetic/perm_null/perm016_latent_usage_per_dimension.csv
semisynthetic.zip,semisynthetic/perm_null/perm016_metrics.json,1788,22a7daeb442ebaf2fb63c6c344bb88c4785d134a4e7f9d042a80ceb73427c97e,scripts/31_semisynthetic.py,.venv/Scripts/python scripts/31_semisynthetic.py --perm --config null --perm-index K --threads=3,3dfe2bc68aa49279b271a02a1f2404d134495556,runs/peerreview_20261003/semisynthetic/perm_null/perm016_metrics.json
semisynthetic.zip,semisynthetic/perm_null/perm017_done.json,1783,4afda48cf1343bd5cc90ab45fd8842ee7c5b5494781c5e870c108ea88147d35b,scripts/31_semisynthetic.py,.venv/Scripts/python scripts/31_semisynthetic.py --perm --config null --perm-index K --threads=3,3dfe2bc68aa49279b271a02a1f2404d134495556,runs/peerreview_20261003/semisynthetic/perm_null/perm017_done.json
semisynthetic.zip,semisynthetic/perm_null/perm017_history.csv,4220,29e18fd3f5765df6b1201965db67d292b094653d2d6616cb9bde7001f3c7afcf,scripts/31_semisynthetic.py,.venv/Scripts/python scripts/31_semisynthetic.py --perm --config null --perm-index K --threads=3,3dfe2bc68aa49279b271a02a1f2404d134495556,runs/peerreview_20261003/semisynthetic/perm_null/perm017_history.csv
semisynthetic.zip,semisynthetic/perm_null/perm017_latent_usage_per_dimension.csv,1473,f35be8fcaa3da2389fb83fafeb43ef3c0d2aadf57563387cb903691feabb8bf3,scripts/31_semisynthetic.py,.venv/Scripts/python scripts/31_semisynthetic.py --perm --config null --perm-index K --threads=3,3dfe2bc68aa49279b271a02a1f2404d134495556,runs/peerreview_20261003/semisynthetic/perm_null/perm017_latent_usage_per_dimension.csv
semisynthetic.zip,semisynthetic/perm_null/perm017_metrics.json,1783,4afda48cf1343bd5cc90ab45fd8842ee7c5b5494781c5e870c108ea88147d35b,scripts/31_semisynthetic.py,.venv/Scripts/python scripts/31_semisynthetic.py --perm --config null --perm-index K --threads=3,3dfe2bc68aa49279b271a02a1f2404d134495556,runs/peerreview_20261003/semisynthetic/perm_null/perm017_metrics.json
semisynthetic.zip,semisynthetic/perm_null/perm018_done.json,1780,58f5dc16cdd5a5503cda4b64402f5d95e33ca0337629b0d08a207cb5d81f07f3,scripts/31_semisynthetic.py,.venv/Scripts/python scripts/31_semisynthetic.py --perm --config null --perm-index K --threads=3,3dfe2bc68aa49279b271a02a1f2404d134495556,runs/peerreview_20261003/semisynthetic/perm_null/perm018_done.json
semisynthetic.zip,semisynthetic/perm_null/perm018_history.csv,4236,b47b0ef5d1d67fd089e9b5736231a68d16305596967b9016b1644db9665abea9,scripts/31_semisynthetic.py,.venv/Scripts/python scripts/31_semisynthetic.py --perm --config null --perm-index K --threads=3,3dfe2bc68aa49279b271a02a1f2404d134495556,runs/peerreview_20261003/semisynthetic/perm_null/perm018_history.csv
semisynthetic.zip,semisynthetic/perm_null/perm018_latent_usage_per_dimension.csv,1465,cd46d9a1cbe66466c7daa2523b3f5851f461ce21e4f8084bcfa93dde4c0e5f24,scripts/31_semisynthetic.py,.venv/Scripts/python scripts/31_semisynthetic.py --perm --config null --perm-index K --threads=3,3dfe2bc68aa49279b271a02a1f2404d134495556,runs/peerreview_20261003/semisynthetic/perm_null/perm018_latent_usage_per_dimension.csv
semisynthetic.zip,semisynthetic/perm_null/perm018_metrics.json,1780,58f5dc16cdd5a5503cda4b64402f5d95e33ca0337629b0d08a207cb5d81f07f3,scripts/31_semisynthetic.py,.venv/Scripts/python scripts/31_semisynthetic.py --perm --config null --perm-index K --threads=3,3dfe2bc68aa49279b271a02a1f2404d134495556,runs/peerreview_20261003/semisynthetic/perm_null/perm018_metrics.json
semisynthetic.zip,semisynthetic/perm_null/perm019_done.json,1782,f450287519a12a1797e563524032808ecba6e269499bb9ac3419dceea643a0cc,scripts/31_semisynthetic.py,.venv/Scripts/python scripts/31_semisynthetic.py --perm --config null --perm-index K --threads=3,3dfe2bc68aa49279b271a02a1f2404d134495556,runs/peerreview_20261003/semisynthetic/perm_null/perm019_done.json
semisynthetic.zip,semisynthetic/perm_null/perm019_history.csv,4231,833a5ebbc1468e056f6a1bb516766201734ccea233c437e348c982c31e05ab87,scripts/31_semisynthetic.py,.venv/Scripts/python scripts/31_semisynthetic.py --perm --config null --perm-index K --threads=3,3dfe2bc68aa49279b271a02a1f2404d134495556,runs/peerreview_20261003/semisynthetic/perm_null/perm019_history.csv
semisynthetic.zip,semisynthetic/perm_null/perm019_latent_usage_per_dimension.csv,1462,53455062f37a4b2e04a755eba2f47b6d40abfbea0bde4e784726a6a6e03dce17,scripts/31_semisynthetic.py,.venv/Scripts/python scripts/31_semisynthetic.py --perm --config null --perm-index K --threads=3,3dfe2bc68aa49279b271a02a1f2404d134495556,runs/peerreview_20261003/semisynthetic/perm_null/perm019_latent_usage_per_dimension.csv
semisynthetic.zip,semisynthetic/perm_null/perm019_metrics.json,1782,f450287519a12a1797e563524032808ecba6e269499bb9ac3419dceea643a0cc,scripts/31_semisynthetic.py,.venv/Scripts/python scripts/31_semisynthetic.py --perm --config null --perm-index K --threads=3,3dfe2bc68aa49279b271a02a1f2404d134495556,runs/peerreview_20261003/semisynthetic/perm_null/perm019_metrics.json
semisynthetic.zip,semisynthetic/perm_null/perm020_done.json,1774,464e6392af331873a00d8b96c28efa8f3a9b76d30f197a6f5e1e4a48a14ed705,scripts/31_semisynthetic.py,.venv/Scripts/python scripts/31_semisynthetic.py --perm --config null --perm-index K --threads=3,3dfe2bc68aa49279b271a02a1f2404d134495556,runs/peerreview_20261003/semisynthetic/perm_null/perm020_done.json
semisynthetic.zip,semisynthetic/perm_null/perm020_history.csv,4226,2f22cb1c3b06d0a55cb5b15e342d04670c1304423e2a5c40a2f950aa74d2a343,scripts/31_semisynthetic.py,.venv/Scripts/python scripts/31_semisynthetic.py --perm --config null --perm-index K --threads=3,3dfe2bc68aa49279b271a02a1f2404d134495556,runs/peerreview_20261003/semisynthetic/perm_null/perm020_history.csv
semisynthetic.zip,semisynthetic/perm_null/perm020_latent_usage_per_dimension.csv,1469,5178ede7018058f5e5dcf50ef68eab7eebe0e9583fe9d078d7fdd640192ddef1,scripts/31_semisynthetic.py,.venv/Scripts/python scripts/31_semisynthetic.py --perm --config null --perm-index K --threads=3,3dfe2bc68aa49279b271a02a1f2404d134495556,runs/peerreview_20261003/semisynthetic/perm_null/perm020_latent_usage_per_dimension.csv
semisynthetic.zip,semisynthetic/perm_null/perm020_metrics.json,1774,464e6392af331873a00d8b96c28efa8f3a9b76d30f197a6f5e1e4a48a14ed705,scripts/31_semisynthetic.py,.venv/Scripts/python scripts/31_semisynthetic.py --perm --config null --perm-index K --threads=3,3dfe2bc68aa49279b271a02a1f2404d134495556,runs/peerreview_20261003/semisynthetic/perm_null/perm020_metrics.json
semisynthetic.zip,semisynthetic/perm_null/perm021_done.json,1787,63100b3e96a6cc47f384032138f8471582beb9e79e4f8fd801aee933a06845a7,scripts/31_semisynthetic.py,.venv/Scripts/python scripts/31_semisynthetic.py --perm --config null --perm-index K --threads=3,3dfe2bc68aa49279b271a02a1f2404d134495556,runs/peerreview_20261003/semisynthetic/perm_null/perm021_done.json
semisynthetic.zip,semisynthetic/perm_null/perm021_history.csv,4226,3a26194732802921f5f9c689572f92778367add8567aab974a96415eea35a6dd,scripts/31_semisynthetic.py,.venv/Scripts/python scripts/31_semisynthetic.py --perm --config null --perm-index K --threads=3,3dfe2bc68aa49279b271a02a1f2404d134495556,runs/peerreview_20261003/semisynthetic/perm_null/perm021_history.csv
semisynthetic.zip,semisynthetic/perm_null/perm021_latent_usage_per_dimension.csv,1483,b6aaf383328fc74c33c9002f425e5c4c49185f5440aa01bfe5090f921c79e695,scripts/31_semisynthetic.py,.venv/Scripts/python scripts/31_semisynthetic.py --perm --config null --perm-index K --threads=3,3dfe2bc68aa49279b271a02a1f2404d134495556,runs/peerreview_20261003/semisynthetic/perm_null/perm021_latent_usage_per_dimension.csv
semisynthetic.zip,semisynthetic/perm_null/perm021_metrics.json,1787,63100b3e96a6cc47f384032138f8471582beb9e79e4f8fd801aee933a06845a7,scripts/31_semisynthetic.py,.venv/Scripts/python scripts/31_semisynthetic.py --perm --config null --perm-index K --threads=3,3dfe2bc68aa49279b271a02a1f2404d134495556,runs/peerreview_20261003/semisynthetic/perm_null/perm021_metrics.json
semisynthetic.zip,semisynthetic/perm_null/perm022_done.json,1787,50875e3dff319704fbd8b05e5c4015b1465d5786e4dcdeda79a094887023c67b,scripts/31_semisynthetic.py,.venv/Scripts/python scripts/31_semisynthetic.py --perm --config null --perm-index K --threads=3,3dfe2bc68aa49279b271a02a1f2404d134495556,runs/peerreview_20261003/semisynthetic/perm_null/perm022_done.json
semisynthetic.zip,semisynthetic/perm_null/perm022_history.csv,4213,8bf05cdb5a3b78b6c8c564b6ebd3ee2f0980f9a89b3b7d2001e0b04d313aecbe,scripts/31_semisynthetic.py,.venv/Scripts/python scripts/31_semisynthetic.py --perm --config null --perm-index K --threads=3,3dfe2bc68aa49279b271a02a1f2404d134495556,runs/peerreview_20261003/semisynthetic/perm_null/perm022_history.csv
semisynthetic.zip,semisynthetic/perm_null/perm022_latent_usage_per_dimension.csv,1460,2c6a43fba71fc4d624e7badef8a09b4ba335542355528046f1e67abc9497a235,scripts/31_semisynthetic.py,.venv/Scripts/python scripts/31_semisynthetic.py --perm --config null --perm-index K --threads=3,3dfe2bc68aa49279b271a02a1f2404d134495556,runs/peerreview_20261003/semisynthetic/perm_null/perm022_latent_usage_per_dimension.csv
semisynthetic.zip,semisynthetic/perm_null/perm022_metrics.json,1787,50875e3dff319704fbd8b05e5c4015b1465d5786e4dcdeda79a094887023c67b,scripts/31_semisynthetic.py,.venv/Scripts/python scripts/31_semisynthetic.py --perm --config null --perm-index K --threads=3,3dfe2bc68aa49279b271a02a1f2404d134495556,runs/peerreview_20261003/semisynthetic/perm_null/perm022_metrics.json
semisynthetic.zip,semisynthetic/perm_null/perm023_done.json,1788,5463b6941c19f77835187f113a4e5ba002ec1ca6587bdcd2ebb2d473c2d6764d,scripts/31_semisynthetic.py,.venv/Scripts/python scripts/31_semisynthetic.py --perm --config null --perm-index K --threads=3,3dfe2bc68aa49279b271a02a1f2404d134495556,runs/peerreview_20261003/semisynthetic/perm_null/perm023_done.json
semisynthetic.zip,semisynthetic/perm_null/perm023_history.csv,4236,a2225fb2cac1cf1f7704596a9612eee26d0f333d4675fbf6c49e8b99b9db6bd0,scripts/31_semisynthetic.py,.venv/Scripts/python scripts/31_semisynthetic.py --perm --config null --perm-index K --threads=3,3dfe2bc68aa49279b271a02a1f2404d134495556,runs/peerreview_20261003/semisynthetic/perm_null/perm023_history.csv
semisynthetic.zip,semisynthetic/perm_null/perm023_latent_usage_per_dimension.csv,1477,10c131ff835b8af7fd8bc7cf4aba43a8177c6cb2d0d5019293f1c9e4d42db60a,scripts/31_semisynthetic.py,.venv/Scripts/python scripts/31_semisynthetic.py --perm --config null --perm-index K --threads=3,3dfe2bc68aa49279b271a02a1f2404d134495556,runs/peerreview_20261003/semisynthetic/perm_null/perm023_latent_usage_per_dimension.csv
semisynthetic.zip,semisynthetic/perm_null/perm023_metrics.json,1788,5463b6941c19f77835187f113a4e5ba002ec1ca6587bdcd2ebb2d473c2d6764d,scripts/31_semisynthetic.py,.venv/Scripts/python scripts/31_semisynthetic.py --perm --config null --perm-index K --threads=3,3dfe2bc68aa49279b271a02a1f2404d134495556,runs/peerreview_20261003/semisynthetic/perm_null/perm023_metrics.json
semisynthetic.zip,semisynthetic/perm_null/perm024_done.json,1783,9cb796409a669233ef87c829eecffd97ed6a64811f0f30b92ffbe420c4023369,scripts/31_semisynthetic.py,.venv/Scripts/python scripts/31_semisynthetic.py --perm --config null --perm-index K --threads=3,3dfe2bc68aa49279b271a02a1f2404d134495556,runs/peerreview_20261003/semisynthetic/perm_null/perm024_done.json
semisynthetic.zip,semisynthetic/perm_null/perm024_history.csv,4241,2e48672e2542c69bcc97ec8164a8eea56874705e3706d6d91594c1edae3d72be,scripts/31_semisynthetic.py,.venv/Scripts/python scripts/31_semisynthetic.py --perm --config null --perm-index K --threads=3,3dfe2bc68aa49279b271a02a1f2404d134495556,runs/peerreview_20261003/semisynthetic/perm_null/perm024_history.csv
semisynthetic.zip,semisynthetic/perm_null/perm024_latent_usage_per_dimension.csv,1458,d42cb2dadaf9b8d48142ffc9cbb7d42cf96ff43b01df098f550bbea6e98f4947,scripts/31_semisynthetic.py,.venv/Scripts/python scripts/31_semisynthetic.py --perm --config null --perm-index K --threads=3,3dfe2bc68aa49279b271a02a1f2404d134495556,runs/peerreview_20261003/semisynthetic/perm_null/perm024_latent_usage_per_dimension.csv
semisynthetic.zip,semisynthetic/perm_null/perm024_metrics.json,1783,9cb796409a669233ef87c829eecffd97ed6a64811f0f30b92ffbe420c4023369,scripts/31_semisynthetic.py,.venv/Scripts/python scripts/31_semisynthetic.py --perm --config null --perm-index K --threads=3,3dfe2bc68aa49279b271a02a1f2404d134495556,runs/peerreview_20261003/semisynthetic/perm_null/perm024_metrics.json
semisynthetic.zip,semisynthetic/perm_null/perm025_done.json,1787,127aea790a2fd5a18357b445e504e822485c53f8b2dc383ba8649adabf36a1ca,scripts/31_semisynthetic.py,.venv/Scripts/python scripts/31_semisynthetic.py --perm --config null --perm-index K --threads=3,3dfe2bc68aa49279b271a02a1f2404d134495556,runs/peerreview_20261003/semisynthetic/perm_null/perm025_done.json
semisynthetic.zip,semisynthetic/perm_null/perm025_history.csv,4231,f6386f9aad2f66d75c2c237c0d7f1b58a5ba76b16b6a63864272b7ae9c80e1ad,scripts/31_semisynthetic.py,.venv/Scripts/python scripts/31_semisynthetic.py --perm --config null --perm-index K --threads=3,3dfe2bc68aa49279b271a02a1f2404d134495556,runs/peerreview_20261003/semisynthetic/perm_null/perm025_history.csv
semisynthetic.zip,semisynthetic/perm_null/perm025_latent_usage_per_dimension.csv,1476,8cbd80c8055c1a87844ad88c36d37b7e3b3a623a31e54c2b125be266cbe791bb,scripts/31_semisynthetic.py,.venv/Scripts/python scripts/31_semisynthetic.py --perm --config null --perm-index K --threads=3,3dfe2bc68aa49279b271a02a1f2404d134495556,runs/peerreview_20261003/semisynthetic/perm_null/perm025_latent_usage_per_dimension.csv
semisynthetic.zip,semisynthetic/perm_null/perm025_metrics.json,1787,127aea790a2fd5a18357b445e504e822485c53f8b2dc383ba8649adabf36a1ca,scripts/31_semisynthetic.py,.venv/Scripts/python scripts/31_semisynthetic.py --perm --config null --perm-index K --threads=3,3dfe2bc68aa49279b271a02a1f2404d134495556,runs/peerreview_20261003/semisynthetic/perm_null/perm025_metrics.json
semisynthetic.zip,semisynthetic/perm_null/perm026_done.json,1784,08c90450dac6bea4f7f3f3d51d01f30a00138006b72571f925544f589038bf06,scripts/31_semisynthetic.py,.venv/Scripts/python scripts/31_semisynthetic.py --perm --config null --perm-index K --threads=3,3dfe2bc68aa49279b271a02a1f2404d134495556,runs/peerreview_20261003/semisynthetic/perm_null/perm026_done.json
semisynthetic.zip,semisynthetic/perm_null/perm026_history.csv,4229,86e82d8979862eb19f8a64e7304b8985603764bb70c0cb6317bba2714a7401bd,scripts/31_semisynthetic.py,.venv/Scripts/python scripts/31_semisynthetic.py --perm --config null --perm-index K --threads=3,3dfe2bc68aa49279b271a02a1f2404d134495556,runs/peerreview_20261003/semisynthetic/perm_null/perm026_history.csv
semisynthetic.zip,semisynthetic/perm_null/perm026_latent_usage_per_dimension.csv,1467,84c344b74388f4652f12775552ef856138ea8a74f22bfbbb0a37cc1f1f4d4a60,scripts/31_semisynthetic.py,.venv/Scripts/python scripts/31_semisynthetic.py --perm --config null --perm-index K --threads=3,3dfe2bc68aa49279b271a02a1f2404d134495556,runs/peerreview_20261003/semisynthetic/perm_null/perm026_latent_usage_per_dimension.csv
semisynthetic.zip,semisynthetic/perm_null/perm026_metrics.json,1784,08c90450dac6bea4f7f3f3d51d01f30a00138006b72571f925544f589038bf06,scripts/31_semisynthetic.py,.venv/Scripts/python scripts/31_semisynthetic.py --perm --config null --perm-index K --threads=3,3dfe2bc68aa49279b271a02a1f2404d134495556,runs/peerreview_20261003/semisynthetic/perm_null/perm026_metrics.json
semisynthetic.zip,semisynthetic/perm_null/perm027_done.json,1784,698ebdf62e10c581860aa233392024e7fd15a3d64862ef8528f99072e915b524,scripts/31_semisynthetic.py,.venv/Scripts/python scripts/31_semisynthetic.py --perm --config null --perm-index K --threads=3,3dfe2bc68aa49279b271a02a1f2404d134495556,runs/peerreview_20261003/semisynthetic/perm_null/perm027_done.json
semisynthetic.zip,semisynthetic/perm_null/perm027_history.csv,4241,82cf23dd6565c69c2d5951d63fe72caf6a578dada8aa5d550c6373512570b008,scripts/31_semisynthetic.py,.venv/Scripts/python scripts/31_semisynthetic.py --perm --config null --perm-index K --threads=3,3dfe2bc68aa49279b271a02a1f2404d134495556,runs/peerreview_20261003/semisynthetic/perm_null/perm027_history.csv
semisynthetic.zip,semisynthetic/perm_null/perm027_latent_usage_per_dimension.csv,1465,3c8978df140348fdfbf9d5dd252d0057a61a48c3e44ddad88a70a7168ec0e048,scripts/31_semisynthetic.py,.venv/Scripts/python scripts/31_semisynthetic.py --perm --config null --perm-index K --threads=3,3dfe2bc68aa49279b271a02a1f2404d134495556,runs/peerreview_20261003/semisynthetic/perm_null/perm027_latent_usage_per_dimension.csv
semisynthetic.zip,semisynthetic/perm_null/perm027_metrics.json,1784,698ebdf62e10c581860aa233392024e7fd15a3d64862ef8528f99072e915b524,scripts/31_semisynthetic.py,.venv/Scripts/python scripts/31_semisynthetic.py --perm --config null --perm-index K --threads=3,3dfe2bc68aa49279b271a02a1f2404d134495556,runs/peerreview_20261003/semisynthetic/perm_null/perm027_metrics.json
semisynthetic.zip,semisynthetic/perm_null/perm028_done.json,1781,8058c43423831b1e1766b53a4391d892a5204c73bed53731fce5a5f58a1d0248,scripts/31_semisynthetic.py,.venv/Scripts/python scripts/31_semisynthetic.py --perm --config null --perm-index K --threads=3,3dfe2bc68aa49279b271a02a1f2404d134495556,runs/peerreview_20261003/semisynthetic/perm_null/perm028_done.json
semisynthetic.zip,semisynthetic/perm_null/perm028_history.csv,4211,19234ceaa96a538e404b05076a97558f3894c18d051c04d079195acf33f40fff,scripts/31_semisynthetic.py,.venv/Scripts/python scripts/31_semisynthetic.py --perm --config null --perm-index K --threads=3,3dfe2bc68aa49279b271a02a1f2404d134495556,runs/peerreview_20261003/semisynthetic/perm_null/perm028_history.csv
semisynthetic.zip,semisynthetic/perm_null/perm028_latent_usage_per_dimension.csv,1465,7547443b590a141a0e6629c3fd8fa71c44dab9d73a19d9d6e673982cf9d41c24,scripts/31_semisynthetic.py,.venv/Scripts/python scripts/31_semisynthetic.py --perm --config null --perm-index K --threads=3,3dfe2bc68aa49279b271a02a1f2404d134495556,runs/peerreview_20261003/semisynthetic/perm_null/perm028_latent_usage_per_dimension.csv
semisynthetic.zip,semisynthetic/perm_null/perm028_metrics.json,1781,8058c43423831b1e1766b53a4391d892a5204c73bed53731fce5a5f58a1d0248,scripts/31_semisynthetic.py,.venv/Scripts/python scripts/31_semisynthetic.py --perm --config null --perm-index K --threads=3,3dfe2bc68aa49279b271a02a1f2404d134495556,runs/peerreview_20261003/semisynthetic/perm_null/perm028_metrics.json
semisynthetic.zip,semisynthetic/perm_null/perm029_done.json,1780,5839faf04af1b20a1f2159cfdd77c3657218379da69fa3904e9be2810dc3fccf,scripts/31_semisynthetic.py,.venv/Scripts/python scripts/31_semisynthetic.py --perm --config null --perm-index K --threads=3,3dfe2bc68aa49279b271a02a1f2404d134495556,runs/peerreview_20261003/semisynthetic/perm_null/perm029_done.json
semisynthetic.zip,semisynthetic/perm_null/perm029_history.csv,4233,b7904c97b9e52f6db09ef3be1f4fc91b49f18395d2a298eaea47781429e50916,scripts/31_semisynthetic.py,.venv/Scripts/python scripts/31_semisynthetic.py --perm --config null --perm-index K --threads=3,3dfe2bc68aa49279b271a02a1f2404d134495556,runs/peerreview_20261003/semisynthetic/perm_null/perm029_history.csv
semisynthetic.zip,semisynthetic/perm_null/perm029_latent_usage_per_dimension.csv,1463,2aa289885ffbd5f98e1b7bf89f5f9e588d80aff264686d74d6cafb578e95f4fc,scripts/31_semisynthetic.py,.venv/Scripts/python scripts/31_semisynthetic.py --perm --config null --perm-index K --threads=3,3dfe2bc68aa49279b271a02a1f2404d134495556,runs/peerreview_20261003/semisynthetic/perm_null/perm029_latent_usage_per_dimension.csv
semisynthetic.zip,semisynthetic/perm_null/perm029_metrics.json,1780,5839faf04af1b20a1f2159cfdd77c3657218379da69fa3904e9be2810dc3fccf,scripts/31_semisynthetic.py,.venv/Scripts/python scripts/31_semisynthetic.py --perm --config null --perm-index K --threads=3,3dfe2bc68aa49279b271a02a1f2404d134495556,runs/peerreview_20261003/semisynthetic/perm_null/perm029_metrics.json
semisynthetic.zip,semisynthetic/perm_null/perm030_done.json,1789,763532115fde1f742db0a2777b51a89c4d61b8d97c3b9a43a1bd0c39be2f7948,scripts/31_semisynthetic.py,.venv/Scripts/python scripts/31_semisynthetic.py --perm --config null --perm-index K --threads=3,3dfe2bc68aa49279b271a02a1f2404d134495556,runs/peerreview_20261003/semisynthetic/perm_null/perm030_done.json
semisynthetic.zip,semisynthetic/perm_null/perm030_history.csv,4241,bd38e2191591b7e36d9295bfeea06244ad32f98a4ae67cf3893efd87a357d889,scripts/31_semisynthetic.py,.venv/Scripts/python scripts/31_semisynthetic.py --perm --config null --perm-index K --threads=3,3dfe2bc68aa49279b271a02a1f2404d134495556,runs/peerreview_20261003/semisynthetic/perm_null/perm030_history.csv
semisynthetic.zip,semisynthetic/perm_null/perm030_latent_usage_per_dimension.csv,1475,3cbb41f586464a1a13d315af4a553cffb223907cea648385e0bc3ca50358077e,scripts/31_semisynthetic.py,.venv/Scripts/python scripts/31_semisynthetic.py --perm --config null --perm-index K --threads=3,3dfe2bc68aa49279b271a02a1f2404d134495556,runs/peerreview_20261003/semisynthetic/perm_null/perm030_latent_usage_per_dimension.csv
semisynthetic.zip,semisynthetic/perm_null/perm030_metrics.json,1789,763532115fde1f742db0a2777b51a89c4d61b8d97c3b9a43a1bd0c39be2f7948,scripts/31_semisynthetic.py,.venv/Scripts/python scripts/31_semisynthetic.py --perm --config null --perm-index K --threads=3,3dfe2bc68aa49279b271a02a1f2404d134495556,runs/peerreview_20261003/semisynthetic/perm_null/perm030_metrics.json
semisynthetic.zip,semisynthetic/perm_null/perm031_done.json,1782,d113c0df2157d313e49e0a4448a52532e69ffd091390790d68e6500488d5b4a5,scripts/31_semisynthetic.py,.venv/Scripts/python scripts/31_semisynthetic.py --perm --config null --perm-index K --threads=3,3dfe2bc68aa49279b271a02a1f2404d134495556,runs/peerreview_20261003/semisynthetic/perm_null/perm031_done.json
semisynthetic.zip,semisynthetic/perm_null/perm031_history.csv,4221,7197f93996e92dd2b4c903a93c19df7dcdc4308937c607edcac1bab9fb200d12,scripts/31_semisynthetic.py,.venv/Scripts/python scripts/31_semisynthetic.py --perm --config null --perm-index K --threads=3,3dfe2bc68aa49279b271a02a1f2404d134495556,runs/peerreview_20261003/semisynthetic/perm_null/perm031_history.csv
semisynthetic.zip,semisynthetic/perm_null/perm031_latent_usage_per_dimension.csv,1472,c148381b580eb995807fc7c7d7aa70528e33f637bfc2ba32cb795c4c2917d548,scripts/31_semisynthetic.py,.venv/Scripts/python scripts/31_semisynthetic.py --perm --config null --perm-index K --threads=3,3dfe2bc68aa49279b271a02a1f2404d134495556,runs/peerreview_20261003/semisynthetic/perm_null/perm031_latent_usage_per_dimension.csv
semisynthetic.zip,semisynthetic/perm_null/perm031_metrics.json,1782,d113c0df2157d313e49e0a4448a52532e69ffd091390790d68e6500488d5b4a5,scripts/31_semisynthetic.py,.venv/Scripts/python scripts/31_semisynthetic.py --perm --config null --perm-index K --threads=3,3dfe2bc68aa49279b271a02a1f2404d134495556,runs/peerreview_20261003/semisynthetic/perm_null/perm031_metrics.json
semisynthetic.zip,semisynthetic/perm_null/perm032_done.json,1782,5a6a7e4d1977e796fc61a9839ae4ad702ffef5830baad0aaa5aef3040de26f4c,scripts/31_semisynthetic.py,.venv/Scripts/python scripts/31_semisynthetic.py --perm --config null --perm-index K --threads=3,3dfe2bc68aa49279b271a02a1f2404d134495556,runs/peerreview_20261003/semisynthetic/perm_null/perm032_done.json
semisynthetic.zip,semisynthetic/perm_null/perm032_history.csv,4232,1e70436212c97fd6de88359c6114e3fa1c89d1548e021363fd330a53598c2f08,scripts/31_semisynthetic.py,.venv/Scripts/python scripts/31_semisynthetic.py --perm --config null --perm-index K --threads=3,3dfe2bc68aa49279b271a02a1f2404d134495556,runs/peerreview_20261003/semisynthetic/perm_null/perm032_history.csv
semisynthetic.zip,semisynthetic/perm_null/perm032_latent_usage_per_dimension.csv,1465,26ae90d5b917d33beb7336100728a1a213f1343b5ccb80a0b9e3ff4eb76c0de3,scripts/31_semisynthetic.py,.venv/Scripts/python scripts/31_semisynthetic.py --perm --config null --perm-index K --threads=3,3dfe2bc68aa49279b271a02a1f2404d134495556,runs/peerreview_20261003/semisynthetic/perm_null/perm032_latent_usage_per_dimension.csv
semisynthetic.zip,semisynthetic/perm_null/perm032_metrics.json,1782,5a6a7e4d1977e796fc61a9839ae4ad702ffef5830baad0aaa5aef3040de26f4c,scripts/31_semisynthetic.py,.venv/Scripts/python scripts/31_semisynthetic.py --perm --config null --perm-index K --threads=3,3dfe2bc68aa49279b271a02a1f2404d134495556,runs/peerreview_20261003/semisynthetic/perm_null/perm032_metrics.json
semisynthetic.zip,semisynthetic/perm_null/perm033_done.json,1784,afbace46cb37f0a5e613626cc891cc1c85bf28904ddd922f36284b5bab40a149,scripts/31_semisynthetic.py,.venv/Scripts/python scripts/31_semisynthetic.py --perm --config null --perm-index K --threads=3,3dfe2bc68aa49279b271a02a1f2404d134495556,runs/peerreview_20261003/semisynthetic/perm_null/perm033_done.json
semisynthetic.zip,semisynthetic/perm_null/perm033_history.csv,4215,088e3afa82fd7d2da69f7004af11cca4d74348faf52f378156823e5d6633d9d6,scripts/31_semisynthetic.py,.venv/Scripts/python scripts/31_semisynthetic.py --perm --config null --perm-index K --threads=3,3dfe2bc68aa49279b271a02a1f2404d134495556,runs/peerreview_20261003/semisynthetic/perm_null/perm033_history.csv
semisynthetic.zip,semisynthetic/perm_null/perm033_latent_usage_per_dimension.csv,1464,c3a33bab76889a0c249f1e739bcc2f0acbdb0d72b9191cdf4b047beb44f72aa8,scripts/31_semisynthetic.py,.venv/Scripts/python scripts/31_semisynthetic.py --perm --config null --perm-index K --threads=3,3dfe2bc68aa49279b271a02a1f2404d134495556,runs/peerreview_20261003/semisynthetic/perm_null/perm033_latent_usage_per_dimension.csv
semisynthetic.zip,semisynthetic/perm_null/perm033_metrics.json,1784,afbace46cb37f0a5e613626cc891cc1c85bf28904ddd922f36284b5bab40a149,scripts/31_semisynthetic.py,.venv/Scripts/python scripts/31_semisynthetic.py --perm --config null --perm-index K --threads=3,3dfe2bc68aa49279b271a02a1f2404d134495556,runs/peerreview_20261003/semisynthetic/perm_null/perm033_metrics.json
semisynthetic.zip,semisynthetic/perm_null/perm034_done.json,1780,a9ce6fd2e2c480c437d4c87c584749bd6916417e8d2ed70178009c8c6a27cefe,scripts/31_semisynthetic.py,.venv/Scripts/python scripts/31_semisynthetic.py --perm --config null --perm-index K --threads=3,3dfe2bc68aa49279b271a02a1f2404d134495556,runs/peerreview_20261003/semisynthetic/perm_null/perm034_done.json
semisynthetic.zip,semisynthetic/perm_null/perm034_history.csv,4230,986117b9f6b4331b7d64f916280ecfa4f975b6bbb7ba8cb204777e709a10a64c,scripts/31_semisynthetic.py,.venv/Scripts/python scripts/31_semisynthetic.py --perm --config null --perm-index K --threads=3,3dfe2bc68aa49279b271a02a1f2404d134495556,runs/peerreview_20261003/semisynthetic/perm_null/perm034_history.csv
semisynthetic.zip,semisynthetic/perm_null/perm034_latent_usage_per_dimension.csv,1461,6bc5bac5035b7dd67e26d3cb176ff7fa9dacc7b5119e2ea7b395b42e42c80f6b,scripts/31_semisynthetic.py,.venv/Scripts/python scripts/31_semisynthetic.py --perm --config null --perm-index K --threads=3,3dfe2bc68aa49279b271a02a1f2404d134495556,runs/peerreview_20261003/semisynthetic/perm_null/perm034_latent_usage_per_dimension.csv
semisynthetic.zip,semisynthetic/perm_null/perm034_metrics.json,1780,a9ce6fd2e2c480c437d4c87c584749bd6916417e8d2ed70178009c8c6a27cefe,scripts/31_semisynthetic.py,.venv/Scripts/python scripts/31_semisynthetic.py --perm --config null --perm-index K --threads=3,3dfe2bc68aa49279b271a02a1f2404d134495556,runs/peerreview_20261003/semisynthetic/perm_null/perm034_metrics.json
semisynthetic.zip,semisynthetic/perm_null/perm035_done.json,1787,7cf31aafa14097c61e7ee208758273eb7e1a7a15cd295a6478fdb26b9bd5c636,scripts/31_semisynthetic.py,.venv/Scripts/python scripts/31_semisynthetic.py --perm --config null --perm-index K --threads=3,3dfe2bc68aa49279b271a02a1f2404d134495556,runs/peerreview_20261003/semisynthetic/perm_null/perm035_done.json
semisynthetic.zip,semisynthetic/perm_null/perm035_history.csv,4223,88af937b8d3b4524c2da85a3ec79d857994f48228bf891e68e8c5e8944ab9cab,scripts/31_semisynthetic.py,.venv/Scripts/python scripts/31_semisynthetic.py --perm --config null --perm-index K --threads=3,3dfe2bc68aa49279b271a02a1f2404d134495556,runs/peerreview_20261003/semisynthetic/perm_null/perm035_history.csv
semisynthetic.zip,semisynthetic/perm_null/perm035_latent_usage_per_dimension.csv,1474,b9742c4c410e472ffdacd1fdec62538bf0a0c73fdbbe0a91fcca8627e1780180,scripts/31_semisynthetic.py,.venv/Scripts/python scripts/31_semisynthetic.py --perm --config null --perm-index K --threads=3,3dfe2bc68aa49279b271a02a1f2404d134495556,runs/peerreview_20261003/semisynthetic/perm_null/perm035_latent_usage_per_dimension.csv
semisynthetic.zip,semisynthetic/perm_null/perm035_metrics.json,1787,7cf31aafa14097c61e7ee208758273eb7e1a7a15cd295a6478fdb26b9bd5c636,scripts/31_semisynthetic.py,.venv/Scripts/python scripts/31_semisynthetic.py --perm --config null --perm-index K --threads=3,3dfe2bc68aa49279b271a02a1f2404d134495556,runs/peerreview_20261003/semisynthetic/perm_null/perm035_metrics.json
semisynthetic.zip,semisynthetic/perm_null/perm036_done.json,1784,8d3b42b1f6c34881e099186e93277e6d37e4d19ff2a85acf8661c4255ebad947,scripts/31_semisynthetic.py,.venv/Scripts/python scripts/31_semisynthetic.py --perm --config null --perm-index K --threads=3,3dfe2bc68aa49279b271a02a1f2404d134495556,runs/peerreview_20261003/semisynthetic/perm_null/perm036_done.json
semisynthetic.zip,semisynthetic/perm_null/perm036_history.csv,4222,48b21dcefa53f1de610012cdb9a586f81352d670f26716f65ca655470f83846d,scripts/31_semisynthetic.py,.venv/Scripts/python scripts/31_semisynthetic.py --perm --config null --perm-index K --threads=3,3dfe2bc68aa49279b271a02a1f2404d134495556,runs/peerreview_20261003/semisynthetic/perm_null/perm036_history.csv
semisynthetic.zip,semisynthetic/perm_null/perm036_latent_usage_per_dimension.csv,1476,4e2abbcf0ed4b938cec2edc23a4c644fe08ddb6d8114fc59b81a17c7f1106087,scripts/31_semisynthetic.py,.venv/Scripts/python scripts/31_semisynthetic.py --perm --config null --perm-index K --threads=3,3dfe2bc68aa49279b271a02a1f2404d134495556,runs/peerreview_20261003/semisynthetic/perm_null/perm036_latent_usage_per_dimension.csv
semisynthetic.zip,semisynthetic/perm_null/perm036_metrics.json,1784,8d3b42b1f6c34881e099186e93277e6d37e4d19ff2a85acf8661c4255ebad947,scripts/31_semisynthetic.py,.venv/Scripts/python scripts/31_semisynthetic.py --perm --config null --perm-index K --threads=3,3dfe2bc68aa49279b271a02a1f2404d134495556,runs/peerreview_20261003/semisynthetic/perm_null/perm036_metrics.json
semisynthetic.zip,semisynthetic/perm_null/perm037_done.json,1781,4c288c61567b36189cc46c5e5b76b9b2f9094af0c08421028f3b6c60898e8149,scripts/31_semisynthetic.py,.venv/Scripts/python scripts/31_semisynthetic.py --perm --config null --perm-index K --threads=3,3dfe2bc68aa49279b271a02a1f2404d134495556,runs/peerreview_20261003/semisynthetic/perm_null/perm037_done.json
semisynthetic.zip,semisynthetic/perm_null/perm037_history.csv,4228,62ee182ab8c2311757b6ce5a1251a3cca6275ecc0a7e86b09732eee67a856d19,scripts/31_semisynthetic.py,.venv/Scripts/python scripts/31_semisynthetic.py --perm --config null --perm-index K --threads=3,3dfe2bc68aa49279b271a02a1f2404d134495556,runs/peerreview_20261003/semisynthetic/perm_null/perm037_history.csv
semisynthetic.zip,semisynthetic/perm_null/perm037_latent_usage_per_dimension.csv,1463,2577a6bbf67e6c66cd5315fc17ca309627a8cd317bdaf609ca4094337d0033f8,scripts/31_semisynthetic.py,.venv/Scripts/python scripts/31_semisynthetic.py --perm --config null --perm-index K --threads=3,3dfe2bc68aa49279b271a02a1f2404d134495556,runs/peerreview_20261003/semisynthetic/perm_null/perm037_latent_usage_per_dimension.csv
semisynthetic.zip,semisynthetic/perm_null/perm037_metrics.json,1781,4c288c61567b36189cc46c5e5b76b9b2f9094af0c08421028f3b6c60898e8149,scripts/31_semisynthetic.py,.venv/Scripts/python scripts/31_semisynthetic.py --perm --config null --perm-index K --threads=3,3dfe2bc68aa49279b271a02a1f2404d134495556,runs/peerreview_20261003/semisynthetic/perm_null/perm037_metrics.json
semisynthetic.zip,semisynthetic/perm_null/perm038_done.json,1780,9d1d971d0d43c9101f08a7ff3adca50840d89a2c0f92281e32d147bf26825b6e,scripts/31_semisynthetic.py,.venv/Scripts/python scripts/31_semisynthetic.py --perm --config null --perm-index K --threads=3,3dfe2bc68aa49279b271a02a1f2404d134495556,runs/peerreview_20261003/semisynthetic/perm_null/perm038_done.json
semisynthetic.zip,semisynthetic/perm_null/perm038_history.csv,4232,aeb8d1df06038ff1d53b1674ab8af5d636e92902f216c844841a596351e33d69,scripts/31_semisynthetic.py,.venv/Scripts/python scripts/31_semisynthetic.py --perm --config null --perm-index K --threads=3,3dfe2bc68aa49279b271a02a1f2404d134495556,runs/peerreview_20261003/semisynthetic/perm_null/perm038_history.csv
semisynthetic.zip,semisynthetic/perm_null/perm038_latent_usage_per_dimension.csv,1467,75f820daa6ef205ad8b0273a840de16cbdca030e8341b689cbe315925d598132,scripts/31_semisynthetic.py,.venv/Scripts/python scripts/31_semisynthetic.py --perm --config null --perm-index K --threads=3,3dfe2bc68aa49279b271a02a1f2404d134495556,runs/peerreview_20261003/semisynthetic/perm_null/perm038_latent_usage_per_dimension.csv
semisynthetic.zip,semisynthetic/perm_null/perm038_metrics.json,1780,9d1d971d0d43c9101f08a7ff3adca50840d89a2c0f92281e32d147bf26825b6e,scripts/31_semisynthetic.py,.venv/Scripts/python scripts/31_semisynthetic.py --perm --config null --perm-index K --threads=3,3dfe2bc68aa49279b271a02a1f2404d134495556,runs/peerreview_20261003/semisynthetic/perm_null/perm038_metrics.json
semisynthetic.zip,semisynthetic/perm_null/perm039_done.json,1788,4011fce1ec2c39036d3cdef878d2f0d649ef3dee8ee9a086dcf7754777fc56b8,scripts/31_semisynthetic.py,.venv/Scripts/python scripts/31_semisynthetic.py --perm --config null --perm-index K --threads=3,3dfe2bc68aa49279b271a02a1f2404d134495556,runs/peerreview_20261003/semisynthetic/perm_null/perm039_done.json
semisynthetic.zip,semisynthetic/perm_null/perm039_history.csv,4234,afd32102cb94d7fdf559640e9947c078777ef45bc1af83a38a0e3d911d6cb25d,scripts/31_semisynthetic.py,.venv/Scripts/python scripts/31_semisynthetic.py --perm --config null --perm-index K --threads=3,3dfe2bc68aa49279b271a02a1f2404d134495556,runs/peerreview_20261003/semisynthetic/perm_null/perm039_history.csv
semisynthetic.zip,semisynthetic/perm_null/perm039_latent_usage_per_dimension.csv,1470,80ce5eefff00435c5209286f2d02156083340fb17a4a5d388e2bd2793d63e50a,scripts/31_semisynthetic.py,.venv/Scripts/python scripts/31_semisynthetic.py --perm --config null --perm-index K --threads=3,3dfe2bc68aa49279b271a02a1f2404d134495556,runs/peerreview_20261003/semisynthetic/perm_null/perm039_latent_usage_per_dimension.csv
semisynthetic.zip,semisynthetic/perm_null/perm039_metrics.json,1788,4011fce1ec2c39036d3cdef878d2f0d649ef3dee8ee9a086dcf7754777fc56b8,scripts/31_semisynthetic.py,.venv/Scripts/python scripts/31_semisynthetic.py --perm --config null --perm-index K --threads=3,3dfe2bc68aa49279b271a02a1f2404d134495556,runs/peerreview_20261003/semisynthetic/perm_null/perm039_metrics.json
semisynthetic.zip,semisynthetic/perm_null/perm040_done.json,1787,7715f208f2b20acfeb9ba8688f14bd36682343fcef8ca74c938eb655f239f8c9,scripts/31_semisynthetic.py,.venv/Scripts/python scripts/31_semisynthetic.py --perm --config null --perm-index K --threads=3,3dfe2bc68aa49279b271a02a1f2404d134495556,runs/peerreview_20261003/semisynthetic/perm_null/perm040_done.json
semisynthetic.zip,semisynthetic/perm_null/perm040_history.csv,4229,13b17b094422da233c6ca4ce38b3b383ab444a2f408e0cbed012bf5f24d4e9b4,scripts/31_semisynthetic.py,.venv/Scripts/python scripts/31_semisynthetic.py --perm --config null --perm-index K --threads=3,3dfe2bc68aa49279b271a02a1f2404d134495556,runs/peerreview_20261003/semisynthetic/perm_null/perm040_history.csv
semisynthetic.zip,semisynthetic/perm_null/perm040_latent_usage_per_dimension.csv,1482,0525d1171f139d34b85771eb2784d5ca545a7e719bdf8dad591805b5eaf30a1b,scripts/31_semisynthetic.py,.venv/Scripts/python scripts/31_semisynthetic.py --perm --config null --perm-index K --threads=3,3dfe2bc68aa49279b271a02a1f2404d134495556,runs/peerreview_20261003/semisynthetic/perm_null/perm040_latent_usage_per_dimension.csv
semisynthetic.zip,semisynthetic/perm_null/perm040_metrics.json,1787,7715f208f2b20acfeb9ba8688f14bd36682343fcef8ca74c938eb655f239f8c9,scripts/31_semisynthetic.py,.venv/Scripts/python scripts/31_semisynthetic.py --perm --config null --perm-index K --threads=3,3dfe2bc68aa49279b271a02a1f2404d134495556,runs/peerreview_20261003/semisynthetic/perm_null/perm040_metrics.json
semisynthetic.zip,semisynthetic/perm_null/perm041_done.json,1790,56bda8b8c32b9200f837d49ae054fd9449eb80c0b3027a12c473c03e3ea2f65c,scripts/31_semisynthetic.py,.venv/Scripts/python scripts/31_semisynthetic.py --perm --config null --perm-index K --threads=3,3dfe2bc68aa49279b271a02a1f2404d134495556,runs/peerreview_20261003/semisynthetic/perm_null/perm041_done.json
semisynthetic.zip,semisynthetic/perm_null/perm041_history.csv,4236,7f5c9e21c65a18fc8925f65bf8f20402a1b1d1ca87bd0f85f70597bd56c944b3,scripts/31_semisynthetic.py,.venv/Scripts/python scripts/31_semisynthetic.py --perm --config null --perm-index K --threads=3,3dfe2bc68aa49279b271a02a1f2404d134495556,runs/peerreview_20261003/semisynthetic/perm_null/perm041_history.csv
semisynthetic.zip,semisynthetic/perm_null/perm041_latent_usage_per_dimension.csv,1481,f8d1902180a5efbcf10ceb14da427c2901b1867f0930c7e8eb07331a6caba004,scripts/31_semisynthetic.py,.venv/Scripts/python scripts/31_semisynthetic.py --perm --config null --perm-index K --threads=3,3dfe2bc68aa49279b271a02a1f2404d134495556,runs/peerreview_20261003/semisynthetic/perm_null/perm041_latent_usage_per_dimension.csv
semisynthetic.zip,semisynthetic/perm_null/perm041_metrics.json,1790,56bda8b8c32b9200f837d49ae054fd9449eb80c0b3027a12c473c03e3ea2f65c,scripts/31_semisynthetic.py,.venv/Scripts/python scripts/31_semisynthetic.py --perm --config null --perm-index K --threads=3,3dfe2bc68aa49279b271a02a1f2404d134495556,runs/peerreview_20261003/semisynthetic/perm_null/perm041_metrics.json
semisynthetic.zip,semisynthetic/perm_null/perm042_done.json,1783,1004ee30f6cef191fed00cbc98c9b6e8c0bf615007d0b94bef1120b0a170640d,scripts/31_semisynthetic.py,.venv/Scripts/python scripts/31_semisynthetic.py --perm --config null --perm-index K --threads=3,3dfe2bc68aa49279b271a02a1f2404d134495556,runs/peerreview_20261003/semisynthetic/perm_null/perm042_done.json
semisynthetic.zip,semisynthetic/perm_null/perm042_history.csv,4237,18b8e7cab58a38ed8a30b5b0f9d55f658ce16c80bda50b4fe1ced4cffcc406ce,scripts/31_semisynthetic.py,.venv/Scripts/python scripts/31_semisynthetic.py --perm --config null --perm-index K --threads=3,3dfe2bc68aa49279b271a02a1f2404d134495556,runs/peerreview_20261003/semisynthetic/perm_null/perm042_history.csv
semisynthetic.zip,semisynthetic/perm_null/perm042_latent_usage_per_dimension.csv,1464,a0487b5298269f007eac33847942acda761aabbc6f9c066987674c06ee17462c,scripts/31_semisynthetic.py,.venv/Scripts/python scripts/31_semisynthetic.py --perm --config null --perm-index K --threads=3,3dfe2bc68aa49279b271a02a1f2404d134495556,runs/peerreview_20261003/semisynthetic/perm_null/perm042_latent_usage_per_dimension.csv
semisynthetic.zip,semisynthetic/perm_null/perm042_metrics.json,1783,1004ee30f6cef191fed00cbc98c9b6e8c0bf615007d0b94bef1120b0a170640d,scripts/31_semisynthetic.py,.venv/Scripts/python scripts/31_semisynthetic.py --perm --config null --perm-index K --threads=3,3dfe2bc68aa49279b271a02a1f2404d134495556,runs/peerreview_20261003/semisynthetic/perm_null/perm042_metrics.json
semisynthetic.zip,semisynthetic/perm_null/perm043_done.json,1776,4485c94679f3e6371b35eddd9b29a60c320a77ed4966852a20b30366e607bba3,scripts/31_semisynthetic.py,.venv/Scripts/python scripts/31_semisynthetic.py --perm --config null --perm-index K --threads=3,3dfe2bc68aa49279b271a02a1f2404d134495556,runs/peerreview_20261003/semisynthetic/perm_null/perm043_done.json
semisynthetic.zip,semisynthetic/perm_null/perm043_history.csv,4226,6049a49190ec001e0238cd17afa10d8303a4fb7cddc46ea0746fb8555eca5991,scripts/31_semisynthetic.py,.venv/Scripts/python scripts/31_semisynthetic.py --perm --config null --perm-index K --threads=3,3dfe2bc68aa49279b271a02a1f2404d134495556,runs/peerreview_20261003/semisynthetic/perm_null/perm043_history.csv
semisynthetic.zip,semisynthetic/perm_null/perm043_latent_usage_per_dimension.csv,1463,d9622c8eac175969e35bdc894b34002da81e6b0f86a88a27111c53676f0a293c,scripts/31_semisynthetic.py,.venv/Scripts/python scripts/31_semisynthetic.py --perm --config null --perm-index K --threads=3,3dfe2bc68aa49279b271a02a1f2404d134495556,runs/peerreview_20261003/semisynthetic/perm_null/perm043_latent_usage_per_dimension.csv
semisynthetic.zip,semisynthetic/perm_null/perm043_metrics.json,1776,4485c94679f3e6371b35eddd9b29a60c320a77ed4966852a20b30366e607bba3,scripts/31_semisynthetic.py,.venv/Scripts/python scripts/31_semisynthetic.py --perm --config null --perm-index K --threads=3,3dfe2bc68aa49279b271a02a1f2404d134495556,runs/peerreview_20261003/semisynthetic/perm_null/perm043_metrics.json
semisynthetic.zip,semisynthetic/perm_null/perm044_done.json,1781,e24d75c686808842bea34dc01afd8fe709cd4320f5138d8c767c69b4a3a000c6,scripts/31_semisynthetic.py,.venv/Scripts/python scripts/31_semisynthetic.py --perm --config null --perm-index K --threads=3,3dfe2bc68aa49279b271a02a1f2404d134495556,runs/peerreview_20261003/semisynthetic/perm_null/perm044_done.json
semisynthetic.zip,semisynthetic/perm_null/perm044_history.csv,4239,6c5902541f4526b9b64f1b2d45033c43a65060243d317c8e59fd14d098f019df,scripts/31_semisynthetic.py,.venv/Scripts/python scripts/31_semisynthetic.py --perm --config null --perm-index K --threads=3,3dfe2bc68aa49279b271a02a1f2404d134495556,runs/peerreview_20261003/semisynthetic/perm_null/perm044_history.csv
semisynthetic.zip,semisynthetic/perm_null/perm044_latent_usage_per_dimension.csv,1461,313e83b331e68a2244263f66cb352a3ef15d28343affe5090ab7de9a1cb3eb1e,scripts/31_semisynthetic.py,.venv/Scripts/python scripts/31_semisynthetic.py --perm --config null --perm-index K --threads=3,3dfe2bc68aa49279b271a02a1f2404d134495556,runs/peerreview_20261003/semisynthetic/perm_null/perm044_latent_usage_per_dimension.csv
semisynthetic.zip,semisynthetic/perm_null/perm044_metrics.json,1781,e24d75c686808842bea34dc01afd8fe709cd4320f5138d8c767c69b4a3a000c6,scripts/31_semisynthetic.py,.venv/Scripts/python scripts/31_semisynthetic.py --perm --config null --perm-index K --threads=3,3dfe2bc68aa49279b271a02a1f2404d134495556,runs/peerreview_20261003/semisynthetic/perm_null/perm044_metrics.json
semisynthetic.zip,semisynthetic/perm_null/perm045_done.json,1783,e95c6b56b2731eb08a8a06daa65d1d2aad97c86fed0e968bfc6b7db55c473b22,scripts/31_semisynthetic.py,.venv/Scripts/python scripts/31_semisynthetic.py --perm --config null --perm-index K --threads=3,3dfe2bc68aa49279b271a02a1f2404d134495556,runs/peerreview_20261003/semisynthetic/perm_null/perm045_done.json
semisynthetic.zip,semisynthetic/perm_null/perm045_history.csv,4220,3ecf096273858004bd4139074a6ae4534d818a235dd399f6c699e82929f3bc44,scripts/31_semisynthetic.py,.venv/Scripts/python scripts/31_semisynthetic.py --perm --config null --perm-index K --threads=3,3dfe2bc68aa49279b271a02a1f2404d134495556,runs/peerreview_20261003/semisynthetic/perm_null/perm045_history.csv
semisynthetic.zip,semisynthetic/perm_null/perm045_latent_usage_per_dimension.csv,1470,266064deee3388bcb6399d8b06b82a946948871278254bb6c3a9ce8e58dace24,scripts/31_semisynthetic.py,.venv/Scripts/python scripts/31_semisynthetic.py --perm --config null --perm-index K --threads=3,3dfe2bc68aa49279b271a02a1f2404d134495556,runs/peerreview_20261003/semisynthetic/perm_null/perm045_latent_usage_per_dimension.csv
semisynthetic.zip,semisynthetic/perm_null/perm045_metrics.json,1783,e95c6b56b2731eb08a8a06daa65d1d2aad97c86fed0e968bfc6b7db55c473b22,scripts/31_semisynthetic.py,.venv/Scripts/python scripts/31_semisynthetic.py --perm --config null --perm-index K --threads=3,3dfe2bc68aa49279b271a02a1f2404d134495556,runs/peerreview_20261003/semisynthetic/perm_null/perm045_metrics.json
semisynthetic.zip,semisynthetic/perm_null/perm046_done.json,1783,16a8195df68779906d67ca998f3d727fe48271c938a8538149bb6e7f9acd6d57,scripts/31_semisynthetic.py,.venv/Scripts/python scripts/31_semisynthetic.py --perm --config null --perm-index K --threads=3,3dfe2bc68aa49279b271a02a1f2404d134495556,runs/peerreview_20261003/semisynthetic/perm_null/perm046_done.json
semisynthetic.zip,semisynthetic/perm_null/perm046_history.csv,4225,4affdb6095e32bea02b6bca74a79a60928e76bf71021791bb5cb8fff9869a54a,scripts/31_semisynthetic.py,.venv/Scripts/python scripts/31_semisynthetic.py --perm --config null --perm-index K --threads=3,3dfe2bc68aa49279b271a02a1f2404d134495556,runs/peerreview_20261003/semisynthetic/perm_null/perm046_history.csv
semisynthetic.zip,semisynthetic/perm_null/perm046_latent_usage_per_dimension.csv,1467,016d9b6537d6d9bb9904cc19f1d1a3697c6c77d975c24099825481840e9abfbe,scripts/31_semisynthetic.py,.venv/Scripts/python scripts/31_semisynthetic.py --perm --config null --perm-index K --threads=3,3dfe2bc68aa49279b271a02a1f2404d134495556,runs/peerreview_20261003/semisynthetic/perm_null/perm046_latent_usage_per_dimension.csv
semisynthetic.zip,semisynthetic/perm_null/perm046_metrics.json,1783,16a8195df68779906d67ca998f3d727fe48271c938a8538149bb6e7f9acd6d57,scripts/31_semisynthetic.py,.venv/Scripts/python scripts/31_semisynthetic.py --perm --config null --perm-index K --threads=3,3dfe2bc68aa49279b271a02a1f2404d134495556,runs/peerreview_20261003/semisynthetic/perm_null/perm046_metrics.json
semisynthetic.zip,semisynthetic/perm_null/perm047_done.json,1785,adf22bfcbe7b0e8ec03d68115484c8eaa25987ef3323bb917f83ab596f83958b,scripts/31_semisynthetic.py,.venv/Scripts/python scripts/31_semisynthetic.py --perm --config null --perm-index K --threads=3,3dfe2bc68aa49279b271a02a1f2404d134495556,runs/peerreview_20261003/semisynthetic/perm_null/perm047_done.json
semisynthetic.zip,semisynthetic/perm_null/perm047_history.csv,4227,0476baf2a3a325a47cd478d82e8dd552f7189b9905f3d5906a421ef7b39d7a19,scripts/31_semisynthetic.py,.venv/Scripts/python scripts/31_semisynthetic.py --perm --config null --perm-index K --threads=3,3dfe2bc68aa49279b271a02a1f2404d134495556,runs/peerreview_20261003/semisynthetic/perm_null/perm047_history.csv
semisynthetic.zip,semisynthetic/perm_null/perm047_latent_usage_per_dimension.csv,1477,98a587dff909972bd764383cd7f87c95b37bf6d64d3c719fc2d9a45568b28b07,scripts/31_semisynthetic.py,.venv/Scripts/python scripts/31_semisynthetic.py --perm --config null --perm-index K --threads=3,3dfe2bc68aa49279b271a02a1f2404d134495556,runs/peerreview_20261003/semisynthetic/perm_null/perm047_latent_usage_per_dimension.csv
semisynthetic.zip,semisynthetic/perm_null/perm047_metrics.json,1785,adf22bfcbe7b0e8ec03d68115484c8eaa25987ef3323bb917f83ab596f83958b,scripts/31_semisynthetic.py,.venv/Scripts/python scripts/31_semisynthetic.py --perm --config null --perm-index K --threads=3,3dfe2bc68aa49279b271a02a1f2404d134495556,runs/peerreview_20261003/semisynthetic/perm_null/perm047_metrics.json
semisynthetic.zip,semisynthetic/perm_null/perm048_done.json,1784,d3cb64692db00fa031b86644327631de0c2ecc21b5a00081e048a2efe790b433,scripts/31_semisynthetic.py,.venv/Scripts/python scripts/31_semisynthetic.py --perm --config null --perm-index K --threads=3,3dfe2bc68aa49279b271a02a1f2404d134495556,runs/peerreview_20261003/semisynthetic/perm_null/perm048_done.json
semisynthetic.zip,semisynthetic/perm_null/perm048_history.csv,4237,d7aa31385bb763fdf2dce14d961101a5e6a809098228c318a581704ef3d17afa,scripts/31_semisynthetic.py,.venv/Scripts/python scripts/31_semisynthetic.py --perm --config null --perm-index K --threads=3,3dfe2bc68aa49279b271a02a1f2404d134495556,runs/peerreview_20261003/semisynthetic/perm_null/perm048_history.csv
semisynthetic.zip,semisynthetic/perm_null/perm048_latent_usage_per_dimension.csv,1470,96a22450580e6d048c563f2b03eda2dd48b5ff3d3eab8a8f05e4dc1a380c521b,scripts/31_semisynthetic.py,.venv/Scripts/python scripts/31_semisynthetic.py --perm --config null --perm-index K --threads=3,3dfe2bc68aa49279b271a02a1f2404d134495556,runs/peerreview_20261003/semisynthetic/perm_null/perm048_latent_usage_per_dimension.csv
semisynthetic.zip,semisynthetic/perm_null/perm048_metrics.json,1784,d3cb64692db00fa031b86644327631de0c2ecc21b5a00081e048a2efe790b433,scripts/31_semisynthetic.py,.venv/Scripts/python scripts/31_semisynthetic.py --perm --config null --perm-index K --threads=3,3dfe2bc68aa49279b271a02a1f2404d134495556,runs/peerreview_20261003/semisynthetic/perm_null/perm048_metrics.json
semisynthetic.zip,semisynthetic/perm_null/perm049_done.json,1780,5b21d9648385ac2583927a8774f2378163d68b4c0c19ce883c8cf98ecf30e7c5,scripts/31_semisynthetic.py,.venv/Scripts/python scripts/31_semisynthetic.py --perm --config null --perm-index K --threads=3,3dfe2bc68aa49279b271a02a1f2404d134495556,runs/peerreview_20261003/semisynthetic/perm_null/perm049_done.json
semisynthetic.zip,semisynthetic/perm_null/perm049_history.csv,4233,6d622355811207305ea21aa50239b829c79b06800c0c1e6acbb19b018e405f61,scripts/31_semisynthetic.py,.venv/Scripts/python scripts/31_semisynthetic.py --perm --config null --perm-index K --threads=3,3dfe2bc68aa49279b271a02a1f2404d134495556,runs/peerreview_20261003/semisynthetic/perm_null/perm049_history.csv
semisynthetic.zip,semisynthetic/perm_null/perm049_latent_usage_per_dimension.csv,1460,06d9376b8deb28a17eb95ef9c74006a1ac5d31f5e782e34f7fc9788de9142ff5,scripts/31_semisynthetic.py,.venv/Scripts/python scripts/31_semisynthetic.py --perm --config null --perm-index K --threads=3,3dfe2bc68aa49279b271a02a1f2404d134495556,runs/peerreview_20261003/semisynthetic/perm_null/perm049_latent_usage_per_dimension.csv
semisynthetic.zip,semisynthetic/perm_null/perm049_metrics.json,1780,5b21d9648385ac2583927a8774f2378163d68b4c0c19ce883c8cf98ecf30e7c5,scripts/31_semisynthetic.py,.venv/Scripts/python scripts/31_semisynthetic.py --perm --config null --perm-index K --threads=3,3dfe2bc68aa49279b271a02a1f2404d134495556,runs/peerreview_20261003/semisynthetic/perm_null/perm049_metrics.json
semisynthetic.zip,semisynthetic/perm_null/perm050_done.json,1791,a27281dec679f16e7ac169b611ef81e4b417b75d1e609bdf81f987c5a6c27898,scripts/31_semisynthetic.py,.venv/Scripts/python scripts/31_semisynthetic.py --perm --config null --perm-index K --threads=3,3dfe2bc68aa49279b271a02a1f2404d134495556,runs/peerreview_20261003/semisynthetic/perm_null/perm050_done.json
semisynthetic.zip,semisynthetic/perm_null/perm050_history.csv,4235,a1b4f4c9d2c2e24d38d7b8d85bcbba8aed5df7ea08974b29759ed4d7c02b043e,scripts/31_semisynthetic.py,.venv/Scripts/python scripts/31_semisynthetic.py --perm --config null --perm-index K --threads=3,3dfe2bc68aa49279b271a02a1f2404d134495556,runs/peerreview_20261003/semisynthetic/perm_null/perm050_history.csv
semisynthetic.zip,semisynthetic/perm_null/perm050_latent_usage_per_dimension.csv,1477,7e9a5680528b444363f830f2a988fb2b2c0420a84fc9d089bb27c98731e5ee9b,scripts/31_semisynthetic.py,.venv/Scripts/python scripts/31_semisynthetic.py --perm --config null --perm-index K --threads=3,3dfe2bc68aa49279b271a02a1f2404d134495556,runs/peerreview_20261003/semisynthetic/perm_null/perm050_latent_usage_per_dimension.csv
semisynthetic.zip,semisynthetic/perm_null/perm050_metrics.json,1791,a27281dec679f16e7ac169b611ef81e4b417b75d1e609bdf81f987c5a6c27898,scripts/31_semisynthetic.py,.venv/Scripts/python scripts/31_semisynthetic.py --perm --config null --perm-index K --threads=3,3dfe2bc68aa49279b271a02a1f2404d134495556,runs/peerreview_20261003/semisynthetic/perm_null/perm050_metrics.json
semisynthetic.zip,semisynthetic/perm_null/perm051_done.json,1786,6b121ffe2c034ec7e446047839aa2105b0723aeec61d72be46789a6ef4c825ba,scripts/31_semisynthetic.py,.venv/Scripts/python scripts/31_semisynthetic.py --perm --config null --perm-index K --threads=3,3dfe2bc68aa49279b271a02a1f2404d134495556,runs/peerreview_20261003/semisynthetic/perm_null/perm051_done.json
semisynthetic.zip,semisynthetic/perm_null/perm051_history.csv,4236,154760991f326820626d0e7b6a51cea39bb34de096c4dc8cf8bfb3d07e103da4,scripts/31_semisynthetic.py,.venv/Scripts/python scripts/31_semisynthetic.py --perm --config null --perm-index K --threads=3,3dfe2bc68aa49279b271a02a1f2404d134495556,runs/peerreview_20261003/semisynthetic/perm_null/perm051_history.csv
semisynthetic.zip,semisynthetic/perm_null/perm051_latent_usage_per_dimension.csv,1475,f0275aba0f742cff37b5c75d61d2c483cc71706daaf870837bbd9ae5973d0bf9,scripts/31_semisynthetic.py,.venv/Scripts/python scripts/31_semisynthetic.py --perm --config null --perm-index K --threads=3,3dfe2bc68aa49279b271a02a1f2404d134495556,runs/peerreview_20261003/semisynthetic/perm_null/perm051_latent_usage_per_dimension.csv
semisynthetic.zip,semisynthetic/perm_null/perm051_metrics.json,1786,6b121ffe2c034ec7e446047839aa2105b0723aeec61d72be46789a6ef4c825ba,scripts/31_semisynthetic.py,.venv/Scripts/python scripts/31_semisynthetic.py --perm --config null --perm-index K --threads=3,3dfe2bc68aa49279b271a02a1f2404d134495556,runs/peerreview_20261003/semisynthetic/perm_null/perm051_metrics.json
semisynthetic.zip,semisynthetic/perm_null/perm052_done.json,1783,3bcb156fb2ae88766b64f8593343fff22d5375f7a6ed1a0ad614f76ea0bb1876,scripts/31_semisynthetic.py,.venv/Scripts/python scripts/31_semisynthetic.py --perm --config null --perm-index K --threads=3,3dfe2bc68aa49279b271a02a1f2404d134495556,runs/peerreview_20261003/semisynthetic/perm_null/perm052_done.json
semisynthetic.zip,semisynthetic/perm_null/perm052_history.csv,4233,696eacd20e5da594f3f276adeb6f75f55a603420d57af70eefab8f4f438af5cb,scripts/31_semisynthetic.py,.venv/Scripts/python scripts/31_semisynthetic.py --perm --config null --perm-index K --threads=3,3dfe2bc68aa49279b271a02a1f2404d134495556,runs/peerreview_20261003/semisynthetic/perm_null/perm052_history.csv
semisynthetic.zip,semisynthetic/perm_null/perm052_latent_usage_per_dimension.csv,1475,7fc0c59a3eb91e4a0820ab809b4346466c6e0fc5875ad82fd74573e3f0f5bdda,scripts/31_semisynthetic.py,.venv/Scripts/python scripts/31_semisynthetic.py --perm --config null --perm-index K --threads=3,3dfe2bc68aa49279b271a02a1f2404d134495556,runs/peerreview_20261003/semisynthetic/perm_null/perm052_latent_usage_per_dimension.csv
semisynthetic.zip,semisynthetic/perm_null/perm052_metrics.json,1783,3bcb156fb2ae88766b64f8593343fff22d5375f7a6ed1a0ad614f76ea0bb1876,scripts/31_semisynthetic.py,.venv/Scripts/python scripts/31_semisynthetic.py --perm --config null --perm-index K --threads=3,3dfe2bc68aa49279b271a02a1f2404d134495556,runs/peerreview_20261003/semisynthetic/perm_null/perm052_metrics.json
semisynthetic.zip,semisynthetic/perm_null/perm053_done.json,1777,ed978917fb6166b4c71cb1483a302c0944a35616e695698c5ce4988c5af158bd,scripts/31_semisynthetic.py,.venv/Scripts/python scripts/31_semisynthetic.py --perm --config null --perm-index K --threads=3,3dfe2bc68aa49279b271a02a1f2404d134495556,runs/peerreview_20261003/semisynthetic/perm_null/perm053_done.json
semisynthetic.zip,semisynthetic/perm_null/perm053_history.csv,4242,a9e5c3684b577da06e6b44866e3d1cd99d85206d4acfc11f2b7673ee0eadd8b3,scripts/31_semisynthetic.py,.venv/Scripts/python scripts/31_semisynthetic.py --perm --config null --perm-index K --threads=3,3dfe2bc68aa49279b271a02a1f2404d134495556,runs/peerreview_20261003/semisynthetic/perm_null/perm053_history.csv
semisynthetic.zip,semisynthetic/perm_null/perm053_latent_usage_per_dimension.csv,1472,e90f9480e87fba43359210ae58811aa5db49884fc17334faed4e8663cd51052b,scripts/31_semisynthetic.py,.venv/Scripts/python scripts/31_semisynthetic.py --perm --config null --perm-index K --threads=3,3dfe2bc68aa49279b271a02a1f2404d134495556,runs/peerreview_20261003/semisynthetic/perm_null/perm053_latent_usage_per_dimension.csv
semisynthetic.zip,semisynthetic/perm_null/perm053_metrics.json,1777,ed978917fb6166b4c71cb1483a302c0944a35616e695698c5ce4988c5af158bd,scripts/31_semisynthetic.py,.venv/Scripts/python scripts/31_semisynthetic.py --perm --config null --perm-index K --threads=3,3dfe2bc68aa49279b271a02a1f2404d134495556,runs/peerreview_20261003/semisynthetic/perm_null/perm053_metrics.json
semisynthetic.zip,semisynthetic/perm_null/perm054_done.json,1782,82ac15d0e428c6c3cdc5d9e1102926d9e329a3ea972f081e79ff97b82d946f07,scripts/31_semisynthetic.py,.venv/Scripts/python scripts/31_semisynthetic.py --perm --config null --perm-index K --threads=3,3dfe2bc68aa49279b271a02a1f2404d134495556,runs/peerreview_20261003/semisynthetic/perm_null/perm054_done.json
semisynthetic.zip,semisynthetic/perm_null/perm054_history.csv,4221,c1e2a7544a3e6ba8d33b483aee6824ddd51baed9ad71983df754bdc67c97bba2,scripts/31_semisynthetic.py,.venv/Scripts/python scripts/31_semisynthetic.py --perm --config null --perm-index K --threads=3,3dfe2bc68aa49279b271a02a1f2404d134495556,runs/peerreview_20261003/semisynthetic/perm_null/perm054_history.csv
semisynthetic.zip,semisynthetic/perm_null/perm054_latent_usage_per_dimension.csv,1477,10992b92ffac9fdc36ca30716587e54c7325ddddb6fe533a69964420fd10b621,scripts/31_semisynthetic.py,.venv/Scripts/python scripts/31_semisynthetic.py --perm --config null --perm-index K --threads=3,3dfe2bc68aa49279b271a02a1f2404d134495556,runs/peerreview_20261003/semisynthetic/perm_null/perm054_latent_usage_per_dimension.csv
semisynthetic.zip,semisynthetic/perm_null/perm054_metrics.json,1782,82ac15d0e428c6c3cdc5d9e1102926d9e329a3ea972f081e79ff97b82d946f07,scripts/31_semisynthetic.py,.venv/Scripts/python scripts/31_semisynthetic.py --perm --config null --perm-index K --threads=3,3dfe2bc68aa49279b271a02a1f2404d134495556,runs/peerreview_20261003/semisynthetic/perm_null/perm054_metrics.json
semisynthetic.zip,semisynthetic/perm_null/perm055_done.json,1787,7c949c9aa3408cc56fa67c0b9890480025faf138fb18ab722ce98be59ca4a500,scripts/31_semisynthetic.py,.venv/Scripts/python scripts/31_semisynthetic.py --perm --config null --perm-index K --threads=3,3dfe2bc68aa49279b271a02a1f2404d134495556,runs/peerreview_20261003/semisynthetic/perm_null/perm055_done.json
semisynthetic.zip,semisynthetic/perm_null/perm055_history.csv,4228,2aa7022e1097d33e083fb86130d22764f9b6b146816b5c3729d18aabc33e4d49,scripts/31_semisynthetic.py,.venv/Scripts/python scripts/31_semisynthetic.py --perm --config null --perm-index K --threads=3,3dfe2bc68aa49279b271a02a1f2404d134495556,runs/peerreview_20261003/semisynthetic/perm_null/perm055_history.csv
semisynthetic.zip,semisynthetic/perm_null/perm055_latent_usage_per_dimension.csv,1475,0f25b174f65c56d6d3eb08003e6e5cb7567ee705df74760d1080905d8a476630,scripts/31_semisynthetic.py,.venv/Scripts/python scripts/31_semisynthetic.py --perm --config null --perm-index K --threads=3,3dfe2bc68aa49279b271a02a1f2404d134495556,runs/peerreview_20261003/semisynthetic/perm_null/perm055_latent_usage_per_dimension.csv
semisynthetic.zip,semisynthetic/perm_null/perm055_metrics.json,1787,7c949c9aa3408cc56fa67c0b9890480025faf138fb18ab722ce98be59ca4a500,scripts/31_semisynthetic.py,.venv/Scripts/python scripts/31_semisynthetic.py --perm --config null --perm-index K --threads=3,3dfe2bc68aa49279b271a02a1f2404d134495556,runs/peerreview_20261003/semisynthetic/perm_null/perm055_metrics.json
semisynthetic.zip,semisynthetic/perm_null/perm056_done.json,1789,225e3e075996948eb542f2056469ca93944762c7eedc9cb374d303a2b0a0adda,scripts/31_semisynthetic.py,.venv/Scripts/python scripts/31_semisynthetic.py --perm --config null --perm-index K --threads=3,3dfe2bc68aa49279b271a02a1f2404d134495556,runs/peerreview_20261003/semisynthetic/perm_null/perm056_done.json
semisynthetic.zip,semisynthetic/perm_null/perm056_history.csv,4222,526f106763a07bc37dbd6fdc3f237b3d88009dc69f5e371adacf2a72da3b20fc,scripts/31_semisynthetic.py,.venv/Scripts/python scripts/31_semisynthetic.py --perm --config null --perm-index K --threads=3,3dfe2bc68aa49279b271a02a1f2404d134495556,runs/peerreview_20261003/semisynthetic/perm_null/perm056_history.csv
semisynthetic.zip,semisynthetic/perm_null/perm056_latent_usage_per_dimension.csv,1475,60b1ba281a21455f7aa7fa9266cd7bfb4239b5971fed92ce833c068110ba5f1e,scripts/31_semisynthetic.py,.venv/Scripts/python scripts/31_semisynthetic.py --perm --config null --perm-index K --threads=3,3dfe2bc68aa49279b271a02a1f2404d134495556,runs/peerreview_20261003/semisynthetic/perm_null/perm056_latent_usage_per_dimension.csv
semisynthetic.zip,semisynthetic/perm_null/perm056_metrics.json,1789,225e3e075996948eb542f2056469ca93944762c7eedc9cb374d303a2b0a0adda,scripts/31_semisynthetic.py,.venv/Scripts/python scripts/31_semisynthetic.py --perm --config null --perm-index K --threads=3,3dfe2bc68aa49279b271a02a1f2404d134495556,runs/peerreview_20261003/semisynthetic/perm_null/perm056_metrics.json
semisynthetic.zip,semisynthetic/perm_null/perm057_done.json,1787,ffc9275533713a5b730d16c9994f247a317def5d3b9cd27054c7301c78cbe35e,scripts/31_semisynthetic.py,.venv/Scripts/python scripts/31_semisynthetic.py --perm --config null --perm-index K --threads=3,3dfe2bc68aa49279b271a02a1f2404d134495556,runs/peerreview_20261003/semisynthetic/perm_null/perm057_done.json
semisynthetic.zip,semisynthetic/perm_null/perm057_history.csv,4218,95e0eac40febf9aa502b27d00945072481a983455872195f0eabd87412c9176a,scripts/31_semisynthetic.py,.venv/Scripts/python scripts/31_semisynthetic.py --perm --config null --perm-index K --threads=3,3dfe2bc68aa49279b271a02a1f2404d134495556,runs/peerreview_20261003/semisynthetic/perm_null/perm057_history.csv
semisynthetic.zip,semisynthetic/perm_null/perm057_latent_usage_per_dimension.csv,1475,15a9e47ef15e0851e2b4ce3930989508870c2cbc62bd710733875189b3e6aab8,scripts/31_semisynthetic.py,.venv/Scripts/python scripts/31_semisynthetic.py --perm --config null --perm-index K --threads=3,3dfe2bc68aa49279b271a02a1f2404d134495556,runs/peerreview_20261003/semisynthetic/perm_null/perm057_latent_usage_per_dimension.csv
semisynthetic.zip,semisynthetic/perm_null/perm057_metrics.json,1787,ffc9275533713a5b730d16c9994f247a317def5d3b9cd27054c7301c78cbe35e,scripts/31_semisynthetic.py,.venv/Scripts/python scripts/31_semisynthetic.py --perm --config null --perm-index K --threads=3,3dfe2bc68aa49279b271a02a1f2404d134495556,runs/peerreview_20261003/semisynthetic/perm_null/perm057_metrics.json
semisynthetic.zip,semisynthetic/perm_null/perm058_done.json,1781,a91a1b31ebb60749025b527ac60e538e29b6119dfcaa0b9813a023569dfae582,scripts/31_semisynthetic.py,.venv/Scripts/python scripts/31_semisynthetic.py --perm --config null --perm-index K --threads=3,3dfe2bc68aa49279b271a02a1f2404d134495556,runs/peerreview_20261003/semisynthetic/perm_null/perm058_done.json
semisynthetic.zip,semisynthetic/perm_null/perm058_history.csv,4228,7827131fdd1e27ebc2f225b2f82b9f3b533a23bb61c863db65415d7a755d0eb0,scripts/31_semisynthetic.py,.venv/Scripts/python scripts/31_semisynthetic.py --perm --config null --perm-index K --threads=3,3dfe2bc68aa49279b271a02a1f2404d134495556,runs/peerreview_20261003/semisynthetic/perm_null/perm058_history.csv
semisynthetic.zip,semisynthetic/perm_null/perm058_latent_usage_per_dimension.csv,1458,8a4ba53006cc049be32724bd66d67f14adb1b856e035e307b9062d9d4e52358f,scripts/31_semisynthetic.py,.venv/Scripts/python scripts/31_semisynthetic.py --perm --config null --perm-index K --threads=3,3dfe2bc68aa49279b271a02a1f2404d134495556,runs/peerreview_20261003/semisynthetic/perm_null/perm058_latent_usage_per_dimension.csv
semisynthetic.zip,semisynthetic/perm_null/perm058_metrics.json,1781,a91a1b31ebb60749025b527ac60e538e29b6119dfcaa0b9813a023569dfae582,scripts/31_semisynthetic.py,.venv/Scripts/python scripts/31_semisynthetic.py --perm --config null --perm-index K --threads=3,3dfe2bc68aa49279b271a02a1f2404d134495556,runs/peerreview_20261003/semisynthetic/perm_null/perm058_metrics.json
semisynthetic.zip,semisynthetic/perm_null/perm059_done.json,1787,9441969093569de23f96fb8eebb7e9b3eb564387148b58586ec8b5b1c649100c,scripts/31_semisynthetic.py,.venv/Scripts/python scripts/31_semisynthetic.py --perm --config null --perm-index K --threads=3,3dfe2bc68aa49279b271a02a1f2404d134495556,runs/peerreview_20261003/semisynthetic/perm_null/perm059_done.json
semisynthetic.zip,semisynthetic/perm_null/perm059_history.csv,4233,4b24e254ceaa1386424091656bf30c377991e7b9be972ece53c383505c7b067a,scripts/31_semisynthetic.py,.venv/Scripts/python scripts/31_semisynthetic.py --perm --config null --perm-index K --threads=3,3dfe2bc68aa49279b271a02a1f2404d134495556,runs/peerreview_20261003/semisynthetic/perm_null/perm059_history.csv
semisynthetic.zip,semisynthetic/perm_null/perm059_latent_usage_per_dimension.csv,1472,720c872b446a119bb045e335428d5d8a553ceb1c7a77f47bd0849fa0957a7cdb,scripts/31_semisynthetic.py,.venv/Scripts/python scripts/31_semisynthetic.py --perm --config null --perm-index K --threads=3,3dfe2bc68aa49279b271a02a1f2404d134495556,runs/peerreview_20261003/semisynthetic/perm_null/perm059_latent_usage_per_dimension.csv
semisynthetic.zip,semisynthetic/perm_null/perm059_metrics.json,1787,9441969093569de23f96fb8eebb7e9b3eb564387148b58586ec8b5b1c649100c,scripts/31_semisynthetic.py,.venv/Scripts/python scripts/31_semisynthetic.py --perm --config null --perm-index K --threads=3,3dfe2bc68aa49279b271a02a1f2404d134495556,runs/peerreview_20261003/semisynthetic/perm_null/perm059_metrics.json
semisynthetic.zip,semisynthetic/perm_null/perm060_done.json,1781,db9a1eeb65e58d0a89132c0a137eae63b414c9e2353429ee0c33896dc60a5d4b,scripts/31_semisynthetic.py,.venv/Scripts/python scripts/31_semisynthetic.py --perm --config null --perm-index K --threads=3,3dfe2bc68aa49279b271a02a1f2404d134495556,runs/peerreview_20261003/semisynthetic/perm_null/perm060_done.json
semisynthetic.zip,semisynthetic/perm_null/perm060_history.csv,4243,abee87aee33f67aa45f151b83c5337b0adfea2d420c08ddbb95368864ff419d7,scripts/31_semisynthetic.py,.venv/Scripts/python scripts/31_semisynthetic.py --perm --config null --perm-index K --threads=3,3dfe2bc68aa49279b271a02a1f2404d134495556,runs/peerreview_20261003/semisynthetic/perm_null/perm060_history.csv
semisynthetic.zip,semisynthetic/perm_null/perm060_latent_usage_per_dimension.csv,1472,a879d4f99fdfa1273fef2416c4d1c886c9e8a11e6eda3f853590f6cec824ceb2,scripts/31_semisynthetic.py,.venv/Scripts/python scripts/31_semisynthetic.py --perm --config null --perm-index K --threads=3,3dfe2bc68aa49279b271a02a1f2404d134495556,runs/peerreview_20261003/semisynthetic/perm_null/perm060_latent_usage_per_dimension.csv
semisynthetic.zip,semisynthetic/perm_null/perm060_metrics.json,1781,db9a1eeb65e58d0a89132c0a137eae63b414c9e2353429ee0c33896dc60a5d4b,scripts/31_semisynthetic.py,.venv/Scripts/python scripts/31_semisynthetic.py --perm --config null --perm-index K --threads=3,3dfe2bc68aa49279b271a02a1f2404d134495556,runs/peerreview_20261003/semisynthetic/perm_null/perm060_metrics.json
semisynthetic.zip,semisynthetic/perm_null/perm061_done.json,1777,6634bc7a763691eb1f7ff23fd6a2fc4af8e769f0386d835906c198de387c1c63,scripts/31_semisynthetic.py,.venv/Scripts/python scripts/31_semisynthetic.py --perm --config null --perm-index K --threads=3,3dfe2bc68aa49279b271a02a1f2404d134495556,runs/peerreview_20261003/semisynthetic/perm_null/perm061_done.json
semisynthetic.zip,semisynthetic/perm_null/perm061_history.csv,4232,c058eda4c7e5da6e0a36256ae8f63453e3677ca0778b327c61cd4477e2c688e4,scripts/31_semisynthetic.py,.venv/Scripts/python scripts/31_semisynthetic.py --perm --config null --perm-index K --threads=3,3dfe2bc68aa49279b271a02a1f2404d134495556,runs/peerreview_20261003/semisynthetic/perm_null/perm061_history.csv
semisynthetic.zip,semisynthetic/perm_null/perm061_latent_usage_per_dimension.csv,1459,1ce69d1950bc559f1bdbc458662ce3c4eca10b37cd4674bcf7bb616bad83361b,scripts/31_semisynthetic.py,.venv/Scripts/python scripts/31_semisynthetic.py --perm --config null --perm-index K --threads=3,3dfe2bc68aa49279b271a02a1f2404d134495556,runs/peerreview_20261003/semisynthetic/perm_null/perm061_latent_usage_per_dimension.csv
semisynthetic.zip,semisynthetic/perm_null/perm061_metrics.json,1777,6634bc7a763691eb1f7ff23fd6a2fc4af8e769f0386d835906c198de387c1c63,scripts/31_semisynthetic.py,.venv/Scripts/python scripts/31_semisynthetic.py --perm --config null --perm-index K --threads=3,3dfe2bc68aa49279b271a02a1f2404d134495556,runs/peerreview_20261003/semisynthetic/perm_null/perm061_metrics.json
semisynthetic.zip,semisynthetic/perm_null/perm062_done.json,1785,c2b2ae9df19c0bcd02a58588d3d023f6a4f1f2cca6b3f1c638f83ac84de761bb,scripts/31_semisynthetic.py,.venv/Scripts/python scripts/31_semisynthetic.py --perm --config null --perm-index K --threads=3,3dfe2bc68aa49279b271a02a1f2404d134495556,runs/peerreview_20261003/semisynthetic/perm_null/perm062_done.json
semisynthetic.zip,semisynthetic/perm_null/perm062_history.csv,4228,230dc96a661a69c34b7b3886ed459ab5c684d8454b18980e4bafc806067b8ea0,scripts/31_semisynthetic.py,.venv/Scripts/python scripts/31_semisynthetic.py --perm --config null --perm-index K --threads=3,3dfe2bc68aa49279b271a02a1f2404d134495556,runs/peerreview_20261003/semisynthetic/perm_null/perm062_history.csv
semisynthetic.zip,semisynthetic/perm_null/perm062_latent_usage_per_dimension.csv,1465,9d6ca16254dc8bca7bf9d41016d0f0d0584d5498ecfcef2be683e7bc21a8c81d,scripts/31_semisynthetic.py,.venv/Scripts/python scripts/31_semisynthetic.py --perm --config null --perm-index K --threads=3,3dfe2bc68aa49279b271a02a1f2404d134495556,runs/peerreview_20261003/semisynthetic/perm_null/perm062_latent_usage_per_dimension.csv
semisynthetic.zip,semisynthetic/perm_null/perm062_metrics.json,1785,c2b2ae9df19c0bcd02a58588d3d023f6a4f1f2cca6b3f1c638f83ac84de761bb,scripts/31_semisynthetic.py,.venv/Scripts/python scripts/31_semisynthetic.py --perm --config null --perm-index K --threads=3,3dfe2bc68aa49279b271a02a1f2404d134495556,runs/peerreview_20261003/semisynthetic/perm_null/perm062_metrics.json
semisynthetic.zip,semisynthetic/perm_null/perm063_done.json,1786,106c1b78b06a29e3590612576525ea260d2786e63805ad151af2e3566b866e92,scripts/31_semisynthetic.py,.venv/Scripts/python scripts/31_semisynthetic.py --perm --config null --perm-index K --threads=3,3dfe2bc68aa49279b271a02a1f2404d134495556,runs/peerreview_20261003/semisynthetic/perm_null/perm063_done.json
semisynthetic.zip,semisynthetic/perm_null/perm063_history.csv,4225,500cc0dde7b0b0833a77ca86413dbf3349121520a0eae8fd5632255bdef5f9d8,scripts/31_semisynthetic.py,.venv/Scripts/python scripts/31_semisynthetic.py --perm --config null --perm-index K --threads=3,3dfe2bc68aa49279b271a02a1f2404d134495556,runs/peerreview_20261003/semisynthetic/perm_null/perm063_history.csv
semisynthetic.zip,semisynthetic/perm_null/perm063_latent_usage_per_dimension.csv,1475,b0767f371f92fe38298500158f5e2c8f900cf1c713318fd7e153e4596224dbe9,scripts/31_semisynthetic.py,.venv/Scripts/python scripts/31_semisynthetic.py --perm --config null --perm-index K --threads=3,3dfe2bc68aa49279b271a02a1f2404d134495556,runs/peerreview_20261003/semisynthetic/perm_null/perm063_latent_usage_per_dimension.csv
semisynthetic.zip,semisynthetic/perm_null/perm063_metrics.json,1786,106c1b78b06a29e3590612576525ea260d2786e63805ad151af2e3566b866e92,scripts/31_semisynthetic.py,.venv/Scripts/python scripts/31_semisynthetic.py --perm --config null --perm-index K --threads=3,3dfe2bc68aa49279b271a02a1f2404d134495556,runs/peerreview_20261003/semisynthetic/perm_null/perm063_metrics.json
semisynthetic.zip,semisynthetic/perm_null/perm064_done.json,1786,b31fbb5a9697a893607e1f8582e68467c8638ed09f5861532a38b07452ec2287,scripts/31_semisynthetic.py,.venv/Scripts/python scripts/31_semisynthetic.py --perm --config null --perm-index K --threads=3,3dfe2bc68aa49279b271a02a1f2404d134495556,runs/peerreview_20261003/semisynthetic/perm_null/perm064_done.json
semisynthetic.zip,semisynthetic/perm_null/perm064_history.csv,4235,b1a0f8874cbd877a88c877dfa3a9ca6e14e0a5a2d06d993369d50ec39d15e915,scripts/31_semisynthetic.py,.venv/Scripts/python scripts/31_semisynthetic.py --perm --config null --perm-index K --threads=3,3dfe2bc68aa49279b271a02a1f2404d134495556,runs/peerreview_20261003/semisynthetic/perm_null/perm064_history.csv
semisynthetic.zip,semisynthetic/perm_null/perm064_latent_usage_per_dimension.csv,1478,a9cfd14bf5e06d1431e9e4463971e6f7ee1eaf9e6814f7d94c84fdf4e8fb17b1,scripts/31_semisynthetic.py,.venv/Scripts/python scripts/31_semisynthetic.py --perm --config null --perm-index K --threads=3,3dfe2bc68aa49279b271a02a1f2404d134495556,runs/peerreview_20261003/semisynthetic/perm_null/perm064_latent_usage_per_dimension.csv
semisynthetic.zip,semisynthetic/perm_null/perm064_metrics.json,1786,b31fbb5a9697a893607e1f8582e68467c8638ed09f5861532a38b07452ec2287,scripts/31_semisynthetic.py,.venv/Scripts/python scripts/31_semisynthetic.py --perm --config null --perm-index K --threads=3,3dfe2bc68aa49279b271a02a1f2404d134495556,runs/peerreview_20261003/semisynthetic/perm_null/perm064_metrics.json
semisynthetic.zip,semisynthetic/perm_null/perm065_done.json,1770,6bb5e4c71591f02b91dbe69a6567c5586fb15b8ec249a88e3ad92692d083acbd,scripts/31_semisynthetic.py,.venv/Scripts/python scripts/31_semisynthetic.py --perm --config null --perm-index K --threads=3,3dfe2bc68aa49279b271a02a1f2404d134495556,runs/peerreview_20261003/semisynthetic/perm_null/perm065_done.json
semisynthetic.zip,semisynthetic/perm_null/perm065_history.csv,4220,56d5119c01cfec9317c3d2fff1e0ab5c34bc2fde6a00e162a5b5eaf65cf46626,scripts/31_semisynthetic.py,.venv/Scripts/python scripts/31_semisynthetic.py --perm --config null --perm-index K --threads=3,3dfe2bc68aa49279b271a02a1f2404d134495556,runs/peerreview_20261003/semisynthetic/perm_null/perm065_history.csv
semisynthetic.zip,semisynthetic/perm_null/perm065_latent_usage_per_dimension.csv,1472,3887f3345fc82474dfb6e0f99db6219f0e599af566efff7bc7ce9cc2beb4112a,scripts/31_semisynthetic.py,.venv/Scripts/python scripts/31_semisynthetic.py --perm --config null --perm-index K --threads=3,3dfe2bc68aa49279b271a02a1f2404d134495556,runs/peerreview_20261003/semisynthetic/perm_null/perm065_latent_usage_per_dimension.csv
semisynthetic.zip,semisynthetic/perm_null/perm065_metrics.json,1770,6bb5e4c71591f02b91dbe69a6567c5586fb15b8ec249a88e3ad92692d083acbd,scripts/31_semisynthetic.py,.venv/Scripts/python scripts/31_semisynthetic.py --perm --config null --perm-index K --threads=3,3dfe2bc68aa49279b271a02a1f2404d134495556,runs/peerreview_20261003/semisynthetic/perm_null/perm065_metrics.json
semisynthetic.zip,semisynthetic/perm_null/perm066_done.json,1786,034dbd41ec5a1b74c6041affe928cbd7a4ae768132cc2c95a5ad6492bad1dbb3,scripts/31_semisynthetic.py,.venv/Scripts/python scripts/31_semisynthetic.py --perm --config null --perm-index K --threads=3,3dfe2bc68aa49279b271a02a1f2404d134495556,runs/peerreview_20261003/semisynthetic/perm_null/perm066_done.json
semisynthetic.zip,semisynthetic/perm_null/perm066_history.csv,4227,8d1c81b2f1bd85607246822edc99195a00260e0014797503643231a62ade4a15,scripts/31_semisynthetic.py,.venv/Scripts/python scripts/31_semisynthetic.py --perm --config null --perm-index K --threads=3,3dfe2bc68aa49279b271a02a1f2404d134495556,runs/peerreview_20261003/semisynthetic/perm_null/perm066_history.csv
semisynthetic.zip,semisynthetic/perm_null/perm066_latent_usage_per_dimension.csv,1479,51e6c17d4ac4c827558130303977d5ecfedbbf2cfe7c0c0a40e19e1fbc4a0faa,scripts/31_semisynthetic.py,.venv/Scripts/python scripts/31_semisynthetic.py --perm --config null --perm-index K --threads=3,3dfe2bc68aa49279b271a02a1f2404d134495556,runs/peerreview_20261003/semisynthetic/perm_null/perm066_latent_usage_per_dimension.csv
semisynthetic.zip,semisynthetic/perm_null/perm066_metrics.json,1786,034dbd41ec5a1b74c6041affe928cbd7a4ae768132cc2c95a5ad6492bad1dbb3,scripts/31_semisynthetic.py,.venv/Scripts/python scripts/31_semisynthetic.py --perm --config null --perm-index K --threads=3,3dfe2bc68aa49279b271a02a1f2404d134495556,runs/peerreview_20261003/semisynthetic/perm_null/perm066_metrics.json
semisynthetic.zip,semisynthetic/perm_null/perm067_done.json,1770,f3bec15043e612ca505ab4138ee66985e14f755c620109a00b6a4f0d29a9ff16,scripts/31_semisynthetic.py,.venv/Scripts/python scripts/31_semisynthetic.py --perm --config null --perm-index K --threads=3,3dfe2bc68aa49279b271a02a1f2404d134495556,runs/peerreview_20261003/semisynthetic/perm_null/perm067_done.json
semisynthetic.zip,semisynthetic/perm_null/perm067_history.csv,4231,225cdc617b90742ec6d635188a767614ddfd73122ecdd138328f77e8b575b039,scripts/31_semisynthetic.py,.venv/Scripts/python scripts/31_semisynthetic.py --perm --config null --perm-index K --threads=3,3dfe2bc68aa49279b271a02a1f2404d134495556,runs/peerreview_20261003/semisynthetic/perm_null/perm067_history.csv
semisynthetic.zip,semisynthetic/perm_null/perm067_latent_usage_per_dimension.csv,1452,171dca3d716d1d1773cc1331a7830d45c4dca5d408ee8ec39c30f04eba72564c,scripts/31_semisynthetic.py,.venv/Scripts/python scripts/31_semisynthetic.py --perm --config null --perm-index K --threads=3,3dfe2bc68aa49279b271a02a1f2404d134495556,runs/peerreview_20261003/semisynthetic/perm_null/perm067_latent_usage_per_dimension.csv
semisynthetic.zip,semisynthetic/perm_null/perm067_metrics.json,1770,f3bec15043e612ca505ab4138ee66985e14f755c620109a00b6a4f0d29a9ff16,scripts/31_semisynthetic.py,.venv/Scripts/python scripts/31_semisynthetic.py --perm --config null --perm-index K --threads=3,3dfe2bc68aa49279b271a02a1f2404d134495556,runs/peerreview_20261003/semisynthetic/perm_null/perm067_metrics.json
semisynthetic.zip,semisynthetic/perm_null/perm068_done.json,1772,f167533c76a4feb93bb892eca66e5c2b25980b2f68523b90ad0903f02cb86ab5,scripts/31_semisynthetic.py,.venv/Scripts/python scripts/31_semisynthetic.py --perm --config null --perm-index K --threads=3,3dfe2bc68aa49279b271a02a1f2404d134495556,runs/peerreview_20261003/semisynthetic/perm_null/perm068_done.json
semisynthetic.zip,semisynthetic/perm_null/perm068_history.csv,4228,ca4622b28969d40f7467524a8fc2a2f02fd39bf30df013c3bea3ef6cb9e91b14,scripts/31_semisynthetic.py,.venv/Scripts/python scripts/31_semisynthetic.py --perm --config null --perm-index K --threads=3,3dfe2bc68aa49279b271a02a1f2404d134495556,runs/peerreview_20261003/semisynthetic/perm_null/perm068_history.csv
semisynthetic.zip,semisynthetic/perm_null/perm068_latent_usage_per_dimension.csv,1480,8c5c3c433c93088fddb8e09ba6893f6d07f411c068762622718733a9ec6359ae,scripts/31_semisynthetic.py,.venv/Scripts/python scripts/31_semisynthetic.py --perm --config null --perm-index K --threads=3,3dfe2bc68aa49279b271a02a1f2404d134495556,runs/peerreview_20261003/semisynthetic/perm_null/perm068_latent_usage_per_dimension.csv
semisynthetic.zip,semisynthetic/perm_null/perm068_metrics.json,1772,f167533c76a4feb93bb892eca66e5c2b25980b2f68523b90ad0903f02cb86ab5,scripts/31_semisynthetic.py,.venv/Scripts/python scripts/31_semisynthetic.py --perm --config null --perm-index K --threads=3,3dfe2bc68aa49279b271a02a1f2404d134495556,runs/peerreview_20261003/semisynthetic/perm_null/perm068_metrics.json
semisynthetic.zip,semisynthetic/perm_null/perm069_done.json,1781,fbe508e76b8ae3a32747101f84054cf41120c361164692aa146c6f802eeca5a3,scripts/31_semisynthetic.py,.venv/Scripts/python scripts/31_semisynthetic.py --perm --config null --perm-index K --threads=3,3dfe2bc68aa49279b271a02a1f2404d134495556,runs/peerreview_20261003/semisynthetic/perm_null/perm069_done.json
semisynthetic.zip,semisynthetic/perm_null/perm069_history.csv,4230,2b1521f0d67f10ea4a0e2f31b1d6ded19bee1b419ba64a6c5e4517799816c09c,scripts/31_semisynthetic.py,.venv/Scripts/python scripts/31_semisynthetic.py --perm --config null --perm-index K --threads=3,3dfe2bc68aa49279b271a02a1f2404d134495556,runs/peerreview_20261003/semisynthetic/perm_null/perm069_history.csv
semisynthetic.zip,semisynthetic/perm_null/perm069_latent_usage_per_dimension.csv,1480,e38db0a2eb24c5d367a85301a1c6c49b376c413d0f951c00229b676ab7c6d378,scripts/31_semisynthetic.py,.venv/Scripts/python scripts/31_semisynthetic.py --perm --config null --perm-index K --threads=3,3dfe2bc68aa49279b271a02a1f2404d134495556,runs/peerreview_20261003/semisynthetic/perm_null/perm069_latent_usage_per_dimension.csv
semisynthetic.zip,semisynthetic/perm_null/perm069_metrics.json,1781,fbe508e76b8ae3a32747101f84054cf41120c361164692aa146c6f802eeca5a3,scripts/31_semisynthetic.py,.venv/Scripts/python scripts/31_semisynthetic.py --perm --config null --perm-index K --threads=3,3dfe2bc68aa49279b271a02a1f2404d134495556,runs/peerreview_20261003/semisynthetic/perm_null/perm069_metrics.json
semisynthetic.zip,semisynthetic/perm_null/perm070_done.json,1788,859e22c075214cfafb45151fdbedd604192067c8feea707a654cd109c1c3b455,scripts/31_semisynthetic.py,.venv/Scripts/python scripts/31_semisynthetic.py --perm --config null --perm-index K --threads=3,3dfe2bc68aa49279b271a02a1f2404d134495556,runs/peerreview_20261003/semisynthetic/perm_null/perm070_done.json
semisynthetic.zip,semisynthetic/perm_null/perm070_history.csv,4230,52caacb86cabda6bbd934c59f2ce8d89efd88b1e12a84fb48ca4dc5f599f9ea1,scripts/31_semisynthetic.py,.venv/Scripts/python scripts/31_semisynthetic.py --perm --config null --perm-index K --threads=3,3dfe2bc68aa49279b271a02a1f2404d134495556,runs/peerreview_20261003/semisynthetic/perm_null/perm070_history.csv
semisynthetic.zip,semisynthetic/perm_null/perm070_latent_usage_per_dimension.csv,1476,20616b255e6001975e87d2c2ee6bac44ebde4a4d60028bc948e2a3a0f8775394,scripts/31_semisynthetic.py,.venv/Scripts/python scripts/31_semisynthetic.py --perm --config null --perm-index K --threads=3,3dfe2bc68aa49279b271a02a1f2404d134495556,runs/peerreview_20261003/semisynthetic/perm_null/perm070_latent_usage_per_dimension.csv
semisynthetic.zip,semisynthetic/perm_null/perm070_metrics.json,1788,859e22c075214cfafb45151fdbedd604192067c8feea707a654cd109c1c3b455,scripts/31_semisynthetic.py,.venv/Scripts/python scripts/31_semisynthetic.py --perm --config null --perm-index K --threads=3,3dfe2bc68aa49279b271a02a1f2404d134495556,runs/peerreview_20261003/semisynthetic/perm_null/perm070_metrics.json
semisynthetic.zip,semisynthetic/perm_null/perm071_done.json,1785,6efbabe9a6749b96e3c34717335785a5126223d8205efb7af7f51e1d8926126d,scripts/31_semisynthetic.py,.venv/Scripts/python scripts/31_semisynthetic.py --perm --config null --perm-index K --threads=3,3dfe2bc68aa49279b271a02a1f2404d134495556,runs/peerreview_20261003/semisynthetic/perm_null/perm071_done.json
semisynthetic.zip,semisynthetic/perm_null/perm071_history.csv,4229,f389859444624d658c2742b657dc85dcb8ef5b9f1c9f96c6c52a78c17d70b0d3,scripts/31_semisynthetic.py,.venv/Scripts/python scripts/31_semisynthetic.py --perm --config null --perm-index K --threads=3,3dfe2bc68aa49279b271a02a1f2404d134495556,runs/peerreview_20261003/semisynthetic/perm_null/perm071_history.csv
semisynthetic.zip,semisynthetic/perm_null/perm071_latent_usage_per_dimension.csv,1467,f410238bad4a8fbd23301855a06ecf76449da3f042fc2e9243e15173762ba072,scripts/31_semisynthetic.py,.venv/Scripts/python scripts/31_semisynthetic.py --perm --config null --perm-index K --threads=3,3dfe2bc68aa49279b271a02a1f2404d134495556,runs/peerreview_20261003/semisynthetic/perm_null/perm071_latent_usage_per_dimension.csv
semisynthetic.zip,semisynthetic/perm_null/perm071_metrics.json,1785,6efbabe9a6749b96e3c34717335785a5126223d8205efb7af7f51e1d8926126d,scripts/31_semisynthetic.py,.venv/Scripts/python scripts/31_semisynthetic.py --perm --config null --perm-index K --threads=3,3dfe2bc68aa49279b271a02a1f2404d134495556,runs/peerreview_20261003/semisynthetic/perm_null/perm071_metrics.json
semisynthetic.zip,semisynthetic/perm_null/perm072_done.json,1785,d73e788ca21a472acc60fe127e3323d3c9a45662b0c862f6da4dec3f60867889,scripts/31_semisynthetic.py,.venv/Scripts/python scripts/31_semisynthetic.py --perm --config null --perm-index K --threads=3,3dfe2bc68aa49279b271a02a1f2404d134495556,runs/peerreview_20261003/semisynthetic/perm_null/perm072_done.json
semisynthetic.zip,semisynthetic/perm_null/perm072_history.csv,4236,557f475afc7c77b59233be00c941a765e75411f951cee82521ffa009eb540922,scripts/31_semisynthetic.py,.venv/Scripts/python scripts/31_semisynthetic.py --perm --config null --perm-index K --threads=3,3dfe2bc68aa49279b271a02a1f2404d134495556,runs/peerreview_20261003/semisynthetic/perm_null/perm072_history.csv
semisynthetic.zip,semisynthetic/perm_null/perm072_latent_usage_per_dimension.csv,1473,6badce8f8db9cf00884e072900d6e6cab1679c4c0d1d0de6ad42bbf42834d105,scripts/31_semisynthetic.py,.venv/Scripts/python scripts/31_semisynthetic.py --perm --config null --perm-index K --threads=3,3dfe2bc68aa49279b271a02a1f2404d134495556,runs/peerreview_20261003/semisynthetic/perm_null/perm072_latent_usage_per_dimension.csv
semisynthetic.zip,semisynthetic/perm_null/perm072_metrics.json,1785,d73e788ca21a472acc60fe127e3323d3c9a45662b0c862f6da4dec3f60867889,scripts/31_semisynthetic.py,.venv/Scripts/python scripts/31_semisynthetic.py --perm --config null --perm-index K --threads=3,3dfe2bc68aa49279b271a02a1f2404d134495556,runs/peerreview_20261003/semisynthetic/perm_null/perm072_metrics.json
semisynthetic.zip,semisynthetic/perm_null/perm073_done.json,1780,8a47549c86dc33a969c78bf724c388c3a395272323369bdf0e72743902c9e60d,scripts/31_semisynthetic.py,.venv/Scripts/python scripts/31_semisynthetic.py --perm --config null --perm-index K --threads=3,3dfe2bc68aa49279b271a02a1f2404d134495556,runs/peerreview_20261003/semisynthetic/perm_null/perm073_done.json
semisynthetic.zip,semisynthetic/perm_null/perm073_history.csv,4227,97291b7a2bb4e8b1efb41b3d1b4c0ebac5330f06b0cb34681e99d560842a8cd1,scripts/31_semisynthetic.py,.venv/Scripts/python scripts/31_semisynthetic.py --perm --config null --perm-index K --threads=3,3dfe2bc68aa49279b271a02a1f2404d134495556,runs/peerreview_20261003/semisynthetic/perm_null/perm073_history.csv
semisynthetic.zip,semisynthetic/perm_null/perm073_latent_usage_per_dimension.csv,1462,0e9672c0e2d2d2effdafdf59643214d91ab2def36ea8e76d1dcdea0ac850f818,scripts/31_semisynthetic.py,.venv/Scripts/python scripts/31_semisynthetic.py --perm --config null --perm-index K --threads=3,3dfe2bc68aa49279b271a02a1f2404d134495556,runs/peerreview_20261003/semisynthetic/perm_null/perm073_latent_usage_per_dimension.csv
semisynthetic.zip,semisynthetic/perm_null/perm073_metrics.json,1780,8a47549c86dc33a969c78bf724c388c3a395272323369bdf0e72743902c9e60d,scripts/31_semisynthetic.py,.venv/Scripts/python scripts/31_semisynthetic.py --perm --config null --perm-index K --threads=3,3dfe2bc68aa49279b271a02a1f2404d134495556,runs/peerreview_20261003/semisynthetic/perm_null/perm073_metrics.json
semisynthetic.zip,semisynthetic/perm_null/perm074_done.json,1782,d2965ba0bdc5370a53726b4129d8764d7d35ed2b618a82ba3ada763531b4beff,scripts/31_semisynthetic.py,.venv/Scripts/python scripts/31_semisynthetic.py --perm --config null --perm-index K --threads=3,3dfe2bc68aa49279b271a02a1f2404d134495556,runs/peerreview_20261003/semisynthetic/perm_null/perm074_done.json
semisynthetic.zip,semisynthetic/perm_null/perm074_history.csv,4229,b7d9241d5f94610e3de6ee493c442b3505c9c62c70cc20bffaa185700c38c17c,scripts/31_semisynthetic.py,.venv/Scripts/python scripts/31_semisynthetic.py --perm --config null --perm-index K --threads=3,3dfe2bc68aa49279b271a02a1f2404d134495556,runs/peerreview_20261003/semisynthetic/perm_null/perm074_history.csv
semisynthetic.zip,semisynthetic/perm_null/perm074_latent_usage_per_dimension.csv,1472,216b5fb53617b5dda0ae361503c6b548a0da2e4e6dd274e35e3530cd1087c8c4,scripts/31_semisynthetic.py,.venv/Scripts/python scripts/31_semisynthetic.py --perm --config null --perm-index K --threads=3,3dfe2bc68aa49279b271a02a1f2404d134495556,runs/peerreview_20261003/semisynthetic/perm_null/perm074_latent_usage_per_dimension.csv
semisynthetic.zip,semisynthetic/perm_null/perm074_metrics.json,1782,d2965ba0bdc5370a53726b4129d8764d7d35ed2b618a82ba3ada763531b4beff,scripts/31_semisynthetic.py,.venv/Scripts/python scripts/31_semisynthetic.py --perm --config null --perm-index K --threads=3,3dfe2bc68aa49279b271a02a1f2404d134495556,runs/peerreview_20261003/semisynthetic/perm_null/perm074_metrics.json
semisynthetic.zip,semisynthetic/perm_null/perm075_done.json,1791,002e5c7c92aa8810911fc7525ec1da754b889eebd0bb6b3f97e1094d079b5422,scripts/31_semisynthetic.py,.venv/Scripts/python scripts/31_semisynthetic.py --perm --config null --perm-index K --threads=3,3dfe2bc68aa49279b271a02a1f2404d134495556,runs/peerreview_20261003/semisynthetic/perm_null/perm075_done.json
semisynthetic.zip,semisynthetic/perm_null/perm075_history.csv,4229,4733915efabc93c7d299786fb063c2549a1ae0a91fe177315833ed2d15638665,scripts/31_semisynthetic.py,.venv/Scripts/python scripts/31_semisynthetic.py --perm --config null --perm-index K --threads=3,3dfe2bc68aa49279b271a02a1f2404d134495556,runs/peerreview_20261003/semisynthetic/perm_null/perm075_history.csv
semisynthetic.zip,semisynthetic/perm_null/perm075_latent_usage_per_dimension.csv,1476,e849fc31cc61b5f0335a7ebd689e84e3ccb98761e1d7b56ebe3f3b1d9b362e7a,scripts/31_semisynthetic.py,.venv/Scripts/python scripts/31_semisynthetic.py --perm --config null --perm-index K --threads=3,3dfe2bc68aa49279b271a02a1f2404d134495556,runs/peerreview_20261003/semisynthetic/perm_null/perm075_latent_usage_per_dimension.csv
semisynthetic.zip,semisynthetic/perm_null/perm075_metrics.json,1791,002e5c7c92aa8810911fc7525ec1da754b889eebd0bb6b3f97e1094d079b5422,scripts/31_semisynthetic.py,.venv/Scripts/python scripts/31_semisynthetic.py --perm --config null --perm-index K --threads=3,3dfe2bc68aa49279b271a02a1f2404d134495556,runs/peerreview_20261003/semisynthetic/perm_null/perm075_metrics.json
semisynthetic.zip,semisynthetic/perm_null/perm076_done.json,1782,1ee94c968ed91c977ee5d4475e55336d783ab84efdb9cf2942d05951cb8015b9,scripts/31_semisynthetic.py,.venv/Scripts/python scripts/31_semisynthetic.py --perm --config null --perm-index K --threads=3,3dfe2bc68aa49279b271a02a1f2404d134495556,runs/peerreview_20261003/semisynthetic/perm_null/perm076_done.json
semisynthetic.zip,semisynthetic/perm_null/perm076_history.csv,4231,038f99ae0c41352d830dc1247bd217c40ea59e369e42bcaff90834328d1f63a4,scripts/31_semisynthetic.py,.venv/Scripts/python scripts/31_semisynthetic.py --perm --config null --perm-index K --threads=3,3dfe2bc68aa49279b271a02a1f2404d134495556,runs/peerreview_20261003/semisynthetic/perm_null/perm076_history.csv
semisynthetic.zip,semisynthetic/perm_null/perm076_latent_usage_per_dimension.csv,1477,59a1b943302e001bc2893f68c9f83dac3a13f527901cf8486a7b361d1213fac8,scripts/31_semisynthetic.py,.venv/Scripts/python scripts/31_semisynthetic.py --perm --config null --perm-index K --threads=3,3dfe2bc68aa49279b271a02a1f2404d134495556,runs/peerreview_20261003/semisynthetic/perm_null/perm076_latent_usage_per_dimension.csv
semisynthetic.zip,semisynthetic/perm_null/perm076_metrics.json,1782,1ee94c968ed91c977ee5d4475e55336d783ab84efdb9cf2942d05951cb8015b9,scripts/31_semisynthetic.py,.venv/Scripts/python scripts/31_semisynthetic.py --perm --config null --perm-index K --threads=3,3dfe2bc68aa49279b271a02a1f2404d134495556,runs/peerreview_20261003/semisynthetic/perm_null/perm076_metrics.json
semisynthetic.zip,semisynthetic/perm_null/perm077_done.json,1787,5a50c4bc484a85c363d9b63aa83d7764e5396f333db449a84d454067e821da93,scripts/31_semisynthetic.py,.venv/Scripts/python scripts/31_semisynthetic.py --perm --config null --perm-index K --threads=3,3dfe2bc68aa49279b271a02a1f2404d134495556,runs/peerreview_20261003/semisynthetic/perm_null/perm077_done.json
semisynthetic.zip,semisynthetic/perm_null/perm077_history.csv,4230,3b97d48cca379852e4ac8a7a457284f90725da76428b2de1f9a4445dbd745384,scripts/31_semisynthetic.py,.venv/Scripts/python scripts/31_semisynthetic.py --perm --config null --perm-index K --threads=3,3dfe2bc68aa49279b271a02a1f2404d134495556,runs/peerreview_20261003/semisynthetic/perm_null/perm077_history.csv
semisynthetic.zip,semisynthetic/perm_null/perm077_latent_usage_per_dimension.csv,1482,65551a2b0579df801516f421b7bcdb65b37e593b725fd880640dc94bcc1e71ab,scripts/31_semisynthetic.py,.venv/Scripts/python scripts/31_semisynthetic.py --perm --config null --perm-index K --threads=3,3dfe2bc68aa49279b271a02a1f2404d134495556,runs/peerreview_20261003/semisynthetic/perm_null/perm077_latent_usage_per_dimension.csv
semisynthetic.zip,semisynthetic/perm_null/perm077_metrics.json,1787,5a50c4bc484a85c363d9b63aa83d7764e5396f333db449a84d454067e821da93,scripts/31_semisynthetic.py,.venv/Scripts/python scripts/31_semisynthetic.py --perm --config null --perm-index K --threads=3,3dfe2bc68aa49279b271a02a1f2404d134495556,runs/peerreview_20261003/semisynthetic/perm_null/perm077_metrics.json
semisynthetic.zip,semisynthetic/perm_null/perm078_done.json,1787,184106ebe071c33c2f52d682925d3e8c6a88a9c81dfea19b0d10deb777620e05,scripts/31_semisynthetic.py,.venv/Scripts/python scripts/31_semisynthetic.py --perm --config null --perm-index K --threads=3,3dfe2bc68aa49279b271a02a1f2404d134495556,runs/peerreview_20261003/semisynthetic/perm_null/perm078_done.json
semisynthetic.zip,semisynthetic/perm_null/perm078_history.csv,4233,acc17d0809add4249229be4d59d2149ae047d11204eb20592edf6aaaf6e80f3b,scripts/31_semisynthetic.py,.venv/Scripts/python scripts/31_semisynthetic.py --perm --config null --perm-index K --threads=3,3dfe2bc68aa49279b271a02a1f2404d134495556,runs/peerreview_20261003/semisynthetic/perm_null/perm078_history.csv
semisynthetic.zip,semisynthetic/perm_null/perm078_latent_usage_per_dimension.csv,1479,62d19a40ce614e50492c95957f83d28e1727ad4fd7545f114861fabc327997f6,scripts/31_semisynthetic.py,.venv/Scripts/python scripts/31_semisynthetic.py --perm --config null --perm-index K --threads=3,3dfe2bc68aa49279b271a02a1f2404d134495556,runs/peerreview_20261003/semisynthetic/perm_null/perm078_latent_usage_per_dimension.csv
semisynthetic.zip,semisynthetic/perm_null/perm078_metrics.json,1787,184106ebe071c33c2f52d682925d3e8c6a88a9c81dfea19b0d10deb777620e05,scripts/31_semisynthetic.py,.venv/Scripts/python scripts/31_semisynthetic.py --perm --config null --perm-index K --threads=3,3dfe2bc68aa49279b271a02a1f2404d134495556,runs/peerreview_20261003/semisynthetic/perm_null/perm078_metrics.json
semisynthetic.zip,semisynthetic/perm_null/perm079_done.json,1783,6a7041634cc64e7a7972b43ae4ca1b341123e2ee7f14da975c75d4eaaab66fee,scripts/31_semisynthetic.py,.venv/Scripts/python scripts/31_semisynthetic.py --perm --config null --perm-index K --threads=3,3dfe2bc68aa49279b271a02a1f2404d134495556,runs/peerreview_20261003/semisynthetic/perm_null/perm079_done.json
semisynthetic.zip,semisynthetic/perm_null/perm079_history.csv,4214,f877ac18b4316310e694e9cf626f6499bc613d1665182b10fc45ab065fc55486,scripts/31_semisynthetic.py,.venv/Scripts/python scripts/31_semisynthetic.py --perm --config null --perm-index K --threads=3,3dfe2bc68aa49279b271a02a1f2404d134495556,runs/peerreview_20261003/semisynthetic/perm_null/perm079_history.csv
semisynthetic.zip,semisynthetic/perm_null/perm079_latent_usage_per_dimension.csv,1467,12b610cd884c453d0e7c12758e4f90ea8540cbd0c540834f9a61a4935e4ccba6,scripts/31_semisynthetic.py,.venv/Scripts/python scripts/31_semisynthetic.py --perm --config null --perm-index K --threads=3,3dfe2bc68aa49279b271a02a1f2404d134495556,runs/peerreview_20261003/semisynthetic/perm_null/perm079_latent_usage_per_dimension.csv
semisynthetic.zip,semisynthetic/perm_null/perm079_metrics.json,1783,6a7041634cc64e7a7972b43ae4ca1b341123e2ee7f14da975c75d4eaaab66fee,scripts/31_semisynthetic.py,.venv/Scripts/python scripts/31_semisynthetic.py --perm --config null --perm-index K --threads=3,3dfe2bc68aa49279b271a02a1f2404d134495556,runs/peerreview_20261003/semisynthetic/perm_null/perm079_metrics.json
semisynthetic.zip,semisynthetic/perm_null/perm080_done.json,1779,dc1382368d9c04d14fad2f626ddd9dc1b1c44f77b3d9f1141b223df33ffe2b3b,scripts/31_semisynthetic.py,.venv/Scripts/python scripts/31_semisynthetic.py --perm --config null --perm-index K --threads=3,3dfe2bc68aa49279b271a02a1f2404d134495556,runs/peerreview_20261003/semisynthetic/perm_null/perm080_done.json
semisynthetic.zip,semisynthetic/perm_null/perm080_history.csv,4221,332a4f6b957fc7f86886921108fecdf2e7f46ba6de1987e11a08730ba64ed693,scripts/31_semisynthetic.py,.venv/Scripts/python scripts/31_semisynthetic.py --perm --config null --perm-index K --threads=3,3dfe2bc68aa49279b271a02a1f2404d134495556,runs/peerreview_20261003/semisynthetic/perm_null/perm080_history.csv
semisynthetic.zip,semisynthetic/perm_null/perm080_latent_usage_per_dimension.csv,1468,42f43183b9846710e7dbf998cfebd795ba3cec51d357ab345e61432bc6b1256d,scripts/31_semisynthetic.py,.venv/Scripts/python scripts/31_semisynthetic.py --perm --config null --perm-index K --threads=3,3dfe2bc68aa49279b271a02a1f2404d134495556,runs/peerreview_20261003/semisynthetic/perm_null/perm080_latent_usage_per_dimension.csv
semisynthetic.zip,semisynthetic/perm_null/perm080_metrics.json,1779,dc1382368d9c04d14fad2f626ddd9dc1b1c44f77b3d9f1141b223df33ffe2b3b,scripts/31_semisynthetic.py,.venv/Scripts/python scripts/31_semisynthetic.py --perm --config null --perm-index K --threads=3,3dfe2bc68aa49279b271a02a1f2404d134495556,runs/peerreview_20261003/semisynthetic/perm_null/perm080_metrics.json
semisynthetic.zip,semisynthetic/perm_null/perm081_done.json,1784,52d6e41a8b7ababde7a22e8ad528d4ac4531edb82c7b0d97109b826209b24c20,scripts/31_semisynthetic.py,.venv/Scripts/python scripts/31_semisynthetic.py --perm --config null --perm-index K --threads=3,3dfe2bc68aa49279b271a02a1f2404d134495556,runs/peerreview_20261003/semisynthetic/perm_null/perm081_done.json
semisynthetic.zip,semisynthetic/perm_null/perm081_history.csv,4227,836757f49dc6c96a17d5fd310c9ec977b6942cb691eb8498758055adab8db44a,scripts/31_semisynthetic.py,.venv/Scripts/python scripts/31_semisynthetic.py --perm --config null --perm-index K --threads=3,3dfe2bc68aa49279b271a02a1f2404d134495556,runs/peerreview_20261003/semisynthetic/perm_null/perm081_history.csv
semisynthetic.zip,semisynthetic/perm_null/perm081_latent_usage_per_dimension.csv,1465,834345bb236cd4ef536223cba9de290a5ca6fc123db1f9f3c37e183618921119,scripts/31_semisynthetic.py,.venv/Scripts/python scripts/31_semisynthetic.py --perm --config null --perm-index K --threads=3,3dfe2bc68aa49279b271a02a1f2404d134495556,runs/peerreview_20261003/semisynthetic/perm_null/perm081_latent_usage_per_dimension.csv
semisynthetic.zip,semisynthetic/perm_null/perm081_metrics.json,1784,52d6e41a8b7ababde7a22e8ad528d4ac4531edb82c7b0d97109b826209b24c20,scripts/31_semisynthetic.py,.venv/Scripts/python scripts/31_semisynthetic.py --perm --config null --perm-index K --threads=3,3dfe2bc68aa49279b271a02a1f2404d134495556,runs/peerreview_20261003/semisynthetic/perm_null/perm081_metrics.json
semisynthetic.zip,semisynthetic/perm_null/perm082_done.json,1783,cf655e1390dc4f4463f319772c35f2408f23ffabbc7b4bd15a1adac3ba4c298b,scripts/31_semisynthetic.py,.venv/Scripts/python scripts/31_semisynthetic.py --perm --config null --perm-index K --threads=3,3dfe2bc68aa49279b271a02a1f2404d134495556,runs/peerreview_20261003/semisynthetic/perm_null/perm082_done.json
semisynthetic.zip,semisynthetic/perm_null/perm082_history.csv,4213,f832dd8e5429747f4a1697a9af1fa42a00664e04a60b2aabb0bf89b6f3c54808,scripts/31_semisynthetic.py,.venv/Scripts/python scripts/31_semisynthetic.py --perm --config null --perm-index K --threads=3,3dfe2bc68aa49279b271a02a1f2404d134495556,runs/peerreview_20261003/semisynthetic/perm_null/perm082_history.csv
semisynthetic.zip,semisynthetic/perm_null/perm082_latent_usage_per_dimension.csv,1478,43d207f157cae6cb126f515aadf23f77ae91bc29966ec2f39e322bfe1c11956a,scripts/31_semisynthetic.py,.venv/Scripts/python scripts/31_semisynthetic.py --perm --config null --perm-index K --threads=3,3dfe2bc68aa49279b271a02a1f2404d134495556,runs/peerreview_20261003/semisynthetic/perm_null/perm082_latent_usage_per_dimension.csv
semisynthetic.zip,semisynthetic/perm_null/perm082_metrics.json,1783,cf655e1390dc4f4463f319772c35f2408f23ffabbc7b4bd15a1adac3ba4c298b,scripts/31_semisynthetic.py,.venv/Scripts/python scripts/31_semisynthetic.py --perm --config null --perm-index K --threads=3,3dfe2bc68aa49279b271a02a1f2404d134495556,runs/peerreview_20261003/semisynthetic/perm_null/perm082_metrics.json
semisynthetic.zip,semisynthetic/perm_null/perm083_done.json,1783,da17591fd69bb7b2b1772725ee76c97b65e6d609131d69cfef2aa2260d8618c4,scripts/31_semisynthetic.py,.venv/Scripts/python scripts/31_semisynthetic.py --perm --config null --perm-index K --threads=3,3dfe2bc68aa49279b271a02a1f2404d134495556,runs/peerreview_20261003/semisynthetic/perm_null/perm083_done.json
semisynthetic.zip,semisynthetic/perm_null/perm083_history.csv,4229,34407f889673c42978b45a3cfadcb7321b0c0f3726d4a6315a94e60f2d6ea3d3,scripts/31_semisynthetic.py,.venv/Scripts/python scripts/31_semisynthetic.py --perm --config null --perm-index K --threads=3,3dfe2bc68aa49279b271a02a1f2404d134495556,runs/peerreview_20261003/semisynthetic/perm_null/perm083_history.csv
semisynthetic.zip,semisynthetic/perm_null/perm083_latent_usage_per_dimension.csv,1474,0f57536e31372bab5a7f6c94425bf63a588cb95a12c4f20de05d0b64e4735b8d,scripts/31_semisynthetic.py,.venv/Scripts/python scripts/31_semisynthetic.py --perm --config null --perm-index K --threads=3,3dfe2bc68aa49279b271a02a1f2404d134495556,runs/peerreview_20261003/semisynthetic/perm_null/perm083_latent_usage_per_dimension.csv
semisynthetic.zip,semisynthetic/perm_null/perm083_metrics.json,1783,da17591fd69bb7b2b1772725ee76c97b65e6d609131d69cfef2aa2260d8618c4,scripts/31_semisynthetic.py,.venv/Scripts/python scripts/31_semisynthetic.py --perm --config null --perm-index K --threads=3,3dfe2bc68aa49279b271a02a1f2404d134495556,runs/peerreview_20261003/semisynthetic/perm_null/perm083_metrics.json
semisynthetic.zip,semisynthetic/perm_null/perm084_done.json,1780,7938a67a5c58b60562cfe9a0b55aba1b990d8885f72d8707d604a4b1e245c5b9,scripts/31_semisynthetic.py,.venv/Scripts/python scripts/31_semisynthetic.py --perm --config null --perm-index K --threads=3,3dfe2bc68aa49279b271a02a1f2404d134495556,runs/peerreview_20261003/semisynthetic/perm_null/perm084_done.json
semisynthetic.zip,semisynthetic/perm_null/perm084_history.csv,4233,362501c77c969b5172be0ed0de5cc1ebe104f66d2250e2905774f2742c4e5e30,scripts/31_semisynthetic.py,.venv/Scripts/python scripts/31_semisynthetic.py --perm --config null --perm-index K --threads=3,3dfe2bc68aa49279b271a02a1f2404d134495556,runs/peerreview_20261003/semisynthetic/perm_null/perm084_history.csv
semisynthetic.zip,semisynthetic/perm_null/perm084_latent_usage_per_dimension.csv,1469,5bd6c73eb9d63f1b08a840a67c66e8436b5a1937e58cd80f0320c9caa431c8c2,scripts/31_semisynthetic.py,.venv/Scripts/python scripts/31_semisynthetic.py --perm --config null --perm-index K --threads=3,3dfe2bc68aa49279b271a02a1f2404d134495556,runs/peerreview_20261003/semisynthetic/perm_null/perm084_latent_usage_per_dimension.csv
semisynthetic.zip,semisynthetic/perm_null/perm084_metrics.json,1780,7938a67a5c58b60562cfe9a0b55aba1b990d8885f72d8707d604a4b1e245c5b9,scripts/31_semisynthetic.py,.venv/Scripts/python scripts/31_semisynthetic.py --perm --config null --perm-index K --threads=3,3dfe2bc68aa49279b271a02a1f2404d134495556,runs/peerreview_20261003/semisynthetic/perm_null/perm084_metrics.json
semisynthetic.zip,semisynthetic/perm_null/perm085_done.json,1786,eafd328637c0a8c45bba13d96e36acab1694de4975de711609f3dd5f541ca48d,scripts/31_semisynthetic.py,.venv/Scripts/python scripts/31_semisynthetic.py --perm --config null --perm-index K --threads=3,3dfe2bc68aa49279b271a02a1f2404d134495556,runs/peerreview_20261003/semisynthetic/perm_null/perm085_done.json
semisynthetic.zip,semisynthetic/perm_null/perm085_history.csv,4222,3669c64ae7498573193b05a7ee9b2d5d4f575425ed6b0a978395a9ca27cda38c,scripts/31_semisynthetic.py,.venv/Scripts/python scripts/31_semisynthetic.py --perm --config null --perm-index K --threads=3,3dfe2bc68aa49279b271a02a1f2404d134495556,runs/peerreview_20261003/semisynthetic/perm_null/perm085_history.csv
semisynthetic.zip,semisynthetic/perm_null/perm085_latent_usage_per_dimension.csv,1469,e6cdbcbd3c48f62ddc44e8e3e55dc9ad70de3aed8bb128ac35365c20881a83ab,scripts/31_semisynthetic.py,.venv/Scripts/python scripts/31_semisynthetic.py --perm --config null --perm-index K --threads=3,3dfe2bc68aa49279b271a02a1f2404d134495556,runs/peerreview_20261003/semisynthetic/perm_null/perm085_latent_usage_per_dimension.csv
semisynthetic.zip,semisynthetic/perm_null/perm085_metrics.json,1786,eafd328637c0a8c45bba13d96e36acab1694de4975de711609f3dd5f541ca48d,scripts/31_semisynthetic.py,.venv/Scripts/python scripts/31_semisynthetic.py --perm --config null --perm-index K --threads=3,3dfe2bc68aa49279b271a02a1f2404d134495556,runs/peerreview_20261003/semisynthetic/perm_null/perm085_metrics.json
semisynthetic.zip,semisynthetic/perm_null/perm086_done.json,1787,74e5294f6d7e5f9c8c4e3f009ade236183bc2244552770df48b63d79063c0412,scripts/31_semisynthetic.py,.venv/Scripts/python scripts/31_semisynthetic.py --perm --config null --perm-index K --threads=3,3dfe2bc68aa49279b271a02a1f2404d134495556,runs/peerreview_20261003/semisynthetic/perm_null/perm086_done.json
semisynthetic.zip,semisynthetic/perm_null/perm086_history.csv,4224,a69ba6cabb779c271da5d3814ed5c6dc2392bce5b3283dce03cbc731100b2cc5,scripts/31_semisynthetic.py,.venv/Scripts/python scripts/31_semisynthetic.py --perm --config null --perm-index K --threads=3,3dfe2bc68aa49279b271a02a1f2404d134495556,runs/peerreview_20261003/semisynthetic/perm_null/perm086_history.csv
semisynthetic.zip,semisynthetic/perm_null/perm086_latent_usage_per_dimension.csv,1474,636599ebccca9e0f014c67a5ff887340c59e42b02235b28a1bd287f1a6d48e6c,scripts/31_semisynthetic.py,.venv/Scripts/python scripts/31_semisynthetic.py --perm --config null --perm-index K --threads=3,3dfe2bc68aa49279b271a02a1f2404d134495556,runs/peerreview_20261003/semisynthetic/perm_null/perm086_latent_usage_per_dimension.csv
semisynthetic.zip,semisynthetic/perm_null/perm086_metrics.json,1787,74e5294f6d7e5f9c8c4e3f009ade236183bc2244552770df48b63d79063c0412,scripts/31_semisynthetic.py,.venv/Scripts/python scripts/31_semisynthetic.py --perm --config null --perm-index K --threads=3,3dfe2bc68aa49279b271a02a1f2404d134495556,runs/peerreview_20261003/semisynthetic/perm_null/perm086_metrics.json
semisynthetic.zip,semisynthetic/perm_null/perm087_done.json,1781,d2696e77a6d3835570a5a4bd6b1dfe80146608dd2f2b2e4bdd1eee8f9f7ecb7a,scripts/31_semisynthetic.py,.venv/Scripts/python scripts/31_semisynthetic.py --perm --config null --perm-index K --threads=3,3dfe2bc68aa49279b271a02a1f2404d134495556,runs/peerreview_20261003/semisynthetic/perm_null/perm087_done.json
semisynthetic.zip,semisynthetic/perm_null/perm087_history.csv,4232,f1526fa8d82c9f72a5dea9f5bd5f855856eda622719fe6bed152e6121e8826fc,scripts/31_semisynthetic.py,.venv/Scripts/python scripts/31_semisynthetic.py --perm --config null --perm-index K --threads=3,3dfe2bc68aa49279b271a02a1f2404d134495556,runs/peerreview_20261003/semisynthetic/perm_null/perm087_history.csv
semisynthetic.zip,semisynthetic/perm_null/perm087_latent_usage_per_dimension.csv,1465,0379b092cfe44919d99c0a0b3a04fb23bb1b9462eef06c40279713184d6a5518,scripts/31_semisynthetic.py,.venv/Scripts/python scripts/31_semisynthetic.py --perm --config null --perm-index K --threads=3,3dfe2bc68aa49279b271a02a1f2404d134495556,runs/peerreview_20261003/semisynthetic/perm_null/perm087_latent_usage_per_dimension.csv
semisynthetic.zip,semisynthetic/perm_null/perm087_metrics.json,1781,d2696e77a6d3835570a5a4bd6b1dfe80146608dd2f2b2e4bdd1eee8f9f7ecb7a,scripts/31_semisynthetic.py,.venv/Scripts/python scripts/31_semisynthetic.py --perm --config null --perm-index K --threads=3,3dfe2bc68aa49279b271a02a1f2404d134495556,runs/peerreview_20261003/semisynthetic/perm_null/perm087_metrics.json
semisynthetic.zip,semisynthetic/perm_null/perm088_done.json,1786,422a7f45d41fd72cf4ea33bbf176c22c2719c93ae99a97af65ea72e2ab052502,scripts/31_semisynthetic.py,.venv/Scripts/python scripts/31_semisynthetic.py --perm --config null --perm-index K --threads=3,3dfe2bc68aa49279b271a02a1f2404d134495556,runs/peerreview_20261003/semisynthetic/perm_null/perm088_done.json
semisynthetic.zip,semisynthetic/perm_null/perm088_history.csv,4234,6358ee0dddcb3f57f9b9d1c1f0e3b9e35f7842cfec09ad3b13b2fc69a320c14a,scripts/31_semisynthetic.py,.venv/Scripts/python scripts/31_semisynthetic.py --perm --config null --perm-index K --threads=3,3dfe2bc68aa49279b271a02a1f2404d134495556,runs/peerreview_20261003/semisynthetic/perm_null/perm088_history.csv
semisynthetic.zip,semisynthetic/perm_null/perm088_latent_usage_per_dimension.csv,1477,c60f9f0330ab011666bd7cf0315d9bbe7fe34539cd34dba128f67548dd774639,scripts/31_semisynthetic.py,.venv/Scripts/python scripts/31_semisynthetic.py --perm --config null --perm-index K --threads=3,3dfe2bc68aa49279b271a02a1f2404d134495556,runs/peerreview_20261003/semisynthetic/perm_null/perm088_latent_usage_per_dimension.csv
semisynthetic.zip,semisynthetic/perm_null/perm088_metrics.json,1786,422a7f45d41fd72cf4ea33bbf176c22c2719c93ae99a97af65ea72e2ab052502,scripts/31_semisynthetic.py,.venv/Scripts/python scripts/31_semisynthetic.py --perm --config null --perm-index K --threads=3,3dfe2bc68aa49279b271a02a1f2404d134495556,runs/peerreview_20261003/semisynthetic/perm_null/perm088_metrics.json
semisynthetic.zip,semisynthetic/perm_null/perm089_done.json,1780,cb22f44f23e12a3f5c2815bfc15fcf05c9682d6dd2e92b2fa28a27e9a9b41871,scripts/31_semisynthetic.py,.venv/Scripts/python scripts/31_semisynthetic.py --perm --config null --perm-index K --threads=3,3dfe2bc68aa49279b271a02a1f2404d134495556,runs/peerreview_20261003/semisynthetic/perm_null/perm089_done.json
semisynthetic.zip,semisynthetic/perm_null/perm089_history.csv,4224,1a9b579d32df0727c396f2ec30d1754efa062f156bd71c31f79bd40a558fff9d,scripts/31_semisynthetic.py,.venv/Scripts/python scripts/31_semisynthetic.py --perm --config null --perm-index K --threads=3,3dfe2bc68aa49279b271a02a1f2404d134495556,runs/peerreview_20261003/semisynthetic/perm_null/perm089_history.csv
semisynthetic.zip,semisynthetic/perm_null/perm089_latent_usage_per_dimension.csv,1463,382b6f9d4c6c4f8a117c7ff24fae36a31a30078d0ca0e3104cf45248db4514f4,scripts/31_semisynthetic.py,.venv/Scripts/python scripts/31_semisynthetic.py --perm --config null --perm-index K --threads=3,3dfe2bc68aa49279b271a02a1f2404d134495556,runs/peerreview_20261003/semisynthetic/perm_null/perm089_latent_usage_per_dimension.csv
semisynthetic.zip,semisynthetic/perm_null/perm089_metrics.json,1780,cb22f44f23e12a3f5c2815bfc15fcf05c9682d6dd2e92b2fa28a27e9a9b41871,scripts/31_semisynthetic.py,.venv/Scripts/python scripts/31_semisynthetic.py --perm --config null --perm-index K --threads=3,3dfe2bc68aa49279b271a02a1f2404d134495556,runs/peerreview_20261003/semisynthetic/perm_null/perm089_metrics.json
semisynthetic.zip,semisynthetic/perm_null/perm090_done.json,1780,6857989b909a1f83884d3dfdb0fe4fa41d931ca3e33fd1673efab985d441df1d,scripts/31_semisynthetic.py,.venv/Scripts/python scripts/31_semisynthetic.py --perm --config null --perm-index K --threads=3,3dfe2bc68aa49279b271a02a1f2404d134495556,runs/peerreview_20261003/semisynthetic/perm_null/perm090_done.json
semisynthetic.zip,semisynthetic/perm_null/perm090_history.csv,4212,81cde4da9cd8ec20aa95523f1eb812d188a448b1dc6bc49601894416d02e4227,scripts/31_semisynthetic.py,.venv/Scripts/python scripts/31_semisynthetic.py --perm --config null --perm-index K --threads=3,3dfe2bc68aa49279b271a02a1f2404d134495556,runs/peerreview_20261003/semisynthetic/perm_null/perm090_history.csv
semisynthetic.zip,semisynthetic/perm_null/perm090_latent_usage_per_dimension.csv,1470,d0f4818027c36d17fa45c9fbabeb069339201f04f906d7c50a67a37da9c33bb2,scripts/31_semisynthetic.py,.venv/Scripts/python scripts/31_semisynthetic.py --perm --config null --perm-index K --threads=3,3dfe2bc68aa49279b271a02a1f2404d134495556,runs/peerreview_20261003/semisynthetic/perm_null/perm090_latent_usage_per_dimension.csv
semisynthetic.zip,semisynthetic/perm_null/perm090_metrics.json,1780,6857989b909a1f83884d3dfdb0fe4fa41d931ca3e33fd1673efab985d441df1d,scripts/31_semisynthetic.py,.venv/Scripts/python scripts/31_semisynthetic.py --perm --config null --perm-index K --threads=3,3dfe2bc68aa49279b271a02a1f2404d134495556,runs/peerreview_20261003/semisynthetic/perm_null/perm090_metrics.json
semisynthetic.zip,semisynthetic/perm_null/perm091_done.json,1779,f98c6f0c4b83df64b4f76846291b34f08965d257540390dda84b38ba4f69763a,scripts/31_semisynthetic.py,.venv/Scripts/python scripts/31_semisynthetic.py --perm --config null --perm-index K --threads=3,3dfe2bc68aa49279b271a02a1f2404d134495556,runs/peerreview_20261003/semisynthetic/perm_null/perm091_done.json
semisynthetic.zip,semisynthetic/perm_null/perm091_history.csv,4210,92f8ff2348876a0c09d43a9c57f15bd38948b683ec80e50e315392d4c4190b21,scripts/31_semisynthetic.py,.venv/Scripts/python scripts/31_semisynthetic.py --perm --config null --perm-index K --threads=3,3dfe2bc68aa49279b271a02a1f2404d134495556,runs/peerreview_20261003/semisynthetic/perm_null/perm091_history.csv
semisynthetic.zip,semisynthetic/perm_null/perm091_latent_usage_per_dimension.csv,1476,00c81e0cd83fa519cc6d1f3cd557984b133e11ffee9188ad6fc304772447a2d0,scripts/31_semisynthetic.py,.venv/Scripts/python scripts/31_semisynthetic.py --perm --config null --perm-index K --threads=3,3dfe2bc68aa49279b271a02a1f2404d134495556,runs/peerreview_20261003/semisynthetic/perm_null/perm091_latent_usage_per_dimension.csv
semisynthetic.zip,semisynthetic/perm_null/perm091_metrics.json,1779,f98c6f0c4b83df64b4f76846291b34f08965d257540390dda84b38ba4f69763a,scripts/31_semisynthetic.py,.venv/Scripts/python scripts/31_semisynthetic.py --perm --config null --perm-index K --threads=3,3dfe2bc68aa49279b271a02a1f2404d134495556,runs/peerreview_20261003/semisynthetic/perm_null/perm091_metrics.json
semisynthetic.zip,semisynthetic/perm_null/perm092_done.json,1785,0632c462c46514ab3560d991f5099beec21ec2103ad5022d7c919a16623605f6,scripts/31_semisynthetic.py,.venv/Scripts/python scripts/31_semisynthetic.py --perm --config null --perm-index K --threads=3,3dfe2bc68aa49279b271a02a1f2404d134495556,runs/peerreview_20261003/semisynthetic/perm_null/perm092_done.json
semisynthetic.zip,semisynthetic/perm_null/perm092_history.csv,4231,163d654c04d5ad4d64232b3e1d27a1947563144cd908e117dfad22a022f18c42,scripts/31_semisynthetic.py,.venv/Scripts/python scripts/31_semisynthetic.py --perm --config null --perm-index K --threads=3,3dfe2bc68aa49279b271a02a1f2404d134495556,runs/peerreview_20261003/semisynthetic/perm_null/perm092_history.csv
semisynthetic.zip,semisynthetic/perm_null/perm092_latent_usage_per_dimension.csv,1470,e6360c6de8d9bd304f9a6a25ed907ef653e4f2a8de1e9a79de4d090bfa8c89df,scripts/31_semisynthetic.py,.venv/Scripts/python scripts/31_semisynthetic.py --perm --config null --perm-index K --threads=3,3dfe2bc68aa49279b271a02a1f2404d134495556,runs/peerreview_20261003/semisynthetic/perm_null/perm092_latent_usage_per_dimension.csv
semisynthetic.zip,semisynthetic/perm_null/perm092_metrics.json,1785,0632c462c46514ab3560d991f5099beec21ec2103ad5022d7c919a16623605f6,scripts/31_semisynthetic.py,.venv/Scripts/python scripts/31_semisynthetic.py --perm --config null --perm-index K --threads=3,3dfe2bc68aa49279b271a02a1f2404d134495556,runs/peerreview_20261003/semisynthetic/perm_null/perm092_metrics.json
semisynthetic.zip,semisynthetic/perm_null/perm093_done.json,1787,1d9de9347623311db2dea24e1c80a7d2ee6c21ecd6c1e1858ee9ea520db88b2d,scripts/31_semisynthetic.py,.venv/Scripts/python scripts/31_semisynthetic.py --perm --config null --perm-index K --threads=3,3dfe2bc68aa49279b271a02a1f2404d134495556,runs/peerreview_20261003/semisynthetic/perm_null/perm093_done.json
semisynthetic.zip,semisynthetic/perm_null/perm093_history.csv,4236,95f97977b7e8de75b61ef25065417426ab6525ae7e050251148ae8d663c0a0ad,scripts/31_semisynthetic.py,.venv/Scripts/python scripts/31_semisynthetic.py --perm --config null --perm-index K --threads=3,3dfe2bc68aa49279b271a02a1f2404d134495556,runs/peerreview_20261003/semisynthetic/perm_null/perm093_history.csv
semisynthetic.zip,semisynthetic/perm_null/perm093_latent_usage_per_dimension.csv,1469,e6bd07a83062539fa631068cfd9517fc5a3add4b8c3f054252d2afa9ef2238b4,scripts/31_semisynthetic.py,.venv/Scripts/python scripts/31_semisynthetic.py --perm --config null --perm-index K --threads=3,3dfe2bc68aa49279b271a02a1f2404d134495556,runs/peerreview_20261003/semisynthetic/perm_null/perm093_latent_usage_per_dimension.csv
semisynthetic.zip,semisynthetic/perm_null/perm093_metrics.json,1787,1d9de9347623311db2dea24e1c80a7d2ee6c21ecd6c1e1858ee9ea520db88b2d,scripts/31_semisynthetic.py,.venv/Scripts/python scripts/31_semisynthetic.py --perm --config null --perm-index K --threads=3,3dfe2bc68aa49279b271a02a1f2404d134495556,runs/peerreview_20261003/semisynthetic/perm_null/perm093_metrics.json
semisynthetic.zip,semisynthetic/perm_null/perm094_done.json,1784,6c3e857e1f99787e69b1422b75dda45479bed0455806ae1ae6678e07c175b0ee,scripts/31_semisynthetic.py,.venv/Scripts/python scripts/31_semisynthetic.py --perm --config null --perm-index K --threads=3,3dfe2bc68aa49279b271a02a1f2404d134495556,runs/peerreview_20261003/semisynthetic/perm_null/perm094_done.json
semisynthetic.zip,semisynthetic/perm_null/perm094_history.csv,4221,022f17c58a8ff3cca1ac6fdfe12779f67aa0ddb33a83b4d4b93e23360aa0fcbd,scripts/31_semisynthetic.py,.venv/Scripts/python scripts/31_semisynthetic.py --perm --config null --perm-index K --threads=3,3dfe2bc68aa49279b271a02a1f2404d134495556,runs/peerreview_20261003/semisynthetic/perm_null/perm094_history.csv
semisynthetic.zip,semisynthetic/perm_null/perm094_latent_usage_per_dimension.csv,1477,239fa6dda4e9a1936a54ff964f3b92bbcc91e30cea6ebf49a122302d6b4d2b3b,scripts/31_semisynthetic.py,.venv/Scripts/python scripts/31_semisynthetic.py --perm --config null --perm-index K --threads=3,3dfe2bc68aa49279b271a02a1f2404d134495556,runs/peerreview_20261003/semisynthetic/perm_null/perm094_latent_usage_per_dimension.csv
semisynthetic.zip,semisynthetic/perm_null/perm094_metrics.json,1784,6c3e857e1f99787e69b1422b75dda45479bed0455806ae1ae6678e07c175b0ee,scripts/31_semisynthetic.py,.venv/Scripts/python scripts/31_semisynthetic.py --perm --config null --perm-index K --threads=3,3dfe2bc68aa49279b271a02a1f2404d134495556,runs/peerreview_20261003/semisynthetic/perm_null/perm094_metrics.json
semisynthetic.zip,semisynthetic/perm_null/perm095_done.json,1785,b31fdfd38e718f502eeec9ff377aa8677d695439bea7d2f4950c4097988b569a,scripts/31_semisynthetic.py,.venv/Scripts/python scripts/31_semisynthetic.py --perm --config null --perm-index K --threads=3,3dfe2bc68aa49279b271a02a1f2404d134495556,runs/peerreview_20261003/semisynthetic/perm_null/perm095_done.json
semisynthetic.zip,semisynthetic/perm_null/perm095_history.csv,4235,06962e84e58419bccb1a0bcd10613612af096477964c5686b08fc65410d29e2a,scripts/31_semisynthetic.py,.venv/Scripts/python scripts/31_semisynthetic.py --perm --config null --perm-index K --threads=3,3dfe2bc68aa49279b271a02a1f2404d134495556,runs/peerreview_20261003/semisynthetic/perm_null/perm095_history.csv
semisynthetic.zip,semisynthetic/perm_null/perm095_latent_usage_per_dimension.csv,1485,88cd60ac2ad31a6bf5a92bd7f4d64b418bc734ed0b586589a5a5c967688c5055,scripts/31_semisynthetic.py,.venv/Scripts/python scripts/31_semisynthetic.py --perm --config null --perm-index K --threads=3,3dfe2bc68aa49279b271a02a1f2404d134495556,runs/peerreview_20261003/semisynthetic/perm_null/perm095_latent_usage_per_dimension.csv
semisynthetic.zip,semisynthetic/perm_null/perm095_metrics.json,1785,b31fdfd38e718f502eeec9ff377aa8677d695439bea7d2f4950c4097988b569a,scripts/31_semisynthetic.py,.venv/Scripts/python scripts/31_semisynthetic.py --perm --config null --perm-index K --threads=3,3dfe2bc68aa49279b271a02a1f2404d134495556,runs/peerreview_20261003/semisynthetic/perm_null/perm095_metrics.json
semisynthetic.zip,semisynthetic/perm_null/perm096_done.json,1786,155c82e84a709de0eac2b4936bc04cdbe0e372c90085eede6715486ba97dac52,scripts/31_semisynthetic.py,.venv/Scripts/python scripts/31_semisynthetic.py --perm --config null --perm-index K --threads=3,3dfe2bc68aa49279b271a02a1f2404d134495556,runs/peerreview_20261003/semisynthetic/perm_null/perm096_done.json
semisynthetic.zip,semisynthetic/perm_null/perm096_history.csv,4227,08416b666c08b647e0a19b799fd265297271473734c9b0577d56f5abf419ab17,scripts/31_semisynthetic.py,.venv/Scripts/python scripts/31_semisynthetic.py --perm --config null --perm-index K --threads=3,3dfe2bc68aa49279b271a02a1f2404d134495556,runs/peerreview_20261003/semisynthetic/perm_null/perm096_history.csv
semisynthetic.zip,semisynthetic/perm_null/perm096_latent_usage_per_dimension.csv,1473,9edb73e77db2bdc2d2d514d4b2126b33474f0b0911769b024c8bb938d365711b,scripts/31_semisynthetic.py,.venv/Scripts/python scripts/31_semisynthetic.py --perm --config null --perm-index K --threads=3,3dfe2bc68aa49279b271a02a1f2404d134495556,runs/peerreview_20261003/semisynthetic/perm_null/perm096_latent_usage_per_dimension.csv
semisynthetic.zip,semisynthetic/perm_null/perm096_metrics.json,1786,155c82e84a709de0eac2b4936bc04cdbe0e372c90085eede6715486ba97dac52,scripts/31_semisynthetic.py,.venv/Scripts/python scripts/31_semisynthetic.py --perm --config null --perm-index K --threads=3,3dfe2bc68aa49279b271a02a1f2404d134495556,runs/peerreview_20261003/semisynthetic/perm_null/perm096_metrics.json
semisynthetic.zip,semisynthetic/perm_null/perm097_done.json,1790,a789f5baf49c04d1e65de939e2e8948cb704c6d0de729f32e749a43ef52abf37,scripts/31_semisynthetic.py,.venv/Scripts/python scripts/31_semisynthetic.py --perm --config null --perm-index K --threads=3,3dfe2bc68aa49279b271a02a1f2404d134495556,runs/peerreview_20261003/semisynthetic/perm_null/perm097_done.json
semisynthetic.zip,semisynthetic/perm_null/perm097_history.csv,4217,4fc7cc3db708ee42c59cccb0af54875dadad93812c5fc739707eb490eb0ba14f,scripts/31_semisynthetic.py,.venv/Scripts/python scripts/31_semisynthetic.py --perm --config null --perm-index K --threads=3,3dfe2bc68aa49279b271a02a1f2404d134495556,runs/peerreview_20261003/semisynthetic/perm_null/perm097_history.csv
semisynthetic.zip,semisynthetic/perm_null/perm097_latent_usage_per_dimension.csv,1479,8efc97ccedbb4bc5b4458b93fe9d971b82bc79108ab11a52767e1d2f308a5649,scripts/31_semisynthetic.py,.venv/Scripts/python scripts/31_semisynthetic.py --perm --config null --perm-index K --threads=3,3dfe2bc68aa49279b271a02a1f2404d134495556,runs/peerreview_20261003/semisynthetic/perm_null/perm097_latent_usage_per_dimension.csv
semisynthetic.zip,semisynthetic/perm_null/perm097_metrics.json,1790,a789f5baf49c04d1e65de939e2e8948cb704c6d0de729f32e749a43ef52abf37,scripts/31_semisynthetic.py,.venv/Scripts/python scripts/31_semisynthetic.py --perm --config null --perm-index K --threads=3,3dfe2bc68aa49279b271a02a1f2404d134495556,runs/peerreview_20261003/semisynthetic/perm_null/perm097_metrics.json
semisynthetic.zip,semisynthetic/perm_null/perm098_done.json,1780,114da3e9794d7e50e49a07a64d02a22b15b082cb5d665f3d271c23452c64c86c,scripts/31_semisynthetic.py,.venv/Scripts/python scripts/31_semisynthetic.py --perm --config null --perm-index K --threads=3,3dfe2bc68aa49279b271a02a1f2404d134495556,runs/peerreview_20261003/semisynthetic/perm_null/perm098_done.json
semisynthetic.zip,semisynthetic/perm_null/perm098_history.csv,4229,96c47fcfbdd74588f0c7bc8f5295cf9ab31e01be782877a9f4afc8249b59b9a7,scripts/31_semisynthetic.py,.venv/Scripts/python scripts/31_semisynthetic.py --perm --config null --perm-index K --threads=3,3dfe2bc68aa49279b271a02a1f2404d134495556,runs/peerreview_20261003/semisynthetic/perm_null/perm098_history.csv
semisynthetic.zip,semisynthetic/perm_null/perm098_latent_usage_per_dimension.csv,1464,66dd2aebbb42be6cff2af65b1e4504fe78bc09855e6c9e7df1ee2d9ea9bcc3a3,scripts/31_semisynthetic.py,.venv/Scripts/python scripts/31_semisynthetic.py --perm --config null --perm-index K --threads=3,3dfe2bc68aa49279b271a02a1f2404d134495556,runs/peerreview_20261003/semisynthetic/perm_null/perm098_latent_usage_per_dimension.csv
semisynthetic.zip,semisynthetic/perm_null/perm098_metrics.json,1780,114da3e9794d7e50e49a07a64d02a22b15b082cb5d665f3d271c23452c64c86c,scripts/31_semisynthetic.py,.venv/Scripts/python scripts/31_semisynthetic.py --perm --config null --perm-index K --threads=3,3dfe2bc68aa49279b271a02a1f2404d134495556,runs/peerreview_20261003/semisynthetic/perm_null/perm098_metrics.json
semisynthetic.zip,semisynthetic/perm_null/perm099_done.json,1788,8019fda0fcf904d9ae2fcf4e79b487f1c89746c7dd03c709d6c005903cdb6598,scripts/31_semisynthetic.py,.venv/Scripts/python scripts/31_semisynthetic.py --perm --config null --perm-index K --threads=3,3dfe2bc68aa49279b271a02a1f2404d134495556,runs/peerreview_20261003/semisynthetic/perm_null/perm099_done.json
semisynthetic.zip,semisynthetic/perm_null/perm099_history.csv,4229,09f112198d3e26d6f25ac67b62fc3e763ef93d2f1491246b7c742d9955b7b5ff,scripts/31_semisynthetic.py,.venv/Scripts/python scripts/31_semisynthetic.py --perm --config null --perm-index K --threads=3,3dfe2bc68aa49279b271a02a1f2404d134495556,runs/peerreview_20261003/semisynthetic/perm_null/perm099_history.csv
semisynthetic.zip,semisynthetic/perm_null/perm099_latent_usage_per_dimension.csv,1484,970b8773bc8b3c19544db9359631d29afa4ad761224c3ead3d2fef83bf1d25bc,scripts/31_semisynthetic.py,.venv/Scripts/python scripts/31_semisynthetic.py --perm --config null --perm-index K --threads=3,3dfe2bc68aa49279b271a02a1f2404d134495556,runs/peerreview_20261003/semisynthetic/perm_null/perm099_latent_usage_per_dimension.csv
semisynthetic.zip,semisynthetic/perm_null/perm099_metrics.json,1788,8019fda0fcf904d9ae2fcf4e79b487f1c89746c7dd03c709d6c005903cdb6598,scripts/31_semisynthetic.py,.venv/Scripts/python scripts/31_semisynthetic.py --perm --config null --perm-index K --threads=3,3dfe2bc68aa49279b271a02a1f2404d134495556,runs/peerreview_20261003/semisynthetic/perm_null/perm099_metrics.json
semisynthetic.zip,semisynthetic/perm_shared_d1_rf1.0/perm000_done.json,1796,d44c1eacd8af18003e72b0801e0cc40f04d3c4c46ea90fd2f4f30d96541fa322,scripts/31_semisynthetic.py,.venv/Scripts/python scripts/31_semisynthetic.py --perm --config shared_d1_rf1.0 --perm-index K --threads=3,3dfe2bc68aa49279b271a02a1f2404d134495556,runs/peerreview_20261003/semisynthetic/perm_shared_d1_rf1.0/perm000_done.json
semisynthetic.zip,semisynthetic/perm_shared_d1_rf1.0/perm000_history.csv,4214,2fe563f0233ee50e1d87e4e071692833eebb2839b82ce72d13ac736f1ec72dce,scripts/31_semisynthetic.py,.venv/Scripts/python scripts/31_semisynthetic.py --perm --config shared_d1_rf1.0 --perm-index K --threads=3,3dfe2bc68aa49279b271a02a1f2404d134495556,runs/peerreview_20261003/semisynthetic/perm_shared_d1_rf1.0/perm000_history.csv
semisynthetic.zip,semisynthetic/perm_shared_d1_rf1.0/perm000_latent_usage_per_dimension.csv,1476,9d3b5f125f01fd06e1f3ab7f8bd3b83d4e3fcf13f8ba91eefc68c3063eb6ee3c,scripts/31_semisynthetic.py,.venv/Scripts/python scripts/31_semisynthetic.py --perm --config shared_d1_rf1.0 --perm-index K --threads=3,3dfe2bc68aa49279b271a02a1f2404d134495556,runs/peerreview_20261003/semisynthetic/perm_shared_d1_rf1.0/perm000_latent_usage_per_dimension.csv
semisynthetic.zip,semisynthetic/perm_shared_d1_rf1.0/perm000_metrics.json,1796,d44c1eacd8af18003e72b0801e0cc40f04d3c4c46ea90fd2f4f30d96541fa322,scripts/31_semisynthetic.py,.venv/Scripts/python scripts/31_semisynthetic.py --perm --config shared_d1_rf1.0 --perm-index K --threads=3,3dfe2bc68aa49279b271a02a1f2404d134495556,runs/peerreview_20261003/semisynthetic/perm_shared_d1_rf1.0/perm000_metrics.json
semisynthetic.zip,semisynthetic/perm_shared_d1_rf1.0/perm001_done.json,1795,7e4a9c59190ad35d1fc4b6ff54e8e61a1f9cd34f1093791de04dd30abfee134c,scripts/31_semisynthetic.py,.venv/Scripts/python scripts/31_semisynthetic.py --perm --config shared_d1_rf1.0 --perm-index K --threads=3,3dfe2bc68aa49279b271a02a1f2404d134495556,runs/peerreview_20261003/semisynthetic/perm_shared_d1_rf1.0/perm001_done.json
semisynthetic.zip,semisynthetic/perm_shared_d1_rf1.0/perm001_history.csv,4230,0a3d3aeaec377fdd6f7243ff40bbb299d0ee7bb5986dfcfb143dfd13e8f3a765,scripts/31_semisynthetic.py,.venv/Scripts/python scripts/31_semisynthetic.py --perm --config shared_d1_rf1.0 --perm-index K --threads=3,3dfe2bc68aa49279b271a02a1f2404d134495556,runs/peerreview_20261003/semisynthetic/perm_shared_d1_rf1.0/perm001_history.csv
semisynthetic.zip,semisynthetic/perm_shared_d1_rf1.0/perm001_latent_usage_per_dimension.csv,1467,342576f136d3a122843a3c0d49723e821ec20db2a884997bccd56069eb1797ee,scripts/31_semisynthetic.py,.venv/Scripts/python scripts/31_semisynthetic.py --perm --config shared_d1_rf1.0 --perm-index K --threads=3,3dfe2bc68aa49279b271a02a1f2404d134495556,runs/peerreview_20261003/semisynthetic/perm_shared_d1_rf1.0/perm001_latent_usage_per_dimension.csv
semisynthetic.zip,semisynthetic/perm_shared_d1_rf1.0/perm001_metrics.json,1795,7e4a9c59190ad35d1fc4b6ff54e8e61a1f9cd34f1093791de04dd30abfee134c,scripts/31_semisynthetic.py,.venv/Scripts/python scripts/31_semisynthetic.py --perm --config shared_d1_rf1.0 --perm-index K --threads=3,3dfe2bc68aa49279b271a02a1f2404d134495556,runs/peerreview_20261003/semisynthetic/perm_shared_d1_rf1.0/perm001_metrics.json
semisynthetic.zip,semisynthetic/perm_shared_d1_rf1.0/perm002_done.json,1790,9d2d92a042c73b850ec802c9990761519b479dcc74d645c4917ed7eb05f866fc,scripts/31_semisynthetic.py,.venv/Scripts/python scripts/31_semisynthetic.py --perm --config shared_d1_rf1.0 --perm-index K --threads=3,3dfe2bc68aa49279b271a02a1f2404d134495556,runs/peerreview_20261003/semisynthetic/perm_shared_d1_rf1.0/perm002_done.json
semisynthetic.zip,semisynthetic/perm_shared_d1_rf1.0/perm002_history.csv,4209,5f45e5a737e0c77869a858c2fda620a58e1a510a6af4f818db40cd23eab9cbc9,scripts/31_semisynthetic.py,.venv/Scripts/python scripts/31_semisynthetic.py --perm --config shared_d1_rf1.0 --perm-index K --threads=3,3dfe2bc68aa49279b271a02a1f2404d134495556,runs/peerreview_20261003/semisynthetic/perm_shared_d1_rf1.0/perm002_history.csv
semisynthetic.zip,semisynthetic/perm_shared_d1_rf1.0/perm002_latent_usage_per_dimension.csv,1462,2f9fa3cf601c235f35d702dd152c13d1176b2ce54066386203168a98b8d7b64c,scripts/31_semisynthetic.py,.venv/Scripts/python scripts/31_semisynthetic.py --perm --config shared_d1_rf1.0 --perm-index K --threads=3,3dfe2bc68aa49279b271a02a1f2404d134495556,runs/peerreview_20261003/semisynthetic/perm_shared_d1_rf1.0/perm002_latent_usage_per_dimension.csv
semisynthetic.zip,semisynthetic/perm_shared_d1_rf1.0/perm002_metrics.json,1790,9d2d92a042c73b850ec802c9990761519b479dcc74d645c4917ed7eb05f866fc,scripts/31_semisynthetic.py,.venv/Scripts/python scripts/31_semisynthetic.py --perm --config shared_d1_rf1.0 --perm-index K --threads=3,3dfe2bc68aa49279b271a02a1f2404d134495556,runs/peerreview_20261003/semisynthetic/perm_shared_d1_rf1.0/perm002_metrics.json
semisynthetic.zip,semisynthetic/perm_shared_d1_rf1.0/perm003_done.json,1795,0085207b6534764d76f1833fb6c47aac0211e9e0b24f61dce6f4fa688294a6b7,scripts/31_semisynthetic.py,.venv/Scripts/python scripts/31_semisynthetic.py --perm --config shared_d1_rf1.0 --perm-index K --threads=3,3dfe2bc68aa49279b271a02a1f2404d134495556,runs/peerreview_20261003/semisynthetic/perm_shared_d1_rf1.0/perm003_done.json
semisynthetic.zip,semisynthetic/perm_shared_d1_rf1.0/perm003_history.csv,4238,211a72c37fd75c2e6beb2e2f18ba1028043ac7fa03d868db9d14de4b128c7c5a,scripts/31_semisynthetic.py,.venv/Scripts/python scripts/31_semisynthetic.py --perm --config shared_d1_rf1.0 --perm-index K --threads=3,3dfe2bc68aa49279b271a02a1f2404d134495556,runs/peerreview_20261003/semisynthetic/perm_shared_d1_rf1.0/perm003_history.csv
semisynthetic.zip,semisynthetic/perm_shared_d1_rf1.0/perm003_latent_usage_per_dimension.csv,1469,4b2a36b93b65faa4b7781761bdfe41d7ee8129fabd30656d3591f1c13bbd0678,scripts/31_semisynthetic.py,.venv/Scripts/python scripts/31_semisynthetic.py --perm --config shared_d1_rf1.0 --perm-index K --threads=3,3dfe2bc68aa49279b271a02a1f2404d134495556,runs/peerreview_20261003/semisynthetic/perm_shared_d1_rf1.0/perm003_latent_usage_per_dimension.csv
semisynthetic.zip,semisynthetic/perm_shared_d1_rf1.0/perm003_metrics.json,1795,0085207b6534764d76f1833fb6c47aac0211e9e0b24f61dce6f4fa688294a6b7,scripts/31_semisynthetic.py,.venv/Scripts/python scripts/31_semisynthetic.py --perm --config shared_d1_rf1.0 --perm-index K --threads=3,3dfe2bc68aa49279b271a02a1f2404d134495556,runs/peerreview_20261003/semisynthetic/perm_shared_d1_rf1.0/perm003_metrics.json
semisynthetic.zip,semisynthetic/perm_shared_d1_rf1.0/perm004_done.json,1790,eef60e0004c247ec03bc5c04a5366be9ddfd2fa3435cf7ecc217a8e1f80ee747,scripts/31_semisynthetic.py,.venv/Scripts/python scripts/31_semisynthetic.py --perm --config shared_d1_rf1.0 --perm-index K --threads=3,3dfe2bc68aa49279b271a02a1f2404d134495556,runs/peerreview_20261003/semisynthetic/perm_shared_d1_rf1.0/perm004_done.json
semisynthetic.zip,semisynthetic/perm_shared_d1_rf1.0/perm004_history.csv,4233,db996b67333393fa4cb9f183b733c0d2924a0ed0a3b97690e388d49d0ca8b8a1,scripts/31_semisynthetic.py,.venv/Scripts/python scripts/31_semisynthetic.py --perm --config shared_d1_rf1.0 --perm-index K --threads=3,3dfe2bc68aa49279b271a02a1f2404d134495556,runs/peerreview_20261003/semisynthetic/perm_shared_d1_rf1.0/perm004_history.csv
semisynthetic.zip,semisynthetic/perm_shared_d1_rf1.0/perm004_latent_usage_per_dimension.csv,1464,b690a678df67d9b5afada6622047b4937efb3b6d2480a5555b07815c359c1836,scripts/31_semisynthetic.py,.venv/Scripts/python scripts/31_semisynthetic.py --perm --config shared_d1_rf1.0 --perm-index K --threads=3,3dfe2bc68aa49279b271a02a1f2404d134495556,runs/peerreview_20261003/semisynthetic/perm_shared_d1_rf1.0/perm004_latent_usage_per_dimension.csv
semisynthetic.zip,semisynthetic/perm_shared_d1_rf1.0/perm004_metrics.json,1790,eef60e0004c247ec03bc5c04a5366be9ddfd2fa3435cf7ecc217a8e1f80ee747,scripts/31_semisynthetic.py,.venv/Scripts/python scripts/31_semisynthetic.py --perm --config shared_d1_rf1.0 --perm-index K --threads=3,3dfe2bc68aa49279b271a02a1f2404d134495556,runs/peerreview_20261003/semisynthetic/perm_shared_d1_rf1.0/perm004_metrics.json
semisynthetic.zip,semisynthetic/perm_shared_d1_rf1.0/perm005_done.json,1800,1b6465e550fc210f68685f62ee7917017da4887cd1f2ccb314e5ecec2d69b9fe,scripts/31_semisynthetic.py,.venv/Scripts/python scripts/31_semisynthetic.py --perm --config shared_d1_rf1.0 --perm-index K --threads=3,3dfe2bc68aa49279b271a02a1f2404d134495556,runs/peerreview_20261003/semisynthetic/perm_shared_d1_rf1.0/perm005_done.json
semisynthetic.zip,semisynthetic/perm_shared_d1_rf1.0/perm005_history.csv,4232,70c77b0587030458b88cd2910e8336b845f057c24dc1400e742743730458d8d9,scripts/31_semisynthetic.py,.venv/Scripts/python scripts/31_semisynthetic.py --perm --config shared_d1_rf1.0 --perm-index K --threads=3,3dfe2bc68aa49279b271a02a1f2404d134495556,runs/peerreview_20261003/semisynthetic/perm_shared_d1_rf1.0/perm005_history.csv
semisynthetic.zip,semisynthetic/perm_shared_d1_rf1.0/perm005_latent_usage_per_dimension.csv,1476,33b37a4953624e2ebea4e39a57a633a26654c342a3ca82b3ff3a81ca960b527f,scripts/31_semisynthetic.py,.venv/Scripts/python scripts/31_semisynthetic.py --perm --config shared_d1_rf1.0 --perm-index K --threads=3,3dfe2bc68aa49279b271a02a1f2404d134495556,runs/peerreview_20261003/semisynthetic/perm_shared_d1_rf1.0/perm005_latent_usage_per_dimension.csv
semisynthetic.zip,semisynthetic/perm_shared_d1_rf1.0/perm005_metrics.json,1800,1b6465e550fc210f68685f62ee7917017da4887cd1f2ccb314e5ecec2d69b9fe,scripts/31_semisynthetic.py,.venv/Scripts/python scripts/31_semisynthetic.py --perm --config shared_d1_rf1.0 --perm-index K --threads=3,3dfe2bc68aa49279b271a02a1f2404d134495556,runs/peerreview_20261003/semisynthetic/perm_shared_d1_rf1.0/perm005_metrics.json
semisynthetic.zip,semisynthetic/perm_shared_d1_rf1.0/perm006_done.json,1790,eb0e46898586f89ff6950370719b2bbc24b438a748c67f5c27cda41bd6bf6bfd,scripts/31_semisynthetic.py,.venv/Scripts/python scripts/31_semisynthetic.py --perm --config shared_d1_rf1.0 --perm-index K --threads=3,3dfe2bc68aa49279b271a02a1f2404d134495556,runs/peerreview_20261003/semisynthetic/perm_shared_d1_rf1.0/perm006_done.json
semisynthetic.zip,semisynthetic/perm_shared_d1_rf1.0/perm006_history.csv,4230,c547ef9acb7d54e6da6f37117a68e37ff02857c46343d33dea462170abd21920,scripts/31_semisynthetic.py,.venv/Scripts/python scripts/31_semisynthetic.py --perm --config shared_d1_rf1.0 --perm-index K --threads=3,3dfe2bc68aa49279b271a02a1f2404d134495556,runs/peerreview_20261003/semisynthetic/perm_shared_d1_rf1.0/perm006_history.csv
semisynthetic.zip,semisynthetic/perm_shared_d1_rf1.0/perm006_latent_usage_per_dimension.csv,1460,7ec85e9286fb7c38bc8716ed967f61cf00649da22f635127240dd1cf935e1c3a,scripts/31_semisynthetic.py,.venv/Scripts/python scripts/31_semisynthetic.py --perm --config shared_d1_rf1.0 --perm-index K --threads=3,3dfe2bc68aa49279b271a02a1f2404d134495556,runs/peerreview_20261003/semisynthetic/perm_shared_d1_rf1.0/perm006_latent_usage_per_dimension.csv
semisynthetic.zip,semisynthetic/perm_shared_d1_rf1.0/perm006_metrics.json,1790,eb0e46898586f89ff6950370719b2bbc24b438a748c67f5c27cda41bd6bf6bfd,scripts/31_semisynthetic.py,.venv/Scripts/python scripts/31_semisynthetic.py --perm --config shared_d1_rf1.0 --perm-index K --threads=3,3dfe2bc68aa49279b271a02a1f2404d134495556,runs/peerreview_20261003/semisynthetic/perm_shared_d1_rf1.0/perm006_metrics.json
semisynthetic.zip,semisynthetic/perm_shared_d1_rf1.0/perm007_done.json,1798,6c19db53cc4c7ff605b8e36ca55a3144551c9d067171b640fb0f9d469b2ca5c0,scripts/31_semisynthetic.py,.venv/Scripts/python scripts/31_semisynthetic.py --perm --config shared_d1_rf1.0 --perm-index K --threads=3,3dfe2bc68aa49279b271a02a1f2404d134495556,runs/peerreview_20261003/semisynthetic/perm_shared_d1_rf1.0/perm007_done.json
semisynthetic.zip,semisynthetic/perm_shared_d1_rf1.0/perm007_history.csv,4234,5c845926e23076f7c278729451b1772b306042bc6db0fa1beb91b087877525c1,scripts/31_semisynthetic.py,.venv/Scripts/python scripts/31_semisynthetic.py --perm --config shared_d1_rf1.0 --perm-index K --threads=3,3dfe2bc68aa49279b271a02a1f2404d134495556,runs/peerreview_20261003/semisynthetic/perm_shared_d1_rf1.0/perm007_history.csv
semisynthetic.zip,semisynthetic/perm_shared_d1_rf1.0/perm007_latent_usage_per_dimension.csv,1476,b14a4d0ad7e84fc8af0331e752e8b7656e3065e520fde0fd3942139a94aabea2,scripts/31_semisynthetic.py,.venv/Scripts/python scripts/31_semisynthetic.py --perm --config shared_d1_rf1.0 --perm-index K --threads=3,3dfe2bc68aa49279b271a02a1f2404d134495556,runs/peerreview_20261003/semisynthetic/perm_shared_d1_rf1.0/perm007_latent_usage_per_dimension.csv
semisynthetic.zip,semisynthetic/perm_shared_d1_rf1.0/perm007_metrics.json,1798,6c19db53cc4c7ff605b8e36ca55a3144551c9d067171b640fb0f9d469b2ca5c0,scripts/31_semisynthetic.py,.venv/Scripts/python scripts/31_semisynthetic.py --perm --config shared_d1_rf1.0 --perm-index K --threads=3,3dfe2bc68aa49279b271a02a1f2404d134495556,runs/peerreview_20261003/semisynthetic/perm_shared_d1_rf1.0/perm007_metrics.json
semisynthetic.zip,semisynthetic/perm_shared_d1_rf1.0/perm008_done.json,1793,7efce9faf2b037e190367a5bd74005f88c61f6d07e5aa245cd57c64233b58a56,scripts/31_semisynthetic.py,.venv/Scripts/python scripts/31_semisynthetic.py --perm --config shared_d1_rf1.0 --perm-index K --threads=3,3dfe2bc68aa49279b271a02a1f2404d134495556,runs/peerreview_20261003/semisynthetic/perm_shared_d1_rf1.0/perm008_done.json
semisynthetic.zip,semisynthetic/perm_shared_d1_rf1.0/perm008_history.csv,4223,a59c1772db276024cb0e62f7a1225afe2b50d000ab9d4094d1067ee4a0a678b1,scripts/31_semisynthetic.py,.venv/Scripts/python scripts/31_semisynthetic.py --perm --config shared_d1_rf1.0 --perm-index K --threads=3,3dfe2bc68aa49279b271a02a1f2404d134495556,runs/peerreview_20261003/semisynthetic/perm_shared_d1_rf1.0/perm008_history.csv
semisynthetic.zip,semisynthetic/perm_shared_d1_rf1.0/perm008_latent_usage_per_dimension.csv,1476,e7c9331109521123ced018fb0f9969c2fdaf0938676a24f7d18117afc6c7a96d,scripts/31_semisynthetic.py,.venv/Scripts/python scripts/31_semisynthetic.py --perm --config shared_d1_rf1.0 --perm-index K --threads=3,3dfe2bc68aa49279b271a02a1f2404d134495556,runs/peerreview_20261003/semisynthetic/perm_shared_d1_rf1.0/perm008_latent_usage_per_dimension.csv
semisynthetic.zip,semisynthetic/perm_shared_d1_rf1.0/perm008_metrics.json,1793,7efce9faf2b037e190367a5bd74005f88c61f6d07e5aa245cd57c64233b58a56,scripts/31_semisynthetic.py,.venv/Scripts/python scripts/31_semisynthetic.py --perm --config shared_d1_rf1.0 --perm-index K --threads=3,3dfe2bc68aa49279b271a02a1f2404d134495556,runs/peerreview_20261003/semisynthetic/perm_shared_d1_rf1.0/perm008_metrics.json
semisynthetic.zip,semisynthetic/perm_shared_d1_rf1.0/perm009_done.json,1801,7bd9cc840a83ffc4651103d5ca6e8ca8faef6047649dd07f0ceba03af1419804,scripts/31_semisynthetic.py,.venv/Scripts/python scripts/31_semisynthetic.py --perm --config shared_d1_rf1.0 --perm-index K --threads=3,3dfe2bc68aa49279b271a02a1f2404d134495556,runs/peerreview_20261003/semisynthetic/perm_shared_d1_rf1.0/perm009_done.json
semisynthetic.zip,semisynthetic/perm_shared_d1_rf1.0/perm009_history.csv,4230,318adc134efcfbe335764becc30fb873ac547a13c914b5edfdefd1e6af712ab8,scripts/31_semisynthetic.py,.venv/Scripts/python scripts/31_semisynthetic.py --perm --config shared_d1_rf1.0 --perm-index K --threads=3,3dfe2bc68aa49279b271a02a1f2404d134495556,runs/peerreview_20261003/semisynthetic/perm_shared_d1_rf1.0/perm009_history.csv
semisynthetic.zip,semisynthetic/perm_shared_d1_rf1.0/perm009_latent_usage_per_dimension.csv,1481,0eb96d42da0103780dc0ed6d209ced11dfc9fd4121b6bf52a99ec844d8f09300,scripts/31_semisynthetic.py,.venv/Scripts/python scripts/31_semisynthetic.py --perm --config shared_d1_rf1.0 --perm-index K --threads=3,3dfe2bc68aa49279b271a02a1f2404d134495556,runs/peerreview_20261003/semisynthetic/perm_shared_d1_rf1.0/perm009_latent_usage_per_dimension.csv
semisynthetic.zip,semisynthetic/perm_shared_d1_rf1.0/perm009_metrics.json,1801,7bd9cc840a83ffc4651103d5ca6e8ca8faef6047649dd07f0ceba03af1419804,scripts/31_semisynthetic.py,.venv/Scripts/python scripts/31_semisynthetic.py --perm --config shared_d1_rf1.0 --perm-index K --threads=3,3dfe2bc68aa49279b271a02a1f2404d134495556,runs/peerreview_20261003/semisynthetic/perm_shared_d1_rf1.0/perm009_metrics.json
semisynthetic.zip,semisynthetic/perm_shared_d1_rf1.0/perm010_done.json,1792,81a4bdc2775f40206212c889d7ba46b3e8e9a7e56ff14f9b03ec944f95c10bed,scripts/31_semisynthetic.py,.venv/Scripts/python scripts/31_semisynthetic.py --perm --config shared_d1_rf1.0 --perm-index K --threads=3,3dfe2bc68aa49279b271a02a1f2404d134495556,runs/peerreview_20261003/semisynthetic/perm_shared_d1_rf1.0/perm010_done.json
semisynthetic.zip,semisynthetic/perm_shared_d1_rf1.0/perm010_history.csv,4236,11237dbb1c617428e80643288ffd8c93b501e3e900cb7e185f55ba59be0aed9f,scripts/31_semisynthetic.py,.venv/Scripts/python scripts/31_semisynthetic.py --perm --config shared_d1_rf1.0 --perm-index K --threads=3,3dfe2bc68aa49279b271a02a1f2404d134495556,runs/peerreview_20261003/semisynthetic/perm_shared_d1_rf1.0/perm010_history.csv
semisynthetic.zip,semisynthetic/perm_shared_d1_rf1.0/perm010_latent_usage_per_dimension.csv,1463,a24165b2c1f7c0a51fcc23afb6e1fce40df28104df6e61640cbb212d363e0e52,scripts/31_semisynthetic.py,.venv/Scripts/python scripts/31_semisynthetic.py --perm --config shared_d1_rf1.0 --perm-index K --threads=3,3dfe2bc68aa49279b271a02a1f2404d134495556,runs/peerreview_20261003/semisynthetic/perm_shared_d1_rf1.0/perm010_latent_usage_per_dimension.csv
semisynthetic.zip,semisynthetic/perm_shared_d1_rf1.0/perm010_metrics.json,1792,81a4bdc2775f40206212c889d7ba46b3e8e9a7e56ff14f9b03ec944f95c10bed,scripts/31_semisynthetic.py,.venv/Scripts/python scripts/31_semisynthetic.py --perm --config shared_d1_rf1.0 --perm-index K --threads=3,3dfe2bc68aa49279b271a02a1f2404d134495556,runs/peerreview_20261003/semisynthetic/perm_shared_d1_rf1.0/perm010_metrics.json
semisynthetic.zip,semisynthetic/perm_shared_d1_rf1.0/perm011_done.json,1802,ebb5ce18a906da5f182b73281190582ebae7999a76c2dc070e98223aeb190dd7,scripts/31_semisynthetic.py,.venv/Scripts/python scripts/31_semisynthetic.py --perm --config shared_d1_rf1.0 --perm-index K --threads=3,3dfe2bc68aa49279b271a02a1f2404d134495556,runs/peerreview_20261003/semisynthetic/perm_shared_d1_rf1.0/perm011_done.json
semisynthetic.zip,semisynthetic/perm_shared_d1_rf1.0/perm011_history.csv,4233,451d4f684a86934fab78c471d46bd1e7d81c20f6d5f4e64ddcc76a527b73538a,scripts/31_semisynthetic.py,.venv/Scripts/python scripts/31_semisynthetic.py --perm --config shared_d1_rf1.0 --perm-index K --threads=3,3dfe2bc68aa49279b271a02a1f2404d134495556,runs/peerreview_20261003/semisynthetic/perm_shared_d1_rf1.0/perm011_history.csv
semisynthetic.zip,semisynthetic/perm_shared_d1_rf1.0/perm011_latent_usage_per_dimension.csv,1484,11b5321742e71bf054c477ebca326310dc7e2c7eceab7d8a7d59ddf730ba56dd,scripts/31_semisynthetic.py,.venv/Scripts/python scripts/31_semisynthetic.py --perm --config shared_d1_rf1.0 --perm-index K --threads=3,3dfe2bc68aa49279b271a02a1f2404d134495556,runs/peerreview_20261003/semisynthetic/perm_shared_d1_rf1.0/perm011_latent_usage_per_dimension.csv
semisynthetic.zip,semisynthetic/perm_shared_d1_rf1.0/perm011_metrics.json,1802,ebb5ce18a906da5f182b73281190582ebae7999a76c2dc070e98223aeb190dd7,scripts/31_semisynthetic.py,.venv/Scripts/python scripts/31_semisynthetic.py --perm --config shared_d1_rf1.0 --perm-index K --threads=3,3dfe2bc68aa49279b271a02a1f2404d134495556,runs/peerreview_20261003/semisynthetic/perm_shared_d1_rf1.0/perm011_metrics.json
semisynthetic.zip,semisynthetic/perm_shared_d1_rf1.0/perm012_done.json,1793,af40a7556c639c51afc90230cb8c5d5d4d39237f7b76e6ddc30fcf8b7274e293,scripts/31_semisynthetic.py,.venv/Scripts/python scripts/31_semisynthetic.py --perm --config shared_d1_rf1.0 --perm-index K --threads=3,3dfe2bc68aa49279b271a02a1f2404d134495556,runs/peerreview_20261003/semisynthetic/perm_shared_d1_rf1.0/perm012_done.json
semisynthetic.zip,semisynthetic/perm_shared_d1_rf1.0/perm012_history.csv,4229,e25fbb8134f5e046371d16aba60fbce03319da8bba9dfc55399b473c1ad53f19,scripts/31_semisynthetic.py,.venv/Scripts/python scripts/31_semisynthetic.py --perm --config shared_d1_rf1.0 --perm-index K --threads=3,3dfe2bc68aa49279b271a02a1f2404d134495556,runs/peerreview_20261003/semisynthetic/perm_shared_d1_rf1.0/perm012_history.csv
semisynthetic.zip,semisynthetic/perm_shared_d1_rf1.0/perm012_latent_usage_per_dimension.csv,1470,25c03800456f07d7ea1c907c86ac8387ba667d7bbf8dfc83da6ab0325c22bf28,scripts/31_semisynthetic.py,.venv/Scripts/python scripts/31_semisynthetic.py --perm --config shared_d1_rf1.0 --perm-index K --threads=3,3dfe2bc68aa49279b271a02a1f2404d134495556,runs/peerreview_20261003/semisynthetic/perm_shared_d1_rf1.0/perm012_latent_usage_per_dimension.csv
semisynthetic.zip,semisynthetic/perm_shared_d1_rf1.0/perm012_metrics.json,1793,af40a7556c639c51afc90230cb8c5d5d4d39237f7b76e6ddc30fcf8b7274e293,scripts/31_semisynthetic.py,.venv/Scripts/python scripts/31_semisynthetic.py --perm --config shared_d1_rf1.0 --perm-index K --threads=3,3dfe2bc68aa49279b271a02a1f2404d134495556,runs/peerreview_20261003/semisynthetic/perm_shared_d1_rf1.0/perm012_metrics.json
semisynthetic.zip,semisynthetic/perm_shared_d1_rf1.0/perm013_done.json,1796,1489b8dbb4d7dab284b54eb4cc1b0b7e5338a9f6e0a5eb83dd2e4a2dce4b9b28,scripts/31_semisynthetic.py,.venv/Scripts/python scripts/31_semisynthetic.py --perm --config shared_d1_rf1.0 --perm-index K --threads=3,3dfe2bc68aa49279b271a02a1f2404d134495556,runs/peerreview_20261003/semisynthetic/perm_shared_d1_rf1.0/perm013_done.json
semisynthetic.zip,semisynthetic/perm_shared_d1_rf1.0/perm013_history.csv,4235,f5eddf05b73fa343e6f2ef0a40cbaa844013f94a56a7ecf8a13a77dcb3dd91f4,scripts/31_semisynthetic.py,.venv/Scripts/python scripts/31_semisynthetic.py --perm --config shared_d1_rf1.0 --perm-index K --threads=3,3dfe2bc68aa49279b271a02a1f2404d134495556,runs/peerreview_20261003/semisynthetic/perm_shared_d1_rf1.0/perm013_history.csv
semisynthetic.zip,semisynthetic/perm_shared_d1_rf1.0/perm013_latent_usage_per_dimension.csv,1476,6bb939269d9e8bbbe69303ac4d23d1af0b439959974ebfe0456395f7ebca25f0,scripts/31_semisynthetic.py,.venv/Scripts/python scripts/31_semisynthetic.py --perm --config shared_d1_rf1.0 --perm-index K --threads=3,3dfe2bc68aa49279b271a02a1f2404d134495556,runs/peerreview_20261003/semisynthetic/perm_shared_d1_rf1.0/perm013_latent_usage_per_dimension.csv
semisynthetic.zip,semisynthetic/perm_shared_d1_rf1.0/perm013_metrics.json,1796,1489b8dbb4d7dab284b54eb4cc1b0b7e5338a9f6e0a5eb83dd2e4a2dce4b9b28,scripts/31_semisynthetic.py,.venv/Scripts/python scripts/31_semisynthetic.py --perm --config shared_d1_rf1.0 --perm-index K --threads=3,3dfe2bc68aa49279b271a02a1f2404d134495556,runs/peerreview_20261003/semisynthetic/perm_shared_d1_rf1.0/perm013_metrics.json
semisynthetic.zip,semisynthetic/perm_shared_d1_rf1.0/perm014_done.json,1796,dc992c2fa44fedd8d6d0699641b09ec0e3a65d8eb6bfa1c00c6527cc79fd05ae,scripts/31_semisynthetic.py,.venv/Scripts/python scripts/31_semisynthetic.py --perm --config shared_d1_rf1.0 --perm-index K --threads=3,3dfe2bc68aa49279b271a02a1f2404d134495556,runs/peerreview_20261003/semisynthetic/perm_shared_d1_rf1.0/perm014_done.json
semisynthetic.zip,semisynthetic/perm_shared_d1_rf1.0/perm014_history.csv,4238,26466138d28079805882a2111a977f9e3289e4028018d24fbbadad73c150af95,scripts/31_semisynthetic.py,.venv/Scripts/python scripts/31_semisynthetic.py --perm --config shared_d1_rf1.0 --perm-index K --threads=3,3dfe2bc68aa49279b271a02a1f2404d134495556,runs/peerreview_20261003/semisynthetic/perm_shared_d1_rf1.0/perm014_history.csv
semisynthetic.zip,semisynthetic/perm_shared_d1_rf1.0/perm014_latent_usage_per_dimension.csv,1475,29eef185b62878241e4dc1e8d07e72303ad4b94cfbb40216eef052a031ec2081,scripts/31_semisynthetic.py,.venv/Scripts/python scripts/31_semisynthetic.py --perm --config shared_d1_rf1.0 --perm-index K --threads=3,3dfe2bc68aa49279b271a02a1f2404d134495556,runs/peerreview_20261003/semisynthetic/perm_shared_d1_rf1.0/perm014_latent_usage_per_dimension.csv
semisynthetic.zip,semisynthetic/perm_shared_d1_rf1.0/perm014_metrics.json,1796,dc992c2fa44fedd8d6d0699641b09ec0e3a65d8eb6bfa1c00c6527cc79fd05ae,scripts/31_semisynthetic.py,.venv/Scripts/python scripts/31_semisynthetic.py --perm --config shared_d1_rf1.0 --perm-index K --threads=3,3dfe2bc68aa49279b271a02a1f2404d134495556,runs/peerreview_20261003/semisynthetic/perm_shared_d1_rf1.0/perm014_metrics.json
semisynthetic.zip,semisynthetic/perm_shared_d1_rf1.0/perm015_done.json,1796,e15ee221666b1dd930226a6be798a381cd0464853bad8e40cebc3b6af5a64ae7,scripts/31_semisynthetic.py,.venv/Scripts/python scripts/31_semisynthetic.py --perm --config shared_d1_rf1.0 --perm-index K --threads=3,3dfe2bc68aa49279b271a02a1f2404d134495556,runs/peerreview_20261003/semisynthetic/perm_shared_d1_rf1.0/perm015_done.json
semisynthetic.zip,semisynthetic/perm_shared_d1_rf1.0/perm015_history.csv,4238,4cd0da862415219ce8adc4613e3c11cb0a0c3cf47e3f8b73d07339cc74b39149,scripts/31_semisynthetic.py,.venv/Scripts/python scripts/31_semisynthetic.py --perm --config shared_d1_rf1.0 --perm-index K --threads=3,3dfe2bc68aa49279b271a02a1f2404d134495556,runs/peerreview_20261003/semisynthetic/perm_shared_d1_rf1.0/perm015_history.csv
semisynthetic.zip,semisynthetic/perm_shared_d1_rf1.0/perm015_latent_usage_per_dimension.csv,1478,7179e1515bdf96b193f089e3a27aacaf784e11548d3b5b15245e4f84dc6de7f1,scripts/31_semisynthetic.py,.venv/Scripts/python scripts/31_semisynthetic.py --perm --config shared_d1_rf1.0 --perm-index K --threads=3,3dfe2bc68aa49279b271a02a1f2404d134495556,runs/peerreview_20261003/semisynthetic/perm_shared_d1_rf1.0/perm015_latent_usage_per_dimension.csv
semisynthetic.zip,semisynthetic/perm_shared_d1_rf1.0/perm015_metrics.json,1796,e15ee221666b1dd930226a6be798a381cd0464853bad8e40cebc3b6af5a64ae7,scripts/31_semisynthetic.py,.venv/Scripts/python scripts/31_semisynthetic.py --perm --config shared_d1_rf1.0 --perm-index K --threads=3,3dfe2bc68aa49279b271a02a1f2404d134495556,runs/peerreview_20261003/semisynthetic/perm_shared_d1_rf1.0/perm015_metrics.json
semisynthetic.zip,semisynthetic/perm_shared_d1_rf1.0/perm016_done.json,1799,07c599c4000a646de51a4948cbf74fc3ef9304d89ca14dba8c6b04fbe1f345b6,scripts/31_semisynthetic.py,.venv/Scripts/python scripts/31_semisynthetic.py --perm --config shared_d1_rf1.0 --perm-index K --threads=3,3dfe2bc68aa49279b271a02a1f2404d134495556,runs/peerreview_20261003/semisynthetic/perm_shared_d1_rf1.0/perm016_done.json
semisynthetic.zip,semisynthetic/perm_shared_d1_rf1.0/perm016_history.csv,4240,69f2c3a3e243714fd6e74207186e176c9027d6baf47f46e80227bd32d33d4ed6,scripts/31_semisynthetic.py,.venv/Scripts/python scripts/31_semisynthetic.py --perm --config shared_d1_rf1.0 --perm-index K --threads=3,3dfe2bc68aa49279b271a02a1f2404d134495556,runs/peerreview_20261003/semisynthetic/perm_shared_d1_rf1.0/perm016_history.csv
semisynthetic.zip,semisynthetic/perm_shared_d1_rf1.0/perm016_latent_usage_per_dimension.csv,1477,35c06e47945fa782d74268f53147b679d60964789f3d8af210aaf9d5d725a325,scripts/31_semisynthetic.py,.venv/Scripts/python scripts/31_semisynthetic.py --perm --config shared_d1_rf1.0 --perm-index K --threads=3,3dfe2bc68aa49279b271a02a1f2404d134495556,runs/peerreview_20261003/semisynthetic/perm_shared_d1_rf1.0/perm016_latent_usage_per_dimension.csv
semisynthetic.zip,semisynthetic/perm_shared_d1_rf1.0/perm016_metrics.json,1799,07c599c4000a646de51a4948cbf74fc3ef9304d89ca14dba8c6b04fbe1f345b6,scripts/31_semisynthetic.py,.venv/Scripts/python scripts/31_semisynthetic.py --perm --config shared_d1_rf1.0 --perm-index K --threads=3,3dfe2bc68aa49279b271a02a1f2404d134495556,runs/peerreview_20261003/semisynthetic/perm_shared_d1_rf1.0/perm016_metrics.json
semisynthetic.zip,semisynthetic/perm_shared_d1_rf1.0/perm017_done.json,1794,ffe51cd17de432d80aa3eb9ffa125178d0b7167e4deaeb124e1b30c5e8ce6974,scripts/31_semisynthetic.py,.venv/Scripts/python scripts/31_semisynthetic.py --perm --config shared_d1_rf1.0 --perm-index K --threads=3,3dfe2bc68aa49279b271a02a1f2404d134495556,runs/peerreview_20261003/semisynthetic/perm_shared_d1_rf1.0/perm017_done.json
semisynthetic.zip,semisynthetic/perm_shared_d1_rf1.0/perm017_history.csv,4218,01dd4d000067ca205f4b43886456dc925218753c6be8bcc0e887e22da8f3016d,scripts/31_semisynthetic.py,.venv/Scripts/python scripts/31_semisynthetic.py --perm --config shared_d1_rf1.0 --perm-index K --threads=3,3dfe2bc68aa49279b271a02a1f2404d134495556,runs/peerreview_20261003/semisynthetic/perm_shared_d1_rf1.0/perm017_history.csv
semisynthetic.zip,semisynthetic/perm_shared_d1_rf1.0/perm017_latent_usage_per_dimension.csv,1472,d412d98ef832b6c2ac268b43788d213fee9cfe37df079c2da62f02e1b09a52ae,scripts/31_semisynthetic.py,.venv/Scripts/python scripts/31_semisynthetic.py --perm --config shared_d1_rf1.0 --perm-index K --threads=3,3dfe2bc68aa49279b271a02a1f2404d134495556,runs/peerreview_20261003/semisynthetic/perm_shared_d1_rf1.0/perm017_latent_usage_per_dimension.csv
semisynthetic.zip,semisynthetic/perm_shared_d1_rf1.0/perm017_metrics.json,1794,ffe51cd17de432d80aa3eb9ffa125178d0b7167e4deaeb124e1b30c5e8ce6974,scripts/31_semisynthetic.py,.venv/Scripts/python scripts/31_semisynthetic.py --perm --config shared_d1_rf1.0 --perm-index K --threads=3,3dfe2bc68aa49279b271a02a1f2404d134495556,runs/peerreview_20261003/semisynthetic/perm_shared_d1_rf1.0/perm017_metrics.json
semisynthetic.zip,semisynthetic/perm_shared_d1_rf1.0/perm018_done.json,1799,1bf003c29a85048d0952407fadd7e6d4e5c1df0481cbc157473efde6d23bf47d,scripts/31_semisynthetic.py,.venv/Scripts/python scripts/31_semisynthetic.py --perm --config shared_d1_rf1.0 --perm-index K --threads=3,3dfe2bc68aa49279b271a02a1f2404d134495556,runs/peerreview_20261003/semisynthetic/perm_shared_d1_rf1.0/perm018_done.json
semisynthetic.zip,semisynthetic/perm_shared_d1_rf1.0/perm018_history.csv,4226,4f5aa6f552782b0a930fad173e01f6d2377d2250bd2156c30c3d7a726e6b4315,scripts/31_semisynthetic.py,.venv/Scripts/python scripts/31_semisynthetic.py --perm --config shared_d1_rf1.0 --perm-index K --threads=3,3dfe2bc68aa49279b271a02a1f2404d134495556,runs/peerreview_20261003/semisynthetic/perm_shared_d1_rf1.0/perm018_history.csv
semisynthetic.zip,semisynthetic/perm_shared_d1_rf1.0/perm018_latent_usage_per_dimension.csv,1477,50fc7b66e4e6454e53ded0600326cff6ef2b1e8f860d11cfbb3f7eee9a16bb60,scripts/31_semisynthetic.py,.venv/Scripts/python scripts/31_semisynthetic.py --perm --config shared_d1_rf1.0 --perm-index K --threads=3,3dfe2bc68aa49279b271a02a1f2404d134495556,runs/peerreview_20261003/semisynthetic/perm_shared_d1_rf1.0/perm018_latent_usage_per_dimension.csv
semisynthetic.zip,semisynthetic/perm_shared_d1_rf1.0/perm018_metrics.json,1799,1bf003c29a85048d0952407fadd7e6d4e5c1df0481cbc157473efde6d23bf47d,scripts/31_semisynthetic.py,.venv/Scripts/python scripts/31_semisynthetic.py --perm --config shared_d1_rf1.0 --perm-index K --threads=3,3dfe2bc68aa49279b271a02a1f2404d134495556,runs/peerreview_20261003/semisynthetic/perm_shared_d1_rf1.0/perm018_metrics.json
semisynthetic.zip,semisynthetic/perm_shared_d1_rf1.0/perm019_done.json,1789,8d8215701b623f5901e7854541177c30dbfe9b7a1a40573c44108f0725f1a311,scripts/31_semisynthetic.py,.venv/Scripts/python scripts/31_semisynthetic.py --perm --config shared_d1_rf1.0 --perm-index K --threads=3,3dfe2bc68aa49279b271a02a1f2404d134495556,runs/peerreview_20261003/semisynthetic/perm_shared_d1_rf1.0/perm019_done.json
semisynthetic.zip,semisynthetic/perm_shared_d1_rf1.0/perm019_history.csv,4225,010bd98ba9e07af369360f3229715a76e447147b49098151c2fd56a17e963627,scripts/31_semisynthetic.py,.venv/Scripts/python scripts/31_semisynthetic.py --perm --config shared_d1_rf1.0 --perm-index K --threads=3,3dfe2bc68aa49279b271a02a1f2404d134495556,runs/peerreview_20261003/semisynthetic/perm_shared_d1_rf1.0/perm019_history.csv
semisynthetic.zip,semisynthetic/perm_shared_d1_rf1.0/perm019_latent_usage_per_dimension.csv,1461,c9b51a1b919c0c1321de8a9d12c70c7860d733153f310c9337ef81c0613c5dcf,scripts/31_semisynthetic.py,.venv/Scripts/python scripts/31_semisynthetic.py --perm --config shared_d1_rf1.0 --perm-index K --threads=3,3dfe2bc68aa49279b271a02a1f2404d134495556,runs/peerreview_20261003/semisynthetic/perm_shared_d1_rf1.0/perm019_latent_usage_per_dimension.csv
semisynthetic.zip,semisynthetic/perm_shared_d1_rf1.0/perm019_metrics.json,1789,8d8215701b623f5901e7854541177c30dbfe9b7a1a40573c44108f0725f1a311,scripts/31_semisynthetic.py,.venv/Scripts/python scripts/31_semisynthetic.py --perm --config shared_d1_rf1.0 --perm-index K --threads=3,3dfe2bc68aa49279b271a02a1f2404d134495556,runs/peerreview_20261003/semisynthetic/perm_shared_d1_rf1.0/perm019_metrics.json
semisynthetic.zip,semisynthetic/perm_shared_d1_rf1.0/perm020_done.json,1796,7768274d110dce511505dbf4b940ffbfb0a417064d455ee04a633fe60787a1b9,scripts/31_semisynthetic.py,.venv/Scripts/python scripts/31_semisynthetic.py --perm --config shared_d1_rf1.0 --perm-index K --threads=3,3dfe2bc68aa49279b271a02a1f2404d134495556,runs/peerreview_20261003/semisynthetic/perm_shared_d1_rf1.0/perm020_done.json
semisynthetic.zip,semisynthetic/perm_shared_d1_rf1.0/perm020_history.csv,4218,6e489cd78f65b304d2293cba9e82d3f28aad61c98916174a65fc4ee00b9a7e92,scripts/31_semisynthetic.py,.venv/Scripts/python scripts/31_semisynthetic.py --perm --config shared_d1_rf1.0 --perm-index K --threads=3,3dfe2bc68aa49279b271a02a1f2404d134495556,runs/peerreview_20261003/semisynthetic/perm_shared_d1_rf1.0/perm020_history.csv
semisynthetic.zip,semisynthetic/perm_shared_d1_rf1.0/perm020_latent_usage_per_dimension.csv,1467,7e20b630b3858165d0744927a0ef5d66b4b7ebad2f66dbcf7a05f62571e9d1cc,scripts/31_semisynthetic.py,.venv/Scripts/python scripts/31_semisynthetic.py --perm --config shared_d1_rf1.0 --perm-index K --threads=3,3dfe2bc68aa49279b271a02a1f2404d134495556,runs/peerreview_20261003/semisynthetic/perm_shared_d1_rf1.0/perm020_latent_usage_per_dimension.csv
semisynthetic.zip,semisynthetic/perm_shared_d1_rf1.0/perm020_metrics.json,1796,7768274d110dce511505dbf4b940ffbfb0a417064d455ee04a633fe60787a1b9,scripts/31_semisynthetic.py,.venv/Scripts/python scripts/31_semisynthetic.py --perm --config shared_d1_rf1.0 --perm-index K --threads=3,3dfe2bc68aa49279b271a02a1f2404d134495556,runs/peerreview_20261003/semisynthetic/perm_shared_d1_rf1.0/perm020_metrics.json
semisynthetic.zip,semisynthetic/perm_shared_d1_rf1.0/perm021_done.json,1793,4bbdb2b43a2e53b6629bf62d8244590c2aff40aeeb5760d482fc8e7b199cad25,scripts/31_semisynthetic.py,.venv/Scripts/python scripts/31_semisynthetic.py --perm --config shared_d1_rf1.0 --perm-index K --threads=3,3dfe2bc68aa49279b271a02a1f2404d134495556,runs/peerreview_20261003/semisynthetic/perm_shared_d1_rf1.0/perm021_done.json
semisynthetic.zip,semisynthetic/perm_shared_d1_rf1.0/perm021_history.csv,4239,4fa53ac0bdbb4e8b4f449e444d1c9e4960e16dd2da8ab33117a8872570a397f0,scripts/31_semisynthetic.py,.venv/Scripts/python scripts/31_semisynthetic.py --perm --config shared_d1_rf1.0 --perm-index K --threads=3,3dfe2bc68aa49279b271a02a1f2404d134495556,runs/peerreview_20261003/semisynthetic/perm_shared_d1_rf1.0/perm021_history.csv
semisynthetic.zip,semisynthetic/perm_shared_d1_rf1.0/perm021_latent_usage_per_dimension.csv,1473,6c969b6afdf35c3bd35935b9ab541ac6e2543ff1487be1aaa3a512cfb3749361,scripts/31_semisynthetic.py,.venv/Scripts/python scripts/31_semisynthetic.py --perm --config shared_d1_rf1.0 --perm-index K --threads=3,3dfe2bc68aa49279b271a02a1f2404d134495556,runs/peerreview_20261003/semisynthetic/perm_shared_d1_rf1.0/perm021_latent_usage_per_dimension.csv
semisynthetic.zip,semisynthetic/perm_shared_d1_rf1.0/perm021_metrics.json,1793,4bbdb2b43a2e53b6629bf62d8244590c2aff40aeeb5760d482fc8e7b199cad25,scripts/31_semisynthetic.py,.venv/Scripts/python scripts/31_semisynthetic.py --perm --config shared_d1_rf1.0 --perm-index K --threads=3,3dfe2bc68aa49279b271a02a1f2404d134495556,runs/peerreview_20261003/semisynthetic/perm_shared_d1_rf1.0/perm021_metrics.json
semisynthetic.zip,semisynthetic/perm_shared_d1_rf1.0/perm022_done.json,1796,582604a84096ffe33da946d818034d0d0a7b264930a505a5ed351355c7b77a6e,scripts/31_semisynthetic.py,.venv/Scripts/python scripts/31_semisynthetic.py --perm --config shared_d1_rf1.0 --perm-index K --threads=3,3dfe2bc68aa49279b271a02a1f2404d134495556,runs/peerreview_20261003/semisynthetic/perm_shared_d1_rf1.0/perm022_done.json
semisynthetic.zip,semisynthetic/perm_shared_d1_rf1.0/perm022_history.csv,4233,203ca2ac1737ef2eaccf5d92dedaeb4b998cecac2967e84eafdd385786ac0486,scripts/31_semisynthetic.py,.venv/Scripts/python scripts/31_semisynthetic.py --perm --config shared_d1_rf1.0 --perm-index K --threads=3,3dfe2bc68aa49279b271a02a1f2404d134495556,runs/peerreview_20261003/semisynthetic/perm_shared_d1_rf1.0/perm022_history.csv
semisynthetic.zip,semisynthetic/perm_shared_d1_rf1.0/perm022_latent_usage_per_dimension.csv,1475,53e7c9c2920f4c378b614191d6b23adb300f4ff14b98dab948041e886ffc47aa,scripts/31_semisynthetic.py,.venv/Scripts/python scripts/31_semisynthetic.py --perm --config shared_d1_rf1.0 --perm-index K --threads=3,3dfe2bc68aa49279b271a02a1f2404d134495556,runs/peerreview_20261003/semisynthetic/perm_shared_d1_rf1.0/perm022_latent_usage_per_dimension.csv
semisynthetic.zip,semisynthetic/perm_shared_d1_rf1.0/perm022_metrics.json,1796,582604a84096ffe33da946d818034d0d0a7b264930a505a5ed351355c7b77a6e,scripts/31_semisynthetic.py,.venv/Scripts/python scripts/31_semisynthetic.py --perm --config shared_d1_rf1.0 --perm-index K --threads=3,3dfe2bc68aa49279b271a02a1f2404d134495556,runs/peerreview_20261003/semisynthetic/perm_shared_d1_rf1.0/perm022_metrics.json
semisynthetic.zip,semisynthetic/perm_shared_d1_rf1.0/perm023_done.json,1801,447b61b35821e2b0988a901faa2ca5bfca043ef95969e9d966b400f0c6421ca0,scripts/31_semisynthetic.py,.venv/Scripts/python scripts/31_semisynthetic.py --perm --config shared_d1_rf1.0 --perm-index K --threads=3,3dfe2bc68aa49279b271a02a1f2404d134495556,runs/peerreview_20261003/semisynthetic/perm_shared_d1_rf1.0/perm023_done.json
semisynthetic.zip,semisynthetic/perm_shared_d1_rf1.0/perm023_history.csv,4225,c20fc215b6dae56d8ff486782102a5886a0b096b1029ca95f0b6d6dffc2d9fa5,scripts/31_semisynthetic.py,.venv/Scripts/python scripts/31_semisynthetic.py --perm --config shared_d1_rf1.0 --perm-index K --threads=3,3dfe2bc68aa49279b271a02a1f2404d134495556,runs/peerreview_20261003/semisynthetic/perm_shared_d1_rf1.0/perm023_history.csv
semisynthetic.zip,semisynthetic/perm_shared_d1_rf1.0/perm023_latent_usage_per_dimension.csv,1483,b72c89a8fc61e87ef313852667bd5345cf6415921b1cbb231c3c5777fa43bfaa,scripts/31_semisynthetic.py,.venv/Scripts/python scripts/31_semisynthetic.py --perm --config shared_d1_rf1.0 --perm-index K --threads=3,3dfe2bc68aa49279b271a02a1f2404d134495556,runs/peerreview_20261003/semisynthetic/perm_shared_d1_rf1.0/perm023_latent_usage_per_dimension.csv
semisynthetic.zip,semisynthetic/perm_shared_d1_rf1.0/perm023_metrics.json,1801,447b61b35821e2b0988a901faa2ca5bfca043ef95969e9d966b400f0c6421ca0,scripts/31_semisynthetic.py,.venv/Scripts/python scripts/31_semisynthetic.py --perm --config shared_d1_rf1.0 --perm-index K --threads=3,3dfe2bc68aa49279b271a02a1f2404d134495556,runs/peerreview_20261003/semisynthetic/perm_shared_d1_rf1.0/perm023_metrics.json
semisynthetic.zip,semisynthetic/perm_shared_d1_rf1.0/perm024_done.json,1798,264b914a9b58965bcae339025301d50e4d748eb1d8e5a0a829b405f1579facc2,scripts/31_semisynthetic.py,.venv/Scripts/python scripts/31_semisynthetic.py --perm --config shared_d1_rf1.0 --perm-index K --threads=3,3dfe2bc68aa49279b271a02a1f2404d134495556,runs/peerreview_20261003/semisynthetic/perm_shared_d1_rf1.0/perm024_done.json
semisynthetic.zip,semisynthetic/perm_shared_d1_rf1.0/perm024_history.csv,4248,b10ff2005d028055a96c4359206bb4c0766f904ebdd8f6bbfa092f04ae8352d4,scripts/31_semisynthetic.py,.venv/Scripts/python scripts/31_semisynthetic.py --perm --config shared_d1_rf1.0 --perm-index K --threads=3,3dfe2bc68aa49279b271a02a1f2404d134495556,runs/peerreview_20261003/semisynthetic/perm_shared_d1_rf1.0/perm024_history.csv
semisynthetic.zip,semisynthetic/perm_shared_d1_rf1.0/perm024_latent_usage_per_dimension.csv,1474,70c3828013b75caa7744ae02009f62ec5e14c1658deead794bb9bd6cf8ec1451,scripts/31_semisynthetic.py,.venv/Scripts/python scripts/31_semisynthetic.py --perm --config shared_d1_rf1.0 --perm-index K --threads=3,3dfe2bc68aa49279b271a02a1f2404d134495556,runs/peerreview_20261003/semisynthetic/perm_shared_d1_rf1.0/perm024_latent_usage_per_dimension.csv
semisynthetic.zip,semisynthetic/perm_shared_d1_rf1.0/perm024_metrics.json,1798,264b914a9b58965bcae339025301d50e4d748eb1d8e5a0a829b405f1579facc2,scripts/31_semisynthetic.py,.venv/Scripts/python scripts/31_semisynthetic.py --perm --config shared_d1_rf1.0 --perm-index K --threads=3,3dfe2bc68aa49279b271a02a1f2404d134495556,runs/peerreview_20261003/semisynthetic/perm_shared_d1_rf1.0/perm024_metrics.json
semisynthetic.zip,semisynthetic/perm_shared_d1_rf1.0/perm025_done.json,1794,ba18274a7b7042a4139792be5878abbb732d94749faa03ca20c3b7b4588d1d88,scripts/31_semisynthetic.py,.venv/Scripts/python scripts/31_semisynthetic.py --perm --config shared_d1_rf1.0 --perm-index K --threads=3,3dfe2bc68aa49279b271a02a1f2404d134495556,runs/peerreview_20261003/semisynthetic/perm_shared_d1_rf1.0/perm025_done.json
semisynthetic.zip,semisynthetic/perm_shared_d1_rf1.0/perm025_history.csv,4221,fc0d16f3ffd4bf0de06d625bc4a1a7f822d58490b37238d6e92bad2a5cbc7f1a,scripts/31_semisynthetic.py,.venv/Scripts/python scripts/31_semisynthetic.py --perm --config shared_d1_rf1.0 --perm-index K --threads=3,3dfe2bc68aa49279b271a02a1f2404d134495556,runs/peerreview_20261003/semisynthetic/perm_shared_d1_rf1.0/perm025_history.csv
semisynthetic.zip,semisynthetic/perm_shared_d1_rf1.0/perm025_latent_usage_per_dimension.csv,1476,0f479670258d86eba9e64411ac922782bc733fa20c42c4e057b8607aba621ada,scripts/31_semisynthetic.py,.venv/Scripts/python scripts/31_semisynthetic.py --perm --config shared_d1_rf1.0 --perm-index K --threads=3,3dfe2bc68aa49279b271a02a1f2404d134495556,runs/peerreview_20261003/semisynthetic/perm_shared_d1_rf1.0/perm025_latent_usage_per_dimension.csv
semisynthetic.zip,semisynthetic/perm_shared_d1_rf1.0/perm025_metrics.json,1794,ba18274a7b7042a4139792be5878abbb732d94749faa03ca20c3b7b4588d1d88,scripts/31_semisynthetic.py,.venv/Scripts/python scripts/31_semisynthetic.py --perm --config shared_d1_rf1.0 --perm-index K --threads=3,3dfe2bc68aa49279b271a02a1f2404d134495556,runs/peerreview_20261003/semisynthetic/perm_shared_d1_rf1.0/perm025_metrics.json
semisynthetic.zip,semisynthetic/perm_shared_d1_rf1.0/perm026_done.json,1800,6623ea353631a52b52bf5fee12848fa7141b67558570071381666881b53f2bb9,scripts/31_semisynthetic.py,.venv/Scripts/python scripts/31_semisynthetic.py --perm --config shared_d1_rf1.0 --perm-index K --threads=3,3dfe2bc68aa49279b271a02a1f2404d134495556,runs/peerreview_20261003/semisynthetic/perm_shared_d1_rf1.0/perm026_done.json
semisynthetic.zip,semisynthetic/perm_shared_d1_rf1.0/perm026_history.csv,4226,b34f0a0bee184d1a9d0f5ac0b3daa591ba3f50e20f0caee49cde4c1c2ca414db,scripts/31_semisynthetic.py,.venv/Scripts/python scripts/31_semisynthetic.py --perm --config shared_d1_rf1.0 --perm-index K --threads=3,3dfe2bc68aa49279b271a02a1f2404d134495556,runs/peerreview_20261003/semisynthetic/perm_shared_d1_rf1.0/perm026_history.csv
semisynthetic.zip,semisynthetic/perm_shared_d1_rf1.0/perm026_latent_usage_per_dimension.csv,1477,94209b3119e3d1960974139d55064990a0e2a0caee4078892d714f61b2023eba,scripts/31_semisynthetic.py,.venv/Scripts/python scripts/31_semisynthetic.py --perm --config shared_d1_rf1.0 --perm-index K --threads=3,3dfe2bc68aa49279b271a02a1f2404d134495556,runs/peerreview_20261003/semisynthetic/perm_shared_d1_rf1.0/perm026_latent_usage_per_dimension.csv
semisynthetic.zip,semisynthetic/perm_shared_d1_rf1.0/perm026_metrics.json,1800,6623ea353631a52b52bf5fee12848fa7141b67558570071381666881b53f2bb9,scripts/31_semisynthetic.py,.venv/Scripts/python scripts/31_semisynthetic.py --perm --config shared_d1_rf1.0 --perm-index K --threads=3,3dfe2bc68aa49279b271a02a1f2404d134495556,runs/peerreview_20261003/semisynthetic/perm_shared_d1_rf1.0/perm026_metrics.json
semisynthetic.zip,semisynthetic/perm_shared_d1_rf1.0/perm027_done.json,1800,eaf72e9977a4f32443f5ef97582c912939afd717bd5711e6eba548a727a2165e,scripts/31_semisynthetic.py,.venv/Scripts/python scripts/31_semisynthetic.py --perm --config shared_d1_rf1.0 --perm-index K --threads=3,3dfe2bc68aa49279b271a02a1f2404d134495556,runs/peerreview_20261003/semisynthetic/perm_shared_d1_rf1.0/perm027_done.json
semisynthetic.zip,semisynthetic/perm_shared_d1_rf1.0/perm027_history.csv,4217,2182b13bdec19d7fde96875df34a376525ceb3d058970e9730d77d1a41c7acf3,scripts/31_semisynthetic.py,.venv/Scripts/python scripts/31_semisynthetic.py --perm --config shared_d1_rf1.0 --perm-index K --threads=3,3dfe2bc68aa49279b271a02a1f2404d134495556,runs/peerreview_20261003/semisynthetic/perm_shared_d1_rf1.0/perm027_history.csv
semisynthetic.zip,semisynthetic/perm_shared_d1_rf1.0/perm027_latent_usage_per_dimension.csv,1477,e3d684ea10d72039e01f1daa8476274bd4cf670ee2ed380835b5e38571e5ff72,scripts/31_semisynthetic.py,.venv/Scripts/python scripts/31_semisynthetic.py --perm --config shared_d1_rf1.0 --perm-index K --threads=3,3dfe2bc68aa49279b271a02a1f2404d134495556,runs/peerreview_20261003/semisynthetic/perm_shared_d1_rf1.0/perm027_latent_usage_per_dimension.csv
semisynthetic.zip,semisynthetic/perm_shared_d1_rf1.0/perm027_metrics.json,1800,eaf72e9977a4f32443f5ef97582c912939afd717bd5711e6eba548a727a2165e,scripts/31_semisynthetic.py,.venv/Scripts/python scripts/31_semisynthetic.py --perm --config shared_d1_rf1.0 --perm-index K --threads=3,3dfe2bc68aa49279b271a02a1f2404d134495556,runs/peerreview_20261003/semisynthetic/perm_shared_d1_rf1.0/perm027_metrics.json
semisynthetic.zip,semisynthetic/perm_shared_d1_rf1.0/perm028_done.json,1794,86f94e8fb607bd37b01d95d18943715ea2e28b4ad06f4fa9379fc538452686a7,scripts/31_semisynthetic.py,.venv/Scripts/python scripts/31_semisynthetic.py --perm --config shared_d1_rf1.0 --perm-index K --threads=3,3dfe2bc68aa49279b271a02a1f2404d134495556,runs/peerreview_20261003/semisynthetic/perm_shared_d1_rf1.0/perm028_done.json
semisynthetic.zip,semisynthetic/perm_shared_d1_rf1.0/perm028_history.csv,4243,8a2f3e8b5511649e0cdd0efe08e421db5bfc36a15f301e4adda39c657bf53bf9,scripts/31_semisynthetic.py,.venv/Scripts/python scripts/31_semisynthetic.py --perm --config shared_d1_rf1.0 --perm-index K --threads=3,3dfe2bc68aa49279b271a02a1f2404d134495556,runs/peerreview_20261003/semisynthetic/perm_shared_d1_rf1.0/perm028_history.csv
semisynthetic.zip,semisynthetic/perm_shared_d1_rf1.0/perm028_latent_usage_per_dimension.csv,1471,4168a6f7c09cd7558f0665d11dabe3e5a00f9e21a0b30938258a83c98e818c5d,scripts/31_semisynthetic.py,.venv/Scripts/python scripts/31_semisynthetic.py --perm --config shared_d1_rf1.0 --perm-index K --threads=3,3dfe2bc68aa49279b271a02a1f2404d134495556,runs/peerreview_20261003/semisynthetic/perm_shared_d1_rf1.0/perm028_latent_usage_per_dimension.csv
semisynthetic.zip,semisynthetic/perm_shared_d1_rf1.0/perm028_metrics.json,1794,86f94e8fb607bd37b01d95d18943715ea2e28b4ad06f4fa9379fc538452686a7,scripts/31_semisynthetic.py,.venv/Scripts/python scripts/31_semisynthetic.py --perm --config shared_d1_rf1.0 --perm-index K --threads=3,3dfe2bc68aa49279b271a02a1f2404d134495556,runs/peerreview_20261003/semisynthetic/perm_shared_d1_rf1.0/perm028_metrics.json
semisynthetic.zip,semisynthetic/perm_shared_d1_rf1.0/perm029_done.json,1788,97a17f65d0d74459aca40b2e3434304660a33142b38e6ce5895e17ce53b3e826,scripts/31_semisynthetic.py,.venv/Scripts/python scripts/31_semisynthetic.py --perm --config shared_d1_rf1.0 --perm-index K --threads=3,3dfe2bc68aa49279b271a02a1f2404d134495556,runs/peerreview_20261003/semisynthetic/perm_shared_d1_rf1.0/perm029_done.json
semisynthetic.zip,semisynthetic/perm_shared_d1_rf1.0/perm029_history.csv,4214,242e0f61c22e5d5596f6d444f991270c0c3736830a13b52c70ab916ff88a1cb8,scripts/31_semisynthetic.py,.venv/Scripts/python scripts/31_semisynthetic.py --perm --config shared_d1_rf1.0 --perm-index K --threads=3,3dfe2bc68aa49279b271a02a1f2404d134495556,runs/peerreview_20261003/semisynthetic/perm_shared_d1_rf1.0/perm029_history.csv
semisynthetic.zip,semisynthetic/perm_shared_d1_rf1.0/perm029_latent_usage_per_dimension.csv,1461,71d3989506e908e8c03f1fb96b35f037a341ca203b8bc580f781b9883a4eef0f,scripts/31_semisynthetic.py,.venv/Scripts/python scripts/31_semisynthetic.py --perm --config shared_d1_rf1.0 --perm-index K --threads=3,3dfe2bc68aa49279b271a02a1f2404d134495556,runs/peerreview_20261003/semisynthetic/perm_shared_d1_rf1.0/perm029_latent_usage_per_dimension.csv
semisynthetic.zip,semisynthetic/perm_shared_d1_rf1.0/perm029_metrics.json,1788,97a17f65d0d74459aca40b2e3434304660a33142b38e6ce5895e17ce53b3e826,scripts/31_semisynthetic.py,.venv/Scripts/python scripts/31_semisynthetic.py --perm --config shared_d1_rf1.0 --perm-index K --threads=3,3dfe2bc68aa49279b271a02a1f2404d134495556,runs/peerreview_20261003/semisynthetic/perm_shared_d1_rf1.0/perm029_metrics.json
semisynthetic.zip,semisynthetic/perm_shared_d1_rf1.0/perm030_done.json,1794,fd7c887c6fb5004037b5c7d72ea8b95c011663419b4ea052f4cb66660b3e62c7,scripts/31_semisynthetic.py,.venv/Scripts/python scripts/31_semisynthetic.py --perm --config shared_d1_rf1.0 --perm-index K --threads=3,3dfe2bc68aa49279b271a02a1f2404d134495556,runs/peerreview_20261003/semisynthetic/perm_shared_d1_rf1.0/perm030_done.json
semisynthetic.zip,semisynthetic/perm_shared_d1_rf1.0/perm030_history.csv,4235,7c9cc8454e2e4b01599ae9ac703e1414812cc963e86e627ea722cb73e7980b6c,scripts/31_semisynthetic.py,.venv/Scripts/python scripts/31_semisynthetic.py --perm --config shared_d1_rf1.0 --perm-index K --threads=3,3dfe2bc68aa49279b271a02a1f2404d134495556,runs/peerreview_20261003/semisynthetic/perm_shared_d1_rf1.0/perm030_history.csv
semisynthetic.zip,semisynthetic/perm_shared_d1_rf1.0/perm030_latent_usage_per_dimension.csv,1472,ec641a0781fdf5ad6edc1a4155dc364d0a9dece9f68ac3f694bab737ab1aae20,scripts/31_semisynthetic.py,.venv/Scripts/python scripts/31_semisynthetic.py --perm --config shared_d1_rf1.0 --perm-index K --threads=3,3dfe2bc68aa49279b271a02a1f2404d134495556,runs/peerreview_20261003/semisynthetic/perm_shared_d1_rf1.0/perm030_latent_usage_per_dimension.csv
semisynthetic.zip,semisynthetic/perm_shared_d1_rf1.0/perm030_metrics.json,1794,fd7c887c6fb5004037b5c7d72ea8b95c011663419b4ea052f4cb66660b3e62c7,scripts/31_semisynthetic.py,.venv/Scripts/python scripts/31_semisynthetic.py --perm --config shared_d1_rf1.0 --perm-index K --threads=3,3dfe2bc68aa49279b271a02a1f2404d134495556,runs/peerreview_20261003/semisynthetic/perm_shared_d1_rf1.0/perm030_metrics.json
semisynthetic.zip,semisynthetic/perm_shared_d1_rf1.0/perm031_done.json,1798,ea4e5b5fb6fa9e673711a3b038e25a322349f6996faac1e0a32c858194ab51a8,scripts/31_semisynthetic.py,.venv/Scripts/python scripts/31_semisynthetic.py --perm --config shared_d1_rf1.0 --perm-index K --threads=3,3dfe2bc68aa49279b271a02a1f2404d134495556,runs/peerreview_20261003/semisynthetic/perm_shared_d1_rf1.0/perm031_done.json
semisynthetic.zip,semisynthetic/perm_shared_d1_rf1.0/perm031_history.csv,4239,c0ae986110f112207e17fe74a09e654c9e9c79d84b01d68d5d08cf122367c634,scripts/31_semisynthetic.py,.venv/Scripts/python scripts/31_semisynthetic.py --perm --config shared_d1_rf1.0 --perm-index K --threads=3,3dfe2bc68aa49279b271a02a1f2404d134495556,runs/peerreview_20261003/semisynthetic/perm_shared_d1_rf1.0/perm031_history.csv
semisynthetic.zip,semisynthetic/perm_shared_d1_rf1.0/perm031_latent_usage_per_dimension.csv,1481,12dd6aab601879112c9e4be8201e117f23a74d231b515bda8bc5676a1c2c8225,scripts/31_semisynthetic.py,.venv/Scripts/python scripts/31_semisynthetic.py --perm --config shared_d1_rf1.0 --perm-index K --threads=3,3dfe2bc68aa49279b271a02a1f2404d134495556,runs/peerreview_20261003/semisynthetic/perm_shared_d1_rf1.0/perm031_latent_usage_per_dimension.csv
semisynthetic.zip,semisynthetic/perm_shared_d1_rf1.0/perm031_metrics.json,1798,ea4e5b5fb6fa9e673711a3b038e25a322349f6996faac1e0a32c858194ab51a8,scripts/31_semisynthetic.py,.venv/Scripts/python scripts/31_semisynthetic.py --perm --config shared_d1_rf1.0 --perm-index K --threads=3,3dfe2bc68aa49279b271a02a1f2404d134495556,runs/peerreview_20261003/semisynthetic/perm_shared_d1_rf1.0/perm031_metrics.json
semisynthetic.zip,semisynthetic/perm_shared_d1_rf1.0/perm032_done.json,1793,ed0d3a084568653f0165bcfa320b6151b6a1b756d5d41747acbe1478b68eb957,scripts/31_semisynthetic.py,.venv/Scripts/python scripts/31_semisynthetic.py --perm --config shared_d1_rf1.0 --perm-index K --threads=3,3dfe2bc68aa49279b271a02a1f2404d134495556,runs/peerreview_20261003/semisynthetic/perm_shared_d1_rf1.0/perm032_done.json
semisynthetic.zip,semisynthetic/perm_shared_d1_rf1.0/perm032_history.csv,4227,d5ff80098a3c1c833e64a21df84ebe8fc9237d1b7b89afe62bd2b83b59c1b6bf,scripts/31_semisynthetic.py,.venv/Scripts/python scripts/31_semisynthetic.py --perm --config shared_d1_rf1.0 --perm-index K --threads=3,3dfe2bc68aa49279b271a02a1f2404d134495556,runs/peerreview_20261003/semisynthetic/perm_shared_d1_rf1.0/perm032_history.csv
semisynthetic.zip,semisynthetic/perm_shared_d1_rf1.0/perm032_latent_usage_per_dimension.csv,1470,08f2c144ac4c91fd1593bc2744351997e4e42215d7fce8519b1ee0e4fc5d544e,scripts/31_semisynthetic.py,.venv/Scripts/python scripts/31_semisynthetic.py --perm --config shared_d1_rf1.0 --perm-index K --threads=3,3dfe2bc68aa49279b271a02a1f2404d134495556,runs/peerreview_20261003/semisynthetic/perm_shared_d1_rf1.0/perm032_latent_usage_per_dimension.csv
semisynthetic.zip,semisynthetic/perm_shared_d1_rf1.0/perm032_metrics.json,1793,ed0d3a084568653f0165bcfa320b6151b6a1b756d5d41747acbe1478b68eb957,scripts/31_semisynthetic.py,.venv/Scripts/python scripts/31_semisynthetic.py --perm --config shared_d1_rf1.0 --perm-index K --threads=3,3dfe2bc68aa49279b271a02a1f2404d134495556,runs/peerreview_20261003/semisynthetic/perm_shared_d1_rf1.0/perm032_metrics.json
semisynthetic.zip,semisynthetic/perm_shared_d1_rf1.0/perm033_done.json,1798,2d85876858c4ba0e7deb9b2e74b8181af758d78021b845beac43f2d0dadec1d3,scripts/31_semisynthetic.py,.venv/Scripts/python scripts/31_semisynthetic.py --perm --config shared_d1_rf1.0 --perm-index K --threads=3,3dfe2bc68aa49279b271a02a1f2404d134495556,runs/peerreview_20261003/semisynthetic/perm_shared_d1_rf1.0/perm033_done.json
semisynthetic.zip,semisynthetic/perm_shared_d1_rf1.0/perm033_history.csv,4220,f35e58d007d29d2a8320db33b335c7c962ae0dadd938beca537a1b3eb909a76d,scripts/31_semisynthetic.py,.venv/Scripts/python scripts/31_semisynthetic.py --perm --config shared_d1_rf1.0 --perm-index K --threads=3,3dfe2bc68aa49279b271a02a1f2404d134495556,runs/peerreview_20261003/semisynthetic/perm_shared_d1_rf1.0/perm033_history.csv
semisynthetic.zip,semisynthetic/perm_shared_d1_rf1.0/perm033_latent_usage_per_dimension.csv,1474,40fe368e122a4cc42cc88361efa93022e82b56aabfa1dd611de94b7fa5eeee38,scripts/31_semisynthetic.py,.venv/Scripts/python scripts/31_semisynthetic.py --perm --config shared_d1_rf1.0 --perm-index K --threads=3,3dfe2bc68aa49279b271a02a1f2404d134495556,runs/peerreview_20261003/semisynthetic/perm_shared_d1_rf1.0/perm033_latent_usage_per_dimension.csv
semisynthetic.zip,semisynthetic/perm_shared_d1_rf1.0/perm033_metrics.json,1798,2d85876858c4ba0e7deb9b2e74b8181af758d78021b845beac43f2d0dadec1d3,scripts/31_semisynthetic.py,.venv/Scripts/python scripts/31_semisynthetic.py --perm --config shared_d1_rf1.0 --perm-index K --threads=3,3dfe2bc68aa49279b271a02a1f2404d134495556,runs/peerreview_20261003/semisynthetic/perm_shared_d1_rf1.0/perm033_metrics.json
semisynthetic.zip,semisynthetic/perm_shared_d1_rf1.0/perm034_done.json,1797,4c7518cb343e92e32135e8693442b129b3a22b9e2e07539c4f145a2546635cc5,scripts/31_semisynthetic.py,.venv/Scripts/python scripts/31_semisynthetic.py --perm --config shared_d1_rf1.0 --perm-index K --threads=3,3dfe2bc68aa49279b271a02a1f2404d134495556,runs/peerreview_20261003/semisynthetic/perm_shared_d1_rf1.0/perm034_done.json
semisynthetic.zip,semisynthetic/perm_shared_d1_rf1.0/perm034_history.csv,4231,1c5add2e01515264003f113dab3d285bc02931d63f6149461bee8ca4ce63e6cd,scripts/31_semisynthetic.py,.venv/Scripts/python scripts/31_semisynthetic.py --perm --config shared_d1_rf1.0 --perm-index K --threads=3,3dfe2bc68aa49279b271a02a1f2404d134495556,runs/peerreview_20261003/semisynthetic/perm_shared_d1_rf1.0/perm034_history.csv
semisynthetic.zip,semisynthetic/perm_shared_d1_rf1.0/perm034_latent_usage_per_dimension.csv,1475,3691c7cdde59e9a8136b876f03e20e1491f1f05cab8209425cbb91a4e32d11f3,scripts/31_semisynthetic.py,.venv/Scripts/python scripts/31_semisynthetic.py --perm --config shared_d1_rf1.0 --perm-index K --threads=3,3dfe2bc68aa49279b271a02a1f2404d134495556,runs/peerreview_20261003/semisynthetic/perm_shared_d1_rf1.0/perm034_latent_usage_per_dimension.csv
semisynthetic.zip,semisynthetic/perm_shared_d1_rf1.0/perm034_metrics.json,1797,4c7518cb343e92e32135e8693442b129b3a22b9e2e07539c4f145a2546635cc5,scripts/31_semisynthetic.py,.venv/Scripts/python scripts/31_semisynthetic.py --perm --config shared_d1_rf1.0 --perm-index K --threads=3,3dfe2bc68aa49279b271a02a1f2404d134495556,runs/peerreview_20261003/semisynthetic/perm_shared_d1_rf1.0/perm034_metrics.json
semisynthetic.zip,semisynthetic/perm_shared_d1_rf1.0/perm035_done.json,1795,efae6ee690607502131b8fbfdd40365db52950bc60a5842fbf7f66c515806290,scripts/31_semisynthetic.py,.venv/Scripts/python scripts/31_semisynthetic.py --perm --config shared_d1_rf1.0 --perm-index K --threads=3,3dfe2bc68aa49279b271a02a1f2404d134495556,runs/peerreview_20261003/semisynthetic/perm_shared_d1_rf1.0/perm035_done.json
semisynthetic.zip,semisynthetic/perm_shared_d1_rf1.0/perm035_history.csv,4225,56dfab80d90066617518a582fab5f235bcc46969c803b6b4af6a124ff7b16c5e,scripts/31_semisynthetic.py,.venv/Scripts/python scripts/31_semisynthetic.py --perm --config shared_d1_rf1.0 --perm-index K --threads=3,3dfe2bc68aa49279b271a02a1f2404d134495556,runs/peerreview_20261003/semisynthetic/perm_shared_d1_rf1.0/perm035_history.csv
semisynthetic.zip,semisynthetic/perm_shared_d1_rf1.0/perm035_latent_usage_per_dimension.csv,1468,a38eff1de220d1de1f65d78ac1e8dc6f0c7393d528e0034953e7b3e3d50e5513,scripts/31_semisynthetic.py,.venv/Scripts/python scripts/31_semisynthetic.py --perm --config shared_d1_rf1.0 --perm-index K --threads=3,3dfe2bc68aa49279b271a02a1f2404d134495556,runs/peerreview_20261003/semisynthetic/perm_shared_d1_rf1.0/perm035_latent_usage_per_dimension.csv
semisynthetic.zip,semisynthetic/perm_shared_d1_rf1.0/perm035_metrics.json,1795,efae6ee690607502131b8fbfdd40365db52950bc60a5842fbf7f66c515806290,scripts/31_semisynthetic.py,.venv/Scripts/python scripts/31_semisynthetic.py --perm --config shared_d1_rf1.0 --perm-index K --threads=3,3dfe2bc68aa49279b271a02a1f2404d134495556,runs/peerreview_20261003/semisynthetic/perm_shared_d1_rf1.0/perm035_metrics.json
semisynthetic.zip,semisynthetic/perm_shared_d1_rf1.0/perm036_done.json,1802,3e9f9c4da2dbb9a985c26ba1ccf91d45e172984dded62ec21066e3f9831d7da4,scripts/31_semisynthetic.py,.venv/Scripts/python scripts/31_semisynthetic.py --perm --config shared_d1_rf1.0 --perm-index K --threads=3,3dfe2bc68aa49279b271a02a1f2404d134495556,runs/peerreview_20261003/semisynthetic/perm_shared_d1_rf1.0/perm036_done.json
semisynthetic.zip,semisynthetic/perm_shared_d1_rf1.0/perm036_history.csv,4233,1eb2fcb6543fe655b845a29037555409a81c6d84a732e64f5f456071f4530398,scripts/31_semisynthetic.py,.venv/Scripts/python scripts/31_semisynthetic.py --perm --config shared_d1_rf1.0 --perm-index K --threads=3,3dfe2bc68aa49279b271a02a1f2404d134495556,runs/peerreview_20261003/semisynthetic/perm_shared_d1_rf1.0/perm036_history.csv
semisynthetic.zip,semisynthetic/perm_shared_d1_rf1.0/perm036_latent_usage_per_dimension.csv,1478,f931c65d9d1040785a9a8375e873f677e18fb1841752b6ffe007429741f533c0,scripts/31_semisynthetic.py,.venv/Scripts/python scripts/31_semisynthetic.py --perm --config shared_d1_rf1.0 --perm-index K --threads=3,3dfe2bc68aa49279b271a02a1f2404d134495556,runs/peerreview_20261003/semisynthetic/perm_shared_d1_rf1.0/perm036_latent_usage_per_dimension.csv
semisynthetic.zip,semisynthetic/perm_shared_d1_rf1.0/perm036_metrics.json,1802,3e9f9c4da2dbb9a985c26ba1ccf91d45e172984dded62ec21066e3f9831d7da4,scripts/31_semisynthetic.py,.venv/Scripts/python scripts/31_semisynthetic.py --perm --config shared_d1_rf1.0 --perm-index K --threads=3,3dfe2bc68aa49279b271a02a1f2404d134495556,runs/peerreview_20261003/semisynthetic/perm_shared_d1_rf1.0/perm036_metrics.json
semisynthetic.zip,semisynthetic/perm_shared_d1_rf1.0/perm037_done.json,1794,4e036a50cf6afe5a24a4b54e23f2686372d0758d8a779d91765f7f05114b05ab,scripts/31_semisynthetic.py,.venv/Scripts/python scripts/31_semisynthetic.py --perm --config shared_d1_rf1.0 --perm-index K --threads=3,3dfe2bc68aa49279b271a02a1f2404d134495556,runs/peerreview_20261003/semisynthetic/perm_shared_d1_rf1.0/perm037_done.json
semisynthetic.zip,semisynthetic/perm_shared_d1_rf1.0/perm037_history.csv,4233,25f9aafa24fdecc3999c9ed126311c3cdec10e7fa260a8a57d0636c3027a5d93,scripts/31_semisynthetic.py,.venv/Scripts/python scripts/31_semisynthetic.py --perm --config shared_d1_rf1.0 --perm-index K --threads=3,3dfe2bc68aa49279b271a02a1f2404d134495556,runs/peerreview_20261003/semisynthetic/perm_shared_d1_rf1.0/perm037_history.csv
semisynthetic.zip,semisynthetic/perm_shared_d1_rf1.0/perm037_latent_usage_per_dimension.csv,1474,144fb690713f4435ddbde62b28ffe3bd684a918be84cf884391f700faf934f58,scripts/31_semisynthetic.py,.venv/Scripts/python scripts/31_semisynthetic.py --perm --config shared_d1_rf1.0 --perm-index K --threads=3,3dfe2bc68aa49279b271a02a1f2404d134495556,runs/peerreview_20261003/semisynthetic/perm_shared_d1_rf1.0/perm037_latent_usage_per_dimension.csv
semisynthetic.zip,semisynthetic/perm_shared_d1_rf1.0/perm037_metrics.json,1794,4e036a50cf6afe5a24a4b54e23f2686372d0758d8a779d91765f7f05114b05ab,scripts/31_semisynthetic.py,.venv/Scripts/python scripts/31_semisynthetic.py --perm --config shared_d1_rf1.0 --perm-index K --threads=3,3dfe2bc68aa49279b271a02a1f2404d134495556,runs/peerreview_20261003/semisynthetic/perm_shared_d1_rf1.0/perm037_metrics.json
semisynthetic.zip,semisynthetic/perm_shared_d1_rf1.0/perm038_done.json,1793,debf6511b54e84365cf7ebcf4836673e1e43868ae32ad9996ffcaadbf11ce33a,scripts/31_semisynthetic.py,.venv/Scripts/python scripts/31_semisynthetic.py --perm --config shared_d1_rf1.0 --perm-index K --threads=3,3dfe2bc68aa49279b271a02a1f2404d134495556,runs/peerreview_20261003/semisynthetic/perm_shared_d1_rf1.0/perm038_done.json
semisynthetic.zip,semisynthetic/perm_shared_d1_rf1.0/perm038_history.csv,4230,b51a30fcb28f5492302ca014e600e4b4329f13fd8afccf76df022a6d6e0a59c9,scripts/31_semisynthetic.py,.venv/Scripts/python scripts/31_semisynthetic.py --perm --config shared_d1_rf1.0 --perm-index K --threads=3,3dfe2bc68aa49279b271a02a1f2404d134495556,runs/peerreview_20261003/semisynthetic/perm_shared_d1_rf1.0/perm038_history.csv
semisynthetic.zip,semisynthetic/perm_shared_d1_rf1.0/perm038_latent_usage_per_dimension.csv,1468,1d43f49a0004e0039f7292c0fa43d05d27015b3211c4d08504f2274ed66e2583,scripts/31_semisynthetic.py,.venv/Scripts/python scripts/31_semisynthetic.py --perm --config shared_d1_rf1.0 --perm-index K --threads=3,3dfe2bc68aa49279b271a02a1f2404d134495556,runs/peerreview_20261003/semisynthetic/perm_shared_d1_rf1.0/perm038_latent_usage_per_dimension.csv
semisynthetic.zip,semisynthetic/perm_shared_d1_rf1.0/perm038_metrics.json,1793,debf6511b54e84365cf7ebcf4836673e1e43868ae32ad9996ffcaadbf11ce33a,scripts/31_semisynthetic.py,.venv/Scripts/python scripts/31_semisynthetic.py --perm --config shared_d1_rf1.0 --perm-index K --threads=3,3dfe2bc68aa49279b271a02a1f2404d134495556,runs/peerreview_20261003/semisynthetic/perm_shared_d1_rf1.0/perm038_metrics.json
semisynthetic.zip,semisynthetic/perm_shared_d1_rf1.0/perm039_done.json,1794,0c3385ede5d1501a7dc2ae76452ee367393377bd9d0f6ce1ff97361ffbdcb399,scripts/31_semisynthetic.py,.venv/Scripts/python scripts/31_semisynthetic.py --perm --config shared_d1_rf1.0 --perm-index K --threads=3,3dfe2bc68aa49279b271a02a1f2404d134495556,runs/peerreview_20261003/semisynthetic/perm_shared_d1_rf1.0/perm039_done.json
semisynthetic.zip,semisynthetic/perm_shared_d1_rf1.0/perm039_history.csv,4221,03152e6411197efa72ddb1a7d9e99b0b5d1fb3dc393c49ef194e37f814e8e7ee,scripts/31_semisynthetic.py,.venv/Scripts/python scripts/31_semisynthetic.py --perm --config shared_d1_rf1.0 --perm-index K --threads=3,3dfe2bc68aa49279b271a02a1f2404d134495556,runs/peerreview_20261003/semisynthetic/perm_shared_d1_rf1.0/perm039_history.csv
semisynthetic.zip,semisynthetic/perm_shared_d1_rf1.0/perm039_latent_usage_per_dimension.csv,1477,ffd8f467b22dca1b7f054f0ad4d61e32b854ac2c1388f5cd58308acf1451b990,scripts/31_semisynthetic.py,.venv/Scripts/python scripts/31_semisynthetic.py --perm --config shared_d1_rf1.0 --perm-index K --threads=3,3dfe2bc68aa49279b271a02a1f2404d134495556,runs/peerreview_20261003/semisynthetic/perm_shared_d1_rf1.0/perm039_latent_usage_per_dimension.csv
semisynthetic.zip,semisynthetic/perm_shared_d1_rf1.0/perm039_metrics.json,1794,0c3385ede5d1501a7dc2ae76452ee367393377bd9d0f6ce1ff97361ffbdcb399,scripts/31_semisynthetic.py,.venv/Scripts/python scripts/31_semisynthetic.py --perm --config shared_d1_rf1.0 --perm-index K --threads=3,3dfe2bc68aa49279b271a02a1f2404d134495556,runs/peerreview_20261003/semisynthetic/perm_shared_d1_rf1.0/perm039_metrics.json
semisynthetic.zip,semisynthetic/perm_shared_d1_rf1.0/perm040_done.json,1791,9ee77fbad30c152f5ee27f67784ece636a6c5e77958d475505bbf0a2fb2ba0fd,scripts/31_semisynthetic.py,.venv/Scripts/python scripts/31_semisynthetic.py --perm --config shared_d1_rf1.0 --perm-index K --threads=3,3dfe2bc68aa49279b271a02a1f2404d134495556,runs/peerreview_20261003/semisynthetic/perm_shared_d1_rf1.0/perm040_done.json
semisynthetic.zip,semisynthetic/perm_shared_d1_rf1.0/perm040_history.csv,4230,d9f3e8c17aba1e20cd8f9c532b1d0a185f438c604fd2df9bfa354f31d874fa70,scripts/31_semisynthetic.py,.venv/Scripts/python scripts/31_semisynthetic.py --perm --config shared_d1_rf1.0 --perm-index K --threads=3,3dfe2bc68aa49279b271a02a1f2404d134495556,runs/peerreview_20261003/semisynthetic/perm_shared_d1_rf1.0/perm040_history.csv
semisynthetic.zip,semisynthetic/perm_shared_d1_rf1.0/perm040_latent_usage_per_dimension.csv,1472,365066d2bcfb326bdade97ad0b4f5042aa3114da67bb6f0c09a08ec5e8391ea0,scripts/31_semisynthetic.py,.venv/Scripts/python scripts/31_semisynthetic.py --perm --config shared_d1_rf1.0 --perm-index K --threads=3,3dfe2bc68aa49279b271a02a1f2404d134495556,runs/peerreview_20261003/semisynthetic/perm_shared_d1_rf1.0/perm040_latent_usage_per_dimension.csv
semisynthetic.zip,semisynthetic/perm_shared_d1_rf1.0/perm040_metrics.json,1791,9ee77fbad30c152f5ee27f67784ece636a6c5e77958d475505bbf0a2fb2ba0fd,scripts/31_semisynthetic.py,.venv/Scripts/python scripts/31_semisynthetic.py --perm --config shared_d1_rf1.0 --perm-index K --threads=3,3dfe2bc68aa49279b271a02a1f2404d134495556,runs/peerreview_20261003/semisynthetic/perm_shared_d1_rf1.0/perm040_metrics.json
semisynthetic.zip,semisynthetic/perm_shared_d1_rf1.0/perm041_done.json,1792,0d2240b40d580d8bb9fa3745345a1e91611222e5c55055d9efec67c876dbefcf,scripts/31_semisynthetic.py,.venv/Scripts/python scripts/31_semisynthetic.py --perm --config shared_d1_rf1.0 --perm-index K --threads=3,3dfe2bc68aa49279b271a02a1f2404d134495556,runs/peerreview_20261003/semisynthetic/perm_shared_d1_rf1.0/perm041_done.json
semisynthetic.zip,semisynthetic/perm_shared_d1_rf1.0/perm041_history.csv,4226,c56dc5d4bdf3174c76302ec7ef73947e84505f9b53df7f00b4787869e296760d,scripts/31_semisynthetic.py,.venv/Scripts/python scripts/31_semisynthetic.py --perm --config shared_d1_rf1.0 --perm-index K --threads=3,3dfe2bc68aa49279b271a02a1f2404d134495556,runs/peerreview_20261003/semisynthetic/perm_shared_d1_rf1.0/perm041_history.csv
semisynthetic.zip,semisynthetic/perm_shared_d1_rf1.0/perm041_latent_usage_per_dimension.csv,1470,667cfb078b925b237183f7063dfae0ca2453fa93e760c4c55bbcd7bc722f6fcf,scripts/31_semisynthetic.py,.venv/Scripts/python scripts/31_semisynthetic.py --perm --config shared_d1_rf1.0 --perm-index K --threads=3,3dfe2bc68aa49279b271a02a1f2404d134495556,runs/peerreview_20261003/semisynthetic/perm_shared_d1_rf1.0/perm041_latent_usage_per_dimension.csv
semisynthetic.zip,semisynthetic/perm_shared_d1_rf1.0/perm041_metrics.json,1792,0d2240b40d580d8bb9fa3745345a1e91611222e5c55055d9efec67c876dbefcf,scripts/31_semisynthetic.py,.venv/Scripts/python scripts/31_semisynthetic.py --perm --config shared_d1_rf1.0 --perm-index K --threads=3,3dfe2bc68aa49279b271a02a1f2404d134495556,runs/peerreview_20261003/semisynthetic/perm_shared_d1_rf1.0/perm041_metrics.json
semisynthetic.zip,semisynthetic/perm_shared_d1_rf1.0/perm042_done.json,1792,ebe2bc2dd78697c35d21b3dc7c0bc77524131c016ca16c4fb5ccb50641ebfa02,scripts/31_semisynthetic.py,.venv/Scripts/python scripts/31_semisynthetic.py --perm --config shared_d1_rf1.0 --perm-index K --threads=3,3dfe2bc68aa49279b271a02a1f2404d134495556,runs/peerreview_20261003/semisynthetic/perm_shared_d1_rf1.0/perm042_done.json
semisynthetic.zip,semisynthetic/perm_shared_d1_rf1.0/perm042_history.csv,4216,22791aaf7ece57c490f11d2b73a843a363d80d8da5bc341f5c3dc095575aa3c5,scripts/31_semisynthetic.py,.venv/Scripts/python scripts/31_semisynthetic.py --perm --config shared_d1_rf1.0 --perm-index K --threads=3,3dfe2bc68aa49279b271a02a1f2404d134495556,runs/peerreview_20261003/semisynthetic/perm_shared_d1_rf1.0/perm042_history.csv
semisynthetic.zip,semisynthetic/perm_shared_d1_rf1.0/perm042_latent_usage_per_dimension.csv,1463,ebb280b2c155e0da83abf4a22462d6537248efe851b9911a9a2fb9545e4c03ba,scripts/31_semisynthetic.py,.venv/Scripts/python scripts/31_semisynthetic.py --perm --config shared_d1_rf1.0 --perm-index K --threads=3,3dfe2bc68aa49279b271a02a1f2404d134495556,runs/peerreview_20261003/semisynthetic/perm_shared_d1_rf1.0/perm042_latent_usage_per_dimension.csv
semisynthetic.zip,semisynthetic/perm_shared_d1_rf1.0/perm042_metrics.json,1792,ebe2bc2dd78697c35d21b3dc7c0bc77524131c016ca16c4fb5ccb50641ebfa02,scripts/31_semisynthetic.py,.venv/Scripts/python scripts/31_semisynthetic.py --perm --config shared_d1_rf1.0 --perm-index K --threads=3,3dfe2bc68aa49279b271a02a1f2404d134495556,runs/peerreview_20261003/semisynthetic/perm_shared_d1_rf1.0/perm042_metrics.json
semisynthetic.zip,semisynthetic/perm_shared_d1_rf1.0/perm043_done.json,1785,7e068f27bafb0d2f76eef2a916b3e4c8b71fc1b880317e52bd9dd67d662055bd,scripts/31_semisynthetic.py,.venv/Scripts/python scripts/31_semisynthetic.py --perm --config shared_d1_rf1.0 --perm-index K --threads=3,3dfe2bc68aa49279b271a02a1f2404d134495556,runs/peerreview_20261003/semisynthetic/perm_shared_d1_rf1.0/perm043_done.json
semisynthetic.zip,semisynthetic/perm_shared_d1_rf1.0/perm043_history.csv,4236,d15203f3e3a2d818f8548267cb23a11b9d7765ae38c98716032e41ecf5251e6a,scripts/31_semisynthetic.py,.venv/Scripts/python scripts/31_semisynthetic.py --perm --config shared_d1_rf1.0 --perm-index K --threads=3,3dfe2bc68aa49279b271a02a1f2404d134495556,runs/peerreview_20261003/semisynthetic/perm_shared_d1_rf1.0/perm043_history.csv
semisynthetic.zip,semisynthetic/perm_shared_d1_rf1.0/perm043_latent_usage_per_dimension.csv,1467,4996aefaf85a1e1287d748f57335177de1ee1a2938daac851ad4b7c3b28d3b30,scripts/31_semisynthetic.py,.venv/Scripts/python scripts/31_semisynthetic.py --perm --config shared_d1_rf1.0 --perm-index K --threads=3,3dfe2bc68aa49279b271a02a1f2404d134495556,runs/peerreview_20261003/semisynthetic/perm_shared_d1_rf1.0/perm043_latent_usage_per_dimension.csv
semisynthetic.zip,semisynthetic/perm_shared_d1_rf1.0/perm043_metrics.json,1785,7e068f27bafb0d2f76eef2a916b3e4c8b71fc1b880317e52bd9dd67d662055bd,scripts/31_semisynthetic.py,.venv/Scripts/python scripts/31_semisynthetic.py --perm --config shared_d1_rf1.0 --perm-index K --threads=3,3dfe2bc68aa49279b271a02a1f2404d134495556,runs/peerreview_20261003/semisynthetic/perm_shared_d1_rf1.0/perm043_metrics.json
semisynthetic.zip,semisynthetic/perm_shared_d1_rf1.0/perm044_done.json,1792,ffe681eed01cd608317529a88cfcd1dd9e7b99e4026e4d5b0e68918757c0f535,scripts/31_semisynthetic.py,.venv/Scripts/python scripts/31_semisynthetic.py --perm --config shared_d1_rf1.0 --perm-index K --threads=3,3dfe2bc68aa49279b271a02a1f2404d134495556,runs/peerreview_20261003/semisynthetic/perm_shared_d1_rf1.0/perm044_done.json
semisynthetic.zip,semisynthetic/perm_shared_d1_rf1.0/perm044_history.csv,4230,cb70fce66558123544c7947ff442d91e10b4166197373b5d3f299e8c939e3902,scripts/31_semisynthetic.py,.venv/Scripts/python scripts/31_semisynthetic.py --perm --config shared_d1_rf1.0 --perm-index K --threads=3,3dfe2bc68aa49279b271a02a1f2404d134495556,runs/peerreview_20261003/semisynthetic/perm_shared_d1_rf1.0/perm044_history.csv
semisynthetic.zip,semisynthetic/perm_shared_d1_rf1.0/perm044_latent_usage_per_dimension.csv,1468,ef337741b22d9e63aa2a4f782abefb3666140a23b7adf4fe2fe2448a5e52c0ce,scripts/31_semisynthetic.py,.venv/Scripts/python scripts/31_semisynthetic.py --perm --config shared_d1_rf1.0 --perm-index K --threads=3,3dfe2bc68aa49279b271a02a1f2404d134495556,runs/peerreview_20261003/semisynthetic/perm_shared_d1_rf1.0/perm044_latent_usage_per_dimension.csv
semisynthetic.zip,semisynthetic/perm_shared_d1_rf1.0/perm044_metrics.json,1792,ffe681eed01cd608317529a88cfcd1dd9e7b99e4026e4d5b0e68918757c0f535,scripts/31_semisynthetic.py,.venv/Scripts/python scripts/31_semisynthetic.py --perm --config shared_d1_rf1.0 --perm-index K --threads=3,3dfe2bc68aa49279b271a02a1f2404d134495556,runs/peerreview_20261003/semisynthetic/perm_shared_d1_rf1.0/perm044_metrics.json
semisynthetic.zip,semisynthetic/perm_shared_d1_rf1.0/perm045_done.json,1797,da9f700476607554e2065de228c15b11f322dd742a325cb03440b08c15c71ef9,scripts/31_semisynthetic.py,.venv/Scripts/python scripts/31_semisynthetic.py --perm --config shared_d1_rf1.0 --perm-index K --threads=3,3dfe2bc68aa49279b271a02a1f2404d134495556,runs/peerreview_20261003/semisynthetic/perm_shared_d1_rf1.0/perm045_done.json
semisynthetic.zip,semisynthetic/perm_shared_d1_rf1.0/perm045_history.csv,4227,8456af5b46c923fe33f7cd3a252d7230a9919caa485646d8b1f706077ae1bc0b,scripts/31_semisynthetic.py,.venv/Scripts/python scripts/31_semisynthetic.py --perm --config shared_d1_rf1.0 --perm-index K --threads=3,3dfe2bc68aa49279b271a02a1f2404d134495556,runs/peerreview_20261003/semisynthetic/perm_shared_d1_rf1.0/perm045_history.csv
semisynthetic.zip,semisynthetic/perm_shared_d1_rf1.0/perm045_latent_usage_per_dimension.csv,1479,6f561ff2c7adfb4437b5f917159ba9112d34629342a6598143dd54ed3ecf197b,scripts/31_semisynthetic.py,.venv/Scripts/python scripts/31_semisynthetic.py --perm --config shared_d1_rf1.0 --perm-index K --threads=3,3dfe2bc68aa49279b271a02a1f2404d134495556,runs/peerreview_20261003/semisynthetic/perm_shared_d1_rf1.0/perm045_latent_usage_per_dimension.csv
semisynthetic.zip,semisynthetic/perm_shared_d1_rf1.0/perm045_metrics.json,1797,da9f700476607554e2065de228c15b11f322dd742a325cb03440b08c15c71ef9,scripts/31_semisynthetic.py,.venv/Scripts/python scripts/31_semisynthetic.py --perm --config shared_d1_rf1.0 --perm-index K --threads=3,3dfe2bc68aa49279b271a02a1f2404d134495556,runs/peerreview_20261003/semisynthetic/perm_shared_d1_rf1.0/perm045_metrics.json
semisynthetic.zip,semisynthetic/perm_shared_d1_rf1.0/perm046_done.json,1793,0bbfca55fa2ae2538316bd219e4cf42020521fe7911cb09f151c5291ae03538e,scripts/31_semisynthetic.py,.venv/Scripts/python scripts/31_semisynthetic.py --perm --config shared_d1_rf1.0 --perm-index K --threads=3,3dfe2bc68aa49279b271a02a1f2404d134495556,runs/peerreview_20261003/semisynthetic/perm_shared_d1_rf1.0/perm046_done.json
semisynthetic.zip,semisynthetic/perm_shared_d1_rf1.0/perm046_history.csv,4232,5e575fe771be50d87961e239cfca9fe01eca3cd4e5978030e9bdd0da69f6e72e,scripts/31_semisynthetic.py,.venv/Scripts/python scripts/31_semisynthetic.py --perm --config shared_d1_rf1.0 --perm-index K --threads=3,3dfe2bc68aa49279b271a02a1f2404d134495556,runs/peerreview_20261003/semisynthetic/perm_shared_d1_rf1.0/perm046_history.csv
semisynthetic.zip,semisynthetic/perm_shared_d1_rf1.0/perm046_latent_usage_per_dimension.csv,1466,972af6272a1008d1637935ca9f12434347b45666af239b99334338569bb5cf09,scripts/31_semisynthetic.py,.venv/Scripts/python scripts/31_semisynthetic.py --perm --config shared_d1_rf1.0 --perm-index K --threads=3,3dfe2bc68aa49279b271a02a1f2404d134495556,runs/peerreview_20261003/semisynthetic/perm_shared_d1_rf1.0/perm046_latent_usage_per_dimension.csv
semisynthetic.zip,semisynthetic/perm_shared_d1_rf1.0/perm046_metrics.json,1793,0bbfca55fa2ae2538316bd219e4cf42020521fe7911cb09f151c5291ae03538e,scripts/31_semisynthetic.py,.venv/Scripts/python scripts/31_semisynthetic.py --perm --config shared_d1_rf1.0 --perm-index K --threads=3,3dfe2bc68aa49279b271a02a1f2404d134495556,runs/peerreview_20261003/semisynthetic/perm_shared_d1_rf1.0/perm046_metrics.json
semisynthetic.zip,semisynthetic/perm_shared_d1_rf1.0/perm047_done.json,1793,e4644f117347b7f49d8b564b183ff9df952295d7044e2f223bb7c6b037c67830,scripts/31_semisynthetic.py,.venv/Scripts/python scripts/31_semisynthetic.py --perm --config shared_d1_rf1.0 --perm-index K --threads=3,3dfe2bc68aa49279b271a02a1f2404d134495556,runs/peerreview_20261003/semisynthetic/perm_shared_d1_rf1.0/perm047_done.json
semisynthetic.zip,semisynthetic/perm_shared_d1_rf1.0/perm047_history.csv,4222,f15a847e98408c7b9de6862afc6fe99df9f42722c7a085a82808f0311885da6a,scripts/31_semisynthetic.py,.venv/Scripts/python scripts/31_semisynthetic.py --perm --config shared_d1_rf1.0 --perm-index K --threads=3,3dfe2bc68aa49279b271a02a1f2404d134495556,runs/peerreview_20261003/semisynthetic/perm_shared_d1_rf1.0/perm047_history.csv
semisynthetic.zip,semisynthetic/perm_shared_d1_rf1.0/perm047_latent_usage_per_dimension.csv,1473,7bab4bac5252aa4f1a67882692e010c4f73ae9d742ee846b701f63c33e034e9e,scripts/31_semisynthetic.py,.venv/Scripts/python scripts/31_semisynthetic.py --perm --config shared_d1_rf1.0 --perm-index K --threads=3,3dfe2bc68aa49279b271a02a1f2404d134495556,runs/peerreview_20261003/semisynthetic/perm_shared_d1_rf1.0/perm047_latent_usage_per_dimension.csv
semisynthetic.zip,semisynthetic/perm_shared_d1_rf1.0/perm047_metrics.json,1793,e4644f117347b7f49d8b564b183ff9df952295d7044e2f223bb7c6b037c67830,scripts/31_semisynthetic.py,.venv/Scripts/python scripts/31_semisynthetic.py --perm --config shared_d1_rf1.0 --perm-index K --threads=3,3dfe2bc68aa49279b271a02a1f2404d134495556,runs/peerreview_20261003/semisynthetic/perm_shared_d1_rf1.0/perm047_metrics.json
semisynthetic.zip,semisynthetic/perm_shared_d1_rf1.0/perm048_done.json,1789,afa238a129a64cf81c33a042dd9d7b81c181d4f97b8ae696ddf4724e6685670c,scripts/31_semisynthetic.py,.venv/Scripts/python scripts/31_semisynthetic.py --perm --config shared_d1_rf1.0 --perm-index K --threads=3,3dfe2bc68aa49279b271a02a1f2404d134495556,runs/peerreview_20261003/semisynthetic/perm_shared_d1_rf1.0/perm048_done.json
semisynthetic.zip,semisynthetic/perm_shared_d1_rf1.0/perm048_history.csv,4219,18a75e37ac1fb3874c1735b4a968bb9b5e485f4691102d3df4bfedd214a8a881,scripts/31_semisynthetic.py,.venv/Scripts/python scripts/31_semisynthetic.py --perm --config shared_d1_rf1.0 --perm-index K --threads=3,3dfe2bc68aa49279b271a02a1f2404d134495556,runs/peerreview_20261003/semisynthetic/perm_shared_d1_rf1.0/perm048_history.csv
semisynthetic.zip,semisynthetic/perm_shared_d1_rf1.0/perm048_latent_usage_per_dimension.csv,1470,9287b7758c8d8ade92565e94c7e9e42a0f66d5956d49c3cfee312cf45520480e,scripts/31_semisynthetic.py,.venv/Scripts/python scripts/31_semisynthetic.py --perm --config shared_d1_rf1.0 --perm-index K --threads=3,3dfe2bc68aa49279b271a02a1f2404d134495556,runs/peerreview_20261003/semisynthetic/perm_shared_d1_rf1.0/perm048_latent_usage_per_dimension.csv
semisynthetic.zip,semisynthetic/perm_shared_d1_rf1.0/perm048_metrics.json,1789,afa238a129a64cf81c33a042dd9d7b81c181d4f97b8ae696ddf4724e6685670c,scripts/31_semisynthetic.py,.venv/Scripts/python scripts/31_semisynthetic.py --perm --config shared_d1_rf1.0 --perm-index K --threads=3,3dfe2bc68aa49279b271a02a1f2404d134495556,runs/peerreview_20261003/semisynthetic/perm_shared_d1_rf1.0/perm048_metrics.json
semisynthetic.zip,semisynthetic/perm_shared_d1_rf1.0/perm049_done.json,1791,d122c424bbaeb0ad45fd792f6c1582fa98572948e3d05eecd9732e611ef492dc,scripts/31_semisynthetic.py,.venv/Scripts/python scripts/31_semisynthetic.py --perm --config shared_d1_rf1.0 --perm-index K --threads=3,3dfe2bc68aa49279b271a02a1f2404d134495556,runs/peerreview_20261003/semisynthetic/perm_shared_d1_rf1.0/perm049_done.json
semisynthetic.zip,semisynthetic/perm_shared_d1_rf1.0/perm049_history.csv,4217,053b91a8eae04f49bfc7a57762efa46d7150f3bbd2eb6b6cc5ac59adcd21a776,scripts/31_semisynthetic.py,.venv/Scripts/python scripts/31_semisynthetic.py --perm --config shared_d1_rf1.0 --perm-index K --threads=3,3dfe2bc68aa49279b271a02a1f2404d134495556,runs/peerreview_20261003/semisynthetic/perm_shared_d1_rf1.0/perm049_history.csv
semisynthetic.zip,semisynthetic/perm_shared_d1_rf1.0/perm049_latent_usage_per_dimension.csv,1476,f322f95d0c3404839d61e4f3292e70b35d18baf537ff372d5c95d1fbeedff99a,scripts/31_semisynthetic.py,.venv/Scripts/python scripts/31_semisynthetic.py --perm --config shared_d1_rf1.0 --perm-index K --threads=3,3dfe2bc68aa49279b271a02a1f2404d134495556,runs/peerreview_20261003/semisynthetic/perm_shared_d1_rf1.0/perm049_latent_usage_per_dimension.csv
semisynthetic.zip,semisynthetic/perm_shared_d1_rf1.0/perm049_metrics.json,1791,d122c424bbaeb0ad45fd792f6c1582fa98572948e3d05eecd9732e611ef492dc,scripts/31_semisynthetic.py,.venv/Scripts/python scripts/31_semisynthetic.py --perm --config shared_d1_rf1.0 --perm-index K --threads=3,3dfe2bc68aa49279b271a02a1f2404d134495556,runs/peerreview_20261003/semisynthetic/perm_shared_d1_rf1.0/perm049_metrics.json
semisynthetic.zip,semisynthetic/perm_shared_d1_rf1.0/perm050_done.json,1800,010fdfd564fbb58c4c52f2833af59f1835a6c5002e12ec765cd78454a7bb19b3,scripts/31_semisynthetic.py,.venv/Scripts/python scripts/31_semisynthetic.py --perm --config shared_d1_rf1.0 --perm-index K --threads=3,3dfe2bc68aa49279b271a02a1f2404d134495556,runs/peerreview_20261003/semisynthetic/perm_shared_d1_rf1.0/perm050_done.json
semisynthetic.zip,semisynthetic/perm_shared_d1_rf1.0/perm050_history.csv,4234,236a5895a426a7531306cc28bcf49b07626dbd92aac2ababbd917f062467d0fe,scripts/31_semisynthetic.py,.venv/Scripts/python scripts/31_semisynthetic.py --perm --config shared_d1_rf1.0 --perm-index K --threads=3,3dfe2bc68aa49279b271a02a1f2404d134495556,runs/peerreview_20261003/semisynthetic/perm_shared_d1_rf1.0/perm050_history.csv
semisynthetic.zip,semisynthetic/perm_shared_d1_rf1.0/perm050_latent_usage_per_dimension.csv,1472,d132f3716aa6295d9eed476e495f74a6bcfee3876a249a4d19029ecc2f577627,scripts/31_semisynthetic.py,.venv/Scripts/python scripts/31_semisynthetic.py --perm --config shared_d1_rf1.0 --perm-index K --threads=3,3dfe2bc68aa49279b271a02a1f2404d134495556,runs/peerreview_20261003/semisynthetic/perm_shared_d1_rf1.0/perm050_latent_usage_per_dimension.csv
semisynthetic.zip,semisynthetic/perm_shared_d1_rf1.0/perm050_metrics.json,1800,010fdfd564fbb58c4c52f2833af59f1835a6c5002e12ec765cd78454a7bb19b3,scripts/31_semisynthetic.py,.venv/Scripts/python scripts/31_semisynthetic.py --perm --config shared_d1_rf1.0 --perm-index K --threads=3,3dfe2bc68aa49279b271a02a1f2404d134495556,runs/peerreview_20261003/semisynthetic/perm_shared_d1_rf1.0/perm050_metrics.json
semisynthetic.zip,semisynthetic/perm_shared_d1_rf1.0/perm051_done.json,1793,6df36d1b56c3dce964cec5c30811788be2c15115b1bfe772f2d8152e68573bb7,scripts/31_semisynthetic.py,.venv/Scripts/python scripts/31_semisynthetic.py --perm --config shared_d1_rf1.0 --perm-index K --threads=3,3dfe2bc68aa49279b271a02a1f2404d134495556,runs/peerreview_20261003/semisynthetic/perm_shared_d1_rf1.0/perm051_done.json
semisynthetic.zip,semisynthetic/perm_shared_d1_rf1.0/perm051_history.csv,4235,b34436cac26b0b780390f47cfe0ea5b98639c5c93afb507b160d6c0377b7d8dc,scripts/31_semisynthetic.py,.venv/Scripts/python scripts/31_semisynthetic.py --perm --config shared_d1_rf1.0 --perm-index K --threads=3,3dfe2bc68aa49279b271a02a1f2404d134495556,runs/peerreview_20261003/semisynthetic/perm_shared_d1_rf1.0/perm051_history.csv
semisynthetic.zip,semisynthetic/perm_shared_d1_rf1.0/perm051_latent_usage_per_dimension.csv,1467,0801b8f511cbae7e66fbc106887e924d024f2d9dfd073c6b196992a00e4b44f2,scripts/31_semisynthetic.py,.venv/Scripts/python scripts/31_semisynthetic.py --perm --config shared_d1_rf1.0 --perm-index K --threads=3,3dfe2bc68aa49279b271a02a1f2404d134495556,runs/peerreview_20261003/semisynthetic/perm_shared_d1_rf1.0/perm051_latent_usage_per_dimension.csv
semisynthetic.zip,semisynthetic/perm_shared_d1_rf1.0/perm051_metrics.json,1793,6df36d1b56c3dce964cec5c30811788be2c15115b1bfe772f2d8152e68573bb7,scripts/31_semisynthetic.py,.venv/Scripts/python scripts/31_semisynthetic.py --perm --config shared_d1_rf1.0 --perm-index K --threads=3,3dfe2bc68aa49279b271a02a1f2404d134495556,runs/peerreview_20261003/semisynthetic/perm_shared_d1_rf1.0/perm051_metrics.json
semisynthetic.zip,semisynthetic/perm_shared_d1_rf1.0/perm052_done.json,1797,05bfc1348f2423e8ba6bd821aee22dae5951ed8afa90dcacd4c28a5730008da1,scripts/31_semisynthetic.py,.venv/Scripts/python scripts/31_semisynthetic.py --perm --config shared_d1_rf1.0 --perm-index K --threads=3,3dfe2bc68aa49279b271a02a1f2404d134495556,runs/peerreview_20261003/semisynthetic/perm_shared_d1_rf1.0/perm052_done.json
semisynthetic.zip,semisynthetic/perm_shared_d1_rf1.0/perm052_history.csv,4231,c31b83168efbf8118da7947c323e992bf757be432caf9628001262ba4d6c383a,scripts/31_semisynthetic.py,.venv/Scripts/python scripts/31_semisynthetic.py --perm --config shared_d1_rf1.0 --perm-index K --threads=3,3dfe2bc68aa49279b271a02a1f2404d134495556,runs/peerreview_20261003/semisynthetic/perm_shared_d1_rf1.0/perm052_history.csv
semisynthetic.zip,semisynthetic/perm_shared_d1_rf1.0/perm052_latent_usage_per_dimension.csv,1475,2a333d34d86f43eff7a4cac0f338eb65ff2e9b210545f321a1e40efad49fb0fb,scripts/31_semisynthetic.py,.venv/Scripts/python scripts/31_semisynthetic.py --perm --config shared_d1_rf1.0 --perm-index K --threads=3,3dfe2bc68aa49279b271a02a1f2404d134495556,runs/peerreview_20261003/semisynthetic/perm_shared_d1_rf1.0/perm052_latent_usage_per_dimension.csv
semisynthetic.zip,semisynthetic/perm_shared_d1_rf1.0/perm052_metrics.json,1797,05bfc1348f2423e8ba6bd821aee22dae5951ed8afa90dcacd4c28a5730008da1,scripts/31_semisynthetic.py,.venv/Scripts/python scripts/31_semisynthetic.py --perm --config shared_d1_rf1.0 --perm-index K --threads=3,3dfe2bc68aa49279b271a02a1f2404d134495556,runs/peerreview_20261003/semisynthetic/perm_shared_d1_rf1.0/perm052_metrics.json
semisynthetic.zip,semisynthetic/perm_shared_d1_rf1.0/perm053_done.json,1794,b2788c5186af3eb1235be997f1d01ad672201e18f544ca2d23ed66272d40fb92,scripts/31_semisynthetic.py,.venv/Scripts/python scripts/31_semisynthetic.py --perm --config shared_d1_rf1.0 --perm-index K --threads=3,3dfe2bc68aa49279b271a02a1f2404d134495556,runs/peerreview_20261003/semisynthetic/perm_shared_d1_rf1.0/perm053_done.json
semisynthetic.zip,semisynthetic/perm_shared_d1_rf1.0/perm053_history.csv,4234,d744b85794335f856f693207b506610992f35f4bff5dae533864e9b53708d7eb,scripts/31_semisynthetic.py,.venv/Scripts/python scripts/31_semisynthetic.py --perm --config shared_d1_rf1.0 --perm-index K --threads=3,3dfe2bc68aa49279b271a02a1f2404d134495556,runs/peerreview_20261003/semisynthetic/perm_shared_d1_rf1.0/perm053_history.csv
semisynthetic.zip,semisynthetic/perm_shared_d1_rf1.0/perm053_latent_usage_per_dimension.csv,1474,7730bb0aa29d99cf08b14692e8e7f5836d3842a65bbf4dab8991eb9e65438d40,scripts/31_semisynthetic.py,.venv/Scripts/python scripts/31_semisynthetic.py --perm --config shared_d1_rf1.0 --perm-index K --threads=3,3dfe2bc68aa49279b271a02a1f2404d134495556,runs/peerreview_20261003/semisynthetic/perm_shared_d1_rf1.0/perm053_latent_usage_per_dimension.csv
semisynthetic.zip,semisynthetic/perm_shared_d1_rf1.0/perm053_metrics.json,1794,b2788c5186af3eb1235be997f1d01ad672201e18f544ca2d23ed66272d40fb92,scripts/31_semisynthetic.py,.venv/Scripts/python scripts/31_semisynthetic.py --perm --config shared_d1_rf1.0 --perm-index K --threads=3,3dfe2bc68aa49279b271a02a1f2404d134495556,runs/peerreview_20261003/semisynthetic/perm_shared_d1_rf1.0/perm053_metrics.json
semisynthetic.zip,semisynthetic/perm_shared_d1_rf1.0/perm054_done.json,1795,7cee7d0605b875d39e9892079377efaa3779997389aa6434bd94aae176041cc2,scripts/31_semisynthetic.py,.venv/Scripts/python scripts/31_semisynthetic.py --perm --config shared_d1_rf1.0 --perm-index K --threads=3,3dfe2bc68aa49279b271a02a1f2404d134495556,runs/peerreview_20261003/semisynthetic/perm_shared_d1_rf1.0/perm054_done.json
semisynthetic.zip,semisynthetic/perm_shared_d1_rf1.0/perm054_history.csv,4235,99c9f2675b41d5de21397092c8b93962aca7bc93aee411860fafd79bec47feae,scripts/31_semisynthetic.py,.venv/Scripts/python scripts/31_semisynthetic.py --perm --config shared_d1_rf1.0 --perm-index K --threads=3,3dfe2bc68aa49279b271a02a1f2404d134495556,runs/peerreview_20261003/semisynthetic/perm_shared_d1_rf1.0/perm054_history.csv
semisynthetic.zip,semisynthetic/perm_shared_d1_rf1.0/perm054_latent_usage_per_dimension.csv,1473,c93ba1386fc271a556b15688b1785d5f13f68e8f6ff24cc2a3108d2a6c0fc948,scripts/31_semisynthetic.py,.venv/Scripts/python scripts/31_semisynthetic.py --perm --config shared_d1_rf1.0 --perm-index K --threads=3,3dfe2bc68aa49279b271a02a1f2404d134495556,runs/peerreview_20261003/semisynthetic/perm_shared_d1_rf1.0/perm054_latent_usage_per_dimension.csv
semisynthetic.zip,semisynthetic/perm_shared_d1_rf1.0/perm054_metrics.json,1795,7cee7d0605b875d39e9892079377efaa3779997389aa6434bd94aae176041cc2,scripts/31_semisynthetic.py,.venv/Scripts/python scripts/31_semisynthetic.py --perm --config shared_d1_rf1.0 --perm-index K --threads=3,3dfe2bc68aa49279b271a02a1f2404d134495556,runs/peerreview_20261003/semisynthetic/perm_shared_d1_rf1.0/perm054_metrics.json
semisynthetic.zip,semisynthetic/perm_shared_d1_rf1.0/perm055_done.json,1791,13cafa9849381d30938431ed5e75f4bb0e15853ea57cc1509ad856a3c4393bc5,scripts/31_semisynthetic.py,.venv/Scripts/python scripts/31_semisynthetic.py --perm --config shared_d1_rf1.0 --perm-index K --threads=3,3dfe2bc68aa49279b271a02a1f2404d134495556,runs/peerreview_20261003/semisynthetic/perm_shared_d1_rf1.0/perm055_done.json
semisynthetic.zip,semisynthetic/perm_shared_d1_rf1.0/perm055_history.csv,4239,3aacea90a5d2ded3cd55239f8a7395c5bd67812256d936cdd4f76b2bb3d48f09,scripts/31_semisynthetic.py,.venv/Scripts/python scripts/31_semisynthetic.py --perm --config shared_d1_rf1.0 --perm-index K --threads=3,3dfe2bc68aa49279b271a02a1f2404d134495556,runs/peerreview_20261003/semisynthetic/perm_shared_d1_rf1.0/perm055_history.csv
semisynthetic.zip,semisynthetic/perm_shared_d1_rf1.0/perm055_latent_usage_per_dimension.csv,1479,cacc28ae522862bce045b4cc8e84a5f630a9f07d0a6838c07e3102eb22901558,scripts/31_semisynthetic.py,.venv/Scripts/python scripts/31_semisynthetic.py --perm --config shared_d1_rf1.0 --perm-index K --threads=3,3dfe2bc68aa49279b271a02a1f2404d134495556,runs/peerreview_20261003/semisynthetic/perm_shared_d1_rf1.0/perm055_latent_usage_per_dimension.csv
semisynthetic.zip,semisynthetic/perm_shared_d1_rf1.0/perm055_metrics.json,1791,13cafa9849381d30938431ed5e75f4bb0e15853ea57cc1509ad856a3c4393bc5,scripts/31_semisynthetic.py,.venv/Scripts/python scripts/31_semisynthetic.py --perm --config shared_d1_rf1.0 --perm-index K --threads=3,3dfe2bc68aa49279b271a02a1f2404d134495556,runs/peerreview_20261003/semisynthetic/perm_shared_d1_rf1.0/perm055_metrics.json
semisynthetic.zip,semisynthetic/perm_shared_d1_rf1.0/perm056_done.json,1798,dafe86ad6abe764695911bc9a2425892593405e7600f723b9786c8c516e00253,scripts/31_semisynthetic.py,.venv/Scripts/python scripts/31_semisynthetic.py --perm --config shared_d1_rf1.0 --perm-index K --threads=3,3dfe2bc68aa49279b271a02a1f2404d134495556,runs/peerreview_20261003/semisynthetic/perm_shared_d1_rf1.0/perm056_done.json
semisynthetic.zip,semisynthetic/perm_shared_d1_rf1.0/perm056_history.csv,4225,425f8ddfab61cec5da9d7dacc289d5ba1a0555812b1ded10518dd058a378ef01,scripts/31_semisynthetic.py,.venv/Scripts/python scripts/31_semisynthetic.py --perm --config shared_d1_rf1.0 --perm-index K --threads=3,3dfe2bc68aa49279b271a02a1f2404d134495556,runs/peerreview_20261003/semisynthetic/perm_shared_d1_rf1.0/perm056_history.csv
semisynthetic.zip,semisynthetic/perm_shared_d1_rf1.0/perm056_latent_usage_per_dimension.csv,1473,c9bdefa8552455c0ba477b81a26706be027576a3f2cf1d0e13953a8fe005c61e,scripts/31_semisynthetic.py,.venv/Scripts/python scripts/31_semisynthetic.py --perm --config shared_d1_rf1.0 --perm-index K --threads=3,3dfe2bc68aa49279b271a02a1f2404d134495556,runs/peerreview_20261003/semisynthetic/perm_shared_d1_rf1.0/perm056_latent_usage_per_dimension.csv
semisynthetic.zip,semisynthetic/perm_shared_d1_rf1.0/perm056_metrics.json,1798,dafe86ad6abe764695911bc9a2425892593405e7600f723b9786c8c516e00253,scripts/31_semisynthetic.py,.venv/Scripts/python scripts/31_semisynthetic.py --perm --config shared_d1_rf1.0 --perm-index K --threads=3,3dfe2bc68aa49279b271a02a1f2404d134495556,runs/peerreview_20261003/semisynthetic/perm_shared_d1_rf1.0/perm056_metrics.json
semisynthetic.zip,semisynthetic/perm_shared_d1_rf1.0/perm057_done.json,1795,90323846c98e16ab63457b27a6f7adb28fc4995f96dba5b2816d32034ffce122,scripts/31_semisynthetic.py,.venv/Scripts/python scripts/31_semisynthetic.py --perm --config shared_d1_rf1.0 --perm-index K --threads=3,3dfe2bc68aa49279b271a02a1f2404d134495556,runs/peerreview_20261003/semisynthetic/perm_shared_d1_rf1.0/perm057_done.json
semisynthetic.zip,semisynthetic/perm_shared_d1_rf1.0/perm057_history.csv,4226,17cd2bca87ed1c32d8a36b8205393ae01825c7aa816f362deb6b40ac605f7341,scripts/31_semisynthetic.py,.venv/Scripts/python scripts/31_semisynthetic.py --perm --config shared_d1_rf1.0 --perm-index K --threads=3,3dfe2bc68aa49279b271a02a1f2404d134495556,runs/peerreview_20261003/semisynthetic/perm_shared_d1_rf1.0/perm057_history.csv
semisynthetic.zip,semisynthetic/perm_shared_d1_rf1.0/perm057_latent_usage_per_dimension.csv,1477,dc5f13015ff05f9ebfdaa56a44f4854e76fa6d52efb9c089d41591e59db98835,scripts/31_semisynthetic.py,.venv/Scripts/python scripts/31_semisynthetic.py --perm --config shared_d1_rf1.0 --perm-index K --threads=3,3dfe2bc68aa49279b271a02a1f2404d134495556,runs/peerreview_20261003/semisynthetic/perm_shared_d1_rf1.0/perm057_latent_usage_per_dimension.csv
semisynthetic.zip,semisynthetic/perm_shared_d1_rf1.0/perm057_metrics.json,1795,90323846c98e16ab63457b27a6f7adb28fc4995f96dba5b2816d32034ffce122,scripts/31_semisynthetic.py,.venv/Scripts/python scripts/31_semisynthetic.py --perm --config shared_d1_rf1.0 --perm-index K --threads=3,3dfe2bc68aa49279b271a02a1f2404d134495556,runs/peerreview_20261003/semisynthetic/perm_shared_d1_rf1.0/perm057_metrics.json
semisynthetic.zip,semisynthetic/perm_shared_d1_rf1.0/perm058_done.json,1791,a6fd2e34d4c7ebf2f72994073c1ffb6b682b74841a0fe936250c2a50018b764f,scripts/31_semisynthetic.py,.venv/Scripts/python scripts/31_semisynthetic.py --perm --config shared_d1_rf1.0 --perm-index K --threads=3,3dfe2bc68aa49279b271a02a1f2404d134495556,runs/peerreview_20261003/semisynthetic/perm_shared_d1_rf1.0/perm058_done.json
semisynthetic.zip,semisynthetic/perm_shared_d1_rf1.0/perm058_history.csv,4232,447130768f44a23ba652c9ec16e8e0c3c7d7606222ad054ff8219bc7583e74e7,scripts/31_semisynthetic.py,.venv/Scripts/python scripts/31_semisynthetic.py --perm --config shared_d1_rf1.0 --perm-index K --threads=3,3dfe2bc68aa49279b271a02a1f2404d134495556,runs/peerreview_20261003/semisynthetic/perm_shared_d1_rf1.0/perm058_history.csv
semisynthetic.zip,semisynthetic/perm_shared_d1_rf1.0/perm058_latent_usage_per_dimension.csv,1464,8ff47467f7266b7c2d40279375ee45dea7df1fc8a301de337f1ef8aafc647a0a,scripts/31_semisynthetic.py,.venv/Scripts/python scripts/31_semisynthetic.py --perm --config shared_d1_rf1.0 --perm-index K --threads=3,3dfe2bc68aa49279b271a02a1f2404d134495556,runs/peerreview_20261003/semisynthetic/perm_shared_d1_rf1.0/perm058_latent_usage_per_dimension.csv
semisynthetic.zip,semisynthetic/perm_shared_d1_rf1.0/perm058_metrics.json,1791,a6fd2e34d4c7ebf2f72994073c1ffb6b682b74841a0fe936250c2a50018b764f,scripts/31_semisynthetic.py,.venv/Scripts/python scripts/31_semisynthetic.py --perm --config shared_d1_rf1.0 --perm-index K --threads=3,3dfe2bc68aa49279b271a02a1f2404d134495556,runs/peerreview_20261003/semisynthetic/perm_shared_d1_rf1.0/perm058_metrics.json
semisynthetic.zip,semisynthetic/perm_shared_d1_rf1.0/perm059_done.json,1796,3da40d99a5ea01a9ce3075d577b3e01f00afe9c5735fa5581a471b650ff2f318,scripts/31_semisynthetic.py,.venv/Scripts/python scripts/31_semisynthetic.py --perm --config shared_d1_rf1.0 --perm-index K --threads=3,3dfe2bc68aa49279b271a02a1f2404d134495556,runs/peerreview_20261003/semisynthetic/perm_shared_d1_rf1.0/perm059_done.json
semisynthetic.zip,semisynthetic/perm_shared_d1_rf1.0/perm059_history.csv,4227,01249ae2a0c5e81b57ae24a22bb3098c84a07d52cfaf4633e7955f7701c61cb2,scripts/31_semisynthetic.py,.venv/Scripts/python scripts/31_semisynthetic.py --perm --config shared_d1_rf1.0 --perm-index K --threads=3,3dfe2bc68aa49279b271a02a1f2404d134495556,runs/peerreview_20261003/semisynthetic/perm_shared_d1_rf1.0/perm059_history.csv
semisynthetic.zip,semisynthetic/perm_shared_d1_rf1.0/perm059_latent_usage_per_dimension.csv,1467,dd1b6604a308439f7e58d81f4da106ef93e41a547bf552125ef6eede024014be,scripts/31_semisynthetic.py,.venv/Scripts/python scripts/31_semisynthetic.py --perm --config shared_d1_rf1.0 --perm-index K --threads=3,3dfe2bc68aa49279b271a02a1f2404d134495556,runs/peerreview_20261003/semisynthetic/perm_shared_d1_rf1.0/perm059_latent_usage_per_dimension.csv
semisynthetic.zip,semisynthetic/perm_shared_d1_rf1.0/perm059_metrics.json,1796,3da40d99a5ea01a9ce3075d577b3e01f00afe9c5735fa5581a471b650ff2f318,scripts/31_semisynthetic.py,.venv/Scripts/python scripts/31_semisynthetic.py --perm --config shared_d1_rf1.0 --perm-index K --threads=3,3dfe2bc68aa49279b271a02a1f2404d134495556,runs/peerreview_20261003/semisynthetic/perm_shared_d1_rf1.0/perm059_metrics.json
semisynthetic.zip,semisynthetic/perm_shared_d1_rf1.0/perm060_done.json,1795,a35690175fe561736b1626a8ed243f66e8262c0ba0453d2a1cb66eda0107bf40,scripts/31_semisynthetic.py,.venv/Scripts/python scripts/31_semisynthetic.py --perm --config shared_d1_rf1.0 --perm-index K --threads=3,3dfe2bc68aa49279b271a02a1f2404d134495556,runs/peerreview_20261003/semisynthetic/perm_shared_d1_rf1.0/perm060_done.json
semisynthetic.zip,semisynthetic/perm_shared_d1_rf1.0/perm060_history.csv,4222,2cd38c332605b285fcf4f4cebcc63013d5d02d3b0bf91aedc55bd2cc545e854f,scripts/31_semisynthetic.py,.venv/Scripts/python scripts/31_semisynthetic.py --perm --config shared_d1_rf1.0 --perm-index K --threads=3,3dfe2bc68aa49279b271a02a1f2404d134495556,runs/peerreview_20261003/semisynthetic/perm_shared_d1_rf1.0/perm060_history.csv
semisynthetic.zip,semisynthetic/perm_shared_d1_rf1.0/perm060_latent_usage_per_dimension.csv,1472,c9f328a05062af3e9e260fdf35092189681cc5051c51b53713b56735623b6a8f,scripts/31_semisynthetic.py,.venv/Scripts/python scripts/31_semisynthetic.py --perm --config shared_d1_rf1.0 --perm-index K --threads=3,3dfe2bc68aa49279b271a02a1f2404d134495556,runs/peerreview_20261003/semisynthetic/perm_shared_d1_rf1.0/perm060_latent_usage_per_dimension.csv
semisynthetic.zip,semisynthetic/perm_shared_d1_rf1.0/perm060_metrics.json,1795,a35690175fe561736b1626a8ed243f66e8262c0ba0453d2a1cb66eda0107bf40,scripts/31_semisynthetic.py,.venv/Scripts/python scripts/31_semisynthetic.py --perm --config shared_d1_rf1.0 --perm-index K --threads=3,3dfe2bc68aa49279b271a02a1f2404d134495556,runs/peerreview_20261003/semisynthetic/perm_shared_d1_rf1.0/perm060_metrics.json
semisynthetic.zip,semisynthetic/perm_shared_d1_rf1.0/perm061_done.json,1790,391c57c9b6660659c594f9013bcc21c4bd4ad34d8b39f1fa33533863f73afcf3,scripts/31_semisynthetic.py,.venv/Scripts/python scripts/31_semisynthetic.py --perm --config shared_d1_rf1.0 --perm-index K --threads=3,3dfe2bc68aa49279b271a02a1f2404d134495556,runs/peerreview_20261003/semisynthetic/perm_shared_d1_rf1.0/perm061_done.json
semisynthetic.zip,semisynthetic/perm_shared_d1_rf1.0/perm061_history.csv,4237,779faf92d64be86dae78345cbbfccc124d05a3f4c947f6bea2e0d76edfcc35e4,scripts/31_semisynthetic.py,.venv/Scripts/python scripts/31_semisynthetic.py --perm --config shared_d1_rf1.0 --perm-index K --threads=3,3dfe2bc68aa49279b271a02a1f2404d134495556,runs/peerreview_20261003/semisynthetic/perm_shared_d1_rf1.0/perm061_history.csv
semisynthetic.zip,semisynthetic/perm_shared_d1_rf1.0/perm061_latent_usage_per_dimension.csv,1463,8ac6f34ac3fdf9cea2ea5680ab544c45721720ad68aa9e05d3f30b57e7b3018f,scripts/31_semisynthetic.py,.venv/Scripts/python scripts/31_semisynthetic.py --perm --config shared_d1_rf1.0 --perm-index K --threads=3,3dfe2bc68aa49279b271a02a1f2404d134495556,runs/peerreview_20261003/semisynthetic/perm_shared_d1_rf1.0/perm061_latent_usage_per_dimension.csv
semisynthetic.zip,semisynthetic/perm_shared_d1_rf1.0/perm061_metrics.json,1790,391c57c9b6660659c594f9013bcc21c4bd4ad34d8b39f1fa33533863f73afcf3,scripts/31_semisynthetic.py,.venv/Scripts/python scripts/31_semisynthetic.py --perm --config shared_d1_rf1.0 --perm-index K --threads=3,3dfe2bc68aa49279b271a02a1f2404d134495556,runs/peerreview_20261003/semisynthetic/perm_shared_d1_rf1.0/perm061_metrics.json
semisynthetic.zip,semisynthetic/perm_shared_d1_rf1.0/perm062_done.json,1797,2db576d9cb9a7ac4d787fc7140b9539828a852595ccb3adacfcb5a11300d43ac,scripts/31_semisynthetic.py,.venv/Scripts/python scripts/31_semisynthetic.py --perm --config shared_d1_rf1.0 --perm-index K --threads=3,3dfe2bc68aa49279b271a02a1f2404d134495556,runs/peerreview_20261003/semisynthetic/perm_shared_d1_rf1.0/perm062_done.json
semisynthetic.zip,semisynthetic/perm_shared_d1_rf1.0/perm062_history.csv,4224,4837155b84451fcd55fbde1dd2cd4d0dc28d0844805961c0b5c279235e98c4c4,scripts/31_semisynthetic.py,.venv/Scripts/python scripts/31_semisynthetic.py --perm --config shared_d1_rf1.0 --perm-index K --threads=3,3dfe2bc68aa49279b271a02a1f2404d134495556,runs/peerreview_20261003/semisynthetic/perm_shared_d1_rf1.0/perm062_history.csv
semisynthetic.zip,semisynthetic/perm_shared_d1_rf1.0/perm062_latent_usage_per_dimension.csv,1467,59aece1ad03fc87ca331e30d66af153fd101e1e4b13c68c393d742819bba8057,scripts/31_semisynthetic.py,.venv/Scripts/python scripts/31_semisynthetic.py --perm --config shared_d1_rf1.0 --perm-index K --threads=3,3dfe2bc68aa49279b271a02a1f2404d134495556,runs/peerreview_20261003/semisynthetic/perm_shared_d1_rf1.0/perm062_latent_usage_per_dimension.csv
semisynthetic.zip,semisynthetic/perm_shared_d1_rf1.0/perm062_metrics.json,1797,2db576d9cb9a7ac4d787fc7140b9539828a852595ccb3adacfcb5a11300d43ac,scripts/31_semisynthetic.py,.venv/Scripts/python scripts/31_semisynthetic.py --perm --config shared_d1_rf1.0 --perm-index K --threads=3,3dfe2bc68aa49279b271a02a1f2404d134495556,runs/peerreview_20261003/semisynthetic/perm_shared_d1_rf1.0/perm062_metrics.json
semisynthetic.zip,semisynthetic/perm_shared_d1_rf1.0/perm063_done.json,1795,94636aa6ca222663d7d2cd0fcabd2131909d22bb320365b2e7eda67c647ebf38,scripts/31_semisynthetic.py,.venv/Scripts/python scripts/31_semisynthetic.py --perm --config shared_d1_rf1.0 --perm-index K --threads=3,3dfe2bc68aa49279b271a02a1f2404d134495556,runs/peerreview_20261003/semisynthetic/perm_shared_d1_rf1.0/perm063_done.json
semisynthetic.zip,semisynthetic/perm_shared_d1_rf1.0/perm063_history.csv,4226,7f043b239ea216794bb459e91ad8fe90ccdca2efc099731259d434a366e2ea8e,scripts/31_semisynthetic.py,.venv/Scripts/python scripts/31_semisynthetic.py --perm --config shared_d1_rf1.0 --perm-index K --threads=3,3dfe2bc68aa49279b271a02a1f2404d134495556,runs/peerreview_20261003/semisynthetic/perm_shared_d1_rf1.0/perm063_history.csv
semisynthetic.zip,semisynthetic/perm_shared_d1_rf1.0/perm063_latent_usage_per_dimension.csv,1482,b4bf105d6ceec27e975fa716645b124fd6c37739869705d01f0a728cd09c0e6e,scripts/31_semisynthetic.py,.venv/Scripts/python scripts/31_semisynthetic.py --perm --config shared_d1_rf1.0 --perm-index K --threads=3,3dfe2bc68aa49279b271a02a1f2404d134495556,runs/peerreview_20261003/semisynthetic/perm_shared_d1_rf1.0/perm063_latent_usage_per_dimension.csv
semisynthetic.zip,semisynthetic/perm_shared_d1_rf1.0/perm063_metrics.json,1795,94636aa6ca222663d7d2cd0fcabd2131909d22bb320365b2e7eda67c647ebf38,scripts/31_semisynthetic.py,.venv/Scripts/python scripts/31_semisynthetic.py --perm --config shared_d1_rf1.0 --perm-index K --threads=3,3dfe2bc68aa49279b271a02a1f2404d134495556,runs/peerreview_20261003/semisynthetic/perm_shared_d1_rf1.0/perm063_metrics.json
semisynthetic.zip,semisynthetic/perm_shared_d1_rf1.0/perm064_done.json,1795,ef41d3c6127dfe4fcce560d6acb50a854b01540f0bfa3a770224eec12b7d8eb7,scripts/31_semisynthetic.py,.venv/Scripts/python scripts/31_semisynthetic.py --perm --config shared_d1_rf1.0 --perm-index K --threads=3,3dfe2bc68aa49279b271a02a1f2404d134495556,runs/peerreview_20261003/semisynthetic/perm_shared_d1_rf1.0/perm064_done.json
semisynthetic.zip,semisynthetic/perm_shared_d1_rf1.0/perm064_history.csv,4234,1ba20d72946b7957a9964aa9df431c494c3bd9797e9332b227cb7abaaf3620e5,scripts/31_semisynthetic.py,.venv/Scripts/python scripts/31_semisynthetic.py --perm --config shared_d1_rf1.0 --perm-index K --threads=3,3dfe2bc68aa49279b271a02a1f2404d134495556,runs/peerreview_20261003/semisynthetic/perm_shared_d1_rf1.0/perm064_history.csv
semisynthetic.zip,semisynthetic/perm_shared_d1_rf1.0/perm064_latent_usage_per_dimension.csv,1473,350e16d725bfdfb59ba684e81e838316efaa05d2756388270ab02166935eb123,scripts/31_semisynthetic.py,.venv/Scripts/python scripts/31_semisynthetic.py --perm --config shared_d1_rf1.0 --perm-index K --threads=3,3dfe2bc68aa49279b271a02a1f2404d134495556,runs/peerreview_20261003/semisynthetic/perm_shared_d1_rf1.0/perm064_latent_usage_per_dimension.csv
semisynthetic.zip,semisynthetic/perm_shared_d1_rf1.0/perm064_metrics.json,1795,ef41d3c6127dfe4fcce560d6acb50a854b01540f0bfa3a770224eec12b7d8eb7,scripts/31_semisynthetic.py,.venv/Scripts/python scripts/31_semisynthetic.py --perm --config shared_d1_rf1.0 --perm-index K --threads=3,3dfe2bc68aa49279b271a02a1f2404d134495556,runs/peerreview_20261003/semisynthetic/perm_shared_d1_rf1.0/perm064_metrics.json
semisynthetic.zip,semisynthetic/perm_shared_d1_rf1.0/perm065_done.json,1796,a583b3cb4c909425c99e5f31daca42e9c5673fca6ecb63f970aa80a71e866bff,scripts/31_semisynthetic.py,.venv/Scripts/python scripts/31_semisynthetic.py --perm --config shared_d1_rf1.0 --perm-index K --threads=3,3dfe2bc68aa49279b271a02a1f2404d134495556,runs/peerreview_20261003/semisynthetic/perm_shared_d1_rf1.0/perm065_done.json
semisynthetic.zip,semisynthetic/perm_shared_d1_rf1.0/perm065_history.csv,4221,5045008f75ba660da280b03f344f64134c30f37a3a37583af0405d80c07b6bd2,scripts/31_semisynthetic.py,.venv/Scripts/python scripts/31_semisynthetic.py --perm --config shared_d1_rf1.0 --perm-index K --threads=3,3dfe2bc68aa49279b271a02a1f2404d134495556,runs/peerreview_20261003/semisynthetic/perm_shared_d1_rf1.0/perm065_history.csv
semisynthetic.zip,semisynthetic/perm_shared_d1_rf1.0/perm065_latent_usage_per_dimension.csv,1476,18ab86a10b1686f09b40c8cba69257fa390353a5a94ea4ba160af739564f186e,scripts/31_semisynthetic.py,.venv/Scripts/python scripts/31_semisynthetic.py --perm --config shared_d1_rf1.0 --perm-index K --threads=3,3dfe2bc68aa49279b271a02a1f2404d134495556,runs/peerreview_20261003/semisynthetic/perm_shared_d1_rf1.0/perm065_latent_usage_per_dimension.csv
semisynthetic.zip,semisynthetic/perm_shared_d1_rf1.0/perm065_metrics.json,1796,a583b3cb4c909425c99e5f31daca42e9c5673fca6ecb63f970aa80a71e866bff,scripts/31_semisynthetic.py,.venv/Scripts/python scripts/31_semisynthetic.py --perm --config shared_d1_rf1.0 --perm-index K --threads=3,3dfe2bc68aa49279b271a02a1f2404d134495556,runs/peerreview_20261003/semisynthetic/perm_shared_d1_rf1.0/perm065_metrics.json
semisynthetic.zip,semisynthetic/perm_shared_d1_rf1.0/perm066_done.json,1796,8bcdd4f0370ada52cb469a51eddafcfed5f91a1b88fdcaad6ad1caa38a74e6f5,scripts/31_semisynthetic.py,.venv/Scripts/python scripts/31_semisynthetic.py --perm --config shared_d1_rf1.0 --perm-index K --threads=3,3dfe2bc68aa49279b271a02a1f2404d134495556,runs/peerreview_20261003/semisynthetic/perm_shared_d1_rf1.0/perm066_done.json
semisynthetic.zip,semisynthetic/perm_shared_d1_rf1.0/perm066_history.csv,4231,98d3bd4de398cb9f3ae84983fa7b5acf9d10980c626628718a798d4f7a724f0d,scripts/31_semisynthetic.py,.venv/Scripts/python scripts/31_semisynthetic.py --perm --config shared_d1_rf1.0 --perm-index K --threads=3,3dfe2bc68aa49279b271a02a1f2404d134495556,runs/peerreview_20261003/semisynthetic/perm_shared_d1_rf1.0/perm066_history.csv
semisynthetic.zip,semisynthetic/perm_shared_d1_rf1.0/perm066_latent_usage_per_dimension.csv,1467,8c3cdb9047999ee279929d3326503bdf540f34fb76de4db46097efe37b9e7be9,scripts/31_semisynthetic.py,.venv/Scripts/python scripts/31_semisynthetic.py --perm --config shared_d1_rf1.0 --perm-index K --threads=3,3dfe2bc68aa49279b271a02a1f2404d134495556,runs/peerreview_20261003/semisynthetic/perm_shared_d1_rf1.0/perm066_latent_usage_per_dimension.csv
semisynthetic.zip,semisynthetic/perm_shared_d1_rf1.0/perm066_metrics.json,1796,8bcdd4f0370ada52cb469a51eddafcfed5f91a1b88fdcaad6ad1caa38a74e6f5,scripts/31_semisynthetic.py,.venv/Scripts/python scripts/31_semisynthetic.py --perm --config shared_d1_rf1.0 --perm-index K --threads=3,3dfe2bc68aa49279b271a02a1f2404d134495556,runs/peerreview_20261003/semisynthetic/perm_shared_d1_rf1.0/perm066_metrics.json
semisynthetic.zip,semisynthetic/perm_shared_d1_rf1.0/perm067_done.json,1785,e6edd912e827579fc2a3e5744afd1834e09351c2bffadfca04a118260aca1c2e,scripts/31_semisynthetic.py,.venv/Scripts/python scripts/31_semisynthetic.py --perm --config shared_d1_rf1.0 --perm-index K --threads=3,3dfe2bc68aa49279b271a02a1f2404d134495556,runs/peerreview_20261003/semisynthetic/perm_shared_d1_rf1.0/perm067_done.json
semisynthetic.zip,semisynthetic/perm_shared_d1_rf1.0/perm067_history.csv,4228,71f7419627604621b198276743cfe6c5f25cc8e7ddecfdb8088dd54e7d9ef551,scripts/31_semisynthetic.py,.venv/Scripts/python scripts/31_semisynthetic.py --perm --config shared_d1_rf1.0 --perm-index K --threads=3,3dfe2bc68aa49279b271a02a1f2404d134495556,runs/peerreview_20261003/semisynthetic/perm_shared_d1_rf1.0/perm067_history.csv
semisynthetic.zip,semisynthetic/perm_shared_d1_rf1.0/perm067_latent_usage_per_dimension.csv,1448,8f5fcef76862085bc45862890d6b8adb69bc8abbda5caaca5c9f618f2788dc48,scripts/31_semisynthetic.py,.venv/Scripts/python scripts/31_semisynthetic.py --perm --config shared_d1_rf1.0 --perm-index K --threads=3,3dfe2bc68aa49279b271a02a1f2404d134495556,runs/peerreview_20261003/semisynthetic/perm_shared_d1_rf1.0/perm067_latent_usage_per_dimension.csv
semisynthetic.zip,semisynthetic/perm_shared_d1_rf1.0/perm067_metrics.json,1785,e6edd912e827579fc2a3e5744afd1834e09351c2bffadfca04a118260aca1c2e,scripts/31_semisynthetic.py,.venv/Scripts/python scripts/31_semisynthetic.py --perm --config shared_d1_rf1.0 --perm-index K --threads=3,3dfe2bc68aa49279b271a02a1f2404d134495556,runs/peerreview_20261003/semisynthetic/perm_shared_d1_rf1.0/perm067_metrics.json
semisynthetic.zip,semisynthetic/perm_shared_d1_rf1.0/perm068_done.json,1791,0c3bc12c304ac4d3e9328c2ded73abff6befca03fa66f40f415f631435ce5c2f,scripts/31_semisynthetic.py,.venv/Scripts/python scripts/31_semisynthetic.py --perm --config shared_d1_rf1.0 --perm-index K --threads=3,3dfe2bc68aa49279b271a02a1f2404d134495556,runs/peerreview_20261003/semisynthetic/perm_shared_d1_rf1.0/perm068_done.json
semisynthetic.zip,semisynthetic/perm_shared_d1_rf1.0/perm068_history.csv,4220,74b6e07f3df4824fcda6ed36a90dd832cde6a305675c01ae248ef5c11e5efdaf,scripts/31_semisynthetic.py,.venv/Scripts/python scripts/31_semisynthetic.py --perm --config shared_d1_rf1.0 --perm-index K --threads=3,3dfe2bc68aa49279b271a02a1f2404d134495556,runs/peerreview_20261003/semisynthetic/perm_shared_d1_rf1.0/perm068_history.csv
semisynthetic.zip,semisynthetic/perm_shared_d1_rf1.0/perm068_latent_usage_per_dimension.csv,1470,1b67b24fde567c6779ee3126772c6878f7435f0a1efa5ae42ade0f2c3e1b2034,scripts/31_semisynthetic.py,.venv/Scripts/python scripts/31_semisynthetic.py --perm --config shared_d1_rf1.0 --perm-index K --threads=3,3dfe2bc68aa49279b271a02a1f2404d134495556,runs/peerreview_20261003/semisynthetic/perm_shared_d1_rf1.0/perm068_latent_usage_per_dimension.csv
semisynthetic.zip,semisynthetic/perm_shared_d1_rf1.0/perm068_metrics.json,1791,0c3bc12c304ac4d3e9328c2ded73abff6befca03fa66f40f415f631435ce5c2f,scripts/31_semisynthetic.py,.venv/Scripts/python scripts/31_semisynthetic.py --perm --config shared_d1_rf1.0 --perm-index K --threads=3,3dfe2bc68aa49279b271a02a1f2404d134495556,runs/peerreview_20261003/semisynthetic/perm_shared_d1_rf1.0/perm068_metrics.json
semisynthetic.zip,semisynthetic/perm_shared_d1_rf1.0/perm069_done.json,1793,2b252718d37e7068c36770fd219271b9d69fe637044ddf7525d429612fbeea95,scripts/31_semisynthetic.py,.venv/Scripts/python scripts/31_semisynthetic.py --perm --config shared_d1_rf1.0 --perm-index K --threads=3,3dfe2bc68aa49279b271a02a1f2404d134495556,runs/peerreview_20261003/semisynthetic/perm_shared_d1_rf1.0/perm069_done.json
semisynthetic.zip,semisynthetic/perm_shared_d1_rf1.0/perm069_history.csv,4233,10d871d3eac8877271456a66481d5d77f006cd8577bdd34336a96ffb7c6b239f,scripts/31_semisynthetic.py,.venv/Scripts/python scripts/31_semisynthetic.py --perm --config shared_d1_rf1.0 --perm-index K --threads=3,3dfe2bc68aa49279b271a02a1f2404d134495556,runs/peerreview_20261003/semisynthetic/perm_shared_d1_rf1.0/perm069_history.csv
semisynthetic.zip,semisynthetic/perm_shared_d1_rf1.0/perm069_latent_usage_per_dimension.csv,1478,75822b013d98fad24b89ab02fde5c4a4737c0ee91ae452b8102e8d51001a6477,scripts/31_semisynthetic.py,.venv/Scripts/python scripts/31_semisynthetic.py --perm --config shared_d1_rf1.0 --perm-index K --threads=3,3dfe2bc68aa49279b271a02a1f2404d134495556,runs/peerreview_20261003/semisynthetic/perm_shared_d1_rf1.0/perm069_latent_usage_per_dimension.csv
semisynthetic.zip,semisynthetic/perm_shared_d1_rf1.0/perm069_metrics.json,1793,2b252718d37e7068c36770fd219271b9d69fe637044ddf7525d429612fbeea95,scripts/31_semisynthetic.py,.venv/Scripts/python scripts/31_semisynthetic.py --perm --config shared_d1_rf1.0 --perm-index K --threads=3,3dfe2bc68aa49279b271a02a1f2404d134495556,runs/peerreview_20261003/semisynthetic/perm_shared_d1_rf1.0/perm069_metrics.json
semisynthetic.zip,semisynthetic/perm_shared_d1_rf1.0/perm070_done.json,1797,61bc6c8e450b0c631c7fa33832f3b62b6cb17b5963915c1cd7034897b99bba5d,scripts/31_semisynthetic.py,.venv/Scripts/python scripts/31_semisynthetic.py --perm --config shared_d1_rf1.0 --perm-index K --threads=3,3dfe2bc68aa49279b271a02a1f2404d134495556,runs/peerreview_20261003/semisynthetic/perm_shared_d1_rf1.0/perm070_done.json
semisynthetic.zip,semisynthetic/perm_shared_d1_rf1.0/perm070_history.csv,4224,c643414e2b11568d8a009c5c40810f427e9462c5e75a56b9a4536fa1ba023f6d,scripts/31_semisynthetic.py,.venv/Scripts/python scripts/31_semisynthetic.py --perm --config shared_d1_rf1.0 --perm-index K --threads=3,3dfe2bc68aa49279b271a02a1f2404d134495556,runs/peerreview_20261003/semisynthetic/perm_shared_d1_rf1.0/perm070_history.csv
semisynthetic.zip,semisynthetic/perm_shared_d1_rf1.0/perm070_latent_usage_per_dimension.csv,1475,821e4a5a24dc82677a11281577e48fb284c189f5f0fbd221be6fb882383dce01,scripts/31_semisynthetic.py,.venv/Scripts/python scripts/31_semisynthetic.py --perm --config shared_d1_rf1.0 --perm-index K --threads=3,3dfe2bc68aa49279b271a02a1f2404d134495556,runs/peerreview_20261003/semisynthetic/perm_shared_d1_rf1.0/perm070_latent_usage_per_dimension.csv
semisynthetic.zip,semisynthetic/perm_shared_d1_rf1.0/perm070_metrics.json,1797,61bc6c8e450b0c631c7fa33832f3b62b6cb17b5963915c1cd7034897b99bba5d,scripts/31_semisynthetic.py,.venv/Scripts/python scripts/31_semisynthetic.py --perm --config shared_d1_rf1.0 --perm-index K --threads=3,3dfe2bc68aa49279b271a02a1f2404d134495556,runs/peerreview_20261003/semisynthetic/perm_shared_d1_rf1.0/perm070_metrics.json
semisynthetic.zip,semisynthetic/perm_shared_d1_rf1.0/perm071_done.json,1796,58f4e8cfe3c5b7dffcbd713178ea80ee61942d2f064657e3d06d9776d015c3d9,scripts/31_semisynthetic.py,.venv/Scripts/python scripts/31_semisynthetic.py --perm --config shared_d1_rf1.0 --perm-index K --threads=3,3dfe2bc68aa49279b271a02a1f2404d134495556,runs/peerreview_20261003/semisynthetic/perm_shared_d1_rf1.0/perm071_done.json
semisynthetic.zip,semisynthetic/perm_shared_d1_rf1.0/perm071_history.csv,4227,b75f6170fc0ef76f519855b13baf4c3e19aa3300929edec102bae363de22e7c3,scripts/31_semisynthetic.py,.venv/Scripts/python scripts/31_semisynthetic.py --perm --config shared_d1_rf1.0 --perm-index K --threads=3,3dfe2bc68aa49279b271a02a1f2404d134495556,runs/peerreview_20261003/semisynthetic/perm_shared_d1_rf1.0/perm071_history.csv
semisynthetic.zip,semisynthetic/perm_shared_d1_rf1.0/perm071_latent_usage_per_dimension.csv,1475,4985ded02884da6aee9b64cab782a93ea7e7efc38ec62e68a7394d0498b11f06,scripts/31_semisynthetic.py,.venv/Scripts/python scripts/31_semisynthetic.py --perm --config shared_d1_rf1.0 --perm-index K --threads=3,3dfe2bc68aa49279b271a02a1f2404d134495556,runs/peerreview_20261003/semisynthetic/perm_shared_d1_rf1.0/perm071_latent_usage_per_dimension.csv
semisynthetic.zip,semisynthetic/perm_shared_d1_rf1.0/perm071_metrics.json,1796,58f4e8cfe3c5b7dffcbd713178ea80ee61942d2f064657e3d06d9776d015c3d9,scripts/31_semisynthetic.py,.venv/Scripts/python scripts/31_semisynthetic.py --perm --config shared_d1_rf1.0 --perm-index K --threads=3,3dfe2bc68aa49279b271a02a1f2404d134495556,runs/peerreview_20261003/semisynthetic/perm_shared_d1_rf1.0/perm071_metrics.json
semisynthetic.zip,semisynthetic/perm_shared_d1_rf1.0/perm072_done.json,1799,68e077a2e5df4578d2f16a6020cb75bc828aa54987a55343a07523983a449831,scripts/31_semisynthetic.py,.venv/Scripts/python scripts/31_semisynthetic.py --perm --config shared_d1_rf1.0 --perm-index K --threads=3,3dfe2bc68aa49279b271a02a1f2404d134495556,runs/peerreview_20261003/semisynthetic/perm_shared_d1_rf1.0/perm072_done.json
semisynthetic.zip,semisynthetic/perm_shared_d1_rf1.0/perm072_history.csv,4237,239067e6acbda90f4fcdbbe548d1843ff398d2b8d98c5105354542e8a89d9a39,scripts/31_semisynthetic.py,.venv/Scripts/python scripts/31_semisynthetic.py --perm --config shared_d1_rf1.0 --perm-index K --threads=3,3dfe2bc68aa49279b271a02a1f2404d134495556,runs/peerreview_20261003/semisynthetic/perm_shared_d1_rf1.0/perm072_history.csv
semisynthetic.zip,semisynthetic/perm_shared_d1_rf1.0/perm072_latent_usage_per_dimension.csv,1477,71f273a8ad20f996bb3e7ded7e8b5e6c1320249a3f23f51c75c0d8ff4709ac0b,scripts/31_semisynthetic.py,.venv/Scripts/python scripts/31_semisynthetic.py --perm --config shared_d1_rf1.0 --perm-index K --threads=3,3dfe2bc68aa49279b271a02a1f2404d134495556,runs/peerreview_20261003/semisynthetic/perm_shared_d1_rf1.0/perm072_latent_usage_per_dimension.csv
semisynthetic.zip,semisynthetic/perm_shared_d1_rf1.0/perm072_metrics.json,1799,68e077a2e5df4578d2f16a6020cb75bc828aa54987a55343a07523983a449831,scripts/31_semisynthetic.py,.venv/Scripts/python scripts/31_semisynthetic.py --perm --config shared_d1_rf1.0 --perm-index K --threads=3,3dfe2bc68aa49279b271a02a1f2404d134495556,runs/peerreview_20261003/semisynthetic/perm_shared_d1_rf1.0/perm072_metrics.json
semisynthetic.zip,semisynthetic/perm_shared_d1_rf1.0/perm073_done.json,1796,d61ff0cff364852302b4020859aa2056c992cab3ba532073167173ac0b754f4a,scripts/31_semisynthetic.py,.venv/Scripts/python scripts/31_semisynthetic.py --perm --config shared_d1_rf1.0 --perm-index K --threads=3,3dfe2bc68aa49279b271a02a1f2404d134495556,runs/peerreview_20261003/semisynthetic/perm_shared_d1_rf1.0/perm073_done.json
semisynthetic.zip,semisynthetic/perm_shared_d1_rf1.0/perm073_history.csv,4220,13c39a518d98e8ed3e406591502054da59f318b818d04a80000e340f5ac89ee1,scripts/31_semisynthetic.py,.venv/Scripts/python scripts/31_semisynthetic.py --perm --config shared_d1_rf1.0 --perm-index K --threads=3,3dfe2bc68aa49279b271a02a1f2404d134495556,runs/peerreview_20261003/semisynthetic/perm_shared_d1_rf1.0/perm073_history.csv
semisynthetic.zip,semisynthetic/perm_shared_d1_rf1.0/perm073_latent_usage_per_dimension.csv,1472,d624582aa26f5a67546727cecb7a8e100fd540705083366b97fcd385c7332376,scripts/31_semisynthetic.py,.venv/Scripts/python scripts/31_semisynthetic.py --perm --config shared_d1_rf1.0 --perm-index K --threads=3,3dfe2bc68aa49279b271a02a1f2404d134495556,runs/peerreview_20261003/semisynthetic/perm_shared_d1_rf1.0/perm073_latent_usage_per_dimension.csv
semisynthetic.zip,semisynthetic/perm_shared_d1_rf1.0/perm073_metrics.json,1796,d61ff0cff364852302b4020859aa2056c992cab3ba532073167173ac0b754f4a,scripts/31_semisynthetic.py,.venv/Scripts/python scripts/31_semisynthetic.py --perm --config shared_d1_rf1.0 --perm-index K --threads=3,3dfe2bc68aa49279b271a02a1f2404d134495556,runs/peerreview_20261003/semisynthetic/perm_shared_d1_rf1.0/perm073_metrics.json
semisynthetic.zip,semisynthetic/perm_shared_d1_rf1.0/perm074_done.json,1802,a26daa0052a29d2f9d9f7271037973ddd56afc8b462337ba9fa26a6ee814263c,scripts/31_semisynthetic.py,.venv/Scripts/python scripts/31_semisynthetic.py --perm --config shared_d1_rf1.0 --perm-index K --threads=3,3dfe2bc68aa49279b271a02a1f2404d134495556,runs/peerreview_20261003/semisynthetic/perm_shared_d1_rf1.0/perm074_done.json
semisynthetic.zip,semisynthetic/perm_shared_d1_rf1.0/perm074_history.csv,4238,14cc5033238b1f3a0d28156b8221708e270513d40e6dc0259ae11bca3375460e,scripts/31_semisynthetic.py,.venv/Scripts/python scripts/31_semisynthetic.py --perm --config shared_d1_rf1.0 --perm-index K --threads=3,3dfe2bc68aa49279b271a02a1f2404d134495556,runs/peerreview_20261003/semisynthetic/perm_shared_d1_rf1.0/perm074_history.csv
semisynthetic.zip,semisynthetic/perm_shared_d1_rf1.0/perm074_latent_usage_per_dimension.csv,1485,05094a6373e3b13bcc2328511fc377809d92ccfcfeafd3fbdaf8f485ab7774ba,scripts/31_semisynthetic.py,.venv/Scripts/python scripts/31_semisynthetic.py --perm --config shared_d1_rf1.0 --perm-index K --threads=3,3dfe2bc68aa49279b271a02a1f2404d134495556,runs/peerreview_20261003/semisynthetic/perm_shared_d1_rf1.0/perm074_latent_usage_per_dimension.csv
semisynthetic.zip,semisynthetic/perm_shared_d1_rf1.0/perm074_metrics.json,1802,a26daa0052a29d2f9d9f7271037973ddd56afc8b462337ba9fa26a6ee814263c,scripts/31_semisynthetic.py,.venv/Scripts/python scripts/31_semisynthetic.py --perm --config shared_d1_rf1.0 --perm-index K --threads=3,3dfe2bc68aa49279b271a02a1f2404d134495556,runs/peerreview_20261003/semisynthetic/perm_shared_d1_rf1.0/perm074_metrics.json
semisynthetic.zip,semisynthetic/perm_shared_d1_rf1.0/perm075_done.json,1798,e865aaa7a67e53b4b816803121258f14aa24403bd6ddb536ece7d6098c8eef1f,scripts/31_semisynthetic.py,.venv/Scripts/python scripts/31_semisynthetic.py --perm --config shared_d1_rf1.0 --perm-index K --threads=3,3dfe2bc68aa49279b271a02a1f2404d134495556,runs/peerreview_20261003/semisynthetic/perm_shared_d1_rf1.0/perm075_done.json
semisynthetic.zip,semisynthetic/perm_shared_d1_rf1.0/perm075_history.csv,4228,c4d393d85c7554683bf6d7f7dc213819d6ec5b01f679d45d02e507e3a3064f3b,scripts/31_semisynthetic.py,.venv/Scripts/python scripts/31_semisynthetic.py --perm --config shared_d1_rf1.0 --perm-index K --threads=3,3dfe2bc68aa49279b271a02a1f2404d134495556,runs/peerreview_20261003/semisynthetic/perm_shared_d1_rf1.0/perm075_history.csv
semisynthetic.zip,semisynthetic/perm_shared_d1_rf1.0/perm075_latent_usage_per_dimension.csv,1475,6f437584ac4812e53b5c31ff8e8c119c6e5c64ec6d860809bffe882869fdb8cd,scripts/31_semisynthetic.py,.venv/Scripts/python scripts/31_semisynthetic.py --perm --config shared_d1_rf1.0 --perm-index K --threads=3,3dfe2bc68aa49279b271a02a1f2404d134495556,runs/peerreview_20261003/semisynthetic/perm_shared_d1_rf1.0/perm075_latent_usage_per_dimension.csv
semisynthetic.zip,semisynthetic/perm_shared_d1_rf1.0/perm075_metrics.json,1798,e865aaa7a67e53b4b816803121258f14aa24403bd6ddb536ece7d6098c8eef1f,scripts/31_semisynthetic.py,.venv/Scripts/python scripts/31_semisynthetic.py --perm --config shared_d1_rf1.0 --perm-index K --threads=3,3dfe2bc68aa49279b271a02a1f2404d134495556,runs/peerreview_20261003/semisynthetic/perm_shared_d1_rf1.0/perm075_metrics.json
semisynthetic.zip,semisynthetic/perm_shared_d1_rf1.0/perm076_done.json,1796,e305cd1e7e777caf343c3d1cfb0eac681a712091b73f4fb4cd9af6f559046c03,scripts/31_semisynthetic.py,.venv/Scripts/python scripts/31_semisynthetic.py --perm --config shared_d1_rf1.0 --perm-index K --threads=3,3dfe2bc68aa49279b271a02a1f2404d134495556,runs/peerreview_20261003/semisynthetic/perm_shared_d1_rf1.0/perm076_done.json
semisynthetic.zip,semisynthetic/perm_shared_d1_rf1.0/perm076_history.csv,4230,ed1c8535a2daa030f2207e9951e69814305172c6ea17fe9ac0bb27b97ab8deb7,scripts/31_semisynthetic.py,.venv/Scripts/python scripts/31_semisynthetic.py --perm --config shared_d1_rf1.0 --perm-index K --threads=3,3dfe2bc68aa49279b271a02a1f2404d134495556,runs/peerreview_20261003/semisynthetic/perm_shared_d1_rf1.0/perm076_history.csv
semisynthetic.zip,semisynthetic/perm_shared_d1_rf1.0/perm076_latent_usage_per_dimension.csv,1484,b1206d1fa78ad156fbc74d5092859b35062d22625b2910827b2c7a1eca2cf2d3,scripts/31_semisynthetic.py,.venv/Scripts/python scripts/31_semisynthetic.py --perm --config shared_d1_rf1.0 --perm-index K --threads=3,3dfe2bc68aa49279b271a02a1f2404d134495556,runs/peerreview_20261003/semisynthetic/perm_shared_d1_rf1.0/perm076_latent_usage_per_dimension.csv
semisynthetic.zip,semisynthetic/perm_shared_d1_rf1.0/perm076_metrics.json,1796,e305cd1e7e777caf343c3d1cfb0eac681a712091b73f4fb4cd9af6f559046c03,scripts/31_semisynthetic.py,.venv/Scripts/python scripts/31_semisynthetic.py --perm --config shared_d1_rf1.0 --perm-index K --threads=3,3dfe2bc68aa49279b271a02a1f2404d134495556,runs/peerreview_20261003/semisynthetic/perm_shared_d1_rf1.0/perm076_metrics.json
semisynthetic.zip,semisynthetic/perm_shared_d1_rf1.0/perm077_done.json,1799,8f7ce0337067a3055c67132683fc26d7782bc0b2e633bdc7a40fdd2b2db0b8be,scripts/31_semisynthetic.py,.venv/Scripts/python scripts/31_semisynthetic.py --perm --config shared_d1_rf1.0 --perm-index K --threads=3,3dfe2bc68aa49279b271a02a1f2404d134495556,runs/peerreview_20261003/semisynthetic/perm_shared_d1_rf1.0/perm077_done.json
semisynthetic.zip,semisynthetic/perm_shared_d1_rf1.0/perm077_history.csv,4238,7b73040b811981228522413b777642a86b86609d165af08da6472a737e7d0fa0,scripts/31_semisynthetic.py,.venv/Scripts/python scripts/31_semisynthetic.py --perm --config shared_d1_rf1.0 --perm-index K --threads=3,3dfe2bc68aa49279b271a02a1f2404d134495556,runs/peerreview_20261003/semisynthetic/perm_shared_d1_rf1.0/perm077_history.csv
semisynthetic.zip,semisynthetic/perm_shared_d1_rf1.0/perm077_latent_usage_per_dimension.csv,1480,3a99ffad4990d93d4b0cdfc50ac179e46481b26f3102a9d3895b609df47c10e1,scripts/31_semisynthetic.py,.venv/Scripts/python scripts/31_semisynthetic.py --perm --config shared_d1_rf1.0 --perm-index K --threads=3,3dfe2bc68aa49279b271a02a1f2404d134495556,runs/peerreview_20261003/semisynthetic/perm_shared_d1_rf1.0/perm077_latent_usage_per_dimension.csv
semisynthetic.zip,semisynthetic/perm_shared_d1_rf1.0/perm077_metrics.json,1799,8f7ce0337067a3055c67132683fc26d7782bc0b2e633bdc7a40fdd2b2db0b8be,scripts/31_semisynthetic.py,.venv/Scripts/python scripts/31_semisynthetic.py --perm --config shared_d1_rf1.0 --perm-index K --threads=3,3dfe2bc68aa49279b271a02a1f2404d134495556,runs/peerreview_20261003/semisynthetic/perm_shared_d1_rf1.0/perm077_metrics.json
semisynthetic.zip,semisynthetic/perm_shared_d1_rf1.0/perm078_done.json,1789,36e22010adc267fb49b041e845503871bbe561ccc7b419f5ac3ba19abd6471a6,scripts/31_semisynthetic.py,.venv/Scripts/python scripts/31_semisynthetic.py --perm --config shared_d1_rf1.0 --perm-index K --threads=3,3dfe2bc68aa49279b271a02a1f2404d134495556,runs/peerreview_20261003/semisynthetic/perm_shared_d1_rf1.0/perm078_done.json
semisynthetic.zip,semisynthetic/perm_shared_d1_rf1.0/perm078_history.csv,4225,acdd6e34f15e9cbca695261442887d5463644d35a8ea3db083140ff87e96450e,scripts/31_semisynthetic.py,.venv/Scripts/python scripts/31_semisynthetic.py --perm --config shared_d1_rf1.0 --perm-index K --threads=3,3dfe2bc68aa49279b271a02a1f2404d134495556,runs/peerreview_20261003/semisynthetic/perm_shared_d1_rf1.0/perm078_history.csv
semisynthetic.zip,semisynthetic/perm_shared_d1_rf1.0/perm078_latent_usage_per_dimension.csv,1469,ae49a159849f2417ec124ab8c4fc1c4a009df2fdcf02756088c9ef8728de4a1a,scripts/31_semisynthetic.py,.venv/Scripts/python scripts/31_semisynthetic.py --perm --config shared_d1_rf1.0 --perm-index K --threads=3,3dfe2bc68aa49279b271a02a1f2404d134495556,runs/peerreview_20261003/semisynthetic/perm_shared_d1_rf1.0/perm078_latent_usage_per_dimension.csv
semisynthetic.zip,semisynthetic/perm_shared_d1_rf1.0/perm078_metrics.json,1789,36e22010adc267fb49b041e845503871bbe561ccc7b419f5ac3ba19abd6471a6,scripts/31_semisynthetic.py,.venv/Scripts/python scripts/31_semisynthetic.py --perm --config shared_d1_rf1.0 --perm-index K --threads=3,3dfe2bc68aa49279b271a02a1f2404d134495556,runs/peerreview_20261003/semisynthetic/perm_shared_d1_rf1.0/perm078_metrics.json
semisynthetic.zip,semisynthetic/perm_shared_d1_rf1.0/perm079_done.json,1798,eb7989185adfbfb1ff33d2a4fc3c60e68828824d1cef1b4916fbe186c37daec8,scripts/31_semisynthetic.py,.venv/Scripts/python scripts/31_semisynthetic.py --perm --config shared_d1_rf1.0 --perm-index K --threads=3,3dfe2bc68aa49279b271a02a1f2404d134495556,runs/peerreview_20261003/semisynthetic/perm_shared_d1_rf1.0/perm079_done.json
semisynthetic.zip,semisynthetic/perm_shared_d1_rf1.0/perm079_history.csv,4205,0c2b97124b1e663720d24313d92b466d20e1c94d1095af5425e645a8ece952ad,scripts/31_semisynthetic.py,.venv/Scripts/python scripts/31_semisynthetic.py --perm --config shared_d1_rf1.0 --perm-index K --threads=3,3dfe2bc68aa49279b271a02a1f2404d134495556,runs/peerreview_20261003/semisynthetic/perm_shared_d1_rf1.0/perm079_history.csv
semisynthetic.zip,semisynthetic/perm_shared_d1_rf1.0/perm079_latent_usage_per_dimension.csv,1472,6734defc3e4a0e4deed240152d368d12fe614dd905216bb102d4027bb9832519,scripts/31_semisynthetic.py,.venv/Scripts/python scripts/31_semisynthetic.py --perm --config shared_d1_rf1.0 --perm-index K --threads=3,3dfe2bc68aa49279b271a02a1f2404d134495556,runs/peerreview_20261003/semisynthetic/perm_shared_d1_rf1.0/perm079_latent_usage_per_dimension.csv
semisynthetic.zip,semisynthetic/perm_shared_d1_rf1.0/perm079_metrics.json,1798,eb7989185adfbfb1ff33d2a4fc3c60e68828824d1cef1b4916fbe186c37daec8,scripts/31_semisynthetic.py,.venv/Scripts/python scripts/31_semisynthetic.py --perm --config shared_d1_rf1.0 --perm-index K --threads=3,3dfe2bc68aa49279b271a02a1f2404d134495556,runs/peerreview_20261003/semisynthetic/perm_shared_d1_rf1.0/perm079_metrics.json
semisynthetic.zip,semisynthetic/perm_shared_d1_rf1.0/perm080_done.json,1795,26f4cb8bffe574fb7563b85a833d801461b2c4bec1c50a2bc4c432faaa00a272,scripts/31_semisynthetic.py,.venv/Scripts/python scripts/31_semisynthetic.py --perm --config shared_d1_rf1.0 --perm-index K --threads=3,3dfe2bc68aa49279b271a02a1f2404d134495556,runs/peerreview_20261003/semisynthetic/perm_shared_d1_rf1.0/perm080_done.json
semisynthetic.zip,semisynthetic/perm_shared_d1_rf1.0/perm080_history.csv,4234,16d2ece5670e0f3da5520effa18491ebb833e7849f405d138898ac5df9ac6bde,scripts/31_semisynthetic.py,.venv/Scripts/python scripts/31_semisynthetic.py --perm --config shared_d1_rf1.0 --perm-index K --threads=3,3dfe2bc68aa49279b271a02a1f2404d134495556,runs/peerreview_20261003/semisynthetic/perm_shared_d1_rf1.0/perm080_history.csv
semisynthetic.zip,semisynthetic/perm_shared_d1_rf1.0/perm080_latent_usage_per_dimension.csv,1470,b0c2a7558398643360d5efb2c2b9e6188fb263692923ffe1fc363ae6ea20d9e3,scripts/31_semisynthetic.py,.venv/Scripts/python scripts/31_semisynthetic.py --perm --config shared_d1_rf1.0 --perm-index K --threads=3,3dfe2bc68aa49279b271a02a1f2404d134495556,runs/peerreview_20261003/semisynthetic/perm_shared_d1_rf1.0/perm080_latent_usage_per_dimension.csv
semisynthetic.zip,semisynthetic/perm_shared_d1_rf1.0/perm080_metrics.json,1795,26f4cb8bffe574fb7563b85a833d801461b2c4bec1c50a2bc4c432faaa00a272,scripts/31_semisynthetic.py,.venv/Scripts/python scripts/31_semisynthetic.py --perm --config shared_d1_rf1.0 --perm-index K --threads=3,3dfe2bc68aa49279b271a02a1f2404d134495556,runs/peerreview_20261003/semisynthetic/perm_shared_d1_rf1.0/perm080_metrics.json
semisynthetic.zip,semisynthetic/perm_shared_d1_rf1.0/perm081_done.json,1790,a4f390f75580188e9034342e72453645e71b4d20454f72179fce582170408bb3,scripts/31_semisynthetic.py,.venv/Scripts/python scripts/31_semisynthetic.py --perm --config shared_d1_rf1.0 --perm-index K --threads=3,3dfe2bc68aa49279b271a02a1f2404d134495556,runs/peerreview_20261003/semisynthetic/perm_shared_d1_rf1.0/perm081_done.json
semisynthetic.zip,semisynthetic/perm_shared_d1_rf1.0/perm081_history.csv,4231,3cc9752bd35590d9086bd2c799121f95e67b7afa15c0e2a34a2821735149418d,scripts/31_semisynthetic.py,.venv/Scripts/python scripts/31_semisynthetic.py --perm --config shared_d1_rf1.0 --perm-index K --threads=3,3dfe2bc68aa49279b271a02a1f2404d134495556,runs/peerreview_20261003/semisynthetic/perm_shared_d1_rf1.0/perm081_history.csv
semisynthetic.zip,semisynthetic/perm_shared_d1_rf1.0/perm081_latent_usage_per_dimension.csv,1466,631d2f81a617c18b46eb9a6b0aad24e474b3164ecb611319bac2174161deee4b,scripts/31_semisynthetic.py,.venv/Scripts/python scripts/31_semisynthetic.py --perm --config shared_d1_rf1.0 --perm-index K --threads=3,3dfe2bc68aa49279b271a02a1f2404d134495556,runs/peerreview_20261003/semisynthetic/perm_shared_d1_rf1.0/perm081_latent_usage_per_dimension.csv
semisynthetic.zip,semisynthetic/perm_shared_d1_rf1.0/perm081_metrics.json,1790,a4f390f75580188e9034342e72453645e71b4d20454f72179fce582170408bb3,scripts/31_semisynthetic.py,.venv/Scripts/python scripts/31_semisynthetic.py --perm --config shared_d1_rf1.0 --perm-index K --threads=3,3dfe2bc68aa49279b271a02a1f2404d134495556,runs/peerreview_20261003/semisynthetic/perm_shared_d1_rf1.0/perm081_metrics.json
semisynthetic.zip,semisynthetic/perm_shared_d1_rf1.0/perm082_done.json,1788,dff2219799ae5bb4ae90d06ff84f2e979c52f7377acce599019812cc70ea9f23,scripts/31_semisynthetic.py,.venv/Scripts/python scripts/31_semisynthetic.py --perm --config shared_d1_rf1.0 --perm-index K --threads=3,3dfe2bc68aa49279b271a02a1f2404d134495556,runs/peerreview_20261003/semisynthetic/perm_shared_d1_rf1.0/perm082_done.json
semisynthetic.zip,semisynthetic/perm_shared_d1_rf1.0/perm082_history.csv,4229,aa4f8df629df521b83a9ff25da877f486e41849c74253483b61e8ed10a3c78d6,scripts/31_semisynthetic.py,.venv/Scripts/python scripts/31_semisynthetic.py --perm --config shared_d1_rf1.0 --perm-index K --threads=3,3dfe2bc68aa49279b271a02a1f2404d134495556,runs/peerreview_20261003/semisynthetic/perm_shared_d1_rf1.0/perm082_history.csv
semisynthetic.zip,semisynthetic/perm_shared_d1_rf1.0/perm082_latent_usage_per_dimension.csv,1456,a138864ea1f3bf54ab707df7a70b8533db2811bc5bfef3108b8f01e6b2b7af3d,scripts/31_semisynthetic.py,.venv/Scripts/python scripts/31_semisynthetic.py --perm --config shared_d1_rf1.0 --perm-index K --threads=3,3dfe2bc68aa49279b271a02a1f2404d134495556,runs/peerreview_20261003/semisynthetic/perm_shared_d1_rf1.0/perm082_latent_usage_per_dimension.csv
semisynthetic.zip,semisynthetic/perm_shared_d1_rf1.0/perm082_metrics.json,1788,dff2219799ae5bb4ae90d06ff84f2e979c52f7377acce599019812cc70ea9f23,scripts/31_semisynthetic.py,.venv/Scripts/python scripts/31_semisynthetic.py --perm --config shared_d1_rf1.0 --perm-index K --threads=3,3dfe2bc68aa49279b271a02a1f2404d134495556,runs/peerreview_20261003/semisynthetic/perm_shared_d1_rf1.0/perm082_metrics.json
semisynthetic.zip,semisynthetic/perm_shared_d1_rf1.0/perm083_done.json,1793,03f442ff32e93e8632a42b158041501e45848f29822c4a9ff61e2e9f0333c99a,scripts/31_semisynthetic.py,.venv/Scripts/python scripts/31_semisynthetic.py --perm --config shared_d1_rf1.0 --perm-index K --threads=3,3dfe2bc68aa49279b271a02a1f2404d134495556,runs/peerreview_20261003/semisynthetic/perm_shared_d1_rf1.0/perm083_done.json
semisynthetic.zip,semisynthetic/perm_shared_d1_rf1.0/perm083_history.csv,4224,085a639f78d0a0f9160d30bd80335d29944cceb1d26f2c61bbbb2a31234561a0,scripts/31_semisynthetic.py,.venv/Scripts/python scripts/31_semisynthetic.py --perm --config shared_d1_rf1.0 --perm-index K --threads=3,3dfe2bc68aa49279b271a02a1f2404d134495556,runs/peerreview_20261003/semisynthetic/perm_shared_d1_rf1.0/perm083_history.csv
semisynthetic.zip,semisynthetic/perm_shared_d1_rf1.0/perm083_latent_usage_per_dimension.csv,1471,831aaecd9a154615d4583cd242b3e7bc4bd3a6fde2fedc4db9d2fcec613fcfde,scripts/31_semisynthetic.py,.venv/Scripts/python scripts/31_semisynthetic.py --perm --config shared_d1_rf1.0 --perm-index K --threads=3,3dfe2bc68aa49279b271a02a1f2404d134495556,runs/peerreview_20261003/semisynthetic/perm_shared_d1_rf1.0/perm083_latent_usage_per_dimension.csv
semisynthetic.zip,semisynthetic/perm_shared_d1_rf1.0/perm083_metrics.json,1793,03f442ff32e93e8632a42b158041501e45848f29822c4a9ff61e2e9f0333c99a,scripts/31_semisynthetic.py,.venv/Scripts/python scripts/31_semisynthetic.py --perm --config shared_d1_rf1.0 --perm-index K --threads=3,3dfe2bc68aa49279b271a02a1f2404d134495556,runs/peerreview_20261003/semisynthetic/perm_shared_d1_rf1.0/perm083_metrics.json
semisynthetic.zip,semisynthetic/perm_shared_d1_rf1.0/perm084_done.json,1797,112ac29dc46f139d9c2b17ea189bf6da148edf60fcf5efbb5127842cc595ef01,scripts/31_semisynthetic.py,.venv/Scripts/python scripts/31_semisynthetic.py --perm --config shared_d1_rf1.0 --perm-index K --threads=3,3dfe2bc68aa49279b271a02a1f2404d134495556,runs/peerreview_20261003/semisynthetic/perm_shared_d1_rf1.0/perm084_done.json
semisynthetic.zip,semisynthetic/perm_shared_d1_rf1.0/perm084_history.csv,4239,23867cc425c3cb8164b6b1a6a35b5afb5e3ec6e18c4df2693e8ad6bbe3574849,scripts/31_semisynthetic.py,.venv/Scripts/python scripts/31_semisynthetic.py --perm --config shared_d1_rf1.0 --perm-index K --threads=3,3dfe2bc68aa49279b271a02a1f2404d134495556,runs/peerreview_20261003/semisynthetic/perm_shared_d1_rf1.0/perm084_history.csv
semisynthetic.zip,semisynthetic/perm_shared_d1_rf1.0/perm084_latent_usage_per_dimension.csv,1467,34d897b24a27d0d7dedd87ad58fa2f9a88d0a3fa5c440a8e81791e4552e70946,scripts/31_semisynthetic.py,.venv/Scripts/python scripts/31_semisynthetic.py --perm --config shared_d1_rf1.0 --perm-index K --threads=3,3dfe2bc68aa49279b271a02a1f2404d134495556,runs/peerreview_20261003/semisynthetic/perm_shared_d1_rf1.0/perm084_latent_usage_per_dimension.csv
semisynthetic.zip,semisynthetic/perm_shared_d1_rf1.0/perm084_metrics.json,1797,112ac29dc46f139d9c2b17ea189bf6da148edf60fcf5efbb5127842cc595ef01,scripts/31_semisynthetic.py,.venv/Scripts/python scripts/31_semisynthetic.py --perm --config shared_d1_rf1.0 --perm-index K --threads=3,3dfe2bc68aa49279b271a02a1f2404d134495556,runs/peerreview_20261003/semisynthetic/perm_shared_d1_rf1.0/perm084_metrics.json
semisynthetic.zip,semisynthetic/perm_shared_d1_rf1.0/perm085_done.json,1795,5e251a07b1499d94e8d008ae242164181d61f2726bfa6529172ad4b787973471,scripts/31_semisynthetic.py,.venv/Scripts/python scripts/31_semisynthetic.py --perm --config shared_d1_rf1.0 --perm-index K --threads=3,3dfe2bc68aa49279b271a02a1f2404d134495556,runs/peerreview_20261003/semisynthetic/perm_shared_d1_rf1.0/perm085_done.json
semisynthetic.zip,semisynthetic/perm_shared_d1_rf1.0/perm085_history.csv,4235,5fac93b48e920932c008fa57668fe57dc635f0c88da3b5190bfad6b2214b9f9b,scripts/31_semisynthetic.py,.venv/Scripts/python scripts/31_semisynthetic.py --perm --config shared_d1_rf1.0 --perm-index K --threads=3,3dfe2bc68aa49279b271a02a1f2404d134495556,runs/peerreview_20261003/semisynthetic/perm_shared_d1_rf1.0/perm085_history.csv
semisynthetic.zip,semisynthetic/perm_shared_d1_rf1.0/perm085_latent_usage_per_dimension.csv,1473,e91d322f8382bc5ec5510436d6552225ac251222da590f2191146b543fb44180,scripts/31_semisynthetic.py,.venv/Scripts/python scripts/31_semisynthetic.py --perm --config shared_d1_rf1.0 --perm-index K --threads=3,3dfe2bc68aa49279b271a02a1f2404d134495556,runs/peerreview_20261003/semisynthetic/perm_shared_d1_rf1.0/perm085_latent_usage_per_dimension.csv
semisynthetic.zip,semisynthetic/perm_shared_d1_rf1.0/perm085_metrics.json,1795,5e251a07b1499d94e8d008ae242164181d61f2726bfa6529172ad4b787973471,scripts/31_semisynthetic.py,.venv/Scripts/python scripts/31_semisynthetic.py --perm --config shared_d1_rf1.0 --perm-index K --threads=3,3dfe2bc68aa49279b271a02a1f2404d134495556,runs/peerreview_20261003/semisynthetic/perm_shared_d1_rf1.0/perm085_metrics.json
semisynthetic.zip,semisynthetic/perm_shared_d1_rf1.0/perm086_done.json,1798,58e441b2bba88f47aa00b42c133d1607e83076eaf4742868042d16fd2c3498bb,scripts/31_semisynthetic.py,.venv/Scripts/python scripts/31_semisynthetic.py --perm --config shared_d1_rf1.0 --perm-index K --threads=3,3dfe2bc68aa49279b271a02a1f2404d134495556,runs/peerreview_20261003/semisynthetic/perm_shared_d1_rf1.0/perm086_done.json
semisynthetic.zip,semisynthetic/perm_shared_d1_rf1.0/perm086_history.csv,4221,d3ead23d3d58ccb6d9e598dc81a8de4709edaec1c7ff546f8f3f86e2d4c34bb4,scripts/31_semisynthetic.py,.venv/Scripts/python scripts/31_semisynthetic.py --perm --config shared_d1_rf1.0 --perm-index K --threads=3,3dfe2bc68aa49279b271a02a1f2404d134495556,runs/peerreview_20261003/semisynthetic/perm_shared_d1_rf1.0/perm086_history.csv
semisynthetic.zip,semisynthetic/perm_shared_d1_rf1.0/perm086_latent_usage_per_dimension.csv,1475,173a40030a1ff6081d4ed519886c8dc451fc1391c35261c80d40c4b78d4a6853,scripts/31_semisynthetic.py,.venv/Scripts/python scripts/31_semisynthetic.py --perm --config shared_d1_rf1.0 --perm-index K --threads=3,3dfe2bc68aa49279b271a02a1f2404d134495556,runs/peerreview_20261003/semisynthetic/perm_shared_d1_rf1.0/perm086_latent_usage_per_dimension.csv
semisynthetic.zip,semisynthetic/perm_shared_d1_rf1.0/perm086_metrics.json,1798,58e441b2bba88f47aa00b42c133d1607e83076eaf4742868042d16fd2c3498bb,scripts/31_semisynthetic.py,.venv/Scripts/python scripts/31_semisynthetic.py --perm --config shared_d1_rf1.0 --perm-index K --threads=3,3dfe2bc68aa49279b271a02a1f2404d134495556,runs/peerreview_20261003/semisynthetic/perm_shared_d1_rf1.0/perm086_metrics.json
semisynthetic.zip,semisynthetic/perm_shared_d1_rf1.0/perm087_done.json,1791,a6200a05137a2f7e94bc43238f52bc78fc8abe3b0386e186f90a64cb57956615,scripts/31_semisynthetic.py,.venv/Scripts/python scripts/31_semisynthetic.py --perm --config shared_d1_rf1.0 --perm-index K --threads=3,3dfe2bc68aa49279b271a02a1f2404d134495556,runs/peerreview_20261003/semisynthetic/perm_shared_d1_rf1.0/perm087_done.json
semisynthetic.zip,semisynthetic/perm_shared_d1_rf1.0/perm087_history.csv,4232,ed454a9f0aa5e9d00ad104e8c6149f17c8568c397234439b056c3482c4922ec0,scripts/31_semisynthetic.py,.venv/Scripts/python scripts/31_semisynthetic.py --perm --config shared_d1_rf1.0 --perm-index K --threads=3,3dfe2bc68aa49279b271a02a1f2404d134495556,runs/peerreview_20261003/semisynthetic/perm_shared_d1_rf1.0/perm087_history.csv
semisynthetic.zip,semisynthetic/perm_shared_d1_rf1.0/perm087_latent_usage_per_dimension.csv,1462,5b8067769071d396a62f175004c4a1ced01f7cc680cf426bbe8a918e6df1eff0,scripts/31_semisynthetic.py,.venv/Scripts/python scripts/31_semisynthetic.py --perm --config shared_d1_rf1.0 --perm-index K --threads=3,3dfe2bc68aa49279b271a02a1f2404d134495556,runs/peerreview_20261003/semisynthetic/perm_shared_d1_rf1.0/perm087_latent_usage_per_dimension.csv
semisynthetic.zip,semisynthetic/perm_shared_d1_rf1.0/perm087_metrics.json,1791,a6200a05137a2f7e94bc43238f52bc78fc8abe3b0386e186f90a64cb57956615,scripts/31_semisynthetic.py,.venv/Scripts/python scripts/31_semisynthetic.py --perm --config shared_d1_rf1.0 --perm-index K --threads=3,3dfe2bc68aa49279b271a02a1f2404d134495556,runs/peerreview_20261003/semisynthetic/perm_shared_d1_rf1.0/perm087_metrics.json
semisynthetic.zip,semisynthetic/perm_shared_d1_rf1.0/perm088_done.json,1793,a893590d754dcfa15f1e292096a756197126102716a2296c34e16221f6e50709,scripts/31_semisynthetic.py,.venv/Scripts/python scripts/31_semisynthetic.py --perm --config shared_d1_rf1.0 --perm-index K --threads=3,3dfe2bc68aa49279b271a02a1f2404d134495556,runs/peerreview_20261003/semisynthetic/perm_shared_d1_rf1.0/perm088_done.json
semisynthetic.zip,semisynthetic/perm_shared_d1_rf1.0/perm088_history.csv,4230,ce2c67b2f0b4d61f5987f912844a1d819d5f797eb90e3355bd1a0b2b6701e001,scripts/31_semisynthetic.py,.venv/Scripts/python scripts/31_semisynthetic.py --perm --config shared_d1_rf1.0 --perm-index K --threads=3,3dfe2bc68aa49279b271a02a1f2404d134495556,runs/peerreview_20261003/semisynthetic/perm_shared_d1_rf1.0/perm088_history.csv
semisynthetic.zip,semisynthetic/perm_shared_d1_rf1.0/perm088_latent_usage_per_dimension.csv,1468,0671074def16006e018f38ccc5f5071efbe068775293c5f405a825162d667c91,scripts/31_semisynthetic.py,.venv/Scripts/python scripts/31_semisynthetic.py --perm --config shared_d1_rf1.0 --perm-index K --threads=3,3dfe2bc68aa49279b271a02a1f2404d134495556,runs/peerreview_20261003/semisynthetic/perm_shared_d1_rf1.0/perm088_latent_usage_per_dimension.csv
semisynthetic.zip,semisynthetic/perm_shared_d1_rf1.0/perm088_metrics.json,1793,a893590d754dcfa15f1e292096a756197126102716a2296c34e16221f6e50709,scripts/31_semisynthetic.py,.venv/Scripts/python scripts/31_semisynthetic.py --perm --config shared_d1_rf1.0 --perm-index K --threads=3,3dfe2bc68aa49279b271a02a1f2404d134495556,runs/peerreview_20261003/semisynthetic/perm_shared_d1_rf1.0/perm088_metrics.json
semisynthetic.zip,semisynthetic/perm_shared_d1_rf1.0/perm089_done.json,1794,373737fe71f4b049c906fa32969795c9a0174513d2d14c98bdda5cd9ef75005b,scripts/31_semisynthetic.py,.venv/Scripts/python scripts/31_semisynthetic.py --perm --config shared_d1_rf1.0 --perm-index K --threads=3,3dfe2bc68aa49279b271a02a1f2404d134495556,runs/peerreview_20261003/semisynthetic/perm_shared_d1_rf1.0/perm089_done.json
semisynthetic.zip,semisynthetic/perm_shared_d1_rf1.0/perm089_history.csv,4233,e5c3f8fdbe0f08118a54666815555994e44da2459cef26a0a77dce6ab6eca8c4,scripts/31_semisynthetic.py,.venv/Scripts/python scripts/31_semisynthetic.py --perm --config shared_d1_rf1.0 --perm-index K --threads=3,3dfe2bc68aa49279b271a02a1f2404d134495556,runs/peerreview_20261003/semisynthetic/perm_shared_d1_rf1.0/perm089_history.csv
semisynthetic.zip,semisynthetic/perm_shared_d1_rf1.0/perm089_latent_usage_per_dimension.csv,1474,66755a8a0c0267a3b04d185d612b034b7d11e89d8af94c52b41dfa33300140a7,scripts/31_semisynthetic.py,.venv/Scripts/python scripts/31_semisynthetic.py --perm --config shared_d1_rf1.0 --perm-index K --threads=3,3dfe2bc68aa49279b271a02a1f2404d134495556,runs/peerreview_20261003/semisynthetic/perm_shared_d1_rf1.0/perm089_latent_usage_per_dimension.csv
semisynthetic.zip,semisynthetic/perm_shared_d1_rf1.0/perm089_metrics.json,1794,373737fe71f4b049c906fa32969795c9a0174513d2d14c98bdda5cd9ef75005b,scripts/31_semisynthetic.py,.venv/Scripts/python scripts/31_semisynthetic.py --perm --config shared_d1_rf1.0 --perm-index K --threads=3,3dfe2bc68aa49279b271a02a1f2404d134495556,runs/peerreview_20261003/semisynthetic/perm_shared_d1_rf1.0/perm089_metrics.json
semisynthetic.zip,semisynthetic/perm_shared_d1_rf1.0/perm090_done.json,1798,5dd89bc790164a57095d4394daaba30143c357463a0c0b1a10d0309090c445fb,scripts/31_semisynthetic.py,.venv/Scripts/python scripts/31_semisynthetic.py --perm --config shared_d1_rf1.0 --perm-index K --threads=3,3dfe2bc68aa49279b271a02a1f2404d134495556,runs/peerreview_20261003/semisynthetic/perm_shared_d1_rf1.0/perm090_done.json
semisynthetic.zip,semisynthetic/perm_shared_d1_rf1.0/perm090_history.csv,4229,7ad10807ee699a8cbaf9a49b2e3933d1049a7f6517074197d1b5779aa291094c,scripts/31_semisynthetic.py,.venv/Scripts/python scripts/31_semisynthetic.py --perm --config shared_d1_rf1.0 --perm-index K --threads=3,3dfe2bc68aa49279b271a02a1f2404d134495556,runs/peerreview_20261003/semisynthetic/perm_shared_d1_rf1.0/perm090_history.csv
semisynthetic.zip,semisynthetic/perm_shared_d1_rf1.0/perm090_latent_usage_per_dimension.csv,1474,4b934fb293ccafd40fa0bccd3e18e033379fc3e1521b58bf4c54572d4459c20b,scripts/31_semisynthetic.py,.venv/Scripts/python scripts/31_semisynthetic.py --perm --config shared_d1_rf1.0 --perm-index K --threads=3,3dfe2bc68aa49279b271a02a1f2404d134495556,runs/peerreview_20261003/semisynthetic/perm_shared_d1_rf1.0/perm090_latent_usage_per_dimension.csv
semisynthetic.zip,semisynthetic/perm_shared_d1_rf1.0/perm090_metrics.json,1798,5dd89bc790164a57095d4394daaba30143c357463a0c0b1a10d0309090c445fb,scripts/31_semisynthetic.py,.venv/Scripts/python scripts/31_semisynthetic.py --perm --config shared_d1_rf1.0 --perm-index K --threads=3,3dfe2bc68aa49279b271a02a1f2404d134495556,runs/peerreview_20261003/semisynthetic/perm_shared_d1_rf1.0/perm090_metrics.json
semisynthetic.zip,semisynthetic/perm_shared_d1_rf1.0/perm091_done.json,1796,df537894e1cad88933ae5e08be4fb7fdfdd3e83b9425ae53ee0862eefbe38b91,scripts/31_semisynthetic.py,.venv/Scripts/python scripts/31_semisynthetic.py --perm --config shared_d1_rf1.0 --perm-index K --threads=3,3dfe2bc68aa49279b271a02a1f2404d134495556,runs/peerreview_20261003/semisynthetic/perm_shared_d1_rf1.0/perm091_done.json
semisynthetic.zip,semisynthetic/perm_shared_d1_rf1.0/perm091_history.csv,4225,fbacf718c2dd07838d36f0fb372f8536fe09f42aa5fb3f3c72cbbab03cb50078,scripts/31_semisynthetic.py,.venv/Scripts/python scripts/31_semisynthetic.py --perm --config shared_d1_rf1.0 --perm-index K --threads=3,3dfe2bc68aa49279b271a02a1f2404d134495556,runs/peerreview_20261003/semisynthetic/perm_shared_d1_rf1.0/perm091_history.csv
semisynthetic.zip,semisynthetic/perm_shared_d1_rf1.0/perm091_latent_usage_per_dimension.csv,1459,ab44a2c6e16d7a8a8504aa2fd742e091035a90cb1646fd28427c8d818d1f74c3,scripts/31_semisynthetic.py,.venv/Scripts/python scripts/31_semisynthetic.py --perm --config shared_d1_rf1.0 --perm-index K --threads=3,3dfe2bc68aa49279b271a02a1f2404d134495556,runs/peerreview_20261003/semisynthetic/perm_shared_d1_rf1.0/perm091_latent_usage_per_dimension.csv
semisynthetic.zip,semisynthetic/perm_shared_d1_rf1.0/perm091_metrics.json,1796,df537894e1cad88933ae5e08be4fb7fdfdd3e83b9425ae53ee0862eefbe38b91,scripts/31_semisynthetic.py,.venv/Scripts/python scripts/31_semisynthetic.py --perm --config shared_d1_rf1.0 --perm-index K --threads=3,3dfe2bc68aa49279b271a02a1f2404d134495556,runs/peerreview_20261003/semisynthetic/perm_shared_d1_rf1.0/perm091_metrics.json
semisynthetic.zip,semisynthetic/perm_shared_d1_rf1.0/perm092_done.json,1793,0fe2c934518ebeee012416eb9c769160083d43fea19620e404788744d1ccb6d0,scripts/31_semisynthetic.py,.venv/Scripts/python scripts/31_semisynthetic.py --perm --config shared_d1_rf1.0 --perm-index K --threads=3,3dfe2bc68aa49279b271a02a1f2404d134495556,runs/peerreview_20261003/semisynthetic/perm_shared_d1_rf1.0/perm092_done.json
semisynthetic.zip,semisynthetic/perm_shared_d1_rf1.0/perm092_history.csv,4232,86878c1b99f3f498cd51f9352596875c5a53ac25f1926c06d5623b03db1c8734,scripts/31_semisynthetic.py,.venv/Scripts/python scripts/31_semisynthetic.py --perm --config shared_d1_rf1.0 --perm-index K --threads=3,3dfe2bc68aa49279b271a02a1f2404d134495556,runs/peerreview_20261003/semisynthetic/perm_shared_d1_rf1.0/perm092_history.csv
semisynthetic.zip,semisynthetic/perm_shared_d1_rf1.0/perm092_latent_usage_per_dimension.csv,1463,2130e5f9d4b7c4a13e4008f7d006fff10445f89ea7c2c680b67e2e5f7be4c426,scripts/31_semisynthetic.py,.venv/Scripts/python scripts/31_semisynthetic.py --perm --config shared_d1_rf1.0 --perm-index K --threads=3,3dfe2bc68aa49279b271a02a1f2404d134495556,runs/peerreview_20261003/semisynthetic/perm_shared_d1_rf1.0/perm092_latent_usage_per_dimension.csv
semisynthetic.zip,semisynthetic/perm_shared_d1_rf1.0/perm092_metrics.json,1793,0fe2c934518ebeee012416eb9c769160083d43fea19620e404788744d1ccb6d0,scripts/31_semisynthetic.py,.venv/Scripts/python scripts/31_semisynthetic.py --perm --config shared_d1_rf1.0 --perm-index K --threads=3,3dfe2bc68aa49279b271a02a1f2404d134495556,runs/peerreview_20261003/semisynthetic/perm_shared_d1_rf1.0/perm092_metrics.json
semisynthetic.zip,semisynthetic/perm_shared_d1_rf1.0/perm093_done.json,1784,6cc24052518b2621102406cc6053f561bf88a39b33e39656626807d7ed5f499a,scripts/31_semisynthetic.py,.venv/Scripts/python scripts/31_semisynthetic.py --perm --config shared_d1_rf1.0 --perm-index K --threads=3,3dfe2bc68aa49279b271a02a1f2404d134495556,runs/peerreview_20261003/semisynthetic/perm_shared_d1_rf1.0/perm093_done.json
semisynthetic.zip,semisynthetic/perm_shared_d1_rf1.0/perm093_history.csv,4217,206ff55c16a12320e5b8704970e3bb1d6fac2fab8b59ee041e6925653a54dc74,scripts/31_semisynthetic.py,.venv/Scripts/python scripts/31_semisynthetic.py --perm --config shared_d1_rf1.0 --perm-index K --threads=3,3dfe2bc68aa49279b271a02a1f2404d134495556,runs/peerreview_20261003/semisynthetic/perm_shared_d1_rf1.0/perm093_history.csv
semisynthetic.zip,semisynthetic/perm_shared_d1_rf1.0/perm093_latent_usage_per_dimension.csv,1458,061c0b553025e7f1f5222cb282754fd8c4474d69ef336b690dfb0d51ff2cb2a7,scripts/31_semisynthetic.py,.venv/Scripts/python scripts/31_semisynthetic.py --perm --config shared_d1_rf1.0 --perm-index K --threads=3,3dfe2bc68aa49279b271a02a1f2404d134495556,runs/peerreview_20261003/semisynthetic/perm_shared_d1_rf1.0/perm093_latent_usage_per_dimension.csv
semisynthetic.zip,semisynthetic/perm_shared_d1_rf1.0/perm093_metrics.json,1784,6cc24052518b2621102406cc6053f561bf88a39b33e39656626807d7ed5f499a,scripts/31_semisynthetic.py,.venv/Scripts/python scripts/31_semisynthetic.py --perm --config shared_d1_rf1.0 --perm-index K --threads=3,3dfe2bc68aa49279b271a02a1f2404d134495556,runs/peerreview_20261003/semisynthetic/perm_shared_d1_rf1.0/perm093_metrics.json
semisynthetic.zip,semisynthetic/perm_shared_d1_rf1.0/perm094_done.json,1794,28f05bd56b73cd91b79d0feb7787ee9d9adb1187fc72cc634ca4a93cb9d66a85,scripts/31_semisynthetic.py,.venv/Scripts/python scripts/31_semisynthetic.py --perm --config shared_d1_rf1.0 --perm-index K --threads=3,3dfe2bc68aa49279b271a02a1f2404d134495556,runs/peerreview_20261003/semisynthetic/perm_shared_d1_rf1.0/perm094_done.json
semisynthetic.zip,semisynthetic/perm_shared_d1_rf1.0/perm094_history.csv,4234,13f576315435fb2b59587c026a0992547c15ccf8ef723f047f30fed95c91c91b,scripts/31_semisynthetic.py,.venv/Scripts/python scripts/31_semisynthetic.py --perm --config shared_d1_rf1.0 --perm-index K --threads=3,3dfe2bc68aa49279b271a02a1f2404d134495556,runs/peerreview_20261003/semisynthetic/perm_shared_d1_rf1.0/perm094_history.csv
semisynthetic.zip,semisynthetic/perm_shared_d1_rf1.0/perm094_latent_usage_per_dimension.csv,1479,7227ab624cf5628e3032ff7fffb6396ed5ada077265c46a372da0055a31c856a,scripts/31_semisynthetic.py,.venv/Scripts/python scripts/31_semisynthetic.py --perm --config shared_d1_rf1.0 --perm-index K --threads=3,3dfe2bc68aa49279b271a02a1f2404d134495556,runs/peerreview_20261003/semisynthetic/perm_shared_d1_rf1.0/perm094_latent_usage_per_dimension.csv
semisynthetic.zip,semisynthetic/perm_shared_d1_rf1.0/perm094_metrics.json,1794,28f05bd56b73cd91b79d0feb7787ee9d9adb1187fc72cc634ca4a93cb9d66a85,scripts/31_semisynthetic.py,.venv/Scripts/python scripts/31_semisynthetic.py --perm --config shared_d1_rf1.0 --perm-index K --threads=3,3dfe2bc68aa49279b271a02a1f2404d134495556,runs/peerreview_20261003/semisynthetic/perm_shared_d1_rf1.0/perm094_metrics.json
semisynthetic.zip,semisynthetic/perm_shared_d1_rf1.0/perm095_done.json,1798,e57e5d09c49a2080358f13900dd6e0840890f2742da37f5a9be6d8939aed30ac,scripts/31_semisynthetic.py,.venv/Scripts/python scripts/31_semisynthetic.py --perm --config shared_d1_rf1.0 --perm-index K --threads=3,3dfe2bc68aa49279b271a02a1f2404d134495556,runs/peerreview_20261003/semisynthetic/perm_shared_d1_rf1.0/perm095_done.json
semisynthetic.zip,semisynthetic/perm_shared_d1_rf1.0/perm095_history.csv,4223,e4c86444de0fb42f8e60354ab6c1d44f5d21a7b3a554d4cdc7c9139c788beef5,scripts/31_semisynthetic.py,.venv/Scripts/python scripts/31_semisynthetic.py --perm --config shared_d1_rf1.0 --perm-index K --threads=3,3dfe2bc68aa49279b271a02a1f2404d134495556,runs/peerreview_20261003/semisynthetic/perm_shared_d1_rf1.0/perm095_history.csv
semisynthetic.zip,semisynthetic/perm_shared_d1_rf1.0/perm095_latent_usage_per_dimension.csv,1480,163b7c5a4c1ae41e28d76ea8a9479d97f4c61b7d462adf4682dd3812cc90cd84,scripts/31_semisynthetic.py,.venv/Scripts/python scripts/31_semisynthetic.py --perm --config shared_d1_rf1.0 --perm-index K --threads=3,3dfe2bc68aa49279b271a02a1f2404d134495556,runs/peerreview_20261003/semisynthetic/perm_shared_d1_rf1.0/perm095_latent_usage_per_dimension.csv
semisynthetic.zip,semisynthetic/perm_shared_d1_rf1.0/perm095_metrics.json,1798,e57e5d09c49a2080358f13900dd6e0840890f2742da37f5a9be6d8939aed30ac,scripts/31_semisynthetic.py,.venv/Scripts/python scripts/31_semisynthetic.py --perm --config shared_d1_rf1.0 --perm-index K --threads=3,3dfe2bc68aa49279b271a02a1f2404d134495556,runs/peerreview_20261003/semisynthetic/perm_shared_d1_rf1.0/perm095_metrics.json
semisynthetic.zip,semisynthetic/perm_shared_d1_rf1.0/perm096_done.json,1796,b77b83b09b2528e310be19c6b80e26e596bc76097766cd06e19e543199668aac,scripts/31_semisynthetic.py,.venv/Scripts/python scripts/31_semisynthetic.py --perm --config shared_d1_rf1.0 --perm-index K --threads=3,3dfe2bc68aa49279b271a02a1f2404d134495556,runs/peerreview_20261003/semisynthetic/perm_shared_d1_rf1.0/perm096_done.json
semisynthetic.zip,semisynthetic/perm_shared_d1_rf1.0/perm096_history.csv,4233,68f37ac8c2aef30f918491e68a601834101742046e6dac3e22dc2b48676d672a,scripts/31_semisynthetic.py,.venv/Scripts/python scripts/31_semisynthetic.py --perm --config shared_d1_rf1.0 --perm-index K --threads=3,3dfe2bc68aa49279b271a02a1f2404d134495556,runs/peerreview_20261003/semisynthetic/perm_shared_d1_rf1.0/perm096_history.csv
semisynthetic.zip,semisynthetic/perm_shared_d1_rf1.0/perm096_latent_usage_per_dimension.csv,1476,7e4e9cd0602c819ec6aa6173be64d27fab9c4e2ba103b37ecce32940560c4d3f,scripts/31_semisynthetic.py,.venv/Scripts/python scripts/31_semisynthetic.py --perm --config shared_d1_rf1.0 --perm-index K --threads=3,3dfe2bc68aa49279b271a02a1f2404d134495556,runs/peerreview_20261003/semisynthetic/perm_shared_d1_rf1.0/perm096_latent_usage_per_dimension.csv
semisynthetic.zip,semisynthetic/perm_shared_d1_rf1.0/perm096_metrics.json,1796,b77b83b09b2528e310be19c6b80e26e596bc76097766cd06e19e543199668aac,scripts/31_semisynthetic.py,.venv/Scripts/python scripts/31_semisynthetic.py --perm --config shared_d1_rf1.0 --perm-index K --threads=3,3dfe2bc68aa49279b271a02a1f2404d134495556,runs/peerreview_20261003/semisynthetic/perm_shared_d1_rf1.0/perm096_metrics.json
semisynthetic.zip,semisynthetic/perm_shared_d1_rf1.0/perm097_done.json,1789,52c3987be65096222379faa0374b8d7db9fbc9748eedd3809b64cc1c3548096e,scripts/31_semisynthetic.py,.venv/Scripts/python scripts/31_semisynthetic.py --perm --config shared_d1_rf1.0 --perm-index K --threads=3,3dfe2bc68aa49279b271a02a1f2404d134495556,runs/peerreview_20261003/semisynthetic/perm_shared_d1_rf1.0/perm097_done.json
semisynthetic.zip,semisynthetic/perm_shared_d1_rf1.0/perm097_history.csv,4227,29dddf1c690271c27b8ac411b98245f64062c5bd7137368ea44a9b66c419f7b9,scripts/31_semisynthetic.py,.venv/Scripts/python scripts/31_semisynthetic.py --perm --config shared_d1_rf1.0 --perm-index K --threads=3,3dfe2bc68aa49279b271a02a1f2404d134495556,runs/peerreview_20261003/semisynthetic/perm_shared_d1_rf1.0/perm097_history.csv
semisynthetic.zip,semisynthetic/perm_shared_d1_rf1.0/perm097_latent_usage_per_dimension.csv,1463,5c7df0d3303cb337442165e4cd39690c178c4c7f147a4eed2a13df2b2d816693,scripts/31_semisynthetic.py,.venv/Scripts/python scripts/31_semisynthetic.py --perm --config shared_d1_rf1.0 --perm-index K --threads=3,3dfe2bc68aa49279b271a02a1f2404d134495556,runs/peerreview_20261003/semisynthetic/perm_shared_d1_rf1.0/perm097_latent_usage_per_dimension.csv
semisynthetic.zip,semisynthetic/perm_shared_d1_rf1.0/perm097_metrics.json,1789,52c3987be65096222379faa0374b8d7db9fbc9748eedd3809b64cc1c3548096e,scripts/31_semisynthetic.py,.venv/Scripts/python scripts/31_semisynthetic.py --perm --config shared_d1_rf1.0 --perm-index K --threads=3,3dfe2bc68aa49279b271a02a1f2404d134495556,runs/peerreview_20261003/semisynthetic/perm_shared_d1_rf1.0/perm097_metrics.json
semisynthetic.zip,semisynthetic/perm_shared_d1_rf1.0/perm098_done.json,1793,f632d09d6183b86b4254315695fd45ae3ecbd017361dc73f66b186e8336b6a52,scripts/31_semisynthetic.py,.venv/Scripts/python scripts/31_semisynthetic.py --perm --config shared_d1_rf1.0 --perm-index K --threads=3,3dfe2bc68aa49279b271a02a1f2404d134495556,runs/peerreview_20261003/semisynthetic/perm_shared_d1_rf1.0/perm098_done.json
semisynthetic.zip,semisynthetic/perm_shared_d1_rf1.0/perm098_history.csv,4220,4c80ecc90766d9f6891085e4dab1953cebe5aadcbbfc8607aac3da70ad6d7985,scripts/31_semisynthetic.py,.venv/Scripts/python scripts/31_semisynthetic.py --perm --config shared_d1_rf1.0 --perm-index K --threads=3,3dfe2bc68aa49279b271a02a1f2404d134495556,runs/peerreview_20261003/semisynthetic/perm_shared_d1_rf1.0/perm098_history.csv
semisynthetic.zip,semisynthetic/perm_shared_d1_rf1.0/perm098_latent_usage_per_dimension.csv,1473,624d10cf9bc2205efc15a2405697daadb3b45322952a801b67aad9dfa0fcbdd9,scripts/31_semisynthetic.py,.venv/Scripts/python scripts/31_semisynthetic.py --perm --config shared_d1_rf1.0 --perm-index K --threads=3,3dfe2bc68aa49279b271a02a1f2404d134495556,runs/peerreview_20261003/semisynthetic/perm_shared_d1_rf1.0/perm098_latent_usage_per_dimension.csv
semisynthetic.zip,semisynthetic/perm_shared_d1_rf1.0/perm098_metrics.json,1793,f632d09d6183b86b4254315695fd45ae3ecbd017361dc73f66b186e8336b6a52,scripts/31_semisynthetic.py,.venv/Scripts/python scripts/31_semisynthetic.py --perm --config shared_d1_rf1.0 --perm-index K --threads=3,3dfe2bc68aa49279b271a02a1f2404d134495556,runs/peerreview_20261003/semisynthetic/perm_shared_d1_rf1.0/perm098_metrics.json
semisynthetic.zip,semisynthetic/perm_shared_d1_rf1.0/perm099_done.json,1798,78550af607acc030e788d20d1c815ce64dc5ed090f793b2cb6582c04183155dc,scripts/31_semisynthetic.py,.venv/Scripts/python scripts/31_semisynthetic.py --perm --config shared_d1_rf1.0 --perm-index K --threads=3,3dfe2bc68aa49279b271a02a1f2404d134495556,runs/peerreview_20261003/semisynthetic/perm_shared_d1_rf1.0/perm099_done.json
semisynthetic.zip,semisynthetic/perm_shared_d1_rf1.0/perm099_history.csv,4239,7fbe25fdefda809364d670103b6bd68fa7f5ca758a9110d674aedcde48825bdf,scripts/31_semisynthetic.py,.venv/Scripts/python scripts/31_semisynthetic.py --perm --config shared_d1_rf1.0 --perm-index K --threads=3,3dfe2bc68aa49279b271a02a1f2404d134495556,runs/peerreview_20261003/semisynthetic/perm_shared_d1_rf1.0/perm099_history.csv
semisynthetic.zip,semisynthetic/perm_shared_d1_rf1.0/perm099_latent_usage_per_dimension.csv,1478,5219e7ae2f8422750ae08965cd9aba479dd923addc3f0c87825f40d2dbc4e5e2,scripts/31_semisynthetic.py,.venv/Scripts/python scripts/31_semisynthetic.py --perm --config shared_d1_rf1.0 --perm-index K --threads=3,3dfe2bc68aa49279b271a02a1f2404d134495556,runs/peerreview_20261003/semisynthetic/perm_shared_d1_rf1.0/perm099_latent_usage_per_dimension.csv
semisynthetic.zip,semisynthetic/perm_shared_d1_rf1.0/perm099_metrics.json,1798,78550af607acc030e788d20d1c815ce64dc5ed090f793b2cb6582c04183155dc,scripts/31_semisynthetic.py,.venv/Scripts/python scripts/31_semisynthetic.py --perm --config shared_d1_rf1.0 --perm-index K --threads=3,3dfe2bc68aa49279b271a02a1f2404d134495556,runs/peerreview_20261003/semisynthetic/perm_shared_d1_rf1.0/perm099_metrics.json
semisynthetic.zip,semisynthetic/shared_d0.25_rf0.3/shared_d0.25_rf0.3_s0.pt,4266199,6fb1721d9e5f00844a24d66400643b693447bc8c5172c4aad0b754e0f03e8239,scripts/31_semisynthetic.py,.venv/Scripts/python scripts/31_semisynthetic.py --fit --config shared_d0.25_rf0.3 --seed S --threads=3,3dfe2bc68aa49279b271a02a1f2404d134495556,runs/peerreview_20261003/semisynthetic/shared_d0.25_rf0.3/shared_d0.25_rf0.3_s0.pt
semisynthetic.zip,semisynthetic/shared_d0.25_rf0.3/shared_d0.25_rf0.3_s0_done.json,1916,1cf56718abcc201216a4af74f0c27b368e9e79a607adbf2d2b5a7fe8ec07b4c9,scripts/31_semisynthetic.py,.venv/Scripts/python scripts/31_semisynthetic.py --fit --config shared_d0.25_rf0.3 --seed S --threads=3,3dfe2bc68aa49279b271a02a1f2404d134495556,runs/peerreview_20261003/semisynthetic/shared_d0.25_rf0.3/shared_d0.25_rf0.3_s0_done.json
semisynthetic.zip,semisynthetic/shared_d0.25_rf0.3/shared_d0.25_rf0.3_s0_history.csv,4227,31ddd987e9570e6de59e2fe99c8543d2f567ae1d4b5a578f7ee65786ab0ce2b3,scripts/31_semisynthetic.py,.venv/Scripts/python scripts/31_semisynthetic.py --fit --config shared_d0.25_rf0.3 --seed S --threads=3,3dfe2bc68aa49279b271a02a1f2404d134495556,runs/peerreview_20261003/semisynthetic/shared_d0.25_rf0.3/shared_d0.25_rf0.3_s0_history.csv
semisynthetic.zip,semisynthetic/shared_d0.25_rf0.3/shared_d0.25_rf0.3_s0_ig_completeness.csv,862,cf6542aaa5e3d5e0f52ee08ef5a7b655cdf6e970d1cebdd0e7aca47f91efe0c4,scripts/31_semisynthetic.py,.venv/Scripts/python scripts/31_semisynthetic.py --fit --config shared_d0.25_rf0.3 --seed S --threads=3,3dfe2bc68aa49279b271a02a1f2404d134495556,runs/peerreview_20261003/semisynthetic/shared_d0.25_rf0.3/shared_d0.25_rf0.3_s0_ig_completeness.csv
semisynthetic.zip,semisynthetic/shared_d0.25_rf0.3/shared_d0.25_rf0.3_s0_ig_summary.csv.gz,172274,7815fbd6b7ab87fe2efc2a9a0a42d607015261705018bdeea6403d9dfc0245ba,scripts/31_semisynthetic.py,.venv/Scripts/python scripts/31_semisynthetic.py --fit --config shared_d0.25_rf0.3 --seed S --threads=3,3dfe2bc68aa49279b271a02a1f2404d134495556,runs/peerreview_20261003/semisynthetic/shared_d0.25_rf0.3/shared_d0.25_rf0.3_s0_ig_summary.csv.gz
semisynthetic.zip,semisynthetic/shared_d0.25_rf0.3/shared_d0.25_rf0.3_s0_latent_usage_per_dimension.csv,1480,dff25328761552ec75c88c267c5d6116e7eebc50aee2b8d76824de2c3a527403,scripts/31_semisynthetic.py,.venv/Scripts/python scripts/31_semisynthetic.py --fit --config shared_d0.25_rf0.3 --seed S --threads=3,3dfe2bc68aa49279b271a02a1f2404d134495556,runs/peerreview_20261003/semisynthetic/shared_d0.25_rf0.3/shared_d0.25_rf0.3_s0_latent_usage_per_dimension.csv
semisynthetic.zip,semisynthetic/shared_d0.25_rf0.3/shared_d0.25_rf0.3_s0_latents.npz,2989133,a38ef2922a10bf7c4fc303dcf4e4230e5376f7fde5c16c473f7c2753487b0e67,scripts/31_semisynthetic.py,.venv/Scripts/python scripts/31_semisynthetic.py --fit --config shared_d0.25_rf0.3 --seed S --threads=3,3dfe2bc68aa49279b271a02a1f2404d134495556,runs/peerreview_20261003/semisynthetic/shared_d0.25_rf0.3/shared_d0.25_rf0.3_s0_latents.npz
semisynthetic.zip,semisynthetic/shared_d0.25_rf0.3/shared_d0.25_rf0.3_s0_metrics.json,1916,1cf56718abcc201216a4af74f0c27b368e9e79a607adbf2d2b5a7fe8ec07b4c9,scripts/31_semisynthetic.py,.venv/Scripts/python scripts/31_semisynthetic.py --fit --config shared_d0.25_rf0.3 --seed S --threads=3,3dfe2bc68aa49279b271a02a1f2404d134495556,runs/peerreview_20261003/semisynthetic/shared_d0.25_rf0.3/shared_d0.25_rf0.3_s0_metrics.json
semisynthetic.zip,semisynthetic/shared_d0.25_rf0.3/shared_d0.25_rf0.3_s1.pt,4266199,d0bc96ca41e442aed2d06b86db79a4e2849c5141fd187b5aa1d9a5e71e712ed0,scripts/31_semisynthetic.py,.venv/Scripts/python scripts/31_semisynthetic.py --fit --config shared_d0.25_rf0.3 --seed S --threads=3,3dfe2bc68aa49279b271a02a1f2404d134495556,runs/peerreview_20261003/semisynthetic/shared_d0.25_rf0.3/shared_d0.25_rf0.3_s1.pt
semisynthetic.zip,semisynthetic/shared_d0.25_rf0.3/shared_d0.25_rf0.3_s1_done.json,1917,d3a3ef710751fa46745cd21ec8a126a8078406631cc3f7f06ee0db0983697eba,scripts/31_semisynthetic.py,.venv/Scripts/python scripts/31_semisynthetic.py --fit --config shared_d0.25_rf0.3 --seed S --threads=3,3dfe2bc68aa49279b271a02a1f2404d134495556,runs/peerreview_20261003/semisynthetic/shared_d0.25_rf0.3/shared_d0.25_rf0.3_s1_done.json
semisynthetic.zip,semisynthetic/shared_d0.25_rf0.3/shared_d0.25_rf0.3_s1_history.csv,4240,27a4d758f5997bebf61f0174b22cd1fbf2b77aefb301f5ca85078d3176eec889,scripts/31_semisynthetic.py,.venv/Scripts/python scripts/31_semisynthetic.py --fit --config shared_d0.25_rf0.3 --seed S --threads=3,3dfe2bc68aa49279b271a02a1f2404d134495556,runs/peerreview_20261003/semisynthetic/shared_d0.25_rf0.3/shared_d0.25_rf0.3_s1_history.csv
semisynthetic.zip,semisynthetic/shared_d0.25_rf0.3/shared_d0.25_rf0.3_s1_ig_completeness.csv,865,5c3073e6673cb794a248b31e60ad4a794d9673939fa8f57ad964ecc9cb6717f1,scripts/31_semisynthetic.py,.venv/Scripts/python scripts/31_semisynthetic.py --fit --config shared_d0.25_rf0.3 --seed S --threads=3,3dfe2bc68aa49279b271a02a1f2404d134495556,runs/peerreview_20261003/semisynthetic/shared_d0.25_rf0.3/shared_d0.25_rf0.3_s1_ig_completeness.csv
semisynthetic.zip,semisynthetic/shared_d0.25_rf0.3/shared_d0.25_rf0.3_s1_ig_summary.csv.gz,180203,e99d4b7f32bda7b35ee4aaf050ed702b6b52aa0fd0b69643483cde74f3be1187,scripts/31_semisynthetic.py,.venv/Scripts/python scripts/31_semisynthetic.py --fit --config shared_d0.25_rf0.3 --seed S --threads=3,3dfe2bc68aa49279b271a02a1f2404d134495556,runs/peerreview_20261003/semisynthetic/shared_d0.25_rf0.3/shared_d0.25_rf0.3_s1_ig_summary.csv.gz
semisynthetic.zip,semisynthetic/shared_d0.25_rf0.3/shared_d0.25_rf0.3_s1_latent_usage_per_dimension.csv,1468,b39366fab9ff2c03103e62330609574a54a205a64150ce595e9e2196826b30c9,scripts/31_semisynthetic.py,.venv/Scripts/python scripts/31_semisynthetic.py --fit --config shared_d0.25_rf0.3 --seed S --threads=3,3dfe2bc68aa49279b271a02a1f2404d134495556,runs/peerreview_20261003/semisynthetic/shared_d0.25_rf0.3/shared_d0.25_rf0.3_s1_latent_usage_per_dimension.csv
semisynthetic.zip,semisynthetic/shared_d0.25_rf0.3/shared_d0.25_rf0.3_s1_latents.npz,2994635,032e491dea29453ba981cce35d67d4d3d371a32533f539fd23b77068edd54dc3,scripts/31_semisynthetic.py,.venv/Scripts/python scripts/31_semisynthetic.py --fit --config shared_d0.25_rf0.3 --seed S --threads=3,3dfe2bc68aa49279b271a02a1f2404d134495556,runs/peerreview_20261003/semisynthetic/shared_d0.25_rf0.3/shared_d0.25_rf0.3_s1_latents.npz
semisynthetic.zip,semisynthetic/shared_d0.25_rf0.3/shared_d0.25_rf0.3_s1_metrics.json,1917,d3a3ef710751fa46745cd21ec8a126a8078406631cc3f7f06ee0db0983697eba,scripts/31_semisynthetic.py,.venv/Scripts/python scripts/31_semisynthetic.py --fit --config shared_d0.25_rf0.3 --seed S --threads=3,3dfe2bc68aa49279b271a02a1f2404d134495556,runs/peerreview_20261003/semisynthetic/shared_d0.25_rf0.3/shared_d0.25_rf0.3_s1_metrics.json
semisynthetic.zip,semisynthetic/shared_d0.25_rf0.3/shared_d0.25_rf0.3_s2.pt,4266199,0da88f93f7985414f44645ee5eb9598e2c37979192642435b8fc3186b81477dc,scripts/31_semisynthetic.py,.venv/Scripts/python scripts/31_semisynthetic.py --fit --config shared_d0.25_rf0.3 --seed S --threads=3,3dfe2bc68aa49279b271a02a1f2404d134495556,runs/peerreview_20261003/semisynthetic/shared_d0.25_rf0.3/shared_d0.25_rf0.3_s2.pt
semisynthetic.zip,semisynthetic/shared_d0.25_rf0.3/shared_d0.25_rf0.3_s2_done.json,1921,6144a1b33319fa5f20b4676ea39bb90d4187e1c44c26fdd84657ab6d3d56ff47,scripts/31_semisynthetic.py,.venv/Scripts/python scripts/31_semisynthetic.py --fit --config shared_d0.25_rf0.3 --seed S --threads=3,3dfe2bc68aa49279b271a02a1f2404d134495556,runs/peerreview_20261003/semisynthetic/shared_d0.25_rf0.3/shared_d0.25_rf0.3_s2_done.json
semisynthetic.zip,semisynthetic/shared_d0.25_rf0.3/shared_d0.25_rf0.3_s2_history.csv,4227,6b89202d874cc7e7322ce9c409051dca5551b9106d90b6e5343ec2c43453e3f7,scripts/31_semisynthetic.py,.venv/Scripts/python scripts/31_semisynthetic.py --fit --config shared_d0.25_rf0.3 --seed S --threads=3,3dfe2bc68aa49279b271a02a1f2404d134495556,runs/peerreview_20261003/semisynthetic/shared_d0.25_rf0.3/shared_d0.25_rf0.3_s2_history.csv
semisynthetic.zip,semisynthetic/shared_d0.25_rf0.3/shared_d0.25_rf0.3_s2_ig_completeness.csv,863,6b66362f8b598316634bad8ebd745c8ee06bd23b507d2d64cdd0dc74956f6bd1,scripts/31_semisynthetic.py,.venv/Scripts/python scripts/31_semisynthetic.py --fit --config shared_d0.25_rf0.3 --seed S --threads=3,3dfe2bc68aa49279b271a02a1f2404d134495556,runs/peerreview_20261003/semisynthetic/shared_d0.25_rf0.3/shared_d0.25_rf0.3_s2_ig_completeness.csv
semisynthetic.zip,semisynthetic/shared_d0.25_rf0.3/shared_d0.25_rf0.3_s2_ig_summary.csv.gz,175107,e6e5001283ce8cfcbe53e96c39e8de26e6d414c10a5c27f48801c1a52c0edcfb,scripts/31_semisynthetic.py,.venv/Scripts/python scripts/31_semisynthetic.py --fit --config shared_d0.25_rf0.3 --seed S --threads=3,3dfe2bc68aa49279b271a02a1f2404d134495556,runs/peerreview_20261003/semisynthetic/shared_d0.25_rf0.3/shared_d0.25_rf0.3_s2_ig_summary.csv.gz
semisynthetic.zip,semisynthetic/shared_d0.25_rf0.3/shared_d0.25_rf0.3_s2_latent_usage_per_dimension.csv,1459,032413ef2ecf88642c595cb52a1203526443ceda0e06a673253c13596a41ff89,scripts/31_semisynthetic.py,.venv/Scripts/python scripts/31_semisynthetic.py --fit --config shared_d0.25_rf0.3 --seed S --threads=3,3dfe2bc68aa49279b271a02a1f2404d134495556,runs/peerreview_20261003/semisynthetic/shared_d0.25_rf0.3/shared_d0.25_rf0.3_s2_latent_usage_per_dimension.csv
semisynthetic.zip,semisynthetic/shared_d0.25_rf0.3/shared_d0.25_rf0.3_s2_latents.npz,2990222,531899ef88cf08ba834bc488c82a01d5869f8439023fe5b1ce1ef7291d5b040e,scripts/31_semisynthetic.py,.venv/Scripts/python scripts/31_semisynthetic.py --fit --config shared_d0.25_rf0.3 --seed S --threads=3,3dfe2bc68aa49279b271a02a1f2404d134495556,runs/peerreview_20261003/semisynthetic/shared_d0.25_rf0.3/shared_d0.25_rf0.3_s2_latents.npz
semisynthetic.zip,semisynthetic/shared_d0.25_rf0.3/shared_d0.25_rf0.3_s2_metrics.json,1921,6144a1b33319fa5f20b4676ea39bb90d4187e1c44c26fdd84657ab6d3d56ff47,scripts/31_semisynthetic.py,.venv/Scripts/python scripts/31_semisynthetic.py --fit --config shared_d0.25_rf0.3 --seed S --threads=3,3dfe2bc68aa49279b271a02a1f2404d134495556,runs/peerreview_20261003/semisynthetic/shared_d0.25_rf0.3/shared_d0.25_rf0.3_s2_metrics.json
semisynthetic.zip,semisynthetic/shared_d0.25_rf1.0/shared_d0.25_rf1.0_s0.pt,4266199,3aa591acdfb20f10aea327290cffeab17ee99d9d8e2fdcebbb5b9ffbf406f149,scripts/31_semisynthetic.py,.venv/Scripts/python scripts/31_semisynthetic.py --fit --config shared_d0.25_rf1.0 --seed S --threads=3,3dfe2bc68aa49279b271a02a1f2404d134495556,runs/peerreview_20261003/semisynthetic/shared_d0.25_rf1.0/shared_d0.25_rf1.0_s0.pt
semisynthetic.zip,semisynthetic/shared_d0.25_rf1.0/shared_d0.25_rf1.0_s0_done.json,1919,99e9a41c2bbd64302222032a0dcb1068ef7f71ad6c1882c31519f9dfe41ca98e,scripts/31_semisynthetic.py,.venv/Scripts/python scripts/31_semisynthetic.py --fit --config shared_d0.25_rf1.0 --seed S --threads=3,3dfe2bc68aa49279b271a02a1f2404d134495556,runs/peerreview_20261003/semisynthetic/shared_d0.25_rf1.0/shared_d0.25_rf1.0_s0_done.json
semisynthetic.zip,semisynthetic/shared_d0.25_rf1.0/shared_d0.25_rf1.0_s0_history.csv,4233,c4c7ea3f0fb3f829c17b304ddfbfa5e49060fa44bc64080a3ef3f0a6be963b98,scripts/31_semisynthetic.py,.venv/Scripts/python scripts/31_semisynthetic.py --fit --config shared_d0.25_rf1.0 --seed S --threads=3,3dfe2bc68aa49279b271a02a1f2404d134495556,runs/peerreview_20261003/semisynthetic/shared_d0.25_rf1.0/shared_d0.25_rf1.0_s0_history.csv
semisynthetic.zip,semisynthetic/shared_d0.25_rf1.0/shared_d0.25_rf1.0_s0_ig_completeness.csv,862,9b1476f2810bcfb64582e6869ea208cd886d707b0d7c225b7a7e0f953e23e7bc,scripts/31_semisynthetic.py,.venv/Scripts/python scripts/31_semisynthetic.py --fit --config shared_d0.25_rf1.0 --seed S --threads=3,3dfe2bc68aa49279b271a02a1f2404d134495556,runs/peerreview_20261003/semisynthetic/shared_d0.25_rf1.0/shared_d0.25_rf1.0_s0_ig_completeness.csv
semisynthetic.zip,semisynthetic/shared_d0.25_rf1.0/shared_d0.25_rf1.0_s0_ig_summary.csv.gz,170776,f2ca20fbc56f3909bee942cdaee8548cc35ee4692da506f083ab4e9af2039a16,scripts/31_semisynthetic.py,.venv/Scripts/python scripts/31_semisynthetic.py --fit --config shared_d0.25_rf1.0 --seed S --threads=3,3dfe2bc68aa49279b271a02a1f2404d134495556,runs/peerreview_20261003/semisynthetic/shared_d0.25_rf1.0/shared_d0.25_rf1.0_s0_ig_summary.csv.gz
semisynthetic.zip,semisynthetic/shared_d0.25_rf1.0/shared_d0.25_rf1.0_s0_latent_usage_per_dimension.csv,1465,d66e9f76ae0f633a83d6b2ac80b83cea860835bc647d0317a099507b74a1c98a,scripts/31_semisynthetic.py,.venv/Scripts/python scripts/31_semisynthetic.py --fit --config shared_d0.25_rf1.0 --seed S --threads=3,3dfe2bc68aa49279b271a02a1f2404d134495556,runs/peerreview_20261003/semisynthetic/shared_d0.25_rf1.0/shared_d0.25_rf1.0_s0_latent_usage_per_dimension.csv
semisynthetic.zip,semisynthetic/shared_d0.25_rf1.0/shared_d0.25_rf1.0_s0_latents.npz,2999763,c597caa3a96c40143508bbcaea220d8fe867114743fb2cf40ff5f1d396172686,scripts/31_semisynthetic.py,.venv/Scripts/python scripts/31_semisynthetic.py --fit --config shared_d0.25_rf1.0 --seed S --threads=3,3dfe2bc68aa49279b271a02a1f2404d134495556,runs/peerreview_20261003/semisynthetic/shared_d0.25_rf1.0/shared_d0.25_rf1.0_s0_latents.npz
semisynthetic.zip,semisynthetic/shared_d0.25_rf1.0/shared_d0.25_rf1.0_s0_metrics.json,1919,99e9a41c2bbd64302222032a0dcb1068ef7f71ad6c1882c31519f9dfe41ca98e,scripts/31_semisynthetic.py,.venv/Scripts/python scripts/31_semisynthetic.py --fit --config shared_d0.25_rf1.0 --seed S --threads=3,3dfe2bc68aa49279b271a02a1f2404d134495556,runs/peerreview_20261003/semisynthetic/shared_d0.25_rf1.0/shared_d0.25_rf1.0_s0_metrics.json
semisynthetic.zip,semisynthetic/shared_d0.25_rf1.0/shared_d0.25_rf1.0_s1.pt,4266199,ed39de59eb27c90803542a414d8848db414210057a5dd3611452212d714daa72,scripts/31_semisynthetic.py,.venv/Scripts/python scripts/31_semisynthetic.py --fit --config shared_d0.25_rf1.0 --seed S --threads=3,3dfe2bc68aa49279b271a02a1f2404d134495556,runs/peerreview_20261003/semisynthetic/shared_d0.25_rf1.0/shared_d0.25_rf1.0_s1.pt
semisynthetic.zip,semisynthetic/shared_d0.25_rf1.0/shared_d0.25_rf1.0_s1_done.json,1913,970f51f452d0b45004e70c52ce04c461a85ec131f85e9d54fc23bb75a3d994c8,scripts/31_semisynthetic.py,.venv/Scripts/python scripts/31_semisynthetic.py --fit --config shared_d0.25_rf1.0 --seed S --threads=3,3dfe2bc68aa49279b271a02a1f2404d134495556,runs/peerreview_20261003/semisynthetic/shared_d0.25_rf1.0/shared_d0.25_rf1.0_s1_done.json
semisynthetic.zip,semisynthetic/shared_d0.25_rf1.0/shared_d0.25_rf1.0_s1_history.csv,4225,260d74c07899f9831c37f317a0e48c7f6bdd1a04c763b948059786fbd7bd6419,scripts/31_semisynthetic.py,.venv/Scripts/python scripts/31_semisynthetic.py --fit --config shared_d0.25_rf1.0 --seed S --threads=3,3dfe2bc68aa49279b271a02a1f2404d134495556,runs/peerreview_20261003/semisynthetic/shared_d0.25_rf1.0/shared_d0.25_rf1.0_s1_history.csv
semisynthetic.zip,semisynthetic/shared_d0.25_rf1.0/shared_d0.25_rf1.0_s1_ig_completeness.csv,860,7d173e2d4e26d23d95fe0148af9daf5f16c152f0f9cba3c12d329fef580d680c,scripts/31_semisynthetic.py,.venv/Scripts/python scripts/31_semisynthetic.py --fit --config shared_d0.25_rf1.0 --seed S --threads=3,3dfe2bc68aa49279b271a02a1f2404d134495556,runs/peerreview_20261003/semisynthetic/shared_d0.25_rf1.0/shared_d0.25_rf1.0_s1_ig_completeness.csv
semisynthetic.zip,semisynthetic/shared_d0.25_rf1.0/shared_d0.25_rf1.0_s1_ig_summary.csv.gz,181926,ad2436136ee7fdbf8315400b739d7f45ae00e5ddf0057fb2179104ed74ed7660,scripts/31_semisynthetic.py,.venv/Scripts/python scripts/31_semisynthetic.py --fit --config shared_d0.25_rf1.0 --seed S --threads=3,3dfe2bc68aa49279b271a02a1f2404d134495556,runs/peerreview_20261003/semisynthetic/shared_d0.25_rf1.0/shared_d0.25_rf1.0_s1_ig_summary.csv.gz
semisynthetic.zip,semisynthetic/shared_d0.25_rf1.0/shared_d0.25_rf1.0_s1_latent_usage_per_dimension.csv,1469,84468e7b46cae8114663b6b4b5320e08721eca2dd5f2ae58f102a2f3a163d2c8,scripts/31_semisynthetic.py,.venv/Scripts/python scripts/31_semisynthetic.py --fit --config shared_d0.25_rf1.0 --seed S --threads=3,3dfe2bc68aa49279b271a02a1f2404d134495556,runs/peerreview_20261003/semisynthetic/shared_d0.25_rf1.0/shared_d0.25_rf1.0_s1_latent_usage_per_dimension.csv
semisynthetic.zip,semisynthetic/shared_d0.25_rf1.0/shared_d0.25_rf1.0_s1_latents.npz,3005759,ff5f25679172fd414a17b31e5c5bb23d154d819323d3f04b3ae299e02f13ff34,scripts/31_semisynthetic.py,.venv/Scripts/python scripts/31_semisynthetic.py --fit --config shared_d0.25_rf1.0 --seed S --threads=3,3dfe2bc68aa49279b271a02a1f2404d134495556,runs/peerreview_20261003/semisynthetic/shared_d0.25_rf1.0/shared_d0.25_rf1.0_s1_latents.npz
semisynthetic.zip,semisynthetic/shared_d0.25_rf1.0/shared_d0.25_rf1.0_s1_metrics.json,1913,970f51f452d0b45004e70c52ce04c461a85ec131f85e9d54fc23bb75a3d994c8,scripts/31_semisynthetic.py,.venv/Scripts/python scripts/31_semisynthetic.py --fit --config shared_d0.25_rf1.0 --seed S --threads=3,3dfe2bc68aa49279b271a02a1f2404d134495556,runs/peerreview_20261003/semisynthetic/shared_d0.25_rf1.0/shared_d0.25_rf1.0_s1_metrics.json
semisynthetic.zip,semisynthetic/shared_d0.25_rf1.0/shared_d0.25_rf1.0_s2.pt,4266199,d4f75bb75653d93d5a264eaf4807901390d7e993ef45224a079166e9da4fcca4,scripts/31_semisynthetic.py,.venv/Scripts/python scripts/31_semisynthetic.py --fit --config shared_d0.25_rf1.0 --seed S --threads=3,3dfe2bc68aa49279b271a02a1f2404d134495556,runs/peerreview_20261003/semisynthetic/shared_d0.25_rf1.0/shared_d0.25_rf1.0_s2.pt
semisynthetic.zip,semisynthetic/shared_d0.25_rf1.0/shared_d0.25_rf1.0_s2_done.json,1922,784033dc7afb3dab952d8906caf3a9caeb45047fc05750f446c506422a1e24df,scripts/31_semisynthetic.py,.venv/Scripts/python scripts/31_semisynthetic.py --fit --config shared_d0.25_rf1.0 --seed S --threads=3,3dfe2bc68aa49279b271a02a1f2404d134495556,runs/peerreview_20261003/semisynthetic/shared_d0.25_rf1.0/shared_d0.25_rf1.0_s2_done.json
semisynthetic.zip,semisynthetic/shared_d0.25_rf1.0/shared_d0.25_rf1.0_s2_history.csv,4229,79f392be04cda9ba34a442118a7a0faf5434428a3bc377992ccd25ee745201aa,scripts/31_semisynthetic.py,.venv/Scripts/python scripts/31_semisynthetic.py --fit --config shared_d0.25_rf1.0 --seed S --threads=3,3dfe2bc68aa49279b271a02a1f2404d134495556,runs/peerreview_20261003/semisynthetic/shared_d0.25_rf1.0/shared_d0.25_rf1.0_s2_history.csv
semisynthetic.zip,semisynthetic/shared_d0.25_rf1.0/shared_d0.25_rf1.0_s2_ig_completeness.csv,860,c035044bf3f1ecdc64ff1b25922f9c23adead575172905b8fe5a52cd8251a3bb,scripts/31_semisynthetic.py,.venv/Scripts/python scripts/31_semisynthetic.py --fit --config shared_d0.25_rf1.0 --seed S --threads=3,3dfe2bc68aa49279b271a02a1f2404d134495556,runs/peerreview_20261003/semisynthetic/shared_d0.25_rf1.0/shared_d0.25_rf1.0_s2_ig_completeness.csv
semisynthetic.zip,semisynthetic/shared_d0.25_rf1.0/shared_d0.25_rf1.0_s2_ig_summary.csv.gz,170684,2349c52f8ce239a77a662cfd6b74ef977683cfc77f7c948dd3ef9a5d30962e4f,scripts/31_semisynthetic.py,.venv/Scripts/python scripts/31_semisynthetic.py --fit --config shared_d0.25_rf1.0 --seed S --threads=3,3dfe2bc68aa49279b271a02a1f2404d134495556,runs/peerreview_20261003/semisynthetic/shared_d0.25_rf1.0/shared_d0.25_rf1.0_s2_ig_summary.csv.gz
semisynthetic.zip,semisynthetic/shared_d0.25_rf1.0/shared_d0.25_rf1.0_s2_latent_usage_per_dimension.csv,1468,45626e3b402292891536661752bfd6c696b0fbc1d84e0910b5de39db0cd688c6,scripts/31_semisynthetic.py,.venv/Scripts/python scripts/31_semisynthetic.py --fit --config shared_d0.25_rf1.0 --seed S --threads=3,3dfe2bc68aa49279b271a02a1f2404d134495556,runs/peerreview_20261003/semisynthetic/shared_d0.25_rf1.0/shared_d0.25_rf1.0_s2_latent_usage_per_dimension.csv
semisynthetic.zip,semisynthetic/shared_d0.25_rf1.0/shared_d0.25_rf1.0_s2_latents.npz,3003727,a099b9c466bebbe0ad433c947e14bf8612d6b16772ba882397d86b42b20ce82a,scripts/31_semisynthetic.py,.venv/Scripts/python scripts/31_semisynthetic.py --fit --config shared_d0.25_rf1.0 --seed S --threads=3,3dfe2bc68aa49279b271a02a1f2404d134495556,runs/peerreview_20261003/semisynthetic/shared_d0.25_rf1.0/shared_d0.25_rf1.0_s2_latents.npz
semisynthetic.zip,semisynthetic/shared_d0.25_rf1.0/shared_d0.25_rf1.0_s2_metrics.json,1922,784033dc7afb3dab952d8906caf3a9caeb45047fc05750f446c506422a1e24df,scripts/31_semisynthetic.py,.venv/Scripts/python scripts/31_semisynthetic.py --fit --config shared_d0.25_rf1.0 --seed S --threads=3,3dfe2bc68aa49279b271a02a1f2404d134495556,runs/peerreview_20261003/semisynthetic/shared_d0.25_rf1.0/shared_d0.25_rf1.0_s2_metrics.json
semisynthetic.zip,semisynthetic/shared_d0.5_rf0.3/shared_d0.5_rf0.3_s0.pt,4266136,0072ded16c3e054630ee6a5ccbb41e6122da445f3ecc737b99d9c7f98dedf832,scripts/31_semisynthetic.py,.venv/Scripts/python scripts/31_semisynthetic.py --fit --config shared_d0.5_rf0.3 --seed S --threads=3,3dfe2bc68aa49279b271a02a1f2404d134495556,runs/peerreview_20261003/semisynthetic/shared_d0.5_rf0.3/shared_d0.5_rf0.3_s0.pt
semisynthetic.zip,semisynthetic/shared_d0.5_rf0.3/shared_d0.5_rf0.3_s0_done.json,1910,663e6828a6985e6c4013a92748e8641278446f9729486c33d19fce4f6c523516,scripts/31_semisynthetic.py,.venv/Scripts/python scripts/31_semisynthetic.py --fit --config shared_d0.5_rf0.3 --seed S --threads=3,3dfe2bc68aa49279b271a02a1f2404d134495556,runs/peerreview_20261003/semisynthetic/shared_d0.5_rf0.3/shared_d0.5_rf0.3_s0_done.json
semisynthetic.zip,semisynthetic/shared_d0.5_rf0.3/shared_d0.5_rf0.3_s0_history.csv,4231,1be43db21106efaa59785b42822e2ed4b89082b1b020f51e4364d517fc660484,scripts/31_semisynthetic.py,.venv/Scripts/python scripts/31_semisynthetic.py --fit --config shared_d0.5_rf0.3 --seed S --threads=3,3dfe2bc68aa49279b271a02a1f2404d134495556,runs/peerreview_20261003/semisynthetic/shared_d0.5_rf0.3/shared_d0.5_rf0.3_s0_history.csv
semisynthetic.zip,semisynthetic/shared_d0.5_rf0.3/shared_d0.5_rf0.3_s0_ig_completeness.csv,860,665fe79efd346030abd9db26da17ad1e6da2ecadea9b199defa8f34620146ee1,scripts/31_semisynthetic.py,.venv/Scripts/python scripts/31_semisynthetic.py --fit --config shared_d0.5_rf0.3 --seed S --threads=3,3dfe2bc68aa49279b271a02a1f2404d134495556,runs/peerreview_20261003/semisynthetic/shared_d0.5_rf0.3/shared_d0.5_rf0.3_s0_ig_completeness.csv
semisynthetic.zip,semisynthetic/shared_d0.5_rf0.3/shared_d0.5_rf0.3_s0_ig_summary.csv.gz,177344,a43855b7e8db27a2a2103b1410000acc587274866270a3c67e120b9a923932d1,scripts/31_semisynthetic.py,.venv/Scripts/python scripts/31_semisynthetic.py --fit --config shared_d0.5_rf0.3 --seed S --threads=3,3dfe2bc68aa49279b271a02a1f2404d134495556,runs/peerreview_20261003/semisynthetic/shared_d0.5_rf0.3/shared_d0.5_rf0.3_s0_ig_summary.csv.gz
semisynthetic.zip,semisynthetic/shared_d0.5_rf0.3/shared_d0.5_rf0.3_s0_latent_usage_per_dimension.csv,1468,fbcea28819231651cdedfe228e893dda83f956cdd56be99ec6c61567ea4879b3,scripts/31_semisynthetic.py,.venv/Scripts/python scripts/31_semisynthetic.py --fit --config shared_d0.5_rf0.3 --seed S --threads=3,3dfe2bc68aa49279b271a02a1f2404d134495556,runs/peerreview_20261003/semisynthetic/shared_d0.5_rf0.3/shared_d0.5_rf0.3_s0_latent_usage_per_dimension.csv
semisynthetic.zip,semisynthetic/shared_d0.5_rf0.3/shared_d0.5_rf0.3_s0_latents.npz,2996056,0c54e970886af84f2e9ad0a532d5045431e50253c834046c9b0221f94177a712,scripts/31_semisynthetic.py,.venv/Scripts/python scripts/31_semisynthetic.py --fit --config shared_d0.5_rf0.3 --seed S --threads=3,3dfe2bc68aa49279b271a02a1f2404d134495556,runs/peerreview_20261003/semisynthetic/shared_d0.5_rf0.3/shared_d0.5_rf0.3_s0_latents.npz
semisynthetic.zip,semisynthetic/shared_d0.5_rf0.3/shared_d0.5_rf0.3_s0_metrics.json,1910,663e6828a6985e6c4013a92748e8641278446f9729486c33d19fce4f6c523516,scripts/31_semisynthetic.py,.venv/Scripts/python scripts/31_semisynthetic.py --fit --config shared_d0.5_rf0.3 --seed S --threads=3,3dfe2bc68aa49279b271a02a1f2404d134495556,runs/peerreview_20261003/semisynthetic/shared_d0.5_rf0.3/shared_d0.5_rf0.3_s0_metrics.json
semisynthetic.zip,semisynthetic/shared_d0.5_rf0.3/shared_d0.5_rf0.3_s1.pt,4266136,3a2ad8b88cd880e369eacdb46c691bc3c1bd5b24b6d00eb32dd3e20b20a3a431,scripts/31_semisynthetic.py,.venv/Scripts/python scripts/31_semisynthetic.py --fit --config shared_d0.5_rf0.3 --seed S --threads=3,3dfe2bc68aa49279b271a02a1f2404d134495556,runs/peerreview_20261003/semisynthetic/shared_d0.5_rf0.3/shared_d0.5_rf0.3_s1.pt
semisynthetic.zip,semisynthetic/shared_d0.5_rf0.3/shared_d0.5_rf0.3_s1_done.json,1915,aa7844e7711b33d4394cb331ca20fb98acac74d991ddf2f2e6fa629703e71834,scripts/31_semisynthetic.py,.venv/Scripts/python scripts/31_semisynthetic.py --fit --config shared_d0.5_rf0.3 --seed S --threads=3,3dfe2bc68aa49279b271a02a1f2404d134495556,runs/peerreview_20261003/semisynthetic/shared_d0.5_rf0.3/shared_d0.5_rf0.3_s1_done.json
semisynthetic.zip,semisynthetic/shared_d0.5_rf0.3/shared_d0.5_rf0.3_s1_history.csv,4224,6ca7caac3fff246bfe5aeee09eba8fe3ef2af937ed055594c5d0a70e8e2fc37f,scripts/31_semisynthetic.py,.venv/Scripts/python scripts/31_semisynthetic.py --fit --config shared_d0.5_rf0.3 --seed S --threads=3,3dfe2bc68aa49279b271a02a1f2404d134495556,runs/peerreview_20261003/semisynthetic/shared_d0.5_rf0.3/shared_d0.5_rf0.3_s1_history.csv
semisynthetic.zip,semisynthetic/shared_d0.5_rf0.3/shared_d0.5_rf0.3_s1_ig_completeness.csv,857,ff65f88d0748ba248ba0ddbe60d6e04cb90078867a392cf8a3f696e83e8265c9,scripts/31_semisynthetic.py,.venv/Scripts/python scripts/31_semisynthetic.py --fit --config shared_d0.5_rf0.3 --seed S --threads=3,3dfe2bc68aa49279b271a02a1f2404d134495556,runs/peerreview_20261003/semisynthetic/shared_d0.5_rf0.3/shared_d0.5_rf0.3_s1_ig_completeness.csv
semisynthetic.zip,semisynthetic/shared_d0.5_rf0.3/shared_d0.5_rf0.3_s1_ig_summary.csv.gz,175860,91960b1d98c601e8613ee775a324995d3869c7333b5405eca1d865e788bf0418,scripts/31_semisynthetic.py,.venv/Scripts/python scripts/31_semisynthetic.py --fit --config shared_d0.5_rf0.3 --seed S --threads=3,3dfe2bc68aa49279b271a02a1f2404d134495556,runs/peerreview_20261003/semisynthetic/shared_d0.5_rf0.3/shared_d0.5_rf0.3_s1_ig_summary.csv.gz
semisynthetic.zip,semisynthetic/shared_d0.5_rf0.3/shared_d0.5_rf0.3_s1_latent_usage_per_dimension.csv,1475,29d4f3d2b4138b00e4dd9795b71f68bce2ed5f46ff7843e4d2775148024e5263,scripts/31_semisynthetic.py,.venv/Scripts/python scripts/31_semisynthetic.py --fit --config shared_d0.5_rf0.3 --seed S --threads=3,3dfe2bc68aa49279b271a02a1f2404d134495556,runs/peerreview_20261003/semisynthetic/shared_d0.5_rf0.3/shared_d0.5_rf0.3_s1_latent_usage_per_dimension.csv
semisynthetic.zip,semisynthetic/shared_d0.5_rf0.3/shared_d0.5_rf0.3_s1_latents.npz,3006510,201758497842255aa0569bdd5dc52c7c1abaca384f4e79b7fafcc373c3eef870,scripts/31_semisynthetic.py,.venv/Scripts/python scripts/31_semisynthetic.py --fit --config shared_d0.5_rf0.3 --seed S --threads=3,3dfe2bc68aa49279b271a02a1f2404d134495556,runs/peerreview_20261003/semisynthetic/shared_d0.5_rf0.3/shared_d0.5_rf0.3_s1_latents.npz
semisynthetic.zip,semisynthetic/shared_d0.5_rf0.3/shared_d0.5_rf0.3_s1_metrics.json,1915,aa7844e7711b33d4394cb331ca20fb98acac74d991ddf2f2e6fa629703e71834,scripts/31_semisynthetic.py,.venv/Scripts/python scripts/31_semisynthetic.py --fit --config shared_d0.5_rf0.3 --seed S --threads=3,3dfe2bc68aa49279b271a02a1f2404d134495556,runs/peerreview_20261003/semisynthetic/shared_d0.5_rf0.3/shared_d0.5_rf0.3_s1_metrics.json
semisynthetic.zip,semisynthetic/shared_d0.5_rf0.3/shared_d0.5_rf0.3_s2.pt,4266136,fed506c9a2605767a84de64adaccc95671d2312f8a04cce9142451900b2a86ec,scripts/31_semisynthetic.py,.venv/Scripts/python scripts/31_semisynthetic.py --fit --config shared_d0.5_rf0.3 --seed S --threads=3,3dfe2bc68aa49279b271a02a1f2404d134495556,runs/peerreview_20261003/semisynthetic/shared_d0.5_rf0.3/shared_d0.5_rf0.3_s2.pt
semisynthetic.zip,semisynthetic/shared_d0.5_rf0.3/shared_d0.5_rf0.3_s2_done.json,1921,76394f77861b7de8cadf8b65bd2cb511c694ab95466666bb03eef566a7b16581,scripts/31_semisynthetic.py,.venv/Scripts/python scripts/31_semisynthetic.py --fit --config shared_d0.5_rf0.3 --seed S --threads=3,3dfe2bc68aa49279b271a02a1f2404d134495556,runs/peerreview_20261003/semisynthetic/shared_d0.5_rf0.3/shared_d0.5_rf0.3_s2_done.json
semisynthetic.zip,semisynthetic/shared_d0.5_rf0.3/shared_d0.5_rf0.3_s2_history.csv,4227,b6aa7c8f6cc510a46d031f723a01cf234e05b8b8edc7f6eb02c2d3a322facca3,scripts/31_semisynthetic.py,.venv/Scripts/python scripts/31_semisynthetic.py --fit --config shared_d0.5_rf0.3 --seed S --threads=3,3dfe2bc68aa49279b271a02a1f2404d134495556,runs/peerreview_20261003/semisynthetic/shared_d0.5_rf0.3/shared_d0.5_rf0.3_s2_history.csv
semisynthetic.zip,semisynthetic/shared_d0.5_rf0.3/shared_d0.5_rf0.3_s2_ig_completeness.csv,855,e870445c385d5e8d97d98294d8ad8b7568eb57be591a5a04ab131c4286c82b06,scripts/31_semisynthetic.py,.venv/Scripts/python scripts/31_semisynthetic.py --fit --config shared_d0.5_rf0.3 --seed S --threads=3,3dfe2bc68aa49279b271a02a1f2404d134495556,runs/peerreview_20261003/semisynthetic/shared_d0.5_rf0.3/shared_d0.5_rf0.3_s2_ig_completeness.csv
semisynthetic.zip,semisynthetic/shared_d0.5_rf0.3/shared_d0.5_rf0.3_s2_ig_summary.csv.gz,179496,7f8f9b1c77411fe04e3e394f9895c172f95768863e2970ac4f8b711de5d0fb0c,scripts/31_semisynthetic.py,.venv/Scripts/python scripts/31_semisynthetic.py --fit --config shared_d0.5_rf0.3 --seed S --threads=3,3dfe2bc68aa49279b271a02a1f2404d134495556,runs/peerreview_20261003/semisynthetic/shared_d0.5_rf0.3/shared_d0.5_rf0.3_s2_ig_summary.csv.gz
semisynthetic.zip,semisynthetic/shared_d0.5_rf0.3/shared_d0.5_rf0.3_s2_latent_usage_per_dimension.csv,1478,d9735488870cfc1960651eed7dd0e4ea8d18ed53923aadc5bda066a21830270d,scripts/31_semisynthetic.py,.venv/Scripts/python scripts/31_semisynthetic.py --fit --config shared_d0.5_rf0.3 --seed S --threads=3,3dfe2bc68aa49279b271a02a1f2404d134495556,runs/peerreview_20261003/semisynthetic/shared_d0.5_rf0.3/shared_d0.5_rf0.3_s2_latent_usage_per_dimension.csv
semisynthetic.zip,semisynthetic/shared_d0.5_rf0.3/shared_d0.5_rf0.3_s2_latents.npz,3000222,424d7732897821f5cf01d9727f1ac0837f924c9c4ff61c36f7925eebfc144760,scripts/31_semisynthetic.py,.venv/Scripts/python scripts/31_semisynthetic.py --fit --config shared_d0.5_rf0.3 --seed S --threads=3,3dfe2bc68aa49279b271a02a1f2404d134495556,runs/peerreview_20261003/semisynthetic/shared_d0.5_rf0.3/shared_d0.5_rf0.3_s2_latents.npz
semisynthetic.zip,semisynthetic/shared_d0.5_rf0.3/shared_d0.5_rf0.3_s2_metrics.json,1921,76394f77861b7de8cadf8b65bd2cb511c694ab95466666bb03eef566a7b16581,scripts/31_semisynthetic.py,.venv/Scripts/python scripts/31_semisynthetic.py --fit --config shared_d0.5_rf0.3 --seed S --threads=3,3dfe2bc68aa49279b271a02a1f2404d134495556,runs/peerreview_20261003/semisynthetic/shared_d0.5_rf0.3/shared_d0.5_rf0.3_s2_metrics.json
semisynthetic.zip,semisynthetic/shared_d0.5_rf1.0/shared_d0.5_rf1.0_s0.pt,4266136,67eeaa530e6e7d16c2e02e84f6175ae4ba3d993152d1e48bca34ddbf05ef4b10,scripts/31_semisynthetic.py,.venv/Scripts/python scripts/31_semisynthetic.py --fit --config shared_d0.5_rf1.0 --seed S --threads=3,3dfe2bc68aa49279b271a02a1f2404d134495556,runs/peerreview_20261003/semisynthetic/shared_d0.5_rf1.0/shared_d0.5_rf1.0_s0.pt
semisynthetic.zip,semisynthetic/shared_d0.5_rf1.0/shared_d0.5_rf1.0_s0_done.json,1922,f73aeb3db941398902ec1cdb4bf5370dde91c5bdf92a35a427a1933a8620cf0c,scripts/31_semisynthetic.py,.venv/Scripts/python scripts/31_semisynthetic.py --fit --config shared_d0.5_rf1.0 --seed S --threads=3,3dfe2bc68aa49279b271a02a1f2404d134495556,runs/peerreview_20261003/semisynthetic/shared_d0.5_rf1.0/shared_d0.5_rf1.0_s0_done.json
semisynthetic.zip,semisynthetic/shared_d0.5_rf1.0/shared_d0.5_rf1.0_s0_history.csv,4239,ec9c370691a3ee789908e0d9d0768c91760730ec4f15d91a8dc02ff836fc5e55,scripts/31_semisynthetic.py,.venv/Scripts/python scripts/31_semisynthetic.py --fit --config shared_d0.5_rf1.0 --seed S --threads=3,3dfe2bc68aa49279b271a02a1f2404d134495556,runs/peerreview_20261003/semisynthetic/shared_d0.5_rf1.0/shared_d0.5_rf1.0_s0_history.csv
semisynthetic.zip,semisynthetic/shared_d0.5_rf1.0/shared_d0.5_rf1.0_s0_ig_completeness.csv,863,827cf24cbe381b92851538ec99ac724ec14fcfe1871767f46eb7973b774962cd,scripts/31_semisynthetic.py,.venv/Scripts/python scripts/31_semisynthetic.py --fit --config shared_d0.5_rf1.0 --seed S --threads=3,3dfe2bc68aa49279b271a02a1f2404d134495556,runs/peerreview_20261003/semisynthetic/shared_d0.5_rf1.0/shared_d0.5_rf1.0_s0_ig_completeness.csv
semisynthetic.zip,semisynthetic/shared_d0.5_rf1.0/shared_d0.5_rf1.0_s0_ig_summary.csv.gz,174461,e85deab89d7669159e18798fe4ddcfb1e487bb3fe910527c5b5c0d97fb80e3b5,scripts/31_semisynthetic.py,.venv/Scripts/python scripts/31_semisynthetic.py --fit --config shared_d0.5_rf1.0 --seed S --threads=3,3dfe2bc68aa49279b271a02a1f2404d134495556,runs/peerreview_20261003/semisynthetic/shared_d0.5_rf1.0/shared_d0.5_rf1.0_s0_ig_summary.csv.gz
semisynthetic.zip,semisynthetic/shared_d0.5_rf1.0/shared_d0.5_rf1.0_s0_latent_usage_per_dimension.csv,1472,daacadf42ea2cb6209dd5631ae600621af979a2b07f84f421a7069d722fb44ba,scripts/31_semisynthetic.py,.venv/Scripts/python scripts/31_semisynthetic.py --fit --config shared_d0.5_rf1.0 --seed S --threads=3,3dfe2bc68aa49279b271a02a1f2404d134495556,runs/peerreview_20261003/semisynthetic/shared_d0.5_rf1.0/shared_d0.5_rf1.0_s0_latent_usage_per_dimension.csv
semisynthetic.zip,semisynthetic/shared_d0.5_rf1.0/shared_d0.5_rf1.0_s0_latents.npz,3004233,ee7538daae3dd12e9d1e99e2bdcfc562d47f0bfd63aa19c1b3aef07533a7861c,scripts/31_semisynthetic.py,.venv/Scripts/python scripts/31_semisynthetic.py --fit --config shared_d0.5_rf1.0 --seed S --threads=3,3dfe2bc68aa49279b271a02a1f2404d134495556,runs/peerreview_20261003/semisynthetic/shared_d0.5_rf1.0/shared_d0.5_rf1.0_s0_latents.npz
semisynthetic.zip,semisynthetic/shared_d0.5_rf1.0/shared_d0.5_rf1.0_s0_metrics.json,1922,f73aeb3db941398902ec1cdb4bf5370dde91c5bdf92a35a427a1933a8620cf0c,scripts/31_semisynthetic.py,.venv/Scripts/python scripts/31_semisynthetic.py --fit --config shared_d0.5_rf1.0 --seed S --threads=3,3dfe2bc68aa49279b271a02a1f2404d134495556,runs/peerreview_20261003/semisynthetic/shared_d0.5_rf1.0/shared_d0.5_rf1.0_s0_metrics.json
semisynthetic.zip,semisynthetic/shared_d0.5_rf1.0/shared_d0.5_rf1.0_s1.pt,4266136,895b1b00cadbe8eda75d41c5a2ba264297cbb08db679831bdd46aa64cd81bb40,scripts/31_semisynthetic.py,.venv/Scripts/python scripts/31_semisynthetic.py --fit --config shared_d0.5_rf1.0 --seed S --threads=3,3dfe2bc68aa49279b271a02a1f2404d134495556,runs/peerreview_20261003/semisynthetic/shared_d0.5_rf1.0/shared_d0.5_rf1.0_s1.pt
semisynthetic.zip,semisynthetic/shared_d0.5_rf1.0/shared_d0.5_rf1.0_s1_done.json,1917,e6ed2739fe7dd88232d7f161aa1b561f752c492a2bc84275efe83f5061ef09d4,scripts/31_semisynthetic.py,.venv/Scripts/python scripts/31_semisynthetic.py --fit --config shared_d0.5_rf1.0 --seed S --threads=3,3dfe2bc68aa49279b271a02a1f2404d134495556,runs/peerreview_20261003/semisynthetic/shared_d0.5_rf1.0/shared_d0.5_rf1.0_s1_done.json
semisynthetic.zip,semisynthetic/shared_d0.5_rf1.0/shared_d0.5_rf1.0_s1_history.csv,4228,6ee7fee23c380c009ffb92d564a9b4a15de569c0fdadb65e90e33fa5f5bf8708,scripts/31_semisynthetic.py,.venv/Scripts/python scripts/31_semisynthetic.py --fit --config shared_d0.5_rf1.0 --seed S --threads=3,3dfe2bc68aa49279b271a02a1f2404d134495556,runs/peerreview_20261003/semisynthetic/shared_d0.5_rf1.0/shared_d0.5_rf1.0_s1_history.csv
semisynthetic.zip,semisynthetic/shared_d0.5_rf1.0/shared_d0.5_rf1.0_s1_ig_completeness.csv,869,9b0b32f384ffa385bb34b459939da70463ad6da9a6d2d11c63221032e89bcf94,scripts/31_semisynthetic.py,.venv/Scripts/python scripts/31_semisynthetic.py --fit --config shared_d0.5_rf1.0 --seed S --threads=3,3dfe2bc68aa49279b271a02a1f2404d134495556,runs/peerreview_20261003/semisynthetic/shared_d0.5_rf1.0/shared_d0.5_rf1.0_s1_ig_completeness.csv
semisynthetic.zip,semisynthetic/shared_d0.5_rf1.0/shared_d0.5_rf1.0_s1_ig_summary.csv.gz,184380,6dccaa382a0b41b5343c6f7d99f46a2531bb41054ee5e360d49f8dad42874f7f,scripts/31_semisynthetic.py,.venv/Scripts/python scripts/31_semisynthetic.py --fit --config shared_d0.5_rf1.0 --seed S --threads=3,3dfe2bc68aa49279b271a02a1f2404d134495556,runs/peerreview_20261003/semisynthetic/shared_d0.5_rf1.0/shared_d0.5_rf1.0_s1_ig_summary.csv.gz
semisynthetic.zip,semisynthetic/shared_d0.5_rf1.0/shared_d0.5_rf1.0_s1_latent_usage_per_dimension.csv,1471,5f1e0ccaf2b80821f370eb0426a0e0da350d7e727e17cbde06e02461439a8362,scripts/31_semisynthetic.py,.venv/Scripts/python scripts/31_semisynthetic.py --fit --config shared_d0.5_rf1.0 --seed S --threads=3,3dfe2bc68aa49279b271a02a1f2404d134495556,runs/peerreview_20261003/semisynthetic/shared_d0.5_rf1.0/shared_d0.5_rf1.0_s1_latent_usage_per_dimension.csv
semisynthetic.zip,semisynthetic/shared_d0.5_rf1.0/shared_d0.5_rf1.0_s1_latents.npz,2997523,3cb1ede5a1329e1e64672b4bca5005fdbb49549611eacde2d7edaea5b0d2b176,scripts/31_semisynthetic.py,.venv/Scripts/python scripts/31_semisynthetic.py --fit --config shared_d0.5_rf1.0 --seed S --threads=3,3dfe2bc68aa49279b271a02a1f2404d134495556,runs/peerreview_20261003/semisynthetic/shared_d0.5_rf1.0/shared_d0.5_rf1.0_s1_latents.npz
semisynthetic.zip,semisynthetic/shared_d0.5_rf1.0/shared_d0.5_rf1.0_s1_metrics.json,1917,e6ed2739fe7dd88232d7f161aa1b561f752c492a2bc84275efe83f5061ef09d4,scripts/31_semisynthetic.py,.venv/Scripts/python scripts/31_semisynthetic.py --fit --config shared_d0.5_rf1.0 --seed S --threads=3,3dfe2bc68aa49279b271a02a1f2404d134495556,runs/peerreview_20261003/semisynthetic/shared_d0.5_rf1.0/shared_d0.5_rf1.0_s1_metrics.json
semisynthetic.zip,semisynthetic/shared_d0.5_rf1.0/shared_d0.5_rf1.0_s2.pt,4266136,d8f8c7dbf301605ee50fa416031060e3726a8203f1fd48719ffc6627f3bd25d7,scripts/31_semisynthetic.py,.venv/Scripts/python scripts/31_semisynthetic.py --fit --config shared_d0.5_rf1.0 --seed S --threads=3,3dfe2bc68aa49279b271a02a1f2404d134495556,runs/peerreview_20261003/semisynthetic/shared_d0.5_rf1.0/shared_d0.5_rf1.0_s2.pt
semisynthetic.zip,semisynthetic/shared_d0.5_rf1.0/shared_d0.5_rf1.0_s2_done.json,1916,2f8b0fe9a4115e6119013eb65ff1bce442a07d78b27898380cc24ffb81c67c74,scripts/31_semisynthetic.py,.venv/Scripts/python scripts/31_semisynthetic.py --fit --config shared_d0.5_rf1.0 --seed S --threads=3,3dfe2bc68aa49279b271a02a1f2404d134495556,runs/peerreview_20261003/semisynthetic/shared_d0.5_rf1.0/shared_d0.5_rf1.0_s2_done.json
semisynthetic.zip,semisynthetic/shared_d0.5_rf1.0/shared_d0.5_rf1.0_s2_history.csv,4240,17607da0c87616efa13d8a599b6acb462955529d702d2c37719078dcd02a3524,scripts/31_semisynthetic.py,.venv/Scripts/python scripts/31_semisynthetic.py --fit --config shared_d0.5_rf1.0 --seed S --threads=3,3dfe2bc68aa49279b271a02a1f2404d134495556,runs/peerreview_20261003/semisynthetic/shared_d0.5_rf1.0/shared_d0.5_rf1.0_s2_history.csv
semisynthetic.zip,semisynthetic/shared_d0.5_rf1.0/shared_d0.5_rf1.0_s2_ig_completeness.csv,861,8b5fb70d14c17ce2671a403d8d9e295742921cdc53a7c44b90fb5b9134772620,scripts/31_semisynthetic.py,.venv/Scripts/python scripts/31_semisynthetic.py --fit --config shared_d0.5_rf1.0 --seed S --threads=3,3dfe2bc68aa49279b271a02a1f2404d134495556,runs/peerreview_20261003/semisynthetic/shared_d0.5_rf1.0/shared_d0.5_rf1.0_s2_ig_completeness.csv
semisynthetic.zip,semisynthetic/shared_d0.5_rf1.0/shared_d0.5_rf1.0_s2_ig_summary.csv.gz,174219,ac3c1c688c38e3f8fa03a3b813c75bd2967274ace563497991dbc0f6f0d54cb5,scripts/31_semisynthetic.py,.venv/Scripts/python scripts/31_semisynthetic.py --fit --config shared_d0.5_rf1.0 --seed S --threads=3,3dfe2bc68aa49279b271a02a1f2404d134495556,runs/peerreview_20261003/semisynthetic/shared_d0.5_rf1.0/shared_d0.5_rf1.0_s2_ig_summary.csv.gz
semisynthetic.zip,semisynthetic/shared_d0.5_rf1.0/shared_d0.5_rf1.0_s2_latent_usage_per_dimension.csv,1472,b0123cbfc6f9b08db81d44dd4bf3b88d066f6631f5b04f59e1c6191e3bc8cb8e,scripts/31_semisynthetic.py,.venv/Scripts/python scripts/31_semisynthetic.py --fit --config shared_d0.5_rf1.0 --seed S --threads=3,3dfe2bc68aa49279b271a02a1f2404d134495556,runs/peerreview_20261003/semisynthetic/shared_d0.5_rf1.0/shared_d0.5_rf1.0_s2_latent_usage_per_dimension.csv
semisynthetic.zip,semisynthetic/shared_d0.5_rf1.0/shared_d0.5_rf1.0_s2_latents.npz,2997064,f39718c3cdaab72e857b1452ebc6418f0a3e4c8ecf262b60eb8d7f67bc482f70,scripts/31_semisynthetic.py,.venv/Scripts/python scripts/31_semisynthetic.py --fit --config shared_d0.5_rf1.0 --seed S --threads=3,3dfe2bc68aa49279b271a02a1f2404d134495556,runs/peerreview_20261003/semisynthetic/shared_d0.5_rf1.0/shared_d0.5_rf1.0_s2_latents.npz
semisynthetic.zip,semisynthetic/shared_d0.5_rf1.0/shared_d0.5_rf1.0_s2_metrics.json,1916,2f8b0fe9a4115e6119013eb65ff1bce442a07d78b27898380cc24ffb81c67c74,scripts/31_semisynthetic.py,.venv/Scripts/python scripts/31_semisynthetic.py --fit --config shared_d0.5_rf1.0 --seed S --threads=3,3dfe2bc68aa49279b271a02a1f2404d134495556,runs/peerreview_20261003/semisynthetic/shared_d0.5_rf1.0/shared_d0.5_rf1.0_s2_metrics.json
semisynthetic.zip,semisynthetic/shared_d1_rf0.3/shared_d1_rf0.3_s0.pt,4266010,6f1655b84c468d0173c91f7ae50d519d45b2064892e05dee5eceb77ee7b0c7b3,scripts/31_semisynthetic.py,.venv/Scripts/python scripts/31_semisynthetic.py --fit --config shared_d1_rf0.3 --seed S --threads=3,3dfe2bc68aa49279b271a02a1f2404d134495556,runs/peerreview_20261003/semisynthetic/shared_d1_rf0.3/shared_d1_rf0.3_s0.pt
semisynthetic.zip,semisynthetic/shared_d1_rf0.3/shared_d1_rf0.3_s0_done.json,1919,875d6fd86aa46de99d75a4930428dd19bbea3eda08f2173505a32816e3cf0dc6,scripts/31_semisynthetic.py,.venv/Scripts/python scripts/31_semisynthetic.py --fit --config shared_d1_rf0.3 --seed S --threads=3,3dfe2bc68aa49279b271a02a1f2404d134495556,runs/peerreview_20261003/semisynthetic/shared_d1_rf0.3/shared_d1_rf0.3_s0_done.json
semisynthetic.zip,semisynthetic/shared_d1_rf0.3/shared_d1_rf0.3_s0_history.csv,4230,f6bc1ce1bf0f77bf9a8f76db590514133975b0dd236895dc298fea6555dc4cc8,scripts/31_semisynthetic.py,.venv/Scripts/python scripts/31_semisynthetic.py --fit --config shared_d1_rf0.3 --seed S --threads=3,3dfe2bc68aa49279b271a02a1f2404d134495556,runs/peerreview_20261003/semisynthetic/shared_d1_rf0.3/shared_d1_rf0.3_s0_history.csv
semisynthetic.zip,semisynthetic/shared_d1_rf0.3/shared_d1_rf0.3_s0_ig_completeness.csv,870,1f27776fbdebec47d8fc3bb9f7e5d45a74dff6895805a606d3d523595c478b1f,scripts/31_semisynthetic.py,.venv/Scripts/python scripts/31_semisynthetic.py --fit --config shared_d1_rf0.3 --seed S --threads=3,3dfe2bc68aa49279b271a02a1f2404d134495556,runs/peerreview_20261003/semisynthetic/shared_d1_rf0.3/shared_d1_rf0.3_s0_ig_completeness.csv
semisynthetic.zip,semisynthetic/shared_d1_rf0.3/shared_d1_rf0.3_s0_ig_summary.csv.gz,178529,130bc9844727e17a8ae6bcdcbe53e7850af9fc3c603c2b1ea7e18a94f133f9a1,scripts/31_semisynthetic.py,.venv/Scripts/python scripts/31_semisynthetic.py --fit --config shared_d1_rf0.3 --seed S --threads=3,3dfe2bc68aa49279b271a02a1f2404d134495556,runs/peerreview_20261003/semisynthetic/shared_d1_rf0.3/shared_d1_rf0.3_s0_ig_summary.csv.gz
semisynthetic.zip,semisynthetic/shared_d1_rf0.3/shared_d1_rf0.3_s0_latent_usage_per_dimension.csv,1484,248ccf3d6ee006facaaca5771d71937cda6c6c3bd5614c85e36c5db1ccc8d666,scripts/31_semisynthetic.py,.venv/Scripts/python scripts/31_semisynthetic.py --fit --config shared_d1_rf0.3 --seed S --threads=3,3dfe2bc68aa49279b271a02a1f2404d134495556,runs/peerreview_20261003/semisynthetic/shared_d1_rf0.3/shared_d1_rf0.3_s0_latent_usage_per_dimension.csv
semisynthetic.zip,semisynthetic/shared_d1_rf0.3/shared_d1_rf0.3_s0_latents.npz,2998481,93076da611b99cb3227bf59337b340d7d8629b835ea46cd975bd4f695c85e667,scripts/31_semisynthetic.py,.venv/Scripts/python scripts/31_semisynthetic.py --fit --config shared_d1_rf0.3 --seed S --threads=3,3dfe2bc68aa49279b271a02a1f2404d134495556,runs/peerreview_20261003/semisynthetic/shared_d1_rf0.3/shared_d1_rf0.3_s0_latents.npz
semisynthetic.zip,semisynthetic/shared_d1_rf0.3/shared_d1_rf0.3_s0_metrics.json,1919,875d6fd86aa46de99d75a4930428dd19bbea3eda08f2173505a32816e3cf0dc6,scripts/31_semisynthetic.py,.venv/Scripts/python scripts/31_semisynthetic.py --fit --config shared_d1_rf0.3 --seed S --threads=3,3dfe2bc68aa49279b271a02a1f2404d134495556,runs/peerreview_20261003/semisynthetic/shared_d1_rf0.3/shared_d1_rf0.3_s0_metrics.json
semisynthetic.zip,semisynthetic/shared_d1_rf0.3/shared_d1_rf0.3_s1.pt,4266010,d1b44f96724e026dfbbfd1131d5cf93cf0daadd02f19d875bac5dc845d83ac42,scripts/31_semisynthetic.py,.venv/Scripts/python scripts/31_semisynthetic.py --fit --config shared_d1_rf0.3 --seed S --threads=3,3dfe2bc68aa49279b271a02a1f2404d134495556,runs/peerreview_20261003/semisynthetic/shared_d1_rf0.3/shared_d1_rf0.3_s1.pt
semisynthetic.zip,semisynthetic/shared_d1_rf0.3/shared_d1_rf0.3_s1_done.json,1913,1e3cbe65a056e77649640110acb4d47b924943b6d71b55fe0a7cdda83a7561d9,scripts/31_semisynthetic.py,.venv/Scripts/python scripts/31_semisynthetic.py --fit --config shared_d1_rf0.3 --seed S --threads=3,3dfe2bc68aa49279b271a02a1f2404d134495556,runs/peerreview_20261003/semisynthetic/shared_d1_rf0.3/shared_d1_rf0.3_s1_done.json
semisynthetic.zip,semisynthetic/shared_d1_rf0.3/shared_d1_rf0.3_s1_history.csv,4227,e9f4ab56162bb45de1697a89b5e039273ced27fc7fa687a32173d45464b63e5f,scripts/31_semisynthetic.py,.venv/Scripts/python scripts/31_semisynthetic.py --fit --config shared_d1_rf0.3 --seed S --threads=3,3dfe2bc68aa49279b271a02a1f2404d134495556,runs/peerreview_20261003/semisynthetic/shared_d1_rf0.3/shared_d1_rf0.3_s1_history.csv
semisynthetic.zip,semisynthetic/shared_d1_rf0.3/shared_d1_rf0.3_s1_ig_completeness.csv,860,7f8910d3008d665e2355d13463c18704c920576e5ef87aa373080e986fd22636,scripts/31_semisynthetic.py,.venv/Scripts/python scripts/31_semisynthetic.py --fit --config shared_d1_rf0.3 --seed S --threads=3,3dfe2bc68aa49279b271a02a1f2404d134495556,runs/peerreview_20261003/semisynthetic/shared_d1_rf0.3/shared_d1_rf0.3_s1_ig_completeness.csv
semisynthetic.zip,semisynthetic/shared_d1_rf0.3/shared_d1_rf0.3_s1_ig_summary.csv.gz,179445,3b6f4a1db8a69cb7018196a51f4ab670015883ae023cc907522f14b84e14c5b9,scripts/31_semisynthetic.py,.venv/Scripts/python scripts/31_semisynthetic.py --fit --config shared_d1_rf0.3 --seed S --threads=3,3dfe2bc68aa49279b271a02a1f2404d134495556,runs/peerreview_20261003/semisynthetic/shared_d1_rf0.3/shared_d1_rf0.3_s1_ig_summary.csv.gz
semisynthetic.zip,semisynthetic/shared_d1_rf0.3/shared_d1_rf0.3_s1_latent_usage_per_dimension.csv,1474,daba7dbe58f54f25bd6336e057112552513d8a2261948646051296023cdb359d,scripts/31_semisynthetic.py,.venv/Scripts/python scripts/31_semisynthetic.py --fit --config shared_d1_rf0.3 --seed S --threads=3,3dfe2bc68aa49279b271a02a1f2404d134495556,runs/peerreview_20261003/semisynthetic/shared_d1_rf0.3/shared_d1_rf0.3_s1_latent_usage_per_dimension.csv
semisynthetic.zip,semisynthetic/shared_d1_rf0.3/shared_d1_rf0.3_s1_latents.npz,3003496,9633a13b091e1cc0b89a334c11e1652a45d107ed706ec8f3e3152c5d864ab454,scripts/31_semisynthetic.py,.venv/Scripts/python scripts/31_semisynthetic.py --fit --config shared_d1_rf0.3 --seed S --threads=3,3dfe2bc68aa49279b271a02a1f2404d134495556,runs/peerreview_20261003/semisynthetic/shared_d1_rf0.3/shared_d1_rf0.3_s1_latents.npz
semisynthetic.zip,semisynthetic/shared_d1_rf0.3/shared_d1_rf0.3_s1_metrics.json,1913,1e3cbe65a056e77649640110acb4d47b924943b6d71b55fe0a7cdda83a7561d9,scripts/31_semisynthetic.py,.venv/Scripts/python scripts/31_semisynthetic.py --fit --config shared_d1_rf0.3 --seed S --threads=3,3dfe2bc68aa49279b271a02a1f2404d134495556,runs/peerreview_20261003/semisynthetic/shared_d1_rf0.3/shared_d1_rf0.3_s1_metrics.json
semisynthetic.zip,semisynthetic/shared_d1_rf0.3/shared_d1_rf0.3_s2.pt,4266010,05779cf6c6b036c3c21cd1a8fa9bff0167c2300b4d2b0c842b5371bd3beb7155,scripts/31_semisynthetic.py,.venv/Scripts/python scripts/31_semisynthetic.py --fit --config shared_d1_rf0.3 --seed S --threads=3,3dfe2bc68aa49279b271a02a1f2404d134495556,runs/peerreview_20261003/semisynthetic/shared_d1_rf0.3/shared_d1_rf0.3_s2.pt
semisynthetic.zip,semisynthetic/shared_d1_rf0.3/shared_d1_rf0.3_s2_done.json,1913,0a16b1783f54c32b095bc49d0ef84bccfdcc13a76b8c87248288c04c009e0148,scripts/31_semisynthetic.py,.venv/Scripts/python scripts/31_semisynthetic.py --fit --config shared_d1_rf0.3 --seed S --threads=3,3dfe2bc68aa49279b271a02a1f2404d134495556,runs/peerreview_20261003/semisynthetic/shared_d1_rf0.3/shared_d1_rf0.3_s2_done.json
semisynthetic.zip,semisynthetic/shared_d1_rf0.3/shared_d1_rf0.3_s2_history.csv,4233,d89d6df756f718526e252719b1cc285a0e843e89f1d38f2b4f5323bf8dd7430c,scripts/31_semisynthetic.py,.venv/Scripts/python scripts/31_semisynthetic.py --fit --config shared_d1_rf0.3 --seed S --threads=3,3dfe2bc68aa49279b271a02a1f2404d134495556,runs/peerreview_20261003/semisynthetic/shared_d1_rf0.3/shared_d1_rf0.3_s2_history.csv
semisynthetic.zip,semisynthetic/shared_d1_rf0.3/shared_d1_rf0.3_s2_ig_completeness.csv,868,045488c55d92b257994af8c6a871ce27abff6bd003dd71811193f0dfd211c19f,scripts/31_semisynthetic.py,.venv/Scripts/python scripts/31_semisynthetic.py --fit --config shared_d1_rf0.3 --seed S --threads=3,3dfe2bc68aa49279b271a02a1f2404d134495556,runs/peerreview_20261003/semisynthetic/shared_d1_rf0.3/shared_d1_rf0.3_s2_ig_completeness.csv
semisynthetic.zip,semisynthetic/shared_d1_rf0.3/shared_d1_rf0.3_s2_ig_summary.csv.gz,174889,01f5081d0f7d37b73ec038f665ba4ba3b9d434d968e1b6c6b15db9029708daf5,scripts/31_semisynthetic.py,.venv/Scripts/python scripts/31_semisynthetic.py --fit --config shared_d1_rf0.3 --seed S --threads=3,3dfe2bc68aa49279b271a02a1f2404d134495556,runs/peerreview_20261003/semisynthetic/shared_d1_rf0.3/shared_d1_rf0.3_s2_ig_summary.csv.gz
semisynthetic.zip,semisynthetic/shared_d1_rf0.3/shared_d1_rf0.3_s2_latent_usage_per_dimension.csv,1476,c269f21ac37f12e8825f8eb596662cf1e436e0570d08fa9e4198df8d5848738b,scripts/31_semisynthetic.py,.venv/Scripts/python scripts/31_semisynthetic.py --fit --config shared_d1_rf0.3 --seed S --threads=3,3dfe2bc68aa49279b271a02a1f2404d134495556,runs/peerreview_20261003/semisynthetic/shared_d1_rf0.3/shared_d1_rf0.3_s2_latent_usage_per_dimension.csv
semisynthetic.zip,semisynthetic/shared_d1_rf0.3/shared_d1_rf0.3_s2_latents.npz,2998073,a0dc33fa69c433ad1c75a3a2ea9c74401e4dc282ceb4c8c6f3c1b9b2a260ab82,scripts/31_semisynthetic.py,.venv/Scripts/python scripts/31_semisynthetic.py --fit --config shared_d1_rf0.3 --seed S --threads=3,3dfe2bc68aa49279b271a02a1f2404d134495556,runs/peerreview_20261003/semisynthetic/shared_d1_rf0.3/shared_d1_rf0.3_s2_latents.npz
semisynthetic.zip,semisynthetic/shared_d1_rf0.3/shared_d1_rf0.3_s2_metrics.json,1913,0a16b1783f54c32b095bc49d0ef84bccfdcc13a76b8c87248288c04c009e0148,scripts/31_semisynthetic.py,.venv/Scripts/python scripts/31_semisynthetic.py --fit --config shared_d1_rf0.3 --seed S --threads=3,3dfe2bc68aa49279b271a02a1f2404d134495556,runs/peerreview_20261003/semisynthetic/shared_d1_rf0.3/shared_d1_rf0.3_s2_metrics.json
semisynthetic.zip,semisynthetic/shared_d1_rf1.0/shared_d1_rf1.0_s0.pt,4266010,b3a4f2e39173312f75a9345e25e1fd0fdef12257cbbb679a996313200326b96c,scripts/31_semisynthetic.py,.venv/Scripts/python scripts/31_semisynthetic.py --fit --config shared_d1_rf1.0 --seed S --threads=3,3dfe2bc68aa49279b271a02a1f2404d134495556,runs/peerreview_20261003/semisynthetic/shared_d1_rf1.0/shared_d1_rf1.0_s0.pt
semisynthetic.zip,semisynthetic/shared_d1_rf1.0/shared_d1_rf1.0_s0_done.json,1909,9b01ec5568210287e13ecd457310591a39b714014844ac3d0878accd35d8efa7,scripts/31_semisynthetic.py,.venv/Scripts/python scripts/31_semisynthetic.py --fit --config shared_d1_rf1.0 --seed S --threads=3,3dfe2bc68aa49279b271a02a1f2404d134495556,runs/peerreview_20261003/semisynthetic/shared_d1_rf1.0/shared_d1_rf1.0_s0_done.json
semisynthetic.zip,semisynthetic/shared_d1_rf1.0/shared_d1_rf1.0_s0_history.csv,4223,55fa6b47249ae88417178c8015d5cdfc17774494271dfa5a539c369442111e0a,scripts/31_semisynthetic.py,.venv/Scripts/python scripts/31_semisynthetic.py --fit --config shared_d1_rf1.0 --seed S --threads=3,3dfe2bc68aa49279b271a02a1f2404d134495556,runs/peerreview_20261003/semisynthetic/shared_d1_rf1.0/shared_d1_rf1.0_s0_history.csv
semisynthetic.zip,semisynthetic/shared_d1_rf1.0/shared_d1_rf1.0_s0_ig_completeness.csv,862,83d178c031c2e66e2da565d449bcb5e3d0bcbd6217db9a154bce01f53777e89a,scripts/31_semisynthetic.py,.venv/Scripts/python scripts/31_semisynthetic.py --fit --config shared_d1_rf1.0 --seed S --threads=3,3dfe2bc68aa49279b271a02a1f2404d134495556,runs/peerreview_20261003/semisynthetic/shared_d1_rf1.0/shared_d1_rf1.0_s0_ig_completeness.csv
semisynthetic.zip,semisynthetic/shared_d1_rf1.0/shared_d1_rf1.0_s0_ig_summary.csv.gz,174973,9b07a371e5578ec70a429ea4f5600ee798d77118bbb058a8f0e747fb9528495c,scripts/31_semisynthetic.py,.venv/Scripts/python scripts/31_semisynthetic.py --fit --config shared_d1_rf1.0 --seed S --threads=3,3dfe2bc68aa49279b271a02a1f2404d134495556,runs/peerreview_20261003/semisynthetic/shared_d1_rf1.0/shared_d1_rf1.0_s0_ig_summary.csv.gz
semisynthetic.zip,semisynthetic/shared_d1_rf1.0/shared_d1_rf1.0_s0_latent_usage_per_dimension.csv,1471,610410695fb684ef3c7d7fe69329c9defd818c6759dca30cbffecd1639b8c212,scripts/31_semisynthetic.py,.venv/Scripts/python scripts/31_semisynthetic.py --fit --config shared_d1_rf1.0 --seed S --threads=3,3dfe2bc68aa49279b271a02a1f2404d134495556,runs/peerreview_20261003/semisynthetic/shared_d1_rf1.0/shared_d1_rf1.0_s0_latent_usage_per_dimension.csv
semisynthetic.zip,semisynthetic/shared_d1_rf1.0/shared_d1_rf1.0_s0_latents.npz,3012897,c96efbb7af8540ef54a04893920da1a260c5be6588c711f7b85c6f848834701b,scripts/31_semisynthetic.py,.venv/Scripts/python scripts/31_semisynthetic.py --fit --config shared_d1_rf1.0 --seed S --threads=3,3dfe2bc68aa49279b271a02a1f2404d134495556,runs/peerreview_20261003/semisynthetic/shared_d1_rf1.0/shared_d1_rf1.0_s0_latents.npz
semisynthetic.zip,semisynthetic/shared_d1_rf1.0/shared_d1_rf1.0_s0_metrics.json,1909,9b01ec5568210287e13ecd457310591a39b714014844ac3d0878accd35d8efa7,scripts/31_semisynthetic.py,.venv/Scripts/python scripts/31_semisynthetic.py --fit --config shared_d1_rf1.0 --seed S --threads=3,3dfe2bc68aa49279b271a02a1f2404d134495556,runs/peerreview_20261003/semisynthetic/shared_d1_rf1.0/shared_d1_rf1.0_s0_metrics.json
semisynthetic.zip,semisynthetic/shared_d1_rf1.0/shared_d1_rf1.0_s1.pt,4266010,5c18d2fbae88bc6bf05b48084c847f4b0c8abeff0336117da338c0cae2b5f3cb,scripts/31_semisynthetic.py,.venv/Scripts/python scripts/31_semisynthetic.py --fit --config shared_d1_rf1.0 --seed S --threads=3,3dfe2bc68aa49279b271a02a1f2404d134495556,runs/peerreview_20261003/semisynthetic/shared_d1_rf1.0/shared_d1_rf1.0_s1.pt
semisynthetic.zip,semisynthetic/shared_d1_rf1.0/shared_d1_rf1.0_s1_done.json,1915,febd457cd80347f6fac27c94a2b4cccb409ba98b6f2baeba3b1599d387b79339,scripts/31_semisynthetic.py,.venv/Scripts/python scripts/31_semisynthetic.py --fit --config shared_d1_rf1.0 --seed S --threads=3,3dfe2bc68aa49279b271a02a1f2404d134495556,runs/peerreview_20261003/semisynthetic/shared_d1_rf1.0/shared_d1_rf1.0_s1_done.json
semisynthetic.zip,semisynthetic/shared_d1_rf1.0/shared_d1_rf1.0_s1_history.csv,4231,864a7781ca102bf7ebca7ce659de244d3d3b9d412cd9cf4e1f440521a28bec78,scripts/31_semisynthetic.py,.venv/Scripts/python scripts/31_semisynthetic.py --fit --config shared_d1_rf1.0 --seed S --threads=3,3dfe2bc68aa49279b271a02a1f2404d134495556,runs/peerreview_20261003/semisynthetic/shared_d1_rf1.0/shared_d1_rf1.0_s1_history.csv
semisynthetic.zip,semisynthetic/shared_d1_rf1.0/shared_d1_rf1.0_s1_ig_completeness.csv,860,92e4b3def5e47a95b9b89b7c6e1ff7e1862303cf94e608fddb3f4f85a73d9db6,scripts/31_semisynthetic.py,.venv/Scripts/python scripts/31_semisynthetic.py --fit --config shared_d1_rf1.0 --seed S --threads=3,3dfe2bc68aa49279b271a02a1f2404d134495556,runs/peerreview_20261003/semisynthetic/shared_d1_rf1.0/shared_d1_rf1.0_s1_ig_completeness.csv
semisynthetic.zip,semisynthetic/shared_d1_rf1.0/shared_d1_rf1.0_s1_ig_summary.csv.gz,178921,9736b45b2845007d687caeeff4d0ce04a20a1ad1b268b2e2bb2b57b740de364f,scripts/31_semisynthetic.py,.venv/Scripts/python scripts/31_semisynthetic.py --fit --config shared_d1_rf1.0 --seed S --threads=3,3dfe2bc68aa49279b271a02a1f2404d134495556,runs/peerreview_20261003/semisynthetic/shared_d1_rf1.0/shared_d1_rf1.0_s1_ig_summary.csv.gz
semisynthetic.zip,semisynthetic/shared_d1_rf1.0/shared_d1_rf1.0_s1_latent_usage_per_dimension.csv,1462,65ac102788b78efc364669481ee96b49c144ee1d389e5756414138c0e0a75fc9,scripts/31_semisynthetic.py,.venv/Scripts/python scripts/31_semisynthetic.py --fit --config shared_d1_rf1.0 --seed S --threads=3,3dfe2bc68aa49279b271a02a1f2404d134495556,runs/peerreview_20261003/semisynthetic/shared_d1_rf1.0/shared_d1_rf1.0_s1_latent_usage_per_dimension.csv
semisynthetic.zip,semisynthetic/shared_d1_rf1.0/shared_d1_rf1.0_s1_latents.npz,3000048,463b11a84db619b1f4dfce0ececfd666c1af6d875ae8b7bbb8474ec229ca32b8,scripts/31_semisynthetic.py,.venv/Scripts/python scripts/31_semisynthetic.py --fit --config shared_d1_rf1.0 --seed S --threads=3,3dfe2bc68aa49279b271a02a1f2404d134495556,runs/peerreview_20261003/semisynthetic/shared_d1_rf1.0/shared_d1_rf1.0_s1_latents.npz
semisynthetic.zip,semisynthetic/shared_d1_rf1.0/shared_d1_rf1.0_s1_metrics.json,1915,febd457cd80347f6fac27c94a2b4cccb409ba98b6f2baeba3b1599d387b79339,scripts/31_semisynthetic.py,.venv/Scripts/python scripts/31_semisynthetic.py --fit --config shared_d1_rf1.0 --seed S --threads=3,3dfe2bc68aa49279b271a02a1f2404d134495556,runs/peerreview_20261003/semisynthetic/shared_d1_rf1.0/shared_d1_rf1.0_s1_metrics.json
semisynthetic.zip,semisynthetic/shared_d1_rf1.0/shared_d1_rf1.0_s2.pt,4266010,7133d72f3f1fff3902e692107103ee8f05778cb35fafc0bbd3ec3e81cc16fba2,scripts/31_semisynthetic.py,.venv/Scripts/python scripts/31_semisynthetic.py --fit --config shared_d1_rf1.0 --seed S --threads=3,3dfe2bc68aa49279b271a02a1f2404d134495556,runs/peerreview_20261003/semisynthetic/shared_d1_rf1.0/shared_d1_rf1.0_s2.pt
semisynthetic.zip,semisynthetic/shared_d1_rf1.0/shared_d1_rf1.0_s2_done.json,1911,910c7fefa97d728d3ccb88efcc46b7330fcfdfe5d4949024f5e92e88da956ed2,scripts/31_semisynthetic.py,.venv/Scripts/python scripts/31_semisynthetic.py --fit --config shared_d1_rf1.0 --seed S --threads=3,3dfe2bc68aa49279b271a02a1f2404d134495556,runs/peerreview_20261003/semisynthetic/shared_d1_rf1.0/shared_d1_rf1.0_s2_done.json
semisynthetic.zip,semisynthetic/shared_d1_rf1.0/shared_d1_rf1.0_s2_history.csv,4236,2fcf8b1f21c3c4c0322b246338641c56c8a34852e16436a645abd1cca2e0c45a,scripts/31_semisynthetic.py,.venv/Scripts/python scripts/31_semisynthetic.py --fit --config shared_d1_rf1.0 --seed S --threads=3,3dfe2bc68aa49279b271a02a1f2404d134495556,runs/peerreview_20261003/semisynthetic/shared_d1_rf1.0/shared_d1_rf1.0_s2_history.csv
semisynthetic.zip,semisynthetic/shared_d1_rf1.0/shared_d1_rf1.0_s2_ig_completeness.csv,860,12d11dd7c078a242940501a47c3587ef3e414d2ce27ddb869c26c99d212a4eab,scripts/31_semisynthetic.py,.venv/Scripts/python scripts/31_semisynthetic.py --fit --config shared_d1_rf1.0 --seed S --threads=3,3dfe2bc68aa49279b271a02a1f2404d134495556,runs/peerreview_20261003/semisynthetic/shared_d1_rf1.0/shared_d1_rf1.0_s2_ig_completeness.csv
semisynthetic.zip,semisynthetic/shared_d1_rf1.0/shared_d1_rf1.0_s2_ig_summary.csv.gz,180721,3387c8bcdc6afdff1557d851527dfc132c3e04de3496b8726da97b525b68e7fa,scripts/31_semisynthetic.py,.venv/Scripts/python scripts/31_semisynthetic.py --fit --config shared_d1_rf1.0 --seed S --threads=3,3dfe2bc68aa49279b271a02a1f2404d134495556,runs/peerreview_20261003/semisynthetic/shared_d1_rf1.0/shared_d1_rf1.0_s2_ig_summary.csv.gz
semisynthetic.zip,semisynthetic/shared_d1_rf1.0/shared_d1_rf1.0_s2_latent_usage_per_dimension.csv,1467,7a33ea479bfef47ed965b4c8d022dbd54c3c9fd04eb0970c30cb039b9cf20390,scripts/31_semisynthetic.py,.venv/Scripts/python scripts/31_semisynthetic.py --fit --config shared_d1_rf1.0 --seed S --threads=3,3dfe2bc68aa49279b271a02a1f2404d134495556,runs/peerreview_20261003/semisynthetic/shared_d1_rf1.0/shared_d1_rf1.0_s2_latent_usage_per_dimension.csv
semisynthetic.zip,semisynthetic/shared_d1_rf1.0/shared_d1_rf1.0_s2_latents.npz,2988971,fca21d901523c719d0d0e1d323decd412c27cf6044fec696b3875eaa0ca3dd80,scripts/31_semisynthetic.py,.venv/Scripts/python scripts/31_semisynthetic.py --fit --config shared_d1_rf1.0 --seed S --threads=3,3dfe2bc68aa49279b271a02a1f2404d134495556,runs/peerreview_20261003/semisynthetic/shared_d1_rf1.0/shared_d1_rf1.0_s2_latents.npz
semisynthetic.zip,semisynthetic/shared_d1_rf1.0/shared_d1_rf1.0_s2_metrics.json,1911,910c7fefa97d728d3ccb88efcc46b7330fcfdfe5d4949024f5e92e88da956ed2,scripts/31_semisynthetic.py,.venv/Scripts/python scripts/31_semisynthetic.py --fit --config shared_d1_rf1.0 --seed S --threads=3,3dfe2bc68aa49279b271a02a1f2404d134495556,runs/peerreview_20261003/semisynthetic/shared_d1_rf1.0/shared_d1_rf1.0_s2_metrics.json
semisynthetic.zip,semisynthetic/shared_d2_rf0.3/shared_d2_rf0.3_s0.pt,4266010,2f71efd5818860699147590ef51562ae018d6db0d8e3820320e950c1e111ecfb,scripts/31_semisynthetic.py,.venv/Scripts/python scripts/31_semisynthetic.py --fit --config shared_d2_rf0.3 --seed S --threads=3,3dfe2bc68aa49279b271a02a1f2404d134495556,runs/peerreview_20261003/semisynthetic/shared_d2_rf0.3/shared_d2_rf0.3_s0.pt
semisynthetic.zip,semisynthetic/shared_d2_rf0.3/shared_d2_rf0.3_s0_done.json,1919,1a71972b2c671c276cc47a98541c8f588f2ab098ac0f0a54552397636fc63e1e,scripts/31_semisynthetic.py,.venv/Scripts/python scripts/31_semisynthetic.py --fit --config shared_d2_rf0.3 --seed S --threads=3,3dfe2bc68aa49279b271a02a1f2404d134495556,runs/peerreview_20261003/semisynthetic/shared_d2_rf0.3/shared_d2_rf0.3_s0_done.json
semisynthetic.zip,semisynthetic/shared_d2_rf0.3/shared_d2_rf0.3_s0_history.csv,4236,765ab2e4dc835e3cd1b0f2e61f0b812ae8e2a7a67abda7251b9bd8e486980ac3,scripts/31_semisynthetic.py,.venv/Scripts/python scripts/31_semisynthetic.py --fit --config shared_d2_rf0.3 --seed S --threads=3,3dfe2bc68aa49279b271a02a1f2404d134495556,runs/peerreview_20261003/semisynthetic/shared_d2_rf0.3/shared_d2_rf0.3_s0_history.csv
semisynthetic.zip,semisynthetic/shared_d2_rf0.3/shared_d2_rf0.3_s0_ig_completeness.csv,862,141143575c172a42356add6e6c92026a4013d3e746e5c81e264d6627e8c373e5,scripts/31_semisynthetic.py,.venv/Scripts/python scripts/31_semisynthetic.py --fit --config shared_d2_rf0.3 --seed S --threads=3,3dfe2bc68aa49279b271a02a1f2404d134495556,runs/peerreview_20261003/semisynthetic/shared_d2_rf0.3/shared_d2_rf0.3_s0_ig_completeness.csv
semisynthetic.zip,semisynthetic/shared_d2_rf0.3/shared_d2_rf0.3_s0_ig_summary.csv.gz,172655,477dcfe44d52165eca0752d712ab86f914bf04388e40723efcadea3eda508176,scripts/31_semisynthetic.py,.venv/Scripts/python scripts/31_semisynthetic.py --fit --config shared_d2_rf0.3 --seed S --threads=3,3dfe2bc68aa49279b271a02a1f2404d134495556,runs/peerreview_20261003/semisynthetic/shared_d2_rf0.3/shared_d2_rf0.3_s0_ig_summary.csv.gz
semisynthetic.zip,semisynthetic/shared_d2_rf0.3/shared_d2_rf0.3_s0_latent_usage_per_dimension.csv,1475,58496a47b599043da3d2bb376d16e9b2f9e162e28cd28248cc6192d157674675,scripts/31_semisynthetic.py,.venv/Scripts/python scripts/31_semisynthetic.py --fit --config shared_d2_rf0.3 --seed S --threads=3,3dfe2bc68aa49279b271a02a1f2404d134495556,runs/peerreview_20261003/semisynthetic/shared_d2_rf0.3/shared_d2_rf0.3_s0_latent_usage_per_dimension.csv
semisynthetic.zip,semisynthetic/shared_d2_rf0.3/shared_d2_rf0.3_s0_latents.npz,2999303,9066f2612a1e62128b3e26a72d920645be1efee43045d43743f6c71d261a5f29,scripts/31_semisynthetic.py,.venv/Scripts/python scripts/31_semisynthetic.py --fit --config shared_d2_rf0.3 --seed S --threads=3,3dfe2bc68aa49279b271a02a1f2404d134495556,runs/peerreview_20261003/semisynthetic/shared_d2_rf0.3/shared_d2_rf0.3_s0_latents.npz
semisynthetic.zip,semisynthetic/shared_d2_rf0.3/shared_d2_rf0.3_s0_metrics.json,1919,1a71972b2c671c276cc47a98541c8f588f2ab098ac0f0a54552397636fc63e1e,scripts/31_semisynthetic.py,.venv/Scripts/python scripts/31_semisynthetic.py --fit --config shared_d2_rf0.3 --seed S --threads=3,3dfe2bc68aa49279b271a02a1f2404d134495556,runs/peerreview_20261003/semisynthetic/shared_d2_rf0.3/shared_d2_rf0.3_s0_metrics.json
semisynthetic.zip,semisynthetic/shared_d2_rf0.3/shared_d2_rf0.3_s1.pt,4266010,d945a9a66d98830725309ce50a9faa21bbe16da61dac013d202a15d461c1156a,scripts/31_semisynthetic.py,.venv/Scripts/python scripts/31_semisynthetic.py --fit --config shared_d2_rf0.3 --seed S --threads=3,3dfe2bc68aa49279b271a02a1f2404d134495556,runs/peerreview_20261003/semisynthetic/shared_d2_rf0.3/shared_d2_rf0.3_s1.pt
semisynthetic.zip,semisynthetic/shared_d2_rf0.3/shared_d2_rf0.3_s1_done.json,1901,f5d5dbd5cbb90ab13e4ebe4b1aa60a7b2491ffca9ded2e112885b52351313b5e,scripts/31_semisynthetic.py,.venv/Scripts/python scripts/31_semisynthetic.py --fit --config shared_d2_rf0.3 --seed S --threads=3,3dfe2bc68aa49279b271a02a1f2404d134495556,runs/peerreview_20261003/semisynthetic/shared_d2_rf0.3/shared_d2_rf0.3_s1_done.json
semisynthetic.zip,semisynthetic/shared_d2_rf0.3/shared_d2_rf0.3_s1_history.csv,4231,eea4f61963638157fd2ca226c7b3e6b3715607fd478f91c99b9a697316ca5431,scripts/31_semisynthetic.py,.venv/Scripts/python scripts/31_semisynthetic.py --fit --config shared_d2_rf0.3 --seed S --threads=3,3dfe2bc68aa49279b271a02a1f2404d134495556,runs/peerreview_20261003/semisynthetic/shared_d2_rf0.3/shared_d2_rf0.3_s1_history.csv
semisynthetic.zip,semisynthetic/shared_d2_rf0.3/shared_d2_rf0.3_s1_ig_completeness.csv,861,21ef9f105fcabe8553bba8e7f773c3a813551193c23a533fb2935ad2645e4fb2,scripts/31_semisynthetic.py,.venv/Scripts/python scripts/31_semisynthetic.py --fit --config shared_d2_rf0.3 --seed S --threads=3,3dfe2bc68aa49279b271a02a1f2404d134495556,runs/peerreview_20261003/semisynthetic/shared_d2_rf0.3/shared_d2_rf0.3_s1_ig_completeness.csv
semisynthetic.zip,semisynthetic/shared_d2_rf0.3/shared_d2_rf0.3_s1_ig_summary.csv.gz,177910,3609d140269e6141dd7b019f4b708966f8e879889fecf315a748ba8345da55b1,scripts/31_semisynthetic.py,.venv/Scripts/python scripts/31_semisynthetic.py --fit --config shared_d2_rf0.3 --seed S --threads=3,3dfe2bc68aa49279b271a02a1f2404d134495556,runs/peerreview_20261003/semisynthetic/shared_d2_rf0.3/shared_d2_rf0.3_s1_ig_summary.csv.gz
semisynthetic.zip,semisynthetic/shared_d2_rf0.3/shared_d2_rf0.3_s1_latent_usage_per_dimension.csv,1467,d25a533d68c09ce95d93f7654cdeec8513226f619da0299cbe3e468804ed8466,scripts/31_semisynthetic.py,.venv/Scripts/python scripts/31_semisynthetic.py --fit --config shared_d2_rf0.3 --seed S --threads=3,3dfe2bc68aa49279b271a02a1f2404d134495556,runs/peerreview_20261003/semisynthetic/shared_d2_rf0.3/shared_d2_rf0.3_s1_latent_usage_per_dimension.csv
semisynthetic.zip,semisynthetic/shared_d2_rf0.3/shared_d2_rf0.3_s1_latents.npz,2982144,cef94a0785ecf98b067e14c803cd0824de533d72e4e4febd84a6a8cfb5c39dd4,scripts/31_semisynthetic.py,.venv/Scripts/python scripts/31_semisynthetic.py --fit --config shared_d2_rf0.3 --seed S --threads=3,3dfe2bc68aa49279b271a02a1f2404d134495556,runs/peerreview_20261003/semisynthetic/shared_d2_rf0.3/shared_d2_rf0.3_s1_latents.npz
semisynthetic.zip,semisynthetic/shared_d2_rf0.3/shared_d2_rf0.3_s1_metrics.json,1901,f5d5dbd5cbb90ab13e4ebe4b1aa60a7b2491ffca9ded2e112885b52351313b5e,scripts/31_semisynthetic.py,.venv/Scripts/python scripts/31_semisynthetic.py --fit --config shared_d2_rf0.3 --seed S --threads=3,3dfe2bc68aa49279b271a02a1f2404d134495556,runs/peerreview_20261003/semisynthetic/shared_d2_rf0.3/shared_d2_rf0.3_s1_metrics.json
semisynthetic.zip,semisynthetic/shared_d2_rf0.3/shared_d2_rf0.3_s2.pt,4266010,735434b1405bb7dcbedf5ded07118b680501cea1abe850f8b0af8906cebef181,scripts/31_semisynthetic.py,.venv/Scripts/python scripts/31_semisynthetic.py --fit --config shared_d2_rf0.3 --seed S --threads=3,3dfe2bc68aa49279b271a02a1f2404d134495556,runs/peerreview_20261003/semisynthetic/shared_d2_rf0.3/shared_d2_rf0.3_s2.pt
semisynthetic.zip,semisynthetic/shared_d2_rf0.3/shared_d2_rf0.3_s2_done.json,1903,6274c729e40544179910b3363c533ff730de659e88b05fb7c4aaec28d5c3240b,scripts/31_semisynthetic.py,.venv/Scripts/python scripts/31_semisynthetic.py --fit --config shared_d2_rf0.3 --seed S --threads=3,3dfe2bc68aa49279b271a02a1f2404d134495556,runs/peerreview_20261003/semisynthetic/shared_d2_rf0.3/shared_d2_rf0.3_s2_done.json
semisynthetic.zip,semisynthetic/shared_d2_rf0.3/shared_d2_rf0.3_s2_history.csv,4224,0c81273114d219ca48055ef4b12537ff7f32bc121c1f37741cf495049275bb5d,scripts/31_semisynthetic.py,.venv/Scripts/python scripts/31_semisynthetic.py --fit --config shared_d2_rf0.3 --seed S --threads=3,3dfe2bc68aa49279b271a02a1f2404d134495556,runs/peerreview_20261003/semisynthetic/shared_d2_rf0.3/shared_d2_rf0.3_s2_history.csv
semisynthetic.zip,semisynthetic/shared_d2_rf0.3/shared_d2_rf0.3_s2_ig_completeness.csv,863,6821f1d8839a89674b9735fa3e54470b85b1e0d68fcce32cfea2f549307f2685,scripts/31_semisynthetic.py,.venv/Scripts/python scripts/31_semisynthetic.py --fit --config shared_d2_rf0.3 --seed S --threads=3,3dfe2bc68aa49279b271a02a1f2404d134495556,runs/peerreview_20261003/semisynthetic/shared_d2_rf0.3/shared_d2_rf0.3_s2_ig_completeness.csv
semisynthetic.zip,semisynthetic/shared_d2_rf0.3/shared_d2_rf0.3_s2_ig_summary.csv.gz,173007,cad998ac891101e0b8db3114cfcdc4f729f2de6be94c966b71a94ff540b659e7,scripts/31_semisynthetic.py,.venv/Scripts/python scripts/31_semisynthetic.py --fit --config shared_d2_rf0.3 --seed S --threads=3,3dfe2bc68aa49279b271a02a1f2404d134495556,runs/peerreview_20261003/semisynthetic/shared_d2_rf0.3/shared_d2_rf0.3_s2_ig_summary.csv.gz
semisynthetic.zip,semisynthetic/shared_d2_rf0.3/shared_d2_rf0.3_s2_latent_usage_per_dimension.csv,1469,13f26f0712fcf8ed696d2892337dcd178c1b56ab3ad689e42a4efc2e4fb43d8a,scripts/31_semisynthetic.py,.venv/Scripts/python scripts/31_semisynthetic.py --fit --config shared_d2_rf0.3 --seed S --threads=3,3dfe2bc68aa49279b271a02a1f2404d134495556,runs/peerreview_20261003/semisynthetic/shared_d2_rf0.3/shared_d2_rf0.3_s2_latent_usage_per_dimension.csv
semisynthetic.zip,semisynthetic/shared_d2_rf0.3/shared_d2_rf0.3_s2_latents.npz,3002039,26f64be30644b7f5155cdde5b65e9d7127143925f11b813d0809988dbd7fc72e,scripts/31_semisynthetic.py,.venv/Scripts/python scripts/31_semisynthetic.py --fit --config shared_d2_rf0.3 --seed S --threads=3,3dfe2bc68aa49279b271a02a1f2404d134495556,runs/peerreview_20261003/semisynthetic/shared_d2_rf0.3/shared_d2_rf0.3_s2_latents.npz
semisynthetic.zip,semisynthetic/shared_d2_rf0.3/shared_d2_rf0.3_s2_metrics.json,1903,6274c729e40544179910b3363c533ff730de659e88b05fb7c4aaec28d5c3240b,scripts/31_semisynthetic.py,.venv/Scripts/python scripts/31_semisynthetic.py --fit --config shared_d2_rf0.3 --seed S --threads=3,3dfe2bc68aa49279b271a02a1f2404d134495556,runs/peerreview_20261003/semisynthetic/shared_d2_rf0.3/shared_d2_rf0.3_s2_metrics.json
semisynthetic.zip,semisynthetic/shared_d2_rf1.0/shared_d2_rf1.0_s0.pt,4266010,3a2b344b5bdf4e1927d16090b285f1951b255b0f1c964ce1fcc4850fb2995df1,scripts/31_semisynthetic.py,.venv/Scripts/python scripts/31_semisynthetic.py --fit --config shared_d2_rf1.0 --seed S --threads=3,3dfe2bc68aa49279b271a02a1f2404d134495556,runs/peerreview_20261003/semisynthetic/shared_d2_rf1.0/shared_d2_rf1.0_s0.pt
semisynthetic.zip,semisynthetic/shared_d2_rf1.0/shared_d2_rf1.0_s0_done.json,1911,d886e3056517a322f156eb1ebc21f5629b187e59f234c740cec7215a8ab23174,scripts/31_semisynthetic.py,.venv/Scripts/python scripts/31_semisynthetic.py --fit --config shared_d2_rf1.0 --seed S --threads=3,3dfe2bc68aa49279b271a02a1f2404d134495556,runs/peerreview_20261003/semisynthetic/shared_d2_rf1.0/shared_d2_rf1.0_s0_done.json
semisynthetic.zip,semisynthetic/shared_d2_rf1.0/shared_d2_rf1.0_s0_history.csv,4233,f4cb4fc938971b909c2c5aa4a3d045ef8517520b9b25f9ddb39804e4f2a7ddf4,scripts/31_semisynthetic.py,.venv/Scripts/python scripts/31_semisynthetic.py --fit --config shared_d2_rf1.0 --seed S --threads=3,3dfe2bc68aa49279b271a02a1f2404d134495556,runs/peerreview_20261003/semisynthetic/shared_d2_rf1.0/shared_d2_rf1.0_s0_history.csv
semisynthetic.zip,semisynthetic/shared_d2_rf1.0/shared_d2_rf1.0_s0_ig_completeness.csv,854,e2788ef59f253d547e3a180320e0b770493b11988b421fcaf1ff23457a402362,scripts/31_semisynthetic.py,.venv/Scripts/python scripts/31_semisynthetic.py --fit --config shared_d2_rf1.0 --seed S --threads=3,3dfe2bc68aa49279b271a02a1f2404d134495556,runs/peerreview_20261003/semisynthetic/shared_d2_rf1.0/shared_d2_rf1.0_s0_ig_completeness.csv
semisynthetic.zip,semisynthetic/shared_d2_rf1.0/shared_d2_rf1.0_s0_ig_summary.csv.gz,168769,91d505b19e9d446712a8aa12a51cec1cb18e5281df72488e7042317f6c097895,scripts/31_semisynthetic.py,.venv/Scripts/python scripts/31_semisynthetic.py --fit --config shared_d2_rf1.0 --seed S --threads=3,3dfe2bc68aa49279b271a02a1f2404d134495556,runs/peerreview_20261003/semisynthetic/shared_d2_rf1.0/shared_d2_rf1.0_s0_ig_summary.csv.gz
semisynthetic.zip,semisynthetic/shared_d2_rf1.0/shared_d2_rf1.0_s0_latent_usage_per_dimension.csv,1464,b13fda5c86b9d905353908ad73f61a3e8f8800e49f4a51072bef2cbb86f460bf,scripts/31_semisynthetic.py,.venv/Scripts/python scripts/31_semisynthetic.py --fit --config shared_d2_rf1.0 --seed S --threads=3,3dfe2bc68aa49279b271a02a1f2404d134495556,runs/peerreview_20261003/semisynthetic/shared_d2_rf1.0/shared_d2_rf1.0_s0_latent_usage_per_dimension.csv
semisynthetic.zip,semisynthetic/shared_d2_rf1.0/shared_d2_rf1.0_s0_latents.npz,3007931,2e4242a1c8c6a705d5a5d61f9ca7e51c7f667c016fdfa037fd19b5a6abfe708f,scripts/31_semisynthetic.py,.venv/Scripts/python scripts/31_semisynthetic.py --fit --config shared_d2_rf1.0 --seed S --threads=3,3dfe2bc68aa49279b271a02a1f2404d134495556,runs/peerreview_20261003/semisynthetic/shared_d2_rf1.0/shared_d2_rf1.0_s0_latents.npz
semisynthetic.zip,semisynthetic/shared_d2_rf1.0/shared_d2_rf1.0_s0_metrics.json,1911,d886e3056517a322f156eb1ebc21f5629b187e59f234c740cec7215a8ab23174,scripts/31_semisynthetic.py,.venv/Scripts/python scripts/31_semisynthetic.py --fit --config shared_d2_rf1.0 --seed S --threads=3,3dfe2bc68aa49279b271a02a1f2404d134495556,runs/peerreview_20261003/semisynthetic/shared_d2_rf1.0/shared_d2_rf1.0_s0_metrics.json
semisynthetic.zip,semisynthetic/shared_d2_rf1.0/shared_d2_rf1.0_s1.pt,4266010,0b6f00f9873616b1a72c6101b14ff29bb96e0fcdd5ffe6eb6374f67adcf21981,scripts/31_semisynthetic.py,.venv/Scripts/python scripts/31_semisynthetic.py --fit --config shared_d2_rf1.0 --seed S --threads=3,3dfe2bc68aa49279b271a02a1f2404d134495556,runs/peerreview_20261003/semisynthetic/shared_d2_rf1.0/shared_d2_rf1.0_s1.pt
semisynthetic.zip,semisynthetic/shared_d2_rf1.0/shared_d2_rf1.0_s1_done.json,1913,2d26a835352b81bdc11fac1554d330ecfdf8c905e4293bce655e21ac46a4fb7b,scripts/31_semisynthetic.py,.venv/Scripts/python scripts/31_semisynthetic.py --fit --config shared_d2_rf1.0 --seed S --threads=3,3dfe2bc68aa49279b271a02a1f2404d134495556,runs/peerreview_20261003/semisynthetic/shared_d2_rf1.0/shared_d2_rf1.0_s1_done.json
semisynthetic.zip,semisynthetic/shared_d2_rf1.0/shared_d2_rf1.0_s1_history.csv,4225,59bd16e41f089cd2db79c9fc9a2419b71b04f35736051d54064a62638f6e9b25,scripts/31_semisynthetic.py,.venv/Scripts/python scripts/31_semisynthetic.py --fit --config shared_d2_rf1.0 --seed S --threads=3,3dfe2bc68aa49279b271a02a1f2404d134495556,runs/peerreview_20261003/semisynthetic/shared_d2_rf1.0/shared_d2_rf1.0_s1_history.csv
semisynthetic.zip,semisynthetic/shared_d2_rf1.0/shared_d2_rf1.0_s1_ig_completeness.csv,863,babc7815878af91f2d9ad49ecf791abd78085218d6a3d4a61efaea4067a5e220,scripts/31_semisynthetic.py,.venv/Scripts/python scripts/31_semisynthetic.py --fit --config shared_d2_rf1.0 --seed S --threads=3,3dfe2bc68aa49279b271a02a1f2404d134495556,runs/peerreview_20261003/semisynthetic/shared_d2_rf1.0/shared_d2_rf1.0_s1_ig_completeness.csv
semisynthetic.zip,semisynthetic/shared_d2_rf1.0/shared_d2_rf1.0_s1_ig_summary.csv.gz,174767,153a50463a16e2751b137cc7497fa2fdc8017a374aebbe202d9fac1d7254b6f6,scripts/31_semisynthetic.py,.venv/Scripts/python scripts/31_semisynthetic.py --fit --config shared_d2_rf1.0 --seed S --threads=3,3dfe2bc68aa49279b271a02a1f2404d134495556,runs/peerreview_20261003/semisynthetic/shared_d2_rf1.0/shared_d2_rf1.0_s1_ig_summary.csv.gz
semisynthetic.zip,semisynthetic/shared_d2_rf1.0/shared_d2_rf1.0_s1_latent_usage_per_dimension.csv,1471,b3d21d3772d2fc5b0f9f80130a026856c7f9ab4dd57a9746e1f169eaf09b6769,scripts/31_semisynthetic.py,.venv/Scripts/python scripts/31_semisynthetic.py --fit --config shared_d2_rf1.0 --seed S --threads=3,3dfe2bc68aa49279b271a02a1f2404d134495556,runs/peerreview_20261003/semisynthetic/shared_d2_rf1.0/shared_d2_rf1.0_s1_latent_usage_per_dimension.csv
semisynthetic.zip,semisynthetic/shared_d2_rf1.0/shared_d2_rf1.0_s1_latents.npz,3001045,05ac5bc763a9fc11f92b7e19c740da036ccfb7eff1e47c8cdbdb7e463ff03295,scripts/31_semisynthetic.py,.venv/Scripts/python scripts/31_semisynthetic.py --fit --config shared_d2_rf1.0 --seed S --threads=3,3dfe2bc68aa49279b271a02a1f2404d134495556,runs/peerreview_20261003/semisynthetic/shared_d2_rf1.0/shared_d2_rf1.0_s1_latents.npz
semisynthetic.zip,semisynthetic/shared_d2_rf1.0/shared_d2_rf1.0_s1_metrics.json,1913,2d26a835352b81bdc11fac1554d330ecfdf8c905e4293bce655e21ac46a4fb7b,scripts/31_semisynthetic.py,.venv/Scripts/python scripts/31_semisynthetic.py --fit --config shared_d2_rf1.0 --seed S --threads=3,3dfe2bc68aa49279b271a02a1f2404d134495556,runs/peerreview_20261003/semisynthetic/shared_d2_rf1.0/shared_d2_rf1.0_s1_metrics.json
semisynthetic.zip,semisynthetic/shared_d2_rf1.0/shared_d2_rf1.0_s2.pt,4266010,7454c06feb5f4e038dfb67a64aa9256e5e9f981577f9a9ac515a966c38292ad1,scripts/31_semisynthetic.py,.venv/Scripts/python scripts/31_semisynthetic.py --fit --config shared_d2_rf1.0 --seed S --threads=3,3dfe2bc68aa49279b271a02a1f2404d134495556,runs/peerreview_20261003/semisynthetic/shared_d2_rf1.0/shared_d2_rf1.0_s2.pt
semisynthetic.zip,semisynthetic/shared_d2_rf1.0/shared_d2_rf1.0_s2_done.json,1911,9b98266a8f8353a3eed75e2888b5c454f1e1ade18e8c501a2c02ab99799e275b,scripts/31_semisynthetic.py,.venv/Scripts/python scripts/31_semisynthetic.py --fit --config shared_d2_rf1.0 --seed S --threads=3,3dfe2bc68aa49279b271a02a1f2404d134495556,runs/peerreview_20261003/semisynthetic/shared_d2_rf1.0/shared_d2_rf1.0_s2_done.json
semisynthetic.zip,semisynthetic/shared_d2_rf1.0/shared_d2_rf1.0_s2_history.csv,4220,0b710f38f1395a93cdc68c391564cb9c78c73ac67fc13fead9ff7223d82a3469,scripts/31_semisynthetic.py,.venv/Scripts/python scripts/31_semisynthetic.py --fit --config shared_d2_rf1.0 --seed S --threads=3,3dfe2bc68aa49279b271a02a1f2404d134495556,runs/peerreview_20261003/semisynthetic/shared_d2_rf1.0/shared_d2_rf1.0_s2_history.csv
semisynthetic.zip,semisynthetic/shared_d2_rf1.0/shared_d2_rf1.0_s2_ig_completeness.csv,860,4106c183c01a2147e9adaa4f88f0633c8790730d43878610a88d329fe8670668,scripts/31_semisynthetic.py,.venv/Scripts/python scripts/31_semisynthetic.py --fit --config shared_d2_rf1.0 --seed S --threads=3,3dfe2bc68aa49279b271a02a1f2404d134495556,runs/peerreview_20261003/semisynthetic/shared_d2_rf1.0/shared_d2_rf1.0_s2_ig_completeness.csv
semisynthetic.zip,semisynthetic/shared_d2_rf1.0/shared_d2_rf1.0_s2_ig_summary.csv.gz,173410,3d0d917aecfd62983ac94bca409385e1133d8f06d7d052cf282b114fc0a2efee,scripts/31_semisynthetic.py,.venv/Scripts/python scripts/31_semisynthetic.py --fit --config shared_d2_rf1.0 --seed S --threads=3,3dfe2bc68aa49279b271a02a1f2404d134495556,runs/peerreview_20261003/semisynthetic/shared_d2_rf1.0/shared_d2_rf1.0_s2_ig_summary.csv.gz
semisynthetic.zip,semisynthetic/shared_d2_rf1.0/shared_d2_rf1.0_s2_latent_usage_per_dimension.csv,1467,d3a49788212a4e8691a814e33d14c79cf00836e513b9f2891e22d0ad128f95a3,scripts/31_semisynthetic.py,.venv/Scripts/python scripts/31_semisynthetic.py --fit --config shared_d2_rf1.0 --seed S --threads=3,3dfe2bc68aa49279b271a02a1f2404d134495556,runs/peerreview_20261003/semisynthetic/shared_d2_rf1.0/shared_d2_rf1.0_s2_latent_usage_per_dimension.csv
semisynthetic.zip,semisynthetic/shared_d2_rf1.0/shared_d2_rf1.0_s2_latents.npz,3001128,bfe64054bda4d2ef7234f9174554767d088c50c2e764418ac39e1ebdbe0a1d7d,scripts/31_semisynthetic.py,.venv/Scripts/python scripts/31_semisynthetic.py --fit --config shared_d2_rf1.0 --seed S --threads=3,3dfe2bc68aa49279b271a02a1f2404d134495556,runs/peerreview_20261003/semisynthetic/shared_d2_rf1.0/shared_d2_rf1.0_s2_latents.npz
semisynthetic.zip,semisynthetic/shared_d2_rf1.0/shared_d2_rf1.0_s2_metrics.json,1911,9b98266a8f8353a3eed75e2888b5c454f1e1ade18e8c501a2c02ab99799e275b,scripts/31_semisynthetic.py,.venv/Scripts/python scripts/31_semisynthetic.py --fit --config shared_d2_rf1.0 --seed S --threads=3,3dfe2bc68aa49279b271a02a1f2404d134495556,runs/peerreview_20261003/semisynthetic/shared_d2_rf1.0/shared_d2_rf1.0_s2_metrics.json
semisynthetic.zip,semisynthetic/specific_d0.25_rf0.3/specific_d0.25_rf0.3_s0.pt,4266389,d2765abc8d0efcb70cd7f8348139feaa965cd0d7ac2865b89ae5a37d44d62750,scripts/31_semisynthetic.py,.venv/Scripts/python scripts/31_semisynthetic.py --fit --config specific_d0.25_rf0.3 --seed S --threads=3,3dfe2bc68aa49279b271a02a1f2404d134495556,runs/peerreview_20261003/semisynthetic/specific_d0.25_rf0.3/specific_d0.25_rf0.3_s0.pt
semisynthetic.zip,semisynthetic/specific_d0.25_rf0.3/specific_d0.25_rf0.3_s0_done.json,1914,dda7cf2b569ba4152bb95652f50c0cdc1acf59f7ec2ff7b8e5f7ec07608cb7e6,scripts/31_semisynthetic.py,.venv/Scripts/python scripts/31_semisynthetic.py --fit --config specific_d0.25_rf0.3 --seed S --threads=3,3dfe2bc68aa49279b271a02a1f2404d134495556,runs/peerreview_20261003/semisynthetic/specific_d0.25_rf0.3/specific_d0.25_rf0.3_s0_done.json
semisynthetic.zip,semisynthetic/specific_d0.25_rf0.3/specific_d0.25_rf0.3_s0_history.csv,4237,0e53c06a9da2019c502a8197fd08cded2c0e79cfb6ab626a5922533f90118936,scripts/31_semisynthetic.py,.venv/Scripts/python scripts/31_semisynthetic.py --fit --config specific_d0.25_rf0.3 --seed S --threads=3,3dfe2bc68aa49279b271a02a1f2404d134495556,runs/peerreview_20261003/semisynthetic/specific_d0.25_rf0.3/specific_d0.25_rf0.3_s0_history.csv
semisynthetic.zip,semisynthetic/specific_d0.25_rf0.3/specific_d0.25_rf0.3_s0_ig_completeness.csv,864,2f7c899986c90468a9d04cecf789fc15c66e397bc428ed45ff7c8ccaf33df83d,scripts/31_semisynthetic.py,.venv/Scripts/python scripts/31_semisynthetic.py --fit --config specific_d0.25_rf0.3 --seed S --threads=3,3dfe2bc68aa49279b271a02a1f2404d134495556,runs/peerreview_20261003/semisynthetic/specific_d0.25_rf0.3/specific_d0.25_rf0.3_s0_ig_completeness.csv
semisynthetic.zip,semisynthetic/specific_d0.25_rf0.3/specific_d0.25_rf0.3_s0_ig_summary.csv.gz,176071,f64b377666a8493f49d4fb5bb33893c1da4a5545b3f7b094db83b0e83bda8c9e,scripts/31_semisynthetic.py,.venv/Scripts/python scripts/31_semisynthetic.py --fit --config specific_d0.25_rf0.3 --seed S --threads=3,3dfe2bc68aa49279b271a02a1f2404d134495556,runs/peerreview_20261003/semisynthetic/specific_d0.25_rf0.3/specific_d0.25_rf0.3_s0_ig_summary.csv.gz
semisynthetic.zip,semisynthetic/specific_d0.25_rf0.3/specific_d0.25_rf0.3_s0_latent_usage_per_dimension.csv,1460,b7c3eea61474e8512c3d34e229fce19ced908211a0d6d19c5c0dde3634e74241,scripts/31_semisynthetic.py,.venv/Scripts/python scripts/31_semisynthetic.py --fit --config specific_d0.25_rf0.3 --seed S --threads=3,3dfe2bc68aa49279b271a02a1f2404d134495556,runs/peerreview_20261003/semisynthetic/specific_d0.25_rf0.3/specific_d0.25_rf0.3_s0_latent_usage_per_dimension.csv
semisynthetic.zip,semisynthetic/specific_d0.25_rf0.3/specific_d0.25_rf0.3_s0_latents.npz,2995121,3843856ccfaf772c5726cb79d7b5fa8f76760532ae5a7b6b203b68c3403f07ac,scripts/31_semisynthetic.py,.venv/Scripts/python scripts/31_semisynthetic.py --fit --config specific_d0.25_rf0.3 --seed S --threads=3,3dfe2bc68aa49279b271a02a1f2404d134495556,runs/peerreview_20261003/semisynthetic/specific_d0.25_rf0.3/specific_d0.25_rf0.3_s0_latents.npz
semisynthetic.zip,semisynthetic/specific_d0.25_rf0.3/specific_d0.25_rf0.3_s0_metrics.json,1914,dda7cf2b569ba4152bb95652f50c0cdc1acf59f7ec2ff7b8e5f7ec07608cb7e6,scripts/31_semisynthetic.py,.venv/Scripts/python scripts/31_semisynthetic.py --fit --config specific_d0.25_rf0.3 --seed S --threads=3,3dfe2bc68aa49279b271a02a1f2404d134495556,runs/peerreview_20261003/semisynthetic/specific_d0.25_rf0.3/specific_d0.25_rf0.3_s0_metrics.json
semisynthetic.zip,semisynthetic/specific_d0.25_rf0.3/specific_d0.25_rf0.3_s1.pt,4266389,2bd922412aac25e8fb0d685ac170e47ff96b5a725973a0b3a21b71e60549857b,scripts/31_semisynthetic.py,.venv/Scripts/python scripts/31_semisynthetic.py --fit --config specific_d0.25_rf0.3 --seed S --threads=3,3dfe2bc68aa49279b271a02a1f2404d134495556,runs/peerreview_20261003/semisynthetic/specific_d0.25_rf0.3/specific_d0.25_rf0.3_s1.pt
semisynthetic.zip,semisynthetic/specific_d0.25_rf0.3/specific_d0.25_rf0.3_s1_done.json,1921,0a1c9920d4b3e9d446d87c97ce69884a16a950f5e29ab7d1c6a40603c76ac0f3,scripts/31_semisynthetic.py,.venv/Scripts/python scripts/31_semisynthetic.py --fit --config specific_d0.25_rf0.3 --seed S --threads=3,3dfe2bc68aa49279b271a02a1f2404d134495556,runs/peerreview_20261003/semisynthetic/specific_d0.25_rf0.3/specific_d0.25_rf0.3_s1_done.json
semisynthetic.zip,semisynthetic/specific_d0.25_rf0.3/specific_d0.25_rf0.3_s1_history.csv,4239,be816a3b5714162d1a328f5f83195b4a9b513f29f8e9cf1a4f50f578fd7da307,scripts/31_semisynthetic.py,.venv/Scripts/python scripts/31_semisynthetic.py --fit --config specific_d0.25_rf0.3 --seed S --threads=3,3dfe2bc68aa49279b271a02a1f2404d134495556,runs/peerreview_20261003/semisynthetic/specific_d0.25_rf0.3/specific_d0.25_rf0.3_s1_history.csv
semisynthetic.zip,semisynthetic/specific_d0.25_rf0.3/specific_d0.25_rf0.3_s1_ig_completeness.csv,860,e12193aac71b3da646004f8b9ed58ff8e2d7f23a2487ab190801bf6d2cfe781d,scripts/31_semisynthetic.py,.venv/Scripts/python scripts/31_semisynthetic.py --fit --config specific_d0.25_rf0.3 --seed S --threads=3,3dfe2bc68aa49279b271a02a1f2404d134495556,runs/peerreview_20261003/semisynthetic/specific_d0.25_rf0.3/specific_d0.25_rf0.3_s1_ig_completeness.csv
semisynthetic.zip,semisynthetic/specific_d0.25_rf0.3/specific_d0.25_rf0.3_s1_ig_summary.csv.gz,169885,2e094bbc21717a81f974b0f99d5fe179bfe7f09679ebd079419e1611dd8cc851,scripts/31_semisynthetic.py,.venv/Scripts/python scripts/31_semisynthetic.py --fit --config specific_d0.25_rf0.3 --seed S --threads=3,3dfe2bc68aa49279b271a02a1f2404d134495556,runs/peerreview_20261003/semisynthetic/specific_d0.25_rf0.3/specific_d0.25_rf0.3_s1_ig_summary.csv.gz
semisynthetic.zip,semisynthetic/specific_d0.25_rf0.3/specific_d0.25_rf0.3_s1_latent_usage_per_dimension.csv,1478,db6456b81bb30146af8d16fca940d05b3c023e0962a0952db6c4e1dbbba71295,scripts/31_semisynthetic.py,.venv/Scripts/python scripts/31_semisynthetic.py --fit --config specific_d0.25_rf0.3 --seed S --threads=3,3dfe2bc68aa49279b271a02a1f2404d134495556,runs/peerreview_20261003/semisynthetic/specific_d0.25_rf0.3/specific_d0.25_rf0.3_s1_latent_usage_per_dimension.csv
semisynthetic.zip,semisynthetic/specific_d0.25_rf0.3/specific_d0.25_rf0.3_s1_latents.npz,2993319,e084ba09d42b77e1c0bfa09786728812277c2d6a26c7a00d8a675904bef3a623,scripts/31_semisynthetic.py,.venv/Scripts/python scripts/31_semisynthetic.py --fit --config specific_d0.25_rf0.3 --seed S --threads=3,3dfe2bc68aa49279b271a02a1f2404d134495556,runs/peerreview_20261003/semisynthetic/specific_d0.25_rf0.3/specific_d0.25_rf0.3_s1_latents.npz
semisynthetic.zip,semisynthetic/specific_d0.25_rf0.3/specific_d0.25_rf0.3_s1_metrics.json,1921,0a1c9920d4b3e9d446d87c97ce69884a16a950f5e29ab7d1c6a40603c76ac0f3,scripts/31_semisynthetic.py,.venv/Scripts/python scripts/31_semisynthetic.py --fit --config specific_d0.25_rf0.3 --seed S --threads=3,3dfe2bc68aa49279b271a02a1f2404d134495556,runs/peerreview_20261003/semisynthetic/specific_d0.25_rf0.3/specific_d0.25_rf0.3_s1_metrics.json
semisynthetic.zip,semisynthetic/specific_d0.25_rf0.3/specific_d0.25_rf0.3_s2.pt,4266389,f149a9927664fe06acf8257bd2261eb06c730ff60e90b45530ce86d4bb88ebbd,scripts/31_semisynthetic.py,.venv/Scripts/python scripts/31_semisynthetic.py --fit --config specific_d0.25_rf0.3 --seed S --threads=3,3dfe2bc68aa49279b271a02a1f2404d134495556,runs/peerreview_20261003/semisynthetic/specific_d0.25_rf0.3/specific_d0.25_rf0.3_s2.pt
semisynthetic.zip,semisynthetic/specific_d0.25_rf0.3/specific_d0.25_rf0.3_s2_done.json,1918,f646ade4ef399a06fbb41f77f00acce917abd4838c502c9de0049a7e786f61f3,scripts/31_semisynthetic.py,.venv/Scripts/python scripts/31_semisynthetic.py --fit --config specific_d0.25_rf0.3 --seed S --threads=3,3dfe2bc68aa49279b271a02a1f2404d134495556,runs/peerreview_20261003/semisynthetic/specific_d0.25_rf0.3/specific_d0.25_rf0.3_s2_done.json
semisynthetic.zip,semisynthetic/specific_d0.25_rf0.3/specific_d0.25_rf0.3_s2_history.csv,4227,f1bc87d062d3e3d88ffe833f2320365cb9fc1a7b705b5e54a56b867566fbea2d,scripts/31_semisynthetic.py,.venv/Scripts/python scripts/31_semisynthetic.py --fit --config specific_d0.25_rf0.3 --seed S --threads=3,3dfe2bc68aa49279b271a02a1f2404d134495556,runs/peerreview_20261003/semisynthetic/specific_d0.25_rf0.3/specific_d0.25_rf0.3_s2_history.csv
semisynthetic.zip,semisynthetic/specific_d0.25_rf0.3/specific_d0.25_rf0.3_s2_ig_completeness.csv,858,e268a3367f082be6cdb0486708d4c808f9ee179fde1b7ac6b4c35a487e67b339,scripts/31_semisynthetic.py,.venv/Scripts/python scripts/31_semisynthetic.py --fit --config specific_d0.25_rf0.3 --seed S --threads=3,3dfe2bc68aa49279b271a02a1f2404d134495556,runs/peerreview_20261003/semisynthetic/specific_d0.25_rf0.3/specific_d0.25_rf0.3_s2_ig_completeness.csv
semisynthetic.zip,semisynthetic/specific_d0.25_rf0.3/specific_d0.25_rf0.3_s2_ig_summary.csv.gz,172629,1896d9d4b30ed5440febdbd5bae900902c1a228283d442a5a04dd3fa62c86c03,scripts/31_semisynthetic.py,.venv/Scripts/python scripts/31_semisynthetic.py --fit --config specific_d0.25_rf0.3 --seed S --threads=3,3dfe2bc68aa49279b271a02a1f2404d134495556,runs/peerreview_20261003/semisynthetic/specific_d0.25_rf0.3/specific_d0.25_rf0.3_s2_ig_summary.csv.gz
semisynthetic.zip,semisynthetic/specific_d0.25_rf0.3/specific_d0.25_rf0.3_s2_latent_usage_per_dimension.csv,1466,74090cb5549c3e6186191608f6510ac2e588fa139345f60dea9fee4dee9704da,scripts/31_semisynthetic.py,.venv/Scripts/python scripts/31_semisynthetic.py --fit --config specific_d0.25_rf0.3 --seed S --threads=3,3dfe2bc68aa49279b271a02a1f2404d134495556,runs/peerreview_20261003/semisynthetic/specific_d0.25_rf0.3/specific_d0.25_rf0.3_s2_latent_usage_per_dimension.csv
semisynthetic.zip,semisynthetic/specific_d0.25_rf0.3/specific_d0.25_rf0.3_s2_latents.npz,3006954,09de4364e2d2a5f932700f0b4ffdbbf0dd86c290438683f9fd1426c6d1be0d7a,scripts/31_semisynthetic.py,.venv/Scripts/python scripts/31_semisynthetic.py --fit --config specific_d0.25_rf0.3 --seed S --threads=3,3dfe2bc68aa49279b271a02a1f2404d134495556,runs/peerreview_20261003/semisynthetic/specific_d0.25_rf0.3/specific_d0.25_rf0.3_s2_latents.npz
semisynthetic.zip,semisynthetic/specific_d0.25_rf0.3/specific_d0.25_rf0.3_s2_metrics.json,1918,f646ade4ef399a06fbb41f77f00acce917abd4838c502c9de0049a7e786f61f3,scripts/31_semisynthetic.py,.venv/Scripts/python scripts/31_semisynthetic.py --fit --config specific_d0.25_rf0.3 --seed S --threads=3,3dfe2bc68aa49279b271a02a1f2404d134495556,runs/peerreview_20261003/semisynthetic/specific_d0.25_rf0.3/specific_d0.25_rf0.3_s2_metrics.json
semisynthetic.zip,semisynthetic/specific_d0.25_rf1.0/specific_d0.25_rf1.0_s0.pt,4266389,f2b4ea6e8e77b99fdce5d2baff3f824be699ee3b6a9ac10eb00c1110f9b70171,scripts/31_semisynthetic.py,.venv/Scripts/python scripts/31_semisynthetic.py --fit --config specific_d0.25_rf1.0 --seed S --threads=3,3dfe2bc68aa49279b271a02a1f2404d134495556,runs/peerreview_20261003/semisynthetic/specific_d0.25_rf1.0/specific_d0.25_rf1.0_s0.pt
semisynthetic.zip,semisynthetic/specific_d0.25_rf1.0/specific_d0.25_rf1.0_s0_done.json,1926,c8250354c1c976f069b7cc404daddc6b95b255224dcfb871ff19b4dc4fbe751c,scripts/31_semisynthetic.py,.venv/Scripts/python scripts/31_semisynthetic.py --fit --config specific_d0.25_rf1.0 --seed S --threads=3,3dfe2bc68aa49279b271a02a1f2404d134495556,runs/peerreview_20261003/semisynthetic/specific_d0.25_rf1.0/specific_d0.25_rf1.0_s0_done.json
semisynthetic.zip,semisynthetic/specific_d0.25_rf1.0/specific_d0.25_rf1.0_s0_history.csv,4228,8e01cf55847c87e7c8e31e35250deccf9b36be940833578f2f99ac4c52d8c248,scripts/31_semisynthetic.py,.venv/Scripts/python scripts/31_semisynthetic.py --fit --config specific_d0.25_rf1.0 --seed S --threads=3,3dfe2bc68aa49279b271a02a1f2404d134495556,runs/peerreview_20261003/semisynthetic/specific_d0.25_rf1.0/specific_d0.25_rf1.0_s0_history.csv
semisynthetic.zip,semisynthetic/specific_d0.25_rf1.0/specific_d0.25_rf1.0_s0_ig_completeness.csv,858,ef948e1a1af6f6b76f4c213046a52c80a23069021e43acd2d968b7226afd3059,scripts/31_semisynthetic.py,.venv/Scripts/python scripts/31_semisynthetic.py --fit --config specific_d0.25_rf1.0 --seed S --threads=3,3dfe2bc68aa49279b271a02a1f2404d134495556,runs/peerreview_20261003/semisynthetic/specific_d0.25_rf1.0/specific_d0.25_rf1.0_s0_ig_completeness.csv
semisynthetic.zip,semisynthetic/specific_d0.25_rf1.0/specific_d0.25_rf1.0_s0_ig_summary.csv.gz,174974,16ac36eafc9701547919764e6e2c789c818659b40b86a62bab154d70662a982f,scripts/31_semisynthetic.py,.venv/Scripts/python scripts/31_semisynthetic.py --fit --config specific_d0.25_rf1.0 --seed S --threads=3,3dfe2bc68aa49279b271a02a1f2404d134495556,runs/peerreview_20261003/semisynthetic/specific_d0.25_rf1.0/specific_d0.25_rf1.0_s0_ig_summary.csv.gz
semisynthetic.zip,semisynthetic/specific_d0.25_rf1.0/specific_d0.25_rf1.0_s0_latent_usage_per_dimension.csv,1481,ffce4e56c10fe3ca88a172ef897ac039aa15ef78118d083386e6ba7ab3eda801,scripts/31_semisynthetic.py,.venv/Scripts/python scripts/31_semisynthetic.py --fit --config specific_d0.25_rf1.0 --seed S --threads=3,3dfe2bc68aa49279b271a02a1f2404d134495556,runs/peerreview_20261003/semisynthetic/specific_d0.25_rf1.0/specific_d0.25_rf1.0_s0_latent_usage_per_dimension.csv
semisynthetic.zip,semisynthetic/specific_d0.25_rf1.0/specific_d0.25_rf1.0_s0_latents.npz,3009707,074c9c43ae24b87cb333400c0ab744b6b156cc35b6fa3227505a35476ecd9aa6,scripts/31_semisynthetic.py,.venv/Scripts/python scripts/31_semisynthetic.py --fit --config specific_d0.25_rf1.0 --seed S --threads=3,3dfe2bc68aa49279b271a02a1f2404d134495556,runs/peerreview_20261003/semisynthetic/specific_d0.25_rf1.0/specific_d0.25_rf1.0_s0_latents.npz
semisynthetic.zip,semisynthetic/specific_d0.25_rf1.0/specific_d0.25_rf1.0_s0_metrics.json,1926,c8250354c1c976f069b7cc404daddc6b95b255224dcfb871ff19b4dc4fbe751c,scripts/31_semisynthetic.py,.venv/Scripts/python scripts/31_semisynthetic.py --fit --config specific_d0.25_rf1.0 --seed S --threads=3,3dfe2bc68aa49279b271a02a1f2404d134495556,runs/peerreview_20261003/semisynthetic/specific_d0.25_rf1.0/specific_d0.25_rf1.0_s0_metrics.json
semisynthetic.zip,semisynthetic/specific_d0.25_rf1.0/specific_d0.25_rf1.0_s1.pt,4266389,822849330e677f4d05699d435ee59416474e50cefec062dab05f1befcd867ed6,scripts/31_semisynthetic.py,.venv/Scripts/python scripts/31_semisynthetic.py --fit --config specific_d0.25_rf1.0 --seed S --threads=3,3dfe2bc68aa49279b271a02a1f2404d134495556,runs/peerreview_20261003/semisynthetic/specific_d0.25_rf1.0/specific_d0.25_rf1.0_s1.pt
semisynthetic.zip,semisynthetic/specific_d0.25_rf1.0/specific_d0.25_rf1.0_s1_done.json,1922,3d5cb5714afbb19cc4978056c2394420f2ae0844d523eef9a0a79aad9a4e83e2,scripts/31_semisynthetic.py,.venv/Scripts/python scripts/31_semisynthetic.py --fit --config specific_d0.25_rf1.0 --seed S --threads=3,3dfe2bc68aa49279b271a02a1f2404d134495556,runs/peerreview_20261003/semisynthetic/specific_d0.25_rf1.0/specific_d0.25_rf1.0_s1_done.json
semisynthetic.zip,semisynthetic/specific_d0.25_rf1.0/specific_d0.25_rf1.0_s1_history.csv,4229,bb6b941fa48e3f40aedae4acf3c95e68524e67119e2609ed233687c0ede6ad62,scripts/31_semisynthetic.py,.venv/Scripts/python scripts/31_semisynthetic.py --fit --config specific_d0.25_rf1.0 --seed S --threads=3,3dfe2bc68aa49279b271a02a1f2404d134495556,runs/peerreview_20261003/semisynthetic/specific_d0.25_rf1.0/specific_d0.25_rf1.0_s1_history.csv
semisynthetic.zip,semisynthetic/specific_d0.25_rf1.0/specific_d0.25_rf1.0_s1_ig_completeness.csv,865,89125046303507c86aadb2fad697456866a38a1031b5abe952043433cdd8f4ec,scripts/31_semisynthetic.py,.venv/Scripts/python scripts/31_semisynthetic.py --fit --config specific_d0.25_rf1.0 --seed S --threads=3,3dfe2bc68aa49279b271a02a1f2404d134495556,runs/peerreview_20261003/semisynthetic/specific_d0.25_rf1.0/specific_d0.25_rf1.0_s1_ig_completeness.csv
semisynthetic.zip,semisynthetic/specific_d0.25_rf1.0/specific_d0.25_rf1.0_s1_ig_summary.csv.gz,182575,7c091717b4282acfd9bb9ed3d146fcbffe56b7590fc4e9cac2037b66dc82d80d,scripts/31_semisynthetic.py,.venv/Scripts/python scripts/31_semisynthetic.py --fit --config specific_d0.25_rf1.0 --seed S --threads=3,3dfe2bc68aa49279b271a02a1f2404d134495556,runs/peerreview_20261003/semisynthetic/specific_d0.25_rf1.0/specific_d0.25_rf1.0_s1_ig_summary.csv.gz
semisynthetic.zip,semisynthetic/specific_d0.25_rf1.0/specific_d0.25_rf1.0_s1_latent_usage_per_dimension.csv,1466,227acbc0e2a034616476f2a4ae3d32bd1ff9632d360dbc3aacdaac562c48ed1e,scripts/31_semisynthetic.py,.venv/Scripts/python scripts/31_semisynthetic.py --fit --config specific_d0.25_rf1.0 --seed S --threads=3,3dfe2bc68aa49279b271a02a1f2404d134495556,runs/peerreview_20261003/semisynthetic/specific_d0.25_rf1.0/specific_d0.25_rf1.0_s1_latent_usage_per_dimension.csv
semisynthetic.zip,semisynthetic/specific_d0.25_rf1.0/specific_d0.25_rf1.0_s1_latents.npz,2996617,71a77d9e8af80b6c538d530a72372623cb796e1592bf71f0dd8eadb88c627fa6,scripts/31_semisynthetic.py,.venv/Scripts/python scripts/31_semisynthetic.py --fit --config specific_d0.25_rf1.0 --seed S --threads=3,3dfe2bc68aa49279b271a02a1f2404d134495556,runs/peerreview_20261003/semisynthetic/specific_d0.25_rf1.0/specific_d0.25_rf1.0_s1_latents.npz
semisynthetic.zip,semisynthetic/specific_d0.25_rf1.0/specific_d0.25_rf1.0_s1_metrics.json,1922,3d5cb5714afbb19cc4978056c2394420f2ae0844d523eef9a0a79aad9a4e83e2,scripts/31_semisynthetic.py,.venv/Scripts/python scripts/31_semisynthetic.py --fit --config specific_d0.25_rf1.0 --seed S --threads=3,3dfe2bc68aa49279b271a02a1f2404d134495556,runs/peerreview_20261003/semisynthetic/specific_d0.25_rf1.0/specific_d0.25_rf1.0_s1_metrics.json
semisynthetic.zip,semisynthetic/specific_d0.25_rf1.0/specific_d0.25_rf1.0_s2.pt,4266389,c3a43138f833d96898a14348c39ffed53df3cb9e7c970d7ba6ca2646d913a5f7,scripts/31_semisynthetic.py,.venv/Scripts/python scripts/31_semisynthetic.py --fit --config specific_d0.25_rf1.0 --seed S --threads=3,3dfe2bc68aa49279b271a02a1f2404d134495556,runs/peerreview_20261003/semisynthetic/specific_d0.25_rf1.0/specific_d0.25_rf1.0_s2.pt
semisynthetic.zip,semisynthetic/specific_d0.25_rf1.0/specific_d0.25_rf1.0_s2_done.json,1927,911872debe5ddb7b671ba0792a48b8d60935ebd09387f8d887df150f98997e3c,scripts/31_semisynthetic.py,.venv/Scripts/python scripts/31_semisynthetic.py --fit --config specific_d0.25_rf1.0 --seed S --threads=3,3dfe2bc68aa49279b271a02a1f2404d134495556,runs/peerreview_20261003/semisynthetic/specific_d0.25_rf1.0/specific_d0.25_rf1.0_s2_done.json
semisynthetic.zip,semisynthetic/specific_d0.25_rf1.0/specific_d0.25_rf1.0_s2_history.csv,4231,247632be186b77d851aedf6023a1322665999c0d7b6c56c4a87ceb2519413a43,scripts/31_semisynthetic.py,.venv/Scripts/python scripts/31_semisynthetic.py --fit --config specific_d0.25_rf1.0 --seed S --threads=3,3dfe2bc68aa49279b271a02a1f2404d134495556,runs/peerreview_20261003/semisynthetic/specific_d0.25_rf1.0/specific_d0.25_rf1.0_s2_history.csv
semisynthetic.zip,semisynthetic/specific_d0.25_rf1.0/specific_d0.25_rf1.0_s2_ig_completeness.csv,868,40052e67a0afdc7fb11ad8894c79c768edc66d1cf6d43aadd75456f0bd8b0811,scripts/31_semisynthetic.py,.venv/Scripts/python scripts/31_semisynthetic.py --fit --config specific_d0.25_rf1.0 --seed S --threads=3,3dfe2bc68aa49279b271a02a1f2404d134495556,runs/peerreview_20261003/semisynthetic/specific_d0.25_rf1.0/specific_d0.25_rf1.0_s2_ig_completeness.csv
semisynthetic.zip,semisynthetic/specific_d0.25_rf1.0/specific_d0.25_rf1.0_s2_ig_summary.csv.gz,178962,4245cf906dc420f025d5d8a432b27129f5bc1c74d2d9ab94078ad8410ea6c42f,scripts/31_semisynthetic.py,.venv/Scripts/python scripts/31_semisynthetic.py --fit --config specific_d0.25_rf1.0 --seed S --threads=3,3dfe2bc68aa49279b271a02a1f2404d134495556,runs/peerreview_20261003/semisynthetic/specific_d0.25_rf1.0/specific_d0.25_rf1.0_s2_ig_summary.csv.gz
semisynthetic.zip,semisynthetic/specific_d0.25_rf1.0/specific_d0.25_rf1.0_s2_latent_usage_per_dimension.csv,1481,aebdd7cb728b059fa156860f7dc03876e82480f59c01a75ebcbbf4b2f90647e3,scripts/31_semisynthetic.py,.venv/Scripts/python scripts/31_semisynthetic.py --fit --config specific_d0.25_rf1.0 --seed S --threads=3,3dfe2bc68aa49279b271a02a1f2404d134495556,runs/peerreview_20261003/semisynthetic/specific_d0.25_rf1.0/specific_d0.25_rf1.0_s2_latent_usage_per_dimension.csv
semisynthetic.zip,semisynthetic/specific_d0.25_rf1.0/specific_d0.25_rf1.0_s2_latents.npz,2995033,e785bef435a8bfc6c48b9fe0094e350e2d653c75debabbd8a3d18870fadf7650,scripts/31_semisynthetic.py,.venv/Scripts/python scripts/31_semisynthetic.py --fit --config specific_d0.25_rf1.0 --seed S --threads=3,3dfe2bc68aa49279b271a02a1f2404d134495556,runs/peerreview_20261003/semisynthetic/specific_d0.25_rf1.0/specific_d0.25_rf1.0_s2_latents.npz
semisynthetic.zip,semisynthetic/specific_d0.25_rf1.0/specific_d0.25_rf1.0_s2_metrics.json,1927,911872debe5ddb7b671ba0792a48b8d60935ebd09387f8d887df150f98997e3c,scripts/31_semisynthetic.py,.venv/Scripts/python scripts/31_semisynthetic.py --fit --config specific_d0.25_rf1.0 --seed S --threads=3,3dfe2bc68aa49279b271a02a1f2404d134495556,runs/peerreview_20261003/semisynthetic/specific_d0.25_rf1.0/specific_d0.25_rf1.0_s2_metrics.json
semisynthetic.zip,semisynthetic/specific_d0.5_rf0.3/specific_d0.5_rf0.3_s0.pt,4266326,810bbf6c73f12fe0857bbab97c981abb2d727fe55aaf174f890306d82dc286f8,scripts/31_semisynthetic.py,.venv/Scripts/python scripts/31_semisynthetic.py --fit --config specific_d0.5_rf0.3 --seed S --threads=3,3dfe2bc68aa49279b271a02a1f2404d134495556,runs/peerreview_20261003/semisynthetic/specific_d0.5_rf0.3/specific_d0.5_rf0.3_s0.pt
semisynthetic.zip,semisynthetic/specific_d0.5_rf0.3/specific_d0.5_rf0.3_s0_done.json,1926,5730e89392e26051e38c82f80ba1100e32d28e9559cb1f7d5e73a31e36171954,scripts/31_semisynthetic.py,.venv/Scripts/python scripts/31_semisynthetic.py --fit --config specific_d0.5_rf0.3 --seed S --threads=3,3dfe2bc68aa49279b271a02a1f2404d134495556,runs/peerreview_20261003/semisynthetic/specific_d0.5_rf0.3/specific_d0.5_rf0.3_s0_done.json
semisynthetic.zip,semisynthetic/specific_d0.5_rf0.3/specific_d0.5_rf0.3_s0_history.csv,4232,f857c64cd34838b0bfdae4ed2086386d445f10ae2c9e036cae2775611d251334,scripts/31_semisynthetic.py,.venv/Scripts/python scripts/31_semisynthetic.py --fit --config specific_d0.5_rf0.3 --seed S --threads=3,3dfe2bc68aa49279b271a02a1f2404d134495556,runs/peerreview_20261003/semisynthetic/specific_d0.5_rf0.3/specific_d0.5_rf0.3_s0_history.csv
semisynthetic.zip,semisynthetic/specific_d0.5_rf0.3/specific_d0.5_rf0.3_s0_ig_completeness.csv,858,3635d0ba3166831a59454c60fae9874268a25eaa90ffd2c449cfd3ae5a680652,scripts/31_semisynthetic.py,.venv/Scripts/python scripts/31_semisynthetic.py --fit --config specific_d0.5_rf0.3 --seed S --threads=3,3dfe2bc68aa49279b271a02a1f2404d134495556,runs/peerreview_20261003/semisynthetic/specific_d0.5_rf0.3/specific_d0.5_rf0.3_s0_ig_completeness.csv
semisynthetic.zip,semisynthetic/specific_d0.5_rf0.3/specific_d0.5_rf0.3_s0_ig_summary.csv.gz,174804,15dce88a7a8ec679fab05cb5c7026218389a00a8b16a42e22473f8eef660292a,scripts/31_semisynthetic.py,.venv/Scripts/python scripts/31_semisynthetic.py --fit --config specific_d0.5_rf0.3 --seed S --threads=3,3dfe2bc68aa49279b271a02a1f2404d134495556,runs/peerreview_20261003/semisynthetic/specific_d0.5_rf0.3/specific_d0.5_rf0.3_s0_ig_summary.csv.gz
semisynthetic.zip,semisynthetic/specific_d0.5_rf0.3/specific_d0.5_rf0.3_s0_latent_usage_per_dimension.csv,1478,f130490d00671807105d7f4bef0a12cb561f55efc6861c8a2be506989365b1bb,scripts/31_semisynthetic.py,.venv/Scripts/python scripts/31_semisynthetic.py --fit --config specific_d0.5_rf0.3 --seed S --threads=3,3dfe2bc68aa49279b271a02a1f2404d134495556,runs/peerreview_20261003/semisynthetic/specific_d0.5_rf0.3/specific_d0.5_rf0.3_s0_latent_usage_per_dimension.csv
semisynthetic.zip,semisynthetic/specific_d0.5_rf0.3/specific_d0.5_rf0.3_s0_latents.npz,2993583,562a61892fa4b0195983376047e5dad41da2a1aeab10182e191bc7a56823f084,scripts/31_semisynthetic.py,.venv/Scripts/python scripts/31_semisynthetic.py --fit --config specific_d0.5_rf0.3 --seed S --threads=3,3dfe2bc68aa49279b271a02a1f2404d134495556,runs/peerreview_20261003/semisynthetic/specific_d0.5_rf0.3/specific_d0.5_rf0.3_s0_latents.npz
semisynthetic.zip,semisynthetic/specific_d0.5_rf0.3/specific_d0.5_rf0.3_s0_metrics.json,1926,5730e89392e26051e38c82f80ba1100e32d28e9559cb1f7d5e73a31e36171954,scripts/31_semisynthetic.py,.venv/Scripts/python scripts/31_semisynthetic.py --fit --config specific_d0.5_rf0.3 --seed S --threads=3,3dfe2bc68aa49279b271a02a1f2404d134495556,runs/peerreview_20261003/semisynthetic/specific_d0.5_rf0.3/specific_d0.5_rf0.3_s0_metrics.json
semisynthetic.zip,semisynthetic/specific_d0.5_rf0.3/specific_d0.5_rf0.3_s1.pt,4266326,24c73e3ed90f9eab7a9b39e8c2cd4236cb8edcd15648f26c754fe3edced8e04b,scripts/31_semisynthetic.py,.venv/Scripts/python scripts/31_semisynthetic.py --fit --config specific_d0.5_rf0.3 --seed S --threads=3,3dfe2bc68aa49279b271a02a1f2404d134495556,runs/peerreview_20261003/semisynthetic/specific_d0.5_rf0.3/specific_d0.5_rf0.3_s1.pt
semisynthetic.zip,semisynthetic/specific_d0.5_rf0.3/specific_d0.5_rf0.3_s1_done.json,1920,49763f7a2e38f65cb692015d6e61a402a93895d0072306901fa25fa807e8c7d0,scripts/31_semisynthetic.py,.venv/Scripts/python scripts/31_semisynthetic.py --fit --config specific_d0.5_rf0.3 --seed S --threads=3,3dfe2bc68aa49279b271a02a1f2404d134495556,runs/peerreview_20261003/semisynthetic/specific_d0.5_rf0.3/specific_d0.5_rf0.3_s1_done.json
semisynthetic.zip,semisynthetic/specific_d0.5_rf0.3/specific_d0.5_rf0.3_s1_history.csv,4230,1f2d4c2863904a481c20e4d6c459a742284c0388c51828fd8a97bf515b4181b2,scripts/31_semisynthetic.py,.venv/Scripts/python scripts/31_semisynthetic.py --fit --config specific_d0.5_rf0.3 --seed S --threads=3,3dfe2bc68aa49279b271a02a1f2404d134495556,runs/peerreview_20261003/semisynthetic/specific_d0.5_rf0.3/specific_d0.5_rf0.3_s1_history.csv
semisynthetic.zip,semisynthetic/specific_d0.5_rf0.3/specific_d0.5_rf0.3_s1_ig_completeness.csv,860,55dee7272de7a1187dd3e1eeddadcbc8b9bd8a486f3931bd7ddbddc667a4fe6c,scripts/31_semisynthetic.py,.venv/Scripts/python scripts/31_semisynthetic.py --fit --config specific_d0.5_rf0.3 --seed S --threads=3,3dfe2bc68aa49279b271a02a1f2404d134495556,runs/peerreview_20261003/semisynthetic/specific_d0.5_rf0.3/specific_d0.5_rf0.3_s1_ig_completeness.csv
semisynthetic.zip,semisynthetic/specific_d0.5_rf0.3/specific_d0.5_rf0.3_s1_ig_summary.csv.gz,177793,67d5733af790e753620a048f3366e205ccd5bb54fd86d33cc0aab2bb0fcaced2,scripts/31_semisynthetic.py,.venv/Scripts/python scripts/31_semisynthetic.py --fit --config specific_d0.5_rf0.3 --seed S --threads=3,3dfe2bc68aa49279b271a02a1f2404d134495556,runs/peerreview_20261003/semisynthetic/specific_d0.5_rf0.3/specific_d0.5_rf0.3_s1_ig_summary.csv.gz
semisynthetic.zip,semisynthetic/specific_d0.5_rf0.3/specific_d0.5_rf0.3_s1_latent_usage_per_dimension.csv,1463,e753ef7ce44e229f3f595540af80e2e3d0e6179adb432743ac5d6a8a1513e1db,scripts/31_semisynthetic.py,.venv/Scripts/python scripts/31_semisynthetic.py --fit --config specific_d0.5_rf0.3 --seed S --threads=3,3dfe2bc68aa49279b271a02a1f2404d134495556,runs/peerreview_20261003/semisynthetic/specific_d0.5_rf0.3/specific_d0.5_rf0.3_s1_latent_usage_per_dimension.csv
semisynthetic.zip,semisynthetic/specific_d0.5_rf0.3/specific_d0.5_rf0.3_s1_latents.npz,2997285,154a107c5b3731cfb177f0451c7163c4890c2448ec37f268d17e91dbb99d4bc2,scripts/31_semisynthetic.py,.venv/Scripts/python scripts/31_semisynthetic.py --fit --config specific_d0.5_rf0.3 --seed S --threads=3,3dfe2bc68aa49279b271a02a1f2404d134495556,runs/peerreview_20261003/semisynthetic/specific_d0.5_rf0.3/specific_d0.5_rf0.3_s1_latents.npz
semisynthetic.zip,semisynthetic/specific_d0.5_rf0.3/specific_d0.5_rf0.3_s1_metrics.json,1920,49763f7a2e38f65cb692015d6e61a402a93895d0072306901fa25fa807e8c7d0,scripts/31_semisynthetic.py,.venv/Scripts/python scripts/31_semisynthetic.py --fit --config specific_d0.5_rf0.3 --seed S --threads=3,3dfe2bc68aa49279b271a02a1f2404d134495556,runs/peerreview_20261003/semisynthetic/specific_d0.5_rf0.3/specific_d0.5_rf0.3_s1_metrics.json
semisynthetic.zip,semisynthetic/specific_d0.5_rf0.3/specific_d0.5_rf0.3_s2.pt,4266326,a150d27345371b6164d4f057f2c16de2ca7e690a708024bdc9a403d6d1bf97f0,scripts/31_semisynthetic.py,.venv/Scripts/python scripts/31_semisynthetic.py --fit --config specific_d0.5_rf0.3 --seed S --threads=3,3dfe2bc68aa49279b271a02a1f2404d134495556,runs/peerreview_20261003/semisynthetic/specific_d0.5_rf0.3/specific_d0.5_rf0.3_s2.pt
semisynthetic.zip,semisynthetic/specific_d0.5_rf0.3/specific_d0.5_rf0.3_s2_done.json,1922,b42c0d7d02f4541d1b3d8b5dd6a030e7b8e162f97fad2a9b44e91d8d77b16d75,scripts/31_semisynthetic.py,.venv/Scripts/python scripts/31_semisynthetic.py --fit --config specific_d0.5_rf0.3 --seed S --threads=3,3dfe2bc68aa49279b271a02a1f2404d134495556,runs/peerreview_20261003/semisynthetic/specific_d0.5_rf0.3/specific_d0.5_rf0.3_s2_done.json
semisynthetic.zip,semisynthetic/specific_d0.5_rf0.3/specific_d0.5_rf0.3_s2_history.csv,4225,079f6ac46161f330cd9dcfd76f3656631d5f94fbf61ba412d0a140d7bd3ffa03,scripts/31_semisynthetic.py,.venv/Scripts/python scripts/31_semisynthetic.py --fit --config specific_d0.5_rf0.3 --seed S --threads=3,3dfe2bc68aa49279b271a02a1f2404d134495556,runs/peerreview_20261003/semisynthetic/specific_d0.5_rf0.3/specific_d0.5_rf0.3_s2_history.csv
semisynthetic.zip,semisynthetic/specific_d0.5_rf0.3/specific_d0.5_rf0.3_s2_ig_completeness.csv,862,aa560dbe58d0e6cfa0d625ee6d4bf6031fbbd7b3eecac543c9ac142c0436507f,scripts/31_semisynthetic.py,.venv/Scripts/python scripts/31_semisynthetic.py --fit --config specific_d0.5_rf0.3 --seed S --threads=3,3dfe2bc68aa49279b271a02a1f2404d134495556,runs/peerreview_20261003/semisynthetic/specific_d0.5_rf0.3/specific_d0.5_rf0.3_s2_ig_completeness.csv
semisynthetic.zip,semisynthetic/specific_d0.5_rf0.3/specific_d0.5_rf0.3_s2_ig_summary.csv.gz,173592,f2a5104573046a902430de98987b8a1e444c0000ec3658b17102b67c1270e044,scripts/31_semisynthetic.py,.venv/Scripts/python scripts/31_semisynthetic.py --fit --config specific_d0.5_rf0.3 --seed S --threads=3,3dfe2bc68aa49279b271a02a1f2404d134495556,runs/peerreview_20261003/semisynthetic/specific_d0.5_rf0.3/specific_d0.5_rf0.3_s2_ig_summary.csv.gz
semisynthetic.zip,semisynthetic/specific_d0.5_rf0.3/specific_d0.5_rf0.3_s2_latent_usage_per_dimension.csv,1468,0dbe55cbd8015e5d92c74f4480af3f15e0b2153757cb3e796def8122c9c7598a,scripts/31_semisynthetic.py,.venv/Scripts/python scripts/31_semisynthetic.py --fit --config specific_d0.5_rf0.3 --seed S --threads=3,3dfe2bc68aa49279b271a02a1f2404d134495556,runs/peerreview_20261003/semisynthetic/specific_d0.5_rf0.3/specific_d0.5_rf0.3_s2_latent_usage_per_dimension.csv
semisynthetic.zip,semisynthetic/specific_d0.5_rf0.3/specific_d0.5_rf0.3_s2_latents.npz,3001401,6d893251471d9ab8ae5ece9cb9e3e95e7cd5f0dce37495b0824c33c8d5590a0f,scripts/31_semisynthetic.py,.venv/Scripts/python scripts/31_semisynthetic.py --fit --config specific_d0.5_rf0.3 --seed S --threads=3,3dfe2bc68aa49279b271a02a1f2404d134495556,runs/peerreview_20261003/semisynthetic/specific_d0.5_rf0.3/specific_d0.5_rf0.3_s2_latents.npz
semisynthetic.zip,semisynthetic/specific_d0.5_rf0.3/specific_d0.5_rf0.3_s2_metrics.json,1922,b42c0d7d02f4541d1b3d8b5dd6a030e7b8e162f97fad2a9b44e91d8d77b16d75,scripts/31_semisynthetic.py,.venv/Scripts/python scripts/31_semisynthetic.py --fit --config specific_d0.5_rf0.3 --seed S --threads=3,3dfe2bc68aa49279b271a02a1f2404d134495556,runs/peerreview_20261003/semisynthetic/specific_d0.5_rf0.3/specific_d0.5_rf0.3_s2_metrics.json
semisynthetic.zip,semisynthetic/specific_d0.5_rf1.0/specific_d0.5_rf1.0_s0.pt,4266326,c75cfce08c1f0ce8439ff416d2c680d35d9437de3fe4e7fae84af06d63dea30c,scripts/31_semisynthetic.py,.venv/Scripts/python scripts/31_semisynthetic.py --fit --config specific_d0.5_rf1.0 --seed S --threads=3,3dfe2bc68aa49279b271a02a1f2404d134495556,runs/peerreview_20261003/semisynthetic/specific_d0.5_rf1.0/specific_d0.5_rf1.0_s0.pt
semisynthetic.zip,semisynthetic/specific_d0.5_rf1.0/specific_d0.5_rf1.0_s0_done.json,1922,6b62d4fc96681aef86fb27982ae431ff1b4c568788b4e2cf5c640e3c6f621296,scripts/31_semisynthetic.py,.venv/Scripts/python scripts/31_semisynthetic.py --fit --config specific_d0.5_rf1.0 --seed S --threads=3,3dfe2bc68aa49279b271a02a1f2404d134495556,runs/peerreview_20261003/semisynthetic/specific_d0.5_rf1.0/specific_d0.5_rf1.0_s0_done.json
semisynthetic.zip,semisynthetic/specific_d0.5_rf1.0/specific_d0.5_rf1.0_s0_history.csv,4223,a2987e6a14675376327936f4c0e6ec96e084f359e54d1bdba797fc62e16f759c,scripts/31_semisynthetic.py,.venv/Scripts/python scripts/31_semisynthetic.py --fit --config specific_d0.5_rf1.0 --seed S --threads=3,3dfe2bc68aa49279b271a02a1f2404d134495556,runs/peerreview_20261003/semisynthetic/specific_d0.5_rf1.0/specific_d0.5_rf1.0_s0_history.csv
semisynthetic.zip,semisynthetic/specific_d0.5_rf1.0/specific_d0.5_rf1.0_s0_ig_completeness.csv,867,5210b0e826ac92356c55e33b2685d6640c6e234efd10b995f1ce3560d67658e4,scripts/31_semisynthetic.py,.venv/Scripts/python scripts/31_semisynthetic.py --fit --config specific_d0.5_rf1.0 --seed S --threads=3,3dfe2bc68aa49279b271a02a1f2404d134495556,runs/peerreview_20261003/semisynthetic/specific_d0.5_rf1.0/specific_d0.5_rf1.0_s0_ig_completeness.csv
semisynthetic.zip,semisynthetic/specific_d0.5_rf1.0/specific_d0.5_rf1.0_s0_ig_summary.csv.gz,179077,54b87750300c6de1a0f90c78ab1fbc7c51730abcfacc0883c912020050ced015,scripts/31_semisynthetic.py,.venv/Scripts/python scripts/31_semisynthetic.py --fit --config specific_d0.5_rf1.0 --seed S --threads=3,3dfe2bc68aa49279b271a02a1f2404d134495556,runs/peerreview_20261003/semisynthetic/specific_d0.5_rf1.0/specific_d0.5_rf1.0_s0_ig_summary.csv.gz
semisynthetic.zip,semisynthetic/specific_d0.5_rf1.0/specific_d0.5_rf1.0_s0_latent_usage_per_dimension.csv,1475,98332015cd3bee6ccfd17a5030e00dde562e47f0b0a3991a51cfba492806b1a4,scripts/31_semisynthetic.py,.venv/Scripts/python scripts/31_semisynthetic.py --fit --config specific_d0.5_rf1.0 --seed S --threads=3,3dfe2bc68aa49279b271a02a1f2404d134495556,runs/peerreview_20261003/semisynthetic/specific_d0.5_rf1.0/specific_d0.5_rf1.0_s0_latent_usage_per_dimension.csv
semisynthetic.zip,semisynthetic/specific_d0.5_rf1.0/specific_d0.5_rf1.0_s0_latents.npz,3005316,4780a093b4bd070049270e9bac506baf636203f4efefbc2a2b4ce057b880579a,scripts/31_semisynthetic.py,.venv/Scripts/python scripts/31_semisynthetic.py --fit --config specific_d0.5_rf1.0 --seed S --threads=3,3dfe2bc68aa49279b271a02a1f2404d134495556,runs/peerreview_20261003/semisynthetic/specific_d0.5_rf1.0/specific_d0.5_rf1.0_s0_latents.npz
semisynthetic.zip,semisynthetic/specific_d0.5_rf1.0/specific_d0.5_rf1.0_s0_metrics.json,1922,6b62d4fc96681aef86fb27982ae431ff1b4c568788b4e2cf5c640e3c6f621296,scripts/31_semisynthetic.py,.venv/Scripts/python scripts/31_semisynthetic.py --fit --config specific_d0.5_rf1.0 --seed S --threads=3,3dfe2bc68aa49279b271a02a1f2404d134495556,runs/peerreview_20261003/semisynthetic/specific_d0.5_rf1.0/specific_d0.5_rf1.0_s0_metrics.json
semisynthetic.zip,semisynthetic/specific_d0.5_rf1.0/specific_d0.5_rf1.0_s1.pt,4266326,32603fd4bc20ba186f132662f8eab60024bb4c09c330698796c8bdf075293e8f,scripts/31_semisynthetic.py,.venv/Scripts/python scripts/31_semisynthetic.py --fit --config specific_d0.5_rf1.0 --seed S --threads=3,3dfe2bc68aa49279b271a02a1f2404d134495556,runs/peerreview_20261003/semisynthetic/specific_d0.5_rf1.0/specific_d0.5_rf1.0_s1.pt
semisynthetic.zip,semisynthetic/specific_d0.5_rf1.0/specific_d0.5_rf1.0_s1_done.json,1927,8b92488bac6fe116fa4965c990502c08f8ed81d9711b9dcdefee380dfe58dadf,scripts/31_semisynthetic.py,.venv/Scripts/python scripts/31_semisynthetic.py --fit --config specific_d0.5_rf1.0 --seed S --threads=3,3dfe2bc68aa49279b271a02a1f2404d134495556,runs/peerreview_20261003/semisynthetic/specific_d0.5_rf1.0/specific_d0.5_rf1.0_s1_done.json
semisynthetic.zip,semisynthetic/specific_d0.5_rf1.0/specific_d0.5_rf1.0_s1_history.csv,4206,01039fdf6c41f42e3b470ec2c4d3fca6b51ac34ceb1a3a7996473eb615f4f935,scripts/31_semisynthetic.py,.venv/Scripts/python scripts/31_semisynthetic.py --fit --config specific_d0.5_rf1.0 --seed S --threads=3,3dfe2bc68aa49279b271a02a1f2404d134495556,runs/peerreview_20261003/semisynthetic/specific_d0.5_rf1.0/specific_d0.5_rf1.0_s1_history.csv
semisynthetic.zip,semisynthetic/specific_d0.5_rf1.0/specific_d0.5_rf1.0_s1_ig_completeness.csv,863,e52d1f13819bb48397150ac912e8be30be421932ac13268d79d3dbdd174bd0d1,scripts/31_semisynthetic.py,.venv/Scripts/python scripts/31_semisynthetic.py --fit --config specific_d0.5_rf1.0 --seed S --threads=3,3dfe2bc68aa49279b271a02a1f2404d134495556,runs/peerreview_20261003/semisynthetic/specific_d0.5_rf1.0/specific_d0.5_rf1.0_s1_ig_completeness.csv
semisynthetic.zip,semisynthetic/specific_d0.5_rf1.0/specific_d0.5_rf1.0_s1_ig_summary.csv.gz,176815,2f0492a19f8377a175885a13bb412e7fae3c4afdfb6914494cab73693589a3b9,scripts/31_semisynthetic.py,.venv/Scripts/python scripts/31_semisynthetic.py --fit --config specific_d0.5_rf1.0 --seed S --threads=3,3dfe2bc68aa49279b271a02a1f2404d134495556,runs/peerreview_20261003/semisynthetic/specific_d0.5_rf1.0/specific_d0.5_rf1.0_s1_ig_summary.csv.gz
semisynthetic.zip,semisynthetic/specific_d0.5_rf1.0/specific_d0.5_rf1.0_s1_latent_usage_per_dimension.csv,1472,0c2a0c010c904f326e60544c3e2552a5de2d04493282a553cc9216916f8c0282,scripts/31_semisynthetic.py,.venv/Scripts/python scripts/31_semisynthetic.py --fit --config specific_d0.5_rf1.0 --seed S --threads=3,3dfe2bc68aa49279b271a02a1f2404d134495556,runs/peerreview_20261003/semisynthetic/specific_d0.5_rf1.0/specific_d0.5_rf1.0_s1_latent_usage_per_dimension.csv
semisynthetic.zip,semisynthetic/specific_d0.5_rf1.0/specific_d0.5_rf1.0_s1_latents.npz,2995593,2794f7fb8214967f026723857e64d68d057e4338ad6e85e28a8180bbb66a79a6,scripts/31_semisynthetic.py,.venv/Scripts/python scripts/31_semisynthetic.py --fit --config specific_d0.5_rf1.0 --seed S --threads=3,3dfe2bc68aa49279b271a02a1f2404d134495556,runs/peerreview_20261003/semisynthetic/specific_d0.5_rf1.0/specific_d0.5_rf1.0_s1_latents.npz
semisynthetic.zip,semisynthetic/specific_d0.5_rf1.0/specific_d0.5_rf1.0_s1_metrics.json,1927,8b92488bac6fe116fa4965c990502c08f8ed81d9711b9dcdefee380dfe58dadf,scripts/31_semisynthetic.py,.venv/Scripts/python scripts/31_semisynthetic.py --fit --config specific_d0.5_rf1.0 --seed S --threads=3,3dfe2bc68aa49279b271a02a1f2404d134495556,runs/peerreview_20261003/semisynthetic/specific_d0.5_rf1.0/specific_d0.5_rf1.0_s1_metrics.json
semisynthetic.zip,semisynthetic/specific_d0.5_rf1.0/specific_d0.5_rf1.0_s2.pt,4266326,efd2f0c8b8fac29b8a7ba281e8559f33205a50def7890fe31602d09d4736c6b2,scripts/31_semisynthetic.py,.venv/Scripts/python scripts/31_semisynthetic.py --fit --config specific_d0.5_rf1.0 --seed S --threads=3,3dfe2bc68aa49279b271a02a1f2404d134495556,runs/peerreview_20261003/semisynthetic/specific_d0.5_rf1.0/specific_d0.5_rf1.0_s2.pt
semisynthetic.zip,semisynthetic/specific_d0.5_rf1.0/specific_d0.5_rf1.0_s2_done.json,1922,c37481b2436840b3a440926123c475260c0679734bff05f617fd92bcb7fd4ae0,scripts/31_semisynthetic.py,.venv/Scripts/python scripts/31_semisynthetic.py --fit --config specific_d0.5_rf1.0 --seed S --threads=3,3dfe2bc68aa49279b271a02a1f2404d134495556,runs/peerreview_20261003/semisynthetic/specific_d0.5_rf1.0/specific_d0.5_rf1.0_s2_done.json
semisynthetic.zip,semisynthetic/specific_d0.5_rf1.0/specific_d0.5_rf1.0_s2_history.csv,4236,4385625c5f1b3267e842e0dc9333a3488911ed748e59e16a3d3fad376f41ffea,scripts/31_semisynthetic.py,.venv/Scripts/python scripts/31_semisynthetic.py --fit --config specific_d0.5_rf1.0 --seed S --threads=3,3dfe2bc68aa49279b271a02a1f2404d134495556,runs/peerreview_20261003/semisynthetic/specific_d0.5_rf1.0/specific_d0.5_rf1.0_s2_history.csv
semisynthetic.zip,semisynthetic/specific_d0.5_rf1.0/specific_d0.5_rf1.0_s2_ig_completeness.csv,868,ce7834242e7c20b3c4b10bdf8562032176df6de9b6d56b442a69c74854e35038,scripts/31_semisynthetic.py,.venv/Scripts/python scripts/31_semisynthetic.py --fit --config specific_d0.5_rf1.0 --seed S --threads=3,3dfe2bc68aa49279b271a02a1f2404d134495556,runs/peerreview_20261003/semisynthetic/specific_d0.5_rf1.0/specific_d0.5_rf1.0_s2_ig_completeness.csv
semisynthetic.zip,semisynthetic/specific_d0.5_rf1.0/specific_d0.5_rf1.0_s2_ig_summary.csv.gz,180129,ab50ad995cda9fcac1735d5de5c3ffd95595725f2882102b1eb24d709211018e,scripts/31_semisynthetic.py,.venv/Scripts/python scripts/31_semisynthetic.py --fit --config specific_d0.5_rf1.0 --seed S --threads=3,3dfe2bc68aa49279b271a02a1f2404d134495556,runs/peerreview_20261003/semisynthetic/specific_d0.5_rf1.0/specific_d0.5_rf1.0_s2_ig_summary.csv.gz
semisynthetic.zip,semisynthetic/specific_d0.5_rf1.0/specific_d0.5_rf1.0_s2_latent_usage_per_dimension.csv,1465,777e7a336acf300f83bd1e99f53b89798bfbf7420b207eb3deb223142a1ea075,scripts/31_semisynthetic.py,.venv/Scripts/python scripts/31_semisynthetic.py --fit --config specific_d0.5_rf1.0 --seed S --threads=3,3dfe2bc68aa49279b271a02a1f2404d134495556,runs/peerreview_20261003/semisynthetic/specific_d0.5_rf1.0/specific_d0.5_rf1.0_s2_latent_usage_per_dimension.csv
semisynthetic.zip,semisynthetic/specific_d0.5_rf1.0/specific_d0.5_rf1.0_s2_latents.npz,2993400,b6fd7a5461e5b4cc5897a6dd829f82915155647a4911c8a6d5bb34fed31bb8d4,scripts/31_semisynthetic.py,.venv/Scripts/python scripts/31_semisynthetic.py --fit --config specific_d0.5_rf1.0 --seed S --threads=3,3dfe2bc68aa49279b271a02a1f2404d134495556,runs/peerreview_20261003/semisynthetic/specific_d0.5_rf1.0/specific_d0.5_rf1.0_s2_latents.npz
semisynthetic.zip,semisynthetic/specific_d0.5_rf1.0/specific_d0.5_rf1.0_s2_metrics.json,1922,c37481b2436840b3a440926123c475260c0679734bff05f617fd92bcb7fd4ae0,scripts/31_semisynthetic.py,.venv/Scripts/python scripts/31_semisynthetic.py --fit --config specific_d0.5_rf1.0 --seed S --threads=3,3dfe2bc68aa49279b271a02a1f2404d134495556,runs/peerreview_20261003/semisynthetic/specific_d0.5_rf1.0/specific_d0.5_rf1.0_s2_metrics.json
semisynthetic.zip,semisynthetic/specific_d1_rf0.3/specific_d1_rf0.3_s0.pt,4266136,4a2d1a8603018e1577b6f80f003ea7b4d511688c22647d3391834989dd0b743b,scripts/31_semisynthetic.py,.venv/Scripts/python scripts/31_semisynthetic.py --fit --config specific_d1_rf0.3 --seed S --threads=3,3dfe2bc68aa49279b271a02a1f2404d134495556,runs/peerreview_20261003/semisynthetic/specific_d1_rf0.3/specific_d1_rf0.3_s0.pt
semisynthetic.zip,semisynthetic/specific_d1_rf0.3/specific_d1_rf0.3_s0_done.json,1923,61b50b0bae556fe2130631b511e38a78dade4c18e04199f070d8ff35dacb20be,scripts/31_semisynthetic.py,.venv/Scripts/python scripts/31_semisynthetic.py --fit --config specific_d1_rf0.3 --seed S --threads=3,3dfe2bc68aa49279b271a02a1f2404d134495556,runs/peerreview_20261003/semisynthetic/specific_d1_rf0.3/specific_d1_rf0.3_s0_done.json
semisynthetic.zip,semisynthetic/specific_d1_rf0.3/specific_d1_rf0.3_s0_history.csv,4238,a9f0dc45640e065b5d4fd504964ce349a98f34342bdd329d010cad4fa84290b9,scripts/31_semisynthetic.py,.venv/Scripts/python scripts/31_semisynthetic.py --fit --config specific_d1_rf0.3 --seed S --threads=3,3dfe2bc68aa49279b271a02a1f2404d134495556,runs/peerreview_20261003/semisynthetic/specific_d1_rf0.3/specific_d1_rf0.3_s0_history.csv
semisynthetic.zip,semisynthetic/specific_d1_rf0.3/specific_d1_rf0.3_s0_ig_completeness.csv,864,f1b3370ae0d8badee47cc8033658bc17d5e451c4a59d5d7d09298a74d7c40068,scripts/31_semisynthetic.py,.venv/Scripts/python scripts/31_semisynthetic.py --fit --config specific_d1_rf0.3 --seed S --threads=3,3dfe2bc68aa49279b271a02a1f2404d134495556,runs/peerreview_20261003/semisynthetic/specific_d1_rf0.3/specific_d1_rf0.3_s0_ig_completeness.csv
semisynthetic.zip,semisynthetic/specific_d1_rf0.3/specific_d1_rf0.3_s0_ig_summary.csv.gz,172265,d553fa476799eff67ffadac16fe16bf80b8564c1c86319be8dded21e4ca46af0,scripts/31_semisynthetic.py,.venv/Scripts/python scripts/31_semisynthetic.py --fit --config specific_d1_rf0.3 --seed S --threads=3,3dfe2bc68aa49279b271a02a1f2404d134495556,runs/peerreview_20261003/semisynthetic/specific_d1_rf0.3/specific_d1_rf0.3_s0_ig_summary.csv.gz
semisynthetic.zip,semisynthetic/specific_d1_rf0.3/specific_d1_rf0.3_s0_latent_usage_per_dimension.csv,1473,0e584067943bb6e2c9c5cd123126bf4be9e792222a9f13cb99a5880b7981d00d,scripts/31_semisynthetic.py,.venv/Scripts/python scripts/31_semisynthetic.py --fit --config specific_d1_rf0.3 --seed S --threads=3,3dfe2bc68aa49279b271a02a1f2404d134495556,runs/peerreview_20261003/semisynthetic/specific_d1_rf0.3/specific_d1_rf0.3_s0_latent_usage_per_dimension.csv
semisynthetic.zip,semisynthetic/specific_d1_rf0.3/specific_d1_rf0.3_s0_latents.npz,2990741,8c16b729b0f10dbf64e0bc7499acfe2ca428ee5dea838b662d584975b3ac45a4,scripts/31_semisynthetic.py,.venv/Scripts/python scripts/31_semisynthetic.py --fit --config specific_d1_rf0.3 --seed S --threads=3,3dfe2bc68aa49279b271a02a1f2404d134495556,runs/peerreview_20261003/semisynthetic/specific_d1_rf0.3/specific_d1_rf0.3_s0_latents.npz
semisynthetic.zip,semisynthetic/specific_d1_rf0.3/specific_d1_rf0.3_s0_metrics.json,1923,61b50b0bae556fe2130631b511e38a78dade4c18e04199f070d8ff35dacb20be,scripts/31_semisynthetic.py,.venv/Scripts/python scripts/31_semisynthetic.py --fit --config specific_d1_rf0.3 --seed S --threads=3,3dfe2bc68aa49279b271a02a1f2404d134495556,runs/peerreview_20261003/semisynthetic/specific_d1_rf0.3/specific_d1_rf0.3_s0_metrics.json
semisynthetic.zip,semisynthetic/specific_d1_rf0.3/specific_d1_rf0.3_s1.pt,4266136,3ff3070c43e4b403259fab61a2239f110bcc6f7a2d4765b64432186104054ccc,scripts/31_semisynthetic.py,.venv/Scripts/python scripts/31_semisynthetic.py --fit --config specific_d1_rf0.3 --seed S --threads=3,3dfe2bc68aa49279b271a02a1f2404d134495556,runs/peerreview_20261003/semisynthetic/specific_d1_rf0.3/specific_d1_rf0.3_s1.pt
semisynthetic.zip,semisynthetic/specific_d1_rf0.3/specific_d1_rf0.3_s1_done.json,1905,f413dfa7f073224c8f54ec315ed80fea06fdfa08ab2db0dd4335ef741fa19532,scripts/31_semisynthetic.py,.venv/Scripts/python scripts/31_semisynthetic.py --fit --config specific_d1_rf0.3 --seed S --threads=3,3dfe2bc68aa49279b271a02a1f2404d134495556,runs/peerreview_20261003/semisynthetic/specific_d1_rf0.3/specific_d1_rf0.3_s1_done.json
semisynthetic.zip,semisynthetic/specific_d1_rf0.3/specific_d1_rf0.3_s1_history.csv,4230,4e28b79a031f28557f02f483a08f5fd99e14553d7b063a4cc9de4cf6b17e88a6,scripts/31_semisynthetic.py,.venv/Scripts/python scripts/31_semisynthetic.py --fit --config specific_d1_rf0.3 --seed S --threads=3,3dfe2bc68aa49279b271a02a1f2404d134495556,runs/peerreview_20261003/semisynthetic/specific_d1_rf0.3/specific_d1_rf0.3_s1_history.csv
semisynthetic.zip,semisynthetic/specific_d1_rf0.3/specific_d1_rf0.3_s1_ig_completeness.csv,856,a325e1b2eee7d4b83f1c22a6829f3268643a9dcdd1eafbef9f2f48753413cff4,scripts/31_semisynthetic.py,.venv/Scripts/python scripts/31_semisynthetic.py --fit --config specific_d1_rf0.3 --seed S --threads=3,3dfe2bc68aa49279b271a02a1f2404d134495556,runs/peerreview_20261003/semisynthetic/specific_d1_rf0.3/specific_d1_rf0.3_s1_ig_completeness.csv
semisynthetic.zip,semisynthetic/specific_d1_rf0.3/specific_d1_rf0.3_s1_ig_summary.csv.gz,169560,17a40005496fc45956cf24a404624293cb2d8307ed68f3e683f7834ceb9d61ea,scripts/31_semisynthetic.py,.venv/Scripts/python scripts/31_semisynthetic.py --fit --config specific_d1_rf0.3 --seed S --threads=3,3dfe2bc68aa49279b271a02a1f2404d134495556,runs/peerreview_20261003/semisynthetic/specific_d1_rf0.3/specific_d1_rf0.3_s1_ig_summary.csv.gz
semisynthetic.zip,semisynthetic/specific_d1_rf0.3/specific_d1_rf0.3_s1_latent_usage_per_dimension.csv,1461,262e663c8a41e02c494ab7c76ee8bdccbde58117a30a90f251c41364127e8160,scripts/31_semisynthetic.py,.venv/Scripts/python scripts/31_semisynthetic.py --fit --config specific_d1_rf0.3 --seed S --threads=3,3dfe2bc68aa49279b271a02a1f2404d134495556,runs/peerreview_20261003/semisynthetic/specific_d1_rf0.3/specific_d1_rf0.3_s1_latent_usage_per_dimension.csv
semisynthetic.zip,semisynthetic/specific_d1_rf0.3/specific_d1_rf0.3_s1_latents.npz,3008121,4c876ee3e34c5ca2dece9677a5112b4d5e70e36cb9d91b4f1b65343287ed0c0f,scripts/31_semisynthetic.py,.venv/Scripts/python scripts/31_semisynthetic.py --fit --config specific_d1_rf0.3 --seed S --threads=3,3dfe2bc68aa49279b271a02a1f2404d134495556,runs/peerreview_20261003/semisynthetic/specific_d1_rf0.3/specific_d1_rf0.3_s1_latents.npz
semisynthetic.zip,semisynthetic/specific_d1_rf0.3/specific_d1_rf0.3_s1_metrics.json,1905,f413dfa7f073224c8f54ec315ed80fea06fdfa08ab2db0dd4335ef741fa19532,scripts/31_semisynthetic.py,.venv/Scripts/python scripts/31_semisynthetic.py --fit --config specific_d1_rf0.3 --seed S --threads=3,3dfe2bc68aa49279b271a02a1f2404d134495556,runs/peerreview_20261003/semisynthetic/specific_d1_rf0.3/specific_d1_rf0.3_s1_metrics.json
semisynthetic.zip,semisynthetic/specific_d1_rf0.3/specific_d1_rf0.3_s2.pt,4266136,55536a4cf122c537ad75fd14480c8654253b7f65ea652a1c49e1035e144ea1ce,scripts/31_semisynthetic.py,.venv/Scripts/python scripts/31_semisynthetic.py --fit --config specific_d1_rf0.3 --seed S --threads=3,3dfe2bc68aa49279b271a02a1f2404d134495556,runs/peerreview_20261003/semisynthetic/specific_d1_rf0.3/specific_d1_rf0.3_s2.pt
semisynthetic.zip,semisynthetic/specific_d1_rf0.3/specific_d1_rf0.3_s2_done.json,1916,2a49aff62e469d02cea57c42372422928faf2000895153100f76ac24c3ba79a0,scripts/31_semisynthetic.py,.venv/Scripts/python scripts/31_semisynthetic.py --fit --config specific_d1_rf0.3 --seed S --threads=3,3dfe2bc68aa49279b271a02a1f2404d134495556,runs/peerreview_20261003/semisynthetic/specific_d1_rf0.3/specific_d1_rf0.3_s2_done.json
semisynthetic.zip,semisynthetic/specific_d1_rf0.3/specific_d1_rf0.3_s2_history.csv,4237,26157c9f15e0d5a07bb3643cea4dda64a7e5e97d860f1c7abfa933ef0138f6d4,scripts/31_semisynthetic.py,.venv/Scripts/python scripts/31_semisynthetic.py --fit --config specific_d1_rf0.3 --seed S --threads=3,3dfe2bc68aa49279b271a02a1f2404d134495556,runs/peerreview_20261003/semisynthetic/specific_d1_rf0.3/specific_d1_rf0.3_s2_history.csv
semisynthetic.zip,semisynthetic/specific_d1_rf0.3/specific_d1_rf0.3_s2_ig_completeness.csv,860,e9960398e0db4bd22487839d1749a09c4ef8de67b41149018e6b1920515dac43,scripts/31_semisynthetic.py,.venv/Scripts/python scripts/31_semisynthetic.py --fit --config specific_d1_rf0.3 --seed S --threads=3,3dfe2bc68aa49279b271a02a1f2404d134495556,runs/peerreview_20261003/semisynthetic/specific_d1_rf0.3/specific_d1_rf0.3_s2_ig_completeness.csv
semisynthetic.zip,semisynthetic/specific_d1_rf0.3/specific_d1_rf0.3_s2_ig_summary.csv.gz,175449,475d8aa14a3d72d8517f6db35e5022c34267e108927cfc0a15ad738a815f4ed1,scripts/31_semisynthetic.py,.venv/Scripts/python scripts/31_semisynthetic.py --fit --config specific_d1_rf0.3 --seed S --threads=3,3dfe2bc68aa49279b271a02a1f2404d134495556,runs/peerreview_20261003/semisynthetic/specific_d1_rf0.3/specific_d1_rf0.3_s2_ig_summary.csv.gz
semisynthetic.zip,semisynthetic/specific_d1_rf0.3/specific_d1_rf0.3_s2_latent_usage_per_dimension.csv,1467,c2940cca43259393b395b719fbbd070f33d918137f00a62933a9c35f7d8a96c9,scripts/31_semisynthetic.py,.venv/Scripts/python scripts/31_semisynthetic.py --fit --config specific_d1_rf0.3 --seed S --threads=3,3dfe2bc68aa49279b271a02a1f2404d134495556,runs/peerreview_20261003/semisynthetic/specific_d1_rf0.3/specific_d1_rf0.3_s2_latent_usage_per_dimension.csv
semisynthetic.zip,semisynthetic/specific_d1_rf0.3/specific_d1_rf0.3_s2_latents.npz,2998987,4a79d2c0123a87084873c3c277713954469f4b0e1826baac1df3b83cd01ab75f,scripts/31_semisynthetic.py,.venv/Scripts/python scripts/31_semisynthetic.py --fit --config specific_d1_rf0.3 --seed S --threads=3,3dfe2bc68aa49279b271a02a1f2404d134495556,runs/peerreview_20261003/semisynthetic/specific_d1_rf0.3/specific_d1_rf0.3_s2_latents.npz
semisynthetic.zip,semisynthetic/specific_d1_rf0.3/specific_d1_rf0.3_s2_metrics.json,1916,2a49aff62e469d02cea57c42372422928faf2000895153100f76ac24c3ba79a0,scripts/31_semisynthetic.py,.venv/Scripts/python scripts/31_semisynthetic.py --fit --config specific_d1_rf0.3 --seed S --threads=3,3dfe2bc68aa49279b271a02a1f2404d134495556,runs/peerreview_20261003/semisynthetic/specific_d1_rf0.3/specific_d1_rf0.3_s2_metrics.json
semisynthetic.zip,semisynthetic/specific_d1_rf1.0/specific_d1_rf1.0_s0.pt,4266136,c1fafd2e599b0a1a6582becb2061a0b8be7d7af995cfb46ffd6087a9fd2b45a3,scripts/31_semisynthetic.py,.venv/Scripts/python scripts/31_semisynthetic.py --fit --config specific_d1_rf1.0 --seed S --threads=3,3dfe2bc68aa49279b271a02a1f2404d134495556,runs/peerreview_20261003/semisynthetic/specific_d1_rf1.0/specific_d1_rf1.0_s0.pt
semisynthetic.zip,semisynthetic/specific_d1_rf1.0/specific_d1_rf1.0_s0_done.json,1919,b7088ab27e742a78207831d627203c1ef02698cab4cf7187a168ce0f6c4f410a,scripts/31_semisynthetic.py,.venv/Scripts/python scripts/31_semisynthetic.py --fit --config specific_d1_rf1.0 --seed S --threads=3,3dfe2bc68aa49279b271a02a1f2404d134495556,runs/peerreview_20261003/semisynthetic/specific_d1_rf1.0/specific_d1_rf1.0_s0_done.json
semisynthetic.zip,semisynthetic/specific_d1_rf1.0/specific_d1_rf1.0_s0_history.csv,4244,15ebb0d55e66807835296447c97196703db297c1e32f24d4741e3e5f67ff8bc9,scripts/31_semisynthetic.py,.venv/Scripts/python scripts/31_semisynthetic.py --fit --config specific_d1_rf1.0 --seed S --threads=3,3dfe2bc68aa49279b271a02a1f2404d134495556,runs/peerreview_20261003/semisynthetic/specific_d1_rf1.0/specific_d1_rf1.0_s0_history.csv
semisynthetic.zip,semisynthetic/specific_d1_rf1.0/specific_d1_rf1.0_s0_ig_completeness.csv,862,6a8ed2478656c56c7d6ff30361ea58334fd09eb3e3b64b5dd340cf02ddedc9a3,scripts/31_semisynthetic.py,.venv/Scripts/python scripts/31_semisynthetic.py --fit --config specific_d1_rf1.0 --seed S --threads=3,3dfe2bc68aa49279b271a02a1f2404d134495556,runs/peerreview_20261003/semisynthetic/specific_d1_rf1.0/specific_d1_rf1.0_s0_ig_completeness.csv
semisynthetic.zip,semisynthetic/specific_d1_rf1.0/specific_d1_rf1.0_s0_ig_summary.csv.gz,174744,fbf4f2e80745dcf8c0e30ee233c120dcae37e556d024d650b2863d00e09ab7f7,scripts/31_semisynthetic.py,.venv/Scripts/python scripts/31_semisynthetic.py --fit --config specific_d1_rf1.0 --seed S --threads=3,3dfe2bc68aa49279b271a02a1f2404d134495556,runs/peerreview_20261003/semisynthetic/specific_d1_rf1.0/specific_d1_rf1.0_s0_ig_summary.csv.gz
semisynthetic.zip,semisynthetic/specific_d1_rf1.0/specific_d1_rf1.0_s0_latent_usage_per_dimension.csv,1475,bf72de7da5d7d1c9867959b08e3d46b909bb7be17604717256482643937f7289,scripts/31_semisynthetic.py,.venv/Scripts/python scripts/31_semisynthetic.py --fit --config specific_d1_rf1.0 --seed S --threads=3,3dfe2bc68aa49279b271a02a1f2404d134495556,runs/peerreview_20261003/semisynthetic/specific_d1_rf1.0/specific_d1_rf1.0_s0_latent_usage_per_dimension.csv
semisynthetic.zip,semisynthetic/specific_d1_rf1.0/specific_d1_rf1.0_s0_latents.npz,2996750,bfe84debd719d9370f94860548c0b1f10a7f3fb300e3c9feb951b7cc6d8383fc,scripts/31_semisynthetic.py,.venv/Scripts/python scripts/31_semisynthetic.py --fit --config specific_d1_rf1.0 --seed S --threads=3,3dfe2bc68aa49279b271a02a1f2404d134495556,runs/peerreview_20261003/semisynthetic/specific_d1_rf1.0/specific_d1_rf1.0_s0_latents.npz
semisynthetic.zip,semisynthetic/specific_d1_rf1.0/specific_d1_rf1.0_s0_metrics.json,1919,b7088ab27e742a78207831d627203c1ef02698cab4cf7187a168ce0f6c4f410a,scripts/31_semisynthetic.py,.venv/Scripts/python scripts/31_semisynthetic.py --fit --config specific_d1_rf1.0 --seed S --threads=3,3dfe2bc68aa49279b271a02a1f2404d134495556,runs/peerreview_20261003/semisynthetic/specific_d1_rf1.0/specific_d1_rf1.0_s0_metrics.json
semisynthetic.zip,semisynthetic/specific_d1_rf1.0/specific_d1_rf1.0_s1.pt,4266136,fe3a4fed33d961ecd95b5b3f177cd34fc9f05be68e005e86c68fc5d86a127fe1,scripts/31_semisynthetic.py,.venv/Scripts/python scripts/31_semisynthetic.py --fit --config specific_d1_rf1.0 --seed S --threads=3,3dfe2bc68aa49279b271a02a1f2404d134495556,runs/peerreview_20261003/semisynthetic/specific_d1_rf1.0/specific_d1_rf1.0_s1.pt
semisynthetic.zip,semisynthetic/specific_d1_rf1.0/specific_d1_rf1.0_s1_done.json,1918,a4f3513c72c1557fe837205db972a4409acd8b595e5c02002e56d3d38bfc2458,scripts/31_semisynthetic.py,.venv/Scripts/python scripts/31_semisynthetic.py --fit --config specific_d1_rf1.0 --seed S --threads=3,3dfe2bc68aa49279b271a02a1f2404d134495556,runs/peerreview_20261003/semisynthetic/specific_d1_rf1.0/specific_d1_rf1.0_s1_done.json
semisynthetic.zip,semisynthetic/specific_d1_rf1.0/specific_d1_rf1.0_s1_history.csv,4239,8e1d877ef8ab8a840f0dd4368647b1f22848bf73461f7e2d4554a7433ced13ab,scripts/31_semisynthetic.py,.venv/Scripts/python scripts/31_semisynthetic.py --fit --config specific_d1_rf1.0 --seed S --threads=3,3dfe2bc68aa49279b271a02a1f2404d134495556,runs/peerreview_20261003/semisynthetic/specific_d1_rf1.0/specific_d1_rf1.0_s1_history.csv
semisynthetic.zip,semisynthetic/specific_d1_rf1.0/specific_d1_rf1.0_s1_ig_completeness.csv,855,5086e1e60b735f0aed9c7b33836fe3b4ceb2fbed580fd7b7ca9711b8689a8352,scripts/31_semisynthetic.py,.venv/Scripts/python scripts/31_semisynthetic.py --fit --config specific_d1_rf1.0 --seed S --threads=3,3dfe2bc68aa49279b271a02a1f2404d134495556,runs/peerreview_20261003/semisynthetic/specific_d1_rf1.0/specific_d1_rf1.0_s1_ig_completeness.csv
semisynthetic.zip,semisynthetic/specific_d1_rf1.0/specific_d1_rf1.0_s1_ig_summary.csv.gz,167278,5faf1d96b685e674b301545d9815bbe768fa0898a67dc1517f20c24e2f6444f9,scripts/31_semisynthetic.py,.venv/Scripts/python scripts/31_semisynthetic.py --fit --config specific_d1_rf1.0 --seed S --threads=3,3dfe2bc68aa49279b271a02a1f2404d134495556,runs/peerreview_20261003/semisynthetic/specific_d1_rf1.0/specific_d1_rf1.0_s1_ig_summary.csv.gz
semisynthetic.zip,semisynthetic/specific_d1_rf1.0/specific_d1_rf1.0_s1_latent_usage_per_dimension.csv,1464,90b3382a2d079dff89255ead37190c217117bcb23d717a7dd62cc347f69457ad,scripts/31_semisynthetic.py,.venv/Scripts/python scripts/31_semisynthetic.py --fit --config specific_d1_rf1.0 --seed S --threads=3,3dfe2bc68aa49279b271a02a1f2404d134495556,runs/peerreview_20261003/semisynthetic/specific_d1_rf1.0/specific_d1_rf1.0_s1_latent_usage_per_dimension.csv
semisynthetic.zip,semisynthetic/specific_d1_rf1.0/specific_d1_rf1.0_s1_latents.npz,2985685,a7fc1a28823507e15d66ac5915f96cae1046e775a16f268a0bcaaad1a0eb904b,scripts/31_semisynthetic.py,.venv/Scripts/python scripts/31_semisynthetic.py --fit --config specific_d1_rf1.0 --seed S --threads=3,3dfe2bc68aa49279b271a02a1f2404d134495556,runs/peerreview_20261003/semisynthetic/specific_d1_rf1.0/specific_d1_rf1.0_s1_latents.npz
semisynthetic.zip,semisynthetic/specific_d1_rf1.0/specific_d1_rf1.0_s1_metrics.json,1918,a4f3513c72c1557fe837205db972a4409acd8b595e5c02002e56d3d38bfc2458,scripts/31_semisynthetic.py,.venv/Scripts/python scripts/31_semisynthetic.py --fit --config specific_d1_rf1.0 --seed S --threads=3,3dfe2bc68aa49279b271a02a1f2404d134495556,runs/peerreview_20261003/semisynthetic/specific_d1_rf1.0/specific_d1_rf1.0_s1_metrics.json
semisynthetic.zip,semisynthetic/specific_d1_rf1.0/specific_d1_rf1.0_s2.pt,4266136,13aed6b1d0ffe7b63c6eb77e984353352f0a04824d12d790a14c3c173d02fd1a,scripts/31_semisynthetic.py,.venv/Scripts/python scripts/31_semisynthetic.py --fit --config specific_d1_rf1.0 --seed S --threads=3,3dfe2bc68aa49279b271a02a1f2404d134495556,runs/peerreview_20261003/semisynthetic/specific_d1_rf1.0/specific_d1_rf1.0_s2.pt
semisynthetic.zip,semisynthetic/specific_d1_rf1.0/specific_d1_rf1.0_s2_done.json,1909,31c3ccd67caa8ea8c283dd932fcfca1b40717d27e10b3aa34b22f170cafb61a0,scripts/31_semisynthetic.py,.venv/Scripts/python scripts/31_semisynthetic.py --fit --config specific_d1_rf1.0 --seed S --threads=3,3dfe2bc68aa49279b271a02a1f2404d134495556,runs/peerreview_20261003/semisynthetic/specific_d1_rf1.0/specific_d1_rf1.0_s2_done.json
semisynthetic.zip,semisynthetic/specific_d1_rf1.0/specific_d1_rf1.0_s2_history.csv,4231,9570d9c2e0acc4e94c398a6c4c4e619f73fbd3d0fe4488f36ffbee38df992198,scripts/31_semisynthetic.py,.venv/Scripts/python scripts/31_semisynthetic.py --fit --config specific_d1_rf1.0 --seed S --threads=3,3dfe2bc68aa49279b271a02a1f2404d134495556,runs/peerreview_20261003/semisynthetic/specific_d1_rf1.0/specific_d1_rf1.0_s2_history.csv
semisynthetic.zip,semisynthetic/specific_d1_rf1.0/specific_d1_rf1.0_s2_ig_completeness.csv,859,186a51a84d21b6396e4bc00fb96a44418526fd7ca333dc0c8e2acae4b596ab31,scripts/31_semisynthetic.py,.venv/Scripts/python scripts/31_semisynthetic.py --fit --config specific_d1_rf1.0 --seed S --threads=3,3dfe2bc68aa49279b271a02a1f2404d134495556,runs/peerreview_20261003/semisynthetic/specific_d1_rf1.0/specific_d1_rf1.0_s2_ig_completeness.csv
semisynthetic.zip,semisynthetic/specific_d1_rf1.0/specific_d1_rf1.0_s2_ig_summary.csv.gz,181200,2dbe6650d993dbc2423fc4cf9fe7fd966a64f9874e78185a42f4c4c13d324934,scripts/31_semisynthetic.py,.venv/Scripts/python scripts/31_semisynthetic.py --fit --config specific_d1_rf1.0 --seed S --threads=3,3dfe2bc68aa49279b271a02a1f2404d134495556,runs/peerreview_20261003/semisynthetic/specific_d1_rf1.0/specific_d1_rf1.0_s2_ig_summary.csv.gz
semisynthetic.zip,semisynthetic/specific_d1_rf1.0/specific_d1_rf1.0_s2_latent_usage_per_dimension.csv,1462,59bce07238664aa84976aed985e370372ad66d1d7ebdeb67d1ec87045ee9f879,scripts/31_semisynthetic.py,.venv/Scripts/python scripts/31_semisynthetic.py --fit --config specific_d1_rf1.0 --seed S --threads=3,3dfe2bc68aa49279b271a02a1f2404d134495556,runs/peerreview_20261003/semisynthetic/specific_d1_rf1.0/specific_d1_rf1.0_s2_latent_usage_per_dimension.csv
semisynthetic.zip,semisynthetic/specific_d1_rf1.0/specific_d1_rf1.0_s2_latents.npz,3003226,766ef095001095bfe57efaa5d891472011a5f0cffef5b054c1a7a1bf1063bb4a,scripts/31_semisynthetic.py,.venv/Scripts/python scripts/31_semisynthetic.py --fit --config specific_d1_rf1.0 --seed S --threads=3,3dfe2bc68aa49279b271a02a1f2404d134495556,runs/peerreview_20261003/semisynthetic/specific_d1_rf1.0/specific_d1_rf1.0_s2_latents.npz
semisynthetic.zip,semisynthetic/specific_d1_rf1.0/specific_d1_rf1.0_s2_metrics.json,1909,31c3ccd67caa8ea8c283dd932fcfca1b40717d27e10b3aa34b22f170cafb61a0,scripts/31_semisynthetic.py,.venv/Scripts/python scripts/31_semisynthetic.py --fit --config specific_d1_rf1.0 --seed S --threads=3,3dfe2bc68aa49279b271a02a1f2404d134495556,runs/peerreview_20261003/semisynthetic/specific_d1_rf1.0/specific_d1_rf1.0_s2_metrics.json
semisynthetic.zip,semisynthetic/specific_d2_rf0.3/specific_d2_rf0.3_s0.pt,4266136,05cac68c98152aa851345cdb7c2ef0ecefd0b302adeb5733d8e7eb85354620ad,scripts/31_semisynthetic.py,.venv/Scripts/python scripts/31_semisynthetic.py --fit --config specific_d2_rf0.3 --seed S --threads=3,3dfe2bc68aa49279b271a02a1f2404d134495556,runs/peerreview_20261003/semisynthetic/specific_d2_rf0.3/specific_d2_rf0.3_s0.pt
semisynthetic.zip,semisynthetic/specific_d2_rf0.3/specific_d2_rf0.3_s0_done.json,1919,f306e3b63f4c47bd64bcfa6031073f460d8a220748cba7bbcb40f9cb0633b2f8,scripts/31_semisynthetic.py,.venv/Scripts/python scripts/31_semisynthetic.py --fit --config specific_d2_rf0.3 --seed S --threads=3,3dfe2bc68aa49279b271a02a1f2404d134495556,runs/peerreview_20261003/semisynthetic/specific_d2_rf0.3/specific_d2_rf0.3_s0_done.json
semisynthetic.zip,semisynthetic/specific_d2_rf0.3/specific_d2_rf0.3_s0_history.csv,4234,c96b73099eca362f920a42d98269f197a37b34e8081cef66b69ace19a5275c0d,scripts/31_semisynthetic.py,.venv/Scripts/python scripts/31_semisynthetic.py --fit --config specific_d2_rf0.3 --seed S --threads=3,3dfe2bc68aa49279b271a02a1f2404d134495556,runs/peerreview_20261003/semisynthetic/specific_d2_rf0.3/specific_d2_rf0.3_s0_history.csv
semisynthetic.zip,semisynthetic/specific_d2_rf0.3/specific_d2_rf0.3_s0_ig_completeness.csv,861,73106d6cc05f7c4c67205800857e33eafdc56fdd3cf8456fb15260117536c4a6,scripts/31_semisynthetic.py,.venv/Scripts/python scripts/31_semisynthetic.py --fit --config specific_d2_rf0.3 --seed S --threads=3,3dfe2bc68aa49279b271a02a1f2404d134495556,runs/peerreview_20261003/semisynthetic/specific_d2_rf0.3/specific_d2_rf0.3_s0_ig_completeness.csv
semisynthetic.zip,semisynthetic/specific_d2_rf0.3/specific_d2_rf0.3_s0_ig_summary.csv.gz,177030,df56aedc0d3b0af6bc10036be048ca8b6b8e9d69349e13c848070ebae44d661c,scripts/31_semisynthetic.py,.venv/Scripts/python scripts/31_semisynthetic.py --fit --config specific_d2_rf0.3 --seed S --threads=3,3dfe2bc68aa49279b271a02a1f2404d134495556,runs/peerreview_20261003/semisynthetic/specific_d2_rf0.3/specific_d2_rf0.3_s0_ig_summary.csv.gz
semisynthetic.zip,semisynthetic/specific_d2_rf0.3/specific_d2_rf0.3_s0_latent_usage_per_dimension.csv,1481,19a053361dd8f38719665ec08ce66514413d747221ce699e5a29ffdeb57dd6fa,scripts/31_semisynthetic.py,.venv/Scripts/python scripts/31_semisynthetic.py --fit --config specific_d2_rf0.3 --seed S --threads=3,3dfe2bc68aa49279b271a02a1f2404d134495556,runs/peerreview_20261003/semisynthetic/specific_d2_rf0.3/specific_d2_rf0.3_s0_latent_usage_per_dimension.csv
semisynthetic.zip,semisynthetic/specific_d2_rf0.3/specific_d2_rf0.3_s0_latents.npz,3000357,8f0c1fd69e0eac8291eb51dd7b4a09f4b8583d7cd5fdd07668e463dd2606d74e,scripts/31_semisynthetic.py,.venv/Scripts/python scripts/31_semisynthetic.py --fit --config specific_d2_rf0.3 --seed S --threads=3,3dfe2bc68aa49279b271a02a1f2404d134495556,runs/peerreview_20261003/semisynthetic/specific_d2_rf0.3/specific_d2_rf0.3_s0_latents.npz
semisynthetic.zip,semisynthetic/specific_d2_rf0.3/specific_d2_rf0.3_s0_metrics.json,1919,f306e3b63f4c47bd64bcfa6031073f460d8a220748cba7bbcb40f9cb0633b2f8,scripts/31_semisynthetic.py,.venv/Scripts/python scripts/31_semisynthetic.py --fit --config specific_d2_rf0.3 --seed S --threads=3,3dfe2bc68aa49279b271a02a1f2404d134495556,runs/peerreview_20261003/semisynthetic/specific_d2_rf0.3/specific_d2_rf0.3_s0_metrics.json
semisynthetic.zip,semisynthetic/specific_d2_rf0.3/specific_d2_rf0.3_s1.pt,4266136,79093ca3aa2c81dd47a5b09ccf7a485b2b392357c5163ce095a59b4310fabb62,scripts/31_semisynthetic.py,.venv/Scripts/python scripts/31_semisynthetic.py --fit --config specific_d2_rf0.3 --seed S --threads=3,3dfe2bc68aa49279b271a02a1f2404d134495556,runs/peerreview_20261003/semisynthetic/specific_d2_rf0.3/specific_d2_rf0.3_s1.pt
semisynthetic.zip,semisynthetic/specific_d2_rf0.3/specific_d2_rf0.3_s1_done.json,1914,4e6142e45306ff30999a5f00e1538b50699a191acd097c3e1c69b2048fe7a420,scripts/31_semisynthetic.py,.venv/Scripts/python scripts/31_semisynthetic.py --fit --config specific_d2_rf0.3 --seed S --threads=3,3dfe2bc68aa49279b271a02a1f2404d134495556,runs/peerreview_20261003/semisynthetic/specific_d2_rf0.3/specific_d2_rf0.3_s1_done.json
semisynthetic.zip,semisynthetic/specific_d2_rf0.3/specific_d2_rf0.3_s1_history.csv,4234,98f605bbf7950e84bbf6bdb3dbf0a64ccfe8649aae38496fd1624350660802e3,scripts/31_semisynthetic.py,.venv/Scripts/python scripts/31_semisynthetic.py --fit --config specific_d2_rf0.3 --seed S --threads=3,3dfe2bc68aa49279b271a02a1f2404d134495556,runs/peerreview_20261003/semisynthetic/specific_d2_rf0.3/specific_d2_rf0.3_s1_history.csv
semisynthetic.zip,semisynthetic/specific_d2_rf0.3/specific_d2_rf0.3_s1_ig_completeness.csv,856,9e0049615b260cac9b933cc7bf063379e66a1897f9d7e0ea4a6a03b973947ce6,scripts/31_semisynthetic.py,.venv/Scripts/python scripts/31_semisynthetic.py --fit --config specific_d2_rf0.3 --seed S --threads=3,3dfe2bc68aa49279b271a02a1f2404d134495556,runs/peerreview_20261003/semisynthetic/specific_d2_rf0.3/specific_d2_rf0.3_s1_ig_completeness.csv
semisynthetic.zip,semisynthetic/specific_d2_rf0.3/specific_d2_rf0.3_s1_ig_summary.csv.gz,174589,6cc635202edc4b602d2bf6e2c02ddc06f3ae2a12db5e5101e42856ab1010c0ca,scripts/31_semisynthetic.py,.venv/Scripts/python scripts/31_semisynthetic.py --fit --config specific_d2_rf0.3 --seed S --threads=3,3dfe2bc68aa49279b271a02a1f2404d134495556,runs/peerreview_20261003/semisynthetic/specific_d2_rf0.3/specific_d2_rf0.3_s1_ig_summary.csv.gz
semisynthetic.zip,semisynthetic/specific_d2_rf0.3/specific_d2_rf0.3_s1_latent_usage_per_dimension.csv,1473,3ba55bf0333ca4196fae643aa11d0e2b6096f6bfe6ac5468b48f7b2d5b99040b,scripts/31_semisynthetic.py,.venv/Scripts/python scripts/31_semisynthetic.py --fit --config specific_d2_rf0.3 --seed S --threads=3,3dfe2bc68aa49279b271a02a1f2404d134495556,runs/peerreview_20261003/semisynthetic/specific_d2_rf0.3/specific_d2_rf0.3_s1_latent_usage_per_dimension.csv
semisynthetic.zip,semisynthetic/specific_d2_rf0.3/specific_d2_rf0.3_s1_latents.npz,2998984,548b4f895b5fdf625ce3b6c88479f1ec14937ffd3c91b440ea5d5b837d51edf9,scripts/31_semisynthetic.py,.venv/Scripts/python scripts/31_semisynthetic.py --fit --config specific_d2_rf0.3 --seed S --threads=3,3dfe2bc68aa49279b271a02a1f2404d134495556,runs/peerreview_20261003/semisynthetic/specific_d2_rf0.3/specific_d2_rf0.3_s1_latents.npz
semisynthetic.zip,semisynthetic/specific_d2_rf0.3/specific_d2_rf0.3_s1_metrics.json,1914,4e6142e45306ff30999a5f00e1538b50699a191acd097c3e1c69b2048fe7a420,scripts/31_semisynthetic.py,.venv/Scripts/python scripts/31_semisynthetic.py --fit --config specific_d2_rf0.3 --seed S --threads=3,3dfe2bc68aa49279b271a02a1f2404d134495556,runs/peerreview_20261003/semisynthetic/specific_d2_rf0.3/specific_d2_rf0.3_s1_metrics.json
semisynthetic.zip,semisynthetic/specific_d2_rf0.3/specific_d2_rf0.3_s2.pt,4266136,41c3d4b9a42e170e8b77d6d6d42f81a675de869e3ffb9cff07bd13e26401cca4,scripts/31_semisynthetic.py,.venv/Scripts/python scripts/31_semisynthetic.py --fit --config specific_d2_rf0.3 --seed S --threads=3,3dfe2bc68aa49279b271a02a1f2404d134495556,runs/peerreview_20261003/semisynthetic/specific_d2_rf0.3/specific_d2_rf0.3_s2.pt
semisynthetic.zip,semisynthetic/specific_d2_rf0.3/specific_d2_rf0.3_s2_done.json,1916,e0d88d47245729fb679a5629f0460d8637a269aa51aed60d7df92ac28b9716ae,scripts/31_semisynthetic.py,.venv/Scripts/python scripts/31_semisynthetic.py --fit --config specific_d2_rf0.3 --seed S --threads=3,3dfe2bc68aa49279b271a02a1f2404d134495556,runs/peerreview_20261003/semisynthetic/specific_d2_rf0.3/specific_d2_rf0.3_s2_done.json
semisynthetic.zip,semisynthetic/specific_d2_rf0.3/specific_d2_rf0.3_s2_history.csv,4228,40b72c6ac0d282ec6a3d6ba7d77b977dc7fc9b521eae52759c846459c08d2c52,scripts/31_semisynthetic.py,.venv/Scripts/python scripts/31_semisynthetic.py --fit --config specific_d2_rf0.3 --seed S --threads=3,3dfe2bc68aa49279b271a02a1f2404d134495556,runs/peerreview_20261003/semisynthetic/specific_d2_rf0.3/specific_d2_rf0.3_s2_history.csv
semisynthetic.zip,semisynthetic/specific_d2_rf0.3/specific_d2_rf0.3_s2_ig_completeness.csv,866,73fb392c64e0def48f7944335eb928a9a0a6d36181db3d2604dafd263069e112,scripts/31_semisynthetic.py,.venv/Scripts/python scripts/31_semisynthetic.py --fit --config specific_d2_rf0.3 --seed S --threads=3,3dfe2bc68aa49279b271a02a1f2404d134495556,runs/peerreview_20261003/semisynthetic/specific_d2_rf0.3/specific_d2_rf0.3_s2_ig_completeness.csv
semisynthetic.zip,semisynthetic/specific_d2_rf0.3/specific_d2_rf0.3_s2_ig_summary.csv.gz,174613,a897643364295d6f59023aa11e4674ce317533156b34adc5ec0bf6457d278a44,scripts/31_semisynthetic.py,.venv/Scripts/python scripts/31_semisynthetic.py --fit --config specific_d2_rf0.3 --seed S --threads=3,3dfe2bc68aa49279b271a02a1f2404d134495556,runs/peerreview_20261003/semisynthetic/specific_d2_rf0.3/specific_d2_rf0.3_s2_ig_summary.csv.gz
semisynthetic.zip,semisynthetic/specific_d2_rf0.3/specific_d2_rf0.3_s2_latent_usage_per_dimension.csv,1469,378af7cb659f7c1de6901bdb17ac208db8d9e9f1444ca563ea2fb9786a41e2c6,scripts/31_semisynthetic.py,.venv/Scripts/python scripts/31_semisynthetic.py --fit --config specific_d2_rf0.3 --seed S --threads=3,3dfe2bc68aa49279b271a02a1f2404d134495556,runs/peerreview_20261003/semisynthetic/specific_d2_rf0.3/specific_d2_rf0.3_s2_latent_usage_per_dimension.csv
semisynthetic.zip,semisynthetic/specific_d2_rf0.3/specific_d2_rf0.3_s2_latents.npz,2986267,dad86df3844f74272d76120810c0bf5935270720abd6b278fbfc104fe588882f,scripts/31_semisynthetic.py,.venv/Scripts/python scripts/31_semisynthetic.py --fit --config specific_d2_rf0.3 --seed S --threads=3,3dfe2bc68aa49279b271a02a1f2404d134495556,runs/peerreview_20261003/semisynthetic/specific_d2_rf0.3/specific_d2_rf0.3_s2_latents.npz
semisynthetic.zip,semisynthetic/specific_d2_rf0.3/specific_d2_rf0.3_s2_metrics.json,1916,e0d88d47245729fb679a5629f0460d8637a269aa51aed60d7df92ac28b9716ae,scripts/31_semisynthetic.py,.venv/Scripts/python scripts/31_semisynthetic.py --fit --config specific_d2_rf0.3 --seed S --threads=3,3dfe2bc68aa49279b271a02a1f2404d134495556,runs/peerreview_20261003/semisynthetic/specific_d2_rf0.3/specific_d2_rf0.3_s2_metrics.json
semisynthetic.zip,semisynthetic/specific_d2_rf1.0/specific_d2_rf1.0_s0.pt,4266136,a682540a84e9c03ccf7f0abb8c44400b3e6b9540ce49a7c02df4e45fe5b06539,scripts/31_semisynthetic.py,.venv/Scripts/python scripts/31_semisynthetic.py --fit --config specific_d2_rf1.0 --seed S --threads=3,3dfe2bc68aa49279b271a02a1f2404d134495556,runs/peerreview_20261003/semisynthetic/specific_d2_rf1.0/specific_d2_rf1.0_s0.pt
semisynthetic.zip,semisynthetic/specific_d2_rf1.0/specific_d2_rf1.0_s0_done.json,1917,09c666199b170b0f646d8ba082af8512bdebca637003d2588f8e619bb3987251,scripts/31_semisynthetic.py,.venv/Scripts/python scripts/31_semisynthetic.py --fit --config specific_d2_rf1.0 --seed S --threads=3,3dfe2bc68aa49279b271a02a1f2404d134495556,runs/peerreview_20261003/semisynthetic/specific_d2_rf1.0/specific_d2_rf1.0_s0_done.json
semisynthetic.zip,semisynthetic/specific_d2_rf1.0/specific_d2_rf1.0_s0_history.csv,4231,d62f645664d4c2e485ecbb5ecf2ec88e8843e801c65b7e2ad6a82317ee8c8fec,scripts/31_semisynthetic.py,.venv/Scripts/python scripts/31_semisynthetic.py --fit --config specific_d2_rf1.0 --seed S --threads=3,3dfe2bc68aa49279b271a02a1f2404d134495556,runs/peerreview_20261003/semisynthetic/specific_d2_rf1.0/specific_d2_rf1.0_s0_history.csv
semisynthetic.zip,semisynthetic/specific_d2_rf1.0/specific_d2_rf1.0_s0_ig_completeness.csv,864,7dd8da3ef36aeb448d667fcf846a791411055e45d093ac4d5236fd78f63f410b,scripts/31_semisynthetic.py,.venv/Scripts/python scripts/31_semisynthetic.py --fit --config specific_d2_rf1.0 --seed S --threads=3,3dfe2bc68aa49279b271a02a1f2404d134495556,runs/peerreview_20261003/semisynthetic/specific_d2_rf1.0/specific_d2_rf1.0_s0_ig_completeness.csv
semisynthetic.zip,semisynthetic/specific_d2_rf1.0/specific_d2_rf1.0_s0_ig_summary.csv.gz,174801,ead4501dc6be00128ef9307ce1113f13b7b2e8e7781ddb9251f69fd9baffd275,scripts/31_semisynthetic.py,.venv/Scripts/python scripts/31_semisynthetic.py --fit --config specific_d2_rf1.0 --seed S --threads=3,3dfe2bc68aa49279b271a02a1f2404d134495556,runs/peerreview_20261003/semisynthetic/specific_d2_rf1.0/specific_d2_rf1.0_s0_ig_summary.csv.gz
semisynthetic.zip,semisynthetic/specific_d2_rf1.0/specific_d2_rf1.0_s0_latent_usage_per_dimension.csv,1468,b085b3cb83de4d9ac797c9221d76799da2c18f575786a9af6861ae70b1a412d0,scripts/31_semisynthetic.py,.venv/Scripts/python scripts/31_semisynthetic.py --fit --config specific_d2_rf1.0 --seed S --threads=3,3dfe2bc68aa49279b271a02a1f2404d134495556,runs/peerreview_20261003/semisynthetic/specific_d2_rf1.0/specific_d2_rf1.0_s0_latent_usage_per_dimension.csv
semisynthetic.zip,semisynthetic/specific_d2_rf1.0/specific_d2_rf1.0_s0_latents.npz,2993300,83a392b0e2b437749cfc1621fd62d37be91d49f3a2e77979ac2067467e235091,scripts/31_semisynthetic.py,.venv/Scripts/python scripts/31_semisynthetic.py --fit --config specific_d2_rf1.0 --seed S --threads=3,3dfe2bc68aa49279b271a02a1f2404d134495556,runs/peerreview_20261003/semisynthetic/specific_d2_rf1.0/specific_d2_rf1.0_s0_latents.npz
semisynthetic.zip,semisynthetic/specific_d2_rf1.0/specific_d2_rf1.0_s0_metrics.json,1917,09c666199b170b0f646d8ba082af8512bdebca637003d2588f8e619bb3987251,scripts/31_semisynthetic.py,.venv/Scripts/python scripts/31_semisynthetic.py --fit --config specific_d2_rf1.0 --seed S --threads=3,3dfe2bc68aa49279b271a02a1f2404d134495556,runs/peerreview_20261003/semisynthetic/specific_d2_rf1.0/specific_d2_rf1.0_s0_metrics.json
semisynthetic.zip,semisynthetic/specific_d2_rf1.0/specific_d2_rf1.0_s1.pt,4266136,a62165200896cc9f6591691f4c0ec820e5bd542fd4e060466335dea0578dc07f,scripts/31_semisynthetic.py,.venv/Scripts/python scripts/31_semisynthetic.py --fit --config specific_d2_rf1.0 --seed S --threads=3,3dfe2bc68aa49279b271a02a1f2404d134495556,runs/peerreview_20261003/semisynthetic/specific_d2_rf1.0/specific_d2_rf1.0_s1.pt
semisynthetic.zip,semisynthetic/specific_d2_rf1.0/specific_d2_rf1.0_s1_done.json,1912,9c0b68ae73b5f29c9dd27d6ff76581a9cc9f4795f46bf0c2e5804ffaa5fef352,scripts/31_semisynthetic.py,.venv/Scripts/python scripts/31_semisynthetic.py --fit --config specific_d2_rf1.0 --seed S --threads=3,3dfe2bc68aa49279b271a02a1f2404d134495556,runs/peerreview_20261003/semisynthetic/specific_d2_rf1.0/specific_d2_rf1.0_s1_done.json
semisynthetic.zip,semisynthetic/specific_d2_rf1.0/specific_d2_rf1.0_s1_history.csv,4235,be8c26e2edbf54ebaec5d019f08a97318d4aad7e39e08eea374dc7731361619b,scripts/31_semisynthetic.py,.venv/Scripts/python scripts/31_semisynthetic.py --fit --config specific_d2_rf1.0 --seed S --threads=3,3dfe2bc68aa49279b271a02a1f2404d134495556,runs/peerreview_20261003/semisynthetic/specific_d2_rf1.0/specific_d2_rf1.0_s1_history.csv
semisynthetic.zip,semisynthetic/specific_d2_rf1.0/specific_d2_rf1.0_s1_ig_completeness.csv,860,b5e21867ac1871744c7544c8dcf85840b90d46667f96c97ffc77f9ce07e28e07,scripts/31_semisynthetic.py,.venv/Scripts/python scripts/31_semisynthetic.py --fit --config specific_d2_rf1.0 --seed S --threads=3,3dfe2bc68aa49279b271a02a1f2404d134495556,runs/peerreview_20261003/semisynthetic/specific_d2_rf1.0/specific_d2_rf1.0_s1_ig_completeness.csv
semisynthetic.zip,semisynthetic/specific_d2_rf1.0/specific_d2_rf1.0_s1_ig_summary.csv.gz,175514,775b2f8719566280cb81cdc77289e8b08f759567e2be587dfa03cfe5a0419919,scripts/31_semisynthetic.py,.venv/Scripts/python scripts/31_semisynthetic.py --fit --config specific_d2_rf1.0 --seed S --threads=3,3dfe2bc68aa49279b271a02a1f2404d134495556,runs/peerreview_20261003/semisynthetic/specific_d2_rf1.0/specific_d2_rf1.0_s1_ig_summary.csv.gz
semisynthetic.zip,semisynthetic/specific_d2_rf1.0/specific_d2_rf1.0_s1_latent_usage_per_dimension.csv,1460,08f46e5866d2a2905484b63efa7c2f733c2f20cd80127fed0f3057505908d573,scripts/31_semisynthetic.py,.venv/Scripts/python scripts/31_semisynthetic.py --fit --config specific_d2_rf1.0 --seed S --threads=3,3dfe2bc68aa49279b271a02a1f2404d134495556,runs/peerreview_20261003/semisynthetic/specific_d2_rf1.0/specific_d2_rf1.0_s1_latent_usage_per_dimension.csv
semisynthetic.zip,semisynthetic/specific_d2_rf1.0/specific_d2_rf1.0_s1_latents.npz,3003553,b1fac5393382c60da1fca400d0189ddf694ce743cc0918a0aa8497fb367d4987,scripts/31_semisynthetic.py,.venv/Scripts/python scripts/31_semisynthetic.py --fit --config specific_d2_rf1.0 --seed S --threads=3,3dfe2bc68aa49279b271a02a1f2404d134495556,runs/peerreview_20261003/semisynthetic/specific_d2_rf1.0/specific_d2_rf1.0_s1_latents.npz
semisynthetic.zip,semisynthetic/specific_d2_rf1.0/specific_d2_rf1.0_s1_metrics.json,1912,9c0b68ae73b5f29c9dd27d6ff76581a9cc9f4795f46bf0c2e5804ffaa5fef352,scripts/31_semisynthetic.py,.venv/Scripts/python scripts/31_semisynthetic.py --fit --config specific_d2_rf1.0 --seed S --threads=3,3dfe2bc68aa49279b271a02a1f2404d134495556,runs/peerreview_20261003/semisynthetic/specific_d2_rf1.0/specific_d2_rf1.0_s1_metrics.json
semisynthetic.zip,semisynthetic/specific_d2_rf1.0/specific_d2_rf1.0_s2.pt,4266136,4fc7f3130f5529242d666dd611a6b5e31a2405f26e9d714fd9e2f4a96c145d67,scripts/31_semisynthetic.py,.venv/Scripts/python scripts/31_semisynthetic.py --fit --config specific_d2_rf1.0 --seed S --threads=3,3dfe2bc68aa49279b271a02a1f2404d134495556,runs/peerreview_20261003/semisynthetic/specific_d2_rf1.0/specific_d2_rf1.0_s2.pt
semisynthetic.zip,semisynthetic/specific_d2_rf1.0/specific_d2_rf1.0_s2_done.json,1914,9203d16d5d245cd8e979eed29e701545d114a1b210c7ffad9c798ac2b9f6acff,scripts/31_semisynthetic.py,.venv/Scripts/python scripts/31_semisynthetic.py --fit --config specific_d2_rf1.0 --seed S --threads=3,3dfe2bc68aa49279b271a02a1f2404d134495556,runs/peerreview_20261003/semisynthetic/specific_d2_rf1.0/specific_d2_rf1.0_s2_done.json
semisynthetic.zip,semisynthetic/specific_d2_rf1.0/specific_d2_rf1.0_s2_history.csv,4229,08db0dc4543c93f4cc568beaf18ab0b0358261dd0217c73277a91e109fc8f9e5,scripts/31_semisynthetic.py,.venv/Scripts/python scripts/31_semisynthetic.py --fit --config specific_d2_rf1.0 --seed S --threads=3,3dfe2bc68aa49279b271a02a1f2404d134495556,runs/peerreview_20261003/semisynthetic/specific_d2_rf1.0/specific_d2_rf1.0_s2_history.csv
semisynthetic.zip,semisynthetic/specific_d2_rf1.0/specific_d2_rf1.0_s2_ig_completeness.csv,860,bda7cc6d04b07a95b2d0b73e2b9f66f6ac66397b528a556a9e3c304dbe2e5d9b,scripts/31_semisynthetic.py,.venv/Scripts/python scripts/31_semisynthetic.py --fit --config specific_d2_rf1.0 --seed S --threads=3,3dfe2bc68aa49279b271a02a1f2404d134495556,runs/peerreview_20261003/semisynthetic/specific_d2_rf1.0/specific_d2_rf1.0_s2_ig_completeness.csv
semisynthetic.zip,semisynthetic/specific_d2_rf1.0/specific_d2_rf1.0_s2_ig_summary.csv.gz,173489,023f4a2a7e97d7f30d7bb2c17eb069ca5a7aa36d97a9009292b01429769e332d,scripts/31_semisynthetic.py,.venv/Scripts/python scripts/31_semisynthetic.py --fit --config specific_d2_rf1.0 --seed S --threads=3,3dfe2bc68aa49279b271a02a1f2404d134495556,runs/peerreview_20261003/semisynthetic/specific_d2_rf1.0/specific_d2_rf1.0_s2_ig_summary.csv.gz
semisynthetic.zip,semisynthetic/specific_d2_rf1.0/specific_d2_rf1.0_s2_latent_usage_per_dimension.csv,1463,94c9f9030bb58193ad68497ac5f34f52b7ebee879dbb0366f85aa5fbd5af6937,scripts/31_semisynthetic.py,.venv/Scripts/python scripts/31_semisynthetic.py --fit --config specific_d2_rf1.0 --seed S --threads=3,3dfe2bc68aa49279b271a02a1f2404d134495556,runs/peerreview_20261003/semisynthetic/specific_d2_rf1.0/specific_d2_rf1.0_s2_latent_usage_per_dimension.csv
semisynthetic.zip,semisynthetic/specific_d2_rf1.0/specific_d2_rf1.0_s2_latents.npz,2999209,14d38a14fca39711d6efb2970a52ec957b7cf810b53c156ab59021886eb0ea57,scripts/31_semisynthetic.py,.venv/Scripts/python scripts/31_semisynthetic.py --fit --config specific_d2_rf1.0 --seed S --threads=3,3dfe2bc68aa49279b271a02a1f2404d134495556,runs/peerreview_20261003/semisynthetic/specific_d2_rf1.0/specific_d2_rf1.0_s2_latents.npz
semisynthetic.zip,semisynthetic/specific_d2_rf1.0/specific_d2_rf1.0_s2_metrics.json,1914,9203d16d5d245cd8e979eed29e701545d114a1b210c7ffad9c798ac2b9f6acff,scripts/31_semisynthetic.py,.venv/Scripts/python scripts/31_semisynthetic.py --fit --config specific_d2_rf1.0 --seed S --threads=3,3dfe2bc68aa49279b271a02a1f2404d134495556,runs/peerreview_20261003/semisynthetic/specific_d2_rf1.0/specific_d2_rf1.0_s2_metrics.json
semisynthetic.zip,semisynthetic/D1_gene_sets.csv,4885,987928c1d8ccfc38f45d6c630845933bdd25c8fa78e8ead238a19d11588a3eb2,scripts/31_semisynthetic.py,.venv/Scripts/python scripts/31_semisynthetic.py --prepare,3dfe2bc68aa49279b271a02a1f2404d134495556,analysis/peerreview_20261003/D1_gene_sets.csv
baselines.zip,c3_baselines/cvi_cisplatin_0_done.json,862,cfc2d9b13a7055a3e706f6e977584c2e7dd075b05bafe693c7c92f31f8dc9164,scripts/29_baselines_extended.py,".venv/Scripts/python scripts/29_baselines_extended.py --job scvi --seed S | --job cvi --pair {cisplatin,doxorubicin} --seed S (--threads=3)",96821c9f2001a3073fa95bfbe3329feef8884a34,runs/peerreview_20261003/baselines/cvi_cisplatin_0_done.json
baselines.zip,c3_baselines/cvi_cisplatin_0_latents.npz,373839,01f085ad0cd4fb94d575447d4f3c022af2075abfee9cacba083231fcf3c9e197,scripts/29_baselines_extended.py,".venv/Scripts/python scripts/29_baselines_extended.py --job scvi --seed S | --job cvi --pair {cisplatin,doxorubicin} --seed S (--threads=3)",96821c9f2001a3073fa95bfbe3329feef8884a34,runs/peerreview_20261003/baselines/cvi_cisplatin_0_latents.npz
baselines.zip,c3_baselines/cvi_cisplatin_0_salient_usage_per_dimension.csv,1315,f9cac5a2d801c753c1a15323b8805f67410bfd684affeb28c32da6ca7c32e8eb,scripts/29_baselines_extended.py,".venv/Scripts/python scripts/29_baselines_extended.py --job scvi --seed S | --job cvi --pair {cisplatin,doxorubicin} --seed S (--threads=3)",96821c9f2001a3073fa95bfbe3329feef8884a34,runs/peerreview_20261003/baselines/cvi_cisplatin_0_salient_usage_per_dimension.csv
baselines.zip,c3_baselines/cvi_cisplatin_1_done.json,862,c0897f37283b54e90034ae0cc17d48d3b754fd0587853ed053d49cec7893ab38,scripts/29_baselines_extended.py,".venv/Scripts/python scripts/29_baselines_extended.py --job scvi --seed S | --job cvi --pair {cisplatin,doxorubicin} --seed S (--threads=3)",96821c9f2001a3073fa95bfbe3329feef8884a34,runs/peerreview_20261003/baselines/cvi_cisplatin_1_done.json
baselines.zip,c3_baselines/cvi_cisplatin_1_latents.npz,373455,1322c691d67a00013f729fef69e8c334edc8e1c84b023b0bcd7728e38c90815d,scripts/29_baselines_extended.py,".venv/Scripts/python scripts/29_baselines_extended.py --job scvi --seed S | --job cvi --pair {cisplatin,doxorubicin} --seed S (--threads=3)",96821c9f2001a3073fa95bfbe3329feef8884a34,runs/peerreview_20261003/baselines/cvi_cisplatin_1_latents.npz
baselines.zip,c3_baselines/cvi_cisplatin_1_salient_usage_per_dimension.csv,1310,d4d628d4f96f1611ca091d54abb8fb4c0b74a70704f483524634ff1b82bf4602,scripts/29_baselines_extended.py,".venv/Scripts/python scripts/29_baselines_extended.py --job scvi --seed S | --job cvi --pair {cisplatin,doxorubicin} --seed S (--threads=3)",96821c9f2001a3073fa95bfbe3329feef8884a34,runs/peerreview_20261003/baselines/cvi_cisplatin_1_salient_usage_per_dimension.csv
baselines.zip,c3_baselines/cvi_cisplatin_2_done.json,861,4a552dde314e0d72c5ce9a594665ea2455717025848e20de76d816aa577d0866,scripts/29_baselines_extended.py,".venv/Scripts/python scripts/29_baselines_extended.py --job scvi --seed S | --job cvi --pair {cisplatin,doxorubicin} --seed S (--threads=3)",96821c9f2001a3073fa95bfbe3329feef8884a34,runs/peerreview_20261003/baselines/cvi_cisplatin_2_done.json
baselines.zip,c3_baselines/cvi_cisplatin_2_latents.npz,373527,61ac7fa3e7aa82d1ff1c4738a82f3a082f48be35ea37121e20dc91411eabfa2b,scripts/29_baselines_extended.py,".venv/Scripts/python scripts/29_baselines_extended.py --job scvi --seed S | --job cvi --pair {cisplatin,doxorubicin} --seed S (--threads=3)",96821c9f2001a3073fa95bfbe3329feef8884a34,runs/peerreview_20261003/baselines/cvi_cisplatin_2_latents.npz
baselines.zip,c3_baselines/cvi_cisplatin_2_salient_usage_per_dimension.csv,1314,cd959a95ab95927876501ceb80384834c5bf2995749b9ff920081919bc1508f9,scripts/29_baselines_extended.py,".venv/Scripts/python scripts/29_baselines_extended.py --job scvi --seed S | --job cvi --pair {cisplatin,doxorubicin} --seed S (--threads=3)",96821c9f2001a3073fa95bfbe3329feef8884a34,runs/peerreview_20261003/baselines/cvi_cisplatin_2_salient_usage_per_dimension.csv
baselines.zip,c3_baselines/cvi_doxorubicin_0_done.json,864,9b949e22155d5998fca60e56817c074a9a04d5c5922939bdf095155b9cb3fa6f,scripts/29_baselines_extended.py,".venv/Scripts/python scripts/29_baselines_extended.py --job scvi --seed S | --job cvi --pair {cisplatin,doxorubicin} --seed S (--threads=3)",96821c9f2001a3073fa95bfbe3329feef8884a34,runs/peerreview_20261003/baselines/cvi_doxorubicin_0_done.json
baselines.zip,c3_baselines/cvi_doxorubicin_0_latents.npz,507151,65b461041c0f69dad50ac26402c0a95e39f78a03826e2c7e65067432f664f205,scripts/29_baselines_extended.py,".venv/Scripts/python scripts/29_baselines_extended.py --job scvi --seed S | --job cvi --pair {cisplatin,doxorubicin} --seed S (--threads=3)",96821c9f2001a3073fa95bfbe3329feef8884a34,runs/peerreview_20261003/baselines/cvi_doxorubicin_0_latents.npz
baselines.zip,c3_baselines/cvi_doxorubicin_0_salient_usage_per_dimension.csv,1347,2c1f579b72b4eb5572779099aebd303e02dfd101f7b159e3e2687b6667b0cf73,scripts/29_baselines_extended.py,".venv/Scripts/python scripts/29_baselines_extended.py --job scvi --seed S | --job cvi --pair {cisplatin,doxorubicin} --seed S (--threads=3)",96821c9f2001a3073fa95bfbe3329feef8884a34,runs/peerreview_20261003/baselines/cvi_doxorubicin_0_salient_usage_per_dimension.csv
baselines.zip,c3_baselines/cvi_doxorubicin_1_done.json,861,6dcdb475ebf8ffcfaedd924df0ceb1a700b65b9a0e1dd892db04b8b35c33b4fb,scripts/29_baselines_extended.py,".venv/Scripts/python scripts/29_baselines_extended.py --job scvi --seed S | --job cvi --pair {cisplatin,doxorubicin} --seed S (--threads=3)",96821c9f2001a3073fa95bfbe3329feef8884a34,runs/peerreview_20261003/baselines/cvi_doxorubicin_1_done.json
baselines.zip,c3_baselines/cvi_doxorubicin_1_latents.npz,507401,70e9064be407cf11c7be1cb901a2ac85d9cc56c146db50fa571f7a134b321024,scripts/29_baselines_extended.py,".venv/Scripts/python scripts/29_baselines_extended.py --job scvi --seed S | --job cvi --pair {cisplatin,doxorubicin} --seed S (--threads=3)",96821c9f2001a3073fa95bfbe3329feef8884a34,runs/peerreview_20261003/baselines/cvi_doxorubicin_1_latents.npz
baselines.zip,c3_baselines/cvi_doxorubicin_1_salient_usage_per_dimension.csv,1350,eec0c118ca3224e88cbaa3c8bfb255f70abdc4d49b45f0503f17544f55a6676c,scripts/29_baselines_extended.py,".venv/Scripts/python scripts/29_baselines_extended.py --job scvi --seed S | --job cvi --pair {cisplatin,doxorubicin} --seed S (--threads=3)",96821c9f2001a3073fa95bfbe3329feef8884a34,runs/peerreview_20261003/baselines/cvi_doxorubicin_1_salient_usage_per_dimension.csv
baselines.zip,c3_baselines/cvi_doxorubicin_2_done.json,866,6a1b68c239fa2447a11a0f3bf1236a127317389a4de37fce966df065b122bfcc,scripts/29_baselines_extended.py,".venv/Scripts/python scripts/29_baselines_extended.py --job scvi --seed S | --job cvi --pair {cisplatin,doxorubicin} --seed S (--threads=3)",96821c9f2001a3073fa95bfbe3329feef8884a34,runs/peerreview_20261003/baselines/cvi_doxorubicin_2_done.json
baselines.zip,c3_baselines/cvi_doxorubicin_2_latents.npz,507224,655645f499396a7509783826bdaff68033bd4752a5c985337472d41a8f9ca28a,scripts/29_baselines_extended.py,".venv/Scripts/python scripts/29_baselines_extended.py --job scvi --seed S | --job cvi --pair {cisplatin,doxorubicin} --seed S (--threads=3)",96821c9f2001a3073fa95bfbe3329feef8884a34,runs/peerreview_20261003/baselines/cvi_doxorubicin_2_latents.npz
baselines.zip,c3_baselines/cvi_doxorubicin_2_salient_usage_per_dimension.csv,1349,667e80d63bf1c7e5c83c580695b4cbf2ba22ef6912810ee4699f2a8385b4b2eb,scripts/29_baselines_extended.py,".venv/Scripts/python scripts/29_baselines_extended.py --job scvi --seed S | --job cvi --pair {cisplatin,doxorubicin} --seed S (--threads=3)",96821c9f2001a3073fa95bfbe3329feef8884a34,runs/peerreview_20261003/baselines/cvi_doxorubicin_2_salient_usage_per_dimension.csv
baselines.zip,c3_baselines/scvi_0_done.json,498,bca3f8ba1ff874dffa89d8fc7018a466147c009c393c938afc684dc4fa8aa3b5,scripts/29_baselines_extended.py,".venv/Scripts/python scripts/29_baselines_extended.py --job scvi --seed S | --job cvi --pair {cisplatin,doxorubicin} --seed S (--threads=3)",96821c9f2001a3073fa95bfbe3329feef8884a34,runs/peerreview_20261003/baselines/scvi_0_done.json
baselines.zip,c3_baselines/scvi_0_latents.npz,1060523,eb77e86bde8b0d2707d1a7e736d419c50dd4bd2e1d83c1215b9b3d779a230d9b,scripts/29_baselines_extended.py,".venv/Scripts/python scripts/29_baselines_extended.py --job scvi --seed S | --job cvi --pair {cisplatin,doxorubicin} --seed S (--threads=3)",96821c9f2001a3073fa95bfbe3329feef8884a34,runs/peerreview_20261003/baselines/scvi_0_latents.npz
baselines.zip,c3_baselines/scvi_1_done.json,497,86dfdde832c8340e610723d6850cdea2a8f67d0ccf36f964833f94eb88e4bb03,scripts/29_baselines_extended.py,".venv/Scripts/python scripts/29_baselines_extended.py --job scvi --seed S | --job cvi --pair {cisplatin,doxorubicin} --seed S (--threads=3)",96821c9f2001a3073fa95bfbe3329feef8884a34,runs/peerreview_20261003/baselines/scvi_1_done.json
baselines.zip,c3_baselines/scvi_1_latents.npz,1056886,eb6ab38eb09892c16749c2764b4a0f6a5b0c759dde6f665442eb51cdb0e63afe,scripts/29_baselines_extended.py,".venv/Scripts/python scripts/29_baselines_extended.py --job scvi --seed S | --job cvi --pair {cisplatin,doxorubicin} --seed S (--threads=3)",96821c9f2001a3073fa95bfbe3329feef8884a34,runs/peerreview_20261003/baselines/scvi_1_latents.npz
baselines.zip,c3_baselines/scvi_2_done.json,498,1e12e8f4024c4b0c18b2c8d33c4ad127c4c4cfc6777116620e58ff6ec70e2b56,scripts/29_baselines_extended.py,".venv/Scripts/python scripts/29_baselines_extended.py --job scvi --seed S | --job cvi --pair {cisplatin,doxorubicin} --seed S (--threads=3)",96821c9f2001a3073fa95bfbe3329feef8884a34,runs/peerreview_20261003/baselines/scvi_2_done.json
baselines.zip,c3_baselines/scvi_2_latents.npz,1061929,696ea7400a695d57a219bc10393865ce81a4120b945fc6ad1df9d6ad4d7aef67,scripts/29_baselines_extended.py,".venv/Scripts/python scripts/29_baselines_extended.py --job scvi --seed S | --job cvi --pair {cisplatin,doxorubicin} --seed S (--threads=3)",96821c9f2001a3073fa95bfbe3329feef8884a34,runs/peerreview_20261003/baselines/scvi_2_latents.npz
baselines.zip,c4_multigroupvi/mgvi_0_done.json,2409,19c044c4c4747e7e74f13143a89cb853a85be641132ec43d1e71b007228a3876,scripts/34_c4_multigroupvi.py,".venv-mgvi/Scripts/python scripts/34_c4_multigroupvi.py --fit --seed {0,1,2} --threads=3",77873af3c675f56dd43208b74a9c324858885e77,runs/peerreview_20261003/multigroupvi/mgvi_0_done.json
baselines.zip,c4_multigroupvi/mgvi_0_history.csv,46577,30a45e9088f122188d2c00c43188685df57af75152ea9fd148b2bbf68ca49ff7,scripts/34_c4_multigroupvi.py,".venv-mgvi/Scripts/python scripts/34_c4_multigroupvi.py --fit --seed {0,1,2} --threads=3",77873af3c675f56dd43208b74a9c324858885e77,runs/peerreview_20261003/multigroupvi/mgvi_0_history.csv
baselines.zip,c4_multigroupvi/mgvi_0_latents.npz,569024,396d6a93a51f4781edd8f032f02718d993ad1af214db1f792609ad4dbc296cf1,scripts/34_c4_multigroupvi.py,".venv-mgvi/Scripts/python scripts/34_c4_multigroupvi.py --fit --seed {0,1,2} --threads=3",77873af3c675f56dd43208b74a9c324858885e77,runs/peerreview_20261003/multigroupvi/mgvi_0_latents.npz
baselines.zip,c4_multigroupvi/mgvi_0_model/model.pt,6569023,12d76d070c9a0881564c40f3c4838a426f067f6b7252a7b321a906519dd2c66e,scripts/34_c4_multigroupvi.py,".venv-mgvi/Scripts/python scripts/34_c4_multigroupvi.py --fit --seed {0,1,2} --threads=3",77873af3c675f56dd43208b74a9c324858885e77,runs/peerreview_20261003/multigroupvi/mgvi_0_model/model.pt
baselines.zip,c4_multigroupvi/mgvi_0_usage_per_dimension.csv,4124,d0d5dafd80db1ea55cb121b8daf0e2c56177e7214bfb03d8c1ffd6999f734431,scripts/34_c4_multigroupvi.py,".venv-mgvi/Scripts/python scripts/34_c4_multigroupvi.py --fit --seed {0,1,2} --threads=3",77873af3c675f56dd43208b74a9c324858885e77,runs/peerreview_20261003/multigroupvi/mgvi_0_usage_per_dimension.csv
baselines.zip,c4_multigroupvi/mgvi_1_done.json,2406,c341e1773d0608af76943bf6cd2f579e78e7fe08ad245ed0d632c2a3949ca9e4,scripts/34_c4_multigroupvi.py,".venv-mgvi/Scripts/python scripts/34_c4_multigroupvi.py --fit --seed {0,1,2} --threads=3",77873af3c675f56dd43208b74a9c324858885e77,runs/peerreview_20261003/multigroupvi/mgvi_1_done.json
baselines.zip,c4_multigroupvi/mgvi_1_history.csv,46655,0b87a689cfe62ae98951ddc04ea4a44c693d2ce15f94444a81682dc59ad65a3b,scripts/34_c4_multigroupvi.py,".venv-mgvi/Scripts/python scripts/34_c4_multigroupvi.py --fit --seed {0,1,2} --threads=3",77873af3c675f56dd43208b74a9c324858885e77,runs/peerreview_20261003/multigroupvi/mgvi_1_history.csv
baselines.zip,c4_multigroupvi/mgvi_1_latents.npz,569168,e3a273cd06dad12792584941e8c32df27711f3563852c8b7c5994e080857fbbf,scripts/34_c4_multigroupvi.py,".venv-mgvi/Scripts/python scripts/34_c4_multigroupvi.py --fit --seed {0,1,2} --threads=3",77873af3c675f56dd43208b74a9c324858885e77,runs/peerreview_20261003/multigroupvi/mgvi_1_latents.npz
baselines.zip,c4_multigroupvi/mgvi_1_model/model.pt,6569023,d5878122b1005414528b2a29532b1dc29750a271bb1f8d668c398b03f58916b9,scripts/34_c4_multigroupvi.py,".venv-mgvi/Scripts/python scripts/34_c4_multigroupvi.py --fit --seed {0,1,2} --threads=3",77873af3c675f56dd43208b74a9c324858885e77,runs/peerreview_20261003/multigroupvi/mgvi_1_model/model.pt
baselines.zip,c4_multigroupvi/mgvi_1_usage_per_dimension.csv,4123,87cec3f5a604faacb7d93b2b627faa9acc664bce0c4492139a4ffb7e89539a8a,scripts/34_c4_multigroupvi.py,".venv-mgvi/Scripts/python scripts/34_c4_multigroupvi.py --fit --seed {0,1,2} --threads=3",77873af3c675f56dd43208b74a9c324858885e77,runs/peerreview_20261003/multigroupvi/mgvi_1_usage_per_dimension.csv
baselines.zip,c4_multigroupvi/mgvi_2_done.json,2408,ae5b12c39a3b1da803efbde2fd68ecfee7e625a8ff0915450265ab1d80a13cea,scripts/34_c4_multigroupvi.py,".venv-mgvi/Scripts/python scripts/34_c4_multigroupvi.py --fit --seed {0,1,2} --threads=3",77873af3c675f56dd43208b74a9c324858885e77,runs/peerreview_20261003/multigroupvi/mgvi_2_done.json
baselines.zip,c4_multigroupvi/mgvi_2_history.csv,46732,f6a0d7e659e31104f869b91618421b47614696e4f09bde3c3a249e91383c68c9,scripts/34_c4_multigroupvi.py,".venv-mgvi/Scripts/python scripts/34_c4_multigroupvi.py --fit --seed {0,1,2} --threads=3",77873af3c675f56dd43208b74a9c324858885e77,runs/peerreview_20261003/multigroupvi/mgvi_2_history.csv
baselines.zip,c4_multigroupvi/mgvi_2_latents.npz,570473,6cc543c3a168b41b3283a5258495ce7506b37405313ee97cea97c44e095292a1,scripts/34_c4_multigroupvi.py,".venv-mgvi/Scripts/python scripts/34_c4_multigroupvi.py --fit --seed {0,1,2} --threads=3",77873af3c675f56dd43208b74a9c324858885e77,runs/peerreview_20261003/multigroupvi/mgvi_2_latents.npz
baselines.zip,c4_multigroupvi/mgvi_2_model/model.pt,6569023,5e69249839db1e016630bb12821c77b3da695ed207b4611b762e6e44264101ed,scripts/34_c4_multigroupvi.py,".venv-mgvi/Scripts/python scripts/34_c4_multigroupvi.py --fit --seed {0,1,2} --threads=3",77873af3c675f56dd43208b74a9c324858885e77,runs/peerreview_20261003/multigroupvi/mgvi_2_model/model.pt
baselines.zip,c4_multigroupvi/mgvi_2_usage_per_dimension.csv,4129,b353384f48c47ecc0d95e26184e160567f6d7db78b6a7bb117b9fa7f70434774,scripts/34_c4_multigroupvi.py,".venv-mgvi/Scripts/python scripts/34_c4_multigroupvi.py --fit --seed {0,1,2} --threads=3",77873af3c675f56dd43208b74a9c324858885e77,runs/peerreview_20261003/multigroupvi/mgvi_2_usage_per_dimension.csv
baselines.zip,r4/contrastivevi/mixed_d1_rf1.0_GSE216146_s0_control_median_ig.csv.gz,13911,4e407d703fc736a1fae8df0b720ffc8329065974d081710a04d2231e87ad189f,scripts/43_r4_contrastivevi.py,.venv/Scripts/python scripts/43_r4_contrastivevi.py --config CFG --study STUDY --seed S --threads=3,559568c3d97a79a9f47a0831ebc386ebf84572e4,runs/peerreview_20261004/r4/contrastivevi/mixed_d1_rf1.0_GSE216146_s0_control_median_ig.csv.gz
baselines.zip,r4/contrastivevi/mixed_d1_rf1.0_GSE216146_s0_done.json,396,3a66d4a2bb9f35c0f92af2d46ca863f7e8a76010309a42637dbfad52c5520e6e,scripts/43_r4_contrastivevi.py,.venv/Scripts/python scripts/43_r4_contrastivevi.py --config CFG --study STUDY --seed S --threads=3,559568c3d97a79a9f47a0831ebc386ebf84572e4,runs/peerreview_20261004/r4/contrastivevi/mixed_d1_rf1.0_GSE216146_s0_done.json
baselines.zip,r4/contrastivevi/mixed_d1_rf1.0_GSE216146_s0_ig_recovery.csv,1205,c310809c4f93b18320f06aac932fbcd3b3ede210d8fdad146a8d46b623aa7764,scripts/43_r4_contrastivevi.py,.venv/Scripts/python scripts/43_r4_contrastivevi.py --config CFG --study STUDY --seed S --threads=3,559568c3d97a79a9f47a0831ebc386ebf84572e4,runs/peerreview_20261004/r4/contrastivevi/mixed_d1_rf1.0_GSE216146_s0_ig_recovery.csv
baselines.zip,r4/contrastivevi/mixed_d1_rf1.0_GSE216146_s0_model/model.pt,5116730,baa98c9309bfac61a6143b79f7313c8d60c80efd85481798d21c28ba0e455264,scripts/43_r4_contrastivevi.py,.venv/Scripts/python scripts/43_r4_contrastivevi.py --config CFG --study STUDY --seed S --threads=3,559568c3d97a79a9f47a0831ebc386ebf84572e4,runs/peerreview_20261004/r4/contrastivevi/mixed_d1_rf1.0_GSE216146_s0_model/model.pt
baselines.zip,r4/contrastivevi/mixed_d1_rf1.0_GSE216146_s0_zero_ig.csv.gz,13816,85346d5a19396f39f0ea606a3f835df416ef47dc9cf5c50bbbd3732c9be2e035,scripts/43_r4_contrastivevi.py,.venv/Scripts/python scripts/43_r4_contrastivevi.py --config CFG --study STUDY --seed S --threads=3,559568c3d97a79a9f47a0831ebc386ebf84572e4,runs/peerreview_20261004/r4/contrastivevi/mixed_d1_rf1.0_GSE216146_s0_zero_ig.csv.gz
baselines.zip,r4/contrastivevi/mixed_d1_rf1.0_GSE216146_s1_control_median_ig.csv.gz,13854,e10f4625aecc1e8fabc193a71a6712a5f5e96034208ce62366502fa6fed6d453,scripts/43_r4_contrastivevi.py,.venv/Scripts/python scripts/43_r4_contrastivevi.py --config CFG --study STUDY --seed S --threads=3,559568c3d97a79a9f47a0831ebc386ebf84572e4,runs/peerreview_20261004/r4/contrastivevi/mixed_d1_rf1.0_GSE216146_s1_control_median_ig.csv.gz
baselines.zip,r4/contrastivevi/mixed_d1_rf1.0_GSE216146_s1_done.json,396,ee8e0ab96e32925bffa219278414ba2467230130b0952a6455822928d12e0d86,scripts/43_r4_contrastivevi.py,.venv/Scripts/python scripts/43_r4_contrastivevi.py --config CFG --study STUDY --seed S --threads=3,559568c3d97a79a9f47a0831ebc386ebf84572e4,runs/peerreview_20261004/r4/contrastivevi/mixed_d1_rf1.0_GSE216146_s1_done.json
baselines.zip,r4/contrastivevi/mixed_d1_rf1.0_GSE216146_s1_ig_recovery.csv,1205,fcd9c35f8749cae58ba94981785b63c92a4a6c82973ad5e54bf6a189aabb9227,scripts/43_r4_contrastivevi.py,.venv/Scripts/python scripts/43_r4_contrastivevi.py --config CFG --study STUDY --seed S --threads=3,559568c3d97a79a9f47a0831ebc386ebf84572e4,runs/peerreview_20261004/r4/contrastivevi/mixed_d1_rf1.0_GSE216146_s1_ig_recovery.csv
baselines.zip,r4/contrastivevi/mixed_d1_rf1.0_GSE216146_s1_model/model.pt,5116730,b84e419cb848562756549ec2fbf97beaca7c9a9cc83d35149059388c2a660515,scripts/43_r4_contrastivevi.py,.venv/Scripts/python scripts/43_r4_contrastivevi.py --config CFG --study STUDY --seed S --threads=3,559568c3d97a79a9f47a0831ebc386ebf84572e4,runs/peerreview_20261004/r4/contrastivevi/mixed_d1_rf1.0_GSE216146_s1_model/model.pt
baselines.zip,r4/contrastivevi/mixed_d1_rf1.0_GSE216146_s1_zero_ig.csv.gz,13842,ade942ea855832e3749b7a07c85f9717aba466d4790b5a976a762ef6803b77d3,scripts/43_r4_contrastivevi.py,.venv/Scripts/python scripts/43_r4_contrastivevi.py --config CFG --study STUDY --seed S --threads=3,559568c3d97a79a9f47a0831ebc386ebf84572e4,runs/peerreview_20261004/r4/contrastivevi/mixed_d1_rf1.0_GSE216146_s1_zero_ig.csv.gz
baselines.zip,r4/contrastivevi/mixed_d1_rf1.0_GSE216146_s2_control_median_ig.csv.gz,13874,758861ff774c7ec2f91dc491834583cf298ba6bef11e1d34b28094afef6b9692,scripts/43_r4_contrastivevi.py,.venv/Scripts/python scripts/43_r4_contrastivevi.py --config CFG --study STUDY --seed S --threads=3,559568c3d97a79a9f47a0831ebc386ebf84572e4,runs/peerreview_20261004/r4/contrastivevi/mixed_d1_rf1.0_GSE216146_s2_control_median_ig.csv.gz
baselines.zip,r4/contrastivevi/mixed_d1_rf1.0_GSE216146_s2_done.json,395,c918326ed1ef8d5a46110758695cf5d6a2d42ea0f579e46be70d4c6bf9ceab11,scripts/43_r4_contrastivevi.py,.venv/Scripts/python scripts/43_r4_contrastivevi.py --config CFG --study STUDY --seed S --threads=3,559568c3d97a79a9f47a0831ebc386ebf84572e4,runs/peerreview_20261004/r4/contrastivevi/mixed_d1_rf1.0_GSE216146_s2_done.json
baselines.zip,r4/contrastivevi/mixed_d1_rf1.0_GSE216146_s2_ig_recovery.csv,1169,32155646a7d74f255c04258644ccc86ac4e1472e5229f375e296fa0fa74a1e14,scripts/43_r4_contrastivevi.py,.venv/Scripts/python scripts/43_r4_contrastivevi.py --config CFG --study STUDY --seed S --threads=3,559568c3d97a79a9f47a0831ebc386ebf84572e4,runs/peerreview_20261004/r4/contrastivevi/mixed_d1_rf1.0_GSE216146_s2_ig_recovery.csv
baselines.zip,r4/contrastivevi/mixed_d1_rf1.0_GSE216146_s2_model/model.pt,5116730,6606cd78c3f4e61c9ce949455837f6e358879e93da374f12a7982e9e8104270c,scripts/43_r4_contrastivevi.py,.venv/Scripts/python scripts/43_r4_contrastivevi.py --config CFG --study STUDY --seed S --threads=3,559568c3d97a79a9f47a0831ebc386ebf84572e4,runs/peerreview_20261004/r4/contrastivevi/mixed_d1_rf1.0_GSE216146_s2_model/model.pt
baselines.zip,r4/contrastivevi/mixed_d1_rf1.0_GSE216146_s2_zero_ig.csv.gz,13856,1c5b238f1c1572839a00b26a063c31162d562eb83c9a9de0f3986d6a03f5e9cd,scripts/43_r4_contrastivevi.py,.venv/Scripts/python scripts/43_r4_contrastivevi.py --config CFG --study STUDY --seed S --threads=3,559568c3d97a79a9f47a0831ebc386ebf84572e4,runs/peerreview_20261004/r4/contrastivevi/mixed_d1_rf1.0_GSE216146_s2_zero_ig.csv.gz
baselines.zip,r4/contrastivevi/mixed_d1_rf1.0_GSE271055_s0_control_median_ig.csv.gz,12328,367f93ed08deba4e9ab55b5b459534c748dab99889e6dda96338b2330b6dba21,scripts/43_r4_contrastivevi.py,.venv/Scripts/python scripts/43_r4_contrastivevi.py --config CFG --study STUDY --seed S --threads=3,559568c3d97a79a9f47a0831ebc386ebf84572e4,runs/peerreview_20261004/r4/contrastivevi/mixed_d1_rf1.0_GSE271055_s0_control_median_ig.csv.gz
baselines.zip,r4/contrastivevi/mixed_d1_rf1.0_GSE271055_s0_done.json,395,98feaaead944eb2c3fddaecf150e0e1e135d3966c4601cafd0bd2ef073088fb4,scripts/43_r4_contrastivevi.py,.venv/Scripts/python scripts/43_r4_contrastivevi.py --config CFG --study STUDY --seed S --threads=3,559568c3d97a79a9f47a0831ebc386ebf84572e4,runs/peerreview_20261004/r4/contrastivevi/mixed_d1_rf1.0_GSE271055_s0_done.json
baselines.zip,r4/contrastivevi/mixed_d1_rf1.0_GSE271055_s0_ig_recovery.csv,1223,c911a9684a93ce38ddc1994de765eb7985a7a9aa4d1419ae59258f7dfe221647,scripts/43_r4_contrastivevi.py,.venv/Scripts/python scripts/43_r4_contrastivevi.py --config CFG --study STUDY --seed S --threads=3,559568c3d97a79a9f47a0831ebc386ebf84572e4,runs/peerreview_20261004/r4/contrastivevi/mixed_d1_rf1.0_GSE271055_s0_ig_recovery.csv
baselines.zip,r4/contrastivevi/mixed_d1_rf1.0_GSE271055_s0_model/model.pt,5116730,beac787bd44669b8cbbbbdb55fcbba58486834d580a91cc0a8a9065231fba5c1,scripts/43_r4_contrastivevi.py,.venv/Scripts/python scripts/43_r4_contrastivevi.py --config CFG --study STUDY --seed S --threads=3,559568c3d97a79a9f47a0831ebc386ebf84572e4,runs/peerreview_20261004/r4/contrastivevi/mixed_d1_rf1.0_GSE271055_s0_model/model.pt
baselines.zip,r4/contrastivevi/mixed_d1_rf1.0_GSE271055_s0_zero_ig.csv.gz,12280,25b9160bde3f824098c0ed71066c11176de89d00f83fb46e44b5e131fa73dbef,scripts/43_r4_contrastivevi.py,.venv/Scripts/python scripts/43_r4_contrastivevi.py --config CFG --study STUDY --seed S --threads=3,559568c3d97a79a9f47a0831ebc386ebf84572e4,runs/peerreview_20261004/r4/contrastivevi/mixed_d1_rf1.0_GSE271055_s0_zero_ig.csv.gz
baselines.zip,r4/contrastivevi/mixed_d1_rf1.0_GSE271055_s1_control_median_ig.csv.gz,12298,4126c76bdf23cffd0d3366f7f76b0ea56d0317f3bba4ff7090d590618ed733e4,scripts/43_r4_contrastivevi.py,.venv/Scripts/python scripts/43_r4_contrastivevi.py --config CFG --study STUDY --seed S --threads=3,559568c3d97a79a9f47a0831ebc386ebf84572e4,runs/peerreview_20261004/r4/contrastivevi/mixed_d1_rf1.0_GSE271055_s1_control_median_ig.csv.gz
baselines.zip,r4/contrastivevi/mixed_d1_rf1.0_GSE271055_s1_done.json,394,65bea23a18cf7439217693f464e8b47c525c0dea2371992263d808a12452d556,scripts/43_r4_contrastivevi.py,.venv/Scripts/python scripts/43_r4_contrastivevi.py --config CFG --study STUDY --seed S --threads=3,559568c3d97a79a9f47a0831ebc386ebf84572e4,runs/peerreview_20261004/r4/contrastivevi/mixed_d1_rf1.0_GSE271055_s1_done.json
baselines.zip,r4/contrastivevi/mixed_d1_rf1.0_GSE271055_s1_ig_recovery.csv,1232,dd76272f947490964dfbcd29c0b84fb76463610f812814102fc09022b43eb2c8,scripts/43_r4_contrastivevi.py,.venv/Scripts/python scripts/43_r4_contrastivevi.py --config CFG --study STUDY --seed S --threads=3,559568c3d97a79a9f47a0831ebc386ebf84572e4,runs/peerreview_20261004/r4/contrastivevi/mixed_d1_rf1.0_GSE271055_s1_ig_recovery.csv
baselines.zip,r4/contrastivevi/mixed_d1_rf1.0_GSE271055_s1_model/model.pt,5116730,6a9ceaed9bfa753581f441900cd5200f4c0cec09bc96abeb86d17a790b665365,scripts/43_r4_contrastivevi.py,.venv/Scripts/python scripts/43_r4_contrastivevi.py --config CFG --study STUDY --seed S --threads=3,559568c3d97a79a9f47a0831ebc386ebf84572e4,runs/peerreview_20261004/r4/contrastivevi/mixed_d1_rf1.0_GSE271055_s1_model/model.pt
baselines.zip,r4/contrastivevi/mixed_d1_rf1.0_GSE271055_s1_zero_ig.csv.gz,12295,e8b88fa68971d1e71563644638d31db7865f7f5dfc84515652e4a966841dff35,scripts/43_r4_contrastivevi.py,.venv/Scripts/python scripts/43_r4_contrastivevi.py --config CFG --study STUDY --seed S --threads=3,559568c3d97a79a9f47a0831ebc386ebf84572e4,runs/peerreview_20261004/r4/contrastivevi/mixed_d1_rf1.0_GSE271055_s1_zero_ig.csv.gz
baselines.zip,r4/contrastivevi/mixed_d1_rf1.0_GSE271055_s2_control_median_ig.csv.gz,12304,3c714f20da8b3352c135f5157cc89d9605f7bab9a8b5912a924c4dfa6849f3da,scripts/43_r4_contrastivevi.py,.venv/Scripts/python scripts/43_r4_contrastivevi.py --config CFG --study STUDY --seed S --threads=3,559568c3d97a79a9f47a0831ebc386ebf84572e4,runs/peerreview_20261004/r4/contrastivevi/mixed_d1_rf1.0_GSE271055_s2_control_median_ig.csv.gz
baselines.zip,r4/contrastivevi/mixed_d1_rf1.0_GSE271055_s2_done.json,396,3d480c0bb0e516d57ad607fa57df84122e1fa9b0ce20ad9b19b8ef3d24af0404,scripts/43_r4_contrastivevi.py,.venv/Scripts/python scripts/43_r4_contrastivevi.py --config CFG --study STUDY --seed S --threads=3,559568c3d97a79a9f47a0831ebc386ebf84572e4,runs/peerreview_20261004/r4/contrastivevi/mixed_d1_rf1.0_GSE271055_s2_done.json
baselines.zip,r4/contrastivevi/mixed_d1_rf1.0_GSE271055_s2_ig_recovery.csv,1226,42b225f5034b7b3e33a6a6e854cf7c942c0ebdf1ddeac2d1911754e012904b22,scripts/43_r4_contrastivevi.py,.venv/Scripts/python scripts/43_r4_contrastivevi.py --config CFG --study STUDY --seed S --threads=3,559568c3d97a79a9f47a0831ebc386ebf84572e4,runs/peerreview_20261004/r4/contrastivevi/mixed_d1_rf1.0_GSE271055_s2_ig_recovery.csv
baselines.zip,r4/contrastivevi/mixed_d1_rf1.0_GSE271055_s2_model/model.pt,5116730,c0b85dcbd4c8426656321aced346d5a1e76caea25cbca15a46463656f005d20b,scripts/43_r4_contrastivevi.py,.venv/Scripts/python scripts/43_r4_contrastivevi.py --config CFG --study STUDY --seed S --threads=3,559568c3d97a79a9f47a0831ebc386ebf84572e4,runs/peerreview_20261004/r4/contrastivevi/mixed_d1_rf1.0_GSE271055_s2_model/model.pt
baselines.zip,r4/contrastivevi/mixed_d1_rf1.0_GSE271055_s2_zero_ig.csv.gz,12303,70880425efc7e08c1646ad2be45151c4a2b6a65d2bafbdb03c795e977061075c,scripts/43_r4_contrastivevi.py,.venv/Scripts/python scripts/43_r4_contrastivevi.py --config CFG --study STUDY --seed S --threads=3,559568c3d97a79a9f47a0831ebc386ebf84572e4,runs/peerreview_20261004/r4/contrastivevi/mixed_d1_rf1.0_GSE271055_s2_zero_ig.csv.gz
baselines.zip,r4/contrastivevi/mixed_d2_rf1.0_GSE216146_s0_control_median_ig.csv.gz,13802,1202d8ddb2a703a136a88b802ffbe144e4a580f370f0288b2fa3f67c833669ea,scripts/43_r4_contrastivevi.py,.venv/Scripts/python scripts/43_r4_contrastivevi.py --config CFG --study STUDY --seed S --threads=3,559568c3d97a79a9f47a0831ebc386ebf84572e4,runs/peerreview_20261004/r4/contrastivevi/mixed_d2_rf1.0_GSE216146_s0_control_median_ig.csv.gz
baselines.zip,r4/contrastivevi/mixed_d2_rf1.0_GSE216146_s0_done.json,395,47968e322e2a620c65b5ef82af2ecd37d064b044c5dca11d0573006ef6cc86d1,scripts/43_r4_contrastivevi.py,.venv/Scripts/python scripts/43_r4_contrastivevi.py --config CFG --study STUDY --seed S --threads=3,559568c3d97a79a9f47a0831ebc386ebf84572e4,runs/peerreview_20261004/r4/contrastivevi/mixed_d2_rf1.0_GSE216146_s0_done.json
baselines.zip,r4/contrastivevi/mixed_d2_rf1.0_GSE216146_s0_ig_recovery.csv,1195,f65ec12ee858ae9be20ad34f4cb248def453e203849b28ee71e46a18b3382940,scripts/43_r4_contrastivevi.py,.venv/Scripts/python scripts/43_r4_contrastivevi.py --config CFG --study STUDY --seed S --threads=3,559568c3d97a79a9f47a0831ebc386ebf84572e4,runs/peerreview_20261004/r4/contrastivevi/mixed_d2_rf1.0_GSE216146_s0_ig_recovery.csv
baselines.zip,r4/contrastivevi/mixed_d2_rf1.0_GSE216146_s0_model/model.pt,5116730,8dec8c8a0a7310b8516ea6c534c43aed97d157700912fd4973aba99b1fdf988d,scripts/43_r4_contrastivevi.py,.venv/Scripts/python scripts/43_r4_contrastivevi.py --config CFG --study STUDY --seed S --threads=3,559568c3d97a79a9f47a0831ebc386ebf84572e4,runs/peerreview_20261004/r4/contrastivevi/mixed_d2_rf1.0_GSE216146_s0_model/model.pt
baselines.zip,r4/contrastivevi/mixed_d2_rf1.0_GSE216146_s0_zero_ig.csv.gz,13803,46b880409b179671b9aeda47186c01c5083cfcc0e03ab0d4a80e646ed811f27a,scripts/43_r4_contrastivevi.py,.venv/Scripts/python scripts/43_r4_contrastivevi.py --config CFG --study STUDY --seed S --threads=3,559568c3d97a79a9f47a0831ebc386ebf84572e4,runs/peerreview_20261004/r4/contrastivevi/mixed_d2_rf1.0_GSE216146_s0_zero_ig.csv.gz
baselines.zip,r4/contrastivevi/mixed_d2_rf1.0_GSE216146_s1_control_median_ig.csv.gz,13802,847e47a9171927e557b952f7ae437bd8d71dff645fd7128bda5671295099d69d,scripts/43_r4_contrastivevi.py,.venv/Scripts/python scripts/43_r4_contrastivevi.py --config CFG --study STUDY --seed S --threads=3,559568c3d97a79a9f47a0831ebc386ebf84572e4,runs/peerreview_20261004/r4/contrastivevi/mixed_d2_rf1.0_GSE216146_s1_control_median_ig.csv.gz
baselines.zip,r4/contrastivevi/mixed_d2_rf1.0_GSE216146_s1_done.json,396,442f948c347661f8ca610d2def937969a15ea136fc3206cb6576f47f52375bb1,scripts/43_r4_contrastivevi.py,.venv/Scripts/python scripts/43_r4_contrastivevi.py --config CFG --study STUDY --seed S --threads=3,559568c3d97a79a9f47a0831ebc386ebf84572e4,runs/peerreview_20261004/r4/contrastivevi/mixed_d2_rf1.0_GSE216146_s1_done.json
baselines.zip,r4/contrastivevi/mixed_d2_rf1.0_GSE216146_s1_ig_recovery.csv,1178,ce8ee84ebc9dea9ad7ab19e0644367b0ed6374556fff0c1eea0b6c6c62ed59c5,scripts/43_r4_contrastivevi.py,.venv/Scripts/python scripts/43_r4_contrastivevi.py --config CFG --study STUDY --seed S --threads=3,559568c3d97a79a9f47a0831ebc386ebf84572e4,runs/peerreview_20261004/r4/contrastivevi/mixed_d2_rf1.0_GSE216146_s1_ig_recovery.csv
baselines.zip,r4/contrastivevi/mixed_d2_rf1.0_GSE216146_s1_model/model.pt,5116730,d9a70bb968dcdb38d8fe83365d235f0a6cd2efbdddb48644ed1b3908b979229e,scripts/43_r4_contrastivevi.py,.venv/Scripts/python scripts/43_r4_contrastivevi.py --config CFG --study STUDY --seed S --threads=3,559568c3d97a79a9f47a0831ebc386ebf84572e4,runs/peerreview_20261004/r4/contrastivevi/mixed_d2_rf1.0_GSE216146_s1_model/model.pt
baselines.zip,r4/contrastivevi/mixed_d2_rf1.0_GSE216146_s1_zero_ig.csv.gz,13806,e26d386682bd78a23af6e4e6d81266bbbbbbe9937c47ad1c04ae9ad82f804210,scripts/43_r4_contrastivevi.py,.venv/Scripts/python scripts/43_r4_contrastivevi.py --config CFG --study STUDY --seed S --threads=3,559568c3d97a79a9f47a0831ebc386ebf84572e4,runs/peerreview_20261004/r4/contrastivevi/mixed_d2_rf1.0_GSE216146_s1_zero_ig.csv.gz
baselines.zip,r4/contrastivevi/mixed_d2_rf1.0_GSE216146_s2_control_median_ig.csv.gz,13800,11b6f9494e6e51c663315dbb687ba0536427f6e3f68cafb597d45f4eb66ce972,scripts/43_r4_contrastivevi.py,.venv/Scripts/python scripts/43_r4_contrastivevi.py --config CFG --study STUDY --seed S --threads=3,559568c3d97a79a9f47a0831ebc386ebf84572e4,runs/peerreview_20261004/r4/contrastivevi/mixed_d2_rf1.0_GSE216146_s2_control_median_ig.csv.gz
baselines.zip,r4/contrastivevi/mixed_d2_rf1.0_GSE216146_s2_done.json,394,8c7c06988bf96fd24307e3cfab952ee332a3dc0f8bd96006fe0dfb87d07c2538,scripts/43_r4_contrastivevi.py,.venv/Scripts/python scripts/43_r4_contrastivevi.py --config CFG --study STUDY --seed S --threads=3,559568c3d97a79a9f47a0831ebc386ebf84572e4,runs/peerreview_20261004/r4/contrastivevi/mixed_d2_rf1.0_GSE216146_s2_done.json
baselines.zip,r4/contrastivevi/mixed_d2_rf1.0_GSE216146_s2_ig_recovery.csv,1165,7398b16bc090860f1275bd214f008e6008ec03d60046b4f2ed90b7f7881fe53a,scripts/43_r4_contrastivevi.py,.venv/Scripts/python scripts/43_r4_contrastivevi.py --config CFG --study STUDY --seed S --threads=3,559568c3d97a79a9f47a0831ebc386ebf84572e4,runs/peerreview_20261004/r4/contrastivevi/mixed_d2_rf1.0_GSE216146_s2_ig_recovery.csv
baselines.zip,r4/contrastivevi/mixed_d2_rf1.0_GSE216146_s2_model/model.pt,5116730,ff5db985925b579abca8a5896e1ddcfebf8adcaf8ea0547b10bc9d0f12406ef8,scripts/43_r4_contrastivevi.py,.venv/Scripts/python scripts/43_r4_contrastivevi.py --config CFG --study STUDY --seed S --threads=3,559568c3d97a79a9f47a0831ebc386ebf84572e4,runs/peerreview_20261004/r4/contrastivevi/mixed_d2_rf1.0_GSE216146_s2_model/model.pt
baselines.zip,r4/contrastivevi/mixed_d2_rf1.0_GSE216146_s2_zero_ig.csv.gz,13826,da7f5b73b7acdb1883a370a3c98b439358ae7d300e76527ea2454c685619e900,scripts/43_r4_contrastivevi.py,.venv/Scripts/python scripts/43_r4_contrastivevi.py --config CFG --study STUDY --seed S --threads=3,559568c3d97a79a9f47a0831ebc386ebf84572e4,runs/peerreview_20261004/r4/contrastivevi/mixed_d2_rf1.0_GSE216146_s2_zero_ig.csv.gz
baselines.zip,r4/contrastivevi/mixed_d2_rf1.0_GSE271055_s0_control_median_ig.csv.gz,12289,2bd4dd329483065827da109104b7fa4cf52ce44abaa7206f05e914da62567cd0,scripts/43_r4_contrastivevi.py,.venv/Scripts/python scripts/43_r4_contrastivevi.py --config CFG --study STUDY --seed S --threads=3,559568c3d97a79a9f47a0831ebc386ebf84572e4,runs/peerreview_20261004/r4/contrastivevi/mixed_d2_rf1.0_GSE271055_s0_control_median_ig.csv.gz
baselines.zip,r4/contrastivevi/mixed_d2_rf1.0_GSE271055_s0_done.json,396,c7c80fa0187ce0e45b94eb3373314b2e56e55ffbd22a6dfacb81149fe7b6a43a,scripts/43_r4_contrastivevi.py,.venv/Scripts/python scripts/43_r4_contrastivevi.py --config CFG --study STUDY --seed S --threads=3,559568c3d97a79a9f47a0831ebc386ebf84572e4,runs/peerreview_20261004/r4/contrastivevi/mixed_d2_rf1.0_GSE271055_s0_done.json
baselines.zip,r4/contrastivevi/mixed_d2_rf1.0_GSE271055_s0_ig_recovery.csv,1233,378cb509d528f92c257cc88c5667a57d286fa4e5ce97c837d4992d285384415a,scripts/43_r4_contrastivevi.py,.venv/Scripts/python scripts/43_r4_contrastivevi.py --config CFG --study STUDY --seed S --threads=3,559568c3d97a79a9f47a0831ebc386ebf84572e4,runs/peerreview_20261004/r4/contrastivevi/mixed_d2_rf1.0_GSE271055_s0_ig_recovery.csv
baselines.zip,r4/contrastivevi/mixed_d2_rf1.0_GSE271055_s0_model/model.pt,5116730,63021f176ed52da4bdb68939eb4f6ba1946623af97f4aa9f32bbf132ac27f2d8,scripts/43_r4_contrastivevi.py,.venv/Scripts/python scripts/43_r4_contrastivevi.py --config CFG --study STUDY --seed S --threads=3,559568c3d97a79a9f47a0831ebc386ebf84572e4,runs/peerreview_20261004/r4/contrastivevi/mixed_d2_rf1.0_GSE271055_s0_model/model.pt
baselines.zip,r4/contrastivevi/mixed_d2_rf1.0_GSE271055_s0_zero_ig.csv.gz,12299,7587332f4138c602f91bcfc5bfa249026dd8bf6a5f3d326920439d6f89fa9b44,scripts/43_r4_contrastivevi.py,.venv/Scripts/python scripts/43_r4_contrastivevi.py --config CFG --study STUDY --seed S --threads=3,559568c3d97a79a9f47a0831ebc386ebf84572e4,runs/peerreview_20261004/r4/contrastivevi/mixed_d2_rf1.0_GSE271055_s0_zero_ig.csv.gz
baselines.zip,r4/contrastivevi/mixed_d2_rf1.0_GSE271055_s1_control_median_ig.csv.gz,12302,e7d65394b68b21d385ab6371b23b72124cf9e3948428b96261cbfef4e16c3b96,scripts/43_r4_contrastivevi.py,.venv/Scripts/python scripts/43_r4_contrastivevi.py --config CFG --study STUDY --seed S --threads=3,559568c3d97a79a9f47a0831ebc386ebf84572e4,runs/peerreview_20261004/r4/contrastivevi/mixed_d2_rf1.0_GSE271055_s1_control_median_ig.csv.gz
baselines.zip,r4/contrastivevi/mixed_d2_rf1.0_GSE271055_s1_done.json,396,758e5aed9a1eb47afd101d756d7bca035cf423aaec3945c3de280afb69bf8452,scripts/43_r4_contrastivevi.py,.venv/Scripts/python scripts/43_r4_contrastivevi.py --config CFG --study STUDY --seed S --threads=3,559568c3d97a79a9f47a0831ebc386ebf84572e4,runs/peerreview_20261004/r4/contrastivevi/mixed_d2_rf1.0_GSE271055_s1_done.json
baselines.zip,r4/contrastivevi/mixed_d2_rf1.0_GSE271055_s1_ig_recovery.csv,1237,4e9ad2e4d67270add0cfe41b70a111d4bd72a34d010818ab219cefeffbba5ac9,scripts/43_r4_contrastivevi.py,.venv/Scripts/python scripts/43_r4_contrastivevi.py --config CFG --study STUDY --seed S --threads=3,559568c3d97a79a9f47a0831ebc386ebf84572e4,runs/peerreview_20261004/r4/contrastivevi/mixed_d2_rf1.0_GSE271055_s1_ig_recovery.csv
baselines.zip,r4/contrastivevi/mixed_d2_rf1.0_GSE271055_s1_model/model.pt,5116730,d5e8ac8d017d7aca1b6c97a375ce16aea440a18dfd07262754b1c159efc7da74,scripts/43_r4_contrastivevi.py,.venv/Scripts/python scripts/43_r4_contrastivevi.py --config CFG --study STUDY --seed S --threads=3,559568c3d97a79a9f47a0831ebc386ebf84572e4,runs/peerreview_20261004/r4/contrastivevi/mixed_d2_rf1.0_GSE271055_s1_model/model.pt
baselines.zip,r4/contrastivevi/mixed_d2_rf1.0_GSE271055_s1_zero_ig.csv.gz,12271,5877cba0203b866ce6e9bb6f11eb0de2be8f083af0231479ebf87e81af77c29f,scripts/43_r4_contrastivevi.py,.venv/Scripts/python scripts/43_r4_contrastivevi.py --config CFG --study STUDY --seed S --threads=3,559568c3d97a79a9f47a0831ebc386ebf84572e4,runs/peerreview_20261004/r4/contrastivevi/mixed_d2_rf1.0_GSE271055_s1_zero_ig.csv.gz
baselines.zip,r4/contrastivevi/mixed_d2_rf1.0_GSE271055_s2_control_median_ig.csv.gz,12280,a33be79680dd06de02649e7b378517dc03cd51656d4cfed2c5b17a2a792198b1,scripts/43_r4_contrastivevi.py,.venv/Scripts/python scripts/43_r4_contrastivevi.py --config CFG --study STUDY --seed S --threads=3,559568c3d97a79a9f47a0831ebc386ebf84572e4,runs/peerreview_20261004/r4/contrastivevi/mixed_d2_rf1.0_GSE271055_s2_control_median_ig.csv.gz
baselines.zip,r4/contrastivevi/mixed_d2_rf1.0_GSE271055_s2_done.json,394,905a22268d72d8270826806845b4c08dd4bd6281ae997a790dfe60799f21be11,scripts/43_r4_contrastivevi.py,.venv/Scripts/python scripts/43_r4_contrastivevi.py --config CFG --study STUDY --seed S --threads=3,559568c3d97a79a9f47a0831ebc386ebf84572e4,runs/peerreview_20261004/r4/contrastivevi/mixed_d2_rf1.0_GSE271055_s2_done.json
baselines.zip,r4/contrastivevi/mixed_d2_rf1.0_GSE271055_s2_ig_recovery.csv,1244,4be8a1421a552590c18041d4d57fa833510a7dda5bfb562f0041e3590026263e,scripts/43_r4_contrastivevi.py,.venv/Scripts/python scripts/43_r4_contrastivevi.py --config CFG --study STUDY --seed S --threads=3,559568c3d97a79a9f47a0831ebc386ebf84572e4,runs/peerreview_20261004/r4/contrastivevi/mixed_d2_rf1.0_GSE271055_s2_ig_recovery.csv
baselines.zip,r4/contrastivevi/mixed_d2_rf1.0_GSE271055_s2_model/model.pt,5116730,b35ac7645504d4b8e1061acc5b689c1cc2183736dbc1a4e695d69a274c685ff5,scripts/43_r4_contrastivevi.py,.venv/Scripts/python scripts/43_r4_contrastivevi.py --config CFG --study STUDY --seed S --threads=3,559568c3d97a79a9f47a0831ebc386ebf84572e4,runs/peerreview_20261004/r4/contrastivevi/mixed_d2_rf1.0_GSE271055_s2_model/model.pt
baselines.zip,r4/contrastivevi/mixed_d2_rf1.0_GSE271055_s2_zero_ig.csv.gz,12306,f0264d36d8ae85bc1b2a3f167086aa1da24a595e10fd8bac8ebdf784ea66818e,scripts/43_r4_contrastivevi.py,.venv/Scripts/python scripts/43_r4_contrastivevi.py --config CFG --study STUDY --seed S --threads=3,559568c3d97a79a9f47a0831ebc386ebf84572e4,runs/peerreview_20261004/r4/contrastivevi/mixed_d2_rf1.0_GSE271055_s2_zero_ig.csv.gz
baselines.zip,r4/contrastivevi/null_GSE216146_s0_control_median_ig.csv.gz,13913,56a6460d0c56934bd1bf71c08682331754ac6ac62bf2a27a63aaeaff1e7d86de,scripts/43_r4_contrastivevi.py,.venv/Scripts/python scripts/43_r4_contrastivevi.py --config CFG --study STUDY --seed S --threads=3,559568c3d97a79a9f47a0831ebc386ebf84572e4,runs/peerreview_20261004/r4/contrastivevi/null_GSE216146_s0_control_median_ig.csv.gz
baselines.zip,r4/contrastivevi/null_GSE216146_s0_done.json,386,51cc06d07f93f721093a96217e07b42463fb436252132730e537df508bc49930,scripts/43_r4_contrastivevi.py,.venv/Scripts/python scripts/43_r4_contrastivevi.py --config CFG --study STUDY --seed S --threads=3,559568c3d97a79a9f47a0831ebc386ebf84572e4,runs/peerreview_20261004/r4/contrastivevi/null_GSE216146_s0_done.json
baselines.zip,r4/contrastivevi/null_GSE216146_s0_ig_recovery.csv,1173,1ed766cbac30fa6c51ad65b6fdfd506b58b1305921bf0a91c6507f60bc21d081,scripts/43_r4_contrastivevi.py,.venv/Scripts/python scripts/43_r4_contrastivevi.py --config CFG --study STUDY --seed S --threads=3,559568c3d97a79a9f47a0831ebc386ebf84572e4,runs/peerreview_20261004/r4/contrastivevi/null_GSE216146_s0_ig_recovery.csv
baselines.zip,r4/contrastivevi/null_GSE216146_s0_model/model.pt,5116730,4af4a24a8552d6723a8f7befda625f674faa382078150d4fdbcd0aca6c73a96a,scripts/43_r4_contrastivevi.py,.venv/Scripts/python scripts/43_r4_contrastivevi.py --config CFG --study STUDY --seed S --threads=3,559568c3d97a79a9f47a0831ebc386ebf84572e4,runs/peerreview_20261004/r4/contrastivevi/null_GSE216146_s0_model/model.pt
baselines.zip,r4/contrastivevi/null_GSE216146_s0_zero_ig.csv.gz,13827,a1cdca9c4d1a53728c709218a7ad9c8b790ae21178c0a120c8313b8bbf13a3d0,scripts/43_r4_contrastivevi.py,.venv/Scripts/python scripts/43_r4_contrastivevi.py --config CFG --study STUDY --seed S --threads=3,559568c3d97a79a9f47a0831ebc386ebf84572e4,runs/peerreview_20261004/r4/contrastivevi/null_GSE216146_s0_zero_ig.csv.gz
baselines.zip,r4/contrastivevi/null_GSE216146_s1_control_median_ig.csv.gz,13832,3211a25f9608e1152df1e67f9171a93a33f1b4716228ad5833c68bf800d73e25,scripts/43_r4_contrastivevi.py,.venv/Scripts/python scripts/43_r4_contrastivevi.py --config CFG --study STUDY --seed S --threads=3,559568c3d97a79a9f47a0831ebc386ebf84572e4,runs/peerreview_20261004/r4/contrastivevi/null_GSE216146_s1_control_median_ig.csv.gz
baselines.zip,r4/contrastivevi/null_GSE216146_s1_done.json,385,d76434abf97e49f46ef282a0f3b58923d42084ca370faf17c2344679db40f8ee,scripts/43_r4_contrastivevi.py,.venv/Scripts/python scripts/43_r4_contrastivevi.py --config CFG --study STUDY --seed S --threads=3,559568c3d97a79a9f47a0831ebc386ebf84572e4,runs/peerreview_20261004/r4/contrastivevi/null_GSE216146_s1_done.json
baselines.zip,r4/contrastivevi/null_GSE216146_s1_ig_recovery.csv,1161,5cd8eb6595ded23c98b6c6a9a0ba8e0b915bae516761a6e6d3b4a12711ad0feb,scripts/43_r4_contrastivevi.py,.venv/Scripts/python scripts/43_r4_contrastivevi.py --config CFG --study STUDY --seed S --threads=3,559568c3d97a79a9f47a0831ebc386ebf84572e4,runs/peerreview_20261004/r4/contrastivevi/null_GSE216146_s1_ig_recovery.csv
baselines.zip,r4/contrastivevi/null_GSE216146_s1_model/model.pt,5116730,68f0cd65aea5c73b3b4a2b2d84ebc520c58fdcb9aa97c90733d971c1f847cfe8,scripts/43_r4_contrastivevi.py,.venv/Scripts/python scripts/43_r4_contrastivevi.py --config CFG --study STUDY --seed S --threads=3,559568c3d97a79a9f47a0831ebc386ebf84572e4,runs/peerreview_20261004/r4/contrastivevi/null_GSE216146_s1_model/model.pt
baselines.zip,r4/contrastivevi/null_GSE216146_s1_zero_ig.csv.gz,13842,c681ce9b395cd6e3136440df5e1ad337fbb1a201d270c43b77a195cebfb9d34d,scripts/43_r4_contrastivevi.py,.venv/Scripts/python scripts/43_r4_contrastivevi.py --config CFG --study STUDY --seed S --threads=3,559568c3d97a79a9f47a0831ebc386ebf84572e4,runs/peerreview_20261004/r4/contrastivevi/null_GSE216146_s1_zero_ig.csv.gz
baselines.zip,r4/contrastivevi/null_GSE216146_s2_control_median_ig.csv.gz,13906,76f8f3c05b177a257d25d6ffaa4f9f1ebb43ec7cd75a937f9cc6dc814c344772,scripts/43_r4_contrastivevi.py,.venv/Scripts/python scripts/43_r4_contrastivevi.py --config CFG --study STUDY --seed S --threads=3,559568c3d97a79a9f47a0831ebc386ebf84572e4,runs/peerreview_20261004/r4/contrastivevi/null_GSE216146_s2_control_median_ig.csv.gz
baselines.zip,r4/contrastivevi/null_GSE216146_s2_done.json,385,f2ede91d4213347b1b02780d973e098012c6ded0379dd64c765bbd27f0f79984,scripts/43_r4_contrastivevi.py,.venv/Scripts/python scripts/43_r4_contrastivevi.py --config CFG --study STUDY --seed S --threads=3,559568c3d97a79a9f47a0831ebc386ebf84572e4,runs/peerreview_20261004/r4/contrastivevi/null_GSE216146_s2_done.json
baselines.zip,r4/contrastivevi/null_GSE216146_s2_ig_recovery.csv,1154,0335aa1eda096161cec232135e129f3420e9f89a7f4a4721f078bf41e2fdbf7d,scripts/43_r4_contrastivevi.py,.venv/Scripts/python scripts/43_r4_contrastivevi.py --config CFG --study STUDY --seed S --threads=3,559568c3d97a79a9f47a0831ebc386ebf84572e4,runs/peerreview_20261004/r4/contrastivevi/null_GSE216146_s2_ig_recovery.csv
baselines.zip,r4/contrastivevi/null_GSE216146_s2_model/model.pt,5116730,8aab7790ea4343139458710c921779d5666f9834fa19a1298184ed8caf923cea,scripts/43_r4_contrastivevi.py,.venv/Scripts/python scripts/43_r4_contrastivevi.py --config CFG --study STUDY --seed S --threads=3,559568c3d97a79a9f47a0831ebc386ebf84572e4,runs/peerreview_20261004/r4/contrastivevi/null_GSE216146_s2_model/model.pt
baselines.zip,r4/contrastivevi/null_GSE216146_s2_zero_ig.csv.gz,13862,c9992c5604a4375b426ea0e28c7870be8dc6d5bc328f9118cc19aea715afe417,scripts/43_r4_contrastivevi.py,.venv/Scripts/python scripts/43_r4_contrastivevi.py --config CFG --study STUDY --seed S --threads=3,559568c3d97a79a9f47a0831ebc386ebf84572e4,runs/peerreview_20261004/r4/contrastivevi/null_GSE216146_s2_zero_ig.csv.gz
baselines.zip,r4/contrastivevi/null_GSE271055_s0_control_median_ig.csv.gz,12288,a450cb3c16245648daa79ef3c7e3110f30df479a4653711bc1b68066cdc97684,scripts/43_r4_contrastivevi.py,.venv/Scripts/python scripts/43_r4_contrastivevi.py --config CFG --study STUDY --seed S --threads=3,559568c3d97a79a9f47a0831ebc386ebf84572e4,runs/peerreview_20261004/r4/contrastivevi/null_GSE271055_s0_control_median_ig.csv.gz
baselines.zip,r4/contrastivevi/null_GSE271055_s0_done.json,386,c8ea9b94cf62c4a55c4fa14fce0e643c1508cadeba8a3e7d27672d4ad26e2a57,scripts/43_r4_contrastivevi.py,.venv/Scripts/python scripts/43_r4_contrastivevi.py --config CFG --study STUDY --seed S --threads=3,559568c3d97a79a9f47a0831ebc386ebf84572e4,runs/peerreview_20261004/r4/contrastivevi/null_GSE271055_s0_done.json
baselines.zip,r4/contrastivevi/null_GSE271055_s0_ig_recovery.csv,1213,70a7da748208d6bf87d04b865515b28a27fb55e557fbff2059e4a9edd3128685,scripts/43_r4_contrastivevi.py,.venv/Scripts/python scripts/43_r4_contrastivevi.py --config CFG --study STUDY --seed S --threads=3,559568c3d97a79a9f47a0831ebc386ebf84572e4,runs/peerreview_20261004/r4/contrastivevi/null_GSE271055_s0_ig_recovery.csv
baselines.zip,r4/contrastivevi/null_GSE271055_s0_model/model.pt,5116730,b99ac982a545edea587a439b7620ac6b40cd2b794fcea4e0a56ea6ce1aa59cf8,scripts/43_r4_contrastivevi.py,.venv/Scripts/python scripts/43_r4_contrastivevi.py --config CFG --study STUDY --seed S --threads=3,559568c3d97a79a9f47a0831ebc386ebf84572e4,runs/peerreview_20261004/r4/contrastivevi/null_GSE271055_s0_model/model.pt
baselines.zip,r4/contrastivevi/null_GSE271055_s0_zero_ig.csv.gz,12260,caf5b64a6e27f1ae68095d5df9e40423c6ab1d7525bc13a9c79f033bbba806b9,scripts/43_r4_contrastivevi.py,.venv/Scripts/python scripts/43_r4_contrastivevi.py --config CFG --study STUDY --seed S --threads=3,559568c3d97a79a9f47a0831ebc386ebf84572e4,runs/peerreview_20261004/r4/contrastivevi/null_GSE271055_s0_zero_ig.csv.gz
baselines.zip,r4/contrastivevi/null_GSE271055_s1_control_median_ig.csv.gz,12285,031a160f73d6c4b62e853738ab527012c65a17f1128a10b95749acb9786458f8,scripts/43_r4_contrastivevi.py,.venv/Scripts/python scripts/43_r4_contrastivevi.py --config CFG --study STUDY --seed S --threads=3,559568c3d97a79a9f47a0831ebc386ebf84572e4,runs/peerreview_20261004/r4/contrastivevi/null_GSE271055_s1_control_median_ig.csv.gz
baselines.zip,r4/contrastivevi/null_GSE271055_s1_done.json,384,3826118ca43b6222d16e72a1a6af7d3840ecf7b9c4cd93980c7be027fe888dff,scripts/43_r4_contrastivevi.py,.venv/Scripts/python scripts/43_r4_contrastivevi.py --config CFG --study STUDY --seed S --threads=3,559568c3d97a79a9f47a0831ebc386ebf84572e4,runs/peerreview_20261004/r4/contrastivevi/null_GSE271055_s1_done.json
baselines.zip,r4/contrastivevi/null_GSE271055_s1_ig_recovery.csv,1212,905eedbd7e83a6e4f7157a5b42c9bc3f7816c612a8dd260dd6f8dc25be0373ef,scripts/43_r4_contrastivevi.py,.venv/Scripts/python scripts/43_r4_contrastivevi.py --config CFG --study STUDY --seed S --threads=3,559568c3d97a79a9f47a0831ebc386ebf84572e4,runs/peerreview_20261004/r4/contrastivevi/null_GSE271055_s1_ig_recovery.csv
baselines.zip,r4/contrastivevi/null_GSE271055_s1_model/model.pt,5116730,7ebb00d7a562985888d34ddc6d53835a94fbfbce3b634ba4845d3e8c7a20e88b,scripts/43_r4_contrastivevi.py,.venv/Scripts/python scripts/43_r4_contrastivevi.py --config CFG --study STUDY --seed S --threads=3,559568c3d97a79a9f47a0831ebc386ebf84572e4,runs/peerreview_20261004/r4/contrastivevi/null_GSE271055_s1_model/model.pt
baselines.zip,r4/contrastivevi/null_GSE271055_s1_zero_ig.csv.gz,12292,e7b96a06e6c5462f7372d14b8b9080b26d4e4356fbea97ef20d8607db967e998,scripts/43_r4_contrastivevi.py,.venv/Scripts/python scripts/43_r4_contrastivevi.py --config CFG --study STUDY --seed S --threads=3,559568c3d97a79a9f47a0831ebc386ebf84572e4,runs/peerreview_20261004/r4/contrastivevi/null_GSE271055_s1_zero_ig.csv.gz
baselines.zip,r4/contrastivevi/null_GSE271055_s2_control_median_ig.csv.gz,12312,f83bd35cdaa10402172816cad55065d407d5ab5a4e4bdea8e95b45a8b5d8844f,scripts/43_r4_contrastivevi.py,.venv/Scripts/python scripts/43_r4_contrastivevi.py --config CFG --study STUDY --seed S --threads=3,559568c3d97a79a9f47a0831ebc386ebf84572e4,runs/peerreview_20261004/r4/contrastivevi/null_GSE271055_s2_control_median_ig.csv.gz
baselines.zip,r4/contrastivevi/null_GSE271055_s2_done.json,385,98b9b53c57bfda9a103297e23edcb71cfc957270cafaf2a281d0ebeeee06dcbc,scripts/43_r4_contrastivevi.py,.venv/Scripts/python scripts/43_r4_contrastivevi.py --config CFG --study STUDY --seed S --threads=3,559568c3d97a79a9f47a0831ebc386ebf84572e4,runs/peerreview_20261004/r4/contrastivevi/null_GSE271055_s2_done.json
baselines.zip,r4/contrastivevi/null_GSE271055_s2_ig_recovery.csv,1225,ffb352965ccd7b746306fa54e14d6315d73fcace4315450076f607b07db4da62,scripts/43_r4_contrastivevi.py,.venv/Scripts/python scripts/43_r4_contrastivevi.py --config CFG --study STUDY --seed S --threads=3,559568c3d97a79a9f47a0831ebc386ebf84572e4,runs/peerreview_20261004/r4/contrastivevi/null_GSE271055_s2_ig_recovery.csv
baselines.zip,r4/contrastivevi/null_GSE271055_s2_model/model.pt,5116730,e1c3e9a6df4ca21b62746aacf1dfd9521a488a068cfbd2f825bbc1692f7262d9,scripts/43_r4_contrastivevi.py,.venv/Scripts/python scripts/43_r4_contrastivevi.py --config CFG --study STUDY --seed S --threads=3,559568c3d97a79a9f47a0831ebc386ebf84572e4,runs/peerreview_20261004/r4/contrastivevi/null_GSE271055_s2_model/model.pt
baselines.zip,r4/contrastivevi/null_GSE271055_s2_zero_ig.csv.gz,12322,40736969e31eff92728c72f0a03f3ab133bd2092ce893bf53a5c48b06a9b7c2f,scripts/43_r4_contrastivevi.py,.venv/Scripts/python scripts/43_r4_contrastivevi.py --config CFG --study STUDY --seed S --threads=3,559568c3d97a79a9f47a0831ebc386ebf84572e4,runs/peerreview_20261004/r4/contrastivevi/null_GSE271055_s2_zero_ig.csv.gz
baselines.zip,r4/contrastivevi/shared_d1_rf1.0_GSE216146_s0_control_median_ig.csv.gz,13933,d6c74dfcfd8ce3b353a4455734c636ff8cdc47c0472302f74a52f2a5833b1cf8,scripts/43_r4_contrastivevi.py,.venv/Scripts/python scripts/43_r4_contrastivevi.py --config CFG --study STUDY --seed S --threads=3,559568c3d97a79a9f47a0831ebc386ebf84572e4,runs/peerreview_20261004/r4/contrastivevi/shared_d1_rf1.0_GSE216146_s0_control_median_ig.csv.gz
baselines.zip,r4/contrastivevi/shared_d1_rf1.0_GSE216146_s0_done.json,396,aa95ffdb5307e231afc17195ecf883c4452159d254ddf44ec2c3c462d18891be,scripts/43_r4_contrastivevi.py,.venv/Scripts/python scripts/43_r4_contrastivevi.py --config CFG --study STUDY --seed S --threads=3,559568c3d97a79a9f47a0831ebc386ebf84572e4,runs/peerreview_20261004/r4/contrastivevi/shared_d1_rf1.0_GSE216146_s0_done.json
baselines.zip,r4/contrastivevi/shared_d1_rf1.0_GSE216146_s0_ig_recovery.csv,1182,0296113e049229b1d5ae742208c78863fb3ffb2b93acb5e0b1abc52e29a4fd80,scripts/43_r4_contrastivevi.py,.venv/Scripts/python scripts/43_r4_contrastivevi.py --config CFG --study STUDY --seed S --threads=3,559568c3d97a79a9f47a0831ebc386ebf84572e4,runs/peerreview_20261004/r4/contrastivevi/shared_d1_rf1.0_GSE216146_s0_ig_recovery.csv
baselines.zip,r4/contrastivevi/shared_d1_rf1.0_GSE216146_s0_model/model.pt,5116730,c688004d39fdde8eb9a28ed0c9818d86f16262d4ed77c0c5e182ce6efe4aaedc,scripts/43_r4_contrastivevi.py,.venv/Scripts/python scripts/43_r4_contrastivevi.py --config CFG --study STUDY --seed S --threads=3,559568c3d97a79a9f47a0831ebc386ebf84572e4,runs/peerreview_20261004/r4/contrastivevi/shared_d1_rf1.0_GSE216146_s0_model/model.pt
baselines.zip,r4/contrastivevi/shared_d1_rf1.0_GSE216146_s0_zero_ig.csv.gz,13864,6c96d1cc970c7ef31f52791762da57c65e097bcf2155f5011e549c8c2f585331,scripts/43_r4_contrastivevi.py,.venv/Scripts/python scripts/43_r4_contrastivevi.py --config CFG --study STUDY --seed S --threads=3,559568c3d97a79a9f47a0831ebc386ebf84572e4,runs/peerreview_20261004/r4/contrastivevi/shared_d1_rf1.0_GSE216146_s0_zero_ig.csv.gz
baselines.zip,r4/contrastivevi/shared_d1_rf1.0_GSE216146_s1_control_median_ig.csv.gz,13879,95952006e8f44ab2ccccc6ec808a2319eb0af09b96a6c438527f98ecdd61d1d7,scripts/43_r4_contrastivevi.py,.venv/Scripts/python scripts/43_r4_contrastivevi.py --config CFG --study STUDY --seed S --threads=3,559568c3d97a79a9f47a0831ebc386ebf84572e4,runs/peerreview_20261004/r4/contrastivevi/shared_d1_rf1.0_GSE216146_s1_control_median_ig.csv.gz
baselines.zip,r4/contrastivevi/shared_d1_rf1.0_GSE216146_s1_done.json,397,ff78b99bc909fb19d05f502142fadff339c1926cc1fe506dde1ee1ad3ba13332,scripts/43_r4_contrastivevi.py,.venv/Scripts/python scripts/43_r4_contrastivevi.py --config CFG --study STUDY --seed S --threads=3,559568c3d97a79a9f47a0831ebc386ebf84572e4,runs/peerreview_20261004/r4/contrastivevi/shared_d1_rf1.0_GSE216146_s1_done.json
baselines.zip,r4/contrastivevi/shared_d1_rf1.0_GSE216146_s1_ig_recovery.csv,1161,b38e1fa7f774b480836fcf766c99b4096264843c0291fd04fef90474d0706e47,scripts/43_r4_contrastivevi.py,.venv/Scripts/python scripts/43_r4_contrastivevi.py --config CFG --study STUDY --seed S --threads=3,559568c3d97a79a9f47a0831ebc386ebf84572e4,runs/peerreview_20261004/r4/contrastivevi/shared_d1_rf1.0_GSE216146_s1_ig_recovery.csv
baselines.zip,r4/contrastivevi/shared_d1_rf1.0_GSE216146_s1_model/model.pt,5116730,c2f9d224a8993c3e6f1e3225bf1be791f8097df3e52c07358aeeb6c66243c73a,scripts/43_r4_contrastivevi.py,.venv/Scripts/python scripts/43_r4_contrastivevi.py --config CFG --study STUDY --seed S --threads=3,559568c3d97a79a9f47a0831ebc386ebf84572e4,runs/peerreview_20261004/r4/contrastivevi/shared_d1_rf1.0_GSE216146_s1_model/model.pt
baselines.zip,r4/contrastivevi/shared_d1_rf1.0_GSE216146_s1_zero_ig.csv.gz,13862,261ab8aefa45a7fbf14eb9125037c982783bde7800b8ccd4398ce2427fd21429,scripts/43_r4_contrastivevi.py,.venv/Scripts/python scripts/43_r4_contrastivevi.py --config CFG --study STUDY --seed S --threads=3,559568c3d97a79a9f47a0831ebc386ebf84572e4,runs/peerreview_20261004/r4/contrastivevi/shared_d1_rf1.0_GSE216146_s1_zero_ig.csv.gz
baselines.zip,r4/contrastivevi/shared_d1_rf1.0_GSE216146_s2_control_median_ig.csv.gz,13832,1219702aee3e5efb94d4d0e9cd9e4ebf9a7ccfa250b0685942b10d754015a99d,scripts/43_r4_contrastivevi.py,.venv/Scripts/python scripts/43_r4_contrastivevi.py --config CFG --study STUDY --seed S --threads=3,559568c3d97a79a9f47a0831ebc386ebf84572e4,runs/peerreview_20261004/r4/contrastivevi/shared_d1_rf1.0_GSE216146_s2_control_median_ig.csv.gz
baselines.zip,r4/contrastivevi/shared_d1_rf1.0_GSE216146_s2_done.json,396,62d1705862089c4559e55fb28585960b0cda884aba877008424eeafa33edf675,scripts/43_r4_contrastivevi.py,.venv/Scripts/python scripts/43_r4_contrastivevi.py --config CFG --study STUDY --seed S --threads=3,559568c3d97a79a9f47a0831ebc386ebf84572e4,runs/peerreview_20261004/r4/contrastivevi/shared_d1_rf1.0_GSE216146_s2_done.json
baselines.zip,r4/contrastivevi/shared_d1_rf1.0_GSE216146_s2_ig_recovery.csv,1183,10629cf54e89dd3464a8a08ac8de63612e6c78946e282deaf9335fa0f44c2185,scripts/43_r4_contrastivevi.py,.venv/Scripts/python scripts/43_r4_contrastivevi.py --config CFG --study STUDY --seed S --threads=3,559568c3d97a79a9f47a0831ebc386ebf84572e4,runs/peerreview_20261004/r4/contrastivevi/shared_d1_rf1.0_GSE216146_s2_ig_recovery.csv
baselines.zip,r4/contrastivevi/shared_d1_rf1.0_GSE216146_s2_model/model.pt,5116730,dafb68aa45e33b8f3788bebfcb1f24ccc01be0bffb1758f6214b45d336fc41ee,scripts/43_r4_contrastivevi.py,.venv/Scripts/python scripts/43_r4_contrastivevi.py --config CFG --study STUDY --seed S --threads=3,559568c3d97a79a9f47a0831ebc386ebf84572e4,runs/peerreview_20261004/r4/contrastivevi/shared_d1_rf1.0_GSE216146_s2_model/model.pt
baselines.zip,r4/contrastivevi/shared_d1_rf1.0_GSE216146_s2_zero_ig.csv.gz,13892,079f7d4f65278e1d55c9bd70c708e52ee54f019e6accc49caa6e86c9c7ecca93,scripts/43_r4_contrastivevi.py,.venv/Scripts/python scripts/43_r4_contrastivevi.py --config CFG --study STUDY --seed S --threads=3,559568c3d97a79a9f47a0831ebc386ebf84572e4,runs/peerreview_20261004/r4/contrastivevi/shared_d1_rf1.0_GSE216146_s2_zero_ig.csv.gz
baselines.zip,r4/contrastivevi/shared_d1_rf1.0_GSE271055_s0_control_median_ig.csv.gz,12265,caea3fba37688c769341b6b3dd2fdd4f1ad71c9e72721aa0e356d1bf5cabce27,scripts/43_r4_contrastivevi.py,.venv/Scripts/python scripts/43_r4_contrastivevi.py --config CFG --study STUDY --seed S --threads=3,559568c3d97a79a9f47a0831ebc386ebf84572e4,runs/peerreview_20261004/r4/contrastivevi/shared_d1_rf1.0_GSE271055_s0_control_median_ig.csv.gz
baselines.zip,r4/contrastivevi/shared_d1_rf1.0_GSE271055_s0_done.json,397,caf4c63ff807100c737bdaf673fdc02f79fab45e4acda5be02eca5a51d205526,scripts/43_r4_contrastivevi.py,.venv/Scripts/python scripts/43_r4_contrastivevi.py --config CFG --study STUDY --seed S --threads=3,559568c3d97a79a9f47a0831ebc386ebf84572e4,runs/peerreview_20261004/r4/contrastivevi/shared_d1_rf1.0_GSE271055_s0_done.json
baselines.zip,r4/contrastivevi/shared_d1_rf1.0_GSE271055_s0_ig_recovery.csv,1231,cd81d42c99f3074beac365f7553ed15bef0c5b925557892dd8ade6993bcec607,scripts/43_r4_contrastivevi.py,.venv/Scripts/python scripts/43_r4_contrastivevi.py --config CFG --study STUDY --seed S --threads=3,559568c3d97a79a9f47a0831ebc386ebf84572e4,runs/peerreview_20261004/r4/contrastivevi/shared_d1_rf1.0_GSE271055_s0_ig_recovery.csv
baselines.zip,r4/contrastivevi/shared_d1_rf1.0_GSE271055_s0_model/model.pt,5116730,17810ee4a834cdba2bad400e037d3cb51925d911cc1f7e7707f79c186f1b8092,scripts/43_r4_contrastivevi.py,.venv/Scripts/python scripts/43_r4_contrastivevi.py --config CFG --study STUDY --seed S --threads=3,559568c3d97a79a9f47a0831ebc386ebf84572e4,runs/peerreview_20261004/r4/contrastivevi/shared_d1_rf1.0_GSE271055_s0_model/model.pt
baselines.zip,r4/contrastivevi/shared_d1_rf1.0_GSE271055_s0_zero_ig.csv.gz,12266,bd8c121478fc2f9d233f29e203512d8b6148ba194a3ef81044054ae386b0c42f,scripts/43_r4_contrastivevi.py,.venv/Scripts/python scripts/43_r4_contrastivevi.py --config CFG --study STUDY --seed S --threads=3,559568c3d97a79a9f47a0831ebc386ebf84572e4,runs/peerreview_20261004/r4/contrastivevi/shared_d1_rf1.0_GSE271055_s0_zero_ig.csv.gz
baselines.zip,r4/contrastivevi/shared_d1_rf1.0_GSE271055_s1_control_median_ig.csv.gz,12302,3c8663e070d7aab6ea6825fb81e21f339a987e7692e0e6dd9f8faec08851c3dc,scripts/43_r4_contrastivevi.py,.venv/Scripts/python scripts/43_r4_contrastivevi.py --config CFG --study STUDY --seed S --threads=3,559568c3d97a79a9f47a0831ebc386ebf84572e4,runs/peerreview_20261004/r4/contrastivevi/shared_d1_rf1.0_GSE271055_s1_control_median_ig.csv.gz
baselines.zip,r4/contrastivevi/shared_d1_rf1.0_GSE271055_s1_done.json,395,3dc8288f96acc0499b82749eef24969e00f33f0eb28eae5a1faedbb8f57ef7ed,scripts/43_r4_contrastivevi.py,.venv/Scripts/python scripts/43_r4_contrastivevi.py --config CFG --study STUDY --seed S --threads=3,559568c3d97a79a9f47a0831ebc386ebf84572e4,runs/peerreview_20261004/r4/contrastivevi/shared_d1_rf1.0_GSE271055_s1_done.json
baselines.zip,r4/contrastivevi/shared_d1_rf1.0_GSE271055_s1_ig_recovery.csv,1238,9c9dcf13e411c53addff4b0fa6a6e441d1e8b70ad8f0560ef569a289984ef8a5,scripts/43_r4_contrastivevi.py,.venv/Scripts/python scripts/43_r4_contrastivevi.py --config CFG --study STUDY --seed S --threads=3,559568c3d97a79a9f47a0831ebc386ebf84572e4,runs/peerreview_20261004/r4/contrastivevi/shared_d1_rf1.0_GSE271055_s1_ig_recovery.csv
baselines.zip,r4/contrastivevi/shared_d1_rf1.0_GSE271055_s1_model/model.pt,5116730,fcb77b33ccf30ce3487002a57bdc5d52f01c036c8a91fd4e373d33283f58bf03,scripts/43_r4_contrastivevi.py,.venv/Scripts/python scripts/43_r4_contrastivevi.py --config CFG --study STUDY --seed S --threads=3,559568c3d97a79a9f47a0831ebc386ebf84572e4,runs/peerreview_20261004/r4/contrastivevi/shared_d1_rf1.0_GSE271055_s1_model/model.pt
baselines.zip,r4/contrastivevi/shared_d1_rf1.0_GSE271055_s1_zero_ig.csv.gz,12331,10a2ea7b74b780eb40ef1670b61be3c3f63370fd43310b09c9c6c466aaba9e93,scripts/43_r4_contrastivevi.py,.venv/Scripts/python scripts/43_r4_contrastivevi.py --config CFG --study STUDY --seed S --threads=3,559568c3d97a79a9f47a0831ebc386ebf84572e4,runs/peerreview_20261004/r4/contrastivevi/shared_d1_rf1.0_GSE271055_s1_zero_ig.csv.gz
baselines.zip,r4/contrastivevi/shared_d1_rf1.0_GSE271055_s2_control_median_ig.csv.gz,12342,2770e754d2628f5d13e5f8a2ef04dfa9d622612a2d3bef67824278b06e2ba589,scripts/43_r4_contrastivevi.py,.venv/Scripts/python scripts/43_r4_contrastivevi.py --config CFG --study STUDY --seed S --threads=3,559568c3d97a79a9f47a0831ebc386ebf84572e4,runs/peerreview_20261004/r4/contrastivevi/shared_d1_rf1.0_GSE271055_s2_control_median_ig.csv.gz
baselines.zip,r4/contrastivevi/shared_d1_rf1.0_GSE271055_s2_done.json,395,4b9191526cf3cfdfb7b70a6b0199dac7d1fe299615668da412bd44094e7535a2,scripts/43_r4_contrastivevi.py,.venv/Scripts/python scripts/43_r4_contrastivevi.py --config CFG --study STUDY --seed S --threads=3,559568c3d97a79a9f47a0831ebc386ebf84572e4,runs/peerreview_20261004/r4/contrastivevi/shared_d1_rf1.0_GSE271055_s2_done.json
baselines.zip,r4/contrastivevi/shared_d1_rf1.0_GSE271055_s2_ig_recovery.csv,1264,ea8c486df0de012a53de699cc1e61e9c3dc5b409a6f2a01f9e1c90db591712a3,scripts/43_r4_contrastivevi.py,.venv/Scripts/python scripts/43_r4_contrastivevi.py --config CFG --study STUDY --seed S --threads=3,559568c3d97a79a9f47a0831ebc386ebf84572e4,runs/peerreview_20261004/r4/contrastivevi/shared_d1_rf1.0_GSE271055_s2_ig_recovery.csv
baselines.zip,r4/contrastivevi/shared_d1_rf1.0_GSE271055_s2_model/model.pt,5116730,98c0cb012efebd63a67c5a71b2a5ae4239d53cacc520dd5b39f00dea0c6abccf,scripts/43_r4_contrastivevi.py,.venv/Scripts/python scripts/43_r4_contrastivevi.py --config CFG --study STUDY --seed S --threads=3,559568c3d97a79a9f47a0831ebc386ebf84572e4,runs/peerreview_20261004/r4/contrastivevi/shared_d1_rf1.0_GSE271055_s2_model/model.pt
baselines.zip,r4/contrastivevi/shared_d1_rf1.0_GSE271055_s2_zero_ig.csv.gz,12309,ad3eea1fdaa5d4a954f02113c640c6610befedf15941f97cbd5294975cbd6502,scripts/43_r4_contrastivevi.py,.venv/Scripts/python scripts/43_r4_contrastivevi.py --config CFG --study STUDY --seed S --threads=3,559568c3d97a79a9f47a0831ebc386ebf84572e4,runs/peerreview_20261004/r4/contrastivevi/shared_d1_rf1.0_GSE271055_s2_zero_ig.csv.gz
baselines.zip,r4/contrastivevi/shared_d2_rf1.0_GSE216146_s0_control_median_ig.csv.gz,13849,cb9b5b3f5468e9fb5d5d9f9c7c4fd8a438e8392e6b6c75c42f3625352af332f4,scripts/43_r4_contrastivevi.py,.venv/Scripts/python scripts/43_r4_contrastivevi.py --config CFG --study STUDY --seed S --threads=3,559568c3d97a79a9f47a0831ebc386ebf84572e4,runs/peerreview_20261004/r4/contrastivevi/shared_d2_rf1.0_GSE216146_s0_control_median_ig.csv.gz
baselines.zip,r4/contrastivevi/shared_d2_rf1.0_GSE216146_s0_done.json,397,384e58ed30348dd1dc53afa0caf767fcf444d3150e36778783bb5c068bef794b,scripts/43_r4_contrastivevi.py,.venv/Scripts/python scripts/43_r4_contrastivevi.py --config CFG --study STUDY --seed S --threads=3,559568c3d97a79a9f47a0831ebc386ebf84572e4,runs/peerreview_20261004/r4/contrastivevi/shared_d2_rf1.0_GSE216146_s0_done.json
baselines.zip,r4/contrastivevi/shared_d2_rf1.0_GSE216146_s0_ig_recovery.csv,1177,8e8b5e4e33b8f78fb662ded6c3667d3e275306f489ceeaab91c7e8686ff3b103,scripts/43_r4_contrastivevi.py,.venv/Scripts/python scripts/43_r4_contrastivevi.py --config CFG --study STUDY --seed S --threads=3,559568c3d97a79a9f47a0831ebc386ebf84572e4,runs/peerreview_20261004/r4/contrastivevi/shared_d2_rf1.0_GSE216146_s0_ig_recovery.csv
baselines.zip,r4/contrastivevi/shared_d2_rf1.0_GSE216146_s0_model/model.pt,5116730,568d90a8e307f95f6b2152ac83202d9f55b78b81a15e31a39c1feeece18562ed,scripts/43_r4_contrastivevi.py,.venv/Scripts/python scripts/43_r4_contrastivevi.py --config CFG --study STUDY --seed S --threads=3,559568c3d97a79a9f47a0831ebc386ebf84572e4,runs/peerreview_20261004/r4/contrastivevi/shared_d2_rf1.0_GSE216146_s0_model/model.pt
baselines.zip,r4/contrastivevi/shared_d2_rf1.0_GSE216146_s0_zero_ig.csv.gz,13833,a4647dc38d3466a526bfb8ef5c02bbc18504dd8c2f419e144be48b58bf5323ea,scripts/43_r4_contrastivevi.py,.venv/Scripts/python scripts/43_r4_contrastivevi.py --config CFG --study STUDY --seed S --threads=3,559568c3d97a79a9f47a0831ebc386ebf84572e4,runs/peerreview_20261004/r4/contrastivevi/shared_d2_rf1.0_GSE216146_s0_zero_ig.csv.gz
baselines.zip,r4/contrastivevi/shared_d2_rf1.0_GSE216146_s1_control_median_ig.csv.gz,13826,3eb01a2d91899629f1607e846fc95715a3e2fd6b38902d59dc76a73345e36796,scripts/43_r4_contrastivevi.py,.venv/Scripts/python scripts/43_r4_contrastivevi.py --config CFG --study STUDY --seed S --threads=3,559568c3d97a79a9f47a0831ebc386ebf84572e4,runs/peerreview_20261004/r4/contrastivevi/shared_d2_rf1.0_GSE216146_s1_control_median_ig.csv.gz
baselines.zip,r4/contrastivevi/shared_d2_rf1.0_GSE216146_s1_done.json,394,28b74adb56ee14f6dc7fff89c1f478924625c1305b0ef12762ed4c65e6a4410c,scripts/43_r4_contrastivevi.py,.venv/Scripts/python scripts/43_r4_contrastivevi.py --config CFG --study STUDY --seed S --threads=3,559568c3d97a79a9f47a0831ebc386ebf84572e4,runs/peerreview_20261004/r4/contrastivevi/shared_d2_rf1.0_GSE216146_s1_done.json
baselines.zip,r4/contrastivevi/shared_d2_rf1.0_GSE216146_s1_ig_recovery.csv,1180,975f027b39bf926883f4b7e9012926c8bee0a77f325160f645c6e033f4fea7bb,scripts/43_r4_contrastivevi.py,.venv/Scripts/python scripts/43_r4_contrastivevi.py --config CFG --study STUDY --seed S --threads=3,559568c3d97a79a9f47a0831ebc386ebf84572e4,runs/peerreview_20261004/r4/contrastivevi/shared_d2_rf1.0_GSE216146_s1_ig_recovery.csv
baselines.zip,r4/contrastivevi/shared_d2_rf1.0_GSE216146_s1_model/model.pt,5116730,a4edfeae85e9966a6a69070ec4e17f3b9e25db7eaf3c4fab3feabff869a2dbf8,scripts/43_r4_contrastivevi.py,.venv/Scripts/python scripts/43_r4_contrastivevi.py --config CFG --study STUDY --seed S --threads=3,559568c3d97a79a9f47a0831ebc386ebf84572e4,runs/peerreview_20261004/r4/contrastivevi/shared_d2_rf1.0_GSE216146_s1_model/model.pt
baselines.zip,r4/contrastivevi/shared_d2_rf1.0_GSE216146_s1_zero_ig.csv.gz,13846,12c3fd8e8ab542af9f7399a481664616e784e8793b2c2cb4d1310c4ade316287,scripts/43_r4_contrastivevi.py,.venv/Scripts/python scripts/43_r4_contrastivevi.py --config CFG --study STUDY --seed S --threads=3,559568c3d97a79a9f47a0831ebc386ebf84572e4,runs/peerreview_20261004/r4/contrastivevi/shared_d2_rf1.0_GSE216146_s1_zero_ig.csv.gz
baselines.zip,r4/contrastivevi/shared_d2_rf1.0_GSE216146_s2_control_median_ig.csv.gz,13833,e744f62f52f1da4122e505ba12f9e8de6eb8739116c7d53a75dfda622e2f4d79,scripts/43_r4_contrastivevi.py,.venv/Scripts/python scripts/43_r4_contrastivevi.py --config CFG --study STUDY --seed S --threads=3,559568c3d97a79a9f47a0831ebc386ebf84572e4,runs/peerreview_20261004/r4/contrastivevi/shared_d2_rf1.0_GSE216146_s2_control_median_ig.csv.gz
baselines.zip,r4/contrastivevi/shared_d2_rf1.0_GSE216146_s2_done.json,395,d7bda9bbbed9c9200f9c8fb6b8888639d5839a689ff9e2c3d8525b96b7de5aaa,scripts/43_r4_contrastivevi.py,.venv/Scripts/python scripts/43_r4_contrastivevi.py --config CFG --study STUDY --seed S --threads=3,559568c3d97a79a9f47a0831ebc386ebf84572e4,runs/peerreview_20261004/r4/contrastivevi/shared_d2_rf1.0_GSE216146_s2_done.json
baselines.zip,r4/contrastivevi/shared_d2_rf1.0_GSE216146_s2_ig_recovery.csv,1177,f561c53e06228ee01aa32acf8c4be01b9c1520a58fc6d857c8be71c6267eb8af,scripts/43_r4_contrastivevi.py,.venv/Scripts/python scripts/43_r4_contrastivevi.py --config CFG --study STUDY --seed S --threads=3,559568c3d97a79a9f47a0831ebc386ebf84572e4,runs/peerreview_20261004/r4/contrastivevi/shared_d2_rf1.0_GSE216146_s2_ig_recovery.csv
baselines.zip,r4/contrastivevi/shared_d2_rf1.0_GSE216146_s2_model/model.pt,5116730,a8616576afa3c0e6a69a4a97b90702a57ba214311ceb4a2e15abc88eaf7a6ea1,scripts/43_r4_contrastivevi.py,.venv/Scripts/python scripts/43_r4_contrastivevi.py --config CFG --study STUDY --seed S --threads=3,559568c3d97a79a9f47a0831ebc386ebf84572e4,runs/peerreview_20261004/r4/contrastivevi/shared_d2_rf1.0_GSE216146_s2_model/model.pt
baselines.zip,r4/contrastivevi/shared_d2_rf1.0_GSE216146_s2_zero_ig.csv.gz,13837,fcad23f97e4fa530c8b84cc5a11997e636d8b69deed7b92c9e900c127ef8749a,scripts/43_r4_contrastivevi.py,.venv/Scripts/python scripts/43_r4_contrastivevi.py --config CFG --study STUDY --seed S --threads=3,559568c3d97a79a9f47a0831ebc386ebf84572e4,runs/peerreview_20261004/r4/contrastivevi/shared_d2_rf1.0_GSE216146_s2_zero_ig.csv.gz
baselines.zip,r4/contrastivevi/shared_d2_rf1.0_GSE271055_s0_control_median_ig.csv.gz,12311,537c884fd1572cd5a90e0c24c62392e4274db4ac743b9dbd27fc95fa3f4aabcc,scripts/43_r4_contrastivevi.py,.venv/Scripts/python scripts/43_r4_contrastivevi.py --config CFG --study STUDY --seed S --threads=3,559568c3d97a79a9f47a0831ebc386ebf84572e4,runs/peerreview_20261004/r4/contrastivevi/shared_d2_rf1.0_GSE271055_s0_control_median_ig.csv.gz
baselines.zip,r4/contrastivevi/shared_d2_rf1.0_GSE271055_s0_done.json,396,c286b7098607818d347127a3df94eb2a073e1794e771d3715f39f200beabc960,scripts/43_r4_contrastivevi.py,.venv/Scripts/python scripts/43_r4_contrastivevi.py --config CFG --study STUDY --seed S --threads=3,559568c3d97a79a9f47a0831ebc386ebf84572e4,runs/peerreview_20261004/r4/contrastivevi/shared_d2_rf1.0_GSE271055_s0_done.json
baselines.zip,r4/contrastivevi/shared_d2_rf1.0_GSE271055_s0_ig_recovery.csv,1238,bf49cc53ef94b2c6c0c5408d079776b4d1a83e6b0efb69b811978347866aa9f1,scripts/43_r4_contrastivevi.py,.venv/Scripts/python scripts/43_r4_contrastivevi.py --config CFG --study STUDY --seed S --threads=3,559568c3d97a79a9f47a0831ebc386ebf84572e4,runs/peerreview_20261004/r4/contrastivevi/shared_d2_rf1.0_GSE271055_s0_ig_recovery.csv
baselines.zip,r4/contrastivevi/shared_d2_rf1.0_GSE271055_s0_model/model.pt,5116730,b0805866217a3676490dc673f4afb355f7c4b4687da9c73faba5e0689f849a06,scripts/43_r4_contrastivevi.py,.venv/Scripts/python scripts/43_r4_contrastivevi.py --config CFG --study STUDY --seed S --threads=3,559568c3d97a79a9f47a0831ebc386ebf84572e4,runs/peerreview_20261004/r4/contrastivevi/shared_d2_rf1.0_GSE271055_s0_model/model.pt
baselines.zip,r4/contrastivevi/shared_d2_rf1.0_GSE271055_s0_zero_ig.csv.gz,12293,c7b008a2716a08a1aa32351fecb3f916be666ff0324a107cf7fbf963246166e7,scripts/43_r4_contrastivevi.py,.venv/Scripts/python scripts/43_r4_contrastivevi.py --config CFG --study STUDY --seed S --threads=3,559568c3d97a79a9f47a0831ebc386ebf84572e4,runs/peerreview_20261004/r4/contrastivevi/shared_d2_rf1.0_GSE271055_s0_zero_ig.csv.gz
baselines.zip,r4/contrastivevi/shared_d2_rf1.0_GSE271055_s1_control_median_ig.csv.gz,12283,a6b780ca3179d70c78154b4868b378f0cd352d23c16bdd9fc7a0c5c31924b6e0,scripts/43_r4_contrastivevi.py,.venv/Scripts/python scripts/43_r4_contrastivevi.py --config CFG --study STUDY --seed S --threads=3,559568c3d97a79a9f47a0831ebc386ebf84572e4,runs/peerreview_20261004/r4/contrastivevi/shared_d2_rf1.0_GSE271055_s1_control_median_ig.csv.gz
baselines.zip,r4/contrastivevi/shared_d2_rf1.0_GSE271055_s1_done.json,396,465af8cff18b34ed4b1b572681e41ba38b0e6d1aa4a686b4ac48c58c4ab4b68a,scripts/43_r4_contrastivevi.py,.venv/Scripts/python scripts/43_r4_contrastivevi.py --config CFG --study STUDY --seed S --threads=3,559568c3d97a79a9f47a0831ebc386ebf84572e4,runs/peerreview_20261004/r4/contrastivevi/shared_d2_rf1.0_GSE271055_s1_done.json
baselines.zip,r4/contrastivevi/shared_d2_rf1.0_GSE271055_s1_ig_recovery.csv,1250,26619f6f286e8d4694de69d47831b6eb4499b9fa2c1a2342e6e3f530c0f9007e,scripts/43_r4_contrastivevi.py,.venv/Scripts/python scripts/43_r4_contrastivevi.py --config CFG --study STUDY --seed S --threads=3,559568c3d97a79a9f47a0831ebc386ebf84572e4,runs/peerreview_20261004/r4/contrastivevi/shared_d2_rf1.0_GSE271055_s1_ig_recovery.csv
baselines.zip,r4/contrastivevi/shared_d2_rf1.0_GSE271055_s1_model/model.pt,5116730,d3a69f8f24ae3a770adad9f0f9afc8f5f8128b210020de346d195acf92067a78,scripts/43_r4_contrastivevi.py,.venv/Scripts/python scripts/43_r4_contrastivevi.py --config CFG --study STUDY --seed S --threads=3,559568c3d97a79a9f47a0831ebc386ebf84572e4,runs/peerreview_20261004/r4/contrastivevi/shared_d2_rf1.0_GSE271055_s1_model/model.pt
baselines.zip,r4/contrastivevi/shared_d2_rf1.0_GSE271055_s1_zero_ig.csv.gz,12305,a227462525c08192f1eb7d54903419391d64ff354120b96c7733e76dfe9e22f3,scripts/43_r4_contrastivevi.py,.venv/Scripts/python scripts/43_r4_contrastivevi.py --config CFG --study STUDY --seed S --threads=3,559568c3d97a79a9f47a0831ebc386ebf84572e4,runs/peerreview_20261004/r4/contrastivevi/shared_d2_rf1.0_GSE271055_s1_zero_ig.csv.gz
baselines.zip,r4/contrastivevi/shared_d2_rf1.0_GSE271055_s2_control_median_ig.csv.gz,12286,e7e6e027e547b58575c16520d9cb44b97132ebd1bbd90e245dd753b42101f430,scripts/43_r4_contrastivevi.py,.venv/Scripts/python scripts/43_r4_contrastivevi.py --config CFG --study STUDY --seed S --threads=3,559568c3d97a79a9f47a0831ebc386ebf84572e4,runs/peerreview_20261004/r4/contrastivevi/shared_d2_rf1.0_GSE271055_s2_control_median_ig.csv.gz
baselines.zip,r4/contrastivevi/shared_d2_rf1.0_GSE271055_s2_done.json,397,a79c76d2fda260d7eccb526cdac5f8f0ae17db11cb5daaa6f8e6f2539014fafc,scripts/43_r4_contrastivevi.py,.venv/Scripts/python scripts/43_r4_contrastivevi.py --config CFG --study STUDY --seed S --threads=3,559568c3d97a79a9f47a0831ebc386ebf84572e4,runs/peerreview_20261004/r4/contrastivevi/shared_d2_rf1.0_GSE271055_s2_done.json
baselines.zip,r4/contrastivevi/shared_d2_rf1.0_GSE271055_s2_ig_recovery.csv,1254,04ee813e2c2a20c7e2fbd18cd5f0d6780e73f7258b25663ae2984f5c51f9b438,scripts/43_r4_contrastivevi.py,.venv/Scripts/python scripts/43_r4_contrastivevi.py --config CFG --study STUDY --seed S --threads=3,559568c3d97a79a9f47a0831ebc386ebf84572e4,runs/peerreview_20261004/r4/contrastivevi/shared_d2_rf1.0_GSE271055_s2_ig_recovery.csv
baselines.zip,r4/contrastivevi/shared_d2_rf1.0_GSE271055_s2_model/model.pt,5116730,2f913ecc9159de8d72b815d1a957d9965664e1277411e1f6464bc03afcfee5ea,scripts/43_r4_contrastivevi.py,.venv/Scripts/python scripts/43_r4_contrastivevi.py --config CFG --study STUDY --seed S --threads=3,559568c3d97a79a9f47a0831ebc386ebf84572e4,runs/peerreview_20261004/r4/contrastivevi/shared_d2_rf1.0_GSE271055_s2_model/model.pt
baselines.zip,r4/contrastivevi/shared_d2_rf1.0_GSE271055_s2_zero_ig.csv.gz,12290,eb638f30cfc4c0c822dbbfa10c36bacd5eb3cd6feadd84ca9a4b1385ba24554e,scripts/43_r4_contrastivevi.py,.venv/Scripts/python scripts/43_r4_contrastivevi.py --config CFG --study STUDY --seed S --threads=3,559568c3d97a79a9f47a0831ebc386ebf84572e4,runs/peerreview_20261004/r4/contrastivevi/shared_d2_rf1.0_GSE271055_s2_zero_ig.csv.gz
baselines.zip,r4/contrastivevi/specific_d1_rf1.0_GSE216146_s0_control_median_ig.csv.gz,13873,edef821154aff901c4ee763f5f96c79515239668dcbb253394c00b90befdde28,scripts/43_r4_contrastivevi.py,.venv/Scripts/python scripts/43_r4_contrastivevi.py --config CFG --study STUDY --seed S --threads=3,559568c3d97a79a9f47a0831ebc386ebf84572e4,runs/peerreview_20261004/r4/contrastivevi/specific_d1_rf1.0_GSE216146_s0_control_median_ig.csv.gz
baselines.zip,r4/contrastivevi/specific_d1_rf1.0_GSE216146_s0_done.json,397,398c3783a4e29e55d184e6b9711d91f0f8a29e84d6a18b4f3482d1a1fbe61498,scripts/43_r4_contrastivevi.py,.venv/Scripts/python scripts/43_r4_contrastivevi.py --config CFG --study STUDY --seed S --threads=3,559568c3d97a79a9f47a0831ebc386ebf84572e4,runs/peerreview_20261004/r4/contrastivevi/specific_d1_rf1.0_GSE216146_s0_done.json
baselines.zip,r4/contrastivevi/specific_d1_rf1.0_GSE216146_s0_ig_recovery.csv,1208,fd1262cbb5a8303841f426dbda5e4803ef3355cb361bc0e1d1a08a5d3459750b,scripts/43_r4_contrastivevi.py,.venv/Scripts/python scripts/43_r4_contrastivevi.py --config CFG --study STUDY --seed S --threads=3,559568c3d97a79a9f47a0831ebc386ebf84572e4,runs/peerreview_20261004/r4/contrastivevi/specific_d1_rf1.0_GSE216146_s0_ig_recovery.csv
baselines.zip,r4/contrastivevi/specific_d1_rf1.0_GSE216146_s0_model/model.pt,5116730,c970256b0a5b55eb641c1e2db8dd931a905f680da6b08d82afc47ef595af6399,scripts/43_r4_contrastivevi.py,.venv/Scripts/python scripts/43_r4_contrastivevi.py --config CFG --study STUDY --seed S --threads=3,559568c3d97a79a9f47a0831ebc386ebf84572e4,runs/peerreview_20261004/r4/contrastivevi/specific_d1_rf1.0_GSE216146_s0_model/model.pt
baselines.zip,r4/contrastivevi/specific_d1_rf1.0_GSE216146_s0_zero_ig.csv.gz,13869,53c2fa97d1c881c5ea62c16429a039854d3e3f8e1fb038c13f95d36744d44c6c,scripts/43_r4_contrastivevi.py,.venv/Scripts/python scripts/43_r4_contrastivevi.py --config CFG --study STUDY --seed S --threads=3,559568c3d97a79a9f47a0831ebc386ebf84572e4,runs/peerreview_20261004/r4/contrastivevi/specific_d1_rf1.0_GSE216146_s0_zero_ig.csv.gz
baselines.zip,r4/contrastivevi/specific_d1_rf1.0_GSE216146_s1_control_median_ig.csv.gz,13834,52ea85c8f49a02428522d970b0ee0f2da76a9c30b861688508114d9d44cbf33b,scripts/43_r4_contrastivevi.py,.venv/Scripts/python scripts/43_r4_contrastivevi.py --config CFG --study STUDY --seed S --threads=3,559568c3d97a79a9f47a0831ebc386ebf84572e4,runs/peerreview_20261004/r4/contrastivevi/specific_d1_rf1.0_GSE216146_s1_control_median_ig.csv.gz
baselines.zip,r4/contrastivevi/specific_d1_rf1.0_GSE216146_s1_done.json,399,318e2f3c3c7304d9c27ed46721f305c13350f0a1839dc6803c70ea31dea96cd5,scripts/43_r4_contrastivevi.py,.venv/Scripts/python scripts/43_r4_contrastivevi.py --config CFG --study STUDY --seed S --threads=3,559568c3d97a79a9f47a0831ebc386ebf84572e4,runs/peerreview_20261004/r4/contrastivevi/specific_d1_rf1.0_GSE216146_s1_done.json
baselines.zip,r4/contrastivevi/specific_d1_rf1.0_GSE216146_s1_ig_recovery.csv,1194,396d8e9bd9f4c6e88e4f68ac65e81b5061eb2f8e5d5b70ee5b439ca82da98eab,scripts/43_r4_contrastivevi.py,.venv/Scripts/python scripts/43_r4_contrastivevi.py --config CFG --study STUDY --seed S --threads=3,559568c3d97a79a9f47a0831ebc386ebf84572e4,runs/peerreview_20261004/r4/contrastivevi/specific_d1_rf1.0_GSE216146_s1_ig_recovery.csv
baselines.zip,r4/contrastivevi/specific_d1_rf1.0_GSE216146_s1_model/model.pt,5116730,607a661230948f91f371101b92147f45c7025f867b413b92509cc82714115781,scripts/43_r4_contrastivevi.py,.venv/Scripts/python scripts/43_r4_contrastivevi.py --config CFG --study STUDY --seed S --threads=3,559568c3d97a79a9f47a0831ebc386ebf84572e4,runs/peerreview_20261004/r4/contrastivevi/specific_d1_rf1.0_GSE216146_s1_model/model.pt
baselines.zip,r4/contrastivevi/specific_d1_rf1.0_GSE216146_s1_zero_ig.csv.gz,13876,50f72dee7e897a89ad8d9f1e8dcd9285bd1b2424a367a03a5fbc0604a8d66d39,scripts/43_r4_contrastivevi.py,.venv/Scripts/python scripts/43_r4_contrastivevi.py --config CFG --study STUDY --seed S --threads=3,559568c3d97a79a9f47a0831ebc386ebf84572e4,runs/peerreview_20261004/r4/contrastivevi/specific_d1_rf1.0_GSE216146_s1_zero_ig.csv.gz
baselines.zip,r4/contrastivevi/specific_d1_rf1.0_GSE216146_s2_control_median_ig.csv.gz,13887,1186a30bc6b301384d7ae2997162214f23dd5c6223741fe312a1dca1c5ba4987,scripts/43_r4_contrastivevi.py,.venv/Scripts/python scripts/43_r4_contrastivevi.py --config CFG --study STUDY --seed S --threads=3,559568c3d97a79a9f47a0831ebc386ebf84572e4,runs/peerreview_20261004/r4/contrastivevi/specific_d1_rf1.0_GSE216146_s2_control_median_ig.csv.gz
baselines.zip,r4/contrastivevi/specific_d1_rf1.0_GSE216146_s2_done.json,398,5801e5d52c1f468e4241e81dbd0fb89536fc2bf1697c3580b4d751e1b6cf60cd,scripts/43_r4_contrastivevi.py,.venv/Scripts/python scripts/43_r4_contrastivevi.py --config CFG --study STUDY --seed S --threads=3,559568c3d97a79a9f47a0831ebc386ebf84572e4,runs/peerreview_20261004/r4/contrastivevi/specific_d1_rf1.0_GSE216146_s2_done.json
baselines.zip,r4/contrastivevi/specific_d1_rf1.0_GSE216146_s2_ig_recovery.csv,1172,86701d9a8de6c86f99f64c34b52818a52c111ffc9dc6c65546ee643bd2d6363b,scripts/43_r4_contrastivevi.py,.venv/Scripts/python scripts/43_r4_contrastivevi.py --config CFG --study STUDY --seed S --threads=3,559568c3d97a79a9f47a0831ebc386ebf84572e4,runs/peerreview_20261004/r4/contrastivevi/specific_d1_rf1.0_GSE216146_s2_ig_recovery.csv
baselines.zip,r4/contrastivevi/specific_d1_rf1.0_GSE216146_s2_model/model.pt,5116730,5320752fecbc770d9fd5066f3adf9133ae05c71d4f5cfd205b727c9232b01487,scripts/43_r4_contrastivevi.py,.venv/Scripts/python scripts/43_r4_contrastivevi.py --config CFG --study STUDY --seed S --threads=3,559568c3d97a79a9f47a0831ebc386ebf84572e4,runs/peerreview_20261004/r4/contrastivevi/specific_d1_rf1.0_GSE216146_s2_model/model.pt
baselines.zip,r4/contrastivevi/specific_d1_rf1.0_GSE216146_s2_zero_ig.csv.gz,13858,efe1e40912d73d8d93ea3eea73c5d322765f5fea01435a7f706518202eb33c1e,scripts/43_r4_contrastivevi.py,.venv/Scripts/python scripts/43_r4_contrastivevi.py --config CFG --study STUDY --seed S --threads=3,559568c3d97a79a9f47a0831ebc386ebf84572e4,runs/peerreview_20261004/r4/contrastivevi/specific_d1_rf1.0_GSE216146_s2_zero_ig.csv.gz
baselines.zip,r4/contrastivevi/specific_d1_rf1.0_GSE271055_s0_control_median_ig.csv.gz,12313,3e8497aa6479819c318e6736fb0c93e9e67479f0bf7f708831c2c8e71c95563f,scripts/43_r4_contrastivevi.py,.venv/Scripts/python scripts/43_r4_contrastivevi.py --config CFG --study STUDY --seed S --threads=3,559568c3d97a79a9f47a0831ebc386ebf84572e4,runs/peerreview_20261004/r4/contrastivevi/specific_d1_rf1.0_GSE271055_s0_control_median_ig.csv.gz
baselines.zip,r4/contrastivevi/specific_d1_rf1.0_GSE271055_s0_done.json,398,62034b24901e8a06e8a4984e85e1bd3c5d3fbdfaf5f8fad08a502eadbf916b34,scripts/43_r4_contrastivevi.py,.venv/Scripts/python scripts/43_r4_contrastivevi.py --config CFG --study STUDY --seed S --threads=3,559568c3d97a79a9f47a0831ebc386ebf84572e4,runs/peerreview_20261004/r4/contrastivevi/specific_d1_rf1.0_GSE271055_s0_done.json
baselines.zip,r4/contrastivevi/specific_d1_rf1.0_GSE271055_s0_ig_recovery.csv,1244,463fa9963804fd9cbae5eaeca8f0e6afea318207c8a49df94e63c0776ffc5f81,scripts/43_r4_contrastivevi.py,.venv/Scripts/python scripts/43_r4_contrastivevi.py --config CFG --study STUDY --seed S --threads=3,559568c3d97a79a9f47a0831ebc386ebf84572e4,runs/peerreview_20261004/r4/contrastivevi/specific_d1_rf1.0_GSE271055_s0_ig_recovery.csv
baselines.zip,r4/contrastivevi/specific_d1_rf1.0_GSE271055_s0_model/model.pt,5116730,fedabfa869a6e9228b67b9f2ed9f0efa2bce7310a72c2626ea657e21596bd5b8,scripts/43_r4_contrastivevi.py,.venv/Scripts/python scripts/43_r4_contrastivevi.py --config CFG --study STUDY --seed S --threads=3,559568c3d97a79a9f47a0831ebc386ebf84572e4,runs/peerreview_20261004/r4/contrastivevi/specific_d1_rf1.0_GSE271055_s0_model/model.pt
baselines.zip,r4/contrastivevi/specific_d1_rf1.0_GSE271055_s0_zero_ig.csv.gz,12316,86bf15df98ec986ef43955ef18872c444b0fd6d9625f82d8be4a85d3f846caa8,scripts/43_r4_contrastivevi.py,.venv/Scripts/python scripts/43_r4_contrastivevi.py --config CFG --study STUDY --seed S --threads=3,559568c3d97a79a9f47a0831ebc386ebf84572e4,runs/peerreview_20261004/r4/contrastivevi/specific_d1_rf1.0_GSE271055_s0_zero_ig.csv.gz
baselines.zip,r4/contrastivevi/specific_d1_rf1.0_GSE271055_s1_control_median_ig.csv.gz,12357,03bdd24dc4df84ad6d9489acb5f7fcde9ed2adda748570b3958f8424616ddd99,scripts/43_r4_contrastivevi.py,.venv/Scripts/python scripts/43_r4_contrastivevi.py --config CFG --study STUDY --seed S --threads=3,559568c3d97a79a9f47a0831ebc386ebf84572e4,runs/peerreview_20261004/r4/contrastivevi/specific_d1_rf1.0_GSE271055_s1_control_median_ig.csv.gz
baselines.zip,r4/contrastivevi/specific_d1_rf1.0_GSE271055_s1_done.json,397,21b2b5b6721dd459c69d16ddfaf8d5341720238749d2fdecd6bd52f7a2a4a929,scripts/43_r4_contrastivevi.py,.venv/Scripts/python scripts/43_r4_contrastivevi.py --config CFG --study STUDY --seed S --threads=3,559568c3d97a79a9f47a0831ebc386ebf84572e4,runs/peerreview_20261004/r4/contrastivevi/specific_d1_rf1.0_GSE271055_s1_done.json
baselines.zip,r4/contrastivevi/specific_d1_rf1.0_GSE271055_s1_ig_recovery.csv,1245,e8681dafb1b2061d39c7a6225b77f565e5419aa98076664937bca78ec249f244,scripts/43_r4_contrastivevi.py,.venv/Scripts/python scripts/43_r4_contrastivevi.py --config CFG --study STUDY --seed S --threads=3,559568c3d97a79a9f47a0831ebc386ebf84572e4,runs/peerreview_20261004/r4/contrastivevi/specific_d1_rf1.0_GSE271055_s1_ig_recovery.csv
baselines.zip,r4/contrastivevi/specific_d1_rf1.0_GSE271055_s1_model/model.pt,5116730,08e1069394b1931a7300c8a527a33bd2d41a897252c50e805e91f7758038f419,scripts/43_r4_contrastivevi.py,.venv/Scripts/python scripts/43_r4_contrastivevi.py --config CFG --study STUDY --seed S --threads=3,559568c3d97a79a9f47a0831ebc386ebf84572e4,runs/peerreview_20261004/r4/contrastivevi/specific_d1_rf1.0_GSE271055_s1_model/model.pt
baselines.zip,r4/contrastivevi/specific_d1_rf1.0_GSE271055_s1_zero_ig.csv.gz,12362,36f78c8e144401675b0db24151601ca47c973c60955cf003280216c1c9b39b89,scripts/43_r4_contrastivevi.py,.venv/Scripts/python scripts/43_r4_contrastivevi.py --config CFG --study STUDY --seed S --threads=3,559568c3d97a79a9f47a0831ebc386ebf84572e4,runs/peerreview_20261004/r4/contrastivevi/specific_d1_rf1.0_GSE271055_s1_zero_ig.csv.gz
baselines.zip,r4/contrastivevi/specific_d1_rf1.0_GSE271055_s2_control_median_ig.csv.gz,12266,87ea561ee3656b025bbd2025f0cfd976039d2bf709d91fb0dfb8c73975bb4028,scripts/43_r4_contrastivevi.py,.venv/Scripts/python scripts/43_r4_contrastivevi.py --config CFG --study STUDY --seed S --threads=3,559568c3d97a79a9f47a0831ebc386ebf84572e4,runs/peerreview_20261004/r4/contrastivevi/specific_d1_rf1.0_GSE271055_s2_control_median_ig.csv.gz
baselines.zip,r4/contrastivevi/specific_d1_rf1.0_GSE271055_s2_done.json,394,74ee69a2b2d6d547a10ca6acb019781877f9a4da45481144b6850a1580c73927,scripts/43_r4_contrastivevi.py,.venv/Scripts/python scripts/43_r4_contrastivevi.py --config CFG --study STUDY --seed S --threads=3,559568c3d97a79a9f47a0831ebc386ebf84572e4,runs/peerreview_20261004/r4/contrastivevi/specific_d1_rf1.0_GSE271055_s2_done.json
baselines.zip,r4/contrastivevi/specific_d1_rf1.0_GSE271055_s2_ig_recovery.csv,1244,b7d52ddfc4759afa4b4f8a30fd247c79e6590df143b29382e9069de4f5a4dec2,scripts/43_r4_contrastivevi.py,.venv/Scripts/python scripts/43_r4_contrastivevi.py --config CFG --study STUDY --seed S --threads=3,559568c3d97a79a9f47a0831ebc386ebf84572e4,runs/peerreview_20261004/r4/contrastivevi/specific_d1_rf1.0_GSE271055_s2_ig_recovery.csv
baselines.zip,r4/contrastivevi/specific_d1_rf1.0_GSE271055_s2_model/model.pt,5116730,4ee86fecfab7ea366dedd1b71c9af6faaaeedff4daeafeebf4a3ab919d1d3dc3,scripts/43_r4_contrastivevi.py,.venv/Scripts/python scripts/43_r4_contrastivevi.py --config CFG --study STUDY --seed S --threads=3,559568c3d97a79a9f47a0831ebc386ebf84572e4,runs/peerreview_20261004/r4/contrastivevi/specific_d1_rf1.0_GSE271055_s2_model/model.pt
baselines.zip,r4/contrastivevi/specific_d1_rf1.0_GSE271055_s2_zero_ig.csv.gz,12318,72e5b94d4b560a6d490e1971cdb46d8ccd1c6f20e4da1f5b372d6f5afb9f13b1,scripts/43_r4_contrastivevi.py,.venv/Scripts/python scripts/43_r4_contrastivevi.py --config CFG --study STUDY --seed S --threads=3,559568c3d97a79a9f47a0831ebc386ebf84572e4,runs/peerreview_20261004/r4/contrastivevi/specific_d1_rf1.0_GSE271055_s2_zero_ig.csv.gz
baselines.zip,r4/contrastivevi/specific_d2_rf1.0_GSE216146_s0_control_median_ig.csv.gz,13844,8389f2ec1c5e95ef281b6e1327b1178d6d584dcdee1d645b61985e78392b81bc,scripts/43_r4_contrastivevi.py,.venv/Scripts/python scripts/43_r4_contrastivevi.py --config CFG --study STUDY --seed S --threads=3,559568c3d97a79a9f47a0831ebc386ebf84572e4,runs/peerreview_20261004/r4/contrastivevi/specific_d2_rf1.0_GSE216146_s0_control_median_ig.csv.gz
baselines.zip,r4/contrastivevi/specific_d2_rf1.0_GSE216146_s0_done.json,399,e92c5a1502f8a7eee3f383914ba2ceb33305865e0d2c4e216691a13d70272cce,scripts/43_r4_contrastivevi.py,.venv/Scripts/python scripts/43_r4_contrastivevi.py --config CFG --study STUDY --seed S --threads=3,559568c3d97a79a9f47a0831ebc386ebf84572e4,runs/peerreview_20261004/r4/contrastivevi/specific_d2_rf1.0_GSE216146_s0_done.json
baselines.zip,r4/contrastivevi/specific_d2_rf1.0_GSE216146_s0_ig_recovery.csv,1211,e635eb699ec0c75595b77ca2fa9c558c9b1e80ae941c1ec37ef5a34c7c651079,scripts/43_r4_contrastivevi.py,.venv/Scripts/python scripts/43_r4_contrastivevi.py --config CFG --study STUDY --seed S --threads=3,559568c3d97a79a9f47a0831ebc386ebf84572e4,runs/peerreview_20261004/r4/contrastivevi/specific_d2_rf1.0_GSE216146_s0_ig_recovery.csv
baselines.zip,r4/contrastivevi/specific_d2_rf1.0_GSE216146_s0_model/model.pt,5116730,8fb66f27b52db4e319b2bb29a4f893e7dacabb6ff602092a90e94903aa69fbd8,scripts/43_r4_contrastivevi.py,.venv/Scripts/python scripts/43_r4_contrastivevi.py --config CFG --study STUDY --seed S --threads=3,559568c3d97a79a9f47a0831ebc386ebf84572e4,runs/peerreview_20261004/r4/contrastivevi/specific_d2_rf1.0_GSE216146_s0_model/model.pt
baselines.zip,r4/contrastivevi/specific_d2_rf1.0_GSE216146_s0_zero_ig.csv.gz,13848,32b91dfc203855f3df1f3e57667d04ca129f5c4878ba1a6620e4fc611026fac9,scripts/43_r4_contrastivevi.py,.venv/Scripts/python scripts/43_r4_contrastivevi.py --config CFG --study STUDY --seed S --threads=3,559568c3d97a79a9f47a0831ebc386ebf84572e4,runs/peerreview_20261004/r4/contrastivevi/specific_d2_rf1.0_GSE216146_s0_zero_ig.csv.gz
baselines.zip,r4/contrastivevi/specific_d2_rf1.0_GSE216146_s1_control_median_ig.csv.gz,13869,0ef1ad34b783a00cefa8b96c2915c22fe03ae8a3f62424c37d970420d103d5e5,scripts/43_r4_contrastivevi.py,.venv/Scripts/python scripts/43_r4_contrastivevi.py --config CFG --study STUDY --seed S --threads=3,559568c3d97a79a9f47a0831ebc386ebf84572e4,runs/peerreview_20261004/r4/contrastivevi/specific_d2_rf1.0_GSE216146_s1_control_median_ig.csv.gz
baselines.zip,r4/contrastivevi/specific_d2_rf1.0_GSE216146_s1_done.json,397,6c2c8a72efc7f38cd693597b4363f9db1e159513255c4854f6619010cac3e991,scripts/43_r4_contrastivevi.py,.venv/Scripts/python scripts/43_r4_contrastivevi.py --config CFG --study STUDY --seed S --threads=3,559568c3d97a79a9f47a0831ebc386ebf84572e4,runs/peerreview_20261004/r4/contrastivevi/specific_d2_rf1.0_GSE216146_s1_done.json
baselines.zip,r4/contrastivevi/specific_d2_rf1.0_GSE216146_s1_ig_recovery.csv,1187,dd0f760d626a8110141e8d98f61a3b6777b8d12aba911ee4142a6c010cf69ed9,scripts/43_r4_contrastivevi.py,.venv/Scripts/python scripts/43_r4_contrastivevi.py --config CFG --study STUDY --seed S --threads=3,559568c3d97a79a9f47a0831ebc386ebf84572e4,runs/peerreview_20261004/r4/contrastivevi/specific_d2_rf1.0_GSE216146_s1_ig_recovery.csv
baselines.zip,r4/contrastivevi/specific_d2_rf1.0_GSE216146_s1_model/model.pt,5116730,5d2ecbd85dea5219c2215b617dd617eabde61bbdac36e89ecc00aa75a3613936,scripts/43_r4_contrastivevi.py,.venv/Scripts/python scripts/43_r4_contrastivevi.py --config CFG --study STUDY --seed S --threads=3,559568c3d97a79a9f47a0831ebc386ebf84572e4,runs/peerreview_20261004/r4/contrastivevi/specific_d2_rf1.0_GSE216146_s1_model/model.pt
baselines.zip,r4/contrastivevi/specific_d2_rf1.0_GSE216146_s1_zero_ig.csv.gz,13894,4dd06f520e5c1e2fa0e45f40290974af2ec11199375a1f02dc7ab63ec300293e,scripts/43_r4_contrastivevi.py,.venv/Scripts/python scripts/43_r4_contrastivevi.py --config CFG --study STUDY --seed S --threads=3,559568c3d97a79a9f47a0831ebc386ebf84572e4,runs/peerreview_20261004/r4/contrastivevi/specific_d2_rf1.0_GSE216146_s1_zero_ig.csv.gz
baselines.zip,r4/contrastivevi/specific_d2_rf1.0_GSE216146_s2_control_median_ig.csv.gz,13859,1190ba919f6ab96c24232c0b73ff8a1072cb5591cbc62fbd12dd9e6d887e1bbf,scripts/43_r4_contrastivevi.py,.venv/Scripts/python scripts/43_r4_contrastivevi.py --config CFG --study STUDY --seed S --threads=3,559568c3d97a79a9f47a0831ebc386ebf84572e4,runs/peerreview_20261004/r4/contrastivevi/specific_d2_rf1.0_GSE216146_s2_control_median_ig.csv.gz
baselines.zip,r4/contrastivevi/specific_d2_rf1.0_GSE216146_s2_done.json,398,b1ff99152c0360f0cf97f53087ba9ec6f722cb5aca02ad54faf69fd2927952e9,scripts/43_r4_contrastivevi.py,.venv/Scripts/python scripts/43_r4_contrastivevi.py --config CFG --study STUDY --seed S --threads=3,559568c3d97a79a9f47a0831ebc386ebf84572e4,runs/peerreview_20261004/r4/contrastivevi/specific_d2_rf1.0_GSE216146_s2_done.json
baselines.zip,r4/contrastivevi/specific_d2_rf1.0_GSE216146_s2_ig_recovery.csv,1173,c426ecb35460136b0212842f6134592c9780671692aac5703db71efa18cbfec9,scripts/43_r4_contrastivevi.py,.venv/Scripts/python scripts/43_r4_contrastivevi.py --config CFG --study STUDY --seed S --threads=3,559568c3d97a79a9f47a0831ebc386ebf84572e4,runs/peerreview_20261004/r4/contrastivevi/specific_d2_rf1.0_GSE216146_s2_ig_recovery.csv
baselines.zip,r4/contrastivevi/specific_d2_rf1.0_GSE216146_s2_model/model.pt,5116730,bb448133ddffa8b8177b7de3195164e40a004f9c36727723c9ecfc1784212a6b,scripts/43_r4_contrastivevi.py,.venv/Scripts/python scripts/43_r4_contrastivevi.py --config CFG --study STUDY --seed S --threads=3,559568c3d97a79a9f47a0831ebc386ebf84572e4,runs/peerreview_20261004/r4/contrastivevi/specific_d2_rf1.0_GSE216146_s2_model/model.pt
baselines.zip,r4/contrastivevi/specific_d2_rf1.0_GSE216146_s2_zero_ig.csv.gz,13825,b075db008a46becadad5e4a87070cb982bd78b753e5805ab66ecfc1d4a236379,scripts/43_r4_contrastivevi.py,.venv/Scripts/python scripts/43_r4_contrastivevi.py --config CFG --study STUDY --seed S --threads=3,559568c3d97a79a9f47a0831ebc386ebf84572e4,runs/peerreview_20261004/r4/contrastivevi/specific_d2_rf1.0_GSE216146_s2_zero_ig.csv.gz
baselines.zip,r4/contrastivevi/specific_d2_rf1.0_GSE271055_s0_control_median_ig.csv.gz,12321,856ae618f1e576d3ff126bb5d1753dba91c0a6611f1347374b9606a242a102d0,scripts/43_r4_contrastivevi.py,.venv/Scripts/python scripts/43_r4_contrastivevi.py --config CFG --study STUDY --seed S --threads=3,559568c3d97a79a9f47a0831ebc386ebf84572e4,runs/peerreview_20261004/r4/contrastivevi/specific_d2_rf1.0_GSE271055_s0_control_median_ig.csv.gz
baselines.zip,r4/contrastivevi/specific_d2_rf1.0_GSE271055_s0_done.json,398,fb6a9324667c240edf4adfbcf3c1ed645ebf3fc2bf5bf1fad2d55651a937c02b,scripts/43_r4_contrastivevi.py,.venv/Scripts/python scripts/43_r4_contrastivevi.py --config CFG --study STUDY --seed S --threads=3,559568c3d97a79a9f47a0831ebc386ebf84572e4,runs/peerreview_20261004/r4/contrastivevi/specific_d2_rf1.0_GSE271055_s0_done.json
baselines.zip,r4/contrastivevi/specific_d2_rf1.0_GSE271055_s0_ig_recovery.csv,1233,8332a3d55761640dcdce8e526055aa0c00c97e9b86e6f21dd464cec41a9abada,scripts/43_r4_contrastivevi.py,.venv/Scripts/python scripts/43_r4_contrastivevi.py --config CFG --study STUDY --seed S --threads=3,559568c3d97a79a9f47a0831ebc386ebf84572e4,runs/peerreview_20261004/r4/contrastivevi/specific_d2_rf1.0_GSE271055_s0_ig_recovery.csv
baselines.zip,r4/contrastivevi/specific_d2_rf1.0_GSE271055_s0_model/model.pt,5116730,60b6648c46e0915d33b3e605499c34d1f00bb1fe871bf5e6417ef54699e3b1d4,scripts/43_r4_contrastivevi.py,.venv/Scripts/python scripts/43_r4_contrastivevi.py --config CFG --study STUDY --seed S --threads=3,559568c3d97a79a9f47a0831ebc386ebf84572e4,runs/peerreview_20261004/r4/contrastivevi/specific_d2_rf1.0_GSE271055_s0_model/model.pt
baselines.zip,r4/contrastivevi/specific_d2_rf1.0_GSE271055_s0_zero_ig.csv.gz,12294,602846dbd72f0c2663835cd2e541f23c6185434ccb188c50fdc442007a4619a7,scripts/43_r4_contrastivevi.py,.venv/Scripts/python scripts/43_r4_contrastivevi.py --config CFG --study STUDY --seed S --threads=3,559568c3d97a79a9f47a0831ebc386ebf84572e4,runs/peerreview_20261004/r4/contrastivevi/specific_d2_rf1.0_GSE271055_s0_zero_ig.csv.gz
baselines.zip,r4/contrastivevi/specific_d2_rf1.0_GSE271055_s1_control_median_ig.csv.gz,12347,666c3d9e479192960193f80d706a78436033a3059f6ad521c449e174c1e83b04,scripts/43_r4_contrastivevi.py,.venv/Scripts/python scripts/43_r4_contrastivevi.py --config CFG --study STUDY --seed S --threads=3,559568c3d97a79a9f47a0831ebc386ebf84572e4,runs/peerreview_20261004/r4/contrastivevi/specific_d2_rf1.0_GSE271055_s1_control_median_ig.csv.gz
baselines.zip,r4/contrastivevi/specific_d2_rf1.0_GSE271055_s1_done.json,398,bd43c5f3f51229cd07a9bc6a110746b9a5f40228f5799533eea9f701a77e47eb,scripts/43_r4_contrastivevi.py,.venv/Scripts/python scripts/43_r4_contrastivevi.py --config CFG --study STUDY --seed S --threads=3,559568c3d97a79a9f47a0831ebc386ebf84572e4,runs/peerreview_20261004/r4/contrastivevi/specific_d2_rf1.0_GSE271055_s1_done.json
baselines.zip,r4/contrastivevi/specific_d2_rf1.0_GSE271055_s1_ig_recovery.csv,1238,d4ead672129a4b115453e182e7ba07e3a40b357b25b09b446fe1dc3d89773d16,scripts/43_r4_contrastivevi.py,.venv/Scripts/python scripts/43_r4_contrastivevi.py --config CFG --study STUDY --seed S --threads=3,559568c3d97a79a9f47a0831ebc386ebf84572e4,runs/peerreview_20261004/r4/contrastivevi/specific_d2_rf1.0_GSE271055_s1_ig_recovery.csv
baselines.zip,r4/contrastivevi/specific_d2_rf1.0_GSE271055_s1_model/model.pt,5116730,8bbfb22575884da584239cb86dcce37f4dc64a98b002209ad7683912e84035e5,scripts/43_r4_contrastivevi.py,.venv/Scripts/python scripts/43_r4_contrastivevi.py --config CFG --study STUDY --seed S --threads=3,559568c3d97a79a9f47a0831ebc386ebf84572e4,runs/peerreview_20261004/r4/contrastivevi/specific_d2_rf1.0_GSE271055_s1_model/model.pt
baselines.zip,r4/contrastivevi/specific_d2_rf1.0_GSE271055_s1_zero_ig.csv.gz,12258,0e6f60ce9c8a2cfe8129e3887488a969473dad7a3694cfb4c78e80b963e62201,scripts/43_r4_contrastivevi.py,.venv/Scripts/python scripts/43_r4_contrastivevi.py --config CFG --study STUDY --seed S --threads=3,559568c3d97a79a9f47a0831ebc386ebf84572e4,runs/peerreview_20261004/r4/contrastivevi/specific_d2_rf1.0_GSE271055_s1_zero_ig.csv.gz
baselines.zip,r4/contrastivevi/specific_d2_rf1.0_GSE271055_s2_control_median_ig.csv.gz,12310,b7064c34424c6d98d3232bf95cb543cfbc652b0e99f9c8f392c85759d09b11db,scripts/43_r4_contrastivevi.py,.venv/Scripts/python scripts/43_r4_contrastivevi.py --config CFG --study STUDY --seed S --threads=3,559568c3d97a79a9f47a0831ebc386ebf84572e4,runs/peerreview_20261004/r4/contrastivevi/specific_d2_rf1.0_GSE271055_s2_control_median_ig.csv.gz
baselines.zip,r4/contrastivevi/specific_d2_rf1.0_GSE271055_s2_done.json,398,133b6f4bb6ea28f1d2cec5984dabbb071a22bc9e875afce53fbe67b6a2c76173,scripts/43_r4_contrastivevi.py,.venv/Scripts/python scripts/43_r4_contrastivevi.py --config CFG --study STUDY --seed S --threads=3,559568c3d97a79a9f47a0831ebc386ebf84572e4,runs/peerreview_20261004/r4/contrastivevi/specific_d2_rf1.0_GSE271055_s2_done.json
baselines.zip,r4/contrastivevi/specific_d2_rf1.0_GSE271055_s2_ig_recovery.csv,1259,6eedb445265cd8e0befc9e72ca7a1eb79740a95da17d24492ca748753b58f2cd,scripts/43_r4_contrastivevi.py,.venv/Scripts/python scripts/43_r4_contrastivevi.py --config CFG --study STUDY --seed S --threads=3,559568c3d97a79a9f47a0831ebc386ebf84572e4,runs/peerreview_20261004/r4/contrastivevi/specific_d2_rf1.0_GSE271055_s2_ig_recovery.csv
baselines.zip,r4/contrastivevi/specific_d2_rf1.0_GSE271055_s2_model/model.pt,5116730,de628414f11688725e44ce2c67adf0be87c8e67e991b6648cd744b022984e0bf,scripts/43_r4_contrastivevi.py,.venv/Scripts/python scripts/43_r4_contrastivevi.py --config CFG --study STUDY --seed S --threads=3,559568c3d97a79a9f47a0831ebc386ebf84572e4,runs/peerreview_20261004/r4/contrastivevi/specific_d2_rf1.0_GSE271055_s2_model/model.pt
baselines.zip,r4/contrastivevi/specific_d2_rf1.0_GSE271055_s2_zero_ig.csv.gz,12289,9256a21ba338cb17631bc1c0670ad888ef15d96ee9cd12a4ffbd783a55df67d1,scripts/43_r4_contrastivevi.py,.venv/Scripts/python scripts/43_r4_contrastivevi.py --config CFG --study STUDY --seed S --threads=3,559568c3d97a79a9f47a0831ebc386ebf84572e4,runs/peerreview_20261004/r4/contrastivevi/specific_d2_rf1.0_GSE271055_s2_zero_ig.csv.gz
baselines.zip,r4/inputs_mixed_d1_rf1.0.npz,8330449,e93e5811a83fb357bb4ba3bb227ca8364fed0015138aca3bc811cb4214ff9f6f,scripts/41_r4_prepare.py,.venv/Scripts/python scripts/41_r4_prepare.py,559568c3d97a79a9f47a0831ebc386ebf84572e4,runs/peerreview_20261004/r4/inputs_mixed_d1_rf1.0.npz
baselines.zip,r4/inputs_mixed_d2_rf1.0.npz,8288691,430d698f4291f1c17995ecdbf6f95c3b91b2bc26f72328364d581951a2e211f8,scripts/41_r4_prepare.py,.venv/Scripts/python scripts/41_r4_prepare.py,559568c3d97a79a9f47a0831ebc386ebf84572e4,runs/peerreview_20261004/r4/inputs_mixed_d2_rf1.0.npz
baselines.zip,r4/inputs_null.npz,8392884,b2e31cccf56bc8543e5829022a04cb9f7403dab6961bea082fc9cb6b137b4148,scripts/41_r4_prepare.py,.venv/Scripts/python scripts/41_r4_prepare.py,559568c3d97a79a9f47a0831ebc386ebf84572e4,runs/peerreview_20261004/r4/inputs_null.npz
baselines.zip,r4/inputs_shared_d1_rf1.0.npz,8361406,792ba9e2dd758781c2541738970ad6fcac1522d61ab74f9e4a0dd05d16840753,scripts/41_r4_prepare.py,.venv/Scripts/python scripts/41_r4_prepare.py,559568c3d97a79a9f47a0831ebc386ebf84572e4,runs/peerreview_20261004/r4/inputs_shared_d1_rf1.0.npz
baselines.zip,r4/inputs_shared_d2_rf1.0.npz,8340397,106fa3eee6e24fc4b0c40e19596cf9028f0ab1606926d3515d2da57a9a7c27fd,scripts/41_r4_prepare.py,.venv/Scripts/python scripts/41_r4_prepare.py,559568c3d97a79a9f47a0831ebc386ebf84572e4,runs/peerreview_20261004/r4/inputs_shared_d2_rf1.0.npz
baselines.zip,r4/inputs_specific_d1_rf1.0.npz,8361721,d5b79fe3cc219fad6bb9478cd2307fab1ff56d48f57430e03f3eee7903ff2230,scripts/41_r4_prepare.py,.venv/Scripts/python scripts/41_r4_prepare.py,559568c3d97a79a9f47a0831ebc386ebf84572e4,runs/peerreview_20261004/r4/inputs_specific_d1_rf1.0.npz
baselines.zip,r4/inputs_specific_d2_rf1.0.npz,8341514,0ff4335bc6328658a8995813792120ea1fbeb24ee30718afa2c56c3c5d688c41,scripts/41_r4_prepare.py,.venv/Scripts/python scripts/41_r4_prepare.py,559568c3d97a79a9f47a0831ebc386ebf84572e4,runs/peerreview_20261004/r4/inputs_specific_d2_rf1.0.npz
baselines.zip,r4/mccvi/mccvi_ig_recovery.csv,41432,fcb551038dc9087937136ce1c0482aa6123cf6ce8169a15c220f038dc30f290d,scripts/44_r4_mccvi_and_collect.py,.venv/Scripts/python scripts/44_r4_mccvi_and_collect.py --mccvi,939451ef22fb854e937667df40cd3001b6dd1838,runs/peerreview_20261004/r4/mccvi/mccvi_ig_recovery.csv
baselines.zip,r4/multigroupvi/mixed_d1_rf1.0_s0_cisplatin_control_median_ig.csv.gz,13975,7fe71aa2389f2f31a4c11def75d0c03504f5b5ad3126df6be55cf9c2f23ada5c,scripts/42_r4_multigroupvi.py,.venv-mgvi/Scripts/python scripts/42_r4_multigroupvi.py --config CFG --seed S --threads=3,559568c3d97a79a9f47a0831ebc386ebf84572e4,runs/peerreview_20261004/r4/multigroupvi/mixed_d1_rf1.0_s0_cisplatin_control_median_ig.csv.gz
baselines.zip,r4/multigroupvi/mixed_d1_rf1.0_s0_cisplatin_zero_ig.csv.gz,13982,1a3a8336030545d10cee83a9d3d054da459cb685a8c5e16c30850af982617b6f,scripts/42_r4_multigroupvi.py,.venv-mgvi/Scripts/python scripts/42_r4_multigroupvi.py --config CFG --seed S --threads=3,559568c3d97a79a9f47a0831ebc386ebf84572e4,runs/peerreview_20261004/r4/multigroupvi/mixed_d1_rf1.0_s0_cisplatin_zero_ig.csv.gz
baselines.zip,r4/multigroupvi/mixed_d1_rf1.0_s0_done.json,802,4415ebdcc1865ad527ddbcc48bf2f327f11770079e2666ff3026a67b870a9a7f,scripts/42_r4_multigroupvi.py,.venv-mgvi/Scripts/python scripts/42_r4_multigroupvi.py --config CFG --seed S --threads=3,559568c3d97a79a9f47a0831ebc386ebf84572e4,runs/peerreview_20261004/r4/multigroupvi/mixed_d1_rf1.0_s0_done.json
baselines.zip,r4/multigroupvi/mixed_d1_rf1.0_s0_doxorubicin_control_median_ig.csv.gz,12380,3b8cffa5c107161f1ebec97b45bcd108d8bbba2798100fe29cce20a0df20a611,scripts/42_r4_multigroupvi.py,.venv-mgvi/Scripts/python scripts/42_r4_multigroupvi.py --config CFG --seed S --threads=3,559568c3d97a79a9f47a0831ebc386ebf84572e4,runs/peerreview_20261004/r4/multigroupvi/mixed_d1_rf1.0_s0_doxorubicin_control_median_ig.csv.gz
baselines.zip,r4/multigroupvi/mixed_d1_rf1.0_s0_doxorubicin_zero_ig.csv.gz,12352,0fdf5bc57c67db1f2664417425b1258fd5a515bc886e5783bcb0ef98f6642256,scripts/42_r4_multigroupvi.py,.venv-mgvi/Scripts/python scripts/42_r4_multigroupvi.py --config CFG --seed S --threads=3,559568c3d97a79a9f47a0831ebc386ebf84572e4,runs/peerreview_20261004/r4/multigroupvi/mixed_d1_rf1.0_s0_doxorubicin_zero_ig.csv.gz
baselines.zip,r4/multigroupvi/mixed_d1_rf1.0_s0_ig_recovery.csv,2133,21f7e4b717d1a7f9a1376aae9e00db936c9c669b4855eed70537f9acec038b5c,scripts/42_r4_multigroupvi.py,.venv-mgvi/Scripts/python scripts/42_r4_multigroupvi.py --config CFG --seed S --threads=3,559568c3d97a79a9f47a0831ebc386ebf84572e4,runs/peerreview_20261004/r4/multigroupvi/mixed_d1_rf1.0_s0_ig_recovery.csv
baselines.zip,r4/multigroupvi/mixed_d1_rf1.0_s0_model/model.pt,6569023,605228a5a32fbd5ee69057e22d45ad41c399b5230fca6d431d893373caac654a,scripts/42_r4_multigroupvi.py,.venv-mgvi/Scripts/python scripts/42_r4_multigroupvi.py --config CFG --seed S --threads=3,559568c3d97a79a9f47a0831ebc386ebf84572e4,runs/peerreview_20261004/r4/multigroupvi/mixed_d1_rf1.0_s0_model/model.pt
baselines.zip,r4/multigroupvi/mixed_d1_rf1.0_s1_cisplatin_control_median_ig.csv.gz,13975,1f4bf2bd5308bf905d9fe9d61df5dd7bbbeab8586d487c2ad06afc2e9534a90d,scripts/42_r4_multigroupvi.py,.venv-mgvi/Scripts/python scripts/42_r4_multigroupvi.py --config CFG --seed S --threads=3,559568c3d97a79a9f47a0831ebc386ebf84572e4,runs/peerreview_20261004/r4/multigroupvi/mixed_d1_rf1.0_s1_cisplatin_control_median_ig.csv.gz
baselines.zip,r4/multigroupvi/mixed_d1_rf1.0_s1_cisplatin_zero_ig.csv.gz,13961,913ba42faa35c61408f55d3503852f754a9d4eae5e6bec372a965e9f60082514,scripts/42_r4_multigroupvi.py,.venv-mgvi/Scripts/python scripts/42_r4_multigroupvi.py --config CFG --seed S --threads=3,559568c3d97a79a9f47a0831ebc386ebf84572e4,runs/peerreview_20261004/r4/multigroupvi/mixed_d1_rf1.0_s1_cisplatin_zero_ig.csv.gz
baselines.zip,r4/multigroupvi/mixed_d1_rf1.0_s1_done.json,805,b05fcab269a2372c40bb31eda33347b4bf69da43095f40a43bd497c6b640b933,scripts/42_r4_multigroupvi.py,.venv-mgvi/Scripts/python scripts/42_r4_multigroupvi.py --config CFG --seed S --threads=3,559568c3d97a79a9f47a0831ebc386ebf84572e4,runs/peerreview_20261004/r4/multigroupvi/mixed_d1_rf1.0_s1_done.json
baselines.zip,r4/multigroupvi/mixed_d1_rf1.0_s1_doxorubicin_control_median_ig.csv.gz,12353,d0c08f3bd922898d4f5c223d5325d246155bb28c38900e2302b099ffca29d64e,scripts/42_r4_multigroupvi.py,.venv-mgvi/Scripts/python scripts/42_r4_multigroupvi.py --config CFG --seed S --threads=3,559568c3d97a79a9f47a0831ebc386ebf84572e4,runs/peerreview_20261004/r4/multigroupvi/mixed_d1_rf1.0_s1_doxorubicin_control_median_ig.csv.gz
baselines.zip,r4/multigroupvi/mixed_d1_rf1.0_s1_doxorubicin_zero_ig.csv.gz,12330,01f93afef2ee016d1f9cd78968aff19399d90d65c55a9166e433b7aacc3e27f9,scripts/42_r4_multigroupvi.py,.venv-mgvi/Scripts/python scripts/42_r4_multigroupvi.py --config CFG --seed S --threads=3,559568c3d97a79a9f47a0831ebc386ebf84572e4,runs/peerreview_20261004/r4/multigroupvi/mixed_d1_rf1.0_s1_doxorubicin_zero_ig.csv.gz
baselines.zip,r4/multigroupvi/mixed_d1_rf1.0_s1_ig_recovery.csv,2129,5b3e95b1a00803354ec751d00ebab79ba6df0504f1ec21462c62d3d03192a483,scripts/42_r4_multigroupvi.py,.venv-mgvi/Scripts/python scripts/42_r4_multigroupvi.py --config CFG --seed S --threads=3,559568c3d97a79a9f47a0831ebc386ebf84572e4,runs/peerreview_20261004/r4/multigroupvi/mixed_d1_rf1.0_s1_ig_recovery.csv
baselines.zip,r4/multigroupvi/mixed_d1_rf1.0_s1_model/model.pt,6569023,567baab503ab2fd50af112657a97f8b2a9bdac62b51147e842b87ae7e9ed4f00,scripts/42_r4_multigroupvi.py,.venv-mgvi/Scripts/python scripts/42_r4_multigroupvi.py --config CFG --seed S --threads=3,559568c3d97a79a9f47a0831ebc386ebf84572e4,runs/peerreview_20261004/r4/multigroupvi/mixed_d1_rf1.0_s1_model/model.pt
baselines.zip,r4/multigroupvi/mixed_d1_rf1.0_s2_cisplatin_control_median_ig.csv.gz,14043,756d0a8434f537cdd24114dc18fb62eb87e06b27d1fad54b30640d4f0cf76e87,scripts/42_r4_multigroupvi.py,.venv-mgvi/Scripts/python scripts/42_r4_multigroupvi.py --config CFG --seed S --threads=3,559568c3d97a79a9f47a0831ebc386ebf84572e4,runs/peerreview_20261004/r4/multigroupvi/mixed_d1_rf1.0_s2_cisplatin_control_median_ig.csv.gz
baselines.zip,r4/multigroupvi/mixed_d1_rf1.0_s2_cisplatin_zero_ig.csv.gz,14079,47d0d5b54c254824d602c5a8d277a910f7097e42de3c8e022274625086498771,scripts/42_r4_multigroupvi.py,.venv-mgvi/Scripts/python scripts/42_r4_multigroupvi.py --config CFG --seed S --threads=3,559568c3d97a79a9f47a0831ebc386ebf84572e4,runs/peerreview_20261004/r4/multigroupvi/mixed_d1_rf1.0_s2_cisplatin_zero_ig.csv.gz
baselines.zip,r4/multigroupvi/mixed_d1_rf1.0_s2_done.json,802,e3c02d664ab4196d3591ad6098b0f2c7ede9557768171c229dc1d8b5020b0f6c,scripts/42_r4_multigroupvi.py,.venv-mgvi/Scripts/python scripts/42_r4_multigroupvi.py --config CFG --seed S --threads=3,559568c3d97a79a9f47a0831ebc386ebf84572e4,runs/peerreview_20261004/r4/multigroupvi/mixed_d1_rf1.0_s2_done.json
baselines.zip,r4/multigroupvi/mixed_d1_rf1.0_s2_doxorubicin_control_median_ig.csv.gz,12349,50dbb170ae24c1dd0e07fd4ceaf393facaf600eb8712758b42e08cd26545eaa4,scripts/42_r4_multigroupvi.py,.venv-mgvi/Scripts/python scripts/42_r4_multigroupvi.py --config CFG --seed S --threads=3,559568c3d97a79a9f47a0831ebc386ebf84572e4,runs/peerreview_20261004/r4/multigroupvi/mixed_d1_rf1.0_s2_doxorubicin_control_median_ig.csv.gz
baselines.zip,r4/multigroupvi/mixed_d1_rf1.0_s2_doxorubicin_zero_ig.csv.gz,12338,489165e0becf8681f99aac502cdbe17828e8f70b2a808bae1f15e1efa1103084,scripts/42_r4_multigroupvi.py,.venv-mgvi/Scripts/python scripts/42_r4_multigroupvi.py --config CFG --seed S --threads=3,559568c3d97a79a9f47a0831ebc386ebf84572e4,runs/peerreview_20261004/r4/multigroupvi/mixed_d1_rf1.0_s2_doxorubicin_zero_ig.csv.gz
baselines.zip,r4/multigroupvi/mixed_d1_rf1.0_s2_ig_recovery.csv,2128,6d0176689bc44597aceeba98616ad12463190b8551a99041bb48fcc01f501f96,scripts/42_r4_multigroupvi.py,.venv-mgvi/Scripts/python scripts/42_r4_multigroupvi.py --config CFG --seed S --threads=3,559568c3d97a79a9f47a0831ebc386ebf84572e4,runs/peerreview_20261004/r4/multigroupvi/mixed_d1_rf1.0_s2_ig_recovery.csv
baselines.zip,r4/multigroupvi/mixed_d1_rf1.0_s2_model/model.pt,6569023,b4723a5f10cfce24737f4623db898b26bd4b028878fcdb5bed84a2c7243a97ec,scripts/42_r4_multigroupvi.py,.venv-mgvi/Scripts/python scripts/42_r4_multigroupvi.py --config CFG --seed S --threads=3,559568c3d97a79a9f47a0831ebc386ebf84572e4,runs/peerreview_20261004/r4/multigroupvi/mixed_d1_rf1.0_s2_model/model.pt
baselines.zip,r4/multigroupvi/mixed_d2_rf1.0_s0_cisplatin_control_median_ig.csv.gz,13964,29dd77706a9d95b6e470796672eec451ee218e25c17f9a2294911a588e6335f9,scripts/42_r4_multigroupvi.py,.venv-mgvi/Scripts/python scripts/42_r4_multigroupvi.py --config CFG --seed S --threads=3,559568c3d97a79a9f47a0831ebc386ebf84572e4,runs/peerreview_20261004/r4/multigroupvi/mixed_d2_rf1.0_s0_cisplatin_control_median_ig.csv.gz
baselines.zip,r4/multigroupvi/mixed_d2_rf1.0_s0_cisplatin_zero_ig.csv.gz,13958,b05842e8cf21932d2d8b69ba30ce902c288b2731e8a0ca758923af7ecbe50826,scripts/42_r4_multigroupvi.py,.venv-mgvi/Scripts/python scripts/42_r4_multigroupvi.py --config CFG --seed S --threads=3,559568c3d97a79a9f47a0831ebc386ebf84572e4,runs/peerreview_20261004/r4/multigroupvi/mixed_d2_rf1.0_s0_cisplatin_zero_ig.csv.gz
baselines.zip,r4/multigroupvi/mixed_d2_rf1.0_s0_done.json,802,9ac000bffa950be0be3cf2eea27d12c446dc0d64d1f54032fc5c6cb434e3bf15,scripts/42_r4_multigroupvi.py,.venv-mgvi/Scripts/python scripts/42_r4_multigroupvi.py --config CFG --seed S --threads=3,559568c3d97a79a9f47a0831ebc386ebf84572e4,runs/peerreview_20261004/r4/multigroupvi/mixed_d2_rf1.0_s0_done.json
baselines.zip,r4/multigroupvi/mixed_d2_rf1.0_s0_doxorubicin_control_median_ig.csv.gz,12363,354b6c06b2e5a3f403dad34207cc4cf8295dfa74cb2407cd01aa1fa760d42aa2,scripts/42_r4_multigroupvi.py,.venv-mgvi/Scripts/python scripts/42_r4_multigroupvi.py --config CFG --seed S --threads=3,559568c3d97a79a9f47a0831ebc386ebf84572e4,runs/peerreview_20261004/r4/multigroupvi/mixed_d2_rf1.0_s0_doxorubicin_control_median_ig.csv.gz
baselines.zip,r4/multigroupvi/mixed_d2_rf1.0_s0_doxorubicin_zero_ig.csv.gz,12309,85be8a65e690007578bd1b4c82bbb29a74819e7d477c7b65e9a388049c1d3ed3,scripts/42_r4_multigroupvi.py,.venv-mgvi/Scripts/python scripts/42_r4_multigroupvi.py --config CFG --seed S --threads=3,559568c3d97a79a9f47a0831ebc386ebf84572e4,runs/peerreview_20261004/r4/multigroupvi/mixed_d2_rf1.0_s0_doxorubicin_zero_ig.csv.gz
baselines.zip,r4/multigroupvi/mixed_d2_rf1.0_s0_ig_recovery.csv,2127,55ccb92b04449e79d2e9ddbbfecf3f6c17922a3b9a23c6a729a26d147a2fbb1d,scripts/42_r4_multigroupvi.py,.venv-mgvi/Scripts/python scripts/42_r4_multigroupvi.py --config CFG --seed S --threads=3,559568c3d97a79a9f47a0831ebc386ebf84572e4,runs/peerreview_20261004/r4/multigroupvi/mixed_d2_rf1.0_s0_ig_recovery.csv
baselines.zip,r4/multigroupvi/mixed_d2_rf1.0_s0_model/model.pt,6569023,b0376d269901578d83db61eb3b830c71146eb7d32f3c7b1788f1ced9f5aaa10d,scripts/42_r4_multigroupvi.py,.venv-mgvi/Scripts/python scripts/42_r4_multigroupvi.py --config CFG --seed S --threads=3,559568c3d97a79a9f47a0831ebc386ebf84572e4,runs/peerreview_20261004/r4/multigroupvi/mixed_d2_rf1.0_s0_model/model.pt
baselines.zip,r4/multigroupvi/mixed_d2_rf1.0_s1_cisplatin_control_median_ig.csv.gz,13977,b50306ba9e0f070f4d90cf6d0d5f6ed7dbdcabd62910ae74047e70b020afa830,scripts/42_r4_multigroupvi.py,.venv-mgvi/Scripts/python scripts/42_r4_multigroupvi.py --config CFG --seed S --threads=3,559568c3d97a79a9f47a0831ebc386ebf84572e4,runs/peerreview_20261004/r4/multigroupvi/mixed_d2_rf1.0_s1_cisplatin_control_median_ig.csv.gz
baselines.zip,r4/multigroupvi/mixed_d2_rf1.0_s1_cisplatin_zero_ig.csv.gz,13927,e40eb4f2e9e996fd73859344d2e86a01e2f7f2424c71d1736284fc7af73585f9,scripts/42_r4_multigroupvi.py,.venv-mgvi/Scripts/python scripts/42_r4_multigroupvi.py --config CFG --seed S --threads=3,559568c3d97a79a9f47a0831ebc386ebf84572e4,runs/peerreview_20261004/r4/multigroupvi/mixed_d2_rf1.0_s1_cisplatin_zero_ig.csv.gz
baselines.zip,r4/multigroupvi/mixed_d2_rf1.0_s1_done.json,804,13be6830c600cbb63d7b5f52084b6d1562209144f1e8615912896c878a07444b,scripts/42_r4_multigroupvi.py,.venv-mgvi/Scripts/python scripts/42_r4_multigroupvi.py --config CFG --seed S --threads=3,559568c3d97a79a9f47a0831ebc386ebf84572e4,runs/peerreview_20261004/r4/multigroupvi/mixed_d2_rf1.0_s1_done.json
baselines.zip,r4/multigroupvi/mixed_d2_rf1.0_s1_doxorubicin_control_median_ig.csv.gz,12344,b0d948f5e936070ccd2ac24cb693ec7b2760f881cb839d2b5576d439bcbdd60d,scripts/42_r4_multigroupvi.py,.venv-mgvi/Scripts/python scripts/42_r4_multigroupvi.py --config CFG --seed S --threads=3,559568c3d97a79a9f47a0831ebc386ebf84572e4,runs/peerreview_20261004/r4/multigroupvi/mixed_d2_rf1.0_s1_doxorubicin_control_median_ig.csv.gz
baselines.zip,r4/multigroupvi/mixed_d2_rf1.0_s1_doxorubicin_zero_ig.csv.gz,12323,c7d8b8ab86aa56f1efb17eef398b553440fdff814164525563cff0c700919eab,scripts/42_r4_multigroupvi.py,.venv-mgvi/Scripts/python scripts/42_r4_multigroupvi.py --config CFG --seed S --threads=3,559568c3d97a79a9f47a0831ebc386ebf84572e4,runs/peerreview_20261004/r4/multigroupvi/mixed_d2_rf1.0_s1_doxorubicin_zero_ig.csv.gz
baselines.zip,r4/multigroupvi/mixed_d2_rf1.0_s1_ig_recovery.csv,2137,0e27d4ee50ab3756440a7601d975772e709c79439ea5a3a3d6a4bc57a32150f8,scripts/42_r4_multigroupvi.py,.venv-mgvi/Scripts/python scripts/42_r4_multigroupvi.py --config CFG --seed S --threads=3,559568c3d97a79a9f47a0831ebc386ebf84572e4,runs/peerreview_20261004/r4/multigroupvi/mixed_d2_rf1.0_s1_ig_recovery.csv
baselines.zip,r4/multigroupvi/mixed_d2_rf1.0_s1_model/model.pt,6569023,c2a4f9c5a3b08a770a4c6908606ae9628cfb7a64fadbbb9688c598f18b10aafc,scripts/42_r4_multigroupvi.py,.venv-mgvi/Scripts/python scripts/42_r4_multigroupvi.py --config CFG --seed S --threads=3,559568c3d97a79a9f47a0831ebc386ebf84572e4,runs/peerreview_20261004/r4/multigroupvi/mixed_d2_rf1.0_s1_model/model.pt
baselines.zip,r4/multigroupvi/mixed_d2_rf1.0_s2_cisplatin_control_median_ig.csv.gz,13977,e27f11c941863245b0ca1bf495adc4d914a33e808ae0aaf6a7c565c3fdd96507,scripts/42_r4_multigroupvi.py,.venv-mgvi/Scripts/python scripts/42_r4_multigroupvi.py --config CFG --seed S --threads=3,559568c3d97a79a9f47a0831ebc386ebf84572e4,runs/peerreview_20261004/r4/multigroupvi/mixed_d2_rf1.0_s2_cisplatin_control_median_ig.csv.gz
baselines.zip,r4/multigroupvi/mixed_d2_rf1.0_s2_cisplatin_zero_ig.csv.gz,13925,1935ad31e1679997f2e096d0a8def504a3b57cbefbbbe7a5d1d61151467089b3,scripts/42_r4_multigroupvi.py,.venv-mgvi/Scripts/python scripts/42_r4_multigroupvi.py --config CFG --seed S --threads=3,559568c3d97a79a9f47a0831ebc386ebf84572e4,runs/peerreview_20261004/r4/multigroupvi/mixed_d2_rf1.0_s2_cisplatin_zero_ig.csv.gz
baselines.zip,r4/multigroupvi/mixed_d2_rf1.0_s2_done.json,802,6569c6248435f36ef6c9672baad5e0fbbf014ba7e0a3503e367820539adadd72,scripts/42_r4_multigroupvi.py,.venv-mgvi/Scripts/python scripts/42_r4_multigroupvi.py --config CFG --seed S --threads=3,559568c3d97a79a9f47a0831ebc386ebf84572e4,runs/peerreview_20261004/r4/multigroupvi/mixed_d2_rf1.0_s2_done.json
baselines.zip,r4/multigroupvi/mixed_d2_rf1.0_s2_doxorubicin_control_median_ig.csv.gz,12359,3d5bab7807f30bb77f6341490bd80395d5ea46a28cebf06344319c6e508d2ab4,scripts/42_r4_multigroupvi.py,.venv-mgvi/Scripts/python scripts/42_r4_multigroupvi.py --config CFG --seed S --threads=3,559568c3d97a79a9f47a0831ebc386ebf84572e4,runs/peerreview_20261004/r4/multigroupvi/mixed_d2_rf1.0_s2_doxorubicin_control_median_ig.csv.gz
baselines.zip,r4/multigroupvi/mixed_d2_rf1.0_s2_doxorubicin_zero_ig.csv.gz,12356,7d0bbe2d82b65123e1b5b9f1e58cc7f9fac25bf3ece0f5f3edbd71b0c038d9ce,scripts/42_r4_multigroupvi.py,.venv-mgvi/Scripts/python scripts/42_r4_multigroupvi.py --config CFG --seed S --threads=3,559568c3d97a79a9f47a0831ebc386ebf84572e4,runs/peerreview_20261004/r4/multigroupvi/mixed_d2_rf1.0_s2_doxorubicin_zero_ig.csv.gz
baselines.zip,r4/multigroupvi/mixed_d2_rf1.0_s2_ig_recovery.csv,2146,a985f76ba1d463c845927cdc761b8a63ca07469d2020af3adb3a10f80207c6b5,scripts/42_r4_multigroupvi.py,.venv-mgvi/Scripts/python scripts/42_r4_multigroupvi.py --config CFG --seed S --threads=3,559568c3d97a79a9f47a0831ebc386ebf84572e4,runs/peerreview_20261004/r4/multigroupvi/mixed_d2_rf1.0_s2_ig_recovery.csv
baselines.zip,r4/multigroupvi/mixed_d2_rf1.0_s2_model/model.pt,6569023,c151324d010f22984ba45c139cdbdb2d7612a4ef02b8eec398b075ebc76e307b,scripts/42_r4_multigroupvi.py,.venv-mgvi/Scripts/python scripts/42_r4_multigroupvi.py --config CFG --seed S --threads=3,559568c3d97a79a9f47a0831ebc386ebf84572e4,runs/peerreview_20261004/r4/multigroupvi/mixed_d2_rf1.0_s2_model/model.pt
baselines.zip,r4/multigroupvi/null_s0_cisplatin_control_median_ig.csv.gz,14007,6e31a18bc53bb278a2da25feba95c43b275bfc7290d587b56c4c72cc6fc61cb5,scripts/42_r4_multigroupvi.py,.venv-mgvi/Scripts/python scripts/42_r4_multigroupvi.py --config CFG --seed S --threads=3,559568c3d97a79a9f47a0831ebc386ebf84572e4,runs/peerreview_20261004/r4/multigroupvi/null_s0_cisplatin_control_median_ig.csv.gz
baselines.zip,r4/multigroupvi/null_s0_cisplatin_zero_ig.csv.gz,13963,0b05e0ac7240ccf80505a92b14d994689e77ee770fb5ea2149a82be8d1d8d0de,scripts/42_r4_multigroupvi.py,.venv-mgvi/Scripts/python scripts/42_r4_multigroupvi.py --config CFG --seed S --threads=3,559568c3d97a79a9f47a0831ebc386ebf84572e4,runs/peerreview_20261004/r4/multigroupvi/null_s0_cisplatin_zero_ig.csv.gz
baselines.zip,r4/multigroupvi/null_s0_done.json,794,6f4fd489f79e92d7d9eb9f404b6f2ee283f64d77c481d5b6abcb212016907f92,scripts/42_r4_multigroupvi.py,.venv-mgvi/Scripts/python scripts/42_r4_multigroupvi.py --config CFG --seed S --threads=3,559568c3d97a79a9f47a0831ebc386ebf84572e4,runs/peerreview_20261004/r4/multigroupvi/null_s0_done.json
baselines.zip,r4/multigroupvi/null_s0_doxorubicin_control_median_ig.csv.gz,12352,18b578b42344090c20f213dfcf112ed81af21e11894c6dbae51a7817a944b53b,scripts/42_r4_multigroupvi.py,.venv-mgvi/Scripts/python scripts/42_r4_multigroupvi.py --config CFG --seed S --threads=3,559568c3d97a79a9f47a0831ebc386ebf84572e4,runs/peerreview_20261004/r4/multigroupvi/null_s0_doxorubicin_control_median_ig.csv.gz
baselines.zip,r4/multigroupvi/null_s0_doxorubicin_zero_ig.csv.gz,12384,7d977b9bad90dcf3f6c3da7b5cf40a55d21f7e6e777a3533aad8648364f18f7b,scripts/42_r4_multigroupvi.py,.venv-mgvi/Scripts/python scripts/42_r4_multigroupvi.py --config CFG --seed S --threads=3,559568c3d97a79a9f47a0831ebc386ebf84572e4,runs/peerreview_20261004/r4/multigroupvi/null_s0_doxorubicin_zero_ig.csv.gz
baselines.zip,r4/multigroupvi/null_s0_ig_recovery.csv,2099,23ac529bca798fbd5b32d838841c7a45e74b46f6ca6c627c60e2860be3769409,scripts/42_r4_multigroupvi.py,.venv-mgvi/Scripts/python scripts/42_r4_multigroupvi.py --config CFG --seed S --threads=3,559568c3d97a79a9f47a0831ebc386ebf84572e4,runs/peerreview_20261004/r4/multigroupvi/null_s0_ig_recovery.csv
baselines.zip,r4/multigroupvi/null_s0_model/model.pt,6569023,66a6b21ab425dcc4c594250040f841cd3e4683e3681819ca5b193bcb2f593b28,scripts/42_r4_multigroupvi.py,.venv-mgvi/Scripts/python scripts/42_r4_multigroupvi.py --config CFG --seed S --threads=3,559568c3d97a79a9f47a0831ebc386ebf84572e4,runs/peerreview_20261004/r4/multigroupvi/null_s0_model/model.pt
baselines.zip,r4/multigroupvi/null_s1_cisplatin_control_median_ig.csv.gz,13971,aa085e7f052f5427a9b2e94aa219356301a444118bb7385c716eba75d33c2afd,scripts/42_r4_multigroupvi.py,.venv-mgvi/Scripts/python scripts/42_r4_multigroupvi.py --config CFG --seed S --threads=3,559568c3d97a79a9f47a0831ebc386ebf84572e4,runs/peerreview_20261004/r4/multigroupvi/null_s1_cisplatin_control_median_ig.csv.gz
baselines.zip,r4/multigroupvi/null_s1_cisplatin_zero_ig.csv.gz,13993,630faef16f975c4099144dd51a648321ca8a475898dcb5e2176ec79247018663,scripts/42_r4_multigroupvi.py,.venv-mgvi/Scripts/python scripts/42_r4_multigroupvi.py --config CFG --seed S --threads=3,559568c3d97a79a9f47a0831ebc386ebf84572e4,runs/peerreview_20261004/r4/multigroupvi/null_s1_cisplatin_zero_ig.csv.gz
baselines.zip,r4/multigroupvi/null_s1_done.json,794,b433107af5868b126c28912875d5616349cb4839a3eb43f3365bcaf9a12e7e23,scripts/42_r4_multigroupvi.py,.venv-mgvi/Scripts/python scripts/42_r4_multigroupvi.py --config CFG --seed S --threads=3,559568c3d97a79a9f47a0831ebc386ebf84572e4,runs/peerreview_20261004/r4/multigroupvi/null_s1_done.json
baselines.zip,r4/multigroupvi/null_s1_doxorubicin_control_median_ig.csv.gz,12346,83842c3c77ea1a7a3a499565e018596c18e120deb81a77895638a4a4acdce298,scripts/42_r4_multigroupvi.py,.venv-mgvi/Scripts/python scripts/42_r4_multigroupvi.py --config CFG --seed S --threads=3,559568c3d97a79a9f47a0831ebc386ebf84572e4,runs/peerreview_20261004/r4/multigroupvi/null_s1_doxorubicin_control_median_ig.csv.gz
baselines.zip,r4/multigroupvi/null_s1_doxorubicin_zero_ig.csv.gz,12368,5bb06131bbe69edf6ca3646496a0b05f30c143a3233b19422701fcee50f8304b,scripts/42_r4_multigroupvi.py,.venv-mgvi/Scripts/python scripts/42_r4_multigroupvi.py --config CFG --seed S --threads=3,559568c3d97a79a9f47a0831ebc386ebf84572e4,runs/peerreview_20261004/r4/multigroupvi/null_s1_doxorubicin_zero_ig.csv.gz
baselines.zip,r4/multigroupvi/null_s1_ig_recovery.csv,2095,5174dbe66d5620a4ad6c28aedf2f62d52f0fefecee548efb014b8d07bc7bd524,scripts/42_r4_multigroupvi.py,.venv-mgvi/Scripts/python scripts/42_r4_multigroupvi.py --config CFG --seed S --threads=3,559568c3d97a79a9f47a0831ebc386ebf84572e4,runs/peerreview_20261004/r4/multigroupvi/null_s1_ig_recovery.csv
baselines.zip,r4/multigroupvi/null_s1_model/model.pt,6569023,67debb6df1c6cab16e179714e692c850f74651a9f332b320697e21cfab1ff894,scripts/42_r4_multigroupvi.py,.venv-mgvi/Scripts/python scripts/42_r4_multigroupvi.py --config CFG --seed S --threads=3,559568c3d97a79a9f47a0831ebc386ebf84572e4,runs/peerreview_20261004/r4/multigroupvi/null_s1_model/model.pt
baselines.zip,r4/multigroupvi/null_s2_cisplatin_control_median_ig.csv.gz,13995,7c8dc34a20b15c63f6c86fe7b6a16e33e7a060eb2da2c6efe515fa164e9aecbc,scripts/42_r4_multigroupvi.py,.venv-mgvi/Scripts/python scripts/42_r4_multigroupvi.py --config CFG --seed S --threads=3,559568c3d97a79a9f47a0831ebc386ebf84572e4,runs/peerreview_20261004/r4/multigroupvi/null_s2_cisplatin_control_median_ig.csv.gz
baselines.zip,r4/multigroupvi/null_s2_cisplatin_zero_ig.csv.gz,14035,32e23daed10efc1f4fe02cd378c6e8725fd7ac03da6a3b1c35cc8f09336babbc,scripts/42_r4_multigroupvi.py,.venv-mgvi/Scripts/python scripts/42_r4_multigroupvi.py --config CFG --seed S --threads=3,559568c3d97a79a9f47a0831ebc386ebf84572e4,runs/peerreview_20261004/r4/multigroupvi/null_s2_cisplatin_zero_ig.csv.gz
baselines.zip,r4/multigroupvi/null_s2_done.json,794,d725e1c0f8adb69674602166ff00f096c7b7edfe5d137385992b2fad65349611,scripts/42_r4_multigroupvi.py,.venv-mgvi/Scripts/python scripts/42_r4_multigroupvi.py --config CFG --seed S --threads=3,559568c3d97a79a9f47a0831ebc386ebf84572e4,runs/peerreview_20261004/r4/multigroupvi/null_s2_done.json
baselines.zip,r4/multigroupvi/null_s2_doxorubicin_control_median_ig.csv.gz,12352,f4a5c8bd26f20d244ea72f7718052cda3c4eadf360129be337a39bf490e167a6,scripts/42_r4_multigroupvi.py,.venv-mgvi/Scripts/python scripts/42_r4_multigroupvi.py --config CFG --seed S --threads=3,559568c3d97a79a9f47a0831ebc386ebf84572e4,runs/peerreview_20261004/r4/multigroupvi/null_s2_doxorubicin_control_median_ig.csv.gz
baselines.zip,r4/multigroupvi/null_s2_doxorubicin_zero_ig.csv.gz,12366,ac356011649bf090863bee9c10d078ac9219286cdc46b9e1ebc6162ceedc2ec1,scripts/42_r4_multigroupvi.py,.venv-mgvi/Scripts/python scripts/42_r4_multigroupvi.py --config CFG --seed S --threads=3,559568c3d97a79a9f47a0831ebc386ebf84572e4,runs/peerreview_20261004/r4/multigroupvi/null_s2_doxorubicin_zero_ig.csv.gz
baselines.zip,r4/multigroupvi/null_s2_ig_recovery.csv,2084,03feb452ce413630e122406cc12a7d08f24f4e85c97ad6ba7ec45c686d379d30,scripts/42_r4_multigroupvi.py,.venv-mgvi/Scripts/python scripts/42_r4_multigroupvi.py --config CFG --seed S --threads=3,559568c3d97a79a9f47a0831ebc386ebf84572e4,runs/peerreview_20261004/r4/multigroupvi/null_s2_ig_recovery.csv
baselines.zip,r4/multigroupvi/null_s2_model/model.pt,6569023,b33409268609d78cb0ef5d7d486ba7ea9719f652f41345dac948384e16d9a1c5,scripts/42_r4_multigroupvi.py,.venv-mgvi/Scripts/python scripts/42_r4_multigroupvi.py --config CFG --seed S --threads=3,559568c3d97a79a9f47a0831ebc386ebf84572e4,runs/peerreview_20261004/r4/multigroupvi/null_s2_model/model.pt
baselines.zip,r4/multigroupvi/shared_d1_rf1.0_s0_cisplatin_control_median_ig.csv.gz,14016,cca4685b9d63c91f4cf17b220ca4b085e0d73b823506c7efd357500277d32b22,scripts/42_r4_multigroupvi.py,.venv-mgvi/Scripts/python scripts/42_r4_multigroupvi.py --config CFG --seed S --threads=3,559568c3d97a79a9f47a0831ebc386ebf84572e4,runs/peerreview_20261004/r4/multigroupvi/shared_d1_rf1.0_s0_cisplatin_control_median_ig.csv.gz
baselines.zip,r4/multigroupvi/shared_d1_rf1.0_s0_cisplatin_zero_ig.csv.gz,13974,5233d1d4ae91810210af8f182d38751fedf1462ccc6e831595817681de212b1b,scripts/42_r4_multigroupvi.py,.venv-mgvi/Scripts/python scripts/42_r4_multigroupvi.py --config CFG --seed S --threads=3,559568c3d97a79a9f47a0831ebc386ebf84572e4,runs/peerreview_20261004/r4/multigroupvi/shared_d1_rf1.0_s0_cisplatin_zero_ig.csv.gz
baselines.zip,r4/multigroupvi/shared_d1_rf1.0_s0_done.json,806,f419f8828f6f6a40cd091d070015e25d91ddff506c45255096f9247364cc7e3e,scripts/42_r4_multigroupvi.py,.venv-mgvi/Scripts/python scripts/42_r4_multigroupvi.py --config CFG --seed S --threads=3,559568c3d97a79a9f47a0831ebc386ebf84572e4,runs/peerreview_20261004/r4/multigroupvi/shared_d1_rf1.0_s0_done.json
baselines.zip,r4/multigroupvi/shared_d1_rf1.0_s0_doxorubicin_control_median_ig.csv.gz,12391,f39fd0267a54ea5df0607220247f01d8cbf925e17fa984ac5de0c229aec6cf9c,scripts/42_r4_multigroupvi.py,.venv-mgvi/Scripts/python scripts/42_r4_multigroupvi.py --config CFG --seed S --threads=3,559568c3d97a79a9f47a0831ebc386ebf84572e4,runs/peerreview_20261004/r4/multigroupvi/shared_d1_rf1.0_s0_doxorubicin_control_median_ig.csv.gz
baselines.zip,r4/multigroupvi/shared_d1_rf1.0_s0_doxorubicin_zero_ig.csv.gz,12348,8e4f452f03bb7a4b9e801dafe83b890e8cc86cf58f45d029f50bcb45e22f05bb,scripts/42_r4_multigroupvi.py,.venv-mgvi/Scripts/python scripts/42_r4_multigroupvi.py --config CFG --seed S --threads=3,559568c3d97a79a9f47a0831ebc386ebf84572e4,runs/peerreview_20261004/r4/multigroupvi/shared_d1_rf1.0_s0_doxorubicin_zero_ig.csv.gz
baselines.zip,r4/multigroupvi/shared_d1_rf1.0_s0_ig_recovery.csv,2143,9b3204a97e29d71a0146d81e921956e9ced90387177fd32fb2adfa07cca030a1,scripts/42_r4_multigroupvi.py,.venv-mgvi/Scripts/python scripts/42_r4_multigroupvi.py --config CFG --seed S --threads=3,559568c3d97a79a9f47a0831ebc386ebf84572e4,runs/peerreview_20261004/r4/multigroupvi/shared_d1_rf1.0_s0_ig_recovery.csv
baselines.zip,r4/multigroupvi/shared_d1_rf1.0_s0_model/model.pt,6569023,32e07c6e67c79fce1138f8bacd22a58ebca4b5ffca6e42615ec8ad71ad64600f,scripts/42_r4_multigroupvi.py,.venv-mgvi/Scripts/python scripts/42_r4_multigroupvi.py --config CFG --seed S --threads=3,559568c3d97a79a9f47a0831ebc386ebf84572e4,runs/peerreview_20261004/r4/multigroupvi/shared_d1_rf1.0_s0_model/model.pt
baselines.zip,r4/multigroupvi/shared_d1_rf1.0_s1_cisplatin_control_median_ig.csv.gz,14002,261daa20ea2f8798d5d1e47bc6909d1217610196d7f42322a7d5f8ff49e33247,scripts/42_r4_multigroupvi.py,.venv-mgvi/Scripts/python scripts/42_r4_multigroupvi.py --config CFG --seed S --threads=3,559568c3d97a79a9f47a0831ebc386ebf84572e4,runs/peerreview_20261004/r4/multigroupvi/shared_d1_rf1.0_s1_cisplatin_control_median_ig.csv.gz
baselines.zip,r4/multigroupvi/shared_d1_rf1.0_s1_cisplatin_zero_ig.csv.gz,13985,8bbb38c98e4ad68d212c1220bd13c0ef612cb5cb92e545a71a132a47fab9f804,scripts/42_r4_multigroupvi.py,.venv-mgvi/Scripts/python scripts/42_r4_multigroupvi.py --config CFG --seed S --threads=3,559568c3d97a79a9f47a0831ebc386ebf84572e4,runs/peerreview_20261004/r4/multigroupvi/shared_d1_rf1.0_s1_cisplatin_zero_ig.csv.gz
baselines.zip,r4/multigroupvi/shared_d1_rf1.0_s1_done.json,804,c507f79364b199fa8c627f74c9b40acb0f3961f59804c2702e77e95fd1d91e3d,scripts/42_r4_multigroupvi.py,.venv-mgvi/Scripts/python scripts/42_r4_multigroupvi.py --config CFG --seed S --threads=3,559568c3d97a79a9f47a0831ebc386ebf84572e4,runs/peerreview_20261004/r4/multigroupvi/shared_d1_rf1.0_s1_done.json
baselines.zip,r4/multigroupvi/shared_d1_rf1.0_s1_doxorubicin_control_median_ig.csv.gz,12417,e2a13813d6645875e15408050aae3c79ffedd3c6814a89bfcd6bc9283ad7206d,scripts/42_r4_multigroupvi.py,.venv-mgvi/Scripts/python scripts/42_r4_multigroupvi.py --config CFG --seed S --threads=3,559568c3d97a79a9f47a0831ebc386ebf84572e4,runs/peerreview_20261004/r4/multigroupvi/shared_d1_rf1.0_s1_doxorubicin_control_median_ig.csv.gz
baselines.zip,r4/multigroupvi/shared_d1_rf1.0_s1_doxorubicin_zero_ig.csv.gz,12407,4448e6d5fbe61e376912fbc6782a46e4d1f8630efb40671e2fa6270674103072,scripts/42_r4_multigroupvi.py,.venv-mgvi/Scripts/python scripts/42_r4_multigroupvi.py --config CFG --seed S --threads=3,559568c3d97a79a9f47a0831ebc386ebf84572e4,runs/peerreview_20261004/r4/multigroupvi/shared_d1_rf1.0_s1_doxorubicin_zero_ig.csv.gz
baselines.zip,r4/multigroupvi/shared_d1_rf1.0_s1_ig_recovery.csv,2138,55f637631a4b77cbe7482a919d07be7ab4abae5aeb2fb733c758fbeda8ce2b61,scripts/42_r4_multigroupvi.py,.venv-mgvi/Scripts/python scripts/42_r4_multigroupvi.py --config CFG --seed S --threads=3,559568c3d97a79a9f47a0831ebc386ebf84572e4,runs/peerreview_20261004/r4/multigroupvi/shared_d1_rf1.0_s1_ig_recovery.csv
baselines.zip,r4/multigroupvi/shared_d1_rf1.0_s1_model/model.pt,6569023,6c966d91324542280e9cff002e47f2bfa72dbbefc1d9a5a1c6d34fedcb6b2f73,scripts/42_r4_multigroupvi.py,.venv-mgvi/Scripts/python scripts/42_r4_multigroupvi.py --config CFG --seed S --threads=3,559568c3d97a79a9f47a0831ebc386ebf84572e4,runs/peerreview_20261004/r4/multigroupvi/shared_d1_rf1.0_s1_model/model.pt
baselines.zip,r4/multigroupvi/shared_d1_rf1.0_s2_cisplatin_control_median_ig.csv.gz,14024,cc53621e8a33653d8fb0c68149037deec35a717118ff9976877e1536b353a516,scripts/42_r4_multigroupvi.py,.venv-mgvi/Scripts/python scripts/42_r4_multigroupvi.py --config CFG --seed S --threads=3,559568c3d97a79a9f47a0831ebc386ebf84572e4,runs/peerreview_20261004/r4/multigroupvi/shared_d1_rf1.0_s2_cisplatin_control_median_ig.csv.gz
baselines.zip,r4/multigroupvi/shared_d1_rf1.0_s2_cisplatin_zero_ig.csv.gz,14017,87a66ae4edc83c3bc50fd993628767b1b27736e29072a787d534e386f208295c,scripts/42_r4_multigroupvi.py,.venv-mgvi/Scripts/python scripts/42_r4_multigroupvi.py --config CFG --seed S --threads=3,559568c3d97a79a9f47a0831ebc386ebf84572e4,runs/peerreview_20261004/r4/multigroupvi/shared_d1_rf1.0_s2_cisplatin_zero_ig.csv.gz
baselines.zip,r4/multigroupvi/shared_d1_rf1.0_s2_done.json,801,e988100aede9cd32b1bff679c134d4016404c33ece13adc124d7c15a7b8c504b,scripts/42_r4_multigroupvi.py,.venv-mgvi/Scripts/python scripts/42_r4_multigroupvi.py --config CFG --seed S --threads=3,559568c3d97a79a9f47a0831ebc386ebf84572e4,runs/peerreview_20261004/r4/multigroupvi/shared_d1_rf1.0_s2_done.json
baselines.zip,r4/multigroupvi/shared_d1_rf1.0_s2_doxorubicin_control_median_ig.csv.gz,12428,e539f7ae07ca02d69ca7ecc1de714e1ecde12c7aeb865f1d0bc25a8643093d24,scripts/42_r4_multigroupvi.py,.venv-mgvi/Scripts/python scripts/42_r4_multigroupvi.py --config CFG --seed S --threads=3,559568c3d97a79a9f47a0831ebc386ebf84572e4,runs/peerreview_20261004/r4/multigroupvi/shared_d1_rf1.0_s2_doxorubicin_control_median_ig.csv.gz
baselines.zip,r4/multigroupvi/shared_d1_rf1.0_s2_doxorubicin_zero_ig.csv.gz,12369,309c58cb2bd18c9c620c4074559049bc264227760a16c1609f6092f4461da5fb,scripts/42_r4_multigroupvi.py,.venv-mgvi/Scripts/python scripts/42_r4_multigroupvi.py --config CFG --seed S --threads=3,559568c3d97a79a9f47a0831ebc386ebf84572e4,runs/peerreview_20261004/r4/multigroupvi/shared_d1_rf1.0_s2_doxorubicin_zero_ig.csv.gz
baselines.zip,r4/multigroupvi/shared_d1_rf1.0_s2_ig_recovery.csv,2130,8f61fe45a564c0af66ac4efc246b0a12b4a38b2d5a05ec697fe063571aa285ab,scripts/42_r4_multigroupvi.py,.venv-mgvi/Scripts/python scripts/42_r4_multigroupvi.py --config CFG --seed S --threads=3,559568c3d97a79a9f47a0831ebc386ebf84572e4,runs/peerreview_20261004/r4/multigroupvi/shared_d1_rf1.0_s2_ig_recovery.csv
baselines.zip,r4/multigroupvi/shared_d1_rf1.0_s2_model/model.pt,6569023,9e65035fa62fa95ee3ae313013601969aceb237c910bde5ab5f628d8ec44acd6,scripts/42_r4_multigroupvi.py,.venv-mgvi/Scripts/python scripts/42_r4_multigroupvi.py --config CFG --seed S --threads=3,559568c3d97a79a9f47a0831ebc386ebf84572e4,runs/peerreview_20261004/r4/multigroupvi/shared_d1_rf1.0_s2_model/model.pt
baselines.zip,r4/multigroupvi/shared_d2_rf1.0_s0_cisplatin_control_median_ig.csv.gz,13970,ab80a66119f6eeca323a04b5ea4ebb8b979ddb4f0e616abad3b7653ab3a0d665,scripts/42_r4_multigroupvi.py,.venv-mgvi/Scripts/python scripts/42_r4_multigroupvi.py --config CFG --seed S --threads=3,559568c3d97a79a9f47a0831ebc386ebf84572e4,runs/peerreview_20261004/r4/multigroupvi/shared_d2_rf1.0_s0_cisplatin_control_median_ig.csv.gz
baselines.zip,r4/multigroupvi/shared_d2_rf1.0_s0_cisplatin_zero_ig.csv.gz,13959,ba6c298e023410a7660321c09654c7e54c82792d0ab353fcc9ea28cd531666af,scripts/42_r4_multigroupvi.py,.venv-mgvi/Scripts/python scripts/42_r4_multigroupvi.py --config CFG --seed S --threads=3,559568c3d97a79a9f47a0831ebc386ebf84572e4,runs/peerreview_20261004/r4/multigroupvi/shared_d2_rf1.0_s0_cisplatin_zero_ig.csv.gz
baselines.zip,r4/multigroupvi/shared_d2_rf1.0_s0_done.json,803,87d0ae47e00c1f2a02931722c23bd6e908dfef1f3a3f9568f64afc3c3914380d,scripts/42_r4_multigroupvi.py,.venv-mgvi/Scripts/python scripts/42_r4_multigroupvi.py --config CFG --seed S --threads=3,559568c3d97a79a9f47a0831ebc386ebf84572e4,runs/peerreview_20261004/r4/multigroupvi/shared_d2_rf1.0_s0_done.json
baselines.zip,r4/multigroupvi/shared_d2_rf1.0_s0_doxorubicin_control_median_ig.csv.gz,12397,3cd450c1bd6ed21cd4a3ac3eb0878ffebfb81d1d22be42a442ed0654a77120fa,scripts/42_r4_multigroupvi.py,.venv-mgvi/Scripts/python scripts/42_r4_multigroupvi.py --config CFG --seed S --threads=3,559568c3d97a79a9f47a0831ebc386ebf84572e4,runs/peerreview_20261004/r4/multigroupvi/shared_d2_rf1.0_s0_doxorubicin_control_median_ig.csv.gz
baselines.zip,r4/multigroupvi/shared_d2_rf1.0_s0_doxorubicin_zero_ig.csv.gz,12363,1504b8555e76739837e7552ea05d7bf3c46fb12936033236ded4c0625b998274,scripts/42_r4_multigroupvi.py,.venv-mgvi/Scripts/python scripts/42_r4_multigroupvi.py --config CFG --seed S --threads=3,559568c3d97a79a9f47a0831ebc386ebf84572e4,runs/peerreview_20261004/r4/multigroupvi/shared_d2_rf1.0_s0_doxorubicin_zero_ig.csv.gz
baselines.zip,r4/multigroupvi/shared_d2_rf1.0_s0_ig_recovery.csv,2141,9370142f2dd7ec66738df232bcef06426fcf05aa43ca2769d7f146e101c10535,scripts/42_r4_multigroupvi.py,.venv-mgvi/Scripts/python scripts/42_r4_multigroupvi.py --config CFG --seed S --threads=3,559568c3d97a79a9f47a0831ebc386ebf84572e4,runs/peerreview_20261004/r4/multigroupvi/shared_d2_rf1.0_s0_ig_recovery.csv
baselines.zip,r4/multigroupvi/shared_d2_rf1.0_s0_model/model.pt,6569023,6f7425cd06b0e7760f7cc04983fbb0d37a79ea3193cc0f5ac816a45a873f1575,scripts/42_r4_multigroupvi.py,.venv-mgvi/Scripts/python scripts/42_r4_multigroupvi.py --config CFG --seed S --threads=3,559568c3d97a79a9f47a0831ebc386ebf84572e4,runs/peerreview_20261004/r4/multigroupvi/shared_d2_rf1.0_s0_model/model.pt
baselines.zip,r4/multigroupvi/shared_d2_rf1.0_s1_cisplatin_control_median_ig.csv.gz,13961,99b535a38d2c4853472f66300f854a1b53548ae0f981d2a45cf259e371ede470,scripts/42_r4_multigroupvi.py,.venv-mgvi/Scripts/python scripts/42_r4_multigroupvi.py --config CFG --seed S --threads=3,559568c3d97a79a9f47a0831ebc386ebf84572e4,runs/peerreview_20261004/r4/multigroupvi/shared_d2_rf1.0_s1_cisplatin_control_median_ig.csv.gz
baselines.zip,r4/multigroupvi/shared_d2_rf1.0_s1_cisplatin_zero_ig.csv.gz,13991,2a535f276a296740783ab5e97bc14977819d0e96792d5d7421de0c7e54ced762,scripts/42_r4_multigroupvi.py,.venv-mgvi/Scripts/python scripts/42_r4_multigroupvi.py --config CFG --seed S --threads=3,559568c3d97a79a9f47a0831ebc386ebf84572e4,runs/peerreview_20261004/r4/multigroupvi/shared_d2_rf1.0_s1_cisplatin_zero_ig.csv.gz
baselines.zip,r4/multigroupvi/shared_d2_rf1.0_s1_done.json,805,8af0157450d6a5afc1c8cc73f7277bc881089f7f63a73a3e04e23598d4953b3f,scripts/42_r4_multigroupvi.py,.venv-mgvi/Scripts/python scripts/42_r4_multigroupvi.py --config CFG --seed S --threads=3,559568c3d97a79a9f47a0831ebc386ebf84572e4,runs/peerreview_20261004/r4/multigroupvi/shared_d2_rf1.0_s1_done.json
baselines.zip,r4/multigroupvi/shared_d2_rf1.0_s1_doxorubicin_control_median_ig.csv.gz,12378,5b344842d0adf4e4191b1a9b6cfec505939f47da2fa476ceaf7409ecb483ea4c,scripts/42_r4_multigroupvi.py,.venv-mgvi/Scripts/python scripts/42_r4_multigroupvi.py --config CFG --seed S --threads=3,559568c3d97a79a9f47a0831ebc386ebf84572e4,runs/peerreview_20261004/r4/multigroupvi/shared_d2_rf1.0_s1_doxorubicin_control_median_ig.csv.gz
baselines.zip,r4/multigroupvi/shared_d2_rf1.0_s1_doxorubicin_zero_ig.csv.gz,12379,0ec95774fc2e82a81a9f35cba4212e5c3edc077ecbf09fb0feb989698d4b10bd,scripts/42_r4_multigroupvi.py,.venv-mgvi/Scripts/python scripts/42_r4_multigroupvi.py --config CFG --seed S --threads=3,559568c3d97a79a9f47a0831ebc386ebf84572e4,runs/peerreview_20261004/r4/multigroupvi/shared_d2_rf1.0_s1_doxorubicin_zero_ig.csv.gz
baselines.zip,r4/multigroupvi/shared_d2_rf1.0_s1_ig_recovery.csv,2146,871dbda17a00bdca8cd833917d0fbcacf9a634286fb270f1ee9efd38d12a7878,scripts/42_r4_multigroupvi.py,.venv-mgvi/Scripts/python scripts/42_r4_multigroupvi.py --config CFG --seed S --threads=3,559568c3d97a79a9f47a0831ebc386ebf84572e4,runs/peerreview_20261004/r4/multigroupvi/shared_d2_rf1.0_s1_ig_recovery.csv
baselines.zip,r4/multigroupvi/shared_d2_rf1.0_s1_model/model.pt,6569023,be7b6a8dab9f35bd488a9f276c031275b5905b2db10504eb1d0beaa1a4b71fca,scripts/42_r4_multigroupvi.py,.venv-mgvi/Scripts/python scripts/42_r4_multigroupvi.py --config CFG --seed S --threads=3,559568c3d97a79a9f47a0831ebc386ebf84572e4,runs/peerreview_20261004/r4/multigroupvi/shared_d2_rf1.0_s1_model/model.pt
baselines.zip,r4/multigroupvi/shared_d2_rf1.0_s2_cisplatin_control_median_ig.csv.gz,14015,911f12c721c298bb7a23a8bc1e6dd4175a17f5ceab8f6ce63b5ee741f0507c1e,scripts/42_r4_multigroupvi.py,.venv-mgvi/Scripts/python scripts/42_r4_multigroupvi.py --config CFG --seed S --threads=3,559568c3d97a79a9f47a0831ebc386ebf84572e4,runs/peerreview_20261004/r4/multigroupvi/shared_d2_rf1.0_s2_cisplatin_control_median_ig.csv.gz
baselines.zip,r4/multigroupvi/shared_d2_rf1.0_s2_cisplatin_zero_ig.csv.gz,13977,5ea279fce522e680074e20d8e2f89ce204e79f1b128672aa31dd6a2c4d7c5f20,scripts/42_r4_multigroupvi.py,.venv-mgvi/Scripts/python scripts/42_r4_multigroupvi.py --config CFG --seed S --threads=3,559568c3d97a79a9f47a0831ebc386ebf84572e4,runs/peerreview_20261004/r4/multigroupvi/shared_d2_rf1.0_s2_cisplatin_zero_ig.csv.gz
baselines.zip,r4/multigroupvi/shared_d2_rf1.0_s2_done.json,803,03add4b8ce0167480159799f9e0eaad777f2b9067a0dd91d0924fb2d73eaeb0d,scripts/42_r4_multigroupvi.py,.venv-mgvi/Scripts/python scripts/42_r4_multigroupvi.py --config CFG --seed S --threads=3,559568c3d97a79a9f47a0831ebc386ebf84572e4,runs/peerreview_20261004/r4/multigroupvi/shared_d2_rf1.0_s2_done.json
baselines.zip,r4/multigroupvi/shared_d2_rf1.0_s2_doxorubicin_control_median_ig.csv.gz,12358,1d580cdca6ad6bbbe41f4da15279d7350df36f8bc12651db883acc924bb78bca,scripts/42_r4_multigroupvi.py,.venv-mgvi/Scripts/python scripts/42_r4_multigroupvi.py --config CFG --seed S --threads=3,559568c3d97a79a9f47a0831ebc386ebf84572e4,runs/peerreview_20261004/r4/multigroupvi/shared_d2_rf1.0_s2_doxorubicin_control_median_ig.csv.gz
baselines.zip,r4/multigroupvi/shared_d2_rf1.0_s2_doxorubicin_zero_ig.csv.gz,12352,f4507b7c8af91eec5ad456a9d89096e76afba79b7358e43b5e76d1b871acb5ca,scripts/42_r4_multigroupvi.py,.venv-mgvi/Scripts/python scripts/42_r4_multigroupvi.py --config CFG --seed S --threads=3,559568c3d97a79a9f47a0831ebc386ebf84572e4,runs/peerreview_20261004/r4/multigroupvi/shared_d2_rf1.0_s2_doxorubicin_zero_ig.csv.gz
baselines.zip,r4/multigroupvi/shared_d2_rf1.0_s2_ig_recovery.csv,2148,02fe199b329a2eefe37376d2a98f5856075128c0c360aa25ba78a88ca254613f,scripts/42_r4_multigroupvi.py,.venv-mgvi/Scripts/python scripts/42_r4_multigroupvi.py --config CFG --seed S --threads=3,559568c3d97a79a9f47a0831ebc386ebf84572e4,runs/peerreview_20261004/r4/multigroupvi/shared_d2_rf1.0_s2_ig_recovery.csv
baselines.zip,r4/multigroupvi/shared_d2_rf1.0_s2_model/model.pt,6569023,448e4d2e49ee5d7744439c7c728da47b3c1b55f3454f753e8948b6c6a4474160,scripts/42_r4_multigroupvi.py,.venv-mgvi/Scripts/python scripts/42_r4_multigroupvi.py --config CFG --seed S --threads=3,559568c3d97a79a9f47a0831ebc386ebf84572e4,runs/peerreview_20261004/r4/multigroupvi/shared_d2_rf1.0_s2_model/model.pt
baselines.zip,r4/multigroupvi/specific_d1_rf1.0_s0_cisplatin_control_median_ig.csv.gz,14021,5f64a49b55263ff9b89132b04d3e7b3c2dc61156b7f24e615fb9d6656e0c2856,scripts/42_r4_multigroupvi.py,.venv-mgvi/Scripts/python scripts/42_r4_multigroupvi.py --config CFG --seed S --threads=3,559568c3d97a79a9f47a0831ebc386ebf84572e4,runs/peerreview_20261004/r4/multigroupvi/specific_d1_rf1.0_s0_cisplatin_control_median_ig.csv.gz
baselines.zip,r4/multigroupvi/specific_d1_rf1.0_s0_cisplatin_zero_ig.csv.gz,13957,0fe74894b10c8ce4a7cb51f1b1b63b0cfd1213b123751aff64717fa8463efa47,scripts/42_r4_multigroupvi.py,.venv-mgvi/Scripts/python scripts/42_r4_multigroupvi.py --config CFG --seed S --threads=3,559568c3d97a79a9f47a0831ebc386ebf84572e4,runs/peerreview_20261004/r4/multigroupvi/specific_d1_rf1.0_s0_cisplatin_zero_ig.csv.gz
baselines.zip,r4/multigroupvi/specific_d1_rf1.0_s0_done.json,806,77211496a4c4c3f73fa24166695be147c7d46a22080f28ac2b3bcf312665a8c8,scripts/42_r4_multigroupvi.py,.venv-mgvi/Scripts/python scripts/42_r4_multigroupvi.py --config CFG --seed S --threads=3,559568c3d97a79a9f47a0831ebc386ebf84572e4,runs/peerreview_20261004/r4/multigroupvi/specific_d1_rf1.0_s0_done.json
baselines.zip,r4/multigroupvi/specific_d1_rf1.0_s0_doxorubicin_control_median_ig.csv.gz,12412,34c8ad485e8df2922abdda405f5442658ccf22f5faad91a3e2f35b42e5ad961a,scripts/42_r4_multigroupvi.py,.venv-mgvi/Scripts/python scripts/42_r4_multigroupvi.py --config CFG --seed S --threads=3,559568c3d97a79a9f47a0831ebc386ebf84572e4,runs/peerreview_20261004/r4/multigroupvi/specific_d1_rf1.0_s0_doxorubicin_control_median_ig.csv.gz
baselines.zip,r4/multigroupvi/specific_d1_rf1.0_s0_doxorubicin_zero_ig.csv.gz,12362,3911eb867d7d10c6ece279006683052fc6a6d6f7bebfe906bcdd717fdc98b215,scripts/42_r4_multigroupvi.py,.venv-mgvi/Scripts/python scripts/42_r4_multigroupvi.py --config CFG --seed S --threads=3,559568c3d97a79a9f47a0831ebc386ebf84572e4,runs/peerreview_20261004/r4/multigroupvi/specific_d1_rf1.0_s0_doxorubicin_zero_ig.csv.gz
baselines.zip,r4/multigroupvi/specific_d1_rf1.0_s0_ig_recovery.csv,2140,7710c3b08bb7a3d8d1c6ade435979941bdff0e3c72ba6aa83389dac06c9ec55f,scripts/42_r4_multigroupvi.py,.venv-mgvi/Scripts/python scripts/42_r4_multigroupvi.py --config CFG --seed S --threads=3,559568c3d97a79a9f47a0831ebc386ebf84572e4,runs/peerreview_20261004/r4/multigroupvi/specific_d1_rf1.0_s0_ig_recovery.csv
baselines.zip,r4/multigroupvi/specific_d1_rf1.0_s0_model/model.pt,6569023,168c0b7c5b7d4aa350969b4d6babb2ce7ff02e86256794c0505ba802c725b156,scripts/42_r4_multigroupvi.py,.venv-mgvi/Scripts/python scripts/42_r4_multigroupvi.py --config CFG --seed S --threads=3,559568c3d97a79a9f47a0831ebc386ebf84572e4,runs/peerreview_20261004/r4/multigroupvi/specific_d1_rf1.0_s0_model/model.pt
baselines.zip,r4/multigroupvi/specific_d1_rf1.0_s1_cisplatin_control_median_ig.csv.gz,13965,a76640d3a27f8d040fddb555e0cff86135772e207b771b1fbb37ac2b90f09425,scripts/42_r4_multigroupvi.py,.venv-mgvi/Scripts/python scripts/42_r4_multigroupvi.py --config CFG --seed S --threads=3,559568c3d97a79a9f47a0831ebc386ebf84572e4,runs/peerreview_20261004/r4/multigroupvi/specific_d1_rf1.0_s1_cisplatin_control_median_ig.csv.gz
baselines.zip,r4/multigroupvi/specific_d1_rf1.0_s1_cisplatin_zero_ig.csv.gz,13947,50a3af0bf2c0d1c5a76d8579892041dd34659ae791c41fbcfee3ee8b36bba70d,scripts/42_r4_multigroupvi.py,.venv-mgvi/Scripts/python scripts/42_r4_multigroupvi.py --config CFG --seed S --threads=3,559568c3d97a79a9f47a0831ebc386ebf84572e4,runs/peerreview_20261004/r4/multigroupvi/specific_d1_rf1.0_s1_cisplatin_zero_ig.csv.gz
baselines.zip,r4/multigroupvi/specific_d1_rf1.0_s1_done.json,805,3ac32180ebc72841cfa6c2b859455a34c4dbcb613609f5bd08427c6bb0c0de8b,scripts/42_r4_multigroupvi.py,.venv-mgvi/Scripts/python scripts/42_r4_multigroupvi.py --config CFG --seed S --threads=3,559568c3d97a79a9f47a0831ebc386ebf84572e4,runs/peerreview_20261004/r4/multigroupvi/specific_d1_rf1.0_s1_done.json
baselines.zip,r4/multigroupvi/specific_d1_rf1.0_s1_doxorubicin_control_median_ig.csv.gz,12398,dd9051a3e1c7936b38866bb5a2fe57e42bb6cf906a49511cd0bec6c057056aae,scripts/42_r4_multigroupvi.py,.venv-mgvi/Scripts/python scripts/42_r4_multigroupvi.py --config CFG --seed S --threads=3,559568c3d97a79a9f47a0831ebc386ebf84572e4,runs/peerreview_20261004/r4/multigroupvi/specific_d1_rf1.0_s1_doxorubicin_control_median_ig.csv.gz
baselines.zip,r4/multigroupvi/specific_d1_rf1.0_s1_doxorubicin_zero_ig.csv.gz,12349,9a68f9205505c205a3dc56257fc3e386166e989e424c2f12fee9aaf971067591,scripts/42_r4_multigroupvi.py,.venv-mgvi/Scripts/python scripts/42_r4_multigroupvi.py --config CFG --seed S --threads=3,559568c3d97a79a9f47a0831ebc386ebf84572e4,runs/peerreview_20261004/r4/multigroupvi/specific_d1_rf1.0_s1_doxorubicin_zero_ig.csv.gz
baselines.zip,r4/multigroupvi/specific_d1_rf1.0_s1_ig_recovery.csv,2135,5f9e0d3fdd92150128622969cb4e6e5d82fa063960aa54e417b4e275da246271,scripts/42_r4_multigroupvi.py,.venv-mgvi/Scripts/python scripts/42_r4_multigroupvi.py --config CFG --seed S --threads=3,559568c3d97a79a9f47a0831ebc386ebf84572e4,runs/peerreview_20261004/r4/multigroupvi/specific_d1_rf1.0_s1_ig_recovery.csv
baselines.zip,r4/multigroupvi/specific_d1_rf1.0_s1_model/model.pt,6569023,a12fccbdf57fc13c091a10619fb647d7785bb43d99a2c179717b20913f71ca26,scripts/42_r4_multigroupvi.py,.venv-mgvi/Scripts/python scripts/42_r4_multigroupvi.py --config CFG --seed S --threads=3,559568c3d97a79a9f47a0831ebc386ebf84572e4,runs/peerreview_20261004/r4/multigroupvi/specific_d1_rf1.0_s1_model/model.pt
baselines.zip,r4/multigroupvi/specific_d1_rf1.0_s2_cisplatin_control_median_ig.csv.gz,14059,179d8f18e364aa984ee697bd0b3f99d4bf8e4b2ff28e134b2e6060b270c09925,scripts/42_r4_multigroupvi.py,.venv-mgvi/Scripts/python scripts/42_r4_multigroupvi.py --config CFG --seed S --threads=3,559568c3d97a79a9f47a0831ebc386ebf84572e4,runs/peerreview_20261004/r4/multigroupvi/specific_d1_rf1.0_s2_cisplatin_control_median_ig.csv.gz
baselines.zip,r4/multigroupvi/specific_d1_rf1.0_s2_cisplatin_zero_ig.csv.gz,14043,6603021fc63e038bfb7b112351570570d11e435645575cf945d65b329f20a9aa,scripts/42_r4_multigroupvi.py,.venv-mgvi/Scripts/python scripts/42_r4_multigroupvi.py --config CFG --seed S --threads=3,559568c3d97a79a9f47a0831ebc386ebf84572e4,runs/peerreview_20261004/r4/multigroupvi/specific_d1_rf1.0_s2_cisplatin_zero_ig.csv.gz
baselines.zip,r4/multigroupvi/specific_d1_rf1.0_s2_done.json,805,36e0fe032d6b9930202c5ec3d3d882181e29fe7e20638aec027d1553bf80977e,scripts/42_r4_multigroupvi.py,.venv-mgvi/Scripts/python scripts/42_r4_multigroupvi.py --config CFG --seed S --threads=3,559568c3d97a79a9f47a0831ebc386ebf84572e4,runs/peerreview_20261004/r4/multigroupvi/specific_d1_rf1.0_s2_done.json
baselines.zip,r4/multigroupvi/specific_d1_rf1.0_s2_doxorubicin_control_median_ig.csv.gz,12362,03dc0e1da63ea7c26c1c1dd666ab23afc323ae1dd1750547120ccb457e33a661,scripts/42_r4_multigroupvi.py,.venv-mgvi/Scripts/python scripts/42_r4_multigroupvi.py --config CFG --seed S --threads=3,559568c3d97a79a9f47a0831ebc386ebf84572e4,runs/peerreview_20261004/r4/multigroupvi/specific_d1_rf1.0_s2_doxorubicin_control_median_ig.csv.gz
baselines.zip,r4/multigroupvi/specific_d1_rf1.0_s2_doxorubicin_zero_ig.csv.gz,12342,23855e67b44712c2ab5a339f3d1f16067dd88a81367f11f1e1c4c3668f56543e,scripts/42_r4_multigroupvi.py,.venv-mgvi/Scripts/python scripts/42_r4_multigroupvi.py --config CFG --seed S --threads=3,559568c3d97a79a9f47a0831ebc386ebf84572e4,runs/peerreview_20261004/r4/multigroupvi/specific_d1_rf1.0_s2_doxorubicin_zero_ig.csv.gz
baselines.zip,r4/multigroupvi/specific_d1_rf1.0_s2_ig_recovery.csv,2150,8776610b2a7700bb7faa2dd0d432a90cfaada6521f1955c5041ee5bfaaae7600,scripts/42_r4_multigroupvi.py,.venv-mgvi/Scripts/python scripts/42_r4_multigroupvi.py --config CFG --seed S --threads=3,559568c3d97a79a9f47a0831ebc386ebf84572e4,runs/peerreview_20261004/r4/multigroupvi/specific_d1_rf1.0_s2_ig_recovery.csv
baselines.zip,r4/multigroupvi/specific_d1_rf1.0_s2_model/model.pt,6569023,73b41badf24f4c7c5711ec2fe0380183c426f404f3af3296f6ef931e3a071889,scripts/42_r4_multigroupvi.py,.venv-mgvi/Scripts/python scripts/42_r4_multigroupvi.py --config CFG --seed S --threads=3,559568c3d97a79a9f47a0831ebc386ebf84572e4,runs/peerreview_20261004/r4/multigroupvi/specific_d1_rf1.0_s2_model/model.pt
baselines.zip,r4/multigroupvi/specific_d2_rf1.0_s0_cisplatin_control_median_ig.csv.gz,14001,351a06eef938f54b56c5a89159a557e938b344013ab91d4c7fdbea152feac544,scripts/42_r4_multigroupvi.py,.venv-mgvi/Scripts/python scripts/42_r4_multigroupvi.py --config CFG --seed S --threads=3,559568c3d97a79a9f47a0831ebc386ebf84572e4,runs/peerreview_20261004/r4/multigroupvi/specific_d2_rf1.0_s0_cisplatin_control_median_ig.csv.gz
baselines.zip,r4/multigroupvi/specific_d2_rf1.0_s0_cisplatin_zero_ig.csv.gz,14000,fc317ce36125e5fbe9a1d4a42592170274928b701522dd32e131c19777abe1f7,scripts/42_r4_multigroupvi.py,.venv-mgvi/Scripts/python scripts/42_r4_multigroupvi.py --config CFG --seed S --threads=3,559568c3d97a79a9f47a0831ebc386ebf84572e4,runs/peerreview_20261004/r4/multigroupvi/specific_d2_rf1.0_s0_cisplatin_zero_ig.csv.gz
baselines.zip,r4/multigroupvi/specific_d2_rf1.0_s0_done.json,807,bffc9dc2e13a08c9dad9eec1060277ffc2fc5a7f1ea88174456e8b584932b009,scripts/42_r4_multigroupvi.py,.venv-mgvi/Scripts/python scripts/42_r4_multigroupvi.py --config CFG --seed S --threads=3,559568c3d97a79a9f47a0831ebc386ebf84572e4,runs/peerreview_20261004/r4/multigroupvi/specific_d2_rf1.0_s0_done.json
baselines.zip,r4/multigroupvi/specific_d2_rf1.0_s0_doxorubicin_control_median_ig.csv.gz,12377,a460aaf75734c789cb95c59255ba46dfc4f111dffff35820a09e87caad36334f,scripts/42_r4_multigroupvi.py,.venv-mgvi/Scripts/python scripts/42_r4_multigroupvi.py --config CFG --seed S --threads=3,559568c3d97a79a9f47a0831ebc386ebf84572e4,runs/peerreview_20261004/r4/multigroupvi/specific_d2_rf1.0_s0_doxorubicin_control_median_ig.csv.gz
baselines.zip,r4/multigroupvi/specific_d2_rf1.0_s0_doxorubicin_zero_ig.csv.gz,12362,d944b56fd772269e0c2fb885b3b96b06d2a85af630e22e4b698f3777d02d6d02,scripts/42_r4_multigroupvi.py,.venv-mgvi/Scripts/python scripts/42_r4_multigroupvi.py --config CFG --seed S --threads=3,559568c3d97a79a9f47a0831ebc386ebf84572e4,runs/peerreview_20261004/r4/multigroupvi/specific_d2_rf1.0_s0_doxorubicin_zero_ig.csv.gz
baselines.zip,r4/multigroupvi/specific_d2_rf1.0_s0_ig_recovery.csv,2145,95645fc47bcd01f2c9b598e2cc81dd601d0e5f6e0a94a010271d5f241cd73dc2,scripts/42_r4_multigroupvi.py,.venv-mgvi/Scripts/python scripts/42_r4_multigroupvi.py --config CFG --seed S --threads=3,559568c3d97a79a9f47a0831ebc386ebf84572e4,runs/peerreview_20261004/r4/multigroupvi/specific_d2_rf1.0_s0_ig_recovery.csv
baselines.zip,r4/multigroupvi/specific_d2_rf1.0_s0_model/model.pt,6569023,141d6b009ce34ca96bea23e7be66aaf2e462d43b758a41b5cb3a07b0d90215f4,scripts/42_r4_multigroupvi.py,.venv-mgvi/Scripts/python scripts/42_r4_multigroupvi.py --config CFG --seed S --threads=3,559568c3d97a79a9f47a0831ebc386ebf84572e4,runs/peerreview_20261004/r4/multigroupvi/specific_d2_rf1.0_s0_model/model.pt
baselines.zip,r4/multigroupvi/specific_d2_rf1.0_s1_cisplatin_control_median_ig.csv.gz,13988,443f8ef9291dbcf98da34ca414413cba4e14aca64172004cf4ec5b5a5daf7a49,scripts/42_r4_multigroupvi.py,.venv-mgvi/Scripts/python scripts/42_r4_multigroupvi.py --config CFG --seed S --threads=3,559568c3d97a79a9f47a0831ebc386ebf84572e4,runs/peerreview_20261004/r4/multigroupvi/specific_d2_rf1.0_s1_cisplatin_control_median_ig.csv.gz
baselines.zip,r4/multigroupvi/specific_d2_rf1.0_s1_cisplatin_zero_ig.csv.gz,14016,185b794189d1a99b047749e9de9faa335e731a391a5edab5aa599fb734135404,scripts/42_r4_multigroupvi.py,.venv-mgvi/Scripts/python scripts/42_r4_multigroupvi.py --config CFG --seed S --threads=3,559568c3d97a79a9f47a0831ebc386ebf84572e4,runs/peerreview_20261004/r4/multigroupvi/specific_d2_rf1.0_s1_cisplatin_zero_ig.csv.gz
baselines.zip,r4/multigroupvi/specific_d2_rf1.0_s1_done.json,805,c3e48b8ce1b8cab074175849e1adfd4000ddbf1295fc8a008adb929264ad5718,scripts/42_r4_multigroupvi.py,.venv-mgvi/Scripts/python scripts/42_r4_multigroupvi.py --config CFG --seed S --threads=3,559568c3d97a79a9f47a0831ebc386ebf84572e4,runs/peerreview_20261004/r4/multigroupvi/specific_d2_rf1.0_s1_done.json
baselines.zip,r4/multigroupvi/specific_d2_rf1.0_s1_doxorubicin_control_median_ig.csv.gz,12372,e5e66a5df974b459acb4c290d83571f24d09f2a92142cec2c0e0e24649ec274c,scripts/42_r4_multigroupvi.py,.venv-mgvi/Scripts/python scripts/42_r4_multigroupvi.py --config CFG --seed S --threads=3,559568c3d97a79a9f47a0831ebc386ebf84572e4,runs/peerreview_20261004/r4/multigroupvi/specific_d2_rf1.0_s1_doxorubicin_control_median_ig.csv.gz
baselines.zip,r4/multigroupvi/specific_d2_rf1.0_s1_doxorubicin_zero_ig.csv.gz,12360,ce2e9760e5c2c0d677ab44348ed734e0a90af96440e65c2d4d35df2edd314015,scripts/42_r4_multigroupvi.py,.venv-mgvi/Scripts/python scripts/42_r4_multigroupvi.py --config CFG --seed S --threads=3,559568c3d97a79a9f47a0831ebc386ebf84572e4,runs/peerreview_20261004/r4/multigroupvi/specific_d2_rf1.0_s1_doxorubicin_zero_ig.csv.gz
baselines.zip,r4/multigroupvi/specific_d2_rf1.0_s1_ig_recovery.csv,2120,8d7c341f159584eb82b29a8e0b259b013fb7e32ce4cd9fff0f4b1d2cc2fc333b,scripts/42_r4_multigroupvi.py,.venv-mgvi/Scripts/python scripts/42_r4_multigroupvi.py --config CFG --seed S --threads=3,559568c3d97a79a9f47a0831ebc386ebf84572e4,runs/peerreview_20261004/r4/multigroupvi/specific_d2_rf1.0_s1_ig_recovery.csv
baselines.zip,r4/multigroupvi/specific_d2_rf1.0_s1_model/model.pt,6569023,645c690bafcfd8516da9314ec66fb52c45f9ea369c7a5e8c7ba37bdbcd724e95,scripts/42_r4_multigroupvi.py,.venv-mgvi/Scripts/python scripts/42_r4_multigroupvi.py --config CFG --seed S --threads=3,559568c3d97a79a9f47a0831ebc386ebf84572e4,runs/peerreview_20261004/r4/multigroupvi/specific_d2_rf1.0_s1_model/model.pt
baselines.zip,r4/multigroupvi/specific_d2_rf1.0_s2_cisplatin_control_median_ig.csv.gz,14022,ff02ef015c96aa1b3bc1d1125a83f75bacaf8b64e8593b4ce3f57e8fa0c45d98,scripts/42_r4_multigroupvi.py,.venv-mgvi/Scripts/python scripts/42_r4_multigroupvi.py --config CFG --seed S --threads=3,559568c3d97a79a9f47a0831ebc386ebf84572e4,runs/peerreview_20261004/r4/multigroupvi/specific_d2_rf1.0_s2_cisplatin_control_median_ig.csv.gz
baselines.zip,r4/multigroupvi/specific_d2_rf1.0_s2_cisplatin_zero_ig.csv.gz,14043,d5b987d657d221e160d7ff4dc7a52c06153333c0eaf91b47243a5531d6ea04f9,scripts/42_r4_multigroupvi.py,.venv-mgvi/Scripts/python scripts/42_r4_multigroupvi.py --config CFG --seed S --threads=3,559568c3d97a79a9f47a0831ebc386ebf84572e4,runs/peerreview_20261004/r4/multigroupvi/specific_d2_rf1.0_s2_cisplatin_zero_ig.csv.gz
baselines.zip,r4/multigroupvi/specific_d2_rf1.0_s2_done.json,808,a80c84a9bb29e5bbb514c095c123ce24f28b3854aef6d22086f10b2717b125ab,scripts/42_r4_multigroupvi.py,.venv-mgvi/Scripts/python scripts/42_r4_multigroupvi.py --config CFG --seed S --threads=3,559568c3d97a79a9f47a0831ebc386ebf84572e4,runs/peerreview_20261004/r4/multigroupvi/specific_d2_rf1.0_s2_done.json
baselines.zip,r4/multigroupvi/specific_d2_rf1.0_s2_doxorubicin_control_median_ig.csv.gz,12387,f77506270d0d8101ef54be56218d1ec192ebb63f7a74988fdcee5a408d326235,scripts/42_r4_multigroupvi.py,.venv-mgvi/Scripts/python scripts/42_r4_multigroupvi.py --config CFG --seed S --threads=3,559568c3d97a79a9f47a0831ebc386ebf84572e4,runs/peerreview_20261004/r4/multigroupvi/specific_d2_rf1.0_s2_doxorubicin_control_median_ig.csv.gz
baselines.zip,r4/multigroupvi/specific_d2_rf1.0_s2_doxorubicin_zero_ig.csv.gz,12310,743c0c5bcd070b24b77ec56ee21f3e0e82e3e52bb0a8b405f1e4ead832737290,scripts/42_r4_multigroupvi.py,.venv-mgvi/Scripts/python scripts/42_r4_multigroupvi.py --config CFG --seed S --threads=3,559568c3d97a79a9f47a0831ebc386ebf84572e4,runs/peerreview_20261004/r4/multigroupvi/specific_d2_rf1.0_s2_doxorubicin_zero_ig.csv.gz
baselines.zip,r4/multigroupvi/specific_d2_rf1.0_s2_ig_recovery.csv,2134,1c6ab32590e0805aeb212d8c4a5e2e7ecaaa06ae025278b3c912fce6f9bfd969,scripts/42_r4_multigroupvi.py,.venv-mgvi/Scripts/python scripts/42_r4_multigroupvi.py --config CFG --seed S --threads=3,559568c3d97a79a9f47a0831ebc386ebf84572e4,runs/peerreview_20261004/r4/multigroupvi/specific_d2_rf1.0_s2_ig_recovery.csv
baselines.zip,r4/multigroupvi/specific_d2_rf1.0_s2_model/model.pt,6569023,eaf6096c154b86261dfc2d2ae7a053e10bd5c64a7fb9b8fae40e54d0fe1910df,scripts/42_r4_multigroupvi.py,.venv-mgvi/Scripts/python scripts/42_r4_multigroupvi.py --config CFG --seed S --threads=3,559568c3d97a79a9f47a0831ebc386ebf84572e4,runs/peerreview_20261004/r4/multigroupvi/specific_d2_rf1.0_s2_model/model.pt
marker_list.zip,C1_marker_list.csv,343116,d442f88be962fd5060f8d95010904edeebae47cc6bd7c38adf03ecf63bb9c2e0,scripts/26_c1_marker_list.py,.venv/Scripts/python scripts/26_c1_marker_list.py,3690ba79af08faa606b432b135a9e6050dd6703b,analysis/peerreview_20261003/C1_marker_list.csv
marker_list.zip,C1_marker_sources.json,7151,4e18571a1aa1fe8df4d2aecbc02b848f1858068675dbbf7183117d41514db955,scripts/26_c1_marker_list.py,.venv/Scripts/python scripts/26_c1_marker_list.py,3690ba79af08faa606b432b135a9e6050dd6703b,analysis/peerreview_20261003/C1_marker_sources.json
