config,scenario,delta,responder_fraction,study,representation,label,responder_set,value_mean,value_sd,min,max,quantity,table,set,direction,injected,observed_mean,observed_sd,reconstructed_mean,reconstructed_sd,ratio_mean,ratio_sd,expected_effect_ln
null,null,0.0,,GSE216146,bg,pseudo_treated_vs_pseudo_control,,0.4920041608083856,0.005175212300486289,0.48651452282157676,0.49679366276876646,probe_balanced_accuracy,probes,,,,,,,,,,
null,null,0.0,,GSE216146,bg,responders_vs_other_cells_of_study,1.0,0.4920041608083856,0.005175212300486289,0.48651452282157676,0.49679366276876646,probe_balanced_accuracy,probes,,,,,,,,,,
null,null,0.0,,GSE216146,bg,responders_vs_other_cells_of_study,0.3,0.45567633648318245,0.006722539164252859,0.4508689618714069,0.4633582237494218,probe_balanced_accuracy,probes,,,,,,,,,,
null,null,0.0,,GSE216146,raw_shared,pseudo_treated_vs_pseudo_control,,0.4981767886332202,0.011122982104434043,0.48672027708240456,0.5089331641576078,probe_balanced_accuracy,probes,,,,,,,,,,
null,null,0.0,,GSE216146,raw_shared,responders_vs_other_cells_of_study,1.0,0.4981767886332202,0.011122982104434043,0.48672027708240456,0.5089331641576078,probe_balanced_accuracy,probes,,,,,,,,,,
null,null,0.0,,GSE216146,raw_shared,responders_vs_other_cells_of_study,0.3,0.4251360162118108,0.012811033623795896,0.4109066278992929,0.4357529901539682,probe_balanced_accuracy,probes,,,,,,,,,,
null,null,0.0,,GSE216146,raw_drug,pseudo_treated_vs_pseudo_control,,0.5125738714950333,0.005199610492610663,0.5070642296217551,0.5173948081341517,probe_balanced_accuracy,probes,,,,,,,,,,
null,null,0.0,,GSE216146,raw_drug,responders_vs_other_cells_of_study,1.0,0.5125738714950333,0.005199610492610663,0.5070642296217551,0.5173948081341517,probe_balanced_accuracy,probes,,,,,,,,,,
null,null,0.0,,GSE216146,raw_drug,responders_vs_other_cells_of_study,0.3,0.47604572787946875,0.029897829254436792,0.4443765281173594,0.503783122976277,probe_balanced_accuracy,probes,,,,,,,,,,
null,null,0.0,,GSE271055,bg,pseudo_treated_vs_pseudo_control,,0.4834390415785765,0.010046918554885986,0.47357293868921774,0.49365750528541225,probe_balanced_accuracy,probes,,,,,,,,,,
null,null,0.0,,GSE271055,bg,responders_vs_other_cells_of_study,1.0,0.4834390415785765,0.010046918554885986,0.47357293868921774,0.49365750528541225,probe_balanced_accuracy,probes,,,,,,,,,,
null,null,0.0,,GSE271055,bg,responders_vs_other_cells_of_study,0.3,0.512476689719983,0.04123945700542755,0.4688692128100084,0.5508479802651866,probe_balanced_accuracy,probes,,,,,,,,,,
null,null,0.0,,GSE271055,raw_shared,pseudo_treated_vs_pseudo_control,,0.4957716701902748,0.0010570824524313016,0.4947145877378435,0.4968287526427061,probe_balanced_accuracy,probes,,,,,,,,,,
null,null,0.0,,GSE271055,raw_shared,responders_vs_other_cells_of_study,1.0,0.4957716701902748,0.0010570824524313016,0.4947145877378435,0.4968287526427061,probe_balanced_accuracy,probes,,,,,,,,,,
null,null,0.0,,GSE271055,raw_shared,responders_vs_other_cells_of_study,0.3,0.5092154530637417,0.019000367168619053,0.48763931104356634,0.5234483062420158,probe_balanced_accuracy,probes,,,,,,,,,,
null,null,0.0,,GSE271055,raw_drug,pseudo_treated_vs_pseudo_control,,0.49894291754756875,0.036755472834489905,0.459830866807611,0.53276955602537,probe_balanced_accuracy,probes,,,,,,,,,,
null,null,0.0,,GSE271055,raw_drug,responders_vs_other_cells_of_study,1.0,0.49894291754756875,0.036755472834489905,0.459830866807611,0.53276955602537,probe_balanced_accuracy,probes,,,,,,,,,,
null,null,0.0,,GSE271055,raw_drug,responders_vs_other_cells_of_study,0.3,0.497166057295567,0.03861758575733369,0.453680454605524,0.5274569402228977,probe_balanced_accuracy,probes,,,,,,,,,,
shared_d0.25_rf1.0,shared,0.25,1.0,GSE216146,bg,pseudo_treated_vs_pseudo_control,,0.49823965799069536,0.015499353728609454,0.4823994376050204,0.5133740269538082,probe_balanced_accuracy,probes,,,,,,,,,,
shared_d0.25_rf1.0,shared,0.25,1.0,GSE216146,bg,responders_vs_other_cells_of_study,1.0,0.49823965799069536,0.015499353728609454,0.4823994376050204,0.5133740269538082,probe_balanced_accuracy,probes,,,,,,,,,,
shared_d0.25_rf1.0,shared,0.25,1.0,GSE216146,raw_shared,pseudo_treated_vs_pseudo_control,,0.4891407473451985,0.0048501467513960405,0.48600871026370834,0.4947275470662872,probe_balanced_accuracy,probes,,,,,,,,,,
shared_d0.25_rf1.0,shared,0.25,1.0,GSE216146,raw_shared,responders_vs_other_cells_of_study,1.0,0.4891407473451985,0.0048501467513960405,0.48600871026370834,0.4947275470662872,probe_balanced_accuracy,probes,,,,,,,,,,
shared_d0.25_rf1.0,shared,0.25,1.0,GSE216146,raw_drug,pseudo_treated_vs_pseudo_control,,0.5019518077797972,0.008346343480405576,0.4943160385446315,0.5108621103528685,probe_balanced_accuracy,probes,,,,,,,,,,
shared_d0.25_rf1.0,shared,0.25,1.0,GSE216146,raw_drug,responders_vs_other_cells_of_study,1.0,0.5019518077797972,0.008346343480405576,0.4943160385446315,0.5108621103528685,probe_balanced_accuracy,probes,,,,,,,,,,
shared_d0.25_rf1.0,shared,0.25,1.0,GSE271055,bg,pseudo_treated_vs_pseudo_control,,0.4866102889358703,0.0070384018165743625,0.4820295983086681,0.4947145877378435,probe_balanced_accuracy,probes,,,,,,,,,,
shared_d0.25_rf1.0,shared,0.25,1.0,GSE271055,bg,responders_vs_other_cells_of_study,1.0,0.4866102889358703,0.0070384018165743625,0.4820295983086681,0.4947145877378435,probe_balanced_accuracy,probes,,,,,,,,,,
shared_d0.25_rf1.0,shared,0.25,1.0,GSE271055,raw_shared,pseudo_treated_vs_pseudo_control,,0.49682875264270615,0.0200845665961945,0.4799154334038055,0.5190274841437632,probe_balanced_accuracy,probes,,,,,,,,,,
shared_d0.25_rf1.0,shared,0.25,1.0,GSE271055,raw_shared,responders_vs_other_cells_of_study,1.0,0.49682875264270615,0.0200845665961945,0.4799154334038055,0.5190274841437632,probe_balanced_accuracy,probes,,,,,,,,,,
shared_d0.25_rf1.0,shared,0.25,1.0,GSE271055,raw_drug,pseudo_treated_vs_pseudo_control,,0.5049330514446794,0.0012206136769336194,0.5042283298097252,0.5063424947145877,probe_balanced_accuracy,probes,,,,,,,,,,
shared_d0.25_rf1.0,shared,0.25,1.0,GSE271055,raw_drug,responders_vs_other_cells_of_study,1.0,0.5049330514446794,0.0012206136769336194,0.5042283298097252,0.5063424947145877,probe_balanced_accuracy,probes,,,,,,,,,,
shared_d0.25_rf0.3,shared,0.25,0.3,GSE216146,bg,pseudo_treated_vs_pseudo_control,,0.5030234445549421,0.0108388912676481,0.49482185110249993,0.5153115462432701,probe_balanced_accuracy,probes,,,,,,,,,,
shared_d0.25_rf0.3,shared,0.25,0.3,GSE216146,bg,responders_vs_other_cells_of_study,0.3,0.4548613405581621,0.03669092151310667,0.42957443996563804,0.49694376528117357,probe_balanced_accuracy,probes,,,,,,,,,,
shared_d0.25_rf0.3,shared,0.25,0.3,GSE216146,raw_shared,pseudo_treated_vs_pseudo_control,,0.5128739297920739,0.004064608146970834,0.5096704502589074,0.5174462466993588,probe_balanced_accuracy,probes,,,,,,,,,,
shared_d0.25_rf0.3,shared,0.25,0.3,GSE216146,raw_shared,responders_vs_other_cells_of_study,0.3,0.5112227141566995,0.016426436665211805,0.4929624000528646,0.5247968016916672,probe_balanced_accuracy,probes,,,,,,,,,,
shared_d0.25_rf0.3,shared,0.25,0.3,GSE216146,raw_drug,pseudo_treated_vs_pseudo_control,,0.5109049758238743,0.014799437799342043,0.4984225506669867,0.5272538664654847,probe_balanced_accuracy,probes,,,,,,,,,,
shared_d0.25_rf0.3,shared,0.25,0.3,GSE216146,raw_drug,responders_vs_other_cells_of_study,0.3,0.4839423775854093,0.04494438123923794,0.43581907090464544,0.5248298420670059,probe_balanced_accuracy,probes,,,,,,,,,,
shared_d0.25_rf0.3,shared,0.25,0.3,GSE271055,bg,pseudo_treated_vs_pseudo_control,,0.4880197322057787,0.0026602658334287372,0.48520084566596194,0.4904862579281184,probe_balanced_accuracy,probes,,,,,,,,,,
shared_d0.25_rf0.3,shared,0.25,0.3,GSE271055,bg,responders_vs_other_cells_of_study,0.3,0.5048426647871606,0.02332453160275746,0.47798334875115633,0.519994713889256,probe_balanced_accuracy,probes,,,,,,,,,,
shared_d0.25_rf0.3,shared,0.25,0.3,GSE271055,raw_shared,pseudo_treated_vs_pseudo_control,,0.5049330514446794,0.008990381129086063,0.49471458773784355,0.5116279069767442,probe_balanced_accuracy,probes,,,,,,,,,,
shared_d0.25_rf0.3,shared,0.25,0.3,GSE271055,raw_shared,responders_vs_other_cells_of_study,0.3,0.5065841446044962,0.006884676348620347,0.4992247037575437,0.5128672745694023,probe_balanced_accuracy,probes,,,,,,,,,,
shared_d0.25_rf0.3,shared,0.25,0.3,GSE271055,raw_drug,pseudo_treated_vs_pseudo_control,,0.4837914023960536,0.018227649269031105,0.4640591966173362,0.5,probe_balanced_accuracy,probes,,,,,,,,,,
shared_d0.25_rf0.3,shared,0.25,0.3,GSE271055,raw_drug,responders_vs_other_cells_of_study,0.3,0.508237522576098,0.016855715374085325,0.49054226686049074,0.5241046649927317,probe_balanced_accuracy,probes,,,,,,,,,,
shared_d0.5_rf1.0,shared,0.5,1.0,GSE216146,bg,pseudo_treated_vs_pseudo_control,,0.48723180503640706,0.012612045326366868,0.47624395596858815,0.5010030520215356,probe_balanced_accuracy,probes,,,,,,,,,,
shared_d0.5_rf1.0,shared,0.5,1.0,GSE216146,bg,responders_vs_other_cells_of_study,1.0,0.48723180503640706,0.012612045326366868,0.47624395596858815,0.5010030520215356,probe_balanced_accuracy,probes,,,,,,,,,,
shared_d0.5_rf1.0,shared,0.5,1.0,GSE216146,raw_shared,pseudo_treated_vs_pseudo_control,,0.5114536538527485,0.0191362889179975,0.49488186276190804,0.5323977229861802,probe_balanced_accuracy,probes,,,,,,,,,,
shared_d0.5_rf1.0,shared,0.5,1.0,GSE216146,raw_shared,responders_vs_other_cells_of_study,1.0,0.5114536538527485,0.0191362889179975,0.49488186276190804,0.5323977229861802,probe_balanced_accuracy,probes,,,,,,,,,,
shared_d0.5_rf1.0,shared,0.5,1.0,GSE216146,raw_drug,pseudo_treated_vs_pseudo_control,,0.5029491444051987,0.01958332112803675,0.48065052638798395,0.517351942663146,probe_balanced_accuracy,probes,,,,,,,,,,
shared_d0.5_rf1.0,shared,0.5,1.0,GSE216146,raw_drug,responders_vs_other_cells_of_study,1.0,0.5029491444051987,0.01958332112803675,0.48065052638798395,0.517351942663146,probe_balanced_accuracy,probes,,,,,,,,,,
shared_d0.5_rf1.0,shared,0.5,1.0,GSE271055,bg,pseudo_treated_vs_pseudo_control,,0.48202959830866804,0.008652592782106174,0.4725158562367865,0.4894291754756871,probe_balanced_accuracy,probes,,,,,,,,,,
shared_d0.5_rf1.0,shared,0.5,1.0,GSE271055,bg,responders_vs_other_cells_of_study,1.0,0.48202959830866804,0.008652592782106174,0.4725158562367865,0.4894291754756871,probe_balanced_accuracy,probes,,,,,,,,,,
shared_d0.5_rf1.0,shared,0.5,1.0,GSE271055,raw_shared,pseudo_treated_vs_pseudo_control,,0.5091613812544046,0.00821083875809094,0.5,0.5158562367864693,probe_balanced_accuracy,probes,,,,,,,,,,
shared_d0.5_rf1.0,shared,0.5,1.0,GSE271055,raw_shared,responders_vs_other_cells_of_study,1.0,0.5091613812544046,0.00821083875809094,0.5,0.5158562367864693,probe_balanced_accuracy,probes,,,,,,,,,,
shared_d0.5_rf1.0,shared,0.5,1.0,GSE271055,raw_drug,pseudo_treated_vs_pseudo_control,,0.5077519379844961,0.029262924167716135,0.4767441860465116,0.5348837209302326,probe_balanced_accuracy,probes,,,,,,,,,,
shared_d0.5_rf1.0,shared,0.5,1.0,GSE271055,raw_drug,responders_vs_other_cells_of_study,1.0,0.5077519379844961,0.029262924167716135,0.4767441860465116,0.5348837209302326,probe_balanced_accuracy,probes,,,,,,,,,,
shared_d0.5_rf0.3,shared,0.5,0.3,GSE216146,bg,pseudo_treated_vs_pseudo_control,,0.5064183898586011,0.00321227254055367,0.5029234251225952,0.5092417955488495,probe_balanced_accuracy,probes,,,,,,,,,,
shared_d0.5_rf0.3,shared,0.5,0.3,GSE216146,bg,responders_vs_other_cells_of_study,0.3,0.4683748540716756,0.015743507714785335,0.45100112337276155,0.4816956320623802,probe_balanced_accuracy,probes,,,,,,,,,,
shared_d0.5_rf0.3,shared,0.5,0.3,GSE216146,raw_shared,pseudo_treated_vs_pseudo_control,,0.49685081673010756,0.005515147750263538,0.49271286992901475,0.5031120331950207,probe_balanced_accuracy,probes,,,,,,,,,,
shared_d0.5_rf0.3,shared,0.5,0.3,GSE216146,raw_shared,responders_vs_other_cells_of_study,0.3,0.47322628251723603,0.042497296823549316,0.4270633714398996,0.5107216017973963,probe_balanced_accuracy,probes,,,,,,,,,,
shared_d0.5_rf0.3,shared,0.5,0.3,GSE216146,raw_drug,pseudo_treated_vs_pseudo_control,,0.5105449058674257,0.011819971557066234,0.5007630053839032,0.5236788861836014,probe_balanced_accuracy,probes,,,,,,,,,,
shared_d0.5_rf0.3,shared,0.5,0.3,GSE216146,raw_drug,responders_vs_other_cells_of_study,0.3,0.43723430031498495,0.017702800112105573,0.41966232736403886,0.45506508953941716,probe_balanced_accuracy,probes,,,,,,,,,,
shared_d0.5_rf0.3,shared,0.5,0.3,GSE271055,bg,pseudo_treated_vs_pseudo_control,,0.48484848484848486,0.01225182427816326,0.4735729386892178,0.4978858350951374,probe_balanced_accuracy,probes,,,,,,,,,,
shared_d0.5_rf0.3,shared,0.5,0.3,GSE271055,bg,responders_vs_other_cells_of_study,0.3,0.5234468378779202,0.017880908439804673,0.5070525527509802,0.5425135456587815,probe_balanced_accuracy,probes,,,,,,,,,,
shared_d0.5_rf0.3,shared,0.5,0.3,GSE271055,raw_shared,pseudo_treated_vs_pseudo_control,,0.4950669485553207,0.01503635538643543,0.4778012684989429,0.5052854122621564,probe_balanced_accuracy,probes,,,,,,,,,,
shared_d0.5_rf0.3,shared,0.5,0.3,GSE271055,raw_shared,responders_vs_other_cells_of_study,0.3,0.5284378074387325,0.01524496499001302,0.51225937183384,0.5425355711202149,probe_balanced_accuracy,probes,,,,,,,,,,
shared_d0.5_rf0.3,shared,0.5,0.3,GSE271055,raw_drug,pseudo_treated_vs_pseudo_control,,0.4954193093727977,0.030202481626638012,0.4640591966173362,0.5243128964059196,probe_balanced_accuracy,probes,,,,,,,,,,
shared_d0.5_rf0.3,shared,0.5,0.3,GSE271055,raw_drug,responders_vs_other_cells_of_study,0.3,0.49432036767836945,0.018572676907139277,0.47523897625655254,0.5123386634950002,probe_balanced_accuracy,probes,,,,,,,,,,
shared_d1_rf1.0,shared,1.0,1.0,GSE216146,bg,pseudo_treated_vs_pseudo_control,,0.49888264005578226,0.002070652209115011,0.49679366276876646,0.5009344672679263,probe_balanced_accuracy,probes,,,,,,,,,,
shared_d1_rf1.0,shared,1.0,1.0,GSE216146,bg,responders_vs_other_cells_of_study,1.0,0.49888264005578226,0.002070652209115011,0.49679366276876646,0.5009344672679263,probe_balanced_accuracy,probes,,,,,,,,,,
shared_d1_rf1.0,shared,1.0,1.0,GSE216146,raw_shared,pseudo_treated_vs_pseudo_control,,0.5029205674245282,0.016406999298199852,0.48667741161139877,0.5194866431192346,probe_balanced_accuracy,probes,,,,,,,,,,
shared_d1_rf1.0,shared,1.0,1.0,GSE216146,raw_shared,responders_vs_other_cells_of_study,1.0,0.5029205674245282,0.016406999298199852,0.48667741161139877,0.5194866431192346,probe_balanced_accuracy,probes,,,,,,,,,,
shared_d1_rf1.0,shared,1.0,1.0,GSE216146,raw_drug,pseudo_treated_vs_pseudo_control,,0.5111907456305796,0.005550708306188248,0.5069784986797434,0.5174805390761633,probe_balanced_accuracy,probes,,,,,,,,,,
shared_d1_rf1.0,shared,1.0,1.0,GSE216146,raw_drug,responders_vs_other_cells_of_study,1.0,0.5111907456305796,0.005550708306188248,0.5069784986797434,0.5174805390761633,probe_balanced_accuracy,probes,,,,,,,,,,
shared_d1_rf1.0,shared,1.0,1.0,GSE271055,bg,pseudo_treated_vs_pseudo_control,,0.4866102889358703,0.013957225031950913,0.4714587737843552,0.4989429175475687,probe_balanced_accuracy,probes,,,,,,,,,,
shared_d1_rf1.0,shared,1.0,1.0,GSE271055,bg,responders_vs_other_cells_of_study,1.0,0.4866102889358703,0.013957225031950913,0.4714587737843552,0.4989429175475687,probe_balanced_accuracy,probes,,,,,,,,,,
shared_d1_rf1.0,shared,1.0,1.0,GSE271055,raw_shared,pseudo_treated_vs_pseudo_control,,0.49577167019027485,0.00921543117027628,0.48520084566596194,0.5021141649048626,probe_balanced_accuracy,probes,,,,,,,,,,
shared_d1_rf1.0,shared,1.0,1.0,GSE271055,raw_shared,responders_vs_other_cells_of_study,1.0,0.49577167019027485,0.00921543117027628,0.48520084566596194,0.5021141649048626,probe_balanced_accuracy,probes,,,,,,,,,,
shared_d1_rf1.0,shared,1.0,1.0,GSE271055,raw_drug,pseudo_treated_vs_pseudo_control,,0.48907681465821007,0.014583651928523525,0.4725158562367865,0.5,probe_balanced_accuracy,probes,,,,,,,,,,
shared_d1_rf1.0,shared,1.0,1.0,GSE271055,raw_drug,responders_vs_other_cells_of_study,1.0,0.48907681465821007,0.014583651928523525,0.4725158562367865,0.5,probe_balanced_accuracy,probes,,,,,,,,,,
shared_d1_rf0.3,shared,1.0,0.3,GSE216146,bg,pseudo_treated_vs_pseudo_control,,0.49540196381011165,0.0023888697907960403,0.4926442851754055,0.4968365282397723,probe_balanced_accuracy,probes,,,,,,,,,,
shared_d1_rf0.3,shared,1.0,0.3,GSE216146,bg,responders_vs_other_cells_of_study,0.3,0.4572402475825459,0.013050742626124327,0.4423775854093702,0.4668274631599815,probe_balanced_accuracy,probes,,,,,,,,,,
shared_d1_rf0.3,shared,1.0,0.3,GSE216146,raw_shared,pseudo_treated_vs_pseudo_control,,0.5127024679080506,0.012664666581090604,0.5009859058331333,0.526139364219334,probe_balanced_accuracy,probes,,,,,,,,,,
shared_d1_rf0.3,shared,1.0,0.3,GSE216146,raw_shared,responders_vs_other_cells_of_study,0.3,0.499603515495936,0.025786361938517178,0.47602920769179935,0.5271426683407123,probe_balanced_accuracy,probes,,,,,,,,,,
shared_d1_rf0.3,shared,1.0,0.3,GSE216146,raw_drug,pseudo_treated_vs_pseudo_control,,0.5195009316095699,0.011645318082544555,0.5069442063029389,0.5299458180446487,probe_balanced_accuracy,probes,,,,,,,,,,
shared_d1_rf0.3,shared,1.0,0.3,GSE216146,raw_drug,responders_vs_other_cells_of_study,0.3,0.4461166545518624,0.023778538204853965,0.4187041564792176,0.46117755897706997,probe_balanced_accuracy,probes,,,,,,,,,,
shared_d1_rf0.3,shared,1.0,0.3,GSE271055,bg,pseudo_treated_vs_pseudo_control,,0.48907681465821,0.012743580916155822,0.47568710359408034,0.5010570824524313,probe_balanced_accuracy,probes,,,,,,,,,,
shared_d1_rf0.3,shared,1.0,0.3,GSE271055,bg,responders_vs_other_cells_of_study,0.3,0.513256391054726,0.026451232800440556,0.48445442932029426,0.5364609488568786,probe_balanced_accuracy,probes,,,,,,,,,,
shared_d1_rf0.3,shared,1.0,0.3,GSE271055,raw_shared,pseudo_treated_vs_pseudo_control,,0.5014094432699084,0.023786312659249673,0.47463002114164904,0.5200845665961945,probe_balanced_accuracy,probes,,,,,,,,,,
shared_d1_rf0.3,shared,1.0,0.3,GSE271055,raw_shared,responders_vs_other_cells_of_study,0.3,0.5100553573264027,0.011001730406081498,0.5007488656887362,0.5221972600325977,probe_balanced_accuracy,probes,,,,,,,,,,
shared_d1_rf0.3,shared,1.0,0.3,GSE271055,raw_drug,pseudo_treated_vs_pseudo_control,,0.5088090204369274,0.017698898315538194,0.48837209302325585,0.5190274841437632,probe_balanced_accuracy,probes,,,,,,,,,,
shared_d1_rf0.3,shared,1.0,0.3,GSE271055,raw_drug,responders_vs_other_cells_of_study,0.3,0.4860270472666402,0.016313262948346174,0.47015549975772,0.5027487775868904,probe_balanced_accuracy,probes,,,,,,,,,,
shared_d2_rf1.0,shared,2.0,1.0,GSE216146,bg,pseudo_treated_vs_pseudo_control,,0.5043779934387252,0.012399931923663997,0.4927042968348136,0.5173948081341517,probe_balanced_accuracy,probes,,,,,,,,,,
shared_d2_rf1.0,shared,2.0,1.0,GSE216146,bg,responders_vs_other_cells_of_study,1.0,0.5043779934387252,0.012399931923663997,0.4927042968348136,0.5173948081341517,probe_balanced_accuracy,probes,,,,,,,,,,
shared_d2_rf1.0,shared,2.0,1.0,GSE216146,raw_shared,pseudo_treated_vs_pseudo_control,,0.50727284158065,0.007422053668599582,0.5029748636878022,0.515843078083742,probe_balanced_accuracy,probes,,,,,,,,,,
shared_d2_rf1.0,shared,2.0,1.0,GSE216146,raw_shared,responders_vs_other_cells_of_study,1.0,0.50727284158065,0.007422053668599582,0.5029748636878022,0.515843078083742,probe_balanced_accuracy,probes,,,,,,,,,,
shared_d2_rf1.0,shared,2.0,1.0,GSE216146,raw_drug,pseudo_treated_vs_pseudo_control,,0.5117965776207949,0.026157595017947084,0.48407976406844755,0.5360498611158739,probe_balanced_accuracy,probes,,,,,,,,,,
shared_d2_rf1.0,shared,2.0,1.0,GSE216146,raw_drug,responders_vs_other_cells_of_study,1.0,0.5117965776207949,0.026157595017947084,0.48407976406844755,0.5360498611158739,probe_balanced_accuracy,probes,,,,,,,,,,
shared_d2_rf1.0,shared,2.0,1.0,GSE271055,bg,pseudo_treated_vs_pseudo_control,,0.48907681465821,0.011103559729801798,0.4778012684989429,0.5,probe_balanced_accuracy,probes,,,,,,,,,,
shared_d2_rf1.0,shared,2.0,1.0,GSE271055,bg,responders_vs_other_cells_of_study,1.0,0.48907681465821,0.011103559729801798,0.4778012684989429,0.5,probe_balanced_accuracy,probes,,,,,,,,,,
shared_d2_rf1.0,shared,2.0,1.0,GSE271055,raw_shared,pseudo_treated_vs_pseudo_control,,0.5056377730796335,0.013633222073398931,0.4904862579281184,0.5169133192389006,probe_balanced_accuracy,probes,,,,,,,,,,
shared_d2_rf1.0,shared,2.0,1.0,GSE271055,raw_shared,responders_vs_other_cells_of_study,1.0,0.5056377730796335,0.013633222073398931,0.4904862579281184,0.5169133192389006,probe_balanced_accuracy,probes,,,,,,,,,,
shared_d2_rf1.0,shared,2.0,1.0,GSE271055,raw_drug,pseudo_treated_vs_pseudo_control,,0.5225510923185341,0.02537731864697793,0.4947145877378435,0.5443974630021142,probe_balanced_accuracy,probes,,,,,,,,,,
shared_d2_rf1.0,shared,2.0,1.0,GSE271055,raw_drug,responders_vs_other_cells_of_study,1.0,0.5225510923185341,0.02537731864697793,0.4947145877378435,0.5443974630021142,probe_balanced_accuracy,probes,,,,,,,,,,
shared_d2_rf0.3,shared,2.0,0.3,GSE216146,bg,pseudo_treated_vs_pseudo_control,,0.4933501365979676,0.012402112973135667,0.48029902952573644,0.5049809677308734,probe_balanced_accuracy,probes,,,,,,,,,,
shared_d2_rf0.3,shared,2.0,0.3,GSE216146,bg,responders_vs_other_cells_of_study,0.3,0.48814951871186585,0.013832639649533846,0.47487279455494613,0.5024780281503998,probe_balanced_accuracy,probes,,,,,,,,,,
shared_d2_rf0.3,shared,2.0,0.3,GSE216146,raw_shared,pseudo_treated_vs_pseudo_control,,0.5112879073648594,0.014680555429054356,0.4944617811460512,0.5214841740681047,probe_balanced_accuracy,probes,,,,,,,,,,
shared_d2_rf0.3,shared,2.0,0.3,GSE216146,raw_shared,responders_vs_other_cells_of_study,0.3,0.46580321152448295,0.018987374046527693,0.44475649243375404,0.4816460714993722,probe_balanced_accuracy,probes,,,,,,,,,,
shared_d2_rf0.3,shared,2.0,0.3,GSE216146,raw_drug,pseudo_treated_vs_pseudo_control,,0.5043751357406582,0.009979797276539765,0.49291862418984256,0.5111793148383115,probe_balanced_accuracy,probes,,,,,,,,,,
shared_d2_rf0.3,shared,2.0,0.3,GSE216146,raw_drug,responders_vs_other_cells_of_study,0.3,0.4695202537500826,0.03883812500324246,0.4319533469900218,0.5095156280975351,probe_balanced_accuracy,probes,,,,,,,,,,
shared_d2_rf0.3,shared,2.0,0.3,GSE271055,bg,pseudo_treated_vs_pseudo_control,,0.4809725158562368,0.013742071881606786,0.4725158562367865,0.49682875264270615,probe_balanced_accuracy,probes,,,,,,,,,,
shared_d2_rf0.3,shared,2.0,0.3,GSE271055,bg,responders_vs_other_cells_of_study,0.3,0.5004610663260062,0.027879248366096197,0.47016871503458,0.5250429496497951,probe_balanced_accuracy,probes,,,,,,,,,,
shared_d2_rf0.3,shared,2.0,0.3,GSE271055,raw_shared,pseudo_treated_vs_pseudo_control,,0.5035236081747709,0.013217053793876695,0.4904862579281184,0.5169133192389006,probe_balanced_accuracy,probes,,,,,,,,,,
shared_d2_rf0.3,shared,2.0,0.3,GSE271055,raw_shared,responders_vs_other_cells_of_study,0.3,0.5001659251427985,0.0450909948763084,0.448517686445531,0.5316946390026871,probe_balanced_accuracy,probes,,,,,,,,,,
shared_d2_rf0.3,shared,2.0,0.3,GSE271055,raw_drug,pseudo_treated_vs_pseudo_control,,0.5133897110641298,0.014076803633148805,0.5042283298097252,0.5295983086680761,probe_balanced_accuracy,probes,,,,,,,,,,
shared_d2_rf0.3,shared,2.0,0.3,GSE271055,raw_drug,responders_vs_other_cells_of_study,0.3,0.5069688559975332,0.017248353026579972,0.48714153561517115,0.5185146028809304,probe_balanced_accuracy,probes,,,,,,,,,,
specific_d0.25_rf1.0,specific,0.25,1.0,GSE216146,bg,pseudo_treated_vs_pseudo_control,,0.5064583976315399,0.008394851295774977,0.4989112170364528,0.5155001543156956,probe_balanced_accuracy,probes,,,,,,,,,,
specific_d0.25_rf1.0,specific,0.25,1.0,GSE216146,bg,responders_vs_other_cells_of_study,1.0,0.5064583976315399,0.008394851295774977,0.4989112170364528,0.5155001543156956,probe_balanced_accuracy,probes,,,,,,,,,,
specific_d0.25_rf1.0,specific,0.25,1.0,GSE216146,raw_shared,pseudo_treated_vs_pseudo_control,,0.5126910371157825,0.01503637954891756,0.4983453928191763,0.5283340763348308,probe_balanced_accuracy,probes,,,,,,,,,,
specific_d0.25_rf1.0,specific,0.25,1.0,GSE216146,raw_shared,responders_vs_other_cells_of_study,1.0,0.5126910371157825,0.01503637954891756,0.4983453928191763,0.5283340763348308,probe_balanced_accuracy,probes,,,,,,,,,,
specific_d0.25_rf1.0,specific,0.25,1.0,GSE216146,raw_drug,pseudo_treated_vs_pseudo_control,,0.5187665032063372,0.0023016163504933343,0.5174291005109564,0.5214241624086966,probe_balanced_accuracy,probes,,,,,,,,,,
specific_d0.25_rf1.0,specific,0.25,1.0,GSE216146,raw_drug,responders_vs_other_cells_of_study,1.0,0.5187665032063372,0.0023016163504933343,0.5174291005109564,0.5214241624086966,probe_balanced_accuracy,probes,,,,,,,,,,
specific_d0.25_rf1.0,specific,0.25,1.0,GSE271055,bg,pseudo_treated_vs_pseudo_control,,0.48484848484848486,0.012611367278487174,0.474630021141649,0.4989429175475687,probe_balanced_accuracy,probes,,,,,,,,,,
specific_d0.25_rf1.0,specific,0.25,1.0,GSE271055,bg,responders_vs_other_cells_of_study,1.0,0.48484848484848486,0.012611367278487174,0.474630021141649,0.4989429175475687,probe_balanced_accuracy,probes,,,,,,,,,,
specific_d0.25_rf1.0,specific,0.25,1.0,GSE271055,raw_shared,pseudo_treated_vs_pseudo_control,,0.49471458773784355,0.013983886422117273,0.4841437632135307,0.5105708245243129,probe_balanced_accuracy,probes,,,,,,,,,,
specific_d0.25_rf1.0,specific,0.25,1.0,GSE271055,raw_shared,responders_vs_other_cells_of_study,1.0,0.49471458773784355,0.013983886422117273,0.4841437632135307,0.5105708245243129,probe_balanced_accuracy,probes,,,,,,,,,,
specific_d0.25_rf1.0,specific,0.25,1.0,GSE271055,raw_drug,pseudo_treated_vs_pseudo_control,,0.5059901338971106,0.009591724868792194,0.4989429175475687,0.5169133192389006,probe_balanced_accuracy,probes,,,,,,,,,,
specific_d0.25_rf1.0,specific,0.25,1.0,GSE271055,raw_drug,responders_vs_other_cells_of_study,1.0,0.5059901338971106,0.009591724868792194,0.4989429175475687,0.5169133192389006,probe_balanced_accuracy,probes,,,,,,,,,,
specific_d0.25_rf0.3,specific,0.25,0.3,GSE216146,bg,pseudo_treated_vs_pseudo_control,,0.4988626361693129,0.007431989271486475,0.4905953156613285,0.5049895408250746,probe_balanced_accuracy,probes,,,,,,,,,,
specific_d0.25_rf0.3,specific,0.25,0.3,GSE216146,bg,responders_vs_other_cells_of_study,0.3,0.4550761029978634,0.019973455735691606,0.4325315535584484,0.4705610255732505,probe_balanced_accuracy,probes,,,,,,,,,,
specific_d0.25_rf0.3,specific,0.25,0.3,GSE216146,raw_shared,pseudo_treated_vs_pseudo_control,,0.4992284215218956,0.024084653709180007,0.4741178286067007,0.5221357292273927,probe_balanced_accuracy,probes,,,,,,,,,,
specific_d0.25_rf0.3,specific,0.25,0.3,GSE216146,raw_shared,responders_vs_other_cells_of_study,0.3,0.48760435251877793,0.06665652591563677,0.4354225864005815,0.5626941122051147,probe_balanced_accuracy,probes,,,,,,,,,,
specific_d0.25_rf0.3,specific,0.25,0.3,GSE216146,raw_drug,pseudo_treated_vs_pseudo_control,,0.507112810488895,0.003588526968198765,0.5050324062960804,0.5112564726861218,probe_balanced_accuracy,probes,,,,,,,,,,
specific_d0.25_rf0.3,specific,0.25,0.3,GSE216146,raw_drug,responders_vs_other_cells_of_study,0.3,0.46672834203396557,0.024821388183191653,0.44308795347915153,0.49258243573647,probe_balanced_accuracy,probes,,,,,,,,,,
specific_d0.25_rf0.3,specific,0.25,0.3,GSE271055,bg,pseudo_treated_vs_pseudo_control,,0.4823819591261452,0.005214463913653526,0.4788583509513742,0.4883720930232558,probe_balanced_accuracy,probes,,,,,,,,,,
specific_d0.25_rf0.3,specific,0.25,0.3,GSE271055,bg,responders_vs_other_cells_of_study,0.3,0.5155675961411391,0.025382561084776576,0.49581516232765077,0.5441962909122946,probe_balanced_accuracy,probes,,,,,,,,,,
specific_d0.25_rf0.3,specific,0.25,0.3,GSE271055,raw_shared,pseudo_treated_vs_pseudo_control,,0.5133897110641296,0.01712125526886024,0.49365750528541225,0.5243128964059196,probe_balanced_accuracy,probes,,,,,,,,,,
specific_d0.25_rf0.3,specific,0.25,0.3,GSE271055,raw_shared,responders_vs_other_cells_of_study,0.3,0.5096530255642189,0.015923151216494548,0.49145412096383423,0.5210211003920532,probe_balanced_accuracy,probes,,,,,,,,,,
specific_d0.25_rf0.3,specific,0.25,0.3,GSE271055,raw_drug,pseudo_treated_vs_pseudo_control,,0.5063424947145877,0.013863506393873199,0.49365750528541225,0.5211416490486258,probe_balanced_accuracy,probes,,,,,,,,,,
specific_d0.25_rf0.3,specific,0.25,0.3,GSE271055,raw_drug,responders_vs_other_cells_of_study,0.3,0.5327592029719689,0.02852624925782,0.5006827893044359,0.5552839081978768,probe_balanced_accuracy,probes,,,,,,,,,,
specific_d0.5_rf1.0,specific,0.5,1.0,GSE216146,bg,pseudo_treated_vs_pseudo_control,,0.49889978624418463,0.0054438090593786894,0.4947618394430918,0.505066698672885,probe_balanced_accuracy,probes,,,,,,,,,,
specific_d0.5_rf1.0,specific,0.5,1.0,GSE216146,bg,responders_vs_other_cells_of_study,1.0,0.49889978624418463,0.0054438090593786894,0.4947618394430918,0.505066698672885,probe_balanced_accuracy,probes,,,,,,,,,,
specific_d0.5_rf1.0,specific,0.5,1.0,GSE216146,raw_shared,pseudo_treated_vs_pseudo_control,,0.4927871700787582,0.0186662551829949,0.47794142862041766,0.5137426700044581,probe_balanced_accuracy,probes,,,,,,,,,,
specific_d0.5_rf1.0,specific,0.5,1.0,GSE216146,raw_shared,responders_vs_other_cells_of_study,1.0,0.4927871700787582,0.0186662551829949,0.47794142862041766,0.5137426700044581,probe_balanced_accuracy,probes,,,,,,,,,,
specific_d0.5_rf1.0,specific,0.5,1.0,GSE216146,raw_drug,pseudo_treated_vs_pseudo_control,,0.5139627127556211,0.010130206714361491,0.5072614107883817,0.5256164054730633,probe_balanced_accuracy,probes,,,,,,,,,,
specific_d0.5_rf1.0,specific,0.5,1.0,GSE216146,raw_drug,responders_vs_other_cells_of_study,1.0,0.5139627127556211,0.010130206714361491,0.5072614107883817,0.5256164054730633,probe_balanced_accuracy,probes,,,,,,,,,,
specific_d0.5_rf1.0,specific,0.5,1.0,GSE271055,bg,pseudo_treated_vs_pseudo_control,,0.47815362931641997,0.0006103068384668378,0.4778012684989429,0.4788583509513742,probe_balanced_accuracy,probes,,,,,,,,,,
specific_d0.5_rf1.0,specific,0.5,1.0,GSE271055,bg,responders_vs_other_cells_of_study,1.0,0.47815362931641997,0.0006103068384668378,0.4778012684989429,0.4788583509513742,probe_balanced_accuracy,probes,,,,,,,,,,
specific_d0.5_rf1.0,specific,0.5,1.0,GSE271055,raw_shared,pseudo_treated_vs_pseudo_control,,0.5137420718816067,0.01177117201443978,0.5010570824524313,0.5243128964059196,probe_balanced_accuracy,probes,,,,,,,,,,
specific_d0.5_rf1.0,specific,0.5,1.0,GSE271055,raw_shared,responders_vs_other_cells_of_study,1.0,0.5137420718816067,0.01177117201443978,0.5010570824524313,0.5243128964059196,probe_balanced_accuracy,probes,,,,,,,,,,
specific_d0.5_rf1.0,specific,0.5,1.0,GSE271055,raw_drug,pseudo_treated_vs_pseudo_control,,0.5021141649048626,0.008256077881508108,0.49682875264270615,0.5116279069767442,probe_balanced_accuracy,probes,,,,,,,,,,
specific_d0.5_rf1.0,specific,0.5,1.0,GSE271055,raw_drug,responders_vs_other_cells_of_study,1.0,0.5021141649048626,0.008256077881508108,0.49682875264270615,0.5116279069767442,probe_balanced_accuracy,probes,,,,,,,,,,
specific_d0.5_rf0.3,specific,0.5,0.3,GSE216146,bg,pseudo_treated_vs_pseudo_control,,0.5057525462089777,0.006246650826622991,0.4989283632248551,0.5111878879325126,probe_balanced_accuracy,probes,,,,,,,,,,
specific_d0.5_rf0.3,specific,0.5,0.3,GSE216146,bg,responders_vs_other_cells_of_study,0.3,0.4779620696491112,0.045821494527290556,0.43999867838498646,0.5288607678583228,probe_balanced_accuracy,probes,,,,,,,,,,
specific_d0.5_rf0.3,specific,0.5,0.3,GSE216146,raw_shared,pseudo_treated_vs_pseudo_control,,0.5290199238709236,0.0165732147044147,0.5118222969033983,0.544888721237269,probe_balanced_accuracy,probes,,,,,,,,,,
specific_d0.5_rf0.3,specific,0.5,0.3,GSE216146,raw_shared,responders_vs_other_cells_of_study,0.3,0.4814588427057865,0.0807711903303726,0.41792770765875903,0.5723584219916739,probe_balanced_accuracy,probes,,,,,,,,,,
specific_d0.5_rf0.3,specific,0.5,0.3,GSE216146,raw_drug,pseudo_treated_vs_pseudo_control,,0.5146657064801161,0.009811251168130006,0.5070470834333527,0.5257364287918795,probe_balanced_accuracy,probes,,,,,,,,,,
specific_d0.5_rf0.3,specific,0.5,0.3,GSE216146,raw_drug,responders_vs_other_cells_of_study,0.3,0.4817892464591731,0.029967535432919534,0.44933258441815893,0.5084087755236899,probe_balanced_accuracy,probes,,,,,,,,,,
specific_d0.5_rf0.3,specific,0.5,0.3,GSE271055,bg,pseudo_treated_vs_pseudo_control,,0.4728682170542636,0.01015753016589117,0.4619450317124736,0.4820295983086681,probe_balanced_accuracy,probes,,,,,,,,,,
specific_d0.5_rf0.3,specific,0.5,0.3,GSE271055,bg,responders_vs_other_cells_of_study,0.3,0.5235070408058382,0.017788393369915653,0.503687062243954,0.5380864279106647,probe_balanced_accuracy,probes,,,,,,,,,,
specific_d0.5_rf0.3,specific,0.5,0.3,GSE271055,raw_shared,pseudo_treated_vs_pseudo_control,,0.5052854122621565,0.00915460257700257,0.5,0.5158562367864694,probe_balanced_accuracy,probes,,,,,,,,,,
specific_d0.5_rf0.3,specific,0.5,0.3,GSE271055,raw_shared,responders_vs_other_cells_of_study,0.3,0.5217596875321204,0.036250752577563904,0.4802960222016651,0.547460464296727,probe_balanced_accuracy,probes,,,,,,,,,,
specific_d0.5_rf0.3,specific,0.5,0.3,GSE271055,raw_drug,pseudo_treated_vs_pseudo_control,,0.5088090204369274,0.005821956181063567,0.5021141649048626,0.5126849894291755,probe_balanced_accuracy,probes,,,,,,,,,,
specific_d0.5_rf0.3,specific,0.5,0.3,GSE271055,raw_drug,responders_vs_other_cells_of_study,0.3,0.5027150052126926,0.027553838637674972,0.476221311836483,0.5312188890357253,probe_balanced_accuracy,probes,,,,,,,,,,
specific_d1_rf1.0,specific,1.0,1.0,GSE216146,bg,pseudo_treated_vs_pseudo_control,,0.49752237577586506,0.00423781496351249,0.4927728815884229,0.500917321079524,probe_balanced_accuracy,probes,,,,,,,,,,
specific_d1_rf1.0,specific,1.0,1.0,GSE216146,bg,responders_vs_other_cells_of_study,1.0,0.49752237577586506,0.00423781496351249,0.4927728815884229,0.500917321079524,probe_balanced_accuracy,probes,,,,,,,,,,
specific_d1_rf1.0,specific,1.0,1.0,GSE216146,raw_shared,pseudo_treated_vs_pseudo_control,,0.5140884514705714,0.005561614946249202,0.5090017489112171,0.5200267480539076,probe_balanced_accuracy,probes,,,,,,,,,,
specific_d1_rf1.0,specific,1.0,1.0,GSE216146,raw_shared,responders_vs_other_cells_of_study,1.0,0.5140884514705714,0.005561614946249202,0.5090017489112171,0.5200267480539076,probe_balanced_accuracy,probes,,,,,,,,,,
specific_d1_rf1.0,specific,1.0,1.0,GSE216146,raw_drug,pseudo_treated_vs_pseudo_control,,0.517837751334545,0.012622414190463702,0.5066527211000995,0.531523267377662,probe_balanced_accuracy,probes,,,,,,,,,,
specific_d1_rf1.0,specific,1.0,1.0,GSE216146,raw_drug,responders_vs_other_cells_of_study,1.0,0.517837751334545,0.012622414190463702,0.5066527211000995,0.531523267377662,probe_balanced_accuracy,probes,,,,,,,,,,
specific_d1_rf1.0,specific,1.0,1.0,GSE271055,bg,pseudo_treated_vs_pseudo_control,,0.47568710359408034,0.007399577167019035,0.4682875264270613,0.48308668076109934,probe_balanced_accuracy,probes,,,,,,,,,,
specific_d1_rf1.0,specific,1.0,1.0,GSE271055,bg,responders_vs_other_cells_of_study,1.0,0.47568710359408034,0.007399577167019035,0.4682875264270613,0.48308668076109934,probe_balanced_accuracy,probes,,,,,,,,,,
specific_d1_rf1.0,specific,1.0,1.0,GSE271055,raw_shared,pseudo_treated_vs_pseudo_control,,0.5035236081747709,0.009991153543874398,0.49577167019027485,0.514799154334038,probe_balanced_accuracy,probes,,,,,,,,,,
specific_d1_rf1.0,specific,1.0,1.0,GSE271055,raw_shared,responders_vs_other_cells_of_study,1.0,0.5035236081747709,0.009991153543874398,0.49577167019027485,0.514799154334038,probe_balanced_accuracy,probes,,,,,,,,,,
specific_d1_rf1.0,specific,1.0,1.0,GSE271055,raw_drug,pseudo_treated_vs_pseudo_control,,0.5010570824524313,0.009031716432682371,0.492600422832981,0.5105708245243129,probe_balanced_accuracy,probes,,,,,,,,,,
specific_d1_rf1.0,specific,1.0,1.0,GSE271055,raw_drug,responders_vs_other_cells_of_study,1.0,0.5010570824524313,0.009031716432682371,0.492600422832981,0.5105708245243129,probe_balanced_accuracy,probes,,,,,,,,,,
specific_d1_rf0.3,specific,1.0,0.3,GSE216146,bg,pseudo_treated_vs_pseudo_control,,0.5051267103322932,9.737163241660492e-05,0.505015260107678,0.5051952950859024,probe_balanced_accuracy,probes,,,,,,,,,,
specific_d1_rf0.3,specific,1.0,0.3,GSE216146,bg,responders_vs_other_cells_of_study,0.3,0.46545628758342694,0.046239733785615515,0.42404017709641184,0.5153472543448093,probe_balanced_accuracy,probes,,,,,,,,,,
specific_d1_rf0.3,specific,1.0,0.3,GSE216146,raw_shared,pseudo_treated_vs_pseudo_control,,0.5109649874832826,0.01573131716899387,0.4948304241967011,0.5262593875381503,probe_balanced_accuracy,probes,,,,,,,,,,
specific_d1_rf0.3,specific,1.0,0.3,GSE216146,raw_shared,responders_vs_other_cells_of_study,0.3,0.4774224101852464,0.051566323834573574,0.4359347122183308,0.5351549593603384,probe_balanced_accuracy,probes,,,,,,,,,,
specific_d1_rf0.3,specific,1.0,0.3,GSE216146,raw_drug,pseudo_treated_vs_pseudo_control,,0.5186036144165151,0.006762791230865278,0.5109478412948801,0.523764617125613,probe_balanced_accuracy,probes,,,,,,,,,,
specific_d1_rf0.3,specific,1.0,0.3,GSE216146,raw_drug,responders_vs_other_cells_of_study,0.3,0.5206777682327804,0.08129233417805042,0.4599550650895394,0.6130311240335691,probe_balanced_accuracy,probes,,,,,,,,,,
specific_d1_rf0.3,specific,1.0,0.3,GSE271055,bg,pseudo_treated_vs_pseudo_control,,0.47744890768146586,0.011002462999292454,0.46511627906976744,0.48625792811839325,probe_balanced_accuracy,probes,,,,,,,,,,
specific_d1_rf0.3,specific,1.0,0.3,GSE271055,bg,responders_vs_other_cells_of_study,0.3,0.5125897537553412,0.023094549061720916,0.49561252808246337,0.5388881547068411,probe_balanced_accuracy,probes,,,,,,,,,,
specific_d1_rf0.3,specific,1.0,0.3,GSE271055,raw_shared,pseudo_treated_vs_pseudo_control,,0.4985905567300916,0.004272147869267781,0.49471458773784355,0.5031712473572938,probe_balanced_accuracy,probes,,,,,,,,,,
specific_d1_rf0.3,specific,1.0,0.3,GSE271055,raw_shared,responders_vs_other_cells_of_study,0.3,0.5299281969957271,0.01561348468975504,0.5134883925818245,0.5445575084798027,probe_balanced_accuracy,probes,,,,,,,,,,
specific_d1_rf0.3,specific,1.0,0.3,GSE271055,raw_drug,pseudo_treated_vs_pseudo_control,,0.5014094432699084,0.018227649269031095,0.4852008456659619,0.5211416490486258,probe_balanced_accuracy,probes,,,,,,,,,,
specific_d1_rf0.3,specific,1.0,0.3,GSE271055,raw_drug,responders_vs_other_cells_of_study,0.3,0.4925054696562559,0.0009779536372541032,0.491929870930796,0.49363464164574244,probe_balanced_accuracy,probes,,,,,,,,,,
specific_d2_rf1.0,specific,2.0,1.0,GSE216146,bg,pseudo_treated_vs_pseudo_control,,0.5160716939291062,0.0023526597033504035,0.5133568807654059,0.5175148314529681,probe_balanced_accuracy,probes,,,,,,,,,,
specific_d2_rf1.0,specific,2.0,1.0,GSE216146,bg,responders_vs_other_cells_of_study,1.0,0.5160716939291062,0.0023526597033504035,0.5133568807654059,0.5175148314529681,probe_balanced_accuracy,probes,,,,,,,,,,
specific_d2_rf1.0,specific,2.0,1.0,GSE216146,raw_shared,pseudo_treated_vs_pseudo_control,,0.517672004846656,0.014007683878699967,0.5026748053907616,0.5304173382257125,probe_balanced_accuracy,probes,,,,,,,,,,
specific_d2_rf1.0,specific,2.0,1.0,GSE216146,raw_shared,responders_vs_other_cells_of_study,1.0,0.517672004846656,0.014007683878699967,0.5026748053907616,0.5304173382257125,probe_balanced_accuracy,probes,,,,,,,,,,
specific_d2_rf1.0,specific,2.0,1.0,GSE216146,raw_drug,pseudo_treated_vs_pseudo_control,,0.5090274681938205,0.006209477393581753,0.5029234251225952,0.5153372655258736,probe_balanced_accuracy,probes,,,,,,,,,,
specific_d2_rf1.0,specific,2.0,1.0,GSE216146,raw_drug,responders_vs_other_cells_of_study,1.0,0.5090274681938205,0.006209477393581753,0.5029234251225952,0.5153372655258736,probe_balanced_accuracy,probes,,,,,,,,,,
specific_d2_rf1.0,specific,2.0,1.0,GSE271055,bg,pseudo_treated_vs_pseudo_control,,0.4957716701902748,0.009215431170276235,0.4894291754756871,0.5063424947145877,probe_balanced_accuracy,probes,,,,,,,,,,
specific_d2_rf1.0,specific,2.0,1.0,GSE271055,bg,responders_vs_other_cells_of_study,1.0,0.4957716701902748,0.009215431170276235,0.4894291754756871,0.5063424947145877,probe_balanced_accuracy,probes,,,,,,,,,,
specific_d2_rf1.0,specific,2.0,1.0,GSE271055,raw_shared,pseudo_treated_vs_pseudo_control,,0.5253699788583509,0.020822109517539305,0.5021141649048626,0.5422832980972516,probe_balanced_accuracy,probes,,,,,,,,,,
specific_d2_rf1.0,specific,2.0,1.0,GSE271055,raw_shared,responders_vs_other_cells_of_study,1.0,0.5253699788583509,0.020822109517539305,0.5021141649048626,0.5422832980972516,probe_balanced_accuracy,probes,,,,,,,,,,
specific_d2_rf1.0,specific,2.0,1.0,GSE271055,raw_drug,pseudo_treated_vs_pseudo_control,,0.5105708245243129,0.015785607318253802,0.4989429175475687,0.5285412262156448,probe_balanced_accuracy,probes,,,,,,,,,,
specific_d2_rf1.0,specific,2.0,1.0,GSE271055,raw_drug,responders_vs_other_cells_of_study,1.0,0.5105708245243129,0.015785607318253802,0.4989429175475687,0.5285412262156448,probe_balanced_accuracy,probes,,,,,,,,,,
specific_d2_rf0.3,specific,2.0,0.3,GSE216146,bg,pseudo_treated_vs_pseudo_control,,0.5009001748911217,0.00406799417627096,0.49681938205137,0.5049552484482699,probe_balanced_accuracy,probes,,,,,,,,,,
specific_d2_rf0.3,specific,2.0,0.3,GSE216146,bg,responders_vs_other_cells_of_study,0.3,0.48246657415361577,0.040886367570920346,0.4357529901539682,0.511745853432895,probe_balanced_accuracy,probes,,,,,,,,,,
specific_d2_rf0.3,specific,2.0,0.3,GSE216146,raw_shared,pseudo_treated_vs_pseudo_control,,0.5061069007692923,0.020417302767359813,0.48708892013305444,0.5276825211755427,probe_balanced_accuracy,probes,,,,,,,,,,
specific_d2_rf0.3,specific,2.0,0.3,GSE216146,raw_shared,responders_vs_other_cells_of_study,0.3,0.5481012797638715,0.07122046678189797,0.4874942179343157,0.6265446375470826,probe_balanced_accuracy,probes,,,,,,,,,,
specific_d2_rf0.3,specific,2.0,0.3,GSE216146,raw_drug,pseudo_treated_vs_pseudo_control,,0.5088845832904679,0.011206684773656623,0.500651555159288,0.5216470628579267,probe_balanced_accuracy,probes,,,,,,,,,,
specific_d2_rf0.3,specific,2.0,0.3,GSE216146,raw_drug,responders_vs_other_cells_of_study,0.3,0.48370558822881565,0.016098143757376834,0.47269212978259434,0.5021806647723518,probe_balanced_accuracy,probes,,,,,,,,,,
specific_d2_rf0.3,specific,2.0,0.3,GSE271055,bg,pseudo_treated_vs_pseudo_control,,0.4859055673009161,0.014849406276043347,0.4704016913319239,0.5,probe_balanced_accuracy,probes,,,,,,,,,,
specific_d2_rf0.3,specific,2.0,0.3,GSE271055,bg,responders_vs_other_cells_of_study,0.3,0.5190270619502811,0.0311316474811381,0.4877626536275935,0.5500242280075768,probe_balanced_accuracy,probes,,,,,,,,,,
specific_d2_rf0.3,specific,2.0,0.3,GSE271055,raw_shared,pseudo_treated_vs_pseudo_control,,0.4985905567300916,0.020777340363362304,0.4746300211416491,0.5116279069767442,probe_balanced_accuracy,probes,,,,,,,,,,
specific_d2_rf0.3,specific,2.0,0.3,GSE271055,raw_shared,responders_vs_other_cells_of_study,0.3,0.48802255407250783,0.00973259558583503,0.48037531386282545,0.4989780185894894,probe_balanced_accuracy,probes,,,,,,,,,,
specific_d2_rf0.3,specific,2.0,0.3,GSE271055,raw_drug,pseudo_treated_vs_pseudo_control,,0.5007047216349542,0.012251824278163341,0.4894291754756871,0.5137420718816068,probe_balanced_accuracy,probes,,,,,,,,,,
specific_d2_rf0.3,specific,2.0,0.3,GSE271055,raw_drug,responders_vs_other_cells_of_study,0.3,0.5205438820609959,0.02125630729460267,0.4960970882339985,0.5346636712039117,probe_balanced_accuracy,probes,,,,,,,,,,
mixed_d0.25_rf1.0,mixed,0.25,1.0,GSE216146,bg,pseudo_treated_vs_pseudo_control,,0.5023318816227152,0.0042790218915587765,0.4988940708480505,0.5071242412811632,probe_balanced_accuracy,probes,,,,,,,,,,
mixed_d0.25_rf1.0,mixed,0.25,1.0,GSE216146,bg,responders_vs_other_cells_of_study,1.0,0.5023318816227152,0.0042790218915587765,0.4988940708480505,0.5071242412811632,probe_balanced_accuracy,probes,,,,,,,,,,
mixed_d0.25_rf1.0,mixed,0.25,1.0,GSE216146,raw_shared,pseudo_treated_vs_pseudo_control,,0.5003343506738452,0.008119815535242188,0.4943846232982408,0.5095847193168959,probe_balanced_accuracy,probes,,,,,,,,,,
mixed_d0.25_rf1.0,mixed,0.25,1.0,GSE216146,raw_shared,responders_vs_other_cells_of_study,1.0,0.5003343506738452,0.008119815535242188,0.4943846232982408,0.5095847193168959,probe_balanced_accuracy,probes,,,,,,,,,,
mixed_d0.25_rf1.0,mixed,0.25,1.0,GSE216146,raw_drug,pseudo_treated_vs_pseudo_control,,0.5068841946435307,0.010623558193111294,0.49615925379788073,0.5174033812283529,probe_balanced_accuracy,probes,,,,,,,,,,
mixed_d0.25_rf1.0,mixed,0.25,1.0,GSE216146,raw_drug,responders_vs_other_cells_of_study,1.0,0.5068841946435307,0.010623558193111294,0.49615925379788073,0.5174033812283529,probe_balanced_accuracy,probes,,,,,,,,,,
mixed_d0.25_rf1.0,mixed,0.25,1.0,GSE271055,bg,pseudo_treated_vs_pseudo_control,,0.4880197322057787,0.00619393792503416,0.4809725158562368,0.492600422832981,probe_balanced_accuracy,probes,,,,,,,,,,
mixed_d0.25_rf1.0,mixed,0.25,1.0,GSE271055,bg,responders_vs_other_cells_of_study,1.0,0.4880197322057787,0.00619393792503416,0.4809725158562368,0.492600422832981,probe_balanced_accuracy,probes,,,,,,,,,,
mixed_d0.25_rf1.0,mixed,0.25,1.0,GSE271055,raw_shared,pseudo_treated_vs_pseudo_control,,0.4862579281183932,0.009031716432682382,0.4767441860465116,0.49471458773784355,probe_balanced_accuracy,probes,,,,,,,,,,
mixed_d0.25_rf1.0,mixed,0.25,1.0,GSE271055,raw_shared,responders_vs_other_cells_of_study,1.0,0.4862579281183932,0.009031716432682382,0.4767441860465116,0.49471458773784355,probe_balanced_accuracy,probes,,,,,,,,,,
mixed_d0.25_rf1.0,mixed,0.25,1.0,GSE271055,raw_drug,pseudo_treated_vs_pseudo_control,,0.507399577167019,0.01803247580257082,0.4873150105708245,0.5221987315010571,probe_balanced_accuracy,probes,,,,,,,,,,
mixed_d0.25_rf1.0,mixed,0.25,1.0,GSE271055,raw_drug,responders_vs_other_cells_of_study,1.0,0.507399577167019,0.01803247580257082,0.4873150105708245,0.5221987315010571,probe_balanced_accuracy,probes,,,,,,,,,,
mixed_d0.25_rf0.3,mixed,0.25,0.3,GSE216146,bg,pseudo_treated_vs_pseudo_control,,0.4961563960998137,0.011353594140669592,0.4844741264017009,0.5071499605637667,probe_balanced_accuracy,probes,,,,,,,,,,
mixed_d0.25_rf0.3,mixed,0.25,0.3,GSE216146,bg,responders_vs_other_cells_of_study,0.3,0.45640322474063305,0.005863828919466021,0.44971254873455363,0.46064891297165134,probe_balanced_accuracy,probes,,,,,,,,,,
mixed_d0.25_rf0.3,mixed,0.25,0.3,GSE216146,raw_shared,pseudo_treated_vs_pseudo_control,,0.5023604586033859,0.006991337733674429,0.4943503309214362,0.5072356915057783,probe_balanced_accuracy,probes,,,,,,,,,,
mixed_d0.25_rf0.3,mixed,0.25,0.3,GSE216146,raw_shared,responders_vs_other_cells_of_study,0.3,0.46884843278486316,0.02967289838823514,0.43606687371968544,0.49387101037467784,probe_balanced_accuracy,probes,,,,,,,,,,
mixed_d0.25_rf0.3,mixed,0.25,0.3,GSE216146,raw_drug,pseudo_treated_vs_pseudo_control,,0.5166946721077238,0.0043419174545336475,0.5132711498233943,0.5215784781043173,probe_balanced_accuracy,probes,,,,,,,,,,
mixed_d0.25_rf0.3,mixed,0.25,0.3,GSE216146,raw_drug,responders_vs_other_cells_of_study,0.3,0.4638758562963942,0.021954355665314788,0.43922222956452783,0.4813156677459856,probe_balanced_accuracy,probes,,,,,,,,,,
mixed_d0.25_rf0.3,mixed,0.25,0.3,GSE271055,bg,pseudo_treated_vs_pseudo_control,,0.4823819591261452,0.009991153543874398,0.4746300211416491,0.49365750528541225,probe_balanced_accuracy,probes,,,,,,,,,,
mixed_d0.25_rf0.3,mixed,0.25,0.3,GSE271055,bg,responders_vs_other_cells_of_study,0.3,0.5227390863838598,0.024032489966544952,0.49861680102198136,0.5466807629619841,probe_balanced_accuracy,probes,,,,,,,,,,
mixed_d0.25_rf0.3,mixed,0.25,0.3,GSE271055,raw_shared,pseudo_treated_vs_pseudo_control,,0.49224806201550386,0.006796089331214218,0.48731501057082455,0.5,probe_balanced_accuracy,probes,,,,,,,,,,
mixed_d0.25_rf0.3,mixed,0.25,0.3,GSE271055,raw_shared,responders_vs_other_cells_of_study,0.3,0.5093901883911135,0.022147130725899102,0.4845997973657548,0.5272234703317035,probe_balanced_accuracy,probes,,,,,,,,,,
mixed_d0.25_rf0.3,mixed,0.25,0.3,GSE271055,raw_drug,pseudo_treated_vs_pseudo_control,,0.496476391825229,0.012611367278487176,0.4862579281183932,0.5105708245243129,probe_balanced_accuracy,probes,,,,,,,,,,
mixed_d0.25_rf0.3,mixed,0.25,0.3,GSE271055,raw_drug,responders_vs_other_cells_of_study,0.3,0.48796235114458986,0.007682099955298657,0.48235320029954626,0.4967182062464209,probe_balanced_accuracy,probes,,,,,,,,,,
mixed_d0.5_rf1.0,mixed,0.5,1.0,GSE216146,bg,pseudo_treated_vs_pseudo_control,,0.496876536012711,0.007492346450571059,0.48855491924145256,0.5030863139124173,probe_balanced_accuracy,probes,,,,,,,,,,
mixed_d0.5_rf1.0,mixed,0.5,1.0,GSE216146,bg,responders_vs_other_cells_of_study,1.0,0.496876536012711,0.007492346450571059,0.48855491924145256,0.5030863139124173,probe_balanced_accuracy,probes,,,,,,,,,,
mixed_d0.5_rf1.0,mixed,0.5,1.0,GSE216146,raw_shared,pseudo_treated_vs_pseudo_control,,0.5184035755518215,0.024543273426488873,0.5013631219779843,0.5465347553238915,probe_balanced_accuracy,probes,,,,,,,,,,
mixed_d0.5_rf1.0,mixed,0.5,1.0,GSE216146,raw_shared,responders_vs_other_cells_of_study,1.0,0.5184035755518215,0.024543273426488873,0.5013631219779843,0.5465347553238915,probe_balanced_accuracy,probes,,,,,,,,,,
mixed_d0.5_rf1.0,mixed,0.5,1.0,GSE216146,raw_drug,pseudo_treated_vs_pseudo_control,,0.5076700616119704,0.013960941934999409,0.4965707623195364,0.5233445355097561,probe_balanced_accuracy,probes,,,,,,,,,,
mixed_d0.5_rf1.0,mixed,0.5,1.0,GSE216146,raw_drug,responders_vs_other_cells_of_study,1.0,0.5076700616119704,0.013960941934999409,0.4965707623195364,0.5233445355097561,probe_balanced_accuracy,probes,,,,,,,,,,
mixed_d0.5_rf1.0,mixed,0.5,1.0,GSE271055,bg,pseudo_treated_vs_pseudo_control,,0.48062015503875966,0.009821959030843106,0.4725158562367865,0.4915433403805497,probe_balanced_accuracy,probes,,,,,,,,,,
mixed_d0.5_rf1.0,mixed,0.5,1.0,GSE271055,bg,responders_vs_other_cells_of_study,1.0,0.48062015503875966,0.009821959030843106,0.4725158562367865,0.4915433403805497,probe_balanced_accuracy,probes,,,,,,,,,,
mixed_d0.5_rf1.0,mixed,0.5,1.0,GSE271055,raw_shared,pseudo_treated_vs_pseudo_control,,0.5063424947145877,0.005492761546201519,0.5,0.5095137420718816,probe_balanced_accuracy,probes,,,,,,,,,,
mixed_d0.5_rf1.0,mixed,0.5,1.0,GSE271055,raw_shared,responders_vs_other_cells_of_study,1.0,0.5063424947145877,0.005492761546201519,0.5,0.5095137420718816,probe_balanced_accuracy,probes,,,,,,,,,,
mixed_d0.5_rf1.0,mixed,0.5,1.0,GSE271055,raw_drug,pseudo_treated_vs_pseudo_control,,0.5109231853417899,0.012611367278487183,0.5021141649048626,0.5253699788583509,probe_balanced_accuracy,probes,,,,,,,,,,
mixed_d0.5_rf1.0,mixed,0.5,1.0,GSE271055,raw_drug,responders_vs_other_cells_of_study,1.0,0.5109231853417899,0.012611367278487183,0.5021141649048626,0.5253699788583509,probe_balanced_accuracy,probes,,,,,,,,,,
mixed_d0.5_rf0.3,mixed,0.5,0.3,GSE216146,bg,pseudo_treated_vs_pseudo_control,,0.49819107712355537,0.0012103861042571406,0.49679366276876646,0.4989112170364528,probe_balanced_accuracy,probes,,,,,,,,,,
mixed_d0.5_rf0.3,mixed,0.5,0.3,GSE216146,bg,responders_vs_other_cells_of_study,0.3,0.47178351946078106,0.00575137468316497,0.46573713077380563,0.47718562082865257,probe_balanced_accuracy,probes,,,,,,,,,,
mixed_d0.5_rf0.3,mixed,0.5,0.3,GSE216146,raw_shared,pseudo_treated_vs_pseudo_control,,0.49396739938045103,0.014868529444474284,0.48446555330749974,0.511102156990501,probe_balanced_accuracy,probes,,,,,,,,,,
mixed_d0.5_rf0.3,mixed,0.5,0.3,GSE216146,raw_shared,responders_vs_other_cells_of_study,0.3,0.5208925306724818,0.030312299585228745,0.4885184695698143,0.5486023921231745,probe_balanced_accuracy,probes,,,,,,,,,,
mixed_d0.5_rf0.3,mixed,0.5,0.3,GSE216146,raw_drug,pseudo_treated_vs_pseudo_control,,0.5021661351348262,0.006744330300850672,0.49447035424025243,0.5070470834333527,probe_balanced_accuracy,probes,,,,,,,,,,
mixed_d0.5_rf0.3,mixed,0.5,0.3,GSE216146,raw_drug,responders_vs_other_cells_of_study,0.3,0.44261988149518716,0.005761836333950257,0.4390405075001652,0.44926650366748166,probe_balanced_accuracy,probes,,,,,,,,,,
mixed_d0.5_rf0.3,mixed,0.5,0.3,GSE271055,bg,pseudo_treated_vs_pseudo_control,,0.48484848484848486,0.008801970399434002,0.4778012684989429,0.4947145877378436,probe_balanced_accuracy,probes,,,,,,,,,,
mixed_d0.5_rf0.3,mixed,0.5,0.3,GSE271055,bg,responders_vs_other_cells_of_study,0.3,0.5022040145074372,0.012602100096124466,0.4900444914320955,0.5152063785736312,probe_balanced_accuracy,probes,,,,,,,,,,
mixed_d0.5_rf0.3,mixed,0.5,0.3,GSE271055,raw_shared,pseudo_treated_vs_pseudo_control,,0.52184637068358,0.006010825267523615,0.5169133192389006,0.5285412262156448,probe_balanced_accuracy,probes,,,,,,,,,,
mixed_d0.5_rf0.3,mixed,0.5,0.3,GSE271055,raw_shared,responders_vs_other_cells_of_study,0.3,0.497825352774474,0.008931156318120413,0.4915906788247214,0.508056913792344,probe_balanced_accuracy,probes,,,,,,,,,,
mixed_d0.5_rf0.3,mixed,0.5,0.3,GSE271055,raw_drug,pseudo_treated_vs_pseudo_control,,0.5021141649048626,0.0157856073182538,0.48414376321353064,0.5137420718816068,probe_balanced_accuracy,probes,,,,,,,,,,
mixed_d0.5_rf0.3,mixed,0.5,0.3,GSE271055,raw_drug,responders_vs_other_cells_of_study,0.3,0.5013376796910562,0.015661357230789485,0.4892647900973526,0.519034403770759,probe_balanced_accuracy,probes,,,,,,,,,,
mixed_d1_rf1.0,mixed,1.0,1.0,GSE216146,bg,pseudo_treated_vs_pseudo_control,,0.511370780608804,0.018642213217477326,0.49271286992901475,0.5299972566098556,probe_balanced_accuracy,probes,,,,,,,,,,
mixed_d1_rf1.0,mixed,1.0,1.0,GSE216146,bg,responders_vs_other_cells_of_study,1.0,0.511370780608804,0.018642213217477326,0.49271286992901475,0.5299972566098556,probe_balanced_accuracy,probes,,,,,,,,,,
mixed_d1_rf1.0,mixed,1.0,1.0,GSE216146,raw_shared,pseudo_treated_vs_pseudo_control,,0.4993141524639073,0.015313137415199738,0.48445698021329864,0.5150457803230342,probe_balanced_accuracy,probes,,,,,,,,,,
mixed_d1_rf1.0,mixed,1.0,1.0,GSE216146,raw_shared,responders_vs_other_cells_of_study,1.0,0.4993141524639073,0.015313137415199738,0.48445698021329864,0.5150457803230342,probe_balanced_accuracy,probes,,,,,,,,,,
mixed_d1_rf1.0,mixed,1.0,1.0,GSE216146,raw_drug,pseudo_treated_vs_pseudo_control,,0.5118251546014654,0.0094204314772867,0.5027348170501698,0.5215441857275127,probe_balanced_accuracy,probes,,,,,,,,,,
mixed_d1_rf1.0,mixed,1.0,1.0,GSE216146,raw_drug,responders_vs_other_cells_of_study,1.0,0.5118251546014654,0.0094204314772867,0.5027348170501698,0.5215441857275127,probe_balanced_accuracy,probes,,,,,,,,,,
mixed_d1_rf1.0,mixed,1.0,1.0,GSE271055,bg,pseudo_treated_vs_pseudo_control,,0.4806201550387597,0.011401472647895323,0.4725158562367865,0.4936575052854123,probe_balanced_accuracy,probes,,,,,,,,,,
mixed_d1_rf1.0,mixed,1.0,1.0,GSE271055,bg,responders_vs_other_cells_of_study,1.0,0.4806201550387597,0.011401472647895323,0.4725158562367865,0.4936575052854123,probe_balanced_accuracy,probes,,,,,,,,,,
mixed_d1_rf1.0,mixed,1.0,1.0,GSE271055,raw_shared,pseudo_treated_vs_pseudo_control,,0.5088090204369274,0.01058842790790466,0.4978858350951374,0.5190274841437632,probe_balanced_accuracy,probes,,,,,,,,,,
mixed_d1_rf1.0,mixed,1.0,1.0,GSE271055,raw_shared,responders_vs_other_cells_of_study,1.0,0.5088090204369274,0.01058842790790466,0.4978858350951374,0.5190274841437632,probe_balanced_accuracy,probes,,,,,,,,,,
mixed_d1_rf1.0,mixed,1.0,1.0,GSE271055,raw_drug,pseudo_treated_vs_pseudo_control,,0.492600422832981,0.03141153902347489,0.4704016913319239,0.5285412262156448,probe_balanced_accuracy,probes,,,,,,,,,,
mixed_d1_rf1.0,mixed,1.0,1.0,GSE271055,raw_drug,responders_vs_other_cells_of_study,1.0,0.492600422832981,0.03141153902347489,0.4704016913319239,0.5285412262156448,probe_balanced_accuracy,probes,,,,,,,,,,
mixed_d1_rf0.3,mixed,1.0,0.3,GSE216146,bg,pseudo_treated_vs_pseudo_control,,0.49684510133397347,0.016087538619423584,0.4865059497273756,0.5153801309968794,probe_balanced_accuracy,probes,,,,,,,,,,
mixed_d1_rf0.3,mixed,1.0,0.3,GSE216146,bg,responders_vs_other_cells_of_study,0.3,0.4848895350117844,0.03640330218402214,0.45093504262208417,0.5233265049890967,probe_balanced_accuracy,probes,,,,,,,,,,
mixed_d1_rf0.3,mixed,1.0,0.3,GSE216146,raw_shared,pseudo_treated_vs_pseudo_control,,0.4978824457323137,0.01674039503288246,0.4820307945543706,0.5153887040910805,probe_balanced_accuracy,probes,,,,,,,,,,
mixed_d1_rf0.3,mixed,1.0,0.3,GSE216146,raw_shared,responders_vs_other_cells_of_study,0.3,0.5330293618802177,0.04693666847455931,0.5057159849335888,0.5872265908940726,probe_balanced_accuracy,probes,,,,,,,,,,
mixed_d1_rf0.3,mixed,1.0,0.3,GSE216146,raw_drug,pseudo_treated_vs_pseudo_control,,0.5125567253066311,0.006261589480569234,0.5070813758101574,0.5193837659888207,probe_balanced_accuracy,probes,,,,,,,,,,
mixed_d1_rf0.3,mixed,1.0,0.3,GSE216146,raw_drug,responders_vs_other_cells_of_study,0.3,0.45023568801074915,0.03666702576096277,0.4116830767197516,0.48466926584285996,probe_balanced_accuracy,probes,,,,,,,,,,
mixed_d1_rf0.3,mixed,1.0,0.3,GSE271055,bg,pseudo_treated_vs_pseudo_control,,0.4785059901338971,0.011401472647895303,0.4704016913319239,0.4915433403805497,probe_balanced_accuracy,probes,,,,,,,,,,
mixed_d1_rf0.3,mixed,1.0,0.3,GSE271055,bg,responders_vs_other_cells_of_study,0.3,0.510278548668928,0.026107183813168473,0.4861371745738073,0.537985110788071,probe_balanced_accuracy,probes,,,,,,,,,,
mixed_d1_rf0.3,mixed,1.0,0.3,GSE271055,raw_shared,pseudo_treated_vs_pseudo_control,,0.4985905567300916,0.004400985199717001,0.49365750528541225,0.5021141649048626,probe_balanced_accuracy,probes,,,,,,,,,,
mixed_d1_rf0.3,mixed,1.0,0.3,GSE271055,raw_shared,responders_vs_other_cells_of_study,0.3,0.5166027928285097,0.022061677199045334,0.49975771992423246,0.5415752610017179,probe_balanced_accuracy,probes,,,,,,,,,,
mixed_d1_rf0.3,mixed,1.0,0.3,GSE271055,raw_drug,pseudo_treated_vs_pseudo_control,,0.49894291754756875,0.0063424947145877195,0.492600422832981,0.5052854122621564,probe_balanced_accuracy,probes,,,,,,,,,,
mixed_d1_rf0.3,mixed,1.0,0.3,GSE271055,raw_drug,responders_vs_other_cells_of_study,0.3,0.5010249181387016,0.018414995199051508,0.48139289018104925,0.5179155103299414,probe_balanced_accuracy,probes,,,,,,,,,,
mixed_d2_rf1.0,mixed,2.0,1.0,GSE216146,bg,pseudo_treated_vs_pseudo_control,,0.5265422996467884,0.009436153635129615,0.5174205274167553,0.536264188470903,probe_balanced_accuracy,probes,,,,,,,,,,
mixed_d2_rf1.0,mixed,2.0,1.0,GSE216146,bg,responders_vs_other_cells_of_study,1.0,0.5265422996467884,0.009436153635129615,0.5174205274167553,0.536264188470903,probe_balanced_accuracy,probes,,,,,,,,,,
mixed_d2_rf1.0,mixed,2.0,1.0,GSE216146,raw_shared,pseudo_treated_vs_pseudo_control,,0.5412994524650504,0.03192831416286121,0.5217413668941395,0.578143753643565,probe_balanced_accuracy,probes,,,,,,,,,,
mixed_d2_rf1.0,mixed,2.0,1.0,GSE216146,raw_shared,responders_vs_other_cells_of_study,1.0,0.5412994524650504,0.03192831416286121,0.5217413668941395,0.578143753643565,probe_balanced_accuracy,probes,,,,,,,,,,
mixed_d2_rf1.0,mixed,2.0,1.0,GSE216146,raw_drug,pseudo_treated_vs_pseudo_control,,0.5367671433307043,0.037179490591559186,0.49460752374747097,0.5648640307259696,probe_balanced_accuracy,probes,,,,,,,,,,
mixed_d2_rf1.0,mixed,2.0,1.0,GSE216146,raw_drug,responders_vs_other_cells_of_study,1.0,0.5367671433307043,0.037179490591559186,0.49460752374747097,0.5648640307259696,probe_balanced_accuracy,probes,,,,,,,,,,
mixed_d2_rf1.0,mixed,2.0,1.0,GSE271055,bg,pseudo_treated_vs_pseudo_control,,0.49471458773784355,0.012859963066169607,0.48625792811839325,0.5095137420718816,probe_balanced_accuracy,probes,,,,,,,,,,
mixed_d2_rf1.0,mixed,2.0,1.0,GSE271055,bg,responders_vs_other_cells_of_study,1.0,0.49471458773784355,0.012859963066169607,0.48625792811839325,0.5095137420718816,probe_balanced_accuracy,probes,,,,,,,,,,
mixed_d2_rf1.0,mixed,2.0,1.0,GSE271055,raw_shared,pseudo_treated_vs_pseudo_control,,0.5133897110641297,0.007038401816574429,0.507399577167019,0.5211416490486258,probe_balanced_accuracy,probes,,,,,,,,,,
mixed_d2_rf1.0,mixed,2.0,1.0,GSE271055,raw_shared,responders_vs_other_cells_of_study,1.0,0.5133897110641297,0.007038401816574429,0.507399577167019,0.5211416490486258,probe_balanced_accuracy,probes,,,,,,,,,,
mixed_d2_rf1.0,mixed,2.0,1.0,GSE271055,raw_drug,pseudo_treated_vs_pseudo_control,,0.5246652572233969,0.01216027760869443,0.5126849894291755,0.5369978858350952,probe_balanced_accuracy,probes,,,,,,,,,,
mixed_d2_rf1.0,mixed,2.0,1.0,GSE271055,raw_drug,responders_vs_other_cells_of_study,1.0,0.5246652572233969,0.01216027760869443,0.5126849894291755,0.5369978858350952,probe_balanced_accuracy,probes,,,,,,,,,,
mixed_d2_rf0.3,mixed,2.0,0.3,GSE216146,bg,pseudo_treated_vs_pseudo_control,,0.5050781294651533,0.018299414331044137,0.4844912725901033,0.5194952162134358,probe_balanced_accuracy,probes,,,,,,,,,,
mixed_d2_rf0.3,mixed,2.0,0.3,GSE216146,bg,responders_vs_other_cells_of_study,0.3,0.4723176721954228,0.011148377052247464,0.4618053261085046,0.48400845833608674,probe_balanced_accuracy,probes,,,,,,,,,,
mixed_d2_rf0.3,mixed,2.0,0.3,GSE216146,raw_shared,pseudo_treated_vs_pseudo_control,,0.5238789250482951,0.021818183387526155,0.5112736188745242,0.5490723912074346,probe_balanced_accuracy,probes,,,,,,,,,,
mixed_d2_rf0.3,mixed,2.0,0.3,GSE216146,raw_shared,responders_vs_other_cells_of_study,0.3,0.5229024868389172,0.031217386664639336,0.4870151324919051,0.5437784973237296,probe_balanced_accuracy,probes,,,,,,,,,,
mixed_d2_rf0.3,mixed,2.0,0.3,GSE216146,raw_drug,pseudo_treated_vs_pseudo_control,,0.5145914063303727,0.008278471148377143,0.5070470834333527,0.52344741264017,probe_balanced_accuracy,probes,,,,,,,,,,
mixed_d2_rf0.3,mixed,2.0,0.3,GSE216146,raw_drug,responders_vs_other_cells_of_study,0.3,0.4558966056521068,0.010863720295792544,0.44682151589242053,0.4679343157338267,probe_balanced_accuracy,probes,,,,,,,,,,
mixed_d2_rf0.3,mixed,2.0,0.3,GSE271055,bg,pseudo_treated_vs_pseudo_control,,0.48202959830866804,0.009395554352342031,0.4714587737843552,0.4894291754756871,probe_balanced_accuracy,probes,,,,,,,,,,
mixed_d2_rf0.3,mixed,2.0,0.3,GSE271055,bg,responders_vs_other_cells_of_study,0.3,0.5094841636932294,0.040027272653222014,0.4639795603717898,0.5392493722743492,probe_balanced_accuracy,probes,,,,,,,,,,
mixed_d2_rf0.3,mixed,2.0,0.3,GSE271055,raw_shared,pseudo_treated_vs_pseudo_control,,0.48731501057082455,0.010083923905041718,0.47674418604651164,0.49682875264270615,probe_balanced_accuracy,probes,,,,,,,,,,
mixed_d2_rf0.3,mixed,2.0,0.3,GSE271055,raw_shared,responders_vs_other_cells_of_study,0.3,0.5050452990323481,0.024791826646061225,0.4777674992291088,0.5262058940134795,probe_balanced_accuracy,probes,,,,,,,,,,
mixed_d2_rf0.3,mixed,2.0,0.3,GSE271055,raw_drug,pseudo_treated_vs_pseudo_control,,0.4971811134601832,0.011303040826177136,0.4841437632135307,0.5042283298097251,probe_balanced_accuracy,probes,,,,,,,,,,
mixed_d2_rf0.3,mixed,2.0,0.3,GSE271055,raw_drug,responders_vs_other_cells_of_study,0.3,0.5419937447689529,0.01308368101971501,0.5309369631293775,0.5564380423769878,probe_balanced_accuracy,probes,,,,,,,,,,
null,null,0.0,,GSE216146,,,1.0,,,,,,reconstruction,S,up,False,-0.018798379227519035,0.0,-0.016790832703312237,0.0004592765907811945,0.893206403599522,0.024431712182338465,0.0
null,null,0.0,,GSE216146,,,1.0,,,,,,reconstruction,S,down,False,-0.006880661007016897,0.0,-0.0024137765479584536,0.0007104715145209754,0.35080591028927083,0.10325628799274321,0.0
null,null,0.0,,GSE271055,,,1.0,,,,,,reconstruction,S,up,False,-0.007049151696264744,0.0,0.0022329307782153287,0.00036011221379482434,-0.31676588537575817,0.05108589363818677,0.0
null,null,0.0,,GSE271055,,,1.0,,,,,,reconstruction,S,down,False,-0.0064734527841210365,0.0,-0.0019003637523079913,0.00036102749042966,0.2935626188499376,0.05577046785839501,0.0
null,null,0.0,,GSE216146,,,1.0,,,,,,reconstruction,A,up,False,-0.0014047030126675963,0.0,-0.011299000432093939,0.000834445077032784,8.043693457050834,0.594036653661142,0.0
null,null,0.0,,GSE216146,,,1.0,,,,,,reconstruction,A,down,False,-0.001507546054199338,0.0,0.002024464774876833,0.0005460711607164897,-1.3428875152686677,0.3622251931842371,0.0
null,null,0.0,,GSE271055,,,1.0,,,,,,reconstruction,B,up,False,-0.004023474175482988,0.0,0.0027196661103516817,0.0009786466253202343,-0.6759496871942035,0.24323422560622124,0.0
null,null,0.0,,GSE271055,,,1.0,,,,,,reconstruction,B,down,False,-0.009516087360680103,0.0,-0.0001655538168658192,0.00030936186319249884,0.01739725693880003,0.03250935510226222,0.0
null,null,0.0,,GSE216146,,,0.3,,,,,,reconstruction,S,up,False,-0.027880210429430008,0.0,-0.03432622676094373,0.0007510570171322861,1.2312040057168787,0.02693871407582635,0.0
null,null,0.0,,GSE216146,,,0.3,,,,,,reconstruction,S,down,False,0.029307320713996887,0.0,0.030324680109818775,0.0015785027953868853,1.0347134903852202,0.05386035833132329,0.0
null,null,0.0,,GSE271055,,,0.3,,,,,,reconstruction,S,up,False,-0.008634249679744244,0.0,0.00019942160967426995,0.0007600581692550775,-0.02309657666515118,0.08802828241557073,0.0
null,null,0.0,,GSE271055,,,0.3,,,,,,reconstruction,S,down,False,0.0025726906023919582,0.0,0.0028632519921908775,0.0015111552881375025,1.1129406659039256,0.5873832192384527,0.0
null,null,0.0,,GSE216146,,,0.3,,,,,,reconstruction,A,up,False,0.007765032351016998,0.0,-0.010939063193897406,0.0008061949617527679,-1.4087595130836383,0.10382377372158401,0.0
null,null,0.0,,GSE216146,,,0.3,,,,,,reconstruction,A,down,False,0.027094107121229172,0.0,0.02728043682873249,0.0006663016816294097,1.0068771303911073,0.024592125462858928,0.0
null,null,0.0,,GSE271055,,,0.3,,,,,,reconstruction,B,up,False,-0.010359490290284157,0.0,0.0004854985818383284,0.0008966296265811872,-0.04686510322748818,0.08655151956869038,0.0
null,null,0.0,,GSE271055,,,0.3,,,,,,reconstruction,B,down,False,-0.0015538595616817474,0.0,-0.0010200849622682047,0.001172555623558376,0.6564846575736635,0.7546084938907317,0.0
shared_d0.25_rf1.0,shared,0.25,1.0,GSE216146,,,1.0,,,,,,reconstruction,S,up,True,0.0019975081086158752,0.0,-0.01594691040615241,0.0010693466504659364,-7.983402088516392,0.5353403302111824,0.17328679513998632
shared_d0.25_rf1.0,shared,0.25,1.0,GSE216146,,,1.0,,,,,,reconstruction,S,down,True,-0.028987977653741837,0.0,-0.002037480240687728,0.0006692371282695529,0.07028707780257051,0.02308671326656574,-0.17328679513998632
shared_d0.25_rf1.0,shared,0.25,1.0,GSE271055,,,1.0,,,,,,reconstruction,S,up,True,0.007361707743257284,0.0,0.0020186960076292357,0.00037093376163553534,0.27421572249702447,0.05038691762455254,0.17328679513998632
shared_d0.25_rf1.0,shared,0.25,1.0,GSE271055,,,1.0,,,,,,reconstruction,S,down,True,-0.02790273353457451,0.0,-0.002073393242123226,0.0009619216008343619,0.07430788956766789,0.034474099092923524,-0.17328679513998632
shared_d0.25_rf1.0,shared,0.25,1.0,GSE216146,,,1.0,,,,,,reconstruction,A,up,False,-0.0014661665773019195,0.0,-0.01051769188294808,0.0011446298339170117,7.173599538943951,0.7806956260204696,0.0
shared_d0.25_rf1.0,shared,0.25,1.0,GSE216146,,,1.0,,,,,,reconstruction,A,down,False,-0.0015277329366654158,0.0,0.0022275097435340285,0.0007095148798232641,-1.458049172125605,0.4644233706003112,0.0
shared_d0.25_rf1.0,shared,0.25,1.0,GSE271055,,,1.0,,,,,,reconstruction,B,up,False,-0.004005543887615204,0.0,0.0026421600487083197,0.0010207094881138012,-0.6596257893659961,0.25482419285674207,0.0
shared_d0.25_rf1.0,shared,0.25,1.0,GSE271055,,,1.0,,,,,,reconstruction,B,down,False,-0.009495237842202187,0.0,-0.000271263399857465,0.000561595558595499,0.028568362832557773,0.05914497013433954,0.0
shared_d0.25_rf0.3,shared,0.25,0.3,GSE216146,,,0.3,,,,,,reconstruction,S,up,True,-0.007976790890097618,0.0,-0.03311742345492045,0.0007551194074314833,4.151722655288908,0.09466456095381484,0.17328679513998632
shared_d0.25_rf0.3,shared,0.25,0.3,GSE216146,,,0.3,,,,,,reconstruction,S,down,True,0.010662449523806572,0.0,0.029977414136131603,0.0007635336614292568,2.811494119545379,0.07160959212275562,-0.17328679513998632
shared_d0.25_rf0.3,shared,0.25,0.3,GSE271055,,,0.3,,,,,,reconstruction,S,up,True,0.006298487540334463,0.0,7.569894660264254e-05,0.0009344233459855684,0.012018591148728821,0.14835678248177475,0.17328679513998632
shared_d0.25_rf0.3,shared,0.25,0.3,GSE271055,,,0.3,,,,,,reconstruction,S,down,True,-0.01685400679707527,0.0,0.0030830575075621405,0.0014244965137645627,-0.18292727329961403,0.08451975431811028,-0.17328679513998632
shared_d0.25_rf0.3,shared,0.25,0.3,GSE216146,,,0.3,,,,,,reconstruction,A,up,False,0.0077129327692091465,0.0,-0.010792020397881666,0.0004995273321409575,-1.3992110032340186,0.06476490163833964,0.0
shared_d0.25_rf0.3,shared,0.25,0.3,GSE216146,,,0.3,,,,,,reconstruction,A,down,False,0.02708660624921322,0.0,0.02725265920162201,0.000789635368832333,1.0061304450945607,0.029152244528798082,0.0
shared_d0.25_rf0.3,shared,0.25,0.3,GSE271055,,,0.3,,,,,,reconstruction,B,up,False,-0.0103453965857625,0.0,0.00021312691994050206,0.0009922705446101668,-0.020601135797327547,0.09591421038181806,0.0
shared_d0.25_rf0.3,shared,0.25,0.3,GSE271055,,,0.3,,,,,,reconstruction,B,down,False,-0.001540300203487277,0.0,-0.0012851911208902795,0.0006739339152782227,0.8343770376583576,0.4375341337697807,0.0
shared_d0.5_rf1.0,shared,0.5,1.0,GSE216146,,,1.0,,,,,,reconstruction,S,up,True,0.020145198330283165,0.0,-0.01562163264801105,0.0007910949147644582,-0.7754519162279933,0.039269651347897026,0.34657359027997264
shared_d0.5_rf1.0,shared,0.5,1.0,GSE216146,,,1.0,,,,,,reconstruction,S,down,True,-0.04888312518596649,0.0,-0.002183983063635727,0.000640066578971343,0.04467764807031427,0.013093814614682111,-0.34657359027997264
shared_d0.5_rf1.0,shared,0.5,1.0,GSE271055,,,1.0,,,,,,reconstruction,S,up,True,0.019877823069691658,0.0,0.001897780632134527,0.0008632972332613788,0.0954722569710429,0.043430169905158036,0.34657359027997264
shared_d0.5_rf1.0,shared,0.5,1.0,GSE271055,,,1.0,,,,,,reconstruction,S,down,True,-0.04790668189525604,0.0,-0.0016436563649525244,0.00044835831344443587,0.034309543051765555,0.009358993269972941,-0.34657359027997264
shared_d0.5_rf1.0,shared,0.5,1.0,GSE216146,,,1.0,,,,,,reconstruction,A,up,False,-0.0015217546606436372,0.0,-0.01078641756127278,0.0009365311605025914,7.088144916021211,0.6154284818201109,0.0
shared_d0.5_rf1.0,shared,0.5,1.0,GSE216146,,,1.0,,,,,,reconstruction,A,down,False,-0.0015500921290367842,0.0,0.002253955307727059,0.0005506945898740744,-1.454078287029075,0.35526571586185135,0.0
shared_d0.5_rf1.0,shared,0.5,1.0,GSE271055,,,1.0,,,,,,reconstruction,B,up,False,-0.00399125088006258,0.0,0.002715617030238112,0.0008311721462934574,-0.6803924663827529,0.20824853442448227,0.0
shared_d0.5_rf1.0,shared,0.5,1.0,GSE271055,,,1.0,,,,,,reconstruction,B,down,False,-0.009480793960392475,0.0,0.00029475278764342267,0.0005832890888909173,-0.031089462430551634,0.06152323226595791,0.0
shared_d0.5_rf0.3,shared,0.5,0.3,GSE216146,,,0.3,,,,,,reconstruction,S,up,True,0.008153462782502174,0.0,-0.03201674794157346,0.0017077073804611582,-3.9267669204651727,0.20944565836812362,0.34657359027997264
shared_d0.5_rf0.3,shared,0.5,0.3,GSE216146,,,0.3,,,,,,reconstruction,S,down,True,-0.017035219818353653,0.0,0.027642278621594112,0.0034255368722217127,-1.6226546482137243,0.20108556911787293,-0.34657359027997264
shared_d0.5_rf0.3,shared,0.5,0.3,GSE271055,,,0.3,,,,,,reconstruction,S,up,True,0.019342180341482162,0.0,0.0008134923409670591,0.0002803126195184982,0.042057944172012744,0.01449229686465731,0.34657359027997264
shared_d0.5_rf0.3,shared,0.5,0.3,GSE271055,,,0.3,,,,,,reconstruction,S,down,True,-0.0430295355618,0.0,0.0019371899931381147,0.0007006947020604086,-0.04502000702182523,0.01628404055289081,-0.34657359027997264
shared_d0.5_rf0.3,shared,0.5,0.3,GSE216146,,,0.3,,,,,,reconstruction,A,up,False,0.007672223262488842,0.0,-0.009208754946788153,0.001767093872630642,-1.2002720243833032,0.23032357273417034,0.0
shared_d0.5_rf0.3,shared,0.5,0.3,GSE216146,,,0.3,,,,,,reconstruction,A,down,False,0.02707762084901333,0.0,0.025635037571191788,0.0016269258834656342,0.9467241495896008,0.06008378256485258,0.0
shared_d0.5_rf0.3,shared,0.5,0.3,GSE271055,,,0.3,,,,,,reconstruction,B,up,False,-0.010336088947951794,0.0,0.0007697867927921228,0.0009506447758508104,-0.07447563548151008,0.0919733547803099,0.0
shared_d0.5_rf0.3,shared,0.5,0.3,GSE271055,,,0.3,,,,,,reconstruction,B,down,False,-0.0015186056261882186,0.0,-0.001582419858702148,0.0012153325413058235,1.042021596267957,0.8002950340414404,0.0
shared_d1_rf1.0,shared,1.0,1.0,GSE216146,,,1.0,,,,,,reconstruction,S,up,True,0.0532100684940815,0.0,-0.014634650200605392,0.0013549659727721181,-0.275035357307108,0.025464465863689476,0.6931471805599453
shared_d1_rf1.0,shared,1.0,1.0,GSE216146,,,1.0,,,,,,reconstruction,S,down,True,-0.08068022131919861,0.0,-0.002078069451575478,0.0007812457286689176,0.025756863548426854,0.009683237302709443,-0.6931471805599453
shared_d1_rf1.0,shared,1.0,1.0,GSE271055,,,1.0,,,,,,reconstruction,S,up,True,0.040210019797086716,0.0,0.001922841261451443,0.00023882446150131812,0.047819953115038165,0.005939426608256018,0.6931471805599453
shared_d1_rf1.0,shared,1.0,1.0,GSE271055,,,1.0,,,,,,reconstruction,S,down,True,-0.07721130549907684,0.0,-0.0018072434080143769,0.0003835553523029715,0.0234064609623261,0.004967606101512654,-0.6931471805599453
shared_d1_rf1.0,shared,1.0,1.0,GSE216146,,,1.0,,,,,,reconstruction,A,up,False,-0.0016001835465431213,0.0,-0.011224211814502874,0.0012515800563806928,7.014327724310474,0.7821478099087338,0.0
shared_d1_rf1.0,shared,1.0,1.0,GSE216146,,,1.0,,,,,,reconstruction,A,down,False,-0.0015797056257724762,0.0,0.0016935994499363005,0.0009236086378094822,-1.0720981316428053,0.5846713607529488,0.0
shared_d1_rf1.0,shared,1.0,1.0,GSE271055,,,1.0,,,,,,reconstruction,B,up,False,-0.003970571793615818,0.0,0.0030581451331575713,0.00027623684904459344,-0.7702027043245221,0.06957105006607553,0.0
shared_d1_rf1.0,shared,1.0,1.0,GSE271055,,,1.0,,,,,,reconstruction,B,down,False,-0.009457668289542198,0.0,-0.0001507427186879795,0.00035183410669866936,0.0159386768570286,0.03720093536032654,0.0
shared_d1_rf0.3,shared,1.0,0.3,GSE216146,,,0.3,,,,,,reconstruction,S,up,True,0.04054610803723335,0.0,-0.02776864357292652,0.0005467867292681669,-0.6848658210900703,0.013485553996108669,0.6931471805599453
shared_d1_rf0.3,shared,1.0,0.3,GSE216146,,,0.3,,,,,,reconstruction,S,down,True,-0.059951234608888626,0.0,0.02777855657041073,0.0005291396031375089,-0.4633525356338894,0.008826166910315103,-0.6931471805599453
shared_d1_rf0.3,shared,1.0,0.3,GSE271055,,,0.3,,,,,,reconstruction,S,up,True,0.03424214571714401,0.0,0.0005074013849177087,0.0003285131609567291,0.014818037079483254,0.009593825213828597,0.6931471805599453
shared_d1_rf0.3,shared,1.0,0.3,GSE271055,,,0.3,,,,,,reconstruction,S,down,True,-0.05835036188364029,0.0,0.001408106026550134,0.00016288346312162236,-0.024131915914388274,0.0027914730579809807,-0.6931471805599453
shared_d1_rf0.3,shared,1.0,0.3,GSE216146,,,0.3,,,,,,reconstruction,A,up,False,0.007616214454174042,0.0,-0.010262208990752697,0.0006321533106643018,-1.3474159705585136,0.08300098618124542,0.0
shared_d1_rf0.3,shared,1.0,0.3,GSE216146,,,0.3,,,,,,reconstruction,A,down,False,0.02706838771700859,0.0,0.025618427743514378,0.0011704647539914172,0.9464334563013844,0.04324102219268678,0.0
shared_d1_rf0.3,shared,1.0,0.3,GSE271055,,,0.3,,,,,,reconstruction,B,up,False,-0.010318262502551079,0.0,-0.00027371807179103297,0.00012246524065131196,0.02652753520501723,0.011868785139071011,0.0
shared_d1_rf0.3,shared,1.0,0.3,GSE271055,,,0.3,,,,,,reconstruction,B,down,False,-0.0015032499795779586,0.0,-0.0011577246283801894,0.0007585950708909216,0.7701477758910222,0.5046366746693051,0.0
shared_d2_rf1.0,shared,2.0,1.0,GSE216146,,,1.0,,,,,,reconstruction,S,up,True,0.10322557389736176,0.0,-0.01215117642035087,0.0008947036646679026,-0.11771478676817926,0.0086674612781278,1.3862943611198906
shared_d2_rf1.0,shared,2.0,1.0,GSE216146,,,1.0,,,,,,reconstruction,S,down,True,-0.14325213432312012,0.0,-0.003164913272485137,0.0005500499889363749,0.022093306235468332,0.003839733289388065,-1.3862943611198906
shared_d2_rf1.0,shared,2.0,1.0,GSE271055,,,1.0,,,,,,reconstruction,S,up,True,0.06965823471546173,0.0,0.001506385044194758,0.00019828234836666097,0.021625369209369184,0.002846502630688246,1.3862943611198906
shared_d2_rf1.0,shared,2.0,1.0,GSE271055,,,1.0,,,,,,reconstruction,S,down,True,-0.12879621982574463,0.0,-0.000990271393675357,0.0002757963248648604,0.007688668153577401,0.002141338660699826,-1.3862943611198906
shared_d2_rf1.0,shared,2.0,1.0,GSE216146,,,1.0,,,,,,reconstruction,A,up,False,-0.0016916778404265642,0.0,-0.01086227223277092,0.00041724008609670207,6.42100521339923,0.24664275675059527,0.0
shared_d2_rf1.0,shared,2.0,1.0,GSE216146,,,1.0,,,,,,reconstruction,A,down,False,-0.001611944637261331,0.0,0.0013825300769288635,0.001228094522455058,-0.8576783873159322,0.7618714030660331,0.0
shared_d2_rf1.0,shared,2.0,1.0,GSE271055,,,1.0,,,,,,reconstruction,B,up,False,-0.003947535064071417,0.0,0.003168921684846282,0.00047236822687558546,-0.8027596040091695,0.1196615658147931,0.0
shared_d2_rf1.0,shared,2.0,1.0,GSE271055,,,1.0,,,,,,reconstruction,B,down,False,-0.009433625265955925,0.0,0.00017788528930395842,0.00046349407313753027,-0.018856514255014032,0.049132126841012876,0.0
shared_d2_rf0.3,shared,2.0,0.3,GSE216146,,,0.3,,,,,,reconstruction,S,up,True,0.08730874955654144,0.0,-0.02399671698609988,0.0006603098593478752,-0.27484893676732275,0.007562928832467781,1.3862943611198906
shared_d2_rf0.3,shared,2.0,0.3,GSE216146,,,0.3,,,,,,reconstruction,S,down,True,-0.11932913959026337,0.0,0.025305441891153652,0.0014242420784488742,-0.21206422821822177,0.011935408931458391,-1.3862943611198906
shared_d2_rf0.3,shared,2.0,0.3,GSE271055,,,0.3,,,,,,reconstruction,S,up,True,0.0618617944419384,0.0,0.0004726987147781377,0.0003462097146414067,0.0076412059986685045,0.005596502942803391,1.3862943611198906
shared_d2_rf0.3,shared,2.0,0.3,GSE271055,,,0.3,,,,,,reconstruction,S,down,True,-0.12512114644050598,0.0,0.0018261739363272984,0.000250997776904204,-0.014595246193621063,0.002006038020308192,-1.3862943611198906
shared_d2_rf0.3,shared,2.0,0.3,GSE216146,,,0.3,,,,,,reconstruction,A,up,False,0.0075450376607477665,0.0,-0.01160462386906147,0.0007273788185683916,-1.5380471762829304,0.09640492881201906,0.0
shared_d2_rf0.3,shared,2.0,0.3,GSE216146,,,0.3,,,,,,reconstruction,A,down,False,0.027055373415350914,0.0,0.02580684299270312,0.0016736620567288387,0.9538527743276538,0.06186061567271588,0.0
shared_d2_rf0.3,shared,2.0,0.3,GSE271055,,,0.3,,,,,,reconstruction,B,up,False,-0.01028008945286274,0.0,0.0007341728681543221,0.0003460958275197978,-0.0714169727336248,0.03366661633702215,0.0
shared_d2_rf0.3,shared,2.0,0.3,GSE271055,,,0.3,,,,,,reconstruction,B,down,False,-0.00146283651702106,0.0,-0.0011724163002024095,0.0011178523303239762,0.8014677556655023,0.7641676409612645,0.0
specific_d0.25_rf1.0,specific,0.25,1.0,GSE216146,,,1.0,,,,,,reconstruction,S,up,False,-0.018840810284018517,0.0,-0.01670056985070308,0.0018015404190512996,0.886404013359719,0.09561905204148423,0.0
specific_d0.25_rf1.0,specific,0.25,1.0,GSE216146,,,1.0,,,,,,reconstruction,S,down,False,-0.00693337619304657,0.0,-0.003367754048667848,0.0017358817834048433,0.4857307543827411,0.250366017229203,0.0
specific_d0.25_rf1.0,specific,0.25,1.0,GSE271055,,,1.0,,,,,,reconstruction,S,up,False,-0.007050170097500086,0.0,0.0022700820894291005,0.000506571546209945,-0.3219896907500213,0.07185238642533884,0.0
specific_d0.25_rf1.0,specific,0.25,1.0,GSE271055,,,1.0,,,,,,reconstruction,S,down,False,-0.0064735510386526585,0.0,-0.002220377830478052,0.0009456710337986991,0.34299224911033993,0.14608227048064204,0.0
specific_d0.25_rf1.0,specific,0.25,1.0,GSE216146,,,1.0,,,,,,reconstruction,A,up,True,0.023656494915485382,0.0,-0.010201740389068922,0.0015500261735465761,-0.4312447987546511,0.06552222461882716,0.17328679513998632
specific_d0.25_rf1.0,specific,0.25,1.0,GSE216146,,,1.0,,,,,,reconstruction,A,down,True,-0.017053063958883286,0.0,0.001148957014568926,0.0015683822823819194,-0.06737540053442485,0.09197070310434843,-0.17328679513998632
specific_d0.25_rf1.0,specific,0.25,1.0,GSE271055,,,1.0,,,,,,reconstruction,B,up,True,0.018603049218654633,0.0,0.002811780432239175,0.0008200907382486445,0.15114621260151254,0.0440836729833666,0.17328679513998632
specific_d0.25_rf1.0,specific,0.25,1.0,GSE271055,,,1.0,,,,,,reconstruction,B,down,True,-0.02948318049311638,0.0,-0.00029574725097821403,0.00034616936194480216,0.010031049772505513,0.011741248947874688,-0.17328679513998632
specific_d0.25_rf0.3,specific,0.25,0.3,GSE216146,,,0.3,,,,,,reconstruction,S,up,False,-0.02792038396000862,0.0,-0.03445797537763914,0.0004685023016833923,1.2341512003199722,0.016779937638194645,0.0
specific_d0.25_rf0.3,specific,0.25,0.3,GSE216146,,,0.3,,,,,,reconstruction,S,down,False,0.029261445626616478,0.0,0.02884672520061334,0.001122726985327685,0.9858270698141481,0.0383688147077205,0.0
specific_d0.25_rf0.3,specific,0.25,0.3,GSE271055,,,0.3,,,,,,reconstruction,S,up,False,-0.008633746765553951,0.0,-6.291140986528869e-05,0.0005914364582322309,0.007286686947581815,0.06850287300432349,0.0
specific_d0.25_rf0.3,specific,0.25,0.3,GSE271055,,,0.3,,,,,,reconstruction,S,down,False,0.002573625650256872,0.0,0.002915376719708244,0.001320534735084468,1.1327897355302088,0.5131028807366239,0.0
specific_d0.25_rf0.3,specific,0.25,0.3,GSE216146,,,0.3,,,,,,reconstruction,A,up,True,0.03162612393498421,0.0,-0.009446851288278898,0.0010925437221302552,-0.2987040494655424,0.03454560933158506,0.17328679513998632
specific_d0.25_rf0.3,specific,0.25,0.3,GSE216146,,,0.3,,,,,,reconstruction,A,down,True,0.006557956337928772,0.0,0.02501787741978963,0.0009662315833214872,3.8148892933451797,0.14733730045336918,-0.17328679513998632
specific_d0.25_rf0.3,specific,0.25,0.3,GSE271055,,,0.3,,,,,,reconstruction,B,up,True,0.009605723433196545,0.0,0.00016126453798885146,0.0008358097142084776,0.016788380293308803,0.08701163634588853,0.17328679513998632
specific_d0.25_rf0.3,specific,0.25,0.3,GSE271055,,,0.3,,,,,,reconstruction,B,down,True,-0.02308136597275734,0.0,-0.0015430083973721291,0.0014752242483151833,0.06685082673154281,0.06391407900452568,-0.17328679513998632
specific_d0.5_rf1.0,specific,0.5,1.0,GSE216146,,,1.0,,,,,,reconstruction,S,up,False,-0.018874695524573326,0.0,-0.015825892488161724,0.0009138155190047658,0.8384714056742103,0.04841484821914351,0.0
specific_d0.5_rf1.0,specific,0.5,1.0,GSE216146,,,1.0,,,,,,reconstruction,S,down,False,-0.006978820078074932,0.0,-0.002874294761568308,0.001126417284623183,0.41185970255894117,0.16140511892003082,0.0
specific_d0.5_rf1.0,specific,0.5,1.0,GSE271055,,,1.0,,,,,,reconstruction,S,up,False,-0.007051953114569187,0.0,0.002620883130778869,0.0011005234105642505,-0.37165351048125655,0.15605937712356485,0.0
specific_d0.5_rf1.0,specific,0.5,1.0,GSE271055,,,1.0,,,,,,reconstruction,S,down,False,-0.006471885833889246,0.0,-0.0018093054726098974,0.0008410313405877941,0.2795638735058781,0.12995151060666668,0.0
specific_d0.5_rf1.0,specific,0.5,1.0,GSE216146,,,1.0,,,,,,reconstruction,A,up,True,0.04898879677057266,0.0,-0.009285017227133116,5.371773956571821e-05,-0.18953348192276034,0.0010965311072507575,0.34657359027997264
specific_d0.5_rf1.0,specific,0.5,1.0,GSE216146,,,1.0,,,,,,reconstruction,A,down,True,-0.03825147822499275,0.0,0.001050072854316871,0.0010152662483512848,-0.027451824165863854,0.026541882705278828,-0.34657359027997264
specific_d0.5_rf1.0,specific,0.5,1.0,GSE271055,,,1.0,,,,,,reconstruction,B,up,True,0.03823288530111313,0.0,0.0028795662025610604,0.0007747843297805904,0.07531647637582883,0.020264866846396053,0.34657359027997264
specific_d0.5_rf1.0,specific,0.5,1.0,GSE271055,,,1.0,,,,,,reconstruction,B,down,True,-0.04950417950749397,0.0,0.000510872819480331,0.0005580072435725158,-0.010319791673407996,0.011271921868496869,-0.34657359027997264
specific_d0.5_rf0.3,specific,0.5,0.3,GSE216146,,,0.3,,,,,,reconstruction,S,up,False,-0.027958985418081284,0.0,-0.034582984944184623,0.0005119687408853035,1.236918451333343,0.018311420576592425,0.0
specific_d0.5_rf0.3,specific,0.5,0.3,GSE216146,,,0.3,,,,,,reconstruction,S,down,False,0.029218990355730057,0.0,0.029418350507815678,0.001950986215935556,1.0068229651216039,0.06677117149439603,0.0
specific_d0.5_rf0.3,specific,0.5,0.3,GSE271055,,,0.3,,,,,,reconstruction,S,up,False,-0.008638596162199974,0.0,0.00013675160031804504,0.0010011742467413427,-0.015830303645450045,0.11589547976813577,0.0
specific_d0.5_rf0.3,specific,0.5,0.3,GSE271055,,,0.3,,,,,,reconstruction,S,down,False,0.002570945071056485,0.0,0.0028262538059304156,0.000407756082639912,1.0993054024172582,0.15860163145078465,0.0
specific_d0.5_rf0.3,specific,0.5,0.3,GSE216146,,,0.3,,,,,,reconstruction,A,up,True,0.053821712732315063,0.0,-0.008356806822121143,0.00037320848515701047,-0.15526831826560653,0.0069341621849379155,0.34657359027997264
specific_d0.5_rf0.3,specific,0.5,0.3,GSE216146,,,0.3,,,,,,reconstruction,A,down,True,-0.008310256525874138,0.0,0.025517998884121578,0.0012041543798605103,-3.070663198503056,0.14489978451463612,-0.34657359027997264
specific_d0.5_rf0.3,specific,0.5,0.3,GSE271055,,,0.3,,,,,,reconstruction,B,up,True,0.029985088855028152,0.0,0.0012547578565621127,0.0007760472599852955,0.041846060974793625,0.02588110589691187,0.34657359027997264
specific_d0.5_rf0.3,specific,0.5,0.3,GSE271055,,,0.3,,,,,,reconstruction,B,down,True,-0.0391220822930336,0.0,-0.0012999116443097591,0.0006627572934984187,0.03322705664215711,0.016940746878814136,-0.34657359027997264
specific_d1_rf1.0,specific,1.0,1.0,GSE216146,,,1.0,,,,,,reconstruction,S,up,False,-0.018932681530714035,0.0,-0.016201228524247806,0.0005682297977626923,0.8557281491248316,0.030013170445024735,0.0
specific_d1_rf1.0,specific,1.0,1.0,GSE216146,,,1.0,,,,,,reconstruction,S,down,False,-0.007053770124912262,0.0,-0.0040775608116139965,0.001517048747897245,0.5780682868035362,0.21506920710945548,0.0
specific_d1_rf1.0,specific,1.0,1.0,GSE271055,,,1.0,,,,,,reconstruction,S,up,False,-0.007051932159811258,0.0,0.0029494964983314276,0.0005656026764983682,-0.4182536688512853,0.08020534850316913,0.0
specific_d1_rf1.0,specific,1.0,1.0,GSE271055,,,1.0,,,,,,reconstruction,S,down,False,-0.006470357533544302,0.0,-0.0017597564728930593,0.0007198647304263153,0.27197206085907094,0.11125578867849538,0.0
specific_d1_rf1.0,specific,1.0,1.0,GSE216146,,,1.0,,,,,,reconstruction,A,up,True,0.08707062900066376,0.0,-0.009210798889398575,0.0010311746188862425,-0.1057853721181727,0.011842967378567822,0.6931471805599453
specific_d1_rf1.0,specific,1.0,1.0,GSE216146,,,1.0,,,,,,reconstruction,A,down,True,-0.06504268199205399,0.0,0.0003322193903538088,0.0011306070961056875,-0.005107713584049238,0.017382541148038905,-0.6931471805599453
specific_d1_rf1.0,specific,1.0,1.0,GSE271055,,,1.0,,,,,,reconstruction,B,up,True,0.06844128668308258,0.0,0.0028723039043446383,0.0007371624260528229,0.041967415335787635,0.010770727170373839,0.6931471805599453
specific_d1_rf1.0,specific,1.0,1.0,GSE271055,,,1.0,,,,,,reconstruction,B,down,True,-0.0812719538807869,0.0,0.0002247730978221322,0.0003424602983503447,-0.00276569083292668,0.004213757415660017,-0.6931471805599453
specific_d1_rf0.3,specific,1.0,0.3,GSE216146,,,0.3,,,,,,reconstruction,S,up,False,-0.028010204434394836,0.0,-0.03365916137893995,0.0010718031053639785,1.2016749630576966,0.03826473697735206,0.0
specific_d1_rf0.3,specific,1.0,0.3,GSE216146,,,0.3,,,,,,reconstruction,S,down,False,0.029153745621442795,0.0,0.030258983373641968,0.0015529338732476173,1.037910660487696,0.053267044770584214,0.0
specific_d1_rf0.3,specific,1.0,0.3,GSE271055,,,0.3,,,,,,reconstruction,S,up,False,-0.008638342842459679,0.0,0.0007922614846999446,0.00030639085285443857,-0.09171452200366204,0.03546870718634235,0.0
specific_d1_rf0.3,specific,1.0,0.3,GSE271055,,,0.3,,,,,,reconstruction,S,down,False,0.002580599393695593,0.0,0.003222045643875996,0.0005351777966470691,1.2485648302279917,0.20738507416319996,0.0
specific_d1_rf0.3,specific,1.0,0.3,GSE216146,,,0.3,,,,,,reconstruction,A,up,True,0.09258682280778885,0.0,-0.008998882646361986,0.001209848408527234,-0.09719398909544348,0.013067177075931101,0.6931471805599453
specific_d1_rf0.3,specific,1.0,0.3,GSE216146,,,0.3,,,,,,reconstruction,A,down,True,-0.04896389693021774,0.0,0.02555010033150514,0.001066876253042344,-0.5218150909826188,0.021789038861895153,-0.6931471805599453
specific_d1_rf0.3,specific,1.0,0.3,GSE271055,,,0.3,,,,,,reconstruction,B,up,True,0.06053365394473076,0.0,0.001329302554950118,0.0003800991948349194,0.021959727660977073,0.006279138463737255,0.6931471805599453
specific_d1_rf0.3,specific,1.0,0.3,GSE271055,,,0.3,,,,,,reconstruction,B,down,True,-0.07558862119913101,0.0,-0.0008854881452862173,0.001240681677243341,0.011714569352356397,0.01641360376153553,-0.6931471805599453
specific_d2_rf1.0,specific,2.0,1.0,GSE216146,,,1.0,,,,,,reconstruction,S,up,False,-0.019006120041012764,0.0,-0.01642440694073836,0.0007503349184172923,0.8641641168895388,0.03947859514715084,0.0
specific_d2_rf1.0,specific,2.0,1.0,GSE216146,,,1.0,,,,,,reconstruction,S,down,False,-0.007141603622585535,0.0,-0.0035173612801978984,0.0011660183328850986,0.4925170124359939,0.16327121953359755,0.0
specific_d2_rf1.0,specific,2.0,1.0,GSE271055,,,1.0,,,,,,reconstruction,S,up,False,-0.007050031330436468,0.0,0.0030495628404120603,0.00046774817205572474,-0.4325601827110266,0.0663469635994889,0.0
specific_d2_rf1.0,specific,2.0,1.0,GSE271055,,,1.0,,,,,,reconstruction,S,down,False,-0.006462731398642063,0.0,-0.0014151410820583503,0.0009545991173439035,0.21896950294974304,0.14770830759645714,0.0
specific_d2_rf1.0,specific,2.0,1.0,GSE216146,,,1.0,,,,,,reconstruction,A,up,True,0.14577244222164154,0.0,-0.007738339249044657,0.0010622648063156562,-0.05308506279450818,0.007287144196298245,1.3862943611198906
specific_d2_rf1.0,specific,2.0,1.0,GSE216146,,,1.0,,,,,,reconstruction,A,down,True,-0.10543547570705414,0.0,0.0002393074937572237,0.000560689312572805,-0.0022697056389457057,0.005317843058162371,-1.3862943611198906
specific_d2_rf1.0,specific,2.0,1.0,GSE271055,,,1.0,,,,,,reconstruction,B,up,True,0.10794349014759064,0.0,0.0029369425028562546,0.0002695829970857425,0.027208148438044633,0.002497445623790216,1.3862943611198906
specific_d2_rf1.0,specific,2.0,1.0,GSE271055,,,1.0,,,,,,reconstruction,B,down,True,-0.1230272650718689,0.0,0.0005963240091659827,0.000662692236021199,-0.004847088235421863,0.005386547735041284,-1.3862943611198906
specific_d2_rf0.3,specific,2.0,0.3,GSE216146,,,0.3,,,,,,reconstruction,S,up,False,-0.02808036468923092,0.0,-0.03367942199110985,0.001918624587788208,1.1993940379280836,0.06832619907262164,0.0
specific_d2_rf0.3,specific,2.0,0.3,GSE216146,,,0.3,,,,,,reconstruction,S,down,False,0.029072433710098267,0.0,0.029334404195348423,0.003101043515272721,1.009010958210876,0.10666611354919277,0.0
specific_d2_rf0.3,specific,2.0,0.3,GSE271055,,,0.3,,,,,,reconstruction,S,up,False,-0.008639787323772907,0.0,0.0010992034221999347,0.0007314076208201221,-0.1272257500106986,0.08465574364401413,0.0
specific_d2_rf0.3,specific,2.0,0.3,GSE271055,,,0.3,,,,,,reconstruction,S,down,False,0.0025790720246732235,0.0,0.004552065084377925,0.0009731854951544767,1.7650011480213257,0.37733940186404163,0.0
specific_d2_rf0.3,specific,2.0,0.3,GSE216146,,,0.3,,,,,,reconstruction,A,up,True,0.1562361717224121,0.0,-0.005692559915284316,0.001017625254367122,-0.03643560804471323,0.006513378068269345,1.3862943611198906
specific_d2_rf0.3,specific,2.0,0.3,GSE216146,,,0.3,,,,,,reconstruction,A,down,True,-0.08913487941026688,0.0,0.023207344735662144,0.00218590638463842,-0.26036210391719045,0.0245235804333925,-1.3862943611198906
specific_d2_rf0.3,specific,2.0,0.3,GSE271055,,,0.3,,,,,,reconstruction,B,up,True,0.10036971420049667,0.0,0.002026838017627597,0.0008960667007190292,0.02019372112168042,0.00892766017973373,1.3862943611198906
specific_d2_rf0.3,specific,2.0,0.3,GSE271055,,,0.3,,,,,,reconstruction,B,down,True,-0.11351177841424942,0.0,-0.00034867549159874517,0.001267743831232769,0.0030717119973778426,0.011168390178914031,-1.3862943611198906
mixed_d0.25_rf1.0,mixed,0.25,1.0,GSE216146,,,1.0,,,,,,reconstruction,S,up,True,0.0019581622909754515,0.0,-0.016209653578698635,0.0008863650961092739,-8.277992918872856,0.45265149890499384,0.17328679513998632
mixed_d0.25_rf1.0,mixed,0.25,1.0,GSE216146,,,1.0,,,,,,reconstruction,S,down,True,-0.02904587984085083,0.0,-0.0022090014535933733,0.00012115679292328591,0.07605214459665223,0.004171221308740942,-0.17328679513998632
mixed_d0.25_rf1.0,mixed,0.25,1.0,GSE271055,,,1.0,,,,,,reconstruction,S,up,True,0.007362050004303455,0.0,0.002206001508360108,4.655825049931181e-05,0.29964500472974226,0.006324087784257982,0.17328679513998632
mixed_d0.25_rf1.0,mixed,0.25,1.0,GSE271055,,,1.0,,,,,,reconstruction,S,down,True,-0.02790420688688755,0.0,-0.001938252942636609,0.0008682044856051789,0.06946095800154824,0.031113748873943324,-0.17328679513998632
mixed_d0.25_rf1.0,mixed,0.25,1.0,GSE216146,,,1.0,,,,,,reconstruction,A,up,True,0.022543277591466904,0.0,-0.010258303644756476,0.0009983509394860246,-0.45504934245406514,0.04428597108097186,0.17328679513998632
mixed_d0.25_rf1.0,mixed,0.25,1.0,GSE216146,,,1.0,,,,,,reconstruction,A,down,True,-0.019539516419172287,0.0,0.001946679704512159,0.000364135707316187,-0.09962783432050885,0.018635860760550592,-0.17328679513998632
mixed_d0.25_rf1.0,mixed,0.25,1.0,GSE271055,,,1.0,,,,,,reconstruction,B,up,True,0.015975674614310265,0.0,0.00268772104755044,0.0005749514141047572,0.1682383443853385,0.03598917904785958,0.17328679513998632
mixed_d0.25_rf1.0,mixed,0.25,1.0,GSE271055,,,1.0,,,,,,reconstruction,B,down,True,-0.028646498918533325,0.0,0.00038538188649302657,0.00031836911091026,-0.01345301872975819,0.01111371800846092,-0.17328679513998632
mixed_d0.25_rf0.3,mixed,0.25,0.3,GSE216146,,,0.3,,,,,,reconstruction,S,up,True,-0.008016770705580711,0.0,-0.03232431784272194,0.0005274955960792002,4.0320871121111175,0.06579901252657683,0.17328679513998632
mixed_d0.25_rf0.3,mixed,0.25,0.3,GSE216146,,,0.3,,,,,,reconstruction,S,down,True,0.01060709822922945,0.0,0.028419857223828632,0.0009406981493095006,2.6793244117899704,0.08868572054110584,-0.17328679513998632
mixed_d0.25_rf0.3,mixed,0.25,0.3,GSE271055,,,0.3,,,,,,reconstruction,S,up,True,0.0063005657866597176,0.0,0.0002616503819202383,0.00044943254904976577,0.04152807712511067,0.07133209369884783,0.17328679513998632
mixed_d0.25_rf0.3,mixed,0.25,0.3,GSE271055,,,0.3,,,,,,reconstruction,S,down,True,-0.0168509129434824,0.0,0.0021593999893714986,0.00014290365394205195,-0.12814735893622378,0.008480469540217054,-0.17328679513998632
mixed_d0.25_rf0.3,mixed,0.25,0.3,GSE216146,,,0.3,,,,,,reconstruction,A,up,True,0.031701114028692245,0.0,-0.009261994001766046,0.0007141424370385154,-0.2921661993765627,0.022527360912053616,0.17328679513998632
mixed_d0.25_rf0.3,mixed,0.25,0.3,GSE216146,,,0.3,,,,,,reconstruction,A,down,True,0.008007177151739597,0.0,0.025692267964283626,0.0008336887571749899,3.2086548701750477,0.10411768609289071,-0.17328679513998632
mixed_d0.25_rf0.3,mixed,0.25,0.3,GSE271055,,,0.3,,,,,,reconstruction,B,up,True,0.010168570093810558,0.0,0.0005320943989014874,0.0004890612003598412,0.05232735713995467,0.04809537583435893,0.17328679513998632
mixed_d0.25_rf0.3,mixed,0.25,0.3,GSE271055,,,0.3,,,,,,reconstruction,B,down,True,-0.027113240212202072,0.0,-0.0018417818937450647,0.0004591348469179075,0.06792924340028482,0.016933971864833693,-0.17328679513998632
mixed_d0.5_rf1.0,mixed,0.5,1.0,GSE216146,,,1.0,,,,,,reconstruction,S,up,True,0.020073849707841873,0.0,-0.015239040988186995,0.0006595024145545922,-0.7591489031739561,0.03285380851969599,0.34657359027997264
mixed_d0.5_rf1.0,mixed,0.5,1.0,GSE216146,,,1.0,,,,,,reconstruction,S,down,True,-0.04899337515234947,0.0,-0.0029779173589001098,0.0009533513883905495,0.06078204144213372,0.019458781629679813,-0.34657359027997264
mixed_d0.5_rf1.0,mixed,0.5,1.0,GSE271055,,,1.0,,,,,,reconstruction,S,up,True,0.01988181844353676,0.0,0.0020823893525327244,0.0003481892816471887,0.10473837483460542,0.017512949463653275,0.34657359027997264
mixed_d0.5_rf1.0,mixed,0.5,1.0,GSE271055,,,1.0,,,,,,reconstruction,S,down,True,-0.04790869355201721,0.0,-0.0023711822383726635,0.00038869967551534467,0.0494937779048,0.008113343251435383,-0.34657359027997264
mixed_d0.5_rf1.0,mixed,0.5,1.0,GSE216146,,,1.0,,,,,,reconstruction,A,up,True,0.04619988054037094,0.0,-0.009603152051568031,0.0010206628086211417,-0.20786097148403856,0.022092325709138008,0.34657359027997264
mixed_d0.5_rf1.0,mixed,0.5,1.0,GSE216146,,,1.0,,,,,,reconstruction,A,down,True,-0.03485436365008354,0.0,0.0012045588809996843,0.0008508020978419435,-0.03455977257518506,0.024410203163755202,-0.34657359027997264
mixed_d0.5_rf1.0,mixed,0.5,1.0,GSE271055,,,1.0,,,,,,reconstruction,B,up,True,0.03757822886109352,0.0,0.003286321647465229,0.0006125700861002357,0.08745280836978749,0.016301196322066634,0.34657359027997264
mixed_d0.5_rf1.0,mixed,0.5,1.0,GSE271055,,,1.0,,,,,,reconstruction,B,down,True,-0.05082490295171738,0.0,-0.0001367665536236018,0.00043088827547813026,0.002690935853896804,0.008477896669816869,-0.34657359027997264
mixed_d0.5_rf0.3,mixed,0.5,0.3,GSE216146,,,0.3,,,,,,reconstruction,S,up,True,0.008091246709227562,0.0,-0.03256938047707081,0.002012301061414525,-4.02526108120365,0.24870098931968307,0.34657359027997264
mixed_d0.5_rf0.3,mixed,0.5,0.3,GSE216146,,,0.3,,,,,,reconstruction,S,down,True,-0.017132315784692764,0.0,0.027982647220293682,0.0010787972435456717,-1.6333254401775257,0.0629685593648435,-0.34657359027997264
mixed_d0.5_rf0.3,mixed,0.5,0.3,GSE271055,,,0.3,,,,,,reconstruction,S,up,True,0.019346056506037712,0.0,0.0006380158544440443,0.000547525417603304,0.032979116661058336,0.028301655039228633,0.34657359027997264
mixed_d0.5_rf0.3,mixed,0.5,0.3,GSE271055,,,0.3,,,,,,reconstruction,S,down,True,-0.0430314727127552,0.0,0.003030494903214276,0.0012203890842060851,-0.07042507988149775,0.02836038386026102,-0.34657359027997264
mixed_d0.5_rf0.3,mixed,0.5,0.3,GSE216146,,,0.3,,,,,,reconstruction,A,up,True,0.053240496665239334,0.0,-0.010078526722888151,0.0016260332664527056,-0.18930189149547152,0.030541286582593825,0.34657359027997264
mixed_d0.5_rf0.3,mixed,0.5,0.3,GSE216146,,,0.3,,,,,,reconstruction,A,down,True,-0.013609668239951134,0.0,0.02470464880267779,0.0004780015294055666,-1.8152278488433229,0.035122202905901324,-0.34657359027997264
mixed_d0.5_rf0.3,mixed,0.5,0.3,GSE271055,,,0.3,,,,,,reconstruction,B,up,True,0.02857401594519615,0.0,0.0010918561990062396,0.0002384144377949399,0.038211506604475094,0.008343749728851886,0.34657359027997264
mixed_d0.5_rf0.3,mixed,0.5,0.3,GSE271055,,,0.3,,,,,,reconstruction,B,down,True,-0.041149500757455826,0.0,-0.000673950727408131,0.0011866140468249397,0.016378102164119664,0.028836657188603648,-0.34657359027997264
mixed_d1_rf1.0,mixed,1.0,1.0,GSE216146,,,1.0,,,,,,reconstruction,S,up,True,0.05311660096049309,0.0,-0.013851925730705261,0.000674726822591261,-0.2607833611380368,0.012702748488991365,0.6931471805599453
mixed_d1_rf1.0,mixed,1.0,1.0,GSE216146,,,1.0,,,,,,reconstruction,S,down,True,-0.08086840808391571,0.0,-0.0026015615245948234,0.00114949903543145,0.03217030712284121,0.014214438773651085,-0.6931471805599453
mixed_d1_rf1.0,mixed,1.0,1.0,GSE271055,,,1.0,,,,,,reconstruction,S,up,True,0.040221452713012695,0.0,0.0020118419779464602,0.00046940197922924103,0.050019127660587366,0.01167043822555363,0.6931471805599453
mixed_d1_rf1.0,mixed,1.0,1.0,GSE271055,,,1.0,,,,,,reconstruction,S,down,True,-0.07722155004739761,0.0,-0.0015831683801176648,0.0008407461651151937,0.02050163949242065,0.010887455180570115,-0.6931471805599453
mixed_d1_rf1.0,mixed,1.0,1.0,GSE216146,,,1.0,,,,,,reconstruction,A,up,True,0.08160720765590668,0.0,-0.009279278727869192,0.0005386331804043325,-0.11370660747264967,0.0066003138187922875,0.6931471805599453
mixed_d1_rf1.0,mixed,1.0,1.0,GSE216146,,,1.0,,,,,,reconstruction,A,down,True,-0.06624642759561539,0.0,0.0010813894332386553,0.00014572785547312128,-0.016323739596038663,0.0021997843621497644,-0.6931471805599453
mixed_d1_rf1.0,mixed,1.0,1.0,GSE271055,,,1.0,,,,,,reconstruction,B,up,True,0.06834409385919571,0.0,0.002745330178489288,0.0002926364175643599,0.04016923809313046,0.004281809898120195,0.6931471805599453
mixed_d1_rf1.0,mixed,1.0,1.0,GSE271055,,,1.0,,,,,,reconstruction,B,down,True,-0.08449143171310425,0.0,-3.326507673288385e-05,0.0007304572484579683,0.00039370946921384216,0.00864534111504087,-0.6931471805599453
mixed_d1_rf0.3,mixed,1.0,0.3,GSE216146,,,0.3,,,,,,reconstruction,S,up,True,0.040443990379571915,0.0,-0.028206779311100643,0.0006438411875852963,-0.6974281975239457,0.0159193289668691,0.6931471805599453
mixed_d1_rf0.3,mixed,1.0,0.3,GSE216146,,,0.3,,,,,,reconstruction,S,down,True,-0.060138095170259476,0.0,0.0279129675279061,0.001564703684732174,-0.4641478491941012,0.026018510900657505,-0.6931471805599453
mixed_d1_rf0.3,mixed,1.0,0.3,GSE271055,,,0.3,,,,,,reconstruction,S,up,True,0.034252751618623734,0.0,0.0008352329835664326,0.0008568557865643719,0.02438440545933553,0.025015677458697552,0.6931471805599453
mixed_d1_rf0.3,mixed,1.0,0.3,GSE271055,,,0.3,,,,,,reconstruction,S,down,True,-0.058355800807476044,0.0,0.0024502803571522236,0.00016456767833160314,-0.04198863391894906,0.002820074029564517,-0.6931471805599453
mixed_d1_rf0.3,mixed,1.0,0.3,GSE216146,,,0.3,,,,,,reconstruction,A,up,True,0.09424225986003876,0.0,-0.008923905280729135,0.00033977919581634736,-0.09469112152002956,0.003605380392203672,0.6931471805599453
mixed_d1_rf0.3,mixed,1.0,0.3,GSE216146,,,0.3,,,,,,reconstruction,A,down,True,-0.034163542091846466,0.0,0.02372245614727338,0.001015800036217987,-0.694379291336276,0.02973345192038561,-0.6931471805599453
mixed_d1_rf0.3,mixed,1.0,0.3,GSE271055,,,0.3,,,,,,reconstruction,B,up,True,0.05583268404006958,0.0,0.0015245164783361058,0.0009524749724588588,0.027305090280847006,0.017059451624702366,0.6931471805599453
mixed_d1_rf0.3,mixed,1.0,0.3,GSE271055,,,0.3,,,,,,reconstruction,B,down,True,-0.07980283349752426,0.0,-0.0010582972317934036,0.00043965663301053225,0.013261399193629326,0.005509285995768206,-0.6931471805599453
mixed_d2_rf1.0,mixed,2.0,1.0,GSE216146,,,1.0,,,,,,reconstruction,S,up,True,0.10312465578317642,0.0,-0.010918396835525831,0.0008389020856959489,-0.10587571665191477,0.008134835256660375,1.3862943611198906
mixed_d2_rf1.0,mixed,2.0,1.0,GSE216146,,,1.0,,,,,,reconstruction,S,down,True,-0.14356279373168945,0.0,-0.004167055633539955,0.00038496492658172623,0.029026013810569472,0.002681509021767881,-1.3862943611198906
mixed_d2_rf1.0,mixed,2.0,1.0,GSE271055,,,1.0,,,,,,reconstruction,S,up,True,0.06969375163316727,0.0,0.0021557771445562444,0.00025476062686580084,0.0309321437580684,0.003655429947389432,1.3862943611198906
mixed_d2_rf1.0,mixed,2.0,1.0,GSE271055,,,1.0,,,,,,reconstruction,S,down,True,-0.12883076071739197,0.0,-0.0011108210116314392,0.0005842702593866282,0.00862232750506052,0.004535176662259299,-1.3862943611198906
mixed_d2_rf1.0,mixed,2.0,1.0,GSE216146,,,1.0,,,,,,reconstruction,A,up,True,0.14673815667629242,0.0,-0.006271103397011757,0.0006636703862245586,-0.04273669193518594,0.004522820793562439,1.3862943611198906
mixed_d2_rf1.0,mixed,2.0,1.0,GSE216146,,,1.0,,,,,,reconstruction,A,down,True,-0.10796743631362915,0.0,-0.0007907419155041376,0.00033224084117886856,0.007323892670815592,0.0030772319184625167,-1.3862943611198906
mixed_d2_rf1.0,mixed,2.0,1.0,GSE271055,,,1.0,,,,,,reconstruction,B,up,True,0.10974635928869247,0.0,0.0031455840605000653,0.0003335415610708474,0.028662308990364524,0.003039203880954741,1.3862943611198906
mixed_d2_rf1.0,mixed,2.0,1.0,GSE271055,,,1.0,,,,,,reconstruction,B,down,True,-0.13037291169166565,0.0,0.00028739685997910175,0.0003342616574952297,-0.0022044215799889525,0.002563888871990254,-1.3862943611198906
mixed_d2_rf0.3,mixed,2.0,0.3,GSE216146,,,0.3,,,,,,reconstruction,S,up,True,0.08720192313194275,0.0,-0.023419704909125965,0.0004071659037870331,-0.2685686744968947,0.004669230782570731,1.3862943611198906
mixed_d2_rf0.3,mixed,2.0,0.3,GSE216146,,,0.3,,,,,,reconstruction,S,down,True,-0.11962373554706573,0.0,0.02538253553211689,0.0016994013154851633,-0.2121864479155157,0.014206221764547194,-1.3862943611198906
mixed_d2_rf0.3,mixed,2.0,0.3,GSE271055,,,0.3,,,,,,reconstruction,S,up,True,0.06188918277621269,0.0,0.000864766053079317,0.000322199893271649,0.013972814218702086,0.005206077683021008,1.3862943611198906
mixed_d2_rf0.3,mixed,2.0,0.3,GSE271055,,,0.3,,,,,,reconstruction,S,down,True,-0.12515780329704285,0.0,0.0015324020059779286,0.0007323828964271149,-0.012243759203259645,0.005851675861463598,-1.3862943611198906
mixed_d2_rf0.3,mixed,2.0,0.3,GSE216146,,,0.3,,,,,,reconstruction,A,up,True,0.15767155587673187,0.0,-0.006312559824436903,0.0006153430971817564,-0.040036135809886235,0.003902689319961004,1.3862943611198906
mixed_d2_rf0.3,mixed,2.0,0.3,GSE216146,,,0.3,,,,,,reconstruction,A,down,True,-0.08291608840227127,0.0,0.022600142285227776,0.0004269636032297118,-0.2725664309630977,0.005149345699453141,-1.3862943611198906
mixed_d2_rf0.3,mixed,2.0,0.3,GSE271055,,,0.3,,,,,,reconstruction,B,up,True,0.10126984119415283,0.0,0.00129919759153078,0.0006836885005123232,0.012829067135989483,0.00675115604458752,1.3862943611198906
mixed_d2_rf0.3,mixed,2.0,0.3,GSE271055,,,0.3,,,,,,reconstruction,B,down,True,-0.12442535161972046,0.0,-0.0017293374209354322,0.0004587682471167913,0.013898593802819083,0.003687096248029249,-1.3862943611198906
