model,config,seed,group,baseline,encoder_input,top50_hits_union,union_size,precision_union,recall_union,random_expectation_hits,top50_hits_S,top50_hits_A,quadrature_points,median_scaled_error,median_absolute_error,mean_abs_output_difference,top50_genes,top50_hits_B,study
MC-ContrastiveVI,null,0,cisplatin,zero,log-normalized expression,4,80,0.08,0.05,2.6666666666666665,3,1.0,256,0.00536132697016,0.0001404508948326,0.0261970311403274,Apoe|Apold1|Bc1|Bmx|Bsg|C1qc|Cav1|Ccn1|Cdkn1a|Cldn5|Crip1|Ctsd|Cxcl12|Edn3|Flt1|Fos|Gatm|Gkn3|Glul|Hspb1|Itm2a|Klf2|Klf4|Laptm5|Ly6c1|Ly6e|Ly86|Mt1|Mt3|Myh11|Nes|Pcp4l1|Pltp|Qk|Rsad2|Sema3g|Slc9a3r2|Sncg|Sparcl1|Sptbn1|Stmn2|Timp3|Tinagl1|Tm4sf1|Tyrobp|Utrn|Vim|mt-Co2|mt-Co3|mt-Nd4,,
MC-ContrastiveVI,null,0,cisplatin,control_median,log-normalized expression,6,80,0.12,0.075,2.6666666666666665,4,2.0,256,0.0005994481034576,1.0486692190170288e-05,0.0174939017742872,Apoe|Apold1|Atp1a2|Bc1|Bmx|Bsg|C1qc|Cav1|Ccn1|Cdkn1a|Cldn5|Crip1|Csf1r|Ctsd|Ctsz|Cxcl12|Edn3|Egr1|Epb41l2|Flt1|Fos|Gatm|Gkn3|Itm2a|Klf2|Klf4|Laptm5|Ly6e|Ly86|Mafb|Mt1|Mt3|Myh11|Nes|Pcp4l1|Pltp|Plxdc2|Sema3g|Slc1a2|Slc9a3r2|Sox2ot|Sparcl1|Sptbn1|Stmn2|Timp3|Tm4sf1|Tmsb10|Tyrobp|Utrn|Vim,,
MC-ContrastiveVI,null,0,doxorubicin,zero,log-normalized expression,2,80,0.04,0.025,2.6666666666666665,1,,256,0.0051463674753904,0.0001122457906603,0.0218106731772422,Arpp21|Atp1a2|Atp1b1|Atp2b1|Bc1|Brd9|C1ql3|Cacna2d3|Cadps|Camk2a|Camk2b|Cdr1os|Chrd|Cttnbp2|Dnm3|Elmod1|Exoc6b|Gm44257|Gria1|Gria2|Gria4|Grin2b|Grm5|Igsf9b|Kcnq1ot1|Lrp1b|Ly6h|Map1b|Mef2c|Meg3|Miat|Nrcam|Nrxn1|Nrxn3|Ntm|Ntrk2|Plppr4|Ptprd|Ptprn|R3hdm1|Rasgrf1|Rian|Slc8a1|Snhg11|Sorbs2|Sparcl1|Sptbn1|Syne1|Trank1|Ttr,1.0,
MC-ContrastiveVI,null,0,doxorubicin,control_median,log-normalized expression,2,80,0.04,0.025,2.6666666666666665,0,,256,0.0009863420855253,9.88104147836566e-07,0.0010017764288932,Arpp21|Atp1a2|Atp1b1|Bc1|C1ql3|Cacna2d3|Cadps|Camk2a|Camk2b|Cdr1os|Cttnbp2|Dnm3|Elmod1|Exoc6b|Gabrb1|Grin2a|Grin2b|Igsf9b|Iqgap1|Klhl24|Lrfn5|Lrp1b|Ly6h|Map1b|Mef2c|Mt1|Nrcam|Nrgn|Nrxn3|Ntm|Oxr1|Pclo|Pcsk2|Ptgds|Ptprd|Ptprn|R3hdm1|Rasgrf1|Rian|Rnf112|Ryr2|Scn2a|Slc8a1|Snap25|Sparcl1|Sptbn1|Syne1|Trank1|Zbtb20|Zeb2,2.0,
MC-ContrastiveVI,null,1,cisplatin,zero,log-normalized expression,4,80,0.08,0.05,2.6666666666666665,3,1.0,256,0.0011936970986425,6.744451820850372e-05,0.0565005205571651,Abcb1a|Abcg2|Ablim1|Adgrl4|Apoe|Apold1|Arl4a|Bsg|Cald1|Ccdc141|Cdkn1a|Cldn5|Crip1|Cxcl12|Dlc1|Foxq1|Gkn3|Glul|Heg1|Hspa1a|Itm2a|Klf4|Lmod1|Ly6c1|Mgp|Mmrn2|Mt3|Myh11|Myl9|Mylk|Nfkbia|Nr4a1|Nr4a2|Pcp4l1|Pglyrp1|Pltp|Prss23|Sema3c|Sgms1|Slc2a1|Slc9a3r2|Slco1a4|Slco1c1|Spock2|Tagln|Timp3|Utrn|Vim|mt-Co2|mt-Co3,,
MC-ContrastiveVI,null,1,cisplatin,control_median,log-normalized expression,4,80,0.08,0.05,2.6666666666666665,3,1.0,256,0.0002037793892668,1.0943738743662834e-05,0.0537038445472717,Abcb1a|Abcg2|Ablim1|Acta2|Adgrl4|Apold1|Arl4a|Bsg|Cald1|Cavin1|Ccdc141|Cdkn1a|Cldn5|Crip1|Cxcl12|Dlc1|Foxq1|Gkn3|Heg1|Hspa1a|Hspb1|Itm2a|Klf4|Lmod1|Ly6c1|Mgp|Mmrn2|Mt3|Myh11|Myl9|Mylk|Nr4a1|Nr4a2|Pcp4l1|Pglyrp1|Pltp|Prss23|Rsad2|Sema3c|Sgms1|Slc2a1|Slc9a3r2|Slco1a4|Slco1c1|Spock2|Tagln|Timp3|Uaca|Utrn|Vim,,
MC-ContrastiveVI,null,1,doxorubicin,zero,log-normalized expression,5,80,0.1,0.0625,2.6666666666666665,2,,256,0.0027069048956036,4.534563049674034e-05,0.0167518276721239,3222401L13Rik|Ahnak|Atp2b1|Bex2|Caly|Cdh5|Celf4|Col4a2|Cped1|Dab2|Dcn|Dlgap1|Ebf1|Emb|Epha5|Foxd1|Gria2|Grm5|Id3|Iqgap1|Kcnq1ot1|Ly6h|Mal|Meg3|Msx1|Mt1|Ncdn|Neat1|Net1|Nrxn1|Olfm1|Plpp3|Psmb8|Ptgds|Ptprd|Rbms3|S100b|Slc38a2|Slc7a11|Slc9b2|Sned1|Snhg11|Snhg14|Spock2|Sptbn1|Syne1|Syt7|Tsc22d1|Ttr|Unc13b,3.0,
MC-ContrastiveVI,null,1,doxorubicin,control_median,log-normalized expression,3,80,0.06,0.0375,2.6666666666666665,1,,256,9.794368816073984e-05,4.04164893552661e-07,0.0041264928877353,3222401L13Rik|Apoe|Arpp21|Bc1|Bex2|Caly|Cdh5|Cdr1os|Cped1|Dab2|Dcn|Dpp6|Emb|Foxd1|Gria1|Gria2|Grin2a|Grm5|Id3|Iqgap1|Ly6h|Mal|Meg3|Msx1|Mt1|Ncdn|Net1|Nfib|Nrcam|Olfm1|Opcml|Pcsk2|Plpp3|Ptgds|Ptprd|Ptprn|R3hdm1|Rbms3|Rian|S100b|Slc38a2|Slc7a11|Slc9b2|Sned1|Spock2|Syt1|Trank1|Tsc22d1|Unc13b|Zic1,2.0,
MC-ContrastiveVI,null,2,cisplatin,zero,log-normalized expression,6,80,0.12,0.075,2.6666666666666665,5,1.0,256,0.0043651382438838,8.859019726514816e-05,0.0202949251979589,Abcb1a|Ablim1|Adgrl4|Anxa3|Apcdd1|Apoe|Arap2|Atp5g1|Bc1|Bsg|Ccr2|Crip1|Csf1r|Ctsd|Cxcl12|Dab2|Epas1|Epb41l2|Glul|Gsta4|Hspa1a|Id3|Ifitm3|Igfbp7|Itm2a|Junb|Kitl|Klf2|Lilrb4a|Mag|Mt1|Mt2|Nfkbia|Pakap-1|Plp1|Pltp|Prdx6|Qk|S1pr1|Sat1|Sdc3|Siglech|Slco1a4|Slco1c1|Sparcl1|Ttr|Vtn|mt-Co2|mt-Co3|mt-Nd4,,
MC-ContrastiveVI,null,2,cisplatin,control_median,log-normalized expression,2,80,0.04,0.025,2.6666666666666665,1,1.0,256,0.000524798000697,2.5985573302023117e-06,0.0049515282735228,Abcb1a|Ablim1|Adgrl4|Ahnak|Anxa3|Apcdd1|Bc1|Crip1|Csf1r|Ctsd|Cxcl12|Dab2|Ebf1|Egr1|Epas1|Eps8|Foxq1|Glul|Hspa1a|Id3|Ifitm2|Ifitm3|Igfbp7|Iqgap1|Itm2a|Kitl|Klf2|Mal|Mbp|Mecom|Mfge8|Mt1|Mt2|Nfkbia|Notch3|Pakap-1|Plpp3|Pltp|Prdx6|Ramp2|S1pr1|Sdc3|Slc1a2|Slco1a4|Slco1c1|Sod3|Sparcl1|Timp3|Tm4sf1|Vtn,,
MC-ContrastiveVI,null,2,doxorubicin,zero,log-normalized expression,3,80,0.06,0.0375,2.6666666666666665,1,,256,0.0031293428037315,3.4588854759931564e-05,0.0110530629754066,Arpp21|Atp1a3|Atp2b1|C1ql3|Cdr1os|Cped1|Cpne6|Cttnbp2|Dab2|Dclk1|Dgkh|Epha5|Foxd1|Gria1|Gria2|Grin2b|Iqgap1|Kcnq1ot1|Lsamp|Ly6h|Map1b|Meg3|Mir100hg|Mt1|Mt3|Myt1l|Nrcam|Nrxn1|Nrxn3|Ntm|Olfm1|Opcml|P2ry14|Pcdh9|Peg3|Ptgds|Ptprd|Scn2a|Slc38a2|Snap25|Snhg11|Snhg14|Stxbp5l|Syne1|Syt1|Syt7|Trank1|Ttr|Zbtb20|Zic1,2.0,
MC-ContrastiveVI,null,2,doxorubicin,control_median,log-normalized expression,1,80,0.02,0.0125,2.6666666666666665,0,,256,0.0011150656500831,4.80766175314784e-07,0.0004311450466047,Ahcyl2|Arpp21|Atp1a2|Atp1a3|Bc1|C1ql3|Cdr1os|Chrd|Cped1|Cpne7|Cspg5|Dgkh|Epha7|Exoc6b|Gm26871|Grm5|Khdrbs2|Lrp1b|Lsamp|Ly6h|Map1b|Mir100hg|Mt3|Nrcam|Nrxn1|Nrxn3|Ntm|Olfm1|P2ry14|Pclo|Peg3|Plp1|Ptgds|Ptprd|Ptprn|Rnf112|Rtn1|Scn2a|Slc1a2|Slc38a2|Snap25|Syt1|Syt7|Timp4|Trank1|Ttr|Uchl1|Zbtb20|Zeb2|Zic1,1.0,
MC-ContrastiveVI,shared_d1_rf1.0,0,cisplatin,zero,log-normalized expression,4,80,0.08,0.05,2.6666666666666665,3,1.0,256,0.0011366409016773,0.0001867972314357,0.1643414497375488,Adamts1|Apoe|Arl4a|Aurka|Birc5|Bsg|C1qc|Ccna2|Ccnb2|Cdca3|Cdk1|Cdkn1a|Cenpf|Cited2|Cks2|Ctsd|Cxcl10|Diaph3|Fos|Glul|Gm13889|Hist1h1b|Hist1h2ap|Hmgb2|Hmmr|Ier3|Junb|Kif20b|Kif23|Knl1|Lockd|Maf|Mafb|Mis18bp1|Mki67|Mt1|Nusap1|Pbk|Plk1|Prc1|Qk|Racgap1|Rcan1|Spc24|Top2a|Ttr|Ube2c|mt-Co2|mt-Co3|mt-Nd4,,
MC-ContrastiveVI,shared_d1_rf1.0,0,cisplatin,control_median,log-normalized expression,4,80,0.08,0.05,2.6666666666666665,3,1.0,256,9.334764035884292e-05,1.3269949704408646e-05,0.1421562284231186,Adamts1|Arl4a|Aspm|Aurka|Bc1|Birc5|C1qa|C1qc|Ccna2|Ccnb2|Cdca3|Cdk1|Cdkn1a|Cenpf|Cited2|Cks2|Csf1r|Ctsd|Ctss|Cxcl10|Diaph3|Fos|Gm13889|Gria2|Hist1h1b|Hist1h2ap|Hmgb2|Hmmr|Ier3|Junb|Kif20b|Kif23|Knl1|Lockd|Maf|Mafb|Mis18bp1|Mki67|Nusap1|Pbk|Pclaf|Plk1|Prc1|Racgap1|Rcan1|Spc24|Top2a|Ttr|Tubb2b|Ube2c,,
MC-ContrastiveVI,shared_d1_rf1.0,0,doxorubicin,zero,log-normalized expression,2,80,0.04,0.025,2.6666666666666665,1,,256,0.0045478655956685,0.0001781955361366,0.0391822233796119,Apoe|Arpp21|Atad2|Atp1a3|Atp2b1|Brd9|C1ql3|Cttnbp2|Dlgap1|Dock4|Eomes|Epha5|F730043M19Rik|Gm26871|Gria2|Grin2a|Grm5|Igsf9b|Kcnq1ot1|Lrp1b|Meg3|Miat|Mir100hg|Ndrg4|Nrcam|Nrxn1|Ntm|Olfm1|Opcml|Pclo|Pcsk2|Pex5l|Plppr4|Ptgds|Ptprd|Ptprn|R3hdm1|Rbfox3|Rian|Rims2|Ryr2|Snhg11|Sorbs2|Sptbn1|Syt1|Syt7|Timp4|Top2a|Trim9|Ttr,1.0,
MC-ContrastiveVI,shared_d1_rf1.0,0,doxorubicin,control_median,log-normalized expression,1,80,0.02,0.0125,2.6666666666666665,0,,256,0.001006499864161,1.2242235243320463e-06,0.0012163076316937,Apoe|Atad2|Atp1a3|Atp1b1|Atp2b1|Camk2a|Celf4|Chrd|Cit|Cttnbp2|Dnm1|Dnm3|Eomes|F730043M19Rik|Grin2a|Grin2b|Igsf9b|Lrfn5|Lrp1b|Ly6h|Map1b|Meg3|Miat|Mt1|Myt1l|Ndrg4|Nfib|Nrgn|Nrxn1|Nrxn3|Ntm|Olfm1|Opcml|Pcdh9|Pclo|Pex5l|Ptgds|Rbfox3|Rtn1|Slc17a7|Spock2|Sptbn1|Syne1|Syt1|Syt7|Timp4|Tmem108|Top2a|Ttr|Zbtb20,1.0,
MC-ContrastiveVI,shared_d1_rf1.0,1,cisplatin,zero,log-normalized expression,3,80,0.06,0.0375,2.6666666666666665,2,1.0,256,0.0034895350690931,0.0001331465318799,0.0381559394299984,Adrb2|Apoe|Bc1|Birc5|Bmx|Bsg|C1qa|Ccna2|Cdca3|Cdk1|Cdkn1a|Cenpf|Chchd10|Cldn5|Crip1|Ctsd|Ecrg4|Epas1|Fos|Gkn3|Glul|Hmgb2|Hmmr|Knl1|Mafb|Mia|Mki67|Mt1|Mt3|Nfkbia|Pbk|Pcp4l1|Pla2g7|Pltp|Prc1|Qk|Racgap1|Rcan1|Sema3g|Slc38a2|Sptbn1|Srgap2|Top2a|Ttr|Ube2c|Vim|Zbtb20|mt-Co2|mt-Co3|mt-Nd4,,
MC-ContrastiveVI,shared_d1_rf1.0,1,cisplatin,control_median,log-normalized expression,4,80,0.08,0.05,2.6666666666666665,3,1.0,256,0.0006202394142746,4.9307942390441895e-05,0.0794982314109802,Adrb2|Anxa3|Bc1|Bin2|C1qa|Ccl4|Cd52|Cd83|Cenpf|Cnp|Crip1|Csf1r|Ctss|Dock10|Elmo1|Enpp2|Epas1|Epb41l2|Ermn|Fos|Gstm5|Hmgb2|Kctd12|Knl1|Ly86|Mafb|Mal|Mki67|Pcp4l1|Plp1|Plxdc2|Racgap1|Rcan1|Sat1|Sdc4|Siglech|Slc15a3|Slc1a3|Slc38a2|Socs3|Srgap2|Stab1|Tent5a|Tgfbr1|Top2a|Tspan2|Tyrobp|Vim|Zbtb20|Zfhx3,,
MC-ContrastiveVI,shared_d1_rf1.0,1,doxorubicin,zero,log-normalized expression,1,80,0.02,0.0125,2.6666666666666665,1,,256,0.0023707514628767,7.502734661102295e-05,0.0316470637917518,Apoe|Atad2|Atp1b1|Atp2b1|Bc1|Brd9|Camk2a|Cdr1os|Celf4|Dclk1|Eomes|Epha5|Gria1|Gria2|Grin2a|Grin2b|Grm5|Igfbpl1|Kcnq1ot1|Lrfn5|Meg3|Miat|Mir100hg|Ndrg4|Nfib|Nrxn1|Ntm|Ntng1|Opcml|Pclo|Pcsk2|Plk4|Plp1|Plpp3|Plppr4|Ptgds|Ptprd|Qpct|R3hdm1|Rian|Ryr2|Slc1a2|Slc38a2|Snhg11|Snhg14|Syt1|Top2a|Ttr|Ttyh1|Zbtb20,0.0,
MC-ContrastiveVI,shared_d1_rf1.0,1,doxorubicin,control_median,log-normalized expression,2,80,0.04,0.025,2.6666666666666665,1,,256,0.0002828334399964,6.06072717346251e-07,0.0021428507752716,Acsl6|Ahcyl2|Apoe|Arpp21|Atp1b1|Atp2b1|Bc1|Brd9|Cadps|Camk2a|Ccnd2|Cttnbp2|Dclk1|Eomes|Epha5|Gria1|Grin2a|Grin2b|Grm5|Kcnq1ot1|Lrp1b|Lsamp|Map1b|Msi2|Myt1l|Ndrg4|Nrcam|Nrgn|Ntm|Ntng1|Olfm1|Opcml|Pcdh9|Peg3|Plp1|Plpp3|Rian|Rnf112|Ryr2|Slc17a7|Slc1a2|Slc38a2|Snhg11|Syne1|Top2a|Trim9|Ttr|Ttyh1|Zbtb20|mt-Co3,1.0,
MC-ContrastiveVI,shared_d1_rf1.0,2,cisplatin,zero,log-normalized expression,1,80,0.02,0.0125,2.6666666666666665,1,0.0,256,0.0081639159470796,7.150147575885057e-05,0.0087582226842641,Acta2|Apoe|Atp5g1|Bc1|Bsg|Cacna2d2|Cavin1|Cd93|Crip1|Ctsd|Ecrg4|Glul|Id3|Ier3|Ifitm2|Igf1r|Igfbp7|Jcad|Lamb2|Lmod1|Ly6c1|Ly6e|Mt1|Mt3|Myh11|Myl9|Mylk|Ndnf|Nfib|Pcp4l1|Plp1|Pltp|Prelp|Qk|Reln|Rgs4|Rgs5|Slc38a2|Slfn5|Sostdc1|Sptbn1|Tagln|Timp3|Ttr|Vim|Vtn|Zbtb20|mt-Co2|mt-Co3|mt-Nd4,,
MC-ContrastiveVI,shared_d1_rf1.0,2,cisplatin,control_median,log-normalized expression,2,80,0.04,0.025,2.6666666666666665,2,0.0,256,0.0011723010102286,9.129638783633707e-06,0.0077877845615148,Acta2|Apoe|Bsg|Cacna2d2|Cavin1|Cd93|Crip1|Csrp2|Cxcl12|Ecrg4|Emb|Glul|Gm19935|Id3|Ier3|Ifitm2|Igf1r|Igfbp2|Igfbp7|Jcad|Kcnj13|Kl|Lamb2|Ly6c1|Mbp|Mfge8|Mt1|Mt3|Myh11|Mylk|Ndnf|Nfib|Nhlh2|Pcp4l1|Pltp|Plxdc2|Prelp|Qk|Reln|Rgs4|Rgs5|Sat1|Slc6a20a|Sostdc1|Sptbn1|Tagln|Timp3|Tsc22d1|Vim|Vtn,,
MC-ContrastiveVI,shared_d1_rf1.0,2,doxorubicin,zero,log-normalized expression,4,80,0.08,0.05,2.6666666666666665,2,,256,0.0045147747732698,6.409222260117531e-05,0.0141960959881544,3222401L13Rik|Apod|Apoe|Bc1|Bex2|Camk2a|Camk2b|Cped1|Dlgap1|Ebf1|Emb|Epha5|Erc2|Foxd1|Gria2|Grin2b|Id3|Iqgap1|Kcnq1ot1|Lsamp|Ly6h|Meg3|Mt1|Ncdn|Net1|Nrxn1|Olfm1|Oxr1|Pclo|Pcsk2|Psmb8|Ptgds|Ptprd|Ptprn|R3hdm1|Rasl10a|Rbms3|Sat1|Slc38a2|Slc9b2|Snap25|Snhg11|Snhg14|Sptbn1|Syt7|Tsc22d1|Ttr|Zbtb20|Zic1|mt-Co2,2.0,
MC-ContrastiveVI,shared_d1_rf1.0,2,doxorubicin,control_median,log-normalized expression,4,80,0.08,0.05,2.6666666666666665,2,,256,0.0003878627030644,3.89845808967948e-07,0.001005102880299,Ahcyl2|Arpp21|Bc1|Bex2|Caly|Camk2b|Celf4|Cped1|Dnm1|Dpp6|Ebf1|Emb|Epha5|Foxd1|Grin2a|Id3|Iqgap1|Kcnq1ot1|Lrp1b|Lsamp|Ly6h|Map1b|Mdh1|Miat|Mt1|Ncdn|Ndrg4|Net1|Nfib|Ntm|Olfm1|Oxr1|Pclo|Peg3|Ptgds|Ptprd|Ptprn|R3hdm1|Rasl10a|Rbms3|Rian|Rnf112|Rtn1|Ryr2|Sat1|Slc38a2|Slc9b2|Sptbn1|Tsc22d1|Zic1,2.0,
MC-ContrastiveVI,specific_d1_rf1.0,0,cisplatin,zero,log-normalized expression,2,80,0.04,0.025,2.6666666666666665,2,0.0,1024,0.002908946480602,9.259581565856934e-05,0.0318313799798488,Abcb1a|Abhd2|Adgrl4|Apoe|Apold1|Bc1|Bsg|C1qa|Cfh|Cgnl1|Cldn5|Csf1r|Cxcl12|Dab2|Egfl7|Enpp2|Epb41l2|Flt1|Fn1|Foxq1|Fyb|Glul|Il1a|Itm2a|Klf4|Ly6a|Ly6e|Mafb|Mrc1|Ncf2|Nfkbia|Pglyrp1|Plek|Pltp|Ptgs1|Qk|Rgs2|S1pr1|Sema3c|Slc38a2|Slco1a4|Spock2|Tm4sf1|Tmsb10|Ttr|Vim|Zeb2|mt-Co2|mt-Co3|mt-Nd4,,
MC-ContrastiveVI,specific_d1_rf1.0,0,cisplatin,control_median,log-normalized expression,3,80,0.06,0.0375,2.6666666666666665,3,0.0,256,0.0005980755668133,2.159550786018372e-05,0.0361083149909973,Abcb1a|Abhd2|Adgrl4|Atp2b1|Bc1|Bcl2a1b|Bsg|C1qa|C1qc|Ccnd1|Cd37|Cd83|Cfh|Cgnl1|Cldn5|Cxcl12|Egfl7|Enpp2|Epb41l2|Flt1|Fn1|Fyb|Hspa1b|Il1a|Itm2a|Klf4|Ly6a|Ly6e|Mafb|Mrc1|Ncf2|Nfkbia|Pglyrp1|Plek|Pltp|Ptgs1|Qk|Ramp2|Rgs2|S1pr1|Sat1|Sema3c|Slc38a2|Slco1a4|Socs3|Spock2|Tmsb10|Ttr|Zeb2|Zfhx3,,
MC-ContrastiveVI,specific_d1_rf1.0,0,doxorubicin,zero,log-normalized expression,2,80,0.04,0.025,2.6666666666666665,1,,256,0.0062174056656658,0.0001646494492888,0.0264820083975791,Acsl6|Apoe|Arpp21|Atp2b1|Bc1|Brd9|Bsg|Cadps|Caly|Camk2b|Cdr1os|Celf4|Cit|Clu|Cpne7|Epha4|Epha5|Exoc6b|Gm44257|Gria2|Grin2a|Grin2b|Grm5|Kcnq1ot1|Lrfn5|Mef2c|Meg3|Miat|Mir100hg|Mt3|Ncdn|Nrcam|Nrgn|Nrxn1|Pcdh9|Plk2|Ptprd|Ptprn|R3hdm1|Rims2|Rnf112|Slc38a2|Snhg11|Snhg14|Sorbs2|Spock2|Sptbn1|Syt1|Ttr|Zeb2,1.0,
MC-ContrastiveVI,specific_d1_rf1.0,0,doxorubicin,control_median,log-normalized expression,1,80,0.02,0.0125,2.6666666666666665,0,,256,0.0008253075648099,5.814072210341692e-07,0.000704463396687,Apoe|Atp11b|Atp2b1|Bc1|Brd9|Bsg|Caly|Camk2b|Cdr1os|Chl1|Chn1|Clu|Cpne7|Dlgap1|Epha5|Exoc6b|Fnbp1l|Gabrb1|Grin2a|Iqgap1|Iqsec3|Lrfn5|Lsamp|Ly6e|Ly6h|Mef2c|Miat|Mir100hg|Mt1|Mt3|Ncdn|Nfib|Nrcam|Nrxn3|Ntng1|Ntrk2|Plk2|Ptprn|Rian|Rtn1|Slc38a2|Slc39a10|Sncb|Sorbs2|Spock2|Stmn2|Syne1|Trank1|Zeb2|mt-Co3,1.0,
MC-ContrastiveVI,specific_d1_rf1.0,1,cisplatin,zero,log-normalized expression,4,80,0.08,0.05,2.6666666666666665,1,3.0,256,0.0023177198600023,0.0009758472442626,0.4210376143455505,Apoe|Arap2|Atp2b1|Bc1|Bsg|C1qa|C1qc|Cldn11|Crip2|Csf1r|Ctsd|Ctss|Ctsz|Dbndd2|Enpp2|Ermn|Fgfr3|Fos|Gatm|Glul|Gria2|Hopx|Htra1|Id3|Id4|Klf2|Klf4|Laptm5|Luzp2|Ly86|Mag|Olig1|Pcp4l1|Plp1|Plxdc2|Qk|S100a6|S1pr1|Sdc4|Siglech|Slco1c1|Spock2|Tgfbr1|Timp4|Tril|Ttr|Tubb2b|mt-Co2|mt-Co3|mt-Nd4,,
MC-ContrastiveVI,specific_d1_rf1.0,1,cisplatin,control_median,log-normalized expression,4,80,0.08,0.05,2.6666666666666665,1,3.0,256,0.0006123082130216,0.0001807063817977,0.2951232492923736,Apoe|Arap2|Atp2b1|Bc1|C1qa|C1qc|Cldn10|Cldn11|Crip2|Csf1r|Ctsd|Ctss|Ctsz|Daam2|Dbndd2|Enpp2|Ermn|Fgfr3|Fos|Gatm|Glul|Gria2|Hopx|Htra1|Id3|Id4|Klf2|Klf4|Laptm5|Luzp2|Ly86|Mag|Mog|Nfkbia|Olig1|Pcp4l1|Plp1|Plxdc2|S100a6|Siglech|Slco1c1|Spock2|Tgfbr1|Timp4|Tril|Tubb2b|Tubb4a|mt-Co2|mt-Co3|mt-Nd4,,
MC-ContrastiveVI,specific_d1_rf1.0,1,doxorubicin,zero,log-normalized expression,2,80,0.04,0.025,2.6666666666666665,1,,256,0.0033934351522475,0.0014470070600509,0.4264136552810669,Acsl6|Apoe|Atp1b1|Atp2b1|Bc1|Brd9|Brinp3|C1ql3|Camk2a|Ccnd2|Cdr1os|Celf4|Cped1|Cttnbp2|Dclk1|Dlgap1|Epha4|Gria2|Grin2a|Grm5|Hap1|Kcnq1ot1|Khdrbs2|Lrp1b|Map1b|Meg3|Miat|Ndrg4|Nrxn3|Ociad2|Opcml|Pcsk2|Plppr4|Ptprd|Ptprn|R3hdm1|Rbfox3|Rgs11|Rnf112|Ryr2|Snhg11|Spock2|Stmn2|Syt1|Syt7|Timp4|Tmem108|Trank1|Ttr|mt-Co3,1.0,
MC-ContrastiveVI,specific_d1_rf1.0,1,doxorubicin,control_median,log-normalized expression,2,80,0.04,0.025,2.6666666666666665,1,,256,0.0005943424184806,5.509937182068825e-06,0.0092706345021724,A330076H08Rik|Acsl6|Adcy1|Atp2b4|Bc1|Camk2b|Ccnd2|Cdr1os|Celf4|Chn1|Col4a2|Cped1|Dgkb|Dgkg|Dpp6|Ebf1|Epha4|Grin2a|Hap1|Id3|Khdrbs2|Lrp1b|Map1b|Mef2c|Miat|Ndrg4|Nfib|Nrcam|Ociad2|Opcml|Pcdh9|Pcsk2|Ptgds|Rbfox3|Rgs11|Rnf112|Rtn1|Ryr2|Slc9b2|Snhg11|Spock2|Sptbn1|Stmn2|Syt1|Syt7|Timp4|Tmem108|Trank1|Zeb2|mt-Co3,1.0,
MC-ContrastiveVI,specific_d1_rf1.0,2,cisplatin,zero,log-normalized expression,3,80,0.06,0.0375,2.6666666666666665,3,0.0,256,0.0037213109899312,6.999191828072071e-05,0.0188083946704864,Abcg2|Abhd2|Apoe|Apold1|Atp5g1|Bc1|Bsg|Cd93|Chchd10|Crip1|Ctla2a|F5|Fxyd1|Glul|Gsta4|Id3|Igfbp7|Itih5|Kl|Klf4|Lbp|Lilrb4a|Ly6c1|Maf|Mfge8|Mt1|Mt3|Myh11|Pcp4l1|Plp1|Pltp|Prelp|Prlr|Qk|Rbp1|Reln|Rgs5|Slc13a4|Slc6a20a|Sod3|Sptbn1|Tagln|Timp3|Tns1|Ttr|Vim|Vtn|mt-Co2|mt-Co3|mt-Nd4,,
MC-ContrastiveVI,specific_d1_rf1.0,2,cisplatin,control_median,log-normalized expression,4,80,0.08,0.05,2.6666666666666665,3,1.0,256,0.0006926974747329,3.559514880180359e-05,0.0513862743973732,Abhd2|Anxa3|Apod|Apoe|Atp1b2|Atp5g1|Bc1|Cald1|Cfh|Chchd10|Cnp|Ermn|F5|Fxyd1|Gatm|Glul|Gsta4|Hopx|Id3|Igfbp7|Itih5|Kl|Klf4|Ly6c1|Ly6e|Maf|Mal|Mbp|Mfge8|Mobp|Mt1|Mt2|Mt3|Nfib|Nfkbia|Pbxip1|Pcp4l1|Plp1|Pltp|Plxdc2|Prelp|Rgs5|Slc6a6|Sod3|Srgap2|Tns1|Ttr|Tyrobp|Vim|mt-Nd4,,
MC-ContrastiveVI,specific_d1_rf1.0,2,doxorubicin,zero,log-normalized expression,3,80,0.06,0.0375,2.6666666666666665,2,,256,0.0036835155915468,4.560640081763268e-05,0.0123812053352594,Ahnak|Atp2b1|Bc1|Bex2|Brd9|Cped1|Cspg5|Dcn|Dlgap1|Ebf1|Emb|Epha5|Foxd1|Gria2|Id3|Iqgap1|Kcnq1ot1|Ly6h|Mal|Meg3|Mir100hg|Msx1|Mt1|Neat1|Nrxn1|Nrxn3|Olfm1|Opcml|Psmb8|Ptgds|Ptprd|Ptprn|Ptprz1|R3hdm1|Rbms3|Rtn1|Slc1a2|Slc7a11|Slc9b2|Snap25|Snhg11|Snhg14|Spock2|Sptbn1|Syt1|Syt7|Tsc22d1|Ttr|Unc13b|Zic1,1.0,
MC-ContrastiveVI,specific_d1_rf1.0,2,doxorubicin,control_median,log-normalized expression,1,80,0.02,0.0125,2.6666666666666665,0,,256,0.0003359845140948,6.225891411304474e-07,0.0018530192319303,Ahnak|Apoe|Arpp21|Bc1|Bex2|Brd9|Camk2a|Clu|Cped1|Cpne6|Cspg5|Cttnbp2|Dcn|Ebf1|Emb|Foxd1|Grin2b|Grm5|Iqgap1|Khdrbs3|Lrp1b|Lsamp|Ly6h|Map1b|Mef2c|Mir100hg|Msx1|Mt1|Ndrg4|Nrcam|Nrgn|Nrxn1|Nrxn3|Ntng1|Olfm1|Opcml|P2ry14|Psmb8|Ptgds|Ptprn|Ptprz1|Rbms3|Rtn1|Ryr2|Slc1a2|Slc9b2|Snap25|Trank1|Unc13b|Zic1,1.0,
MC-ContrastiveVI,mixed_d1_rf1.0,0,cisplatin,zero,log-normalized expression,3,80,0.06,0.0375,2.6666666666666665,2,1.0,256,0.002274046652019,0.0001609735190868,0.0707872435450553,Apoe|Arap2|Atp2b1|Bc1|Bsg|C1qa|Ccrl2|Cd52|Cd74|Cks2|Crip1|Csf1r|Ctsd|Ctss|Cybb|Dab2|Dock10|Enpp2|Epb41l2|F13a1|Glul|Gpr37l1|Ier3|Ifi207|Junb|Laptm5|Lilrb4a|Lockd|Maf|Mrc1|Mt1|Mt3|Nfib|Nfkbia|Plxdc2|Qk|Siglech|Slc1a3|Slc38a2|Slc6a6|Stab1|Tmsb10|Top2a|Ube2c|Utrn|Vim|Zbtb20|mt-Co2|mt-Co3|mt-Nd4,,
MC-ContrastiveVI,mixed_d1_rf1.0,0,cisplatin,control_median,log-normalized expression,5,80,0.1,0.0625,2.6666666666666665,2,3.0,256,0.0006945754867047,9.222887456417084e-06,0.0132784424349665,Adrb2|Apod|Arap2|Atp2b1|Bc1|Bsg|C1qa|Cd74|Cks2|Cpe|Crip1|Ctsd|Ctss|Cybb|Dab2|Dbndd2|Dock10|Egr1|Enpp2|Epb41l2|F13a1|Fos|Glul|Gpr37l1|Ier3|Ifi204|Ifi207|Junb|Klhl24|Lilrb4a|Lockd|Maf|Mobp|Mrc1|Mt1|Mt3|Nfkbia|Nfkbiz|Plxdc2|S1pr1|Siglech|Slc1a2|Slc38a2|Stab1|Stard8|Tmsb10|Top2a|Ube2c|Utrn|Vim,,
MC-ContrastiveVI,mixed_d1_rf1.0,0,doxorubicin,zero,log-normalized expression,2,80,0.04,0.025,2.6666666666666665,1,,256,0.0025027282536029,0.0001806877553462,0.0721963047981262,Apoe|Atp1b1|Atp2b1|Bc1|Brd9|C1ql3|Cadps|Camk2a|Chl1|Chn1|Cttnbp2|Dclk1|Dgkh|Dlgap1|Dock4|Dpp6|Epha5|Gria1|Gria2|Grin2a|Grin2b|Grm5|Igsf9b|Kcnq1ot1|Klhl24|Lrp1b|Meg3|Miat|Myt1l|Nrcam|Nrgn|Nrxn1|Nrxn3|Opcml|Pcsk2|Ptprd|Ptprn|R3hdm1|Rian|Ryr2|Sez6l2|Slc38a2|Slc4a4|Snhg11|Sptbn1|Syne1|Syt7|Trim9|Ttr|Zbtb20,1.0,
MC-ContrastiveVI,mixed_d1_rf1.0,0,doxorubicin,control_median,log-normalized expression,2,80,0.04,0.025,2.6666666666666665,1,,256,0.0004825357173103,8.865608833730221e-07,0.0018372858176007,6330403K07Rik|Ak5|Arpp21|Atp1a2|Atp1b1|Atp2b1|Bc1|Brd9|Chn1|Cnr1|Cpne7|Cttnbp2|Dclk1|Dock4|Eomes|Epha5|Gria2|Grin2a|Grm5|Igfbpl1|Kcnn2|Kcnq1ot1|Lrfn5|Lrp1b|Meg3|Mir100hg|Mt1|Myt1l|Ndst3|Nfib|Nrgn|Ntm|Opcml|Pclo|Peg3|Qk|Rian|Ryr2|Slc17a7|Slc1a2|Snhg11|Sptbn1|Sv2b|Syne1|Syt7|Tmsb10|Top2a|Trank1|Zbtb20|Zeb2,1.0,
MC-ContrastiveVI,mixed_d1_rf1.0,1,cisplatin,zero,log-normalized expression,1,80,0.02,0.0125,2.6666666666666665,1,0.0,256,0.0003931561077479,0.0001994166523218,0.5072200298309326,Adamts1|Apoe|Aspm|Aurka|Birc5|Bsg|C1qa|Ccna2|Cdca3|Cdk1|Cdkn1a|Cenpf|Cks2|Ctsd|Ctss|Cxcl10|Esco2|Glul|Gm42047|Gria2|Hist1h1b|Hist1h2ap|Hmgb2|Hmmr|Ier3|Kif20b|Kif23|Knl1|Lockd|Mis18bp1|Mki67|Nfib|Nusap1|Olig1|Pbk|Pclaf|Pdgfra|Plk1|Prc1|Qk|Racgap1|Slc1a3|Spc24|Tagln2|Top2a|Tyrobp|Ube2c|mt-Co2|mt-Co3|mt-Nd4,,
MC-ContrastiveVI,mixed_d1_rf1.0,1,cisplatin,control_median,log-normalized expression,1,80,0.02,0.0125,2.6666666666666665,1,0.0,256,0.000131504741148,6.637722253799438e-05,0.5047515630722046,Adamts1|Anln|Aspm|Aurka|Bc1|Birc5|C1qa|Ccl4|Ccna2|Ccnb2|Cdca3|Cdk1|Cdkn1a|Cenpf|Cit|Cks2|Ctsd|Ctss|Cxcl10|Esco2|Glul|Gm42047|Gria2|Hist1h1b|Hist1h2ab|Hist1h2ap|Hmgb2|Hmmr|Ier3|Kif20b|Kif23|Knl1|Lockd|Mis18bp1|Mki67|Nfib|Nusap1|Olig1|Pbk|Pclaf|Pdgfra|Plk1|Plk4|Prc1|Racgap1|Slc1a3|Spc24|Tagln2|Top2a|Ube2c,,
MC-ContrastiveVI,mixed_d1_rf1.0,1,doxorubicin,zero,log-normalized expression,2,80,0.04,0.025,2.6666666666666665,0,,256,0.0043805302120745,0.0001867013052105,0.0426206961274147,Apoe|Atad2|Atp1a3|Atp1b1|Atp2b1|Bc1|Brd9|C1ql3|Ccp110|Cped1|Ebf1|Eomes|Epha5|Exoc6b|Foxd1|Gad2|Gpm6a|Gria2|Grin2a|Grin2b|Grm5|Igfbpl1|Ly6h|Map1b|Meg3|Miat|Mir100hg|Nfib|Nrgn|Nrxn1|Ntm|Olfm1|Opcml|Pcsk2|Plk4|R3hdm1|Rims2|Rnf112|Ryr2|Slc9b2|Snhg11|Spock2|Sptbn1|Syt1|Tbc1d4|Top2a|Ttr|Zbtb20|Zeb2|Zic1,2.0,
MC-ContrastiveVI,mixed_d1_rf1.0,1,doxorubicin,control_median,log-normalized expression,3,80,0.06,0.0375,2.6666666666666665,1,,256,0.0003355245280545,1.3974204193800688e-06,0.0041648731566965,Apoe|Atad2|Atp1a3|Atp1b1|Atp2b1|Bc1|C1ql3|Caly|Camk2b|Ccp110|Cped1|Cpne7|Dclk1|Dcx|Dlgap1|Ebf1|Eomes|Epha5|Epha7|Foxd1|Gad2|Gpm6a|Grin2a|Grin2b|Grm5|Igfbpl1|Kif5a|Lsamp|Meis2|Mir100hg|Myt1l|Nfib|Nrxn3|Ntm|Olfm1|Opcml|Pcsk2|Plk4|Ptgds|R3hdm1|Rims2|Rnf112|Ryr2|Slc9b2|Stmn2|Syt1|Tbc1d4|Top2a|Trank1|Zic1,2.0,
MC-ContrastiveVI,mixed_d1_rf1.0,2,cisplatin,zero,log-normalized expression,1,80,0.02,0.0125,2.6666666666666665,1,0.0,256,0.003377413842827,6.348872557282448e-05,0.0187980197370052,Apoe|Atf3|Bc1|Bsg|Ccl4|Ccr2|Ccrl2|Cd74|Cdkn1a|Crip1|Ctsc|Ctsd|Cxcl12|Cybb|Dnajb1|Fyb|Glul|Hspa1a|Ifi204|Ifi207|Igfbp7|Kctd12|Laptm5|Lilr4b|Lilrb4a|Ly6e|Maf|Myh11|Mylip|Nfkbia|Nr4a1|Pcp4l1|Pltp|Ppp1r15a|Ptprc|Qk|Rgs5|Siglech|Sptbn1|Stab1|Tagln|Tagln2|Timp3|Tsc22d1|Vim|Vtn|Zbtb20|mt-Co2|mt-Co3|mt-Nd4,,
MC-ContrastiveVI,mixed_d1_rf1.0,2,cisplatin,control_median,log-normalized expression,3,80,0.06,0.0375,2.6666666666666665,3,0.0,256,0.0006234967149794,7.206574082374573e-05,0.1155831813812255,Apod|Apoe|Atp1b2|C1qc|Cd68|Chchd10|Cnp|Csf1r|Cspg4|Ctsc|Ctsd|Ctss|Enpp2|Grb14|Gria2|Hopx|Il33|Junb|Kctd12|Mafb|Mag|Mal|Mbp|Mertk|Mfge8|Mt1|Mt3|Ndrg1|Nfib|Nfkbia|Plxdc2|Ptgds|Ptprd|Qk|S1pr1|Sat1|Siglech|Slc1a3|Slc38a2|Slc6a6|Slco1c1|Sox2ot|Tgfbr1|Tmsb10|Ttr|Tyrobp|Vim|Zeb2|mt-Co3|mt-Nd4,,
MC-ContrastiveVI,mixed_d1_rf1.0,2,doxorubicin,zero,log-normalized expression,3,80,0.06,0.0375,2.6666666666666665,1,,256,0.004916675388813,5.798274651169777e-05,0.0117930695414543,Ahnak|Atp2b1|Bex2|Cped1|Dclk1|Dcn|Dlgap1|Ebf1|Emb|Epha5|Foxd1|Gria2|Grin2a|Grin2b|Iqgap1|Kcnq1ot1|Ly6h|Meg3|Miat|Mir100hg|Msx1|Mt1|Ncdn|Net1|Nrxn1|Olfm1|Oxr1|Pclo|Psmb8|Ptgds|Ptprd|R3hdm1|Rasl10a|Rbms3|Rian|Slc17a7|Slc38a2|Slc7a11|Slc9b2|Snhg11|Snhg14|Sptbn1|Syt1|Syt7|Tsc22d1|Ttr|Unc13b|Zic1|mt-Co2|mt-Co3,2.0,
MC-ContrastiveVI,mixed_d1_rf1.0,2,doxorubicin,control_median,log-normalized expression,3,80,0.06,0.0375,2.6666666666666665,0,,256,0.0005570784560404,6.38319761492312e-07,0.0011458245571702,9530059O14Rik|Apoe|Atp1b1|Bc1|Bex2|C1ql3|Cadps|Cdr1os|Clu|Cped1|Cpne6|Cttnbp2|Dclk1|Dlgap1|Dmd|Dock4|Epha5|F730043M19Rik|Fnbp1l|Foxd1|Gm3764|Grin2b|Grm5|Iqgap1|Mef2c|Mir100hg|Mt1|Myt1l|Ntm|Oxr1|Pclo|Plp1|Plppr4|Ptgds|Ptprd|Rasl10a|Rnf112|Slc17a7|Slc8a1|Snhg14|Spock2|Sptbn1|Syne1|Syt7|Trank1|Tsc22d1|Ttr|Unc13b|Zbtb20|Zic1,3.0,
MC-ContrastiveVI,shared_d2_rf1.0,0,cisplatin,zero,log-normalized expression,2,80,0.04,0.025,2.6666666666666665,0,2.0,256,0.0026703982148319,0.0016531348228454,0.6190592646598816,Apoe|Apold1|Arap2|Atf3|Bsg|C1qa|C1qc|Cgnl1|Crip1|Csf1r|Csrp2|Ctsd|Egfl7|Egr1|Enpp2|Esyt2|Gatm|Gpm6a|Id3|Iqgap1|Kitl|Klf2|Laptm5|Lef1|Ly6c1|Ly6e|Mbp|Msi2|Mt3|Nostrin|Nr4a1|Pglyrp1|Pltp|Qk|S1pr1|Sgms1|Siglech|Slc2a1|Slco1c1|Sox17|Sparcl1|Spock2|Ttr|Tyrobp|Utrn|Vim|Vwa1|mt-Co2|mt-Co3|mt-Nd4,,
MC-ContrastiveVI,shared_d2_rf1.0,0,cisplatin,control_median,log-normalized expression,2,80,0.04,0.025,2.6666666666666665,1,1.0,256,0.0006659876089543,3.9480626583099365e-05,0.0592813119292259,Apoe|Apold1|Atf3|Bsg|Cdkn1a|Cgnl1|Col4a2|Crip1|Ctsd|Egfl7|Egr1|Eng|Epb41l2|Esyt2|Gatm|Id3|Ifitm3|Iqgap1|Itm2a|Kitl|Klf2|Lef1|Lmod1|Ly6c1|Ly6e|Mt3|Myh11|Nostrin|Nr4a1|Pglyrp1|Pltp|Plxdc2|Prss23|Rgs5|Sema3c|Sgms1|Slc2a1|Slc7a1|Slco1c1|Sox17|Sparcl1|Spock2|Tagln|Tek|Timp3|Tm4sf1|Tspan13|Utrn|Vim|Vwa1,,
MC-ContrastiveVI,shared_d2_rf1.0,0,doxorubicin,zero,log-normalized expression,3,80,0.06,0.0375,2.6666666666666665,1,,256,0.0022338570561259,0.0014238059520721,0.6373755931854248,Acsl6|Apoe|Atp1a3|Atp1b1|Atp2b1|Bc1|C1ql3|Cdr1os|Chl1|Chrd|Col4a2|Dgkh|Dlgap1|Dock4|Epha4|Epha5|Gpm6a|Gria1|Gria2|Grin2a|Grin2b|Grm5|Iqgap1|Kcnq1ot1|Klhl24|Lrfn5|Lrp1b|Meg3|Miat|Mt3|Nrxn1|Opcml|Pcsk2|Ptgds|Ptprd|Ptprn|R3hdm1|Rian|Rims2|Rnf112|Rtn1|Scn2a|Slc1a2|Snhg11|Snhg14|Syne1|Syt1|Timp4|Tmem108|Ttr,2.0,
MC-ContrastiveVI,shared_d2_rf1.0,0,doxorubicin,control_median,log-normalized expression,1,80,0.02,0.0125,2.6666666666666665,1,,256,0.0001919255446409,4.756948328576982e-07,0.0024785283021628,3222401L13Rik|Ahcyl2|Apod|Apoe|Arpp21|Atp1a3|Atp1b1|Bc1|Bex2|Camk2a|Camk2b|Col4a2|Dab2|Dclk1|Dlgap1|Dock4|Epha5|Gpm6a|Gria2|Grin2b|Grm5|Id3|Iqgap1|Kcnq1ot1|Ly6h|Mag|Mef2c|Miat|Myt1l|Ndrg4|Nfib|Nrcam|Nrxn3|Ntm|Olfm1|Opcml|Pcsk2|Plpp3|Ptprd|Ptprn|Rnf112|Rtn1|Slc8a1|Slc9b2|Snhg11|Spock2|Syt1|Tsc22d1|Zeb2|Zic1,0.0,
MC-ContrastiveVI,shared_d2_rf1.0,1,cisplatin,zero,log-normalized expression,6,80,0.12,0.075,2.6666666666666665,2,4.0,256,0.0083338413387537,0.0006983578205108,0.0837978199124336,Apoe|Arap2|Atf3|Atp1a2|Atp5g1|Bsg|C1qa|C1qc|Ccnd2|Crip1|Csf1r|Ctsd|Ctss|Ctsz|Dnajb1|Egr1|Fabp7|Fos|Fxyd1|Glul|Hes1|Hopx|Id3|Junb|Kif5a|Klf2|Laptm5|Ly6e|Mdh1|Mobp|Mt1|Mt3|Ndrg2|Plxdc2|Qk|S100a6|Slco1c1|Socs3|Spock2|Sptbn1|Tcf7l2|Timp3|Tspan7|Ttr|Ttyh1|Tyrobp|Vim|mt-Co2|mt-Co3|mt-Nd4,,
MC-ContrastiveVI,shared_d2_rf1.0,1,cisplatin,control_median,log-normalized expression,6,80,0.12,0.075,2.6666666666666665,3,3.0,256,0.001389161683619,1.504039391875267e-05,0.0108269471675157,Acsl6|Apold1|Arap2|Atf3|Atp1a2|Atp1b1|Bsg|C1qa|C1qc|Ccnd2|Clu|Crip1|Csf1r|Ctss|Ctsz|Egr1|Enpp2|Fabp7|Fos|Gfap|Hes1|Hopx|Id3|Junb|Kctd12|Kif5a|Klf2|Laptm5|Ly6e|Mdh1|Mfge8|Mt3|Ndrg2|Pltp|Plxdc2|Qk|S100a6|Sat1|Slc1a2|Slc1a3|Slco1c1|Socs3|Spock2|Sptbn1|Srgap2|Timp3|Tspan7|Ttyh1|Tyrobp|Vim,,
MC-ContrastiveVI,shared_d2_rf1.0,1,doxorubicin,zero,log-normalized expression,2,80,0.04,0.025,2.6666666666666665,1,,256,0.0077538304030895,0.0006922632455825,0.0892801582813263,Acsl6|Atp1a2|Atp1a3|Atp1b1|Atp2b1|Atp2b4|Bc1|Bex2|Camk2a|Ccnd2|Cdr1os|Chn1|Cttnbp2|Dclk1|Dlgap1|Dmd|Dock4|Gpm6a|Gria1|Gria2|Grin2a|Grm5|Id3|Kif5a|Ly6h|Map1b|Meg3|Myt1l|Ndrg4|Opcml|P2ry14|Pex5l|Ptprd|R3hdm1|Rtn1|Slc17a7|Slc4a10|Slc8a1|Snhg11|Sorbs2|Spock2|Sptbn1|Stmn3|Syne1|Syt1|Syt7|Timp4|Ttr|Ttyh1|Uchl1,1.0,
MC-ContrastiveVI,shared_d2_rf1.0,1,doxorubicin,control_median,log-normalized expression,4,80,0.08,0.05,2.6666666666666665,2,,256,0.0006576356245204,2.151820808649063e-06,0.0032720463350415,Acsl6|Apoe|Arpp21|Atp1a3|Atp2b4|Bsg|Camk2d|Ccnd2|Celf4|Chn1|Cpne7|Cttnbp2|Dclk1|Dmd|Dock4|Dpp6|F730043M19Rik|Gpm6a|Grin2a|Id3|Kcnq1ot1|Kif5a|Ly6h|Map1b|Mef2c|Mt1|Ndrg4|Nrxn2|Ociad2|Olfm1|P2ry14|Pde10a|Peg3|Pex5l|Rims2|Slc17a7|Slc1a2|Slc4a10|Slc8a1|Snhg14|Sorbs2|Spock2|Srgap2|Stmn3|Syne1|Syt1|Syt7|Trank1|Ttyh1|Uchl1,2.0,
MC-ContrastiveVI,shared_d2_rf1.0,2,cisplatin,zero,log-normalized expression,2,80,0.04,0.025,2.6666666666666665,1,1.0,256,0.0065969577990472,0.0005920343101024,0.0897435247898101,Apoe|Atp5g1|Bc1|Bsg|Cdk1|Cdkn1a|Chchd10|Cks2|Clu|Crip1|Ctsd|Dynlrb2|Ecrg4|Egr1|Enpp2|Fabp7|Fam183b|Fos|Fxyd1|Glul|Hes1|Hmgb2|Hmmr|Id3|Igf1r|Junb|Klf2|Maf|Mia|Mt1|Mt2|Mt3|Pcp4l1|Ptgds|Qk|Ramp1|Rdh5|S100a6|Slc1a2|Slc38a2|Slco1c1|Sparcl1|Top2a|Tspan7|Ttr|Ube2c|Zbtb20|mt-Co2|mt-Co3|mt-Nd4,,
MC-ContrastiveVI,shared_d2_rf1.0,2,cisplatin,control_median,log-normalized expression,6,80,0.12,0.075,2.6666666666666665,4,2.0,256,0.0006139461765997,9.164214134216309e-05,0.1492673754692077,Acsl3|Apoe|Atp2b1|Bc1|C1qc|Clu|Crip1|Ctsd|Ctss|Ctsz|Dclk1|Dnm3|Egr1|Enpp2|Epb41l2|Etv1|Fos|Fxyd1|Gatm|Gjc3|Glul|Gpm6a|Grb14|Id3|Igf1r|Junb|Klf2|Ly86|Mal|Mt2|Mt3|Plpp3|Plxdc2|Ptgds|Qk|Ramp1|S100a6|S1pr1|Sat1|Slc1a3|Slco1c1|Sox2ot|Sparcl1|Tppp3|Tril|Tspan7|Ttr|Tyrobp|Zeb2|mt-Co3,,
MC-ContrastiveVI,shared_d2_rf1.0,2,doxorubicin,zero,log-normalized expression,1,80,0.02,0.0125,2.6666666666666665,1,,1024,0.0019046120578423,0.0001314524561166,0.0690179616212844,Acsl6|Apoe|Atp2b1|Bc1|Bex2|C1ql3|Celf4|Col4a2|Cpne6|Dclk1|Dlgap1|Emb|Epha5|F730043M19Rik|Fnbp1l|Foxd1|Gm26532|Gpm6a|Gria2|Grin2a|Grin2b|Grm5|Id3|Ly6h|Mal|Meg3|Miat|Mir100hg|Myt1l|Ncdn|Ndrg4|Nrxn1|Nrxn3|Pcsk2|Pde10a|Ptgds|Ptprd|R3hdm1|Rasl10a|Rian|Slc1a2|Slc38a2|Slc9b2|Snhg11|Sparcl1|Syt7|Ttr|Zeb2|Zic1|mt-Co3,0.0,
MC-ContrastiveVI,shared_d2_rf1.0,2,doxorubicin,control_median,log-normalized expression,3,80,0.06,0.0375,2.6666666666666665,2,,256,0.000369140820112,9.470968507230282e-07,0.0025656688958406,6330403K07Rik|Apoe|Atp1a2|Bc1|Bex2|C1ql3|Celf4|Col4a2|Cped1|Cspg5|Cttnbp2|Dclk1|Dgkh|Emb|Erc2|Fnbp1l|Foxd1|Gm26532|Gpm6a|Gria1|Gria4|Grin2b|Id3|Kcnq1ot1|Lrp1b|Ly6h|Mal|Map1b|Miat|Mir100hg|Mt3|Myt1l|Ncdn|Nrxn3|Ntrk2|Plpp3|Ptgds|Ptprd|Ptprn|R3hdm1|Rasl10a|Rian|Slc1a2|Slc38a2|Slc9b2|Sparcl1|Trim9|Zeb2|Zic1|mt-Co3,1.0,
MC-ContrastiveVI,specific_d2_rf1.0,0,cisplatin,zero,log-normalized expression,5,80,0.1,0.0625,2.6666666666666665,4,1.0,256,0.0026027623098343,0.0001391395926475,0.053458422422409,Aldoc|Apoe|Atf3|Atp2b1|Bc1|Birc5|Bsg|C1qc|Ccnb2|Cdca3|Cdk1|Cenpf|Cks2|Csf1r|Ctsd|Epb41l2|Fos|Glul|Gria2|Hist1h1b|Hmgb2|Hmmr|Ier3|Junb|Kif20b|Kif23|Knl1|Laptm5|Lockd|Maf|Mis18bp1|Mki67|Mt1|Mt3|Mylip|Nusap1|Pbk|Plk1|Ptgs1|Qk|Racgap1|Sat1|Slc1a2|Spc24|Top2a|Tyrobp|Ube2c|mt-Co2|mt-Co3|mt-Nd4,,
MC-ContrastiveVI,specific_d2_rf1.0,0,cisplatin,control_median,log-normalized expression,6,80,0.12,0.075,2.6666666666666665,3,3.0,256,0.0007141635287553,9.934604167938232e-05,0.1391082406044006,Aldoc|Anxa3|Apbb1ip|Apod|Arap2|Atf3|Atp2b1|Bc1|C1qc|Cd33|Cdca3|Cldn11|Crybb1|Csf1r|Ctsc|Ctsd|Ctsz|Enpp2|Epb41l2|Etv1|Fos|Gria2|Htra1|Ier3|Junb|Klf2|Laptm5|Ly86|Mbp|Mki67|Mt1|Mt2|Mt3|Ndrg2|Nfib|Plp1|Plxdc2|Ptprd|Sat1|Serpinb1a|Slc1a2|Slc1a3|Socs3|Sox2ot|Sparcl1|Top2a|Tubb4a|Tyrobp|Ube2c|Zeb2,,
MC-ContrastiveVI,specific_d2_rf1.0,0,doxorubicin,zero,log-normalized expression,2,80,0.04,0.025,2.6666666666666665,1,,256,0.0035208673216402,0.0001472197473049,0.0418134778738021,Acsl6|Aldoc|Apoe|Arpp21|Atp11b|Atp2b1|Bc1|Brd9|C1ql3|Camk2a|Cdr1os|Cpe|Cspg5|Cttnbp2|Dclk1|Dpp6|Eprs|Gria2|Grin2a|Grm5|Kcnq1ot1|Lrp1b|Meg3|Miat|Mir100hg|Mt1|Mt3|Ndrg4|Nrcam|Nrgn|Nrxn1|Ntm|Pcsk2|Ptgds|Ptprd|Ptprn|Ptprz1|R3hdm1|Rims2|Rtn1|Sez6l2|Slc1a2|Slc38a1|Snap25|Snhg11|Snhg14|Sparcl1|Top2a|Ttr|Zeb2,1.0,
MC-ContrastiveVI,specific_d2_rf1.0,0,doxorubicin,control_median,log-normalized expression,2,80,0.04,0.025,2.6666666666666665,1,,256,0.0007056124159134,1.2744567357003689e-06,0.0018061611335724,Ak5|Aldoc|Apoe|Arpp21|Atp11b|Bc1|Brd9|Brinp2|Camk2a|Camk2b|Cdr1os|Chrd|Cpe|Cspg5|Dclk1|Dnm1|Epha5|Gm10115|Gpm6a|Grin2a|Kcnq1ot1|Lrp1b|Ly6h|Map1b|Miat|Mir100hg|Mt3|Myt1l|Ndrg4|Ntm|Pex5l|Plk2|Ptgds|Ptprd|Ptprn|Ptprz1|Rbfox3|Rian|Rims2|Rnf112|Rtn1|Sez6l2|Slc17a7|Slc1a2|Snap25|Snhg14|Sparcl1|Top2a|Zeb2|mt-Co3,1.0,
MC-ContrastiveVI,specific_d2_rf1.0,1,cisplatin,zero,log-normalized expression,3,80,0.06,0.0375,2.6666666666666665,2,1.0,256,0.0024824794381856,0.0005920305848121,0.2384835630655288,Apoe|Atf3|Atp5g1|Bc1|Birc5|Bsg|C1qa|C1qc|Ccna2|Cdca3|Cenpf|Cks2|Crip1|Crip2|Csf1r|Csrp2|Ctsd|Ctss|Egr1|Fos|Glul|Hist1h1b|Hmgb2|Hmmr|Hopx|Id3|Junb|Kif20b|Kif23|Knl1|Laptm5|Mafb|Mef2c|Mki67|Mt1|Nr4a1|Nusap1|Pbk|Pclaf|Plk1|Prc1|Ptgds|Qk|Siglech|Top2a|Tyrobp|Zbtb20|mt-Co2|mt-Co3|mt-Nd4,,
MC-ContrastiveVI,specific_d2_rf1.0,1,cisplatin,control_median,log-normalized expression,4,80,0.08,0.05,2.6666666666666665,3,1.0,256,0.0004973251488991,6.121024489402771e-05,0.1230789124965667,Akap13|Apoe|Atf3|Bc1|Birc5|Bsg|C1qa|C1qc|Ccna2|Cdca3|Cenpf|Cks2|Crip2|Csf1r|Ctsd|Ctss|Egr1|Fos|Glul|Hist1h1b|Hmgb2|Hmmr|Hopx|Id3|Junb|Kif20b|Kif23|Klf2|Knl1|Laptm5|Ly86|Mafb|Mal|Mef2c|Mki67|Mt3|Nusap1|Pbk|Pclaf|Plk1|Plxdc2|Prc1|Ptgds|S100b|S1pr1|Siglech|Sox2ot|Top2a|Tyrobp|mt-Co3,,
MC-ContrastiveVI,specific_d2_rf1.0,1,doxorubicin,zero,log-normalized expression,3,80,0.06,0.0375,2.6666666666666665,1,,256,0.0028833677060902,0.0006572753190994,0.2279540300369262,Acsl6|Apoe|Arpp21|Atp11b|Atp1a3|Atp1b1|Atp2b1|Bc1|Brd9|C1ql3|Camk2a|Ccnd2|Cdr1os|Chrd|Dgkh|Dlgap1|Dock4|Dpp6|Gpm6a|Gria1|Grin2a|Grin2b|Kcnq1ot1|Lrfn5|Ly6h|Mef2c|Meg3|Miat|Myt1l|Nrgn|Ntng1|Olfm1|Opcml|Pcsk2|Peg3|Ppfia2|Ptgds|Ptprd|Ptprn|R3hdm1|Rian|Rims2|Ryr2|Snhg11|Snhg14|Tfrc|Trim9|Ttr|Ttyh1|Zbtb20,2.0,
MC-ContrastiveVI,specific_d2_rf1.0,1,doxorubicin,control_median,log-normalized expression,3,80,0.06,0.0375,2.6666666666666665,1,,256,0.000406688748626,2.0510051399469376e-06,0.0050431718118488,6330403K07Rik|Acsl6|Arpp21|Atp1a3|Atp2b1|Bc1|Bex2|Cacna2d3|Camk2a|Ccnd2|Cdr1os|Chrd|Col11a1|Elavl4|Emb|Epha7|Gm3764|Grin2b|Id3|Igsf9b|Il1rap|Kcnq1ot1|Khdrbs3|Lrfn5|Mef2c|Miat|Mt1|Nrgn|Nrxn3|Ntm|Ntng1|P2ry14|Pcsk2|Peg3|Pex5l|Plk2|Ptgds|Rab3c|Rbfox3|Rims2|Rnf112|Ryr2|Stmn3|Syne1|Tfrc|Tnr|Trank1|Trim9|Zbtb20|mt-Co3,2.0,
MC-ContrastiveVI,specific_d2_rf1.0,2,cisplatin,zero,log-normalized expression,4,80,0.08,0.05,2.6666666666666665,3,1.0,256,0.0045392862521111,0.0001705475151538,0.0375714264810085,Acta2|Apoe|Atf3|Atp1a2|Bc1|Bmx|Bsg|Cald1|Cavin1|Ccr2|Ccrl2|Cd74|Crip1|Cybb|Egr1|Epas1|Fos|Fxyd5|Fyb|Gatm|Glul|Gsta4|Hspa1a|Ifi207|Igfbp7|Itm2a|Mt1|Mt3|Myh11|Mylip|Pcp4l1|Pltp|Qk|Ramp2|Reln|Rgs4|Rgs5|Sema3g|Slc38a2|Slc6a6|Sparcl1|Sptbn1|Tagln|Timp3|Utrn|Vim|Vtn|mt-Co2|mt-Co3|mt-Nd4,,
MC-ContrastiveVI,specific_d2_rf1.0,2,cisplatin,control_median,log-normalized expression,3,80,0.06,0.0375,2.6666666666666665,1,2.0,256,0.000952975358814,5.255453288555145e-05,0.0551478303968906,Anxa3|Apod|Aspa|Atp1a2|Atp1b2|Atp5g1|Bc1|Cald1|Cavin1|Chchd10|Crip1|Ctsc|Ctsz|Dnm3|Egr1|Enpp2|Fos|Gatm|Glul|Gsta4|Igfbp7|Laptm5|Mbp|Mt1|Mt3|Myh11|Nfkbia|Olig1|Pcp4l1|Pltp|Prdx6|Qk|Ramp2|Reln|Rgs4|Rgs5|S100b|S1pr1|Slc1a2|Slc2a1|Slc38a2|Slc6a6|Sparcl1|Srgap2|Syne1|Tagln|Timp3|Utrn|Vim|Vtn,,
MC-ContrastiveVI,specific_d2_rf1.0,2,doxorubicin,zero,log-normalized expression,1,80,0.02,0.0125,2.6666666666666665,1,,256,0.0044131972827017,0.0001443307846784,0.0327043458819389,Atp11b|Atp1b1|Atp2b1|Bc1|Brinp2|Cadps|Camk2b|Ccnd2|Celf4|Chn1|Cpe|Dcx|Dlx6os1|Dmd|Dnm3|Epha5|Gad2|Gria1|Gria2|Gria4|Grin2a|Grin2b|Igsf9b|Kcnq1ot1|Lrp1b|Meg3|Meis2|Ndrg4|Nrxn1|Nrxn3|Ntm|Ociad2|Opcml|Pclo|Pcsk2|Ptgds|Ptprd|Rbfox3|Rian|Rnf112|Slc38a2|Snap25|Snhg11|Snhg14|Tmem108|Ttr|Ttyh1|Unc13b|Zeb2|Zic1,0.0,
MC-ContrastiveVI,specific_d2_rf1.0,2,doxorubicin,control_median,log-normalized expression,2,80,0.04,0.025,2.6666666666666665,0,,256,0.0003799087426159,4.913308657705784e-07,0.0012932765530422,Apoe|Atp11b|Atp1a2|Atp1a3|Atp1b1|Atp2b1|Bc1|Brinp2|Cadps|Camk2b|Celf4|Chn1|Clu|Cped1|Cpne7|Dcx|Dlx6os1|Dmd|Fat3|Gad2|Gpm6a|Gria4|Grin2a|Hectd2|Hectd2os|Igsf9b|Lrp1b|Map1b|Meis2|Ndrg4|Nrcam|Nrxn3|Ntm|Ociad2|Opcml|Plppr4|Ptprd|Rnf112|Ryr2|Snhg14|Spock2|Sptbn1|Syne1|Tmem108|Trhde|Ttyh1|Vtn|Zbtb20|Zeb2|Zic1,2.0,
MC-ContrastiveVI,mixed_d2_rf1.0,0,cisplatin,zero,log-normalized expression,2,80,0.04,0.025,2.6666666666666665,0,2.0,256,0.0022116703912615,0.0006924420595169,0.3130855560302734,Apoe|Arap2|Atf3|Atp2b1|Bc1|C1qa|C1qc|Cnp|Csf1r|Ctsd|Ctss|Dbndd2|Dock10|Ecrg4|Egr1|Enpp2|Fos|Glul|Gpm6a|Gpr37l1|Id3|Klf2|Laptm5|Ly6e|Ly86|Mag|Mdh1|Mt1|Mt2|Mt3|Olig1|Prelp|Ptprd|Qk|Scg3|Slc2a1|Slc38a2|Slc4a4|Slc6a1|Slco1c1|Sox2ot|Sptbn1|Syne1|Tfrc|Ttr|Tyrobp|Zbtb20|mt-Co2|mt-Co3|mt-Nd4,,
MC-ContrastiveVI,mixed_d2_rf1.0,0,cisplatin,control_median,log-normalized expression,4,80,0.08,0.05,2.6666666666666665,1,3.0,256,0.0007943197269923,0.0001042410731315,0.1312331259250641,Apoe|Arap2|Atf3|Atp2b1|Bc1|Bcan|C1qa|C1qc|Cd68|Csf1r|Ctsd|Ctss|Ctsz|Dbndd2|Egr1|Enpp2|Ermn|Etv1|Fos|Gpm6a|Gpr37l1|Id3|Itm2a|Junb|Klf2|Klhl24|Laptm5|Ly6e|Ly86|Mag|Mbp|Mt1|Mt2|Mt3|Olig1|Olig2|Prelp|Ptprd|Scg3|Sdc3|Slc2a1|Slc4a4|Slco1c1|Sox2ot|Sparcl1|Syne1|Tfrc|Ttr|Tyrobp|Vcam1,,
MC-ContrastiveVI,mixed_d2_rf1.0,0,doxorubicin,zero,log-normalized expression,2,80,0.04,0.025,2.6666666666666665,1,,256,0.0017735583242028,0.0005752146244049,0.3243280053138733,Acsl6|Apoe|Arpp21|Atp1b1|Atp2b1|Bc1|C1ql3|Chn1|Dlgap1|Dock4|Dpp6|Epha5|Gm26871|Gpm6a|Gria2|Grin2a|Grm5|Kcnq1ot1|Lrfn5|Lrp1b|Meg3|Miat|Mir100hg|Myt1l|Nrcam|Nrxn1|Olfm1|Opcml|Pde10a|Peg3|Plppr4|Ptprd|Ptprn|R3hdm1|Rian|Rnf112|Rtn1|Ryr2|Slc17a7|Slc4a4|Snhg11|Snhg14|Sptbn1|Syne1|Tfrc|Tmem108|Trim9|Ttr|Zbtb20|Zic1,1.0,
MC-ContrastiveVI,mixed_d2_rf1.0,0,doxorubicin,control_median,log-normalized expression,2,80,0.04,0.025,2.6666666666666665,1,,256,0.0010385665809735,1.3801618479192257e-06,0.0013289003400132,Ahcyl2|Apoe|Bc1|Brd9|Caly|Celf4|Cpne6|Dab2|Dclk1|Dpp6|Ebf1|Epha4|Foxd1|Gm26871|Gm3764|Grin2a|Grin2b|Grm5|Id3|Iqgap1|Kcnn2|Kcnq1ot1|Khdrbs2|Lrp1b|Meg3|Mir100hg|Mt1|Ndrg4|Nfib|Olfm1|Peg3|Ptprd|Ptprn|R3hdm1|Rab3c|Rbms3|Rian|Ryr2|Slc17a7|Slc1a2|Slc38a2|Slc7a11|Slc8a1|Slc9b2|Snhg11|Syne1|Syt1|Syt7|Zbtb20|Zic1,1.0,
MC-ContrastiveVI,mixed_d2_rf1.0,1,cisplatin,zero,log-normalized expression,4,80,0.08,0.05,2.6666666666666665,2,2.0,256,0.0019432319095358,0.0054887533187866,2.824548721313477,Apod|Apoe|Arap2|Atf3|Bc1|C1qa|C1qc|Cd33|Cfh|Cnp|Cpe|Crip1|Csf1r|Ctsd|Ctss|Dbndd2|Egr1|Enpp2|Ermn|Etv1|Fos|Gatm|Glul|Grb14|Gstm5|Icam1|Id3|Ier3|Junb|Klf2|Laptm5|Ly86|Mafb|Mag|Mal|Nfkbiz|Olig1|Olig2|Plxdc2|Prdx6|Qk|Siglech|Slco1c1|Socs3|Tppp3|Tspan7|Tyrobp|mt-Co2|mt-Co3|mt-Nd4,,
MC-ContrastiveVI,mixed_d2_rf1.0,1,cisplatin,control_median,log-normalized expression,6,80,0.12,0.075,2.6666666666666665,3,3.0,256,0.0005691858241334,0.0009279251098632,1.6302673816680908,Apod|Apoe|Arap2|Atf3|Bc1|C1qa|C1qc|Cd33|Cfh|Cnp|Cpe|Crip1|Csf1r|Ctsd|Ctss|Ctsz|Dbndd2|Egr1|Enpp2|Epb41l2|Ermn|Etv1|Fos|Gatm|Grb14|Gstm5|Icam1|Id3|Ier3|Junb|Klf2|Laptm5|Mafb|Mag|Mal|Nfkbiz|Olig1|Olig2|Plxdc2|Prdx6|Siglech|Slco1c1|Socs3|Sparcl1|Tppp3|Tspan7|Tyrobp|mt-Co2|mt-Co3|mt-Nd4,,
MC-ContrastiveVI,mixed_d2_rf1.0,1,doxorubicin,zero,log-normalized expression,0,80,0.0,0.0,2.6666666666666665,0,,256,0.0022667287848889,0.0064612627029418,2.8504788875579834,Acsl6|Apoe|Arpp21|Atp2b1|Bc1|C1ql3|Cacna2d3|Camk2b|Chl1|Chn1|Chrd|Cpe|Cpne6|Dclk1|Dgkh|Dlgap1|Dpp6|Epha4|Epha5|Gm26871|Gpm6a|Gria2|Grin2a|Grm5|Khdrbs3|Ly6h|Meg3|Myt1l|Ndrg4|Nrxn1|Olfm1|Opcml|Pcdh9|Pcsk2|Pde10a|Ptgds|R3hdm1|Rgs11|Rian|Rnf112|Rreb1|Rtn1|Ryr2|Snhg11|Snhg14|Syt1|Tmem108|Trank1|Ttr|Zbtb20,0.0,
MC-ContrastiveVI,mixed_d2_rf1.0,1,doxorubicin,control_median,log-normalized expression,3,80,0.06,0.0375,2.6666666666666665,1,,256,0.0008619193104095,2.935761585831642e-06,0.0034060648176819,Adarb2|Bc1|C1ql3|Caly|Camk2a|Camk2b|Ccnd2|Cdr1os|Chn1|Chrd|Cntnap2|Dclk1|Dmd|Gm3764|Grik1|Grin2a|Kcnc1|Kcnq1ot1|Lrp1b|Map1b|Mir100hg|Myt1l|Ndrg4|Nrxn3|Ntrk2|Olfm1|P2ry14|Pcdh9|Pclo|Pcsk2|Peg3|Plppr4|Ptgds|Rbfox3|Rian|Rims2|Rnf112|Rtn1|Ryr2|Slc4a10|Snap25|Snhg11|Sptbn1|Syne1|Syt1|Top2a|Trank1|Ttr|Zbtb20|Zeb2,2.0,
MC-ContrastiveVI,mixed_d2_rf1.0,2,cisplatin,zero,log-normalized expression,2,80,0.04,0.025,2.6666666666666665,2,0.0,256,0.006530581973493,0.000105268554762,0.0161193124949932,1110017D15Rik|Ablim1|Acta2|Apoe|Bc1|Bmx|Bsg|Cald1|Cavin1|Ccdc153|Ccn3|Cldn5|Crip1|Csrp2|Ctsd|Cxcl12|Eln|Glul|Gm19935|Ier3|Lamb2|Lgals3|Ly6a|Ly6c1|Ly6e|Mgp|Myh11|Nfkbia|Pcp4l1|Pla2g7|Pltp|Qk|Rbp1|Reln|Rsph1|S100b|Slc2a1|Slc39a10|Slc9a3r2|Slco1c1|Sncg|Sntn|Spock2|Tagln|Tsnaxip1|Vim|Zbtb20|mt-Co2|mt-Co3|mt-Nd4,,
MC-ContrastiveVI,mixed_d2_rf1.0,2,cisplatin,control_median,log-normalized expression,2,80,0.04,0.025,2.6666666666666665,1,1.0,256,0.0007578904624097,2.0767562091350555e-05,0.02740179002285,Acta2|Apoe|Bc1|Brd9|Bsg|C1qa|Cavin1|Cited2|Cldn11|Cldn5|Crip1|Cspg4|Csrp2|Ctsd|Cxcl12|Ebf3|Eln|Fos|Gatm|Gja1|Glul|Gpm6a|Ier3|Kctd12|Ly6e|Mafb|Mdh1|Mgp|Myh11|Nfkbia|Ntrk2|Pcdh9|Pcp4l1|Pltp|Ptgds|Qk|R3hdm1|Rbp1|Reln|S100b|Sat1|Slc1a2|Slc1a3|Slc39a10|Slco1c1|Sncg|Spock2|Srgap2|Tagln|Vim,,
MC-ContrastiveVI,mixed_d2_rf1.0,2,doxorubicin,zero,log-normalized expression,1,80,0.02,0.0125,2.6666666666666665,0,,256,0.0099443169310688,6.698863580822945e-05,0.0067363642156124,Apoe|Atp11b|Atp1a3|Atp1b1|Atp2b1|Bc1|Brd9|Cdr1os|Cpe|Cttnbp2|Dab2|Dclk1|Dlgap1|Dnm1|Dpp6|Epha5|Gm49179|Gpm6a|Gria1|Gria2|Grin2b|Grm5|Lrfn5|Ly6h|Meg3|Miat|Ndrg4|Nrxn1|Ntm|Olfm1|Pcdh9|Pcp4|Peg3|Plpp3|Ptgds|Ptprd|R3hdm1|Rian|Rtn1|S100b|Slc1a2|Slc38a2|Snhg11|Sorbs2|Sparcl1|Spock2|Syt1|Trank1|Ttr|Zeb2,1.0,
MC-ContrastiveVI,mixed_d2_rf1.0,2,doxorubicin,control_median,log-normalized expression,2,80,0.04,0.025,2.6666666666666665,1,,256,0.0006340042455121,1.1601950973272324e-06,0.001829938380979,Apoe|Arpp21|Atp11b|Atp1a3|Atp1b1|Atp2b1|Bc1|Brd9|C130073E24Rik|Camk2b|Cdr1os|Cpe|Cttnbp2|Dlgap1|Dnm1|Dpp6|Epha5|Gm49179|Gpm6a|Gria1|Gria4|Grin2a|Grin2b|Grm5|Kcnq1ot1|Ly6h|Mir100hg|Myt1l|Ndrg4|Nfib|Nrxn3|Ntm|Olfm1|Pcdh9|Pcp4|Peg3|Ptgds|R3hdm1|Rian|Rtn1|Ryr2|Slc38a2|Sorbs2|Sparcl1|Syne1|Syt1|Trank1|Trim9|Ttr|Zeb2,1.0,
multiGroupVI,mixed_d1_rf1.0,0,cisplatin,zero,raw counts,10,80,0.2,0.125,2.6666666666666665,4,6.0,256,0.0004733895501382,0.0018684864044189,3.947037696838379,Apod|Apoe|Arap2|C1qa|Ccnd1|Cdkn1a|Chst2|Cldn11|Cnp|Ctsd|Ctss|Ctsz|Egr1|Epb41l2|Ermn|Etv1|Fos|Gatm|Glul|Hist1h1e|Junb|Kctd12|Luzp2|Mag|Mal|Mbp|Mfge8|Mobp|Mt1|Mt3|Ndrg2|Nfkbia|Nfkbid|Plp1|Plpp3|Qk|S100b|Sat1|Sez6l2|Slc1a3|Slc38a2|Sparcl1|Tspan2|Ttr|Ttyh1|Tyrobp|Zeb2|mt-Co2|mt-Co3|mt-Nd4,,
multiGroupVI,mixed_d1_rf1.0,0,cisplatin,control_median,raw counts,9,80,0.18,0.1125,2.6666666666666665,4,5.0,256,0.0007897546447502,0.0020813941955566,2.6354947090148926,Apod|Apoe|Arap2|Cdkn1a|Cldn11|Clu|Cnp|Ctsd|Ctss|Ctsz|Dbndd2|Dnajb1|Egr1|Elmo1|Epb41l2|Ermn|Etv1|Fos|Gatm|Glul|Grb14|Hist1h1e|Junb|Kctd12|Laptm5|Luzp2|Mag|Mal|Mbp|Mfge8|Mobp|Mog|Mt3|Ndrg2|Nfkbia|Ntm|Plp1|Plxdc2|Ptgds|Qk|Sat1|Sez6l2|Slc38a2|Tspan2|Ttr|Ttyh1|Zeb2|mt-Co2|mt-Co3|mt-Nd4,,
multiGroupVI,mixed_d1_rf1.0,0,doxorubicin,zero,raw counts,7,80,0.14,0.0875,2.6666666666666665,1,,256,0.0003616346042831,0.0010587573051452,2.927699089050293,Arpp21|Atp2b1|Brd9|Celf4|Chl1|Cttnbp2|Dclk1|Dgkh|Dnm1|Dpp6|Epha5|Gria2|Grin2a|Grin2b|Grm5|Icam5|Kcnq1ot1|Lrfn5|Lrp1b|Lsamp|Meg3|Miat|Mir100hg|Myt1l|Nrp1|Nrxn1|Nrxn3|Ntm|Ntng1|Opcml|Oxr1|Pcdh9|Pclo|Pcsk2|Pde10a|Ppfia2|Ptprn|R3hdm1|Rian|Rims2|Rnf112|Ryr2|Slc8a1|Snhg11|Snhg14|Sorbs2|Syne1|Syt1|Zbtb20|Zeb2,6.0,
multiGroupVI,mixed_d1_rf1.0,0,doxorubicin,control_median,raw counts,7,80,0.14,0.0875,2.6666666666666665,1,,256,0.0001926750614415,0.0005872249603271,3.047747611999512,Atp2b1|Brd9|C1ql3|Celf4|Chl1|Cpne7|Cttnbp2|Dclk1|Dgkh|Dnm1|Dpp6|Epha5|Erc2|Gria2|Grin2a|Grin2b|Grm5|Icam5|Igsf9b|Kcnq1ot1|Lrfn5|Lrp1b|Lsamp|Meg3|Miat|Mir100hg|Nrp1|Nrxn1|Nrxn3|Ntm|Ntng1|Opcml|Oxr1|Pcdh9|Pclo|Pcsk2|Pde10a|Ppfia2|R3hdm1|Rian|Rims2|Rnf112|Ryr2|Slc8a1|Snhg11|Snhg14|Sorbs2|Syne1|Zbtb20|Zeb2,6.0,
multiGroupVI,mixed_d1_rf1.0,1,cisplatin,zero,raw counts,9,80,0.18,0.1125,2.6666666666666665,4,5.0,256,0.0006102740413614,0.0027228593826293,4.461699485778809,Adrb2|Apod|Apoe|Arap2|Bc1|C1qa|Ccnd1|Cdkn1a|Cldn11|Cnp|Ctsd|Ctsz|Dbndd2|Enpp2|Epb41l2|Fos|Glul|Gstm5|Hmgb2|Junb|Kctd12|Mafb|Mal|Mbp|Mobp|Mog|Mt1|Mt3|Ndrg2|Nfkbia|Olig1|Phlda1|Plek|Plp1|Plpp3|Qk|S100b|Sat1|Sez6l2|Slc38a2|Sox2ot|Sparcl1|Ttr|Tubb4a|Tyrobp|Zbtb20|Zeb2|mt-Co2|mt-Co3|mt-Nd4,,
multiGroupVI,mixed_d1_rf1.0,1,cisplatin,control_median,raw counts,9,80,0.18,0.1125,2.6666666666666665,4,5.0,256,0.0005079546192821,0.0015252828598022,3.002793550491333,Apoe|Arap2|Bc1|Bsg|C1qc|Ccnd1|Cdkn1a|Cldn11|Cnp|Ctsd|Ctsz|Dbndd2|Enpp2|Epb41l2|Ermn|Fos|Glul|Grb14|Hmgb2|Junb|Kctd12|Ly6e|Mal|Mbp|Mobp|Mog|Mt1|Mt3|Mylip|Ndrg2|Nfkbia|Olig1|Pcdh9|Phlda1|Plek|Plp1|Plpp3|Qk|S100b|Sat1|Sez6l2|Slc1a2|Sparcl1|Ttr|Tubb4a|Tyrobp|Zbtb20|mt-Co2|mt-Co3|mt-Nd4,,
multiGroupVI,mixed_d1_rf1.0,1,doxorubicin,zero,raw counts,8,80,0.16,0.1,2.6666666666666665,1,,256,0.0003093892924803,0.0008705854415893,2.8138835430145264,Atp1b1|Atp2b1|Brd9|Cadps|Chn1|Cttnbp2|Dclk1|Dlgap1|Epha5|Erc2|Gria1|Gria2|Grin2a|Grin2b|Ildr2|Kcnq1ot1|Khdrbs3|Lrp1b|Lsamp|Ly6h|Meg3|Miat|Ndrg4|Nrcam|Nrp1|Nrxn1|Nrxn3|Ntm|Ntng1|Opcml|Oxr1|Pcdh7|Pcdh9|Peg3|Ppfia2|Ptprd|R3hdm1|Rian|Rims2|Rtn1|Ryr2|Slit2|Snhg11|Sorbs2|Sorcs3|Syne1|Syt1|Syt7|Zbtb20|Zeb2,7.0,
multiGroupVI,mixed_d1_rf1.0,1,doxorubicin,control_median,raw counts,9,80,0.18,0.1125,2.6666666666666665,2,,256,0.0001574965403833,0.0004273056983947,2.713111639022827,Adcy1|Atp1b1|Atp2b1|Brd9|Cadps|Chn1|Cttnbp2|Dclk1|Dgkg|Epha5|Erc2|Gria2|Grin2b|Hectd2os|Icam5|Ildr2|Kcnq1ot1|Khdrbs3|Lrp1b|Lsamp|Mef2c|Meg3|Ndrg4|Nrcam|Nrp1|Nrxn1|Nrxn3|Ntm|Ntng1|Olfm1|Opcml|Oxr1|Pcdh7|Pcdh9|Peg3|Ppfia2|Ptprd|R3hdm1|Rian|Rims2|Rtn1|Snap25|Snhg11|Sorbs2|Sorcs3|Syne1|Syt7|Tafa1|Zbtb20|Zeb2,7.0,
multiGroupVI,mixed_d1_rf1.0,2,cisplatin,zero,raw counts,11,80,0.22,0.1375,2.6666666666666665,6,5.0,256,0.0004469117908608,0.0019845366477966,4.440555572509766,Apoe|Arap2|Arl4a|Bc1|C1qa|C1qc|Ccnd1|Cdkn1a|Cldn11|Cnp|Cpe|Csf1r|Cspg5|Ctsd|Ctss|Ctsz|Egr1|Epb41l2|Etv1|Fabp7|Fos|Glul|Hist1h1e|Hmgb2|Ier3|Junb|Kctd12|Klf4|Mal|Mbp|Mki67|Mobp|Mog|Mt1|Ndrg2|Nfkbia|Ntm|Olig1|Plp1|Qk|Sat1|Sparcl1|Tspan2|Tspan7|Ttr|Zbtb20|Zeb2|mt-Co2|mt-Co3|mt-Nd4,,
multiGroupVI,mixed_d1_rf1.0,2,cisplatin,control_median,raw counts,11,80,0.22,0.1375,2.6666666666666665,6,5.0,256,0.0004492226478603,0.0014060884714126,3.1300480365753174,Apoe|Arap2|Arl4a|Bsg|C1qa|C1qc|Ccnd1|Cd83|Cdkn1a|Cldn11|Cnp|Cpe|Csf1r|Ctsd|Ctss|Ctsz|Egr1|Epb41l2|Fabp7|Fos|Glul|Gria2|Hist1h1e|Hmgb2|Ier3|Junb|Klf4|Mal|Mbp|Mfge8|Mki67|Mobp|Mog|Mt1|Mylip|Nfkbia|Ntm|Olig1|Plp1|Qk|Sat1|Slc1a2|Socs3|Tspan2|Ttr|Ttyh1|Zbtb20|mt-Co2|mt-Co3|mt-Nd4,,
multiGroupVI,mixed_d1_rf1.0,2,doxorubicin,zero,raw counts,7,80,0.14,0.0875,2.6666666666666665,2,,256,0.000312571748067,0.0007510781288146,2.4028983116149902,Acsl6|Atp1b1|Atp2b1|Brd9|Camk2b|Celf4|Dclk1|Dgkh|Dlgap1|Dnm1|Epha5|Epha6|F730043M19Rik|Gm26871|Gria1|Gria2|Grin2b|Grm5|Hectd2|Kcnq1ot1|Lrp1b|Mef2c|Meg3|Miat|Nrcam|Nrp1|Nrxn1|Nrxn3|Ntm|Ntng1|Olfm1|Opcml|Oxr1|Pcdh9|Pcsk2|Peg3|Ppfia2|Ptprd|Ptprn|Rian|Rims2|Rtn1|Ryr2|Snhg11|Snhg14|Syne1|Syt1|Tafa1|Zbtb20|Zeb2,5.0,
multiGroupVI,mixed_d1_rf1.0,2,doxorubicin,control_median,raw counts,8,80,0.16,0.1,2.6666666666666665,3,,256,0.0002113832973367,0.0005120038986206,2.422158718109131,Adcy1|Atp1b1|Atp2b1|Brd9|Camk2b|Celf4|Dclk1|Dgkh|Dlgap1|Dnm1|Epha5|Epha6|F730043M19Rik|Gm10115|Gm26871|Gria1|Gria2|Grm5|Hectd2|Kcnn2|Kcnq1ot1|Lrp1b|Lsamp|Meg3|Nrcam|Nrp1|Nrxn1|Nrxn3|Ntm|Ntng1|Opcml|Oxr1|Pcdh9|Pcsk2|Pde10a|Peg3|Ppfia2|Ptprd|Ptprn|Rian|Rims2|Ryr2|Snhg11|Syne1|Syt1|Tafa1|Trim9|Ttyh1|Zbtb20|Zeb2,5.0,
multiGroupVI,mixed_d2_rf1.0,0,cisplatin,zero,raw counts,12,80,0.24,0.15,2.6666666666666665,5,7.0,256,0.0004546720423534,0.0022015571594238,4.842077255249023,Apoe|Arap2|Arl4a|C1qa|C1qc|Cdkn1a|Chst2|Cldn11|Clu|Ctsd|Ctss|Ctsz|Egr1|Enpp2|Epb41l2|Etv1|Fos|G0s2|Glul|Hist1h1e|Junb|Kctd12|Luzp2|Mag|Mal|Mbp|Mfge8|Mobp|Mog|Mt1|Mt3|Nfkbia|Ntm|Plp1|Plpp3|Prdx6|Qk|S100b|Sat1|Sez6l2|Siglech|Slc1a2|Slc1a3|Slc38a2|Ttr|Tubb4a|Zeb2|mt-Co2|mt-Co3|mt-Nd4,,
multiGroupVI,mixed_d2_rf1.0,0,cisplatin,control_median,raw counts,11,80,0.22,0.1375,2.6666666666666665,5,6.0,256,0.0005495073722944,0.0018203854560852,3.3127589225769043,Apod|Apoe|Arap2|Arl4a|C1qc|Cdkn1a|Chst2|Cldn11|Clu|Ctsd|Ctss|Ctsz|Egr1|Enpp2|Epb41l2|Ermn|Etv1|Fos|Gatm|Glul|Grb14|Hist1h1e|Hmgb2|Junb|Kctd12|Luzp2|Mal|Mbp|Mobp|Mog|Mt3|Ndrg2|Nfkbia|Plp1|Plpp3|Ptgds|Qk|Sat1|Sez6l2|Siglech|Slc1a2|Slc1a3|Slc38a2|Tgfbr1|Tspan2|Ttr|Zeb2|mt-Co2|mt-Co3|mt-Nd4,,
multiGroupVI,mixed_d2_rf1.0,0,doxorubicin,zero,raw counts,6,80,0.12,0.075,2.6666666666666665,2,,256,0.0002651005384783,0.0009070038795471,3.421358108520508,Acsl6|Arpp21|Atp2b1|Brd9|Celf4|Cpne7|Dclk1|Dgkh|Dpp6|Epha5|Epha6|Gm10848|Gria1|Gria2|Grin2a|Grin2b|Grm5|Kcnq1ot1|Lrp1b|Lsamp|Meg3|Miat|Mir100hg|Myt1l|Ndrg4|Nrp1|Nrxn1|Nrxn3|Ntm|Ntng1|Opcml|Oxr1|Pcdh9|Pclo|Pcsk2|Pde10a|Plppr4|Ptprn|R3hdm1|Rian|Rims2|Ryr2|Scn2a|Snhg11|Snhg14|Sorbs2|Syne1|Syt1|Syt7|Zbtb20,4.0,
multiGroupVI,mixed_d2_rf1.0,0,doxorubicin,control_median,raw counts,6,80,0.12,0.075,2.6666666666666665,2,,256,0.0001351216497775,0.0005071759223937,3.75347638130188,Acsl6|Arpp21|Atp2b1|Brd9|Celf4|Chn1|Cpne7|Dclk1|Dgkh|Dock4|Dpp6|Epha5|Epha6|Gm26871|Gria1|Gria2|Grin2a|Grin2b|Grm5|Kcnq1ot1|Kcnt1|Lrfn5|Lrp1b|Lsamp|Meg3|Miat|Mir100hg|Myt1l|Nrp1|Nrxn3|Ntm|Ntng1|Opcml|Oxr1|Pcdh9|Pclo|Pcsk2|Pde10a|Peg3|Plppr4|Ptprn|Rian|Rims2|Scn2a|Snhg11|Snhg14|Sorbs2|Syne1|Syt1|Syt7,4.0,
multiGroupVI,mixed_d2_rf1.0,1,cisplatin,zero,raw counts,10,80,0.2,0.125,2.6666666666666665,4,6.0,256,0.0004761442930091,0.0026664733886718,5.600137233734131,Apod|Apoe|Arap2|Bc1|Bcl2a1b|C1qa|Cdkn1a|Chst2|Cnp|Ctsd|Ctsz|Dbndd2|Egr1|Enpp2|Epb41l2|Etv1|Fos|Gatm|Gjc3|Glul|Gstm5|Hist1h1e|Hmgb2|Junb|Kctd12|Laptm5|Mafb|Mag|Mal|Mbp|Mobp|Mt1|Mt3|Nfkbia|Olig1|Plp1|Qk|S100b|Sat1|Sez6l2|Slc1a3|Slc38a2|Sox2ot|Sparcl1|Ttr|Zbtb20|Zeb2|mt-Co2|mt-Co3|mt-Nd4,,
multiGroupVI,mixed_d2_rf1.0,1,cisplatin,control_median,raw counts,10,80,0.2,0.125,2.6666666666666665,5,5.0,256,0.0004184707511559,0.0018252730369567,4.361769676208496,Apoe|Arap2|Arl4a|Bc1|Bcl2a1b|Bsg|Cdkn1a|Chst2|Cnp|Ctsd|Ctsz|Dbndd2|Egr1|Enpp2|Epb41l2|Ermn|Fos|Glul|Grb14|Hmgb2|Junb|Laptm5|Mafb|Mag|Mal|Mbp|Mobp|Mt3|Mylip|Ndrg2|Nfkbia|Olig1|Pcdh9|Plp1|Plpp3|Ptgds|Qk|S100b|Sat1|Sez6l2|Slc1a3|Sparcl1|Ttr|Ttyh1|Tyrobp|Zbtb20|Zeb2|mt-Co2|mt-Co3|mt-Nd4,,
multiGroupVI,mixed_d2_rf1.0,1,doxorubicin,zero,raw counts,7,80,0.14,0.0875,2.6666666666666665,2,,256,0.0004107200922515,0.0012582093477249,3.063422918319702,Atp1b1|Atp2b1|Brd9|C1ql3|Cdr1os|Celf4|Chn1|Cttnbp2|Dclk1|Dlgap1|Dock4|Epha5|Gria1|Gria2|Grin2a|Grin2b|Grm5|Kcnq1ot1|Khdrbs3|Kif5a|Lrp1b|Lsamp|Ly6h|Meg3|Myt1l|Ndrg4|Nrcam|Nrp1|Nrxn1|Ntm|Olfm1|Opcml|Oxr1|Pcdh7|Pcdh9|Pcsk2|Peg3|Ptprd|R3hdm1|Rian|Rims2|Snhg11|Snhg14|Sorcs3|Syne1|Syt1|Syt7|Tmem108|Zbtb20|Zeb2,5.0,
multiGroupVI,mixed_d2_rf1.0,1,doxorubicin,control_median,raw counts,8,80,0.16,0.1,2.6666666666666665,2,,256,0.0001424480512849,0.0004749447107315,3.334160804748535,Arpp21|Atp1b1|Brd9|C1ql3|Cadps|Camk2b|Celf4|Chn1|Cttnbp2|Dclk1|Dmd|Dock4|Epha5|Gm26871|Gria1|Gria2|Grin2a|Grin2b|Grm5|Kcnq1ot1|Khdrbs3|Kif5a|Lrp1b|Lsamp|Meg3|Myt1l|Ndrg4|Nrcam|Nrp1|Nrxn1|Ntm|Ntng1|Olfm1|Opcml|Oxr1|Pcdh7|Pcdh9|Ppfia2|Ptprd|Rian|Rims2|Slc17a7|Snhg11|Sorcs3|Syne1|Syt7|Timp4|Tmem108|Zbtb20|Zeb2,6.0,
multiGroupVI,mixed_d2_rf1.0,2,cisplatin,zero,raw counts,11,80,0.22,0.1375,2.6666666666666665,5,6.0,256,0.0004156845840538,0.0023401379585266,5.6296000480651855,Apod|Apoe|Arap2|Arl4a|Atp1a2|Bc1|Ccnd1|Cdkn1a|Chst2|Cldn11|Csf1r|Ctsd|Ctsz|Enpp2|Epb41l2|Etv1|Fos|Gatm|Glul|Hist1h1e|Hmgb2|Junb|Kctd12|Klf2|Lhfpl3|Ly86|Mal|Mbp|Mki67|Mobp|Mog|Mt1|Mt3|Nfkbia|Ntm|Olig1|Plek|Plp1|Ptprd|Qk|S100b|Sat1|Siglech|Slc1a2|Sparcl1|Tspan2|Ttr|mt-Co2|mt-Co3|mt-Nd4,,
multiGroupVI,mixed_d2_rf1.0,2,cisplatin,control_median,raw counts,11,80,0.22,0.1375,2.6666666666666665,5,6.0,256,0.0003350361558778,0.0014650821685791,4.372907638549805,Apoe|Arap2|Arl4a|Bc1|C1qa|C1qc|Ccnd1|Cdkn1a|Chst2|Cldn11|Cnp|Csf1r|Ctsd|Ctss|Ctsz|Enpp2|Epb41l2|Etv1|Fos|Gatm|Glul|Hist1h1e|Hmgb2|Junb|Kctd12|Laptm5|Ly86|Mal|Mbp|Mki67|Mobp|Mog|Mt1|Mylip|Nfkbia|Ntm|Olig1|Plek|Plp1|Ptprd|Qk|Sat1|Slc1a2|Sparcl1|Tspan2|Tspan7|Ttr|mt-Co2|mt-Co3|mt-Nd4,,
multiGroupVI,mixed_d2_rf1.0,2,doxorubicin,zero,raw counts,6,80,0.12,0.075,2.6666666666666665,2,,256,0.0002040417978558,0.0006410926580429,3.141967296600342,Acsl6|Arpp21|Atp1b1|Atp2b1|Brd9|Camk2b|Cdr1os|Cpne7|Cttnbp2|Dclk1|Dgkh|Epha5|Epha6|Gm26871|Gria1|Gria2|Grin2b|Grm5|Hectd2|Kcnq1ot1|Lrp1b|Lsamp|Ly6h|Mef2c|Meg3|Miat|Ndrg4|Nrp1|Nrxn1|Nrxn3|Ntm|Ntng1|Olfm1|Opcml|Oxr1|Pcdh9|Pclo|Pde10a|Peg3|Ptprd|Ptprn|R3hdm1|Rims2|Snhg11|Snhg14|Syne1|Syt1|Trim9|Zbtb20|Zeb2,4.0,
multiGroupVI,mixed_d2_rf1.0,2,doxorubicin,control_median,raw counts,9,80,0.18,0.1125,2.6666666666666665,3,,256,0.0001146551496202,0.0003986358642578,3.476824760437012,Acsl6|Adcy1|Atp11b|Atp1b1|Atp2b1|Brd9|C1ql3|Camk2b|Cdr1os|Cpne7|Cttnbp2|Dclk1|Dgkh|Dmd|Dnm1|Epha5|Epha6|F730043M19Rik|Gm26871|Gria1|Gria2|Grin2b|Grm5|Hectd2|Hectd2os|Kcnq1ot1|Lrp1b|Mef2c|Meg3|Nrp1|Nrxn1|Nrxn3|Ntm|Ntng1|Olfm1|Opcml|Oxr1|Pde10a|Peg3|Ppfia2|Ptprd|Ptprn|Rims2|Snhg11|Sorcs3|Syne1|Syt1|Trim9|Zbtb20|Zeb2,6.0,
multiGroupVI,null,0,cisplatin,zero,raw counts,5,80,0.1,0.0625,2.6666666666666665,3,2.0,256,0.000518099364264,0.0014711022377014,2.839421033859253,Apod|Apoe|C1qa|Ccnd1|Cdkn1a|Cldn11|Ctsd|Ctss|Ctsz|Dbndd2|Egr1|Enpp2|Epb41l2|Ermn|Fabp7|Fos|Gatm|Glul|Grb14|Gstm5|Junb|Kctd12|Luzp2|Mafb|Mag|Mal|Mbp|Mfge8|Mt1|Mt2|Mt3|Ndrg2|Nfkbia|Plp1|Plpp3|Prdx6|Ptprz1|Qk|Slc1a3|Slc38a2|Sparcl1|Top2a|Tspan2|Ttr|Ttyh1|Tubb4a|Tyrobp|mt-Co2|mt-Co3|mt-Nd4,,
multiGroupVI,null,0,cisplatin,control_median,raw counts,5,80,0.1,0.0625,2.6666666666666665,3,2.0,256,0.000949323702902,0.0018393099308013,1.9374949932098389,Apod|Apoe|Bc1|Bsg|C1qa|C1qc|Ccnd1|Cdkn1a|Cldn11|Cnp|Ctsd|Ctsz|Egr1|Epb41l2|Ermn|Fos|Gatm|Glul|Grb14|Hmgb2|Junb|Kctd12|Laptm5|Mafb|Mag|Mal|Mbp|Mfge8|Mt1|Mt2|Mt3|Ndrg2|Nfkbia|Ntrk2|Plp1|Plxdc2|Ptgds|Qk|Sez6l2|Slc1a3|Slc38a2|Sparcl1|Tgfbr1|Ttr|Ttyh1|Tubb4a|Tyrobp|mt-Co2|mt-Co3|mt-Nd4,,
multiGroupVI,null,0,doxorubicin,zero,raw counts,3,80,0.06,0.0375,2.6666666666666665,1,,256,0.0004989470166574,0.0010052323341369,2.014707565307617,Arpp21|Atp2b1|Brd9|Camk2a|Cdr1os|Celf4|Chn1|Chrd|Cttnbp2|Dclk1|Dpp6|Epha5|Gm26871|Gria1|Gria2|Grin2a|Grin2b|Grm5|Hectd2|Kcnq1ot1|Lrfn5|Lrp1b|Ly6h|Meg3|Miat|Myt1l|Ndrg4|Nrxn1|Nrxn3|Ntm|Ntng1|Opcml|Pcdh9|Pclo|Pcsk2|Plppr4|Ptprn|R3hdm1|Rian|Rims2|Rtn1|Ryr2|Slc8a1|Snap25|Snhg11|Snhg14|Syne1|Syt1|Syt7|Zbtb20,2.0,
multiGroupVI,null,0,doxorubicin,control_median,raw counts,3,80,0.06,0.0375,2.6666666666666665,1,,256,0.0004229069012789,0.000796616077423,1.8836677074432373,Arpp21|Atp2b1|Brd9|Camk2b|Celf4|Chn1|Cttnbp2|Dclk1|Dpp6|Epha5|Gm26871|Gria1|Gria2|Grin2a|Grin2b|Grm5|Hectd2|Hectd2os|Kcnq1ot1|Kcnt1|Lrfn5|Lrp1b|Lsamp|Ly6h|Meg3|Miat|Ndrg4|Nrxn3|Ntm|Ntng1|Opcml|Pcdh9|Pclo|Pcsk2|Plppr4|Ptprn|R3hdm1|Rian|Rims2|Rnf112|Rtn1|Ryr2|Slc8a1|Snap25|Snhg11|Syne1|Syt1|Trank1|Trim9|Zbtb20,2.0,
multiGroupVI,null,1,cisplatin,zero,raw counts,4,80,0.08,0.05,2.6666666666666665,2,2.0,256,0.0007078805981974,0.0021359324455261,3.017362594604492,Apod|Apoe|Bc1|C1qa|C1qc|Ccl4|Ccnd1|Cdkn1a|Cldn11|Ctsd|Dbndd2|Egr1|Enpp2|Ermn|Etv1|Fabp7|Fos|Gatm|Glul|Gpr84|Gria2|Hmgb2|Junb|Kctd12|Ly6e|Mafb|Mag|Mal|Mbp|Mobp|Mt1|Mt3|Ndrg2|Nfkbia|Plp1|Plxdc2|Qk|Siglech|Slc1a3|Slc38a2|Sox2ot|Sparcl1|Ttr|Tubb4a|Tyrobp|Zbtb20|Zeb2|mt-Co2|mt-Co3|mt-Nd4,,
multiGroupVI,null,1,cisplatin,control_median,raw counts,4,80,0.08,0.05,2.6666666666666665,2,2.0,256,0.0010253973286841,0.0021673142910003,2.113633632659912,Apod|Apoe|B930036N10Rik|Bc1|Bsg|C1qa|C1qc|Ccnd1|Cdkn1a|Cldn11|Ctsd|Dbndd2|Egr1|Enpp2|Ermn|Fabp7|Fos|Glul|Gpr84|Gria2|Gstm5|Hmgb2|Junb|Kctd12|Ly6e|Mafb|Mag|Mal|Mbp|Mef2c|Mobp|Mt1|Mt3|Mylip|Ndrg2|Nfkbia|Pcdh9|Plek|Plp1|Ptgds|Qk|Slc1a3|Slc38a2|Sparcl1|Ttr|Tubb4a|Zbtb20|mt-Co2|mt-Co3|mt-Nd4,,
multiGroupVI,null,1,doxorubicin,zero,raw counts,2,80,0.04,0.025,2.6666666666666665,1,,256,0.0004257391476211,0.0007891803979873,1.853671193122864,Atp1b1|Atp2b1|Brd9|Brinp3|Cdr1os|Celf4|Chn1|Dclk1|Epha5|Erc2|Gm45159|Gria2|Grin2a|Grin2b|Grm5|Kcnq1ot1|Khdrbs3|Lrp1b|Lsamp|Ly6h|Mef2c|Meg3|Miat|Nrcam|Nrxn1|Nrxn3|Ntm|Ntng1|Opcml|Pcdh7|Pcdh9|Pclo|Pde10a|Peg3|Ptprd|Ptprn|R3hdm1|Rian|Rims2|Ryr2|Slc17a7|Slc8a1|Snap25|Snhg11|Snhg14|Syt1|Syt7|Trank1|Zbtb20|Zeb2,1.0,
multiGroupVI,null,1,doxorubicin,control_median,raw counts,1,80,0.02,0.0125,2.6666666666666665,0,,256,0.0003527026183475,0.000603437423706,1.7108957767486572,Arpp21|Atp1b1|Atp2b1|Brd9|Brinp3|Cadps|Cdr1os|Celf4|Chn1|Dclk1|Dnm1|Epha5|Erc2|Gm26871|Gm45159|Gria2|Grin2a|Grin2b|Grm5|Ildr2|Khdrbs3|Lrp1b|Lsamp|Ly6h|Mef2c|Meg3|Miat|Nrcam|Nrxn1|Nrxn3|Ntm|Ntng1|Opcml|Pcdh7|Pcdh9|Pde10a|Plppr4|Ptprd|R3hdm1|Rian|Rims2|Ryr2|Snap25|Snhg11|Snhg14|Syt1|Syt7|Trank1|Zbtb20|Zeb2,1.0,
multiGroupVI,null,2,cisplatin,zero,raw counts,5,80,0.1,0.0625,2.6666666666666665,3,2.0,256,0.0006098050003517,0.0018489956855773,3.03210973739624,Apoe|B930036N10Rik|Bc1|Bsg|C1qa|C1qc|Ccnd1|Cdkn1a|Cldn11|Cpe|Cspg5|Ctsd|Ctss|Dbndd2|Egr1|Enpp2|Ermn|Fos|Gatm|Glul|Hmgb2|Ier3|Junb|Kctd12|Klf2|Mag|Mal|Mobp|Mog|Mt1|Mt3|Nfkbia|Olig1|Pdgfra|Plp1|Qk|Rtn1|Sat1|Siglech|Slc1a2|Slc1a3|Slc38a2|Sparcl1|Ttr|Tubb4a|Zbtb20|Zeb2|mt-Co2|mt-Co3|mt-Nd4,,
multiGroupVI,null,2,cisplatin,control_median,raw counts,4,80,0.08,0.05,2.6666666666666665,2,2.0,256,0.0010157199963162,0.0020262226462364,1.9948633909225464,Apod|Apoe|Atp5g1|Bsg|C1qa|C1qc|Ccnd1|Cdkn1a|Cpe|Csf1r|Cspg5|Ctsd|Ctss|Egr1|Elmo1|Enpp2|Ermn|Fos|Glul|Gria2|Hmgb2|Ier3|Junb|Kctd12|Laptm5|Ly86|Mag|Mal|Mobp|Mog|Mt1|Mt3|Nfkbia|Ntm|Olig1|Pdgfra|Plek|Plp1|Ptprd|Qk|Slc1a3|Tspan7|Ttr|Ttyh1|Tubb4a|Zbtb20|Zeb2|mt-Co2|mt-Co3|mt-Nd4,,
multiGroupVI,null,2,doxorubicin,zero,raw counts,2,80,0.04,0.025,2.6666666666666665,1,,256,0.000441852851636,0.0008172690868377,1.8496408462524412,Atp11b|Atp1b1|Atp2b1|Brd9|Camk2b|Cdr1os|Celf4|Chn1|Cpne7|Cttnbp2|Dclk1|Dgkh|Dnm1|Epha5|Gm26871|Gria1|Gria2|Grin2b|Grm5|Hectd2|Hectd2os|Kcnq1ot1|Lrp1b|Lsamp|Ly6h|Meg3|Miat|Myt1l|Ndrg4|Nrxn1|Nrxn3|Ntm|Ntng1|Opcml|Pcsk2|Peg3|Ptprd|Ptprn|R3hdm1|Rian|Rims2|Rtn1|Ryr2|Snhg11|Snhg14|Syt1|Syt7|Trim9|Zbtb20|Zeb2,1.0,
multiGroupVI,null,2,doxorubicin,control_median,raw counts,2,80,0.04,0.025,2.6666666666666665,1,,256,0.0003590486955435,0.0006128549575805,1.7068853378295898,Arpp21|Atp11b|Atp1b1|Brd9|Camk2b|Celf4|Chn1|Cpne7|Cttnbp2|Dclk1|Dgkh|Dnm1|Epha5|Erc2|Fnbp1l|Gm26871|Gria1|Gria2|Grin2b|Grm5|Hectd2|Hectd2os|Kcnq1ot1|Lrp1b|Lsamp|Ly6h|Meg3|Ndrg4|Nfib|Nrcam|Nrxn3|Ntm|Ntng1|Opcml|Pclo|Pcsk2|Peg3|Ptprd|Ptprn|R3hdm1|Rian|Rims2|Rnf112|Snhg11|Snhg14|Syt1|Syt7|Trim9|Zbtb20|Zeb2,1.0,
multiGroupVI,shared_d1_rf1.0,0,cisplatin,zero,raw counts,5,80,0.1,0.0625,2.6666666666666665,4,1.0,256,0.0005081519512455,0.0019928216934204,3.9217042922973633,Apod|Apoe|C1qc|Ccnd1|Cdkn1a|Cldn11|Cnp|Ctsd|Ctss|Dbndd2|Egr1|Enpp2|Epb41l2|Ermn|Fos|Gatm|Glul|Grb14|Gstm5|Junb|Kctd12|Luzp2|Mag|Mal|Mbp|Mfge8|Mt1|Mt2|Mt3|Nfkbia|Nfkbiz|Plp1|Plpp3|Ptprz1|Qk|Sat1|Sez6l2|Slc1a2|Slc1a3|Slc38a2|Sparcl1|Top2a|Tspan2|Ttr|Ttyh1|Zeb2|Zfhx3|mt-Co2|mt-Co3|mt-Nd4,,
multiGroupVI,shared_d1_rf1.0,0,cisplatin,control_median,raw counts,5,80,0.1,0.0625,2.6666666666666665,4,1.0,256,0.0007096753377314,0.0018981397151947,2.674659252166748,Apod|Apoe|Bsg|Ccnd1|Cdkn1a|Cldn11|Cnp|Ctsd|Ctss|Dbndd2|Egr1|Elmo1|Enpp2|Epb41l2|Ermn|Fos|Gatm|Glul|Grb14|Gstm5|Junb|Kctd12|Klhl24|Luzp2|Mafb|Mal|Mbp|Mt1|Mt2|Mt3|Nfkbia|Plp1|Ptgds|Qk|Sat1|Sez6l2|Slc1a2|Slc1a3|Slc38a2|Sparcl1|Tgfbr1|Top2a|Tspan2|Ttr|Ttyh1|Tubb4a|Zfhx3|mt-Co2|mt-Co3|mt-Nd4,,
multiGroupVI,shared_d1_rf1.0,0,doxorubicin,zero,raw counts,4,80,0.08,0.05,2.6666666666666665,2,,256,0.0003619325882138,0.0008871555328369,2.451162338256836,Acsl6|Arpp21|Atp1b1|Atp2b1|Brd9|Camk2a|Cdr1os|Celf4|Chrd|Cttnbp2|Dclk1|Dgkh|Epha5|Epha6|Gm26871|Gria2|Grin2b|Grm5|Kcnq1ot1|Lrfn5|Lrp1b|Ly6h|Meg3|Miat|Mir100hg|Myt1l|Nrxn1|Nrxn3|Ntm|Ntng1|Opcml|Pcdh9|Pclo|Pcsk2|Peg3|Plppr4|Ptprd|Ptprn|R3hdm1|Rian|Rims2|Rnf112|Rtn1|Ryr2|Slc17a7|Snap25|Snhg11|Syne1|Syt1|Zbtb20,2.0,
multiGroupVI,shared_d1_rf1.0,0,doxorubicin,control_median,raw counts,4,80,0.08,0.05,2.6666666666666665,2,,256,0.0001718367293785,0.0004016160964965,2.337195873260498,Atp2b1|Brd9|Camk2b|Cdr1os|Celf4|Cpne7|Cttnbp2|Dclk1|Dgkh|Epha5|Epha6|Erc2|Gm26871|Gria2|Grin2b|Grm5|Hectd2os|Kcnn2|Kcnq1ot1|Kcnt1|Lrfn5|Lrp1b|Meg3|Mir100hg|Myt1l|Nrxn1|Nrxn3|Ntm|Ntng1|Opcml|Pcdh9|Pclo|Pcsk2|Peg3|Pex5l|Plppr4|Ptprn|Rian|Rims2|Rnf112|Rtn1|Ryr2|Snap25|Snhg11|Syne1|Syt1|Tfrc|Trim9|Zbtb20|Zeb2,2.0,
multiGroupVI,shared_d1_rf1.0,1,cisplatin,zero,raw counts,7,80,0.14,0.0875,2.6666666666666665,5,2.0,256,0.0004774773093697,0.0017827749252319,3.7337374687194815,Apod|Apoe|Bc1|Ccnd1|Cd83|Cdkn1a|Cldn11|Cnp|Cpe|Ctsd|Dbndd2|Egr1|Enpp2|Epb41l2|Ermn|Fos|Gatm|Glul|Grb14|Junb|Kctd12|Klf4|Mafb|Mal|Mbp|Mobp|Mog|Mt1|Mt3|Ndrg2|Nfkbia|Olig1|Pcdh9|Plp1|Plpp3|Qk|S100b|Sat1|Slc1a3|Slc38a2|Sox2ot|Sparcl1|Tspan7|Ttr|Tubb4a|Zbtb20|Zeb2|mt-Co2|mt-Co3|mt-Nd4,,
multiGroupVI,shared_d1_rf1.0,1,cisplatin,control_median,raw counts,7,80,0.14,0.0875,2.6666666666666665,5,2.0,256,0.001195403415225,0.0028013288974761,2.343417167663574,Apoe|Bc1|Bsg|Ccnd1|Cd83|Cdkn1a|Cldn11|Cnp|Cpe|Ctsd|Dbndd2|Egr1|Enpp2|Epb41l2|Ermn|Fos|Glul|Gria2|Junb|Kctd12|Klf4|Ly6e|Mafb|Mal|Mbp|Mobp|Mog|Mt1|Mt3|Mylip|Ndrg2|Nfkbia|Olig1|Pcdh9|Plek|Plp1|Plpp3|Ptgds|Qk|S100b|Sat1|Slc38a2|Sox2ot|Sparcl1|Ttr|Tubb4a|Zbtb20|mt-Co2|mt-Co3|mt-Nd4,,
multiGroupVI,shared_d1_rf1.0,1,doxorubicin,zero,raw counts,3,80,0.06,0.0375,2.6666666666666665,2,,256,0.0004161158442282,0.0008782744407653,2.11064887046814,Atp1b1|Atp2b1|Brd9|Cdr1os|Celf4|Chn1|Cttnbp2|Dclk1|Dgkg|Dlgap1|Dmd|Epha5|Epha6|Erc2|Gm45159|Gria2|Grin2a|Grin2b|Grm5|Ildr2|Kcnq1ot1|Lrp1b|Lsamp|Meg3|Mir100hg|Myt1l|Ndrg4|Nrcam|Nrxn1|Nrxn3|Ntm|Ntng1|Opcml|Pcdh7|Pcdh9|Pcsk2|Peg3|Plppr4|Ptprd|R3hdm1|Rims2|Rtn1|Ryr2|Snhg11|Snhg14|Sorbs2|Syt1|Syt7|Zbtb20|Zeb2,1.0,
multiGroupVI,shared_d1_rf1.0,1,doxorubicin,control_median,raw counts,3,80,0.06,0.0375,2.6666666666666665,2,,256,0.0002513329279325,0.0005111098289489,2.0335967540740967,Arpp21|Atp1b1|Atp2b1|Brd9|Brinp3|Chn1|Cttnbp2|Dclk1|Dgkg|Dmd|Dock4|Epha5|Epha6|Erc2|Gm45159|Gria2|Grin2a|Grin2b|Ildr2|Kcnq1ot1|Lrfn5|Lrp1b|Lsamp|Meg3|Ndrg4|Nrcam|Nrxn1|Nrxn3|Ntm|Ntng1|Opcml|Pcdh7|Pcdh9|Pcsk2|Pde10a|Plppr4|Ptprd|R3hdm1|Rims2|Rtn1|Ryr2|Slc17a7|Snap25|Snhg11|Snhg14|Sorbs2|Syt1|Syt7|Zbtb20|Zeb2,1.0,
multiGroupVI,shared_d1_rf1.0,2,cisplatin,zero,raw counts,8,80,0.16,0.1,2.6666666666666665,6,2.0,256,0.0005176435853129,0.0019654035568237,3.796827793121338,Apoe|Arl4a|Atf3|Bc1|C1qa|C1qc|Ccnd1|Cd83|Cdkn1a|Cldn11|Cnp|Csf1r|Cspg5|Ctsd|Egr1|Enpp2|Epb41l2|Fos|Gatm|Glul|Hmgb2|Ier3|Junb|Kctd12|Klf4|Laptm5|Mal|Mbp|Mobp|Mog|Mt1|Mt3|Ndrg2|Nfkbia|Ntm|Olig1|Pdgfra|Plp1|Qk|Sat1|Slc1a2|Slc1a3|Sparcl1|Tspan2|Ttr|Ttyh1|Zbtb20|mt-Co2|mt-Co3|mt-Nd4,,
multiGroupVI,shared_d1_rf1.0,2,cisplatin,control_median,raw counts,7,80,0.14,0.0875,2.6666666666666665,5,2.0,256,0.0006607931881846,0.001594603061676,2.4131650924682617,Apoe|C1qa|C1qc|Ccnd1|Cd83|Cdkn1a|Cnp|Csf1r|Cspg5|Ctsd|Ctss|Egr1|Enpp2|Epb41l2|Ermn|Fos|Glul|Grb14|Hmgb2|Junb|Kctd12|Klf4|Mal|Mbp|Mfge8|Mobp|Mog|Mt1|Mt3|Mylip|Ndrg2|Nfkbia|Ntm|Pdgfra|Plek|Plp1|Ptgds|Ptprz1|Qk|Sat1|Siglech|Slc1a2|Tspan2|Ttr|Ttyh1|Tubb4a|Zbtb20|mt-Co2|mt-Co3|mt-Nd4,,
multiGroupVI,shared_d1_rf1.0,2,doxorubicin,zero,raw counts,4,80,0.08,0.05,2.6666666666666665,3,,256,0.0003421632939346,0.000780701637268,2.2816638946533203,Adcy1|Atp1b1|Atp2b1|Brd9|Camk2a|Camk2b|Celf4|Chn1|Cnr1|Cpne7|Dclk1|Dlgap1|Dnm1|Epha5|Epha6|Epha7|Gm26871|Gria1|Gria2|Grin2b|Grm5|Hectd2|Kcnq1ot1|Lrp1b|Ly6h|Meg3|Miat|Myt1l|Ndrg4|Nptx1|Nrxn1|Nrxn3|Ntm|Ntng1|Opcml|Pclo|Pcsk2|Plppr4|Ptprd|Ptprn|R3hdm1|Rian|Rims2|Rtn1|Ryr2|Snhg11|Snhg14|Syt1|Tafa1|Zbtb20,1.0,
multiGroupVI,shared_d1_rf1.0,2,doxorubicin,control_median,raw counts,4,80,0.08,0.05,2.6666666666666665,3,,256,0.0002688473718735,0.0005802810192108,2.158403158187866,9530059O14Rik|Adcy1|Brd9|Camk2b|Celf4|Chn1|Cnr1|Cpne7|Dclk1|Dgkh|Dmd|Dnm1|Dock4|Epha5|Epha6|Epha7|Fnbp1l|Gm10115|Gm26871|Gria1|Gria2|Grin2b|Grm5|Hectd2|Kcnq1ot1|Lrfn5|Lrp1b|Meg3|Ndrg4|Nptx1|Ntm|Ntng1|Opcml|Pclo|Pcsk2|Pde10a|Plppr4|Ptprd|Ptprn|Rims2|Ryr2|Slc8a1|Snhg11|Snhg14|Sorbs2|Syt1|Tafa1|Trim9|Unc13c|Zbtb20,1.0,
multiGroupVI,shared_d2_rf1.0,0,cisplatin,zero,raw counts,5,80,0.1,0.0625,2.6666666666666665,4,1.0,256,0.0004502235752284,0.0020097494125366,4.463891983032227,Adrb2|Apoe|Atf3|C1qc|Ccnd1|Cdkn1a|Cldn11|Cnp|Ctsd|Egr1|Enpp2|Epb41l2|Fos|Gatm|Glul|Grb14|Gstm5|Hmgb2|Htra1|Junb|Kctd12|Klhl24|Luzp2|Mafb|Mag|Mal|Mbp|Mfge8|Mt1|Mt2|Mt3|Ndrg2|Nfkbia|Ntrk2|Plp1|Plpp3|Prdx6|Qk|Sat1|Sez6l2|Slc1a2|Slc1a3|Slc38a2|Sparcl1|Ttr|Ttyh1|Zeb2|mt-Co2|mt-Co3|mt-Nd4,,
multiGroupVI,shared_d2_rf1.0,0,cisplatin,control_median,raw counts,6,80,0.12,0.075,2.6666666666666665,5,1.0,256,0.0005884468829561,0.0017504692077636,2.9747276306152344,Apoe|Atf3|C1qc|Ccnd1|Cdkn1a|Cldn11|Cnp|Ctsd|Dbndd2|Egr1|Enpp2|Epb41l2|Ermn|Fos|Gatm|Glul|Grb14|Gstm5|Junb|Kctd12|Kif5a|Klhl24|Luzp2|Mafb|Mal|Mbp|Mfge8|Mt1|Mt3|Ndrg2|Nfkbia|Ntm|Ntrk2|Plp1|Plpp3|Ptgds|Qk|Sat1|Sez6l2|Slc1a2|Slc1a3|Sparcl1|Tgfbr1|Ttr|Ttyh1|Zeb2|Zfhx3|mt-Co2|mt-Co3|mt-Nd4,,
multiGroupVI,shared_d2_rf1.0,0,doxorubicin,zero,raw counts,6,80,0.12,0.075,2.6666666666666665,4,,256,0.0002631717288464,0.0006707310676574,2.5486440658569336,Adcy1|Atp1b1|Atp2b1|Brd9|Camk2a|Celf4|Cpne7|Dclk1|Dgkh|Dmd|Dock4|Epha5|Epha6|Epha7|Fnbp1l|Gm26871|Gria1|Gria2|Grin2b|Grm5|Kcnq1ot1|Kcnt1|Kif5a|Lrfn5|Lrp1b|Ly6h|Meg3|Miat|Mir100hg|Myt1l|Nrxn1|Nrxn3|Ntm|Opcml|Pcsk2|Pde10a|Peg3|Ppfia2|Ptprn|R3hdm1|Rims2|Rnf112|Ryr2|Snap25|Snhg11|Snhg14|Syt1|Syt7|Trim9|Zbtb20,2.0,
multiGroupVI,shared_d2_rf1.0,0,doxorubicin,control_median,raw counts,7,80,0.14,0.0875,2.6666666666666665,4,,256,0.0001819075532113,0.000490128993988,2.694385051727295,Adcy1|Arpp21|Atp1b1|Atp2b1|Brd9|Celf4|Cpne7|Dclk1|Dgkh|Dmd|Dock4|Epha5|Epha6|Epha7|Erc2|Fnbp1l|Gm26871|Gria1|Gria2|Grin2b|Grm5|Kcnq1ot1|Kcnt1|Kif5a|Lrfn5|Lrp1b|Ly6h|Meg3|Mir100hg|Myt1l|Nrxn1|Nrxn3|Ntm|Opcml|Pcsk2|Pde10a|Peg3|Ppfia2|Rims2|Rnf112|Ryr2|Snap25|Snhg11|Sorbs2|Syne1|Syt1|Syt7|Trim9|Unc13c|Zbtb20,3.0,
multiGroupVI,shared_d2_rf1.0,1,cisplatin,zero,raw counts,6,80,0.12,0.075,2.6666666666666665,4,2.0,256,0.0004805847972044,0.0021612644195556,4.49715518951416,Apod|Apoe|Aspa|Bc1|C1qa|C1qc|Ccnd1|Cdkn1a|Cldn11|Cnp|Cpe|Dbndd2|Egr1|Enpp2|Epb41l2|Ermn|Etv1|Fos|Gatm|Glul|Hmgb2|Junb|Kctd12|Mafb|Mal|Mbp|Mobp|Mog|Mt1|Mt3|Ndrg2|Nfkbia|Olig1|Plp1|Plpp3|Qk|S100b|Sat1|Sez6l2|Slc38a2|Sox2ot|Sparcl1|Ttr|Ttyh1|Tubb4a|Zbtb20|Zeb2|mt-Co2|mt-Co3|mt-Nd4,,
multiGroupVI,shared_d2_rf1.0,1,cisplatin,control_median,raw counts,6,80,0.12,0.075,2.6666666666666665,4,2.0,256,0.000510451315979,0.0016254186630249,3.1842775344848637,Apod|Apoe|Bc1|Bcl2a1b|Bsg|C1qa|C1qc|Ccnd1|Cdkn1a|Cldn11|Cnp|Ctsd|Dbndd2|Egr1|Enpp2|Epb41l2|Ermn|Fos|Gatm|Glul|Hmgb2|Junb|Laptm5|Mal|Mbp|Mobp|Mog|Mt1|Mt3|Mylip|Ndrg2|Nfkbia|Olig1|Pcdh9|Plp1|Plpp3|Ptgds|Qk|S100b|Sat1|Sez6l2|Slc38a2|Sparcl1|Ttr|Ttyh1|Zbtb20|Zeb2|mt-Co2|mt-Co3|mt-Nd4,,
multiGroupVI,shared_d2_rf1.0,1,doxorubicin,zero,raw counts,4,80,0.08,0.05,2.6666666666666665,3,,256,0.0004189034531682,0.0010038614273071,2.3964028358459477,Arpp21|Atp1b1|Atp2b1|Brd9|Cacna2d3|Cdr1os|Celf4|Chn1|Cttnbp2|Dclk1|Dlgap1|Epha5|Epha6|Fnbp1l|Gm26871|Gria1|Gria2|Grin2a|Grin2b|Grm5|Ildr2|Kcnq1ot1|Kif5a|Lrp1b|Lsamp|Ly6h|Meg3|Miat|Mir100hg|Myt1l|Nrcam|Nrxn1|Nrxn3|Ntm|Ntng1|Olfm1|Opcml|Pcdh7|Pcdh9|Pclo|Plppr4|Ptprd|R3hdm1|Rims2|Snhg11|Snhg14|Syt1|Syt7|Zbtb20|Zeb2,1.0,
multiGroupVI,shared_d2_rf1.0,1,doxorubicin,control_median,raw counts,5,80,0.1,0.0625,2.6666666666666665,4,,256,0.0001864823692352,0.0004779696464538,2.563082218170166,Adcy1|Arpp21|Atp1b1|Atp2b1|Brd9|Cacna2d3|Chn1|Chrd|Dclk1|Dmd|Dock4|Epha5|Epha6|Erc2|F730043M19Rik|Fnbp1l|Gm26871|Gria2|Grin2a|Grin2b|Grm5|Ildr2|Kcnq1ot1|Kif5a|Lrp1b|Lrtm1|Lsamp|Ly6h|Meg3|Miat|Mir100hg|Myt1l|Nrcam|Nrxn1|Nrxn3|Ntm|Ntng1|Opcml|Pcdh9|Pclo|Plppr4|Ptprd|R3hdm1|Rims2|Slc17a7|Snap25|Snhg11|Syt7|Zbtb20|Zeb2,1.0,
multiGroupVI,shared_d2_rf1.0,2,cisplatin,zero,raw counts,7,80,0.14,0.0875,2.6666666666666665,5,2.0,256,0.0004226053419075,0.0020917952060699,4.949760437011719,Apoe|Arl4a|Bc1|C1qa|C1qc|Ccl4|Ccnd1|Cdkn1a|Cnp|Cpe|Csf1r|Cspg5|Ctsd|Ctss|Dbndd2|Egr1|Epb41l2|Etv1|Fos|Gatm|Glul|Hmgb2|Junb|Kctd12|Laptm5|Ly86|Mal|Mbp|Mki67|Mobp|Mt1|Mt3|Ndrg2|Nfkbia|Olig1|Plp1|Ptgs1|Qk|S100b|Sat1|Siglech|Slc38a2|Sparcl1|Tspan2|Ttr|Zbtb20|Zeb2|mt-Co2|mt-Co3|mt-Nd4,,
multiGroupVI,shared_d2_rf1.0,2,cisplatin,control_median,raw counts,7,80,0.14,0.0875,2.6666666666666665,5,2.0,256,0.0005801393523095,0.0019731521606445,3.4011693000793457,Apoe|Arl4a|C1qa|C1qc|Ccl4|Ccnd1|Cdkn1a|Cldn11|Cnp|Cpe|Csf1r|Cspg5|Ctsd|Ctss|Egr1|Enpp2|Epb41l2|Fos|Gatm|Glul|Grb14|Hmgb2|Junb|Kctd12|Laptm5|Mafb|Mal|Mbp|Mki67|Mobp|Mog|Mt1|Mt3|Mylip|Ndrg2|Nfkbia|Ntm|Olig1|Plp1|Ptgs1|Qk|Sat1|Socs3|Sparcl1|Tspan2|Ttr|Zbtb20|mt-Co2|mt-Co3|mt-Nd4,,
multiGroupVI,shared_d2_rf1.0,2,doxorubicin,zero,raw counts,5,80,0.1,0.0625,2.6666666666666665,4,,256,0.0003765848798202,0.000917375087738,2.436038017272949,Acsl6|Adcy1|Atp1b1|Atp2b1|Brd9|Camk2b|Chn1|Cpne7|Dclk1|Dlgap1|Dmd|Dnm1|Epha5|Epha6|Epha7|Gria1|Gria2|Grin2b|Grm5|Hectd2|Hectd2os|Kcnq1ot1|Kif5a|Lrp1b|Ly6h|Meg3|Miat|Nrxn1|Nrxn3|Ntm|Ntng1|Opcml|Pcsk2|Pde10a|Plppr4|Ptprd|Ptprn|R3hdm1|Rian|Rims2|Rnf112|Ryr2|Slc17a7|Snhg11|Snhg14|Sorbs2|Syt1|Tafa1|Zbtb20|Zeb2,1.0,
multiGroupVI,shared_d2_rf1.0,2,doxorubicin,control_median,raw counts,5,80,0.1,0.0625,2.6666666666666665,4,,256,0.0001428492397676,0.0003626346588134,2.5385830402374268,Acsl6|Adcy1|Atp1b1|Brd9|Camk2b|Cpne7|Dclk1|Dgkh|Dmd|Dnm1|Dock4|Epha5|Epha6|Epha7|F730043M19Rik|Gm26871|Gm45159|Gria1|Gria2|Grin2b|Grm5|Hectd2|Hectd2os|Kcnq1ot1|Kif5a|Lrfn5|Lrp1b|Meg3|Nrxn1|Nrxn3|Ntm|Ntng1|Opcml|Pde10a|Plch2|Plppr4|Ptprd|Ptprn|Rian|Rims2|Rnf112|Ryr2|Slc17a7|Snhg11|Snhg14|Sorbs2|Spock3|Syt1|Tafa1|Zbtb20,1.0,
multiGroupVI,specific_d1_rf1.0,0,cisplatin,zero,raw counts,10,80,0.2,0.125,2.6666666666666665,3,7.0,256,0.0004821543399579,0.0017635226249694,3.6575894355773926,Apoe|Arap2|C1qa|Ccnd1|Cdkn1a|Chst2|Cldn11|Cnp|Ctsd|Ctss|Ctsz|Dbndd2|Egr1|Ermn|Etv1|Fos|Gatm|Glul|Hist1h1e|Hmgb2|Junb|Kctd12|Mag|Mal|Mbp|Mfge8|Mobp|Mt1|Mt2|Mt3|Ndrg2|Phlda1|Plp1|Plpp3|Prdx6|Qk|Sat1|Sez6l2|Slc1a2|Slc1a3|Slc38a2|Sparcl1|Tspan2|Tspan7|Ttr|Tyrobp|Zeb2|mt-Co2|mt-Co3|mt-Nd4,,
multiGroupVI,specific_d1_rf1.0,0,cisplatin,control_median,raw counts,8,80,0.16,0.1,2.6666666666666665,1,7.0,256,0.0008627164681267,0.0021168291568756,2.453678846359253,Apod|Apoe|Arap2|Atf3|C1qa|Cdkn1a|Chst2|Cldn11|Cnp|Csf1r|Ctsd|Ctss|Ctsz|Dbndd2|Egr1|Enpp2|Ermn|Etv1|Fos|Gatm|Gja1|Glul|Grb14|Gria2|Hist1h1e|Hmgb2|Kctd12|Luzp2|Mag|Mal|Mbp|Mobp|Mog|Ndrg2|Nfkbia|Phlda1|Plp1|Prdx6|Qk|Sez6l2|Slc1a2|Sparcl1|Tgfbr1|Tspan2|Ttr|Tyrobp|Zeb2|mt-Co2|mt-Co3|mt-Nd4,,
multiGroupVI,specific_d1_rf1.0,0,doxorubicin,zero,raw counts,6,80,0.12,0.075,2.6666666666666665,1,,256,0.0002957464180203,0.0007204413414001,2.436010360717773,Arpp21|Atp2b1|Brd9|Camk2a|Celf4|Cttnbp2|Dclk1|Dgkh|Dnm1|Dock4|Dpp6|Epha5|Gm26871|Gria1|Gria2|Grin2a|Grm5|Icam5|Kcnq1ot1|Lsamp|Ly6h|Meg3|Miat|Mir100hg|Myt1l|Nrcam|Nrp1|Nrxn1|Nrxn3|Ntm|Opcml|Oxr1|Pcdh9|Pclo|Ptprn|R3hdm1|Rasgrf1|Rian|Rims2|Rtn1|Ryr2|Slc8a1|Snhg11|Snhg14|Syne1|Syt1|Syt7|Trim9|Zbtb20|Zeb2,5.0,
multiGroupVI,specific_d1_rf1.0,0,doxorubicin,control_median,raw counts,6,80,0.12,0.075,2.6666666666666665,1,,256,0.0003385257360127,0.0007543563842773,2.228357553482056,Arpp21|Atp1a3|Atp2b1|Brd9|Celf4|Chn1|Dclk1|Dgkh|Dnm1|Dpp6|Epha5|Gm26871|Gria1|Gria2|Grin2a|Grm5|Icam5|Kcnq1ot1|Kcnt1|Lrp1b|Lsamp|Meg3|Miat|Mir100hg|Myt1l|Nrcam|Nrp1|Nrxn1|Nrxn3|Ntm|Opcml|Oxr1|Pcdh9|Pclo|Pde10a|Plppr4|Ptprd|Ptprn|Rasgrf1|Rian|Rims2|Rtn1|Snhg11|Snhg14|Syne1|Syt1|Syt7|Trim9|Zbtb20|Zeb2,5.0,
multiGroupVI,specific_d1_rf1.0,1,cisplatin,zero,raw counts,8,80,0.16,0.1,2.6666666666666665,1,7.0,256,0.0004946764044385,0.0019988417625427,4.040705680847168,Anln|Apod|Apoe|Arap2|Bc1|Bcan|C1qa|C1qc|Cdkn1a|Chst2|Cnp|Ctsd|Ctss|Ctsz|Dbndd2|Dock10|Egr1|Enpp2|Fos|Glul|Hist1h1e|Hmgb2|Kctd12|Ly6e|Mafb|Mag|Mal|Mbp|Mobp|Mog|Mt1|Mt3|Ndrg2|Phlda1|Plp1|Qk|S100b|Slc1a3|Slc38a2|Sox2ot|Sparcl1|Tspan7|Ttr|Tubb4a|Tyrobp|Zbtb20|Zeb2|mt-Co2|mt-Co3|mt-Nd4,,
multiGroupVI,specific_d1_rf1.0,1,cisplatin,control_median,raw counts,7,80,0.14,0.0875,2.6666666666666665,1,6.0,256,0.000706714742021,0.0018377602100372,2.6004271507263184,Anln|Apod|Apoe|Arap2|Bc1|C1qa|C1qc|Cdkn1a|Cldn11|Cnp|Ctsd|Ctsz|Dbndd2|Egr1|Enpp2|Ets1|Fos|Glul|Grb14|Gria2|Hmgb2|Kctd12|Ly6e|Mal|Mbp|Mobp|Mog|Mt1|Mylip|Ndrg2|Nfkbia|Olig1|Pcdh9|Phlda1|Plek|Plp1|Ptgds|Qk|S100b|Slc1a2|Slc1a3|Sparcl1|Syne1|Ttr|Ttyh1|Tubb4a|Zbtb20|mt-Co2|mt-Co3|mt-Nd4,,
multiGroupVI,specific_d1_rf1.0,1,doxorubicin,zero,raw counts,6,80,0.12,0.075,2.6666666666666665,1,,256,0.0004923176395131,0.0010283589363098,2.0888118743896484,Arpp21|Atp1b1|Atp2b1|Brd9|C1ql3|Cadps|Camk2a|Cdr1os|Chn1|Cttnbp2|Dclk1|Epha5|Erc2|Gm45159|Gria2|Grin2a|Grin2b|Grm5|Icam5|Kcnq1ot1|Lrfn5|Lrp1b|Lsamp|Ly6h|Meg3|Myt1l|Ndrg4|Nrcam|Nrp1|Nrxn1|Nrxn3|Ntm|Ntng1|Oxr1|Pcdh7|Pcdh9|Pclo|Peg3|Ptprd|R3hdm1|Rian|Rims2|Slc8a1|Snhg11|Snhg14|Syne1|Syt1|Syt7|Zbtb20|Zeb2,5.0,
multiGroupVI,specific_d1_rf1.0,1,doxorubicin,control_median,raw counts,6,80,0.12,0.075,2.6666666666666665,1,,256,0.0002821702929267,0.0006247162818908,2.2139689922332764,Arpp21|Atp1b1|Atp2b1|Brd9|C1ql3|Cadps|Cdr1os|Chn1|Cttnbp2|Dclk1|Dgkh|Epha5|Erc2|Gm45159|Gria2|Grin2a|Grin2b|Grm5|Icam5|Kcnq1ot1|Lrfn5|Lrp1b|Lrtm1|Lsamp|Meg3|Myt1l|Ndrg4|Nrp1|Nrxn1|Nrxn3|Ntm|Ntng1|Oxr1|Pcdh7|Pcdh9|Pclo|Ptprd|R3hdm1|Rian|Rims2|Scn2a|Slc17a7|Snap25|Snhg11|Snhg14|Syne1|Syt1|Syt7|Zbtb20|Zeb2,5.0,
multiGroupVI,specific_d1_rf1.0,2,cisplatin,zero,raw counts,9,80,0.18,0.1125,2.6666666666666665,2,7.0,256,0.0004440451190628,0.0016813874244689,3.786523818969727,Anln|Apoe|Arap2|Atp1a2|Bc1|Bsg|C1qa|C1qc|Cdkn1a|Cenpf|Chst2|Cldn11|Cnp|Ctsd|Ctss|Ctsz|Egr1|Ermn|Etv1|Fos|Gatm|Glul|Hist1h1e|Hmgb2|Junb|Kctd12|Laptm5|Ly86|Mbp|Mobp|Mog|Mt1|Mt3|Nfkbia|Ntm|Olig1|Phlda1|Plek|Plp1|Qk|Sat1|Slc1a2|Sparcl1|Tspan2|Tspan7|Ttr|Zeb2|mt-Co2|mt-Co3|mt-Nd4,,
multiGroupVI,specific_d1_rf1.0,2,cisplatin,control_median,raw counts,7,80,0.14,0.0875,2.6666666666666665,1,6.0,256,0.000708210489786,0.0017546117305755,2.4775285720825195,Apoe|Arap2|Atp1a2|Bsg|C1qa|C1qc|Cdkn1a|Cenpf|Cldn11|Clu|Cnp|Csf1r|Ctsd|Ctss|Ctsz|Egr1|Ermn|Etv1|Fos|Gatm|Glul|Gria2|Hist1h1e|Hmgb2|Junb|Laptm5|Ly86|Mbp|Mobp|Mog|Mt1|Nfkbia|Ntm|Olig1|Phlda1|Plp1|Plpp3|Ptgds|Ptprd|Qk|Slc1a2|Slc38a2|Tspan2|Tspan7|Ttr|Tubb4a|Tyrobp|mt-Co2|mt-Co3|mt-Nd4,,
multiGroupVI,specific_d1_rf1.0,2,doxorubicin,zero,raw counts,7,80,0.14,0.0875,2.6666666666666665,1,,256,0.0004421156373039,0.001009464263916,2.283258438110352,Acsl6|Arpp21|Atp1b1|Atp2b1|Brd9|Camk2a|Cpne7|Dclk1|Dgkh|Dlgap1|Dnm1|Epha5|F730043M19Rik|Fnbp1l|Gm26871|Gria1|Gria2|Grin2b|Grm5|Hectd2|Icam5|Kcnq1ot1|Lrp1b|Meg3|Miat|Nrp1|Nrxn1|Nrxn3|Ntm|Ntng1|Olfm1|Opcml|Oxr1|Pcsk2|Pde10a|Peg3|Ppfia2|Ptprd|Ptprn|R3hdm1|Rian|Rims2|Rnf112|Rtn1|Ryr2|Snhg11|Syne1|Syt1|Trim9|Zbtb20,6.0,
multiGroupVI,specific_d1_rf1.0,2,doxorubicin,control_median,raw counts,6,80,0.12,0.075,2.6666666666666665,0,,256,0.000262099265595,0.0005802512168884,2.213860511779785,Acsl6|Arpp21|Atp1b1|Atp2b1|Brd9|Camk2b|Celf4|Cpne7|Dclk1|Dgkh|Dnm1|Epha5|Epha7|F730043M19Rik|Fnbp1l|Gm10115|Gm26871|Gria2|Grin2b|Grm5|Hectd2|Icam5|Lrp1b|Lsamp|Meg3|Miat|Nrp1|Nrxn1|Nrxn3|Ntm|Ntng1|Olfm1|Opcml|Oxr1|Pcsk2|Pde10a|Peg3|Ppfia2|Ptprd|Ptprn|Rian|Rims2|Rnf112|Rtn1|Ryr2|Snhg11|Syne1|Syt1|Trim9|Zbtb20,6.0,
multiGroupVI,specific_d2_rf1.0,0,cisplatin,zero,raw counts,10,80,0.2,0.125,2.6666666666666665,3,7.0,256,0.0004106875005233,0.0018756389617919,4.567070960998535,Apod|Apoe|Arap2|Bsg|C1qa|Ccnd1|Cdkn1a|Chst2|Cldn11|Clu|Cnp|Cpe|Ctsd|Ctss|Ctsz|Dbndd2|Egr1|Ermn|Fos|Gatm|Glul|Hist1h1e|Junb|Kctd12|Mag|Mal|Mbp|Mobp|Mt1|Mt3|Ndrg2|Nfkbia|Ntm|Phlda1|Plp1|Plpp3|Ptprd|Qk|Sat1|Sez6l2|Slc1a2|Slc1a3|Slc38a2|Sparcl1|Tspan2|Ttr|Zeb2|mt-Co2|mt-Co3|mt-Nd4,,
multiGroupVI,specific_d2_rf1.0,0,cisplatin,control_median,raw counts,9,80,0.18,0.1125,2.6666666666666665,2,7.0,256,0.0005607754564784,0.0017988979816436,3.2078757286071777,Apod|Apoe|Arap2|C1qa|Cdkn1a|Chst2|Cldn11|Clu|Cnp|Cspg5|Ctsd|Ctss|Ctsz|Dbndd2|Egr1|Ermn|Fos|Gatm|Glul|Grb14|Gria2|Hist1h1e|Icam1|Junb|Kctd12|Mag|Mal|Mbp|Mobp|Mog|Mt3|Ndrg2|Nfkbia|Phlda1|Plp1|Plpp3|Ptgds|Qk|Sez6l2|Slc1a2|Slc38a2|Sparcl1|Tgfbr1|Tspan2|Ttr|Tyrobp|Zeb2|mt-Co2|mt-Co3|mt-Nd4,,
multiGroupVI,specific_d2_rf1.0,0,doxorubicin,zero,raw counts,9,80,0.18,0.1125,2.6666666666666665,1,,256,0.0003807908103618,0.0010895729064941,2.861342430114746,Atp2b1|Brd9|Camk2a|Celf4|Cttnbp2|Dclk1|Dgkh|Dnm1|Dpp6|Epha5|Gm26871|Gria1|Gria2|Grin2a|Grin2b|Grm5|Hectd2|Icam5|Kcnq1ot1|Lrp1b|Ly6h|Meg3|Miat|Mir100hg|Myt1l|Nrp1|Ntm|Ntng1|Opcml|Oxr1|Pcdh9|Pclo|Pcsk2|Plppr4|Ppfia2|Ptprn|R3hdm1|Rian|Rims2|Ryr2|Slc8a1|Slit2|Snap25|Snhg11|Snhg14|Sorcs3|Syne1|Syt1|Zbtb20|Zeb2,8.0,
multiGroupVI,specific_d2_rf1.0,0,doxorubicin,control_median,raw counts,9,80,0.18,0.1125,2.6666666666666665,1,,256,0.0002709711699115,0.0007599592208862,2.8045759201049805,Atp2b1|Brd9|Celf4|Chn1|Dclk1|Dnm1|Dpp6|Epha5|Gm26871|Gria1|Gria2|Grin2a|Grin2b|Grm5|Hectd2|Icam5|Kcnq1ot1|Kcnt1|Lsamp|Meg3|Miat|Mir100hg|Myt1l|Nrcam|Nrp1|Ntm|Ntng1|Opcml|Oxr1|Pcdh9|Pclo|Pcsk2|Plppr4|Ppfia2|Ptprn|R3hdm1|Rian|Rims2|Rnf112|Ryr2|Slc8a1|Slit2|Snhg11|Snhg14|Sorcs3|Syne1|Syt7|Trim9|Zbtb20|Zeb2,8.0,
multiGroupVI,specific_d2_rf1.0,1,cisplatin,zero,raw counts,9,80,0.18,0.1125,2.6666666666666665,2,7.0,256,0.0005141572914688,0.0025551319122314,4.969552993774414,Anln|Apod|Apoe|Arap2|Aspa|Bc1|Bcan|C1qa|Ccl4|Cdkn1a|Chst2|Cldn11|Cnp|Ctsd|Ctss|Ctsz|Dbndd2|Egr1|Enpp2|Etv1|Fos|Glul|Hist1h1e|Hmgb2|Junb|Kctd12|Mafb|Mal|Mbp|Mobp|Mog|Mt1|Mt3|Mylip|Olig1|Phlda1|Plp1|Qk|S100b|Sox2ot|Sparcl1|Tspan7|Ttr|Tubb4a|Tyrobp|Zbtb20|Zeb2|mt-Co2|mt-Co3|mt-Nd4,,
multiGroupVI,specific_d2_rf1.0,1,cisplatin,control_median,raw counts,10,80,0.2,0.125,2.6666666666666665,2,8.0,256,0.0006690422195668,0.002358078956604,3.524559259414673,Anln|Apod|Apoe|Arap2|Bc1|Bcan|Bsg|C1qa|C1qc|Cdkn1a|Chst2|Cldn11|Cnp|Csf1|Ctsd|Ctsz|Dbndd2|Egr1|Enpp2|Ermn|Ets1|Fos|Glul|Gria2|Hist1h1e|Hmgb2|Junb|Ly6e|Mag|Mal|Mbp|Mobp|Mog|Mt1|Mt3|Mylip|Ndrg2|Olig1|Pcdh9|Phlda1|Plp1|Qk|S100b|Sparcl1|Ttr|Tyrobp|Zbtb20|mt-Co2|mt-Co3|mt-Nd4,,
multiGroupVI,specific_d2_rf1.0,1,doxorubicin,zero,raw counts,8,80,0.16,0.1,2.6666666666666665,1,,256,0.0004724339108724,0.001102328300476,2.333296298980713,Arpp21|Atp1b1|Atp2b1|Brd9|Cadps|Camk2a|Cdr1os|Celf4|Chn1|Cttnbp2|Dclk1|Dgkh|Epha5|Gria2|Grin2a|Grin2b|Grm5|Icam5|Ildr2|Kcnq1ot1|Lrp1b|Ly6h|Meg3|Miat|Ndrg4|Nrp1|Nrxn1|Nrxn3|Ntm|Ntng1|Opcml|Oxr1|Pcdh7|Pcdh9|Pclo|Peg3|Ptprd|R3hdm1|Rian|Rims2|Slc8a1|Slit2|Snhg11|Snhg14|Sorcs3|Syne1|Syt1|Syt7|Zbtb20|Zeb2,7.0,
multiGroupVI,specific_d2_rf1.0,1,doxorubicin,control_median,raw counts,8,80,0.16,0.1,2.6666666666666665,1,,256,0.0001946494086469,0.0004670023918151,2.399197578430176,Arpp21|Atp1b1|Atp2b1|Brd9|Cadps|Cdr1os|Celf4|Chn1|Cttnbp2|Dclk1|Dgkh|Epha5|Gm26871|Gm45159|Gria2|Grin2a|Grin2b|Grm5|Icam5|Ildr2|Kcnq1ot1|Lrp1b|Lsamp|Meg3|Ndrg4|Nrp1|Nrxn1|Nrxn3|Ntm|Ntng1|Oxr1|Pcdh7|Pcdh9|Pclo|Peg3|Ptprd|R3hdm1|Rian|Rims2|Slc8a1|Slit2|Snhg11|Snhg14|Sorbs2|Sorcs3|Syne1|Syt1|Syt7|Zbtb20|Zeb2,7.0,
multiGroupVI,specific_d2_rf1.0,2,cisplatin,zero,raw counts,10,80,0.2,0.125,2.6666666666666665,2,8.0,256,0.0005022652109106,0.0025025010108947,4.982429504394531,Anln|Apoe|Arap2|Bc1|C1qc|Ccnd1|Cd68|Cdkn1a|Cenpf|Chst2|Cldn11|Cnp|Ctsd|Ctsz|Egr1|Etv1|Fos|G0s2|Gatm|Glul|Gstm5|Hist1h1e|Hmgb2|Junb|Laptm5|Ly86|Mag|Mbp|Mobp|Mog|Mt1|Ndrg2|Nfkbia|Ntm|Olig1|Phlda1|Plek|Plp1|Ptprz1|Qk|Sat1|Slc1a2|Sparcl1|Tspan7|Ttr|Tubb4a|Zeb2|mt-Co2|mt-Co3|mt-Nd4,,
multiGroupVI,specific_d2_rf1.0,2,cisplatin,control_median,raw counts,10,80,0.2,0.125,2.6666666666666665,1,9.0,256,0.0006442848736458,0.0021632313728332,3.357569694519043,Apod|Apoe|Arap2|Atp1a2|C1qc|Ccnd1|Cdkn1a|Cenpf|Chst2|Cldn11|Clu|Cnp|Csf1r|Ctsd|Ctsz|Dbndd2|Egr1|Ermn|Ets1|Etv1|Fos|G0s2|Gatm|Glul|Hist1h1e|Hmgb2|Junb|Laptm5|Ly86|Mbp|Mobp|Mog|Mt1|Nfkbia|Ntm|Olig1|Phlda1|Plek|Plp1|Ptgds|Qk|Slc1a2|Slc1a3|Sparcl1|Tspan2|Tspan7|Ttr|mt-Co2|mt-Co3|mt-Nd4,,
multiGroupVI,specific_d2_rf1.0,2,doxorubicin,zero,raw counts,8,80,0.16,0.1,2.6666666666666665,1,,256,0.000330564842693,0.0009235143661499,2.7937464714050293,Acsl6|Atp1b1|Atp2b1|Brd9|Cadps|Celf4|Cpne7|Cttnbp2|Dclk1|Dgkh|Dlgap1|Dnm1|Epha5|Gria1|Gria2|Grin2a|Grin2b|Grm5|Hectd2|Icam5|Kcnq1ot1|Khdrbs2|Lrp1b|Mef2c|Meg3|Miat|Ndrg4|Nrp1|Nrxn1|Nrxn3|Ntm|Ntng1|Olfm1|Opcml|Oxr1|Pcsk2|Pde10a|Peg3|Ppfia2|Ptprn|R3hdm1|Rims2|Rtn1|Ryr2|Snhg11|Sorcs3|Syne1|Syt1|Trim9|Zbtb20,7.0,
multiGroupVI,specific_d2_rf1.0,2,doxorubicin,control_median,raw counts,8,80,0.16,0.1,2.6666666666666665,1,,256,0.0001737760864644,0.0005299150943756,3.0494132041931152,Acsl6|Arpp21|Atp11b|Atp1b1|Atp2b1|Brd9|Cadps|Celf4|Cpne7|Dclk1|Dgkh|Dnm1|Epha5|Gm10115|Gria1|Gria2|Grin2b|Grm5|Hectd2|Hectd2os|Icam5|Ildr2|Kcnq1ot1|Lrp1b|Lsamp|Mef2c|Meg3|Nrp1|Nrxn1|Nrxn3|Ntm|Ntng1|Olfm1|Opcml|Oxr1|Pcsk2|Pde10a|Peg3|Ppfia2|Rims2|Rtn1|Ryr2|Snhg11|Sorbs2|Sorcs3|Syne1|Syt1|Trim9|Ttyh1|Zbtb20,7.0,
contrastiveVI,mixed_d1_rf1.0,0,cisplatin,zero,log1p counts,7,80,0.14,0.0875,2.6666666666666665,3,4.0,256,0.0020338401664048,0.0034541487693786,1.698338270187378,Apoe|Arap2|Atf3|Bc1|Bsg|Ctsd|Ctsz|Egr1|Enpp2|Fos|G530011O06Rik|Glul|Gpr183|Grb14|Gstm5|Hmgb2|Hopx|Htra1|Junb|Kctd12|Klf2|Klf4|Mbp|Mef2c|Msi2|Mt1|Mt2|Mt3|Neat1|Nfib|Nfkbia|Ntm|Olig1|Plek|Plp1|Ptgds|Qk|R3hdm1|Ramp1|Sat1|Slc1a2|Slc1a3|Slc38a2|Syne1|Tspan7|Tyrobp|Zbtb20|mt-Co2|mt-Co3|mt-Nd4,,GSE216146
contrastiveVI,mixed_d1_rf1.0,0,cisplatin,control_median,log1p counts,5,80,0.1,0.0625,2.6666666666666665,2,3.0,256,0.0007175004575401,0.002317190170288,3.2295312881469727,Akap13|Apoe|Arap2|Aspa|Atf3|Bc1|C030029H02Rik|C1qa|C1qc|Cnp|Ctsd|Ctss|Ctsz|Egr1|Enpp2|Etv1|Fos|Gatm|Grb14|Hmgb2|Htra1|Junb|Kctd12|Klhl24|Laptm5|Ly86|Mafb|Mbp|Mef2c|Msi2|Mt2|Mt3|Nfkbia|Olig1|Plp1|Ptgds|Sat1|Siglech|Slc1a2|Slc1a3|Slc38a2|Sparcl1|Ttr|Tubb2b|Tubb4a|Tyrobp|Zbtb20|mt-Co2|mt-Co3|mt-Nd4,,GSE216146
contrastiveVI,mixed_d1_rf1.0,1,cisplatin,zero,log1p counts,6,80,0.12,0.075,2.6666666666666665,2,4.0,256,0.0012369240866973,0.0037638247013092,3.0428905487060547,Apoe|Atp1a2|Bc1|Bcas1|Bsg|Ccl4|Cd68|Clu|Cpe|Ctsd|Ctsz|Dock10|Elmo1|Enpp2|Fos|G530011O06Rik|Glul|Gstm5|Junb|Kctd12|Klf2|Maf|Mafb|Mal|Mbp|Mertk|Mobp|Mt1|Mt3|Mylip|Ndrg1|Ndrg2|Nr4a1|Nrxn2|Plpp3|Ptgds|Qk|Siglech|Slc1a2|Slc38a2|Sox4|Tgfbr1|Tspan7|Ttr|Tyrobp|Zbtb20|Zeb2|mt-Co2|mt-Co3|mt-Nd4,,GSE216146
contrastiveVI,mixed_d1_rf1.0,1,cisplatin,control_median,log1p counts,9,80,0.18,0.1125,2.6666666666666665,5,4.0,256,0.0007250653579831,0.0025258064270019,3.4835569858551025,Apbb1ip|Apoe|Atp1a2|Atp2b1|Bc1|Bcas1|C030029H02Rik|C1qa|Cd68|Clu|Cpe|Csf1r|Ctsd|Ctss|Ctsz|Dcaf17|Egr1|Fos|G530011O06Rik|Glul|Gstm5|Junb|Kif5a|Klf2|Klhl24|Lrp1b|Mafb|Mal|Mbp|Mef2c|Mertk|Mobp|Mog|Mt1|Mt3|Nfkbia|Nr4a1|Nrxn2|Plp1|Plpp3|Sat1|Slc1a2|Slc38a2|Tspan7|Ttr|Tyrobp|Zbtb20|mt-Co2|mt-Co3|mt-Nd4,,GSE216146
contrastiveVI,mixed_d1_rf1.0,2,cisplatin,zero,log1p counts,6,80,0.12,0.075,2.6666666666666665,2,4.0,256,0.001405032700859,0.0031923949718475,2.2721142768859863,Apod|Apoe|Arap2|Atp2b1|Atp5g1|Bc1|Bsg|C1qa|Ccl4|Clu|Cnp|Cpe|Cspg5|Ctsd|Ctss|Ctsz|Cyth4|Daam2|Egr1|Fos|Gatm|Glul|Id2|Ier3|Klf4|Ly6e|Maf|Mbp|Mobp|Msi2|Mt1|Mt3|Nfkbia|Plp1|Plpp3|Ptgds|Ptprd|Qk|Rhoh|Sat1|Slc1a2|Slc38a2|Tppp3|Ttr|Tyrobp|Zbtb20|Zeb2|mt-Co2|mt-Co3|mt-Nd4,,GSE216146
contrastiveVI,mixed_d1_rf1.0,2,cisplatin,control_median,log1p counts,7,80,0.14,0.0875,2.6666666666666665,4,3.0,256,0.0008844266412779,0.003028392791748,3.424131155014038,Apoe|Arap2|Atp2b1|Atp5g1|Bc1|C1qa|C1qc|Ccl4|Cpe|Cspg5|Ctsd|Ctss|Cyth4|Dnm3|Egr1|Elmo1|Fos|Glul|Gstm5|Ier3|Junb|Kctd12|Kif5a|Klf4|Ly6e|Maf|Mbp|Mobp|Msi2|Mt1|Mt3|Nfkbia|Plp1|Prdx6|Ptgds|Ptprd|S100b|Sat1|Slc1a2|Slc1a3|Slc38a2|Sparcl1|Tmsb10|Tspan7|Ttr|Tyrobp|Zbtb20|mt-Co2|mt-Co3|mt-Nd4,,GSE216146
contrastiveVI,mixed_d1_rf1.0,0,doxorubicin,zero,log1p counts,2,80,0.04,0.025,2.6666666666666665,1,,256,0.001185243949294,0.0037977695465087,3.204209089279175,Atp1b1|Atp2b1|Bc1|Brd9|Cadps|Cdr1os|Chrd|Dclk1|Dmd|Dpp6|Epha5|Gria1|Gria2|Grin2a|Grin2b|Kcnq1ot1|Map1b|Meg3|Miat|Myt1l|Ndrg4|Nrxn1|Nrxn3|Ntm|Ntng1|Ntrk2|Opcml|Pcdh9|Pclo|Pcsk2|Plppr4|Ptgds|Ptprn|R3hdm1|Rian|Rims2|Rnf112|Rtn1|Slc17a7|Snap25|Snhg11|Snhg14|Stxbp5l|Syt1|Syt7|Trank1|Trim9|Ttr|Zbtb20|Zeb2,1.0,GSE271055
contrastiveVI,mixed_d1_rf1.0,0,doxorubicin,control_median,log1p counts,3,80,0.06,0.0375,2.6666666666666665,1,,256,0.0007995398482307,0.0030338764190673,3.794528007507324,Bc1|Brd9|C1ql3|Cadps|Cdr1os|Chrd|Cpe|Cpne7|Dclk1|Dmd|Dpp6|Epha5|Gpm6a|Gria1|Grin2a|Grin2b|Hectd2os|Kcnq1ot1|Lsamp|Meg3|Miat|Myt1l|Nfib|Nrxn1|Nrxn3|Ntm|Ntng1|Ntrk2|Opcml|Pcdh9|Pclo|Pcsk2|Ptgds|Ptprn|R3hdm1|Rian|Rims2|Rnf112|Rtn1|Slc17a7|Snap25|Snhg11|Stxbp5l|Syne1|Syt1|Syt7|Trank1|Trim9|Zbtb20|Zeb2,2.0,GSE271055
contrastiveVI,mixed_d1_rf1.0,1,doxorubicin,zero,log1p counts,2,80,0.04,0.025,2.6666666666666665,1,,256,0.0012886836193501,0.0037605166435241,2.918107032775879,Apoe|Arpp21|Atp1b1|Atp2b1|Bc1|Brd9|Brinp3|C1ql3|Camk2b|Cdr1os|Celf4|Chn1|Cttnbp2|Dclk1|Dlgap1|Epha5|Erc2|Gm26871|Gria2|Grin2a|Grin2b|Grm5|Hectd2os|Kcnq1ot1|Lrfn5|Lrp1b|Ly6h|Map1b|Meg3|Myt1l|Ndrg4|Nfib|Nrcam|Nrxn1|Nrxn3|Opcml|Pcdh9|Plk2|Plppr4|R3hdm1|Rian|Rims2|Rnf112|Rtn1|Snhg11|Sorbs2|Syt1|Ttr|Zbtb20|Zeb2,1.0,GSE271055
contrastiveVI,mixed_d1_rf1.0,1,doxorubicin,control_median,log1p counts,3,80,0.06,0.0375,2.6666666666666665,1,,256,0.0024595377035439,0.003678560256958,1.4956307411193848,Apoe|Arpp21|Atp1b1|Atp2b1|Bc1|Brd9|Brinp3|C1ql3|Cadps|Cdr1os|Celf4|Chn1|Cpne7|Dclk1|Epha5|Erc2|Gm26871|Grin2a|Hap1|Kcnq1ot1|Lrfn5|Lrp1b|Lsamp|Map1b|Meg3|Myt1l|Ndrg4|Nfib|Nrcam|Nrgn|Ntng1|Pcdh9|Pex5l|Plk2|Plp1|Plppr4|Ptgds|R3hdm1|Rian|Rims2|Rtn1|Ryr2|Snhg11|Sparcl1|Syne1|Syt1|Trank1|Unc13b|Zbtb20|Zeb2,2.0,GSE271055
contrastiveVI,mixed_d1_rf1.0,2,doxorubicin,zero,log1p counts,1,80,0.02,0.0125,2.6666666666666665,0,,256,0.0009646397666074,0.0031142234802246,3.228379726409912,Atp1a3|Atp1b1|Atp2b1|Bc1|Brd9|C1ql3|Camk2a|Celf4|Cttnbp2|Dclk1|Dlgap1|Epha4|Epha5|Erc2|Gria1|Gria2|Grin2a|Grm5|Hectd2os|Lrp1b|Lsamp|Ly6h|Map1b|Meg3|Miat|Ndrg4|Nfib|Nrcam|Nrxn1|Ntm|Ntng1|Ociad2|Olfm1|Opcml|Pcsk2|Pde10a|Ptprd|Ptprn|R3hdm1|Rims2|Rtn1|Snap25|Snhg11|Snhg14|Sorbs2|Sptbn1|Syt1|Syt7|Ttr|Ttyh1,1.0,GSE271055
contrastiveVI,mixed_d1_rf1.0,2,doxorubicin,control_median,log1p counts,3,80,0.06,0.0375,2.6666666666666665,0,,256,0.0013112338492646,0.0026259422302246,2.0026497840881348,Atp2b1|Bc1|Brd9|C1ql3|Cadps|Camk2a|Celf4|Cpe|Cpne7|Dclk1|Dmd|Dnm1|Dock4|Epha4|Epha5|Erc2|Gabrb1|Gria1|Grin2a|Grm5|Hectd2os|Kcnt1|Lsamp|Meg3|Mt1|Myt1l|Ndrg4|Nfib|Nrcam|Nrgn|Nrxn1|Nrxn3|Ntm|Ntng1|Olfm1|Opcml|Pde10a|Ppfia2|Ptprd|Ptprn|Rims2|Rtn1|Snap25|Snhg11|Sorbs2|Sparcl1|Sptbn1|Syne1|Syt7|Ttyh1,3.0,GSE271055
contrastiveVI,mixed_d2_rf1.0,0,cisplatin,zero,log1p counts,6,80,0.12,0.075,2.6666666666666665,2,4.0,256,0.0012817649403586,0.0041052103042602,3.2027792930603027,Apoe|Arap2|Aspa|Atf3|Atp1a2|Bc1|Bin2|Brd9|Bsg|Cnp|Ctsd|Dcaf17|Fabp7|Fos|Gatm|Glul|Hist1h1e|Hopx|Htra1|Junb|Kctd12|Mafb|Mbp|Mobp|Mt1|Mt2|Mt3|Neat1|Nfib|Nfkbia|Olig1|Plek|Plp1|Plxdc2|Ptgds|Qk|Rgs2|S100b|Siglech|Slc1a2|Slc38a2|Syne1|Tspan7|Ttr|Tyrobp|Zbtb20|Zeb2|mt-Co2|mt-Co3|mt-Nd4,,GSE216146
contrastiveVI,mixed_d2_rf1.0,0,cisplatin,control_median,log1p counts,8,80,0.16,0.1,2.6666666666666665,4,4.0,256,0.0006780738476663,0.0028359293937683,4.182331085205078,Akap13|Apoe|Arap2|Atf3|Bc1|Brd9|Bsg|C030029H02Rik|C1qa|C1qc|Cd68|Cnp|Ctsd|Ctss|Ctsz|Dcaf17|Egr1|Enpp2|Epb41l2|Etv1|Fos|Junb|Kctd12|Laptm5|Mafb|Mbp|Mfge8|Mobp|Mt3|Ndrg1|Nfkbia|Pcdh9|Plp1|Plxdc2|Ptgds|Rgs2|Sat1|Siglech|Slc1a2|Slc1a3|Tmsb10|Tppp3|Tspan7|Ttr|Tubb4a|Tyrobp|Zfhx3|mt-Co2|mt-Co3|mt-Nd4,,GSE216146
contrastiveVI,mixed_d2_rf1.0,1,cisplatin,zero,log1p counts,8,80,0.16,0.1,2.6666666666666665,5,3.0,256,0.0008977251127362,0.0044949054718017,5.00699520111084,Anln|Apoe|Bc1|Bcas1|C1qc|Ccl4|Cd68|Cd83|Cebpa|Ctsd|Ctss|Dbndd2|Dcaf17|Egr1|Enpp2|Epb41l2|Fos|G530011O06Rik|Glul|Gstm5|Junb|Kif5a|Klf2|Mafb|Mal|Mbp|Mef2c|Mobp|Mog|Mt1|Mt3|Nfkbia|Nr4a1|Olig1|Pcdh9|Plp1|Plpp3|Prox1|Ptgds|Ptgs1|Qk|Slc38a2|Tmsb10|Tspan7|Tyrobp|Zbtb20|Zeb2|mt-Co2|mt-Co3|mt-Nd4,,GSE216146
contrastiveVI,mixed_d2_rf1.0,1,cisplatin,control_median,log1p counts,9,80,0.18,0.1125,2.6666666666666665,6,3.0,256,0.0006868574419058,0.0032675266265869,4.757212162017822,Anln|Apod|Apoe|Bc1|C1qc|Ccl4|Clu|Cnp|Cpe|Ctsd|Ctss|Ctsz|Daam2|Dbndd2|Dcaf17|Dnm3|Egr1|Enpp2|Epb41l2|Fos|Glul|Gstm5|Junb|Kif5a|Klf2|Mafb|Mal|Mbp|Mef2c|Mobp|Mog|Mt1|Mt3|Ndrg1|Ndrg2|Nfkbia|Nr4a1|Olig1|Pcdh9|Plp1|Plpp3|Plxdc2|Ptgds|Sat1|Slc38a2|Slc6a6|Tmsb10|Tspan7|Ttr|Tyrobp,,GSE216146
contrastiveVI,mixed_d2_rf1.0,2,cisplatin,zero,log1p counts,7,80,0.14,0.0875,2.6666666666666665,3,4.0,256,0.0008231461397372,0.0038299560546875,4.652826309204102,Apoe|Arap2|Atp1a2|Bc1|Bsg|C1qa|C1qc|Ccl4|Cnp|Cpe|Ctsd|Ctss|Dbndd2|Egr1|Ets1|Fos|Gatm|Glul|Grb14|Gstm5|Hmgb2|Junb|Ly6e|Maf|Mal|Mbp|Meg3|Mobp|Mog|Mt1|Mt3|Plp1|Plpp3|Plxdc2|Ptgds|Ptprd|Qk|Rhoh|S100b|Sat1|Sptbn1|Tspan2|Ttr|Tubb4a|Tyrobp|Zbtb20|Zeb2|mt-Co2|mt-Co3|mt-Nd4,,GSE216146
contrastiveVI,mixed_d2_rf1.0,2,cisplatin,control_median,log1p counts,6,80,0.12,0.075,2.6666666666666665,2,4.0,256,0.0006357376114465,0.0029988288879394,4.717085838317871,Apoe|Arap2|Atp1a2|Bc1|C1qa|C1qc|Ccl4|Clu|Cpe|Ctsd|Ctss|Dbndd2|Egr1|Elmo1|Eprs|Etv1|Fos|Glul|Gstm5|Hist1h1e|Ier3|Junb|Kctd12|Klhl24|Ly6e|Maf|Mafb|Meg3|Mobp|Mog|Mt1|Mt3|Plp1|Plpp3|Plxdc2|Prdx6|Ptgds|S100b|Sat1|Slc1a3|Slc6a1|Sparcl1|Srgap2|Ttr|Tubb4a|Tyrobp|Zbtb20|Zfhx3|mt-Co2|mt-Nd4,,GSE216146
contrastiveVI,mixed_d2_rf1.0,0,doxorubicin,zero,log1p counts,3,80,0.06,0.0375,2.6666666666666665,1,,256,0.0009227356640622,0.0034688562154769,3.759317398071289,Apoe|Arpp21|Atp1b1|Bc1|Brd9|Cadps|Camk2b|Cdr1os|Dclk1|Dmd|Dpp6|Epha5|Gria1|Gria2|Grin2a|Grin2b|Grm5|Kcnq1ot1|Lrp1b|Meg3|Miat|Myt1l|Ndrg4|Nrp1|Nrxn1|Nrxn3|Ntm|Ntng1|Opcml|Pcsk2|Pde10a|Ptgds|Ptprd|Ptprn|Ptprz1|R3hdm1|Rian|Rims2|Rnf112|Snap25|Snhg11|Snhg14|Stxbp5l|Syt1|Syt7|Tmem108|Ttr|Ttyh1|Zbtb20|Zeb2,2.0,GSE271055
contrastiveVI,mixed_d2_rf1.0,0,doxorubicin,control_median,log1p counts,4,80,0.08,0.05,2.6666666666666665,1,,256,0.0006885835318826,0.002939224243164,4.268507957458496,Arpp21|Atp1a3|Bc1|Brd9|Cadps|Camk2b|Cdr1os|Dclk1|Dmd|Dpp6|Epha5|Epha7|Gria1|Grin2a|Grin2b|Kcnq1ot1|Lrp1b|Lsamp|Meg3|Miat|Myt1l|Ndrg4|Nrxn1|Nrxn3|Ntm|Ntng1|Opcml|Oxr1|Pcdh9|Pclo|Pde10a|Plp1|Ptgds|Ptprn|R3hdm1|Rian|Rims2|Rnf112|Slc17a7|Slc38a2|Snap25|Snhg11|Snhg14|Stxbp5l|Syne1|Syt7|Tmem108|Trim9|Zbtb20|Zeb2,3.0,GSE271055
contrastiveVI,mixed_d2_rf1.0,1,doxorubicin,zero,log1p counts,3,80,0.06,0.0375,2.6666666666666665,1,,256,0.0015394885558634,0.0039960741996765,2.5957155227661133,Apoe|Arpp21|Atp2b1|Bc1|Brd9|Brinp3|C1ql3|Camk2b|Cdr1os|Celf4|Cttnbp2|Dclk1|Dlgap1|Epha5|Erc2|Gm45159|Gria1|Gria2|Grin2a|Grin2b|Grm5|Kcnq1ot1|Lrp1b|Lsamp|Ly6h|Map1b|Meg3|Miat|Ndrg4|Nfib|Nrcam|Nrp1|Nrxn1|Nrxn3|Pcdh9|Pde10a|Peg3|Ptprd|R3hdm1|Rian|Rims2|Rtn1|Snhg11|Snhg14|Sorbs2|Syt1|Trank1|Ttr|Zbtb20|Zeb2,2.0,GSE271055
contrastiveVI,mixed_d2_rf1.0,1,doxorubicin,control_median,log1p counts,3,80,0.06,0.0375,2.6666666666666665,1,,256,0.001859015203081,0.0031685829162597,1.7044416666030884,Arpp21|Atp1a3|Atp2b1|Brd9|C1ql3|Cadps|Camk2b|Cttnbp2|Dock4|Dpp6|Epha5|Erc2|Gm3764|Gm45159|Gpm6a|Gria2|Grin2a|Kcnq1ot1|Lrp1b|Lsamp|Ly6h|Mef2c|Meg3|Miat|Myt1l|Ndrg4|Nrxn3|Ntm|Ntng1|Olfm1|Pcdh9|Pex5l|Plk2|Ptgds|Ptprd|R3hdm1|Rian|Rims2|Rtn1|Snhg11|Sorbs2|Sptbn1|Syne1|Syt1|Tmem108|Trank1|Trim9|Ttr|Zbtb20|Zeb2,2.0,GSE271055
contrastiveVI,mixed_d2_rf1.0,2,doxorubicin,zero,log1p counts,1,80,0.02,0.0125,2.6666666666666665,0,,256,0.0010970174334943,0.0038988590240478,3.554053783416748,Atp11b|Atp2b1|Bc1|C1ql3|Caly|Camk2b|Cdr1os|Celf4|Cttnbp2|Dclk1|Dlgap1|Epha5|Erc2|Gria1|Gria2|Grin2a|Grm5|Hectd2os|Lrp1b|Lsamp|Ly6h|Map1b|Meg3|Myt1l|Ndrg4|Nrcam|Nrxn1|Nrxn3|Ntm|Ntng1|Ociad2|Olfm1|Opcml|Pcsk2|Pde10a|Ptgds|Ptprd|Ptprn|R3hdm1|Rian|Rims2|Rtn1|Ryr2|Snap25|Snhg11|Snhg14|Sorbs2|Sptbn1|Syt1|Syt7,1.0,GSE271055
contrastiveVI,mixed_d2_rf1.0,2,doxorubicin,control_median,log1p counts,4,80,0.08,0.05,2.6666666666666665,1,,256,0.0010962993837893,0.0026756525039672,2.440622091293335,Atp2b1|Bc1|C1ql3|Camk2b|Cdr1os|Celf4|Cpe|Cttnbp2|Dclk1|Dnm1|Epha5|Erc2|F730043M19Rik|Gm26871|Grin2a|Grm5|Hectd2os|Kcnq1ot1|Lrp1b|Lsamp|Map1b|Meg3|Ndrg4|Nfib|Nrcam|Nrp1|Nrxn1|Nrxn3|Ntm|Ntng1|Olfm1|Opcml|Pcsk2|Pde10a|Plp1|Ptgds|Ptprd|Ptprn|R3hdm1|Rims2|Ryr2|Snap25|Snhg11|Sorbs2|Sptbn1|Stxbp5l|Syne1|Syt7|Tafa1|Tmem108,3.0,GSE271055
contrastiveVI,null,0,cisplatin,zero,log1p counts,2,80,0.04,0.025,2.6666666666666665,2,0.0,256,0.0021198804024606,0.0046230554580688,2.180809497833252,Anln|Apoe|Appl2|Atf3|Bc1|Bsg|C030029H02Rik|Ctsd|Dock4|Egr1|Enpp2|Glul|Gria2|Gstm5|Hmgb2|Junb|Kctd12|Mbp|Mef2c|Mir100hg|Msi2|Mt1|Mt3|Ndrg2|Neat1|Ntm|Olig1|Olig2|Pcdh9|Plp1|Plpp3|Prox1|Ptgds|Qk|R3hdm1|Ramp1|S100b|Sat1|Slc1a3|Slc38a2|Syne1|Tppp3|Ttr|Ttyh1|Tyrobp|Zbtb20|Zeb2|mt-Co2|mt-Co3|mt-Nd4,,GSE216146
contrastiveVI,null,0,cisplatin,control_median,log1p counts,5,80,0.1,0.0625,2.6666666666666665,3,2.0,256,0.0012182844802737,0.0023922324180603,1.9636074304580688,Akap13|Apod|Apoe|Aspa|Atf3|Bc1|C1qa|C1qc|Cd33|Cnp|Csf1r|Ctsd|Ctss|Egr1|Enpp2|Etv1|Fos|Hmgb2|Htra1|Itgb2|Junb|Kctd12|Klf2|Laptm5|Ly86|Mafb|Mal|Mbp|Mef2c|Mertk|Mobp|Mt1|Mt2|Mt3|Nr4a1|Pcdh9|Plek|Plpp3|Rgs2|Sat1|Siglech|Slc1a3|Slc38a2|Sox2ot|Tgfbr1|Tyrobp|Zfp536|mt-Co2|mt-Co3|mt-Nd4,,GSE216146
contrastiveVI,null,1,cisplatin,zero,log1p counts,6,80,0.12,0.075,2.6666666666666665,4,2.0,256,0.0016510568093508,0.0037725567817687,2.2849345207214355,Apoe|Bc1|Bcas1|Bsg|C1qa|Cdkn1a|Clu|Cnp|Ctsd|Ctsz|Dnajb1|Egr1|Elmo1|Epb41l2|Fos|Gatm|Glul|Grb14|Il1a|Junb|Klf2|Mafb|Mal|Mbp|Mdh1|Mog|Mt1|Mt3|Mylip|Ncf2|Nfkbia|Nr4a1|Qk|Rhoh|Sat1|Siglech|Slc1a2|Slc38a2|Slc6a6|Srgap2|Tmsb10|Tspan7|Ttr|Tubb4a|Tyrobp|Zbtb20|Zeb2|mt-Co2|mt-Co3|mt-Nd4,,GSE216146
contrastiveVI,null,1,cisplatin,control_median,log1p counts,3,80,0.06,0.0375,2.6666666666666665,2,1.0,256,0.0009062030585482,0.0023438930511474,2.586498737335205,Apod|Apoe|Bc1|Bcas1|C1qa|Ccl4|Clu|Csf1r|Cspg5|Ctsd|Egr1|Elmo1|Enpp2|Exoc6b|Fos|Gatm|Glul|Grb14|Gstm5|Klf2|Ly6e|Ly86|Mafb|Mal|Man1a|Mbp|Mdh1|Mog|Mt1|Mt3|Ndrg2|Neat1|Nfkbia|Nr4a1|Pcdh9|Plpp3|Ppp1r15a|Ptgds|Sat1|Slc1a2|Slc38a2|Slc6a6|Sox2ot|Tspan7|Ttr|Tyrobp|Zbtb20|Zeb2|mt-Co2|mt-Nd4,,GSE216146
contrastiveVI,null,2,cisplatin,zero,log1p counts,5,80,0.1,0.0625,2.6666666666666665,1,4.0,256,0.0015319254016503,0.0042186975479125,2.7538530826568604,Apoe|Arap2|Atp1a2|Atp2b1|Atp5g1|Bc1|Brd9|Bsg|C1qa|C1qc|Ccl4|Csf1r|Ctsd|Ctsz|Daam2|Dbndd2|Egr1|Elmo1|Enpp2|Fos|Gatm|Glul|Gstm5|Hspa1a|Id2|Klf2|Maf|Mafb|Mef2c|Mobp|Msi2|Mt1|Mt3|Olig1|Plp1|Plxdc2|Ptgds|Ptprd|Qk|Rhoh|Sat1|Slc38a2|Sparcl1|Ttr|Tubb4a|Zbtb20|Zeb2|mt-Co2|mt-Co3|mt-Nd4,,GSE216146
contrastiveVI,null,2,cisplatin,control_median,log1p counts,7,80,0.14,0.0875,2.6666666666666665,3,4.0,256,0.0007879612967371,0.0022222399711608,2.820240020751953,Apoe|Arap2|Atp1a2|Atp5g1|Bc1|Bsg|C1qa|C1qc|Ccl4|Cpe|Csf1r|Ctsd|Ctsz|Dcaf17|Egr1|Elmo1|Enpp2|Etv1|Fos|Gatm|Glul|Gstm5|Hmgb2|Hspa1a|Junb|Klf2|Ly86|Maf|Mafb|Mbp|Mef2c|Meg3|Mobp|Mt1|Mt3|Nfkbia|Pex5l|Plp1|Plxdc2|Ptgds|Ptprd|R3hdm1|Rhoh|Sat1|Slc1a3|Sptbn1|Tmsb10|Ttr|Tyrobp|mt-Co2,,GSE216146
contrastiveVI,null,0,doxorubicin,zero,log1p counts,2,80,0.04,0.025,2.6666666666666665,1,,256,0.0011039465898647,0.0038772821426391,3.512200832366944,Arpp21|Atp1a3|Atp1b1|Atp2b1|Bc1|Brd9|Cadps|Cdr1os|Chrd|Cttnbp2|Dclk1|Dpp6|Epha5|Gria1|Gria2|Grin2a|Grin2b|Kcnq1ot1|Lrfn5|Lrp1b|Meg3|Miat|Myt1l|Ndrg4|Nrxn1|Nrxn3|Ntm|Ntng1|Ntrk2|Opcml|Pclo|Pcsk2|Pde10a|Ptprd|Ptprn|R3hdm1|Rian|Rtn1|Slc17a7|Snap25|Snhg11|Snhg14|Stxbp5l|Syne1|Syt1|Syt7|Trim9|Ttr|Zbtb20|Zeb2,1.0,GSE271055
contrastiveVI,null,0,doxorubicin,control_median,log1p counts,3,80,0.06,0.0375,2.6666666666666665,1,,256,0.0008388307178393,0.0026295185089111,3.1347427368164062,Arpp21|Atp1a3|Bc1|Brd9|Cadps|Celf4|Chn1|Chrd|Cpne6|Cpne7|Dclk1|Dmd|Dpp6|Epha5|Gm26871|Gria1|Grin2a|Grin2b|Kcnq1ot1|Lrfn5|Lrp1b|Meg3|Miat|Myt1l|Ndrg4|Nrxn1|Nrxn3|Ntm|Ntng1|Ntrk2|Opcml|Pcdh9|Pclo|Pcsk2|Pde10a|Ptgds|Ptprd|Ptprn|R3hdm1|Rims2|Slc17a7|Snap25|Snhg11|Snhg14|Stxbp5l|Syne1|Syt7|Trim9|Zbtb20|Zeb2,2.0,GSE271055
contrastiveVI,null,1,doxorubicin,zero,log1p counts,3,80,0.06,0.0375,2.6666666666666665,1,,256,0.0011971226194873,0.0036184787750244,3.02264666557312,Apoe|Arpp21|Atp2b1|Bc1|Brd9|Brinp3|C1ql3|Camk2a|Camk2b|Cdr1os|Dclk1|Dlgap1|Dock4|Epha5|Erc2|Gria2|Grin2a|Grin2b|Grm5|Kcnq1ot1|Lrp1b|Ly6h|Map1b|Meg3|Miat|Myt1l|Ndrg4|Nfib|Nrxn1|Nrxn3|Ntng1|Pcdh9|Pclo|Pde10a|Peg3|Ptprd|R3hdm1|Rims2|Rnf112|Rtn1|Slc17a7|Snhg11|Sorbs2|Syne1|Syt1|Tafa1|Trank1|Ttr|Zbtb20|Zeb2,2.0,GSE271055
contrastiveVI,null,1,doxorubicin,control_median,log1p counts,3,80,0.06,0.0375,2.6666666666666665,1,,256,0.0012903687311336,0.0025407969951629,1.96904730796814,Arpp21|Atp2b1|Brinp3|C1ql3|Camk2b|Cdr1os|Chn1|Clu|Cntnap5a|Dclk1|Dock4|Epha5|Erc2|Grin2a|Grin2b|Grm5|Kcnn2|Kcnq1ot1|Lrp1b|Ly6h|Mef2c|Meg3|Myt1l|Ndrg4|Nfib|Nrgn|Nrxn1|Nrxn3|Ntm|Ntng1|Pcdh9|Pclo|Peg3|Pex5l|Ptgds|Ptprd|R3hdm1|Rian|Rims2|Rtn1|Slc17a7|Snhg11|Sorbs2|Syne1|Tmem108|Trank1|Trim9|Ttr|Zbtb20|Zeb2,2.0,GSE271055
contrastiveVI,null,2,doxorubicin,zero,log1p counts,2,80,0.04,0.025,2.6666666666666665,1,,256,0.0013442357303574,0.0034277439117431,2.549957513809204,Arpp21|Atp11b|Atp1a3|Atp1b1|Atp2b1|Bc1|Brd9|C1ql3|Celf4|Cpne6|Dclk1|Dlgap1|Epha5|Gria1|Gria2|Grin2a|Grm5|Hectd2os|Kcnq1ot1|Lrp1b|Lsamp|Ly6h|Map1b|Meg3|Ndrg4|Nrcam|Nrxn1|Ntng1|Olfm1|Opcml|Pcdh9|Pcsk2|Pde10a|Ptprd|Ptprn|R3hdm1|Rian|Rims2|Rtn1|Ryr2|Snap25|Snhg11|Snhg14|Sorbs2|Syt1|Syt7|Tmem108|Trim9|Ttr|Zbtb20,1.0,GSE271055
contrastiveVI,null,2,doxorubicin,control_median,log1p counts,3,80,0.06,0.0375,2.6666666666666665,0,,256,0.0020186973270028,0.0031510591506958,1.5609369277954102,Ak5|Arpp21|Atp11b|Atp2b1|Bc1|C1ql3|Camk2a|Cdr1os|Cpe|Cpne6|Dclk1|Elmod1|Epha5|Erc2|Gm49179|Gria1|Grin2a|Grm5|Hectd2os|Icam5|Lrp1b|Lsamp|Meg3|Myt1l|Ndrg4|Nptx1|Nrcam|Nrgn|Nrp1|Nrxn1|Ntm|Ntng1|Opcml|Pcsk2|Pde10a|Plk2|Ppfia2|Ptprd|Ptprn|R3hdm1|Slc38a2|Snap25|Snhg11|Sorbs2|Sparcl1|Sptbn1|Stxbp5l|Trim9|Ttyh1|Zbtb20,3.0,GSE271055
contrastiveVI,shared_d1_rf1.0,0,cisplatin,zero,log1p counts,7,80,0.14,0.0875,2.6666666666666665,4,3.0,256,0.0018196160672232,0.0035861134529113,1.9708077907562256,Apoe|Appl2|Atf3|Bc1|Bsg|C030029H02Rik|Cd37|Cnp|Cpe|Ctsd|Ctsz|Dclk1|Fos|Gatm|Glul|Gpr183|Grb14|Htra1|Junb|Kctd12|Klf2|Klf4|Mafb|Mal|Mbp|Mef2c|Mobp|Msi2|Mt1|Mt2|Mt3|Neat1|Nr4a1|Olig1|Plp1|Plpp3|Ptgds|Ptprd|Qk|Sat1|Siglech|Slc1a3|Slc38a2|Tspan7|Tyrobp|Zbtb20|Zeb2|mt-Co2|mt-Co3|mt-Nd4,,GSE216146
contrastiveVI,shared_d1_rf1.0,0,cisplatin,control_median,log1p counts,4,80,0.08,0.05,2.6666666666666665,3,1.0,256,0.0010359733132645,0.0025546252727508,2.465918064117432,Akap13|Apoe|Atf3|Bc1|Bsg|C1qa|C1qc|Ccp110|Cd68|Cd83|Cnp|Cpe|Ctsd|Ctss|Egr1|Enpp2|Etv1|Fos|Gatm|Htra1|Junb|Kctd12|Ly86|Maf|Mafb|Mag|Mal|Mbp|Mef2c|Msi2|Mt1|Mt3|Neat1|Nfkbia|Plp1|Plpp3|Plxdc2|Ptgds|Ptprd|S100b|Sat1|Siglech|Slc1a3|Slc38a2|Tubb4a|Tyrobp|Zbtb20|mt-Co2|mt-Co3|mt-Nd4,,GSE216146
contrastiveVI,shared_d1_rf1.0,1,cisplatin,zero,log1p counts,3,80,0.06,0.0375,2.6666666666666665,1,2.0,256,0.0009544694912619,0.0025286078453063,2.649228572845459,Apoe|Bc1|Bcas1|Brd9|Bsg|C1qa|Ccl4|Cebpa|Cldn11|Clu|Ctsd|Ctss|Ctsz|Egr1|Enpp2|Fos|Gatm|Glul|Grb14|Gria2|Klf2|Ly6e|Maf|Mafb|Mal|Mbp|Mdh1|Mog|Mt1|Mt2|Mt3|Mylip|Nfkbia|Nr4a1|Pcdh9|Plp1|Prox1|Qk|S100b|Slc38a2|Tgfbr1|Tmsb10|Ttr|Tubb4a|Tyrobp|Zbtb20|Zeb2|mt-Co2|mt-Co3|mt-Nd4,,GSE216146
contrastiveVI,shared_d1_rf1.0,1,cisplatin,control_median,log1p counts,5,80,0.1,0.0625,2.6666666666666665,2,3.0,256,0.000741290859878,0.002419888973236,3.264425754547119,Apoe|Bc1|Bcas1|Bsg|C1qc|Ccl4|Cd68|Cebpa|Clu|Cnp|Cpe|Ctsd|Ctss|Ctsz|Dcaf17|Egr1|Enpp2|Fos|Glul|Gria2|Gstm5|Klf2|Mafb|Mal|Mbp|Mdh1|Mobp|Mog|Mt1|Mt3|Mylip|Nfkbia|Nr4a1|Plp1|Plpp3|Prox1|Ptgds|Qk|S100b|Slc1a2|Slc38a2|Slc6a1|Tmsb10|Ttr|Tyrobp|Zbtb20|Zeb2|mt-Co2|mt-Co3|mt-Nd4,,GSE216146
contrastiveVI,shared_d1_rf1.0,2,cisplatin,zero,log1p counts,7,80,0.14,0.0875,2.6666666666666665,3,4.0,256,0.0013437193119898,0.0035923719406127,2.6734540462493896,Apod|Apoe|Arap2|Atp1a2|Bc1|Bsg|Ccl4|Cpe|Cspg5|Ctsd|Ctss|Ctsz|Daam2|Egr1|Elmo1|Fos|Gatm|Glul|Gstm5|Junb|Kctd12|Klf4|Ly6e|Maf|Mafb|Mbp|Mobp|Mt1|Mt3|Neat1|Nfkbia|Plp1|Ptgds|Ptprd|Qk|Rhoh|S100b|Sat1|Slc1a2|Slc38a2|Sparcl1|Tmsb10|Ttr|Tyrobp|Zbtb20|Zeb2|Zfhx3|mt-Co2|mt-Co3|mt-Nd4,,GSE216146
contrastiveVI,shared_d1_rf1.0,2,cisplatin,control_median,log1p counts,5,80,0.1,0.0625,2.6666666666666665,2,3.0,256,0.0011693057604134,0.003624677658081,3.0998544692993164,Apoe|Arap2|Aspa|Atp1a2|Atp2b1|Bc1|C1qa|Ccl4|Cnp|Cpe|Ctsd|Ctss|Egr1|Elmo1|Etv1|Fos|Gatm|Glul|Gstm5|Junb|Kctd12|Laptm5|Ly86|Maf|Mafb|Mobp|Mt1|Mt3|Neat1|Nfkbia|Plek|Plp1|Ptgds|Ptprd|Rhoh|S100b|Sat1|Sez6l2|Siglech|Slc1a2|Slc38a2|Sparcl1|Sptbn1|Tmsb10|Ttr|Tyrobp|Zbtb20|Zeb2|mt-Co2|mt-Nd4,,GSE216146
contrastiveVI,shared_d1_rf1.0,0,doxorubicin,zero,log1p counts,3,80,0.06,0.0375,2.6666666666666665,1,,256,0.0009455247200094,0.0032307505607604,3.416886329650879,Apoe|Arpp21|Atp1a3|Atp2b1|Bc1|Brd9|Cadps|Camk2b|Cdr1os|Chrd|Cpne7|Dclk1|Dpp6|Epha5|Gria1|Gria2|Grin2a|Grin2b|Kcnq1ot1|Ly6h|Mef2c|Meg3|Miat|Myt1l|Ndrg4|Nrxn1|Nrxn3|Ntm|Ntng1|Ntrk2|Opcml|Pcsk2|Pde10a|Ppfia2|Ptprn|R3hdm1|Rian|Rnf112|Snap25|Snhg11|Snhg14|Stxbp5l|Syne1|Syt1|Syt7|Trank1|Trim9|Ttr|Zbtb20|Zeb2,2.0,GSE271055
contrastiveVI,shared_d1_rf1.0,0,doxorubicin,control_median,log1p counts,2,80,0.04,0.025,2.6666666666666665,1,,256,0.001013875589706,0.0031284093856811,3.085594892501831,Arpp21|Atp1a3|Bc1|Brd9|Cadps|Camk2b|Cdr1os|Chn1|Chrd|Cpne7|Dclk1|Dmd|Dock4|Epha5|Erc2|Gria1|Grin2a|Grin2b|Kcnq1ot1|Lsamp|Meg3|Miat|Myt1l|Ndrg4|Nrxn1|Nrxn3|Ntm|Ntng1|Ntrk2|Opcml|Pcdh9|Pclo|Pde10a|Plp1|Plppr4|Ptgds|Ptprn|R3hdm1|Rnf112|Ryr2|Slc38a2|Snap25|Snhg11|Stxbp5l|Syne1|Syt7|Trim9|Ttr|Zbtb20|Zeb2,1.0,GSE271055
contrastiveVI,shared_d1_rf1.0,1,doxorubicin,zero,log1p counts,2,80,0.04,0.025,2.6666666666666665,1,,256,0.0015100254677236,0.0039749145507812,2.6323492527008057,Apoe|Arpp21|Atp1b1|Atp2b1|Bc1|Brd9|Brinp3|C1ql3|Camk2b|Cdr1os|Dclk1|Dlgap1|Epha5|Gm26871|Gria1|Gria2|Grin2a|Grin2b|Grm5|Kcnq1ot1|Lrfn5|Lrp1b|Ly6h|Map1b|Meg3|Mir100hg|Myt1l|Ndrg4|Nfib|Nrcam|Nrxn1|Nrxn3|Ntng1|Pcdh9|Plk2|Ptgds|Ptprd|R3hdm1|Rian|Rims2|Rtn1|Slc17a7|Slc1a2|Snhg11|Sorbs2|Syt1|Trank1|Ttr|Zbtb20|Zeb2,1.0,GSE271055
contrastiveVI,shared_d1_rf1.0,1,doxorubicin,control_median,log1p counts,2,80,0.04,0.025,2.6666666666666665,0,,256,0.0019184333505108,0.0030373930931091,1.5832674503326416,Acsl6|Arpp21|Atp2b1|Bc1|Brd9|Brinp3|C1ql3|Ccnd2|Cdr1os|Clu|Cntnap5a|Cpne6|Cpne7|Dclk1|Dgkh|Dock4|Epha5|Erc2|Gria2|Lrfn5|Lrp1b|Lsamp|Mef2c|Meg3|Mir100hg|Myt1l|Ndrg4|Nfib|Nrcam|Nrxn1|Nrxn3|Ntng1|Pcdh9|Pex5l|Plp1|Ptgds|Rasgrf1|Rian|Rims2|Rtn1|Scn2a|Snhg11|Snhg14|Sorbs2|Syne1|Tafa1|Trank1|Ttyh1|Zbtb20|Zeb2,2.0,GSE271055
contrastiveVI,shared_d1_rf1.0,2,doxorubicin,zero,log1p counts,0,80,0.0,0.0,2.6666666666666665,0,,256,0.001110017648898,0.0030642747879028,2.760564088821411,Arpp21|Atp2b1|Bc1|Camk2b|Celf4|Cntnap5a|Cttnbp2|Dclk1|Dlgap1|Epha5|Erc2|F730043M19Rik|Gria1|Gria2|Grin2a|Grin2b|Grm5|Hectd2os|Lrp1b|Lsamp|Map1b|Meg3|Myt1l|Ndrg4|Nrcam|Nrxn1|Nrxn3|Ntng1|Ociad2|Olfm1|Opcml|Pcdh9|Pclo|Pcsk2|Pde10a|Ptgds|Ptprd|Ptprn|R3hdm1|Rian|Ryr2|Snap25|Snhg11|Snhg14|Sorbs2|Sptbn1|Syt1|Syt7|Tmem108|Ttr,0.0,GSE271055
contrastiveVI,shared_d1_rf1.0,2,doxorubicin,control_median,log1p counts,1,80,0.02,0.0125,2.6666666666666665,0,,256,0.001244684215635,0.0033398568630218,2.6832964420318604,6330403K07Rik|Arpp21|Atp11b|Atp2b1|Bc1|Cadps|Camk2a|Camk2b|Celf4|Cpne6|Cpne7|Dclk1|Dgkh|Epha5|Erc2|Gm49179|Gria1|Grin2a|Grm5|Hectd2os|Lrp1b|Lrtm1|Lsamp|Meg3|Myt1l|Ndrg4|Nfib|Nrcam|Nrxn3|Ntm|Ntng1|Olfm1|Opcml|Pcdh9|Pcsk2|Pde10a|Ppfia2|Ptgds|Ptprd|Ptprn|R3hdm1|Snap25|Snhg11|Sorbs2|Sptbn1|Stxbp5l|Syt7|Tafa1|Tmem108|Zbtb20,1.0,GSE271055
contrastiveVI,shared_d2_rf1.0,0,cisplatin,zero,log1p counts,5,80,0.1,0.0625,2.6666666666666665,3,2.0,256,0.0015750043094158,0.0041903853416442,2.660554885864258,Apoe|Atf3|Bc1|Brd9|Bsg|C1qa|Cdkn1a|Cpe|Ctsd|Ctsz|Dbndd2|Dcaf17|Dock10|Egr1|Eprs|Fos|Gatm|Glul|Hopx|Junb|Kctd12|Mafb|Mbp|Mef2c|Mir100hg|Mog|Msi2|Mt1|Mt2|Mt3|Neat1|Ntm|Olig1|Plek|Plp1|Ptgds|Ptprd|Qk|Ramp1|Sat1|Sez6l2|Slc1a3|Slc38a2|Slc4a4|Tyrobp|Zbtb20|Zfp536|mt-Co2|mt-Co3|mt-Nd4,,GSE216146
contrastiveVI,shared_d2_rf1.0,0,cisplatin,control_median,log1p counts,5,80,0.1,0.0625,2.6666666666666665,4,1.0,256,0.0007874519214965,0.0024793148040771,3.148528575897217,Aldoc|Apoe|Aspa|Atf3|Bc1|Bsg|C1qa|C1qc|Cnp|Cpe|Ctsc|Ctsd|Ctss|Dcaf17|Dock10|Egr1|Enpp2|Epb41l2|Etv1|Fos|Gatm|Htra1|Junb|Kctd12|Klf2|Ly6e|Mafb|Mag|Mbp|Msi2|Mt3|Ndrg1|Neat1|Plp1|Plpp3|Plxdc2|Prdx6|Ptgds|Ptprd|Rgs2|S100b|Sat1|Slc1a3|Slc38a2|Ttr|Tubb4a|Tyrobp|Zbtb20|mt-Co2|mt-Co3,,GSE216146
contrastiveVI,shared_d2_rf1.0,1,cisplatin,zero,log1p counts,8,80,0.16,0.1,2.6666666666666665,4,4.0,256,0.0016335553955286,0.0041185617446899,2.521225690841675,Apod|Apoe|Bc1|Bcas1|Bsg|Cd68|Clu|Ctsd|Ctsz|Dbndd2|Dcaf17|Elmo1|Exoc6b|Fos|Gjc3|Glul|Grb14|Hist1h1e|Junb|Kctd12|Kif5a|Klf2|Mafb|Mal|Mbp|Mdh1|Mobp|Mog|Mt1|Mt3|Ndrg1|Nfkbia|Nr4a1|Plp1|Plpp3|Plxdc2|Ptgds|Ptprd|Qk|Slc15a3|Slc1a2|Slc38a2|Tmsb10|Ttr|Tyrobp|Zbtb20|Zeb2|mt-Co2|mt-Co3|mt-Nd4,,GSE216146
contrastiveVI,shared_d2_rf1.0,1,cisplatin,control_median,log1p counts,8,80,0.16,0.1,2.6666666666666665,5,3.0,256,0.0006380301783792,0.0027178525924682,4.259755611419678,Apod|Apoe|Atp1a2|Bc1|Bcas1|C1qa|C1qc|Clu|Cpe|Ctsd|Ctss|Ctsz|Dcaf17|Egr1|Enpp2|Epb41l2|Fos|Glul|Gstm5|Junb|Kif5a|Klf2|Klhl24|Mafb|Mal|Mbp|Mdh1|Mobp|Mog|Mt3|Nfkbia|Nr4a1|Ntm|Plp1|Plpp3|Plxdc2|Ptgds|Qk|Slc1a2|Slc38a2|Slc6a6|Sparcl1|Tmsb10|Ttr|Tyrobp|Zbtb20|Zeb2|mt-Co2|mt-Co3|mt-Nd4,,GSE216146
contrastiveVI,shared_d2_rf1.0,2,cisplatin,zero,log1p counts,5,80,0.1,0.0625,2.6666666666666665,2,3.0,256,0.0011985177407041,0.0043455362319946,3.625758647918701,Apod|Apoe|Arap2|Atp1a2|Atp5g1|Bc1|Bsg|Ccl4|Cd68|Cnp|Cpe|Ctsd|Ctss|Daam2|Dbndd2|Egr1|Enpp2|Fos|Gatm|Glul|Hspa1a|Hspa1b|Ier3|Junb|Ly86|Mafb|Mobp|Mog|Mt1|Mt3|Ncf2|Neat1|Nfkbia|Plp1|Ptgds|Ptprd|Qk|Rhoh|Sat1|Slc1a2|Slc1a3|Slc38a2|Sparcl1|Ttr|Tyrobp|Zbtb20|Zeb2|mt-Co2|mt-Co3|mt-Nd4,,GSE216146
contrastiveVI,shared_d2_rf1.0,2,cisplatin,control_median,log1p counts,5,80,0.1,0.0625,2.6666666666666665,2,3.0,256,0.0009994729189202,0.0035908222198486,3.5927157402038574,Apoe|Arap2|Aspa|Atp5g1|Bc1|Brd9|Bsg|C1qa|C1qc|Ccl4|Ccnd1|Cd37|Cpe|Ctsd|Ctss|Dbndd2|Dnm3|Egr1|Etv1|Fos|Gatm|Glul|Ier3|Junb|Laptm5|Ly6e|Ly86|Mbp|Mobp|Mt1|Mt3|Neat1|Nfkbia|Olig1|Plek|Plp1|Ptgds|Ptprd|S100b|Sat1|Serpinb1a|Sez6l2|Slc1a2|Slc38a2|Sparcl1|Tmsb10|Ttr|Tyrobp|mt-Co2|mt-Nd4,,GSE216146
contrastiveVI,shared_d2_rf1.0,0,doxorubicin,zero,log1p counts,3,80,0.06,0.0375,2.6666666666666665,1,,256,0.0010878740577027,0.0034891366958618,3.2072982788085938,Atp1a3|Atp1b1|Bc1|Brd9|Cadps|Cdr1os|Chrd|Dclk1|Dmd|Epha5|Gria1|Gria2|Grin2a|Grin2b|Grm5|Kcnn2|Kcnq1ot1|Lrp1b|Ly6h|Meg3|Miat|Myt1l|Nrxn1|Nrxn3|Ntng1|Ntrk2|Opcml|Pcdh9|Pclo|Pcsk2|Pde10a|Ptprd|Ptprn|Ptprz1|R3hdm1|Rian|Rims2|Rnf112|Ryr2|Slc17a7|Snhg11|Snhg14|Syne1|Syt1|Syt7|Trank1|Trim9|Ttr|Zbtb20|Zeb2,2.0,GSE271055
contrastiveVI,shared_d2_rf1.0,0,doxorubicin,control_median,log1p counts,5,80,0.1,0.0625,2.6666666666666665,2,,256,0.0010881060734391,0.0028308033943176,2.6015877723693848,Acsl6|Atp1b1|Brd9|Cadps|Camk2b|Cdr1os|Chn1|Dclk1|Dmd|Dpp6|Epha5|Epha6|Gabrb1|Gria1|Gria2|Grin2a|Grin2b|Kcnq1ot1|Lrp1b|Meg3|Miat|Myt1l|Ndrg4|Nrxn1|Nrxn3|Ntng1|Ntrk2|Opcml|Pcdh9|Pclo|Pde10a|Ppfia2|Ptgds|Ptprd|Ptprn|R3hdm1|Rims2|Ryr2|Slc17a7|Slc38a2|Snap25|Snhg11|Snhg14|Sorbs2|Syne1|Syt7|Trim9|Ttyh1|Zbtb20|Zeb2,3.0,GSE271055
contrastiveVI,shared_d2_rf1.0,1,doxorubicin,zero,log1p counts,3,80,0.06,0.0375,2.6666666666666665,1,,256,0.0010858030291274,0.003657579421997,3.368547916412353,Apoe|Arpp21|Atp2b1|Bc1|Brd9|Brinp3|C1ql3|Camk2b|Cdr1os|Celf4|Chn1|Dclk1|Dlgap1|Epha5|Gria2|Grin2a|Grin2b|Grm5|Hectd2os|Kcnq1ot1|Lrp1b|Map1b|Meg3|Mir100hg|Myt1l|Ndrg4|Nfib|Nrxn1|Nrxn3|Ntng1|Pcdh9|Ptprd|R3hdm1|Rims2|Rnf112|Rtn1|Slc17a7|Slc38a2|Snhg11|Snhg14|Sorbs2|Syne1|Syt1|Syt7|Tmem108|Trank1|Trim9|Ttr|Zbtb20|Zeb2,2.0,GSE271055
contrastiveVI,shared_d2_rf1.0,1,doxorubicin,control_median,log1p counts,4,80,0.08,0.05,2.6666666666666665,1,,256,0.0022485188674181,0.0040515959262847,1.8018954992294312,Arpp21|Atp2b1|Brd9|C1ql3|Camk2b|Cdr1os|Chn1|Clu|Cntnap5a|Dclk1|Dock4|Epha5|Erc2|Gm45159|Gpm6a|Gria2|Grin2a|Grin2b|Kcnq1ot1|Lrp1b|Meg3|Mir100hg|Myt1l|Ndrg4|Nfib|Nrcam|Nrp1|Nrxn1|Nrxn3|Ntm|Ntng1|Pcdh9|Peg3|Pex5l|Ptgds|Ptprd|Ptprn|R3hdm1|Rasgrf1|Rims2|Rtn1|Ryr2|Snhg11|Sorbs2|Syne1|Syt1|Tmem108|Trank1|Zbtb20|Zeb2,3.0,GSE271055
contrastiveVI,shared_d2_rf1.0,2,doxorubicin,zero,log1p counts,1,80,0.02,0.0125,2.6666666666666665,1,,256,0.0010669889161363,0.0031596422195434,2.9612700939178467,Apoe|Arpp21|Atp2b1|Bc1|Brd9|C1ql3|Camk2a|Camk2b|Celf4|Cntnap5a|Cttnbp2|Dclk1|Dgkh|Dlgap1|Epha5|Gria1|Gria2|Grin2a|Grin2b|Grm5|Hectd2os|Kcnq1ot1|Lrfn5|Lrp1b|Lsamp|Ly6h|Map1b|Meg3|Ndrg4|Nrxn1|Nrxn3|Ntng1|Opcml|Pcsk2|Pde10a|Ptgds|Ptprd|Ptprn|R3hdm1|Rian|Rtn1|Ryr2|Snap25|Snhg11|Sorbs2|Syt1|Syt7|Trim9|Ttr|Ttyh1,0.0,GSE271055
contrastiveVI,shared_d2_rf1.0,2,doxorubicin,control_median,log1p counts,2,80,0.04,0.025,2.6666666666666665,1,,256,0.0014633102109655,0.0030326843261718,2.072482109069824,Arpp21|Atp2b1|Bc1|Brd9|C1ql3|Cadps|Camk2a|Camk2b|Celf4|Cpne7|Dclk1|Dgkh|Dmd|Epha5|Erc2|F730043M19Rik|Gm10115|Gm49179|Gria1|Grm5|Hectd2os|Icam5|Kcnq1ot1|Lrfn5|Lrp1b|Lsamp|Map1b|Meg3|Ndrg4|Nrcam|Nrgn|Nrxn3|Ntng1|Opcml|Pcsk2|Pde10a|Ptgds|Ptprd|Rnf112|Slc17a7|Snap25|Snhg11|Sorbs2|Stxbp5l|Syt1|Syt7|Tmem108|Trim9|Ttyh1|Zeb2,1.0,GSE271055
contrastiveVI,specific_d1_rf1.0,0,cisplatin,zero,log1p counts,6,80,0.12,0.075,2.6666666666666665,3,3.0,256,0.0023165687453001,0.0040271580219268,1.7384151220321655,Apoe|Arap2|Atf3|Bc1|Bsg|C030029H02Rik|Ctsd|Ctsz|Dock10|Egr1|Enpp2|Epb41l2|Fos|Gatm|Glul|Gstm5|Hmgb2|Junb|Kctd12|Klf2|Maf|Mafb|Mbp|Mef2c|Mt1|Mt3|Neat1|Nfib|Nfkbid|Ntm|Pcdh9|Plp1|Plpp3|Plxdc2|Prox1|Qk|Sat1|Siglech|Slc38a2|Slc6a1|Srgap2|Syne1|Tgfbr1|Tubb4a|Tyrobp|Zbtb20|Zeb2|mt-Co2|mt-Co3|mt-Nd4,,GSE216146
contrastiveVI,specific_d1_rf1.0,0,cisplatin,control_median,log1p counts,4,80,0.08,0.05,2.6666666666666665,3,1.0,256,0.0019188036676496,0.0035550892353057,1.8527634143829343,Akap13|Aldoc|Apoe|Aspa|Atp1a2|Bc1|C1qa|C1qc|Cd37|Cd68|Cnp|Cpe|Ctsd|Ctss|Dnm3|Egr1|Enpp2|Fos|Gatm|Hapln2|Htra1|Id2|Junb|Kctd12|Klf4|Klhl24|Ly86|Mafb|Mbp|Mef2c|Mfge8|Mt3|Nfkbid|Pcdh9|Pex5l|Plp1|Plxdc2|Sat1|Siglech|Slc1a2|Slc1a3|Sparcl1|Srgap2|Tspan2|Tubb4a|Tyrobp|Zfp536|mt-Co2|mt-Co3|mt-Nd4,,GSE216146
contrastiveVI,specific_d1_rf1.0,1,cisplatin,zero,log1p counts,5,80,0.1,0.0625,2.6666666666666665,1,4.0,256,0.0016229273751378,0.0039430856704711,2.4296131134033203,Apoe|Bc1|Bsg|C1qa|C1qc|Cd83|Cebpa|Cldn11|Clu|Ctsd|Ctsz|Dnajb1|Egr1|Elmo1|Eprs|Fos|G530011O06Rik|Glul|Il1a|Kctd12|Klf2|Mafb|Mal|Mbp|Mobp|Mog|Mt1|Mt3|Mylip|Nr4a1|Pcdh9|Plp1|Prox1|Ptgds|Ptgs1|Qk|Rhoh|Siglech|Slc1a2|Slc38a2|Sox4|Tgfbr1|Tmsb10|Ttr|Tyrobp|Zbtb20|Zeb2|mt-Co2|mt-Co3|mt-Nd4,,GSE216146
contrastiveVI,specific_d1_rf1.0,1,cisplatin,control_median,log1p counts,6,80,0.12,0.075,2.6666666666666665,2,4.0,256,0.0008418016950599,0.0030367374420166,3.607426166534424,Apoe|Atf3|Atp2b1|Bc1|C1qa|C1qc|Ccp110|Clu|Cspg5|Ctsd|Ctss|Ctsz|Dcaf17|Dnajb1|Enpp2|Eprs|Fos|G530011O06Rik|Gatm|Glul|Gria2|Gstm5|Klf2|Mal|Mbp|Mdh1|Mef2c|Mobp|Mog|Mt1|Mt3|Ndrg2|Nfkbia|Nr4a1|Pcdh9|Plp1|Plpp3|Prox1|Ptgds|Qk|R3hdm1|Slc1a2|Slc38a2|Slc6a6|Ttr|Tyrobp|Zeb2|mt-Co2|mt-Co3|mt-Nd4,,GSE216146
contrastiveVI,specific_d1_rf1.0,2,cisplatin,zero,log1p counts,4,80,0.08,0.05,2.6666666666666665,1,3.0,256,0.0012227717088535,0.0036296248435974,2.9683585166931152,Apoe|Arap2|Atp1a2|Atp5g1|Bc1|Bsg|C1qc|Ccl4|Cnp|Cpe|Ctsd|Ctss|Dnm3|Egr1|Elmo1|Enpp2|Fos|Gatm|Glul|Gstm5|Ier3|Ly6e|Maf|Mafb|Mbp|Mobp|Mog|Msi2|Mt1|Mt3|Neat1|Olig2|Plp1|Ptgds|Ptprd|Qk|Rtn1|Sat1|Slc1a2|Sptbn1|Tspan7|Ttr|Ttyh1|Tubb4a|Tyrobp|Zbtb20|Zeb2|mt-Co2|mt-Co3|mt-Nd4,,GSE216146
contrastiveVI,specific_d1_rf1.0,2,cisplatin,control_median,log1p counts,4,80,0.08,0.05,2.6666666666666665,1,3.0,256,0.0008623862522654,0.0030925124883651,3.5859947204589844,Apoe|Arap2|Atp1a2|Atp5g1|Bc1|C1qa|C1qc|Ccl4|Cnp|Cpe|Ctsd|Ctss|Egr1|Elmo1|Enpp2|Etv1|Fos|Gatm|Glul|Gstm5|Ier3|Kctd12|Ly6e|Maf|Mafb|Mbp|Mef2c|Mfge8|Mobp|Mog|Mt1|Mt3|Plp1|Ppp1r15a|Ptprd|Rgs2|Sat1|Slc1a2|Socs3|Sparcl1|Sptbn1|Tmsb10|Tspan7|Ttr|Tubb4a|Tyrobp|Zeb2|mt-Co2|mt-Co3|mt-Nd4,,GSE216146
contrastiveVI,specific_d1_rf1.0,0,doxorubicin,zero,log1p counts,2,80,0.04,0.025,2.6666666666666665,1,,256,0.0011148958001285,0.003554344177246,3.188050508499145,Arpp21|Atp1a3|Atp1b1|Atp2b1|Bc1|Brd9|Cadps|Camk2b|Cdr1os|Chn1|Cttnbp2|Dclk1|Dock4|Epha5|Gria1|Gria2|Grin2a|Grin2b|Grm5|Kcnq1ot1|Lsamp|Mef2c|Meg3|Miat|Myt1l|Ndrg4|Nrxn1|Nrxn3|Ntm|Ntng1|Opcml|Pclo|Pcsk2|Pde10a|Ptgds|Ptprd|Ptprn|R3hdm1|Rian|Rims2|Rnf112|Snap25|Snhg11|Snhg14|Stxbp5l|Syt1|Syt7|Ttr|Zbtb20|Zeb2,1.0,GSE271055
contrastiveVI,specific_d1_rf1.0,0,doxorubicin,control_median,log1p counts,3,80,0.06,0.0375,2.6666666666666665,1,,256,0.0009606121457181,0.0028759241104125,2.993845224380493,Arpp21|Atp1a3|Atp1b1|Bc1|Cadps|Camk2b|Chn1|Chrd|Cpne7|Dclk1|Dmd|Dock4|Dpp6|Epha5|Gria1|Grin2a|Grin2b|Kcnq1ot1|Lsamp|Mef2c|Meg3|Miat|Mir100hg|Myt1l|Nrxn1|Nrxn3|Ntm|Ntng1|Ntrk2|Opcml|Pcdh9|Pclo|Pde10a|Pex5l|Ptgds|Ptprd|Ptprn|R3hdm1|Rasgrf1|Rbfox3|Rims2|Rtn1|Snap25|Snhg11|Stmn2|Stxbp5l|Syne1|Syt7|Tafa1|Zeb2,2.0,GSE271055
contrastiveVI,specific_d1_rf1.0,1,doxorubicin,zero,log1p counts,2,80,0.04,0.025,2.6666666666666665,1,,256,0.0009920032462105,0.0027179718017578,2.739881992340088,Apoe|Atp1b1|Atp2b1|Brd9|Brinp3|C1ql3|Cadps|Camk2b|Cdr1os|Celf4|Chn1|Dclk1|Dlgap1|Epha5|Gria1|Gria2|Grin2a|Grin2b|Grm5|Hectd2os|Kcnq1ot1|Lrp1b|Lsamp|Ly6h|Map1b|Meg3|Miat|Myt1l|Ndrg4|Nfib|Nrxn1|Nrxn3|Ntng1|Pcdh9|Pclo|Peg3|Plk2|Ptprd|R3hdm1|Rian|Rims2|Rnf112|Rtn1|Snhg11|Syt1|Tafa1|Trank1|Ttr|Zbtb20|Zeb2,1.0,GSE271055
contrastiveVI,specific_d1_rf1.0,1,doxorubicin,control_median,log1p counts,4,80,0.08,0.05,2.6666666666666665,1,,256,0.0015995564172044,0.0026481449604034,1.6555495262145996,Acsl6|Apoe|Arpp21|Atp2b1|Brd9|C1ql3|Cadps|Camk2b|Cdr1os|Dclk1|Dlgap1|Dock4|Epha5|Gabrb1|Gria2|Grin2a|Kcnq1ot1|Lrp1b|Lsamp|Meg3|Myt1l|Ndrg4|Nfib|Nrcam|Nrp1|Nrxn1|Nrxn3|Ntng1|Pcdh9|Pde10a|Peg3|Pex5l|Plk2|Ptgds|Ptprn|R3hdm1|Rims2|Rnf112|Rtn1|Scn2a|Slc38a2|Snap25|Snhg11|Sptbn1|Syne1|Tmem108|Trank1|Trim9|Zbtb20|Zeb2,3.0,GSE271055
contrastiveVI,specific_d1_rf1.0,2,doxorubicin,zero,log1p counts,2,80,0.04,0.025,2.6666666666666665,1,,256,0.0012656406033784,0.003361165523529,2.655703067779541,Apoe|Atp1b1|Atp2b1|Bc1|Brd9|Caly|Camk2b|Celf4|Cttnbp2|Dclk1|Dlgap1|Epha5|Erc2|Gria1|Gria2|Grin2a|Grm5|Hectd2os|Kcnq1ot1|Lrp1b|Lsamp|Map1b|Meg3|Miat|Ndrg4|Nrcam|Nrxn1|Nrxn3|Ntm|Ntng1|Olfm1|Opcml|Pcsk2|Pde10a|Ptgds|Ptprd|Ptprn|R3hdm1|Rian|Rims2|Rtn1|Ryr2|Snap25|Snhg11|Snhg14|Sorbs2|Syt1|Syt7|Trim9|Zbtb20,1.0,GSE271055
contrastiveVI,specific_d1_rf1.0,2,doxorubicin,control_median,log1p counts,3,80,0.06,0.0375,2.6666666666666665,1,,256,0.0008107128669507,0.0024507045745849,3.0229008197784424,6330403K07Rik|Arpp21|Atp2b1|Bc1|Camk2b|Celf4|Chn1|Cpe|Dclk1|Dgkh|Dmd|Dpp6|Epha5|Erc2|Gm49179|Gria1|Grin2a|Grm5|Hectd2os|Kcnq1ot1|Lrp1b|Lsamp|Mef2c|Meg3|Myt1l|Ndrg4|Nfib|Nrcam|Nrxn3|Ntm|Ntng1|Olfm1|Opcml|Pcsk2|Pde10a|Plp1|Ptgds|Ptprd|Ptprn|R3hdm1|Rims2|Ryr2|Slc38a2|Snap25|Snhg11|Sorbs2|Sptbn1|Syne1|Syt7|Tafa1,2.0,GSE271055
contrastiveVI,specific_d2_rf1.0,0,cisplatin,zero,log1p counts,8,80,0.16,0.1,2.6666666666666665,3,5.0,256,0.0018902784213423,0.0043515563011169,2.3020715713500977,Adrb2|Anln|Apoe|Arap2|Atf3|Atp5g1|Bc1|Bsg|C1qa|Ctsd|Ctss|Ctsz|Dbndd2|Dock4|Enpp2|Fos|Glul|Hist1h1e|Hmgb2|Junb|Kctd12|Klf4|Ly86|Mbp|Mef2c|Mobp|Mt1|Ndrg2|Neat1|Olig1|Plp1|Plpp3|Plxdc2|Prox1|Ptprd|Qk|Rgs2|S100b|Sat1|Slc15a3|Slc38a2|Sparcl1|Srgap2|Tgfbr1|Ttr|Tubb4a|Zbtb20|mt-Co2|mt-Co3|mt-Nd4,,GSE216146
contrastiveVI,specific_d2_rf1.0,0,cisplatin,control_median,log1p counts,9,80,0.18,0.1125,2.6666666666666665,3,6.0,256,0.0009547226363793,0.0029075741767883,3.0454647541046143,Apoe|Arap2|Bc1|C1qa|C1qc|Ccp110|Cnp|Csf1r|Ctsd|Ctss|Ctsz|Dbndd2|Egr1|Etv1|Fos|G530011O06Rik|Gatm|Grb14|Hist1h1e|Htra1|Junb|Kcnq1ot1|Kctd12|Klhl24|Mafb|Mag|Mbp|Mef2c|Mobp|Msi2|Mt3|Olig1|Plp1|Plxdc2|Ptgds|Qk|Rgs2|Sat1|Siglech|Slc1a2|Slc1a3|Sox2ot|Sparcl1|Srgap2|Ttr|Tyrobp|Zbtb20|Zfhx3|mt-Co2|mt-Co3,,GSE216146
contrastiveVI,specific_d2_rf1.0,1,cisplatin,zero,log1p counts,7,80,0.14,0.0875,2.6666666666666665,2,5.0,256,0.0011213328689336,0.0042571872472763,3.796541929244995,Apoe|Bc1|Bcas1|Bsg|C1qa|C1qc|Chst2|Clu|Cpe|Cspg5|Ctsd|Ctsz|Dclk1|Egr1|Fos|G530011O06Rik|Glul|Gria2|Klf2|Lrp1b|Maf|Mal|Mbp|Mobp|Mt1|Mt3|Ndrg2|Nfkbia|Nr4a1|Nrxn2|Pbxip1|Plp1|Plpp3|Ptgds|Ptgs1|Qk|S100b|Sat1|Slc1a2|Slc38a2|Sox4|Tgfbr1|Tmsb10|Ttr|Tyrobp|Zbtb20|Zeb2|mt-Co2|mt-Co3|mt-Nd4,,GSE216146
contrastiveVI,specific_d2_rf1.0,1,cisplatin,control_median,log1p counts,5,80,0.1,0.0625,2.6666666666666665,1,4.0,256,0.0017356184544041,0.0045967996120452,2.648508071899414,Apoe|Atf3|Atp1a2|Bc1|Bcas1|C1qc|Ccp110|Chst2|Clu|Cpe|Cspg5|Ctsd|Ctss|Ctsz|Dclk1|Egr1|Fos|Gatm|Glul|Gria2|Gstm5|Htra1|Il33|Klf2|Lrp1b|Mafb|Mal|Mbp|Mobp|Mog|Mt3|Ndrg2|Nfkbia|Nr4a1|Nrxn2|Olig1|Pcdh9|Plpp3|Prox1|S100b|Slc38a2|Slc6a1|Sox2ot|Ttr|Tyrobp|Zbtb20|Zeb2|mt-Co2|mt-Co3|mt-Nd4,,GSE216146
contrastiveVI,specific_d2_rf1.0,2,cisplatin,zero,log1p counts,6,80,0.12,0.075,2.6666666666666665,2,4.0,256,0.0013127446873113,0.004514455795288,3.4389443397521973,Apoe|Arap2|Atp2b1|Bc1|Bsg|C1qa|Ccl4|Cnp|Cpe|Crybb1|Ctsd|Ctss|Dbndd2|Egr1|Elmo1|Ets1|Fos|Gatm|Glul|Gstm5|Id2|Ier3|Junb|Ly6e|Maf|Mbp|Mef2c|Mobp|Mt1|Mt3|Ndrg2|Neat1|Nr4a1|Plp1|Plxdc2|Ptgds|Qk|Ramp1|Sat1|Tmsb10|Tppp3|Tspan7|Ttr|Tubb4a|Tyrobp|Zbtb20|Zeb2|mt-Co2|mt-Co3|mt-Nd4,,GSE216146
contrastiveVI,specific_d2_rf1.0,2,cisplatin,control_median,log1p counts,7,80,0.14,0.0875,2.6666666666666665,2,5.0,256,0.0007915752357803,0.0030179023742675,3.812527656555176,Apoe|Arap2|Bc1|C1qa|Ccl4|Clu|Cnp|Cpe|Ctsd|Ctss|Dbndd2|Egr1|Elmo1|Ermn|Ets1|Fos|Glul|Hist1h1e|Icam1|Ier3|Junb|Kctd12|Klf2|Klhl24|Ly6e|Maf|Mbp|Mef2c|Mobp|Mog|Msi2|Mt1|Mt3|Ndrg2|Neat1|Nr4a1|Plek|Plp1|Plxdc2|Sat1|Sparcl1|Sptbn1|Tmsb10|Tppp3|Tspan7|Ttr|Tubb4a|Tyrobp|mt-Co2|mt-Co3,,GSE216146
contrastiveVI,specific_d2_rf1.0,0,doxorubicin,zero,log1p counts,2,80,0.04,0.025,2.6666666666666665,1,,256,0.0009234350873157,0.0035566687583923,3.851563453674317,Arpp21|Atp2b1|Bc1|Brd9|Cadps|Cdr1os|Chrd|Dclk1|Dmd|Dock4|Dpp6|Epha5|Gria1|Gria2|Grin2a|Grin2b|Kcnq1ot1|Meg3|Miat|Myt1l|Ndrg4|Nrxn1|Nrxn3|Ntm|Ntng1|Ntrk2|Opcml|Pcdh9|Pclo|Pcsk2|Pde10a|Ptgds|Ptprd|Ptprn|R3hdm1|Rian|Rims2|Rnf112|Rtn1|Slc17a7|Snap25|Snhg11|Snhg14|Stxbp5l|Syt1|Syt7|Trim9|Ttr|Zbtb20|Zeb2,1.0,GSE271055
contrastiveVI,specific_d2_rf1.0,0,doxorubicin,control_median,log1p counts,4,80,0.08,0.05,2.6666666666666665,1,,256,0.0013577569043263,0.0037406682968139,2.755035400390625,Aopep|Atp1a3|Bc1|Cadps|Cdr1os|Celf4|Chrd|Cpne7|Dclk1|Dmd|Dock4|Dpp6|Epha5|Gm3764|Gm45159|Gria1|Grin2a|Grin2b|Kcnq1ot1|Lrp1b|Lsamp|Mef2c|Meg3|Miat|Myt1l|Ndrg4|Nrxn3|Ntm|Ntng1|Ntrk2|Opcml|Oxr1|Pcdh9|Pclo|Pde10a|Plp1|Ptgds|Ptprn|R3hdm1|Rasgrf1|Rims2|Rtn1|Ryr2|Slc38a2|Snap25|Snhg11|Stxbp5l|Syne1|Zbtb20|Zeb2,3.0,GSE271055
contrastiveVI,specific_d2_rf1.0,1,doxorubicin,zero,log1p counts,2,80,0.04,0.025,2.6666666666666665,1,,256,0.0011694341665133,0.0031577944755554,2.700275421142578,Apoe|Atp2b1|Bc1|Brd9|Brinp3|C1ql3|Camk2a|Cdr1os|Celf4|Cttnbp2|Dclk1|Epha5|Erc2|Gria1|Gria2|Grin2a|Grin2b|Grm5|Hectd2os|Kcnn2|Kcnq1ot1|Lrp1b|Ly6h|Map1b|Meg3|Miat|Myt1l|Ndrg4|Nfib|Nrcam|Nrxn1|Nrxn3|Ntng1|Pcdh9|Pclo|Ptprd|R3hdm1|Rian|Rims2|Rnf112|Rtn1|Slc38a2|Snhg11|Sorbs2|Syt1|Tafa1|Timp4|Ttr|Zbtb20|Zeb2,1.0,GSE271055
contrastiveVI,specific_d2_rf1.0,1,doxorubicin,control_median,log1p counts,3,80,0.06,0.0375,2.6666666666666665,1,,256,0.0016781120793893,0.0028020143508911,1.6697421073913574,Adcy1|Arpp21|Atp2b1|Bc1|Brd9|C1ql3|Camk2b|Cdr1os|Dclk1|Dock4|Epha5|Erc2|Gabrb1|Gm26871|Gria2|Grin2a|Grm5|Hap1|Khdrbs2|Lrp1b|Lsamp|Mef2c|Meg3|Mir100hg|Myt1l|Nfib|Nrcam|Nrxn1|Nrxn3|Ntm|Ntng1|Pcdh9|Pde10a|Pex5l|Plk2|Plp1|Ptgds|R3hdm1|Rian|Rims2|Rtn1|Slc8a1|Snhg11|Sorbs2|Syne1|Tmem108|Trim9|Ttr|Zbtb20|Zeb2,2.0,GSE271055
contrastiveVI,specific_d2_rf1.0,2,doxorubicin,zero,log1p counts,3,80,0.06,0.0375,2.6666666666666665,1,,256,0.0011446063872426,0.0036662817001342,3.203094005584717,Atp1a3|Atp2b1|Bc1|Brd9|Camk2a|Camk2b|Celf4|Cttnbp2|Dclk1|Dlgap1|Epha5|Erc2|Gria1|Gria2|Grin2a|Grm5|Hectd2os|Kcnq1ot1|Lrp1b|Lsamp|Map1b|Meg3|Myt1l|Ndrg4|Nrcam|Nrp1|Nrxn1|Nrxn3|Ntm|Ntng1|Olfm1|Opcml|Pcsk2|Pde10a|Ptgds|Ptprd|Ptprn|R3hdm1|Rims2|Rtn1|Ryr2|Slc38a2|Snhg11|Snhg14|Sorbs2|Sptbn1|Syt1|Syt7|Trim9|Ttyh1,2.0,GSE271055
contrastiveVI,specific_d2_rf1.0,2,doxorubicin,control_median,log1p counts,2,80,0.04,0.025,2.6666666666666665,0,,256,0.002007461618632,0.0031666159629821,1.577422857284546,Ak5|Atp1a3|Atp2b1|C1ql3|Camk2a|Camk2b|Cdr1os|Celf4|Cntnap5a|Cpe|Dclk1|Dgkh|Dmd|Dnm1|Epha5|Erc2|F730043M19Rik|Gabrb1|Gm44257|Gm49179|Gria1|Grm5|Hectd2os|Lrfn5|Lrp1b|Lsamp|Map1b|Meg3|Ndrg4|Nrcam|Ntm|Ntng1|Olfm1|Opcml|Pde10a|Ptgds|Ptprd|Ptprn|R3hdm1|Rims2|Rnf112|Ryr2|Slc17a7|Snhg11|Sorbs2|Stxbp5l|Syne1|Syt7|Tafa1|Tmem108,2.0,GSE271055
