cell_type,gene,source
Microglia,ITGAM,"PanglaoDB markers 27 Mar 2020 (Franzen O et al. 2019, Database, doi:10.1093/database/baz046), mouse entries, cell type ""Microglia""; https://panglaodb.se/markers/PanglaoDB_markers_27_Mar_2020.tsv.gz"
Microglia,ITGAX,"PanglaoDB markers 27 Mar 2020 (Franzen O et al. 2019, Database, doi:10.1093/database/baz046), mouse entries, cell type ""Microglia""; https://panglaodb.se/markers/PanglaoDB_markers_27_Mar_2020.tsv.gz"
Microglia,C5AR1,"PanglaoDB markers 27 Mar 2020 (Franzen O et al. 2019, Database, doi:10.1093/database/baz046), mouse entries, cell type ""Microglia""; https://panglaodb.se/markers/PanglaoDB_markers_27_Mar_2020.tsv.gz"
Microglia,CX3CR1,"PanglaoDB markers 27 Mar 2020 (Franzen O et al. 2019, Database, doi:10.1093/database/baz046), mouse entries, cell type ""Microglia""; https://panglaodb.se/markers/PanglaoDB_markers_27_Mar_2020.tsv.gz"
Microglia,P2RY12,"PanglaoDB markers 27 Mar 2020 (Franzen O et al. 2019, Database, doi:10.1093/database/baz046), mouse entries, cell type ""Microglia""; https://panglaodb.se/markers/PanglaoDB_markers_27_Mar_2020.tsv.gz"
Microglia,P2RX7,"PanglaoDB markers 27 Mar 2020 (Franzen O et al. 2019, Database, doi:10.1093/database/baz046), mouse entries, cell type ""Microglia""; https://panglaodb.se/markers/PanglaoDB_markers_27_Mar_2020.tsv.gz"
Microglia,CD40,"PanglaoDB markers 27 Mar 2020 (Franzen O et al. 2019, Database, doi:10.1093/database/baz046), mouse entries, cell type ""Microglia""; https://panglaodb.se/markers/PanglaoDB_markers_27_Mar_2020.tsv.gz"
Microglia,TREM2,"PanglaoDB markers 27 Mar 2020 (Franzen O et al. 2019, Database, doi:10.1093/database/baz046), mouse entries, cell type ""Microglia""; https://panglaodb.se/markers/PanglaoDB_markers_27_Mar_2020.tsv.gz"
Microglia,TMEM119,"PanglaoDB markers 27 Mar 2020 (Franzen O et al. 2019, Database, doi:10.1093/database/baz046), mouse entries, cell type ""Microglia""; https://panglaodb.se/markers/PanglaoDB_markers_27_Mar_2020.tsv.gz"
Microglia,GPR34,"PanglaoDB markers 27 Mar 2020 (Franzen O et al. 2019, Database, doi:10.1093/database/baz046), mouse entries, cell type ""Microglia""; https://panglaodb.se/markers/PanglaoDB_markers_27_Mar_2020.tsv.gz"
Microglia,TFF3,"PanglaoDB markers 27 Mar 2020 (Franzen O et al. 2019, Database, doi:10.1093/database/baz046), mouse entries, cell type ""Microglia""; https://panglaodb.se/markers/PanglaoDB_markers_27_Mar_2020.tsv.gz"
Microglia,CBR2,"PanglaoDB markers 27 Mar 2020 (Franzen O et al. 2019, Database, doi:10.1093/database/baz046), mouse entries, cell type ""Microglia""; https://panglaodb.se/markers/PanglaoDB_markers_27_Mar_2020.tsv.gz"
Microglia,ZEB2OS,"PanglaoDB markers 27 Mar 2020 (Franzen O et al. 2019, Database, doi:10.1093/database/baz046), mouse entries, cell type ""Microglia""; https://panglaodb.se/markers/PanglaoDB_markers_27_Mar_2020.tsv.gz"
Microglia,SALL1,"PanglaoDB markers 27 Mar 2020 (Franzen O et al. 2019, Database, doi:10.1093/database/baz046), mouse entries, cell type ""Microglia""; https://panglaodb.se/markers/PanglaoDB_markers_27_Mar_2020.tsv.gz"
Microglia,CSF3R,"PanglaoDB markers 27 Mar 2020 (Franzen O et al. 2019, Database, doi:10.1093/database/baz046), mouse entries, cell type ""Microglia""; https://panglaodb.se/markers/PanglaoDB_markers_27_Mar_2020.tsv.gz"
Microglia,TCIRG1,"PanglaoDB markers 27 Mar 2020 (Franzen O et al. 2019, Database, doi:10.1093/database/baz046), mouse entries, cell type ""Microglia""; https://panglaodb.se/markers/PanglaoDB_markers_27_Mar_2020.tsv.gz"
Microglia,SUSD3,"PanglaoDB markers 27 Mar 2020 (Franzen O et al. 2019, Database, doi:10.1093/database/baz046), mouse entries, cell type ""Microglia""; https://panglaodb.se/markers/PanglaoDB_markers_27_Mar_2020.tsv.gz"
Microglia,GPR183,"PanglaoDB markers 27 Mar 2020 (Franzen O et al. 2019, Database, doi:10.1093/database/baz046), mouse entries, cell type ""Microglia""; https://panglaodb.se/markers/PanglaoDB_markers_27_Mar_2020.tsv.gz"
Microglia,VAV1,"PanglaoDB markers 27 Mar 2020 (Franzen O et al. 2019, Database, doi:10.1093/database/baz046), mouse entries, cell type ""Microglia""; https://panglaodb.se/markers/PanglaoDB_markers_27_Mar_2020.tsv.gz"
Microglia,SLC2A5,"PanglaoDB markers 27 Mar 2020 (Franzen O et al. 2019, Database, doi:10.1093/database/baz046), mouse entries, cell type ""Microglia""; https://panglaodb.se/markers/PanglaoDB_markers_27_Mar_2020.tsv.gz"
Microglia,IL21R,"PanglaoDB markers 27 Mar 2020 (Franzen O et al. 2019, Database, doi:10.1093/database/baz046), mouse entries, cell type ""Microglia""; https://panglaodb.se/markers/PanglaoDB_markers_27_Mar_2020.tsv.gz"
Microglia,IL10RA,"PanglaoDB markers 27 Mar 2020 (Franzen O et al. 2019, Database, doi:10.1093/database/baz046), mouse entries, cell type ""Microglia""; https://panglaodb.se/markers/PanglaoDB_markers_27_Mar_2020.tsv.gz"
Microglia,PTAFR,"PanglaoDB markers 27 Mar 2020 (Franzen O et al. 2019, Database, doi:10.1093/database/baz046), mouse entries, cell type ""Microglia""; https://panglaodb.se/markers/PanglaoDB_markers_27_Mar_2020.tsv.gz"
Microglia,LAG3,"PanglaoDB markers 27 Mar 2020 (Franzen O et al. 2019, Database, doi:10.1093/database/baz046), mouse entries, cell type ""Microglia""; https://panglaodb.se/markers/PanglaoDB_markers_27_Mar_2020.tsv.gz"
Microglia,IL6RA,"PanglaoDB markers 27 Mar 2020 (Franzen O et al. 2019, Database, doi:10.1093/database/baz046), mouse entries, cell type ""Microglia""; https://panglaodb.se/markers/PanglaoDB_markers_27_Mar_2020.tsv.gz"
Microglia,ENTPD1,"PanglaoDB markers 27 Mar 2020 (Franzen O et al. 2019, Database, doi:10.1093/database/baz046), mouse entries, cell type ""Microglia""; https://panglaodb.se/markers/PanglaoDB_markers_27_Mar_2020.tsv.gz"
Microglia,ADRB2,"PanglaoDB markers 27 Mar 2020 (Franzen O et al. 2019, Database, doi:10.1093/database/baz046), mouse entries, cell type ""Microglia""; https://panglaodb.se/markers/PanglaoDB_markers_27_Mar_2020.tsv.gz"
Microglia,TMEM173,"PanglaoDB markers 27 Mar 2020 (Franzen O et al. 2019, Database, doi:10.1093/database/baz046), mouse entries, cell type ""Microglia""; https://panglaodb.se/markers/PanglaoDB_markers_27_Mar_2020.tsv.gz"
Microglia,TBXAS1,"PanglaoDB markers 27 Mar 2020 (Franzen O et al. 2019, Database, doi:10.1093/database/baz046), mouse entries, cell type ""Microglia""; https://panglaodb.se/markers/PanglaoDB_markers_27_Mar_2020.tsv.gz"
Microglia,P2RY6,"PanglaoDB markers 27 Mar 2020 (Franzen O et al. 2019, Database, doi:10.1093/database/baz046), mouse entries, cell type ""Microglia""; https://panglaodb.se/markers/PanglaoDB_markers_27_Mar_2020.tsv.gz"
Microglia,P2RY13,"PanglaoDB markers 27 Mar 2020 (Franzen O et al. 2019, Database, doi:10.1093/database/baz046), mouse entries, cell type ""Microglia""; https://panglaodb.se/markers/PanglaoDB_markers_27_Mar_2020.tsv.gz"
Microglia,CEBPA,"PanglaoDB markers 27 Mar 2020 (Franzen O et al. 2019, Database, doi:10.1093/database/baz046), mouse entries, cell type ""Microglia""; https://panglaodb.se/markers/PanglaoDB_markers_27_Mar_2020.tsv.gz"
Microglia,CD180,"PanglaoDB markers 27 Mar 2020 (Franzen O et al. 2019, Database, doi:10.1093/database/baz046), mouse entries, cell type ""Microglia""; https://panglaodb.se/markers/PanglaoDB_markers_27_Mar_2020.tsv.gz"
Microglia,MYO1F,"PanglaoDB markers 27 Mar 2020 (Franzen O et al. 2019, Database, doi:10.1093/database/baz046), mouse entries, cell type ""Microglia""; https://panglaodb.se/markers/PanglaoDB_markers_27_Mar_2020.tsv.gz"
Microglia,FCRLS,"PanglaoDB markers 27 Mar 2020 (Franzen O et al. 2019, Database, doi:10.1093/database/baz046), mouse entries, cell type ""Microglia""; https://panglaodb.se/markers/PanglaoDB_markers_27_Mar_2020.tsv.gz"
Microglia,OLFML3,"PanglaoDB markers 27 Mar 2020 (Franzen O et al. 2019, Database, doi:10.1093/database/baz046), mouse entries, cell type ""Microglia""; https://panglaodb.se/markers/PanglaoDB_markers_27_Mar_2020.tsv.gz"
Microglia,SIGLECH,"PanglaoDB markers 27 Mar 2020 (Franzen O et al. 2019, Database, doi:10.1093/database/baz046), mouse entries, cell type ""Microglia""; https://panglaodb.se/markers/PanglaoDB_markers_27_Mar_2020.tsv.gz"
Microglia,S100A8,"PanglaoDB markers 27 Mar 2020 (Franzen O et al. 2019, Database, doi:10.1093/database/baz046), mouse entries, cell type ""Microglia""; https://panglaodb.se/markers/PanglaoDB_markers_27_Mar_2020.tsv.gz"
Microglia,LTC4S,"PanglaoDB markers 27 Mar 2020 (Franzen O et al. 2019, Database, doi:10.1093/database/baz046), mouse entries, cell type ""Microglia""; https://panglaodb.se/markers/PanglaoDB_markers_27_Mar_2020.tsv.gz"
Microglia,TGFBR1,"PanglaoDB markers 27 Mar 2020 (Franzen O et al. 2019, Database, doi:10.1093/database/baz046), mouse entries, cell type ""Microglia""; https://panglaodb.se/markers/PanglaoDB_markers_27_Mar_2020.tsv.gz"
Microglia,S100A9,"PanglaoDB markers 27 Mar 2020 (Franzen O et al. 2019, Database, doi:10.1093/database/baz046), mouse entries, cell type ""Microglia""; https://panglaodb.se/markers/PanglaoDB_markers_27_Mar_2020.tsv.gz"
Microglia,LPCAT2,"PanglaoDB markers 27 Mar 2020 (Franzen O et al. 2019, Database, doi:10.1093/database/baz046), mouse entries, cell type ""Microglia""; https://panglaodb.se/markers/PanglaoDB_markers_27_Mar_2020.tsv.gz"
Microglia,ITGB5,"PanglaoDB markers 27 Mar 2020 (Franzen O et al. 2019, Database, doi:10.1093/database/baz046), mouse entries, cell type ""Microglia""; https://panglaodb.se/markers/PanglaoDB_markers_27_Mar_2020.tsv.gz"
Microglia,LAIR1,"PanglaoDB markers 27 Mar 2020 (Franzen O et al. 2019, Database, doi:10.1093/database/baz046), mouse entries, cell type ""Microglia""; https://panglaodb.se/markers/PanglaoDB_markers_27_Mar_2020.tsv.gz"
Microglia,SPHK1,"PanglaoDB markers 27 Mar 2020 (Franzen O et al. 2019, Database, doi:10.1093/database/baz046), mouse entries, cell type ""Microglia""; https://panglaodb.se/markers/PanglaoDB_markers_27_Mar_2020.tsv.gz"
Microglia,COLEC12,"PanglaoDB markers 27 Mar 2020 (Franzen O et al. 2019, Database, doi:10.1093/database/baz046), mouse entries, cell type ""Microglia""; https://panglaodb.se/markers/PanglaoDB_markers_27_Mar_2020.tsv.gz"
Microglia,ALDH1A2,"PanglaoDB markers 27 Mar 2020 (Franzen O et al. 2019, Database, doi:10.1093/database/baz046), mouse entries, cell type ""Microglia""; https://panglaodb.se/markers/PanglaoDB_markers_27_Mar_2020.tsv.gz"
Microglia,AEBP1,"PanglaoDB markers 27 Mar 2020 (Franzen O et al. 2019, Database, doi:10.1093/database/baz046), mouse entries, cell type ""Microglia""; https://panglaodb.se/markers/PanglaoDB_markers_27_Mar_2020.tsv.gz"
Microglia,PTGDS,"PanglaoDB markers 27 Mar 2020 (Franzen O et al. 2019, Database, doi:10.1093/database/baz046), mouse entries, cell type ""Microglia""; https://panglaodb.se/markers/PanglaoDB_markers_27_Mar_2020.tsv.gz"
Microglia,CCR5,"PanglaoDB markers 27 Mar 2020 (Franzen O et al. 2019, Database, doi:10.1093/database/baz046), mouse entries, cell type ""Microglia""; https://panglaodb.se/markers/PanglaoDB_markers_27_Mar_2020.tsv.gz"
Microglia,SLCO2B1,"PanglaoDB markers 27 Mar 2020 (Franzen O et al. 2019, Database, doi:10.1093/database/baz046), mouse entries, cell type ""Microglia""; https://panglaodb.se/markers/PanglaoDB_markers_27_Mar_2020.tsv.gz"
Microglia,PTGS1,"PanglaoDB markers 27 Mar 2020 (Franzen O et al. 2019, Database, doi:10.1093/database/baz046), mouse entries, cell type ""Microglia""; https://panglaodb.se/markers/PanglaoDB_markers_27_Mar_2020.tsv.gz"
Microglia,APBB1IP,"PanglaoDB markers 27 Mar 2020 (Franzen O et al. 2019, Database, doi:10.1093/database/baz046), mouse entries, cell type ""Microglia""; https://panglaodb.se/markers/PanglaoDB_markers_27_Mar_2020.tsv.gz"
Microglia,CYFIP1,"PanglaoDB markers 27 Mar 2020 (Franzen O et al. 2019, Database, doi:10.1093/database/baz046), mouse entries, cell type ""Microglia""; https://panglaodb.se/markers/PanglaoDB_markers_27_Mar_2020.tsv.gz"
Microglia,CYTH4,"PanglaoDB markers 27 Mar 2020 (Franzen O et al. 2019, Database, doi:10.1093/database/baz046), mouse entries, cell type ""Microglia""; https://panglaodb.se/markers/PanglaoDB_markers_27_Mar_2020.tsv.gz"
Microglia,MERTK,"PanglaoDB markers 27 Mar 2020 (Franzen O et al. 2019, Database, doi:10.1093/database/baz046), mouse entries, cell type ""Microglia""; https://panglaodb.se/markers/PanglaoDB_markers_27_Mar_2020.tsv.gz"
Microglia,MAFB,"PanglaoDB markers 27 Mar 2020 (Franzen O et al. 2019, Database, doi:10.1093/database/baz046), mouse entries, cell type ""Microglia""; https://panglaodb.se/markers/PanglaoDB_markers_27_Mar_2020.tsv.gz"
Microglia,HPGDS,"PanglaoDB markers 27 Mar 2020 (Franzen O et al. 2019, Database, doi:10.1093/database/baz046), mouse entries, cell type ""Microglia""; https://panglaodb.se/markers/PanglaoDB_markers_27_Mar_2020.tsv.gz"
Microglia,BIN2,"PanglaoDB markers 27 Mar 2020 (Franzen O et al. 2019, Database, doi:10.1093/database/baz046), mouse entries, cell type ""Microglia""; https://panglaodb.se/markers/PanglaoDB_markers_27_Mar_2020.tsv.gz"
Microglia,FCGR1,"PanglaoDB markers 27 Mar 2020 (Franzen O et al. 2019, Database, doi:10.1093/database/baz046), mouse entries, cell type ""Microglia""; https://panglaodb.se/markers/PanglaoDB_markers_27_Mar_2020.tsv.gz"
Microglia,CMTM6,"PanglaoDB markers 27 Mar 2020 (Franzen O et al. 2019, Database, doi:10.1093/database/baz046), mouse entries, cell type ""Microglia""; https://panglaodb.se/markers/PanglaoDB_markers_27_Mar_2020.tsv.gz"
Microglia,CCL4,"PanglaoDB markers 27 Mar 2020 (Franzen O et al. 2019, Database, doi:10.1093/database/baz046), mouse entries, cell type ""Microglia""; https://panglaodb.se/markers/PanglaoDB_markers_27_Mar_2020.tsv.gz"
Microglia,CCL3,"PanglaoDB markers 27 Mar 2020 (Franzen O et al. 2019, Database, doi:10.1093/database/baz046), mouse entries, cell type ""Microglia""; https://panglaodb.se/markers/PanglaoDB_markers_27_Mar_2020.tsv.gz"
Microglia,CCRL2,"PanglaoDB markers 27 Mar 2020 (Franzen O et al. 2019, Database, doi:10.1093/database/baz046), mouse entries, cell type ""Microglia""; https://panglaodb.se/markers/PanglaoDB_markers_27_Mar_2020.tsv.gz"
Microglia,UCP2,"PanglaoDB markers 27 Mar 2020 (Franzen O et al. 2019, Database, doi:10.1093/database/baz046), mouse entries, cell type ""Microglia""; https://panglaodb.se/markers/PanglaoDB_markers_27_Mar_2020.tsv.gz"
Microglia,CLEC3B,"PanglaoDB markers 27 Mar 2020 (Franzen O et al. 2019, Database, doi:10.1093/database/baz046), mouse entries, cell type ""Microglia""; https://panglaodb.se/markers/PanglaoDB_markers_27_Mar_2020.tsv.gz"
Microglia,MRC2,"PanglaoDB markers 27 Mar 2020 (Franzen O et al. 2019, Database, doi:10.1093/database/baz046), mouse entries, cell type ""Microglia""; https://panglaodb.se/markers/PanglaoDB_markers_27_Mar_2020.tsv.gz"
Microglia,CLEC10A,"PanglaoDB markers 27 Mar 2020 (Franzen O et al. 2019, Database, doi:10.1093/database/baz046), mouse entries, cell type ""Microglia""; https://panglaodb.se/markers/PanglaoDB_markers_27_Mar_2020.tsv.gz"
Microglia,PF4,"PanglaoDB markers 27 Mar 2020 (Franzen O et al. 2019, Database, doi:10.1093/database/baz046), mouse entries, cell type ""Microglia""; https://panglaodb.se/markers/PanglaoDB_markers_27_Mar_2020.tsv.gz"
Microglia,CTS3,"PanglaoDB markers 27 Mar 2020 (Franzen O et al. 2019, Database, doi:10.1093/database/baz046), mouse entries, cell type ""Microglia""; https://panglaodb.se/markers/PanglaoDB_markers_27_Mar_2020.tsv.gz"
Microglia,FCGR3,"PanglaoDB markers 27 Mar 2020 (Franzen O et al. 2019, Database, doi:10.1093/database/baz046), mouse entries, cell type ""Microglia""; https://panglaodb.se/markers/PanglaoDB_markers_27_Mar_2020.tsv.gz"
Microglia,CD53,"PanglaoDB markers 27 Mar 2020 (Franzen O et al. 2019, Database, doi:10.1093/database/baz046), mouse entries, cell type ""Microglia""; https://panglaodb.se/markers/PanglaoDB_markers_27_Mar_2020.tsv.gz"
Microglia,FOS,"PanglaoDB markers 27 Mar 2020 (Franzen O et al. 2019, Database, doi:10.1093/database/baz046), mouse entries, cell type ""Microglia""; https://panglaodb.se/markers/PanglaoDB_markers_27_Mar_2020.tsv.gz"
Microglia,EGR1,"PanglaoDB markers 27 Mar 2020 (Franzen O et al. 2019, Database, doi:10.1093/database/baz046), mouse entries, cell type ""Microglia""; https://panglaodb.se/markers/PanglaoDB_markers_27_Mar_2020.tsv.gz"
Microglia,AIF1,"PanglaoDB markers 27 Mar 2020 (Franzen O et al. 2019, Database, doi:10.1093/database/baz046), mouse entries, cell type ""Microglia""; https://panglaodb.se/markers/PanglaoDB_markers_27_Mar_2020.tsv.gz"
Microglia,CTSS,"PanglaoDB markers 27 Mar 2020 (Franzen O et al. 2019, Database, doi:10.1093/database/baz046), mouse entries, cell type ""Microglia""; https://panglaodb.se/markers/PanglaoDB_markers_27_Mar_2020.tsv.gz"
Microglia,CSF1R,"PanglaoDB markers 27 Mar 2020 (Franzen O et al. 2019, Database, doi:10.1093/database/baz046), mouse entries, cell type ""Microglia""; https://panglaodb.se/markers/PanglaoDB_markers_27_Mar_2020.tsv.gz"
Microglia,SKI,"PanglaoDB markers 27 Mar 2020 (Franzen O et al. 2019, Database, doi:10.1093/database/baz046), mouse entries, cell type ""Microglia""; https://panglaodb.se/markers/PanglaoDB_markers_27_Mar_2020.tsv.gz"
Microglia,C1QB,"PanglaoDB markers 27 Mar 2020 (Franzen O et al. 2019, Database, doi:10.1093/database/baz046), mouse entries, cell type ""Microglia""; https://panglaodb.se/markers/PanglaoDB_markers_27_Mar_2020.tsv.gz"
Macrophages,ITGAL,"PanglaoDB markers 27 Mar 2020 (Franzen O et al. 2019, Database, doi:10.1093/database/baz046), mouse entries, cell type ""Macrophages""; https://panglaodb.se/markers/PanglaoDB_markers_27_Mar_2020.tsv.gz"
Macrophages,ITGAM,"PanglaoDB markers 27 Mar 2020 (Franzen O et al. 2019, Database, doi:10.1093/database/baz046), mouse entries, cell type ""Macrophages""; https://panglaodb.se/markers/PanglaoDB_markers_27_Mar_2020.tsv.gz"
Macrophages,CD14,"PanglaoDB markers 27 Mar 2020 (Franzen O et al. 2019, Database, doi:10.1093/database/baz046), mouse entries, cell type ""Macrophages""; https://panglaodb.se/markers/PanglaoDB_markers_27_Mar_2020.tsv.gz"
Macrophages,FUT4,"PanglaoDB markers 27 Mar 2020 (Franzen O et al. 2019, Database, doi:10.1093/database/baz046), mouse entries, cell type ""Macrophages""; https://panglaodb.se/markers/PanglaoDB_markers_27_Mar_2020.tsv.gz"
Macrophages,CD33,"PanglaoDB markers 27 Mar 2020 (Franzen O et al. 2019, Database, doi:10.1093/database/baz046), mouse entries, cell type ""Macrophages""; https://panglaodb.se/markers/PanglaoDB_markers_27_Mar_2020.tsv.gz"
Macrophages,CD80,"PanglaoDB markers 27 Mar 2020 (Franzen O et al. 2019, Database, doi:10.1093/database/baz046), mouse entries, cell type ""Macrophages""; https://panglaodb.se/markers/PanglaoDB_markers_27_Mar_2020.tsv.gz"
Macrophages,CD86,"PanglaoDB markers 27 Mar 2020 (Franzen O et al. 2019, Database, doi:10.1093/database/baz046), mouse entries, cell type ""Macrophages""; https://panglaodb.se/markers/PanglaoDB_markers_27_Mar_2020.tsv.gz"
Macrophages,CD163,"PanglaoDB markers 27 Mar 2020 (Franzen O et al. 2019, Database, doi:10.1093/database/baz046), mouse entries, cell type ""Macrophages""; https://panglaodb.se/markers/PanglaoDB_markers_27_Mar_2020.tsv.gz"
Macrophages,CCR5,"PanglaoDB markers 27 Mar 2020 (Franzen O et al. 2019, Database, doi:10.1093/database/baz046), mouse entries, cell type ""Macrophages""; https://panglaodb.se/markers/PanglaoDB_markers_27_Mar_2020.tsv.gz"
Macrophages,TLR2,"PanglaoDB markers 27 Mar 2020 (Franzen O et al. 2019, Database, doi:10.1093/database/baz046), mouse entries, cell type ""Macrophages""; https://panglaodb.se/markers/PanglaoDB_markers_27_Mar_2020.tsv.gz"
Macrophages,TLR4,"PanglaoDB markers 27 Mar 2020 (Franzen O et al. 2019, Database, doi:10.1093/database/baz046), mouse entries, cell type ""Macrophages""; https://panglaodb.se/markers/PanglaoDB_markers_27_Mar_2020.tsv.gz"
Macrophages,ADGRE1,"PanglaoDB markers 27 Mar 2020 (Franzen O et al. 2019, Database, doi:10.1093/database/baz046), mouse entries, cell type ""Macrophages""; https://panglaodb.se/markers/PanglaoDB_markers_27_Mar_2020.tsv.gz"
Macrophages,GPR34,"PanglaoDB markers 27 Mar 2020 (Franzen O et al. 2019, Database, doi:10.1093/database/baz046), mouse entries, cell type ""Macrophages""; https://panglaodb.se/markers/PanglaoDB_markers_27_Mar_2020.tsv.gz"
Macrophages,CCL9,"PanglaoDB markers 27 Mar 2020 (Franzen O et al. 2019, Database, doi:10.1093/database/baz046), mouse entries, cell type ""Macrophages""; https://panglaodb.se/markers/PanglaoDB_markers_27_Mar_2020.tsv.gz"
Macrophages,TREM2,"PanglaoDB markers 27 Mar 2020 (Franzen O et al. 2019, Database, doi:10.1093/database/baz046), mouse entries, cell type ""Macrophages""; https://panglaodb.se/markers/PanglaoDB_markers_27_Mar_2020.tsv.gz"
Macrophages,FABP4,"PanglaoDB markers 27 Mar 2020 (Franzen O et al. 2019, Database, doi:10.1093/database/baz046), mouse entries, cell type ""Macrophages""; https://panglaodb.se/markers/PanglaoDB_markers_27_Mar_2020.tsv.gz"
Macrophages,S100A8,"PanglaoDB markers 27 Mar 2020 (Franzen O et al. 2019, Database, doi:10.1093/database/baz046), mouse entries, cell type ""Macrophages""; https://panglaodb.se/markers/PanglaoDB_markers_27_Mar_2020.tsv.gz"
Macrophages,WFDC17,"PanglaoDB markers 27 Mar 2020 (Franzen O et al. 2019, Database, doi:10.1093/database/baz046), mouse entries, cell type ""Macrophages""; https://panglaodb.se/markers/PanglaoDB_markers_27_Mar_2020.tsv.gz"
Macrophages,CPM,"PanglaoDB markers 27 Mar 2020 (Franzen O et al. 2019, Database, doi:10.1093/database/baz046), mouse entries, cell type ""Macrophages""; https://panglaodb.se/markers/PanglaoDB_markers_27_Mar_2020.tsv.gz"
Macrophages,CHIT1,"PanglaoDB markers 27 Mar 2020 (Franzen O et al. 2019, Database, doi:10.1093/database/baz046), mouse entries, cell type ""Macrophages""; https://panglaodb.se/markers/PanglaoDB_markers_27_Mar_2020.tsv.gz"
Macrophages,F13A1,"PanglaoDB markers 27 Mar 2020 (Franzen O et al. 2019, Database, doi:10.1093/database/baz046), mouse entries, cell type ""Macrophages""; https://panglaodb.se/markers/PanglaoDB_markers_27_Mar_2020.tsv.gz"
Macrophages,H2-DMA,"PanglaoDB markers 27 Mar 2020 (Franzen O et al. 2019, Database, doi:10.1093/database/baz046), mouse entries, cell type ""Macrophages""; https://panglaodb.se/markers/PanglaoDB_markers_27_Mar_2020.tsv.gz"
Macrophages,CX3CR1,"PanglaoDB markers 27 Mar 2020 (Franzen O et al. 2019, Database, doi:10.1093/database/baz046), mouse entries, cell type ""Macrophages""; https://panglaodb.se/markers/PanglaoDB_markers_27_Mar_2020.tsv.gz"
Macrophages,CXCL16,"PanglaoDB markers 27 Mar 2020 (Franzen O et al. 2019, Database, doi:10.1093/database/baz046), mouse entries, cell type ""Macrophages""; https://panglaodb.se/markers/PanglaoDB_markers_27_Mar_2020.tsv.gz"
Macrophages,TGFBR1,"PanglaoDB markers 27 Mar 2020 (Franzen O et al. 2019, Database, doi:10.1093/database/baz046), mouse entries, cell type ""Macrophages""; https://panglaodb.se/markers/PanglaoDB_markers_27_Mar_2020.tsv.gz"
Macrophages,SLAMF9,"PanglaoDB markers 27 Mar 2020 (Franzen O et al. 2019, Database, doi:10.1093/database/baz046), mouse entries, cell type ""Macrophages""; https://panglaodb.se/markers/PanglaoDB_markers_27_Mar_2020.tsv.gz"
Macrophages,MGL2,"PanglaoDB markers 27 Mar 2020 (Franzen O et al. 2019, Database, doi:10.1093/database/baz046), mouse entries, cell type ""Macrophages""; https://panglaodb.se/markers/PanglaoDB_markers_27_Mar_2020.tsv.gz"
Macrophages,SCIMP,"PanglaoDB markers 27 Mar 2020 (Franzen O et al. 2019, Database, doi:10.1093/database/baz046), mouse entries, cell type ""Macrophages""; https://panglaodb.se/markers/PanglaoDB_markers_27_Mar_2020.tsv.gz"
Macrophages,LILRA5,"PanglaoDB markers 27 Mar 2020 (Franzen O et al. 2019, Database, doi:10.1093/database/baz046), mouse entries, cell type ""Macrophages""; https://panglaodb.se/markers/PanglaoDB_markers_27_Mar_2020.tsv.gz"
Macrophages,CLEC4A2,"PanglaoDB markers 27 Mar 2020 (Franzen O et al. 2019, Database, doi:10.1093/database/baz046), mouse entries, cell type ""Macrophages""; https://panglaodb.se/markers/PanglaoDB_markers_27_Mar_2020.tsv.gz"
Macrophages,CCL12,"PanglaoDB markers 27 Mar 2020 (Franzen O et al. 2019, Database, doi:10.1093/database/baz046), mouse entries, cell type ""Macrophages""; https://panglaodb.se/markers/PanglaoDB_markers_27_Mar_2020.tsv.gz"
Macrophages,CD83,"PanglaoDB markers 27 Mar 2020 (Franzen O et al. 2019, Database, doi:10.1093/database/baz046), mouse entries, cell type ""Macrophages""; https://panglaodb.se/markers/PanglaoDB_markers_27_Mar_2020.tsv.gz"
Macrophages,C3AR1,"PanglaoDB markers 27 Mar 2020 (Franzen O et al. 2019, Database, doi:10.1093/database/baz046), mouse entries, cell type ""Macrophages""; https://panglaodb.se/markers/PanglaoDB_markers_27_Mar_2020.tsv.gz"
Macrophages,STAB1,"PanglaoDB markers 27 Mar 2020 (Franzen O et al. 2019, Database, doi:10.1093/database/baz046), mouse entries, cell type ""Macrophages""; https://panglaodb.se/markers/PanglaoDB_markers_27_Mar_2020.tsv.gz"
Macrophages,MRC1,"PanglaoDB markers 27 Mar 2020 (Franzen O et al. 2019, Database, doi:10.1093/database/baz046), mouse entries, cell type ""Macrophages""; https://panglaodb.se/markers/PanglaoDB_markers_27_Mar_2020.tsv.gz"
Macrophages,PARP14,"PanglaoDB markers 27 Mar 2020 (Franzen O et al. 2019, Database, doi:10.1093/database/baz046), mouse entries, cell type ""Macrophages""; https://panglaodb.se/markers/PanglaoDB_markers_27_Mar_2020.tsv.gz"
Macrophages,FGD2,"PanglaoDB markers 27 Mar 2020 (Franzen O et al. 2019, Database, doi:10.1093/database/baz046), mouse entries, cell type ""Macrophages""; https://panglaodb.se/markers/PanglaoDB_markers_27_Mar_2020.tsv.gz"
Macrophages,FCGR1,"PanglaoDB markers 27 Mar 2020 (Franzen O et al. 2019, Database, doi:10.1093/database/baz046), mouse entries, cell type ""Macrophages""; https://panglaodb.se/markers/PanglaoDB_markers_27_Mar_2020.tsv.gz"
Macrophages,RAB7B,"PanglaoDB markers 27 Mar 2020 (Franzen O et al. 2019, Database, doi:10.1093/database/baz046), mouse entries, cell type ""Macrophages""; https://panglaodb.se/markers/PanglaoDB_markers_27_Mar_2020.tsv.gz"
Macrophages,RBPJ,"PanglaoDB markers 27 Mar 2020 (Franzen O et al. 2019, Database, doi:10.1093/database/baz046), mouse entries, cell type ""Macrophages""; https://panglaodb.se/markers/PanglaoDB_markers_27_Mar_2020.tsv.gz"
Macrophages,SLCO2B1,"PanglaoDB markers 27 Mar 2020 (Franzen O et al. 2019, Database, doi:10.1093/database/baz046), mouse entries, cell type ""Macrophages""; https://panglaodb.se/markers/PanglaoDB_markers_27_Mar_2020.tsv.gz"
Macrophages,NAAA,"PanglaoDB markers 27 Mar 2020 (Franzen O et al. 2019, Database, doi:10.1093/database/baz046), mouse entries, cell type ""Macrophages""; https://panglaodb.se/markers/PanglaoDB_markers_27_Mar_2020.tsv.gz"
Macrophages,MARCH1,"PanglaoDB markers 27 Mar 2020 (Franzen O et al. 2019, Database, doi:10.1093/database/baz046), mouse entries, cell type ""Macrophages""; https://panglaodb.se/markers/PanglaoDB_markers_27_Mar_2020.tsv.gz"
Macrophages,EGLN3,"PanglaoDB markers 27 Mar 2020 (Franzen O et al. 2019, Database, doi:10.1093/database/baz046), mouse entries, cell type ""Macrophages""; https://panglaodb.se/markers/PanglaoDB_markers_27_Mar_2020.tsv.gz"
Macrophages,FGL2,"PanglaoDB markers 27 Mar 2020 (Franzen O et al. 2019, Database, doi:10.1093/database/baz046), mouse entries, cell type ""Macrophages""; https://panglaodb.se/markers/PanglaoDB_markers_27_Mar_2020.tsv.gz"
Macrophages,CCL6,"PanglaoDB markers 27 Mar 2020 (Franzen O et al. 2019, Database, doi:10.1093/database/baz046), mouse entries, cell type ""Macrophages""; https://panglaodb.se/markers/PanglaoDB_markers_27_Mar_2020.tsv.gz"
Macrophages,GPNMB,"PanglaoDB markers 27 Mar 2020 (Franzen O et al. 2019, Database, doi:10.1093/database/baz046), mouse entries, cell type ""Macrophages""; https://panglaodb.se/markers/PanglaoDB_markers_27_Mar_2020.tsv.gz"
Macrophages,CLEC4D,"PanglaoDB markers 27 Mar 2020 (Franzen O et al. 2019, Database, doi:10.1093/database/baz046), mouse entries, cell type ""Macrophages""; https://panglaodb.se/markers/PanglaoDB_markers_27_Mar_2020.tsv.gz"
Macrophages,ADAM8,"PanglaoDB markers 27 Mar 2020 (Franzen O et al. 2019, Database, doi:10.1093/database/baz046), mouse entries, cell type ""Macrophages""; https://panglaodb.se/markers/PanglaoDB_markers_27_Mar_2020.tsv.gz"
Macrophages,ARL11,"PanglaoDB markers 27 Mar 2020 (Franzen O et al. 2019, Database, doi:10.1093/database/baz046), mouse entries, cell type ""Macrophages""; https://panglaodb.se/markers/PanglaoDB_markers_27_Mar_2020.tsv.gz"
Macrophages,MMP12,"PanglaoDB markers 27 Mar 2020 (Franzen O et al. 2019, Database, doi:10.1093/database/baz046), mouse entries, cell type ""Macrophages""; https://panglaodb.se/markers/PanglaoDB_markers_27_Mar_2020.tsv.gz"
Macrophages,LYVE1,"PanglaoDB markers 27 Mar 2020 (Franzen O et al. 2019, Database, doi:10.1093/database/baz046), mouse entries, cell type ""Macrophages""; https://panglaodb.se/markers/PanglaoDB_markers_27_Mar_2020.tsv.gz"
Macrophages,PLTP,"PanglaoDB markers 27 Mar 2020 (Franzen O et al. 2019, Database, doi:10.1093/database/baz046), mouse entries, cell type ""Macrophages""; https://panglaodb.se/markers/PanglaoDB_markers_27_Mar_2020.tsv.gz"
Macrophages,VSIG4,"PanglaoDB markers 27 Mar 2020 (Franzen O et al. 2019, Database, doi:10.1093/database/baz046), mouse entries, cell type ""Macrophages""; https://panglaodb.se/markers/PanglaoDB_markers_27_Mar_2020.tsv.gz"
Macrophages,MS4A4A,"PanglaoDB markers 27 Mar 2020 (Franzen O et al. 2019, Database, doi:10.1093/database/baz046), mouse entries, cell type ""Macrophages""; https://panglaodb.se/markers/PanglaoDB_markers_27_Mar_2020.tsv.gz"
Macrophages,FPR1,"PanglaoDB markers 27 Mar 2020 (Franzen O et al. 2019, Database, doi:10.1093/database/baz046), mouse entries, cell type ""Macrophages""; https://panglaodb.se/markers/PanglaoDB_markers_27_Mar_2020.tsv.gz"
Macrophages,CD180,"PanglaoDB markers 27 Mar 2020 (Franzen O et al. 2019, Database, doi:10.1093/database/baz046), mouse entries, cell type ""Macrophages""; https://panglaodb.se/markers/PanglaoDB_markers_27_Mar_2020.tsv.gz"
Macrophages,RETNLA,"PanglaoDB markers 27 Mar 2020 (Franzen O et al. 2019, Database, doi:10.1093/database/baz046), mouse entries, cell type ""Macrophages""; https://panglaodb.se/markers/PanglaoDB_markers_27_Mar_2020.tsv.gz"
Macrophages,GDF15,"PanglaoDB markers 27 Mar 2020 (Franzen O et al. 2019, Database, doi:10.1093/database/baz046), mouse entries, cell type ""Macrophages""; https://panglaodb.se/markers/PanglaoDB_markers_27_Mar_2020.tsv.gz"
Macrophages,RAB20,"PanglaoDB markers 27 Mar 2020 (Franzen O et al. 2019, Database, doi:10.1093/database/baz046), mouse entries, cell type ""Macrophages""; https://panglaodb.se/markers/PanglaoDB_markers_27_Mar_2020.tsv.gz"
Macrophages,HFE,"PanglaoDB markers 27 Mar 2020 (Franzen O et al. 2019, Database, doi:10.1093/database/baz046), mouse entries, cell type ""Macrophages""; https://panglaodb.se/markers/PanglaoDB_markers_27_Mar_2020.tsv.gz"
Macrophages,TNF,"PanglaoDB markers 27 Mar 2020 (Franzen O et al. 2019, Database, doi:10.1093/database/baz046), mouse entries, cell type ""Macrophages""; https://panglaodb.se/markers/PanglaoDB_markers_27_Mar_2020.tsv.gz"
Macrophages,CCR2,"PanglaoDB markers 27 Mar 2020 (Franzen O et al. 2019, Database, doi:10.1093/database/baz046), mouse entries, cell type ""Macrophages""; https://panglaodb.se/markers/PanglaoDB_markers_27_Mar_2020.tsv.gz"
Macrophages,SNX20,"PanglaoDB markers 27 Mar 2020 (Franzen O et al. 2019, Database, doi:10.1093/database/baz046), mouse entries, cell type ""Macrophages""; https://panglaodb.se/markers/PanglaoDB_markers_27_Mar_2020.tsv.gz"
Macrophages,CD209A,"PanglaoDB markers 27 Mar 2020 (Franzen O et al. 2019, Database, doi:10.1093/database/baz046), mouse entries, cell type ""Macrophages""; https://panglaodb.se/markers/PanglaoDB_markers_27_Mar_2020.tsv.gz"
Macrophages,FMNL1,"PanglaoDB markers 27 Mar 2020 (Franzen O et al. 2019, Database, doi:10.1093/database/baz046), mouse entries, cell type ""Macrophages""; https://panglaodb.se/markers/PanglaoDB_markers_27_Mar_2020.tsv.gz"
Macrophages,GPR132,"PanglaoDB markers 27 Mar 2020 (Franzen O et al. 2019, Database, doi:10.1093/database/baz046), mouse entries, cell type ""Macrophages""; https://panglaodb.se/markers/PanglaoDB_markers_27_Mar_2020.tsv.gz"
Macrophages,SLAMF7,"PanglaoDB markers 27 Mar 2020 (Franzen O et al. 2019, Database, doi:10.1093/database/baz046), mouse entries, cell type ""Macrophages""; https://panglaodb.se/markers/PanglaoDB_markers_27_Mar_2020.tsv.gz"
Macrophages,NCEH1,"PanglaoDB markers 27 Mar 2020 (Franzen O et al. 2019, Database, doi:10.1093/database/baz046), mouse entries, cell type ""Macrophages""; https://panglaodb.se/markers/PanglaoDB_markers_27_Mar_2020.tsv.gz"
Macrophages,CCL24,"PanglaoDB markers 27 Mar 2020 (Franzen O et al. 2019, Database, doi:10.1093/database/baz046), mouse entries, cell type ""Macrophages""; https://panglaodb.se/markers/PanglaoDB_markers_27_Mar_2020.tsv.gz"
Macrophages,C5AR1,"PanglaoDB markers 27 Mar 2020 (Franzen O et al. 2019, Database, doi:10.1093/database/baz046), mouse entries, cell type ""Macrophages""; https://panglaodb.se/markers/PanglaoDB_markers_27_Mar_2020.tsv.gz"
Macrophages,CD300A,"PanglaoDB markers 27 Mar 2020 (Franzen O et al. 2019, Database, doi:10.1093/database/baz046), mouse entries, cell type ""Macrophages""; https://panglaodb.se/markers/PanglaoDB_markers_27_Mar_2020.tsv.gz"
Macrophages,CXCL2,"PanglaoDB markers 27 Mar 2020 (Franzen O et al. 2019, Database, doi:10.1093/database/baz046), mouse entries, cell type ""Macrophages""; https://panglaodb.se/markers/PanglaoDB_markers_27_Mar_2020.tsv.gz"
Macrophages,CCL7,"PanglaoDB markers 27 Mar 2020 (Franzen O et al. 2019, Database, doi:10.1093/database/baz046), mouse entries, cell type ""Macrophages""; https://panglaodb.se/markers/PanglaoDB_markers_27_Mar_2020.tsv.gz"
Macrophages,CCL2,"PanglaoDB markers 27 Mar 2020 (Franzen O et al. 2019, Database, doi:10.1093/database/baz046), mouse entries, cell type ""Macrophages""; https://panglaodb.se/markers/PanglaoDB_markers_27_Mar_2020.tsv.gz"
Macrophages,IL1B,"PanglaoDB markers 27 Mar 2020 (Franzen O et al. 2019, Database, doi:10.1093/database/baz046), mouse entries, cell type ""Macrophages""; https://panglaodb.se/markers/PanglaoDB_markers_27_Mar_2020.tsv.gz"
Macrophages,IRF5,"PanglaoDB markers 27 Mar 2020 (Franzen O et al. 2019, Database, doi:10.1093/database/baz046), mouse entries, cell type ""Macrophages""; https://panglaodb.se/markers/PanglaoDB_markers_27_Mar_2020.tsv.gz"
Macrophages,AHR,"PanglaoDB markers 27 Mar 2020 (Franzen O et al. 2019, Database, doi:10.1093/database/baz046), mouse entries, cell type ""Macrophages""; https://panglaodb.se/markers/PanglaoDB_markers_27_Mar_2020.tsv.gz"
Macrophages,MYO1G,"PanglaoDB markers 27 Mar 2020 (Franzen O et al. 2019, Database, doi:10.1093/database/baz046), mouse entries, cell type ""Macrophages""; https://panglaodb.se/markers/PanglaoDB_markers_27_Mar_2020.tsv.gz"
Macrophages,DUSP5,"PanglaoDB markers 27 Mar 2020 (Franzen O et al. 2019, Database, doi:10.1093/database/baz046), mouse entries, cell type ""Macrophages""; https://panglaodb.se/markers/PanglaoDB_markers_27_Mar_2020.tsv.gz"
Macrophages,GPR171,"PanglaoDB markers 27 Mar 2020 (Franzen O et al. 2019, Database, doi:10.1093/database/baz046), mouse entries, cell type ""Macrophages""; https://panglaodb.se/markers/PanglaoDB_markers_27_Mar_2020.tsv.gz"
Macrophages,CCR7,"PanglaoDB markers 27 Mar 2020 (Franzen O et al. 2019, Database, doi:10.1093/database/baz046), mouse entries, cell type ""Macrophages""; https://panglaodb.se/markers/PanglaoDB_markers_27_Mar_2020.tsv.gz"
Macrophages,DNASE1L3,"PanglaoDB markers 27 Mar 2020 (Franzen O et al. 2019, Database, doi:10.1093/database/baz046), mouse entries, cell type ""Macrophages""; https://panglaodb.se/markers/PanglaoDB_markers_27_Mar_2020.tsv.gz"
Macrophages,CXCL1,"PanglaoDB markers 27 Mar 2020 (Franzen O et al. 2019, Database, doi:10.1093/database/baz046), mouse entries, cell type ""Macrophages""; https://panglaodb.se/markers/PanglaoDB_markers_27_Mar_2020.tsv.gz"
Macrophages,SAMSN1,"PanglaoDB markers 27 Mar 2020 (Franzen O et al. 2019, Database, doi:10.1093/database/baz046), mouse entries, cell type ""Macrophages""; https://panglaodb.se/markers/PanglaoDB_markers_27_Mar_2020.tsv.gz"
Macrophages,NR4A3,"PanglaoDB markers 27 Mar 2020 (Franzen O et al. 2019, Database, doi:10.1093/database/baz046), mouse entries, cell type ""Macrophages""; https://panglaodb.se/markers/PanglaoDB_markers_27_Mar_2020.tsv.gz"
Macrophages,CCL22,"PanglaoDB markers 27 Mar 2020 (Franzen O et al. 2019, Database, doi:10.1093/database/baz046), mouse entries, cell type ""Macrophages""; https://panglaodb.se/markers/PanglaoDB_markers_27_Mar_2020.tsv.gz"
Macrophages,S100A4,"PanglaoDB markers 27 Mar 2020 (Franzen O et al. 2019, Database, doi:10.1093/database/baz046), mouse entries, cell type ""Macrophages""; https://panglaodb.se/markers/PanglaoDB_markers_27_Mar_2020.tsv.gz"
Macrophages,MMP9,"PanglaoDB markers 27 Mar 2020 (Franzen O et al. 2019, Database, doi:10.1093/database/baz046), mouse entries, cell type ""Macrophages""; https://panglaodb.se/markers/PanglaoDB_markers_27_Mar_2020.tsv.gz"
Macrophages,HILPDA,"PanglaoDB markers 27 Mar 2020 (Franzen O et al. 2019, Database, doi:10.1093/database/baz046), mouse entries, cell type ""Macrophages""; https://panglaodb.se/markers/PanglaoDB_markers_27_Mar_2020.tsv.gz"
Macrophages,NRP2,"PanglaoDB markers 27 Mar 2020 (Franzen O et al. 2019, Database, doi:10.1093/database/baz046), mouse entries, cell type ""Macrophages""; https://panglaodb.se/markers/PanglaoDB_markers_27_Mar_2020.tsv.gz"
Macrophages,SLC37A2,"PanglaoDB markers 27 Mar 2020 (Franzen O et al. 2019, Database, doi:10.1093/database/baz046), mouse entries, cell type ""Macrophages""; https://panglaodb.se/markers/PanglaoDB_markers_27_Mar_2020.tsv.gz"
Macrophages,CTSK,"PanglaoDB markers 27 Mar 2020 (Franzen O et al. 2019, Database, doi:10.1093/database/baz046), mouse entries, cell type ""Macrophages""; https://panglaodb.se/markers/PanglaoDB_markers_27_Mar_2020.tsv.gz"
Macrophages,CD36,"PanglaoDB markers 27 Mar 2020 (Franzen O et al. 2019, Database, doi:10.1093/database/baz046), mouse entries, cell type ""Macrophages""; https://panglaodb.se/markers/PanglaoDB_markers_27_Mar_2020.tsv.gz"
Macrophages,LPCAT2,"PanglaoDB markers 27 Mar 2020 (Franzen O et al. 2019, Database, doi:10.1093/database/baz046), mouse entries, cell type ""Macrophages""; https://panglaodb.se/markers/PanglaoDB_markers_27_Mar_2020.tsv.gz"
Macrophages,HPGDS,"PanglaoDB markers 27 Mar 2020 (Franzen O et al. 2019, Database, doi:10.1093/database/baz046), mouse entries, cell type ""Macrophages""; https://panglaodb.se/markers/PanglaoDB_markers_27_Mar_2020.tsv.gz"
Macrophages,IFNAR2,"PanglaoDB markers 27 Mar 2020 (Franzen O et al. 2019, Database, doi:10.1093/database/baz046), mouse entries, cell type ""Macrophages""; https://panglaodb.se/markers/PanglaoDB_markers_27_Mar_2020.tsv.gz"
Macrophages,MS4A7,"PanglaoDB markers 27 Mar 2020 (Franzen O et al. 2019, Database, doi:10.1093/database/baz046), mouse entries, cell type ""Macrophages""; https://panglaodb.se/markers/PanglaoDB_markers_27_Mar_2020.tsv.gz"
Macrophages,SLC11A1,"PanglaoDB markers 27 Mar 2020 (Franzen O et al. 2019, Database, doi:10.1093/database/baz046), mouse entries, cell type ""Macrophages""; https://panglaodb.se/markers/PanglaoDB_markers_27_Mar_2020.tsv.gz"
Macrophages,HPGD,"PanglaoDB markers 27 Mar 2020 (Franzen O et al. 2019, Database, doi:10.1093/database/baz046), mouse entries, cell type ""Macrophages""; https://panglaodb.se/markers/PanglaoDB_markers_27_Mar_2020.tsv.gz"
Macrophages,CCL3,"PanglaoDB markers 27 Mar 2020 (Franzen O et al. 2019, Database, doi:10.1093/database/baz046), mouse entries, cell type ""Macrophages""; https://panglaodb.se/markers/PanglaoDB_markers_27_Mar_2020.tsv.gz"
Macrophages,CLEC7A,"PanglaoDB markers 27 Mar 2020 (Franzen O et al. 2019, Database, doi:10.1093/database/baz046), mouse entries, cell type ""Macrophages""; https://panglaodb.se/markers/PanglaoDB_markers_27_Mar_2020.tsv.gz"
Macrophages,CD5L,"PanglaoDB markers 27 Mar 2020 (Franzen O et al. 2019, Database, doi:10.1093/database/baz046), mouse entries, cell type ""Macrophages""; https://panglaodb.se/markers/PanglaoDB_markers_27_Mar_2020.tsv.gz"
Macrophages,LILR4B,"PanglaoDB markers 27 Mar 2020 (Franzen O et al. 2019, Database, doi:10.1093/database/baz046), mouse entries, cell type ""Macrophages""; https://panglaodb.se/markers/PanglaoDB_markers_27_Mar_2020.tsv.gz"
Macrophages,CCL5,"PanglaoDB markers 27 Mar 2020 (Franzen O et al. 2019, Database, doi:10.1093/database/baz046), mouse entries, cell type ""Macrophages""; https://panglaodb.se/markers/PanglaoDB_markers_27_Mar_2020.tsv.gz"
Macrophages,CYTH4,"PanglaoDB markers 27 Mar 2020 (Franzen O et al. 2019, Database, doi:10.1093/database/baz046), mouse entries, cell type ""Macrophages""; https://panglaodb.se/markers/PanglaoDB_markers_27_Mar_2020.tsv.gz"
Macrophages,CLEC4N,"PanglaoDB markers 27 Mar 2020 (Franzen O et al. 2019, Database, doi:10.1093/database/baz046), mouse entries, cell type ""Macrophages""; https://panglaodb.se/markers/PanglaoDB_markers_27_Mar_2020.tsv.gz"
Macrophages,CD209F,"PanglaoDB markers 27 Mar 2020 (Franzen O et al. 2019, Database, doi:10.1093/database/baz046), mouse entries, cell type ""Macrophages""; https://panglaodb.se/markers/PanglaoDB_markers_27_Mar_2020.tsv.gz"
Macrophages,CD3E,"PanglaoDB markers 27 Mar 2020 (Franzen O et al. 2019, Database, doi:10.1093/database/baz046), mouse entries, cell type ""Macrophages""; https://panglaodb.se/markers/PanglaoDB_markers_27_Mar_2020.tsv.gz"
Macrophages,CD19,"PanglaoDB markers 27 Mar 2020 (Franzen O et al. 2019, Database, doi:10.1093/database/baz046), mouse entries, cell type ""Macrophages""; https://panglaodb.se/markers/PanglaoDB_markers_27_Mar_2020.tsv.gz"
Macrophages,CD74,"PanglaoDB markers 27 Mar 2020 (Franzen O et al. 2019, Database, doi:10.1093/database/baz046), mouse entries, cell type ""Macrophages""; https://panglaodb.se/markers/PanglaoDB_markers_27_Mar_2020.tsv.gz"
Macrophages,LYZ1,"PanglaoDB markers 27 Mar 2020 (Franzen O et al. 2019, Database, doi:10.1093/database/baz046), mouse entries, cell type ""Macrophages""; https://panglaodb.se/markers/PanglaoDB_markers_27_Mar_2020.tsv.gz"
Macrophages,CSF1R,"PanglaoDB markers 27 Mar 2020 (Franzen O et al. 2019, Database, doi:10.1093/database/baz046), mouse entries, cell type ""Macrophages""; https://panglaodb.se/markers/PanglaoDB_markers_27_Mar_2020.tsv.gz"
Macrophages,LGALS3,"PanglaoDB markers 27 Mar 2020 (Franzen O et al. 2019, Database, doi:10.1093/database/baz046), mouse entries, cell type ""Macrophages""; https://panglaodb.se/markers/PanglaoDB_markers_27_Mar_2020.tsv.gz"
Macrophages,CD68,"PanglaoDB markers 27 Mar 2020 (Franzen O et al. 2019, Database, doi:10.1093/database/baz046), mouse entries, cell type ""Macrophages""; https://panglaodb.se/markers/PanglaoDB_markers_27_Mar_2020.tsv.gz"
Macrophages,UCP2,"PanglaoDB markers 27 Mar 2020 (Franzen O et al. 2019, Database, doi:10.1093/database/baz046), mouse entries, cell type ""Macrophages""; https://panglaodb.se/markers/PanglaoDB_markers_27_Mar_2020.tsv.gz"
Macrophages,TREML4,"PanglaoDB markers 27 Mar 2020 (Franzen O et al. 2019, Database, doi:10.1093/database/baz046), mouse entries, cell type ""Macrophages""; https://panglaodb.se/markers/PanglaoDB_markers_27_Mar_2020.tsv.gz"
Macrophages,FGR,"PanglaoDB markers 27 Mar 2020 (Franzen O et al. 2019, Database, doi:10.1093/database/baz046), mouse entries, cell type ""Macrophages""; https://panglaodb.se/markers/PanglaoDB_markers_27_Mar_2020.tsv.gz"
Macrophages,CYBB,"PanglaoDB markers 27 Mar 2020 (Franzen O et al. 2019, Database, doi:10.1093/database/baz046), mouse entries, cell type ""Macrophages""; https://panglaodb.se/markers/PanglaoDB_markers_27_Mar_2020.tsv.gz"
Macrophages,CD200,"PanglaoDB markers 27 Mar 2020 (Franzen O et al. 2019, Database, doi:10.1093/database/baz046), mouse entries, cell type ""Macrophages""; https://panglaodb.se/markers/PanglaoDB_markers_27_Mar_2020.tsv.gz"
Macrophages,CD200R1,"PanglaoDB markers 27 Mar 2020 (Franzen O et al. 2019, Database, doi:10.1093/database/baz046), mouse entries, cell type ""Macrophages""; https://panglaodb.se/markers/PanglaoDB_markers_27_Mar_2020.tsv.gz"
Macrophages,GATA6,"PanglaoDB markers 27 Mar 2020 (Franzen O et al. 2019, Database, doi:10.1093/database/baz046), mouse entries, cell type ""Macrophages""; https://panglaodb.se/markers/PanglaoDB_markers_27_Mar_2020.tsv.gz"
Macrophages,H2-AB1,"PanglaoDB markers 27 Mar 2020 (Franzen O et al. 2019, Database, doi:10.1093/database/baz046), mouse entries, cell type ""Macrophages""; https://panglaodb.se/markers/PanglaoDB_markers_27_Mar_2020.tsv.gz"
Macrophages,H2-EB1,"PanglaoDB markers 27 Mar 2020 (Franzen O et al. 2019, Database, doi:10.1093/database/baz046), mouse entries, cell type ""Macrophages""; https://panglaodb.se/markers/PanglaoDB_markers_27_Mar_2020.tsv.gz"
Macrophages,IL4RA,"PanglaoDB markers 27 Mar 2020 (Franzen O et al. 2019, Database, doi:10.1093/database/baz046), mouse entries, cell type ""Macrophages""; https://panglaodb.se/markers/PanglaoDB_markers_27_Mar_2020.tsv.gz"
Macrophages,ITGAX,"PanglaoDB markers 27 Mar 2020 (Franzen O et al. 2019, Database, doi:10.1093/database/baz046), mouse entries, cell type ""Macrophages""; https://panglaodb.se/markers/PanglaoDB_markers_27_Mar_2020.tsv.gz"
Macrophages,LY6C1,"PanglaoDB markers 27 Mar 2020 (Franzen O et al. 2019, Database, doi:10.1093/database/baz046), mouse entries, cell type ""Macrophages""; https://panglaodb.se/markers/PanglaoDB_markers_27_Mar_2020.tsv.gz"
Macrophages,PPARG,"PanglaoDB markers 27 Mar 2020 (Franzen O et al. 2019, Database, doi:10.1093/database/baz046), mouse entries, cell type ""Macrophages""; https://panglaodb.se/markers/PanglaoDB_markers_27_Mar_2020.tsv.gz"
Macrophages,SIGLECF,"PanglaoDB markers 27 Mar 2020 (Franzen O et al. 2019, Database, doi:10.1093/database/baz046), mouse entries, cell type ""Macrophages""; https://panglaodb.se/markers/PanglaoDB_markers_27_Mar_2020.tsv.gz"
Macrophages,TYROBP,"PanglaoDB markers 27 Mar 2020 (Franzen O et al. 2019, Database, doi:10.1093/database/baz046), mouse entries, cell type ""Macrophages""; https://panglaodb.se/markers/PanglaoDB_markers_27_Mar_2020.tsv.gz"
Macrophages,RGS1,"PanglaoDB markers 27 Mar 2020 (Franzen O et al. 2019, Database, doi:10.1093/database/baz046), mouse entries, cell type ""Macrophages""; https://panglaodb.se/markers/PanglaoDB_markers_27_Mar_2020.tsv.gz"
Macrophages,DAB2,"PanglaoDB markers 27 Mar 2020 (Franzen O et al. 2019, Database, doi:10.1093/database/baz046), mouse entries, cell type ""Macrophages""; https://panglaodb.se/markers/PanglaoDB_markers_27_Mar_2020.tsv.gz"
Macrophages,P2RY6,"PanglaoDB markers 27 Mar 2020 (Franzen O et al. 2019, Database, doi:10.1093/database/baz046), mouse entries, cell type ""Macrophages""; https://panglaodb.se/markers/PanglaoDB_markers_27_Mar_2020.tsv.gz"
Macrophages,MAF,"PanglaoDB markers 27 Mar 2020 (Franzen O et al. 2019, Database, doi:10.1093/database/baz046), mouse entries, cell type ""Macrophages""; https://panglaodb.se/markers/PanglaoDB_markers_27_Mar_2020.tsv.gz"
Macrophages,LYZ2,"PanglaoDB markers 27 Mar 2020 (Franzen O et al. 2019, Database, doi:10.1093/database/baz046), mouse entries, cell type ""Macrophages""; https://panglaodb.se/markers/PanglaoDB_markers_27_Mar_2020.tsv.gz"
Macrophages,AIF1,"PanglaoDB markers 27 Mar 2020 (Franzen O et al. 2019, Database, doi:10.1093/database/baz046), mouse entries, cell type ""Macrophages""; https://panglaodb.se/markers/PanglaoDB_markers_27_Mar_2020.tsv.gz"
Macrophages,CLEC10A,"PanglaoDB markers 27 Mar 2020 (Franzen O et al. 2019, Database, doi:10.1093/database/baz046), mouse entries, cell type ""Macrophages""; https://panglaodb.se/markers/PanglaoDB_markers_27_Mar_2020.tsv.gz"
Macrophages,ADGRE4,"PanglaoDB markers 27 Mar 2020 (Franzen O et al. 2019, Database, doi:10.1093/database/baz046), mouse entries, cell type ""Macrophages""; https://panglaodb.se/markers/PanglaoDB_markers_27_Mar_2020.tsv.gz"
Macrophages,ADGRE5,"PanglaoDB markers 27 Mar 2020 (Franzen O et al. 2019, Database, doi:10.1093/database/baz046), mouse entries, cell type ""Macrophages""; https://panglaodb.se/markers/PanglaoDB_markers_27_Mar_2020.tsv.gz"
Macrophages,CLEC4A3,"PanglaoDB markers 27 Mar 2020 (Franzen O et al. 2019, Database, doi:10.1093/database/baz046), mouse entries, cell type ""Macrophages""; https://panglaodb.se/markers/PanglaoDB_markers_27_Mar_2020.tsv.gz"
Macrophages,CLEC4A1,"PanglaoDB markers 27 Mar 2020 (Franzen O et al. 2019, Database, doi:10.1093/database/baz046), mouse entries, cell type ""Macrophages""; https://panglaodb.se/markers/PanglaoDB_markers_27_Mar_2020.tsv.gz"
Macrophages,SLC15A3,"PanglaoDB markers 27 Mar 2020 (Franzen O et al. 2019, Database, doi:10.1093/database/baz046), mouse entries, cell type ""Macrophages""; https://panglaodb.se/markers/PanglaoDB_markers_27_Mar_2020.tsv.gz"
Macrophages,AKR1B3,"PanglaoDB markers 27 Mar 2020 (Franzen O et al. 2019, Database, doi:10.1093/database/baz046), mouse entries, cell type ""Macrophages""; https://panglaodb.se/markers/PanglaoDB_markers_27_Mar_2020.tsv.gz"
Macrophages,CYP27A1,"PanglaoDB markers 27 Mar 2020 (Franzen O et al. 2019, Database, doi:10.1093/database/baz046), mouse entries, cell type ""Macrophages""; https://panglaodb.se/markers/PanglaoDB_markers_27_Mar_2020.tsv.gz"
Macrophages,SLC7A7,"PanglaoDB markers 27 Mar 2020 (Franzen O et al. 2019, Database, doi:10.1093/database/baz046), mouse entries, cell type ""Macrophages""; https://panglaodb.se/markers/PanglaoDB_markers_27_Mar_2020.tsv.gz"
Macrophages,RUNX3,"PanglaoDB markers 27 Mar 2020 (Franzen O et al. 2019, Database, doi:10.1093/database/baz046), mouse entries, cell type ""Macrophages""; https://panglaodb.se/markers/PanglaoDB_markers_27_Mar_2020.tsv.gz"
Macrophages,SYK,"PanglaoDB markers 27 Mar 2020 (Franzen O et al. 2019, Database, doi:10.1093/database/baz046), mouse entries, cell type ""Macrophages""; https://panglaodb.se/markers/PanglaoDB_markers_27_Mar_2020.tsv.gz"
Astrocytes,S100B,"PanglaoDB markers 27 Mar 2020 (Franzen O et al. 2019, Database, doi:10.1093/database/baz046), mouse entries, cell type ""Astrocytes""; https://panglaodb.se/markers/PanglaoDB_markers_27_Mar_2020.tsv.gz"
Astrocytes,SLC1A2,"PanglaoDB markers 27 Mar 2020 (Franzen O et al. 2019, Database, doi:10.1093/database/baz046), mouse entries, cell type ""Astrocytes""; https://panglaodb.se/markers/PanglaoDB_markers_27_Mar_2020.tsv.gz"
Astrocytes,GFAP,"PanglaoDB markers 27 Mar 2020 (Franzen O et al. 2019, Database, doi:10.1093/database/baz046), mouse entries, cell type ""Astrocytes""; https://panglaodb.se/markers/PanglaoDB_markers_27_Mar_2020.tsv.gz"
Astrocytes,BYSL,"PanglaoDB markers 27 Mar 2020 (Franzen O et al. 2019, Database, doi:10.1093/database/baz046), mouse entries, cell type ""Astrocytes""; https://panglaodb.se/markers/PanglaoDB_markers_27_Mar_2020.tsv.gz"
Astrocytes,ALDH1L1,"PanglaoDB markers 27 Mar 2020 (Franzen O et al. 2019, Database, doi:10.1093/database/baz046), mouse entries, cell type ""Astrocytes""; https://panglaodb.se/markers/PanglaoDB_markers_27_Mar_2020.tsv.gz"
Astrocytes,CD40,"PanglaoDB markers 27 Mar 2020 (Franzen O et al. 2019, Database, doi:10.1093/database/baz046), mouse entries, cell type ""Astrocytes""; https://panglaodb.se/markers/PanglaoDB_markers_27_Mar_2020.tsv.gz"
Astrocytes,SLC1A3,"PanglaoDB markers 27 Mar 2020 (Franzen O et al. 2019, Database, doi:10.1093/database/baz046), mouse entries, cell type ""Astrocytes""; https://panglaodb.se/markers/PanglaoDB_markers_27_Mar_2020.tsv.gz"
Astrocytes,FGFR3,"PanglaoDB markers 27 Mar 2020 (Franzen O et al. 2019, Database, doi:10.1093/database/baz046), mouse entries, cell type ""Astrocytes""; https://panglaodb.se/markers/PanglaoDB_markers_27_Mar_2020.tsv.gz"
Astrocytes,GJB6,"PanglaoDB markers 27 Mar 2020 (Franzen O et al. 2019, Database, doi:10.1093/database/baz046), mouse entries, cell type ""Astrocytes""; https://panglaodb.se/markers/PanglaoDB_markers_27_Mar_2020.tsv.gz"
Astrocytes,AQP4,"PanglaoDB markers 27 Mar 2020 (Franzen O et al. 2019, Database, doi:10.1093/database/baz046), mouse entries, cell type ""Astrocytes""; https://panglaodb.se/markers/PanglaoDB_markers_27_Mar_2020.tsv.gz"
Astrocytes,HTRA1,"PanglaoDB markers 27 Mar 2020 (Franzen O et al. 2019, Database, doi:10.1093/database/baz046), mouse entries, cell type ""Astrocytes""; https://panglaodb.se/markers/PanglaoDB_markers_27_Mar_2020.tsv.gz"
Astrocytes,S100A8,"PanglaoDB markers 27 Mar 2020 (Franzen O et al. 2019, Database, doi:10.1093/database/baz046), mouse entries, cell type ""Astrocytes""; https://panglaodb.se/markers/PanglaoDB_markers_27_Mar_2020.tsv.gz"
Astrocytes,CLDN10,"PanglaoDB markers 27 Mar 2020 (Franzen O et al. 2019, Database, doi:10.1093/database/baz046), mouse entries, cell type ""Astrocytes""; https://panglaodb.se/markers/PanglaoDB_markers_27_Mar_2020.tsv.gz"
Astrocytes,ITIH3,"PanglaoDB markers 27 Mar 2020 (Franzen O et al. 2019, Database, doi:10.1093/database/baz046), mouse entries, cell type ""Astrocytes""; https://panglaodb.se/markers/PanglaoDB_markers_27_Mar_2020.tsv.gz"
Astrocytes,NKAIN4,"PanglaoDB markers 27 Mar 2020 (Franzen O et al. 2019, Database, doi:10.1093/database/baz046), mouse entries, cell type ""Astrocytes""; https://panglaodb.se/markers/PanglaoDB_markers_27_Mar_2020.tsv.gz"
Astrocytes,ACSL6,"PanglaoDB markers 27 Mar 2020 (Franzen O et al. 2019, Database, doi:10.1093/database/baz046), mouse entries, cell type ""Astrocytes""; https://panglaodb.se/markers/PanglaoDB_markers_27_Mar_2020.tsv.gz"
Astrocytes,ACSBG1,"PanglaoDB markers 27 Mar 2020 (Franzen O et al. 2019, Database, doi:10.1093/database/baz046), mouse entries, cell type ""Astrocytes""; https://panglaodb.se/markers/PanglaoDB_markers_27_Mar_2020.tsv.gz"
Astrocytes,TRIL,"PanglaoDB markers 27 Mar 2020 (Franzen O et al. 2019, Database, doi:10.1093/database/baz046), mouse entries, cell type ""Astrocytes""; https://panglaodb.se/markers/PanglaoDB_markers_27_Mar_2020.tsv.gz"
Astrocytes,AGT,"PanglaoDB markers 27 Mar 2020 (Franzen O et al. 2019, Database, doi:10.1093/database/baz046), mouse entries, cell type ""Astrocytes""; https://panglaodb.se/markers/PanglaoDB_markers_27_Mar_2020.tsv.gz"
Astrocytes,GPR37L1,"PanglaoDB markers 27 Mar 2020 (Franzen O et al. 2019, Database, doi:10.1093/database/baz046), mouse entries, cell type ""Astrocytes""; https://panglaodb.se/markers/PanglaoDB_markers_27_Mar_2020.tsv.gz"
Astrocytes,SLC4A4,"PanglaoDB markers 27 Mar 2020 (Franzen O et al. 2019, Database, doi:10.1093/database/baz046), mouse entries, cell type ""Astrocytes""; https://panglaodb.se/markers/PanglaoDB_markers_27_Mar_2020.tsv.gz"
Astrocytes,NTSR2,"PanglaoDB markers 27 Mar 2020 (Franzen O et al. 2019, Database, doi:10.1093/database/baz046), mouse entries, cell type ""Astrocytes""; https://panglaodb.se/markers/PanglaoDB_markers_27_Mar_2020.tsv.gz"
Astrocytes,SLC6A11,"PanglaoDB markers 27 Mar 2020 (Franzen O et al. 2019, Database, doi:10.1093/database/baz046), mouse entries, cell type ""Astrocytes""; https://panglaodb.se/markers/PanglaoDB_markers_27_Mar_2020.tsv.gz"
Astrocytes,HSPA2,"PanglaoDB markers 27 Mar 2020 (Franzen O et al. 2019, Database, doi:10.1093/database/baz046), mouse entries, cell type ""Astrocytes""; https://panglaodb.se/markers/PanglaoDB_markers_27_Mar_2020.tsv.gz"
Astrocytes,SLC16A2,"PanglaoDB markers 27 Mar 2020 (Franzen O et al. 2019, Database, doi:10.1093/database/baz046), mouse entries, cell type ""Astrocytes""; https://panglaodb.se/markers/PanglaoDB_markers_27_Mar_2020.tsv.gz"
Astrocytes,SYNE1,"PanglaoDB markers 27 Mar 2020 (Franzen O et al. 2019, Database, doi:10.1093/database/baz046), mouse entries, cell type ""Astrocytes""; https://panglaodb.se/markers/PanglaoDB_markers_27_Mar_2020.tsv.gz"
Astrocytes,DIO2,"PanglaoDB markers 27 Mar 2020 (Franzen O et al. 2019, Database, doi:10.1093/database/baz046), mouse entries, cell type ""Astrocytes""; https://panglaodb.se/markers/PanglaoDB_markers_27_Mar_2020.tsv.gz"
Astrocytes,SLC7A10,"PanglaoDB markers 27 Mar 2020 (Franzen O et al. 2019, Database, doi:10.1093/database/baz046), mouse entries, cell type ""Astrocytes""; https://panglaodb.se/markers/PanglaoDB_markers_27_Mar_2020.tsv.gz"
Astrocytes,ENTPD2,"PanglaoDB markers 27 Mar 2020 (Franzen O et al. 2019, Database, doi:10.1093/database/baz046), mouse entries, cell type ""Astrocytes""; https://panglaodb.se/markers/PanglaoDB_markers_27_Mar_2020.tsv.gz"
Astrocytes,HSPB6,"PanglaoDB markers 27 Mar 2020 (Franzen O et al. 2019, Database, doi:10.1093/database/baz046), mouse entries, cell type ""Astrocytes""; https://panglaodb.se/markers/PanglaoDB_markers_27_Mar_2020.tsv.gz"
Astrocytes,PLXNB1,"PanglaoDB markers 27 Mar 2020 (Franzen O et al. 2019, Database, doi:10.1093/database/baz046), mouse entries, cell type ""Astrocytes""; https://panglaodb.se/markers/PanglaoDB_markers_27_Mar_2020.tsv.gz"
Astrocytes,LCAT,"PanglaoDB markers 27 Mar 2020 (Franzen O et al. 2019, Database, doi:10.1093/database/baz046), mouse entries, cell type ""Astrocytes""; https://panglaodb.se/markers/PanglaoDB_markers_27_Mar_2020.tsv.gz"
Astrocytes,PLA2G7,"PanglaoDB markers 27 Mar 2020 (Franzen O et al. 2019, Database, doi:10.1093/database/baz046), mouse entries, cell type ""Astrocytes""; https://panglaodb.se/markers/PanglaoDB_markers_27_Mar_2020.tsv.gz"
Astrocytes,CMTM5,"PanglaoDB markers 27 Mar 2020 (Franzen O et al. 2019, Database, doi:10.1093/database/baz046), mouse entries, cell type ""Astrocytes""; https://panglaodb.se/markers/PanglaoDB_markers_27_Mar_2020.tsv.gz"
Astrocytes,S1PR1,"PanglaoDB markers 27 Mar 2020 (Franzen O et al. 2019, Database, doi:10.1093/database/baz046), mouse entries, cell type ""Astrocytes""; https://panglaodb.se/markers/PanglaoDB_markers_27_Mar_2020.tsv.gz"
Astrocytes,SLC39A12,"PanglaoDB markers 27 Mar 2020 (Franzen O et al. 2019, Database, doi:10.1093/database/baz046), mouse entries, cell type ""Astrocytes""; https://panglaodb.se/markers/PanglaoDB_markers_27_Mar_2020.tsv.gz"
Astrocytes,LUZP2,"PanglaoDB markers 27 Mar 2020 (Franzen O et al. 2019, Database, doi:10.1093/database/baz046), mouse entries, cell type ""Astrocytes""; https://panglaodb.se/markers/PanglaoDB_markers_27_Mar_2020.tsv.gz"
Astrocytes,GSTA4,"PanglaoDB markers 27 Mar 2020 (Franzen O et al. 2019, Database, doi:10.1093/database/baz046), mouse entries, cell type ""Astrocytes""; https://panglaodb.se/markers/PanglaoDB_markers_27_Mar_2020.tsv.gz"
Astrocytes,SLC25A28,"PanglaoDB markers 27 Mar 2020 (Franzen O et al. 2019, Database, doi:10.1093/database/baz046), mouse entries, cell type ""Astrocytes""; https://panglaodb.se/markers/PanglaoDB_markers_27_Mar_2020.tsv.gz"
Astrocytes,SLC25A46,"PanglaoDB markers 27 Mar 2020 (Franzen O et al. 2019, Database, doi:10.1093/database/baz046), mouse entries, cell type ""Astrocytes""; https://panglaodb.se/markers/PanglaoDB_markers_27_Mar_2020.tsv.gz"
Astrocytes,WNT3,"PanglaoDB markers 27 Mar 2020 (Franzen O et al. 2019, Database, doi:10.1093/database/baz046), mouse entries, cell type ""Astrocytes""; https://panglaodb.se/markers/PanglaoDB_markers_27_Mar_2020.tsv.gz"
Astrocytes,FZD2,"PanglaoDB markers 27 Mar 2020 (Franzen O et al. 2019, Database, doi:10.1093/database/baz046), mouse entries, cell type ""Astrocytes""; https://panglaodb.se/markers/PanglaoDB_markers_27_Mar_2020.tsv.gz"
Astrocytes,TEAD1,"PanglaoDB markers 27 Mar 2020 (Franzen O et al. 2019, Database, doi:10.1093/database/baz046), mouse entries, cell type ""Astrocytes""; https://panglaodb.se/markers/PanglaoDB_markers_27_Mar_2020.tsv.gz"
Astrocytes,RLBP1,"PanglaoDB markers 27 Mar 2020 (Franzen O et al. 2019, Database, doi:10.1093/database/baz046), mouse entries, cell type ""Astrocytes""; https://panglaodb.se/markers/PanglaoDB_markers_27_Mar_2020.tsv.gz"
Astrocytes,ALDOC,"PanglaoDB markers 27 Mar 2020 (Franzen O et al. 2019, Database, doi:10.1093/database/baz046), mouse entries, cell type ""Astrocytes""; https://panglaodb.se/markers/PanglaoDB_markers_27_Mar_2020.tsv.gz"
Astrocytes,GJA1,"PanglaoDB markers 27 Mar 2020 (Franzen O et al. 2019, Database, doi:10.1093/database/baz046), mouse entries, cell type ""Astrocytes""; https://panglaodb.se/markers/PanglaoDB_markers_27_Mar_2020.tsv.gz"
Astrocytes,APOE,"PanglaoDB markers 27 Mar 2020 (Franzen O et al. 2019, Database, doi:10.1093/database/baz046), mouse entries, cell type ""Astrocytes""; https://panglaodb.se/markers/PanglaoDB_markers_27_Mar_2020.tsv.gz"
Astrocytes,LCN2,"PanglaoDB markers 27 Mar 2020 (Franzen O et al. 2019, Database, doi:10.1093/database/baz046), mouse entries, cell type ""Astrocytes""; https://panglaodb.se/markers/PanglaoDB_markers_27_Mar_2020.tsv.gz"
Astrocytes,SOX9,"PanglaoDB markers 27 Mar 2020 (Franzen O et al. 2019, Database, doi:10.1093/database/baz046), mouse entries, cell type ""Astrocytes""; https://panglaodb.se/markers/PanglaoDB_markers_27_Mar_2020.tsv.gz"
Astrocytes,VIM,"PanglaoDB markers 27 Mar 2020 (Franzen O et al. 2019, Database, doi:10.1093/database/baz046), mouse entries, cell type ""Astrocytes""; https://panglaodb.se/markers/PanglaoDB_markers_27_Mar_2020.tsv.gz"
Astrocytes,CCR7,"PanglaoDB markers 27 Mar 2020 (Franzen O et al. 2019, Database, doi:10.1093/database/baz046), mouse entries, cell type ""Astrocytes""; https://panglaodb.se/markers/PanglaoDB_markers_27_Mar_2020.tsv.gz"
Astrocytes,AANAT,"PanglaoDB markers 27 Mar 2020 (Franzen O et al. 2019, Database, doi:10.1093/database/baz046), mouse entries, cell type ""Astrocytes""; https://panglaodb.se/markers/PanglaoDB_markers_27_Mar_2020.tsv.gz"
Astrocytes,FABP7,"PanglaoDB markers 27 Mar 2020 (Franzen O et al. 2019, Database, doi:10.1093/database/baz046), mouse entries, cell type ""Astrocytes""; https://panglaodb.se/markers/PanglaoDB_markers_27_Mar_2020.tsv.gz"
Astrocytes,SOCS3,"PanglaoDB markers 27 Mar 2020 (Franzen O et al. 2019, Database, doi:10.1093/database/baz046), mouse entries, cell type ""Astrocytes""; https://panglaodb.se/markers/PanglaoDB_markers_27_Mar_2020.tsv.gz"
Astrocytes,SYNM,"PanglaoDB markers 27 Mar 2020 (Franzen O et al. 2019, Database, doi:10.1093/database/baz046), mouse entries, cell type ""Astrocytes""; https://panglaodb.se/markers/PanglaoDB_markers_27_Mar_2020.tsv.gz"
Astrocytes,HMG20A,"PanglaoDB markers 27 Mar 2020 (Franzen O et al. 2019, Database, doi:10.1093/database/baz046), mouse entries, cell type ""Astrocytes""; https://panglaodb.se/markers/PanglaoDB_markers_27_Mar_2020.tsv.gz"
Astrocytes,NFATC3,"PanglaoDB markers 27 Mar 2020 (Franzen O et al. 2019, Database, doi:10.1093/database/baz046), mouse entries, cell type ""Astrocytes""; https://panglaodb.se/markers/PanglaoDB_markers_27_Mar_2020.tsv.gz"
Astrocytes,SRR,"PanglaoDB markers 27 Mar 2020 (Franzen O et al. 2019, Database, doi:10.1093/database/baz046), mouse entries, cell type ""Astrocytes""; https://panglaodb.se/markers/PanglaoDB_markers_27_Mar_2020.tsv.gz"
Astrocytes,SLC1A6,"PanglaoDB markers 27 Mar 2020 (Franzen O et al. 2019, Database, doi:10.1093/database/baz046), mouse entries, cell type ""Astrocytes""; https://panglaodb.se/markers/PanglaoDB_markers_27_Mar_2020.tsv.gz"
Astrocytes,ETS1,"PanglaoDB markers 27 Mar 2020 (Franzen O et al. 2019, Database, doi:10.1093/database/baz046), mouse entries, cell type ""Astrocytes""; https://panglaodb.se/markers/PanglaoDB_markers_27_Mar_2020.tsv.gz"
Astrocytes,SLIT1,"PanglaoDB markers 27 Mar 2020 (Franzen O et al. 2019, Database, doi:10.1093/database/baz046), mouse entries, cell type ""Astrocytes""; https://panglaodb.se/markers/PanglaoDB_markers_27_Mar_2020.tsv.gz"
Astrocytes,SNPH,"PanglaoDB markers 27 Mar 2020 (Franzen O et al. 2019, Database, doi:10.1093/database/baz046), mouse entries, cell type ""Astrocytes""; https://panglaodb.se/markers/PanglaoDB_markers_27_Mar_2020.tsv.gz"
Astrocytes,IL23A,"PanglaoDB markers 27 Mar 2020 (Franzen O et al. 2019, Database, doi:10.1093/database/baz046), mouse entries, cell type ""Astrocytes""; https://panglaodb.se/markers/PanglaoDB_markers_27_Mar_2020.tsv.gz"
Oligodendrocytes,GALC,"PanglaoDB markers 27 Mar 2020 (Franzen O et al. 2019, Database, doi:10.1093/database/baz046), mouse entries, cell type ""Oligodendrocytes""; https://panglaodb.se/markers/PanglaoDB_markers_27_Mar_2020.tsv.gz"
Oligodendrocytes,MOG,"PanglaoDB markers 27 Mar 2020 (Franzen O et al. 2019, Database, doi:10.1093/database/baz046), mouse entries, cell type ""Oligodendrocytes""; https://panglaodb.se/markers/PanglaoDB_markers_27_Mar_2020.tsv.gz"
Oligodendrocytes,OLIG1,"PanglaoDB markers 27 Mar 2020 (Franzen O et al. 2019, Database, doi:10.1093/database/baz046), mouse entries, cell type ""Oligodendrocytes""; https://panglaodb.se/markers/PanglaoDB_markers_27_Mar_2020.tsv.gz"
Oligodendrocytes,OLIG2,"PanglaoDB markers 27 Mar 2020 (Franzen O et al. 2019, Database, doi:10.1093/database/baz046), mouse entries, cell type ""Oligodendrocytes""; https://panglaodb.se/markers/PanglaoDB_markers_27_Mar_2020.tsv.gz"
Oligodendrocytes,OLIG3,"PanglaoDB markers 27 Mar 2020 (Franzen O et al. 2019, Database, doi:10.1093/database/baz046), mouse entries, cell type ""Oligodendrocytes""; https://panglaodb.se/markers/PanglaoDB_markers_27_Mar_2020.tsv.gz"
Oligodendrocytes,SOX10,"PanglaoDB markers 27 Mar 2020 (Franzen O et al. 2019, Database, doi:10.1093/database/baz046), mouse entries, cell type ""Oligodendrocytes""; https://panglaodb.se/markers/PanglaoDB_markers_27_Mar_2020.tsv.gz"
Oligodendrocytes,GJC2,"PanglaoDB markers 27 Mar 2020 (Franzen O et al. 2019, Database, doi:10.1093/database/baz046), mouse entries, cell type ""Oligodendrocytes""; https://panglaodb.se/markers/PanglaoDB_markers_27_Mar_2020.tsv.gz"
Oligodendrocytes,GAMT,"PanglaoDB markers 27 Mar 2020 (Franzen O et al. 2019, Database, doi:10.1093/database/baz046), mouse entries, cell type ""Oligodendrocytes""; https://panglaodb.se/markers/PanglaoDB_markers_27_Mar_2020.tsv.gz"
Oligodendrocytes,BCAS1,"PanglaoDB markers 27 Mar 2020 (Franzen O et al. 2019, Database, doi:10.1093/database/baz046), mouse entries, cell type ""Oligodendrocytes""; https://panglaodb.se/markers/PanglaoDB_markers_27_Mar_2020.tsv.gz"
Oligodendrocytes,ENPP6,"PanglaoDB markers 27 Mar 2020 (Franzen O et al. 2019, Database, doi:10.1093/database/baz046), mouse entries, cell type ""Oligodendrocytes""; https://panglaodb.se/markers/PanglaoDB_markers_27_Mar_2020.tsv.gz"
Oligodendrocytes,TMEM63A,"PanglaoDB markers 27 Mar 2020 (Franzen O et al. 2019, Database, doi:10.1093/database/baz046), mouse entries, cell type ""Oligodendrocytes""; https://panglaodb.se/markers/PanglaoDB_markers_27_Mar_2020.tsv.gz"
Oligodendrocytes,GPR62,"PanglaoDB markers 27 Mar 2020 (Franzen O et al. 2019, Database, doi:10.1093/database/baz046), mouse entries, cell type ""Oligodendrocytes""; https://panglaodb.se/markers/PanglaoDB_markers_27_Mar_2020.tsv.gz"
Oligodendrocytes,BACE1,"PanglaoDB markers 27 Mar 2020 (Franzen O et al. 2019, Database, doi:10.1093/database/baz046), mouse entries, cell type ""Oligodendrocytes""; https://panglaodb.se/markers/PanglaoDB_markers_27_Mar_2020.tsv.gz"
Oligodendrocytes,CREB5,"PanglaoDB markers 27 Mar 2020 (Franzen O et al. 2019, Database, doi:10.1093/database/baz046), mouse entries, cell type ""Oligodendrocytes""; https://panglaodb.se/markers/PanglaoDB_markers_27_Mar_2020.tsv.gz"
Oligodendrocytes,FGFR2,"PanglaoDB markers 27 Mar 2020 (Franzen O et al. 2019, Database, doi:10.1093/database/baz046), mouse entries, cell type ""Oligodendrocytes""; https://panglaodb.se/markers/PanglaoDB_markers_27_Mar_2020.tsv.gz"
Oligodendrocytes,SLC25A38,"PanglaoDB markers 27 Mar 2020 (Franzen O et al. 2019, Database, doi:10.1093/database/baz046), mouse entries, cell type ""Oligodendrocytes""; https://panglaodb.se/markers/PanglaoDB_markers_27_Mar_2020.tsv.gz"
Oligodendrocytes,HDAC11,"PanglaoDB markers 27 Mar 2020 (Franzen O et al. 2019, Database, doi:10.1093/database/baz046), mouse entries, cell type ""Oligodendrocytes""; https://panglaodb.se/markers/PanglaoDB_markers_27_Mar_2020.tsv.gz"
Oligodendrocytes,TYRO3,"PanglaoDB markers 27 Mar 2020 (Franzen O et al. 2019, Database, doi:10.1093/database/baz046), mouse entries, cell type ""Oligodendrocytes""; https://panglaodb.se/markers/PanglaoDB_markers_27_Mar_2020.tsv.gz"
Oligodendrocytes,S1PR5,"PanglaoDB markers 27 Mar 2020 (Franzen O et al. 2019, Database, doi:10.1093/database/baz046), mouse entries, cell type ""Oligodendrocytes""; https://panglaodb.se/markers/PanglaoDB_markers_27_Mar_2020.tsv.gz"
Oligodendrocytes,ASPA,"PanglaoDB markers 27 Mar 2020 (Franzen O et al. 2019, Database, doi:10.1093/database/baz046), mouse entries, cell type ""Oligodendrocytes""; https://panglaodb.se/markers/PanglaoDB_markers_27_Mar_2020.tsv.gz"
Oligodendrocytes,EPHB1,"PanglaoDB markers 27 Mar 2020 (Franzen O et al. 2019, Database, doi:10.1093/database/baz046), mouse entries, cell type ""Oligodendrocytes""; https://panglaodb.se/markers/PanglaoDB_markers_27_Mar_2020.tsv.gz"
Oligodendrocytes,HEPACAM,"PanglaoDB markers 27 Mar 2020 (Franzen O et al. 2019, Database, doi:10.1093/database/baz046), mouse entries, cell type ""Oligodendrocytes""; https://panglaodb.se/markers/PanglaoDB_markers_27_Mar_2020.tsv.gz"
Oligodendrocytes,SOX8,"PanglaoDB markers 27 Mar 2020 (Franzen O et al. 2019, Database, doi:10.1093/database/baz046), mouse entries, cell type ""Oligodendrocytes""; https://panglaodb.se/markers/PanglaoDB_markers_27_Mar_2020.tsv.gz"
Oligodendrocytes,FASN,"PanglaoDB markers 27 Mar 2020 (Franzen O et al. 2019, Database, doi:10.1093/database/baz046), mouse entries, cell type ""Oligodendrocytes""; https://panglaodb.se/markers/PanglaoDB_markers_27_Mar_2020.tsv.gz"
Oligodendrocytes,OMG,"PanglaoDB markers 27 Mar 2020 (Franzen O et al. 2019, Database, doi:10.1093/database/baz046), mouse entries, cell type ""Oligodendrocytes""; https://panglaodb.se/markers/PanglaoDB_markers_27_Mar_2020.tsv.gz"
Oligodendrocytes,ZDHHC9,"PanglaoDB markers 27 Mar 2020 (Franzen O et al. 2019, Database, doi:10.1093/database/baz046), mouse entries, cell type ""Oligodendrocytes""; https://panglaodb.se/markers/PanglaoDB_markers_27_Mar_2020.tsv.gz"
Oligodendrocytes,PTGDS,"PanglaoDB markers 27 Mar 2020 (Franzen O et al. 2019, Database, doi:10.1093/database/baz046), mouse entries, cell type ""Oligodendrocytes""; https://panglaodb.se/markers/PanglaoDB_markers_27_Mar_2020.tsv.gz"
Oligodendrocytes,ADAMTS4,"PanglaoDB markers 27 Mar 2020 (Franzen O et al. 2019, Database, doi:10.1093/database/baz046), mouse entries, cell type ""Oligodendrocytes""; https://panglaodb.se/markers/PanglaoDB_markers_27_Mar_2020.tsv.gz"
Oligodendrocytes,MYRF,"PanglaoDB markers 27 Mar 2020 (Franzen O et al. 2019, Database, doi:10.1093/database/baz046), mouse entries, cell type ""Oligodendrocytes""; https://panglaodb.se/markers/PanglaoDB_markers_27_Mar_2020.tsv.gz"
Oligodendrocytes,SEMA4D,"PanglaoDB markers 27 Mar 2020 (Franzen O et al. 2019, Database, doi:10.1093/database/baz046), mouse entries, cell type ""Oligodendrocytes""; https://panglaodb.se/markers/PanglaoDB_markers_27_Mar_2020.tsv.gz"
Oligodendrocytes,TMEM125,"PanglaoDB markers 27 Mar 2020 (Franzen O et al. 2019, Database, doi:10.1093/database/baz046), mouse entries, cell type ""Oligodendrocytes""; https://panglaodb.se/markers/PanglaoDB_markers_27_Mar_2020.tsv.gz"
Oligodendrocytes,KLHL2,"PanglaoDB markers 27 Mar 2020 (Franzen O et al. 2019, Database, doi:10.1093/database/baz046), mouse entries, cell type ""Oligodendrocytes""; https://panglaodb.se/markers/PanglaoDB_markers_27_Mar_2020.tsv.gz"
Oligodendrocytes,DPY19L1,"PanglaoDB markers 27 Mar 2020 (Franzen O et al. 2019, Database, doi:10.1093/database/baz046), mouse entries, cell type ""Oligodendrocytes""; https://panglaodb.se/markers/PanglaoDB_markers_27_Mar_2020.tsv.gz"
Oligodendrocytes,TSPAN15,"PanglaoDB markers 27 Mar 2020 (Franzen O et al. 2019, Database, doi:10.1093/database/baz046), mouse entries, cell type ""Oligodendrocytes""; https://panglaodb.se/markers/PanglaoDB_markers_27_Mar_2020.tsv.gz"
Oligodendrocytes,HAPLN2,"PanglaoDB markers 27 Mar 2020 (Franzen O et al. 2019, Database, doi:10.1093/database/baz046), mouse entries, cell type ""Oligodendrocytes""; https://panglaodb.se/markers/PanglaoDB_markers_27_Mar_2020.tsv.gz"
Oligodendrocytes,NKX6-2,"PanglaoDB markers 27 Mar 2020 (Franzen O et al. 2019, Database, doi:10.1093/database/baz046), mouse entries, cell type ""Oligodendrocytes""; https://panglaodb.se/markers/PanglaoDB_markers_27_Mar_2020.tsv.gz"
Oligodendrocytes,GJB1,"PanglaoDB markers 27 Mar 2020 (Franzen O et al. 2019, Database, doi:10.1093/database/baz046), mouse entries, cell type ""Oligodendrocytes""; https://panglaodb.se/markers/PanglaoDB_markers_27_Mar_2020.tsv.gz"
Oligodendrocytes,OPALIN,"PanglaoDB markers 27 Mar 2020 (Franzen O et al. 2019, Database, doi:10.1093/database/baz046), mouse entries, cell type ""Oligodendrocytes""; https://panglaodb.se/markers/PanglaoDB_markers_27_Mar_2020.tsv.gz"
Oligodendrocytes,VLDLR,"PanglaoDB markers 27 Mar 2020 (Franzen O et al. 2019, Database, doi:10.1093/database/baz046), mouse entries, cell type ""Oligodendrocytes""; https://panglaodb.se/markers/PanglaoDB_markers_27_Mar_2020.tsv.gz"
Oligodendrocytes,MCAM,"PanglaoDB markers 27 Mar 2020 (Franzen O et al. 2019, Database, doi:10.1093/database/baz046), mouse entries, cell type ""Oligodendrocytes""; https://panglaodb.se/markers/PanglaoDB_markers_27_Mar_2020.tsv.gz"
Oligodendrocytes,TMEM163,"PanglaoDB markers 27 Mar 2020 (Franzen O et al. 2019, Database, doi:10.1093/database/baz046), mouse entries, cell type ""Oligodendrocytes""; https://panglaodb.se/markers/PanglaoDB_markers_27_Mar_2020.tsv.gz"
Oligodendrocytes,ERMN,"PanglaoDB markers 27 Mar 2020 (Franzen O et al. 2019, Database, doi:10.1093/database/baz046), mouse entries, cell type ""Oligodendrocytes""; https://panglaodb.se/markers/PanglaoDB_markers_27_Mar_2020.tsv.gz"
Oligodendrocytes,FA2H,"PanglaoDB markers 27 Mar 2020 (Franzen O et al. 2019, Database, doi:10.1093/database/baz046), mouse entries, cell type ""Oligodendrocytes""; https://panglaodb.se/markers/PanglaoDB_markers_27_Mar_2020.tsv.gz"
Oligodendrocytes,CLDN11,"PanglaoDB markers 27 Mar 2020 (Franzen O et al. 2019, Database, doi:10.1093/database/baz046), mouse entries, cell type ""Oligodendrocytes""; https://panglaodb.se/markers/PanglaoDB_markers_27_Mar_2020.tsv.gz"
Oligodendrocytes,ANLN,"PanglaoDB markers 27 Mar 2020 (Franzen O et al. 2019, Database, doi:10.1093/database/baz046), mouse entries, cell type ""Oligodendrocytes""; https://panglaodb.se/markers/PanglaoDB_markers_27_Mar_2020.tsv.gz"
Oligodendrocytes,ELOVL7,"PanglaoDB markers 27 Mar 2020 (Franzen O et al. 2019, Database, doi:10.1093/database/baz046), mouse entries, cell type ""Oligodendrocytes""; https://panglaodb.se/markers/PanglaoDB_markers_27_Mar_2020.tsv.gz"
Oligodendrocytes,PLLP,"PanglaoDB markers 27 Mar 2020 (Franzen O et al. 2019, Database, doi:10.1093/database/baz046), mouse entries, cell type ""Oligodendrocytes""; https://panglaodb.se/markers/PanglaoDB_markers_27_Mar_2020.tsv.gz"
Oligodendrocytes,DDC,"PanglaoDB markers 27 Mar 2020 (Franzen O et al. 2019, Database, doi:10.1093/database/baz046), mouse entries, cell type ""Oligodendrocytes""; https://panglaodb.se/markers/PanglaoDB_markers_27_Mar_2020.tsv.gz"
Oligodendrocytes,POU3F1,"PanglaoDB markers 27 Mar 2020 (Franzen O et al. 2019, Database, doi:10.1093/database/baz046), mouse entries, cell type ""Oligodendrocytes""; https://panglaodb.se/markers/PanglaoDB_markers_27_Mar_2020.tsv.gz"
Oligodendrocytes,NINJ2,"PanglaoDB markers 27 Mar 2020 (Franzen O et al. 2019, Database, doi:10.1093/database/baz046), mouse entries, cell type ""Oligodendrocytes""; https://panglaodb.se/markers/PanglaoDB_markers_27_Mar_2020.tsv.gz"
Oligodendrocytes,SGK2,"PanglaoDB markers 27 Mar 2020 (Franzen O et al. 2019, Database, doi:10.1093/database/baz046), mouse entries, cell type ""Oligodendrocytes""; https://panglaodb.se/markers/PanglaoDB_markers_27_Mar_2020.tsv.gz"
Oligodendrocytes,GJC3,"PanglaoDB markers 27 Mar 2020 (Franzen O et al. 2019, Database, doi:10.1093/database/baz046), mouse entries, cell type ""Oligodendrocytes""; https://panglaodb.se/markers/PanglaoDB_markers_27_Mar_2020.tsv.gz"
Oligodendrocytes,GPR37,"PanglaoDB markers 27 Mar 2020 (Franzen O et al. 2019, Database, doi:10.1093/database/baz046), mouse entries, cell type ""Oligodendrocytes""; https://panglaodb.se/markers/PanglaoDB_markers_27_Mar_2020.tsv.gz"
Oligodendrocytes,IL33,"PanglaoDB markers 27 Mar 2020 (Franzen O et al. 2019, Database, doi:10.1093/database/baz046), mouse entries, cell type ""Oligodendrocytes""; https://panglaodb.se/markers/PanglaoDB_markers_27_Mar_2020.tsv.gz"
Oligodendrocytes,KLK6,"PanglaoDB markers 27 Mar 2020 (Franzen O et al. 2019, Database, doi:10.1093/database/baz046), mouse entries, cell type ""Oligodendrocytes""; https://panglaodb.se/markers/PanglaoDB_markers_27_Mar_2020.tsv.gz"
Oligodendrocytes,NFE2L3,"PanglaoDB markers 27 Mar 2020 (Franzen O et al. 2019, Database, doi:10.1093/database/baz046), mouse entries, cell type ""Oligodendrocytes""; https://panglaodb.se/markers/PanglaoDB_markers_27_Mar_2020.tsv.gz"
Oligodendrocytes,PEX5L,"PanglaoDB markers 27 Mar 2020 (Franzen O et al. 2019, Database, doi:10.1093/database/baz046), mouse entries, cell type ""Oligodendrocytes""; https://panglaodb.se/markers/PanglaoDB_markers_27_Mar_2020.tsv.gz"
Oligodendrocytes,CLDN14,"PanglaoDB markers 27 Mar 2020 (Franzen O et al. 2019, Database, doi:10.1093/database/baz046), mouse entries, cell type ""Oligodendrocytes""; https://panglaodb.se/markers/PanglaoDB_markers_27_Mar_2020.tsv.gz"
Oligodendrocytes,ITGB4,"PanglaoDB markers 27 Mar 2020 (Franzen O et al. 2019, Database, doi:10.1093/database/baz046), mouse entries, cell type ""Oligodendrocytes""; https://panglaodb.se/markers/PanglaoDB_markers_27_Mar_2020.tsv.gz"
Oligodendrocytes,MYO1D,"PanglaoDB markers 27 Mar 2020 (Franzen O et al. 2019, Database, doi:10.1093/database/baz046), mouse entries, cell type ""Oligodendrocytes""; https://panglaodb.se/markers/PanglaoDB_markers_27_Mar_2020.tsv.gz"
Oligodendrocytes,PDE8A,"PanglaoDB markers 27 Mar 2020 (Franzen O et al. 2019, Database, doi:10.1093/database/baz046), mouse entries, cell type ""Oligodendrocytes""; https://panglaodb.se/markers/PanglaoDB_markers_27_Mar_2020.tsv.gz"
Oligodendrocytes,CNTF,"PanglaoDB markers 27 Mar 2020 (Franzen O et al. 2019, Database, doi:10.1093/database/baz046), mouse entries, cell type ""Oligodendrocytes""; https://panglaodb.se/markers/PanglaoDB_markers_27_Mar_2020.tsv.gz"
Oligodendrocytes,EML1,"PanglaoDB markers 27 Mar 2020 (Franzen O et al. 2019, Database, doi:10.1093/database/baz046), mouse entries, cell type ""Oligodendrocytes""; https://panglaodb.se/markers/PanglaoDB_markers_27_Mar_2020.tsv.gz"
Oligodendrocytes,KIF13B,"PanglaoDB markers 27 Mar 2020 (Franzen O et al. 2019, Database, doi:10.1093/database/baz046), mouse entries, cell type ""Oligodendrocytes""; https://panglaodb.se/markers/PanglaoDB_markers_27_Mar_2020.tsv.gz"
Oligodendrocytes,KIF6,"PanglaoDB markers 27 Mar 2020 (Franzen O et al. 2019, Database, doi:10.1093/database/baz046), mouse entries, cell type ""Oligodendrocytes""; https://panglaodb.se/markers/PanglaoDB_markers_27_Mar_2020.tsv.gz"
Oligodendrocytes,NIPAL4,"PanglaoDB markers 27 Mar 2020 (Franzen O et al. 2019, Database, doi:10.1093/database/baz046), mouse entries, cell type ""Oligodendrocytes""; https://panglaodb.se/markers/PanglaoDB_markers_27_Mar_2020.tsv.gz"
Oligodendrocytes,SEC14L5,"PanglaoDB markers 27 Mar 2020 (Franzen O et al. 2019, Database, doi:10.1093/database/baz046), mouse entries, cell type ""Oligodendrocytes""; https://panglaodb.se/markers/PanglaoDB_markers_27_Mar_2020.tsv.gz"
Oligodendrocytes,SP7,"PanglaoDB markers 27 Mar 2020 (Franzen O et al. 2019, Database, doi:10.1093/database/baz046), mouse entries, cell type ""Oligodendrocytes""; https://panglaodb.se/markers/PanglaoDB_markers_27_Mar_2020.tsv.gz"
Oligodendrocytes,ST18,"PanglaoDB markers 27 Mar 2020 (Franzen O et al. 2019, Database, doi:10.1093/database/baz046), mouse entries, cell type ""Oligodendrocytes""; https://panglaodb.se/markers/PanglaoDB_markers_27_Mar_2020.tsv.gz"
Oligodendrocytes,DUSP15,"PanglaoDB markers 27 Mar 2020 (Franzen O et al. 2019, Database, doi:10.1093/database/baz046), mouse entries, cell type ""Oligodendrocytes""; https://panglaodb.se/markers/PanglaoDB_markers_27_Mar_2020.tsv.gz"
Oligodendrocytes,PRKCZ,"PanglaoDB markers 27 Mar 2020 (Franzen O et al. 2019, Database, doi:10.1093/database/baz046), mouse entries, cell type ""Oligodendrocytes""; https://panglaodb.se/markers/PanglaoDB_markers_27_Mar_2020.tsv.gz"
Oligodendrocytes,ARSG,"PanglaoDB markers 27 Mar 2020 (Franzen O et al. 2019, Database, doi:10.1093/database/baz046), mouse entries, cell type ""Oligodendrocytes""; https://panglaodb.se/markers/PanglaoDB_markers_27_Mar_2020.tsv.gz"
Oligodendrocytes,NPC1,"PanglaoDB markers 27 Mar 2020 (Franzen O et al. 2019, Database, doi:10.1093/database/baz046), mouse entries, cell type ""Oligodendrocytes""; https://panglaodb.se/markers/PanglaoDB_markers_27_Mar_2020.tsv.gz"
Oligodendrocytes,MAG,"PanglaoDB markers 27 Mar 2020 (Franzen O et al. 2019, Database, doi:10.1093/database/baz046), mouse entries, cell type ""Oligodendrocytes""; https://panglaodb.se/markers/PanglaoDB_markers_27_Mar_2020.tsv.gz"
Oligodendrocytes,SLC25A29,"PanglaoDB markers 27 Mar 2020 (Franzen O et al. 2019, Database, doi:10.1093/database/baz046), mouse entries, cell type ""Oligodendrocytes""; https://panglaodb.se/markers/PanglaoDB_markers_27_Mar_2020.tsv.gz"
Oligodendrocytes,SLC25A19,"PanglaoDB markers 27 Mar 2020 (Franzen O et al. 2019, Database, doi:10.1093/database/baz046), mouse entries, cell type ""Oligodendrocytes""; https://panglaodb.se/markers/PanglaoDB_markers_27_Mar_2020.tsv.gz"
Oligodendrocytes,PLEKHH1,"PanglaoDB markers 27 Mar 2020 (Franzen O et al. 2019, Database, doi:10.1093/database/baz046), mouse entries, cell type ""Oligodendrocytes""; https://panglaodb.se/markers/PanglaoDB_markers_27_Mar_2020.tsv.gz"
Oligodendrocytes,TMEM88B,"PanglaoDB markers 27 Mar 2020 (Franzen O et al. 2019, Database, doi:10.1093/database/baz046), mouse entries, cell type ""Oligodendrocytes""; https://panglaodb.se/markers/PanglaoDB_markers_27_Mar_2020.tsv.gz"
Oligodendrocytes,DBNDD2,"PanglaoDB markers 27 Mar 2020 (Franzen O et al. 2019, Database, doi:10.1093/database/baz046), mouse entries, cell type ""Oligodendrocytes""; https://panglaodb.se/markers/PanglaoDB_markers_27_Mar_2020.tsv.gz"
Oligodendrocytes,EFNB3,"PanglaoDB markers 27 Mar 2020 (Franzen O et al. 2019, Database, doi:10.1093/database/baz046), mouse entries, cell type ""Oligodendrocytes""; https://panglaodb.se/markers/PanglaoDB_markers_27_Mar_2020.tsv.gz"
Oligodendrocytes,SGK3,"PanglaoDB markers 27 Mar 2020 (Franzen O et al. 2019, Database, doi:10.1093/database/baz046), mouse entries, cell type ""Oligodendrocytes""; https://panglaodb.se/markers/PanglaoDB_markers_27_Mar_2020.tsv.gz"
Oligodendrocytes,PNPLA2,"PanglaoDB markers 27 Mar 2020 (Franzen O et al. 2019, Database, doi:10.1093/database/baz046), mouse entries, cell type ""Oligodendrocytes""; https://panglaodb.se/markers/PanglaoDB_markers_27_Mar_2020.tsv.gz"
Oligodendrocytes,ARRDC2,"PanglaoDB markers 27 Mar 2020 (Franzen O et al. 2019, Database, doi:10.1093/database/baz046), mouse entries, cell type ""Oligodendrocytes""; https://panglaodb.se/markers/PanglaoDB_markers_27_Mar_2020.tsv.gz"
Oligodendrocytes,ENPP2,"PanglaoDB markers 27 Mar 2020 (Franzen O et al. 2019, Database, doi:10.1093/database/baz046), mouse entries, cell type ""Oligodendrocytes""; https://panglaodb.se/markers/PanglaoDB_markers_27_Mar_2020.tsv.gz"
Oligodendrocytes,PLP1,"PanglaoDB markers 27 Mar 2020 (Franzen O et al. 2019, Database, doi:10.1093/database/baz046), mouse entries, cell type ""Oligodendrocytes""; https://panglaodb.se/markers/PanglaoDB_markers_27_Mar_2020.tsv.gz"
Oligodendrocytes,ITPR2,"PanglaoDB markers 27 Mar 2020 (Franzen O et al. 2019, Database, doi:10.1093/database/baz046), mouse entries, cell type ""Oligodendrocytes""; https://panglaodb.se/markers/PanglaoDB_markers_27_Mar_2020.tsv.gz"
Oligodendrocytes,MBP,"PanglaoDB markers 27 Mar 2020 (Franzen O et al. 2019, Database, doi:10.1093/database/baz046), mouse entries, cell type ""Oligodendrocytes""; https://panglaodb.se/markers/PanglaoDB_markers_27_Mar_2020.tsv.gz"
OPCs,CSPG4,"PanglaoDB markers 27 Mar 2020 (Franzen O et al. 2019, Database, doi:10.1093/database/baz046), mouse entries, cell type ""Oligodendrocyte progenitor cells""; https://panglaodb.se/markers/PanglaoDB_markers_27_Mar_2020.tsv.gz"
OPCs,PDGFRA,"PanglaoDB markers 27 Mar 2020 (Franzen O et al. 2019, Database, doi:10.1093/database/baz046), mouse entries, cell type ""Oligodendrocyte progenitor cells""; https://panglaodb.se/markers/PanglaoDB_markers_27_Mar_2020.tsv.gz"
OPCs,SOX10,"PanglaoDB markers 27 Mar 2020 (Franzen O et al. 2019, Database, doi:10.1093/database/baz046), mouse entries, cell type ""Oligodendrocyte progenitor cells""; https://panglaodb.se/markers/PanglaoDB_markers_27_Mar_2020.tsv.gz"
OPCs,OLIG2,"PanglaoDB markers 27 Mar 2020 (Franzen O et al. 2019, Database, doi:10.1093/database/baz046), mouse entries, cell type ""Oligodendrocyte progenitor cells""; https://panglaodb.se/markers/PanglaoDB_markers_27_Mar_2020.tsv.gz"
OPCs,MATN4,"PanglaoDB markers 27 Mar 2020 (Franzen O et al. 2019, Database, doi:10.1093/database/baz046), mouse entries, cell type ""Oligodendrocyte progenitor cells""; https://panglaodb.se/markers/PanglaoDB_markers_27_Mar_2020.tsv.gz"
OPCs,C1QL1,"PanglaoDB markers 27 Mar 2020 (Franzen O et al. 2019, Database, doi:10.1093/database/baz046), mouse entries, cell type ""Oligodendrocyte progenitor cells""; https://panglaodb.se/markers/PanglaoDB_markers_27_Mar_2020.tsv.gz"
OPCs,GPR37L1,"PanglaoDB markers 27 Mar 2020 (Franzen O et al. 2019, Database, doi:10.1093/database/baz046), mouse entries, cell type ""Oligodendrocyte progenitor cells""; https://panglaodb.se/markers/PanglaoDB_markers_27_Mar_2020.tsv.gz"
OPCs,GPR17,"PanglaoDB markers 27 Mar 2020 (Franzen O et al. 2019, Database, doi:10.1093/database/baz046), mouse entries, cell type ""Oligodendrocyte progenitor cells""; https://panglaodb.se/markers/PanglaoDB_markers_27_Mar_2020.tsv.gz"
OPCs,KCNIP3,"PanglaoDB markers 27 Mar 2020 (Franzen O et al. 2019, Database, doi:10.1093/database/baz046), mouse entries, cell type ""Oligodendrocyte progenitor cells""; https://panglaodb.se/markers/PanglaoDB_markers_27_Mar_2020.tsv.gz"
OPCs,TMEM100,"PanglaoDB markers 27 Mar 2020 (Franzen O et al. 2019, Database, doi:10.1093/database/baz046), mouse entries, cell type ""Oligodendrocyte progenitor cells""; https://panglaodb.se/markers/PanglaoDB_markers_27_Mar_2020.tsv.gz"
OPCs,VCAN,"PanglaoDB markers 27 Mar 2020 (Franzen O et al. 2019, Database, doi:10.1093/database/baz046), mouse entries, cell type ""Oligodendrocyte progenitor cells""; https://panglaodb.se/markers/PanglaoDB_markers_27_Mar_2020.tsv.gz"
OPCs,CDO1,"PanglaoDB markers 27 Mar 2020 (Franzen O et al. 2019, Database, doi:10.1093/database/baz046), mouse entries, cell type ""Oligodendrocyte progenitor cells""; https://panglaodb.se/markers/PanglaoDB_markers_27_Mar_2020.tsv.gz"
OPCs,EPN2,"PanglaoDB markers 27 Mar 2020 (Franzen O et al. 2019, Database, doi:10.1093/database/baz046), mouse entries, cell type ""Oligodendrocyte progenitor cells""; https://panglaodb.se/markers/PanglaoDB_markers_27_Mar_2020.tsv.gz"
OPCs,LHFPL3,"PanglaoDB markers 27 Mar 2020 (Franzen O et al. 2019, Database, doi:10.1093/database/baz046), mouse entries, cell type ""Oligodendrocyte progenitor cells""; https://panglaodb.se/markers/PanglaoDB_markers_27_Mar_2020.tsv.gz"
OPCs,NEU4,"PanglaoDB markers 27 Mar 2020 (Franzen O et al. 2019, Database, doi:10.1093/database/baz046), mouse entries, cell type ""Oligodendrocyte progenitor cells""; https://panglaodb.se/markers/PanglaoDB_markers_27_Mar_2020.tsv.gz"
OPCs,ASCL1,"PanglaoDB markers 27 Mar 2020 (Franzen O et al. 2019, Database, doi:10.1093/database/baz046), mouse entries, cell type ""Oligodendrocyte progenitor cells""; https://panglaodb.se/markers/PanglaoDB_markers_27_Mar_2020.tsv.gz"
OPCs,LAD1,"PanglaoDB markers 27 Mar 2020 (Franzen O et al. 2019, Database, doi:10.1093/database/baz046), mouse entries, cell type ""Oligodendrocyte progenitor cells""; https://panglaodb.se/markers/PanglaoDB_markers_27_Mar_2020.tsv.gz"
OPCs,SLC25A47,"PanglaoDB markers 27 Mar 2020 (Franzen O et al. 2019, Database, doi:10.1093/database/baz046), mouse entries, cell type ""Oligodendrocyte progenitor cells""; https://panglaodb.se/markers/PanglaoDB_markers_27_Mar_2020.tsv.gz"
OPCs,ETV5,"PanglaoDB markers 27 Mar 2020 (Franzen O et al. 2019, Database, doi:10.1093/database/baz046), mouse entries, cell type ""Oligodendrocyte progenitor cells""; https://panglaodb.se/markers/PanglaoDB_markers_27_Mar_2020.tsv.gz"
OPCs,NNAT,"PanglaoDB markers 27 Mar 2020 (Franzen O et al. 2019, Database, doi:10.1093/database/baz046), mouse entries, cell type ""Oligodendrocyte progenitor cells""; https://panglaodb.se/markers/PanglaoDB_markers_27_Mar_2020.tsv.gz"
OPCs,CSPG5,"PanglaoDB markers 27 Mar 2020 (Franzen O et al. 2019, Database, doi:10.1093/database/baz046), mouse entries, cell type ""Oligodendrocyte progenitor cells""; https://panglaodb.se/markers/PanglaoDB_markers_27_Mar_2020.tsv.gz"
OPCs,OLIG1,"PanglaoDB markers 27 Mar 2020 (Franzen O et al. 2019, Database, doi:10.1093/database/baz046), mouse entries, cell type ""Oligodendrocyte progenitor cells""; https://panglaodb.se/markers/PanglaoDB_markers_27_Mar_2020.tsv.gz"
OPCs,PCDH15,"PanglaoDB markers 27 Mar 2020 (Franzen O et al. 2019, Database, doi:10.1093/database/baz046), mouse entries, cell type ""Oligodendrocyte progenitor cells""; https://panglaodb.se/markers/PanglaoDB_markers_27_Mar_2020.tsv.gz"
OPCs,ALDOC,"PanglaoDB markers 27 Mar 2020 (Franzen O et al. 2019, Database, doi:10.1093/database/baz046), mouse entries, cell type ""Oligodendrocyte progenitor cells""; https://panglaodb.se/markers/PanglaoDB_markers_27_Mar_2020.tsv.gz"
OPCs,TNR,"PanglaoDB markers 27 Mar 2020 (Franzen O et al. 2019, Database, doi:10.1093/database/baz046), mouse entries, cell type ""Oligodendrocyte progenitor cells""; https://panglaodb.se/markers/PanglaoDB_markers_27_Mar_2020.tsv.gz"
OPCs,FYN,"PanglaoDB markers 27 Mar 2020 (Franzen O et al. 2019, Database, doi:10.1093/database/baz046), mouse entries, cell type ""Oligodendrocyte progenitor cells""; https://panglaodb.se/markers/PanglaoDB_markers_27_Mar_2020.tsv.gz"
OPCs,NKX6-2,"PanglaoDB markers 27 Mar 2020 (Franzen O et al. 2019, Database, doi:10.1093/database/baz046), mouse entries, cell type ""Oligodendrocyte progenitor cells""; https://panglaodb.se/markers/PanglaoDB_markers_27_Mar_2020.tsv.gz"
OPCs,CNP,"PanglaoDB markers 27 Mar 2020 (Franzen O et al. 2019, Database, doi:10.1093/database/baz046), mouse entries, cell type ""Oligodendrocyte progenitor cells""; https://panglaodb.se/markers/PanglaoDB_markers_27_Mar_2020.tsv.gz"
Neurons,ENO2,"PanglaoDB markers 27 Mar 2020 (Franzen O et al. 2019, Database, doi:10.1093/database/baz046), mouse entries, cell type ""Neurons""; https://panglaodb.se/markers/PanglaoDB_markers_27_Mar_2020.tsv.gz"
Neurons,RBFOX3,"PanglaoDB markers 27 Mar 2020 (Franzen O et al. 2019, Database, doi:10.1093/database/baz046), mouse entries, cell type ""Neurons""; https://panglaodb.se/markers/PanglaoDB_markers_27_Mar_2020.tsv.gz"
Neurons,CHAT,"PanglaoDB markers 27 Mar 2020 (Franzen O et al. 2019, Database, doi:10.1093/database/baz046), mouse entries, cell type ""Neurons""; https://panglaodb.se/markers/PanglaoDB_markers_27_Mar_2020.tsv.gz"
Neurons,TH,"PanglaoDB markers 27 Mar 2020 (Franzen O et al. 2019, Database, doi:10.1093/database/baz046), mouse entries, cell type ""Neurons""; https://panglaodb.se/markers/PanglaoDB_markers_27_Mar_2020.tsv.gz"
Neurons,CALB1,"PanglaoDB markers 27 Mar 2020 (Franzen O et al. 2019, Database, doi:10.1093/database/baz046), mouse entries, cell type ""Neurons""; https://panglaodb.se/markers/PanglaoDB_markers_27_Mar_2020.tsv.gz"
Neurons,CALB2,"PanglaoDB markers 27 Mar 2020 (Franzen O et al. 2019, Database, doi:10.1093/database/baz046), mouse entries, cell type ""Neurons""; https://panglaodb.se/markers/PanglaoDB_markers_27_Mar_2020.tsv.gz"
Neurons,ISL1,"PanglaoDB markers 27 Mar 2020 (Franzen O et al. 2019, Database, doi:10.1093/database/baz046), mouse entries, cell type ""Neurons""; https://panglaodb.se/markers/PanglaoDB_markers_27_Mar_2020.tsv.gz"
Neurons,EPO,"PanglaoDB markers 27 Mar 2020 (Franzen O et al. 2019, Database, doi:10.1093/database/baz046), mouse entries, cell type ""Neurons""; https://panglaodb.se/markers/PanglaoDB_markers_27_Mar_2020.tsv.gz"
Neurons,CSF3,"PanglaoDB markers 27 Mar 2020 (Franzen O et al. 2019, Database, doi:10.1093/database/baz046), mouse entries, cell type ""Neurons""; https://panglaodb.se/markers/PanglaoDB_markers_27_Mar_2020.tsv.gz"
Neurons,NEFH,"PanglaoDB markers 27 Mar 2020 (Franzen O et al. 2019, Database, doi:10.1093/database/baz046), mouse entries, cell type ""Neurons""; https://panglaodb.se/markers/PanglaoDB_markers_27_Mar_2020.tsv.gz"
Neurons,NEFM,"PanglaoDB markers 27 Mar 2020 (Franzen O et al. 2019, Database, doi:10.1093/database/baz046), mouse entries, cell type ""Neurons""; https://panglaodb.se/markers/PanglaoDB_markers_27_Mar_2020.tsv.gz"
Neurons,DLG4,"PanglaoDB markers 27 Mar 2020 (Franzen O et al. 2019, Database, doi:10.1093/database/baz046), mouse entries, cell type ""Neurons""; https://panglaodb.se/markers/PanglaoDB_markers_27_Mar_2020.tsv.gz"
Neurons,SLC12A5,"PanglaoDB markers 27 Mar 2020 (Franzen O et al. 2019, Database, doi:10.1093/database/baz046), mouse entries, cell type ""Neurons""; https://panglaodb.se/markers/PanglaoDB_markers_27_Mar_2020.tsv.gz"
Neurons,GABRA1,"PanglaoDB markers 27 Mar 2020 (Franzen O et al. 2019, Database, doi:10.1093/database/baz046), mouse entries, cell type ""Neurons""; https://panglaodb.se/markers/PanglaoDB_markers_27_Mar_2020.tsv.gz"
Neurons,AQP1,"PanglaoDB markers 27 Mar 2020 (Franzen O et al. 2019, Database, doi:10.1093/database/baz046), mouse entries, cell type ""Neurons""; https://panglaodb.se/markers/PanglaoDB_markers_27_Mar_2020.tsv.gz"
Neurons,IFIT3,"PanglaoDB markers 27 Mar 2020 (Franzen O et al. 2019, Database, doi:10.1093/database/baz046), mouse entries, cell type ""Neurons""; https://panglaodb.se/markers/PanglaoDB_markers_27_Mar_2020.tsv.gz"
Neurons,SLC11A1,"PanglaoDB markers 27 Mar 2020 (Franzen O et al. 2019, Database, doi:10.1093/database/baz046), mouse entries, cell type ""Neurons""; https://panglaodb.se/markers/PanglaoDB_markers_27_Mar_2020.tsv.gz"
Neurons,TFF3,"PanglaoDB markers 27 Mar 2020 (Franzen O et al. 2019, Database, doi:10.1093/database/baz046), mouse entries, cell type ""Neurons""; https://panglaodb.se/markers/PanglaoDB_markers_27_Mar_2020.tsv.gz"
Neurons,SLC1A1,"PanglaoDB markers 27 Mar 2020 (Franzen O et al. 2019, Database, doi:10.1093/database/baz046), mouse entries, cell type ""Neurons""; https://panglaodb.se/markers/PanglaoDB_markers_27_Mar_2020.tsv.gz"
Neurons,CXCL1,"PanglaoDB markers 27 Mar 2020 (Franzen O et al. 2019, Database, doi:10.1093/database/baz046), mouse entries, cell type ""Neurons""; https://panglaodb.se/markers/PanglaoDB_markers_27_Mar_2020.tsv.gz"
Neurons,CXCR5,"PanglaoDB markers 27 Mar 2020 (Franzen O et al. 2019, Database, doi:10.1093/database/baz046), mouse entries, cell type ""Neurons""; https://panglaodb.se/markers/PanglaoDB_markers_27_Mar_2020.tsv.gz"
Neurons,AIM2,"PanglaoDB markers 27 Mar 2020 (Franzen O et al. 2019, Database, doi:10.1093/database/baz046), mouse entries, cell type ""Neurons""; https://panglaodb.se/markers/PanglaoDB_markers_27_Mar_2020.tsv.gz"
Neurons,MATN2,"PanglaoDB markers 27 Mar 2020 (Franzen O et al. 2019, Database, doi:10.1093/database/baz046), mouse entries, cell type ""Neurons""; https://panglaodb.se/markers/PanglaoDB_markers_27_Mar_2020.tsv.gz"
Neurons,SLC36A4,"PanglaoDB markers 27 Mar 2020 (Franzen O et al. 2019, Database, doi:10.1093/database/baz046), mouse entries, cell type ""Neurons""; https://panglaodb.se/markers/PanglaoDB_markers_27_Mar_2020.tsv.gz"
Neurons,PRPH,"PanglaoDB markers 27 Mar 2020 (Franzen O et al. 2019, Database, doi:10.1093/database/baz046), mouse entries, cell type ""Neurons""; https://panglaodb.se/markers/PanglaoDB_markers_27_Mar_2020.tsv.gz"
Neurons,MECP2,"PanglaoDB markers 27 Mar 2020 (Franzen O et al. 2019, Database, doi:10.1093/database/baz046), mouse entries, cell type ""Neurons""; https://panglaodb.se/markers/PanglaoDB_markers_27_Mar_2020.tsv.gz"
Neurons,RIN1,"PanglaoDB markers 27 Mar 2020 (Franzen O et al. 2019, Database, doi:10.1093/database/baz046), mouse entries, cell type ""Neurons""; https://panglaodb.se/markers/PanglaoDB_markers_27_Mar_2020.tsv.gz"
Neurons,OMP,"PanglaoDB markers 27 Mar 2020 (Franzen O et al. 2019, Database, doi:10.1093/database/baz046), mouse entries, cell type ""Neurons""; https://panglaodb.se/markers/PanglaoDB_markers_27_Mar_2020.tsv.gz"
Neurons,PTPN11,"PanglaoDB markers 27 Mar 2020 (Franzen O et al. 2019, Database, doi:10.1093/database/baz046), mouse entries, cell type ""Neurons""; https://panglaodb.se/markers/PanglaoDB_markers_27_Mar_2020.tsv.gz"
Neurons,GHSR,"PanglaoDB markers 27 Mar 2020 (Franzen O et al. 2019, Database, doi:10.1093/database/baz046), mouse entries, cell type ""Neurons""; https://panglaodb.se/markers/PanglaoDB_markers_27_Mar_2020.tsv.gz"
Neurons,NPY,"PanglaoDB markers 27 Mar 2020 (Franzen O et al. 2019, Database, doi:10.1093/database/baz046), mouse entries, cell type ""Neurons""; https://panglaodb.se/markers/PanglaoDB_markers_27_Mar_2020.tsv.gz"
Neurons,AGRP,"PanglaoDB markers 27 Mar 2020 (Franzen O et al. 2019, Database, doi:10.1093/database/baz046), mouse entries, cell type ""Neurons""; https://panglaodb.se/markers/PanglaoDB_markers_27_Mar_2020.tsv.gz"
Neurons,RESP18,"PanglaoDB markers 27 Mar 2020 (Franzen O et al. 2019, Database, doi:10.1093/database/baz046), mouse entries, cell type ""Neurons""; https://panglaodb.se/markers/PanglaoDB_markers_27_Mar_2020.tsv.gz"
Neurons,STX1A,"PanglaoDB markers 27 Mar 2020 (Franzen O et al. 2019, Database, doi:10.1093/database/baz046), mouse entries, cell type ""Neurons""; https://panglaodb.se/markers/PanglaoDB_markers_27_Mar_2020.tsv.gz"
Neurons,SCN2B,"PanglaoDB markers 27 Mar 2020 (Franzen O et al. 2019, Database, doi:10.1093/database/baz046), mouse entries, cell type ""Neurons""; https://panglaodb.se/markers/PanglaoDB_markers_27_Mar_2020.tsv.gz"
Neurons,DISP2,"PanglaoDB markers 27 Mar 2020 (Franzen O et al. 2019, Database, doi:10.1093/database/baz046), mouse entries, cell type ""Neurons""; https://panglaodb.se/markers/PanglaoDB_markers_27_Mar_2020.tsv.gz"
Neurons,CBARP,"PanglaoDB markers 27 Mar 2020 (Franzen O et al. 2019, Database, doi:10.1093/database/baz046), mouse entries, cell type ""Neurons""; https://panglaodb.se/markers/PanglaoDB_markers_27_Mar_2020.tsv.gz"
Neurons,B3GAT2,"PanglaoDB markers 27 Mar 2020 (Franzen O et al. 2019, Database, doi:10.1093/database/baz046), mouse entries, cell type ""Neurons""; https://panglaodb.se/markers/PanglaoDB_markers_27_Mar_2020.tsv.gz"
Neurons,FMO1,"PanglaoDB markers 27 Mar 2020 (Franzen O et al. 2019, Database, doi:10.1093/database/baz046), mouse entries, cell type ""Neurons""; https://panglaodb.se/markers/PanglaoDB_markers_27_Mar_2020.tsv.gz"
Neurons,FBLN2,"PanglaoDB markers 27 Mar 2020 (Franzen O et al. 2019, Database, doi:10.1093/database/baz046), mouse entries, cell type ""Neurons""; https://panglaodb.se/markers/PanglaoDB_markers_27_Mar_2020.tsv.gz"
Neurons,SHISA2,"PanglaoDB markers 27 Mar 2020 (Franzen O et al. 2019, Database, doi:10.1093/database/baz046), mouse entries, cell type ""Neurons""; https://panglaodb.se/markers/PanglaoDB_markers_27_Mar_2020.tsv.gz"
Neurons,LUZP2,"PanglaoDB markers 27 Mar 2020 (Franzen O et al. 2019, Database, doi:10.1093/database/baz046), mouse entries, cell type ""Neurons""; https://panglaodb.se/markers/PanglaoDB_markers_27_Mar_2020.tsv.gz"
Neurons,SCRG1,"PanglaoDB markers 27 Mar 2020 (Franzen O et al. 2019, Database, doi:10.1093/database/baz046), mouse entries, cell type ""Neurons""; https://panglaodb.se/markers/PanglaoDB_markers_27_Mar_2020.tsv.gz"
Neurons,FAM181B,"PanglaoDB markers 27 Mar 2020 (Franzen O et al. 2019, Database, doi:10.1093/database/baz046), mouse entries, cell type ""Neurons""; https://panglaodb.se/markers/PanglaoDB_markers_27_Mar_2020.tsv.gz"
Neurons,IGF1,"PanglaoDB markers 27 Mar 2020 (Franzen O et al. 2019, Database, doi:10.1093/database/baz046), mouse entries, cell type ""Neurons""; https://panglaodb.se/markers/PanglaoDB_markers_27_Mar_2020.tsv.gz"
Neurons,CD59A,"PanglaoDB markers 27 Mar 2020 (Franzen O et al. 2019, Database, doi:10.1093/database/baz046), mouse entries, cell type ""Neurons""; https://panglaodb.se/markers/PanglaoDB_markers_27_Mar_2020.tsv.gz"
Neurons,CTXN2,"PanglaoDB markers 27 Mar 2020 (Franzen O et al. 2019, Database, doi:10.1093/database/baz046), mouse entries, cell type ""Neurons""; https://panglaodb.se/markers/PanglaoDB_markers_27_Mar_2020.tsv.gz"
Neurons,TMEM130,"PanglaoDB markers 27 Mar 2020 (Franzen O et al. 2019, Database, doi:10.1093/database/baz046), mouse entries, cell type ""Neurons""; https://panglaodb.se/markers/PanglaoDB_markers_27_Mar_2020.tsv.gz"
Neurons,DZANK1,"PanglaoDB markers 27 Mar 2020 (Franzen O et al. 2019, Database, doi:10.1093/database/baz046), mouse entries, cell type ""Neurons""; https://panglaodb.se/markers/PanglaoDB_markers_27_Mar_2020.tsv.gz"
Neurons,ACSL4,"PanglaoDB markers 27 Mar 2020 (Franzen O et al. 2019, Database, doi:10.1093/database/baz046), mouse entries, cell type ""Neurons""; https://panglaodb.se/markers/PanglaoDB_markers_27_Mar_2020.tsv.gz"
Neurons,CLSTN3,"PanglaoDB markers 27 Mar 2020 (Franzen O et al. 2019, Database, doi:10.1093/database/baz046), mouse entries, cell type ""Neurons""; https://panglaodb.se/markers/PanglaoDB_markers_27_Mar_2020.tsv.gz"
Neurons,ARHGDIG,"PanglaoDB markers 27 Mar 2020 (Franzen O et al. 2019, Database, doi:10.1093/database/baz046), mouse entries, cell type ""Neurons""; https://panglaodb.se/markers/PanglaoDB_markers_27_Mar_2020.tsv.gz"
Neurons,HAP1,"PanglaoDB markers 27 Mar 2020 (Franzen O et al. 2019, Database, doi:10.1093/database/baz046), mouse entries, cell type ""Neurons""; https://panglaodb.se/markers/PanglaoDB_markers_27_Mar_2020.tsv.gz"
Neurons,NRSN2,"PanglaoDB markers 27 Mar 2020 (Franzen O et al. 2019, Database, doi:10.1093/database/baz046), mouse entries, cell type ""Neurons""; https://panglaodb.se/markers/PanglaoDB_markers_27_Mar_2020.tsv.gz"
Neurons,ABAT,"PanglaoDB markers 27 Mar 2020 (Franzen O et al. 2019, Database, doi:10.1093/database/baz046), mouse entries, cell type ""Neurons""; https://panglaodb.se/markers/PanglaoDB_markers_27_Mar_2020.tsv.gz"
Neurons,HDAC11,"PanglaoDB markers 27 Mar 2020 (Franzen O et al. 2019, Database, doi:10.1093/database/baz046), mouse entries, cell type ""Neurons""; https://panglaodb.se/markers/PanglaoDB_markers_27_Mar_2020.tsv.gz"
Neurons,SLC30A9,"PanglaoDB markers 27 Mar 2020 (Franzen O et al. 2019, Database, doi:10.1093/database/baz046), mouse entries, cell type ""Neurons""; https://panglaodb.se/markers/PanglaoDB_markers_27_Mar_2020.tsv.gz"
Neurons,SCAMP1,"PanglaoDB markers 27 Mar 2020 (Franzen O et al. 2019, Database, doi:10.1093/database/baz046), mouse entries, cell type ""Neurons""; https://panglaodb.se/markers/PanglaoDB_markers_27_Mar_2020.tsv.gz"
Neurons,MAGEE1,"PanglaoDB markers 27 Mar 2020 (Franzen O et al. 2019, Database, doi:10.1093/database/baz046), mouse entries, cell type ""Neurons""; https://panglaodb.se/markers/PanglaoDB_markers_27_Mar_2020.tsv.gz"
Neurons,NCALD,"PanglaoDB markers 27 Mar 2020 (Franzen O et al. 2019, Database, doi:10.1093/database/baz046), mouse entries, cell type ""Neurons""; https://panglaodb.se/markers/PanglaoDB_markers_27_Mar_2020.tsv.gz"
Neurons,COPG1,"PanglaoDB markers 27 Mar 2020 (Franzen O et al. 2019, Database, doi:10.1093/database/baz046), mouse entries, cell type ""Neurons""; https://panglaodb.se/markers/PanglaoDB_markers_27_Mar_2020.tsv.gz"
Neurons,KCNC1,"PanglaoDB markers 27 Mar 2020 (Franzen O et al. 2019, Database, doi:10.1093/database/baz046), mouse entries, cell type ""Neurons""; https://panglaodb.se/markers/PanglaoDB_markers_27_Mar_2020.tsv.gz"
Neurons,FBXW7,"PanglaoDB markers 27 Mar 2020 (Franzen O et al. 2019, Database, doi:10.1093/database/baz046), mouse entries, cell type ""Neurons""; https://panglaodb.se/markers/PanglaoDB_markers_27_Mar_2020.tsv.gz"
Neurons,GABRG2,"PanglaoDB markers 27 Mar 2020 (Franzen O et al. 2019, Database, doi:10.1093/database/baz046), mouse entries, cell type ""Neurons""; https://panglaodb.se/markers/PanglaoDB_markers_27_Mar_2020.tsv.gz"
Neurons,NMT1,"PanglaoDB markers 27 Mar 2020 (Franzen O et al. 2019, Database, doi:10.1093/database/baz046), mouse entries, cell type ""Neurons""; https://panglaodb.se/markers/PanglaoDB_markers_27_Mar_2020.tsv.gz"
Neurons,ARID4A,"PanglaoDB markers 27 Mar 2020 (Franzen O et al. 2019, Database, doi:10.1093/database/baz046), mouse entries, cell type ""Neurons""; https://panglaodb.se/markers/PanglaoDB_markers_27_Mar_2020.tsv.gz"
Neurons,ZRSR1,"PanglaoDB markers 27 Mar 2020 (Franzen O et al. 2019, Database, doi:10.1093/database/baz046), mouse entries, cell type ""Neurons""; https://panglaodb.se/markers/PanglaoDB_markers_27_Mar_2020.tsv.gz"
Neurons,RGS17,"PanglaoDB markers 27 Mar 2020 (Franzen O et al. 2019, Database, doi:10.1093/database/baz046), mouse entries, cell type ""Neurons""; https://panglaodb.se/markers/PanglaoDB_markers_27_Mar_2020.tsv.gz"
Neurons,TMEM91,"PanglaoDB markers 27 Mar 2020 (Franzen O et al. 2019, Database, doi:10.1093/database/baz046), mouse entries, cell type ""Neurons""; https://panglaodb.se/markers/PanglaoDB_markers_27_Mar_2020.tsv.gz"
Neurons,CDK5,"PanglaoDB markers 27 Mar 2020 (Franzen O et al. 2019, Database, doi:10.1093/database/baz046), mouse entries, cell type ""Neurons""; https://panglaodb.se/markers/PanglaoDB_markers_27_Mar_2020.tsv.gz"
Neurons,SAFB,"PanglaoDB markers 27 Mar 2020 (Franzen O et al. 2019, Database, doi:10.1093/database/baz046), mouse entries, cell type ""Neurons""; https://panglaodb.se/markers/PanglaoDB_markers_27_Mar_2020.tsv.gz"
Neurons,RNF220,"PanglaoDB markers 27 Mar 2020 (Franzen O et al. 2019, Database, doi:10.1093/database/baz046), mouse entries, cell type ""Neurons""; https://panglaodb.se/markers/PanglaoDB_markers_27_Mar_2020.tsv.gz"
Neurons,RASGRF1,"PanglaoDB markers 27 Mar 2020 (Franzen O et al. 2019, Database, doi:10.1093/database/baz046), mouse entries, cell type ""Neurons""; https://panglaodb.se/markers/PanglaoDB_markers_27_Mar_2020.tsv.gz"
Neurons,TCEAL6,"PanglaoDB markers 27 Mar 2020 (Franzen O et al. 2019, Database, doi:10.1093/database/baz046), mouse entries, cell type ""Neurons""; https://panglaodb.se/markers/PanglaoDB_markers_27_Mar_2020.tsv.gz"
Neurons,TMEM179,"PanglaoDB markers 27 Mar 2020 (Franzen O et al. 2019, Database, doi:10.1093/database/baz046), mouse entries, cell type ""Neurons""; https://panglaodb.se/markers/PanglaoDB_markers_27_Mar_2020.tsv.gz"
Neurons,NICN1,"PanglaoDB markers 27 Mar 2020 (Franzen O et al. 2019, Database, doi:10.1093/database/baz046), mouse entries, cell type ""Neurons""; https://panglaodb.se/markers/PanglaoDB_markers_27_Mar_2020.tsv.gz"
Neurons,PNMAL1,"PanglaoDB markers 27 Mar 2020 (Franzen O et al. 2019, Database, doi:10.1093/database/baz046), mouse entries, cell type ""Neurons""; https://panglaodb.se/markers/PanglaoDB_markers_27_Mar_2020.tsv.gz"
Neurons,NAPG,"PanglaoDB markers 27 Mar 2020 (Franzen O et al. 2019, Database, doi:10.1093/database/baz046), mouse entries, cell type ""Neurons""; https://panglaodb.se/markers/PanglaoDB_markers_27_Mar_2020.tsv.gz"
Neurons,CMIP,"PanglaoDB markers 27 Mar 2020 (Franzen O et al. 2019, Database, doi:10.1093/database/baz046), mouse entries, cell type ""Neurons""; https://panglaodb.se/markers/PanglaoDB_markers_27_Mar_2020.tsv.gz"
Neurons,ZMYND11,"PanglaoDB markers 27 Mar 2020 (Franzen O et al. 2019, Database, doi:10.1093/database/baz046), mouse entries, cell type ""Neurons""; https://panglaodb.se/markers/PanglaoDB_markers_27_Mar_2020.tsv.gz"
Neurons,RHBDD2,"PanglaoDB markers 27 Mar 2020 (Franzen O et al. 2019, Database, doi:10.1093/database/baz046), mouse entries, cell type ""Neurons""; https://panglaodb.se/markers/PanglaoDB_markers_27_Mar_2020.tsv.gz"
Neurons,ST8SIA3,"PanglaoDB markers 27 Mar 2020 (Franzen O et al. 2019, Database, doi:10.1093/database/baz046), mouse entries, cell type ""Neurons""; https://panglaodb.se/markers/PanglaoDB_markers_27_Mar_2020.tsv.gz"
Neurons,PQBP1,"PanglaoDB markers 27 Mar 2020 (Franzen O et al. 2019, Database, doi:10.1093/database/baz046), mouse entries, cell type ""Neurons""; https://panglaodb.se/markers/PanglaoDB_markers_27_Mar_2020.tsv.gz"
Neurons,MATK,"PanglaoDB markers 27 Mar 2020 (Franzen O et al. 2019, Database, doi:10.1093/database/baz046), mouse entries, cell type ""Neurons""; https://panglaodb.se/markers/PanglaoDB_markers_27_Mar_2020.tsv.gz"
Neurons,TRO,"PanglaoDB markers 27 Mar 2020 (Franzen O et al. 2019, Database, doi:10.1093/database/baz046), mouse entries, cell type ""Neurons""; https://panglaodb.se/markers/PanglaoDB_markers_27_Mar_2020.tsv.gz"
Neurons,CKMT1,"PanglaoDB markers 27 Mar 2020 (Franzen O et al. 2019, Database, doi:10.1093/database/baz046), mouse entries, cell type ""Neurons""; https://panglaodb.se/markers/PanglaoDB_markers_27_Mar_2020.tsv.gz"
Neurons,AKAP8L,"PanglaoDB markers 27 Mar 2020 (Franzen O et al. 2019, Database, doi:10.1093/database/baz046), mouse entries, cell type ""Neurons""; https://panglaodb.se/markers/PanglaoDB_markers_27_Mar_2020.tsv.gz"
Neurons,DUSP26,"PanglaoDB markers 27 Mar 2020 (Franzen O et al. 2019, Database, doi:10.1093/database/baz046), mouse entries, cell type ""Neurons""; https://panglaodb.se/markers/PanglaoDB_markers_27_Mar_2020.tsv.gz"
Neurons,SYT5,"PanglaoDB markers 27 Mar 2020 (Franzen O et al. 2019, Database, doi:10.1093/database/baz046), mouse entries, cell type ""Neurons""; https://panglaodb.se/markers/PanglaoDB_markers_27_Mar_2020.tsv.gz"
Neurons,GAD1,"PanglaoDB markers 27 Mar 2020 (Franzen O et al. 2019, Database, doi:10.1093/database/baz046), mouse entries, cell type ""Neurons""; https://panglaodb.se/markers/PanglaoDB_markers_27_Mar_2020.tsv.gz"
Neurons,FLYWCH1,"PanglaoDB markers 27 Mar 2020 (Franzen O et al. 2019, Database, doi:10.1093/database/baz046), mouse entries, cell type ""Neurons""; https://panglaodb.se/markers/PanglaoDB_markers_27_Mar_2020.tsv.gz"
Neurons,RIT2,"PanglaoDB markers 27 Mar 2020 (Franzen O et al. 2019, Database, doi:10.1093/database/baz046), mouse entries, cell type ""Neurons""; https://panglaodb.se/markers/PanglaoDB_markers_27_Mar_2020.tsv.gz"
Neurons,TCEAL5,"PanglaoDB markers 27 Mar 2020 (Franzen O et al. 2019, Database, doi:10.1093/database/baz046), mouse entries, cell type ""Neurons""; https://panglaodb.se/markers/PanglaoDB_markers_27_Mar_2020.tsv.gz"
Neurons,PNCK,"PanglaoDB markers 27 Mar 2020 (Franzen O et al. 2019, Database, doi:10.1093/database/baz046), mouse entries, cell type ""Neurons""; https://panglaodb.se/markers/PanglaoDB_markers_27_Mar_2020.tsv.gz"
Neurons,TMEM59L,"PanglaoDB markers 27 Mar 2020 (Franzen O et al. 2019, Database, doi:10.1093/database/baz046), mouse entries, cell type ""Neurons""; https://panglaodb.se/markers/PanglaoDB_markers_27_Mar_2020.tsv.gz"
Neurons,TCEAL3,"PanglaoDB markers 27 Mar 2020 (Franzen O et al. 2019, Database, doi:10.1093/database/baz046), mouse entries, cell type ""Neurons""; https://panglaodb.se/markers/PanglaoDB_markers_27_Mar_2020.tsv.gz"
Neurons,GPRASP2,"PanglaoDB markers 27 Mar 2020 (Franzen O et al. 2019, Database, doi:10.1093/database/baz046), mouse entries, cell type ""Neurons""; https://panglaodb.se/markers/PanglaoDB_markers_27_Mar_2020.tsv.gz"
Neurons,MAP7D2,"PanglaoDB markers 27 Mar 2020 (Franzen O et al. 2019, Database, doi:10.1093/database/baz046), mouse entries, cell type ""Neurons""; https://panglaodb.se/markers/PanglaoDB_markers_27_Mar_2020.tsv.gz"
Neurons,MIAT,"PanglaoDB markers 27 Mar 2020 (Franzen O et al. 2019, Database, doi:10.1093/database/baz046), mouse entries, cell type ""Neurons""; https://panglaodb.se/markers/PanglaoDB_markers_27_Mar_2020.tsv.gz"
Neurons,RB1CC1,"PanglaoDB markers 27 Mar 2020 (Franzen O et al. 2019, Database, doi:10.1093/database/baz046), mouse entries, cell type ""Neurons""; https://panglaodb.se/markers/PanglaoDB_markers_27_Mar_2020.tsv.gz"
Neurons,PABPN1,"PanglaoDB markers 27 Mar 2020 (Franzen O et al. 2019, Database, doi:10.1093/database/baz046), mouse entries, cell type ""Neurons""; https://panglaodb.se/markers/PanglaoDB_markers_27_Mar_2020.tsv.gz"
Neurons,GRIA3,"PanglaoDB markers 27 Mar 2020 (Franzen O et al. 2019, Database, doi:10.1093/database/baz046), mouse entries, cell type ""Neurons""; https://panglaodb.se/markers/PanglaoDB_markers_27_Mar_2020.tsv.gz"
Neurons,NBEA,"PanglaoDB markers 27 Mar 2020 (Franzen O et al. 2019, Database, doi:10.1093/database/baz046), mouse entries, cell type ""Neurons""; https://panglaodb.se/markers/PanglaoDB_markers_27_Mar_2020.tsv.gz"
Neurons,SFSWAP,"PanglaoDB markers 27 Mar 2020 (Franzen O et al. 2019, Database, doi:10.1093/database/baz046), mouse entries, cell type ""Neurons""; https://panglaodb.se/markers/PanglaoDB_markers_27_Mar_2020.tsv.gz"
Neurons,WDR60,"PanglaoDB markers 27 Mar 2020 (Franzen O et al. 2019, Database, doi:10.1093/database/baz046), mouse entries, cell type ""Neurons""; https://panglaodb.se/markers/PanglaoDB_markers_27_Mar_2020.tsv.gz"
Neurons,MIRG,"PanglaoDB markers 27 Mar 2020 (Franzen O et al. 2019, Database, doi:10.1093/database/baz046), mouse entries, cell type ""Neurons""; https://panglaodb.se/markers/PanglaoDB_markers_27_Mar_2020.tsv.gz"
Neurons,SCN1A,"PanglaoDB markers 27 Mar 2020 (Franzen O et al. 2019, Database, doi:10.1093/database/baz046), mouse entries, cell type ""Neurons""; https://panglaodb.se/markers/PanglaoDB_markers_27_Mar_2020.tsv.gz"
Neurons,RNPC3,"PanglaoDB markers 27 Mar 2020 (Franzen O et al. 2019, Database, doi:10.1093/database/baz046), mouse entries, cell type ""Neurons""; https://panglaodb.se/markers/PanglaoDB_markers_27_Mar_2020.tsv.gz"
Neurons,HOXC8,"PanglaoDB markers 27 Mar 2020 (Franzen O et al. 2019, Database, doi:10.1093/database/baz046), mouse entries, cell type ""Neurons""; https://panglaodb.se/markers/PanglaoDB_markers_27_Mar_2020.tsv.gz"
Neurons,RERE,"PanglaoDB markers 27 Mar 2020 (Franzen O et al. 2019, Database, doi:10.1093/database/baz046), mouse entries, cell type ""Neurons""; https://panglaodb.se/markers/PanglaoDB_markers_27_Mar_2020.tsv.gz"
Neurons,SCN8A,"PanglaoDB markers 27 Mar 2020 (Franzen O et al. 2019, Database, doi:10.1093/database/baz046), mouse entries, cell type ""Neurons""; https://panglaodb.se/markers/PanglaoDB_markers_27_Mar_2020.tsv.gz"
Neurons,TRIP11,"PanglaoDB markers 27 Mar 2020 (Franzen O et al. 2019, Database, doi:10.1093/database/baz046), mouse entries, cell type ""Neurons""; https://panglaodb.se/markers/PanglaoDB_markers_27_Mar_2020.tsv.gz"
Neurons,EML5,"PanglaoDB markers 27 Mar 2020 (Franzen O et al. 2019, Database, doi:10.1093/database/baz046), mouse entries, cell type ""Neurons""; https://panglaodb.se/markers/PanglaoDB_markers_27_Mar_2020.tsv.gz"
Neurons,KMT2C,"PanglaoDB markers 27 Mar 2020 (Franzen O et al. 2019, Database, doi:10.1093/database/baz046), mouse entries, cell type ""Neurons""; https://panglaodb.se/markers/PanglaoDB_markers_27_Mar_2020.tsv.gz"
Neurons,AAK1,"PanglaoDB markers 27 Mar 2020 (Franzen O et al. 2019, Database, doi:10.1093/database/baz046), mouse entries, cell type ""Neurons""; https://panglaodb.se/markers/PanglaoDB_markers_27_Mar_2020.tsv.gz"
Neurons,SAFB2,"PanglaoDB markers 27 Mar 2020 (Franzen O et al. 2019, Database, doi:10.1093/database/baz046), mouse entries, cell type ""Neurons""; https://panglaodb.se/markers/PanglaoDB_markers_27_Mar_2020.tsv.gz"
Neurons,SACS,"PanglaoDB markers 27 Mar 2020 (Franzen O et al. 2019, Database, doi:10.1093/database/baz046), mouse entries, cell type ""Neurons""; https://panglaodb.se/markers/PanglaoDB_markers_27_Mar_2020.tsv.gz"
Neurons,RYR2,"PanglaoDB markers 27 Mar 2020 (Franzen O et al. 2019, Database, doi:10.1093/database/baz046), mouse entries, cell type ""Neurons""; https://panglaodb.se/markers/PanglaoDB_markers_27_Mar_2020.tsv.gz"
Neurons,CSPP1,"PanglaoDB markers 27 Mar 2020 (Franzen O et al. 2019, Database, doi:10.1093/database/baz046), mouse entries, cell type ""Neurons""; https://panglaodb.se/markers/PanglaoDB_markers_27_Mar_2020.tsv.gz"
Neurons,GRIA4,"PanglaoDB markers 27 Mar 2020 (Franzen O et al. 2019, Database, doi:10.1093/database/baz046), mouse entries, cell type ""Neurons""; https://panglaodb.se/markers/PanglaoDB_markers_27_Mar_2020.tsv.gz"
Neurons,CHD6,"PanglaoDB markers 27 Mar 2020 (Franzen O et al. 2019, Database, doi:10.1093/database/baz046), mouse entries, cell type ""Neurons""; https://panglaodb.se/markers/PanglaoDB_markers_27_Mar_2020.tsv.gz"
Neurons,ZFP445,"PanglaoDB markers 27 Mar 2020 (Franzen O et al. 2019, Database, doi:10.1093/database/baz046), mouse entries, cell type ""Neurons""; https://panglaodb.se/markers/PanglaoDB_markers_27_Mar_2020.tsv.gz"
Neurons,ZCCHC7,"PanglaoDB markers 27 Mar 2020 (Franzen O et al. 2019, Database, doi:10.1093/database/baz046), mouse entries, cell type ""Neurons""; https://panglaodb.se/markers/PanglaoDB_markers_27_Mar_2020.tsv.gz"
Neurons,GPATCH8,"PanglaoDB markers 27 Mar 2020 (Franzen O et al. 2019, Database, doi:10.1093/database/baz046), mouse entries, cell type ""Neurons""; https://panglaodb.se/markers/PanglaoDB_markers_27_Mar_2020.tsv.gz"
Neurons,PCLO,"PanglaoDB markers 27 Mar 2020 (Franzen O et al. 2019, Database, doi:10.1093/database/baz046), mouse entries, cell type ""Neurons""; https://panglaodb.se/markers/PanglaoDB_markers_27_Mar_2020.tsv.gz"
Neurons,SYNE1,"PanglaoDB markers 27 Mar 2020 (Franzen O et al. 2019, Database, doi:10.1093/database/baz046), mouse entries, cell type ""Neurons""; https://panglaodb.se/markers/PanglaoDB_markers_27_Mar_2020.tsv.gz"
Neurons,PROX1,"PanglaoDB markers 27 Mar 2020 (Franzen O et al. 2019, Database, doi:10.1093/database/baz046), mouse entries, cell type ""Neurons""; https://panglaodb.se/markers/PanglaoDB_markers_27_Mar_2020.tsv.gz"
Neurons,NRGN,"PanglaoDB markers 27 Mar 2020 (Franzen O et al. 2019, Database, doi:10.1093/database/baz046), mouse entries, cell type ""Neurons""; https://panglaodb.se/markers/PanglaoDB_markers_27_Mar_2020.tsv.gz"
Neurons,PPP1R14C,"PanglaoDB markers 27 Mar 2020 (Franzen O et al. 2019, Database, doi:10.1093/database/baz046), mouse entries, cell type ""Neurons""; https://panglaodb.se/markers/PanglaoDB_markers_27_Mar_2020.tsv.gz"
Neurons,UBE2D2A,"PanglaoDB markers 27 Mar 2020 (Franzen O et al. 2019, Database, doi:10.1093/database/baz046), mouse entries, cell type ""Neurons""; https://panglaodb.se/markers/PanglaoDB_markers_27_Mar_2020.tsv.gz"
Neurons,SYNPR,"PanglaoDB markers 27 Mar 2020 (Franzen O et al. 2019, Database, doi:10.1093/database/baz046), mouse entries, cell type ""Neurons""; https://panglaodb.se/markers/PanglaoDB_markers_27_Mar_2020.tsv.gz"
Neurons,CCDC28B,"PanglaoDB markers 27 Mar 2020 (Franzen O et al. 2019, Database, doi:10.1093/database/baz046), mouse entries, cell type ""Neurons""; https://panglaodb.se/markers/PanglaoDB_markers_27_Mar_2020.tsv.gz"
Neurons,KCNK1,"PanglaoDB markers 27 Mar 2020 (Franzen O et al. 2019, Database, doi:10.1093/database/baz046), mouse entries, cell type ""Neurons""; https://panglaodb.se/markers/PanglaoDB_markers_27_Mar_2020.tsv.gz"
Neurons,CNRIP1,"PanglaoDB markers 27 Mar 2020 (Franzen O et al. 2019, Database, doi:10.1093/database/baz046), mouse entries, cell type ""Neurons""; https://panglaodb.se/markers/PanglaoDB_markers_27_Mar_2020.tsv.gz"
Neurons,FRRS1L,"PanglaoDB markers 27 Mar 2020 (Franzen O et al. 2019, Database, doi:10.1093/database/baz046), mouse entries, cell type ""Neurons""; https://panglaodb.se/markers/PanglaoDB_markers_27_Mar_2020.tsv.gz"
Neurons,FAM69B,"PanglaoDB markers 27 Mar 2020 (Franzen O et al. 2019, Database, doi:10.1093/database/baz046), mouse entries, cell type ""Neurons""; https://panglaodb.se/markers/PanglaoDB_markers_27_Mar_2020.tsv.gz"
Neurons,GPR162,"PanglaoDB markers 27 Mar 2020 (Franzen O et al. 2019, Database, doi:10.1093/database/baz046), mouse entries, cell type ""Neurons""; https://panglaodb.se/markers/PanglaoDB_markers_27_Mar_2020.tsv.gz"
Neurons,CACNG2,"PanglaoDB markers 27 Mar 2020 (Franzen O et al. 2019, Database, doi:10.1093/database/baz046), mouse entries, cell type ""Neurons""; https://panglaodb.se/markers/PanglaoDB_markers_27_Mar_2020.tsv.gz"
Neurons,SPOCK3,"PanglaoDB markers 27 Mar 2020 (Franzen O et al. 2019, Database, doi:10.1093/database/baz046), mouse entries, cell type ""Neurons""; https://panglaodb.se/markers/PanglaoDB_markers_27_Mar_2020.tsv.gz"
Neurons,RGS7BP,"PanglaoDB markers 27 Mar 2020 (Franzen O et al. 2019, Database, doi:10.1093/database/baz046), mouse entries, cell type ""Neurons""; https://panglaodb.se/markers/PanglaoDB_markers_27_Mar_2020.tsv.gz"
Neurons,DNM3,"PanglaoDB markers 27 Mar 2020 (Franzen O et al. 2019, Database, doi:10.1093/database/baz046), mouse entries, cell type ""Neurons""; https://panglaodb.se/markers/PanglaoDB_markers_27_Mar_2020.tsv.gz"
Neurons,TMEM191C,"PanglaoDB markers 27 Mar 2020 (Franzen O et al. 2019, Database, doi:10.1093/database/baz046), mouse entries, cell type ""Neurons""; https://panglaodb.se/markers/PanglaoDB_markers_27_Mar_2020.tsv.gz"
Neurons,SLC6A17,"PanglaoDB markers 27 Mar 2020 (Franzen O et al. 2019, Database, doi:10.1093/database/baz046), mouse entries, cell type ""Neurons""; https://panglaodb.se/markers/PanglaoDB_markers_27_Mar_2020.tsv.gz"
Neurons,DNER,"PanglaoDB markers 27 Mar 2020 (Franzen O et al. 2019, Database, doi:10.1093/database/baz046), mouse entries, cell type ""Neurons""; https://panglaodb.se/markers/PanglaoDB_markers_27_Mar_2020.tsv.gz"
Neurons,GRM5,"PanglaoDB markers 27 Mar 2020 (Franzen O et al. 2019, Database, doi:10.1093/database/baz046), mouse entries, cell type ""Neurons""; https://panglaodb.se/markers/PanglaoDB_markers_27_Mar_2020.tsv.gz"
Neurons,CNTNAP2,"PanglaoDB markers 27 Mar 2020 (Franzen O et al. 2019, Database, doi:10.1093/database/baz046), mouse entries, cell type ""Neurons""; https://panglaodb.se/markers/PanglaoDB_markers_27_Mar_2020.tsv.gz"
Neurons,CPLX1,"PanglaoDB markers 27 Mar 2020 (Franzen O et al. 2019, Database, doi:10.1093/database/baz046), mouse entries, cell type ""Neurons""; https://panglaodb.se/markers/PanglaoDB_markers_27_Mar_2020.tsv.gz"
Neurons,SLC32A1,"PanglaoDB markers 27 Mar 2020 (Franzen O et al. 2019, Database, doi:10.1093/database/baz046), mouse entries, cell type ""Neurons""; https://panglaodb.se/markers/PanglaoDB_markers_27_Mar_2020.tsv.gz"
Neurons,DLGAP1,"PanglaoDB markers 27 Mar 2020 (Franzen O et al. 2019, Database, doi:10.1093/database/baz046), mouse entries, cell type ""Neurons""; https://panglaodb.se/markers/PanglaoDB_markers_27_Mar_2020.tsv.gz"
Neurons,PPP1R9A,"PanglaoDB markers 27 Mar 2020 (Franzen O et al. 2019, Database, doi:10.1093/database/baz046), mouse entries, cell type ""Neurons""; https://panglaodb.se/markers/PanglaoDB_markers_27_Mar_2020.tsv.gz"
Neurons,GNL3L,"PanglaoDB markers 27 Mar 2020 (Franzen O et al. 2019, Database, doi:10.1093/database/baz046), mouse entries, cell type ""Neurons""; https://panglaodb.se/markers/PanglaoDB_markers_27_Mar_2020.tsv.gz"
Neurons,ZCCHC12,"PanglaoDB markers 27 Mar 2020 (Franzen O et al. 2019, Database, doi:10.1093/database/baz046), mouse entries, cell type ""Neurons""; https://panglaodb.se/markers/PanglaoDB_markers_27_Mar_2020.tsv.gz"
Neurons,ATP6V1H,"PanglaoDB markers 27 Mar 2020 (Franzen O et al. 2019, Database, doi:10.1093/database/baz046), mouse entries, cell type ""Neurons""; https://panglaodb.se/markers/PanglaoDB_markers_27_Mar_2020.tsv.gz"
Neurons,HPCA,"PanglaoDB markers 27 Mar 2020 (Franzen O et al. 2019, Database, doi:10.1093/database/baz046), mouse entries, cell type ""Neurons""; https://panglaodb.se/markers/PanglaoDB_markers_27_Mar_2020.tsv.gz"
Neurons,CHN1,"PanglaoDB markers 27 Mar 2020 (Franzen O et al. 2019, Database, doi:10.1093/database/baz046), mouse entries, cell type ""Neurons""; https://panglaodb.se/markers/PanglaoDB_markers_27_Mar_2020.tsv.gz"
Neurons,CPNE6,"PanglaoDB markers 27 Mar 2020 (Franzen O et al. 2019, Database, doi:10.1093/database/baz046), mouse entries, cell type ""Neurons""; https://panglaodb.se/markers/PanglaoDB_markers_27_Mar_2020.tsv.gz"
Neurons,PDE1A,"PanglaoDB markers 27 Mar 2020 (Franzen O et al. 2019, Database, doi:10.1093/database/baz046), mouse entries, cell type ""Neurons""; https://panglaodb.se/markers/PanglaoDB_markers_27_Mar_2020.tsv.gz"
Neurons,GNAI1,"PanglaoDB markers 27 Mar 2020 (Franzen O et al. 2019, Database, doi:10.1093/database/baz046), mouse entries, cell type ""Neurons""; https://panglaodb.se/markers/PanglaoDB_markers_27_Mar_2020.tsv.gz"
Neurons,CCK,"PanglaoDB markers 27 Mar 2020 (Franzen O et al. 2019, Database, doi:10.1093/database/baz046), mouse entries, cell type ""Neurons""; https://panglaodb.se/markers/PanglaoDB_markers_27_Mar_2020.tsv.gz"
Neurons,RIMS3,"PanglaoDB markers 27 Mar 2020 (Franzen O et al. 2019, Database, doi:10.1093/database/baz046), mouse entries, cell type ""Neurons""; https://panglaodb.se/markers/PanglaoDB_markers_27_Mar_2020.tsv.gz"
Neurons,OGFOD1,"PanglaoDB markers 27 Mar 2020 (Franzen O et al. 2019, Database, doi:10.1093/database/baz046), mouse entries, cell type ""Neurons""; https://panglaodb.se/markers/PanglaoDB_markers_27_Mar_2020.tsv.gz"
Neurons,CELF6,"PanglaoDB markers 27 Mar 2020 (Franzen O et al. 2019, Database, doi:10.1093/database/baz046), mouse entries, cell type ""Neurons""; https://panglaodb.se/markers/PanglaoDB_markers_27_Mar_2020.tsv.gz"
Neurons,DTD1,"PanglaoDB markers 27 Mar 2020 (Franzen O et al. 2019, Database, doi:10.1093/database/baz046), mouse entries, cell type ""Neurons""; https://panglaodb.se/markers/PanglaoDB_markers_27_Mar_2020.tsv.gz"
Neurons,PRMT2,"PanglaoDB markers 27 Mar 2020 (Franzen O et al. 2019, Database, doi:10.1093/database/baz046), mouse entries, cell type ""Neurons""; https://panglaodb.se/markers/PanglaoDB_markers_27_Mar_2020.tsv.gz"
Neurons,AVP,"PanglaoDB markers 27 Mar 2020 (Franzen O et al. 2019, Database, doi:10.1093/database/baz046), mouse entries, cell type ""Neurons""; https://panglaodb.se/markers/PanglaoDB_markers_27_Mar_2020.tsv.gz"
Neurons,RORA,"PanglaoDB markers 27 Mar 2020 (Franzen O et al. 2019, Database, doi:10.1093/database/baz046), mouse entries, cell type ""Neurons""; https://panglaodb.se/markers/PanglaoDB_markers_27_Mar_2020.tsv.gz"
Neurons,VGF,"PanglaoDB markers 27 Mar 2020 (Franzen O et al. 2019, Database, doi:10.1093/database/baz046), mouse entries, cell type ""Neurons""; https://panglaodb.se/markers/PanglaoDB_markers_27_Mar_2020.tsv.gz"
Neurons,PCSK2,"PanglaoDB markers 27 Mar 2020 (Franzen O et al. 2019, Database, doi:10.1093/database/baz046), mouse entries, cell type ""Neurons""; https://panglaodb.se/markers/PanglaoDB_markers_27_Mar_2020.tsv.gz"
Neurons,CHODL,"PanglaoDB markers 27 Mar 2020 (Franzen O et al. 2019, Database, doi:10.1093/database/baz046), mouse entries, cell type ""Neurons""; https://panglaodb.se/markers/PanglaoDB_markers_27_Mar_2020.tsv.gz"
Neurons,NECAB2,"PanglaoDB markers 27 Mar 2020 (Franzen O et al. 2019, Database, doi:10.1093/database/baz046), mouse entries, cell type ""Neurons""; https://panglaodb.se/markers/PanglaoDB_markers_27_Mar_2020.tsv.gz"
Neurons,TAC2,"PanglaoDB markers 27 Mar 2020 (Franzen O et al. 2019, Database, doi:10.1093/database/baz046), mouse entries, cell type ""Neurons""; https://panglaodb.se/markers/PanglaoDB_markers_27_Mar_2020.tsv.gz"
Neurons,KCNMA1,"PanglaoDB markers 27 Mar 2020 (Franzen O et al. 2019, Database, doi:10.1093/database/baz046), mouse entries, cell type ""Neurons""; https://panglaodb.se/markers/PanglaoDB_markers_27_Mar_2020.tsv.gz"
Neurons,CACNB3,"PanglaoDB markers 27 Mar 2020 (Franzen O et al. 2019, Database, doi:10.1093/database/baz046), mouse entries, cell type ""Neurons""; https://panglaodb.se/markers/PanglaoDB_markers_27_Mar_2020.tsv.gz"
Neurons,NWD2,"PanglaoDB markers 27 Mar 2020 (Franzen O et al. 2019, Database, doi:10.1093/database/baz046), mouse entries, cell type ""Neurons""; https://panglaodb.se/markers/PanglaoDB_markers_27_Mar_2020.tsv.gz"
Neurons,ZIC1,"PanglaoDB markers 27 Mar 2020 (Franzen O et al. 2019, Database, doi:10.1093/database/baz046), mouse entries, cell type ""Neurons""; https://panglaodb.se/markers/PanglaoDB_markers_27_Mar_2020.tsv.gz"
Neurons,TESC,"PanglaoDB markers 27 Mar 2020 (Franzen O et al. 2019, Database, doi:10.1093/database/baz046), mouse entries, cell type ""Neurons""; https://panglaodb.se/markers/PanglaoDB_markers_27_Mar_2020.tsv.gz"
Neurons,NECAB3,"PanglaoDB markers 27 Mar 2020 (Franzen O et al. 2019, Database, doi:10.1093/database/baz046), mouse entries, cell type ""Neurons""; https://panglaodb.se/markers/PanglaoDB_markers_27_Mar_2020.tsv.gz"
Neurons,NRN1,"PanglaoDB markers 27 Mar 2020 (Franzen O et al. 2019, Database, doi:10.1093/database/baz046), mouse entries, cell type ""Neurons""; https://panglaodb.se/markers/PanglaoDB_markers_27_Mar_2020.tsv.gz"
Neurons,GABBR2,"PanglaoDB markers 27 Mar 2020 (Franzen O et al. 2019, Database, doi:10.1093/database/baz046), mouse entries, cell type ""Neurons""; https://panglaodb.se/markers/PanglaoDB_markers_27_Mar_2020.tsv.gz"
Neurons,SLC17A7,"PanglaoDB markers 27 Mar 2020 (Franzen O et al. 2019, Database, doi:10.1093/database/baz046), mouse entries, cell type ""Neurons""; https://panglaodb.se/markers/PanglaoDB_markers_27_Mar_2020.tsv.gz"
Neurons,CAR10,"PanglaoDB markers 27 Mar 2020 (Franzen O et al. 2019, Database, doi:10.1093/database/baz046), mouse entries, cell type ""Neurons""; https://panglaodb.se/markers/PanglaoDB_markers_27_Mar_2020.tsv.gz"
Neurons,DGKB,"PanglaoDB markers 27 Mar 2020 (Franzen O et al. 2019, Database, doi:10.1093/database/baz046), mouse entries, cell type ""Neurons""; https://panglaodb.se/markers/PanglaoDB_markers_27_Mar_2020.tsv.gz"
Neurons,CACNB4,"PanglaoDB markers 27 Mar 2020 (Franzen O et al. 2019, Database, doi:10.1093/database/baz046), mouse entries, cell type ""Neurons""; https://panglaodb.se/markers/PanglaoDB_markers_27_Mar_2020.tsv.gz"
Neurons,CTTNBP2,"PanglaoDB markers 27 Mar 2020 (Franzen O et al. 2019, Database, doi:10.1093/database/baz046), mouse entries, cell type ""Neurons""; https://panglaodb.se/markers/PanglaoDB_markers_27_Mar_2020.tsv.gz"
Neurons,PPP1R1B,"PanglaoDB markers 27 Mar 2020 (Franzen O et al. 2019, Database, doi:10.1093/database/baz046), mouse entries, cell type ""Neurons""; https://panglaodb.se/markers/PanglaoDB_markers_27_Mar_2020.tsv.gz"
Neurons,PCP4,"PanglaoDB markers 27 Mar 2020 (Franzen O et al. 2019, Database, doi:10.1093/database/baz046), mouse entries, cell type ""Neurons""; https://panglaodb.se/markers/PanglaoDB_markers_27_Mar_2020.tsv.gz"
Neurons,MEG3,"PanglaoDB markers 27 Mar 2020 (Franzen O et al. 2019, Database, doi:10.1093/database/baz046), mouse entries, cell type ""Neurons""; https://panglaodb.se/markers/PanglaoDB_markers_27_Mar_2020.tsv.gz"
Neurons,BEX2,"PanglaoDB markers 27 Mar 2020 (Franzen O et al. 2019, Database, doi:10.1093/database/baz046), mouse entries, cell type ""Neurons""; https://panglaodb.se/markers/PanglaoDB_markers_27_Mar_2020.tsv.gz"
Neurons,BEX1,"PanglaoDB markers 27 Mar 2020 (Franzen O et al. 2019, Database, doi:10.1093/database/baz046), mouse entries, cell type ""Neurons""; https://panglaodb.se/markers/PanglaoDB_markers_27_Mar_2020.tsv.gz"
Neurons,NDN,"PanglaoDB markers 27 Mar 2020 (Franzen O et al. 2019, Database, doi:10.1093/database/baz046), mouse entries, cell type ""Neurons""; https://panglaodb.se/markers/PanglaoDB_markers_27_Mar_2020.tsv.gz"
Neurons,CAMK2N1,"PanglaoDB markers 27 Mar 2020 (Franzen O et al. 2019, Database, doi:10.1093/database/baz046), mouse entries, cell type ""Neurons""; https://panglaodb.se/markers/PanglaoDB_markers_27_Mar_2020.tsv.gz"
Neurons,PNISR,"PanglaoDB markers 27 Mar 2020 (Franzen O et al. 2019, Database, doi:10.1093/database/baz046), mouse entries, cell type ""Neurons""; https://panglaodb.se/markers/PanglaoDB_markers_27_Mar_2020.tsv.gz"
Neurons,SNHG11,"PanglaoDB markers 27 Mar 2020 (Franzen O et al. 2019, Database, doi:10.1093/database/baz046), mouse entries, cell type ""Neurons""; https://panglaodb.se/markers/PanglaoDB_markers_27_Mar_2020.tsv.gz"
Neurons,STMN2,"PanglaoDB markers 27 Mar 2020 (Franzen O et al. 2019, Database, doi:10.1093/database/baz046), mouse entries, cell type ""Neurons""; https://panglaodb.se/markers/PanglaoDB_markers_27_Mar_2020.tsv.gz"
Neurons,PTK2B,"PanglaoDB markers 27 Mar 2020 (Franzen O et al. 2019, Database, doi:10.1093/database/baz046), mouse entries, cell type ""Neurons""; https://panglaodb.se/markers/PanglaoDB_markers_27_Mar_2020.tsv.gz"
Neurons,DDN,"PanglaoDB markers 27 Mar 2020 (Franzen O et al. 2019, Database, doi:10.1093/database/baz046), mouse entries, cell type ""Neurons""; https://panglaodb.se/markers/PanglaoDB_markers_27_Mar_2020.tsv.gz"
Neurons,ICAM5,"PanglaoDB markers 27 Mar 2020 (Franzen O et al. 2019, Database, doi:10.1093/database/baz046), mouse entries, cell type ""Neurons""; https://panglaodb.se/markers/PanglaoDB_markers_27_Mar_2020.tsv.gz"
Neurons,GNG2,"PanglaoDB markers 27 Mar 2020 (Franzen O et al. 2019, Database, doi:10.1093/database/baz046), mouse entries, cell type ""Neurons""; https://panglaodb.se/markers/PanglaoDB_markers_27_Mar_2020.tsv.gz"
Neurons,SNAP25,"PanglaoDB markers 27 Mar 2020 (Franzen O et al. 2019, Database, doi:10.1093/database/baz046), mouse entries, cell type ""Neurons""; https://panglaodb.se/markers/PanglaoDB_markers_27_Mar_2020.tsv.gz"
Neurons,VSNL1,"PanglaoDB markers 27 Mar 2020 (Franzen O et al. 2019, Database, doi:10.1093/database/baz046), mouse entries, cell type ""Neurons""; https://panglaodb.se/markers/PanglaoDB_markers_27_Mar_2020.tsv.gz"
Neurons,PACSIN1,"PanglaoDB markers 27 Mar 2020 (Franzen O et al. 2019, Database, doi:10.1093/database/baz046), mouse entries, cell type ""Neurons""; https://panglaodb.se/markers/PanglaoDB_markers_27_Mar_2020.tsv.gz"
Neurons,CACNA2D1,"PanglaoDB markers 27 Mar 2020 (Franzen O et al. 2019, Database, doi:10.1093/database/baz046), mouse entries, cell type ""Neurons""; https://panglaodb.se/markers/PanglaoDB_markers_27_Mar_2020.tsv.gz"
Neurons,SGIP1,"PanglaoDB markers 27 Mar 2020 (Franzen O et al. 2019, Database, doi:10.1093/database/baz046), mouse entries, cell type ""Neurons""; https://panglaodb.se/markers/PanglaoDB_markers_27_Mar_2020.tsv.gz"
Neurons,ATP6V0A1,"PanglaoDB markers 27 Mar 2020 (Franzen O et al. 2019, Database, doi:10.1093/database/baz046), mouse entries, cell type ""Neurons""; https://panglaodb.se/markers/PanglaoDB_markers_27_Mar_2020.tsv.gz"
Neurons,MYO5A,"PanglaoDB markers 27 Mar 2020 (Franzen O et al. 2019, Database, doi:10.1093/database/baz046), mouse entries, cell type ""Neurons""; https://panglaodb.se/markers/PanglaoDB_markers_27_Mar_2020.tsv.gz"
Neurons,DYNC1I1,"PanglaoDB markers 27 Mar 2020 (Franzen O et al. 2019, Database, doi:10.1093/database/baz046), mouse entries, cell type ""Neurons""; https://panglaodb.se/markers/PanglaoDB_markers_27_Mar_2020.tsv.gz"
Neurons,PRUNE2,"PanglaoDB markers 27 Mar 2020 (Franzen O et al. 2019, Database, doi:10.1093/database/baz046), mouse entries, cell type ""Neurons""; https://panglaodb.se/markers/PanglaoDB_markers_27_Mar_2020.tsv.gz"
Neurons,CACNA2D2,"PanglaoDB markers 27 Mar 2020 (Franzen O et al. 2019, Database, doi:10.1093/database/baz046), mouse entries, cell type ""Neurons""; https://panglaodb.se/markers/PanglaoDB_markers_27_Mar_2020.tsv.gz"
Neurons,SLC17A6,"PanglaoDB markers 27 Mar 2020 (Franzen O et al. 2019, Database, doi:10.1093/database/baz046), mouse entries, cell type ""Neurons""; https://panglaodb.se/markers/PanglaoDB_markers_27_Mar_2020.tsv.gz"
Neurons,TUBB3,"PanglaoDB markers 27 Mar 2020 (Franzen O et al. 2019, Database, doi:10.1093/database/baz046), mouse entries, cell type ""Neurons""; https://panglaodb.se/markers/PanglaoDB_markers_27_Mar_2020.tsv.gz"
Neurons,ELAVL3,"PanglaoDB markers 27 Mar 2020 (Franzen O et al. 2019, Database, doi:10.1093/database/baz046), mouse entries, cell type ""Neurons""; https://panglaodb.se/markers/PanglaoDB_markers_27_Mar_2020.tsv.gz"
Endothelial cells,PECAM1,"PanglaoDB markers 27 Mar 2020 (Franzen O et al. 2019, Database, doi:10.1093/database/baz046), mouse entries, cell type ""Endothelial cells""; https://panglaodb.se/markers/PanglaoDB_markers_27_Mar_2020.tsv.gz"
Endothelial cells,ICAM1,"PanglaoDB markers 27 Mar 2020 (Franzen O et al. 2019, Database, doi:10.1093/database/baz046), mouse entries, cell type ""Endothelial cells""; https://panglaodb.se/markers/PanglaoDB_markers_27_Mar_2020.tsv.gz"
Endothelial cells,ITGB3,"PanglaoDB markers 27 Mar 2020 (Franzen O et al. 2019, Database, doi:10.1093/database/baz046), mouse entries, cell type ""Endothelial cells""; https://panglaodb.se/markers/PanglaoDB_markers_27_Mar_2020.tsv.gz"
Endothelial cells,SELE,"PanglaoDB markers 27 Mar 2020 (Franzen O et al. 2019, Database, doi:10.1093/database/baz046), mouse entries, cell type ""Endothelial cells""; https://panglaodb.se/markers/PanglaoDB_markers_27_Mar_2020.tsv.gz"
Endothelial cells,VCAM1,"PanglaoDB markers 27 Mar 2020 (Franzen O et al. 2019, Database, doi:10.1093/database/baz046), mouse entries, cell type ""Endothelial cells""; https://panglaodb.se/markers/PanglaoDB_markers_27_Mar_2020.tsv.gz"
Endothelial cells,MCAM,"PanglaoDB markers 27 Mar 2020 (Franzen O et al. 2019, Database, doi:10.1093/database/baz046), mouse entries, cell type ""Endothelial cells""; https://panglaodb.se/markers/PanglaoDB_markers_27_Mar_2020.tsv.gz"
Endothelial cells,PROCR,"PanglaoDB markers 27 Mar 2020 (Franzen O et al. 2019, Database, doi:10.1093/database/baz046), mouse entries, cell type ""Endothelial cells""; https://panglaodb.se/markers/PanglaoDB_markers_27_Mar_2020.tsv.gz"
Endothelial cells,TEK,"PanglaoDB markers 27 Mar 2020 (Franzen O et al. 2019, Database, doi:10.1093/database/baz046), mouse entries, cell type ""Endothelial cells""; https://panglaodb.se/markers/PanglaoDB_markers_27_Mar_2020.tsv.gz"
Endothelial cells,FLT4,"PanglaoDB markers 27 Mar 2020 (Franzen O et al. 2019, Database, doi:10.1093/database/baz046), mouse entries, cell type ""Endothelial cells""; https://panglaodb.se/markers/PanglaoDB_markers_27_Mar_2020.tsv.gz"
Endothelial cells,APLN,"PanglaoDB markers 27 Mar 2020 (Franzen O et al. 2019, Database, doi:10.1093/database/baz046), mouse entries, cell type ""Endothelial cells""; https://panglaodb.se/markers/PanglaoDB_markers_27_Mar_2020.tsv.gz"
Endothelial cells,VWF,"PanglaoDB markers 27 Mar 2020 (Franzen O et al. 2019, Database, doi:10.1093/database/baz046), mouse entries, cell type ""Endothelial cells""; https://panglaodb.se/markers/PanglaoDB_markers_27_Mar_2020.tsv.gz"
Endothelial cells,NOS3,"PanglaoDB markers 27 Mar 2020 (Franzen O et al. 2019, Database, doi:10.1093/database/baz046), mouse entries, cell type ""Endothelial cells""; https://panglaodb.se/markers/PanglaoDB_markers_27_Mar_2020.tsv.gz"
Endothelial cells,THBD,"PanglaoDB markers 27 Mar 2020 (Franzen O et al. 2019, Database, doi:10.1093/database/baz046), mouse entries, cell type ""Endothelial cells""; https://panglaodb.se/markers/PanglaoDB_markers_27_Mar_2020.tsv.gz"
Endothelial cells,PLVAP,"PanglaoDB markers 27 Mar 2020 (Franzen O et al. 2019, Database, doi:10.1093/database/baz046), mouse entries, cell type ""Endothelial cells""; https://panglaodb.se/markers/PanglaoDB_markers_27_Mar_2020.tsv.gz"
Endothelial cells,ACKR1,"PanglaoDB markers 27 Mar 2020 (Franzen O et al. 2019, Database, doi:10.1093/database/baz046), mouse entries, cell type ""Endothelial cells""; https://panglaodb.se/markers/PanglaoDB_markers_27_Mar_2020.tsv.gz"
Endothelial cells,SLCO1C1,"PanglaoDB markers 27 Mar 2020 (Franzen O et al. 2019, Database, doi:10.1093/database/baz046), mouse entries, cell type ""Endothelial cells""; https://panglaodb.se/markers/PanglaoDB_markers_27_Mar_2020.tsv.gz"
Endothelial cells,TMEM100,"PanglaoDB markers 27 Mar 2020 (Franzen O et al. 2019, Database, doi:10.1093/database/baz046), mouse entries, cell type ""Endothelial cells""; https://panglaodb.se/markers/PanglaoDB_markers_27_Mar_2020.tsv.gz"
Endothelial cells,ADGRF5,"PanglaoDB markers 27 Mar 2020 (Franzen O et al. 2019, Database, doi:10.1093/database/baz046), mouse entries, cell type ""Endothelial cells""; https://panglaodb.se/markers/PanglaoDB_markers_27_Mar_2020.tsv.gz"
Endothelial cells,ABCB1A,"PanglaoDB markers 27 Mar 2020 (Franzen O et al. 2019, Database, doi:10.1093/database/baz046), mouse entries, cell type ""Endothelial cells""; https://panglaodb.se/markers/PanglaoDB_markers_27_Mar_2020.tsv.gz"
Endothelial cells,ABCG2,"PanglaoDB markers 27 Mar 2020 (Franzen O et al. 2019, Database, doi:10.1093/database/baz046), mouse entries, cell type ""Endothelial cells""; https://panglaodb.se/markers/PanglaoDB_markers_27_Mar_2020.tsv.gz"
Endothelial cells,PODXL,"PanglaoDB markers 27 Mar 2020 (Franzen O et al. 2019, Database, doi:10.1093/database/baz046), mouse entries, cell type ""Endothelial cells""; https://panglaodb.se/markers/PanglaoDB_markers_27_Mar_2020.tsv.gz"
Endothelial cells,NOSTRIN,"PanglaoDB markers 27 Mar 2020 (Franzen O et al. 2019, Database, doi:10.1093/database/baz046), mouse entries, cell type ""Endothelial cells""; https://panglaodb.se/markers/PanglaoDB_markers_27_Mar_2020.tsv.gz"
Endothelial cells,MFSD2A,"PanglaoDB markers 27 Mar 2020 (Franzen O et al. 2019, Database, doi:10.1093/database/baz046), mouse entries, cell type ""Endothelial cells""; https://panglaodb.se/markers/PanglaoDB_markers_27_Mar_2020.tsv.gz"
Endothelial cells,ACVRL1,"PanglaoDB markers 27 Mar 2020 (Franzen O et al. 2019, Database, doi:10.1093/database/baz046), mouse entries, cell type ""Endothelial cells""; https://panglaodb.se/markers/PanglaoDB_markers_27_Mar_2020.tsv.gz"
Endothelial cells,AQP1,"PanglaoDB markers 27 Mar 2020 (Franzen O et al. 2019, Database, doi:10.1093/database/baz046), mouse entries, cell type ""Endothelial cells""; https://panglaodb.se/markers/PanglaoDB_markers_27_Mar_2020.tsv.gz"
Endothelial cells,MYLK,"PanglaoDB markers 27 Mar 2020 (Franzen O et al. 2019, Database, doi:10.1093/database/baz046), mouse entries, cell type ""Endothelial cells""; https://panglaodb.se/markers/PanglaoDB_markers_27_Mar_2020.tsv.gz"
Endothelial cells,RASIP1,"PanglaoDB markers 27 Mar 2020 (Franzen O et al. 2019, Database, doi:10.1093/database/baz046), mouse entries, cell type ""Endothelial cells""; https://panglaodb.se/markers/PanglaoDB_markers_27_Mar_2020.tsv.gz"
Endothelial cells,FLI1,"PanglaoDB markers 27 Mar 2020 (Franzen O et al. 2019, Database, doi:10.1093/database/baz046), mouse entries, cell type ""Endothelial cells""; https://panglaodb.se/markers/PanglaoDB_markers_27_Mar_2020.tsv.gz"
Endothelial cells,TIE1,"PanglaoDB markers 27 Mar 2020 (Franzen O et al. 2019, Database, doi:10.1093/database/baz046), mouse entries, cell type ""Endothelial cells""; https://panglaodb.se/markers/PanglaoDB_markers_27_Mar_2020.tsv.gz"
Endothelial cells,APLNR,"PanglaoDB markers 27 Mar 2020 (Franzen O et al. 2019, Database, doi:10.1093/database/baz046), mouse entries, cell type ""Endothelial cells""; https://panglaodb.se/markers/PanglaoDB_markers_27_Mar_2020.tsv.gz"
Endothelial cells,NRP2,"PanglaoDB markers 27 Mar 2020 (Franzen O et al. 2019, Database, doi:10.1093/database/baz046), mouse entries, cell type ""Endothelial cells""; https://panglaodb.se/markers/PanglaoDB_markers_27_Mar_2020.tsv.gz"
Endothelial cells,ADAMTS1,"PanglaoDB markers 27 Mar 2020 (Franzen O et al. 2019, Database, doi:10.1093/database/baz046), mouse entries, cell type ""Endothelial cells""; https://panglaodb.se/markers/PanglaoDB_markers_27_Mar_2020.tsv.gz"
Endothelial cells,RPRM,"PanglaoDB markers 27 Mar 2020 (Franzen O et al. 2019, Database, doi:10.1093/database/baz046), mouse entries, cell type ""Endothelial cells""; https://panglaodb.se/markers/PanglaoDB_markers_27_Mar_2020.tsv.gz"
Endothelial cells,FABP4,"PanglaoDB markers 27 Mar 2020 (Franzen O et al. 2019, Database, doi:10.1093/database/baz046), mouse entries, cell type ""Endothelial cells""; https://panglaodb.se/markers/PanglaoDB_markers_27_Mar_2020.tsv.gz"
Endothelial cells,GPIHBP1,"PanglaoDB markers 27 Mar 2020 (Franzen O et al. 2019, Database, doi:10.1093/database/baz046), mouse entries, cell type ""Endothelial cells""; https://panglaodb.se/markers/PanglaoDB_markers_27_Mar_2020.tsv.gz"
Endothelial cells,FHL2,"PanglaoDB markers 27 Mar 2020 (Franzen O et al. 2019, Database, doi:10.1093/database/baz046), mouse entries, cell type ""Endothelial cells""; https://panglaodb.se/markers/PanglaoDB_markers_27_Mar_2020.tsv.gz"
Endothelial cells,LOX,"PanglaoDB markers 27 Mar 2020 (Franzen O et al. 2019, Database, doi:10.1093/database/baz046), mouse entries, cell type ""Endothelial cells""; https://panglaodb.se/markers/PanglaoDB_markers_27_Mar_2020.tsv.gz"
Endothelial cells,KLK1,"PanglaoDB markers 27 Mar 2020 (Franzen O et al. 2019, Database, doi:10.1093/database/baz046), mouse entries, cell type ""Endothelial cells""; https://panglaodb.se/markers/PanglaoDB_markers_27_Mar_2020.tsv.gz"
Endothelial cells,ADORA2A,"PanglaoDB markers 27 Mar 2020 (Franzen O et al. 2019, Database, doi:10.1093/database/baz046), mouse entries, cell type ""Endothelial cells""; https://panglaodb.se/markers/PanglaoDB_markers_27_Mar_2020.tsv.gz"
Endothelial cells,ARAP3,"PanglaoDB markers 27 Mar 2020 (Franzen O et al. 2019, Database, doi:10.1093/database/baz046), mouse entries, cell type ""Endothelial cells""; https://panglaodb.se/markers/PanglaoDB_markers_27_Mar_2020.tsv.gz"
Endothelial cells,ARHGEF15,"PanglaoDB markers 27 Mar 2020 (Franzen O et al. 2019, Database, doi:10.1093/database/baz046), mouse entries, cell type ""Endothelial cells""; https://panglaodb.se/markers/PanglaoDB_markers_27_Mar_2020.tsv.gz"
Endothelial cells,CARD10,"PanglaoDB markers 27 Mar 2020 (Franzen O et al. 2019, Database, doi:10.1093/database/baz046), mouse entries, cell type ""Endothelial cells""; https://panglaodb.se/markers/PanglaoDB_markers_27_Mar_2020.tsv.gz"
Endothelial cells,CLEC14A,"PanglaoDB markers 27 Mar 2020 (Franzen O et al. 2019, Database, doi:10.1093/database/baz046), mouse entries, cell type ""Endothelial cells""; https://panglaodb.se/markers/PanglaoDB_markers_27_Mar_2020.tsv.gz"
Endothelial cells,DLL4,"PanglaoDB markers 27 Mar 2020 (Franzen O et al. 2019, Database, doi:10.1093/database/baz046), mouse entries, cell type ""Endothelial cells""; https://panglaodb.se/markers/PanglaoDB_markers_27_Mar_2020.tsv.gz"
Endothelial cells,ESM1,"PanglaoDB markers 27 Mar 2020 (Franzen O et al. 2019, Database, doi:10.1093/database/baz046), mouse entries, cell type ""Endothelial cells""; https://panglaodb.se/markers/PanglaoDB_markers_27_Mar_2020.tsv.gz"
Endothelial cells,EXOC3L,"PanglaoDB markers 27 Mar 2020 (Franzen O et al. 2019, Database, doi:10.1093/database/baz046), mouse entries, cell type ""Endothelial cells""; https://panglaodb.se/markers/PanglaoDB_markers_27_Mar_2020.tsv.gz"
Endothelial cells,GIMAP5,"PanglaoDB markers 27 Mar 2020 (Franzen O et al. 2019, Database, doi:10.1093/database/baz046), mouse entries, cell type ""Endothelial cells""; https://panglaodb.se/markers/PanglaoDB_markers_27_Mar_2020.tsv.gz"
Endothelial cells,GJA4,"PanglaoDB markers 27 Mar 2020 (Franzen O et al. 2019, Database, doi:10.1093/database/baz046), mouse entries, cell type ""Endothelial cells""; https://panglaodb.se/markers/PanglaoDB_markers_27_Mar_2020.tsv.gz"
Endothelial cells,MMRN2,"PanglaoDB markers 27 Mar 2020 (Franzen O et al. 2019, Database, doi:10.1093/database/baz046), mouse entries, cell type ""Endothelial cells""; https://panglaodb.se/markers/PanglaoDB_markers_27_Mar_2020.tsv.gz"
Endothelial cells,NOTCH4,"PanglaoDB markers 27 Mar 2020 (Franzen O et al. 2019, Database, doi:10.1093/database/baz046), mouse entries, cell type ""Endothelial cells""; https://panglaodb.se/markers/PanglaoDB_markers_27_Mar_2020.tsv.gz"
Endothelial cells,NPR1,"PanglaoDB markers 27 Mar 2020 (Franzen O et al. 2019, Database, doi:10.1093/database/baz046), mouse entries, cell type ""Endothelial cells""; https://panglaodb.se/markers/PanglaoDB_markers_27_Mar_2020.tsv.gz"
Endothelial cells,PRKCH,"PanglaoDB markers 27 Mar 2020 (Franzen O et al. 2019, Database, doi:10.1093/database/baz046), mouse entries, cell type ""Endothelial cells""; https://panglaodb.se/markers/PanglaoDB_markers_27_Mar_2020.tsv.gz"
Endothelial cells,RASGRP3,"PanglaoDB markers 27 Mar 2020 (Franzen O et al. 2019, Database, doi:10.1093/database/baz046), mouse entries, cell type ""Endothelial cells""; https://panglaodb.se/markers/PanglaoDB_markers_27_Mar_2020.tsv.gz"
Endothelial cells,ROBO4,"PanglaoDB markers 27 Mar 2020 (Franzen O et al. 2019, Database, doi:10.1093/database/baz046), mouse entries, cell type ""Endothelial cells""; https://panglaodb.se/markers/PanglaoDB_markers_27_Mar_2020.tsv.gz"
Endothelial cells,SCARF1,"PanglaoDB markers 27 Mar 2020 (Franzen O et al. 2019, Database, doi:10.1093/database/baz046), mouse entries, cell type ""Endothelial cells""; https://panglaodb.se/markers/PanglaoDB_markers_27_Mar_2020.tsv.gz"
Endothelial cells,SOX18,"PanglaoDB markers 27 Mar 2020 (Franzen O et al. 2019, Database, doi:10.1093/database/baz046), mouse entries, cell type ""Endothelial cells""; https://panglaodb.se/markers/PanglaoDB_markers_27_Mar_2020.tsv.gz"
Endothelial cells,SOX7,"PanglaoDB markers 27 Mar 2020 (Franzen O et al. 2019, Database, doi:10.1093/database/baz046), mouse entries, cell type ""Endothelial cells""; https://panglaodb.se/markers/PanglaoDB_markers_27_Mar_2020.tsv.gz"
Endothelial cells,SPNS2,"PanglaoDB markers 27 Mar 2020 (Franzen O et al. 2019, Database, doi:10.1093/database/baz046), mouse entries, cell type ""Endothelial cells""; https://panglaodb.se/markers/PanglaoDB_markers_27_Mar_2020.tsv.gz"
Endothelial cells,THSD1,"PanglaoDB markers 27 Mar 2020 (Franzen O et al. 2019, Database, doi:10.1093/database/baz046), mouse entries, cell type ""Endothelial cells""; https://panglaodb.se/markers/PanglaoDB_markers_27_Mar_2020.tsv.gz"
Endothelial cells,APOLD1,"PanglaoDB markers 27 Mar 2020 (Franzen O et al. 2019, Database, doi:10.1093/database/baz046), mouse entries, cell type ""Endothelial cells""; https://panglaodb.se/markers/PanglaoDB_markers_27_Mar_2020.tsv.gz"
Endothelial cells,EMP1,"PanglaoDB markers 27 Mar 2020 (Franzen O et al. 2019, Database, doi:10.1093/database/baz046), mouse entries, cell type ""Endothelial cells""; https://panglaodb.se/markers/PanglaoDB_markers_27_Mar_2020.tsv.gz"
Endothelial cells,CD36,"PanglaoDB markers 27 Mar 2020 (Franzen O et al. 2019, Database, doi:10.1093/database/baz046), mouse entries, cell type ""Endothelial cells""; https://panglaodb.se/markers/PanglaoDB_markers_27_Mar_2020.tsv.gz"
Endothelial cells,RNASE1,"PanglaoDB markers 27 Mar 2020 (Franzen O et al. 2019, Database, doi:10.1093/database/baz046), mouse entries, cell type ""Endothelial cells""; https://panglaodb.se/markers/PanglaoDB_markers_27_Mar_2020.tsv.gz"
Endothelial cells,CTGF,"PanglaoDB markers 27 Mar 2020 (Franzen O et al. 2019, Database, doi:10.1093/database/baz046), mouse entries, cell type ""Endothelial cells""; https://panglaodb.se/markers/PanglaoDB_markers_27_Mar_2020.tsv.gz"
Endothelial cells,HYAL2,"PanglaoDB markers 27 Mar 2020 (Franzen O et al. 2019, Database, doi:10.1093/database/baz046), mouse entries, cell type ""Endothelial cells""; https://panglaodb.se/markers/PanglaoDB_markers_27_Mar_2020.tsv.gz"
Endothelial cells,CLEC4G,"PanglaoDB markers 27 Mar 2020 (Franzen O et al. 2019, Database, doi:10.1093/database/baz046), mouse entries, cell type ""Endothelial cells""; https://panglaodb.se/markers/PanglaoDB_markers_27_Mar_2020.tsv.gz"
Endothelial cells,GPR182,"PanglaoDB markers 27 Mar 2020 (Franzen O et al. 2019, Database, doi:10.1093/database/baz046), mouse entries, cell type ""Endothelial cells""; https://panglaodb.se/markers/PanglaoDB_markers_27_Mar_2020.tsv.gz"
Endothelial cells,F8,"PanglaoDB markers 27 Mar 2020 (Franzen O et al. 2019, Database, doi:10.1093/database/baz046), mouse entries, cell type ""Endothelial cells""; https://panglaodb.se/markers/PanglaoDB_markers_27_Mar_2020.tsv.gz"
Endothelial cells,RBP7,"PanglaoDB markers 27 Mar 2020 (Franzen O et al. 2019, Database, doi:10.1093/database/baz046), mouse entries, cell type ""Endothelial cells""; https://panglaodb.se/markers/PanglaoDB_markers_27_Mar_2020.tsv.gz"
Endothelial cells,CALCRL,"PanglaoDB markers 27 Mar 2020 (Franzen O et al. 2019, Database, doi:10.1093/database/baz046), mouse entries, cell type ""Endothelial cells""; https://panglaodb.se/markers/PanglaoDB_markers_27_Mar_2020.tsv.gz"
Endothelial cells,FOXF1,"PanglaoDB markers 27 Mar 2020 (Franzen O et al. 2019, Database, doi:10.1093/database/baz046), mouse entries, cell type ""Endothelial cells""; https://panglaodb.se/markers/PanglaoDB_markers_27_Mar_2020.tsv.gz"
Endothelial cells,CASZ1,"PanglaoDB markers 27 Mar 2020 (Franzen O et al. 2019, Database, doi:10.1093/database/baz046), mouse entries, cell type ""Endothelial cells""; https://panglaodb.se/markers/PanglaoDB_markers_27_Mar_2020.tsv.gz"
Endothelial cells,AQP7,"PanglaoDB markers 27 Mar 2020 (Franzen O et al. 2019, Database, doi:10.1093/database/baz046), mouse entries, cell type ""Endothelial cells""; https://panglaodb.se/markers/PanglaoDB_markers_27_Mar_2020.tsv.gz"
Endothelial cells,TCF15,"PanglaoDB markers 27 Mar 2020 (Franzen O et al. 2019, Database, doi:10.1093/database/baz046), mouse entries, cell type ""Endothelial cells""; https://panglaodb.se/markers/PanglaoDB_markers_27_Mar_2020.tsv.gz"
Endothelial cells,CD300LG,"PanglaoDB markers 27 Mar 2020 (Franzen O et al. 2019, Database, doi:10.1093/database/baz046), mouse entries, cell type ""Endothelial cells""; https://panglaodb.se/markers/PanglaoDB_markers_27_Mar_2020.tsv.gz"
Endothelial cells,BTNL9,"PanglaoDB markers 27 Mar 2020 (Franzen O et al. 2019, Database, doi:10.1093/database/baz046), mouse entries, cell type ""Endothelial cells""; https://panglaodb.se/markers/PanglaoDB_markers_27_Mar_2020.tsv.gz"
Endothelial cells,MEOX2,"PanglaoDB markers 27 Mar 2020 (Franzen O et al. 2019, Database, doi:10.1093/database/baz046), mouse entries, cell type ""Endothelial cells""; https://panglaodb.se/markers/PanglaoDB_markers_27_Mar_2020.tsv.gz"
Endothelial cells,ERG,"PanglaoDB markers 27 Mar 2020 (Franzen O et al. 2019, Database, doi:10.1093/database/baz046), mouse entries, cell type ""Endothelial cells""; https://panglaodb.se/markers/PanglaoDB_markers_27_Mar_2020.tsv.gz"
Endothelial cells,HEXIM1,"PanglaoDB markers 27 Mar 2020 (Franzen O et al. 2019, Database, doi:10.1093/database/baz046), mouse entries, cell type ""Endothelial cells""; https://panglaodb.se/markers/PanglaoDB_markers_27_Mar_2020.tsv.gz"
Endothelial cells,GLYCAM1,"PanglaoDB markers 27 Mar 2020 (Franzen O et al. 2019, Database, doi:10.1093/database/baz046), mouse entries, cell type ""Endothelial cells""; https://panglaodb.se/markers/PanglaoDB_markers_27_Mar_2020.tsv.gz"
Endothelial cells,CD55,"PanglaoDB markers 27 Mar 2020 (Franzen O et al. 2019, Database, doi:10.1093/database/baz046), mouse entries, cell type ""Endothelial cells""; https://panglaodb.se/markers/PanglaoDB_markers_27_Mar_2020.tsv.gz"
Endothelial cells,MMRN1,"PanglaoDB markers 27 Mar 2020 (Franzen O et al. 2019, Database, doi:10.1093/database/baz046), mouse entries, cell type ""Endothelial cells""; https://panglaodb.se/markers/PanglaoDB_markers_27_Mar_2020.tsv.gz"
Endothelial cells,C7,"PanglaoDB markers 27 Mar 2020 (Franzen O et al. 2019, Database, doi:10.1093/database/baz046), mouse entries, cell type ""Endothelial cells""; https://panglaodb.se/markers/PanglaoDB_markers_27_Mar_2020.tsv.gz"
Endothelial cells,RAMP3,"PanglaoDB markers 27 Mar 2020 (Franzen O et al. 2019, Database, doi:10.1093/database/baz046), mouse entries, cell type ""Endothelial cells""; https://panglaodb.se/markers/PanglaoDB_markers_27_Mar_2020.tsv.gz"
Endothelial cells,VEGFC,"PanglaoDB markers 27 Mar 2020 (Franzen O et al. 2019, Database, doi:10.1093/database/baz046), mouse entries, cell type ""Endothelial cells""; https://panglaodb.se/markers/PanglaoDB_markers_27_Mar_2020.tsv.gz"
Endothelial cells,GJA5,"PanglaoDB markers 27 Mar 2020 (Franzen O et al. 2019, Database, doi:10.1093/database/baz046), mouse entries, cell type ""Endothelial cells""; https://panglaodb.se/markers/PanglaoDB_markers_27_Mar_2020.tsv.gz"
Endothelial cells,HEY1,"PanglaoDB markers 27 Mar 2020 (Franzen O et al. 2019, Database, doi:10.1093/database/baz046), mouse entries, cell type ""Endothelial cells""; https://panglaodb.se/markers/PanglaoDB_markers_27_Mar_2020.tsv.gz"
Endothelial cells,RND1,"PanglaoDB markers 27 Mar 2020 (Franzen O et al. 2019, Database, doi:10.1093/database/baz046), mouse entries, cell type ""Endothelial cells""; https://panglaodb.se/markers/PanglaoDB_markers_27_Mar_2020.tsv.gz"
Endothelial cells,BDP1,"PanglaoDB markers 27 Mar 2020 (Franzen O et al. 2019, Database, doi:10.1093/database/baz046), mouse entries, cell type ""Endothelial cells""; https://panglaodb.se/markers/PanglaoDB_markers_27_Mar_2020.tsv.gz"
Endothelial cells,CD46,"PanglaoDB markers 27 Mar 2020 (Franzen O et al. 2019, Database, doi:10.1093/database/baz046), mouse entries, cell type ""Endothelial cells""; https://panglaodb.se/markers/PanglaoDB_markers_27_Mar_2020.tsv.gz"
Endothelial cells,MEOX1,"PanglaoDB markers 27 Mar 2020 (Franzen O et al. 2019, Database, doi:10.1093/database/baz046), mouse entries, cell type ""Endothelial cells""; https://panglaodb.se/markers/PanglaoDB_markers_27_Mar_2020.tsv.gz"
Endothelial cells,CCL19,"PanglaoDB markers 27 Mar 2020 (Franzen O et al. 2019, Database, doi:10.1093/database/baz046), mouse entries, cell type ""Endothelial cells""; https://panglaodb.se/markers/PanglaoDB_markers_27_Mar_2020.tsv.gz"
Endothelial cells,CLCA3A1,"PanglaoDB markers 27 Mar 2020 (Franzen O et al. 2019, Database, doi:10.1093/database/baz046), mouse entries, cell type ""Endothelial cells""; https://panglaodb.se/markers/PanglaoDB_markers_27_Mar_2020.tsv.gz"
Endothelial cells,MADCAM1,"PanglaoDB markers 27 Mar 2020 (Franzen O et al. 2019, Database, doi:10.1093/database/baz046), mouse entries, cell type ""Endothelial cells""; https://panglaodb.se/markers/PanglaoDB_markers_27_Mar_2020.tsv.gz"
Endothelial cells,CYP1B1,"PanglaoDB markers 27 Mar 2020 (Franzen O et al. 2019, Database, doi:10.1093/database/baz046), mouse entries, cell type ""Endothelial cells""; https://panglaodb.se/markers/PanglaoDB_markers_27_Mar_2020.tsv.gz"
Endothelial cells,IRX3,"PanglaoDB markers 27 Mar 2020 (Franzen O et al. 2019, Database, doi:10.1093/database/baz046), mouse entries, cell type ""Endothelial cells""; https://panglaodb.se/markers/PanglaoDB_markers_27_Mar_2020.tsv.gz"
Endothelial cells,BIRC2,"PanglaoDB markers 27 Mar 2020 (Franzen O et al. 2019, Database, doi:10.1093/database/baz046), mouse entries, cell type ""Endothelial cells""; https://panglaodb.se/markers/PanglaoDB_markers_27_Mar_2020.tsv.gz"
Endothelial cells,LYVE1,"PanglaoDB markers 27 Mar 2020 (Franzen O et al. 2019, Database, doi:10.1093/database/baz046), mouse entries, cell type ""Endothelial cells""; https://panglaodb.se/markers/PanglaoDB_markers_27_Mar_2020.tsv.gz"
Endothelial cells,SEMA3D,"PanglaoDB markers 27 Mar 2020 (Franzen O et al. 2019, Database, doi:10.1093/database/baz046), mouse entries, cell type ""Endothelial cells""; https://panglaodb.se/markers/PanglaoDB_markers_27_Mar_2020.tsv.gz"
Endothelial cells,SLCO1A4,"PanglaoDB markers 27 Mar 2020 (Franzen O et al. 2019, Database, doi:10.1093/database/baz046), mouse entries, cell type ""Endothelial cells""; https://panglaodb.se/markers/PanglaoDB_markers_27_Mar_2020.tsv.gz"
Endothelial cells,EMCN,"PanglaoDB markers 27 Mar 2020 (Franzen O et al. 2019, Database, doi:10.1093/database/baz046), mouse entries, cell type ""Endothelial cells""; https://panglaodb.se/markers/PanglaoDB_markers_27_Mar_2020.tsv.gz"
Endothelial cells,WFDC1,"PanglaoDB markers 27 Mar 2020 (Franzen O et al. 2019, Database, doi:10.1093/database/baz046), mouse entries, cell type ""Endothelial cells""; https://panglaodb.se/markers/PanglaoDB_markers_27_Mar_2020.tsv.gz"
Endothelial cells,ADGRL4,"PanglaoDB markers 27 Mar 2020 (Franzen O et al. 2019, Database, doi:10.1093/database/baz046), mouse entries, cell type ""Endothelial cells""; https://panglaodb.se/markers/PanglaoDB_markers_27_Mar_2020.tsv.gz"
Endothelial cells,VWA1,"PanglaoDB markers 27 Mar 2020 (Franzen O et al. 2019, Database, doi:10.1093/database/baz046), mouse entries, cell type ""Endothelial cells""; https://panglaodb.se/markers/PanglaoDB_markers_27_Mar_2020.tsv.gz"
Endothelial cells,ECE1,"PanglaoDB markers 27 Mar 2020 (Franzen O et al. 2019, Database, doi:10.1093/database/baz046), mouse entries, cell type ""Endothelial cells""; https://panglaodb.se/markers/PanglaoDB_markers_27_Mar_2020.tsv.gz"
Endothelial cells,PTPRB,"PanglaoDB markers 27 Mar 2020 (Franzen O et al. 2019, Database, doi:10.1093/database/baz046), mouse entries, cell type ""Endothelial cells""; https://panglaodb.se/markers/PanglaoDB_markers_27_Mar_2020.tsv.gz"
Endothelial cells,CLDN5,"PanglaoDB markers 27 Mar 2020 (Franzen O et al. 2019, Database, doi:10.1093/database/baz046), mouse entries, cell type ""Endothelial cells""; https://panglaodb.se/markers/PanglaoDB_markers_27_Mar_2020.tsv.gz"
Endothelial cells,CAR4,"PanglaoDB markers 27 Mar 2020 (Franzen O et al. 2019, Database, doi:10.1093/database/baz046), mouse entries, cell type ""Endothelial cells""; https://panglaodb.se/markers/PanglaoDB_markers_27_Mar_2020.tsv.gz"
Endothelial cells,TBX1,"PanglaoDB markers 27 Mar 2020 (Franzen O et al. 2019, Database, doi:10.1093/database/baz046), mouse entries, cell type ""Endothelial cells""; https://panglaodb.se/markers/PanglaoDB_markers_27_Mar_2020.tsv.gz"
Endothelial cells,SEMA7A,"PanglaoDB markers 27 Mar 2020 (Franzen O et al. 2019, Database, doi:10.1093/database/baz046), mouse entries, cell type ""Endothelial cells""; https://panglaodb.se/markers/PanglaoDB_markers_27_Mar_2020.tsv.gz"
Endothelial cells,FOXF2,"PanglaoDB markers 27 Mar 2020 (Franzen O et al. 2019, Database, doi:10.1093/database/baz046), mouse entries, cell type ""Endothelial cells""; https://panglaodb.se/markers/PanglaoDB_markers_27_Mar_2020.tsv.gz"
Endothelial cells,PDGFB,"PanglaoDB markers 27 Mar 2020 (Franzen O et al. 2019, Database, doi:10.1093/database/baz046), mouse entries, cell type ""Endothelial cells""; https://panglaodb.se/markers/PanglaoDB_markers_27_Mar_2020.tsv.gz"
Endothelial cells,ECSCR,"PanglaoDB markers 27 Mar 2020 (Franzen O et al. 2019, Database, doi:10.1093/database/baz046), mouse entries, cell type ""Endothelial cells""; https://panglaodb.se/markers/PanglaoDB_markers_27_Mar_2020.tsv.gz"
Endothelial cells,ELK3,"PanglaoDB markers 27 Mar 2020 (Franzen O et al. 2019, Database, doi:10.1093/database/baz046), mouse entries, cell type ""Endothelial cells""; https://panglaodb.se/markers/PanglaoDB_markers_27_Mar_2020.tsv.gz"
Endothelial cells,CDH5,"PanglaoDB markers 27 Mar 2020 (Franzen O et al. 2019, Database, doi:10.1093/database/baz046), mouse entries, cell type ""Endothelial cells""; https://panglaodb.se/markers/PanglaoDB_markers_27_Mar_2020.tsv.gz"
Endothelial cells,PLEC,"PanglaoDB markers 27 Mar 2020 (Franzen O et al. 2019, Database, doi:10.1093/database/baz046), mouse entries, cell type ""Endothelial cells""; https://panglaodb.se/markers/PanglaoDB_markers_27_Mar_2020.tsv.gz"
Endothelial cells,STAB1,"PanglaoDB markers 27 Mar 2020 (Franzen O et al. 2019, Database, doi:10.1093/database/baz046), mouse entries, cell type ""Endothelial cells""; https://panglaodb.se/markers/PanglaoDB_markers_27_Mar_2020.tsv.gz"
Endothelial cells,TGFBR2,"PanglaoDB markers 27 Mar 2020 (Franzen O et al. 2019, Database, doi:10.1093/database/baz046), mouse entries, cell type ""Endothelial cells""; https://panglaodb.se/markers/PanglaoDB_markers_27_Mar_2020.tsv.gz"
Endothelial cells,CD93,"PanglaoDB markers 27 Mar 2020 (Franzen O et al. 2019, Database, doi:10.1093/database/baz046), mouse entries, cell type ""Endothelial cells""; https://panglaodb.se/markers/PanglaoDB_markers_27_Mar_2020.tsv.gz"
Endothelial cells,CXCL1,"PanglaoDB markers 27 Mar 2020 (Franzen O et al. 2019, Database, doi:10.1093/database/baz046), mouse entries, cell type ""Endothelial cells""; https://panglaodb.se/markers/PanglaoDB_markers_27_Mar_2020.tsv.gz"
Endothelial cells,LY6C1,"PanglaoDB markers 27 Mar 2020 (Franzen O et al. 2019, Database, doi:10.1093/database/baz046), mouse entries, cell type ""Endothelial cells""; https://panglaodb.se/markers/PanglaoDB_markers_27_Mar_2020.tsv.gz"
Endothelial cells,RGS5,"PanglaoDB markers 27 Mar 2020 (Franzen O et al. 2019, Database, doi:10.1093/database/baz046), mouse entries, cell type ""Endothelial cells""; https://panglaodb.se/markers/PanglaoDB_markers_27_Mar_2020.tsv.gz"
Endothelial cells,SLC7A5,"PanglaoDB markers 27 Mar 2020 (Franzen O et al. 2019, Database, doi:10.1093/database/baz046), mouse entries, cell type ""Endothelial cells""; https://panglaodb.se/markers/PanglaoDB_markers_27_Mar_2020.tsv.gz"
Endothelial cells,ENG,"PanglaoDB markers 27 Mar 2020 (Franzen O et al. 2019, Database, doi:10.1093/database/baz046), mouse entries, cell type ""Endothelial cells""; https://panglaodb.se/markers/PanglaoDB_markers_27_Mar_2020.tsv.gz"
Endothelial cells,KDR,"PanglaoDB markers 27 Mar 2020 (Franzen O et al. 2019, Database, doi:10.1093/database/baz046), mouse entries, cell type ""Endothelial cells""; https://panglaodb.se/markers/PanglaoDB_markers_27_Mar_2020.tsv.gz"
Endothelial cells,SLC2A1,"PanglaoDB markers 27 Mar 2020 (Franzen O et al. 2019, Database, doi:10.1093/database/baz046), mouse entries, cell type ""Endothelial cells""; https://panglaodb.se/markers/PanglaoDB_markers_27_Mar_2020.tsv.gz"
Endothelial cells,EGFL7,"PanglaoDB markers 27 Mar 2020 (Franzen O et al. 2019, Database, doi:10.1093/database/baz046), mouse entries, cell type ""Endothelial cells""; https://panglaodb.se/markers/PanglaoDB_markers_27_Mar_2020.tsv.gz"
Endothelial cells,FLT1,"PanglaoDB markers 27 Mar 2020 (Franzen O et al. 2019, Database, doi:10.1093/database/baz046), mouse entries, cell type ""Endothelial cells""; https://panglaodb.se/markers/PanglaoDB_markers_27_Mar_2020.tsv.gz"
Endothelial cells,EPAS1,"PanglaoDB markers 27 Mar 2020 (Franzen O et al. 2019, Database, doi:10.1093/database/baz046), mouse entries, cell type ""Endothelial cells""; https://panglaodb.se/markers/PanglaoDB_markers_27_Mar_2020.tsv.gz"
Endothelial cells,EDNRB,"PanglaoDB markers 27 Mar 2020 (Franzen O et al. 2019, Database, doi:10.1093/database/baz046), mouse entries, cell type ""Endothelial cells""; https://panglaodb.se/markers/PanglaoDB_markers_27_Mar_2020.tsv.gz"
Endothelial cells,KCNJ8,"PanglaoDB markers 27 Mar 2020 (Franzen O et al. 2019, Database, doi:10.1093/database/baz046), mouse entries, cell type ""Endothelial cells""; https://panglaodb.se/markers/PanglaoDB_markers_27_Mar_2020.tsv.gz"
Endothelial cells,CD82,"PanglaoDB markers 27 Mar 2020 (Franzen O et al. 2019, Database, doi:10.1093/database/baz046), mouse entries, cell type ""Endothelial cells""; https://panglaodb.se/markers/PanglaoDB_markers_27_Mar_2020.tsv.gz"
Endothelial cells,CHST1,"PanglaoDB markers 27 Mar 2020 (Franzen O et al. 2019, Database, doi:10.1093/database/baz046), mouse entries, cell type ""Endothelial cells""; https://panglaodb.se/markers/PanglaoDB_markers_27_Mar_2020.tsv.gz"
Endothelial cells,PLAC8,"PanglaoDB markers 27 Mar 2020 (Franzen O et al. 2019, Database, doi:10.1093/database/baz046), mouse entries, cell type ""Endothelial cells""; https://panglaodb.se/markers/PanglaoDB_markers_27_Mar_2020.tsv.gz"
Endothelial cells,TSPAN8,"PanglaoDB markers 27 Mar 2020 (Franzen O et al. 2019, Database, doi:10.1093/database/baz046), mouse entries, cell type ""Endothelial cells""; https://panglaodb.se/markers/PanglaoDB_markers_27_Mar_2020.tsv.gz"
Endothelial cells,ETS1,"PanglaoDB markers 27 Mar 2020 (Franzen O et al. 2019, Database, doi:10.1093/database/baz046), mouse entries, cell type ""Endothelial cells""; https://panglaodb.se/markers/PanglaoDB_markers_27_Mar_2020.tsv.gz"
Endothelial cells,CD34,"PanglaoDB markers 27 Mar 2020 (Franzen O et al. 2019, Database, doi:10.1093/database/baz046), mouse entries, cell type ""Endothelial cells""; https://panglaodb.se/markers/PanglaoDB_markers_27_Mar_2020.tsv.gz"
Endothelial cells,PDPN,"PanglaoDB markers 27 Mar 2020 (Franzen O et al. 2019, Database, doi:10.1093/database/baz046), mouse entries, cell type ""Endothelial cells""; https://panglaodb.se/markers/PanglaoDB_markers_27_Mar_2020.tsv.gz"
Endothelial cells,PROX1,"PanglaoDB markers 27 Mar 2020 (Franzen O et al. 2019, Database, doi:10.1093/database/baz046), mouse entries, cell type ""Endothelial cells""; https://panglaodb.se/markers/PanglaoDB_markers_27_Mar_2020.tsv.gz"
Endothelial cells,EHD3,"PanglaoDB markers 27 Mar 2020 (Franzen O et al. 2019, Database, doi:10.1093/database/baz046), mouse entries, cell type ""Endothelial cells""; https://panglaodb.se/markers/PanglaoDB_markers_27_Mar_2020.tsv.gz"
Endothelial cells,SRGN,"PanglaoDB markers 27 Mar 2020 (Franzen O et al. 2019, Database, doi:10.1093/database/baz046), mouse entries, cell type ""Endothelial cells""; https://panglaodb.se/markers/PanglaoDB_markers_27_Mar_2020.tsv.gz"
Endothelial cells,S100A10,"PanglaoDB markers 27 Mar 2020 (Franzen O et al. 2019, Database, doi:10.1093/database/baz046), mouse entries, cell type ""Endothelial cells""; https://panglaodb.se/markers/PanglaoDB_markers_27_Mar_2020.tsv.gz"
Endothelial cells,CLIC4,"PanglaoDB markers 27 Mar 2020 (Franzen O et al. 2019, Database, doi:10.1093/database/baz046), mouse entries, cell type ""Endothelial cells""; https://panglaodb.se/markers/PanglaoDB_markers_27_Mar_2020.tsv.gz"
Endothelial cells,LY6A,"PanglaoDB markers 27 Mar 2020 (Franzen O et al. 2019, Database, doi:10.1093/database/baz046), mouse entries, cell type ""Endothelial cells""; https://panglaodb.se/markers/PanglaoDB_markers_27_Mar_2020.tsv.gz"
Endothelial cells,USHBP1,"PanglaoDB markers 27 Mar 2020 (Franzen O et al. 2019, Database, doi:10.1093/database/baz046), mouse entries, cell type ""Endothelial cells""; https://panglaodb.se/markers/PanglaoDB_markers_27_Mar_2020.tsv.gz"
Endothelial cells,MYF6,"PanglaoDB markers 27 Mar 2020 (Franzen O et al. 2019, Database, doi:10.1093/database/baz046), mouse entries, cell type ""Endothelial cells""; https://panglaodb.se/markers/PanglaoDB_markers_27_Mar_2020.tsv.gz"
Endothelial cells,OIT3,"PanglaoDB markers 27 Mar 2020 (Franzen O et al. 2019, Database, doi:10.1093/database/baz046), mouse entries, cell type ""Endothelial cells""; https://panglaodb.se/markers/PanglaoDB_markers_27_Mar_2020.tsv.gz"
Endothelial cells,IL1A,"PanglaoDB markers 27 Mar 2020 (Franzen O et al. 2019, Database, doi:10.1093/database/baz046), mouse entries, cell type ""Endothelial cells""; https://panglaodb.se/markers/PanglaoDB_markers_27_Mar_2020.tsv.gz"
Endothelial cells,BMP2,"PanglaoDB markers 27 Mar 2020 (Franzen O et al. 2019, Database, doi:10.1093/database/baz046), mouse entries, cell type ""Endothelial cells""; https://panglaodb.se/markers/PanglaoDB_markers_27_Mar_2020.tsv.gz"
Endothelial cells,C1QTNF1,"PanglaoDB markers 27 Mar 2020 (Franzen O et al. 2019, Database, doi:10.1093/database/baz046), mouse entries, cell type ""Endothelial cells""; https://panglaodb.se/markers/PanglaoDB_markers_27_Mar_2020.tsv.gz"
Endothelial cells,PCDH12,"PanglaoDB markers 27 Mar 2020 (Franzen O et al. 2019, Database, doi:10.1093/database/baz046), mouse entries, cell type ""Endothelial cells""; https://panglaodb.se/markers/PanglaoDB_markers_27_Mar_2020.tsv.gz"
Endothelial cells,DPP4,"PanglaoDB markers 27 Mar 2020 (Franzen O et al. 2019, Database, doi:10.1093/database/baz046), mouse entries, cell type ""Endothelial cells""; https://panglaodb.se/markers/PanglaoDB_markers_27_Mar_2020.tsv.gz"
Endothelial cells,IGFBP7,"PanglaoDB markers 27 Mar 2020 (Franzen O et al. 2019, Database, doi:10.1093/database/baz046), mouse entries, cell type ""Endothelial cells""; https://panglaodb.se/markers/PanglaoDB_markers_27_Mar_2020.tsv.gz"
Endothelial cells,PALMD,"PanglaoDB markers 27 Mar 2020 (Franzen O et al. 2019, Database, doi:10.1093/database/baz046), mouse entries, cell type ""Endothelial cells""; https://panglaodb.se/markers/PanglaoDB_markers_27_Mar_2020.tsv.gz"
Endothelial cells,POSTN,"PanglaoDB markers 27 Mar 2020 (Franzen O et al. 2019, Database, doi:10.1093/database/baz046), mouse entries, cell type ""Endothelial cells""; https://panglaodb.se/markers/PanglaoDB_markers_27_Mar_2020.tsv.gz"
Endothelial cells,BMX,"PanglaoDB markers 27 Mar 2020 (Franzen O et al. 2019, Database, doi:10.1093/database/baz046), mouse entries, cell type ""Endothelial cells""; https://panglaodb.se/markers/PanglaoDB_markers_27_Mar_2020.tsv.gz"
Endothelial cells,SLC38A5,"PanglaoDB markers 27 Mar 2020 (Franzen O et al. 2019, Database, doi:10.1093/database/baz046), mouse entries, cell type ""Endothelial cells""; https://panglaodb.se/markers/PanglaoDB_markers_27_Mar_2020.tsv.gz"
Endothelial cells,XDH,"PanglaoDB markers 27 Mar 2020 (Franzen O et al. 2019, Database, doi:10.1093/database/baz046), mouse entries, cell type ""Endothelial cells""; https://panglaodb.se/markers/PanglaoDB_markers_27_Mar_2020.tsv.gz"
Endothelial cells,SPARC,"PanglaoDB markers 27 Mar 2020 (Franzen O et al. 2019, Database, doi:10.1093/database/baz046), mouse entries, cell type ""Endothelial cells""; https://panglaodb.se/markers/PanglaoDB_markers_27_Mar_2020.tsv.gz"
Endothelial cells,MGLL,"PanglaoDB markers 27 Mar 2020 (Franzen O et al. 2019, Database, doi:10.1093/database/baz046), mouse entries, cell type ""Endothelial cells""; https://panglaodb.se/markers/PanglaoDB_markers_27_Mar_2020.tsv.gz"
Endothelial cells,SLC9A3R2,"PanglaoDB markers 27 Mar 2020 (Franzen O et al. 2019, Database, doi:10.1093/database/baz046), mouse entries, cell type ""Endothelial cells""; https://panglaodb.se/markers/PanglaoDB_markers_27_Mar_2020.tsv.gz"
Endothelial cells,RGCC,"PanglaoDB markers 27 Mar 2020 (Franzen O et al. 2019, Database, doi:10.1093/database/baz046), mouse entries, cell type ""Endothelial cells""; https://panglaodb.se/markers/PanglaoDB_markers_27_Mar_2020.tsv.gz"
Endothelial cells,ICAM2,"PanglaoDB markers 27 Mar 2020 (Franzen O et al. 2019, Database, doi:10.1093/database/baz046), mouse entries, cell type ""Endothelial cells""; https://panglaodb.se/markers/PanglaoDB_markers_27_Mar_2020.tsv.gz"
Endothelial cells,MGP,"PanglaoDB markers 27 Mar 2020 (Franzen O et al. 2019, Database, doi:10.1093/database/baz046), mouse entries, cell type ""Endothelial cells""; https://panglaodb.se/markers/PanglaoDB_markers_27_Mar_2020.tsv.gz"
Endothelial cells,SPARCL1,"PanglaoDB markers 27 Mar 2020 (Franzen O et al. 2019, Database, doi:10.1093/database/baz046), mouse entries, cell type ""Endothelial cells""; https://panglaodb.se/markers/PanglaoDB_markers_27_Mar_2020.tsv.gz"
Endothelial cells,TM4SF1,"PanglaoDB markers 27 Mar 2020 (Franzen O et al. 2019, Database, doi:10.1093/database/baz046), mouse entries, cell type ""Endothelial cells""; https://panglaodb.se/markers/PanglaoDB_markers_27_Mar_2020.tsv.gz"
Endothelial cells,ID1,"PanglaoDB markers 27 Mar 2020 (Franzen O et al. 2019, Database, doi:10.1093/database/baz046), mouse entries, cell type ""Endothelial cells""; https://panglaodb.se/markers/PanglaoDB_markers_27_Mar_2020.tsv.gz"
Endothelial cells,CD9,"PanglaoDB markers 27 Mar 2020 (Franzen O et al. 2019, Database, doi:10.1093/database/baz046), mouse entries, cell type ""Endothelial cells""; https://panglaodb.se/markers/PanglaoDB_markers_27_Mar_2020.tsv.gz"
Endothelial cells,SRPX,"PanglaoDB markers 27 Mar 2020 (Franzen O et al. 2019, Database, doi:10.1093/database/baz046), mouse entries, cell type ""Endothelial cells""; https://panglaodb.se/markers/PanglaoDB_markers_27_Mar_2020.tsv.gz"
Endothelial cells,ID3,"PanglaoDB markers 27 Mar 2020 (Franzen O et al. 2019, Database, doi:10.1093/database/baz046), mouse entries, cell type ""Endothelial cells""; https://panglaodb.se/markers/PanglaoDB_markers_27_Mar_2020.tsv.gz"
Endothelial cells,CAV1,"PanglaoDB markers 27 Mar 2020 (Franzen O et al. 2019, Database, doi:10.1093/database/baz046), mouse entries, cell type ""Endothelial cells""; https://panglaodb.se/markers/PanglaoDB_markers_27_Mar_2020.tsv.gz"
Endothelial cells,GNG11,"PanglaoDB markers 27 Mar 2020 (Franzen O et al. 2019, Database, doi:10.1093/database/baz046), mouse entries, cell type ""Endothelial cells""; https://panglaodb.se/markers/PanglaoDB_markers_27_Mar_2020.tsv.gz"
Endothelial cells,HSPG2,"PanglaoDB markers 27 Mar 2020 (Franzen O et al. 2019, Database, doi:10.1093/database/baz046), mouse entries, cell type ""Endothelial cells""; https://panglaodb.se/markers/PanglaoDB_markers_27_Mar_2020.tsv.gz"
Endothelial cells,CLEC1B,"PanglaoDB markers 27 Mar 2020 (Franzen O et al. 2019, Database, doi:10.1093/database/baz046), mouse entries, cell type ""Endothelial cells""; https://panglaodb.se/markers/PanglaoDB_markers_27_Mar_2020.tsv.gz"
Endothelial cells,S100A13,"PanglaoDB markers 27 Mar 2020 (Franzen O et al. 2019, Database, doi:10.1093/database/baz046), mouse entries, cell type ""Endothelial cells""; https://panglaodb.se/markers/PanglaoDB_markers_27_Mar_2020.tsv.gz"
Endothelial cells,CRHBP,"PanglaoDB markers 27 Mar 2020 (Franzen O et al. 2019, Database, doi:10.1093/database/baz046), mouse entries, cell type ""Endothelial cells""; https://panglaodb.se/markers/PanglaoDB_markers_27_Mar_2020.tsv.gz"
Endothelial cells,IFI27,"PanglaoDB markers 27 Mar 2020 (Franzen O et al. 2019, Database, doi:10.1093/database/baz046), mouse entries, cell type ""Endothelial cells""; https://panglaodb.se/markers/PanglaoDB_markers_27_Mar_2020.tsv.gz"
Endothelial cells,SGK1,"PanglaoDB markers 27 Mar 2020 (Franzen O et al. 2019, Database, doi:10.1093/database/baz046), mouse entries, cell type ""Endothelial cells""; https://panglaodb.se/markers/PanglaoDB_markers_27_Mar_2020.tsv.gz"
Endothelial cells,DNASE1L3,"PanglaoDB markers 27 Mar 2020 (Franzen O et al. 2019, Database, doi:10.1093/database/baz046), mouse entries, cell type ""Endothelial cells""; https://panglaodb.se/markers/PanglaoDB_markers_27_Mar_2020.tsv.gz"
Endothelial cells,LIFR,"PanglaoDB markers 27 Mar 2020 (Franzen O et al. 2019, Database, doi:10.1093/database/baz046), mouse entries, cell type ""Endothelial cells""; https://panglaodb.se/markers/PanglaoDB_markers_27_Mar_2020.tsv.gz"
Endothelial cells,CDKN1C,"PanglaoDB markers 27 Mar 2020 (Franzen O et al. 2019, Database, doi:10.1093/database/baz046), mouse entries, cell type ""Endothelial cells""; https://panglaodb.se/markers/PanglaoDB_markers_27_Mar_2020.tsv.gz"
Endothelial cells,INMT,"PanglaoDB markers 27 Mar 2020 (Franzen O et al. 2019, Database, doi:10.1093/database/baz046), mouse entries, cell type ""Endothelial cells""; https://panglaodb.se/markers/PanglaoDB_markers_27_Mar_2020.tsv.gz"
Endothelial cells,PTGDS,"PanglaoDB markers 27 Mar 2020 (Franzen O et al. 2019, Database, doi:10.1093/database/baz046), mouse entries, cell type ""Endothelial cells""; https://panglaodb.se/markers/PanglaoDB_markers_27_Mar_2020.tsv.gz"
Endothelial cells,TIMP3,"PanglaoDB markers 27 Mar 2020 (Franzen O et al. 2019, Database, doi:10.1093/database/baz046), mouse entries, cell type ""Endothelial cells""; https://panglaodb.se/markers/PanglaoDB_markers_27_Mar_2020.tsv.gz"
Endothelial cells,GPM6A,"PanglaoDB markers 27 Mar 2020 (Franzen O et al. 2019, Database, doi:10.1093/database/baz046), mouse entries, cell type ""Endothelial cells""; https://panglaodb.se/markers/PanglaoDB_markers_27_Mar_2020.tsv.gz"
Endothelial cells,FAM167B,"PanglaoDB markers 27 Mar 2020 (Franzen O et al. 2019, Database, doi:10.1093/database/baz046), mouse entries, cell type ""Endothelial cells""; https://panglaodb.se/markers/PanglaoDB_markers_27_Mar_2020.tsv.gz"
Endothelial cells,LTC4S,"PanglaoDB markers 27 Mar 2020 (Franzen O et al. 2019, Database, doi:10.1093/database/baz046), mouse entries, cell type ""Endothelial cells""; https://panglaodb.se/markers/PanglaoDB_markers_27_Mar_2020.tsv.gz"
Endothelial cells,STAB2,"PanglaoDB markers 27 Mar 2020 (Franzen O et al. 2019, Database, doi:10.1093/database/baz046), mouse entries, cell type ""Endothelial cells""; https://panglaodb.se/markers/PanglaoDB_markers_27_Mar_2020.tsv.gz"
Pericytes,PECAM1,"PanglaoDB markers 27 Mar 2020 (Franzen O et al. 2019, Database, doi:10.1093/database/baz046), mouse entries, cell type ""Pericytes""; https://panglaodb.se/markers/PanglaoDB_markers_27_Mar_2020.tsv.gz"
Pericytes,PDGFRB,"PanglaoDB markers 27 Mar 2020 (Franzen O et al. 2019, Database, doi:10.1093/database/baz046), mouse entries, cell type ""Pericytes""; https://panglaodb.se/markers/PanglaoDB_markers_27_Mar_2020.tsv.gz"
Pericytes,CSPG4,"PanglaoDB markers 27 Mar 2020 (Franzen O et al. 2019, Database, doi:10.1093/database/baz046), mouse entries, cell type ""Pericytes""; https://panglaodb.se/markers/PanglaoDB_markers_27_Mar_2020.tsv.gz"
Pericytes,ANPEP,"PanglaoDB markers 27 Mar 2020 (Franzen O et al. 2019, Database, doi:10.1093/database/baz046), mouse entries, cell type ""Pericytes""; https://panglaodb.se/markers/PanglaoDB_markers_27_Mar_2020.tsv.gz"
Pericytes,ACTA2,"PanglaoDB markers 27 Mar 2020 (Franzen O et al. 2019, Database, doi:10.1093/database/baz046), mouse entries, cell type ""Pericytes""; https://panglaodb.se/markers/PanglaoDB_markers_27_Mar_2020.tsv.gz"
Pericytes,DES,"PanglaoDB markers 27 Mar 2020 (Franzen O et al. 2019, Database, doi:10.1093/database/baz046), mouse entries, cell type ""Pericytes""; https://panglaodb.se/markers/PanglaoDB_markers_27_Mar_2020.tsv.gz"
Pericytes,RGS5,"PanglaoDB markers 27 Mar 2020 (Franzen O et al. 2019, Database, doi:10.1093/database/baz046), mouse entries, cell type ""Pericytes""; https://panglaodb.se/markers/PanglaoDB_markers_27_Mar_2020.tsv.gz"
Pericytes,ABCC9,"PanglaoDB markers 27 Mar 2020 (Franzen O et al. 2019, Database, doi:10.1093/database/baz046), mouse entries, cell type ""Pericytes""; https://panglaodb.se/markers/PanglaoDB_markers_27_Mar_2020.tsv.gz"
Pericytes,KCNJ8,"PanglaoDB markers 27 Mar 2020 (Franzen O et al. 2019, Database, doi:10.1093/database/baz046), mouse entries, cell type ""Pericytes""; https://panglaodb.se/markers/PanglaoDB_markers_27_Mar_2020.tsv.gz"
Pericytes,CD248,"PanglaoDB markers 27 Mar 2020 (Franzen O et al. 2019, Database, doi:10.1093/database/baz046), mouse entries, cell type ""Pericytes""; https://panglaodb.se/markers/PanglaoDB_markers_27_Mar_2020.tsv.gz"
Pericytes,DLK1,"PanglaoDB markers 27 Mar 2020 (Franzen O et al. 2019, Database, doi:10.1093/database/baz046), mouse entries, cell type ""Pericytes""; https://panglaodb.se/markers/PanglaoDB_markers_27_Mar_2020.tsv.gz"
Pericytes,TEK,"PanglaoDB markers 27 Mar 2020 (Franzen O et al. 2019, Database, doi:10.1093/database/baz046), mouse entries, cell type ""Pericytes""; https://panglaodb.se/markers/PanglaoDB_markers_27_Mar_2020.tsv.gz"
Pericytes,NOTCH3,"PanglaoDB markers 27 Mar 2020 (Franzen O et al. 2019, Database, doi:10.1093/database/baz046), mouse entries, cell type ""Pericytes""; https://panglaodb.se/markers/PanglaoDB_markers_27_Mar_2020.tsv.gz"
Pericytes,GLI1,"PanglaoDB markers 27 Mar 2020 (Franzen O et al. 2019, Database, doi:10.1093/database/baz046), mouse entries, cell type ""Pericytes""; https://panglaodb.se/markers/PanglaoDB_markers_27_Mar_2020.tsv.gz"
Pericytes,ICAM1,"PanglaoDB markers 27 Mar 2020 (Franzen O et al. 2019, Database, doi:10.1093/database/baz046), mouse entries, cell type ""Pericytes""; https://panglaodb.se/markers/PanglaoDB_markers_27_Mar_2020.tsv.gz"
Pericytes,ADM,"PanglaoDB markers 27 Mar 2020 (Franzen O et al. 2019, Database, doi:10.1093/database/baz046), mouse entries, cell type ""Pericytes""; https://panglaodb.se/markers/PanglaoDB_markers_27_Mar_2020.tsv.gz"
Pericytes,ANG2,"PanglaoDB markers 27 Mar 2020 (Franzen O et al. 2019, Database, doi:10.1093/database/baz046), mouse entries, cell type ""Pericytes""; https://panglaodb.se/markers/PanglaoDB_markers_27_Mar_2020.tsv.gz"
Pericytes,ANGPT1,"PanglaoDB markers 27 Mar 2020 (Franzen O et al. 2019, Database, doi:10.1093/database/baz046), mouse entries, cell type ""Pericytes""; https://panglaodb.se/markers/PanglaoDB_markers_27_Mar_2020.tsv.gz"
Pericytes,VEGFA,"PanglaoDB markers 27 Mar 2020 (Franzen O et al. 2019, Database, doi:10.1093/database/baz046), mouse entries, cell type ""Pericytes""; https://panglaodb.se/markers/PanglaoDB_markers_27_Mar_2020.tsv.gz"
Pericytes,ZIC1,"PanglaoDB markers 27 Mar 2020 (Franzen O et al. 2019, Database, doi:10.1093/database/baz046), mouse entries, cell type ""Pericytes""; https://panglaodb.se/markers/PanglaoDB_markers_27_Mar_2020.tsv.gz"
Pericytes,FOXC1,"PanglaoDB markers 27 Mar 2020 (Franzen O et al. 2019, Database, doi:10.1093/database/baz046), mouse entries, cell type ""Pericytes""; https://panglaodb.se/markers/PanglaoDB_markers_27_Mar_2020.tsv.gz"
Pericytes,POSTN,"PanglaoDB markers 27 Mar 2020 (Franzen O et al. 2019, Database, doi:10.1093/database/baz046), mouse entries, cell type ""Pericytes""; https://panglaodb.se/markers/PanglaoDB_markers_27_Mar_2020.tsv.gz"
Pericytes,COX4I2,"PanglaoDB markers 27 Mar 2020 (Franzen O et al. 2019, Database, doi:10.1093/database/baz046), mouse entries, cell type ""Pericytes""; https://panglaodb.se/markers/PanglaoDB_markers_27_Mar_2020.tsv.gz"
Pericytes,LHFP,"PanglaoDB markers 27 Mar 2020 (Franzen O et al. 2019, Database, doi:10.1093/database/baz046), mouse entries, cell type ""Pericytes""; https://panglaodb.se/markers/PanglaoDB_markers_27_Mar_2020.tsv.gz"
Pericytes,HIGD1B,"PanglaoDB markers 27 Mar 2020 (Franzen O et al. 2019, Database, doi:10.1093/database/baz046), mouse entries, cell type ""Pericytes""; https://panglaodb.se/markers/PanglaoDB_markers_27_Mar_2020.tsv.gz"
Pericytes,PDZD2,"PanglaoDB markers 27 Mar 2020 (Franzen O et al. 2019, Database, doi:10.1093/database/baz046), mouse entries, cell type ""Pericytes""; https://panglaodb.se/markers/PanglaoDB_markers_27_Mar_2020.tsv.gz"
Pericytes,HSD11B1,"PanglaoDB markers 27 Mar 2020 (Franzen O et al. 2019, Database, doi:10.1093/database/baz046), mouse entries, cell type ""Pericytes""; https://panglaodb.se/markers/PanglaoDB_markers_27_Mar_2020.tsv.gz"
Pericytes,MCAM,"PanglaoDB markers 27 Mar 2020 (Franzen O et al. 2019, Database, doi:10.1093/database/baz046), mouse entries, cell type ""Pericytes""; https://panglaodb.se/markers/PanglaoDB_markers_27_Mar_2020.tsv.gz"
Pericytes,MXRA8,"PanglaoDB markers 27 Mar 2020 (Franzen O et al. 2019, Database, doi:10.1093/database/baz046), mouse entries, cell type ""Pericytes""; https://panglaodb.se/markers/PanglaoDB_markers_27_Mar_2020.tsv.gz"
Pericytes,PDE5A,"PanglaoDB markers 27 Mar 2020 (Franzen O et al. 2019, Database, doi:10.1093/database/baz046), mouse entries, cell type ""Pericytes""; https://panglaodb.se/markers/PanglaoDB_markers_27_Mar_2020.tsv.gz"
Pericytes,NR1H3,"PanglaoDB markers 27 Mar 2020 (Franzen O et al. 2019, Database, doi:10.1093/database/baz046), mouse entries, cell type ""Pericytes""; https://panglaodb.se/markers/PanglaoDB_markers_27_Mar_2020.tsv.gz"
Pericytes,SERPING1,"PanglaoDB markers 27 Mar 2020 (Franzen O et al. 2019, Database, doi:10.1093/database/baz046), mouse entries, cell type ""Pericytes""; https://panglaodb.se/markers/PanglaoDB_markers_27_Mar_2020.tsv.gz"
Pericytes,EMID1,"PanglaoDB markers 27 Mar 2020 (Franzen O et al. 2019, Database, doi:10.1093/database/baz046), mouse entries, cell type ""Pericytes""; https://panglaodb.se/markers/PanglaoDB_markers_27_Mar_2020.tsv.gz"
Pericytes,ECM1,"PanglaoDB markers 27 Mar 2020 (Franzen O et al. 2019, Database, doi:10.1093/database/baz046), mouse entries, cell type ""Pericytes""; https://panglaodb.se/markers/PanglaoDB_markers_27_Mar_2020.tsv.gz"
Pericytes,COLEC11,"PanglaoDB markers 27 Mar 2020 (Franzen O et al. 2019, Database, doi:10.1093/database/baz046), mouse entries, cell type ""Pericytes""; https://panglaodb.se/markers/PanglaoDB_markers_27_Mar_2020.tsv.gz"
Pericytes,RARRES2,"PanglaoDB markers 27 Mar 2020 (Franzen O et al. 2019, Database, doi:10.1093/database/baz046), mouse entries, cell type ""Pericytes""; https://panglaodb.se/markers/PanglaoDB_markers_27_Mar_2020.tsv.gz"
Pericytes,REM1,"PanglaoDB markers 27 Mar 2020 (Franzen O et al. 2019, Database, doi:10.1093/database/baz046), mouse entries, cell type ""Pericytes""; https://panglaodb.se/markers/PanglaoDB_markers_27_Mar_2020.tsv.gz"
Pericytes,ASPN,"PanglaoDB markers 27 Mar 2020 (Franzen O et al. 2019, Database, doi:10.1093/database/baz046), mouse entries, cell type ""Pericytes""; https://panglaodb.se/markers/PanglaoDB_markers_27_Mar_2020.tsv.gz"
Pericytes,CYGB,"PanglaoDB markers 27 Mar 2020 (Franzen O et al. 2019, Database, doi:10.1093/database/baz046), mouse entries, cell type ""Pericytes""; https://panglaodb.se/markers/PanglaoDB_markers_27_Mar_2020.tsv.gz"
Pericytes,FABP4,"PanglaoDB markers 27 Mar 2020 (Franzen O et al. 2019, Database, doi:10.1093/database/baz046), mouse entries, cell type ""Pericytes""; https://panglaodb.se/markers/PanglaoDB_markers_27_Mar_2020.tsv.gz"
Pericytes,VTN,"PanglaoDB markers 27 Mar 2020 (Franzen O et al. 2019, Database, doi:10.1093/database/baz046), mouse entries, cell type ""Pericytes""; https://panglaodb.se/markers/PanglaoDB_markers_27_Mar_2020.tsv.gz"
Pericytes,STEAP4,"PanglaoDB markers 27 Mar 2020 (Franzen O et al. 2019, Database, doi:10.1093/database/baz046), mouse entries, cell type ""Pericytes""; https://panglaodb.se/markers/PanglaoDB_markers_27_Mar_2020.tsv.gz"
Pericytes,NDUFA4L2,"PanglaoDB markers 27 Mar 2020 (Franzen O et al. 2019, Database, doi:10.1093/database/baz046), mouse entries, cell type ""Pericytes""; https://panglaodb.se/markers/PanglaoDB_markers_27_Mar_2020.tsv.gz"
Pericytes,SLC38A11,"PanglaoDB markers 27 Mar 2020 (Franzen O et al. 2019, Database, doi:10.1093/database/baz046), mouse entries, cell type ""Pericytes""; https://panglaodb.se/markers/PanglaoDB_markers_27_Mar_2020.tsv.gz"
Pericytes,ATP13A5,"PanglaoDB markers 27 Mar 2020 (Franzen O et al. 2019, Database, doi:10.1093/database/baz046), mouse entries, cell type ""Pericytes""; https://panglaodb.se/markers/PanglaoDB_markers_27_Mar_2020.tsv.gz"
Pericytes,AOC3,"PanglaoDB markers 27 Mar 2020 (Franzen O et al. 2019, Database, doi:10.1093/database/baz046), mouse entries, cell type ""Pericytes""; https://panglaodb.se/markers/PanglaoDB_markers_27_Mar_2020.tsv.gz"
Pericytes,ANGPT2,"PanglaoDB markers 27 Mar 2020 (Franzen O et al. 2019, Database, doi:10.1093/database/baz046), mouse entries, cell type ""Pericytes""; https://panglaodb.se/markers/PanglaoDB_markers_27_Mar_2020.tsv.gz"
Pericytes,INPP4B,"PanglaoDB markers 27 Mar 2020 (Franzen O et al. 2019, Database, doi:10.1093/database/baz046), mouse entries, cell type ""Pericytes""; https://panglaodb.se/markers/PanglaoDB_markers_27_Mar_2020.tsv.gz"
Pericytes,GPIHBP1,"PanglaoDB markers 27 Mar 2020 (Franzen O et al. 2019, Database, doi:10.1093/database/baz046), mouse entries, cell type ""Pericytes""; https://panglaodb.se/markers/PanglaoDB_markers_27_Mar_2020.tsv.gz"
Pericytes,VIM,"PanglaoDB markers 27 Mar 2020 (Franzen O et al. 2019, Database, doi:10.1093/database/baz046), mouse entries, cell type ""Pericytes""; https://panglaodb.se/markers/PanglaoDB_markers_27_Mar_2020.tsv.gz"
Pericytes,PTH1R,"PanglaoDB markers 27 Mar 2020 (Franzen O et al. 2019, Database, doi:10.1093/database/baz046), mouse entries, cell type ""Pericytes""; https://panglaodb.se/markers/PanglaoDB_markers_27_Mar_2020.tsv.gz"
Pericytes,IFITM1,"PanglaoDB markers 27 Mar 2020 (Franzen O et al. 2019, Database, doi:10.1093/database/baz046), mouse entries, cell type ""Pericytes""; https://panglaodb.se/markers/PanglaoDB_markers_27_Mar_2020.tsv.gz"
Pericytes,TBX18,"PanglaoDB markers 27 Mar 2020 (Franzen O et al. 2019, Database, doi:10.1093/database/baz046), mouse entries, cell type ""Pericytes""; https://panglaodb.se/markers/PanglaoDB_markers_27_Mar_2020.tsv.gz"
Pericytes,NT5E,"PanglaoDB markers 27 Mar 2020 (Franzen O et al. 2019, Database, doi:10.1093/database/baz046), mouse entries, cell type ""Pericytes""; https://panglaodb.se/markers/PanglaoDB_markers_27_Mar_2020.tsv.gz"
Pericytes,MFGE8,"PanglaoDB markers 27 Mar 2020 (Franzen O et al. 2019, Database, doi:10.1093/database/baz046), mouse entries, cell type ""Pericytes""; https://panglaodb.se/markers/PanglaoDB_markers_27_Mar_2020.tsv.gz"
Pericytes,ALPL,"PanglaoDB markers 27 Mar 2020 (Franzen O et al. 2019, Database, doi:10.1093/database/baz046), mouse entries, cell type ""Pericytes""; https://panglaodb.se/markers/PanglaoDB_markers_27_Mar_2020.tsv.gz"
Pericytes,COL1A1,"PanglaoDB markers 27 Mar 2020 (Franzen O et al. 2019, Database, doi:10.1093/database/baz046), mouse entries, cell type ""Pericytes""; https://panglaodb.se/markers/PanglaoDB_markers_27_Mar_2020.tsv.gz"
Pericytes,MYO1B,"PanglaoDB markers 27 Mar 2020 (Franzen O et al. 2019, Database, doi:10.1093/database/baz046), mouse entries, cell type ""Pericytes""; https://panglaodb.se/markers/PanglaoDB_markers_27_Mar_2020.tsv.gz"
Pericytes,COG7,"PanglaoDB markers 27 Mar 2020 (Franzen O et al. 2019, Database, doi:10.1093/database/baz046), mouse entries, cell type ""Pericytes""; https://panglaodb.se/markers/PanglaoDB_markers_27_Mar_2020.tsv.gz"
Pericytes,P2RY14,"PanglaoDB markers 27 Mar 2020 (Franzen O et al. 2019, Database, doi:10.1093/database/baz046), mouse entries, cell type ""Pericytes""; https://panglaodb.se/markers/PanglaoDB_markers_27_Mar_2020.tsv.gz"
Pericytes,HEYL,"PanglaoDB markers 27 Mar 2020 (Franzen O et al. 2019, Database, doi:10.1093/database/baz046), mouse entries, cell type ""Pericytes""; https://panglaodb.se/markers/PanglaoDB_markers_27_Mar_2020.tsv.gz"
Pericytes,GNB4,"PanglaoDB markers 27 Mar 2020 (Franzen O et al. 2019, Database, doi:10.1093/database/baz046), mouse entries, cell type ""Pericytes""; https://panglaodb.se/markers/PanglaoDB_markers_27_Mar_2020.tsv.gz"
Pericytes,MSX1,"PanglaoDB markers 27 Mar 2020 (Franzen O et al. 2019, Database, doi:10.1093/database/baz046), mouse entries, cell type ""Pericytes""; https://panglaodb.se/markers/PanglaoDB_markers_27_Mar_2020.tsv.gz"
Pericytes,CTGF,"PanglaoDB markers 27 Mar 2020 (Franzen O et al. 2019, Database, doi:10.1093/database/baz046), mouse entries, cell type ""Pericytes""; https://panglaodb.se/markers/PanglaoDB_markers_27_Mar_2020.tsv.gz"
Fibroblasts,IL1R1,"PanglaoDB markers 27 Mar 2020 (Franzen O et al. 2019, Database, doi:10.1093/database/baz046), mouse entries, cell type ""Fibroblasts""; https://panglaodb.se/markers/PanglaoDB_markers_27_Mar_2020.tsv.gz"
Fibroblasts,FAP,"PanglaoDB markers 27 Mar 2020 (Franzen O et al. 2019, Database, doi:10.1093/database/baz046), mouse entries, cell type ""Fibroblasts""; https://panglaodb.se/markers/PanglaoDB_markers_27_Mar_2020.tsv.gz"
Fibroblasts,FLI1,"PanglaoDB markers 27 Mar 2020 (Franzen O et al. 2019, Database, doi:10.1093/database/baz046), mouse entries, cell type ""Fibroblasts""; https://panglaodb.se/markers/PanglaoDB_markers_27_Mar_2020.tsv.gz"
Fibroblasts,CELA1,"PanglaoDB markers 27 Mar 2020 (Franzen O et al. 2019, Database, doi:10.1093/database/baz046), mouse entries, cell type ""Fibroblasts""; https://panglaodb.se/markers/PanglaoDB_markers_27_Mar_2020.tsv.gz"
Fibroblasts,LOX,"PanglaoDB markers 27 Mar 2020 (Franzen O et al. 2019, Database, doi:10.1093/database/baz046), mouse entries, cell type ""Fibroblasts""; https://panglaodb.se/markers/PanglaoDB_markers_27_Mar_2020.tsv.gz"
Fibroblasts,PDGFRB,"PanglaoDB markers 27 Mar 2020 (Franzen O et al. 2019, Database, doi:10.1093/database/baz046), mouse entries, cell type ""Fibroblasts""; https://panglaodb.se/markers/PanglaoDB_markers_27_Mar_2020.tsv.gz"
Fibroblasts,P4HA1,"PanglaoDB markers 27 Mar 2020 (Franzen O et al. 2019, Database, doi:10.1093/database/baz046), mouse entries, cell type ""Fibroblasts""; https://panglaodb.se/markers/PanglaoDB_markers_27_Mar_2020.tsv.gz"
Fibroblasts,UCP2,"PanglaoDB markers 27 Mar 2020 (Franzen O et al. 2019, Database, doi:10.1093/database/baz046), mouse entries, cell type ""Fibroblasts""; https://panglaodb.se/markers/PanglaoDB_markers_27_Mar_2020.tsv.gz"
Fibroblasts,CCR2,"PanglaoDB markers 27 Mar 2020 (Franzen O et al. 2019, Database, doi:10.1093/database/baz046), mouse entries, cell type ""Fibroblasts""; https://panglaodb.se/markers/PanglaoDB_markers_27_Mar_2020.tsv.gz"
Fibroblasts,MS4A4C,"PanglaoDB markers 27 Mar 2020 (Franzen O et al. 2019, Database, doi:10.1093/database/baz046), mouse entries, cell type ""Fibroblasts""; https://panglaodb.se/markers/PanglaoDB_markers_27_Mar_2020.tsv.gz"
Fibroblasts,ITGAL,"PanglaoDB markers 27 Mar 2020 (Franzen O et al. 2019, Database, doi:10.1093/database/baz046), mouse entries, cell type ""Fibroblasts""; https://panglaodb.se/markers/PanglaoDB_markers_27_Mar_2020.tsv.gz"
Fibroblasts,EAR2,"PanglaoDB markers 27 Mar 2020 (Franzen O et al. 2019, Database, doi:10.1093/database/baz046), mouse entries, cell type ""Fibroblasts""; https://panglaodb.se/markers/PanglaoDB_markers_27_Mar_2020.tsv.gz"
Fibroblasts,FGR,"PanglaoDB markers 27 Mar 2020 (Franzen O et al. 2019, Database, doi:10.1093/database/baz046), mouse entries, cell type ""Fibroblasts""; https://panglaodb.se/markers/PanglaoDB_markers_27_Mar_2020.tsv.gz"
Fibroblasts,HCK,"PanglaoDB markers 27 Mar 2020 (Franzen O et al. 2019, Database, doi:10.1093/database/baz046), mouse entries, cell type ""Fibroblasts""; https://panglaodb.se/markers/PanglaoDB_markers_27_Mar_2020.tsv.gz"
Fibroblasts,ADGRE4,"PanglaoDB markers 27 Mar 2020 (Franzen O et al. 2019, Database, doi:10.1093/database/baz046), mouse entries, cell type ""Fibroblasts""; https://panglaodb.se/markers/PanglaoDB_markers_27_Mar_2020.tsv.gz"
Fibroblasts,TNFRSF1B,"PanglaoDB markers 27 Mar 2020 (Franzen O et al. 2019, Database, doi:10.1093/database/baz046), mouse entries, cell type ""Fibroblasts""; https://panglaodb.se/markers/PanglaoDB_markers_27_Mar_2020.tsv.gz"
Fibroblasts,PRKCD,"PanglaoDB markers 27 Mar 2020 (Franzen O et al. 2019, Database, doi:10.1093/database/baz046), mouse entries, cell type ""Fibroblasts""; https://panglaodb.se/markers/PanglaoDB_markers_27_Mar_2020.tsv.gz"
Fibroblasts,ENO3,"PanglaoDB markers 27 Mar 2020 (Franzen O et al. 2019, Database, doi:10.1093/database/baz046), mouse entries, cell type ""Fibroblasts""; https://panglaodb.se/markers/PanglaoDB_markers_27_Mar_2020.tsv.gz"
Fibroblasts,CD209A,"PanglaoDB markers 27 Mar 2020 (Franzen O et al. 2019, Database, doi:10.1093/database/baz046), mouse entries, cell type ""Fibroblasts""; https://panglaodb.se/markers/PanglaoDB_markers_27_Mar_2020.tsv.gz"
Fibroblasts,ABI3,"PanglaoDB markers 27 Mar 2020 (Franzen O et al. 2019, Database, doi:10.1093/database/baz046), mouse entries, cell type ""Fibroblasts""; https://panglaodb.se/markers/PanglaoDB_markers_27_Mar_2020.tsv.gz"
Fibroblasts,TREML4,"PanglaoDB markers 27 Mar 2020 (Franzen O et al. 2019, Database, doi:10.1093/database/baz046), mouse entries, cell type ""Fibroblasts""; https://panglaodb.se/markers/PanglaoDB_markers_27_Mar_2020.tsv.gz"
Fibroblasts,LY6I,"PanglaoDB markers 27 Mar 2020 (Franzen O et al. 2019, Database, doi:10.1093/database/baz046), mouse entries, cell type ""Fibroblasts""; https://panglaodb.se/markers/PanglaoDB_markers_27_Mar_2020.tsv.gz"
Fibroblasts,PIP4K2A,"PanglaoDB markers 27 Mar 2020 (Franzen O et al. 2019, Database, doi:10.1093/database/baz046), mouse entries, cell type ""Fibroblasts""; https://panglaodb.se/markers/PanglaoDB_markers_27_Mar_2020.tsv.gz"
Fibroblasts,CD300E,"PanglaoDB markers 27 Mar 2020 (Franzen O et al. 2019, Database, doi:10.1093/database/baz046), mouse entries, cell type ""Fibroblasts""; https://panglaodb.se/markers/PanglaoDB_markers_27_Mar_2020.tsv.gz"
Fibroblasts,SERPINB10,"PanglaoDB markers 27 Mar 2020 (Franzen O et al. 2019, Database, doi:10.1093/database/baz046), mouse entries, cell type ""Fibroblasts""; https://panglaodb.se/markers/PanglaoDB_markers_27_Mar_2020.tsv.gz"
Fibroblasts,CTHRC1,"PanglaoDB markers 27 Mar 2020 (Franzen O et al. 2019, Database, doi:10.1093/database/baz046), mouse entries, cell type ""Fibroblasts""; https://panglaodb.se/markers/PanglaoDB_markers_27_Mar_2020.tsv.gz"
Fibroblasts,TBX18,"PanglaoDB markers 27 Mar 2020 (Franzen O et al. 2019, Database, doi:10.1093/database/baz046), mouse entries, cell type ""Fibroblasts""; https://panglaodb.se/markers/PanglaoDB_markers_27_Mar_2020.tsv.gz"
Fibroblasts,COL15A1,"PanglaoDB markers 27 Mar 2020 (Franzen O et al. 2019, Database, doi:10.1093/database/baz046), mouse entries, cell type ""Fibroblasts""; https://panglaodb.se/markers/PanglaoDB_markers_27_Mar_2020.tsv.gz"
Fibroblasts,GJB2,"PanglaoDB markers 27 Mar 2020 (Franzen O et al. 2019, Database, doi:10.1093/database/baz046), mouse entries, cell type ""Fibroblasts""; https://panglaodb.se/markers/PanglaoDB_markers_27_Mar_2020.tsv.gz"
Fibroblasts,IL34,"PanglaoDB markers 27 Mar 2020 (Franzen O et al. 2019, Database, doi:10.1093/database/baz046), mouse entries, cell type ""Fibroblasts""; https://panglaodb.se/markers/PanglaoDB_markers_27_Mar_2020.tsv.gz"
Fibroblasts,EDN3,"PanglaoDB markers 27 Mar 2020 (Franzen O et al. 2019, Database, doi:10.1093/database/baz046), mouse entries, cell type ""Fibroblasts""; https://panglaodb.se/markers/PanglaoDB_markers_27_Mar_2020.tsv.gz"
Fibroblasts,SLC6A13,"PanglaoDB markers 27 Mar 2020 (Franzen O et al. 2019, Database, doi:10.1093/database/baz046), mouse entries, cell type ""Fibroblasts""; https://panglaodb.se/markers/PanglaoDB_markers_27_Mar_2020.tsv.gz"
Fibroblasts,VTN,"PanglaoDB markers 27 Mar 2020 (Franzen O et al. 2019, Database, doi:10.1093/database/baz046), mouse entries, cell type ""Fibroblasts""; https://panglaodb.se/markers/PanglaoDB_markers_27_Mar_2020.tsv.gz"
Fibroblasts,ITIH5,"PanglaoDB markers 27 Mar 2020 (Franzen O et al. 2019, Database, doi:10.1093/database/baz046), mouse entries, cell type ""Fibroblasts""; https://panglaodb.se/markers/PanglaoDB_markers_27_Mar_2020.tsv.gz"
Fibroblasts,LUM,"PanglaoDB markers 27 Mar 2020 (Franzen O et al. 2019, Database, doi:10.1093/database/baz046), mouse entries, cell type ""Fibroblasts""; https://panglaodb.se/markers/PanglaoDB_markers_27_Mar_2020.tsv.gz"
Fibroblasts,DPT,"PanglaoDB markers 27 Mar 2020 (Franzen O et al. 2019, Database, doi:10.1093/database/baz046), mouse entries, cell type ""Fibroblasts""; https://panglaodb.se/markers/PanglaoDB_markers_27_Mar_2020.tsv.gz"
Fibroblasts,POSTN,"PanglaoDB markers 27 Mar 2020 (Franzen O et al. 2019, Database, doi:10.1093/database/baz046), mouse entries, cell type ""Fibroblasts""; https://panglaodb.se/markers/PanglaoDB_markers_27_Mar_2020.tsv.gz"
Fibroblasts,PENK,"PanglaoDB markers 27 Mar 2020 (Franzen O et al. 2019, Database, doi:10.1093/database/baz046), mouse entries, cell type ""Fibroblasts""; https://panglaodb.se/markers/PanglaoDB_markers_27_Mar_2020.tsv.gz"
Fibroblasts,MMP14,"PanglaoDB markers 27 Mar 2020 (Franzen O et al. 2019, Database, doi:10.1093/database/baz046), mouse entries, cell type ""Fibroblasts""; https://panglaodb.se/markers/PanglaoDB_markers_27_Mar_2020.tsv.gz"
Fibroblasts,COL6A2,"PanglaoDB markers 27 Mar 2020 (Franzen O et al. 2019, Database, doi:10.1093/database/baz046), mouse entries, cell type ""Fibroblasts""; https://panglaodb.se/markers/PanglaoDB_markers_27_Mar_2020.tsv.gz"
Fibroblasts,FABP4,"PanglaoDB markers 27 Mar 2020 (Franzen O et al. 2019, Database, doi:10.1093/database/baz046), mouse entries, cell type ""Fibroblasts""; https://panglaodb.se/markers/PanglaoDB_markers_27_Mar_2020.tsv.gz"
Fibroblasts,ASPN,"PanglaoDB markers 27 Mar 2020 (Franzen O et al. 2019, Database, doi:10.1093/database/baz046), mouse entries, cell type ""Fibroblasts""; https://panglaodb.se/markers/PanglaoDB_markers_27_Mar_2020.tsv.gz"
Fibroblasts,ANGPTL2,"PanglaoDB markers 27 Mar 2020 (Franzen O et al. 2019, Database, doi:10.1093/database/baz046), mouse entries, cell type ""Fibroblasts""; https://panglaodb.se/markers/PanglaoDB_markers_27_Mar_2020.tsv.gz"
Fibroblasts,EFEMP1,"PanglaoDB markers 27 Mar 2020 (Franzen O et al. 2019, Database, doi:10.1093/database/baz046), mouse entries, cell type ""Fibroblasts""; https://panglaodb.se/markers/PanglaoDB_markers_27_Mar_2020.tsv.gz"
Fibroblasts,SCARA5,"PanglaoDB markers 27 Mar 2020 (Franzen O et al. 2019, Database, doi:10.1093/database/baz046), mouse entries, cell type ""Fibroblasts""; https://panglaodb.se/markers/PanglaoDB_markers_27_Mar_2020.tsv.gz"
Fibroblasts,IGFBP3,"PanglaoDB markers 27 Mar 2020 (Franzen O et al. 2019, Database, doi:10.1093/database/baz046), mouse entries, cell type ""Fibroblasts""; https://panglaodb.se/markers/PanglaoDB_markers_27_Mar_2020.tsv.gz"
Fibroblasts,COPZ2,"PanglaoDB markers 27 Mar 2020 (Franzen O et al. 2019, Database, doi:10.1093/database/baz046), mouse entries, cell type ""Fibroblasts""; https://panglaodb.se/markers/PanglaoDB_markers_27_Mar_2020.tsv.gz"
Fibroblasts,DPEP1,"PanglaoDB markers 27 Mar 2020 (Franzen O et al. 2019, Database, doi:10.1093/database/baz046), mouse entries, cell type ""Fibroblasts""; https://panglaodb.se/markers/PanglaoDB_markers_27_Mar_2020.tsv.gz"
Fibroblasts,ADAMTS5,"PanglaoDB markers 27 Mar 2020 (Franzen O et al. 2019, Database, doi:10.1093/database/baz046), mouse entries, cell type ""Fibroblasts""; https://panglaodb.se/markers/PanglaoDB_markers_27_Mar_2020.tsv.gz"
Fibroblasts,COL5A1,"PanglaoDB markers 27 Mar 2020 (Franzen O et al. 2019, Database, doi:10.1093/database/baz046), mouse entries, cell type ""Fibroblasts""; https://panglaodb.se/markers/PanglaoDB_markers_27_Mar_2020.tsv.gz"
Fibroblasts,CD248,"PanglaoDB markers 27 Mar 2020 (Franzen O et al. 2019, Database, doi:10.1093/database/baz046), mouse entries, cell type ""Fibroblasts""; https://panglaodb.se/markers/PanglaoDB_markers_27_Mar_2020.tsv.gz"
Fibroblasts,PI16,"PanglaoDB markers 27 Mar 2020 (Franzen O et al. 2019, Database, doi:10.1093/database/baz046), mouse entries, cell type ""Fibroblasts""; https://panglaodb.se/markers/PanglaoDB_markers_27_Mar_2020.tsv.gz"
Fibroblasts,PAMR1,"PanglaoDB markers 27 Mar 2020 (Franzen O et al. 2019, Database, doi:10.1093/database/baz046), mouse entries, cell type ""Fibroblasts""; https://panglaodb.se/markers/PanglaoDB_markers_27_Mar_2020.tsv.gz"
Fibroblasts,TNXB,"PanglaoDB markers 27 Mar 2020 (Franzen O et al. 2019, Database, doi:10.1093/database/baz046), mouse entries, cell type ""Fibroblasts""; https://panglaodb.se/markers/PanglaoDB_markers_27_Mar_2020.tsv.gz"
Fibroblasts,MMP2,"PanglaoDB markers 27 Mar 2020 (Franzen O et al. 2019, Database, doi:10.1093/database/baz046), mouse entries, cell type ""Fibroblasts""; https://panglaodb.se/markers/PanglaoDB_markers_27_Mar_2020.tsv.gz"
Fibroblasts,COL14A1,"PanglaoDB markers 27 Mar 2020 (Franzen O et al. 2019, Database, doi:10.1093/database/baz046), mouse entries, cell type ""Fibroblasts""; https://panglaodb.se/markers/PanglaoDB_markers_27_Mar_2020.tsv.gz"
Fibroblasts,CLEC3B,"PanglaoDB markers 27 Mar 2020 (Franzen O et al. 2019, Database, doi:10.1093/database/baz046), mouse entries, cell type ""Fibroblasts""; https://panglaodb.se/markers/PanglaoDB_markers_27_Mar_2020.tsv.gz"
Fibroblasts,IGFBP6,"PanglaoDB markers 27 Mar 2020 (Franzen O et al. 2019, Database, doi:10.1093/database/baz046), mouse entries, cell type ""Fibroblasts""; https://panglaodb.se/markers/PanglaoDB_markers_27_Mar_2020.tsv.gz"
Fibroblasts,AKR1C18,"PanglaoDB markers 27 Mar 2020 (Franzen O et al. 2019, Database, doi:10.1093/database/baz046), mouse entries, cell type ""Fibroblasts""; https://panglaodb.se/markers/PanglaoDB_markers_27_Mar_2020.tsv.gz"
Fibroblasts,COL5A2,"PanglaoDB markers 27 Mar 2020 (Franzen O et al. 2019, Database, doi:10.1093/database/baz046), mouse entries, cell type ""Fibroblasts""; https://panglaodb.se/markers/PanglaoDB_markers_27_Mar_2020.tsv.gz"
Fibroblasts,FBN1,"PanglaoDB markers 27 Mar 2020 (Franzen O et al. 2019, Database, doi:10.1093/database/baz046), mouse entries, cell type ""Fibroblasts""; https://panglaodb.se/markers/PanglaoDB_markers_27_Mar_2020.tsv.gz"
Fibroblasts,MFAP5,"PanglaoDB markers 27 Mar 2020 (Franzen O et al. 2019, Database, doi:10.1093/database/baz046), mouse entries, cell type ""Fibroblasts""; https://panglaodb.se/markers/PanglaoDB_markers_27_Mar_2020.tsv.gz"
Fibroblasts,FKBP10,"PanglaoDB markers 27 Mar 2020 (Franzen O et al. 2019, Database, doi:10.1093/database/baz046), mouse entries, cell type ""Fibroblasts""; https://panglaodb.se/markers/PanglaoDB_markers_27_Mar_2020.tsv.gz"
Fibroblasts,PALLD,"PanglaoDB markers 27 Mar 2020 (Franzen O et al. 2019, Database, doi:10.1093/database/baz046), mouse entries, cell type ""Fibroblasts""; https://panglaodb.se/markers/PanglaoDB_markers_27_Mar_2020.tsv.gz"
Fibroblasts,WIF1,"PanglaoDB markers 27 Mar 2020 (Franzen O et al. 2019, Database, doi:10.1093/database/baz046), mouse entries, cell type ""Fibroblasts""; https://panglaodb.se/markers/PanglaoDB_markers_27_Mar_2020.tsv.gz"
Fibroblasts,SNHG18,"PanglaoDB markers 27 Mar 2020 (Franzen O et al. 2019, Database, doi:10.1093/database/baz046), mouse entries, cell type ""Fibroblasts""; https://panglaodb.se/markers/PanglaoDB_markers_27_Mar_2020.tsv.gz"
Fibroblasts,CDH11,"PanglaoDB markers 27 Mar 2020 (Franzen O et al. 2019, Database, doi:10.1093/database/baz046), mouse entries, cell type ""Fibroblasts""; https://panglaodb.se/markers/PanglaoDB_markers_27_Mar_2020.tsv.gz"
Fibroblasts,PTCH1,"PanglaoDB markers 27 Mar 2020 (Franzen O et al. 2019, Database, doi:10.1093/database/baz046), mouse entries, cell type ""Fibroblasts""; https://panglaodb.se/markers/PanglaoDB_markers_27_Mar_2020.tsv.gz"
Fibroblasts,ARAP1,"PanglaoDB markers 27 Mar 2020 (Franzen O et al. 2019, Database, doi:10.1093/database/baz046), mouse entries, cell type ""Fibroblasts""; https://panglaodb.se/markers/PanglaoDB_markers_27_Mar_2020.tsv.gz"
Fibroblasts,FBLN2,"PanglaoDB markers 27 Mar 2020 (Franzen O et al. 2019, Database, doi:10.1093/database/baz046), mouse entries, cell type ""Fibroblasts""; https://panglaodb.se/markers/PanglaoDB_markers_27_Mar_2020.tsv.gz"
Fibroblasts,IGF1,"PanglaoDB markers 27 Mar 2020 (Franzen O et al. 2019, Database, doi:10.1093/database/baz046), mouse entries, cell type ""Fibroblasts""; https://panglaodb.se/markers/PanglaoDB_markers_27_Mar_2020.tsv.gz"
Fibroblasts,PRRX1,"PanglaoDB markers 27 Mar 2020 (Franzen O et al. 2019, Database, doi:10.1093/database/baz046), mouse entries, cell type ""Fibroblasts""; https://panglaodb.se/markers/PanglaoDB_markers_27_Mar_2020.tsv.gz"
Fibroblasts,FKBP7,"PanglaoDB markers 27 Mar 2020 (Franzen O et al. 2019, Database, doi:10.1093/database/baz046), mouse entries, cell type ""Fibroblasts""; https://panglaodb.se/markers/PanglaoDB_markers_27_Mar_2020.tsv.gz"
Fibroblasts,OAF,"PanglaoDB markers 27 Mar 2020 (Franzen O et al. 2019, Database, doi:10.1093/database/baz046), mouse entries, cell type ""Fibroblasts""; https://panglaodb.se/markers/PanglaoDB_markers_27_Mar_2020.tsv.gz"
Fibroblasts,COL6A3,"PanglaoDB markers 27 Mar 2020 (Franzen O et al. 2019, Database, doi:10.1093/database/baz046), mouse entries, cell type ""Fibroblasts""; https://panglaodb.se/markers/PanglaoDB_markers_27_Mar_2020.tsv.gz"
Fibroblasts,CTSK,"PanglaoDB markers 27 Mar 2020 (Franzen O et al. 2019, Database, doi:10.1093/database/baz046), mouse entries, cell type ""Fibroblasts""; https://panglaodb.se/markers/PanglaoDB_markers_27_Mar_2020.tsv.gz"
Fibroblasts,DKK1,"PanglaoDB markers 27 Mar 2020 (Franzen O et al. 2019, Database, doi:10.1093/database/baz046), mouse entries, cell type ""Fibroblasts""; https://panglaodb.se/markers/PanglaoDB_markers_27_Mar_2020.tsv.gz"
Fibroblasts,RARRES2,"PanglaoDB markers 27 Mar 2020 (Franzen O et al. 2019, Database, doi:10.1093/database/baz046), mouse entries, cell type ""Fibroblasts""; https://panglaodb.se/markers/PanglaoDB_markers_27_Mar_2020.tsv.gz"
Fibroblasts,GREM1,"PanglaoDB markers 27 Mar 2020 (Franzen O et al. 2019, Database, doi:10.1093/database/baz046), mouse entries, cell type ""Fibroblasts""; https://panglaodb.se/markers/PanglaoDB_markers_27_Mar_2020.tsv.gz"
Fibroblasts,SPON2,"PanglaoDB markers 27 Mar 2020 (Franzen O et al. 2019, Database, doi:10.1093/database/baz046), mouse entries, cell type ""Fibroblasts""; https://panglaodb.se/markers/PanglaoDB_markers_27_Mar_2020.tsv.gz"
Fibroblasts,TCF21,"PanglaoDB markers 27 Mar 2020 (Franzen O et al. 2019, Database, doi:10.1093/database/baz046), mouse entries, cell type ""Fibroblasts""; https://panglaodb.se/markers/PanglaoDB_markers_27_Mar_2020.tsv.gz"
Fibroblasts,PCSK6,"PanglaoDB markers 27 Mar 2020 (Franzen O et al. 2019, Database, doi:10.1093/database/baz046), mouse entries, cell type ""Fibroblasts""; https://panglaodb.se/markers/PanglaoDB_markers_27_Mar_2020.tsv.gz"
Fibroblasts,COL8A1,"PanglaoDB markers 27 Mar 2020 (Franzen O et al. 2019, Database, doi:10.1093/database/baz046), mouse entries, cell type ""Fibroblasts""; https://panglaodb.se/markers/PanglaoDB_markers_27_Mar_2020.tsv.gz"
Fibroblasts,ENTPD2,"PanglaoDB markers 27 Mar 2020 (Franzen O et al. 2019, Database, doi:10.1093/database/baz046), mouse entries, cell type ""Fibroblasts""; https://panglaodb.se/markers/PanglaoDB_markers_27_Mar_2020.tsv.gz"
Fibroblasts,MMP23,"PanglaoDB markers 27 Mar 2020 (Franzen O et al. 2019, Database, doi:10.1093/database/baz046), mouse entries, cell type ""Fibroblasts""; https://panglaodb.se/markers/PanglaoDB_markers_27_Mar_2020.tsv.gz"
Fibroblasts,CXCL3,"PanglaoDB markers 27 Mar 2020 (Franzen O et al. 2019, Database, doi:10.1093/database/baz046), mouse entries, cell type ""Fibroblasts""; https://panglaodb.se/markers/PanglaoDB_markers_27_Mar_2020.tsv.gz"
Fibroblasts,IL6,"PanglaoDB markers 27 Mar 2020 (Franzen O et al. 2019, Database, doi:10.1093/database/baz046), mouse entries, cell type ""Fibroblasts""; https://panglaodb.se/markers/PanglaoDB_markers_27_Mar_2020.tsv.gz"
Fibroblasts,CYP1B1,"PanglaoDB markers 27 Mar 2020 (Franzen O et al. 2019, Database, doi:10.1093/database/baz046), mouse entries, cell type ""Fibroblasts""; https://panglaodb.se/markers/PanglaoDB_markers_27_Mar_2020.tsv.gz"
Fibroblasts,COL13A1,"PanglaoDB markers 27 Mar 2020 (Franzen O et al. 2019, Database, doi:10.1093/database/baz046), mouse entries, cell type ""Fibroblasts""; https://panglaodb.se/markers/PanglaoDB_markers_27_Mar_2020.tsv.gz"
Fibroblasts,ADAMTS10,"PanglaoDB markers 27 Mar 2020 (Franzen O et al. 2019, Database, doi:10.1093/database/baz046), mouse entries, cell type ""Fibroblasts""; https://panglaodb.se/markers/PanglaoDB_markers_27_Mar_2020.tsv.gz"
Fibroblasts,CCL11,"PanglaoDB markers 27 Mar 2020 (Franzen O et al. 2019, Database, doi:10.1093/database/baz046), mouse entries, cell type ""Fibroblasts""; https://panglaodb.se/markers/PanglaoDB_markers_27_Mar_2020.tsv.gz"
Fibroblasts,ADAM33,"PanglaoDB markers 27 Mar 2020 (Franzen O et al. 2019, Database, doi:10.1093/database/baz046), mouse entries, cell type ""Fibroblasts""; https://panglaodb.se/markers/PanglaoDB_markers_27_Mar_2020.tsv.gz"
Fibroblasts,COL4A3,"PanglaoDB markers 27 Mar 2020 (Franzen O et al. 2019, Database, doi:10.1093/database/baz046), mouse entries, cell type ""Fibroblasts""; https://panglaodb.se/markers/PanglaoDB_markers_27_Mar_2020.tsv.gz"
Fibroblasts,COL4A4,"PanglaoDB markers 27 Mar 2020 (Franzen O et al. 2019, Database, doi:10.1093/database/baz046), mouse entries, cell type ""Fibroblasts""; https://panglaodb.se/markers/PanglaoDB_markers_27_Mar_2020.tsv.gz"
Fibroblasts,LAMA2,"PanglaoDB markers 27 Mar 2020 (Franzen O et al. 2019, Database, doi:10.1093/database/baz046), mouse entries, cell type ""Fibroblasts""; https://panglaodb.se/markers/PanglaoDB_markers_27_Mar_2020.tsv.gz"
Fibroblasts,ACKR3,"PanglaoDB markers 27 Mar 2020 (Franzen O et al. 2019, Database, doi:10.1093/database/baz046), mouse entries, cell type ""Fibroblasts""; https://panglaodb.se/markers/PanglaoDB_markers_27_Mar_2020.tsv.gz"
Fibroblasts,CD55,"PanglaoDB markers 27 Mar 2020 (Franzen O et al. 2019, Database, doi:10.1093/database/baz046), mouse entries, cell type ""Fibroblasts""; https://panglaodb.se/markers/PanglaoDB_markers_27_Mar_2020.tsv.gz"
Fibroblasts,FBLN7,"PanglaoDB markers 27 Mar 2020 (Franzen O et al. 2019, Database, doi:10.1093/database/baz046), mouse entries, cell type ""Fibroblasts""; https://panglaodb.se/markers/PanglaoDB_markers_27_Mar_2020.tsv.gz"
Fibroblasts,FIBIN,"PanglaoDB markers 27 Mar 2020 (Franzen O et al. 2019, Database, doi:10.1093/database/baz046), mouse entries, cell type ""Fibroblasts""; https://panglaodb.se/markers/PanglaoDB_markers_27_Mar_2020.tsv.gz"
Fibroblasts,THBS2,"PanglaoDB markers 27 Mar 2020 (Franzen O et al. 2019, Database, doi:10.1093/database/baz046), mouse entries, cell type ""Fibroblasts""; https://panglaodb.se/markers/PanglaoDB_markers_27_Mar_2020.tsv.gz"
Fibroblasts,NOV,"PanglaoDB markers 27 Mar 2020 (Franzen O et al. 2019, Database, doi:10.1093/database/baz046), mouse entries, cell type ""Fibroblasts""; https://panglaodb.se/markers/PanglaoDB_markers_27_Mar_2020.tsv.gz"
Fibroblasts,PTX3,"PanglaoDB markers 27 Mar 2020 (Franzen O et al. 2019, Database, doi:10.1093/database/baz046), mouse entries, cell type ""Fibroblasts""; https://panglaodb.se/markers/PanglaoDB_markers_27_Mar_2020.tsv.gz"
Fibroblasts,MMP3,"PanglaoDB markers 27 Mar 2020 (Franzen O et al. 2019, Database, doi:10.1093/database/baz046), mouse entries, cell type ""Fibroblasts""; https://panglaodb.se/markers/PanglaoDB_markers_27_Mar_2020.tsv.gz"
Fibroblasts,LRRK1,"PanglaoDB markers 27 Mar 2020 (Franzen O et al. 2019, Database, doi:10.1093/database/baz046), mouse entries, cell type ""Fibroblasts""; https://panglaodb.se/markers/PanglaoDB_markers_27_Mar_2020.tsv.gz"
Fibroblasts,HGF,"PanglaoDB markers 27 Mar 2020 (Franzen O et al. 2019, Database, doi:10.1093/database/baz046), mouse entries, cell type ""Fibroblasts""; https://panglaodb.se/markers/PanglaoDB_markers_27_Mar_2020.tsv.gz"
Fibroblasts,FRZB,"PanglaoDB markers 27 Mar 2020 (Franzen O et al. 2019, Database, doi:10.1093/database/baz046), mouse entries, cell type ""Fibroblasts""; https://panglaodb.se/markers/PanglaoDB_markers_27_Mar_2020.tsv.gz"
Fibroblasts,COL12A1,"PanglaoDB markers 27 Mar 2020 (Franzen O et al. 2019, Database, doi:10.1093/database/baz046), mouse entries, cell type ""Fibroblasts""; https://panglaodb.se/markers/PanglaoDB_markers_27_Mar_2020.tsv.gz"
Fibroblasts,COL7A1,"PanglaoDB markers 27 Mar 2020 (Franzen O et al. 2019, Database, doi:10.1093/database/baz046), mouse entries, cell type ""Fibroblasts""; https://panglaodb.se/markers/PanglaoDB_markers_27_Mar_2020.tsv.gz"
Fibroblasts,MEOX1,"PanglaoDB markers 27 Mar 2020 (Franzen O et al. 2019, Database, doi:10.1093/database/baz046), mouse entries, cell type ""Fibroblasts""; https://panglaodb.se/markers/PanglaoDB_markers_27_Mar_2020.tsv.gz"
Fibroblasts,PRG4,"PanglaoDB markers 27 Mar 2020 (Franzen O et al. 2019, Database, doi:10.1093/database/baz046), mouse entries, cell type ""Fibroblasts""; https://panglaodb.se/markers/PanglaoDB_markers_27_Mar_2020.tsv.gz"
Fibroblasts,PKD2,"PanglaoDB markers 27 Mar 2020 (Franzen O et al. 2019, Database, doi:10.1093/database/baz046), mouse entries, cell type ""Fibroblasts""; https://panglaodb.se/markers/PanglaoDB_markers_27_Mar_2020.tsv.gz"
Fibroblasts,CCL19,"PanglaoDB markers 27 Mar 2020 (Franzen O et al. 2019, Database, doi:10.1093/database/baz046), mouse entries, cell type ""Fibroblasts""; https://panglaodb.se/markers/PanglaoDB_markers_27_Mar_2020.tsv.gz"
Fibroblasts,NNMT,"PanglaoDB markers 27 Mar 2020 (Franzen O et al. 2019, Database, doi:10.1093/database/baz046), mouse entries, cell type ""Fibroblasts""; https://panglaodb.se/markers/PanglaoDB_markers_27_Mar_2020.tsv.gz"
Fibroblasts,FOXF1,"PanglaoDB markers 27 Mar 2020 (Franzen O et al. 2019, Database, doi:10.1093/database/baz046), mouse entries, cell type ""Fibroblasts""; https://panglaodb.se/markers/PanglaoDB_markers_27_Mar_2020.tsv.gz"
Fibroblasts,HAS1,"PanglaoDB markers 27 Mar 2020 (Franzen O et al. 2019, Database, doi:10.1093/database/baz046), mouse entries, cell type ""Fibroblasts""; https://panglaodb.se/markers/PanglaoDB_markers_27_Mar_2020.tsv.gz"
Fibroblasts,CTGF,"PanglaoDB markers 27 Mar 2020 (Franzen O et al. 2019, Database, doi:10.1093/database/baz046), mouse entries, cell type ""Fibroblasts""; https://panglaodb.se/markers/PanglaoDB_markers_27_Mar_2020.tsv.gz"
Fibroblasts,ERCC1,"PanglaoDB markers 27 Mar 2020 (Franzen O et al. 2019, Database, doi:10.1093/database/baz046), mouse entries, cell type ""Fibroblasts""; https://panglaodb.se/markers/PanglaoDB_markers_27_Mar_2020.tsv.gz"
Fibroblasts,WISP1,"PanglaoDB markers 27 Mar 2020 (Franzen O et al. 2019, Database, doi:10.1093/database/baz046), mouse entries, cell type ""Fibroblasts""; https://panglaodb.se/markers/PanglaoDB_markers_27_Mar_2020.tsv.gz"
Fibroblasts,TWIST2,"PanglaoDB markers 27 Mar 2020 (Franzen O et al. 2019, Database, doi:10.1093/database/baz046), mouse entries, cell type ""Fibroblasts""; https://panglaodb.se/markers/PanglaoDB_markers_27_Mar_2020.tsv.gz"
Fibroblasts,RIPK3,"PanglaoDB markers 27 Mar 2020 (Franzen O et al. 2019, Database, doi:10.1093/database/baz046), mouse entries, cell type ""Fibroblasts""; https://panglaodb.se/markers/PanglaoDB_markers_27_Mar_2020.tsv.gz"
Fibroblasts,DDR2,"PanglaoDB markers 27 Mar 2020 (Franzen O et al. 2019, Database, doi:10.1093/database/baz046), mouse entries, cell type ""Fibroblasts""; https://panglaodb.se/markers/PanglaoDB_markers_27_Mar_2020.tsv.gz"
Fibroblasts,ELN,"PanglaoDB markers 27 Mar 2020 (Franzen O et al. 2019, Database, doi:10.1093/database/baz046), mouse entries, cell type ""Fibroblasts""; https://panglaodb.se/markers/PanglaoDB_markers_27_Mar_2020.tsv.gz"
Fibroblasts,FN1,"PanglaoDB markers 27 Mar 2020 (Franzen O et al. 2019, Database, doi:10.1093/database/baz046), mouse entries, cell type ""Fibroblasts""; https://panglaodb.se/markers/PanglaoDB_markers_27_Mar_2020.tsv.gz"
Fibroblasts,HHIP,"PanglaoDB markers 27 Mar 2020 (Franzen O et al. 2019, Database, doi:10.1093/database/baz046), mouse entries, cell type ""Fibroblasts""; https://panglaodb.se/markers/PanglaoDB_markers_27_Mar_2020.tsv.gz"
Fibroblasts,FMO2,"PanglaoDB markers 27 Mar 2020 (Franzen O et al. 2019, Database, doi:10.1093/database/baz046), mouse entries, cell type ""Fibroblasts""; https://panglaodb.se/markers/PanglaoDB_markers_27_Mar_2020.tsv.gz"
Fibroblasts,COL1A2,"PanglaoDB markers 27 Mar 2020 (Franzen O et al. 2019, Database, doi:10.1093/database/baz046), mouse entries, cell type ""Fibroblasts""; https://panglaodb.se/markers/PanglaoDB_markers_27_Mar_2020.tsv.gz"
Fibroblasts,COL3A1,"PanglaoDB markers 27 Mar 2020 (Franzen O et al. 2019, Database, doi:10.1093/database/baz046), mouse entries, cell type ""Fibroblasts""; https://panglaodb.se/markers/PanglaoDB_markers_27_Mar_2020.tsv.gz"
Fibroblasts,VIM,"PanglaoDB markers 27 Mar 2020 (Franzen O et al. 2019, Database, doi:10.1093/database/baz046), mouse entries, cell type ""Fibroblasts""; https://panglaodb.se/markers/PanglaoDB_markers_27_Mar_2020.tsv.gz"
Fibroblasts,FSTL1,"PanglaoDB markers 27 Mar 2020 (Franzen O et al. 2019, Database, doi:10.1093/database/baz046), mouse entries, cell type ""Fibroblasts""; https://panglaodb.se/markers/PanglaoDB_markers_27_Mar_2020.tsv.gz"
Fibroblasts,GSN,"PanglaoDB markers 27 Mar 2020 (Franzen O et al. 2019, Database, doi:10.1093/database/baz046), mouse entries, cell type ""Fibroblasts""; https://panglaodb.se/markers/PanglaoDB_markers_27_Mar_2020.tsv.gz"
Fibroblasts,SPARC,"PanglaoDB markers 27 Mar 2020 (Franzen O et al. 2019, Database, doi:10.1093/database/baz046), mouse entries, cell type ""Fibroblasts""; https://panglaodb.se/markers/PanglaoDB_markers_27_Mar_2020.tsv.gz"
Fibroblasts,S100A4,"PanglaoDB markers 27 Mar 2020 (Franzen O et al. 2019, Database, doi:10.1093/database/baz046), mouse entries, cell type ""Fibroblasts""; https://panglaodb.se/markers/PanglaoDB_markers_27_Mar_2020.tsv.gz"
Fibroblasts,NT5E,"PanglaoDB markers 27 Mar 2020 (Franzen O et al. 2019, Database, doi:10.1093/database/baz046), mouse entries, cell type ""Fibroblasts""; https://panglaodb.se/markers/PanglaoDB_markers_27_Mar_2020.tsv.gz"
Fibroblasts,COL1A1,"PanglaoDB markers 27 Mar 2020 (Franzen O et al. 2019, Database, doi:10.1093/database/baz046), mouse entries, cell type ""Fibroblasts""; https://panglaodb.se/markers/PanglaoDB_markers_27_Mar_2020.tsv.gz"
Fibroblasts,MGP,"PanglaoDB markers 27 Mar 2020 (Franzen O et al. 2019, Database, doi:10.1093/database/baz046), mouse entries, cell type ""Fibroblasts""; https://panglaodb.se/markers/PanglaoDB_markers_27_Mar_2020.tsv.gz"
Fibroblasts,NOX4,"PanglaoDB markers 27 Mar 2020 (Franzen O et al. 2019, Database, doi:10.1093/database/baz046), mouse entries, cell type ""Fibroblasts""; https://panglaodb.se/markers/PanglaoDB_markers_27_Mar_2020.tsv.gz"
Fibroblasts,THY1,"PanglaoDB markers 27 Mar 2020 (Franzen O et al. 2019, Database, doi:10.1093/database/baz046), mouse entries, cell type ""Fibroblasts""; https://panglaodb.se/markers/PanglaoDB_markers_27_Mar_2020.tsv.gz"
Fibroblasts,CD40,"PanglaoDB markers 27 Mar 2020 (Franzen O et al. 2019, Database, doi:10.1093/database/baz046), mouse entries, cell type ""Fibroblasts""; https://panglaodb.se/markers/PanglaoDB_markers_27_Mar_2020.tsv.gz"
Fibroblasts,SERPINH1,"PanglaoDB markers 27 Mar 2020 (Franzen O et al. 2019, Database, doi:10.1093/database/baz046), mouse entries, cell type ""Fibroblasts""; https://panglaodb.se/markers/PanglaoDB_markers_27_Mar_2020.tsv.gz"
Fibroblasts,CD44,"PanglaoDB markers 27 Mar 2020 (Franzen O et al. 2019, Database, doi:10.1093/database/baz046), mouse entries, cell type ""Fibroblasts""; https://panglaodb.se/markers/PanglaoDB_markers_27_Mar_2020.tsv.gz"
Fibroblasts,PDGFRA,"PanglaoDB markers 27 Mar 2020 (Franzen O et al. 2019, Database, doi:10.1093/database/baz046), mouse entries, cell type ""Fibroblasts""; https://panglaodb.se/markers/PanglaoDB_markers_27_Mar_2020.tsv.gz"
Fibroblasts,EN1,"PanglaoDB markers 27 Mar 2020 (Franzen O et al. 2019, Database, doi:10.1093/database/baz046), mouse entries, cell type ""Fibroblasts""; https://panglaodb.se/markers/PanglaoDB_markers_27_Mar_2020.tsv.gz"
Fibroblasts,DCN,"PanglaoDB markers 27 Mar 2020 (Franzen O et al. 2019, Database, doi:10.1093/database/baz046), mouse entries, cell type ""Fibroblasts""; https://panglaodb.se/markers/PanglaoDB_markers_27_Mar_2020.tsv.gz"
Fibroblasts,CEBPB,"PanglaoDB markers 27 Mar 2020 (Franzen O et al. 2019, Database, doi:10.1093/database/baz046), mouse entries, cell type ""Fibroblasts""; https://panglaodb.se/markers/PanglaoDB_markers_27_Mar_2020.tsv.gz"
Fibroblasts,EGR1,"PanglaoDB markers 27 Mar 2020 (Franzen O et al. 2019, Database, doi:10.1093/database/baz046), mouse entries, cell type ""Fibroblasts""; https://panglaodb.se/markers/PanglaoDB_markers_27_Mar_2020.tsv.gz"
Fibroblasts,FOSB,"PanglaoDB markers 27 Mar 2020 (Franzen O et al. 2019, Database, doi:10.1093/database/baz046), mouse entries, cell type ""Fibroblasts""; https://panglaodb.se/markers/PanglaoDB_markers_27_Mar_2020.tsv.gz"
Fibroblasts,FOSL2,"PanglaoDB markers 27 Mar 2020 (Franzen O et al. 2019, Database, doi:10.1093/database/baz046), mouse entries, cell type ""Fibroblasts""; https://panglaodb.se/markers/PanglaoDB_markers_27_Mar_2020.tsv.gz"
Fibroblasts,HIF1A,"PanglaoDB markers 27 Mar 2020 (Franzen O et al. 2019, Database, doi:10.1093/database/baz046), mouse entries, cell type ""Fibroblasts""; https://panglaodb.se/markers/PanglaoDB_markers_27_Mar_2020.tsv.gz"
Fibroblasts,KLF2,"PanglaoDB markers 27 Mar 2020 (Franzen O et al. 2019, Database, doi:10.1093/database/baz046), mouse entries, cell type ""Fibroblasts""; https://panglaodb.se/markers/PanglaoDB_markers_27_Mar_2020.tsv.gz"
Fibroblasts,KLF4,"PanglaoDB markers 27 Mar 2020 (Franzen O et al. 2019, Database, doi:10.1093/database/baz046), mouse entries, cell type ""Fibroblasts""; https://panglaodb.se/markers/PanglaoDB_markers_27_Mar_2020.tsv.gz"
Fibroblasts,KLF6,"PanglaoDB markers 27 Mar 2020 (Franzen O et al. 2019, Database, doi:10.1093/database/baz046), mouse entries, cell type ""Fibroblasts""; https://panglaodb.se/markers/PanglaoDB_markers_27_Mar_2020.tsv.gz"
Fibroblasts,KLF9,"PanglaoDB markers 27 Mar 2020 (Franzen O et al. 2019, Database, doi:10.1093/database/baz046), mouse entries, cell type ""Fibroblasts""; https://panglaodb.se/markers/PanglaoDB_markers_27_Mar_2020.tsv.gz"
Fibroblasts,NFAT5,"PanglaoDB markers 27 Mar 2020 (Franzen O et al. 2019, Database, doi:10.1093/database/baz046), mouse entries, cell type ""Fibroblasts""; https://panglaodb.se/markers/PanglaoDB_markers_27_Mar_2020.tsv.gz"
Fibroblasts,NFATC1,"PanglaoDB markers 27 Mar 2020 (Franzen O et al. 2019, Database, doi:10.1093/database/baz046), mouse entries, cell type ""Fibroblasts""; https://panglaodb.se/markers/PanglaoDB_markers_27_Mar_2020.tsv.gz"
Fibroblasts,NFKB1,"PanglaoDB markers 27 Mar 2020 (Franzen O et al. 2019, Database, doi:10.1093/database/baz046), mouse entries, cell type ""Fibroblasts""; https://panglaodb.se/markers/PanglaoDB_markers_27_Mar_2020.tsv.gz"
Fibroblasts,NR4A1,"PanglaoDB markers 27 Mar 2020 (Franzen O et al. 2019, Database, doi:10.1093/database/baz046), mouse entries, cell type ""Fibroblasts""; https://panglaodb.se/markers/PanglaoDB_markers_27_Mar_2020.tsv.gz"
Fibroblasts,NR4A2,"PanglaoDB markers 27 Mar 2020 (Franzen O et al. 2019, Database, doi:10.1093/database/baz046), mouse entries, cell type ""Fibroblasts""; https://panglaodb.se/markers/PanglaoDB_markers_27_Mar_2020.tsv.gz"
Fibroblasts,PBX1,"PanglaoDB markers 27 Mar 2020 (Franzen O et al. 2019, Database, doi:10.1093/database/baz046), mouse entries, cell type ""Fibroblasts""; https://panglaodb.se/markers/PanglaoDB_markers_27_Mar_2020.tsv.gz"
Fibroblasts,RUNX1,"PanglaoDB markers 27 Mar 2020 (Franzen O et al. 2019, Database, doi:10.1093/database/baz046), mouse entries, cell type ""Fibroblasts""; https://panglaodb.se/markers/PanglaoDB_markers_27_Mar_2020.tsv.gz"
Fibroblasts,STAT3,"PanglaoDB markers 27 Mar 2020 (Franzen O et al. 2019, Database, doi:10.1093/database/baz046), mouse entries, cell type ""Fibroblasts""; https://panglaodb.se/markers/PanglaoDB_markers_27_Mar_2020.tsv.gz"
Fibroblasts,TCF4,"PanglaoDB markers 27 Mar 2020 (Franzen O et al. 2019, Database, doi:10.1093/database/baz046), mouse entries, cell type ""Fibroblasts""; https://panglaodb.se/markers/PanglaoDB_markers_27_Mar_2020.tsv.gz"
Fibroblasts,ZEB2,"PanglaoDB markers 27 Mar 2020 (Franzen O et al. 2019, Database, doi:10.1093/database/baz046), mouse entries, cell type ""Fibroblasts""; https://panglaodb.se/markers/PanglaoDB_markers_27_Mar_2020.tsv.gz"
Fibroblasts,LAMC1,"PanglaoDB markers 27 Mar 2020 (Franzen O et al. 2019, Database, doi:10.1093/database/baz046), mouse entries, cell type ""Fibroblasts""; https://panglaodb.se/markers/PanglaoDB_markers_27_Mar_2020.tsv.gz"
Fibroblasts,MEDAG,"PanglaoDB markers 27 Mar 2020 (Franzen O et al. 2019, Database, doi:10.1093/database/baz046), mouse entries, cell type ""Fibroblasts""; https://panglaodb.se/markers/PanglaoDB_markers_27_Mar_2020.tsv.gz"
Fibroblasts,MS4A4D,"PanglaoDB markers 27 Mar 2020 (Franzen O et al. 2019, Database, doi:10.1093/database/baz046), mouse entries, cell type ""Fibroblasts""; https://panglaodb.se/markers/PanglaoDB_markers_27_Mar_2020.tsv.gz"
Fibroblasts,LAMB1,"PanglaoDB markers 27 Mar 2020 (Franzen O et al. 2019, Database, doi:10.1093/database/baz046), mouse entries, cell type ""Fibroblasts""; https://panglaodb.se/markers/PanglaoDB_markers_27_Mar_2020.tsv.gz"
Fibroblasts,DKK3,"PanglaoDB markers 27 Mar 2020 (Franzen O et al. 2019, Database, doi:10.1093/database/baz046), mouse entries, cell type ""Fibroblasts""; https://panglaodb.se/markers/PanglaoDB_markers_27_Mar_2020.tsv.gz"
Fibroblasts,TBX20,"PanglaoDB markers 27 Mar 2020 (Franzen O et al. 2019, Database, doi:10.1093/database/baz046), mouse entries, cell type ""Fibroblasts""; https://panglaodb.se/markers/PanglaoDB_markers_27_Mar_2020.tsv.gz"
Fibroblasts,MDK,"PanglaoDB markers 27 Mar 2020 (Franzen O et al. 2019, Database, doi:10.1093/database/baz046), mouse entries, cell type ""Fibroblasts""; https://panglaodb.se/markers/PanglaoDB_markers_27_Mar_2020.tsv.gz"
Fibroblasts,GSTM5,"PanglaoDB markers 27 Mar 2020 (Franzen O et al. 2019, Database, doi:10.1093/database/baz046), mouse entries, cell type ""Fibroblasts""; https://panglaodb.se/markers/PanglaoDB_markers_27_Mar_2020.tsv.gz"
Fibroblasts,NGF,"PanglaoDB markers 27 Mar 2020 (Franzen O et al. 2019, Database, doi:10.1093/database/baz046), mouse entries, cell type ""Fibroblasts""; https://panglaodb.se/markers/PanglaoDB_markers_27_Mar_2020.tsv.gz"
Fibroblasts,VEGFA,"PanglaoDB markers 27 Mar 2020 (Franzen O et al. 2019, Database, doi:10.1093/database/baz046), mouse entries, cell type ""Fibroblasts""; https://panglaodb.se/markers/PanglaoDB_markers_27_Mar_2020.tsv.gz"
Fibroblasts,FGF2,"PanglaoDB markers 27 Mar 2020 (Franzen O et al. 2019, Database, doi:10.1093/database/baz046), mouse entries, cell type ""Fibroblasts""; https://panglaodb.se/markers/PanglaoDB_markers_27_Mar_2020.tsv.gz"
Fibroblasts,P4HTM,"PanglaoDB markers 27 Mar 2020 (Franzen O et al. 2019, Database, doi:10.1093/database/baz046), mouse entries, cell type ""Fibroblasts""; https://panglaodb.se/markers/PanglaoDB_markers_27_Mar_2020.tsv.gz"
Fibroblasts,CKAP4,"PanglaoDB markers 27 Mar 2020 (Franzen O et al. 2019, Database, doi:10.1093/database/baz046), mouse entries, cell type ""Fibroblasts""; https://panglaodb.se/markers/PanglaoDB_markers_27_Mar_2020.tsv.gz"
Fibroblasts,INMT,"PanglaoDB markers 27 Mar 2020 (Franzen O et al. 2019, Database, doi:10.1093/database/baz046), mouse entries, cell type ""Fibroblasts""; https://panglaodb.se/markers/PanglaoDB_markers_27_Mar_2020.tsv.gz"
Fibroblasts,CXCL14,"PanglaoDB markers 27 Mar 2020 (Franzen O et al. 2019, Database, doi:10.1093/database/baz046), mouse entries, cell type ""Fibroblasts""; https://panglaodb.se/markers/PanglaoDB_markers_27_Mar_2020.tsv.gz"
Ependymal cells,FOXJ1,"PanglaoDB markers 27 Mar 2020 (Franzen O et al. 2019, Database, doi:10.1093/database/baz046), mouse entries, cell type ""Ependymal cells""; https://panglaodb.se/markers/PanglaoDB_markers_27_Mar_2020.tsv.gz"
Ependymal cells,TRIM71,"PanglaoDB markers 27 Mar 2020 (Franzen O et al. 2019, Database, doi:10.1093/database/baz046), mouse entries, cell type ""Ependymal cells""; https://panglaodb.se/markers/PanglaoDB_markers_27_Mar_2020.tsv.gz"
Ependymal cells,SIX3,"PanglaoDB markers 27 Mar 2020 (Franzen O et al. 2019, Database, doi:10.1093/database/baz046), mouse entries, cell type ""Ependymal cells""; https://panglaodb.se/markers/PanglaoDB_markers_27_Mar_2020.tsv.gz"
Ependymal cells,USP18,"PanglaoDB markers 27 Mar 2020 (Franzen O et al. 2019, Database, doi:10.1093/database/baz046), mouse entries, cell type ""Ependymal cells""; https://panglaodb.se/markers/PanglaoDB_markers_27_Mar_2020.tsv.gz"
Ependymal cells,CETN4,"PanglaoDB markers 27 Mar 2020 (Franzen O et al. 2019, Database, doi:10.1093/database/baz046), mouse entries, cell type ""Ependymal cells""; https://panglaodb.se/markers/PanglaoDB_markers_27_Mar_2020.tsv.gz"
Ependymal cells,AQP4,"PanglaoDB markers 27 Mar 2020 (Franzen O et al. 2019, Database, doi:10.1093/database/baz046), mouse entries, cell type ""Ependymal cells""; https://panglaodb.se/markers/PanglaoDB_markers_27_Mar_2020.tsv.gz"
Ependymal cells,CELSR2,"PanglaoDB markers 27 Mar 2020 (Franzen O et al. 2019, Database, doi:10.1093/database/baz046), mouse entries, cell type ""Ependymal cells""; https://panglaodb.se/markers/PanglaoDB_markers_27_Mar_2020.tsv.gz"
Ependymal cells,AQP1,"PanglaoDB markers 27 Mar 2020 (Franzen O et al. 2019, Database, doi:10.1093/database/baz046), mouse entries, cell type ""Ependymal cells""; https://panglaodb.se/markers/PanglaoDB_markers_27_Mar_2020.tsv.gz"
Ependymal cells,GFAP,"PanglaoDB markers 27 Mar 2020 (Franzen O et al. 2019, Database, doi:10.1093/database/baz046), mouse entries, cell type ""Ependymal cells""; https://panglaodb.se/markers/PanglaoDB_markers_27_Mar_2020.tsv.gz"
Ependymal cells,ENKUR,"PanglaoDB markers 27 Mar 2020 (Franzen O et al. 2019, Database, doi:10.1093/database/baz046), mouse entries, cell type ""Ependymal cells""; https://panglaodb.se/markers/PanglaoDB_markers_27_Mar_2020.tsv.gz"
Ependymal cells,FAM216B,"PanglaoDB markers 27 Mar 2020 (Franzen O et al. 2019, Database, doi:10.1093/database/baz046), mouse entries, cell type ""Ependymal cells""; https://panglaodb.se/markers/PanglaoDB_markers_27_Mar_2020.tsv.gz"
Ependymal cells,KRT15,"PanglaoDB markers 27 Mar 2020 (Franzen O et al. 2019, Database, doi:10.1093/database/baz046), mouse entries, cell type ""Ependymal cells""; https://panglaodb.se/markers/PanglaoDB_markers_27_Mar_2020.tsv.gz"
Ependymal cells,CATIP,"PanglaoDB markers 27 Mar 2020 (Franzen O et al. 2019, Database, doi:10.1093/database/baz046), mouse entries, cell type ""Ependymal cells""; https://panglaodb.se/markers/PanglaoDB_markers_27_Mar_2020.tsv.gz"
Ependymal cells,DNAH12,"PanglaoDB markers 27 Mar 2020 (Franzen O et al. 2019, Database, doi:10.1093/database/baz046), mouse entries, cell type ""Ependymal cells""; https://panglaodb.se/markers/PanglaoDB_markers_27_Mar_2020.tsv.gz"
Ependymal cells,FAM166B,"PanglaoDB markers 27 Mar 2020 (Franzen O et al. 2019, Database, doi:10.1093/database/baz046), mouse entries, cell type ""Ependymal cells""; https://panglaodb.se/markers/PanglaoDB_markers_27_Mar_2020.tsv.gz"
Ependymal cells,IQCG,"PanglaoDB markers 27 Mar 2020 (Franzen O et al. 2019, Database, doi:10.1093/database/baz046), mouse entries, cell type ""Ependymal cells""; https://panglaodb.se/markers/PanglaoDB_markers_27_Mar_2020.tsv.gz"
Ependymal cells,SPEF2,"PanglaoDB markers 27 Mar 2020 (Franzen O et al. 2019, Database, doi:10.1093/database/baz046), mouse entries, cell type ""Ependymal cells""; https://panglaodb.se/markers/PanglaoDB_markers_27_Mar_2020.tsv.gz"
Ependymal cells,RABL2,"PanglaoDB markers 27 Mar 2020 (Franzen O et al. 2019, Database, doi:10.1093/database/baz046), mouse entries, cell type ""Ependymal cells""; https://panglaodb.se/markers/PanglaoDB_markers_27_Mar_2020.tsv.gz"
Ependymal cells,MYO16,"PanglaoDB markers 27 Mar 2020 (Franzen O et al. 2019, Database, doi:10.1093/database/baz046), mouse entries, cell type ""Ependymal cells""; https://panglaodb.se/markers/PanglaoDB_markers_27_Mar_2020.tsv.gz"
Ependymal cells,ODF3B,"PanglaoDB markers 27 Mar 2020 (Franzen O et al. 2019, Database, doi:10.1093/database/baz046), mouse entries, cell type ""Ependymal cells""; https://panglaodb.se/markers/PanglaoDB_markers_27_Mar_2020.tsv.gz"
Ependymal cells,PLXNB2,"PanglaoDB markers 27 Mar 2020 (Franzen O et al. 2019, Database, doi:10.1093/database/baz046), mouse entries, cell type ""Ependymal cells""; https://panglaodb.se/markers/PanglaoDB_markers_27_Mar_2020.tsv.gz"
Ependymal cells,TEKT1,"PanglaoDB markers 27 Mar 2020 (Franzen O et al. 2019, Database, doi:10.1093/database/baz046), mouse entries, cell type ""Ependymal cells""; https://panglaodb.se/markers/PanglaoDB_markers_27_Mar_2020.tsv.gz"
Ependymal cells,CHEK2,"PanglaoDB markers 27 Mar 2020 (Franzen O et al. 2019, Database, doi:10.1093/database/baz046), mouse entries, cell type ""Ependymal cells""; https://panglaodb.se/markers/PanglaoDB_markers_27_Mar_2020.tsv.gz"
Ependymal cells,CROCC,"PanglaoDB markers 27 Mar 2020 (Franzen O et al. 2019, Database, doi:10.1093/database/baz046), mouse entries, cell type ""Ependymal cells""; https://panglaodb.se/markers/PanglaoDB_markers_27_Mar_2020.tsv.gz"
Ependymal cells,NME9,"PanglaoDB markers 27 Mar 2020 (Franzen O et al. 2019, Database, doi:10.1093/database/baz046), mouse entries, cell type ""Ependymal cells""; https://panglaodb.se/markers/PanglaoDB_markers_27_Mar_2020.tsv.gz"
Ependymal cells,CFAP126,"PanglaoDB markers 27 Mar 2020 (Franzen O et al. 2019, Database, doi:10.1093/database/baz046), mouse entries, cell type ""Ependymal cells""; https://panglaodb.se/markers/PanglaoDB_markers_27_Mar_2020.tsv.gz"
Ependymal cells,MEIG1,"PanglaoDB markers 27 Mar 2020 (Franzen O et al. 2019, Database, doi:10.1093/database/baz046), mouse entries, cell type ""Ependymal cells""; https://panglaodb.se/markers/PanglaoDB_markers_27_Mar_2020.tsv.gz"
Ependymal cells,HSPA2,"PanglaoDB markers 27 Mar 2020 (Franzen O et al. 2019, Database, doi:10.1093/database/baz046), mouse entries, cell type ""Ependymal cells""; https://panglaodb.se/markers/PanglaoDB_markers_27_Mar_2020.tsv.gz"
Ependymal cells,CFAP65,"PanglaoDB markers 27 Mar 2020 (Franzen O et al. 2019, Database, doi:10.1093/database/baz046), mouse entries, cell type ""Ependymal cells""; https://panglaodb.se/markers/PanglaoDB_markers_27_Mar_2020.tsv.gz"
Ependymal cells,LRRC23,"PanglaoDB markers 27 Mar 2020 (Franzen O et al. 2019, Database, doi:10.1093/database/baz046), mouse entries, cell type ""Ependymal cells""; https://panglaodb.se/markers/PanglaoDB_markers_27_Mar_2020.tsv.gz"
Ependymal cells,TEKT4,"PanglaoDB markers 27 Mar 2020 (Franzen O et al. 2019, Database, doi:10.1093/database/baz046), mouse entries, cell type ""Ependymal cells""; https://panglaodb.se/markers/PanglaoDB_markers_27_Mar_2020.tsv.gz"
Ependymal cells,CALML4,"PanglaoDB markers 27 Mar 2020 (Franzen O et al. 2019, Database, doi:10.1093/database/baz046), mouse entries, cell type ""Ependymal cells""; https://panglaodb.se/markers/PanglaoDB_markers_27_Mar_2020.tsv.gz"
Ependymal cells,PIFO,"PanglaoDB markers 27 Mar 2020 (Franzen O et al. 2019, Database, doi:10.1093/database/baz046), mouse entries, cell type ""Ependymal cells""; https://panglaodb.se/markers/PanglaoDB_markers_27_Mar_2020.tsv.gz"
Ependymal cells,CRYGN,"PanglaoDB markers 27 Mar 2020 (Franzen O et al. 2019, Database, doi:10.1093/database/baz046), mouse entries, cell type ""Ependymal cells""; https://panglaodb.se/markers/PanglaoDB_markers_27_Mar_2020.tsv.gz"
Ependymal cells,HDC,"PanglaoDB markers 27 Mar 2020 (Franzen O et al. 2019, Database, doi:10.1093/database/baz046), mouse entries, cell type ""Ependymal cells""; https://panglaodb.se/markers/PanglaoDB_markers_27_Mar_2020.tsv.gz"
Ependymal cells,FAM183B,"PanglaoDB markers 27 Mar 2020 (Franzen O et al. 2019, Database, doi:10.1093/database/baz046), mouse entries, cell type ""Ependymal cells""; https://panglaodb.se/markers/PanglaoDB_markers_27_Mar_2020.tsv.gz"
Ependymal cells,PCP4L1,"PanglaoDB markers 27 Mar 2020 (Franzen O et al. 2019, Database, doi:10.1093/database/baz046), mouse entries, cell type ""Ependymal cells""; https://panglaodb.se/markers/PanglaoDB_markers_27_Mar_2020.tsv.gz"
Ependymal cells,DYNLRB2,"PanglaoDB markers 27 Mar 2020 (Franzen O et al. 2019, Database, doi:10.1093/database/baz046), mouse entries, cell type ""Ependymal cells""; https://panglaodb.se/markers/PanglaoDB_markers_27_Mar_2020.tsv.gz"
Ependymal cells,TMEM107,"PanglaoDB markers 27 Mar 2020 (Franzen O et al. 2019, Database, doi:10.1093/database/baz046), mouse entries, cell type ""Ependymal cells""; https://panglaodb.se/markers/PanglaoDB_markers_27_Mar_2020.tsv.gz"
Ependymal cells,RIIAD1,"PanglaoDB markers 27 Mar 2020 (Franzen O et al. 2019, Database, doi:10.1093/database/baz046), mouse entries, cell type ""Ependymal cells""; https://panglaodb.se/markers/PanglaoDB_markers_27_Mar_2020.tsv.gz"
Ependymal cells,TMEM212,"PanglaoDB markers 27 Mar 2020 (Franzen O et al. 2019, Database, doi:10.1093/database/baz046), mouse entries, cell type ""Ependymal cells""; https://panglaodb.se/markers/PanglaoDB_markers_27_Mar_2020.tsv.gz"
Ependymal cells,RSPH1,"PanglaoDB markers 27 Mar 2020 (Franzen O et al. 2019, Database, doi:10.1093/database/baz046), mouse entries, cell type ""Ependymal cells""; https://panglaodb.se/markers/PanglaoDB_markers_27_Mar_2020.tsv.gz"
Ependymal cells,CCDC153,"PanglaoDB markers 27 Mar 2020 (Franzen O et al. 2019, Database, doi:10.1093/database/baz046), mouse entries, cell type ""Ependymal cells""; https://panglaodb.se/markers/PanglaoDB_markers_27_Mar_2020.tsv.gz"
Ependymal cells,S100B,"PanglaoDB markers 27 Mar 2020 (Franzen O et al. 2019, Database, doi:10.1093/database/baz046), mouse entries, cell type ""Ependymal cells""; https://panglaodb.se/markers/PanglaoDB_markers_27_Mar_2020.tsv.gz"
Ependymal cells,AK7,"PanglaoDB markers 27 Mar 2020 (Franzen O et al. 2019, Database, doi:10.1093/database/baz046), mouse entries, cell type ""Ependymal cells""; https://panglaodb.se/markers/PanglaoDB_markers_27_Mar_2020.tsv.gz"
Ependymal cells,RARRES2,"PanglaoDB markers 27 Mar 2020 (Franzen O et al. 2019, Database, doi:10.1093/database/baz046), mouse entries, cell type ""Ependymal cells""; https://panglaodb.se/markers/PanglaoDB_markers_27_Mar_2020.tsv.gz"
Ependymal cells,PVALB,"PanglaoDB markers 27 Mar 2020 (Franzen O et al. 2019, Database, doi:10.1093/database/baz046), mouse entries, cell type ""Ependymal cells""; https://panglaodb.se/markers/PanglaoDB_markers_27_Mar_2020.tsv.gz"
Ependymal cells,ANGPTL2,"PanglaoDB markers 27 Mar 2020 (Franzen O et al. 2019, Database, doi:10.1093/database/baz046), mouse entries, cell type ""Ependymal cells""; https://panglaodb.se/markers/PanglaoDB_markers_27_Mar_2020.tsv.gz"
Ependymal cells,CFAP54,"PanglaoDB markers 27 Mar 2020 (Franzen O et al. 2019, Database, doi:10.1093/database/baz046), mouse entries, cell type ""Ependymal cells""; https://panglaodb.se/markers/PanglaoDB_markers_27_Mar_2020.tsv.gz"
Ependymal cells,STOML3,"PanglaoDB markers 27 Mar 2020 (Franzen O et al. 2019, Database, doi:10.1093/database/baz046), mouse entries, cell type ""Ependymal cells""; https://panglaodb.se/markers/PanglaoDB_markers_27_Mar_2020.tsv.gz"
Ependymal cells,PLTP,"PanglaoDB markers 27 Mar 2020 (Franzen O et al. 2019, Database, doi:10.1093/database/baz046), mouse entries, cell type ""Ependymal cells""; https://panglaodb.se/markers/PanglaoDB_markers_27_Mar_2020.tsv.gz"
Ependymal cells,SSPO,"PanglaoDB markers 27 Mar 2020 (Franzen O et al. 2019, Database, doi:10.1093/database/baz046), mouse entries, cell type ""Ependymal cells""; https://panglaodb.se/markers/PanglaoDB_markers_27_Mar_2020.tsv.gz"
Ependymal cells,EFNB3,"PanglaoDB markers 27 Mar 2020 (Franzen O et al. 2019, Database, doi:10.1093/database/baz046), mouse entries, cell type ""Ependymal cells""; https://panglaodb.se/markers/PanglaoDB_markers_27_Mar_2020.tsv.gz"
Ependymal cells,MYB,"PanglaoDB markers 27 Mar 2020 (Franzen O et al. 2019, Database, doi:10.1093/database/baz046), mouse entries, cell type ""Ependymal cells""; https://panglaodb.se/markers/PanglaoDB_markers_27_Mar_2020.tsv.gz"
Ependymal cells,RFX2,"PanglaoDB markers 27 Mar 2020 (Franzen O et al. 2019, Database, doi:10.1093/database/baz046), mouse entries, cell type ""Ependymal cells""; https://panglaodb.se/markers/PanglaoDB_markers_27_Mar_2020.tsv.gz"
Ependymal cells,ZMYND10,"PanglaoDB markers 27 Mar 2020 (Franzen O et al. 2019, Database, doi:10.1093/database/baz046), mouse entries, cell type ""Ependymal cells""; https://panglaodb.se/markers/PanglaoDB_markers_27_Mar_2020.tsv.gz"
Ependymal cells,AK8,"PanglaoDB markers 27 Mar 2020 (Franzen O et al. 2019, Database, doi:10.1093/database/baz046), mouse entries, cell type ""Ependymal cells""; https://panglaodb.se/markers/PanglaoDB_markers_27_Mar_2020.tsv.gz"
Ependymal cells,CFAP44,"PanglaoDB markers 27 Mar 2020 (Franzen O et al. 2019, Database, doi:10.1093/database/baz046), mouse entries, cell type ""Ependymal cells""; https://panglaodb.se/markers/PanglaoDB_markers_27_Mar_2020.tsv.gz"
Ependymal cells,TM4SF1,"PanglaoDB markers 27 Mar 2020 (Franzen O et al. 2019, Database, doi:10.1093/database/baz046), mouse entries, cell type ""Ependymal cells""; https://panglaodb.se/markers/PanglaoDB_markers_27_Mar_2020.tsv.gz"
Choroid plexus cells,TTR,"PanglaoDB markers 27 Mar 2020 (Franzen O et al. 2019, Database, doi:10.1093/database/baz046), mouse entries, cell type ""Choroid plexus cells""; https://panglaodb.se/markers/PanglaoDB_markers_27_Mar_2020.tsv.gz"
Choroid plexus cells,KL,"PanglaoDB markers 27 Mar 2020 (Franzen O et al. 2019, Database, doi:10.1093/database/baz046), mouse entries, cell type ""Choroid plexus cells""; https://panglaodb.se/markers/PanglaoDB_markers_27_Mar_2020.tsv.gz"
Choroid plexus cells,SOSTDC1,"PanglaoDB markers 27 Mar 2020 (Franzen O et al. 2019, Database, doi:10.1093/database/baz046), mouse entries, cell type ""Choroid plexus cells""; https://panglaodb.se/markers/PanglaoDB_markers_27_Mar_2020.tsv.gz"
Choroid plexus cells,CLIC6,"PanglaoDB markers 27 Mar 2020 (Franzen O et al. 2019, Database, doi:10.1093/database/baz046), mouse entries, cell type ""Choroid plexus cells""; https://panglaodb.se/markers/PanglaoDB_markers_27_Mar_2020.tsv.gz"
Choroid plexus cells,SLC4A10,"PanglaoDB markers 27 Mar 2020 (Franzen O et al. 2019, Database, doi:10.1093/database/baz046), mouse entries, cell type ""Choroid plexus cells""; https://panglaodb.se/markers/PanglaoDB_markers_27_Mar_2020.tsv.gz"
Choroid plexus cells,HTR2C,"PanglaoDB markers 27 Mar 2020 (Franzen O et al. 2019, Database, doi:10.1093/database/baz046), mouse entries, cell type ""Choroid plexus cells""; https://panglaodb.se/markers/PanglaoDB_markers_27_Mar_2020.tsv.gz"
Choroid plexus cells,AQP1,"PanglaoDB markers 27 Mar 2020 (Franzen O et al. 2019, Database, doi:10.1093/database/baz046), mouse entries, cell type ""Choroid plexus cells""; https://panglaodb.se/markers/PanglaoDB_markers_27_Mar_2020.tsv.gz"
Choroid plexus cells,SLC16A2,"PanglaoDB markers 27 Mar 2020 (Franzen O et al. 2019, Database, doi:10.1093/database/baz046), mouse entries, cell type ""Choroid plexus cells""; https://panglaodb.se/markers/PanglaoDB_markers_27_Mar_2020.tsv.gz"
Choroid plexus cells,SLC4A2,"PanglaoDB markers 27 Mar 2020 (Franzen O et al. 2019, Database, doi:10.1093/database/baz046), mouse entries, cell type ""Choroid plexus cells""; https://panglaodb.se/markers/PanglaoDB_markers_27_Mar_2020.tsv.gz"
Choroid plexus cells,SLC4A5,"PanglaoDB markers 27 Mar 2020 (Franzen O et al. 2019, Database, doi:10.1093/database/baz046), mouse entries, cell type ""Choroid plexus cells""; https://panglaodb.se/markers/PanglaoDB_markers_27_Mar_2020.tsv.gz"
Choroid plexus cells,SLC31A1,"PanglaoDB markers 27 Mar 2020 (Franzen O et al. 2019, Database, doi:10.1093/database/baz046), mouse entries, cell type ""Choroid plexus cells""; https://panglaodb.se/markers/PanglaoDB_markers_27_Mar_2020.tsv.gz"
Choroid plexus cells,CAR12,"PanglaoDB markers 27 Mar 2020 (Franzen O et al. 2019, Database, doi:10.1093/database/baz046), mouse entries, cell type ""Choroid plexus cells""; https://panglaodb.se/markers/PanglaoDB_markers_27_Mar_2020.tsv.gz"
Choroid plexus cells,CLDN2,"PanglaoDB markers 27 Mar 2020 (Franzen O et al. 2019, Database, doi:10.1093/database/baz046), mouse entries, cell type ""Choroid plexus cells""; https://panglaodb.se/markers/PanglaoDB_markers_27_Mar_2020.tsv.gz"
Choroid plexus cells,SLC13A4,"PanglaoDB markers 27 Mar 2020 (Franzen O et al. 2019, Database, doi:10.1093/database/baz046), mouse entries, cell type ""Choroid plexus cells""; https://panglaodb.se/markers/PanglaoDB_markers_27_Mar_2020.tsv.gz"
Choroid plexus cells,SLC29A4,"PanglaoDB markers 27 Mar 2020 (Franzen O et al. 2019, Database, doi:10.1093/database/baz046), mouse entries, cell type ""Choroid plexus cells""; https://panglaodb.se/markers/PanglaoDB_markers_27_Mar_2020.tsv.gz"
Choroid plexus cells,PRLR,"PanglaoDB markers 27 Mar 2020 (Franzen O et al. 2019, Database, doi:10.1093/database/baz046), mouse entries, cell type ""Choroid plexus cells""; https://panglaodb.se/markers/PanglaoDB_markers_27_Mar_2020.tsv.gz"
Choroid plexus cells,CLDN1,"PanglaoDB markers 27 Mar 2020 (Franzen O et al. 2019, Database, doi:10.1093/database/baz046), mouse entries, cell type ""Choroid plexus cells""; https://panglaodb.se/markers/PanglaoDB_markers_27_Mar_2020.tsv.gz"
Choroid plexus cells,SLC2A12,"PanglaoDB markers 27 Mar 2020 (Franzen O et al. 2019, Database, doi:10.1093/database/baz046), mouse entries, cell type ""Choroid plexus cells""; https://panglaodb.se/markers/PanglaoDB_markers_27_Mar_2020.tsv.gz"
Choroid plexus cells,WFIKKN2,"PanglaoDB markers 27 Mar 2020 (Franzen O et al. 2019, Database, doi:10.1093/database/baz046), mouse entries, cell type ""Choroid plexus cells""; https://panglaodb.se/markers/PanglaoDB_markers_27_Mar_2020.tsv.gz"
Choroid plexus cells,SLC23A2,"PanglaoDB markers 27 Mar 2020 (Franzen O et al. 2019, Database, doi:10.1093/database/baz046), mouse entries, cell type ""Choroid plexus cells""; https://panglaodb.se/markers/PanglaoDB_markers_27_Mar_2020.tsv.gz"
Choroid plexus cells,SLC26A11,"PanglaoDB markers 27 Mar 2020 (Franzen O et al. 2019, Database, doi:10.1093/database/baz046), mouse entries, cell type ""Choroid plexus cells""; https://panglaodb.se/markers/PanglaoDB_markers_27_Mar_2020.tsv.gz"
Choroid plexus cells,CHMP1A,"PanglaoDB markers 27 Mar 2020 (Franzen O et al. 2019, Database, doi:10.1093/database/baz046), mouse entries, cell type ""Choroid plexus cells""; https://panglaodb.se/markers/PanglaoDB_markers_27_Mar_2020.tsv.gz"
Border-associated macrophages,Cd74,"Ochocka N et al. (2021) Nat Commun, doi:10.1038/s41467-021-21407-w; Supplementary Data 1 (41467_2021_21407_MOESM3_ESM.xlsx), BAM cluster top-30 DEGs, intersection of sheets ""female control"" and ""male control""; retrieved via https://www.ebi.ac.uk/europepmc/webservices/rest/PMC7895824/supplementaryFiles"
Border-associated macrophages,Apoe,"Ochocka N et al. (2021) Nat Commun, doi:10.1038/s41467-021-21407-w; Supplementary Data 1 (41467_2021_21407_MOESM3_ESM.xlsx), BAM cluster top-30 DEGs, intersection of sheets ""female control"" and ""male control""; retrieved via https://www.ebi.ac.uk/europepmc/webservices/rest/PMC7895824/supplementaryFiles"
Border-associated macrophages,H2-Ab1,"Ochocka N et al. (2021) Nat Commun, doi:10.1038/s41467-021-21407-w; Supplementary Data 1 (41467_2021_21407_MOESM3_ESM.xlsx), BAM cluster top-30 DEGs, intersection of sheets ""female control"" and ""male control""; retrieved via https://www.ebi.ac.uk/europepmc/webservices/rest/PMC7895824/supplementaryFiles"
Border-associated macrophages,H2-Aa,"Ochocka N et al. (2021) Nat Commun, doi:10.1038/s41467-021-21407-w; Supplementary Data 1 (41467_2021_21407_MOESM3_ESM.xlsx), BAM cluster top-30 DEGs, intersection of sheets ""female control"" and ""male control""; retrieved via https://www.ebi.ac.uk/europepmc/webservices/rest/PMC7895824/supplementaryFiles"
Border-associated macrophages,Wfdc17,"Ochocka N et al. (2021) Nat Commun, doi:10.1038/s41467-021-21407-w; Supplementary Data 1 (41467_2021_21407_MOESM3_ESM.xlsx), BAM cluster top-30 DEGs, intersection of sheets ""female control"" and ""male control""; retrieved via https://www.ebi.ac.uk/europepmc/webservices/rest/PMC7895824/supplementaryFiles"
Border-associated macrophages,Pf4,"Ochocka N et al. (2021) Nat Commun, doi:10.1038/s41467-021-21407-w; Supplementary Data 1 (41467_2021_21407_MOESM3_ESM.xlsx), BAM cluster top-30 DEGs, intersection of sheets ""female control"" and ""male control""; retrieved via https://www.ebi.ac.uk/europepmc/webservices/rest/PMC7895824/supplementaryFiles"
Border-associated macrophages,H2-Eb1,"Ochocka N et al. (2021) Nat Commun, doi:10.1038/s41467-021-21407-w; Supplementary Data 1 (41467_2021_21407_MOESM3_ESM.xlsx), BAM cluster top-30 DEGs, intersection of sheets ""female control"" and ""male control""; retrieved via https://www.ebi.ac.uk/europepmc/webservices/rest/PMC7895824/supplementaryFiles"
Border-associated macrophages,Lyz2,"Ochocka N et al. (2021) Nat Commun, doi:10.1038/s41467-021-21407-w; Supplementary Data 1 (41467_2021_21407_MOESM3_ESM.xlsx), BAM cluster top-30 DEGs, intersection of sheets ""female control"" and ""male control""; retrieved via https://www.ebi.ac.uk/europepmc/webservices/rest/PMC7895824/supplementaryFiles"
Border-associated macrophages,Ifitm3,"Ochocka N et al. (2021) Nat Commun, doi:10.1038/s41467-021-21407-w; Supplementary Data 1 (41467_2021_21407_MOESM3_ESM.xlsx), BAM cluster top-30 DEGs, intersection of sheets ""female control"" and ""male control""; retrieved via https://www.ebi.ac.uk/europepmc/webservices/rest/PMC7895824/supplementaryFiles"
Border-associated macrophages,Ms4a7,"Ochocka N et al. (2021) Nat Commun, doi:10.1038/s41467-021-21407-w; Supplementary Data 1 (41467_2021_21407_MOESM3_ESM.xlsx), BAM cluster top-30 DEGs, intersection of sheets ""female control"" and ""male control""; retrieved via https://www.ebi.ac.uk/europepmc/webservices/rest/PMC7895824/supplementaryFiles"
Border-associated macrophages,Ccl7,"Ochocka N et al. (2021) Nat Commun, doi:10.1038/s41467-021-21407-w; Supplementary Data 1 (41467_2021_21407_MOESM3_ESM.xlsx), BAM cluster top-30 DEGs, intersection of sheets ""female control"" and ""male control""; retrieved via https://www.ebi.ac.uk/europepmc/webservices/rest/PMC7895824/supplementaryFiles"
Border-associated macrophages,Ifitm2,"Ochocka N et al. (2021) Nat Commun, doi:10.1038/s41467-021-21407-w; Supplementary Data 1 (41467_2021_21407_MOESM3_ESM.xlsx), BAM cluster top-30 DEGs, intersection of sheets ""female control"" and ""male control""; retrieved via https://www.ebi.ac.uk/europepmc/webservices/rest/PMC7895824/supplementaryFiles"
Border-associated macrophages,Lgals1,"Ochocka N et al. (2021) Nat Commun, doi:10.1038/s41467-021-21407-w; Supplementary Data 1 (41467_2021_21407_MOESM3_ESM.xlsx), BAM cluster top-30 DEGs, intersection of sheets ""female control"" and ""male control""; retrieved via https://www.ebi.ac.uk/europepmc/webservices/rest/PMC7895824/supplementaryFiles"
Border-associated macrophages,Dab2,"Ochocka N et al. (2021) Nat Commun, doi:10.1038/s41467-021-21407-w; Supplementary Data 1 (41467_2021_21407_MOESM3_ESM.xlsx), BAM cluster top-30 DEGs, intersection of sheets ""female control"" and ""male control""; retrieved via https://www.ebi.ac.uk/europepmc/webservices/rest/PMC7895824/supplementaryFiles"
Border-associated macrophages,Mrc1,"Ochocka N et al. (2021) Nat Commun, doi:10.1038/s41467-021-21407-w; Supplementary Data 1 (41467_2021_21407_MOESM3_ESM.xlsx), BAM cluster top-30 DEGs, intersection of sheets ""female control"" and ""male control""; retrieved via https://www.ebi.ac.uk/europepmc/webservices/rest/PMC7895824/supplementaryFiles"
Border-associated macrophages,Crip1,"Ochocka N et al. (2021) Nat Commun, doi:10.1038/s41467-021-21407-w; Supplementary Data 1 (41467_2021_21407_MOESM3_ESM.xlsx), BAM cluster top-30 DEGs, intersection of sheets ""female control"" and ""male control""; retrieved via https://www.ebi.ac.uk/europepmc/webservices/rest/PMC7895824/supplementaryFiles"
Border-associated macrophages,Ifi27l2a,"Ochocka N et al. (2021) Nat Commun, doi:10.1038/s41467-021-21407-w; Supplementary Data 1 (41467_2021_21407_MOESM3_ESM.xlsx), BAM cluster top-30 DEGs, intersection of sheets ""female control"" and ""male control""; retrieved via https://www.ebi.ac.uk/europepmc/webservices/rest/PMC7895824/supplementaryFiles"
Border-associated macrophages,F13a1,"Ochocka N et al. (2021) Nat Commun, doi:10.1038/s41467-021-21407-w; Supplementary Data 1 (41467_2021_21407_MOESM3_ESM.xlsx), BAM cluster top-30 DEGs, intersection of sheets ""female control"" and ""male control""; retrieved via https://www.ebi.ac.uk/europepmc/webservices/rest/PMC7895824/supplementaryFiles"
Border-associated macrophages,Ccl2,"Ochocka N et al. (2021) Nat Commun, doi:10.1038/s41467-021-21407-w; Supplementary Data 1 (41467_2021_21407_MOESM3_ESM.xlsx), BAM cluster top-30 DEGs, intersection of sheets ""female control"" and ""male control""; retrieved via https://www.ebi.ac.uk/europepmc/webservices/rest/PMC7895824/supplementaryFiles"
Border-associated macrophages,Mgl2,"Ochocka N et al. (2021) Nat Commun, doi:10.1038/s41467-021-21407-w; Supplementary Data 1 (41467_2021_21407_MOESM3_ESM.xlsx), BAM cluster top-30 DEGs, intersection of sheets ""female control"" and ""male control""; retrieved via https://www.ebi.ac.uk/europepmc/webservices/rest/PMC7895824/supplementaryFiles"
Border-associated macrophages,Ccl12,"Ochocka N et al. (2021) Nat Commun, doi:10.1038/s41467-021-21407-w; Supplementary Data 1 (41467_2021_21407_MOESM3_ESM.xlsx), BAM cluster top-30 DEGs, intersection of sheets ""female control"" and ""male control""; retrieved via https://www.ebi.ac.uk/europepmc/webservices/rest/PMC7895824/supplementaryFiles"
Border-associated macrophages,Ms4a6c,"Ochocka N et al. (2021) Nat Commun, doi:10.1038/s41467-021-21407-w; Supplementary Data 1 (41467_2021_21407_MOESM3_ESM.xlsx), BAM cluster top-30 DEGs, intersection of sheets ""female control"" and ""male control""; retrieved via https://www.ebi.ac.uk/europepmc/webservices/rest/PMC7895824/supplementaryFiles"
Border-associated macrophages,Cd209f,"Ochocka N et al. (2021) Nat Commun, doi:10.1038/s41467-021-21407-w; Supplementary Data 1 (41467_2021_21407_MOESM3_ESM.xlsx), BAM cluster top-30 DEGs, intersection of sheets ""female control"" and ""male control""; retrieved via https://www.ebi.ac.uk/europepmc/webservices/rest/PMC7895824/supplementaryFiles"
Border-associated macrophages,Pf4,"Zeisel A et al. (2018) Cell, doi:10.1016/j.cell.2018.06.021; Table S4 (mmc4.xlsx, markers_spec_selec_rob), ""Marker"" rows for clusters PVM1, PVM2 (perivascular macrophages); https://ars.els-cdn.com/content/image/1-s2.0-S009286741830789X-mmc4.xlsx"
Border-associated macrophages,Cd74,"Zeisel A et al. (2018) Cell, doi:10.1016/j.cell.2018.06.021; Table S4 (mmc4.xlsx, markers_spec_selec_rob), ""Marker"" rows for clusters PVM1, PVM2 (perivascular macrophages); https://ars.els-cdn.com/content/image/1-s2.0-S009286741830789X-mmc4.xlsx"
Border-associated macrophages,Lyz2,"Zeisel A et al. (2018) Cell, doi:10.1016/j.cell.2018.06.021; Table S4 (mmc4.xlsx, markers_spec_selec_rob), ""Marker"" rows for clusters PVM1, PVM2 (perivascular macrophages); https://ars.els-cdn.com/content/image/1-s2.0-S009286741830789X-mmc4.xlsx"
Border-associated macrophages,Ms4a7,"Zeisel A et al. (2018) Cell, doi:10.1016/j.cell.2018.06.021; Table S4 (mmc4.xlsx, markers_spec_selec_rob), ""Marker"" rows for clusters PVM1, PVM2 (perivascular macrophages); https://ars.els-cdn.com/content/image/1-s2.0-S009286741830789X-mmc4.xlsx"
Border-associated macrophages,Ccl24,"Zeisel A et al. (2018) Cell, doi:10.1016/j.cell.2018.06.021; Table S4 (mmc4.xlsx, markers_spec_selec_rob), ""Marker"" rows for clusters PVM1, PVM2 (perivascular macrophages); https://ars.els-cdn.com/content/image/1-s2.0-S009286741830789X-mmc4.xlsx"
Border-associated macrophages,Cxcl2,"Zeisel A et al. (2018) Cell, doi:10.1016/j.cell.2018.06.021; Table S4 (mmc4.xlsx, markers_spec_selec_rob), ""Marker"" rows for clusters PVM1, PVM2 (perivascular macrophages); https://ars.els-cdn.com/content/image/1-s2.0-S009286741830789X-mmc4.xlsx"
Border-associated macrophages,Ccl7,"Zeisel A et al. (2018) Cell, doi:10.1016/j.cell.2018.06.021; Table S4 (mmc4.xlsx, markers_spec_selec_rob), ""Marker"" rows for clusters PVM1, PVM2 (perivascular macrophages); https://ars.els-cdn.com/content/image/1-s2.0-S009286741830789X-mmc4.xlsx"
Border-associated macrophages,Mrc1,"Zeisel A et al. (2018) Cell, doi:10.1016/j.cell.2018.06.021; Table S4 (mmc4.xlsx, markers_spec_selec_rob), ""Marker"" rows for clusters PVM1, PVM2 (perivascular macrophages); https://ars.els-cdn.com/content/image/1-s2.0-S009286741830789X-mmc4.xlsx"
Meningeal/perivascular fibroblasts,Dcn,"Zeisel A et al. (2018) Cell, doi:10.1016/j.cell.2018.06.021; Table S4 (mmc4.xlsx, markers_spec_selec_rob), ""Marker"" rows for clusters VLMC1, VLMC2, ABC (all described as ""Vascular leptomeningeal cells""); https://ars.els-cdn.com/content/image/1-s2.0-S009286741830789X-mmc4.xlsx"
Meningeal/perivascular fibroblasts,Fam180a,"Zeisel A et al. (2018) Cell, doi:10.1016/j.cell.2018.06.021; Table S4 (mmc4.xlsx, markers_spec_selec_rob), ""Marker"" rows for clusters VLMC1, VLMC2, ABC (all described as ""Vascular leptomeningeal cells""); https://ars.els-cdn.com/content/image/1-s2.0-S009286741830789X-mmc4.xlsx"
Meningeal/perivascular fibroblasts,Nupr1,"Zeisel A et al. (2018) Cell, doi:10.1016/j.cell.2018.06.021; Table S4 (mmc4.xlsx, markers_spec_selec_rob), ""Marker"" rows for clusters VLMC1, VLMC2, ABC (all described as ""Vascular leptomeningeal cells""); https://ars.els-cdn.com/content/image/1-s2.0-S009286741830789X-mmc4.xlsx"
Meningeal/perivascular fibroblasts,Tbx18,"Zeisel A et al. (2018) Cell, doi:10.1016/j.cell.2018.06.021; Table S4 (mmc4.xlsx, markers_spec_selec_rob), ""Marker"" rows for clusters VLMC1, VLMC2, ABC (all described as ""Vascular leptomeningeal cells""); https://ars.els-cdn.com/content/image/1-s2.0-S009286741830789X-mmc4.xlsx"
Meningeal/perivascular fibroblasts,Col1a1,"Zeisel A et al. (2018) Cell, doi:10.1016/j.cell.2018.06.021; Table S4 (mmc4.xlsx, markers_spec_selec_rob), ""Marker"" rows for clusters VLMC1, VLMC2, ABC (all described as ""Vascular leptomeningeal cells""); https://ars.els-cdn.com/content/image/1-s2.0-S009286741830789X-mmc4.xlsx"
Meningeal/perivascular fibroblasts,Slc6a13,"Zeisel A et al. (2018) Cell, doi:10.1016/j.cell.2018.06.021; Table S4 (mmc4.xlsx, markers_spec_selec_rob), ""Marker"" rows for clusters VLMC1, VLMC2, ABC (all described as ""Vascular leptomeningeal cells""); https://ars.els-cdn.com/content/image/1-s2.0-S009286741830789X-mmc4.xlsx"
Meningeal/perivascular fibroblasts,Ptgds,"Zeisel A et al. (2018) Cell, doi:10.1016/j.cell.2018.06.021; Table S4 (mmc4.xlsx, markers_spec_selec_rob), ""Marker"" rows for clusters VLMC1, VLMC2, ABC (all described as ""Vascular leptomeningeal cells""); https://ars.els-cdn.com/content/image/1-s2.0-S009286741830789X-mmc4.xlsx"
Meningeal/perivascular fibroblasts,Gjb2,"Zeisel A et al. (2018) Cell, doi:10.1016/j.cell.2018.06.021; Table S4 (mmc4.xlsx, markers_spec_selec_rob), ""Marker"" rows for clusters VLMC1, VLMC2, ABC (all described as ""Vascular leptomeningeal cells""); https://ars.els-cdn.com/content/image/1-s2.0-S009286741830789X-mmc4.xlsx"
Meningeal/perivascular fibroblasts,Slc22a6,"Zeisel A et al. (2018) Cell, doi:10.1016/j.cell.2018.06.021; Table S4 (mmc4.xlsx, markers_spec_selec_rob), ""Marker"" rows for clusters VLMC1, VLMC2, ABC (all described as ""Vascular leptomeningeal cells""); https://ars.els-cdn.com/content/image/1-s2.0-S009286741830789X-mmc4.xlsx"
Meningeal/perivascular fibroblasts,Aldh1a2,"Zeisel A et al. (2018) Cell, doi:10.1016/j.cell.2018.06.021; Table S4 (mmc4.xlsx, markers_spec_selec_rob), ""Marker"" rows for clusters VLMC1, VLMC2, ABC (all described as ""Vascular leptomeningeal cells""); https://ars.els-cdn.com/content/image/1-s2.0-S009286741830789X-mmc4.xlsx"
Meningeal/perivascular fibroblasts,Mgp,"Zeisel A et al. (2018) Cell, doi:10.1016/j.cell.2018.06.021; Table S4 (mmc4.xlsx, markers_spec_selec_rob), ""Marker"" rows for clusters VLMC1, VLMC2, ABC (all described as ""Vascular leptomeningeal cells""); https://ars.els-cdn.com/content/image/1-s2.0-S009286741830789X-mmc4.xlsx"
Meningeal/perivascular fibroblasts,Slc47a1,"Zeisel A et al. (2018) Cell, doi:10.1016/j.cell.2018.06.021; Table S4 (mmc4.xlsx, markers_spec_selec_rob), ""Marker"" rows for clusters VLMC1, VLMC2, ABC (all described as ""Vascular leptomeningeal cells""); https://ars.els-cdn.com/content/image/1-s2.0-S009286741830789X-mmc4.xlsx"
Meningeal/perivascular fibroblasts,Dapl1,"Zeisel A et al. (2018) Cell, doi:10.1016/j.cell.2018.06.021; Table S4 (mmc4.xlsx, markers_spec_selec_rob), ""Marker"" rows for clusters VLMC1, VLMC2, ABC (all described as ""Vascular leptomeningeal cells""); https://ars.els-cdn.com/content/image/1-s2.0-S009286741830789X-mmc4.xlsx"
Meningeal/perivascular fibroblasts,Lypd2,"Zeisel A et al. (2018) Cell, doi:10.1016/j.cell.2018.06.021; Table S4 (mmc4.xlsx, markers_spec_selec_rob), ""Marker"" rows for clusters VLMC1, VLMC2, ABC (all described as ""Vascular leptomeningeal cells""); https://ars.els-cdn.com/content/image/1-s2.0-S009286741830789X-mmc4.xlsx"
Meningeal/perivascular fibroblasts,Thbd,"Zeisel A et al. (2018) Cell, doi:10.1016/j.cell.2018.06.021; Table S4 (mmc4.xlsx, markers_spec_selec_rob), ""Marker"" rows for clusters VLMC1, VLMC2, ABC (all described as ""Vascular leptomeningeal cells""); https://ars.els-cdn.com/content/image/1-s2.0-S009286741830789X-mmc4.xlsx"
Choroid plexus epithelium,Acaa2,"Dani N et al. (2021) Cell, doi:10.1016/j.cell.2021.04.003; Table S1 (mmc1.xlsx), sheet ""Cell Type"", column ""Epithelial""; https://ars.els-cdn.com/content/image/1-s2.0-S0092867421004384-mmc1.xlsx"
Choroid plexus epithelium,Aqp1,"Dani N et al. (2021) Cell, doi:10.1016/j.cell.2021.04.003; Table S1 (mmc1.xlsx), sheet ""Cell Type"", column ""Epithelial""; https://ars.els-cdn.com/content/image/1-s2.0-S0092867421004384-mmc1.xlsx"
Choroid plexus epithelium,Arsg,"Dani N et al. (2021) Cell, doi:10.1016/j.cell.2021.04.003; Table S1 (mmc1.xlsx), sheet ""Cell Type"", column ""Epithelial""; https://ars.els-cdn.com/content/image/1-s2.0-S0092867421004384-mmc1.xlsx"
Choroid plexus epithelium,Atp1b1,"Dani N et al. (2021) Cell, doi:10.1016/j.cell.2021.04.003; Table S1 (mmc1.xlsx), sheet ""Cell Type"", column ""Epithelial""; https://ars.els-cdn.com/content/image/1-s2.0-S0092867421004384-mmc1.xlsx"
Choroid plexus epithelium,Atp5g1,"Dani N et al. (2021) Cell, doi:10.1016/j.cell.2021.04.003; Table S1 (mmc1.xlsx), sheet ""Cell Type"", column ""Epithelial""; https://ars.els-cdn.com/content/image/1-s2.0-S0092867421004384-mmc1.xlsx"
Choroid plexus epithelium,Bphl,"Dani N et al. (2021) Cell, doi:10.1016/j.cell.2021.04.003; Table S1 (mmc1.xlsx), sheet ""Cell Type"", column ""Epithelial""; https://ars.els-cdn.com/content/image/1-s2.0-S0092867421004384-mmc1.xlsx"
Choroid plexus epithelium,Bsg,"Dani N et al. (2021) Cell, doi:10.1016/j.cell.2021.04.003; Table S1 (mmc1.xlsx), sheet ""Cell Type"", column ""Epithelial""; https://ars.els-cdn.com/content/image/1-s2.0-S0092867421004384-mmc1.xlsx"
Choroid plexus epithelium,Calml4,"Dani N et al. (2021) Cell, doi:10.1016/j.cell.2021.04.003; Table S1 (mmc1.xlsx), sheet ""Cell Type"", column ""Epithelial""; https://ars.els-cdn.com/content/image/1-s2.0-S0092867421004384-mmc1.xlsx"
Choroid plexus epithelium,Capsl,"Dani N et al. (2021) Cell, doi:10.1016/j.cell.2021.04.003; Table S1 (mmc1.xlsx), sheet ""Cell Type"", column ""Epithelial""; https://ars.els-cdn.com/content/image/1-s2.0-S0092867421004384-mmc1.xlsx"
Choroid plexus epithelium,Car12,"Dani N et al. (2021) Cell, doi:10.1016/j.cell.2021.04.003; Table S1 (mmc1.xlsx), sheet ""Cell Type"", column ""Epithelial""; https://ars.els-cdn.com/content/image/1-s2.0-S0092867421004384-mmc1.xlsx"
Choroid plexus epithelium,Car14,"Dani N et al. (2021) Cell, doi:10.1016/j.cell.2021.04.003; Table S1 (mmc1.xlsx), sheet ""Cell Type"", column ""Epithelial""; https://ars.els-cdn.com/content/image/1-s2.0-S0092867421004384-mmc1.xlsx"
Choroid plexus epithelium,Car2,"Dani N et al. (2021) Cell, doi:10.1016/j.cell.2021.04.003; Table S1 (mmc1.xlsx), sheet ""Cell Type"", column ""Epithelial""; https://ars.els-cdn.com/content/image/1-s2.0-S0092867421004384-mmc1.xlsx"
Choroid plexus epithelium,Ccdc113,"Dani N et al. (2021) Cell, doi:10.1016/j.cell.2021.04.003; Table S1 (mmc1.xlsx), sheet ""Cell Type"", column ""Epithelial""; https://ars.els-cdn.com/content/image/1-s2.0-S0092867421004384-mmc1.xlsx"
Choroid plexus epithelium,Cfap126,"Dani N et al. (2021) Cell, doi:10.1016/j.cell.2021.04.003; Table S1 (mmc1.xlsx), sheet ""Cell Type"", column ""Epithelial""; https://ars.els-cdn.com/content/image/1-s2.0-S0092867421004384-mmc1.xlsx"
Choroid plexus epithelium,Chchd10,"Dani N et al. (2021) Cell, doi:10.1016/j.cell.2021.04.003; Table S1 (mmc1.xlsx), sheet ""Cell Type"", column ""Epithelial""; https://ars.els-cdn.com/content/image/1-s2.0-S0092867421004384-mmc1.xlsx"
Choroid plexus epithelium,Clic6,"Dani N et al. (2021) Cell, doi:10.1016/j.cell.2021.04.003; Table S1 (mmc1.xlsx), sheet ""Cell Type"", column ""Epithelial""; https://ars.els-cdn.com/content/image/1-s2.0-S0092867421004384-mmc1.xlsx"
Choroid plexus epithelium,Clu,"Dani N et al. (2021) Cell, doi:10.1016/j.cell.2021.04.003; Table S1 (mmc1.xlsx), sheet ""Cell Type"", column ""Epithelial""; https://ars.els-cdn.com/content/image/1-s2.0-S0092867421004384-mmc1.xlsx"
Choroid plexus epithelium,Col8a2,"Dani N et al. (2021) Cell, doi:10.1016/j.cell.2021.04.003; Table S1 (mmc1.xlsx), sheet ""Cell Type"", column ""Epithelial""; https://ars.els-cdn.com/content/image/1-s2.0-S0092867421004384-mmc1.xlsx"
Choroid plexus epithelium,Col9a3,"Dani N et al. (2021) Cell, doi:10.1016/j.cell.2021.04.003; Table S1 (mmc1.xlsx), sheet ""Cell Type"", column ""Epithelial""; https://ars.els-cdn.com/content/image/1-s2.0-S0092867421004384-mmc1.xlsx"
Choroid plexus epithelium,Cox8a,"Dani N et al. (2021) Cell, doi:10.1016/j.cell.2021.04.003; Table S1 (mmc1.xlsx), sheet ""Cell Type"", column ""Epithelial""; https://ars.els-cdn.com/content/image/1-s2.0-S0092867421004384-mmc1.xlsx"
Choroid plexus epithelium,Crb3,"Dani N et al. (2021) Cell, doi:10.1016/j.cell.2021.04.003; Table S1 (mmc1.xlsx), sheet ""Cell Type"", column ""Epithelial""; https://ars.els-cdn.com/content/image/1-s2.0-S0092867421004384-mmc1.xlsx"
Choroid plexus epithelium,Dcaf12l1,"Dani N et al. (2021) Cell, doi:10.1016/j.cell.2021.04.003; Table S1 (mmc1.xlsx), sheet ""Cell Type"", column ""Epithelial""; https://ars.els-cdn.com/content/image/1-s2.0-S0092867421004384-mmc1.xlsx"
Choroid plexus epithelium,Dnajb13,"Dani N et al. (2021) Cell, doi:10.1016/j.cell.2021.04.003; Table S1 (mmc1.xlsx), sheet ""Cell Type"", column ""Epithelial""; https://ars.els-cdn.com/content/image/1-s2.0-S0092867421004384-mmc1.xlsx"
Choroid plexus epithelium,Dpcd,"Dani N et al. (2021) Cell, doi:10.1016/j.cell.2021.04.003; Table S1 (mmc1.xlsx), sheet ""Cell Type"", column ""Epithelial""; https://ars.els-cdn.com/content/image/1-s2.0-S0092867421004384-mmc1.xlsx"
Choroid plexus epithelium,Dynlrb2,"Dani N et al. (2021) Cell, doi:10.1016/j.cell.2021.04.003; Table S1 (mmc1.xlsx), sheet ""Cell Type"", column ""Epithelial""; https://ars.els-cdn.com/content/image/1-s2.0-S0092867421004384-mmc1.xlsx"
Choroid plexus epithelium,Enpp2,"Dani N et al. (2021) Cell, doi:10.1016/j.cell.2021.04.003; Table S1 (mmc1.xlsx), sheet ""Cell Type"", column ""Epithelial""; https://ars.els-cdn.com/content/image/1-s2.0-S0092867421004384-mmc1.xlsx"
Choroid plexus epithelium,Fam183b,"Dani N et al. (2021) Cell, doi:10.1016/j.cell.2021.04.003; Table S1 (mmc1.xlsx), sheet ""Cell Type"", column ""Epithelial""; https://ars.els-cdn.com/content/image/1-s2.0-S0092867421004384-mmc1.xlsx"
Choroid plexus epithelium,Fbxo36,"Dani N et al. (2021) Cell, doi:10.1016/j.cell.2021.04.003; Table S1 (mmc1.xlsx), sheet ""Cell Type"", column ""Epithelial""; https://ars.els-cdn.com/content/image/1-s2.0-S0092867421004384-mmc1.xlsx"
Choroid plexus epithelium,Fhit,"Dani N et al. (2021) Cell, doi:10.1016/j.cell.2021.04.003; Table S1 (mmc1.xlsx), sheet ""Cell Type"", column ""Epithelial""; https://ars.els-cdn.com/content/image/1-s2.0-S0092867421004384-mmc1.xlsx"
Choroid plexus epithelium,Folr1,"Dani N et al. (2021) Cell, doi:10.1016/j.cell.2021.04.003; Table S1 (mmc1.xlsx), sheet ""Cell Type"", column ""Epithelial""; https://ars.els-cdn.com/content/image/1-s2.0-S0092867421004384-mmc1.xlsx"
Choroid plexus epithelium,Fxyd1,"Dani N et al. (2021) Cell, doi:10.1016/j.cell.2021.04.003; Table S1 (mmc1.xlsx), sheet ""Cell Type"", column ""Epithelial""; https://ars.els-cdn.com/content/image/1-s2.0-S0092867421004384-mmc1.xlsx"
Choroid plexus epithelium,Gm29538,"Dani N et al. (2021) Cell, doi:10.1016/j.cell.2021.04.003; Table S1 (mmc1.xlsx), sheet ""Cell Type"", column ""Epithelial""; https://ars.els-cdn.com/content/image/1-s2.0-S0092867421004384-mmc1.xlsx"
Choroid plexus epithelium,Gpx8,"Dani N et al. (2021) Cell, doi:10.1016/j.cell.2021.04.003; Table S1 (mmc1.xlsx), sheet ""Cell Type"", column ""Epithelial""; https://ars.els-cdn.com/content/image/1-s2.0-S0092867421004384-mmc1.xlsx"
Choroid plexus epithelium,Htr2c,"Dani N et al. (2021) Cell, doi:10.1016/j.cell.2021.04.003; Table S1 (mmc1.xlsx), sheet ""Cell Type"", column ""Epithelial""; https://ars.els-cdn.com/content/image/1-s2.0-S0092867421004384-mmc1.xlsx"
Choroid plexus epithelium,Igfbp2,"Dani N et al. (2021) Cell, doi:10.1016/j.cell.2021.04.003; Table S1 (mmc1.xlsx), sheet ""Cell Type"", column ""Epithelial""; https://ars.els-cdn.com/content/image/1-s2.0-S0092867421004384-mmc1.xlsx"
Choroid plexus epithelium,Kcne2,"Dani N et al. (2021) Cell, doi:10.1016/j.cell.2021.04.003; Table S1 (mmc1.xlsx), sheet ""Cell Type"", column ""Epithelial""; https://ars.els-cdn.com/content/image/1-s2.0-S0092867421004384-mmc1.xlsx"
Choroid plexus epithelium,Kcnj13,"Dani N et al. (2021) Cell, doi:10.1016/j.cell.2021.04.003; Table S1 (mmc1.xlsx), sheet ""Cell Type"", column ""Epithelial""; https://ars.els-cdn.com/content/image/1-s2.0-S0092867421004384-mmc1.xlsx"
Choroid plexus epithelium,Klk4,"Dani N et al. (2021) Cell, doi:10.1016/j.cell.2021.04.003; Table S1 (mmc1.xlsx), sheet ""Cell Type"", column ""Epithelial""; https://ars.els-cdn.com/content/image/1-s2.0-S0092867421004384-mmc1.xlsx"
Choroid plexus epithelium,Krt18,"Dani N et al. (2021) Cell, doi:10.1016/j.cell.2021.04.003; Table S1 (mmc1.xlsx), sheet ""Cell Type"", column ""Epithelial""; https://ars.els-cdn.com/content/image/1-s2.0-S0092867421004384-mmc1.xlsx"
Choroid plexus epithelium,Krt8,"Dani N et al. (2021) Cell, doi:10.1016/j.cell.2021.04.003; Table S1 (mmc1.xlsx), sheet ""Cell Type"", column ""Epithelial""; https://ars.els-cdn.com/content/image/1-s2.0-S0092867421004384-mmc1.xlsx"
Choroid plexus epithelium,Lbp,"Dani N et al. (2021) Cell, doi:10.1016/j.cell.2021.04.003; Table S1 (mmc1.xlsx), sheet ""Cell Type"", column ""Epithelial""; https://ars.els-cdn.com/content/image/1-s2.0-S0092867421004384-mmc1.xlsx"
Choroid plexus epithelium,Lrpap1,"Dani N et al. (2021) Cell, doi:10.1016/j.cell.2021.04.003; Table S1 (mmc1.xlsx), sheet ""Cell Type"", column ""Epithelial""; https://ars.els-cdn.com/content/image/1-s2.0-S0092867421004384-mmc1.xlsx"
Choroid plexus epithelium,Lrrc51,"Dani N et al. (2021) Cell, doi:10.1016/j.cell.2021.04.003; Table S1 (mmc1.xlsx), sheet ""Cell Type"", column ""Epithelial""; https://ars.els-cdn.com/content/image/1-s2.0-S0092867421004384-mmc1.xlsx"
Choroid plexus epithelium,Mcee,"Dani N et al. (2021) Cell, doi:10.1016/j.cell.2021.04.003; Table S1 (mmc1.xlsx), sheet ""Cell Type"", column ""Epithelial""; https://ars.els-cdn.com/content/image/1-s2.0-S0092867421004384-mmc1.xlsx"
Choroid plexus epithelium,Mlf1,"Dani N et al. (2021) Cell, doi:10.1016/j.cell.2021.04.003; Table S1 (mmc1.xlsx), sheet ""Cell Type"", column ""Epithelial""; https://ars.els-cdn.com/content/image/1-s2.0-S0092867421004384-mmc1.xlsx"
Choroid plexus epithelium,Msx1,"Dani N et al. (2021) Cell, doi:10.1016/j.cell.2021.04.003; Table S1 (mmc1.xlsx), sheet ""Cell Type"", column ""Epithelial""; https://ars.els-cdn.com/content/image/1-s2.0-S0092867421004384-mmc1.xlsx"
Choroid plexus epithelium,Mt3,"Dani N et al. (2021) Cell, doi:10.1016/j.cell.2021.04.003; Table S1 (mmc1.xlsx), sheet ""Cell Type"", column ""Epithelial""; https://ars.els-cdn.com/content/image/1-s2.0-S0092867421004384-mmc1.xlsx"
Choroid plexus epithelium,Ndufa13,"Dani N et al. (2021) Cell, doi:10.1016/j.cell.2021.04.003; Table S1 (mmc1.xlsx), sheet ""Cell Type"", column ""Epithelial""; https://ars.els-cdn.com/content/image/1-s2.0-S0092867421004384-mmc1.xlsx"
Choroid plexus epithelium,Ndufa4,"Dani N et al. (2021) Cell, doi:10.1016/j.cell.2021.04.003; Table S1 (mmc1.xlsx), sheet ""Cell Type"", column ""Epithelial""; https://ars.els-cdn.com/content/image/1-s2.0-S0092867421004384-mmc1.xlsx"
Choroid plexus epithelium,Nme5,"Dani N et al. (2021) Cell, doi:10.1016/j.cell.2021.04.003; Table S1 (mmc1.xlsx), sheet ""Cell Type"", column ""Epithelial""; https://ars.els-cdn.com/content/image/1-s2.0-S0092867421004384-mmc1.xlsx"
Choroid plexus epithelium,Perp,"Dani N et al. (2021) Cell, doi:10.1016/j.cell.2021.04.003; Table S1 (mmc1.xlsx), sheet ""Cell Type"", column ""Epithelial""; https://ars.els-cdn.com/content/image/1-s2.0-S0092867421004384-mmc1.xlsx"
Choroid plexus epithelium,Pifo,"Dani N et al. (2021) Cell, doi:10.1016/j.cell.2021.04.003; Table S1 (mmc1.xlsx), sheet ""Cell Type"", column ""Epithelial""; https://ars.els-cdn.com/content/image/1-s2.0-S0092867421004384-mmc1.xlsx"
Choroid plexus epithelium,Pla2g16,"Dani N et al. (2021) Cell, doi:10.1016/j.cell.2021.04.003; Table S1 (mmc1.xlsx), sheet ""Cell Type"", column ""Epithelial""; https://ars.els-cdn.com/content/image/1-s2.0-S0092867421004384-mmc1.xlsx"
Choroid plexus epithelium,Prr32,"Dani N et al. (2021) Cell, doi:10.1016/j.cell.2021.04.003; Table S1 (mmc1.xlsx), sheet ""Cell Type"", column ""Epithelial""; https://ars.els-cdn.com/content/image/1-s2.0-S0092867421004384-mmc1.xlsx"
Choroid plexus epithelium,Ptgds,"Dani N et al. (2021) Cell, doi:10.1016/j.cell.2021.04.003; Table S1 (mmc1.xlsx), sheet ""Cell Type"", column ""Epithelial""; https://ars.els-cdn.com/content/image/1-s2.0-S0092867421004384-mmc1.xlsx"
Choroid plexus epithelium,Riiad1,"Dani N et al. (2021) Cell, doi:10.1016/j.cell.2021.04.003; Table S1 (mmc1.xlsx), sheet ""Cell Type"", column ""Epithelial""; https://ars.els-cdn.com/content/image/1-s2.0-S0092867421004384-mmc1.xlsx"
Choroid plexus epithelium,Rsph1,"Dani N et al. (2021) Cell, doi:10.1016/j.cell.2021.04.003; Table S1 (mmc1.xlsx), sheet ""Cell Type"", column ""Epithelial""; https://ars.els-cdn.com/content/image/1-s2.0-S0092867421004384-mmc1.xlsx"
Choroid plexus epithelium,Rsph9,"Dani N et al. (2021) Cell, doi:10.1016/j.cell.2021.04.003; Table S1 (mmc1.xlsx), sheet ""Cell Type"", column ""Epithelial""; https://ars.els-cdn.com/content/image/1-s2.0-S0092867421004384-mmc1.xlsx"
Choroid plexus epithelium,Serpinb1b,"Dani N et al. (2021) Cell, doi:10.1016/j.cell.2021.04.003; Table S1 (mmc1.xlsx), sheet ""Cell Type"", column ""Epithelial""; https://ars.els-cdn.com/content/image/1-s2.0-S0092867421004384-mmc1.xlsx"
Choroid plexus epithelium,Sfrp1,"Dani N et al. (2021) Cell, doi:10.1016/j.cell.2021.04.003; Table S1 (mmc1.xlsx), sheet ""Cell Type"", column ""Epithelial""; https://ars.els-cdn.com/content/image/1-s2.0-S0092867421004384-mmc1.xlsx"
Choroid plexus epithelium,Slc16a2,"Dani N et al. (2021) Cell, doi:10.1016/j.cell.2021.04.003; Table S1 (mmc1.xlsx), sheet ""Cell Type"", column ""Epithelial""; https://ars.els-cdn.com/content/image/1-s2.0-S0092867421004384-mmc1.xlsx"
Choroid plexus epithelium,Slc16a8,"Dani N et al. (2021) Cell, doi:10.1016/j.cell.2021.04.003; Table S1 (mmc1.xlsx), sheet ""Cell Type"", column ""Epithelial""; https://ars.els-cdn.com/content/image/1-s2.0-S0092867421004384-mmc1.xlsx"
Choroid plexus epithelium,Slc22a17,"Dani N et al. (2021) Cell, doi:10.1016/j.cell.2021.04.003; Table S1 (mmc1.xlsx), sheet ""Cell Type"", column ""Epithelial""; https://ars.els-cdn.com/content/image/1-s2.0-S0092867421004384-mmc1.xlsx"
Choroid plexus epithelium,Slc31a1,"Dani N et al. (2021) Cell, doi:10.1016/j.cell.2021.04.003; Table S1 (mmc1.xlsx), sheet ""Cell Type"", column ""Epithelial""; https://ars.els-cdn.com/content/image/1-s2.0-S0092867421004384-mmc1.xlsx"
Choroid plexus epithelium,Slc4a2,"Dani N et al. (2021) Cell, doi:10.1016/j.cell.2021.04.003; Table S1 (mmc1.xlsx), sheet ""Cell Type"", column ""Epithelial""; https://ars.els-cdn.com/content/image/1-s2.0-S0092867421004384-mmc1.xlsx"
Choroid plexus epithelium,Slc6a15,"Dani N et al. (2021) Cell, doi:10.1016/j.cell.2021.04.003; Table S1 (mmc1.xlsx), sheet ""Cell Type"", column ""Epithelial""; https://ars.els-cdn.com/content/image/1-s2.0-S0092867421004384-mmc1.xlsx"
Choroid plexus epithelium,Slc7a10,"Dani N et al. (2021) Cell, doi:10.1016/j.cell.2021.04.003; Table S1 (mmc1.xlsx), sheet ""Cell Type"", column ""Epithelial""; https://ars.els-cdn.com/content/image/1-s2.0-S0092867421004384-mmc1.xlsx"
Choroid plexus epithelium,Slco1a4,"Dani N et al. (2021) Cell, doi:10.1016/j.cell.2021.04.003; Table S1 (mmc1.xlsx), sheet ""Cell Type"", column ""Epithelial""; https://ars.els-cdn.com/content/image/1-s2.0-S0092867421004384-mmc1.xlsx"
Choroid plexus epithelium,Sostdc1,"Dani N et al. (2021) Cell, doi:10.1016/j.cell.2021.04.003; Table S1 (mmc1.xlsx), sheet ""Cell Type"", column ""Epithelial""; https://ars.els-cdn.com/content/image/1-s2.0-S0092867421004384-mmc1.xlsx"
Choroid plexus epithelium,Spa17,"Dani N et al. (2021) Cell, doi:10.1016/j.cell.2021.04.003; Table S1 (mmc1.xlsx), sheet ""Cell Type"", column ""Epithelial""; https://ars.els-cdn.com/content/image/1-s2.0-S0092867421004384-mmc1.xlsx"
Choroid plexus epithelium,Spint2,"Dani N et al. (2021) Cell, doi:10.1016/j.cell.2021.04.003; Table S1 (mmc1.xlsx), sheet ""Cell Type"", column ""Epithelial""; https://ars.els-cdn.com/content/image/1-s2.0-S0092867421004384-mmc1.xlsx"
Choroid plexus epithelium,Sulf1,"Dani N et al. (2021) Cell, doi:10.1016/j.cell.2021.04.003; Table S1 (mmc1.xlsx), sheet ""Cell Type"", column ""Epithelial""; https://ars.els-cdn.com/content/image/1-s2.0-S0092867421004384-mmc1.xlsx"
Choroid plexus epithelium,Tmem9,"Dani N et al. (2021) Cell, doi:10.1016/j.cell.2021.04.003; Table S1 (mmc1.xlsx), sheet ""Cell Type"", column ""Epithelial""; https://ars.els-cdn.com/content/image/1-s2.0-S0092867421004384-mmc1.xlsx"
Choroid plexus epithelium,Trpm3,"Dani N et al. (2021) Cell, doi:10.1016/j.cell.2021.04.003; Table S1 (mmc1.xlsx), sheet ""Cell Type"", column ""Epithelial""; https://ars.els-cdn.com/content/image/1-s2.0-S0092867421004384-mmc1.xlsx"
Choroid plexus epithelium,Ttr,"Dani N et al. (2021) Cell, doi:10.1016/j.cell.2021.04.003; Table S1 (mmc1.xlsx), sheet ""Cell Type"", column ""Epithelial""; https://ars.els-cdn.com/content/image/1-s2.0-S0092867421004384-mmc1.xlsx"
Choroid plexus epithelium,Ubxn11,"Dani N et al. (2021) Cell, doi:10.1016/j.cell.2021.04.003; Table S1 (mmc1.xlsx), sheet ""Cell Type"", column ""Epithelial""; https://ars.els-cdn.com/content/image/1-s2.0-S0092867421004384-mmc1.xlsx"
Choroid plexus epithelium,Vat1l,"Dani N et al. (2021) Cell, doi:10.1016/j.cell.2021.04.003; Table S1 (mmc1.xlsx), sheet ""Cell Type"", column ""Epithelial""; https://ars.els-cdn.com/content/image/1-s2.0-S0092867421004384-mmc1.xlsx"
Choroid plexus epithelium,Wfikkn2,"Dani N et al. (2021) Cell, doi:10.1016/j.cell.2021.04.003; Table S1 (mmc1.xlsx), sheet ""Cell Type"", column ""Epithelial""; https://ars.els-cdn.com/content/image/1-s2.0-S0092867421004384-mmc1.xlsx"
Choroid plexus epithelium,X1110017D15Rik,"Dani N et al. (2021) Cell, doi:10.1016/j.cell.2021.04.003; Table S1 (mmc1.xlsx), sheet ""Cell Type"", column ""Epithelial""; https://ars.els-cdn.com/content/image/1-s2.0-S0092867421004384-mmc1.xlsx"
Choroid plexus epithelium,X1500015O10Rik,"Dani N et al. (2021) Cell, doi:10.1016/j.cell.2021.04.003; Table S1 (mmc1.xlsx), sheet ""Cell Type"", column ""Epithelial""; https://ars.els-cdn.com/content/image/1-s2.0-S0092867421004384-mmc1.xlsx"
Choroid plexus epithelium,X1700012B09Rik,"Dani N et al. (2021) Cell, doi:10.1016/j.cell.2021.04.003; Table S1 (mmc1.xlsx), sheet ""Cell Type"", column ""Epithelial""; https://ars.els-cdn.com/content/image/1-s2.0-S0092867421004384-mmc1.xlsx"
Choroid plexus epithelium,X1700016K19Rik,"Dani N et al. (2021) Cell, doi:10.1016/j.cell.2021.04.003; Table S1 (mmc1.xlsx), sheet ""Cell Type"", column ""Epithelial""; https://ars.els-cdn.com/content/image/1-s2.0-S0092867421004384-mmc1.xlsx"
Choroid plexus epithelium,X1700088E04Rik,"Dani N et al. (2021) Cell, doi:10.1016/j.cell.2021.04.003; Table S1 (mmc1.xlsx), sheet ""Cell Type"", column ""Epithelial""; https://ars.els-cdn.com/content/image/1-s2.0-S0092867421004384-mmc1.xlsx"
Choroid plexus epithelium,X1810058I24Rik,"Dani N et al. (2021) Cell, doi:10.1016/j.cell.2021.04.003; Table S1 (mmc1.xlsx), sheet ""Cell Type"", column ""Epithelial""; https://ars.els-cdn.com/content/image/1-s2.0-S0092867421004384-mmc1.xlsx"
Choroid plexus epithelium,X2410004P03Rik,"Dani N et al. (2021) Cell, doi:10.1016/j.cell.2021.04.003; Table S1 (mmc1.xlsx), sheet ""Cell Type"", column ""Epithelial""; https://ars.els-cdn.com/content/image/1-s2.0-S0092867421004384-mmc1.xlsx"
Choroid plexus epithelium,X4833427G06Rik,"Dani N et al. (2021) Cell, doi:10.1016/j.cell.2021.04.003; Table S1 (mmc1.xlsx), sheet ""Cell Type"", column ""Epithelial""; https://ars.els-cdn.com/content/image/1-s2.0-S0092867421004384-mmc1.xlsx"
Choroid plexus epithelium,Ttr,"Zeisel A et al. (2018) Cell, doi:10.1016/j.cell.2018.06.021; Table S4 (mmc4.xlsx, markers_spec_selec_rob), ""Marker"" rows for clusters CHOR (choroid plexus epithelial cells); https://ars.els-cdn.com/content/image/1-s2.0-S009286741830789X-mmc4.xlsx"
Choroid plexus epithelium,Folr1,"Zeisel A et al. (2018) Cell, doi:10.1016/j.cell.2018.06.021; Table S4 (mmc4.xlsx, markers_spec_selec_rob), ""Marker"" rows for clusters CHOR (choroid plexus epithelial cells); https://ars.els-cdn.com/content/image/1-s2.0-S009286741830789X-mmc4.xlsx"
Choroid plexus epithelium,Clic6,"Zeisel A et al. (2018) Cell, doi:10.1016/j.cell.2018.06.021; Table S4 (mmc4.xlsx, markers_spec_selec_rob), ""Marker"" rows for clusters CHOR (choroid plexus epithelial cells); https://ars.els-cdn.com/content/image/1-s2.0-S009286741830789X-mmc4.xlsx"
Choroid plexus epithelium,Kl,"Zeisel A et al. (2018) Cell, doi:10.1016/j.cell.2018.06.021; Table S4 (mmc4.xlsx, markers_spec_selec_rob), ""Marker"" rows for clusters CHOR (choroid plexus epithelial cells); https://ars.els-cdn.com/content/image/1-s2.0-S009286741830789X-mmc4.xlsx"
Choroid plexus epithelium,Slc4a5,"Zeisel A et al. (2018) Cell, doi:10.1016/j.cell.2018.06.021; Table S4 (mmc4.xlsx, markers_spec_selec_rob), ""Marker"" rows for clusters CHOR (choroid plexus epithelial cells); https://ars.els-cdn.com/content/image/1-s2.0-S009286741830789X-mmc4.xlsx"
Nucleus-enriched transcripts,2010111I01RIK,"Bakken TE et al. (2018) PLoS One, doi:10.1371/journal.pone.0209648; S2 Table (pone.0209648.s007.xlsx), genes higher in nuclei: logFC < -log2(1.5) and adj.P.Val < 0.05 (159 genes, as stated in the paper); retrieved via https://www.ebi.ac.uk/europepmc/webservices/rest/PMC6306246/supplementaryFiles"
Nucleus-enriched transcripts,2810008D09RIK,"Bakken TE et al. (2018) PLoS One, doi:10.1371/journal.pone.0209648; S2 Table (pone.0209648.s007.xlsx), genes higher in nuclei: logFC < -log2(1.5) and adj.P.Val < 0.05 (159 genes, as stated in the paper); retrieved via https://www.ebi.ac.uk/europepmc/webservices/rest/PMC6306246/supplementaryFiles"
Nucleus-enriched transcripts,4930402H24RIK,"Bakken TE et al. (2018) PLoS One, doi:10.1371/journal.pone.0209648; S2 Table (pone.0209648.s007.xlsx), genes higher in nuclei: logFC < -log2(1.5) and adj.P.Val < 0.05 (159 genes, as stated in the paper); retrieved via https://www.ebi.ac.uk/europepmc/webservices/rest/PMC6306246/supplementaryFiles"
Nucleus-enriched transcripts,4930419G24RIK,"Bakken TE et al. (2018) PLoS One, doi:10.1371/journal.pone.0209648; S2 Table (pone.0209648.s007.xlsx), genes higher in nuclei: logFC < -log2(1.5) and adj.P.Val < 0.05 (159 genes, as stated in the paper); retrieved via https://www.ebi.ac.uk/europepmc/webservices/rest/PMC6306246/supplementaryFiles"
Nucleus-enriched transcripts,4933413L06RIK,"Bakken TE et al. (2018) PLoS One, doi:10.1371/journal.pone.0209648; S2 Table (pone.0209648.s007.xlsx), genes higher in nuclei: logFC < -log2(1.5) and adj.P.Val < 0.05 (159 genes, as stated in the paper); retrieved via https://www.ebi.ac.uk/europepmc/webservices/rest/PMC6306246/supplementaryFiles"
Nucleus-enriched transcripts,9330155M09RIK,"Bakken TE et al. (2018) PLoS One, doi:10.1371/journal.pone.0209648; S2 Table (pone.0209648.s007.xlsx), genes higher in nuclei: logFC < -log2(1.5) and adj.P.Val < 0.05 (159 genes, as stated in the paper); retrieved via https://www.ebi.ac.uk/europepmc/webservices/rest/PMC6306246/supplementaryFiles"
Nucleus-enriched transcripts,A230057D06RIK,"Bakken TE et al. (2018) PLoS One, doi:10.1371/journal.pone.0209648; S2 Table (pone.0209648.s007.xlsx), genes higher in nuclei: logFC < -log2(1.5) and adj.P.Val < 0.05 (159 genes, as stated in the paper); retrieved via https://www.ebi.ac.uk/europepmc/webservices/rest/PMC6306246/supplementaryFiles"
Nucleus-enriched transcripts,A330023F24RIK,"Bakken TE et al. (2018) PLoS One, doi:10.1371/journal.pone.0209648; S2 Table (pone.0209648.s007.xlsx), genes higher in nuclei: logFC < -log2(1.5) and adj.P.Val < 0.05 (159 genes, as stated in the paper); retrieved via https://www.ebi.ac.uk/europepmc/webservices/rest/PMC6306246/supplementaryFiles"
Nucleus-enriched transcripts,A330076H08RIK,"Bakken TE et al. (2018) PLoS One, doi:10.1371/journal.pone.0209648; S2 Table (pone.0209648.s007.xlsx), genes higher in nuclei: logFC < -log2(1.5) and adj.P.Val < 0.05 (159 genes, as stated in the paper); retrieved via https://www.ebi.ac.uk/europepmc/webservices/rest/PMC6306246/supplementaryFiles"
Nucleus-enriched transcripts,A930011O12RIK,"Bakken TE et al. (2018) PLoS One, doi:10.1371/journal.pone.0209648; S2 Table (pone.0209648.s007.xlsx), genes higher in nuclei: logFC < -log2(1.5) and adj.P.Val < 0.05 (159 genes, as stated in the paper); retrieved via https://www.ebi.ac.uk/europepmc/webservices/rest/PMC6306246/supplementaryFiles"
Nucleus-enriched transcripts,AGBL4,"Bakken TE et al. (2018) PLoS One, doi:10.1371/journal.pone.0209648; S2 Table (pone.0209648.s007.xlsx), genes higher in nuclei: logFC < -log2(1.5) and adj.P.Val < 0.05 (159 genes, as stated in the paper); retrieved via https://www.ebi.ac.uk/europepmc/webservices/rest/PMC6306246/supplementaryFiles"
Nucleus-enriched transcripts,AHI1,"Bakken TE et al. (2018) PLoS One, doi:10.1371/journal.pone.0209648; S2 Table (pone.0209648.s007.xlsx), genes higher in nuclei: logFC < -log2(1.5) and adj.P.Val < 0.05 (159 genes, as stated in the paper); retrieved via https://www.ebi.ac.uk/europepmc/webservices/rest/PMC6306246/supplementaryFiles"
Nucleus-enriched transcripts,ALCAM,"Bakken TE et al. (2018) PLoS One, doi:10.1371/journal.pone.0209648; S2 Table (pone.0209648.s007.xlsx), genes higher in nuclei: logFC < -log2(1.5) and adj.P.Val < 0.05 (159 genes, as stated in the paper); retrieved via https://www.ebi.ac.uk/europepmc/webservices/rest/PMC6306246/supplementaryFiles"
Nucleus-enriched transcripts,ALK,"Bakken TE et al. (2018) PLoS One, doi:10.1371/journal.pone.0209648; S2 Table (pone.0209648.s007.xlsx), genes higher in nuclei: logFC < -log2(1.5) and adj.P.Val < 0.05 (159 genes, as stated in the paper); retrieved via https://www.ebi.ac.uk/europepmc/webservices/rest/PMC6306246/supplementaryFiles"
Nucleus-enriched transcripts,AMY1,"Bakken TE et al. (2018) PLoS One, doi:10.1371/journal.pone.0209648; S2 Table (pone.0209648.s007.xlsx), genes higher in nuclei: logFC < -log2(1.5) and adj.P.Val < 0.05 (159 genes, as stated in the paper); retrieved via https://www.ebi.ac.uk/europepmc/webservices/rest/PMC6306246/supplementaryFiles"
Nucleus-enriched transcripts,ANKS1B,"Bakken TE et al. (2018) PLoS One, doi:10.1371/journal.pone.0209648; S2 Table (pone.0209648.s007.xlsx), genes higher in nuclei: logFC < -log2(1.5) and adj.P.Val < 0.05 (159 genes, as stated in the paper); retrieved via https://www.ebi.ac.uk/europepmc/webservices/rest/PMC6306246/supplementaryFiles"
Nucleus-enriched transcripts,ANO3,"Bakken TE et al. (2018) PLoS One, doi:10.1371/journal.pone.0209648; S2 Table (pone.0209648.s007.xlsx), genes higher in nuclei: logFC < -log2(1.5) and adj.P.Val < 0.05 (159 genes, as stated in the paper); retrieved via https://www.ebi.ac.uk/europepmc/webservices/rest/PMC6306246/supplementaryFiles"
Nucleus-enriched transcripts,ANO4,"Bakken TE et al. (2018) PLoS One, doi:10.1371/journal.pone.0209648; S2 Table (pone.0209648.s007.xlsx), genes higher in nuclei: logFC < -log2(1.5) and adj.P.Val < 0.05 (159 genes, as stated in the paper); retrieved via https://www.ebi.ac.uk/europepmc/webservices/rest/PMC6306246/supplementaryFiles"
Nucleus-enriched transcripts,ASIC2,"Bakken TE et al. (2018) PLoS One, doi:10.1371/journal.pone.0209648; S2 Table (pone.0209648.s007.xlsx), genes higher in nuclei: logFC < -log2(1.5) and adj.P.Val < 0.05 (159 genes, as stated in the paper); retrieved via https://www.ebi.ac.uk/europepmc/webservices/rest/PMC6306246/supplementaryFiles"
Nucleus-enriched transcripts,ASTN2,"Bakken TE et al. (2018) PLoS One, doi:10.1371/journal.pone.0209648; S2 Table (pone.0209648.s007.xlsx), genes higher in nuclei: logFC < -log2(1.5) and adj.P.Val < 0.05 (159 genes, as stated in the paper); retrieved via https://www.ebi.ac.uk/europepmc/webservices/rest/PMC6306246/supplementaryFiles"
Nucleus-enriched transcripts,B3GALT1,"Bakken TE et al. (2018) PLoS One, doi:10.1371/journal.pone.0209648; S2 Table (pone.0209648.s007.xlsx), genes higher in nuclei: logFC < -log2(1.5) and adj.P.Val < 0.05 (159 genes, as stated in the paper); retrieved via https://www.ebi.ac.uk/europepmc/webservices/rest/PMC6306246/supplementaryFiles"
Nucleus-enriched transcripts,BAI3,"Bakken TE et al. (2018) PLoS One, doi:10.1371/journal.pone.0209648; S2 Table (pone.0209648.s007.xlsx), genes higher in nuclei: logFC < -log2(1.5) and adj.P.Val < 0.05 (159 genes, as stated in the paper); retrieved via https://www.ebi.ac.uk/europepmc/webservices/rest/PMC6306246/supplementaryFiles"
Nucleus-enriched transcripts,BANF2,"Bakken TE et al. (2018) PLoS One, doi:10.1371/journal.pone.0209648; S2 Table (pone.0209648.s007.xlsx), genes higher in nuclei: logFC < -log2(1.5) and adj.P.Val < 0.05 (159 genes, as stated in the paper); retrieved via https://www.ebi.ac.uk/europepmc/webservices/rest/PMC6306246/supplementaryFiles"
Nucleus-enriched transcripts,BAZ2B,"Bakken TE et al. (2018) PLoS One, doi:10.1371/journal.pone.0209648; S2 Table (pone.0209648.s007.xlsx), genes higher in nuclei: logFC < -log2(1.5) and adj.P.Val < 0.05 (159 genes, as stated in the paper); retrieved via https://www.ebi.ac.uk/europepmc/webservices/rest/PMC6306246/supplementaryFiles"
Nucleus-enriched transcripts,BC005561,"Bakken TE et al. (2018) PLoS One, doi:10.1371/journal.pone.0209648; S2 Table (pone.0209648.s007.xlsx), genes higher in nuclei: logFC < -log2(1.5) and adj.P.Val < 0.05 (159 genes, as stated in the paper); retrieved via https://www.ebi.ac.uk/europepmc/webservices/rest/PMC6306246/supplementaryFiles"
Nucleus-enriched transcripts,C230091D08RIK,"Bakken TE et al. (2018) PLoS One, doi:10.1371/journal.pone.0209648; S2 Table (pone.0209648.s007.xlsx), genes higher in nuclei: logFC < -log2(1.5) and adj.P.Val < 0.05 (159 genes, as stated in the paper); retrieved via https://www.ebi.ac.uk/europepmc/webservices/rest/PMC6306246/supplementaryFiles"
Nucleus-enriched transcripts,CACNA1C,"Bakken TE et al. (2018) PLoS One, doi:10.1371/journal.pone.0209648; S2 Table (pone.0209648.s007.xlsx), genes higher in nuclei: logFC < -log2(1.5) and adj.P.Val < 0.05 (159 genes, as stated in the paper); retrieved via https://www.ebi.ac.uk/europepmc/webservices/rest/PMC6306246/supplementaryFiles"
Nucleus-enriched transcripts,CACNA1D,"Bakken TE et al. (2018) PLoS One, doi:10.1371/journal.pone.0209648; S2 Table (pone.0209648.s007.xlsx), genes higher in nuclei: logFC < -log2(1.5) and adj.P.Val < 0.05 (159 genes, as stated in the paper); retrieved via https://www.ebi.ac.uk/europepmc/webservices/rest/PMC6306246/supplementaryFiles"
Nucleus-enriched transcripts,CADM2,"Bakken TE et al. (2018) PLoS One, doi:10.1371/journal.pone.0209648; S2 Table (pone.0209648.s007.xlsx), genes higher in nuclei: logFC < -log2(1.5) and adj.P.Val < 0.05 (159 genes, as stated in the paper); retrieved via https://www.ebi.ac.uk/europepmc/webservices/rest/PMC6306246/supplementaryFiles"
Nucleus-enriched transcripts,CCNT2,"Bakken TE et al. (2018) PLoS One, doi:10.1371/journal.pone.0209648; S2 Table (pone.0209648.s007.xlsx), genes higher in nuclei: logFC < -log2(1.5) and adj.P.Val < 0.05 (159 genes, as stated in the paper); retrieved via https://www.ebi.ac.uk/europepmc/webservices/rest/PMC6306246/supplementaryFiles"
Nucleus-enriched transcripts,CCSER1,"Bakken TE et al. (2018) PLoS One, doi:10.1371/journal.pone.0209648; S2 Table (pone.0209648.s007.xlsx), genes higher in nuclei: logFC < -log2(1.5) and adj.P.Val < 0.05 (159 genes, as stated in the paper); retrieved via https://www.ebi.ac.uk/europepmc/webservices/rest/PMC6306246/supplementaryFiles"
Nucleus-enriched transcripts,CDH18,"Bakken TE et al. (2018) PLoS One, doi:10.1371/journal.pone.0209648; S2 Table (pone.0209648.s007.xlsx), genes higher in nuclei: logFC < -log2(1.5) and adj.P.Val < 0.05 (159 genes, as stated in the paper); retrieved via https://www.ebi.ac.uk/europepmc/webservices/rest/PMC6306246/supplementaryFiles"
Nucleus-enriched transcripts,CDH20,"Bakken TE et al. (2018) PLoS One, doi:10.1371/journal.pone.0209648; S2 Table (pone.0209648.s007.xlsx), genes higher in nuclei: logFC < -log2(1.5) and adj.P.Val < 0.05 (159 genes, as stated in the paper); retrieved via https://www.ebi.ac.uk/europepmc/webservices/rest/PMC6306246/supplementaryFiles"
Nucleus-enriched transcripts,CHKA,"Bakken TE et al. (2018) PLoS One, doi:10.1371/journal.pone.0209648; S2 Table (pone.0209648.s007.xlsx), genes higher in nuclei: logFC < -log2(1.5) and adj.P.Val < 0.05 (159 genes, as stated in the paper); retrieved via https://www.ebi.ac.uk/europepmc/webservices/rest/PMC6306246/supplementaryFiles"
Nucleus-enriched transcripts,CHRM3,"Bakken TE et al. (2018) PLoS One, doi:10.1371/journal.pone.0209648; S2 Table (pone.0209648.s007.xlsx), genes higher in nuclei: logFC < -log2(1.5) and adj.P.Val < 0.05 (159 genes, as stated in the paper); retrieved via https://www.ebi.ac.uk/europepmc/webservices/rest/PMC6306246/supplementaryFiles"
Nucleus-enriched transcripts,CHSY3,"Bakken TE et al. (2018) PLoS One, doi:10.1371/journal.pone.0209648; S2 Table (pone.0209648.s007.xlsx), genes higher in nuclei: logFC < -log2(1.5) and adj.P.Val < 0.05 (159 genes, as stated in the paper); retrieved via https://www.ebi.ac.uk/europepmc/webservices/rest/PMC6306246/supplementaryFiles"
Nucleus-enriched transcripts,CLK1,"Bakken TE et al. (2018) PLoS One, doi:10.1371/journal.pone.0209648; S2 Table (pone.0209648.s007.xlsx), genes higher in nuclei: logFC < -log2(1.5) and adj.P.Val < 0.05 (159 genes, as stated in the paper); retrieved via https://www.ebi.ac.uk/europepmc/webservices/rest/PMC6306246/supplementaryFiles"
Nucleus-enriched transcripts,CLSTN2,"Bakken TE et al. (2018) PLoS One, doi:10.1371/journal.pone.0209648; S2 Table (pone.0209648.s007.xlsx), genes higher in nuclei: logFC < -log2(1.5) and adj.P.Val < 0.05 (159 genes, as stated in the paper); retrieved via https://www.ebi.ac.uk/europepmc/webservices/rest/PMC6306246/supplementaryFiles"
Nucleus-enriched transcripts,CNTN3,"Bakken TE et al. (2018) PLoS One, doi:10.1371/journal.pone.0209648; S2 Table (pone.0209648.s007.xlsx), genes higher in nuclei: logFC < -log2(1.5) and adj.P.Val < 0.05 (159 genes, as stated in the paper); retrieved via https://www.ebi.ac.uk/europepmc/webservices/rest/PMC6306246/supplementaryFiles"
Nucleus-enriched transcripts,CNTN4,"Bakken TE et al. (2018) PLoS One, doi:10.1371/journal.pone.0209648; S2 Table (pone.0209648.s007.xlsx), genes higher in nuclei: logFC < -log2(1.5) and adj.P.Val < 0.05 (159 genes, as stated in the paper); retrieved via https://www.ebi.ac.uk/europepmc/webservices/rest/PMC6306246/supplementaryFiles"
Nucleus-enriched transcripts,CNTN6,"Bakken TE et al. (2018) PLoS One, doi:10.1371/journal.pone.0209648; S2 Table (pone.0209648.s007.xlsx), genes higher in nuclei: logFC < -log2(1.5) and adj.P.Val < 0.05 (159 genes, as stated in the paper); retrieved via https://www.ebi.ac.uk/europepmc/webservices/rest/PMC6306246/supplementaryFiles"
Nucleus-enriched transcripts,CNTNAP2,"Bakken TE et al. (2018) PLoS One, doi:10.1371/journal.pone.0209648; S2 Table (pone.0209648.s007.xlsx), genes higher in nuclei: logFC < -log2(1.5) and adj.P.Val < 0.05 (159 genes, as stated in the paper); retrieved via https://www.ebi.ac.uk/europepmc/webservices/rest/PMC6306246/supplementaryFiles"
Nucleus-enriched transcripts,CPEB3,"Bakken TE et al. (2018) PLoS One, doi:10.1371/journal.pone.0209648; S2 Table (pone.0209648.s007.xlsx), genes higher in nuclei: logFC < -log2(1.5) and adj.P.Val < 0.05 (159 genes, as stated in the paper); retrieved via https://www.ebi.ac.uk/europepmc/webservices/rest/PMC6306246/supplementaryFiles"
Nucleus-enriched transcripts,CREBZF,"Bakken TE et al. (2018) PLoS One, doi:10.1371/journal.pone.0209648; S2 Table (pone.0209648.s007.xlsx), genes higher in nuclei: logFC < -log2(1.5) and adj.P.Val < 0.05 (159 genes, as stated in the paper); retrieved via https://www.ebi.ac.uk/europepmc/webservices/rest/PMC6306246/supplementaryFiles"
Nucleus-enriched transcripts,CSGALNACT1,"Bakken TE et al. (2018) PLoS One, doi:10.1371/journal.pone.0209648; S2 Table (pone.0209648.s007.xlsx), genes higher in nuclei: logFC < -log2(1.5) and adj.P.Val < 0.05 (159 genes, as stated in the paper); retrieved via https://www.ebi.ac.uk/europepmc/webservices/rest/PMC6306246/supplementaryFiles"
Nucleus-enriched transcripts,CSMD1,"Bakken TE et al. (2018) PLoS One, doi:10.1371/journal.pone.0209648; S2 Table (pone.0209648.s007.xlsx), genes higher in nuclei: logFC < -log2(1.5) and adj.P.Val < 0.05 (159 genes, as stated in the paper); retrieved via https://www.ebi.ac.uk/europepmc/webservices/rest/PMC6306246/supplementaryFiles"
Nucleus-enriched transcripts,CSMD2,"Bakken TE et al. (2018) PLoS One, doi:10.1371/journal.pone.0209648; S2 Table (pone.0209648.s007.xlsx), genes higher in nuclei: logFC < -log2(1.5) and adj.P.Val < 0.05 (159 genes, as stated in the paper); retrieved via https://www.ebi.ac.uk/europepmc/webservices/rest/PMC6306246/supplementaryFiles"
Nucleus-enriched transcripts,CSMD3,"Bakken TE et al. (2018) PLoS One, doi:10.1371/journal.pone.0209648; S2 Table (pone.0209648.s007.xlsx), genes higher in nuclei: logFC < -log2(1.5) and adj.P.Val < 0.05 (159 genes, as stated in the paper); retrieved via https://www.ebi.ac.uk/europepmc/webservices/rest/PMC6306246/supplementaryFiles"
Nucleus-enriched transcripts,CTNNA2,"Bakken TE et al. (2018) PLoS One, doi:10.1371/journal.pone.0209648; S2 Table (pone.0209648.s007.xlsx), genes higher in nuclei: logFC < -log2(1.5) and adj.P.Val < 0.05 (159 genes, as stated in the paper); retrieved via https://www.ebi.ac.uk/europepmc/webservices/rest/PMC6306246/supplementaryFiles"
Nucleus-enriched transcripts,CTNNA3,"Bakken TE et al. (2018) PLoS One, doi:10.1371/journal.pone.0209648; S2 Table (pone.0209648.s007.xlsx), genes higher in nuclei: logFC < -log2(1.5) and adj.P.Val < 0.05 (159 genes, as stated in the paper); retrieved via https://www.ebi.ac.uk/europepmc/webservices/rest/PMC6306246/supplementaryFiles"
Nucleus-enriched transcripts,CTTNBP2,"Bakken TE et al. (2018) PLoS One, doi:10.1371/journal.pone.0209648; S2 Table (pone.0209648.s007.xlsx), genes higher in nuclei: logFC < -log2(1.5) and adj.P.Val < 0.05 (159 genes, as stated in the paper); retrieved via https://www.ebi.ac.uk/europepmc/webservices/rest/PMC6306246/supplementaryFiles"
Nucleus-enriched transcripts,DLC1,"Bakken TE et al. (2018) PLoS One, doi:10.1371/journal.pone.0209648; S2 Table (pone.0209648.s007.xlsx), genes higher in nuclei: logFC < -log2(1.5) and adj.P.Val < 0.05 (159 genes, as stated in the paper); retrieved via https://www.ebi.ac.uk/europepmc/webservices/rest/PMC6306246/supplementaryFiles"
Nucleus-enriched transcripts,DLG2,"Bakken TE et al. (2018) PLoS One, doi:10.1371/journal.pone.0209648; S2 Table (pone.0209648.s007.xlsx), genes higher in nuclei: logFC < -log2(1.5) and adj.P.Val < 0.05 (159 genes, as stated in the paper); retrieved via https://www.ebi.ac.uk/europepmc/webservices/rest/PMC6306246/supplementaryFiles"
Nucleus-enriched transcripts,DLGAP2,"Bakken TE et al. (2018) PLoS One, doi:10.1371/journal.pone.0209648; S2 Table (pone.0209648.s007.xlsx), genes higher in nuclei: logFC < -log2(1.5) and adj.P.Val < 0.05 (159 genes, as stated in the paper); retrieved via https://www.ebi.ac.uk/europepmc/webservices/rest/PMC6306246/supplementaryFiles"
Nucleus-enriched transcripts,DOCK10,"Bakken TE et al. (2018) PLoS One, doi:10.1371/journal.pone.0209648; S2 Table (pone.0209648.s007.xlsx), genes higher in nuclei: logFC < -log2(1.5) and adj.P.Val < 0.05 (159 genes, as stated in the paper); retrieved via https://www.ebi.ac.uk/europepmc/webservices/rest/PMC6306246/supplementaryFiles"
Nucleus-enriched transcripts,DSCAM,"Bakken TE et al. (2018) PLoS One, doi:10.1371/journal.pone.0209648; S2 Table (pone.0209648.s007.xlsx), genes higher in nuclei: logFC < -log2(1.5) and adj.P.Val < 0.05 (159 genes, as stated in the paper); retrieved via https://www.ebi.ac.uk/europepmc/webservices/rest/PMC6306246/supplementaryFiles"
Nucleus-enriched transcripts,DSCAML1,"Bakken TE et al. (2018) PLoS One, doi:10.1371/journal.pone.0209648; S2 Table (pone.0209648.s007.xlsx), genes higher in nuclei: logFC < -log2(1.5) and adj.P.Val < 0.05 (159 genes, as stated in the paper); retrieved via https://www.ebi.ac.uk/europepmc/webservices/rest/PMC6306246/supplementaryFiles"
Nucleus-enriched transcripts,E230016M11RIK,"Bakken TE et al. (2018) PLoS One, doi:10.1371/journal.pone.0209648; S2 Table (pone.0209648.s007.xlsx), genes higher in nuclei: logFC < -log2(1.5) and adj.P.Val < 0.05 (159 genes, as stated in the paper); retrieved via https://www.ebi.ac.uk/europepmc/webservices/rest/PMC6306246/supplementaryFiles"
Nucleus-enriched transcripts,EML5,"Bakken TE et al. (2018) PLoS One, doi:10.1371/journal.pone.0209648; S2 Table (pone.0209648.s007.xlsx), genes higher in nuclei: logFC < -log2(1.5) and adj.P.Val < 0.05 (159 genes, as stated in the paper); retrieved via https://www.ebi.ac.uk/europepmc/webservices/rest/PMC6306246/supplementaryFiles"
Nucleus-enriched transcripts,ESRRG,"Bakken TE et al. (2018) PLoS One, doi:10.1371/journal.pone.0209648; S2 Table (pone.0209648.s007.xlsx), genes higher in nuclei: logFC < -log2(1.5) and adj.P.Val < 0.05 (159 genes, as stated in the paper); retrieved via https://www.ebi.ac.uk/europepmc/webservices/rest/PMC6306246/supplementaryFiles"
Nucleus-enriched transcripts,EXT1,"Bakken TE et al. (2018) PLoS One, doi:10.1371/journal.pone.0209648; S2 Table (pone.0209648.s007.xlsx), genes higher in nuclei: logFC < -log2(1.5) and adj.P.Val < 0.05 (159 genes, as stated in the paper); retrieved via https://www.ebi.ac.uk/europepmc/webservices/rest/PMC6306246/supplementaryFiles"
Nucleus-enriched transcripts,FAM155A,"Bakken TE et al. (2018) PLoS One, doi:10.1371/journal.pone.0209648; S2 Table (pone.0209648.s007.xlsx), genes higher in nuclei: logFC < -log2(1.5) and adj.P.Val < 0.05 (159 genes, as stated in the paper); retrieved via https://www.ebi.ac.uk/europepmc/webservices/rest/PMC6306246/supplementaryFiles"
Nucleus-enriched transcripts,FAT3,"Bakken TE et al. (2018) PLoS One, doi:10.1371/journal.pone.0209648; S2 Table (pone.0209648.s007.xlsx), genes higher in nuclei: logFC < -log2(1.5) and adj.P.Val < 0.05 (159 genes, as stated in the paper); retrieved via https://www.ebi.ac.uk/europepmc/webservices/rest/PMC6306246/supplementaryFiles"
Nucleus-enriched transcripts,FGF14,"Bakken TE et al. (2018) PLoS One, doi:10.1371/journal.pone.0209648; S2 Table (pone.0209648.s007.xlsx), genes higher in nuclei: logFC < -log2(1.5) and adj.P.Val < 0.05 (159 genes, as stated in the paper); retrieved via https://www.ebi.ac.uk/europepmc/webservices/rest/PMC6306246/supplementaryFiles"
Nucleus-enriched transcripts,FYCO1,"Bakken TE et al. (2018) PLoS One, doi:10.1371/journal.pone.0209648; S2 Table (pone.0209648.s007.xlsx), genes higher in nuclei: logFC < -log2(1.5) and adj.P.Val < 0.05 (159 genes, as stated in the paper); retrieved via https://www.ebi.ac.uk/europepmc/webservices/rest/PMC6306246/supplementaryFiles"
Nucleus-enriched transcripts,GABRG3,"Bakken TE et al. (2018) PLoS One, doi:10.1371/journal.pone.0209648; S2 Table (pone.0209648.s007.xlsx), genes higher in nuclei: logFC < -log2(1.5) and adj.P.Val < 0.05 (159 genes, as stated in the paper); retrieved via https://www.ebi.ac.uk/europepmc/webservices/rest/PMC6306246/supplementaryFiles"
Nucleus-enriched transcripts,GALNT14,"Bakken TE et al. (2018) PLoS One, doi:10.1371/journal.pone.0209648; S2 Table (pone.0209648.s007.xlsx), genes higher in nuclei: logFC < -log2(1.5) and adj.P.Val < 0.05 (159 genes, as stated in the paper); retrieved via https://www.ebi.ac.uk/europepmc/webservices/rest/PMC6306246/supplementaryFiles"
Nucleus-enriched transcripts,GM21885,"Bakken TE et al. (2018) PLoS One, doi:10.1371/journal.pone.0209648; S2 Table (pone.0209648.s007.xlsx), genes higher in nuclei: logFC < -log2(1.5) and adj.P.Val < 0.05 (159 genes, as stated in the paper); retrieved via https://www.ebi.ac.uk/europepmc/webservices/rest/PMC6306246/supplementaryFiles"
Nucleus-enriched transcripts,GM26653,"Bakken TE et al. (2018) PLoS One, doi:10.1371/journal.pone.0209648; S2 Table (pone.0209648.s007.xlsx), genes higher in nuclei: logFC < -log2(1.5) and adj.P.Val < 0.05 (159 genes, as stated in the paper); retrieved via https://www.ebi.ac.uk/europepmc/webservices/rest/PMC6306246/supplementaryFiles"
Nucleus-enriched transcripts,GM26839,"Bakken TE et al. (2018) PLoS One, doi:10.1371/journal.pone.0209648; S2 Table (pone.0209648.s007.xlsx), genes higher in nuclei: logFC < -log2(1.5) and adj.P.Val < 0.05 (159 genes, as stated in the paper); retrieved via https://www.ebi.ac.uk/europepmc/webservices/rest/PMC6306246/supplementaryFiles"
Nucleus-enriched transcripts,GM31166,"Bakken TE et al. (2018) PLoS One, doi:10.1371/journal.pone.0209648; S2 Table (pone.0209648.s007.xlsx), genes higher in nuclei: logFC < -log2(1.5) and adj.P.Val < 0.05 (159 genes, as stated in the paper); retrieved via https://www.ebi.ac.uk/europepmc/webservices/rest/PMC6306246/supplementaryFiles"
Nucleus-enriched transcripts,GM33074,"Bakken TE et al. (2018) PLoS One, doi:10.1371/journal.pone.0209648; S2 Table (pone.0209648.s007.xlsx), genes higher in nuclei: logFC < -log2(1.5) and adj.P.Val < 0.05 (159 genes, as stated in the paper); retrieved via https://www.ebi.ac.uk/europepmc/webservices/rest/PMC6306246/supplementaryFiles"
Nucleus-enriched transcripts,GM36388,"Bakken TE et al. (2018) PLoS One, doi:10.1371/journal.pone.0209648; S2 Table (pone.0209648.s007.xlsx), genes higher in nuclei: logFC < -log2(1.5) and adj.P.Val < 0.05 (159 genes, as stated in the paper); retrieved via https://www.ebi.ac.uk/europepmc/webservices/rest/PMC6306246/supplementaryFiles"
Nucleus-enriched transcripts,GPC6,"Bakken TE et al. (2018) PLoS One, doi:10.1371/journal.pone.0209648; S2 Table (pone.0209648.s007.xlsx), genes higher in nuclei: logFC < -log2(1.5) and adj.P.Val < 0.05 (159 genes, as stated in the paper); retrieved via https://www.ebi.ac.uk/europepmc/webservices/rest/PMC6306246/supplementaryFiles"
Nucleus-enriched transcripts,GRIK2,"Bakken TE et al. (2018) PLoS One, doi:10.1371/journal.pone.0209648; S2 Table (pone.0209648.s007.xlsx), genes higher in nuclei: logFC < -log2(1.5) and adj.P.Val < 0.05 (159 genes, as stated in the paper); retrieved via https://www.ebi.ac.uk/europepmc/webservices/rest/PMC6306246/supplementaryFiles"
Nucleus-enriched transcripts,GRIK3,"Bakken TE et al. (2018) PLoS One, doi:10.1371/journal.pone.0209648; S2 Table (pone.0209648.s007.xlsx), genes higher in nuclei: logFC < -log2(1.5) and adj.P.Val < 0.05 (159 genes, as stated in the paper); retrieved via https://www.ebi.ac.uk/europepmc/webservices/rest/PMC6306246/supplementaryFiles"
Nucleus-enriched transcripts,GRM8,"Bakken TE et al. (2018) PLoS One, doi:10.1371/journal.pone.0209648; S2 Table (pone.0209648.s007.xlsx), genes higher in nuclei: logFC < -log2(1.5) and adj.P.Val < 0.05 (159 genes, as stated in the paper); retrieved via https://www.ebi.ac.uk/europepmc/webservices/rest/PMC6306246/supplementaryFiles"
Nucleus-enriched transcripts,INF2,"Bakken TE et al. (2018) PLoS One, doi:10.1371/journal.pone.0209648; S2 Table (pone.0209648.s007.xlsx), genes higher in nuclei: logFC < -log2(1.5) and adj.P.Val < 0.05 (159 genes, as stated in the paper); retrieved via https://www.ebi.ac.uk/europepmc/webservices/rest/PMC6306246/supplementaryFiles"
Nucleus-enriched transcripts,IQGAP2,"Bakken TE et al. (2018) PLoS One, doi:10.1371/journal.pone.0209648; S2 Table (pone.0209648.s007.xlsx), genes higher in nuclei: logFC < -log2(1.5) and adj.P.Val < 0.05 (159 genes, as stated in the paper); retrieved via https://www.ebi.ac.uk/europepmc/webservices/rest/PMC6306246/supplementaryFiles"
Nucleus-enriched transcripts,KCND2,"Bakken TE et al. (2018) PLoS One, doi:10.1371/journal.pone.0209648; S2 Table (pone.0209648.s007.xlsx), genes higher in nuclei: logFC < -log2(1.5) and adj.P.Val < 0.05 (159 genes, as stated in the paper); retrieved via https://www.ebi.ac.uk/europepmc/webservices/rest/PMC6306246/supplementaryFiles"
Nucleus-enriched transcripts,KCNH7,"Bakken TE et al. (2018) PLoS One, doi:10.1371/journal.pone.0209648; S2 Table (pone.0209648.s007.xlsx), genes higher in nuclei: logFC < -log2(1.5) and adj.P.Val < 0.05 (159 genes, as stated in the paper); retrieved via https://www.ebi.ac.uk/europepmc/webservices/rest/PMC6306246/supplementaryFiles"
Nucleus-enriched transcripts,KCNQ1OT1,"Bakken TE et al. (2018) PLoS One, doi:10.1371/journal.pone.0209648; S2 Table (pone.0209648.s007.xlsx), genes higher in nuclei: logFC < -log2(1.5) and adj.P.Val < 0.05 (159 genes, as stated in the paper); retrieved via https://www.ebi.ac.uk/europepmc/webservices/rest/PMC6306246/supplementaryFiles"
Nucleus-enriched transcripts,KCNQ3,"Bakken TE et al. (2018) PLoS One, doi:10.1371/journal.pone.0209648; S2 Table (pone.0209648.s007.xlsx), genes higher in nuclei: logFC < -log2(1.5) and adj.P.Val < 0.05 (159 genes, as stated in the paper); retrieved via https://www.ebi.ac.uk/europepmc/webservices/rest/PMC6306246/supplementaryFiles"
Nucleus-enriched transcripts,KCNQ5,"Bakken TE et al. (2018) PLoS One, doi:10.1371/journal.pone.0209648; S2 Table (pone.0209648.s007.xlsx), genes higher in nuclei: logFC < -log2(1.5) and adj.P.Val < 0.05 (159 genes, as stated in the paper); retrieved via https://www.ebi.ac.uk/europepmc/webservices/rest/PMC6306246/supplementaryFiles"
Nucleus-enriched transcripts,KHDRBS2,"Bakken TE et al. (2018) PLoS One, doi:10.1371/journal.pone.0209648; S2 Table (pone.0209648.s007.xlsx), genes higher in nuclei: logFC < -log2(1.5) and adj.P.Val < 0.05 (159 genes, as stated in the paper); retrieved via https://www.ebi.ac.uk/europepmc/webservices/rest/PMC6306246/supplementaryFiles"
Nucleus-enriched transcripts,LARGE,"Bakken TE et al. (2018) PLoS One, doi:10.1371/journal.pone.0209648; S2 Table (pone.0209648.s007.xlsx), genes higher in nuclei: logFC < -log2(1.5) and adj.P.Val < 0.05 (159 genes, as stated in the paper); retrieved via https://www.ebi.ac.uk/europepmc/webservices/rest/PMC6306246/supplementaryFiles"
Nucleus-enriched transcripts,LINGO2,"Bakken TE et al. (2018) PLoS One, doi:10.1371/journal.pone.0209648; S2 Table (pone.0209648.s007.xlsx), genes higher in nuclei: logFC < -log2(1.5) and adj.P.Val < 0.05 (159 genes, as stated in the paper); retrieved via https://www.ebi.ac.uk/europepmc/webservices/rest/PMC6306246/supplementaryFiles"
Nucleus-enriched transcripts,LOC102639511,"Bakken TE et al. (2018) PLoS One, doi:10.1371/journal.pone.0209648; S2 Table (pone.0209648.s007.xlsx), genes higher in nuclei: logFC < -log2(1.5) and adj.P.Val < 0.05 (159 genes, as stated in the paper); retrieved via https://www.ebi.ac.uk/europepmc/webservices/rest/PMC6306246/supplementaryFiles"
Nucleus-enriched transcripts,LOC102640169,"Bakken TE et al. (2018) PLoS One, doi:10.1371/journal.pone.0209648; S2 Table (pone.0209648.s007.xlsx), genes higher in nuclei: logFC < -log2(1.5) and adj.P.Val < 0.05 (159 genes, as stated in the paper); retrieved via https://www.ebi.ac.uk/europepmc/webservices/rest/PMC6306246/supplementaryFiles"
Nucleus-enriched transcripts,LOC102642160,"Bakken TE et al. (2018) PLoS One, doi:10.1371/journal.pone.0209648; S2 Table (pone.0209648.s007.xlsx), genes higher in nuclei: logFC < -log2(1.5) and adj.P.Val < 0.05 (159 genes, as stated in the paper); retrieved via https://www.ebi.ac.uk/europepmc/webservices/rest/PMC6306246/supplementaryFiles"
Nucleus-enriched transcripts,LOC105245781,"Bakken TE et al. (2018) PLoS One, doi:10.1371/journal.pone.0209648; S2 Table (pone.0209648.s007.xlsx), genes higher in nuclei: logFC < -log2(1.5) and adj.P.Val < 0.05 (159 genes, as stated in the paper); retrieved via https://www.ebi.ac.uk/europepmc/webservices/rest/PMC6306246/supplementaryFiles"
Nucleus-enriched transcripts,LOC105246135,"Bakken TE et al. (2018) PLoS One, doi:10.1371/journal.pone.0209648; S2 Table (pone.0209648.s007.xlsx), genes higher in nuclei: logFC < -log2(1.5) and adj.P.Val < 0.05 (159 genes, as stated in the paper); retrieved via https://www.ebi.ac.uk/europepmc/webservices/rest/PMC6306246/supplementaryFiles"
Nucleus-enriched transcripts,LOC105246975,"Bakken TE et al. (2018) PLoS One, doi:10.1371/journal.pone.0209648; S2 Table (pone.0209648.s007.xlsx), genes higher in nuclei: logFC < -log2(1.5) and adj.P.Val < 0.05 (159 genes, as stated in the paper); retrieved via https://www.ebi.ac.uk/europepmc/webservices/rest/PMC6306246/supplementaryFiles"
Nucleus-enriched transcripts,LPHN3,"Bakken TE et al. (2018) PLoS One, doi:10.1371/journal.pone.0209648; S2 Table (pone.0209648.s007.xlsx), genes higher in nuclei: logFC < -log2(1.5) and adj.P.Val < 0.05 (159 genes, as stated in the paper); retrieved via https://www.ebi.ac.uk/europepmc/webservices/rest/PMC6306246/supplementaryFiles"
Nucleus-enriched transcripts,LRP1B,"Bakken TE et al. (2018) PLoS One, doi:10.1371/journal.pone.0209648; S2 Table (pone.0209648.s007.xlsx), genes higher in nuclei: logFC < -log2(1.5) and adj.P.Val < 0.05 (159 genes, as stated in the paper); retrieved via https://www.ebi.ac.uk/europepmc/webservices/rest/PMC6306246/supplementaryFiles"
Nucleus-enriched transcripts,LRRC7,"Bakken TE et al. (2018) PLoS One, doi:10.1371/journal.pone.0209648; S2 Table (pone.0209648.s007.xlsx), genes higher in nuclei: logFC < -log2(1.5) and adj.P.Val < 0.05 (159 genes, as stated in the paper); retrieved via https://www.ebi.ac.uk/europepmc/webservices/rest/PMC6306246/supplementaryFiles"
Nucleus-enriched transcripts,LRRTM3,"Bakken TE et al. (2018) PLoS One, doi:10.1371/journal.pone.0209648; S2 Table (pone.0209648.s007.xlsx), genes higher in nuclei: logFC < -log2(1.5) and adj.P.Val < 0.05 (159 genes, as stated in the paper); retrieved via https://www.ebi.ac.uk/europepmc/webservices/rest/PMC6306246/supplementaryFiles"
Nucleus-enriched transcripts,LSAMP,"Bakken TE et al. (2018) PLoS One, doi:10.1371/journal.pone.0209648; S2 Table (pone.0209648.s007.xlsx), genes higher in nuclei: logFC < -log2(1.5) and adj.P.Val < 0.05 (159 genes, as stated in the paper); retrieved via https://www.ebi.ac.uk/europepmc/webservices/rest/PMC6306246/supplementaryFiles"
Nucleus-enriched transcripts,LUC7L3,"Bakken TE et al. (2018) PLoS One, doi:10.1371/journal.pone.0209648; S2 Table (pone.0209648.s007.xlsx), genes higher in nuclei: logFC < -log2(1.5) and adj.P.Val < 0.05 (159 genes, as stated in the paper); retrieved via https://www.ebi.ac.uk/europepmc/webservices/rest/PMC6306246/supplementaryFiles"
Nucleus-enriched transcripts,MACROD2,"Bakken TE et al. (2018) PLoS One, doi:10.1371/journal.pone.0209648; S2 Table (pone.0209648.s007.xlsx), genes higher in nuclei: logFC < -log2(1.5) and adj.P.Val < 0.05 (159 genes, as stated in the paper); retrieved via https://www.ebi.ac.uk/europepmc/webservices/rest/PMC6306246/supplementaryFiles"
Nucleus-enriched transcripts,MAGI2,"Bakken TE et al. (2018) PLoS One, doi:10.1371/journal.pone.0209648; S2 Table (pone.0209648.s007.xlsx), genes higher in nuclei: logFC < -log2(1.5) and adj.P.Val < 0.05 (159 genes, as stated in the paper); retrieved via https://www.ebi.ac.uk/europepmc/webservices/rest/PMC6306246/supplementaryFiles"
Nucleus-enriched transcripts,MALAT1,"Bakken TE et al. (2018) PLoS One, doi:10.1371/journal.pone.0209648; S2 Table (pone.0209648.s007.xlsx), genes higher in nuclei: logFC < -log2(1.5) and adj.P.Val < 0.05 (159 genes, as stated in the paper); retrieved via https://www.ebi.ac.uk/europepmc/webservices/rest/PMC6306246/supplementaryFiles"
Nucleus-enriched transcripts,MDGA2,"Bakken TE et al. (2018) PLoS One, doi:10.1371/journal.pone.0209648; S2 Table (pone.0209648.s007.xlsx), genes higher in nuclei: logFC < -log2(1.5) and adj.P.Val < 0.05 (159 genes, as stated in the paper); retrieved via https://www.ebi.ac.uk/europepmc/webservices/rest/PMC6306246/supplementaryFiles"
Nucleus-enriched transcripts,MEG3,"Bakken TE et al. (2018) PLoS One, doi:10.1371/journal.pone.0209648; S2 Table (pone.0209648.s007.xlsx), genes higher in nuclei: logFC < -log2(1.5) and adj.P.Val < 0.05 (159 genes, as stated in the paper); retrieved via https://www.ebi.ac.uk/europepmc/webservices/rest/PMC6306246/supplementaryFiles"
Nucleus-enriched transcripts,MGAT4C,"Bakken TE et al. (2018) PLoS One, doi:10.1371/journal.pone.0209648; S2 Table (pone.0209648.s007.xlsx), genes higher in nuclei: logFC < -log2(1.5) and adj.P.Val < 0.05 (159 genes, as stated in the paper); retrieved via https://www.ebi.ac.uk/europepmc/webservices/rest/PMC6306246/supplementaryFiles"
Nucleus-enriched transcripts,MIAT,"Bakken TE et al. (2018) PLoS One, doi:10.1371/journal.pone.0209648; S2 Table (pone.0209648.s007.xlsx), genes higher in nuclei: logFC < -log2(1.5) and adj.P.Val < 0.05 (159 genes, as stated in the paper); retrieved via https://www.ebi.ac.uk/europepmc/webservices/rest/PMC6306246/supplementaryFiles"
Nucleus-enriched transcripts,MIR1906-1,"Bakken TE et al. (2018) PLoS One, doi:10.1371/journal.pone.0209648; S2 Table (pone.0209648.s007.xlsx), genes higher in nuclei: logFC < -log2(1.5) and adj.P.Val < 0.05 (159 genes, as stated in the paper); retrieved via https://www.ebi.ac.uk/europepmc/webservices/rest/PMC6306246/supplementaryFiles"
Nucleus-enriched transcripts,MIR29B-2,"Bakken TE et al. (2018) PLoS One, doi:10.1371/journal.pone.0209648; S2 Table (pone.0209648.s007.xlsx), genes higher in nuclei: logFC < -log2(1.5) and adj.P.Val < 0.05 (159 genes, as stated in the paper); retrieved via https://www.ebi.ac.uk/europepmc/webservices/rest/PMC6306246/supplementaryFiles"
Nucleus-enriched transcripts,MIR29C,"Bakken TE et al. (2018) PLoS One, doi:10.1371/journal.pone.0209648; S2 Table (pone.0209648.s007.xlsx), genes higher in nuclei: logFC < -log2(1.5) and adj.P.Val < 0.05 (159 genes, as stated in the paper); retrieved via https://www.ebi.ac.uk/europepmc/webservices/rest/PMC6306246/supplementaryFiles"
Nucleus-enriched transcripts,MIR344G,"Bakken TE et al. (2018) PLoS One, doi:10.1371/journal.pone.0209648; S2 Table (pone.0209648.s007.xlsx), genes higher in nuclei: logFC < -log2(1.5) and adj.P.Val < 0.05 (159 genes, as stated in the paper); retrieved via https://www.ebi.ac.uk/europepmc/webservices/rest/PMC6306246/supplementaryFiles"
Nucleus-enriched transcripts,MKX,"Bakken TE et al. (2018) PLoS One, doi:10.1371/journal.pone.0209648; S2 Table (pone.0209648.s007.xlsx), genes higher in nuclei: logFC < -log2(1.5) and adj.P.Val < 0.05 (159 genes, as stated in the paper); retrieved via https://www.ebi.ac.uk/europepmc/webservices/rest/PMC6306246/supplementaryFiles"
Nucleus-enriched transcripts,MMP16,"Bakken TE et al. (2018) PLoS One, doi:10.1371/journal.pone.0209648; S2 Table (pone.0209648.s007.xlsx), genes higher in nuclei: logFC < -log2(1.5) and adj.P.Val < 0.05 (159 genes, as stated in the paper); retrieved via https://www.ebi.ac.uk/europepmc/webservices/rest/PMC6306246/supplementaryFiles"
Nucleus-enriched transcripts,NBEA,"Bakken TE et al. (2018) PLoS One, doi:10.1371/journal.pone.0209648; S2 Table (pone.0209648.s007.xlsx), genes higher in nuclei: logFC < -log2(1.5) and adj.P.Val < 0.05 (159 genes, as stated in the paper); retrieved via https://www.ebi.ac.uk/europepmc/webservices/rest/PMC6306246/supplementaryFiles"
Nucleus-enriched transcripts,NELL1,"Bakken TE et al. (2018) PLoS One, doi:10.1371/journal.pone.0209648; S2 Table (pone.0209648.s007.xlsx), genes higher in nuclei: logFC < -log2(1.5) and adj.P.Val < 0.05 (159 genes, as stated in the paper); retrieved via https://www.ebi.ac.uk/europepmc/webservices/rest/PMC6306246/supplementaryFiles"
Nucleus-enriched transcripts,NKAIN2,"Bakken TE et al. (2018) PLoS One, doi:10.1371/journal.pone.0209648; S2 Table (pone.0209648.s007.xlsx), genes higher in nuclei: logFC < -log2(1.5) and adj.P.Val < 0.05 (159 genes, as stated in the paper); retrieved via https://www.ebi.ac.uk/europepmc/webservices/rest/PMC6306246/supplementaryFiles"
Nucleus-enriched transcripts,NRG3,"Bakken TE et al. (2018) PLoS One, doi:10.1371/journal.pone.0209648; S2 Table (pone.0209648.s007.xlsx), genes higher in nuclei: logFC < -log2(1.5) and adj.P.Val < 0.05 (159 genes, as stated in the paper); retrieved via https://www.ebi.ac.uk/europepmc/webservices/rest/PMC6306246/supplementaryFiles"
Nucleus-enriched transcripts,NRG3OS,"Bakken TE et al. (2018) PLoS One, doi:10.1371/journal.pone.0209648; S2 Table (pone.0209648.s007.xlsx), genes higher in nuclei: logFC < -log2(1.5) and adj.P.Val < 0.05 (159 genes, as stated in the paper); retrieved via https://www.ebi.ac.uk/europepmc/webservices/rest/PMC6306246/supplementaryFiles"
Nucleus-enriched transcripts,OLFM3,"Bakken TE et al. (2018) PLoS One, doi:10.1371/journal.pone.0209648; S2 Table (pone.0209648.s007.xlsx), genes higher in nuclei: logFC < -log2(1.5) and adj.P.Val < 0.05 (159 genes, as stated in the paper); retrieved via https://www.ebi.ac.uk/europepmc/webservices/rest/PMC6306246/supplementaryFiles"
Nucleus-enriched transcripts,OTUD7A,"Bakken TE et al. (2018) PLoS One, doi:10.1371/journal.pone.0209648; S2 Table (pone.0209648.s007.xlsx), genes higher in nuclei: logFC < -log2(1.5) and adj.P.Val < 0.05 (159 genes, as stated in the paper); retrieved via https://www.ebi.ac.uk/europepmc/webservices/rest/PMC6306246/supplementaryFiles"
Nucleus-enriched transcripts,PAXBP1,"Bakken TE et al. (2018) PLoS One, doi:10.1371/journal.pone.0209648; S2 Table (pone.0209648.s007.xlsx), genes higher in nuclei: logFC < -log2(1.5) and adj.P.Val < 0.05 (159 genes, as stated in the paper); retrieved via https://www.ebi.ac.uk/europepmc/webservices/rest/PMC6306246/supplementaryFiles"
Nucleus-enriched transcripts,PCDH7,"Bakken TE et al. (2018) PLoS One, doi:10.1371/journal.pone.0209648; S2 Table (pone.0209648.s007.xlsx), genes higher in nuclei: logFC < -log2(1.5) and adj.P.Val < 0.05 (159 genes, as stated in the paper); retrieved via https://www.ebi.ac.uk/europepmc/webservices/rest/PMC6306246/supplementaryFiles"
Nucleus-enriched transcripts,PCDH9,"Bakken TE et al. (2018) PLoS One, doi:10.1371/journal.pone.0209648; S2 Table (pone.0209648.s007.xlsx), genes higher in nuclei: logFC < -log2(1.5) and adj.P.Val < 0.05 (159 genes, as stated in the paper); retrieved via https://www.ebi.ac.uk/europepmc/webservices/rest/PMC6306246/supplementaryFiles"
Nucleus-enriched transcripts,PCSK5,"Bakken TE et al. (2018) PLoS One, doi:10.1371/journal.pone.0209648; S2 Table (pone.0209648.s007.xlsx), genes higher in nuclei: logFC < -log2(1.5) and adj.P.Val < 0.05 (159 genes, as stated in the paper); retrieved via https://www.ebi.ac.uk/europepmc/webservices/rest/PMC6306246/supplementaryFiles"
Nucleus-enriched transcripts,PDE10A,"Bakken TE et al. (2018) PLoS One, doi:10.1371/journal.pone.0209648; S2 Table (pone.0209648.s007.xlsx), genes higher in nuclei: logFC < -log2(1.5) and adj.P.Val < 0.05 (159 genes, as stated in the paper); retrieved via https://www.ebi.ac.uk/europepmc/webservices/rest/PMC6306246/supplementaryFiles"
Nucleus-enriched transcripts,PDE4B,"Bakken TE et al. (2018) PLoS One, doi:10.1371/journal.pone.0209648; S2 Table (pone.0209648.s007.xlsx), genes higher in nuclei: logFC < -log2(1.5) and adj.P.Val < 0.05 (159 genes, as stated in the paper); retrieved via https://www.ebi.ac.uk/europepmc/webservices/rest/PMC6306246/supplementaryFiles"
Nucleus-enriched transcripts,PDE4D,"Bakken TE et al. (2018) PLoS One, doi:10.1371/journal.pone.0209648; S2 Table (pone.0209648.s007.xlsx), genes higher in nuclei: logFC < -log2(1.5) and adj.P.Val < 0.05 (159 genes, as stated in the paper); retrieved via https://www.ebi.ac.uk/europepmc/webservices/rest/PMC6306246/supplementaryFiles"
Nucleus-enriched transcripts,PHACTR1,"Bakken TE et al. (2018) PLoS One, doi:10.1371/journal.pone.0209648; S2 Table (pone.0209648.s007.xlsx), genes higher in nuclei: logFC < -log2(1.5) and adj.P.Val < 0.05 (159 genes, as stated in the paper); retrieved via https://www.ebi.ac.uk/europepmc/webservices/rest/PMC6306246/supplementaryFiles"
Nucleus-enriched transcripts,PNISR,"Bakken TE et al. (2018) PLoS One, doi:10.1371/journal.pone.0209648; S2 Table (pone.0209648.s007.xlsx), genes higher in nuclei: logFC < -log2(1.5) and adj.P.Val < 0.05 (159 genes, as stated in the paper); retrieved via https://www.ebi.ac.uk/europepmc/webservices/rest/PMC6306246/supplementaryFiles"
Nucleus-enriched transcripts,POU6F2,"Bakken TE et al. (2018) PLoS One, doi:10.1371/journal.pone.0209648; S2 Table (pone.0209648.s007.xlsx), genes higher in nuclei: logFC < -log2(1.5) and adj.P.Val < 0.05 (159 genes, as stated in the paper); retrieved via https://www.ebi.ac.uk/europepmc/webservices/rest/PMC6306246/supplementaryFiles"
Nucleus-enriched transcripts,PRICKLE1,"Bakken TE et al. (2018) PLoS One, doi:10.1371/journal.pone.0209648; S2 Table (pone.0209648.s007.xlsx), genes higher in nuclei: logFC < -log2(1.5) and adj.P.Val < 0.05 (159 genes, as stated in the paper); retrieved via https://www.ebi.ac.uk/europepmc/webservices/rest/PMC6306246/supplementaryFiles"
Nucleus-enriched transcripts,PTPRD,"Bakken TE et al. (2018) PLoS One, doi:10.1371/journal.pone.0209648; S2 Table (pone.0209648.s007.xlsx), genes higher in nuclei: logFC < -log2(1.5) and adj.P.Val < 0.05 (159 genes, as stated in the paper); retrieved via https://www.ebi.ac.uk/europepmc/webservices/rest/PMC6306246/supplementaryFiles"
Nucleus-enriched transcripts,PTPRG,"Bakken TE et al. (2018) PLoS One, doi:10.1371/journal.pone.0209648; S2 Table (pone.0209648.s007.xlsx), genes higher in nuclei: logFC < -log2(1.5) and adj.P.Val < 0.05 (159 genes, as stated in the paper); retrieved via https://www.ebi.ac.uk/europepmc/webservices/rest/PMC6306246/supplementaryFiles"
Nucleus-enriched transcripts,PTPRT,"Bakken TE et al. (2018) PLoS One, doi:10.1371/journal.pone.0209648; S2 Table (pone.0209648.s007.xlsx), genes higher in nuclei: logFC < -log2(1.5) and adj.P.Val < 0.05 (159 genes, as stated in the paper); retrieved via https://www.ebi.ac.uk/europepmc/webservices/rest/PMC6306246/supplementaryFiles"
Nucleus-enriched transcripts,RAI14,"Bakken TE et al. (2018) PLoS One, doi:10.1371/journal.pone.0209648; S2 Table (pone.0209648.s007.xlsx), genes higher in nuclei: logFC < -log2(1.5) and adj.P.Val < 0.05 (159 genes, as stated in the paper); retrieved via https://www.ebi.ac.uk/europepmc/webservices/rest/PMC6306246/supplementaryFiles"
Nucleus-enriched transcripts,RAPGEF4,"Bakken TE et al. (2018) PLoS One, doi:10.1371/journal.pone.0209648; S2 Table (pone.0209648.s007.xlsx), genes higher in nuclei: logFC < -log2(1.5) and adj.P.Val < 0.05 (159 genes, as stated in the paper); retrieved via https://www.ebi.ac.uk/europepmc/webservices/rest/PMC6306246/supplementaryFiles"
Nucleus-enriched transcripts,RBFOX1,"Bakken TE et al. (2018) PLoS One, doi:10.1371/journal.pone.0209648; S2 Table (pone.0209648.s007.xlsx), genes higher in nuclei: logFC < -log2(1.5) and adj.P.Val < 0.05 (159 genes, as stated in the paper); retrieved via https://www.ebi.ac.uk/europepmc/webservices/rest/PMC6306246/supplementaryFiles"
Nucleus-enriched transcripts,RGS6,"Bakken TE et al. (2018) PLoS One, doi:10.1371/journal.pone.0209648; S2 Table (pone.0209648.s007.xlsx), genes higher in nuclei: logFC < -log2(1.5) and adj.P.Val < 0.05 (159 genes, as stated in the paper); retrieved via https://www.ebi.ac.uk/europepmc/webservices/rest/PMC6306246/supplementaryFiles"
Nucleus-enriched transcripts,RIMS1,"Bakken TE et al. (2018) PLoS One, doi:10.1371/journal.pone.0209648; S2 Table (pone.0209648.s007.xlsx), genes higher in nuclei: logFC < -log2(1.5) and adj.P.Val < 0.05 (159 genes, as stated in the paper); retrieved via https://www.ebi.ac.uk/europepmc/webservices/rest/PMC6306246/supplementaryFiles"
Nucleus-enriched transcripts,ROBO2,"Bakken TE et al. (2018) PLoS One, doi:10.1371/journal.pone.0209648; S2 Table (pone.0209648.s007.xlsx), genes higher in nuclei: logFC < -log2(1.5) and adj.P.Val < 0.05 (159 genes, as stated in the paper); retrieved via https://www.ebi.ac.uk/europepmc/webservices/rest/PMC6306246/supplementaryFiles"
Nucleus-enriched transcripts,RSRP1,"Bakken TE et al. (2018) PLoS One, doi:10.1371/journal.pone.0209648; S2 Table (pone.0209648.s007.xlsx), genes higher in nuclei: logFC < -log2(1.5) and adj.P.Val < 0.05 (159 genes, as stated in the paper); retrieved via https://www.ebi.ac.uk/europepmc/webservices/rest/PMC6306246/supplementaryFiles"
Nucleus-enriched transcripts,SEMA6D,"Bakken TE et al. (2018) PLoS One, doi:10.1371/journal.pone.0209648; S2 Table (pone.0209648.s007.xlsx), genes higher in nuclei: logFC < -log2(1.5) and adj.P.Val < 0.05 (159 genes, as stated in the paper); retrieved via https://www.ebi.ac.uk/europepmc/webservices/rest/PMC6306246/supplementaryFiles"
Nucleus-enriched transcripts,SNHG11,"Bakken TE et al. (2018) PLoS One, doi:10.1371/journal.pone.0209648; S2 Table (pone.0209648.s007.xlsx), genes higher in nuclei: logFC < -log2(1.5) and adj.P.Val < 0.05 (159 genes, as stated in the paper); retrieved via https://www.ebi.ac.uk/europepmc/webservices/rest/PMC6306246/supplementaryFiles"
Nucleus-enriched transcripts,SOX5,"Bakken TE et al. (2018) PLoS One, doi:10.1371/journal.pone.0209648; S2 Table (pone.0209648.s007.xlsx), genes higher in nuclei: logFC < -log2(1.5) and adj.P.Val < 0.05 (159 genes, as stated in the paper); retrieved via https://www.ebi.ac.uk/europepmc/webservices/rest/PMC6306246/supplementaryFiles"
Nucleus-enriched transcripts,SRSF5,"Bakken TE et al. (2018) PLoS One, doi:10.1371/journal.pone.0209648; S2 Table (pone.0209648.s007.xlsx), genes higher in nuclei: logFC < -log2(1.5) and adj.P.Val < 0.05 (159 genes, as stated in the paper); retrieved via https://www.ebi.ac.uk/europepmc/webservices/rest/PMC6306246/supplementaryFiles"
Nucleus-enriched transcripts,TANC2,"Bakken TE et al. (2018) PLoS One, doi:10.1371/journal.pone.0209648; S2 Table (pone.0209648.s007.xlsx), genes higher in nuclei: logFC < -log2(1.5) and adj.P.Val < 0.05 (159 genes, as stated in the paper); retrieved via https://www.ebi.ac.uk/europepmc/webservices/rest/PMC6306246/supplementaryFiles"
Nucleus-enriched transcripts,TENM2,"Bakken TE et al. (2018) PLoS One, doi:10.1371/journal.pone.0209648; S2 Table (pone.0209648.s007.xlsx), genes higher in nuclei: logFC < -log2(1.5) and adj.P.Val < 0.05 (159 genes, as stated in the paper); retrieved via https://www.ebi.ac.uk/europepmc/webservices/rest/PMC6306246/supplementaryFiles"
Nucleus-enriched transcripts,TENM3,"Bakken TE et al. (2018) PLoS One, doi:10.1371/journal.pone.0209648; S2 Table (pone.0209648.s007.xlsx), genes higher in nuclei: logFC < -log2(1.5) and adj.P.Val < 0.05 (159 genes, as stated in the paper); retrieved via https://www.ebi.ac.uk/europepmc/webservices/rest/PMC6306246/supplementaryFiles"
Nucleus-enriched transcripts,TENM4,"Bakken TE et al. (2018) PLoS One, doi:10.1371/journal.pone.0209648; S2 Table (pone.0209648.s007.xlsx), genes higher in nuclei: logFC < -log2(1.5) and adj.P.Val < 0.05 (159 genes, as stated in the paper); retrieved via https://www.ebi.ac.uk/europepmc/webservices/rest/PMC6306246/supplementaryFiles"
Nucleus-enriched transcripts,THRB,"Bakken TE et al. (2018) PLoS One, doi:10.1371/journal.pone.0209648; S2 Table (pone.0209648.s007.xlsx), genes higher in nuclei: logFC < -log2(1.5) and adj.P.Val < 0.05 (159 genes, as stated in the paper); retrieved via https://www.ebi.ac.uk/europepmc/webservices/rest/PMC6306246/supplementaryFiles"
Nucleus-enriched transcripts,TIA1,"Bakken TE et al. (2018) PLoS One, doi:10.1371/journal.pone.0209648; S2 Table (pone.0209648.s007.xlsx), genes higher in nuclei: logFC < -log2(1.5) and adj.P.Val < 0.05 (159 genes, as stated in the paper); retrieved via https://www.ebi.ac.uk/europepmc/webservices/rest/PMC6306246/supplementaryFiles"
Nucleus-enriched transcripts,TNR,"Bakken TE et al. (2018) PLoS One, doi:10.1371/journal.pone.0209648; S2 Table (pone.0209648.s007.xlsx), genes higher in nuclei: logFC < -log2(1.5) and adj.P.Val < 0.05 (159 genes, as stated in the paper); retrieved via https://www.ebi.ac.uk/europepmc/webservices/rest/PMC6306246/supplementaryFiles"
Nucleus-enriched transcripts,TOX,"Bakken TE et al. (2018) PLoS One, doi:10.1371/journal.pone.0209648; S2 Table (pone.0209648.s007.xlsx), genes higher in nuclei: logFC < -log2(1.5) and adj.P.Val < 0.05 (159 genes, as stated in the paper); retrieved via https://www.ebi.ac.uk/europepmc/webservices/rest/PMC6306246/supplementaryFiles"
Nucleus-enriched transcripts,TTC14,"Bakken TE et al. (2018) PLoS One, doi:10.1371/journal.pone.0209648; S2 Table (pone.0209648.s007.xlsx), genes higher in nuclei: logFC < -log2(1.5) and adj.P.Val < 0.05 (159 genes, as stated in the paper); retrieved via https://www.ebi.ac.uk/europepmc/webservices/rest/PMC6306246/supplementaryFiles"
Nucleus-enriched transcripts,UBE3A,"Bakken TE et al. (2018) PLoS One, doi:10.1371/journal.pone.0209648; S2 Table (pone.0209648.s007.xlsx), genes higher in nuclei: logFC < -log2(1.5) and adj.P.Val < 0.05 (159 genes, as stated in the paper); retrieved via https://www.ebi.ac.uk/europepmc/webservices/rest/PMC6306246/supplementaryFiles"
Nucleus-enriched transcripts,UBN2,"Bakken TE et al. (2018) PLoS One, doi:10.1371/journal.pone.0209648; S2 Table (pone.0209648.s007.xlsx), genes higher in nuclei: logFC < -log2(1.5) and adj.P.Val < 0.05 (159 genes, as stated in the paper); retrieved via https://www.ebi.ac.uk/europepmc/webservices/rest/PMC6306246/supplementaryFiles"
Nucleus-enriched transcripts,UNC79,"Bakken TE et al. (2018) PLoS One, doi:10.1371/journal.pone.0209648; S2 Table (pone.0209648.s007.xlsx), genes higher in nuclei: logFC < -log2(1.5) and adj.P.Val < 0.05 (159 genes, as stated in the paper); retrieved via https://www.ebi.ac.uk/europepmc/webservices/rest/PMC6306246/supplementaryFiles"
Nucleus-enriched transcripts,WSB1,"Bakken TE et al. (2018) PLoS One, doi:10.1371/journal.pone.0209648; S2 Table (pone.0209648.s007.xlsx), genes higher in nuclei: logFC < -log2(1.5) and adj.P.Val < 0.05 (159 genes, as stated in the paper); retrieved via https://www.ebi.ac.uk/europepmc/webservices/rest/PMC6306246/supplementaryFiles"
Nucleus-enriched transcripts,XKR6,"Bakken TE et al. (2018) PLoS One, doi:10.1371/journal.pone.0209648; S2 Table (pone.0209648.s007.xlsx), genes higher in nuclei: logFC < -log2(1.5) and adj.P.Val < 0.05 (159 genes, as stated in the paper); retrieved via https://www.ebi.ac.uk/europepmc/webservices/rest/PMC6306246/supplementaryFiles"
Nucleus-enriched transcripts,ZCCHC7,"Bakken TE et al. (2018) PLoS One, doi:10.1371/journal.pone.0209648; S2 Table (pone.0209648.s007.xlsx), genes higher in nuclei: logFC < -log2(1.5) and adj.P.Val < 0.05 (159 genes, as stated in the paper); retrieved via https://www.ebi.ac.uk/europepmc/webservices/rest/PMC6306246/supplementaryFiles"
