axis,library,term,overlap,set_size_in_universe,list_size,universe_size,fold_enrichment,p_value,genes,q_value
shared,Reactome,REACTOME_ADAPTIVE_IMMUNE_SYSTEM,11,52,50,1500,6.346153846153846,3.9529114911688904e-07,Ctsd|Ctss|Ifitm3|Mrc1|Mylip|Ncf2|Pik3ap1|Psmb8|Ptprc|Siglech|Tyrobp,2.2531595499662675e-05
shared,Reactome,REACTOME_ADHERENS_JUNCTIONS_INTERACTIONS,0,11,50,1500,0.0,1.0,,1.0
shared,Reactome,REACTOME_ANTIGEN_PROCESSING_UBIQUITINATION_PROTEASOME_DEGRADATION,1,11,50,1500,2.7272727272727275,0.31215205147852715,Mylip,1.0
shared,Reactome,REACTOME_APOPTOSIS,1,10,50,1500,3.0,0.2882684421548648,Cflar,1.0
shared,Reactome,REACTOME_ASPARAGINE_N_LINKED_GLYCOSYLATION,0,14,50,1500,0.0,1.0,,1.0
shared,Reactome,REACTOME_ASSEMBLY_OF_COLLAGEN_FIBRILS_AND_OTHER_MULTIMERIC_STRUCTURES,1,21,50,1500,1.4285714285714286,0.5116902720131731,Ctss,1.0
shared,Reactome,REACTOME_A_TETRASACCHARIDE_LINKER_SEQUENCE_IS_REQUIRED_FOR_GAG_SYNTHESIS,0,10,50,1500,0.0,1.0,,1.0
shared,Reactome,REACTOME_BASIGIN_INTERACTIONS,0,10,50,1500,0.0,1.0,,1.0
shared,Reactome,REACTOME_CARDIAC_CONDUCTION,0,21,50,1500,0.0,1.0,,1.0
shared,Reactome,REACTOME_CDC42_GTPASE_CYCLE,0,15,50,1500,0.0,1.0,,1.0
shared,Reactome,REACTOME_CELLULAR_RESPONSES_TO_STIMULI,4,46,50,1500,2.608695652173913,0.06368167286356924,Gpx3|Ncf2|mt-Co2|mt-Co3,0.4033172614692719
shared,Reactome,REACTOME_CELLULAR_RESPONSE_TO_CHEMICAL_STRESS,4,15,50,1500,8.0,0.0011385205653101096,Gpx3|Ncf2|mt-Co2|mt-Co3,0.0259582688890705
shared,Reactome,REACTOME_CELL_CELL_COMMUNICATION,1,14,50,1500,2.142857142857143,0.3791877227557184,Tyrobp,1.0
shared,Reactome,REACTOME_CELL_CELL_JUNCTION_ORGANIZATION,0,11,50,1500,0.0,1.0,,1.0
shared,Reactome,REACTOME_CELL_CYCLE,0,25,50,1500,0.0,1.0,,1.0
shared,Reactome,REACTOME_CELL_CYCLE_CHECKPOINTS,0,11,50,1500,0.0,1.0,,1.0
shared,Reactome,REACTOME_CELL_JUNCTION_ORGANIZATION,0,12,50,1500,0.0,1.0,,1.0
shared,Reactome,REACTOME_CELL_SURFACE_INTERACTIONS_AT_THE_VASCULAR_WALL,1,25,50,1500,1.2,0.5745095173169409,Pf4,1.0
shared,Reactome,REACTOME_CHONDROITIN_SULFATE_DERMATAN_SULFATE_METABOLISM,0,10,50,1500,0.0,1.0,,1.0
shared,Reactome,REACTOME_CLASS_A_1_RHODOPSIN_LIKE_RECEPTORS,3,43,50,1500,2.0930232558139537,0.17002286447600135,C5ar1|Cxcl12|Pf4,0.7753042620105661
shared,Reactome,REACTOME_CLASS_I_MHC_MEDIATED_ANTIGEN_PROCESSING_PRESENTATION,4,16,50,1500,7.5,0.0014809065320289638,Mrc1|Mylip|Ncf2|Psmb8,0.028137224108550313
shared,Reactome,REACTOME_COLLAGEN_BIOSYNTHESIS_AND_MODIFYING_ENZYMES,0,25,50,1500,0.0,1.0,,1.0
shared,Reactome,REACTOME_COLLAGEN_CHAIN_TRIMERIZATION,0,23,50,1500,0.0,1.0,,1.0
shared,Reactome,REACTOME_COLLAGEN_DEGRADATION,1,19,50,1500,1.5789473684210527,0.4769581022710094,Ctsd,1.0
shared,Reactome,REACTOME_COLLAGEN_FORMATION,1,28,50,1500,1.0714285714285714,0.616356933817995,Ctss,1.0
shared,Reactome,REACTOME_COMPLEMENT_CASCADE,2,11,50,1500,5.454545454545455,0.04943234891824236,C1qa|C5ar1,0.3895770374628154
shared,Reactome,REACTOME_CYTOKINE_SIGNALING_IN_IMMUNE_SYSTEM,2,34,50,1500,1.7647058823529411,0.3143712536930831,Csf2rb2|Tnfsf12,1.0
shared,Reactome,REACTOME_DEGRADATION_OF_THE_EXTRACELLULAR_MATRIX,2,30,50,1500,2.0,0.26406742974514547,Ctsd|Ctss,1.0
shared,Reactome,REACTOME_DEUBIQUITINATION,0,11,50,1500,0.0,1.0,,1.0
shared,Reactome,REACTOME_DEVELOPMENTAL_BIOLOGY,4,56,50,1500,2.142857142857143,0.11264955004562315,Cxcl12|Mef2c|Ptprc|Tyrobp,0.5583499437043931
shared,Reactome,REACTOME_ECM_PROTEOGLYCANS,0,19,50,1500,0.0,1.0,,1.0
shared,Reactome,REACTOME_ER_TO_GOLGI_ANTEROGRADE_TRANSPORT,0,10,50,1500,0.0,1.0,,1.0
shared,Reactome,REACTOME_EXTRACELLULAR_MATRIX_ORGANIZATION,2,67,50,1500,0.8955223880597015,0.6651326043560877,Ctsd|Ctss,1.0
shared,Reactome,REACTOME_FACTORS_INVOLVED_IN_MEGAKARYOCYTE_DEVELOPMENT_AND_PLATELET_PRODUCTION,0,10,50,1500,0.0,1.0,,1.0
shared,Reactome,REACTOME_FATTY_ACID_METABOLISM,0,12,50,1500,0.0,1.0,,1.0
shared,Reactome,REACTOME_GENERIC_TRANSCRIPTION_PATHWAY,2,34,50,1500,1.7647058823529411,0.3143712536930831,mt-Co2|mt-Co3,1.0
shared,Reactome,REACTOME_GENE_EXPRESSION_TRANSCRIPTION,2,36,50,1500,1.6666666666666667,0.33931461253673095,mt-Co2|mt-Co3,1.0
shared,Reactome,REACTOME_GLYCOSAMINOGLYCAN_METABOLISM,0,18,50,1500,0.0,1.0,,1.0
shared,Reactome,REACTOME_GPCR_LIGAND_BINDING,3,52,50,1500,1.7307692307692306,0.24889507447060455,C5ar1|Cxcl12|Pf4,1.0
shared,Reactome,REACTOME_G_ALPHA_I_SIGNALLING_EVENTS,3,33,50,1500,2.727272727272727,0.09437465903438064,C5ar1|Cxcl12|Pf4,0.5270313524057857
shared,Reactome,REACTOME_G_ALPHA_Q_SIGNALLING_EVENTS,0,27,50,1500,0.0,1.0,,1.0
shared,Reactome,REACTOME_G_ALPHA_S_SIGNALLING_EVENTS,0,18,50,1500,0.0,1.0,,1.0
shared,Reactome,REACTOME_HEMOSTASIS,2,76,50,1500,0.7894736842105263,0.7325908753187785,F13a1|Pf4,1.0
shared,Reactome,REACTOME_HEPARAN_SULFATE_HEPARIN_HS_GAG_METABOLISM,0,12,50,1500,0.0,1.0,,1.0
shared,Reactome,REACTOME_IMMUNE_SYSTEM,18,127,50,1500,4.251968503937007,2.7566352759325117e-08,Bst2|C1qa|C5ar1|Csf2rb2|Ctsd|Ctss|Ifitm3|Lyz2|Mrc1|Mylip|Ncf2|Pik3ap1|Psmb8|Ptprc|Siglech|Tnfsf12|Ttr|Tyrobp,3.1425642145630637e-06
shared,Reactome,REACTOME_IMMUNOREGULATORY_INTERACTIONS_BETWEEN_A_LYMPHOID_AND_A_NON_LYMPHOID_CELL,3,15,50,1500,6.0,0.011956460152065383,Ifitm3|Siglech|Tyrobp,0.17037955716693173
shared,Reactome,REACTOME_INNATE_IMMUNE_SYSTEM,10,71,50,1500,4.225352112676056,6.693682960473977e-05,Bst2|C1qa|C5ar1|Ctsd|Ctss|Lyz2|Ncf2|Ptprc|Ttr|Tyrobp,0.0025435995249801116
shared,Reactome,REACTOME_INTEGRIN_CELL_SURFACE_INTERACTIONS,0,30,50,1500,0.0,1.0,,1.0
shared,Reactome,REACTOME_INTERFERON_SIGNALING,0,14,50,1500,0.0,1.0,,1.0
shared,Reactome,REACTOME_INTRACELLULAR_SIGNALING_BY_SECOND_MESSENGERS,1,20,50,1500,1.5,0.49461650530034706,Pik3ap1,1.0
shared,Reactome,REACTOME_ION_CHANNEL_TRANSPORT,0,29,50,1500,0.0,1.0,,1.0
shared,Reactome,REACTOME_ION_HOMEOSTASIS,0,17,50,1500,0.0,1.0,,1.0
shared,Reactome,REACTOME_ION_TRANSPORT_BY_P_TYPE_ATPASES,0,19,50,1500,0.0,1.0,,1.0
shared,Reactome,REACTOME_L1CAM_INTERACTIONS,0,10,50,1500,0.0,1.0,,1.0
shared,Reactome,REACTOME_MAPK_FAMILY_SIGNALING_CASCADES,1,27,50,1500,1.1111111111111112,0.60287685419108,Csf2rb2,1.0
shared,Reactome,REACTOME_METABOLISM,6,99,50,1500,1.8181818181818183,0.10647675713075583,Apoe|Sat1|Ttr|mt-Co2|mt-Co3|mt-Nd4,0.5517431960411894
shared,Reactome,REACTOME_METABOLISM_OF_AMINO_ACIDS_AND_DERIVATIVES,1,13,50,1500,2.3076923076923075,0.3575867388571701,Sat1,1.0
shared,Reactome,REACTOME_METABOLISM_OF_CARBOHYDRATES_AND_CARBOHYDRATE_DERIVATIVES,0,23,50,1500,0.0,1.0,,1.0
shared,Reactome,REACTOME_METABOLISM_OF_LIPIDS,0,29,50,1500,0.0,1.0,,1.0
shared,Reactome,REACTOME_METABOLISM_OF_PROTEINS,8,93,50,1500,2.5806451612903225,0.009961067671718253,Apoe|Cd52|Ctsd|Cul4b|Lgals1|Ly6e|Psmb8|Sparcl1,0.1622231020822687
shared,Reactome,REACTOME_METABOLISM_OF_VITAMINS_AND_COFACTORS,2,10,50,1500,6.0,0.04131092728840577,Apoe|Ttr,0.3895770374628154
shared,Reactome,REACTOME_MHC_CLASS_II_ANTIGEN_PRESENTATION,2,16,50,1500,3.75,0.0970847228115921,Ctsd|Ctss,0.5270313524057857
shared,Reactome,REACTOME_MITOTIC_G2_G2_M_PHASES,0,15,50,1500,0.0,1.0,,1.0
shared,Reactome,REACTOME_MITOTIC_PROMETAPHASE,0,10,50,1500,0.0,1.0,,1.0
shared,Reactome,REACTOME_MUSCLE_CONTRACTION,0,35,50,1500,0.0,1.0,,1.0
shared,Reactome,REACTOME_M_PHASE,0,12,50,1500,0.0,1.0,,1.0
shared,Reactome,REACTOME_NCAM1_INTERACTIONS,0,12,50,1500,0.0,1.0,,1.0
shared,Reactome,REACTOME_NCAM_SIGNALING_FOR_NEURITE_OUT_GROWTH,0,13,50,1500,0.0,1.0,,1.0
shared,Reactome,REACTOME_NEGATIVE_REGULATION_OF_THE_PI3K_AKT_NETWORK,1,14,50,1500,2.142857142857143,0.3791877227557184,Pik3ap1,1.0
shared,Reactome,REACTOME_NERVOUS_SYSTEM_DEVELOPMENT,3,38,50,1500,2.368421052631579,0.1301690111571574,Cxcl12|Ptprc|Tyrobp,0.6183028029964976
shared,Reactome,REACTOME_NEUREXINS_AND_NEUROLIGINS,0,10,50,1500,0.0,1.0,,1.0
shared,Reactome,REACTOME_NEURONAL_SYSTEM,0,58,50,1500,0.0,1.0,,1.0
shared,Reactome,REACTOME_NEUROTRANSMITTER_RECEPTORS_AND_POSTSYNAPTIC_SIGNAL_TRANSMISSION,0,19,50,1500,0.0,1.0,,1.0
shared,Reactome,REACTOME_NEUROTRANSMITTER_RELEASE_CYCLE,0,13,50,1500,0.0,1.0,,1.0
shared,Reactome,REACTOME_NEUTROPHIL_DEGRANULATION,8,47,50,1500,5.1063829787234045,0.0001002315088984915,Bst2|C5ar1|Ctsd|Ctss|Lyz2|Ptprc|Ttr|Tyrobp,0.002856598003607008
shared,Reactome,REACTOME_NON_INTEGRIN_MEMBRANE_ECM_INTERACTIONS,0,16,50,1500,0.0,1.0,,1.0
shared,Reactome,REACTOME_O_LINKED_GLYCOSYLATION,0,13,50,1500,0.0,1.0,,1.0
shared,Reactome,REACTOME_PEPTIDE_LIGAND_BINDING_RECEPTORS,3,27,50,1500,3.333333333333333,0.058094821376033876,C5ar1|Cxcl12|Pf4,0.3895770374628154
shared,Reactome,REACTOME_PLATELET_ACTIVATION_SIGNALING_AND_AGGREGATION,2,32,50,1500,1.875,0.2892565406012864,F13a1|Pf4,1.0
shared,Reactome,REACTOME_PLATELET_HOMEOSTASIS,0,11,50,1500,0.0,1.0,,1.0
shared,Reactome,REACTOME_POST_TRANSLATIONAL_MODIFICATION_SYNTHESIS_OF_GPI_ANCHORED_PROTEINS,2,11,50,1500,5.454545454545455,0.04943234891824236,Cd52|Ly6e,0.3895770374628154
shared,Reactome,REACTOME_POST_TRANSLATIONAL_PROTEIN_MODIFICATION,7,82,50,1500,2.5609756097560976,0.016613813373465854,Apoe|Cd52|Cul4b|Lgals1|Ly6e|Psmb8|Sparcl1,0.21044163606390082
shared,Reactome,REACTOME_PROGRAMMED_CELL_DEATH,1,12,50,1500,2.5,0.33524969917904673,Cflar,1.0
shared,Reactome,REACTOME_PROTEIN_PROTEIN_INTERACTIONS_AT_SYNAPSES,0,18,50,1500,0.0,1.0,,1.0
shared,Reactome,REACTOME_RAC1_GTPASE_CYCLE,1,22,50,1500,1.3636363636363638,0.5281983764075895,Ncf2,1.0
shared,Reactome,REACTOME_RAC2_GTPASE_CYCLE,1,11,50,1500,2.7272727272727275,0.31215205147852715,Ncf2,1.0
shared,Reactome,REACTOME_RAC3_GTPASE_CYCLE,1,13,50,1500,2.3076923076923075,0.3575867388571701,Ncf2,1.0
shared,Reactome,REACTOME_REGULATION_OF_INSULIN_LIKE_GROWTH_FACTOR_IGF_TRANSPORT_AND_UPTAKE_BY_INSULIN_LIKE_GROWTH_FACTOR_BINDING_PROTEINS_IGFBPS,3,24,50,1500,3.75,0.04309557126901202,Apoe|Lgals1|Sparcl1,0.3895770374628154
shared,Reactome,REACTOME_RESPONSE_TO_ELEVATED_PLATELET_CYTOSOLIC_CA2,2,24,50,1500,2.5,0.18923912647371055,F13a1|Pf4,0.8297407853078078
shared,Reactome,REACTOME_RHOA_GTPASE_CYCLE,0,20,50,1500,0.0,1.0,,1.0
shared,Reactome,REACTOME_RHOB_GTPASE_CYCLE,0,11,50,1500,0.0,1.0,,1.0
shared,Reactome,REACTOME_RHO_GTPASE_CYCLE,1,41,50,1500,0.7317073170731707,0.755653168747937,Ncf2,1.0
shared,Reactome,REACTOME_RHO_GTPASE_EFFECTORS,1,19,50,1500,1.5789473684210527,0.4769581022710094,Ncf2,1.0
shared,Reactome,REACTOME_SENSORY_PERCEPTION,2,12,50,1500,5.0,0.05807792677281182,Apoe|Ttr,0.3895770374628154
shared,Reactome,REACTOME_SIGNALING_BY_GPCR,3,76,50,1500,1.1842105263157896,0.47037536398765967,C5ar1|Cxcl12|Pf4,1.0
shared,Reactome,REACTOME_SIGNALING_BY_INTERLEUKINS,1,18,50,1500,1.6666666666666667,0.45869546617711976,Csf2rb2,1.0
shared,Reactome,REACTOME_SIGNALING_BY_NUCLEAR_RECEPTORS,0,10,50,1500,0.0,1.0,,1.0
shared,Reactome,REACTOME_SIGNALING_BY_PDGF,0,16,50,1500,0.0,1.0,,1.0
shared,Reactome,REACTOME_SIGNALING_BY_RECEPTOR_TYROSINE_KINASES,2,48,50,1500,1.25,0.4813877414329201,Ctsd|Ncf2,1.0
shared,Reactome,REACTOME_SIGNALING_BY_RHO_GTPASES_MIRO_GTPASES_AND_RHOBTB3,1,54,50,1500,0.5555555555555556,0.8450105665233932,Ncf2,1.0
shared,Reactome,REACTOME_SIGNALING_BY_VEGF,1,12,50,1500,2.5,0.33524969917904673,Ncf2,1.0
shared,Reactome,REACTOME_SIGNALING_BY_WNT,0,11,50,1500,0.0,1.0,,1.0
shared,Reactome,REACTOME_SLC_MEDIATED_TRANSMEMBRANE_TRANSPORT,1,39,50,1500,0.7692307692307692,0.7380227031427208,Slc6a6,1.0
shared,Reactome,REACTOME_STIMULI_SENSING_CHANNELS,0,10,50,1500,0.0,1.0,,1.0
shared,Reactome,REACTOME_TOLL_LIKE_RECEPTOR_4_TLR4_CASCADE,0,10,50,1500,0.0,1.0,,1.0
shared,Reactome,REACTOME_TOLL_LIKE_RECEPTOR_CASCADES,1,12,50,1500,2.5,0.33524969917904673,Ctss,1.0
shared,Reactome,REACTOME_TRANSCRIPTIONAL_REGULATION_BY_TP53,2,14,50,1500,4.285714285714286,0.07677394817604072,mt-Co2|mt-Co3,0.4606436890562443
shared,Reactome,REACTOME_TRANSMISSION_ACROSS_CHEMICAL_SYNAPSES,0,36,50,1500,0.0,1.0,,1.0
shared,Reactome,REACTOME_TRANSPORT_OF_BILE_SALTS_AND_ORGANIC_ACIDS_METAL_IONS_AND_AMINE_COMPOUNDS,1,15,50,1500,2.0,0.4000764265660914,Slc6a6,1.0
shared,Reactome,REACTOME_TRANSPORT_OF_INORGANIC_CATIONS_ANIONS_AND_AMINO_ACIDS_OLIGOPEPTIDES,1,22,50,1500,1.3636363636363638,0.5281983764075895,Slc6a6,1.0
shared,Reactome,REACTOME_TRANSPORT_OF_SMALL_MOLECULES,3,91,50,1500,0.989010989010989,0.5951838582453176,Apoe|Mylip|Slc6a6,1.0
shared,Reactome,REACTOME_TRANSPORT_TO_THE_GOLGI_AND_SUBSEQUENT_MODIFICATION,0,12,50,1500,0.0,1.0,,1.0
shared,Reactome,REACTOME_VESICLE_MEDIATED_TRANSPORT,4,36,50,1500,3.3333333333333335,0.02931236097787959,Apoe|Cd163|Dab2|Stab1,0.3341609151478273
shared,Reactome,REACTOME_VISUAL_PHOTOTRANSDUCTION,2,12,50,1500,5.0,0.05807792677281182,Apoe|Ttr,0.3895770374628154
shared,GO_BP,GOBP_ACIDIC_AMINO_ACID_TRANSPORT,1,20,50,1500,1.5,0.49461650530034706,Slc6a6,1.0
shared,GO_BP,GOBP_ACTIN_FILAMENT_BASED_MOVEMENT,0,16,50,1500,0.0,1.0,,1.0
shared,GO_BP,GOBP_ACTIN_FILAMENT_BASED_PROCESS,4,114,50,1500,1.0526315789473684,0.5356176863014659,Bst2|Cflar|Mef2c|Tyrobp,1.0
shared,GO_BP,GOBP_ACTIN_FILAMENT_BUNDLE_ORGANIZATION,0,29,50,1500,0.0,1.0,,1.0
shared,GO_BP,GOBP_ACTIN_FILAMENT_ORGANIZATION,0,60,50,1500,0.0,1.0,,1.0
shared,GO_BP,GOBP_ACTIN_MEDIATED_CELL_CONTRACTION,0,15,50,1500,0.0,1.0,,1.0
shared,GO_BP,GOBP_ACTIN_POLYMERIZATION_OR_DEPOLYMERIZATION,0,20,50,1500,0.0,1.0,,1.0
shared,GO_BP,GOBP_ACTION_POTENTIAL,0,28,50,1500,0.0,1.0,,1.0
shared,GO_BP,GOBP_ACTIVATED_T_CELL_PROLIFERATION,2,10,50,1500,6.0,0.04131092728840577,Laptm5|Lilrb4a,0.38360146767805353
shared,GO_BP,GOBP_ACTIVATION_OF_IMMUNE_RESPONSE,9,52,50,1500,5.1923076923076925,3.0108023403445855e-05,C1qa|C5ar1|Laptm5|Lilrb4a|Mef2c|Pik3ap1|Ptprc|Tec|Tyrobp,0.008154256338433252
shared,GO_BP,GOBP_ACTIVATION_OF_INNATE_IMMUNE_RESPONSE,2,25,50,1500,2.4,0.20153398901832625,Pik3ap1|Tyrobp,0.9071820835312471
shared,GO_BP,GOBP_ACTOMYOSIN_STRUCTURE_ORGANIZATION,2,38,50,1500,1.5789473684210527,0.3640022098915078,Cflar|Mef2c,0.9827433006029385
shared,GO_BP,GOBP_ACUTE_INFLAMMATORY_RESPONSE,1,18,50,1500,1.6666666666666667,0.45869546617711976,Cd163,1.0
shared,GO_BP,GOBP_ACUTE_PHASE_RESPONSE,1,10,50,1500,3.0,0.2882684421548648,Cd163,0.9827433006029385
shared,GO_BP,GOBP_ADAPTIVE_IMMUNE_RESPONSE,8,46,50,1500,5.217391304347826,8.532588430058926e-05,C1qa|Csf2rb2|Lgals1|Lilrb4a|Mef2c|Pf4|Ptprc|Tec,0.017331820248557193
shared,GO_BP,GOBP_ADAPTIVE_IMMUNE_RESPONSE_BASED_ON_SOMATIC_RECOMBINATION_OF_IMMUNE_RECEPTORS_BUILT_FROM_IMMUNOGLOBULIN_SUPERFAMILY_DOMAINS,7,39,50,1500,5.384615384615384,0.00020266054769388955,C1qa|Csf2rb2|Lgals1|Lilrb4a|Mef2c|Pf4|Ptprc,0.0259555856367099
shared,GO_BP,GOBP_ADAPTIVE_THERMOGENESIS,0,23,50,1500,0.0,1.0,,1.0
shared,GO_BP,GOBP_ADENYLATE_CYCLASE_ACTIVATING_G_PROTEIN_COUPLED_RECEPTOR_SIGNALING_PATHWAY,1,25,50,1500,1.2,0.5745095173169409,Pf4,1.0
shared,GO_BP,GOBP_ADENYLATE_CYCLASE_INHIBITING_G_PROTEIN_COUPLED_RECEPTOR_SIGNALING_PATHWAY,0,10,50,1500,0.0,1.0,,1.0
shared,GO_BP,GOBP_ADENYLATE_CYCLASE_MODULATING_G_PROTEIN_COUPLED_RECEPTOR_SIGNALING_PATHWAY,1,34,50,1500,0.8823529411764706,0.6883105763500479,Pf4,1.0
shared,GO_BP,GOBP_ADHERENS_JUNCTION_ORGANIZATION,0,11,50,1500,0.0,1.0,,1.0
shared,GO_BP,GOBP_ADRENAL_GLAND_DEVELOPMENT,1,11,50,1500,2.7272727272727275,0.31215205147852715,Ly6e,0.9827433006029385
shared,GO_BP,GOBP_ADULT_BEHAVIOR,1,35,50,1500,0.8571428571428571,0.6989411842507965,Cxcl12,1.0
shared,GO_BP,GOBP_ADULT_LOCOMOTORY_BEHAVIOR,1,20,50,1500,1.5,0.49461650530034706,Cxcl12,1.0
shared,GO_BP,GOBP_AEROBIC_RESPIRATION,3,15,50,1500,6.0,0.011956460152065383,mt-Co2|mt-Co3|mt-Nd4,0.2057625554930393
shared,GO_BP,GOBP_ALCOHOL_METABOLIC_PROCESS,2,23,50,1500,2.608695652173913,0.17706049687331893,Apoe|Dab2,0.8462450218210096
shared,GO_BP,GOBP_ALPHA_AMINO_ACID_METABOLIC_PROCESS,0,16,50,1500,0.0,1.0,,1.0
shared,GO_BP,GOBP_ALPHA_BETA_T_CELL_ACTIVATION,4,25,50,1500,4.8,0.008242907697159811,Lgals1|Lilrb4a|Pf4|Ptprc,0.1695534811124645
shared,GO_BP,GOBP_ALPHA_BETA_T_CELL_DIFFERENTIATION,3,20,50,1500,4.5,0.026644162448827665,Lgals1|Lilrb4a|Pf4,0.30990470697907924
shared,GO_BP,GOBP_AMEBOIDAL_TYPE_CELL_MIGRATION,1,48,50,1500,0.625,0.8086739419485636,Cxcl12,1.0
shared,GO_BP,GOBP_AMIDE_BIOSYNTHETIC_PROCESS,0,11,50,1500,0.0,1.0,,1.0
shared,GO_BP,GOBP_AMIDE_METABOLIC_PROCESS,1,34,50,1500,0.8823529411764706,0.6883105763500479,Apoe,1.0
shared,GO_BP,GOBP_AMIDE_TRANSPORT,0,53,50,1500,0.0,1.0,,1.0
shared,GO_BP,GOBP_AMINE_METABOLIC_PROCESS,2,16,50,1500,3.75,0.0970847228115921,Ly6e|Sat1,0.6211128920032959
shared,GO_BP,GOBP_AMINE_TRANSPORT,1,24,50,1500,1.25,0.5595904961849962,Cxcl12,1.0
shared,GO_BP,GOBP_AMINO_ACID_BIOSYNTHETIC_PROCESS,0,10,50,1500,0.0,1.0,,1.0
shared,GO_BP,GOBP_AMINO_ACID_IMPORT_ACROSS_PLASMA_MEMBRANE,1,20,50,1500,1.5,0.49461650530034706,Slc6a6,1.0
shared,GO_BP,GOBP_AMINO_ACID_METABOLIC_PROCESS,0,19,50,1500,0.0,1.0,,1.0
shared,GO_BP,GOBP_AMINO_ACID_TRANSMEMBRANE_TRANSPORT,1,29,50,1500,1.0344827586206897,0.6293882879681989,Slc6a6,1.0
shared,GO_BP,GOBP_AMINO_ACID_TRANSPORT,1,40,50,1500,0.75,0.7469883874978639,Slc6a6,1.0
shared,GO_BP,GOBP_ANATOMICAL_STRUCTURE_FORMATION_INVOLVED_IN_MORPHOGENESIS,10,201,50,1500,1.4925373134328357,0.12104468424243067,C5ar1|Cflar|Cxcl12|Dab2|Junb|Mef2c|Pf4|Stab1|Tnfsf12|Tyrobp,0.6944714478867933
shared,GO_BP,GOBP_ANATOMICAL_STRUCTURE_MATURATION,1,41,50,1500,0.7317073170731707,0.755653168747937,C1qa,1.0
shared,GO_BP,GOBP_ANGIOGENESIS,5,117,50,1500,1.2820512820512822,0.3500816325774233,C5ar1|Cxcl12|Pf4|Stab1|Tnfsf12,0.9827433006029385
shared,GO_BP,GOBP_ANIMAL_ORGAN_MORPHOGENESIS,4,151,50,1500,0.794701986754967,0.7591652846416824,Cflar|Ctsd|Ly6e|Mef2c,1.0
shared,GO_BP,GOBP_ANIMAL_ORGAN_REGENERATION,1,15,50,1500,2.0,0.4000764265660914,Cxcl12,0.9873222282690042
shared,GO_BP,GOBP_ANTERIOR_POSTERIOR_PATTERN_SPECIFICATION,0,22,50,1500,0.0,1.0,,1.0
shared,GO_BP,GOBP_ANTIGEN_PROCESSING_AND_PRESENTATION,2,11,50,1500,5.454545454545455,0.04943234891824236,Ctss|Psmb8,0.41405962367084453
shared,GO_BP,GOBP_ANTIGEN_RECEPTOR_MEDIATED_SIGNALING_PATHWAY,5,18,50,1500,8.333333333333334,0.0002076446850936792,Laptm5|Lilrb4a|Mef2c|Ptprc|Tec,0.0259555856367099
shared,GO_BP,GOBP_ANTIMICROBIAL_HUMORAL_IMMUNE_RESPONSE_MEDIATED_BY_ANTIMICROBIAL_PEPTIDE,2,14,50,1500,4.285714285714286,0.07677394817604072,Cxcl12|Pf4,0.5400764752643556
shared,GO_BP,GOBP_ANTIMICROBIAL_HUMORAL_RESPONSE,2,19,50,1500,3.1578947368421053,0.12996801648711176,Cxcl12|Pf4,0.7074402780280293
shared,GO_BP,GOBP_AORTA_DEVELOPMENT,0,11,50,1500,0.0,1.0,,1.0
shared,GO_BP,GOBP_APICAL_JUNCTION_ASSEMBLY,0,12,50,1500,0.0,1.0,,1.0
shared,GO_BP,GOBP_APOPTOTIC_MITOCHONDRIAL_CHANGES,0,15,50,1500,0.0,1.0,,1.0
shared,GO_BP,GOBP_APOPTOTIC_SIGNALING_PATHWAY,6,74,50,1500,2.4324324324324325,0.03312549610655115,Cflar|Cxcl12|Dab2|Ifi27l2a|Ptprc|Tnfsf12,0.35484286643964424
shared,GO_BP,GOBP_APPENDAGE_DEVELOPMENT,0,21,50,1500,0.0,1.0,,1.0
shared,GO_BP,GOBP_APPENDAGE_MORPHOGENESIS,0,18,50,1500,0.0,1.0,,1.0
shared,GO_BP,GOBP_ARTERY_DEVELOPMENT,1,24,50,1500,1.25,0.5595904961849962,Apoe,1.0
shared,GO_BP,GOBP_ARTERY_MORPHOGENESIS,1,24,50,1500,1.25,0.5595904961849962,Apoe,1.0
shared,GO_BP,GOBP_ASSOCIATIVE_LEARNING,0,25,50,1500,0.0,1.0,,1.0
shared,GO_BP,GOBP_ASTROCYTE_DEVELOPMENT,2,11,50,1500,5.454545454545455,0.04943234891824236,C1qa|C5ar1,0.41405962367084453
shared,GO_BP,GOBP_ASTROCYTE_DIFFERENTIATION,3,24,50,1500,3.75,0.04309557126901202,C1qa|C5ar1|Cul4b,0.3956514311420595
shared,GO_BP,GOBP_ATP_METABOLIC_PROCESS,1,15,50,1500,2.0,0.4000764265660914,mt-Nd4,0.9873222282690042
shared,GO_BP,GOBP_AXONEME_ASSEMBLY,0,20,50,1500,0.0,1.0,,1.0
shared,GO_BP,GOBP_AXON_DEVELOPMENT,3,96,50,1500,0.9375,0.6325355936674357,Apoe|Cxcl12|Mef2c,1.0
shared,GO_BP,GOBP_AXON_ENSHEATHMENT_IN_CENTRAL_NERVOUS_SYSTEM,0,12,50,1500,0.0,1.0,,1.0
shared,GO_BP,GOBP_AXON_EXTENSION,2,26,50,1500,2.3076923076923075,0.21392436250078883,Apoe|Cxcl12,0.9319761100905679
shared,GO_BP,GOBP_AXON_REGENERATION,1,14,50,1500,2.142857142857143,0.3791877227557184,Apoe,0.9827433006029385
shared,GO_BP,GOBP_BEHAVIOR,3,126,50,1500,0.7142857142857143,0.8071875285767773,Apoe|Cxcl12|Mef2c,1.0
shared,GO_BP,GOBP_BIOLOGICAL_PROCESS_INVOLVED_IN_INTERACTION_WITH_HOST,1,13,50,1500,2.3076923076923075,0.3575867388571701,Lgals1,0.9827433006029385
shared,GO_BP,GOBP_BIOLOGICAL_PROCESS_INVOLVED_IN_INTRASPECIES_INTERACTION_BETWEEN_ORGANISMS,0,11,50,1500,0.0,1.0,,1.0
shared,GO_BP,GOBP_BIOLOGICAL_PROCESS_INVOLVED_IN_SYMBIOTIC_INTERACTION,2,17,50,1500,3.5294117647058822,0.10775612872998955,Bst2|Lgals1,0.6508634297460815
shared,GO_BP,GOBP_BIOMINERAL_TISSUE_DEVELOPMENT,1,28,50,1500,1.0714285714285714,0.616356933817995,Mef2c,1.0
shared,GO_BP,GOBP_BLASTOCYST_DEVELOPMENT,1,12,50,1500,2.5,0.33524969917904673,Junb,0.9827433006029385
shared,GO_BP,GOBP_BLOOD_VESSEL_ENDOTHELIAL_CELL_MIGRATION,3,32,50,1500,2.8125,0.08778710247437263,Apoe|Cxcl12|Mef2c,0.5943918396702313
shared,GO_BP,GOBP_BLOOD_VESSEL_MORPHOGENESIS,7,136,50,1500,1.5441176470588236,0.16048174945983362,Apoe|C5ar1|Cxcl12|Junb|Pf4|Stab1|Tnfsf12,0.8063896474766488
shared,GO_BP,GOBP_BLOOD_VESSEL_REMODELING,1,13,50,1500,2.3076923076923075,0.3575867388571701,Mef2c,0.9827433006029385
shared,GO_BP,GOBP_BODY_FLUID_SECRETION,1,17,50,1500,1.7647058823529411,0.4398083575301246,mt-Co2,1.0
shared,GO_BP,GOBP_BODY_MORPHOGENESIS,0,11,50,1500,0.0,1.0,,1.0
shared,GO_BP,GOBP_BONE_DEVELOPMENT,3,36,50,1500,2.5,0.11530992591822377,Mef2c|Ptprc|Tyrobp,0.6789080783228755
shared,GO_BP,GOBP_BONE_MINERALIZATION,1,26,50,1500,1.1538461538461537,0.5889329235095868,Mef2c,1.0
shared,GO_BP,GOBP_BONE_MORPHOGENESIS,1,14,50,1500,2.142857142857143,0.3791877227557184,Mef2c,0.9827433006029385
shared,GO_BP,GOBP_BONE_REMODELING,1,15,50,1500,2.0,0.4000764265660914,Ctss,0.9873222282690042
shared,GO_BP,GOBP_BONE_RESORPTION,1,10,50,1500,3.0,0.2882684421548648,Ctss,0.9827433006029385
shared,GO_BP,GOBP_BRAIN_DERIVED_NEUROTROPHIC_FACTOR_RECEPTOR_SIGNALING_PATHWAY,0,21,50,1500,0.0,1.0,,1.0
shared,GO_BP,GOBP_BRANCHING_INVOLVED_IN_BLOOD_VESSEL_MORPHOGENESIS,1,13,50,1500,2.3076923076923075,0.3575867388571701,Cxcl12,0.9827433006029385
shared,GO_BP,GOBP_BRANCHING_MORPHOGENESIS_OF_AN_EPITHELIAL_TUBE,2,30,50,1500,2.0,0.26406742974514547,Ctsd|Cxcl12,0.9827433006029385
shared,GO_BP,GOBP_BROWN_FAT_CELL_DIFFERENTIATION,0,16,50,1500,0.0,1.0,,1.0
shared,GO_BP,GOBP_B_CELL_ACTIVATION,6,31,50,1500,5.806451612903225,0.00039415640715090695,Laptm5|Lgals1|Lilrb4a|Mef2c|Ptprc|Tyrobp,0.04003151010126399
shared,GO_BP,GOBP_B_CELL_ACTIVATION_INVOLVED_IN_IMMUNE_RESPONSE,3,10,50,1500,9.0,0.0035480063258161673,Lgals1|Lilrb4a|Ptprc,0.10746502652417324
shared,GO_BP,GOBP_B_CELL_DIFFERENTIATION,4,18,50,1500,6.666666666666667,0.002369698940448127,Laptm5|Lgals1|Lilrb4a|Ptprc,0.09168478043400491
shared,GO_BP,GOBP_B_CELL_MEDIATED_IMMUNITY,3,16,50,1500,5.625,0.014373895602843016,C1qa|Csf2rb2|Ptprc,0.2162738921724065
shared,GO_BP,GOBP_B_CELL_PROLIFERATION,3,16,50,1500,5.625,0.014373895602843016,Mef2c|Ptprc|Tyrobp,0.2162738921724065
shared,GO_BP,GOBP_CALCIUM_ION_HOMEOSTASIS,2,49,50,1500,1.2244897959183674,0.4924325236817257,Apoe|Ptprc,1.0
shared,GO_BP,GOBP_CALCIUM_ION_IMPORT,1,13,50,1500,2.3076923076923075,0.3575867388571701,Cxcl12,0.9827433006029385
shared,GO_BP,GOBP_CALCIUM_ION_REGULATED_EXOCYTOSIS,0,11,50,1500,0.0,1.0,,1.0
shared,GO_BP,GOBP_CALCIUM_ION_TRANSMEMBRANE_IMPORT_INTO_CYTOSOL,1,22,50,1500,1.3636363636363638,0.5281983764075895,Ptprc,1.0
shared,GO_BP,GOBP_CALCIUM_ION_TRANSMEMBRANE_TRANSPORT,1,43,50,1500,0.6976744186046512,0.7721193007548377,Ptprc,1.0
shared,GO_BP,GOBP_CALCIUM_ION_TRANSPORT,2,67,50,1500,0.8955223880597015,0.6651326043560877,Cxcl12|Ptprc,1.0
shared,GO_BP,GOBP_CALCIUM_MEDIATED_SIGNALING,1,38,50,1500,0.7894736842105263,0.7287458866817691,Ptprc,1.0
shared,GO_BP,GOBP_CAMERA_TYPE_EYE_MORPHOGENESIS,0,29,50,1500,0.0,1.0,,1.0
shared,GO_BP,GOBP_CANONICAL_NF_KAPPAB_SIGNAL_TRANSDUCTION,2,25,50,1500,2.4,0.20153398901832625,Lilrb4a|Pik3ap1,0.9071820835312471
shared,GO_BP,GOBP_CANONICAL_WNT_SIGNALING_PATHWAY,2,29,50,1500,2.0689655172413794,0.25147901761228364,Apoe|Dab2,0.9827433006029385
shared,GO_BP,GOBP_CARBOHYDRATE_BIOSYNTHETIC_PROCESS,0,13,50,1500,0.0,1.0,,1.0
shared,GO_BP,GOBP_CARBOHYDRATE_CATABOLIC_PROCESS,0,12,50,1500,0.0,1.0,,1.0
shared,GO_BP,GOBP_CARBOHYDRATE_DERIVATIVE_BIOSYNTHETIC_PROCESS,1,23,50,1500,1.3043478260869565,0.5441591891136924,mt-Nd4,1.0
shared,GO_BP,GOBP_CARBOHYDRATE_DERIVATIVE_CATABOLIC_PROCESS,0,19,50,1500,0.0,1.0,,1.0
shared,GO_BP,GOBP_CARBOHYDRATE_DERIVATIVE_METABOLIC_PROCESS,1,57,50,1500,0.5263157894736842,0.8605491527572983,mt-Nd4,1.0
shared,GO_BP,GOBP_CARBOHYDRATE_HOMEOSTASIS,0,36,50,1500,0.0,1.0,,1.0
shared,GO_BP,GOBP_CARBOHYDRATE_METABOLIC_PROCESS,1,36,50,1500,0.8333333333333334,0.7092162291569126,Cbr2,1.0
shared,GO_BP,GOBP_CARBOHYDRATE_TRANSPORT,0,11,50,1500,0.0,1.0,,1.0
shared,GO_BP,GOBP_CARDIAC_CELL_DEVELOPMENT,0,22,50,1500,0.0,1.0,,1.0
shared,GO_BP,GOBP_CARDIAC_CHAMBER_DEVELOPMENT,2,32,50,1500,1.875,0.2892565406012864,Ly6e|Mef2c,0.9827433006029385
shared,GO_BP,GOBP_CARDIAC_CHAMBER_MORPHOGENESIS,2,29,50,1500,2.0689655172413794,0.25147901761228364,Ly6e|Mef2c,0.9827433006029385
shared,GO_BP,GOBP_CARDIAC_CONDUCTION,0,12,50,1500,0.0,1.0,,1.0
shared,GO_BP,GOBP_CARDIAC_EPITHELIAL_TO_MESENCHYMAL_TRANSITION,0,10,50,1500,0.0,1.0,,1.0
shared,GO_BP,GOBP_CARDIAC_MUSCLE_CELL_CONTRACTION,0,12,50,1500,0.0,1.0,,1.0
shared,GO_BP,GOBP_CARDIAC_MUSCLE_CELL_DIFFERENTIATION,1,26,50,1500,1.1538461538461537,0.5889329235095868,Mef2c,1.0
shared,GO_BP,GOBP_CARDIAC_MUSCLE_CELL_PROLIFERATION,1,12,50,1500,2.5,0.33524969917904673,Mef2c,0.9827433006029385
shared,GO_BP,GOBP_CARDIAC_MUSCLE_CONTRACTION,0,23,50,1500,0.0,1.0,,1.0
shared,GO_BP,GOBP_CARDIAC_MUSCLE_TISSUE_DEVELOPMENT,2,48,50,1500,1.25,0.4813877414329201,Ly6e|Mef2c,1.0
shared,GO_BP,GOBP_CARDIAC_MUSCLE_TISSUE_MORPHOGENESIS,1,15,50,1500,2.0,0.4000764265660914,Ly6e,0.9873222282690042
shared,GO_BP,GOBP_CARDIAC_SEPTUM_DEVELOPMENT,0,22,50,1500,0.0,1.0,,1.0
shared,GO_BP,GOBP_CARDIAC_SEPTUM_MORPHOGENESIS,0,18,50,1500,0.0,1.0,,1.0
shared,GO_BP,GOBP_CARDIAC_VENTRICLE_DEVELOPMENT,2,25,50,1500,2.4,0.20153398901832625,Ly6e|Mef2c,0.9071820835312471
shared,GO_BP,GOBP_CARDIAC_VENTRICLE_MORPHOGENESIS,2,16,50,1500,3.75,0.0970847228115921,Ly6e|Mef2c,0.6211128920032959
shared,GO_BP,GOBP_CARDIOCYTE_DIFFERENTIATION,1,39,50,1500,0.7692307692307692,0.7380227031427208,Mef2c,1.0
shared,GO_BP,GOBP_CARTILAGE_DEVELOPMENT,2,35,50,1500,1.7142857142857142,0.32686990772459135,Maf|Mef2c,0.9827433006029385
shared,GO_BP,GOBP_CATECHOLAMINE_SECRETION,2,14,50,1500,4.285714285714286,0.07677394817604072,Cxcl12|Ly6e,0.5400764752643556
shared,GO_BP,GOBP_CATECHOLAMINE_TRANSPORT,2,15,50,1500,4.0,0.08674586941049843,Cxcl12|Ly6e,0.5897993213056901
shared,GO_BP,GOBP_CATECHOL_CONTAINING_COMPOUND_METABOLIC_PROCESS,1,13,50,1500,2.3076923076923075,0.3575867388571701,Ly6e,0.9827433006029385
shared,GO_BP,GOBP_CD4_POSITIVE_ALPHA_BETA_T_CELL_ACTIVATION,3,19,50,1500,4.736842105263158,0.023183209906023995,Lgals1|Lilrb4a|Pf4,0.2920365588937131
shared,GO_BP,GOBP_CD4_POSITIVE_ALPHA_BETA_T_CELL_DIFFERENTIATION,2,15,50,1500,4.0,0.08674586941049843,Lgals1|Pf4,0.5897993213056901
shared,GO_BP,GOBP_CELLULAR_COMPONENT_ASSEMBLY_INVOLVED_IN_MORPHOGENESIS,2,25,50,1500,2.4,0.20153398901832625,Cflar|Mef2c,0.9071820835312471
shared,GO_BP,GOBP_CELLULAR_COMPONENT_DISASSEMBLY,2,43,50,1500,1.3953488372093024,0.424148062560875,C1qa|Ctss,0.9931420773219336
shared,GO_BP,GOBP_CELLULAR_COMPONENT_MAINTENANCE,1,14,50,1500,2.142857142857143,0.3791877227557184,Apoe,0.9827433006029385
shared,GO_BP,GOBP_CELLULAR_EXTRAVASATION,1,13,50,1500,2.3076923076923075,0.3575867388571701,Cxcl12,0.9827433006029385
shared,GO_BP,GOBP_CELLULAR_HOMEOSTASIS,3,95,50,1500,0.9473684210526316,0.625250671821784,Apoe|Mt1|Ptprc,1.0
shared,GO_BP,GOBP_CELLULAR_OXIDANT_DETOXIFICATION,2,10,50,1500,6.0,0.04131092728840577,Apoe|Gpx3,0.38360146767805353
shared,GO_BP,GOBP_CELLULAR_PROCESS_INVOLVED_IN_REPRODUCTION_IN_MULTICELLULAR_ORGANISM,1,43,50,1500,0.6976744186046512,0.7721193007548377,Cxcl12,1.0
shared,GO_BP,GOBP_CELLULAR_RESPIRATION,3,17,50,1500,5.294117647058823,0.01704917842361118,mt-Co2|mt-Co3|mt-Nd4,0.2409123038118971
shared,GO_BP,GOBP_CELLULAR_RESPONSE_TO_ABIOTIC_STIMULUS,1,37,50,1500,0.8108108108108107,0.7191473688714989,Cul4b,1.0
shared,GO_BP,GOBP_CELLULAR_RESPONSE_TO_ACID_CHEMICAL,0,22,50,1500,0.0,1.0,,1.0
shared,GO_BP,GOBP_CELLULAR_RESPONSE_TO_ALCOHOL,0,11,50,1500,0.0,1.0,,1.0
shared,GO_BP,GOBP_CELLULAR_RESPONSE_TO_BIOTIC_STIMULUS,4,34,50,1500,3.5294117647058822,0.024233122928500488,Lilrb4a|Mef2c|Mrc1|Pf4,0.300601715716132
shared,GO_BP,GOBP_CELLULAR_RESPONSE_TO_CALCIUM_ION,3,20,50,1500,4.5,0.026644162448827665,Cpne2|Junb|Mef2c,0.30990470697907924
shared,GO_BP,GOBP_CELLULAR_RESPONSE_TO_CAMP,0,10,50,1500,0.0,1.0,,1.0
shared,GO_BP,GOBP_CELLULAR_RESPONSE_TO_CARBOHYDRATE_STIMULUS,0,23,50,1500,0.0,1.0,,1.0
shared,GO_BP,GOBP_CELLULAR_RESPONSE_TO_CHEMICAL_STRESS,0,40,50,1500,0.0,1.0,,1.0
shared,GO_BP,GOBP_CELLULAR_RESPONSE_TO_ENDOGENOUS_STIMULUS,5,167,50,1500,0.8982035928143713,0.6709529860299653,Cflar|Ctsd|Dab2|Mef2c|Ncf2,1.0
shared,GO_BP,GOBP_CELLULAR_RESPONSE_TO_EXTERNAL_STIMULUS,0,12,50,1500,0.0,1.0,,1.0
shared,GO_BP,GOBP_CELLULAR_RESPONSE_TO_HEAT,0,12,50,1500,0.0,1.0,,1.0
shared,GO_BP,GOBP_CELLULAR_RESPONSE_TO_HORMONE_STIMULUS,4,83,50,1500,1.4457831325301205,0.2979517645922285,Ctsd|Dab2|Mef2c|Ncf2,0.9827433006029385
shared,GO_BP,GOBP_CELLULAR_RESPONSE_TO_HYDROGEN_PEROXIDE,0,12,50,1500,0.0,1.0,,1.0
shared,GO_BP,GOBP_CELLULAR_RESPONSE_TO_HYPOXIA,0,22,50,1500,0.0,1.0,,1.0
shared,GO_BP,GOBP_CELLULAR_RESPONSE_TO_INSULIN_STIMULUS,1,36,50,1500,0.8333333333333334,0.7092162291569126,Ctsd,1.0
shared,GO_BP,GOBP_CELLULAR_RESPONSE_TO_INTERLEUKIN_1,0,13,50,1500,0.0,1.0,,1.0
shared,GO_BP,GOBP_CELLULAR_RESPONSE_TO_KETONE,0,13,50,1500,0.0,1.0,,1.0
shared,GO_BP,GOBP_CELLULAR_RESPONSE_TO_LIPID,5,71,50,1500,2.112676056338028,0.08340125965686701,Dab2|Lilrb4a|Mef2c|Mrc1|Pf4,0.5791754142837987
shared,GO_BP,GOBP_CELLULAR_RESPONSE_TO_METAL_ION,4,37,50,1500,3.243243243243243,0.03207321176489885,Cpne2|Junb|Mef2c|Mt1,0.35215519674297724
shared,GO_BP,GOBP_CELLULAR_RESPONSE_TO_NITROGEN_COMPOUND,4,104,50,1500,1.1538461538461537,0.4612835281471567,Cflar|Ctsd|Ly6e|Mef2c,1.0
shared,GO_BP,GOBP_CELLULAR_RESPONSE_TO_NUTRIENT_LEVELS,0,26,50,1500,0.0,1.0,,1.0
shared,GO_BP,GOBP_CELLULAR_RESPONSE_TO_OXIDATIVE_STRESS,0,28,50,1500,0.0,1.0,,1.0
shared,GO_BP,GOBP_CELLULAR_RESPONSE_TO_OXYGEN_CONTAINING_COMPOUND,8,169,50,1500,1.4201183431952662,0.19310193324277747,Cflar|Ctsd|Lilrb4a|Ly6e|Mef2c|Mrc1|Mt1|Pf4,0.9016972457457281
shared,GO_BP,GOBP_CELLULAR_RESPONSE_TO_OXYGEN_LEVELS,0,23,50,1500,0.0,1.0,,1.0
shared,GO_BP,GOBP_CELLULAR_RESPONSE_TO_PEPTIDE_HORMONE_STIMULUS,1,51,50,1500,0.5882352941176471,0.8277789323376701,Ctsd,1.0
shared,GO_BP,GOBP_CELLULAR_RESPONSE_TO_RADIATION,1,14,50,1500,2.142857142857143,0.3791877227557184,Cul4b,0.9827433006029385
shared,GO_BP,GOBP_CELLULAR_RESPONSE_TO_REACTIVE_OXYGEN_SPECIES,0,21,50,1500,0.0,1.0,,1.0
shared,GO_BP,GOBP_CELLULAR_RESPONSE_TO_STARVATION,0,17,50,1500,0.0,1.0,,1.0
shared,GO_BP,GOBP_CELLULAR_RESPONSE_TO_STEROID_HORMONE_STIMULUS,1,17,50,1500,1.7647058823529411,0.4398083575301246,Dab2,1.0
shared,GO_BP,GOBP_CELLULAR_RESPONSE_TO_STRESS,4,149,50,1500,0.8053691275167785,0.7494894888118877,Apoe|Cul4b|Cxcl12|Mef2c,1.0
shared,GO_BP,GOBP_CELLULAR_RESPONSE_TO_TOXIC_SUBSTANCE,2,17,50,1500,3.5294117647058822,0.10775612872998955,Apoe|Gpx3,0.6508634297460815
shared,GO_BP,GOBP_CELLULAR_RESPONSE_TO_VASCULAR_ENDOTHELIAL_GROWTH_FACTOR_STIMULUS,0,35,50,1500,0.0,1.0,,1.0
shared,GO_BP,GOBP_CELLULAR_RESPONSE_TO_XENOBIOTIC_STIMULUS,1,25,50,1500,1.2,0.5745095173169409,Mef2c,1.0
shared,GO_BP,GOBP_CELLULAR_SENESCENCE,0,11,50,1500,0.0,1.0,,1.0
shared,GO_BP,GOBP_CELL_ACTIVATION,12,146,50,1500,2.4657534246575343,0.0021338175782459248,Apoe|C1qa|C5ar1|Cxcl12|Laptm5|Lgals1|Lilrb4a|Mef2c|Pf4|Ptprc|Tec|Tyrobp,0.08457203816218604
shared,GO_BP,GOBP_CELL_ACTIVATION_INVOLVED_IN_IMMUNE_RESPONSE,5,44,50,1500,3.409090909090909,0.013652438310575388,Lgals1|Lilrb4a|Pf4|Ptprc|Tyrobp,0.2162738921724065
shared,GO_BP,GOBP_CELL_ADHESION,10,251,50,1500,1.195219123505976,0.31967463893650405,Cxcl12|Dab2|Laptm5|Lgals1|Lilrb4a|Pf4|Ptprc|Siglech|Sparcl1|Stab1,0.9827433006029385
shared,GO_BP,GOBP_CELL_ADHESION_MEDIATED_BY_INTEGRIN,0,18,50,1500,0.0,1.0,,1.0
shared,GO_BP,GOBP_CELL_CELL_ADHESION,7,137,50,1500,1.5328467153284673,0.16488636179408922,Cxcl12|Laptm5|Lgals1|Lilrb4a|Pf4|Ptprc|Sparcl1,0.8125988774604828
shared,GO_BP,GOBP_CELL_CELL_ADHESION_MEDIATED_BY_CADHERIN,0,10,50,1500,0.0,1.0,,1.0
shared,GO_BP,GOBP_CELL_CELL_ADHESION_VIA_PLASMA_MEMBRANE_ADHESION_MOLECULES,2,42,50,1500,1.4285714285714286,0.4123282859057648,Lgals1|Sparcl1,0.9912166827430607
shared,GO_BP,GOBP_CELL_CELL_JUNCTION_ASSEMBLY,0,28,50,1500,0.0,1.0,,1.0
shared,GO_BP,GOBP_CELL_CELL_JUNCTION_ORGANIZATION,0,39,50,1500,0.0,1.0,,1.0
shared,GO_BP,GOBP_CELL_CELL_SIGNALING,9,204,50,1500,1.3235294117647058,0.23053124373526787,Apoe|Cxcl12|Dab2|Ly6e|Mef2c|Nrgn|Slc6a6|Stab1|Tyrobp,0.9766372060277677
shared,GO_BP,GOBP_CELL_CHEMOTAXIS,3,69,50,1500,1.3043478260869565,0.40697219074133145,C5ar1|Cxcl12|Pf4,0.9912166827430607
shared,GO_BP,GOBP_CELL_CYCLE,3,136,50,1500,0.6617647058823529,0.8477624283870748,Cul4b|Junb|Ptprc,1.0
shared,GO_BP,GOBP_CELL_CYCLE_CHECKPOINT_SIGNALING,0,14,50,1500,0.0,1.0,,1.0
shared,GO_BP,GOBP_CELL_CYCLE_G1_S_PHASE_TRANSITION,1,33,50,1500,0.9090909090909091,0.6773123609777841,Cul4b,1.0
shared,GO_BP,GOBP_CELL_CYCLE_G2_M_PHASE_TRANSITION,0,16,50,1500,0.0,1.0,,1.0
shared,GO_BP,GOBP_CELL_CYCLE_PHASE_TRANSITION,2,56,50,1500,1.0714285714285714,0.5656064838861655,Cul4b|Ptprc,1.0
shared,GO_BP,GOBP_CELL_CYCLE_PROCESS,2,103,50,1500,0.5825242718446603,0.8707040201360202,Cul4b|Ptprc,1.0
shared,GO_BP,GOBP_CELL_DIFFERENTIATION_INVOLVED_IN_KIDNEY_DEVELOPMENT,1,13,50,1500,2.3076923076923075,0.3575867388571701,Mef2c,0.9827433006029385
shared,GO_BP,GOBP_CELL_DIVISION,0,50,50,1500,0.0,1.0,,1.0
shared,GO_BP,GOBP_CELL_FATE_COMMITMENT,2,41,50,1500,1.4634146341463414,0.40039713749493766,Lgals1|Mef2c,0.9873222282690042
shared,GO_BP,GOBP_CELL_FATE_DETERMINATION,1,10,50,1500,3.0,0.2882684421548648,Mef2c,0.9827433006029385
shared,GO_BP,GOBP_CELL_FATE_SPECIFICATION,0,11,50,1500,0.0,1.0,,1.0
shared,GO_BP,GOBP_CELL_GROWTH,4,74,50,1500,1.6216216216216215,0.23019799603042054,Apoe|Bst2|Cxcl12|Dab2,0.9766372060277677
shared,GO_BP,GOBP_CELL_JUNCTION_ASSEMBLY,1,93,50,1500,0.3225806451612903,0.9614386833376959,Mef2c,1.0
shared,GO_BP,GOBP_CELL_JUNCTION_ORGANIZATION,5,155,50,1500,0.9677419354838709,0.602312871770917,Apoe|C1qa|C5ar1|Mef2c|Sparcl1,1.0
shared,GO_BP,GOBP_CELL_KILLING,4,20,50,1500,6.0,0.003571145496803295,Cxcl12|Lyz2|Ptprc|Tyrobp,0.10746502652417324
shared,GO_BP,GOBP_CELL_MATRIX_ADHESION,0,45,50,1500,0.0,1.0,,1.0
shared,GO_BP,GOBP_CELL_MATURATION,1,33,50,1500,0.9090909090909091,0.6773123609777841,C1qa,1.0
shared,GO_BP,GOBP_CELL_MIGRATION,8,260,50,1500,0.9230769230769231,0.6592934548430796,Apoe|Bst2|C5ar1|Cxcl12|Dab2|Mef2c|Pf4|Ptprc,1.0
shared,GO_BP,GOBP_CELL_MIGRATION_INVOLVED_IN_SPROUTING_ANGIOGENESIS,0,17,50,1500,0.0,1.0,,1.0
shared,GO_BP,GOBP_CELL_MORPHOGENESIS,4,175,50,1500,0.6857142857142857,0.8544074821115916,Apoe|Cxcl12|Dab2|Mef2c,1.0
shared,GO_BP,GOBP_CELL_MORPHOGENESIS_INVOLVED_IN_NEURON_DIFFERENTIATION,3,107,50,1500,0.8411214953271028,0.7063872920661782,Apoe|Cxcl12|Mef2c,1.0
shared,GO_BP,GOBP_CELL_MOTILITY,8,294,50,1500,0.8163265306122448,0.7946417670294539,Apoe|Bst2|C5ar1|Cxcl12|Dab2|Mef2c|Pf4|Ptprc,1.0
shared,GO_BP,GOBP_CELL_PROJECTION_ASSEMBLY,0,63,50,1500,0.0,1.0,,1.0
shared,GO_BP,GOBP_CELL_PROJECTION_MORPHOGENESIS,3,130,50,1500,0.6923076923076924,0.8243720051473609,Apoe|Cxcl12|Mef2c,1.0
shared,GO_BP,GOBP_CELL_PROJECTION_ORGANIZATION,8,255,50,1500,0.9411764705882353,0.6359403612709958,Apoe|Cflar|Cul4b|Cxcl12|Dab2|Lgals1|Mef2c|Mylip,1.0
shared,GO_BP,GOBP_CELL_RECOGNITION,0,22,50,1500,0.0,1.0,,1.0
shared,GO_BP,GOBP_CELL_SUBSTRATE_ADHESION,2,72,50,1500,0.8333333333333334,0.7041110769964758,Dab2|Lgals1,1.0
shared,GO_BP,GOBP_CELL_SUBSTRATE_JUNCTION_ORGANIZATION,0,20,50,1500,0.0,1.0,,1.0
shared,GO_BP,GOBP_CELL_SURFACE_RECEPTOR_PROTEIN_SERINE_THREONINE_KINASE_SIGNALING_PATHWAY,1,47,50,1500,0.6382978723404256,0.8018554794378209,Dab2,1.0
shared,GO_BP,GOBP_CELL_SURFACE_RECEPTOR_PROTEIN_TYROSINE_KINASE_SIGNALING_PATHWAY,1,86,50,1500,0.3488372093023256,0.950359710835991,Ctsd,1.0
shared,GO_BP,GOBP_CELL_SURFACE_RECEPTOR_SIGNALING_PATHWAY_VIA_STAT,2,19,50,1500,3.1578947368421053,0.12996801648711176,Csf2rb2|Ptprc,0.7074402780280293
shared,GO_BP,GOBP_CENTRAL_NERVOUS_SYSTEM_DEVELOPMENT,6,175,50,1500,1.0285714285714287,0.5378928244086646,C1qa|C5ar1|Cul4b|Cxcl12|Tyrobp|mt-Nd4,1.0
shared,GO_BP,GOBP_CENTRAL_NERVOUS_SYSTEM_NEURON_DEVELOPMENT,0,19,50,1500,0.0,1.0,,1.0
shared,GO_BP,GOBP_CENTRAL_NERVOUS_SYSTEM_NEURON_DIFFERENTIATION,0,44,50,1500,0.0,1.0,,1.0
shared,GO_BP,GOBP_CEREBELLAR_CORTEX_DEVELOPMENT,0,10,50,1500,0.0,1.0,,1.0
shared,GO_BP,GOBP_CEREBRAL_CORTEX_DEVELOPMENT,0,24,50,1500,0.0,1.0,,1.0
shared,GO_BP,GOBP_CHEMICAL_HOMEOSTASIS,4,120,50,1500,1.0,0.5778860254389062,Apoe|Mt1|Mylip|Ptprc,1.0
shared,GO_BP,GOBP_CHEMICAL_SYNAPTIC_TRANSMISSION_POSTSYNAPTIC,1,26,50,1500,1.1538461538461537,0.5889329235095868,Mef2c,1.0
shared,GO_BP,GOBP_CHEMOKINE_PRODUCTION,1,20,50,1500,1.5,0.49461650530034706,Lilrb4a,1.0
shared,GO_BP,GOBP_CHLORIDE_TRANSPORT,0,15,50,1500,0.0,1.0,,1.0
shared,GO_BP,GOBP_CHONDROCYTE_DIFFERENTIATION,2,21,50,1500,2.857142857142857,0.15314117104382513,Maf|Mef2c,0.7778565760862105
shared,GO_BP,GOBP_CHROMATIN_ORGANIZATION,1,47,50,1500,0.6382978723404256,0.8018554794378209,Ptprc,1.0
shared,GO_BP,GOBP_CHROMOSOME_LOCALIZATION,0,11,50,1500,0.0,1.0,,1.0
shared,GO_BP,GOBP_CHROMOSOME_ORGANIZATION,0,31,50,1500,0.0,1.0,,1.0
shared,GO_BP,GOBP_CHROMOSOME_SEGREGATION,0,30,50,1500,0.0,1.0,,1.0
shared,GO_BP,GOBP_CILIUM_MOVEMENT,0,36,50,1500,0.0,1.0,,1.0
shared,GO_BP,GOBP_CILIUM_ORGANIZATION,0,40,50,1500,0.0,1.0,,1.0
shared,GO_BP,GOBP_CILIUM_OR_FLAGELLUM_DEPENDENT_CELL_MOTILITY,0,31,50,1500,0.0,1.0,,1.0
shared,GO_BP,GOBP_CIRCADIAN_RHYTHM,0,25,50,1500,0.0,1.0,,1.0
shared,GO_BP,GOBP_CIRCULATORY_SYSTEM_DEVELOPMENT,10,209,50,1500,1.4354066985645932,0.1465811227382752,Apoe|C5ar1|Cflar|Cxcl12|Junb|Ly6e|Mef2c|Pf4|Stab1|Tnfsf12,0.7585806511136853
shared,GO_BP,GOBP_CIRCULATORY_SYSTEM_PROCESS,3,101,50,1500,0.8910891089108911,0.6675402166946223,Apoe|Ncf2|Ttr,1.0
shared,GO_BP,GOBP_COGNITION,3,66,50,1500,1.3636363636363635,0.3791751470741036,Apoe|C5ar1|Mef2c,0.9827433006029385
shared,GO_BP,GOBP_COLLAGEN_ACTIVATED_SIGNALING_PATHWAY,0,21,50,1500,0.0,1.0,,1.0
shared,GO_BP,GOBP_COLLAGEN_BIOSYNTHETIC_PROCESS,0,10,50,1500,0.0,1.0,,1.0
shared,GO_BP,GOBP_COLLAGEN_FIBRIL_ORGANIZATION,0,18,50,1500,0.0,1.0,,1.0
shared,GO_BP,GOBP_COLLAGEN_METABOLIC_PROCESS,1,18,50,1500,1.6666666666666667,0.45869546617711976,Ctss,1.0
shared,GO_BP,GOBP_COLUMNAR_CUBOIDAL_EPITHELIAL_CELL_DIFFERENTIATION,0,22,50,1500,0.0,1.0,,1.0
shared,GO_BP,GOBP_COMPLEMENT_ACTIVATION,1,11,50,1500,2.7272727272727275,0.31215205147852715,C1qa,0.9827433006029385
shared,GO_BP,GOBP_CONNECTIVE_TISSUE_DEVELOPMENT,3,48,50,1500,1.875,0.2129617728476184,Cflar|Maf|Mef2c,0.9319761100905679
shared,GO_BP,GOBP_CRANIAL_SKELETAL_SYSTEM_DEVELOPMENT,1,13,50,1500,2.3076923076923075,0.3575867388571701,Mef2c,0.9827433006029385
shared,GO_BP,GOBP_CYTOKINESIS,0,18,50,1500,0.0,1.0,,1.0
shared,GO_BP,GOBP_CYTOKINE_MEDIATED_SIGNALING_PATHWAY,6,73,50,1500,2.4657534246575343,0.03122262791130445,Csf2rb2|Cxcl12|Ifitm3|Laptm5|Pf4|Ptprc,0.34514809765897775
shared,GO_BP,GOBP_CYTOKINE_PRODUCTION,7,112,50,1500,1.875,0.07341254782245277,Bst2|C5ar1|Laptm5|Lilrb4a|Maf|Ptprc|Tyrobp,0.5349569067779629
shared,GO_BP,GOBP_CYTOKINE_PRODUCTION_INVOLVED_IN_IMMUNE_RESPONSE,3,22,50,1500,4.090909090909091,0.034352084177712426,Bst2|Laptm5|Lilrb4a,0.3624814077193681
shared,GO_BP,GOBP_CYTOPLASMIC_PATTERN_RECOGNITION_RECEPTOR_SIGNALING_PATHWAY,1,16,50,1500,1.875,0.4202758734830577,Pik3ap1,0.9912166827430607
shared,GO_BP,GOBP_CYTOSKELETON_DEPENDENT_CYTOKINESIS,0,11,50,1500,0.0,1.0,,1.0
shared,GO_BP,GOBP_CYTOSKELETON_DEPENDENT_INTRACELLULAR_TRANSPORT,0,14,50,1500,0.0,1.0,,1.0
shared,GO_BP,GOBP_CYTOSKELETON_ORGANIZATION,4,170,50,1500,0.7058823529411764,0.8375866057392223,Bst2|Cflar|Mef2c|Tyrobp,1.0
shared,GO_BP,GOBP_DEFENSE_RESPONSE_TO_BACTERIUM,3,35,50,1500,2.571428571428571,0.10814346217319507,C5ar1|Lyz2|Stab1,0.6508634297460815
shared,GO_BP,GOBP_DEFENSE_RESPONSE_TO_GRAM_NEGATIVE_BACTERIUM,1,14,50,1500,2.142857142857143,0.3791877227557184,Lyz2,0.9827433006029385
shared,GO_BP,GOBP_DEFENSE_RESPONSE_TO_GRAM_POSITIVE_BACTERIUM,2,14,50,1500,4.285714285714286,0.07677394817604072,C5ar1|Lyz2,0.5400764752643556
shared,GO_BP,GOBP_DEFENSE_RESPONSE_TO_OTHER_ORGANISM,14,115,50,1500,3.652173913043478,9.885688538906074e-06,Apoe|Bst2|C1qa|C5ar1|Cxcl12|Ifitm3|Ly6e|Lyz2|Mrc1|Pf4|Pik3ap1|Ptprc|Stab1|Tyrobp,0.005354747958574124
shared,GO_BP,GOBP_DEFENSE_RESPONSE_TO_SYMBIONT,10,99,50,1500,3.0303030303030303,0.0011090618952371218,Apoe|Bst2|C1qa|Cxcl12|Ifitm3|Ly6e|Mrc1|Pf4|Pik3ap1|Tyrobp,0.06555136997910051
shared,GO_BP,GOBP_DEFENSE_RESPONSE_TO_VIRUS,3,24,50,1500,3.75,0.04309557126901202,Bst2|Ifitm3|Ptprc,0.3956514311420595
shared,GO_BP,GOBP_DENDRITE_DEVELOPMENT,2,39,50,1500,1.5384615384615383,0.3762268611656,Apoe|Mef2c,0.9827433006029385
shared,GO_BP,GOBP_DENDRITE_MORPHOGENESIS,0,27,50,1500,0.0,1.0,,1.0
shared,GO_BP,GOBP_DENDRITIC_SPINE_DEVELOPMENT,2,19,50,1500,3.1578947368421053,0.12996801648711176,Apoe|Mef2c,0.7074402780280293
shared,GO_BP,GOBP_DENDRITIC_SPINE_MORPHOGENESIS,0,12,50,1500,0.0,1.0,,1.0
shared,GO_BP,GOBP_DEPHOSPHORYLATION,2,14,50,1500,4.285714285714286,0.07677394817604072,Mef2c|Ptprc,0.5400764752643556
shared,GO_BP,GOBP_DETECTION_OF_EXTERNAL_STIMULUS,2,16,50,1500,3.75,0.0970847228115921,Cxcl12|Ttr,0.6211128920032959
shared,GO_BP,GOBP_DETECTION_OF_MECHANICAL_STIMULUS,1,12,50,1500,2.5,0.33524969917904673,Cxcl12,0.9827433006029385
shared,GO_BP,GOBP_DETECTION_OF_MECHANICAL_STIMULUS_INVOLVED_IN_SENSORY_PERCEPTION,1,10,50,1500,3.0,0.2882684421548648,Cxcl12,0.9827433006029385
shared,GO_BP,GOBP_DETECTION_OF_STIMULUS,2,25,50,1500,2.4,0.20153398901832625,Cxcl12|Ttr,0.9071820835312471
shared,GO_BP,GOBP_DETECTION_OF_STIMULUS_INVOLVED_IN_SENSORY_PERCEPTION,1,13,50,1500,2.3076923076923075,0.3575867388571701,Cxcl12,0.9827433006029385
shared,GO_BP,GOBP_DETOXIFICATION,3,19,50,1500,4.736842105263158,0.023183209906023995,Apoe|Gpx3|Mt1,0.2920365588937131
shared,GO_BP,GOBP_DEVELOPMENTAL_CELL_GROWTH,2,51,50,1500,1.1764705882352942,0.5140905590955691,Apoe|Cxcl12,1.0
shared,GO_BP,GOBP_DEVELOPMENTAL_GROWTH,5,121,50,1500,1.2396694214876034,0.377659392889195,Apoe|Cflar|Cxcl12|Ly6e|Mef2c,0.9827433006029385
shared,GO_BP,GOBP_DEVELOPMENTAL_GROWTH_INVOLVED_IN_MORPHOGENESIS,2,46,50,1500,1.3043478260869565,0.4588829057877858,Apoe|Cxcl12,1.0
shared,GO_BP,GOBP_DEVELOPMENTAL_MATURATION,1,54,50,1500,0.5555555555555556,0.8450105665233932,C1qa,1.0
shared,GO_BP,GOBP_DEVELOPMENTAL_PROCESS_INVOLVED_IN_REPRODUCTION,2,110,50,1500,0.5454545454545455,0.8940401714016379,Cxcl12|Junb,1.0
shared,GO_BP,GOBP_DEVELOPMENT_OF_PRIMARY_FEMALE_SEXUAL_CHARACTERISTICS,0,19,50,1500,0.0,1.0,,1.0
shared,GO_BP,GOBP_DEVELOPMENT_OF_PRIMARY_SEXUAL_CHARACTERISTICS,0,34,50,1500,0.0,1.0,,1.0
shared,GO_BP,GOBP_DICARBOXYLIC_ACID_TRANSPORT,0,24,50,1500,0.0,1.0,,1.0
shared,GO_BP,GOBP_DIENCEPHALON_DEVELOPMENT,0,15,50,1500,0.0,1.0,,1.0
shared,GO_BP,GOBP_DIGESTION,0,11,50,1500,0.0,1.0,,1.0
shared,GO_BP,GOBP_DIGESTIVE_SYSTEM_DEVELOPMENT,0,23,50,1500,0.0,1.0,,1.0
shared,GO_BP,GOBP_DNA_BIOSYNTHETIC_PROCESS,0,14,50,1500,0.0,1.0,,1.0
shared,GO_BP,GOBP_DNA_DAMAGE_RESPONSE,2,36,50,1500,1.6666666666666667,0.33931461253673095,Cul4b|Cxcl12,0.9827433006029385
shared,GO_BP,GOBP_DNA_METABOLIC_PROCESS,2,48,50,1500,1.25,0.4813877414329201,Cul4b|Ptprc,1.0
shared,GO_BP,GOBP_DNA_RECOMBINATION,1,12,50,1500,2.5,0.33524969917904673,Ptprc,0.9827433006029385
shared,GO_BP,GOBP_DNA_REPAIR,1,15,50,1500,2.0,0.4000764265660914,Cul4b,0.9873222282690042
shared,GO_BP,GOBP_DNA_REPLICATION,0,12,50,1500,0.0,1.0,,1.0
shared,GO_BP,GOBP_DORSAL_VENTRAL_PATTERN_FORMATION,0,11,50,1500,0.0,1.0,,1.0
shared,GO_BP,GOBP_DOUBLE_STRAND_BREAK_REPAIR,0,10,50,1500,0.0,1.0,,1.0
shared,GO_BP,GOBP_EAR_DEVELOPMENT,1,41,50,1500,0.7317073170731707,0.755653168747937,Maf,1.0
shared,GO_BP,GOBP_EAR_MORPHOGENESIS,0,18,50,1500,0.0,1.0,,1.0
shared,GO_BP,GOBP_EMBRYONIC_APPENDAGE_MORPHOGENESIS,0,15,50,1500,0.0,1.0,,1.0
shared,GO_BP,GOBP_EMBRYONIC_HEART_TUBE_DEVELOPMENT,1,18,50,1500,1.6666666666666667,0.45869546617711976,Mef2c,1.0
shared,GO_BP,GOBP_EMBRYONIC_HEART_TUBE_MORPHOGENESIS,1,11,50,1500,2.7272727272727275,0.31215205147852715,Mef2c,0.9827433006029385
shared,GO_BP,GOBP_EMBRYONIC_MORPHOGENESIS,2,90,50,1500,0.6666666666666666,0.8149282736792834,Dab2|Mef2c,1.0
shared,GO_BP,GOBP_EMBRYONIC_ORGAN_DEVELOPMENT,2,82,50,1500,0.7317073170731707,0.7710363237317353,Junb|Mef2c,1.0
shared,GO_BP,GOBP_EMBRYONIC_ORGAN_MORPHOGENESIS,1,45,50,1500,0.6666666666666666,0.7874965257547175,Mef2c,1.0
shared,GO_BP,GOBP_EMBRYONIC_PLACENTA_DEVELOPMENT,1,21,50,1500,1.4285714285714286,0.5116902720131731,Junb,1.0
shared,GO_BP,GOBP_EMBRYONIC_PLACENTA_MORPHOGENESIS,0,10,50,1500,0.0,1.0,,1.0
shared,GO_BP,GOBP_EMBRYONIC_SKELETAL_SYSTEM_DEVELOPMENT,1,16,50,1500,1.875,0.4202758734830577,Mef2c,0.9912166827430607
shared,GO_BP,GOBP_EMBRYONIC_SKELETAL_SYSTEM_MORPHOGENESIS,1,11,50,1500,2.7272727272727275,0.31215205147852715,Mef2c,0.9827433006029385
shared,GO_BP,GOBP_EMBRYO_DEVELOPMENT,6,161,50,1500,1.1180124223602486,0.45243428785848294,Dab2|Junb|Ly6e|Maf|Mef2c|mt-Nd4,1.0
shared,GO_BP,GOBP_EMBRYO_DEVELOPMENT_ENDING_IN_BIRTH_OR_EGG_HATCHING,6,101,50,1500,1.7821782178217822,0.11451833961970471,Dab2|Junb|Ly6e|Maf|Mef2c|mt-Nd4,0.6766992795709824
shared,GO_BP,GOBP_ENDOCARDIAL_CUSHION_DEVELOPMENT,0,11,50,1500,0.0,1.0,,1.0
shared,GO_BP,GOBP_ENDOCARDIAL_CUSHION_MORPHOGENESIS,0,10,50,1500,0.0,1.0,,1.0
shared,GO_BP,GOBP_ENDOCRINE_HORMONE_SECRETION,1,12,50,1500,2.5,0.33524969917904673,Dab2,0.9827433006029385
shared,GO_BP,GOBP_ENDOCRINE_PROCESS,1,18,50,1500,1.6666666666666667,0.45869546617711976,Dab2,1.0
shared,GO_BP,GOBP_ENDOCRINE_SYSTEM_DEVELOPMENT,1,21,50,1500,1.4285714285714286,0.5116902720131731,Ly6e,1.0
shared,GO_BP,GOBP_ENDOCYTOSIS,9,84,50,1500,3.2142857142857144,0.0013311970518832719,Apoe|Dab2|Ifitm3|Lilrb4a|Mrc1|Ncf2|Ptprc|Siglech|Tyrobp,0.06555136997910051
shared,GO_BP,GOBP_ENDODERMAL_CELL_DIFFERENTIATION,1,12,50,1500,2.5,0.33524969917904673,Dab2,0.9827433006029385
shared,GO_BP,GOBP_ENDODERM_DEVELOPMENT,1,16,50,1500,1.875,0.4202758734830577,Dab2,0.9912166827430607
shared,GO_BP,GOBP_ENDODERM_FORMATION,1,14,50,1500,2.142857142857143,0.3791877227557184,Dab2,0.9827433006029385
shared,GO_BP,GOBP_ENDOMEMBRANE_SYSTEM_ORGANIZATION,1,43,50,1500,0.6976744186046512,0.7721193007548377,Ptprc,1.0
shared,GO_BP,GOBP_ENDOSOMAL_TRANSPORT,1,12,50,1500,2.5,0.33524969917904673,Dab2,0.9827433006029385
shared,GO_BP,GOBP_ENDOTHELIAL_CELL_APOPTOTIC_PROCESS,0,17,50,1500,0.0,1.0,,1.0
shared,GO_BP,GOBP_ENDOTHELIAL_CELL_CHEMOTAXIS,0,11,50,1500,0.0,1.0,,1.0
shared,GO_BP,GOBP_ENDOTHELIAL_CELL_DEVELOPMENT,0,21,50,1500,0.0,1.0,,1.0
shared,GO_BP,GOBP_ENDOTHELIAL_CELL_DIFFERENTIATION,0,32,50,1500,0.0,1.0,,1.0
shared,GO_BP,GOBP_ENDOTHELIAL_CELL_MIGRATION,3,50,50,1500,1.7999999999999998,0.23078688437825404,Apoe|Cxcl12|Mef2c,0.9766372060277677
shared,GO_BP,GOBP_ENDOTHELIAL_CELL_PROLIFERATION,3,41,50,1500,2.1951219512195124,0.15365659133764528,Apoe|Cxcl12|Mef2c,0.7778565760862105
shared,GO_BP,GOBP_ENDOTHELIUM_DEVELOPMENT,0,37,50,1500,0.0,1.0,,1.0
shared,GO_BP,GOBP_ENERGY_DERIVATION_BY_OXIDATION_OF_ORGANIC_COMPOUNDS,3,27,50,1500,3.333333333333333,0.058094821376033876,mt-Co2|mt-Co3|mt-Nd4,0.4582722560002672
shared,GO_BP,GOBP_ENERGY_HOMEOSTASIS,1,18,50,1500,1.6666666666666667,0.45869546617711976,Apoe,1.0
shared,GO_BP,GOBP_ENERGY_RESERVE_METABOLIC_PROCESS,0,11,50,1500,0.0,1.0,,1.0
shared,GO_BP,GOBP_ENSHEATHMENT_OF_NEURONS,0,30,50,1500,0.0,1.0,,1.0
shared,GO_BP,GOBP_ENZYME_LINKED_RECEPTOR_PROTEIN_SIGNALING_PATHWAY,2,128,50,1500,0.46875,0.9375550280730294,Ctsd|Dab2,1.0
shared,GO_BP,GOBP_EPHRIN_RECEPTOR_SIGNALING_PATHWAY,0,21,50,1500,0.0,1.0,,1.0
shared,GO_BP,GOBP_EPIDERMAL_CELL_DIFFERENTIATION,0,22,50,1500,0.0,1.0,,1.0
shared,GO_BP,GOBP_EPIDERMIS_DEVELOPMENT,0,36,50,1500,0.0,1.0,,1.0
shared,GO_BP,GOBP_EPIGENETIC_REGULATION_OF_GENE_EXPRESSION,0,12,50,1500,0.0,1.0,,1.0
shared,GO_BP,GOBP_EPITHELIAL_CELL_APOPTOTIC_PROCESS,1,14,50,1500,2.142857142857143,0.3791877227557184,Cflar,0.9827433006029385
shared,GO_BP,GOBP_EPITHELIAL_CELL_DEVELOPMENT,0,47,50,1500,0.0,1.0,,1.0
shared,GO_BP,GOBP_EPITHELIAL_CELL_DIFFERENTIATION,3,112,50,1500,0.8035714285714286,0.7361324621569215,Dab2|Maf|Mef2c,1.0
shared,GO_BP,GOBP_EPITHELIAL_CELL_DIFFERENTIATION_INVOLVED_IN_KIDNEY_DEVELOPMENT,1,12,50,1500,2.5,0.33524969917904673,Mef2c,0.9827433006029385
shared,GO_BP,GOBP_EPITHELIAL_CELL_MORPHOGENESIS,0,10,50,1500,0.0,1.0,,1.0
shared,GO_BP,GOBP_EPITHELIAL_CELL_PROLIFERATION,6,92,50,1500,1.9565217391304346,0.08083251139282761,Apoe|C5ar1|Cflar|Cxcl12|Dab2|Mef2c,0.5637460558512656
shared,GO_BP,GOBP_EPITHELIAL_TO_MESENCHYMAL_TRANSITION,1,33,50,1500,0.9090909090909091,0.6773123609777841,Dab2,1.0
shared,GO_BP,GOBP_EPITHELIAL_TUBE_MORPHOGENESIS,3,60,50,1500,1.5,0.3230728173079596,Ctsd|Cxcl12|Mef2c,0.9827433006029385
shared,GO_BP,GOBP_EPITHELIUM_DEVELOPMENT,5,185,50,1500,0.8108108108108107,0.7591456426241594,Ctsd|Cxcl12|Dab2|Maf|Mef2c,1.0
shared,GO_BP,GOBP_ERBB_SIGNALING_PATHWAY,0,27,50,1500,0.0,1.0,,1.0
shared,GO_BP,GOBP_ERK1_AND_ERK2_CASCADE,6,66,50,1500,2.727272727272727,0.019910780413347207,Apoe|C5ar1|Cflar|Cxcl12|Dab2|Ptprc,0.2683945931437699
shared,GO_BP,GOBP_ERYTHROCYTE_HOMEOSTASIS,0,25,50,1500,0.0,1.0,,1.0
shared,GO_BP,GOBP_ESTABLISHMENT_OF_CELL_POLARITY,0,15,50,1500,0.0,1.0,,1.0
shared,GO_BP,GOBP_ESTABLISHMENT_OF_ENDOTHELIAL_BARRIER,0,14,50,1500,0.0,1.0,,1.0
shared,GO_BP,GOBP_ESTABLISHMENT_OF_ORGANELLE_LOCALIZATION,0,45,50,1500,0.0,1.0,,1.0
shared,GO_BP,GOBP_ESTABLISHMENT_OF_PROTEIN_LOCALIZATION,4,127,50,1500,0.9448818897637795,0.6245067287933803,Apoe|Ctsd|Dab2|Laptm5,1.0
shared,GO_BP,GOBP_ESTABLISHMENT_OF_PROTEIN_LOCALIZATION_TO_MEMBRANE,0,14,50,1500,0.0,1.0,,1.0
shared,GO_BP,GOBP_ESTABLISHMENT_OF_PROTEIN_LOCALIZATION_TO_ORGANELLE,1,30,50,1500,1.0,0.6419855589414076,Laptm5,1.0
shared,GO_BP,GOBP_ESTABLISHMENT_OR_MAINTENANCE_OF_CELL_POLARITY,0,21,50,1500,0.0,1.0,,1.0
shared,GO_BP,GOBP_EXCITATORY_SYNAPSE_ASSEMBLY,0,12,50,1500,0.0,1.0,,1.0
shared,GO_BP,GOBP_EXOCYTIC_PROCESS,0,17,50,1500,0.0,1.0,,1.0
shared,GO_BP,GOBP_EXOCYTOSIS,0,48,50,1500,0.0,1.0,,1.0
shared,GO_BP,GOBP_EXPLORATION_BEHAVIOR,1,12,50,1500,2.5,0.33524969917904673,Apoe,0.9827433006029385
shared,GO_BP,GOBP_EXPORT_ACROSS_PLASMA_MEMBRANE,0,16,50,1500,0.0,1.0,,1.0
shared,GO_BP,GOBP_EXPORT_FROM_CELL,5,141,50,1500,1.0638297872340425,0.513790072341216,Apoe|Cxcl12|Dab2|Ly6e|Mef2c,1.0
shared,GO_BP,GOBP_EXTRACELLULAR_MATRIX_ASSEMBLY,0,13,50,1500,0.0,1.0,,1.0
shared,GO_BP,GOBP_EXTRACELLULAR_STRUCTURE_ORGANIZATION,2,77,50,1500,0.7792207792207791,0.7393475896182469,Cflar|Ctss,1.0
shared,GO_BP,GOBP_EXTRACELLULAR_TRANSPORT,0,11,50,1500,0.0,1.0,,1.0
shared,GO_BP,GOBP_EXTRINSIC_APOPTOTIC_SIGNALING_PATHWAY,4,35,50,1500,3.4285714285714284,0.026699482447428365,Cflar|Dab2|Ptprc|Tnfsf12,0.30990470697907924
shared,GO_BP,GOBP_EXTRINSIC_APOPTOTIC_SIGNALING_PATHWAY_VIA_DEATH_DOMAIN_RECEPTORS,1,11,50,1500,2.7272727272727275,0.31215205147852715,Cflar,0.9827433006029385
shared,GO_BP,GOBP_EYE_MORPHOGENESIS,0,32,50,1500,0.0,1.0,,1.0
shared,GO_BP,GOBP_EYE_PHOTORECEPTOR_CELL_DIFFERENTIATION,0,10,50,1500,0.0,1.0,,1.0
shared,GO_BP,GOBP_FACE_DEVELOPMENT,0,12,50,1500,0.0,1.0,,1.0
shared,GO_BP,GOBP_FATTY_ACID_BIOSYNTHETIC_PROCESS,0,18,50,1500,0.0,1.0,,1.0
shared,GO_BP,GOBP_FATTY_ACID_METABOLIC_PROCESS,0,38,50,1500,0.0,1.0,,1.0
shared,GO_BP,GOBP_FATTY_ACID_TRANSPORT,1,20,50,1500,1.5,0.49461650530034706,Apoe,1.0
shared,GO_BP,GOBP_FAT_CELL_DIFFERENTIATION,1,42,50,1500,0.7142857142857143,0.764026946378234,Psmb8,1.0
shared,GO_BP,GOBP_FEAR_RESPONSE,2,11,50,1500,5.454545454545455,0.04943234891824236,Apoe|Mef2c,0.41405962367084453
shared,GO_BP,GOBP_FEEDING_BEHAVIOR,0,20,50,1500,0.0,1.0,,1.0
shared,GO_BP,GOBP_FEMALE_GAMETE_GENERATION,0,16,50,1500,0.0,1.0,,1.0
shared,GO_BP,GOBP_FEMALE_SEX_DIFFERENTIATION,0,24,50,1500,0.0,1.0,,1.0
shared,GO_BP,GOBP_FERTILIZATION,0,15,50,1500,0.0,1.0,,1.0
shared,GO_BP,GOBP_FIBROBLAST_GROWTH_FACTOR_RECEPTOR_SIGNALING_PATHWAY,0,28,50,1500,0.0,1.0,,1.0
shared,GO_BP,GOBP_FIBROBLAST_MIGRATION,0,12,50,1500,0.0,1.0,,1.0
shared,GO_BP,GOBP_FIBROBLAST_PROLIFERATION,0,23,50,1500,0.0,1.0,,1.0
shared,GO_BP,GOBP_FILOPODIUM_ASSEMBLY,0,13,50,1500,0.0,1.0,,1.0
shared,GO_BP,GOBP_FOCAL_ADHESION_ASSEMBLY,0,17,50,1500,0.0,1.0,,1.0
shared,GO_BP,GOBP_FOREBRAIN_DEVELOPMENT,2,90,50,1500,0.6666666666666666,0.8149282736792834,Cxcl12|Tyrobp,1.0
shared,GO_BP,GOBP_FOREBRAIN_GENERATION_OF_NEURONS,0,24,50,1500,0.0,1.0,,1.0
shared,GO_BP,GOBP_FORMATION_OF_PRIMARY_GERM_LAYER,1,20,50,1500,1.5,0.49461650530034706,Dab2,1.0
shared,GO_BP,GOBP_GAMETE_GENERATION,1,75,50,1500,0.4,0.9263656033486491,Cxcl12,1.0
shared,GO_BP,GOBP_GASTRULATION,1,28,50,1500,1.0714285714285714,0.616356933817995,Dab2,1.0
shared,GO_BP,GOBP_GENERATION_OF_NEURONS,9,255,50,1500,1.0588235294117647,0.48406432412750705,Apoe|C1qa|Cflar|Cul4b|Cxcl12|Dab2|Lgals1|Mef2c|Mylip,1.0
shared,GO_BP,GOBP_GENERATION_OF_PRECURSOR_METABOLITES_AND_ENERGY,3,33,50,1500,2.727272727272727,0.09437465903438064,mt-Co2|mt-Co3|mt-Nd4,0.6211128920032959
shared,GO_BP,GOBP_GLAND_DEVELOPMENT,3,76,50,1500,1.1842105263157896,0.47037536398765967,Cflar|Ly6e|mt-Co2,1.0
shared,GO_BP,GOBP_GLAND_MORPHOGENESIS,1,26,50,1500,1.1538461538461537,0.5889329235095868,Cflar,1.0
shared,GO_BP,GOBP_GLIAL_CELL_ACTIVATION,3,14,50,1500,6.428571428571429,0.009792872234714329,C1qa|C5ar1|Tyrobp,0.187216675075421
shared,GO_BP,GOBP_GLIAL_CELL_DEVELOPMENT,2,36,50,1500,1.6666666666666667,0.33931461253673095,C1qa|C5ar1,0.9827433006029385
shared,GO_BP,GOBP_GLIAL_CELL_DIFFERENTIATION,3,62,50,1500,1.4516129032258063,0.34180347065176675,C1qa|C5ar1|Cul4b,0.9827433006029385
shared,GO_BP,GOBP_GLIAL_CELL_MIGRATION,0,22,50,1500,0.0,1.0,,1.0
shared,GO_BP,GOBP_GLIAL_CELL_PROLIFERATION,0,19,50,1500,0.0,1.0,,1.0
shared,GO_BP,GOBP_GLIOGENESIS,3,87,50,1500,1.0344827586206897,0.5636774670434521,C1qa|C5ar1|Cul4b,1.0
shared,GO_BP,GOBP_GLOMERULAR_EPITHELIUM_DEVELOPMENT,0,10,50,1500,0.0,1.0,,1.0
shared,GO_BP,GOBP_GLOMERULUS_DEVELOPMENT,2,22,50,1500,2.7272727272727275,0.1650200797304365,Cflar|Mef2c,0.8125988774604828
shared,GO_BP,GOBP_GLUCOSE_METABOLIC_PROCESS,1,12,50,1500,2.5,0.33524969917904673,Cbr2,0.9827433006029385
shared,GO_BP,GOBP_GLUTAMATE_RECEPTOR_SIGNALING_PATHWAY,1,17,50,1500,1.7647058823529411,0.4398083575301246,Mef2c,1.0
shared,GO_BP,GOBP_GLYCEROLIPID_BIOSYNTHETIC_PROCESS,0,16,50,1500,0.0,1.0,,1.0
shared,GO_BP,GOBP_GLYCEROLIPID_METABOLIC_PROCESS,1,28,50,1500,1.0714285714285714,0.616356933817995,Apoe,1.0
shared,GO_BP,GOBP_GLYCEROPHOSPHOLIPID_METABOLIC_PROCESS,0,18,50,1500,0.0,1.0,,1.0
shared,GO_BP,GOBP_GLYCOPROTEIN_BIOSYNTHETIC_PROCESS,0,15,50,1500,0.0,1.0,,1.0
shared,GO_BP,GOBP_GLYCOPROTEIN_METABOLIC_PROCESS,0,19,50,1500,0.0,1.0,,1.0
shared,GO_BP,GOBP_GOLGI_VESICLE_TRANSPORT,1,12,50,1500,2.5,0.33524969917904673,Laptm5,0.9827433006029385
shared,GO_BP,GOBP_GRANULOCYTE_CHEMOTAXIS,2,30,50,1500,2.0,0.26406742974514547,C5ar1|Pf4,0.9827433006029385
shared,GO_BP,GOBP_GRANULOCYTE_MIGRATION,2,33,50,1500,1.8181818181818181,0.301829565218506,C5ar1|Pf4,0.9827433006029385
shared,GO_BP,GOBP_GROWTH,8,144,50,1500,1.6666666666666667,0.0989156936072056,Apoe|Bst2|Cflar|Cxcl12|Dab2|Ly6e|Mef2c|Mt1,0.6278828207488637
shared,GO_BP,GOBP_HEAD_DEVELOPMENT,4,135,50,1500,0.8888888888888888,0.6738594779154384,C5ar1|Cxcl12|Tyrobp|mt-Nd4,1.0
shared,GO_BP,GOBP_HEAD_MORPHOGENESIS,0,10,50,1500,0.0,1.0,,1.0
shared,GO_BP,GOBP_HEART_DEVELOPMENT,2,104,50,1500,0.5769230769230769,0.8742983027134331,Ly6e|Mef2c,1.0
shared,GO_BP,GOBP_HEART_GROWTH,1,26,50,1500,1.1538461538461537,0.5889329235095868,Mef2c,1.0
shared,GO_BP,GOBP_HEART_MORPHOGENESIS,2,51,50,1500,1.1764705882352942,0.5140905590955691,Ly6e|Mef2c,1.0
shared,GO_BP,GOBP_HEART_PROCESS,0,40,50,1500,0.0,1.0,,1.0
shared,GO_BP,GOBP_HEART_VALVE_DEVELOPMENT,1,13,50,1500,2.3076923076923075,0.3575867388571701,Mef2c,0.9827433006029385
shared,GO_BP,GOBP_HEART_VALVE_MORPHOGENESIS,1,13,50,1500,2.3076923076923075,0.3575867388571701,Mef2c,0.9827433006029385
shared,GO_BP,GOBP_HEMATOPOIETIC_OR_LYMPHOID_ORGAN_DEVELOPMENT,1,13,50,1500,2.3076923076923075,0.3575867388571701,Ptprc,0.9827433006029385
shared,GO_BP,GOBP_HEMATOPOIETIC_PROGENITOR_CELL_DIFFERENTIATION,1,24,50,1500,1.25,0.5595904961849962,Ptprc,1.0
shared,GO_BP,GOBP_HEMOPOIESIS,11,134,50,1500,2.462686567164179,0.0034223043074317963,Cflar|Dab2|Junb|Laptm5|Lgals1|Lilrb4a|Maf|Mef2c|Pf4|Ptprc|Tyrobp,0.10746502652417324
shared,GO_BP,GOBP_HEMOSTASIS,5,28,50,1500,5.357142857142857,0.0018492429945528295,Apoe|F13a1|Lilrb4a|Pf4|Tec,0.07922022172398914
shared,GO_BP,GOBP_HEPATICOBILIARY_SYSTEM_DEVELOPMENT,1,28,50,1500,1.0714285714285714,0.616356933817995,Cflar,1.0
shared,GO_BP,GOBP_HEPATOCYTE_GROWTH_FACTOR_RECEPTOR_SIGNALING_PATHWAY,0,21,50,1500,0.0,1.0,,1.0
shared,GO_BP,GOBP_HETEROPHILIC_CELL_CELL_ADHESION_VIA_PLASMA_MEMBRANE_CELL_ADHESION_MOLECULES,1,10,50,1500,3.0,0.2882684421548648,Lgals1,0.9827433006029385
shared,GO_BP,GOBP_HETEROTYPIC_CELL_CELL_ADHESION,1,13,50,1500,2.3076923076923075,0.3575867388571701,Ptprc,0.9827433006029385
shared,GO_BP,GOBP_HINDBRAIN_DEVELOPMENT,2,29,50,1500,2.0689655172413794,0.25147901761228364,C5ar1|mt-Nd4,0.9827433006029385
shared,GO_BP,GOBP_HIPPOCAMPUS_DEVELOPMENT,0,25,50,1500,0.0,1.0,,1.0
shared,GO_BP,GOBP_HOMEOSTASIS_OF_NUMBER_OF_CELLS,2,57,50,1500,1.0526315789473684,0.5754451967732952,Lilrb4a|Mef2c,1.0
shared,GO_BP,GOBP_HOMEOSTASIS_OF_NUMBER_OF_CELLS_WITHIN_A_TISSUE,0,10,50,1500,0.0,1.0,,1.0
shared,GO_BP,GOBP_HOMOPHILIC_CELL_ADHESION_VIA_PLASMA_MEMBRANE_ADHESION_MOLECULES,0,21,50,1500,0.0,1.0,,1.0
shared,GO_BP,GOBP_HOMOTYPIC_CELL_CELL_ADHESION,1,11,50,1500,2.7272727272727275,0.31215205147852715,Lgals1,0.9827433006029385
shared,GO_BP,GOBP_HORMONE_MEDIATED_SIGNALING_PATHWAY,1,17,50,1500,1.7647058823529411,0.4398083575301246,Dab2,1.0
shared,GO_BP,GOBP_HORMONE_METABOLIC_PROCESS,1,29,50,1500,1.0344827586206897,0.6293882879681989,Dab2,1.0
shared,GO_BP,GOBP_HORMONE_TRANSPORT,1,57,50,1500,0.5263157894736842,0.8605491527572983,Dab2,1.0
shared,GO_BP,GOBP_HUMORAL_IMMUNE_RESPONSE,5,34,50,1500,4.411764705882353,0.004499641467726465,C1qa|Cxcl12|Mef2c|Pf4|Ptprc,0.12186528975092507
shared,GO_BP,GOBP_ICOSANOID_METABOLIC_PROCESS,0,12,50,1500,0.0,1.0,,1.0
shared,GO_BP,GOBP_IMMUNE_EFFECTOR_PROCESS,9,84,50,1500,3.2142857142857144,0.0013311970518832719,Bst2|C1qa|Csf2rb2|Laptm5|Lgals1|Lilrb4a|Pf4|Ptprc|Tyrobp,0.06555136997910051
shared,GO_BP,GOBP_IMMUNE_RESPONSE_REGULATING_CELL_SURFACE_RECEPTOR_SIGNALING_PATHWAY,8,31,50,1500,7.741935483870967,3.7836688758031263e-06,C5ar1|Laptm5|Lilrb4a|Mef2c|Pik3ap1|Ptprc|Tec|Tyrobp,0.00307423096159004
shared,GO_BP,GOBP_IMMUNE_RESPONSE_REGULATING_SIGNALING_PATHWAY,8,44,50,1500,5.454545454545455,6.0996981758576247e-05,C5ar1|Laptm5|Lilrb4a|Mef2c|Pik3ap1|Ptprc|Tec|Tyrobp,0.01416001362252663
shared,GO_BP,GOBP_IMMUNE_SYSTEM_DEVELOPMENT,2,20,50,1500,3.0,0.14144844471358778,Lilrb4a|Ptprc,0.7414636214825165
shared,GO_BP,GOBP_IMMUNOGLOBULIN_PRODUCTION,2,10,50,1500,6.0,0.04131092728840577,Lilrb4a|Ptprc,0.38360146767805353
shared,GO_BP,GOBP_IMPORT_ACROSS_PLASMA_MEMBRANE,1,42,50,1500,0.7142857142857143,0.764026946378234,Slc6a6,1.0
shared,GO_BP,GOBP_IMPORT_INTO_CELL,10,126,50,1500,2.380952380952381,0.006869429283647282,Apoe|Dab2|Ifitm3|Lilrb4a|Mrc1|Ncf2|Ptprc|Siglech|Slc6a6|Tyrobp,0.15084895386387612
shared,GO_BP,GOBP_IMPORT_INTO_NUCLEUS,0,17,50,1500,0.0,1.0,,1.0
shared,GO_BP,GOBP_INFLAMMATORY_RESPONSE,11,137,50,1500,2.408759124087591,0.004082686553548657,Apoe|C1qa|C5ar1|Cd163|Ctss|Lgals1|Lilrb4a|Pf4|Pik3ap1|Stab1|Tyrobp,0.11847081516993871
shared,GO_BP,GOBP_INFLAMMATORY_RESPONSE_TO_ANTIGENIC_STIMULUS,1,14,50,1500,2.142857142857143,0.3791877227557184,Lilrb4a,0.9827433006029385
shared,GO_BP,GOBP_INNATE_IMMUNE_RESPONSE_ACTIVATING_CELL_SURFACE_RECEPTOR_SIGNALING_PATHWAY,2,10,50,1500,6.0,0.04131092728840577,Pik3ap1|Tyrobp,0.38360146767805353
shared,GO_BP,GOBP_INNERVATION,0,10,50,1500,0.0,1.0,,1.0
shared,GO_BP,GOBP_INNER_EAR_MORPHOGENESIS,0,14,50,1500,0.0,1.0,,1.0
shared,GO_BP,GOBP_INORGANIC_ANION_TRANSMEMBRANE_TRANSPORT,0,15,50,1500,0.0,1.0,,1.0
shared,GO_BP,GOBP_INORGANIC_ANION_TRANSPORT,0,23,50,1500,0.0,1.0,,1.0
shared,GO_BP,GOBP_INORGANIC_ION_HOMEOSTASIS,3,75,50,1500,1.2,0.4614754911113825,Apoe|Mt1|Ptprc,1.0
shared,GO_BP,GOBP_INORGANIC_ION_IMPORT_ACROSS_PLASMA_MEMBRANE,0,17,50,1500,0.0,1.0,,1.0
shared,GO_BP,GOBP_INSULIN_LIKE_GROWTH_FACTOR_RECEPTOR_SIGNALING_PATHWAY,0,25,50,1500,0.0,1.0,,1.0
shared,GO_BP,GOBP_INSULIN_RECEPTOR_SIGNALING_PATHWAY,1,32,50,1500,0.9375,0.6659340944396241,Ctsd,1.0
shared,GO_BP,GOBP_INSULIN_SECRETION,0,32,50,1500,0.0,1.0,,1.0
shared,GO_BP,GOBP_INSULIN_SECRETION_INVOLVED_IN_CELLULAR_RESPONSE_TO_GLUCOSE_STIMULUS,0,12,50,1500,0.0,1.0,,1.0
shared,GO_BP,GOBP_INTEGRIN_MEDIATED_SIGNALING_PATHWAY,3,19,50,1500,4.736842105263158,0.023183209906023995,Dab2|Tec|Tyrobp,0.2920365588937131
shared,GO_BP,GOBP_INTERLEUKIN_1_BETA_PRODUCTION,2,17,50,1500,3.5294117647058822,0.10775612872998955,Lilrb4a|Tyrobp,0.6508634297460815
shared,GO_BP,GOBP_INTERLEUKIN_1_PRODUCTION,2,19,50,1500,3.1578947368421053,0.12996801648711176,Lilrb4a|Tyrobp,0.7074402780280293
shared,GO_BP,GOBP_INTERLEUKIN_2_PRODUCTION,3,17,50,1500,5.294117647058823,0.01704917842361118,Laptm5|Lilrb4a|Ptprc,0.2409123038118971
shared,GO_BP,GOBP_INTERLEUKIN_6_PRODUCTION,3,29,50,1500,3.103448275862069,0.06929647406754862,Laptm5|Lilrb4a|Tyrobp,0.5072377043232725
shared,GO_BP,GOBP_INTERLEUKIN_8_PRODUCTION,1,11,50,1500,2.7272727272727275,0.31215205147852715,Ptprc,0.9827433006029385
shared,GO_BP,GOBP_INTRACELLULAR_GLUCOSE_HOMEOSTASIS,0,24,50,1500,0.0,1.0,,1.0
shared,GO_BP,GOBP_INTRACELLULAR_MONOATOMIC_ION_HOMEOSTASIS,3,64,50,1500,1.40625,0.3605177956624396,Apoe|Mt1|Ptprc,0.9827433006029385
shared,GO_BP,GOBP_INTRACELLULAR_PROTEIN_TRANSPORT,1,40,50,1500,0.75,0.7469883874978639,Laptm5,1.0
shared,GO_BP,GOBP_INTRACELLULAR_RECEPTOR_SIGNALING_PATHWAY,2,36,50,1500,1.6666666666666667,0.33931461253673095,Dab2|Pik3ap1,0.9827433006029385
shared,GO_BP,GOBP_INTRACELLULAR_SIGNALING_CASSETTE,11,223,50,1500,1.4798206278026906,0.11065940234190816,Apoe|C5ar1|Cflar|Cxcl12|Dab2|Laptm5|Lilrb4a|Mef2c|Mt1|Pik3ap1|Ptprc,0.6586869187018343
shared,GO_BP,GOBP_INTRACELLULAR_TRANSPORT,2,75,50,1500,0.8,0.7256904671258542,Dab2|Laptm5,1.0
shared,GO_BP,GOBP_INTRINSIC_APOPTOTIC_SIGNALING_PATHWAY,2,31,50,1500,1.9354838709677418,0.27666470071835436,Cxcl12|Ifi27l2a,0.9827433006029385
shared,GO_BP,GOBP_INTRINSIC_APOPTOTIC_SIGNALING_PATHWAY_BY_P53_CLASS_MEDIATOR,0,11,50,1500,0.0,1.0,,1.0
shared,GO_BP,GOBP_INTRINSIC_APOPTOTIC_SIGNALING_PATHWAY_IN_RESPONSE_TO_DNA_DAMAGE,1,16,50,1500,1.875,0.4202758734830577,Cxcl12,0.9912166827430607
shared,GO_BP,GOBP_IN_UTERO_EMBRYONIC_DEVELOPMENT,5,70,50,1500,2.142857142857143,0.0794742465828963,Dab2|Junb|Ly6e|Maf|mt-Nd4,0.556662287487959
shared,GO_BP,GOBP_IONOTROPIC_GLUTAMATE_RECEPTOR_SIGNALING_PATHWAY,1,14,50,1500,2.142857142857143,0.3791877227557184,Mef2c,0.9827433006029385
shared,GO_BP,GOBP_JNK_CASCADE,1,17,50,1500,1.7647058823529411,0.4398083575301246,Dab2,1.0
shared,GO_BP,GOBP_KERATINOCYTE_DIFFERENTIATION,0,14,50,1500,0.0,1.0,,1.0
shared,GO_BP,GOBP_KETONE_METABOLIC_PROCESS,1,22,50,1500,1.3636363636363638,0.5281983764075895,Dab2,1.0
shared,GO_BP,GOBP_KIDNEY_EPITHELIUM_DEVELOPMENT,1,27,50,1500,1.1111111111111112,0.60287685419108,Mef2c,1.0
shared,GO_BP,GOBP_KIDNEY_MORPHOGENESIS,0,16,50,1500,0.0,1.0,,1.0
shared,GO_BP,GOBP_LABYRINTHINE_LAYER_DEVELOPMENT,1,10,50,1500,3.0,0.2882684421548648,Junb,0.9827433006029385
shared,GO_BP,GOBP_LACTATION,1,11,50,1500,2.7272727272727275,0.31215205147852715,mt-Co2,0.9827433006029385
shared,GO_BP,GOBP_LEARNING,0,40,50,1500,0.0,1.0,,1.0
shared,GO_BP,GOBP_LENS_DEVELOPMENT_IN_CAMERA_TYPE_EYE,1,15,50,1500,2.0,0.4000764265660914,Maf,0.9873222282690042
shared,GO_BP,GOBP_LEUKOCYTE_ACTIVATION_INVOLVED_IN_INFLAMMATORY_RESPONSE,3,11,50,1500,8.181818181818182,0.004764529954141202,C1qa|C5ar1|Tyrobp,0.12487679315289439
shared,GO_BP,GOBP_LEUKOCYTE_ADHESION_TO_VASCULAR_ENDOTHELIAL_CELL,1,12,50,1500,2.5,0.33524969917904673,Cxcl12,0.9827433006029385
shared,GO_BP,GOBP_LEUKOCYTE_APOPTOTIC_PROCESS,2,20,50,1500,3.0,0.14144844471358778,Cxcl12|Mef2c,0.7414636214825165
shared,GO_BP,GOBP_LEUKOCYTE_CELL_CELL_ADHESION,6,60,50,1500,3.0,0.012781846395349572,Cxcl12|Laptm5|Lgals1|Lilrb4a|Pf4|Ptprc,0.20770500392443053
shared,GO_BP,GOBP_LEUKOCYTE_CHEMOTAXIS,3,45,50,1500,2.0,0.18688241970806788,C5ar1|Cxcl12|Pf4,0.8824017296743795
shared,GO_BP,GOBP_LEUKOCYTE_DEGRANULATION,0,12,50,1500,0.0,1.0,,1.0
shared,GO_BP,GOBP_LEUKOCYTE_DIFFERENTIATION,9,84,50,1500,3.2142857142857144,0.0013311970518832719,Cflar|Junb|Laptm5|Lgals1|Lilrb4a|Mef2c|Pf4|Ptprc|Tyrobp,0.06555136997910051
shared,GO_BP,GOBP_LEUKOCYTE_HOMEOSTASIS,2,20,50,1500,3.0,0.14144844471358778,Lilrb4a|Mef2c,0.7414636214825165
shared,GO_BP,GOBP_LEUKOCYTE_MEDIATED_CYTOTOXICITY,2,11,50,1500,5.454545454545455,0.04943234891824236,Ptprc|Tyrobp,0.41405962367084453
shared,GO_BP,GOBP_LEUKOCYTE_MEDIATED_IMMUNITY,6,47,50,1500,3.8297872340425534,0.0038192621776975987,Bst2|C1qa|Csf2rb2|Lilrb4a|Ptprc|Tyrobp,0.11284183706833814
shared,GO_BP,GOBP_LEUKOCYTE_MIGRATION,3,65,50,1500,1.3846153846153848,0.36985602599805995,C5ar1|Cxcl12|Pf4,0.9827433006029385
shared,GO_BP,GOBP_LEUKOCYTE_PROLIFERATION,8,58,50,1500,4.137931034482759,0.00046096223547677245,Csf2rb2|Cxcl12|Junb|Laptm5|Lilrb4a|Mef2c|Ptprc|Tyrobp,0.04161464625831974
shared,GO_BP,GOBP_LIGAND_GATED_ION_CHANNEL_SIGNALING_PATHWAY,1,15,50,1500,2.0,0.4000764265660914,Mef2c,0.9873222282690042
shared,GO_BP,GOBP_LIMBIC_SYSTEM_DEVELOPMENT,0,33,50,1500,0.0,1.0,,1.0
shared,GO_BP,GOBP_LIPID_BIOSYNTHETIC_PROCESS,2,54,50,1500,1.1111111111111112,0.5454604803481333,Apoe|Dab2,1.0
shared,GO_BP,GOBP_LIPID_CATABOLIC_PROCESS,1,28,50,1500,1.0714285714285714,0.616356933817995,Apoe,1.0
shared,GO_BP,GOBP_LIPID_EXPORT_FROM_CELL,1,12,50,1500,2.5,0.33524969917904673,Dab2,0.9827433006029385
shared,GO_BP,GOBP_LIPID_HOMEOSTASIS,2,15,50,1500,4.0,0.08674586941049843,Apoe|Mylip,0.5897993213056901
shared,GO_BP,GOBP_LIPID_LOCALIZATION,2,55,50,1500,1.090909090909091,0.5556112094093976,Apoe|Dab2,1.0
shared,GO_BP,GOBP_LIPID_METABOLIC_PROCESS,3,107,50,1500,0.8411214953271028,0.7063872920661782,Apoe|Dab2|Ttr,1.0
shared,GO_BP,GOBP_LIPID_MODIFICATION,0,21,50,1500,0.0,1.0,,1.0
shared,GO_BP,GOBP_LIPID_OXIDATION,0,14,50,1500,0.0,1.0,,1.0
shared,GO_BP,GOBP_LOCALIZATION_WITHIN_MEMBRANE,3,64,50,1500,1.40625,0.3605177956624396,Apoe|Dab2|Ptprc,0.9827433006029385
shared,GO_BP,GOBP_LOCOMOTION,8,221,50,1500,1.0859728506787332,0.4605290426808238,Apoe|Bst2|C5ar1|Cxcl12|Dab2|Mef2c|Pf4|Ptprc,1.0
shared,GO_BP,GOBP_LOCOMOTORY_BEHAVIOR,2,47,50,1500,1.2765957446808511,0.4702033260751992,Apoe|Cxcl12,1.0
shared,GO_BP,GOBP_LONG_CHAIN_FATTY_ACID_METABOLIC_PROCESS,0,11,50,1500,0.0,1.0,,1.0
shared,GO_BP,GOBP_LONG_CHAIN_FATTY_ACID_TRANSPORT,1,12,50,1500,2.5,0.33524969917904673,Apoe,0.9827433006029385
shared,GO_BP,GOBP_LONG_TERM_MEMORY,1,13,50,1500,2.3076923076923075,0.3575867388571701,Apoe,0.9827433006029385
shared,GO_BP,GOBP_LONG_TERM_SYNAPTIC_POTENTIATION,3,23,50,1500,3.913043478260869,0.03859569973016896,Apoe|Nrgn|Tyrobp,0.38360146767805353
shared,GO_BP,GOBP_LUNG_ALVEOLUS_DEVELOPMENT,0,11,50,1500,0.0,1.0,,1.0
shared,GO_BP,GOBP_LUNG_EPITHELIUM_DEVELOPMENT,0,10,50,1500,0.0,1.0,,1.0
shared,GO_BP,GOBP_LYMPHOCYTE_ACTIVATION,8,92,50,1500,2.608695652173913,0.009341706691260577,Cxcl12|Laptm5|Lgals1|Lilrb4a|Mef2c|Pf4|Ptprc|Tyrobp,0.187216675075421
shared,GO_BP,GOBP_LYMPHOCYTE_ACTIVATION_INVOLVED_IN_IMMUNE_RESPONSE,5,28,50,1500,5.357142857142857,0.0018492429945528295,Lgals1|Lilrb4a|Pf4|Ptprc|Tyrobp,0.07922022172398914
shared,GO_BP,GOBP_LYMPHOCYTE_APOPTOTIC_PROCESS,0,12,50,1500,0.0,1.0,,1.0
shared,GO_BP,GOBP_LYMPHOCYTE_DIFFERENTIATION,5,51,50,1500,2.9411764705882355,0.02477317727952376,Laptm5|Lgals1|Lilrb4a|Pf4|Ptprc,0.30497282635777356
shared,GO_BP,GOBP_LYMPHOCYTE_MEDIATED_IMMUNITY,4,32,50,1500,3.75,0.019732682839665606,C1qa|Csf2rb2|Lilrb4a|Ptprc,0.2683945931437699
shared,GO_BP,GOBP_LYMPHOCYTE_MIGRATION,1,11,50,1500,2.7272727272727275,0.31215205147852715,Cxcl12,0.9827433006029385
shared,GO_BP,GOBP_LYMPH_VESSEL_DEVELOPMENT,0,10,50,1500,0.0,1.0,,1.0
shared,GO_BP,GOBP_L_ALPHA_AMINO_ACID_TRANSMEMBRANE_TRANSPORT,0,20,50,1500,0.0,1.0,,1.0
shared,GO_BP,GOBP_L_AMINO_ACID_METABOLIC_PROCESS,0,14,50,1500,0.0,1.0,,1.0
shared,GO_BP,GOBP_L_AMINO_ACID_TRANSPORT,0,21,50,1500,0.0,1.0,,1.0
shared,GO_BP,GOBP_L_GLUTAMATE_IMPORT,0,11,50,1500,0.0,1.0,,1.0
shared,GO_BP,GOBP_MACROAUTOPHAGY,1,15,50,1500,2.0,0.4000764265660914,Ctsd,0.9873222282690042
shared,GO_BP,GOBP_MACROMOLECULE_CATABOLIC_PROCESS,9,76,50,1500,3.5526315789473686,0.0006322660377301445,Apoe|Ctsd|Ctss|Cul4b|Dab2|Laptm5|Mylip|Psmb8|Tnfsf12,0.051371615565574236
shared,GO_BP,GOBP_MACROPHAGE_ACTIVATION,3,22,50,1500,4.090909090909091,0.034352084177712426,C1qa|C5ar1|Tyrobp,0.3624814077193681
shared,GO_BP,GOBP_MACROPHAGE_CHEMOTAXIS,1,13,50,1500,2.3076923076923075,0.3575867388571701,C5ar1,0.9827433006029385
shared,GO_BP,GOBP_MACROPHAGE_DIFFERENTIATION,1,15,50,1500,2.0,0.4000764265660914,Cflar,0.9873222282690042
shared,GO_BP,GOBP_MACROPHAGE_MIGRATION,1,16,50,1500,1.875,0.4202758734830577,C5ar1,0.9912166827430607
shared,GO_BP,GOBP_MAINTENANCE_OF_CELL_NUMBER,0,22,50,1500,0.0,1.0,,1.0
shared,GO_BP,GOBP_MAINTENANCE_OF_LOCATION,3,27,50,1500,3.333333333333333,0.058094821376033876,Apoe|Lgals1|Ptprc,0.4582722560002672
shared,GO_BP,GOBP_MALE_GAMETE_GENERATION,0,53,50,1500,0.0,1.0,,1.0
shared,GO_BP,GOBP_MALE_SEX_DIFFERENTIATION,0,20,50,1500,0.0,1.0,,1.0
shared,GO_BP,GOBP_MAMMARY_GLAND_DEVELOPMENT,1,26,50,1500,1.1538461538461537,0.5889329235095868,mt-Co2,1.0
shared,GO_BP,GOBP_MAMMARY_GLAND_EPITHELIUM_DEVELOPMENT,0,13,50,1500,0.0,1.0,,1.0
shared,GO_BP,GOBP_MAPK_CASCADE,10,118,50,1500,2.5423728813559325,0.004267123006658225,Apoe|C5ar1|Cflar|Cxcl12|Dab2|Laptm5|Lilrb4a|Mef2c|Pik3ap1|Ptprc,0.11955301527275199
shared,GO_BP,GOBP_MAST_CELL_ACTIVATION,1,12,50,1500,2.5,0.33524969917904673,Lilrb4a,0.9827433006029385
shared,GO_BP,GOBP_MATERNAL_PROCESS_INVOLVED_IN_FEMALE_PREGNANCY,1,11,50,1500,2.7272727272727275,0.31215205147852715,Junb,0.9827433006029385
shared,GO_BP,GOBP_MEIOSIS_I_CELL_CYCLE_PROCESS,0,13,50,1500,0.0,1.0,,1.0
shared,GO_BP,GOBP_MEIOTIC_CELL_CYCLE,0,27,50,1500,0.0,1.0,,1.0
shared,GO_BP,GOBP_MEIOTIC_CELL_CYCLE_PROCESS,0,21,50,1500,0.0,1.0,,1.0
shared,GO_BP,GOBP_MEIOTIC_CHROMOSOME_SEGREGATION,0,10,50,1500,0.0,1.0,,1.0
shared,GO_BP,GOBP_MEMBRANELESS_ORGANELLE_ASSEMBLY,2,42,50,1500,1.4285714285714286,0.4123282859057648,Cflar|Mef2c,0.9912166827430607
shared,GO_BP,GOBP_MEMBRANE_BIOGENESIS,0,11,50,1500,0.0,1.0,,1.0
shared,GO_BP,GOBP_MEMBRANE_DEPOLARIZATION,0,17,50,1500,0.0,1.0,,1.0
shared,GO_BP,GOBP_MEMBRANE_DOCKING,0,12,50,1500,0.0,1.0,,1.0
shared,GO_BP,GOBP_MEMBRANE_FUSION,0,20,50,1500,0.0,1.0,,1.0
shared,GO_BP,GOBP_MEMBRANE_INVAGINATION,0,11,50,1500,0.0,1.0,,1.0
shared,GO_BP,GOBP_MEMBRANE_LIPID_METABOLIC_PROCESS,0,11,50,1500,0.0,1.0,,1.0
shared,GO_BP,GOBP_MEMBRANE_ORGANIZATION,3,85,50,1500,1.0588235294117647,0.5474083929992667,Apoe|Laptm5|Ptprc,1.0
shared,GO_BP,GOBP_MEMORY,1,36,50,1500,0.8333333333333334,0.7092162291569126,Apoe,1.0
shared,GO_BP,GOBP_MESENCHYMAL_CELL_DIFFERENTIATION,2,54,50,1500,1.1111111111111112,0.5454604803481333,Dab2|Mef2c,1.0
shared,GO_BP,GOBP_MESENCHYMAL_CELL_MIGRATION,0,18,50,1500,0.0,1.0,,1.0
shared,GO_BP,GOBP_MESENCHYME_DEVELOPMENT,2,60,50,1500,1.0,0.6040144176935394,Dab2|Mef2c,1.0
shared,GO_BP,GOBP_MESENCHYME_MORPHOGENESIS,0,15,50,1500,0.0,1.0,,1.0
shared,GO_BP,GOBP_MESODERM_DEVELOPMENT,0,13,50,1500,0.0,1.0,,1.0
shared,GO_BP,GOBP_MESONEPHROS_DEVELOPMENT,0,16,50,1500,0.0,1.0,,1.0
shared,GO_BP,GOBP_METANEPHROS_DEVELOPMENT,0,18,50,1500,0.0,1.0,,1.0
shared,GO_BP,GOBP_METAPHASE_CHROMOSOME_ALIGNMENT,0,10,50,1500,0.0,1.0,,1.0
shared,GO_BP,GOBP_METENCEPHALON_DEVELOPMENT,1,19,50,1500,1.5789473684210527,0.4769581022710094,mt-Nd4,1.0
shared,GO_BP,GOBP_MICROTUBULE_BASED_MOVEMENT,0,50,50,1500,0.0,1.0,,1.0
shared,GO_BP,GOBP_MICROTUBULE_BASED_PROCESS,0,95,50,1500,0.0,1.0,,1.0
shared,GO_BP,GOBP_MICROTUBULE_BASED_TRANSPORT,0,23,50,1500,0.0,1.0,,1.0
shared,GO_BP,GOBP_MICROTUBULE_BUNDLE_FORMATION,0,24,50,1500,0.0,1.0,,1.0
shared,GO_BP,GOBP_MICROTUBULE_CYTOSKELETON_ORGANIZATION,0,67,50,1500,0.0,1.0,,1.0
shared,GO_BP,GOBP_MICROTUBULE_CYTOSKELETON_ORGANIZATION_INVOLVED_IN_MITOSIS,0,15,50,1500,0.0,1.0,,1.0
shared,GO_BP,GOBP_MICROTUBULE_POLYMERIZATION,0,11,50,1500,0.0,1.0,,1.0
shared,GO_BP,GOBP_MICROTUBULE_POLYMERIZATION_OR_DEPOLYMERIZATION,0,14,50,1500,0.0,1.0,,1.0
shared,GO_BP,GOBP_MIRNA_METABOLIC_PROCESS,1,16,50,1500,1.875,0.4202758734830577,Lilrb4a,0.9912166827430607
shared,GO_BP,GOBP_MIRNA_TRANSCRIPTION,1,16,50,1500,1.875,0.4202758734830577,Lilrb4a,0.9912166827430607
shared,GO_BP,GOBP_MITOCHONDRIAL_TRANSPORT,0,11,50,1500,0.0,1.0,,1.0
shared,GO_BP,GOBP_MITOCHONDRION_ORGANIZATION,1,36,50,1500,0.8333333333333334,0.7092162291569126,mt-Nd4,1.0
shared,GO_BP,GOBP_MITOTIC_CELL_CYCLE,1,85,50,1500,0.3529411764705882,0.9485413852255877,Cul4b,1.0
shared,GO_BP,GOBP_MITOTIC_CELL_CYCLE_CHECKPOINT_SIGNALING,0,11,50,1500,0.0,1.0,,1.0
shared,GO_BP,GOBP_MITOTIC_CELL_CYCLE_PHASE_TRANSITION,1,45,50,1500,0.6666666666666666,0.7874965257547175,Cul4b,1.0
shared,GO_BP,GOBP_MITOTIC_CYTOKINESIS,0,11,50,1500,0.0,1.0,,1.0
shared,GO_BP,GOBP_MITOTIC_NUCLEAR_DIVISION,0,31,50,1500,0.0,1.0,,1.0
shared,GO_BP,GOBP_MITOTIC_SISTER_CHROMATID_SEGREGATION,0,17,50,1500,0.0,1.0,,1.0
shared,GO_BP,GOBP_MITOTIC_SPINDLE_ORGANIZATION,0,12,50,1500,0.0,1.0,,1.0
shared,GO_BP,GOBP_MODIFICATION_DEPENDENT_MACROMOLECULE_CATABOLIC_PROCESS,5,26,50,1500,5.769230769230769,0.0013019111383587353,Cul4b|Dab2|Laptm5|Mylip|Psmb8,0.06555136997910051
shared,GO_BP,GOBP_MODIFIED_AMINO_ACID_METABOLIC_PROCESS,0,14,50,1500,0.0,1.0,,1.0
shared,GO_BP,GOBP_MODIFIED_AMINO_ACID_TRANSPORT,0,10,50,1500,0.0,1.0,,1.0
shared,GO_BP,GOBP_MODULATION_OF_EXCITATORY_POSTSYNAPTIC_POTENTIAL,0,15,50,1500,0.0,1.0,,1.0
shared,GO_BP,GOBP_MODULATION_OF_PROCESS_OF_ANOTHER_ORGANISM,3,11,50,1500,8.181818181818182,0.004764529954141202,Apoe|Ifitm3|Ly6e,0.12487679315289439
shared,GO_BP,GOBP_MOLTING_CYCLE,0,16,50,1500,0.0,1.0,,1.0
shared,GO_BP,GOBP_MOLTING_CYCLE_PROCESS,0,16,50,1500,0.0,1.0,,1.0
shared,GO_BP,GOBP_MONOAMINE_TRANSPORT,2,16,50,1500,3.75,0.0970847228115921,Cxcl12|Ly6e,0.6211128920032959
shared,GO_BP,GOBP_MONOATOMIC_ANION_TRANSMEMBRANE_TRANSPORT,0,17,50,1500,0.0,1.0,,1.0
shared,GO_BP,GOBP_MONOATOMIC_ANION_TRANSPORT,0,20,50,1500,0.0,1.0,,1.0
shared,GO_BP,GOBP_MONOATOMIC_CATION_TRANSMEMBRANE_TRANSPORT,6,99,50,1500,1.8181818181818183,0.10647675713075583,Ctss|Ptprc|Slc6a6|mt-Co2|mt-Co3|mt-Nd4,0.6508634297460815
shared,GO_BP,GOBP_MONOATOMIC_CATION_TRANSPORT,7,126,50,1500,1.6666666666666665,0.11971090422450333,Ctss|Cxcl12|Ptprc|Slc6a6|mt-Co2|mt-Co3|mt-Nd4,0.6898234729248862
shared,GO_BP,GOBP_MONOATOMIC_ION_HOMEOSTASIS,3,76,50,1500,1.1842105263157896,0.47037536398765967,Apoe|Mt1|Ptprc,1.0
shared,GO_BP,GOBP_MONOATOMIC_ION_TRANSMEMBRANE_TRANSPORT,6,120,50,1500,1.5,0.2051743503432721,Ctss|Ptprc|Slc6a6|mt-Co2|mt-Co3|mt-Nd4,0.9184802184788352
shared,GO_BP,GOBP_MONOATOMIC_ION_TRANSPORT,7,154,50,1500,1.3636363636363635,0.24759540081017029,Ctss|Cxcl12|Ptprc|Slc6a6|mt-Co2|mt-Co3|mt-Nd4,0.9827433006029385
shared,GO_BP,GOBP_MONOCARBOXYLIC_ACID_BIOSYNTHETIC_PROCESS,0,23,50,1500,0.0,1.0,,1.0
shared,GO_BP,GOBP_MONOCARBOXYLIC_ACID_METABOLIC_PROCESS,0,58,50,1500,0.0,1.0,,1.0
shared,GO_BP,GOBP_MONOCARBOXYLIC_ACID_TRANSPORT,1,30,50,1500,1.0,0.6419855589414076,Apoe,1.0
shared,GO_BP,GOBP_MONOCYTE_CHEMOTAXIS,1,13,50,1500,2.3076923076923075,0.3575867388571701,Cxcl12,0.9827433006029385
shared,GO_BP,GOBP_MONONUCLEAR_CELL_DIFFERENTIATION,7,69,50,1500,3.0434782608695654,0.006582499572785167,Cflar|Laptm5|Lgals1|Lilrb4a|Mef2c|Pf4|Ptprc,0.14652824391473832
shared,GO_BP,GOBP_MONONUCLEAR_CELL_MIGRATION,2,33,50,1500,1.8181818181818181,0.301829565218506,C5ar1|Cxcl12,0.9827433006029385
shared,GO_BP,GOBP_MONOSACCHARIDE_METABOLIC_PROCESS,1,15,50,1500,2.0,0.4000764265660914,Cbr2,0.9873222282690042
shared,GO_BP,GOBP_MONOSACCHARIDE_TRANSMEMBRANE_TRANSPORT,0,10,50,1500,0.0,1.0,,1.0
shared,GO_BP,GOBP_MORPHOGENESIS_OF_AN_EPITHELIUM,3,83,50,1500,1.0843373493975903,0.5308117699803918,Ctsd|Cxcl12|Mef2c,1.0
shared,GO_BP,GOBP_MORPHOGENESIS_OF_A_BRANCHING_STRUCTURE,2,42,50,1500,1.4285714285714286,0.4123282859057648,Ctsd|Cxcl12,0.9912166827430607
shared,GO_BP,GOBP_MORPHOGENESIS_OF_EMBRYONIC_EPITHELIUM,0,18,50,1500,0.0,1.0,,1.0
shared,GO_BP,GOBP_MOTILE_CILIUM_ASSEMBLY,0,13,50,1500,0.0,1.0,,1.0
shared,GO_BP,GOBP_MRNA_METABOLIC_PROCESS,1,21,50,1500,1.4285714285714286,0.5116902720131731,C5ar1,1.0
shared,GO_BP,GOBP_MRNA_PROCESSING,0,10,50,1500,0.0,1.0,,1.0
shared,GO_BP,GOBP_MULTICELLULAR_ORGANISMAL_LEVEL_CHEMICAL_HOMEOSTASIS,0,12,50,1500,0.0,1.0,,1.0
shared,GO_BP,GOBP_MULTICELLULAR_ORGANISMAL_LEVEL_HOMEOSTASIS,4,126,50,1500,0.9523809523809523,0.618036496999997,Apoe|Ctss|Lilrb4a|Mef2c,1.0
shared,GO_BP,GOBP_MULTICELLULAR_ORGANISMAL_MOVEMENT,0,10,50,1500,0.0,1.0,,1.0
shared,GO_BP,GOBP_MULTICELLULAR_ORGANISMAL_REPRODUCTIVE_PROCESS,2,104,50,1500,0.5769230769230769,0.8742983027134331,Cxcl12|Junb,1.0
shared,GO_BP,GOBP_MULTICELLULAR_ORGANISMAL_RESPONSE_TO_STRESS,2,26,50,1500,2.3076923076923075,0.21392436250078883,Apoe|Mef2c,0.9319761100905679
shared,GO_BP,GOBP_MULTICELLULAR_ORGANISM_GROWTH,0,25,50,1500,0.0,1.0,,1.0
shared,GO_BP,GOBP_MULTI_MULTICELLULAR_ORGANISM_PROCESS,1,31,50,1500,0.9677419354838709,0.6541629208821762,Junb,1.0
shared,GO_BP,GOBP_MUSCLE_ADAPTATION,2,20,50,1500,3.0,0.14144844471358778,Cflar|Mef2c,0.7414636214825165
shared,GO_BP,GOBP_MUSCLE_CELL_APOPTOTIC_PROCESS,1,17,50,1500,1.7647058823529411,0.4398083575301246,Cflar,1.0
shared,GO_BP,GOBP_MUSCLE_CELL_DEVELOPMENT,2,43,50,1500,1.3953488372093024,0.424148062560875,Cflar|Mef2c,0.9931420773219336
shared,GO_BP,GOBP_MUSCLE_CELL_DIFFERENTIATION,3,70,50,1500,1.2857142857142856,0.41617005907570176,Cflar|Cxcl12|Mef2c,0.9912166827430607
shared,GO_BP,GOBP_MUSCLE_CELL_MIGRATION,1,35,50,1500,0.8571428571428571,0.6989411842507965,Mef2c,1.0
shared,GO_BP,GOBP_MUSCLE_CELL_PROLIFERATION,3,57,50,1500,1.5789473684210527,0.2950418794901038,Apoe|Cflar|Mef2c,0.9827433006029385
shared,GO_BP,GOBP_MUSCLE_CONTRACTION,0,54,50,1500,0.0,1.0,,1.0
shared,GO_BP,GOBP_MUSCLE_HYPERTROPHY,1,21,50,1500,1.4285714285714286,0.5116902720131731,Mef2c,1.0
shared,GO_BP,GOBP_MUSCLE_ORGAN_DEVELOPMENT,3,54,50,1500,1.6666666666666665,0.267230303739711,Cflar|Ly6e|Mef2c,0.9827433006029385
shared,GO_BP,GOBP_MUSCLE_ORGAN_MORPHOGENESIS,1,16,50,1500,1.875,0.4202758734830577,Ly6e,0.9912166827430607
shared,GO_BP,GOBP_MUSCLE_STRUCTURE_DEVELOPMENT,5,116,50,1500,1.293103448275862,0.3432110330215942,Cflar|Cxcl12|Lgals1|Ly6e|Mef2c,0.9827433006029385
shared,GO_BP,GOBP_MUSCLE_SYSTEM_PROCESS,2,70,50,1500,0.8571428571428571,0.6889781575592814,Cflar|Mef2c,1.0
shared,GO_BP,GOBP_MUSCLE_TISSUE_DEVELOPMENT,3,85,50,1500,1.0588235294117647,0.5474083929992667,Cflar|Ly6e|Mef2c,1.0
shared,GO_BP,GOBP_MYELOID_CELL_ACTIVATION_INVOLVED_IN_IMMUNE_RESPONSE,2,19,50,1500,3.1578947368421053,0.12996801648711176,Lilrb4a|Tyrobp,0.7074402780280293
shared,GO_BP,GOBP_MYELOID_CELL_DEVELOPMENT,1,17,50,1500,1.7647058823529411,0.4398083575301246,Tyrobp,1.0
shared,GO_BP,GOBP_MYELOID_CELL_DIFFERENTIATION,8,66,50,1500,3.6363636363636362,0.0011249509649614293,Cflar|Dab2|Junb|Lilrb4a|Maf|Mef2c|Pf4|Tyrobp,0.06555136997910051
shared,GO_BP,GOBP_MYELOID_CELL_HOMEOSTASIS,1,35,50,1500,0.8571428571428571,0.6989411842507965,Lilrb4a,1.0
shared,GO_BP,GOBP_MYELOID_LEUKOCYTE_ACTIVATION,4,46,50,1500,2.608695652173913,0.06368167286356924,C1qa|C5ar1|Lilrb4a|Tyrobp,0.4927748495395239
shared,GO_BP,GOBP_MYELOID_LEUKOCYTE_CYTOKINE_PRODUCTION,1,12,50,1500,2.5,0.33524969917904673,Laptm5,0.9827433006029385
shared,GO_BP,GOBP_MYELOID_LEUKOCYTE_DIFFERENTIATION,5,43,50,1500,3.488372093023256,0.012409064885118677,Cflar|Junb|Lilrb4a|Mef2c|Tyrobp,0.2057625554930393
shared,GO_BP,GOBP_MYELOID_LEUKOCYTE_MEDIATED_IMMUNITY,1,17,50,1500,1.7647058823529411,0.4398083575301246,Tyrobp,1.0
shared,GO_BP,GOBP_MYELOID_LEUKOCYTE_MIGRATION,3,47,50,1500,1.9148936170212767,0.20417344932098214,C5ar1|Cxcl12|Pf4,0.916524461730928
shared,GO_BP,GOBP_MYOBLAST_DIFFERENTIATION,2,16,50,1500,3.75,0.0970847228115921,Lgals1|Mef2c,0.6211128920032959
shared,GO_BP,GOBP_MYOFIBRIL_ASSEMBLY,2,19,50,1500,3.1578947368421053,0.12996801648711176,Cflar|Mef2c,0.7074402780280293
shared,GO_BP,GOBP_MYOTUBE_DIFFERENTIATION,2,14,50,1500,4.285714285714286,0.07677394817604072,Cflar|Cxcl12,0.5400764752643556
shared,GO_BP,GOBP_NATURAL_KILLER_CELL_ACTIVATION,3,10,50,1500,9.0,0.0035480063258161673,Lilrb4a|Ptprc|Tyrobp,0.10746502652417324
shared,GO_BP,GOBP_NEGATIVE_REGULATION_OF_ADAPTIVE_IMMUNE_RESPONSE,4,10,50,1500,12.0,0.00019828083502512685,Lgals1|Lilrb4a|Pf4|Ptprc,0.0259555856367099
shared,GO_BP,GOBP_NEGATIVE_REGULATION_OF_APOPTOTIC_SIGNALING_PATHWAY,3,29,50,1500,3.103448275862069,0.06929647406754862,Cflar|Cxcl12|Dab2,0.5072377043232725
shared,GO_BP,GOBP_NEGATIVE_REGULATION_OF_AXONOGENESIS,0,10,50,1500,0.0,1.0,,1.0
shared,GO_BP,GOBP_NEGATIVE_REGULATION_OF_BINDING,1,18,50,1500,1.6666666666666667,0.45869546617711976,Dab2,1.0
shared,GO_BP,GOBP_NEGATIVE_REGULATION_OF_BLOOD_PRESSURE,0,13,50,1500,0.0,1.0,,1.0
shared,GO_BP,GOBP_NEGATIVE_REGULATION_OF_CANONICAL_WNT_SIGNALING_PATHWAY,2,14,50,1500,4.285714285714286,0.07677394817604072,Apoe|Dab2,0.5400764752643556
shared,GO_BP,GOBP_NEGATIVE_REGULATION_OF_CATABOLIC_PROCESS,0,27,50,1500,0.0,1.0,,1.0
shared,GO_BP,GOBP_NEGATIVE_REGULATION_OF_CATALYTIC_ACTIVITY,3,38,50,1500,2.368421052631579,0.1301690111571574,Apoe|Lilrb4a|Ptprc,0.7074402780280293
shared,GO_BP,GOBP_NEGATIVE_REGULATION_OF_CELLULAR_COMPONENT_ORGANIZATION,5,92,50,1500,1.6304347826086956,0.18788369136451402,Apoe|Cflar|Dab2|Lgals1|Mylip,0.8824017296743795
shared,GO_BP,GOBP_NEGATIVE_REGULATION_OF_CELLULAR_RESPONSE_TO_GROWTH_FACTOR_STIMULUS,1,16,50,1500,1.875,0.4202758734830577,Cflar,0.9912166827430607
shared,GO_BP,GOBP_NEGATIVE_REGULATION_OF_CELL_ACTIVATION,6,42,50,1500,4.285714285714286,0.0021200220531060365,Apoe|Laptm5|Lgals1|Lilrb4a|Pf4|Tyrobp,0.08457203816218604
shared,GO_BP,GOBP_NEGATIVE_REGULATION_OF_CELL_ADHESION,6,55,50,1500,3.272727272727273,0.00840741736764823,Cxcl12|Laptm5|Lgals1|Lilrb4a|Pf4|Ptprc,0.17077566528035468
shared,GO_BP,GOBP_NEGATIVE_REGULATION_OF_CELL_CELL_ADHESION,5,34,50,1500,4.411764705882353,0.004499641467726465,Cxcl12|Laptm5|Lgals1|Lilrb4a|Pf4,0.12186528975092507
shared,GO_BP,GOBP_NEGATIVE_REGULATION_OF_CELL_COMMUNICATION,8,177,50,1500,1.3559322033898304,0.2296384809899975,Apoe|Cflar|Cxcl12|Dab2|Laptm5|Lilrb4a|Pik3ap1|Ptprc,0.9766372060277677
shared,GO_BP,GOBP_NEGATIVE_REGULATION_OF_CELL_CYCLE,0,32,50,1500,0.0,1.0,,1.0
shared,GO_BP,GOBP_NEGATIVE_REGULATION_OF_CELL_CYCLE_PROCESS,0,22,50,1500,0.0,1.0,,1.0
shared,GO_BP,GOBP_NEGATIVE_REGULATION_OF_CELL_DEVELOPMENT,3,56,50,1500,1.6071428571428572,0.28573879853665757,Lgals1|Lilrb4a|Pf4,0.9827433006029385
shared,GO_BP,GOBP_NEGATIVE_REGULATION_OF_CELL_DIFFERENTIATION,3,115,50,1500,0.7826086956521738,0.752850340974107,Lgals1|Lilrb4a|Pf4,1.0
shared,GO_BP,GOBP_NEGATIVE_REGULATION_OF_CELL_GROWTH,2,25,50,1500,2.4,0.20153398901832625,Bst2|Dab2,0.9071820835312471
shared,GO_BP,GOBP_NEGATIVE_REGULATION_OF_CELL_MATRIX_ADHESION,0,10,50,1500,0.0,1.0,,1.0
shared,GO_BP,GOBP_NEGATIVE_REGULATION_OF_CELL_POPULATION_PROLIFERATION,8,106,50,1500,2.2641509433962264,0.021102138792510022,Apoe|Cxcl12|Dab2|Ifitm3|Laptm5|Lilrb4a|Mef2c|Tyrobp,0.2810735699822031
shared,GO_BP,GOBP_NEGATIVE_REGULATION_OF_CELL_PROJECTION_ORGANIZATION,4,41,50,1500,2.926829268292683,0.04461544346076818,Apoe|Dab2|Lgals1|Mylip,0.40502846717177815
shared,GO_BP,GOBP_NEGATIVE_REGULATION_OF_CELL_SUBSTRATE_ADHESION,1,14,50,1500,2.142857142857143,0.3791877227557184,Lgals1,0.9827433006029385
shared,GO_BP,GOBP_NEGATIVE_REGULATION_OF_COAGULATION,1,10,50,1500,3.0,0.2882684421548648,Apoe,0.9827433006029385
shared,GO_BP,GOBP_NEGATIVE_REGULATION_OF_CYTOKINE_PRODUCTION,5,43,50,1500,3.488372093023256,0.012409064885118677,Bst2|Laptm5|Lilrb4a|Ptprc|Tyrobp,0.2057625554930393
shared,GO_BP,GOBP_NEGATIVE_REGULATION_OF_CYTOSKELETON_ORGANIZATION,0,21,50,1500,0.0,1.0,,1.0
shared,GO_BP,GOBP_NEGATIVE_REGULATION_OF_DEFENSE_RESPONSE,2,40,50,1500,1.5,0.3883610132921429,Apoe|Pf4,0.9873222282690042
shared,GO_BP,GOBP_NEGATIVE_REGULATION_OF_DEVELOPMENTAL_GROWTH,0,18,50,1500,0.0,1.0,,1.0
shared,GO_BP,GOBP_NEGATIVE_REGULATION_OF_DEVELOPMENTAL_PROCESS,7,157,50,1500,1.3375796178343948,0.26349800050527594,Apoe|Cflar|Laptm5|Lgals1|Lilrb4a|Pf4|Stab1,0.9827433006029385
shared,GO_BP,GOBP_NEGATIVE_REGULATION_OF_DNA_BINDING,0,10,50,1500,0.0,1.0,,1.0
shared,GO_BP,GOBP_NEGATIVE_REGULATION_OF_DNA_BINDING_TRANSCRIPTION_FACTOR_ACTIVITY,0,21,50,1500,0.0,1.0,,1.0
shared,GO_BP,GOBP_NEGATIVE_REGULATION_OF_ENDOTHELIAL_CELL_APOPTOTIC_PROCESS,0,12,50,1500,0.0,1.0,,1.0
shared,GO_BP,GOBP_NEGATIVE_REGULATION_OF_ENDOTHELIAL_CELL_MIGRATION,2,10,50,1500,6.0,0.04131092728840577,Apoe|Mef2c,0.38360146767805353
shared,GO_BP,GOBP_NEGATIVE_REGULATION_OF_ENDOTHELIAL_CELL_PROLIFERATION,2,12,50,1500,5.0,0.05807792677281182,Apoe|Mef2c,0.4582722560002672
shared,GO_BP,GOBP_NEGATIVE_REGULATION_OF_EPITHELIAL_CELL_DIFFERENTIATION,0,20,50,1500,0.0,1.0,,1.0
shared,GO_BP,GOBP_NEGATIVE_REGULATION_OF_EPITHELIAL_CELL_PROLIFERATION,3,23,50,1500,3.913043478260869,0.03859569973016896,Apoe|Dab2|Mef2c,0.38360146767805353
shared,GO_BP,GOBP_NEGATIVE_REGULATION_OF_ERK1_AND_ERK2_CASCADE,2,12,50,1500,5.0,0.05807792677281182,Dab2|Ptprc,0.4582722560002672
shared,GO_BP,GOBP_NEGATIVE_REGULATION_OF_ESTABLISHMENT_OF_PROTEIN_LOCALIZATION,1,12,50,1500,2.5,0.33524969917904673,Apoe,0.9827433006029385
shared,GO_BP,GOBP_NEGATIVE_REGULATION_OF_EXTRINSIC_APOPTOTIC_SIGNALING_PATHWAY,2,16,50,1500,3.75,0.0970847228115921,Cflar|Dab2,0.6211128920032959
shared,GO_BP,GOBP_NEGATIVE_REGULATION_OF_FAT_CELL_DIFFERENTIATION,0,11,50,1500,0.0,1.0,,1.0
shared,GO_BP,GOBP_NEGATIVE_REGULATION_OF_GENE_EXPRESSION,7,106,50,1500,1.9811320754716981,0.057571919728587016,Apoe|Bst2|Laptm5|Lilrb4a|Mef2c|Ptprc|Tyrobp,0.4582722560002672
shared,GO_BP,GOBP_NEGATIVE_REGULATION_OF_GLIOGENESIS,0,10,50,1500,0.0,1.0,,1.0
shared,GO_BP,GOBP_NEGATIVE_REGULATION_OF_GROWTH,3,33,50,1500,2.727272727272727,0.09437465903438064,Bst2|Dab2|Mt1,0.6211128920032959
shared,GO_BP,GOBP_NEGATIVE_REGULATION_OF_G_PROTEIN_COUPLED_RECEPTOR_SIGNALING_PATHWAY,0,14,50,1500,0.0,1.0,,1.0
shared,GO_BP,GOBP_NEGATIVE_REGULATION_OF_HEMOPOIESIS,3,21,50,1500,4.285714285714286,0.03036754457633339,Lgals1|Lilrb4a|Pf4,0.34032593059683974
shared,GO_BP,GOBP_NEGATIVE_REGULATION_OF_HORMONE_SECRETION,0,13,50,1500,0.0,1.0,,1.0
shared,GO_BP,GOBP_NEGATIVE_REGULATION_OF_HYDROLASE_ACTIVITY,0,13,50,1500,0.0,1.0,,1.0
shared,GO_BP,GOBP_NEGATIVE_REGULATION_OF_IMMUNE_EFFECTOR_PROCESS,5,24,50,1500,6.25,0.0008848881766757924,Bst2|Lgals1|Lilrb4a|Pf4|Ptprc,0.06251927335209402
shared,GO_BP,GOBP_NEGATIVE_REGULATION_OF_IMMUNE_RESPONSE,4,27,50,1500,4.444444444444445,0.010886994050722444,Lgals1|Lilrb4a|Pf4|Ptprc,0.1987793857575727
shared,GO_BP,GOBP_NEGATIVE_REGULATION_OF_IMMUNE_SYSTEM_PROCESS,9,78,50,1500,3.4615384615384612,0.0007689620388080042,Bst2|Cxcl12|Laptm5|Lgals1|Lilrb4a|Pf4|Pik3ap1|Ptprc|Tyrobp,0.05950301490776223
shared,GO_BP,GOBP_NEGATIVE_REGULATION_OF_INFLAMMATORY_RESPONSE,2,28,50,1500,2.142857142857143,0.2389147042643709,Apoe|Pf4,0.9827433006029385
shared,GO_BP,GOBP_NEGATIVE_REGULATION_OF_INNATE_IMMUNE_RESPONSE,0,13,50,1500,0.0,1.0,,1.0
shared,GO_BP,GOBP_NEGATIVE_REGULATION_OF_INTERLEUKIN_6_PRODUCTION,1,10,50,1500,3.0,0.2882684421548648,Lilrb4a,0.9827433006029385
shared,GO_BP,GOBP_NEGATIVE_REGULATION_OF_INTRACELLULAR_SIGNAL_TRANSDUCTION,5,73,50,1500,2.0547945205479454,0.09156469268057216,Apoe|Cxcl12|Dab2|Lilrb4a|Ptprc,0.6173967867465965
shared,GO_BP,GOBP_NEGATIVE_REGULATION_OF_KINASE_ACTIVITY,3,20,50,1500,4.5,0.026644162448827665,Apoe|Lilrb4a|Ptprc,0.30990470697907924
shared,GO_BP,GOBP_NEGATIVE_REGULATION_OF_LEUKOCYTE_CELL_CELL_ADHESION,5,24,50,1500,6.25,0.0008848881766757924,Cxcl12|Laptm5|Lgals1|Lilrb4a|Pf4,0.06251927335209402
shared,GO_BP,GOBP_NEGATIVE_REGULATION_OF_LEUKOCYTE_MEDIATED_IMMUNITY,3,13,50,1500,6.9230769230769225,0.007877797294666476,Bst2|Lilrb4a|Ptprc,0.1684397447872766
shared,GO_BP,GOBP_NEGATIVE_REGULATION_OF_LEUKOCYTE_MIGRATION,1,11,50,1500,2.7272727272727275,0.31215205147852715,Cxcl12,0.9827433006029385
shared,GO_BP,GOBP_NEGATIVE_REGULATION_OF_LEUKOCYTE_PROLIFERATION,3,17,50,1500,5.294117647058823,0.01704917842361118,Laptm5|Lilrb4a|Tyrobp,0.2409123038118971
shared,GO_BP,GOBP_NEGATIVE_REGULATION_OF_LIPID_METABOLIC_PROCESS,1,13,50,1500,2.3076923076923075,0.3575867388571701,Apoe,0.9827433006029385
shared,GO_BP,GOBP_NEGATIVE_REGULATION_OF_LOCOMOTION,4,55,50,1500,2.181818181818182,0.1071421246676448,Apoe|Bst2|Cxcl12|Mef2c,0.6508634297460815
shared,GO_BP,GOBP_NEGATIVE_REGULATION_OF_LYMPHOCYTE_ACTIVATION,5,30,50,1500,5.0,0.0025492731845981973,Laptm5|Lgals1|Lilrb4a|Pf4|Tyrobp,0.09239609554253714
shared,GO_BP,GOBP_NEGATIVE_REGULATION_OF_LYMPHOCYTE_DIFFERENTIATION,3,12,50,1500,7.5,0.006204459645394968,Lgals1|Lilrb4a|Pf4,0.14200347779953273
shared,GO_BP,GOBP_NEGATIVE_REGULATION_OF_LYMPHOCYTE_MEDIATED_IMMUNITY,2,10,50,1500,6.0,0.04131092728840577,Lilrb4a|Ptprc,0.38360146767805353
shared,GO_BP,GOBP_NEGATIVE_REGULATION_OF_MAPK_CASCADE,4,23,50,1500,5.217391304347826,0.006061313828002251,Apoe|Dab2|Lilrb4a|Ptprc,0.14200347779953273
shared,GO_BP,GOBP_NEGATIVE_REGULATION_OF_MITOTIC_CELL_CYCLE,0,21,50,1500,0.0,1.0,,1.0
shared,GO_BP,GOBP_NEGATIVE_REGULATION_OF_MITOTIC_CELL_CYCLE_PHASE_TRANSITION,0,13,50,1500,0.0,1.0,,1.0
shared,GO_BP,GOBP_NEGATIVE_REGULATION_OF_MOLECULAR_FUNCTION,4,77,50,1500,1.5584415584415583,0.2523534781617858,Apoe|Dab2|Lilrb4a|Ptprc,0.9827433006029385
shared,GO_BP,GOBP_NEGATIVE_REGULATION_OF_MONOATOMIC_ION_TRANSPORT,0,13,50,1500,0.0,1.0,,1.0
shared,GO_BP,GOBP_NEGATIVE_REGULATION_OF_MULTICELLULAR_ORGANISMAL_PROCESS,12,183,50,1500,1.9672131147540985,0.013758919837868522,Apoe|Bst2|Laptm5|Lgals1|Lilrb4a|Mef2c|Mylip|Pf4|Ptprc|Stab1|Ttr|Tyrobp,0.2162738921724065
shared,GO_BP,GOBP_NEGATIVE_REGULATION_OF_MUSCLE_CELL_APOPTOTIC_PROCESS,1,11,50,1500,2.7272727272727275,0.31215205147852715,Cflar,0.9827433006029385
shared,GO_BP,GOBP_NEGATIVE_REGULATION_OF_MUSCLE_CELL_DIFFERENTIATION,0,10,50,1500,0.0,1.0,,1.0
shared,GO_BP,GOBP_NEGATIVE_REGULATION_OF_MYELOID_CELL_DIFFERENTIATION,2,12,50,1500,5.0,0.05807792677281182,Lilrb4a|Pf4,0.4582722560002672
shared,GO_BP,GOBP_NEGATIVE_REGULATION_OF_NERVOUS_SYSTEM_DEVELOPMENT,0,31,50,1500,0.0,1.0,,1.0
shared,GO_BP,GOBP_NEGATIVE_REGULATION_OF_NEURON_APOPTOTIC_PROCESS,4,36,50,1500,3.3333333333333335,0.02931236097787959,Apoe|C5ar1|Mef2c|Mt1,0.3340193198480463
shared,GO_BP,GOBP_NEGATIVE_REGULATION_OF_NEURON_DIFFERENTIATION,0,23,50,1500,0.0,1.0,,1.0
shared,GO_BP,GOBP_NEGATIVE_REGULATION_OF_NEURON_PROJECTION_DEVELOPMENT,4,32,50,1500,3.75,0.019732682839665606,Apoe|Dab2|Lgals1|Mylip,0.2683945931437699
shared,GO_BP,GOBP_NEGATIVE_REGULATION_OF_NF_KAPPAB_TRANSCRIPTION_FACTOR_ACTIVITY,0,11,50,1500,0.0,1.0,,1.0
shared,GO_BP,GOBP_NEGATIVE_REGULATION_OF_NUCLEOBASE_CONTAINING_COMPOUND_METABOLIC_PROCESS,5,123,50,1500,1.2195121951219514,0.39147513734649647,Dab2|Lilrb4a|Maf|Mef2c|Ptprc,0.9873222282690042
shared,GO_BP,GOBP_NEGATIVE_REGULATION_OF_ORGANELLE_ORGANIZATION,0,37,50,1500,0.0,1.0,,1.0
shared,GO_BP,GOBP_NEGATIVE_REGULATION_OF_OSTEOBLAST_DIFFERENTIATION,0,11,50,1500,0.0,1.0,,1.0
shared,GO_BP,GOBP_NEGATIVE_REGULATION_OF_PHOSPHORUS_METABOLIC_PROCESS,3,42,50,1500,2.142857142857143,0.1617741692783923,Apoe|Lilrb4a|Ptprc,0.8063896474766488
shared,GO_BP,GOBP_NEGATIVE_REGULATION_OF_PHOSPHORYLATION,3,37,50,1500,2.4324324324324325,0.12265434187292903,Apoe|Lilrb4a|Ptprc,0.6944714478867933
shared,GO_BP,GOBP_NEGATIVE_REGULATION_OF_PROGRAMMED_CELL_DEATH,8,125,50,1500,1.92,0.050436563822020546,Apoe|C5ar1|Cflar|Cxcl12|Dab2|Laptm5|Mef2c|Mt1,0.4203046985168379
shared,GO_BP,GOBP_NEGATIVE_REGULATION_OF_PROTEIN_CONTAINING_COMPLEX_ASSEMBLY,0,20,50,1500,0.0,1.0,,1.0
shared,GO_BP,GOBP_NEGATIVE_REGULATION_OF_PROTEIN_LOCALIZATION,3,17,50,1500,5.294117647058823,0.01704917842361118,Apoe|Dab2|Lilrb4a,0.2409123038118971
shared,GO_BP,GOBP_NEGATIVE_REGULATION_OF_PROTEIN_METABOLIC_PROCESS,3,68,50,1500,1.3235294117647058,0.39773762570934673,Apoe|Lilrb4a|Ptprc,0.9873222282690042
shared,GO_BP,GOBP_NEGATIVE_REGULATION_OF_PROTEIN_MODIFICATION_PROCESS,3,42,50,1500,2.142857142857143,0.1617741692783923,Apoe|Lilrb4a|Ptprc,0.8063896474766488
shared,GO_BP,GOBP_NEGATIVE_REGULATION_OF_PROTEIN_POLYMERIZATION,0,13,50,1500,0.0,1.0,,1.0
shared,GO_BP,GOBP_NEGATIVE_REGULATION_OF_PROTEIN_SERINE_THREONINE_KINASE_ACTIVITY,1,13,50,1500,2.3076923076923075,0.3575867388571701,Apoe,0.9827433006029385
shared,GO_BP,GOBP_NEGATIVE_REGULATION_OF_PROTEOLYSIS,0,14,50,1500,0.0,1.0,,1.0
shared,GO_BP,GOBP_NEGATIVE_REGULATION_OF_RESPONSE_TO_BIOTIC_STIMULUS,0,15,50,1500,0.0,1.0,,1.0
shared,GO_BP,GOBP_NEGATIVE_REGULATION_OF_RESPONSE_TO_CYTOKINE_STIMULUS,1,11,50,1500,2.7272727272727275,0.31215205147852715,Ptprc,0.9827433006029385
shared,GO_BP,GOBP_NEGATIVE_REGULATION_OF_RESPONSE_TO_EXTERNAL_STIMULUS,2,61,50,1500,0.9836065573770493,0.6132204136383774,Apoe|Pf4,1.0
shared,GO_BP,GOBP_NEGATIVE_REGULATION_OF_RESPONSE_TO_STIMULUS,10,208,50,1500,1.4423076923076923,0.14323885104830375,Apoe|Cflar|Cxcl12|Dab2|Laptm5|Lgals1|Lilrb4a|Pf4|Pik3ap1|Ptprc,0.748434511104481
shared,GO_BP,GOBP_NEGATIVE_REGULATION_OF_RESPONSE_TO_WOUNDING,1,19,50,1500,1.5789473684210527,0.4769581022710094,Apoe,1.0
shared,GO_BP,GOBP_NEGATIVE_REGULATION_OF_RNA_METABOLIC_PROCESS,5,118,50,1500,1.2711864406779663,0.3569639704351444,Dab2|Lilrb4a|Maf|Mef2c|Ptprc,0.9827433006029385
shared,GO_BP,GOBP_NEGATIVE_REGULATION_OF_SECRETION,1,28,50,1500,1.0714285714285714,0.616356933817995,Apoe,1.0
shared,GO_BP,GOBP_NEGATIVE_REGULATION_OF_SMALL_GTPASE_MEDIATED_SIGNAL_TRANSDUCTION,0,11,50,1500,0.0,1.0,,1.0
shared,GO_BP,GOBP_NEGATIVE_REGULATION_OF_SMALL_MOLECULE_METABOLIC_PROCESS,1,14,50,1500,2.142857142857143,0.3791877227557184,Apoe,0.9827433006029385
shared,GO_BP,GOBP_NEGATIVE_REGULATION_OF_SMOOTH_MUSCLE_CELL_MIGRATION,1,10,50,1500,3.0,0.2882684421548648,Mef2c,0.9827433006029385
shared,GO_BP,GOBP_NEGATIVE_REGULATION_OF_SMOOTH_MUSCLE_CELL_PROLIFERATION,2,19,50,1500,3.1578947368421053,0.12996801648711176,Apoe|Mef2c,0.7074402780280293
shared,GO_BP,GOBP_NEGATIVE_REGULATION_OF_SUPRAMOLECULAR_FIBER_ORGANIZATION,1,23,50,1500,1.3043478260869565,0.5441591891136924,Apoe,1.0
shared,GO_BP,GOBP_NEGATIVE_REGULATION_OF_SYNAPTIC_TRANSMISSION,0,11,50,1500,0.0,1.0,,1.0
shared,GO_BP,GOBP_NEGATIVE_REGULATION_OF_TRANSCRIPTION_BY_RNA_POLYMERASE_II,4,99,50,1500,1.2121212121212122,0.42278186541479845,Dab2|Maf|Mef2c|Ptprc,0.9931420773219336
shared,GO_BP,GOBP_NEGATIVE_REGULATION_OF_TRANSFERASE_ACTIVITY,3,20,50,1500,4.5,0.026644162448827665,Apoe|Lilrb4a|Ptprc,0.30990470697907924
shared,GO_BP,GOBP_NEGATIVE_REGULATION_OF_TRANSMEMBRANE_RECEPTOR_PROTEIN_SERINE_THREONINE_KINASE_SIGNALING_PATHWAY,0,16,50,1500,0.0,1.0,,1.0
shared,GO_BP,GOBP_NEGATIVE_REGULATION_OF_TRANSMEMBRANE_TRANSPORT,0,10,50,1500,0.0,1.0,,1.0
shared,GO_BP,GOBP_NEGATIVE_REGULATION_OF_TRANSPORT,1,51,50,1500,0.5882352941176471,0.8277789323376701,Apoe,1.0
shared,GO_BP,GOBP_NEGATIVE_REGULATION_OF_T_CELL_PROLIFERATION,2,12,50,1500,5.0,0.05807792677281182,Laptm5|Lilrb4a,0.4582722560002672
shared,GO_BP,GOBP_NEGATIVE_REGULATION_OF_VASCULATURE_DEVELOPMENT,2,23,50,1500,2.608695652173913,0.17706049687331893,Pf4|Stab1,0.8462450218210096
shared,GO_BP,GOBP_NEGATIVE_REGULATION_OF_VIRAL_GENOME_REPLICATION,2,10,50,1500,6.0,0.04131092728840577,Bst2|Ifitm3,0.38360146767805353
shared,GO_BP,GOBP_NEGATIVE_REGULATION_OF_VIRAL_PROCESS,2,10,50,1500,6.0,0.04131092728840577,Bst2|Ifitm3,0.38360146767805353
shared,GO_BP,GOBP_NEGATIVE_REGULATION_OF_WNT_SIGNALING_PATHWAY,2,17,50,1500,3.5294117647058822,0.10775612872998955,Apoe|Dab2,0.6508634297460815
shared,GO_BP,GOBP_NEGATIVE_REGULATION_OF_WOUND_HEALING,1,12,50,1500,2.5,0.33524969917904673,Apoe,0.9827433006029385
shared,GO_BP,GOBP_NEPHRON_DEVELOPMENT,2,32,50,1500,1.875,0.2892565406012864,Cflar|Mef2c,0.9827433006029385
shared,GO_BP,GOBP_NEPHRON_EPITHELIUM_DEVELOPMENT,1,22,50,1500,1.3636363636363638,0.5281983764075895,Mef2c,1.0
shared,GO_BP,GOBP_NERVE_DEVELOPMENT,0,18,50,1500,0.0,1.0,,1.0
shared,GO_BP,GOBP_NEURAL_CREST_CELL_DIFFERENTIATION,1,24,50,1500,1.25,0.5595904961849962,Mef2c,1.0
shared,GO_BP,GOBP_NEURAL_PRECURSOR_CELL_PROLIFERATION,1,36,50,1500,0.8333333333333334,0.7092162291569126,C5ar1,1.0
shared,GO_BP,GOBP_NEURAL_RETINA_DEVELOPMENT,0,24,50,1500,0.0,1.0,,1.0
shared,GO_BP,GOBP_NEURAL_TUBE_DEVELOPMENT,0,18,50,1500,0.0,1.0,,1.0
shared,GO_BP,GOBP_NEURAL_TUBE_FORMATION,0,13,50,1500,0.0,1.0,,1.0
shared,GO_BP,GOBP_NEUROBLAST_PROLIFERATION,0,15,50,1500,0.0,1.0,,1.0
shared,GO_BP,GOBP_NEUROEPITHELIAL_CELL_DIFFERENTIATION,0,13,50,1500,0.0,1.0,,1.0
shared,GO_BP,GOBP_NEUROINFLAMMATORY_RESPONSE,3,17,50,1500,5.294117647058823,0.01704917842361118,C1qa|C5ar1|Tyrobp,0.2409123038118971
shared,GO_BP,GOBP_NEUROMUSCULAR_PROCESS,0,32,50,1500,0.0,1.0,,1.0
shared,GO_BP,GOBP_NEUROMUSCULAR_PROCESS_CONTROLLING_BALANCE,0,11,50,1500,0.0,1.0,,1.0
shared,GO_BP,GOBP_NEURON_APOPTOTIC_PROCESS,6,54,50,1500,3.333333333333333,0.007683725374840736,Apoe|C5ar1|Cflar|Mef2c|Mt1|Ncf2,0.1664807164548826
shared,GO_BP,GOBP_NEURON_DEVELOPMENT,9,211,50,1500,1.2796208530805688,0.26242100990862705,Apoe|C1qa|Cflar|Cul4b|Cxcl12|Dab2|Lgals1|Mef2c|Mylip,0.9827433006029385
shared,GO_BP,GOBP_NEURON_FATE_COMMITMENT,0,19,50,1500,0.0,1.0,,1.0
shared,GO_BP,GOBP_NEURON_MATURATION,1,12,50,1500,2.5,0.33524969917904673,C1qa,0.9827433006029385
shared,GO_BP,GOBP_NEURON_MIGRATION,2,35,50,1500,1.7142857142857142,0.32686990772459135,Cxcl12|Mef2c,0.9827433006029385
shared,GO_BP,GOBP_NEURON_PROJECTION_EXTENSION,2,39,50,1500,1.5384615384615383,0.3762268611656,Apoe|Cxcl12,0.9827433006029385
shared,GO_BP,GOBP_NEURON_PROJECTION_GUIDANCE,2,52,50,1500,1.1538461538461537,0.5246983784805676,Cxcl12|Mef2c,1.0
shared,GO_BP,GOBP_NEURON_PROJECTION_ORGANIZATION,1,20,50,1500,1.5,0.49461650530034706,Apoe,1.0
shared,GO_BP,GOBP_NEURON_PROJECTION_REGENERATION,1,17,50,1500,1.7647058823529411,0.4398083575301246,Apoe,1.0
shared,GO_BP,GOBP_NEURON_RECOGNITION,0,13,50,1500,0.0,1.0,,1.0
shared,GO_BP,GOBP_NEUROPEPTIDE_SIGNALING_PATHWAY,0,12,50,1500,0.0,1.0,,1.0
shared,GO_BP,GOBP_NEUROTRANSMITTER_RECEPTOR_LOCALIZATION_TO_POSTSYNAPTIC_SPECIALIZATION_MEMBRANE,0,11,50,1500,0.0,1.0,,1.0
shared,GO_BP,GOBP_NEUROTRANSMITTER_SECRETION,1,35,50,1500,0.8571428571428571,0.6989411842507965,Mef2c,1.0
shared,GO_BP,GOBP_NEUROTRANSMITTER_TRANSPORT,2,45,50,1500,1.3333333333333333,0.4474305107818257,Mef2c|Slc6a6,1.0
shared,GO_BP,GOBP_NEUTRAL_AMINO_ACID_TRANSPORT,1,12,50,1500,2.5,0.33524969917904673,Slc6a6,0.9827433006029385
shared,GO_BP,GOBP_NEUTRAL_LIPID_METABOLIC_PROCESS,1,16,50,1500,1.875,0.4202758734830577,Apoe,0.9912166827430607
shared,GO_BP,GOBP_NEUTROPHIL_CHEMOTAXIS,2,20,50,1500,3.0,0.14144844471358778,C5ar1|Pf4,0.7414636214825165
shared,GO_BP,GOBP_NEUTROPHIL_MIGRATION,2,23,50,1500,2.608695652173913,0.17706049687331893,C5ar1|Pf4,0.8462450218210096
shared,GO_BP,GOBP_NON_CANONICAL_NF_KAPPAB_SIGNAL_TRANSDUCTION,1,11,50,1500,2.7272727272727275,0.31215205147852715,Laptm5,0.9827433006029385
shared,GO_BP,GOBP_NON_PROTEINOGENIC_AMINO_ACID_METABOLIC_PROCESS,0,10,50,1500,0.0,1.0,,1.0
shared,GO_BP,GOBP_NOTCH_SIGNALING_PATHWAY,0,29,50,1500,0.0,1.0,,1.0
shared,GO_BP,GOBP_NUCLEAR_CHROMOSOME_SEGREGATION,0,27,50,1500,0.0,1.0,,1.0
shared,GO_BP,GOBP_NUCLEAR_RECEPTOR_MEDIATED_SIGNALING_PATHWAY,1,15,50,1500,2.0,0.4000764265660914,Dab2,0.9873222282690042
shared,GO_BP,GOBP_NUCLEAR_TRANSPORT,0,21,50,1500,0.0,1.0,,1.0
shared,GO_BP,GOBP_NUCLEIC_ACID_CATABOLIC_PROCESS,0,10,50,1500,0.0,1.0,,1.0
shared,GO_BP,GOBP_NUCLEOBASE_CONTAINING_COMPOUND_CATABOLIC_PROCESS,1,25,50,1500,1.2,0.5745095173169409,Ncf2,1.0
shared,GO_BP,GOBP_NUCLEOBASE_CONTAINING_SMALL_MOLECULE_METABOLIC_PROCESS,3,41,50,1500,2.1951219512195124,0.15365659133764528,Ncf2|Ttr|mt-Nd4,0.7778565760862105
shared,GO_BP,GOBP_NUCLEOSIDE_PHOSPHATE_BIOSYNTHETIC_PROCESS,1,10,50,1500,3.0,0.2882684421548648,mt-Nd4,0.9827433006029385
shared,GO_BP,GOBP_NUCLEOSIDE_PHOSPHATE_CATABOLIC_PROCESS,1,15,50,1500,2.0,0.4000764265660914,Ncf2,0.9873222282690042
shared,GO_BP,GOBP_NUCLEOSIDE_TRIPHOSPHATE_METABOLIC_PROCESS,1,15,50,1500,2.0,0.4000764265660914,mt-Nd4,0.9873222282690042
shared,GO_BP,GOBP_NUCLEOTIDE_CATABOLIC_PROCESS,1,14,50,1500,2.142857142857143,0.3791877227557184,Ncf2,0.9827433006029385
shared,GO_BP,GOBP_NUCLEOTIDE_METABOLIC_PROCESS,2,32,50,1500,1.875,0.2892565406012864,Ncf2|mt-Nd4,0.9827433006029385
shared,GO_BP,GOBP_NUCLEUS_ORGANIZATION,0,10,50,1500,0.0,1.0,,1.0
shared,GO_BP,GOBP_NUTRIENT_STORAGE,1,11,50,1500,2.7272727272727275,0.31215205147852715,Apoe,0.9827433006029385
shared,GO_BP,GOBP_ODONTOGENESIS,0,18,50,1500,0.0,1.0,,1.0
shared,GO_BP,GOBP_ODONTOGENESIS_OF_DENTIN_CONTAINING_TOOTH,0,16,50,1500,0.0,1.0,,1.0
shared,GO_BP,GOBP_OLEFINIC_COMPOUND_METABOLIC_PROCESS,1,13,50,1500,2.3076923076923075,0.3575867388571701,Dab2,0.9827433006029385
shared,GO_BP,GOBP_OLFACTORY_LOBE_DEVELOPMENT,0,11,50,1500,0.0,1.0,,1.0
shared,GO_BP,GOBP_OLIGODENDROCYTE_DEVELOPMENT,0,17,50,1500,0.0,1.0,,1.0
shared,GO_BP,GOBP_OLIGODENDROCYTE_DIFFERENTIATION,0,36,50,1500,0.0,1.0,,1.0
shared,GO_BP,GOBP_ORGANELLE_ASSEMBLY,3,97,50,1500,0.9278350515463918,0.6397264566931127,Cflar|Ctsd|Mef2c,1.0
shared,GO_BP,GOBP_ORGANELLE_FISSION,0,47,50,1500,0.0,1.0,,1.0
shared,GO_BP,GOBP_ORGANELLE_FUSION,0,19,50,1500,0.0,1.0,,1.0
shared,GO_BP,GOBP_ORGANELLE_LOCALIZATION,0,57,50,1500,0.0,1.0,,1.0
shared,GO_BP,GOBP_ORGANELLE_MEMBRANE_FUSION,0,16,50,1500,0.0,1.0,,1.0
shared,GO_BP,GOBP_ORGANIC_ACID_BIOSYNTHETIC_PROCESS,0,34,50,1500,0.0,1.0,,1.0
shared,GO_BP,GOBP_ORGANIC_ACID_CATABOLIC_PROCESS,0,17,50,1500,0.0,1.0,,1.0
shared,GO_BP,GOBP_ORGANIC_ACID_METABOLIC_PROCESS,0,76,50,1500,0.0,1.0,,1.0
shared,GO_BP,GOBP_ORGANIC_ACID_TRANSMEMBRANE_TRANSPORT,1,39,50,1500,0.7692307692307692,0.7380227031427208,Slc6a6,1.0
shared,GO_BP,GOBP_ORGANIC_ACID_TRANSPORT,2,70,50,1500,0.8571428571428571,0.6889781575592814,Apoe|Slc6a6,1.0
shared,GO_BP,GOBP_ORGANIC_ANION_TRANSPORT,2,72,50,1500,0.8333333333333334,0.7041110769964758,Apoe|Slc6a6,1.0
shared,GO_BP,GOBP_ORGANIC_CATION_TRANSPORT,2,25,50,1500,2.4,0.20153398901832625,Ly6e|Slc6a6,0.9071820835312471
shared,GO_BP,GOBP_ORGANIC_HYDROXY_COMPOUND_TRANSPORT,4,39,50,1500,3.0769230769230766,0.03804320919341868,Apoe|Cxcl12|Dab2|Ly6e,0.38360146767805353
shared,GO_BP,GOBP_ORGANOPHOSPHATE_BIOSYNTHETIC_PROCESS,1,27,50,1500,1.1111111111111112,0.60287685419108,mt-Nd4,1.0
shared,GO_BP,GOBP_ORGANOPHOSPHATE_CATABOLIC_PROCESS,1,23,50,1500,1.3043478260869565,0.5441591891136924,Ncf2,1.0
shared,GO_BP,GOBP_ORGANOPHOSPHATE_ESTER_TRANSPORT,1,10,50,1500,3.0,0.2882684421548648,Apoe,0.9827433006029385
shared,GO_BP,GOBP_ORGANOPHOSPHATE_METABOLIC_PROCESS,2,67,50,1500,0.8955223880597015,0.6651326043560877,Ncf2|mt-Nd4,1.0
shared,GO_BP,GOBP_ORGAN_GROWTH,2,41,50,1500,1.4634146341463414,0.40039713749493766,Ly6e|Mef2c,0.9873222282690042
shared,GO_BP,GOBP_OSSIFICATION,2,66,50,1500,0.9090909090909091,0.656874034295184,Junb|Mef2c,1.0
shared,GO_BP,GOBP_OSTEOBLAST_DIFFERENTIATION,2,37,50,1500,1.6216216216216215,0.3516951994318052,Junb|Mef2c,0.9827433006029385
shared,GO_BP,GOBP_OSTEOCLAST_DIFFERENTIATION,3,19,50,1500,4.736842105263158,0.023183209906023995,Junb|Lilrb4a|Tyrobp,0.2920365588937131
shared,GO_BP,GOBP_OUTFLOW_TRACT_MORPHOGENESIS,1,19,50,1500,1.5789473684210527,0.4769581022710094,Mef2c,1.0
shared,GO_BP,GOBP_OVULATION_CYCLE,0,16,50,1500,0.0,1.0,,1.0
shared,GO_BP,GOBP_OXIDATIVE_PHOSPHORYLATION,3,12,50,1500,7.5,0.006204459645394968,mt-Co2|mt-Co3|mt-Nd4,0.14200347779953273
shared,GO_BP,GOBP_P38MAPK_CASCADE,0,10,50,1500,0.0,1.0,,1.0
shared,GO_BP,GOBP_PALLIUM_DEVELOPMENT,0,43,50,1500,0.0,1.0,,1.0
shared,GO_BP,GOBP_PANCREAS_DEVELOPMENT,0,14,50,1500,0.0,1.0,,1.0
shared,GO_BP,GOBP_PATTERN_SPECIFICATION_PROCESS,2,62,50,1500,0.9677419354838709,0.6222676450712645,C1qa|Mef2c,1.0
shared,GO_BP,GOBP_PEPTIDE_TRANSPORT,0,45,50,1500,0.0,1.0,,1.0
shared,GO_BP,GOBP_PEPTIDYL_AMINO_ACID_MODIFICATION,2,74,50,1500,0.8108108108108107,0.7186447344321347,Lilrb4a|Ptprc,1.0
shared,GO_BP,GOBP_PEPTIDYL_SERINE_MODIFICATION,0,22,50,1500,0.0,1.0,,1.0
shared,GO_BP,GOBP_PEPTIDYL_THREONINE_MODIFICATION,0,10,50,1500,0.0,1.0,,1.0
shared,GO_BP,GOBP_PEPTIDYL_TYROSINE_MODIFICATION,2,44,50,1500,1.3636363636363638,0.4358505956229922,Lilrb4a|Ptprc,1.0
shared,GO_BP,GOBP_PERIPHERAL_NERVOUS_SYSTEM_DEVELOPMENT,0,14,50,1500,0.0,1.0,,1.0
shared,GO_BP,GOBP_PHAGOCYTOSIS,3,29,50,1500,3.103448275862069,0.06929647406754862,Ncf2|Ptprc|Tyrobp,0.5072377043232725
shared,GO_BP,GOBP_PHAGOCYTOSIS_ENGULFMENT,0,10,50,1500,0.0,1.0,,1.0
shared,GO_BP,GOBP_PHENOL_CONTAINING_COMPOUND_BIOSYNTHETIC_PROCESS,0,10,50,1500,0.0,1.0,,1.0
shared,GO_BP,GOBP_PHENOL_CONTAINING_COMPOUND_METABOLIC_PROCESS,1,20,50,1500,1.5,0.49461650530034706,Ly6e,1.0
shared,GO_BP,GOBP_PHOSPHATIDYLINOSITOL_3_KINASE_PROTEIN_KINASE_B_SIGNAL_TRANSDUCTION,2,51,50,1500,1.1764705882352942,0.5140905590955691,Cxcl12|Pik3ap1,1.0
shared,GO_BP,GOBP_PHOSPHOLIPASE_C_ACTIVATING_G_PROTEIN_COUPLED_RECEPTOR_SIGNALING_PATHWAY,1,20,50,1500,1.5,0.49461650530034706,C5ar1,1.0
shared,GO_BP,GOBP_PHOSPHOLIPID_BIOSYNTHETIC_PROCESS,0,13,50,1500,0.0,1.0,,1.0
shared,GO_BP,GOBP_PHOSPHOLIPID_METABOLIC_PROCESS,0,29,50,1500,0.0,1.0,,1.0
shared,GO_BP,GOBP_PHOSPHORYLATION,4,141,50,1500,0.851063829787234,0.7079678550535902,Apoe|Dab2|Lilrb4a|Ptprc,1.0
shared,GO_BP,GOBP_PHOTORECEPTOR_CELL_DIFFERENTIATION,0,13,50,1500,0.0,1.0,,1.0
shared,GO_BP,GOBP_PHYSIOLOGICAL_CARDIAC_MUSCLE_HYPERTROPHY,0,10,50,1500,0.0,1.0,,1.0
shared,GO_BP,GOBP_PLACENTA_DEVELOPMENT,1,31,50,1500,0.9677419354838709,0.6541629208821762,Junb,1.0
shared,GO_BP,GOBP_PLASMA_MEMBRANE_ORGANIZATION,1,23,50,1500,1.3043478260869565,0.5441591891136924,Ptprc,1.0
shared,GO_BP,GOBP_PLATELET_ACTIVATION,3,12,50,1500,7.5,0.006204459645394968,Apoe|Pf4|Tec,0.14200347779953273
shared,GO_BP,GOBP_PLATELET_DERIVED_GROWTH_FACTOR_RECEPTOR_ALPHA_SIGNALING_PATHWAY,0,19,50,1500,0.0,1.0,,1.0
shared,GO_BP,GOBP_PLATELET_DERIVED_GROWTH_FACTOR_RECEPTOR_BETA_SIGNALING_PATHWAY,0,19,50,1500,0.0,1.0,,1.0
shared,GO_BP,GOBP_PLATELET_DERIVED_GROWTH_FACTOR_RECEPTOR_SIGNALING_PATHWAY,0,30,50,1500,0.0,1.0,,1.0
shared,GO_BP,GOBP_POLYOL_METABOLIC_PROCESS,0,10,50,1500,0.0,1.0,,1.0
shared,GO_BP,GOBP_POSITIVE_CHEMOTAXIS,1,13,50,1500,2.3076923076923075,0.3575867388571701,Cxcl12,0.9827433006029385
shared,GO_BP,GOBP_POSITIVE_REGULATION_OF_ADAPTIVE_IMMUNE_RESPONSE,1,14,50,1500,2.142857142857143,0.3791877227557184,Ptprc,0.9827433006029385
shared,GO_BP,GOBP_POSITIVE_REGULATION_OF_ALPHA_BETA_T_CELL_ACTIVATION,2,11,50,1500,5.454545454545455,0.04943234891824236,Lilrb4a|Ptprc,0.41405962367084453
shared,GO_BP,GOBP_POSITIVE_REGULATION_OF_AMINE_TRANSPORT,1,13,50,1500,2.3076923076923075,0.3575867388571701,Cxcl12,0.9827433006029385
shared,GO_BP,GOBP_POSITIVE_REGULATION_OF_APOPTOTIC_SIGNALING_PATHWAY,2,20,50,1500,3.0,0.14144844471358778,Ptprc|Tnfsf12,0.7414636214825165
shared,GO_BP,GOBP_POSITIVE_REGULATION_OF_AXONOGENESIS,2,16,50,1500,3.75,0.0970847228115921,Apoe|Cxcl12,0.6211128920032959
shared,GO_BP,GOBP_POSITIVE_REGULATION_OF_AXON_EXTENSION,2,11,50,1500,5.454545454545455,0.04943234891824236,Apoe|Cxcl12,0.41405962367084453
shared,GO_BP,GOBP_POSITIVE_REGULATION_OF_BINDING,0,15,50,1500,0.0,1.0,,1.0
shared,GO_BP,GOBP_POSITIVE_REGULATION_OF_BIOMINERAL_TISSUE_DEVELOPMENT,1,11,50,1500,2.7272727272727275,0.31215205147852715,Mef2c,0.9827433006029385
shared,GO_BP,GOBP_POSITIVE_REGULATION_OF_BLOOD_CIRCULATION,0,12,50,1500,0.0,1.0,,1.0
shared,GO_BP,GOBP_POSITIVE_REGULATION_OF_BLOOD_VESSEL_ENDOTHELIAL_CELL_MIGRATION,0,18,50,1500,0.0,1.0,,1.0
shared,GO_BP,GOBP_POSITIVE_REGULATION_OF_BMP_SIGNALING_PATHWAY,0,11,50,1500,0.0,1.0,,1.0
shared,GO_BP,GOBP_POSITIVE_REGULATION_OF_BONE_MINERALIZATION,1,10,50,1500,3.0,0.2882684421548648,Mef2c,0.9827433006029385
shared,GO_BP,GOBP_POSITIVE_REGULATION_OF_CALCIUM_ION_TRANSPORT,1,22,50,1500,1.3636363636363638,0.5281983764075895,Cxcl12,1.0
shared,GO_BP,GOBP_POSITIVE_REGULATION_OF_CALCIUM_MEDIATED_SIGNALING,1,14,50,1500,2.142857142857143,0.3791877227557184,Ptprc,0.9827433006029385
shared,GO_BP,GOBP_POSITIVE_REGULATION_OF_CANONICAL_NF_KAPPAB_SIGNAL_TRANSDUCTION,0,13,50,1500,0.0,1.0,,1.0
shared,GO_BP,GOBP_POSITIVE_REGULATION_OF_CARBOHYDRATE_METABOLIC_PROCESS,0,13,50,1500,0.0,1.0,,1.0
shared,GO_BP,GOBP_POSITIVE_REGULATION_OF_CATABOLIC_PROCESS,6,41,50,1500,4.390243902439025,0.0018641828581132667,Apoe|Cul4b|Dab2|Laptm5|Mylip|Tnfsf12,0.07922022172398914
shared,GO_BP,GOBP_POSITIVE_REGULATION_OF_CATALYTIC_ACTIVITY,3,65,50,1500,1.3846153846153848,0.36985602599805995,Apoe|Mef2c|Ptprc,0.9827433006029385
shared,GO_BP,GOBP_POSITIVE_REGULATION_OF_CELLULAR_COMPONENT_BIOGENESIS,1,70,50,1500,0.42857142857142855,0.9120014004485489,Apoe,1.0
shared,GO_BP,GOBP_POSITIVE_REGULATION_OF_CELLULAR_COMPONENT_ORGANIZATION,6,172,50,1500,1.0465116279069768,0.519945139680794,Apoe|Cflar|Cxcl12|Dab2|Ptprc|Tyrobp,1.0
shared,GO_BP,GOBP_POSITIVE_REGULATION_OF_CELL_ACTIVATION,5,55,50,1500,2.7272727272727275,0.03319145581466211,Lgals1|Lilrb4a|Mef2c|Ptprc|Tyrobp,0.35484286643964424
shared,GO_BP,GOBP_POSITIVE_REGULATION_OF_CELL_ADHESION,5,91,50,1500,1.6483516483516485,0.18206569245300933,Cxcl12|Dab2|Lgals1|Lilrb4a|Ptprc,0.8625561231374348
shared,GO_BP,GOBP_POSITIVE_REGULATION_OF_CELL_CELL_ADHESION,3,46,50,1500,1.9565217391304346,0.19547782065070726,Lgals1|Lilrb4a|Ptprc,0.904989910419941
shared,GO_BP,GOBP_POSITIVE_REGULATION_OF_CELL_CYCLE,1,51,50,1500,0.5882352941176471,0.8277789323376701,Cul4b,1.0
shared,GO_BP,GOBP_POSITIVE_REGULATION_OF_CELL_CYCLE_PHASE_TRANSITION,1,17,50,1500,1.7647058823529411,0.4398083575301246,Cul4b,1.0
shared,GO_BP,GOBP_POSITIVE_REGULATION_OF_CELL_CYCLE_PROCESS,1,39,50,1500,0.7692307692307692,0.7380227031427208,Cul4b,1.0
shared,GO_BP,GOBP_POSITIVE_REGULATION_OF_CELL_DEVELOPMENT,5,82,50,1500,1.829268292682927,0.13320081574274303,Apoe|Cxcl12|Lilrb4a|Ptprc|Tyrobp,0.7215044186065247
shared,GO_BP,GOBP_POSITIVE_REGULATION_OF_CELL_DIFFERENTIATION,9,172,50,1500,1.569767441860465,0.10961564531440066,Apoe|Cxcl12|Dab2|Junb|Lilrb4a|Mef2c|Ptprc|Slc6a6|Tyrobp,0.6548728810143422
shared,GO_BP,GOBP_POSITIVE_REGULATION_OF_CELL_DIVISION,0,16,50,1500,0.0,1.0,,1.0
shared,GO_BP,GOBP_POSITIVE_REGULATION_OF_CELL_GROWTH,2,22,50,1500,2.7272727272727275,0.1650200797304365,Apoe|Cxcl12,0.8125988774604828
shared,GO_BP,GOBP_POSITIVE_REGULATION_OF_CELL_JUNCTION_ASSEMBLY,0,26,50,1500,0.0,1.0,,1.0
shared,GO_BP,GOBP_POSITIVE_REGULATION_OF_CELL_MATRIX_ADHESION,0,16,50,1500,0.0,1.0,,1.0
shared,GO_BP,GOBP_POSITIVE_REGULATION_OF_CELL_MIGRATION_INVOLVED_IN_SPROUTING_ANGIOGENESIS,0,11,50,1500,0.0,1.0,,1.0
shared,GO_BP,GOBP_POSITIVE_REGULATION_OF_CELL_POPULATION_PROLIFERATION,6,162,50,1500,1.111111111111111,0.4586558715810818,C5ar1|Cflar|Csf2rb2|Cxcl12|Mef2c|Ptprc,1.0
shared,GO_BP,GOBP_POSITIVE_REGULATION_OF_CELL_PROJECTION_ORGANIZATION,3,70,50,1500,1.2857142857142856,0.41617005907570176,Apoe|Cflar|Cxcl12,0.9912166827430607
shared,GO_BP,GOBP_POSITIVE_REGULATION_OF_CELL_SUBSTRATE_ADHESION,1,37,50,1500,0.8108108108108107,0.7191473688714989,Dab2,1.0
shared,GO_BP,GOBP_POSITIVE_REGULATION_OF_CELL_SUBSTRATE_JUNCTION_ORGANIZATION,0,10,50,1500,0.0,1.0,,1.0
shared,GO_BP,GOBP_POSITIVE_REGULATION_OF_CHEMOKINE_PRODUCTION,0,13,50,1500,0.0,1.0,,1.0
shared,GO_BP,GOBP_POSITIVE_REGULATION_OF_CHEMOTAXIS,2,37,50,1500,1.6216216216216215,0.3516951994318052,C5ar1|Cxcl12,0.9827433006029385
shared,GO_BP,GOBP_POSITIVE_REGULATION_OF_COLD_INDUCED_THERMOGENESIS,0,17,50,1500,0.0,1.0,,1.0
shared,GO_BP,GOBP_POSITIVE_REGULATION_OF_CYTOKINE_PRODUCTION,4,68,50,1500,1.7647058823529411,0.18768294212259243,C5ar1|Laptm5|Ptprc|Tyrobp,0.8824017296743795
shared,GO_BP,GOBP_POSITIVE_REGULATION_OF_CYTOKINE_PRODUCTION_INVOLVED_IN_IMMUNE_RESPONSE,1,12,50,1500,2.5,0.33524969917904673,Laptm5,0.9827433006029385
shared,GO_BP,GOBP_POSITIVE_REGULATION_OF_CYTOSKELETON_ORGANIZATION,0,26,50,1500,0.0,1.0,,1.0
shared,GO_BP,GOBP_POSITIVE_REGULATION_OF_CYTOSOLIC_CALCIUM_ION_CONCENTRATION,2,26,50,1500,2.3076923076923075,0.21392436250078883,C5ar1|Cd52,0.9319761100905679
shared,GO_BP,GOBP_POSITIVE_REGULATION_OF_DEFENSE_RESPONSE,5,56,50,1500,2.6785714285714284,0.03554559475392663,Ctss|Lgals1|Mef2c|Pik3ap1|Tyrobp,0.37026661202006905
shared,GO_BP,GOBP_POSITIVE_REGULATION_OF_DEVELOPMENTAL_GROWTH,3,37,50,1500,2.4324324324324325,0.12265434187292903,Apoe|Cxcl12|Mef2c,0.6944714478867933
shared,GO_BP,GOBP_POSITIVE_REGULATION_OF_DEVELOPMENTAL_PROCESS,10,235,50,1500,1.2765957446808511,0.2471731645372366,Apoe|C5ar1|Cxcl12|Dab2|Junb|Lilrb4a|Mef2c|Ptprc|Slc6a6|Tyrobp,0.9827433006029385
shared,GO_BP,GOBP_POSITIVE_REGULATION_OF_DNA_BINDING_TRANSCRIPTION_FACTOR_ACTIVITY,1,22,50,1500,1.3636363636363638,0.5281983764075895,Cflar,1.0
shared,GO_BP,GOBP_POSITIVE_REGULATION_OF_DNA_METABOLIC_PROCESS,1,22,50,1500,1.3636363636363638,0.5281983764075895,Ptprc,1.0
shared,GO_BP,GOBP_POSITIVE_REGULATION_OF_ENDOCYTOSIS,3,29,50,1500,3.103448275862069,0.06929647406754862,Apoe|Dab2|Ptprc,0.5072377043232725
shared,GO_BP,GOBP_POSITIVE_REGULATION_OF_ENDOTHELIAL_CELL_MIGRATION,0,27,50,1500,0.0,1.0,,1.0
shared,GO_BP,GOBP_POSITIVE_REGULATION_OF_ENDOTHELIAL_CELL_PROLIFERATION,1,26,50,1500,1.1538461538461537,0.5889329235095868,Cxcl12,1.0
shared,GO_BP,GOBP_POSITIVE_REGULATION_OF_EPITHELIAL_CELL_DIFFERENTIATION,0,11,50,1500,0.0,1.0,,1.0
shared,GO_BP,GOBP_POSITIVE_REGULATION_OF_EPITHELIAL_CELL_PROLIFERATION,3,46,50,1500,1.9565217391304346,0.19547782065070726,C5ar1|Cflar|Cxcl12,0.904989910419941
shared,GO_BP,GOBP_POSITIVE_REGULATION_OF_EPITHELIAL_TO_MESENCHYMAL_TRANSITION,1,13,50,1500,2.3076923076923075,0.3575867388571701,Dab2,0.9827433006029385
shared,GO_BP,GOBP_POSITIVE_REGULATION_OF_ERK1_AND_ERK2_CASCADE,5,42,50,1500,3.5714285714285716,0.011245414312704047,Apoe|C5ar1|Cflar|Cxcl12|Ptprc,0.20304220286826752
shared,GO_BP,GOBP_POSITIVE_REGULATION_OF_ESTABLISHMENT_OF_PROTEIN_LOCALIZATION,1,33,50,1500,0.9090909090909091,0.6773123609777841,Apoe,1.0
shared,GO_BP,GOBP_POSITIVE_REGULATION_OF_EXCITATORY_POSTSYNAPTIC_POTENTIAL,0,10,50,1500,0.0,1.0,,1.0
shared,GO_BP,GOBP_POSITIVE_REGULATION_OF_EXOCYTOSIS,0,13,50,1500,0.0,1.0,,1.0
shared,GO_BP,GOBP_POSITIVE_REGULATION_OF_EXTRINSIC_APOPTOTIC_SIGNALING_PATHWAY,2,10,50,1500,6.0,0.04131092728840577,Ptprc|Tnfsf12,0.38360146767805353
shared,GO_BP,GOBP_POSITIVE_REGULATION_OF_FAT_CELL_DIFFERENTIATION,0,11,50,1500,0.0,1.0,,1.0
shared,GO_BP,GOBP_POSITIVE_REGULATION_OF_FIBROBLAST_PROLIFERATION,0,17,50,1500,0.0,1.0,,1.0
shared,GO_BP,GOBP_POSITIVE_REGULATION_OF_GENE_EXPRESSION,6,140,50,1500,1.2857142857142856,0.3213852966642788,C5ar1|Laptm5|Maf|Mef2c|Ptprc|Tyrobp,0.9827433006029385
shared,GO_BP,GOBP_POSITIVE_REGULATION_OF_GLIAL_CELL_DIFFERENTIATION,0,13,50,1500,0.0,1.0,,1.0
shared,GO_BP,GOBP_POSITIVE_REGULATION_OF_GLIOGENESIS,0,20,50,1500,0.0,1.0,,1.0
shared,GO_BP,GOBP_POSITIVE_REGULATION_OF_GROWTH,3,41,50,1500,2.1951219512195124,0.15365659133764528,Apoe|Cxcl12|Mef2c,0.7778565760862105
shared,GO_BP,GOBP_POSITIVE_REGULATION_OF_HEART_GROWTH,1,10,50,1500,3.0,0.2882684421548648,Mef2c,0.9827433006029385
shared,GO_BP,GOBP_POSITIVE_REGULATION_OF_HEMOPOIESIS,3,29,50,1500,3.103448275862069,0.06929647406754862,Lilrb4a|Ptprc|Tyrobp,0.5072377043232725
shared,GO_BP,GOBP_POSITIVE_REGULATION_OF_HORMONE_SECRETION,1,23,50,1500,1.3043478260869565,0.5441591891136924,Dab2,1.0
shared,GO_BP,GOBP_POSITIVE_REGULATION_OF_HYDROLASE_ACTIVITY,1,18,50,1500,1.6666666666666667,0.45869546617711976,Mef2c,1.0
shared,GO_BP,GOBP_POSITIVE_REGULATION_OF_IMMUNE_EFFECTOR_PROCESS,4,34,50,1500,3.5294117647058822,0.024233122928500488,Laptm5|Lilrb4a|Ptprc|Tyrobp,0.300601715716132
shared,GO_BP,GOBP_POSITIVE_REGULATION_OF_IMMUNE_RESPONSE,9,71,50,1500,3.8028169014084505,0.0003755757745393038,C1qa|C5ar1|Laptm5|Lilrb4a|Mef2c|Pik3ap1|Ptprc|Tec|Tyrobp,0.04003151010126399
shared,GO_BP,GOBP_POSITIVE_REGULATION_OF_IMMUNE_SYSTEM_PROCESS,11,129,50,1500,2.558139534883721,0.0025160541041426595,C1qa|C5ar1|Cxcl12|Laptm5|Lgals1|Lilrb4a|Mef2c|Pik3ap1|Ptprc|Tec|Tyrobp,0.09239609554253714
shared,GO_BP,GOBP_POSITIVE_REGULATION_OF_INFLAMMATORY_RESPONSE,2,27,50,1500,2.2222222222222223,0.22639072579076921,Ctss|Lgals1,0.970672636965699
shared,GO_BP,GOBP_POSITIVE_REGULATION_OF_INSULIN_SECRETION,0,13,50,1500,0.0,1.0,,1.0
shared,GO_BP,GOBP_POSITIVE_REGULATION_OF_INTERLEUKIN_1_BETA_PRODUCTION,1,11,50,1500,2.7272727272727275,0.31215205147852715,Tyrobp,0.9827433006029385
shared,GO_BP,GOBP_POSITIVE_REGULATION_OF_INTERLEUKIN_1_PRODUCTION,1,12,50,1500,2.5,0.33524969917904673,Tyrobp,0.9827433006029385
shared,GO_BP,GOBP_POSITIVE_REGULATION_OF_INTERLEUKIN_6_PRODUCTION,2,18,50,1500,3.3333333333333335,0.11872751053120777,Laptm5|Tyrobp,0.6865914754918598
shared,GO_BP,GOBP_POSITIVE_REGULATION_OF_INTRACELLULAR_PROTEIN_TRANSPORT,0,10,50,1500,0.0,1.0,,1.0
shared,GO_BP,GOBP_POSITIVE_REGULATION_OF_INTRACELLULAR_SIGNAL_TRANSDUCTION,9,137,50,1500,1.9708029197080292,0.03308344631777556,Apoe|C5ar1|Cflar|Cxcl12|Dab2|Laptm5|Mef2c|Pik3ap1|Ptprc,0.35484286643964424
shared,GO_BP,GOBP_POSITIVE_REGULATION_OF_INTRACELLULAR_TRANSPORT,1,16,50,1500,1.875,0.4202758734830577,Dab2,0.9912166827430607
shared,GO_BP,GOBP_POSITIVE_REGULATION_OF_JNK_CASCADE,1,12,50,1500,2.5,0.33524969917904673,Dab2,0.9827433006029385
shared,GO_BP,GOBP_POSITIVE_REGULATION_OF_KINASE_ACTIVITY,1,42,50,1500,0.7142857142857143,0.764026946378234,Ptprc,1.0
shared,GO_BP,GOBP_POSITIVE_REGULATION_OF_LEUKOCYTE_CELL_CELL_ADHESION,3,41,50,1500,2.1951219512195124,0.15365659133764528,Lgals1|Lilrb4a|Ptprc,0.7778565760862105
shared,GO_BP,GOBP_POSITIVE_REGULATION_OF_LEUKOCYTE_CHEMOTAXIS,2,23,50,1500,2.608695652173913,0.17706049687331893,C5ar1|Cxcl12,0.8462450218210096
shared,GO_BP,GOBP_POSITIVE_REGULATION_OF_LEUKOCYTE_MEDIATED_IMMUNITY,2,14,50,1500,4.285714285714286,0.07677394817604072,Ptprc|Tyrobp,0.5400764752643556
shared,GO_BP,GOBP_POSITIVE_REGULATION_OF_LEUKOCYTE_MIGRATION,2,33,50,1500,1.8181818181818181,0.301829565218506,C5ar1|Cxcl12,0.9827433006029385
shared,GO_BP,GOBP_POSITIVE_REGULATION_OF_LEUKOCYTE_PROLIFERATION,3,29,50,1500,3.103448275862069,0.06929647406754862,Csf2rb2|Mef2c|Ptprc,0.5072377043232725
shared,GO_BP,GOBP_POSITIVE_REGULATION_OF_LIPID_BIOSYNTHETIC_PROCESS,2,22,50,1500,2.7272727272727275,0.1650200797304365,Apoe|Dab2,0.8125988774604828
shared,GO_BP,GOBP_POSITIVE_REGULATION_OF_LIPID_LOCALIZATION,2,21,50,1500,2.857142857142857,0.15314117104382513,Apoe|Dab2,0.7778565760862105
shared,GO_BP,GOBP_POSITIVE_REGULATION_OF_LIPID_METABOLIC_PROCESS,2,25,50,1500,2.4,0.20153398901832625,Apoe|Dab2,0.9071820835312471
shared,GO_BP,GOBP_POSITIVE_REGULATION_OF_LIPID_TRANSPORT,2,18,50,1500,3.3333333333333335,0.11872751053120777,Apoe|Dab2,0.6865914754918598
shared,GO_BP,GOBP_POSITIVE_REGULATION_OF_LOCOMOTION,4,132,50,1500,0.9090909090909091,0.6558625661828892,C5ar1|Cxcl12|Dab2|Ptprc,1.0
shared,GO_BP,GOBP_POSITIVE_REGULATION_OF_LYMPHOCYTE_ACTIVATION,5,43,50,1500,3.488372093023256,0.012409064885118677,Lgals1|Lilrb4a|Mef2c|Ptprc|Tyrobp,0.2057625554930393
shared,GO_BP,GOBP_POSITIVE_REGULATION_OF_LYMPHOCYTE_DIFFERENTIATION,2,18,50,1500,3.3333333333333335,0.11872751053120777,Lilrb4a|Ptprc,0.6865914754918598
shared,GO_BP,GOBP_POSITIVE_REGULATION_OF_MAPK_CASCADE,8,83,50,1500,2.891566265060241,0.004990617223082751,Apoe|C5ar1|Cflar|Cxcl12|Dab2|Laptm5|Mef2c|Ptprc,0.1287262378969757
shared,GO_BP,GOBP_POSITIVE_REGULATION_OF_MAP_KINASE_ACTIVITY,1,13,50,1500,2.3076923076923075,0.3575867388571701,Ptprc,0.9827433006029385
shared,GO_BP,GOBP_POSITIVE_REGULATION_OF_MIRNA_METABOLIC_PROCESS,0,12,50,1500,0.0,1.0,,1.0
shared,GO_BP,GOBP_POSITIVE_REGULATION_OF_MITOTIC_CELL_CYCLE,1,15,50,1500,2.0,0.4000764265660914,Cul4b,0.9873222282690042
shared,GO_BP,GOBP_POSITIVE_REGULATION_OF_MITOTIC_CELL_CYCLE_PHASE_TRANSITION,1,11,50,1500,2.7272727272727275,0.31215205147852715,Cul4b,0.9827433006029385
shared,GO_BP,GOBP_POSITIVE_REGULATION_OF_MOLECULAR_FUNCTION,5,100,50,1500,1.5,0.23676077226258654,Apoe|Cflar|Ctss|Mef2c|Ptprc,0.9827433006029385
shared,GO_BP,GOBP_POSITIVE_REGULATION_OF_MONOATOMIC_ION_TRANSMEMBRANE_TRANSPORT,1,23,50,1500,1.3043478260869565,0.5441591891136924,Ctss,1.0
shared,GO_BP,GOBP_POSITIVE_REGULATION_OF_MONOATOMIC_ION_TRANSPORT,2,37,50,1500,1.6216216216216215,0.3516951994318052,Ctss|Cxcl12,0.9827433006029385
shared,GO_BP,GOBP_POSITIVE_REGULATION_OF_MONONUCLEAR_CELL_MIGRATION,2,17,50,1500,3.5294117647058822,0.10775612872998955,C5ar1|Cxcl12,0.6508634297460815
shared,GO_BP,GOBP_POSITIVE_REGULATION_OF_MULTICELLULAR_ORGANISMAL_PROCESS,10,268,50,1500,1.1194029850746268,0.4018537409445366,Apoe|C5ar1|Cxcl12|Dab2|Laptm5|Lgals1|Lilrb4a|Mef2c|Ptprc|Tyrobp,0.989412619749806
shared,GO_BP,GOBP_POSITIVE_REGULATION_OF_MUSCLE_CELL_DIFFERENTIATION,1,14,50,1500,2.142857142857143,0.3791877227557184,Mef2c,0.9827433006029385
shared,GO_BP,GOBP_POSITIVE_REGULATION_OF_MUSCLE_CONTRACTION,0,13,50,1500,0.0,1.0,,1.0
shared,GO_BP,GOBP_POSITIVE_REGULATION_OF_MYELOID_CELL_DIFFERENTIATION,1,19,50,1500,1.5789473684210527,0.4769581022710094,Tyrobp,1.0
shared,GO_BP,GOBP_POSITIVE_REGULATION_OF_MYELOID_LEUKOCYTE_DIFFERENTIATION,1,13,50,1500,2.3076923076923075,0.3575867388571701,Tyrobp,0.9827433006029385
shared,GO_BP,GOBP_POSITIVE_REGULATION_OF_NERVOUS_SYSTEM_DEVELOPMENT,2,59,50,1500,1.0169491525423728,0.5946496976806868,Apoe|Cxcl12,1.0
shared,GO_BP,GOBP_POSITIVE_REGULATION_OF_NERVOUS_SYSTEM_PROCESS,0,13,50,1500,0.0,1.0,,1.0
shared,GO_BP,GOBP_POSITIVE_REGULATION_OF_NEURAL_PRECURSOR_CELL_PROLIFERATION,0,12,50,1500,0.0,1.0,,1.0
shared,GO_BP,GOBP_POSITIVE_REGULATION_OF_NEUROGENESIS,2,52,50,1500,1.1538461538461537,0.5246983784805676,Apoe|Cxcl12,1.0
shared,GO_BP,GOBP_POSITIVE_REGULATION_OF_NEURON_APOPTOTIC_PROCESS,2,11,50,1500,5.454545454545455,0.04943234891824236,Cflar|Ncf2,0.41405962367084453
shared,GO_BP,GOBP_POSITIVE_REGULATION_OF_NEURON_DIFFERENTIATION,2,24,50,1500,2.5,0.18923912647371055,Cxcl12|Mef2c,0.8862062839186733
shared,GO_BP,GOBP_POSITIVE_REGULATION_OF_NEURON_PROJECTION_DEVELOPMENT,2,42,50,1500,1.4285714285714286,0.4123282859057648,Apoe|Cflar,0.9912166827430607
shared,GO_BP,GOBP_POSITIVE_REGULATION_OF_NITRIC_OXIDE_METABOLIC_PROCESS,1,12,50,1500,2.5,0.33524969917904673,Apoe,0.9827433006029385
shared,GO_BP,GOBP_POSITIVE_REGULATION_OF_NUCLEAR_DIVISION,0,13,50,1500,0.0,1.0,,1.0
shared,GO_BP,GOBP_POSITIVE_REGULATION_OF_ORGANELLE_ORGANIZATION,0,62,50,1500,0.0,1.0,,1.0
shared,GO_BP,GOBP_POSITIVE_REGULATION_OF_ORGANIC_ACID_TRANSPORT,0,16,50,1500,0.0,1.0,,1.0
shared,GO_BP,GOBP_POSITIVE_REGULATION_OF_ORGAN_GROWTH,1,13,50,1500,2.3076923076923075,0.3575867388571701,Mef2c,0.9827433006029385
shared,GO_BP,GOBP_POSITIVE_REGULATION_OF_OSSIFICATION,1,12,50,1500,2.5,0.33524969917904673,Mef2c,0.9827433006029385
shared,GO_BP,GOBP_POSITIVE_REGULATION_OF_OSTEOBLAST_DIFFERENTIATION,1,13,50,1500,2.3076923076923075,0.3575867388571701,Mef2c,0.9827433006029385
shared,GO_BP,GOBP_POSITIVE_REGULATION_OF_PEPTIDE_SECRETION,0,15,50,1500,0.0,1.0,,1.0
shared,GO_BP,GOBP_POSITIVE_REGULATION_OF_PEPTIDYL_TYROSINE_PHOSPHORYLATION,0,27,50,1500,0.0,1.0,,1.0
shared,GO_BP,GOBP_POSITIVE_REGULATION_OF_PHAGOCYTOSIS,1,12,50,1500,2.5,0.33524969917904673,Ptprc,0.9827433006029385
shared,GO_BP,GOBP_POSITIVE_REGULATION_OF_PHOSPHATIDYLINOSITOL_3_KINASE_PROTEIN_KINASE_B_SIGNAL_TRANSDUCTION,2,36,50,1500,1.6666666666666667,0.33931461253673095,Cxcl12|Pik3ap1,0.9827433006029385
shared,GO_BP,GOBP_POSITIVE_REGULATION_OF_PHOSPHORUS_METABOLIC_PROCESS,3,99,50,1500,0.9090909090909092,0.6538240210054442,Dab2|Mef2c|Ptprc,1.0
shared,GO_BP,GOBP_POSITIVE_REGULATION_OF_PLASMA_MEMBRANE_BOUNDED_CELL_PROJECTION_ASSEMBLY,0,13,50,1500,0.0,1.0,,1.0
shared,GO_BP,GOBP_POSITIVE_REGULATION_OF_POST_TRANSLATIONAL_PROTEIN_MODIFICATION,1,11,50,1500,2.7272727272727275,0.31215205147852715,Laptm5,0.9827433006029385
shared,GO_BP,GOBP_POSITIVE_REGULATION_OF_PRODUCTION_OF_MOLECULAR_MEDIATOR_OF_IMMUNE_RESPONSE,2,16,50,1500,3.75,0.0970847228115921,Laptm5|Ptprc,0.6211128920032959
shared,GO_BP,GOBP_POSITIVE_REGULATION_OF_PROGRAMMED_CELL_DEATH,8,85,50,1500,2.8235294117647056,0.005783575677177717,Cflar|Ctsd|Laptm5|Lgals1|Mef2c|Ncf2|Ptprc|Tnfsf12,0.14200347779953273
shared,GO_BP,GOBP_POSITIVE_REGULATION_OF_PROTEASOMAL_PROTEIN_CATABOLIC_PROCESS,1,12,50,1500,2.5,0.33524969917904673,Dab2,0.9827433006029385
shared,GO_BP,GOBP_POSITIVE_REGULATION_OF_PROTEIN_CATABOLIC_PROCESS,5,25,50,1500,6.0,0.0010784780790831232,Apoe|Cul4b|Dab2|Mylip|Tnfsf12,0.06555136997910051
shared,GO_BP,GOBP_POSITIVE_REGULATION_OF_PROTEIN_CONTAINING_COMPLEX_ASSEMBLY,0,26,50,1500,0.0,1.0,,1.0
shared,GO_BP,GOBP_POSITIVE_REGULATION_OF_PROTEIN_LOCALIZATION,2,53,50,1500,1.1320754716981132,0.535155658992266,Apoe|Tyrobp,1.0
shared,GO_BP,GOBP_POSITIVE_REGULATION_OF_PROTEIN_LOCALIZATION_TO_CELL_PERIPHERY,0,13,50,1500,0.0,1.0,,1.0
shared,GO_BP,GOBP_POSITIVE_REGULATION_OF_PROTEIN_LOCALIZATION_TO_MEMBRANE,0,13,50,1500,0.0,1.0,,1.0
shared,GO_BP,GOBP_POSITIVE_REGULATION_OF_PROTEIN_LOCALIZATION_TO_NUCLEUS,0,12,50,1500,0.0,1.0,,1.0
shared,GO_BP,GOBP_POSITIVE_REGULATION_OF_PROTEIN_LOCALIZATION_TO_PLASMA_MEMBRANE,0,11,50,1500,0.0,1.0,,1.0
shared,GO_BP,GOBP_POSITIVE_REGULATION_OF_PROTEIN_METABOLIC_PROCESS,7,123,50,1500,1.707317073170732,0.10870068356200885,Apoe|Cul4b|Dab2|Laptm5|Mylip|Ptprc|Tnfsf12,0.6518029918386139
shared,GO_BP,GOBP_POSITIVE_REGULATION_OF_PROTEIN_MODIFICATION_PROCESS,3,93,50,1500,0.9677419354838709,0.6104011597973595,Dab2|Laptm5|Ptprc,1.0
shared,GO_BP,GOBP_POSITIVE_REGULATION_OF_PROTEIN_SECRETION,0,19,50,1500,0.0,1.0,,1.0
shared,GO_BP,GOBP_POSITIVE_REGULATION_OF_PROTEIN_SERINE_THREONINE_KINASE_ACTIVITY,1,24,50,1500,1.25,0.5595904961849962,Ptprc,1.0
shared,GO_BP,GOBP_POSITIVE_REGULATION_OF_PROTEIN_TRANSPORT,1,31,50,1500,0.9677419354838709,0.6541629208821762,Apoe,1.0
shared,GO_BP,GOBP_POSITIVE_REGULATION_OF_PROTEIN_UBIQUITINATION,1,10,50,1500,3.0,0.2882684421548648,Laptm5,0.9827433006029385
shared,GO_BP,GOBP_POSITIVE_REGULATION_OF_PROTEOLYSIS,3,21,50,1500,4.285714285714286,0.03036754457633339,Apoe|Dab2|Laptm5,0.34032593059683974
shared,GO_BP,GOBP_POSITIVE_REGULATION_OF_PROTEOLYSIS_INVOLVED_IN_PROTEIN_CATABOLIC_PROCESS,2,14,50,1500,4.285714285714286,0.07677394817604072,Dab2|Laptm5,0.5400764752643556
shared,GO_BP,GOBP_POSITIVE_REGULATION_OF_REACTIVE_OXYGEN_SPECIES_METABOLIC_PROCESS,1,10,50,1500,3.0,0.2882684421548648,Tyrobp,0.9827433006029385
shared,GO_BP,GOBP_POSITIVE_REGULATION_OF_REPRODUCTIVE_PROCESS,0,18,50,1500,0.0,1.0,,1.0
shared,GO_BP,GOBP_POSITIVE_REGULATION_OF_RESPONSE_TO_BIOTIC_STIMULUS,2,34,50,1500,1.7647058823529411,0.3143712536930831,Pik3ap1|Tyrobp,0.9827433006029385
shared,GO_BP,GOBP_POSITIVE_REGULATION_OF_RESPONSE_TO_EXTERNAL_STIMULUS,6,86,50,1500,2.0930232558139537,0.06202164984970553,C5ar1|Ctss|Cxcl12|Lgals1|Pik3ap1|Tyrobp,0.4822257464390981
shared,GO_BP,GOBP_POSITIVE_REGULATION_OF_RESPONSE_TO_WOUNDING,0,16,50,1500,0.0,1.0,,1.0
shared,GO_BP,GOBP_POSITIVE_REGULATION_OF_RNA_METABOLIC_PROCESS,6,146,50,1500,1.2328767123287672,0.35853321988967013,Apoe|Dab2|Junb|Maf|Mef2c|Pf4,0.9827433006029385
shared,GO_BP,GOBP_POSITIVE_REGULATION_OF_SECRETION,2,52,50,1500,1.1538461538461537,0.5246983784805676,Cxcl12|Dab2,1.0
shared,GO_BP,GOBP_POSITIVE_REGULATION_OF_SIGNAL_TRANSDUCTION,11,197,50,1500,1.6751269035532996,0.053770942653840935,Apoe|C5ar1|Cflar|Ctsd|Cxcl12|Dab2|Laptm5|Mef2c|Pik3ap1|Ptprc|Tnfsf12,0.4413019283459168
shared,GO_BP,GOBP_POSITIVE_REGULATION_OF_SMALL_MOLECULE_METABOLIC_PROCESS,2,23,50,1500,2.608695652173913,0.17706049687331893,Apoe|Dab2,0.8462450218210096
shared,GO_BP,GOBP_POSITIVE_REGULATION_OF_SMOOTH_MUSCLE_CELL_MIGRATION,0,21,50,1500,0.0,1.0,,1.0
shared,GO_BP,GOBP_POSITIVE_REGULATION_OF_SMOOTH_MUSCLE_CELL_PROLIFERATION,0,25,50,1500,0.0,1.0,,1.0
shared,GO_BP,GOBP_POSITIVE_REGULATION_OF_SYNAPTIC_TRANSMISSION,3,40,50,1500,2.25,0.1456779707612884,Apoe|Nrgn|Tyrobp,0.756315343409245
shared,GO_BP,GOBP_POSITIVE_REGULATION_OF_SYNAPTIC_TRANSMISSION_GLUTAMATERGIC,0,12,50,1500,0.0,1.0,,1.0
shared,GO_BP,GOBP_POSITIVE_REGULATION_OF_TRANSCRIPTION_BY_RNA_POLYMERASE_II,5,121,50,1500,1.2396694214876034,0.377659392889195,Dab2|Junb|Maf|Mef2c|Pf4,0.9827433006029385
shared,GO_BP,GOBP_POSITIVE_REGULATION_OF_TRANSFERASE_ACTIVITY,2,45,50,1500,1.3333333333333333,0.4474305107818257,Apoe|Ptprc,1.0
shared,GO_BP,GOBP_POSITIVE_REGULATION_OF_TRANSMEMBRANE_RECEPTOR_PROTEIN_SERINE_THREONINE_KINASE_SIGNALING_PATHWAY,1,18,50,1500,1.6666666666666667,0.45869546617711976,Dab2,1.0
shared,GO_BP,GOBP_POSITIVE_REGULATION_OF_TRANSMEMBRANE_TRANSPORT,1,34,50,1500,0.8823529411764706,0.6883105763500479,Ctss,1.0
shared,GO_BP,GOBP_POSITIVE_REGULATION_OF_TRANSPORT,5,134,50,1500,1.1194029850746268,0.4669597616131559,Apoe|Ctss|Cxcl12|Dab2|Ptprc,1.0
shared,GO_BP,GOBP_POSITIVE_REGULATION_OF_TRANSPORTER_ACTIVITY,1,12,50,1500,2.5,0.33524969917904673,Ctss,0.9827433006029385
shared,GO_BP,GOBP_POSITIVE_REGULATION_OF_TUMOR_NECROSIS_FACTOR_SUPERFAMILY_CYTOKINE_PRODUCTION,2,20,50,1500,3.0,0.14144844471358778,Ptprc|Tyrobp,0.7414636214825165
shared,GO_BP,GOBP_POSITIVE_REGULATION_OF_TYPE_II_INTERFERON_PRODUCTION,0,10,50,1500,0.0,1.0,,1.0
shared,GO_BP,GOBP_POSITIVE_REGULATION_OF_T_CELL_PROLIFERATION,1,17,50,1500,1.7647058823529411,0.4398083575301246,Ptprc,1.0
shared,GO_BP,GOBP_POSITIVE_REGULATION_OF_UBIQUITIN_DEPENDENT_PROTEIN_CATABOLIC_PROCESS,2,10,50,1500,6.0,0.04131092728840577,Dab2|Laptm5,0.38360146767805353
shared,GO_BP,GOBP_POSITIVE_REGULATION_OF_VASCULATURE_DEVELOPMENT,2,43,50,1500,1.3953488372093024,0.424148062560875,C5ar1|Cxcl12,0.9931420773219336
shared,GO_BP,GOBP_POSITIVE_REGULATION_OF_WNT_SIGNALING_PATHWAY,1,13,50,1500,2.3076923076923075,0.3575867388571701,Dab2,0.9827433006029385
shared,GO_BP,GOBP_POSITIVE_REGULATION_OF_WOUND_HEALING,0,13,50,1500,0.0,1.0,,1.0
shared,GO_BP,GOBP_POSTSYNAPSE_ASSEMBLY,0,20,50,1500,0.0,1.0,,1.0
shared,GO_BP,GOBP_POSTSYNAPSE_ORGANIZATION,1,50,50,1500,0.6,0.8216281799211584,Apoe,1.0
shared,GO_BP,GOBP_POSTSYNAPTIC_DENSITY_ASSEMBLY,0,10,50,1500,0.0,1.0,,1.0
shared,GO_BP,GOBP_POSTSYNAPTIC_DENSITY_ORGANIZATION,0,13,50,1500,0.0,1.0,,1.0
shared,GO_BP,GOBP_POSTSYNAPTIC_SPECIALIZATION_ASSEMBLY,0,10,50,1500,0.0,1.0,,1.0
shared,GO_BP,GOBP_POSTSYNAPTIC_SPECIALIZATION_ORGANIZATION,0,13,50,1500,0.0,1.0,,1.0
shared,GO_BP,GOBP_POST_EMBRYONIC_DEVELOPMENT,0,21,50,1500,0.0,1.0,,1.0
shared,GO_BP,GOBP_POST_TRANSCRIPTIONAL_REGULATION_OF_GENE_EXPRESSION,0,19,50,1500,0.0,1.0,,1.0
shared,GO_BP,GOBP_POST_TRANSLATIONAL_PROTEIN_MODIFICATION,3,44,50,1500,2.0454545454545454,0.17839486825642273,Cul4b|Laptm5|Mylip,0.8476364354289092
shared,GO_BP,GOBP_POTASSIUM_ION_IMPORT_ACROSS_PLASMA_MEMBRANE,0,10,50,1500,0.0,1.0,,1.0
shared,GO_BP,GOBP_POTASSIUM_ION_TRANSMEMBRANE_TRANSPORT,0,25,50,1500,0.0,1.0,,1.0
shared,GO_BP,GOBP_POTASSIUM_ION_TRANSPORT,0,30,50,1500,0.0,1.0,,1.0
shared,GO_BP,GOBP_PRIMARY_NEURAL_TUBE_FORMATION,0,13,50,1500,0.0,1.0,,1.0
shared,GO_BP,GOBP_PROCESS_UTILIZING_AUTOPHAGIC_MECHANISM,1,29,50,1500,1.0344827586206897,0.6293882879681989,Ctsd,1.0
shared,GO_BP,GOBP_PRODUCTION_OF_MOLECULAR_MEDIATOR_OF_IMMUNE_RESPONSE,4,31,50,1500,3.8709677419354835,0.01769422085913411,Bst2|Laptm5|Lilrb4a|Ptprc,0.24787162841459426
shared,GO_BP,GOBP_PROTEASOMAL_PROTEIN_CATABOLIC_PROCESS,4,28,50,1500,4.285714285714286,0.01239328589341737,Apoe|Cul4b|Dab2|Psmb8,0.2057625554930393
shared,GO_BP,GOBP_PROTEASOME_MEDIATED_UBIQUITIN_DEPENDENT_PROTEIN_CATABOLIC_PROCESS,2,18,50,1500,3.3333333333333335,0.11872751053120777,Dab2|Psmb8,0.6865914754918598
shared,GO_BP,GOBP_PROTEIN_AUTOPHOSPHORYLATION,1,28,50,1500,1.0714285714285714,0.616356933817995,Ptprc,1.0
shared,GO_BP,GOBP_PROTEIN_CATABOLIC_PROCESS,9,64,50,1500,4.21875,0.00016605633180596677,Apoe|Ctsd|Ctss|Cul4b|Dab2|Laptm5|Mylip|Psmb8|Tnfsf12,0.0259555856367099
shared,GO_BP,GOBP_PROTEIN_COMPLEX_OLIGOMERIZATION,0,28,50,1500,0.0,1.0,,1.0
shared,GO_BP,GOBP_PROTEIN_CONTAINING_COMPLEX_DISASSEMBLY,0,21,50,1500,0.0,1.0,,1.0
shared,GO_BP,GOBP_PROTEIN_CONTAINING_COMPLEX_LOCALIZATION,1,33,50,1500,0.9090909090909091,0.6773123609777841,Tyrobp,1.0
shared,GO_BP,GOBP_PROTEIN_CONTAINING_COMPLEX_ORGANIZATION,6,149,50,1500,1.2080536912751678,0.3772821611789522,Apoe|Cxcl12|Dab2|Pf4|mt-Co3|mt-Nd4,0.9827433006029385
shared,GO_BP,GOBP_PROTEIN_DEPOLYMERIZATION,0,14,50,1500,0.0,1.0,,1.0
shared,GO_BP,GOBP_PROTEIN_HOMOOLIGOMERIZATION,0,19,50,1500,0.0,1.0,,1.0
shared,GO_BP,GOBP_PROTEIN_LOCALIZATION_TO_CELL_JUNCTION,0,33,50,1500,0.0,1.0,,1.0
shared,GO_BP,GOBP_PROTEIN_LOCALIZATION_TO_CELL_PERIPHERY,1,43,50,1500,0.6976744186046512,0.7721193007548377,Dab2,1.0
shared,GO_BP,GOBP_PROTEIN_LOCALIZATION_TO_EXTRACELLULAR_REGION,1,48,50,1500,0.625,0.8086739419485636,Apoe,1.0
shared,GO_BP,GOBP_PROTEIN_LOCALIZATION_TO_NUCLEUS,1,29,50,1500,1.0344827586206897,0.6293882879681989,Lilrb4a,1.0
shared,GO_BP,GOBP_PROTEIN_LOCALIZATION_TO_ORGANELLE,2,75,50,1500,0.8,0.7256904671258542,Laptm5|Lilrb4a,1.0
shared,GO_BP,GOBP_PROTEIN_LOCALIZATION_TO_PLASMA_MEMBRANE,1,26,50,1500,1.1538461538461537,0.5889329235095868,Dab2,1.0
shared,GO_BP,GOBP_PROTEIN_LOCALIZATION_TO_POSTSYNAPSE,0,16,50,1500,0.0,1.0,,1.0
shared,GO_BP,GOBP_PROTEIN_LOCALIZATION_TO_SYNAPSE,0,24,50,1500,0.0,1.0,,1.0
shared,GO_BP,GOBP_PROTEIN_MATURATION,2,35,50,1500,1.7142857142857142,0.32686990772459135,Ctss|F13a1,0.9827433006029385
shared,GO_BP,GOBP_PROTEIN_MODIFICATION_BY_SMALL_PROTEIN_CONJUGATION,3,38,50,1500,2.368421052631579,0.1301690111571574,Cul4b|Laptm5|Mylip,0.7074402780280293
shared,GO_BP,GOBP_PROTEIN_POLYMERIZATION,0,30,50,1500,0.0,1.0,,1.0
shared,GO_BP,GOBP_PROTEIN_PROCESSING,1,21,50,1500,1.4285714285714286,0.5116902720131731,Ctss,1.0
shared,GO_BP,GOBP_PROTEIN_STABILIZATION,1,17,50,1500,1.7647058823529411,0.4398083575301246,Tyrobp,1.0
shared,GO_BP,GOBP_PROTEIN_TARGETING,1,11,50,1500,2.7272727272727275,0.31215205147852715,Laptm5,0.9827433006029385
shared,GO_BP,GOBP_PROTEIN_TETRAMERIZATION,0,14,50,1500,0.0,1.0,,1.0
shared,GO_BP,GOBP_PROTEIN_TRANSPORT,3,110,50,1500,0.8181818181818182,0.7245188173478939,Apoe|Dab2|Laptm5,1.0
shared,GO_BP,GOBP_PROTEOLYSIS,9,88,50,1500,3.0681818181818183,0.0018646466219941948,Apoe|Cflar|Ctsd|Ctss|Cul4b|Dab2|Laptm5|Mylip|Psmb8,0.07922022172398914
shared,GO_BP,GOBP_PROTEOLYSIS_INVOLVED_IN_PROTEIN_CATABOLIC_PROCESS,7,39,50,1500,5.384615384615384,0.00020266054769388955,Apoe|Ctss|Cul4b|Dab2|Laptm5|Mylip|Psmb8,0.0259555856367099
shared,GO_BP,GOBP_PROTON_TRANSMEMBRANE_TRANSPORT,3,16,50,1500,5.625,0.014373895602843016,mt-Co2|mt-Co3|mt-Nd4,0.2162738921724065
shared,GO_BP,GOBP_PURINE_CONTAINING_COMPOUND_METABOLIC_PROCESS,3,37,50,1500,2.4324324324324325,0.12265434187292903,Ncf2|Ttr|mt-Nd4,0.6944714478867933
shared,GO_BP,GOBP_PYRIDINE_CONTAINING_COMPOUND_METABOLIC_PROCESS,1,14,50,1500,2.142857142857143,0.3791877227557184,Ncf2,0.9827433006029385
shared,GO_BP,GOBP_REACTIVE_NITROGEN_SPECIES_METABOLIC_PROCESS,1,16,50,1500,1.875,0.4202758734830577,Apoe,0.9912166827430607
shared,GO_BP,GOBP_REACTIVE_OXYGEN_SPECIES_METABOLIC_PROCESS,4,29,50,1500,4.137931034482759,0.014027612542741374,Cflar|Gpx3|Ncf2|Tyrobp,0.2162738921724065
shared,GO_BP,GOBP_RECEPTOR_CLUSTERING,1,11,50,1500,2.7272727272727275,0.31215205147852715,Apoe,0.9827433006029385
shared,GO_BP,GOBP_RECEPTOR_INTERNALIZATION,2,27,50,1500,2.2222222222222223,0.22639072579076921,Dab2|Lilrb4a,0.970672636965699
shared,GO_BP,GOBP_RECEPTOR_LOCALIZATION_TO_SYNAPSE,1,19,50,1500,1.5789473684210527,0.4769581022710094,Tyrobp,1.0
shared,GO_BP,GOBP_RECEPTOR_MEDIATED_ENDOCYTOSIS,6,45,50,1500,4.0,0.0030489224113921134,Apoe|Dab2|Ifitm3|Lilrb4a|Mrc1|Siglech,0.10746502652417324
shared,GO_BP,GOBP_RECEPTOR_METABOLIC_PROCESS,5,12,50,1500,12.5,2.2348190088408247e-05,Apoe|Ctsd|Dab2|Laptm5|Mylip,0.0072631617787326805
shared,GO_BP,GOBP_REGENERATION,3,46,50,1500,1.9565217391304346,0.19547782065070726,Apoe|Cflar|Cxcl12,0.904989910419941
shared,GO_BP,GOBP_REGULATED_EXOCYTOSIS,0,36,50,1500,0.0,1.0,,1.0
shared,GO_BP,GOBP_REGULATION_OF_ACTIN_FILAMENT_BASED_MOVEMENT,0,10,50,1500,0.0,1.0,,1.0
shared,GO_BP,GOBP_REGULATION_OF_ACTIN_FILAMENT_BASED_PROCESS,2,61,50,1500,0.9836065573770493,0.6132204136383774,Bst2|Mef2c,1.0
shared,GO_BP,GOBP_REGULATION_OF_ACTIN_FILAMENT_BUNDLE_ASSEMBLY,0,15,50,1500,0.0,1.0,,1.0
shared,GO_BP,GOBP_REGULATION_OF_ACTIN_FILAMENT_LENGTH,0,19,50,1500,0.0,1.0,,1.0
shared,GO_BP,GOBP_REGULATION_OF_ACTIN_FILAMENT_ORGANIZATION,0,34,50,1500,0.0,1.0,,1.0
shared,GO_BP,GOBP_REGULATION_OF_ACTION_POTENTIAL,0,11,50,1500,0.0,1.0,,1.0
shared,GO_BP,GOBP_REGULATION_OF_ACTOMYOSIN_STRUCTURE_ORGANIZATION,1,17,50,1500,1.7647058823529411,0.4398083575301246,Mef2c,1.0
shared,GO_BP,GOBP_REGULATION_OF_ADAPTIVE_IMMUNE_RESPONSE,5,26,50,1500,5.769230769230769,0.0013019111383587353,Lgals1|Lilrb4a|Mef2c|Pf4|Ptprc,0.06555136997910051
shared,GO_BP,GOBP_REGULATION_OF_ALPHA_BETA_T_CELL_ACTIVATION,4,13,50,1500,9.23076923076923,0.000626667481156593,Lgals1|Lilrb4a|Pf4|Ptprc,0.051371615565574236
shared,GO_BP,GOBP_REGULATION_OF_ALPHA_BETA_T_CELL_DIFFERENTIATION,3,10,50,1500,9.0,0.0035480063258161673,Lgals1|Lilrb4a|Pf4,0.10746502652417324
shared,GO_BP,GOBP_REGULATION_OF_AMIDE_METABOLIC_PROCESS,1,12,50,1500,2.5,0.33524969917904673,Apoe,0.9827433006029385
shared,GO_BP,GOBP_REGULATION_OF_AMINO_ACID_TRANSPORT,0,16,50,1500,0.0,1.0,,1.0
shared,GO_BP,GOBP_REGULATION_OF_ANATOMICAL_STRUCTURE_MORPHOGENESIS,6,144,50,1500,1.25,0.34608765609304076,Apoe|C5ar1|Cxcl12|Mef2c|Pf4|Stab1,0.9827433006029385
shared,GO_BP,GOBP_REGULATION_OF_ANATOMICAL_STRUCTURE_SIZE,2,82,50,1500,0.7317073170731707,0.7710363237317353,Apoe|Cxcl12,1.0
shared,GO_BP,GOBP_REGULATION_OF_ANIMAL_ORGAN_MORPHOGENESIS,0,10,50,1500,0.0,1.0,,1.0
shared,GO_BP,GOBP_REGULATION_OF_APOPTOTIC_SIGNALING_PATHWAY,5,45,50,1500,3.3333333333333335,0.014977877797973289,Cflar|Cxcl12|Dab2|Ptprc|Tnfsf12,0.22126410383369632
shared,GO_BP,GOBP_REGULATION_OF_ASTROCYTE_DIFFERENTIATION,0,10,50,1500,0.0,1.0,,1.0
shared,GO_BP,GOBP_REGULATION_OF_AUTOPHAGY,0,17,50,1500,0.0,1.0,,1.0
shared,GO_BP,GOBP_REGULATION_OF_AXONOGENESIS,2,27,50,1500,2.2222222222222223,0.22639072579076921,Apoe|Cxcl12,0.970672636965699
shared,GO_BP,GOBP_REGULATION_OF_BEHAVIOR,2,17,50,1500,3.5294117647058822,0.10775612872998955,Apoe|Mef2c,0.6508634297460815
shared,GO_BP,GOBP_REGULATION_OF_BINDING,1,38,50,1500,0.7894736842105263,0.7287458866817691,Dab2,1.0
shared,GO_BP,GOBP_REGULATION_OF_BIOMINERAL_TISSUE_DEVELOPMENT,1,18,50,1500,1.6666666666666667,0.45869546617711976,Mef2c,1.0
shared,GO_BP,GOBP_REGULATION_OF_BLOOD_CIRCULATION,0,42,50,1500,0.0,1.0,,1.0
shared,GO_BP,GOBP_REGULATION_OF_BLOOD_PRESSURE,2,42,50,1500,1.4285714285714286,0.4123282859057648,Ncf2|Ttr,0.9912166827430607
shared,GO_BP,GOBP_REGULATION_OF_BLOOD_VESSEL_ENDOTHELIAL_CELL_MIGRATION,2,25,50,1500,2.4,0.20153398901832625,Apoe|Mef2c,0.9071820835312471
shared,GO_BP,GOBP_REGULATION_OF_BMP_SIGNALING_PATHWAY,0,22,50,1500,0.0,1.0,,1.0
shared,GO_BP,GOBP_REGULATION_OF_BODY_FLUID_LEVELS,7,50,50,1500,4.2,0.0009925175951728173,Apoe|F13a1|Lilrb4a|Pf4|Tec|Ttr|mt-Co2,0.06555136997910051
shared,GO_BP,GOBP_REGULATION_OF_BONE_MINERALIZATION,1,17,50,1500,1.7647058823529411,0.4398083575301246,Mef2c,1.0
shared,GO_BP,GOBP_REGULATION_OF_BONE_REMODELING,0,12,50,1500,0.0,1.0,,1.0
shared,GO_BP,GOBP_REGULATION_OF_B_CELL_ACTIVATION,5,19,50,1500,7.894736842105264,0.00027475298181858104,Laptm5|Lilrb4a|Mef2c|Ptprc|Tyrobp,0.03189097110394244
shared,GO_BP,GOBP_REGULATION_OF_B_CELL_PROLIFERATION,3,12,50,1500,7.5,0.006204459645394968,Mef2c|Ptprc|Tyrobp,0.14200347779953273
shared,GO_BP,GOBP_REGULATION_OF_CALCIUM_ION_TRANSMEMBRANE_TRANSPORT,0,20,50,1500,0.0,1.0,,1.0
shared,GO_BP,GOBP_REGULATION_OF_CALCIUM_ION_TRANSPORT,1,41,50,1500,0.7317073170731707,0.755653168747937,Cxcl12,1.0
shared,GO_BP,GOBP_REGULATION_OF_CALCIUM_MEDIATED_SIGNALING,1,19,50,1500,1.5789473684210527,0.4769581022710094,Ptprc,1.0
shared,GO_BP,GOBP_REGULATION_OF_CANONICAL_WNT_SIGNALING_PATHWAY,2,23,50,1500,2.608695652173913,0.17706049687331893,Apoe|Dab2,0.8462450218210096
shared,GO_BP,GOBP_REGULATION_OF_CARBOHYDRATE_METABOLIC_PROCESS,0,18,50,1500,0.0,1.0,,1.0
shared,GO_BP,GOBP_REGULATION_OF_CARDIAC_MUSCLE_CONTRACTION,0,14,50,1500,0.0,1.0,,1.0
shared,GO_BP,GOBP_REGULATION_OF_CARTILAGE_DEVELOPMENT,1,15,50,1500,2.0,0.4000764265660914,Maf,0.9873222282690042
shared,GO_BP,GOBP_REGULATION_OF_CATABOLIC_PROCESS,6,73,50,1500,2.4657534246575343,0.03122262791130445,Apoe|Cul4b|Dab2|Laptm5|Mylip|Tnfsf12,0.34514809765897775
shared,GO_BP,GOBP_REGULATION_OF_CATALYTIC_ACTIVITY,5,100,50,1500,1.5,0.23676077226258654,Apoe|Lilrb4a|Mef2c|Psmb8|Ptprc,0.9827433006029385
shared,GO_BP,GOBP_REGULATION_OF_CATECHOLAMINE_SECRETION,1,11,50,1500,2.7272727272727275,0.31215205147852715,Cxcl12,0.9827433006029385
shared,GO_BP,GOBP_REGULATION_OF_CATION_CHANNEL_ACTIVITY,1,12,50,1500,2.5,0.33524969917904673,Ctss,0.9827433006029385
shared,GO_BP,GOBP_REGULATION_OF_CD4_POSITIVE_ALPHA_BETA_T_CELL_ACTIVATION,2,11,50,1500,5.454545454545455,0.04943234891824236,Lgals1|Pf4,0.41405962367084453
shared,GO_BP,GOBP_REGULATION_OF_CELLULAR_COMPONENT_BIOGENESIS,2,126,50,1500,0.47619047619047616,0.9337013485880613,Apoe|Mef2c,1.0
shared,GO_BP,GOBP_REGULATION_OF_CELLULAR_COMPONENT_SIZE,2,47,50,1500,1.2765957446808511,0.4702033260751992,Apoe|Cxcl12,1.0
shared,GO_BP,GOBP_REGULATION_OF_CELLULAR_LOCALIZATION,5,98,50,1500,1.530612244897959,0.22418460908611118,Apoe|Ctsd|Dab2|Lilrb4a|Tyrobp,0.9688829515024752
shared,GO_BP,GOBP_REGULATION_OF_CELLULAR_RESPONSE_TO_GROWTH_FACTOR_STIMULUS,1,53,50,1500,0.5660377358490566,0.8394633427053331,Cflar,1.0
shared,GO_BP,GOBP_REGULATION_OF_CELLULAR_RESPONSE_TO_INSULIN_STIMULUS,1,13,50,1500,2.3076923076923075,0.3575867388571701,Ctsd,0.9827433006029385
shared,GO_BP,GOBP_REGULATION_OF_CELLULAR_RESPONSE_TO_STRESS,1,38,50,1500,0.7894736842105263,0.7287458866817691,Cxcl12,1.0
shared,GO_BP,GOBP_REGULATION_OF_CELLULAR_RESPONSE_TO_TRANSFORMING_GROWTH_FACTOR_BETA_STIMULUS,1,14,50,1500,2.142857142857143,0.3791877227557184,Cflar,0.9827433006029385
shared,GO_BP,GOBP_REGULATION_OF_CELL_ACTIVATION,9,92,50,1500,2.934782608695652,0.002558661107331798,Apoe|Laptm5|Lgals1|Lilrb4a|Mef2c|Pf4|Ptprc|Tec|Tyrobp,0.09239609554253714
shared,GO_BP,GOBP_REGULATION_OF_CELL_ADHESION,7,135,50,1500,1.5555555555555556,0.15613440865791092,Cxcl12|Dab2|Laptm5|Lgals1|Lilrb4a|Pf4|Ptprc,0.7879453853077802
shared,GO_BP,GOBP_REGULATION_OF_CELL_CELL_ADHESION,6,71,50,1500,2.535211267605634,0.027637674006483023,Cxcl12|Laptm5|Lgals1|Lilrb4a|Pf4|Ptprc,0.3185192926279072
shared,GO_BP,GOBP_REGULATION_OF_CELL_CYCLE,3,104,50,1500,0.8653846153846153,0.6873956086879696,Cul4b|Junb|Ptprc,1.0
shared,GO_BP,GOBP_REGULATION_OF_CELL_CYCLE_G1_S_PHASE_TRANSITION,1,23,50,1500,1.3043478260869565,0.5441591891136924,Cul4b,1.0
shared,GO_BP,GOBP_REGULATION_OF_CELL_CYCLE_PHASE_TRANSITION,1,41,50,1500,0.7317073170731707,0.755653168747937,Cul4b,1.0
shared,GO_BP,GOBP_REGULATION_OF_CELL_CYCLE_PROCESS,1,74,50,1500,0.4054054054054054,0.9236899348656785,Cul4b,1.0
shared,GO_BP,GOBP_REGULATION_OF_CELL_DEVELOPMENT,8,142,50,1500,1.6901408450704225,0.09284973009835061,Apoe|Cxcl12|Lgals1|Lilrb4a|Mef2c|Pf4|Ptprc|Tyrobp,0.6209086889292994
shared,GO_BP,GOBP_REGULATION_OF_CELL_DIFFERENTIATION,12,253,50,1500,1.4229249011857708,0.12153369642569943,Apoe|Cxcl12|Dab2|Junb|Lgals1|Lilrb4a|Maf|Mef2c|Pf4|Ptprc|Slc6a6|Tyrobp,0.6944714478867933
shared,GO_BP,GOBP_REGULATION_OF_CELL_DIVISION,0,23,50,1500,0.0,1.0,,1.0
shared,GO_BP,GOBP_REGULATION_OF_CELL_GROWTH,4,54,50,1500,2.2222222222222223,0.10176389420560962,Apoe|Bst2|Cxcl12|Dab2,0.6434487474090103
shared,GO_BP,GOBP_REGULATION_OF_CELL_JUNCTION_ASSEMBLY,1,53,50,1500,0.5660377358490566,0.8394633427053331,Mef2c,1.0
shared,GO_BP,GOBP_REGULATION_OF_CELL_KILLING,2,10,50,1500,6.0,0.04131092728840577,Ptprc|Tyrobp,0.38360146767805353
shared,GO_BP,GOBP_REGULATION_OF_CELL_MATRIX_ADHESION,0,25,50,1500,0.0,1.0,,1.0
shared,GO_BP,GOBP_REGULATION_OF_CELL_MIGRATION_INVOLVED_IN_SPROUTING_ANGIOGENESIS,0,13,50,1500,0.0,1.0,,1.0
shared,GO_BP,GOBP_REGULATION_OF_CELL_MORPHOGENESIS,0,35,50,1500,0.0,1.0,,1.0
shared,GO_BP,GOBP_REGULATION_OF_CELL_POPULATION_PROLIFERATION,15,248,50,1500,1.8145161290322578,0.011558640273572535,Apoe|C5ar1|Cflar|Csf2rb2|Cxcl12|Dab2|Ifitm3|Junb|Laptm5|Lilrb4a|Mef2c|Pf4|Ptprc|Sat1|Tyrobp,0.2057625554930393
shared,GO_BP,GOBP_REGULATION_OF_CELL_PROJECTION_ASSEMBLY,0,25,50,1500,0.0,1.0,,1.0
shared,GO_BP,GOBP_REGULATION_OF_CELL_PROJECTION_ORGANIZATION,6,122,50,1500,1.4754098360655739,0.21602611707024078,Apoe|Cflar|Cxcl12|Dab2|Lgals1|Mylip,0.9386161503720355
shared,GO_BP,GOBP_REGULATION_OF_CELL_SHAPE,0,16,50,1500,0.0,1.0,,1.0
shared,GO_BP,GOBP_REGULATION_OF_CELL_SIZE,2,26,50,1500,2.3076923076923075,0.21392436250078883,Apoe|Cxcl12,0.9319761100905679
shared,GO_BP,GOBP_REGULATION_OF_CELL_SUBSTRATE_ADHESION,2,49,50,1500,1.2244897959183674,0.4924325236817257,Dab2|Lgals1,1.0
shared,GO_BP,GOBP_REGULATION_OF_CELL_SUBSTRATE_JUNCTION_ORGANIZATION,0,17,50,1500,0.0,1.0,,1.0
shared,GO_BP,GOBP_REGULATION_OF_CHEMOTAXIS,2,46,50,1500,1.3043478260869565,0.4588829057877858,C5ar1|Cxcl12,1.0
shared,GO_BP,GOBP_REGULATION_OF_CHONDROCYTE_DIFFERENTIATION,1,13,50,1500,2.3076923076923075,0.3575867388571701,Maf,0.9827433006029385
shared,GO_BP,GOBP_REGULATION_OF_CHROMOSOME_ORGANIZATION,0,13,50,1500,0.0,1.0,,1.0
shared,GO_BP,GOBP_REGULATION_OF_CHROMOSOME_SEGREGATION,0,11,50,1500,0.0,1.0,,1.0
shared,GO_BP,GOBP_REGULATION_OF_CIRCADIAN_RHYTHM,0,10,50,1500,0.0,1.0,,1.0
shared,GO_BP,GOBP_REGULATION_OF_COAGULATION,1,13,50,1500,2.3076923076923075,0.3575867388571701,Apoe,0.9827433006029385
shared,GO_BP,GOBP_REGULATION_OF_COLLAGEN_METABOLIC_PROCESS,0,10,50,1500,0.0,1.0,,1.0
shared,GO_BP,GOBP_REGULATION_OF_CYTOKINESIS,0,12,50,1500,0.0,1.0,,1.0
shared,GO_BP,GOBP_REGULATION_OF_CYTOKINE_PRODUCTION_INVOLVED_IN_IMMUNE_RESPONSE,3,20,50,1500,4.5,0.026644162448827665,Bst2|Laptm5|Lilrb4a,0.30990470697907924
shared,GO_BP,GOBP_REGULATION_OF_CYTOSKELETON_ORGANIZATION,2,67,50,1500,0.8955223880597015,0.6651326043560877,Bst2|Mef2c,1.0
shared,GO_BP,GOBP_REGULATION_OF_CYTOSOLIC_CALCIUM_ION_CONCENTRATION,0,17,50,1500,0.0,1.0,,1.0
shared,GO_BP,GOBP_REGULATION_OF_DEFENSE_RESPONSE,7,94,50,1500,2.2340425531914896,0.03288090959291625,Apoe|Ctss|Lgals1|Mef2c|Pf4|Pik3ap1|Tyrobp,0.35484286643964424
shared,GO_BP,GOBP_REGULATION_OF_DENDRITE_DEVELOPMENT,0,20,50,1500,0.0,1.0,,1.0
shared,GO_BP,GOBP_REGULATION_OF_DENDRITE_MORPHOGENESIS,0,13,50,1500,0.0,1.0,,1.0
shared,GO_BP,GOBP_REGULATION_OF_DENDRITIC_SPINE_DEVELOPMENT,2,10,50,1500,6.0,0.04131092728840577,Apoe|Mef2c,0.38360146767805353
shared,GO_BP,GOBP_REGULATION_OF_DENDRITIC_SPINE_MORPHOGENESIS,0,10,50,1500,0.0,1.0,,1.0
shared,GO_BP,GOBP_REGULATION_OF_DEVELOPMENTAL_GROWTH,3,60,50,1500,1.5,0.3230728173079596,Apoe|Cxcl12|Mef2c,0.9827433006029385
shared,GO_BP,GOBP_REGULATION_OF_DNA_BINDING,0,15,50,1500,0.0,1.0,,1.0
shared,GO_BP,GOBP_REGULATION_OF_DNA_BINDING_TRANSCRIPTION_FACTOR_ACTIVITY,1,45,50,1500,0.6666666666666666,0.7874965257547175,Cflar,1.0
shared,GO_BP,GOBP_REGULATION_OF_DNA_BIOSYNTHETIC_PROCESS,0,10,50,1500,0.0,1.0,,1.0
shared,GO_BP,GOBP_REGULATION_OF_DNA_METABOLIC_PROCESS,1,30,50,1500,1.0,0.6419855589414076,Ptprc,1.0
shared,GO_BP,GOBP_REGULATION_OF_ENDOCYTOSIS,3,39,50,1500,2.3076923076923075,0.13784616132080219,Apoe|Dab2|Ptprc,0.7414636214825165
shared,GO_BP,GOBP_REGULATION_OF_ENDOTHELIAL_CELL_DIFFERENTIATION,0,12,50,1500,0.0,1.0,,1.0
shared,GO_BP,GOBP_REGULATION_OF_ENDOTHELIAL_CELL_MIGRATION,2,38,50,1500,1.5789473684210527,0.3640022098915078,Apoe|Mef2c,0.9827433006029385
shared,GO_BP,GOBP_REGULATION_OF_EPITHELIAL_CELL_DIFFERENTIATION,0,37,50,1500,0.0,1.0,,1.0
shared,GO_BP,GOBP_REGULATION_OF_EPITHELIAL_CELL_PROLIFERATION,6,72,50,1500,2.5,0.029393700146628073,Apoe|C5ar1|Cflar|Cxcl12|Dab2|Mef2c,0.3340193198480463
shared,GO_BP,GOBP_REGULATION_OF_EPITHELIAL_TO_MESENCHYMAL_TRANSITION,1,18,50,1500,1.6666666666666667,0.45869546617711976,Dab2,1.0
shared,GO_BP,GOBP_REGULATION_OF_ESTABLISHMENT_OF_PROTEIN_LOCALIZATION,2,54,50,1500,1.1111111111111112,0.5454604803481333,Apoe|Ctsd,1.0
shared,GO_BP,GOBP_REGULATION_OF_EXOCYTOSIS,0,30,50,1500,0.0,1.0,,1.0
shared,GO_BP,GOBP_REGULATION_OF_EXTENT_OF_CELL_GROWTH,2,21,50,1500,2.857142857142857,0.15314117104382513,Apoe|Cxcl12,0.7778565760862105
shared,GO_BP,GOBP_REGULATION_OF_EXTRACELLULAR_MATRIX_ORGANIZATION,1,13,50,1500,2.3076923076923075,0.3575867388571701,Cflar,0.9827433006029385
shared,GO_BP,GOBP_REGULATION_OF_EXTRINSIC_APOPTOTIC_SIGNALING_PATHWAY,4,26,50,1500,4.615384615384615,0.009504907071487278,Cflar|Dab2|Ptprc|Tnfsf12,0.187216675075421
shared,GO_BP,GOBP_REGULATION_OF_EXTRINSIC_APOPTOTIC_SIGNALING_PATHWAY_VIA_DEATH_DOMAIN_RECEPTORS,1,11,50,1500,2.7272727272727275,0.31215205147852715,Cflar,0.9827433006029385
shared,GO_BP,GOBP_REGULATION_OF_FATTY_ACID_METABOLIC_PROCESS,0,18,50,1500,0.0,1.0,,1.0
shared,GO_BP,GOBP_REGULATION_OF_FAT_CELL_DIFFERENTIATION,0,23,50,1500,0.0,1.0,,1.0
shared,GO_BP,GOBP_REGULATION_OF_FIBROBLAST_PROLIFERATION,0,19,50,1500,0.0,1.0,,1.0
shared,GO_BP,GOBP_REGULATION_OF_FILOPODIUM_ASSEMBLY,0,10,50,1500,0.0,1.0,,1.0
shared,GO_BP,GOBP_REGULATION_OF_GENERATION_OF_PRECURSOR_METABOLITES_AND_ENERGY,0,11,50,1500,0.0,1.0,,1.0
shared,GO_BP,GOBP_REGULATION_OF_GLIAL_CELL_DIFFERENTIATION,0,22,50,1500,0.0,1.0,,1.0
shared,GO_BP,GOBP_REGULATION_OF_GLIAL_CELL_MIGRATION,0,11,50,1500,0.0,1.0,,1.0
shared,GO_BP,GOBP_REGULATION_OF_GLIOGENESIS,0,28,50,1500,0.0,1.0,,1.0
shared,GO_BP,GOBP_REGULATION_OF_GRANULOCYTE_CHEMOTAXIS,1,15,50,1500,2.0,0.4000764265660914,C5ar1,0.9873222282690042
shared,GO_BP,GOBP_REGULATION_OF_GROWTH,6,83,50,1500,2.1686746987951806,0.053719944407053494,Apoe|Bst2|Cxcl12|Dab2|Mef2c|Mt1,0.4413019283459168
shared,GO_BP,GOBP_REGULATION_OF_GTPASE_ACTIVITY,0,13,50,1500,0.0,1.0,,1.0
shared,GO_BP,GOBP_REGULATION_OF_G_PROTEIN_COUPLED_RECEPTOR_SIGNALING_PATHWAY,0,28,50,1500,0.0,1.0,,1.0
shared,GO_BP,GOBP_REGULATION_OF_HEART_CONTRACTION,0,34,50,1500,0.0,1.0,,1.0
shared,GO_BP,GOBP_REGULATION_OF_HEART_GROWTH,1,16,50,1500,1.875,0.4202758734830577,Mef2c,0.9912166827430607
shared,GO_BP,GOBP_REGULATION_OF_HEART_RATE,0,17,50,1500,0.0,1.0,,1.0
shared,GO_BP,GOBP_REGULATION_OF_HEMOPOIESIS,6,60,50,1500,3.0,0.012781846395349572,Lgals1|Lilrb4a|Mef2c|Pf4|Ptprc|Tyrobp,0.20770500392443053
shared,GO_BP,GOBP_REGULATION_OF_HORMONE_LEVELS,1,77,50,1500,0.3896103896103896,0.9314440252939263,Dab2,1.0
shared,GO_BP,GOBP_REGULATION_OF_HORMONE_SECRETION,1,41,50,1500,0.7317073170731707,0.755653168747937,Dab2,1.0
shared,GO_BP,GOBP_REGULATION_OF_HYDROLASE_ACTIVITY,2,38,50,1500,1.5789473684210527,0.3640022098915078,Mef2c|Psmb8,0.9827433006029385
shared,GO_BP,GOBP_REGULATION_OF_IMMUNE_EFFECTOR_PROCESS,7,55,50,1500,3.8181818181818183,0.0017735741002462243,Bst2|Laptm5|Lgals1|Lilrb4a|Pf4|Ptprc|Tyrobp,0.07922022172398914
shared,GO_BP,GOBP_REGULATION_OF_IMMUNE_RESPONSE,12,91,50,1500,3.956043956043956,2.167072729276178e-05,Apoe|C1qa|C5ar1|Laptm5|Lgals1|Lilrb4a|Mef2c|Pf4|Pik3ap1|Ptprc|Tec|Tyrobp,0.0072631617787326805
shared,GO_BP,GOBP_REGULATION_OF_IMMUNE_SYSTEM_PROCESS,14,185,50,1500,2.27027027027027,0.0019012853213757393,Apoe|Bst2|C1qa|C5ar1|Cxcl12|Laptm5|Lgals1|Lilrb4a|Mef2c|Pf4|Pik3ap1|Ptprc|Tec|Tyrobp,0.07922022172398914
shared,GO_BP,GOBP_REGULATION_OF_INFLAMMATORY_RESPONSE,5,58,50,1500,2.586206896551724,0.0405610319953655,Apoe|Ctss|Lgals1|Pf4|Pik3ap1,0.38360146767805353
shared,GO_BP,GOBP_REGULATION_OF_INNATE_IMMUNE_RESPONSE,3,40,50,1500,2.25,0.1456779707612884,Apoe|Pik3ap1|Tyrobp,0.756315343409245
shared,GO_BP,GOBP_REGULATION_OF_INSULIN_RECEPTOR_SIGNALING_PATHWAY,1,11,50,1500,2.7272727272727275,0.31215205147852715,Ctsd,0.9827433006029385
shared,GO_BP,GOBP_REGULATION_OF_INSULIN_SECRETION,0,25,50,1500,0.0,1.0,,1.0
shared,GO_BP,GOBP_REGULATION_OF_INTRACELLULAR_PROTEIN_TRANSPORT,0,14,50,1500,0.0,1.0,,1.0
shared,GO_BP,GOBP_REGULATION_OF_INTRACELLULAR_TRANSPORT,1,25,50,1500,1.2,0.5745095173169409,Dab2,1.0
shared,GO_BP,GOBP_REGULATION_OF_INTRINSIC_APOPTOTIC_SIGNALING_PATHWAY,1,12,50,1500,2.5,0.33524969917904673,Cxcl12,0.9827433006029385
shared,GO_BP,GOBP_REGULATION_OF_JNK_CASCADE,1,15,50,1500,2.0,0.4000764265660914,Dab2,0.9873222282690042
shared,GO_BP,GOBP_REGULATION_OF_KETONE_METABOLIC_PROCESS,1,21,50,1500,1.4285714285714286,0.5116902720131731,Dab2,1.0
shared,GO_BP,GOBP_REGULATION_OF_KINASE_ACTIVITY,3,58,50,1500,1.5517241379310345,0.304369224763557,Apoe|Lilrb4a|Ptprc,0.9827433006029385
shared,GO_BP,GOBP_REGULATION_OF_LEUKOCYTE_ADHESION_TO_VASCULAR_ENDOTHELIAL_CELL,1,10,50,1500,3.0,0.2882684421548648,Cxcl12,0.9827433006029385
shared,GO_BP,GOBP_REGULATION_OF_LEUKOCYTE_APOPTOTIC_PROCESS,2,18,50,1500,3.3333333333333335,0.11872751053120777,Cxcl12|Mef2c,0.6865914754918598
shared,GO_BP,GOBP_REGULATION_OF_LEUKOCYTE_CHEMOTAXIS,2,29,50,1500,2.0689655172413794,0.25147901761228364,C5ar1|Cxcl12,0.9827433006029385
shared,GO_BP,GOBP_REGULATION_OF_LEUKOCYTE_DIFFERENTIATION,5,47,50,1500,3.1914893617021276,0.01788387116518451,Lgals1|Lilrb4a|Pf4|Ptprc|Tyrobp,0.24838709951645155
shared,GO_BP,GOBP_REGULATION_OF_LEUKOCYTE_MEDIATED_IMMUNITY,4,27,50,1500,4.444444444444445,0.010886994050722444,Bst2|Lilrb4a|Ptprc|Tyrobp,0.1987793857575727
shared,GO_BP,GOBP_REGULATION_OF_LEUKOCYTE_MIGRATION,2,44,50,1500,1.3636363636363638,0.4358505956229922,C5ar1|Cxcl12,1.0
shared,GO_BP,GOBP_REGULATION_OF_LEUKOCYTE_PROLIFERATION,6,46,50,1500,3.913043478260869,0.003417859175925551,Csf2rb2|Laptm5|Lilrb4a|Mef2c|Ptprc|Tyrobp,0.10746502652417324
shared,GO_BP,GOBP_REGULATION_OF_LIPID_BIOSYNTHETIC_PROCESS,2,30,50,1500,2.0,0.26406742974514547,Apoe|Dab2,0.9827433006029385
shared,GO_BP,GOBP_REGULATION_OF_LIPID_LOCALIZATION,2,26,50,1500,2.3076923076923075,0.21392436250078883,Apoe|Dab2,0.9319761100905679
shared,GO_BP,GOBP_REGULATION_OF_LIPID_METABOLIC_PROCESS,2,46,50,1500,1.3043478260869565,0.4588829057877858,Apoe|Dab2,1.0
shared,GO_BP,GOBP_REGULATION_OF_LIPID_TRANSPORT,2,23,50,1500,2.608695652173913,0.17706049687331893,Apoe|Dab2,0.8462450218210096
shared,GO_BP,GOBP_REGULATION_OF_LOCOMOTION,7,195,50,1500,1.0769230769230769,0.47996700929131597,Apoe|Bst2|C5ar1|Cxcl12|Dab2|Mef2c|Ptprc,1.0
shared,GO_BP,GOBP_REGULATION_OF_LONG_TERM_NEURONAL_SYNAPTIC_PLASTICITY,0,12,50,1500,0.0,1.0,,1.0
shared,GO_BP,GOBP_REGULATION_OF_LONG_TERM_SYNAPTIC_POTENTIATION,3,10,50,1500,9.0,0.0035480063258161673,Apoe|Nrgn|Tyrobp,0.10746502652417324
shared,GO_BP,GOBP_REGULATION_OF_LYMPHOCYTE_ACTIVATION,7,66,50,1500,3.1818181818181817,0.005131946985300644,Laptm5|Lgals1|Lilrb4a|Mef2c|Pf4|Ptprc|Tyrobp,0.13030334142364916
shared,GO_BP,GOBP_REGULATION_OF_LYMPHOCYTE_APOPTOTIC_PROCESS,0,10,50,1500,0.0,1.0,,1.0
shared,GO_BP,GOBP_REGULATION_OF_LYMPHOCYTE_DIFFERENTIATION,4,28,50,1500,4.285714285714286,0.01239328589341737,Lgals1|Lilrb4a|Pf4|Ptprc,0.2057625554930393
shared,GO_BP,GOBP_REGULATION_OF_LYMPHOCYTE_MEDIATED_IMMUNITY,2,17,50,1500,3.5294117647058822,0.10775612872998955,Lilrb4a|Ptprc,0.6508634297460815
shared,GO_BP,GOBP_REGULATION_OF_MACROPHAGE_ACTIVATION,0,13,50,1500,0.0,1.0,,1.0
shared,GO_BP,GOBP_REGULATION_OF_MACROPHAGE_CHEMOTAXIS,1,10,50,1500,3.0,0.2882684421548648,C5ar1,0.9827433006029385
shared,GO_BP,GOBP_REGULATION_OF_MACROPHAGE_MIGRATION,1,13,50,1500,2.3076923076923075,0.3575867388571701,C5ar1,0.9827433006029385
shared,GO_BP,GOBP_REGULATION_OF_MAP_KINASE_ACTIVITY,2,19,50,1500,3.1578947368421053,0.12996801648711176,Apoe|Ptprc,0.7074402780280293
shared,GO_BP,GOBP_REGULATION_OF_MEIOTIC_CELL_CYCLE,0,10,50,1500,0.0,1.0,,1.0
shared,GO_BP,GOBP_REGULATION_OF_MEMBRANE_PERMEABILITY,1,10,50,1500,3.0,0.2882684421548648,Laptm5,0.9827433006029385
shared,GO_BP,GOBP_REGULATION_OF_MEMBRANE_POTENTIAL,1,73,50,1500,0.4109589041095891,0.9209190537787387,Mef2c,1.0
shared,GO_BP,GOBP_REGULATION_OF_MICROTUBULE_BASED_PROCESS,0,26,50,1500,0.0,1.0,,1.0
shared,GO_BP,GOBP_REGULATION_OF_MICROTUBULE_CYTOSKELETON_ORGANIZATION,0,16,50,1500,0.0,1.0,,1.0
shared,GO_BP,GOBP_REGULATION_OF_MICROTUBULE_POLYMERIZATION_OR_DEPOLYMERIZATION,0,11,50,1500,0.0,1.0,,1.0
shared,GO_BP,GOBP_REGULATION_OF_MITOCHONDRION_ORGANIZATION,0,14,50,1500,0.0,1.0,,1.0
shared,GO_BP,GOBP_REGULATION_OF_MITOTIC_CELL_CYCLE,1,57,50,1500,0.5263157894736842,0.8605491527572983,Cul4b,1.0
shared,GO_BP,GOBP_REGULATION_OF_MITOTIC_CELL_CYCLE_PHASE_TRANSITION,1,30,50,1500,1.0,0.6419855589414076,Cul4b,1.0
shared,GO_BP,GOBP_REGULATION_OF_MITOTIC_NUCLEAR_DIVISION,0,16,50,1500,0.0,1.0,,1.0
shared,GO_BP,GOBP_REGULATION_OF_MOLECULAR_FUNCTION,8,183,50,1500,1.3114754098360657,0.2586706326938922,Apoe|Cflar|Ctss|Dab2|Lilrb4a|Mef2c|Psmb8|Ptprc,0.9827433006029385
shared,GO_BP,GOBP_REGULATION_OF_MONOATOMIC_ION_TRANSMEMBRANE_TRANSPORT,1,45,50,1500,0.6666666666666666,0.7874965257547175,Ctss,1.0
shared,GO_BP,GOBP_REGULATION_OF_MONOATOMIC_ION_TRANSPORT,2,69,50,1500,0.8695652173913044,0.6811836404597504,Ctss|Cxcl12,1.0
shared,GO_BP,GOBP_REGULATION_OF_MONONUCLEAR_CELL_MIGRATION,2,25,50,1500,2.4,0.20153398901832625,C5ar1|Cxcl12,0.9071820835312471
shared,GO_BP,GOBP_REGULATION_OF_MORPHOGENESIS_OF_AN_EPITHELIUM,0,10,50,1500,0.0,1.0,,1.0
shared,GO_BP,GOBP_REGULATION_OF_MORPHOGENESIS_OF_A_BRANCHING_STRUCTURE,0,10,50,1500,0.0,1.0,,1.0
shared,GO_BP,GOBP_REGULATION_OF_MRNA_METABOLIC_PROCESS,0,11,50,1500,0.0,1.0,,1.0
shared,GO_BP,GOBP_REGULATION_OF_MULTICELLULAR_ORGANISMAL_DEVELOPMENT,11,242,50,1500,1.3636363636363638,0.1691837536998357,Apoe|C5ar1|Cxcl12|Lgals1|Lilrb4a|Maf|Mef2c|Pf4|Ptprc|Stab1|Tyrobp,0.8280831318139549
shared,GO_BP,GOBP_REGULATION_OF_MULTICELLULAR_ORGANISM_GROWTH,0,10,50,1500,0.0,1.0,,1.0
shared,GO_BP,GOBP_REGULATION_OF_MUSCLE_ADAPTATION,1,16,50,1500,1.875,0.4202758734830577,Mef2c,0.9912166827430607
shared,GO_BP,GOBP_REGULATION_OF_MUSCLE_CELL_DIFFERENTIATION,1,24,50,1500,1.25,0.5595904961849962,Mef2c,1.0
shared,GO_BP,GOBP_REGULATION_OF_MUSCLE_CONTRACTION,0,33,50,1500,0.0,1.0,,1.0
shared,GO_BP,GOBP_REGULATION_OF_MUSCLE_HYPERTROPHY,1,13,50,1500,2.3076923076923075,0.3575867388571701,Mef2c,0.9827433006029385
shared,GO_BP,GOBP_REGULATION_OF_MUSCLE_SYSTEM_PROCESS,1,45,50,1500,0.6666666666666666,0.7874965257547175,Mef2c,1.0
shared,GO_BP,GOBP_REGULATION_OF_MYELOID_CELL_DIFFERENTIATION,4,33,50,1500,3.6363636363636362,0.021911536874291787,Lilrb4a|Mef2c|Pf4|Tyrobp,0.2871471566187432
shared,GO_BP,GOBP_REGULATION_OF_MYELOID_LEUKOCYTE_DIFFERENTIATION,2,23,50,1500,2.608695652173913,0.17706049687331893,Lilrb4a|Tyrobp,0.8462450218210096
shared,GO_BP,GOBP_REGULATION_OF_MYELOID_LEUKOCYTE_MEDIATED_IMMUNITY,1,11,50,1500,2.7272727272727275,0.31215205147852715,Tyrobp,0.9827433006029385
shared,GO_BP,GOBP_REGULATION_OF_MYOBLAST_DIFFERENTIATION,1,12,50,1500,2.5,0.33524969917904673,Mef2c,0.9827433006029385
shared,GO_BP,GOBP_REGULATION_OF_NERVOUS_SYSTEM_DEVELOPMENT,2,93,50,1500,0.6451612903225806,0.8293988287870959,Apoe|Cxcl12,1.0
shared,GO_BP,GOBP_REGULATION_OF_NERVOUS_SYSTEM_PROCESS,0,34,50,1500,0.0,1.0,,1.0
shared,GO_BP,GOBP_REGULATION_OF_NEURAL_PRECURSOR_CELL_PROLIFERATION,0,24,50,1500,0.0,1.0,,1.0
shared,GO_BP,GOBP_REGULATION_OF_NEUROGENESIS,2,81,50,1500,0.7407407407407407,0.7649719046963177,Apoe|Cxcl12,1.0
shared,GO_BP,GOBP_REGULATION_OF_NEURONAL_SYNAPTIC_PLASTICITY,0,24,50,1500,0.0,1.0,,1.0
shared,GO_BP,GOBP_REGULATION_OF_NEURON_APOPTOTIC_PROCESS,6,48,50,1500,3.75,0.0042548488290650565,Apoe|C5ar1|Cflar|Mef2c|Mt1|Ncf2,0.11955301527275199
shared,GO_BP,GOBP_REGULATION_OF_NEURON_DIFFERENTIATION,2,47,50,1500,1.2765957446808511,0.4702033260751992,Cxcl12|Mef2c,1.0
shared,GO_BP,GOBP_REGULATION_OF_NEURON_MIGRATION,0,10,50,1500,0.0,1.0,,1.0
shared,GO_BP,GOBP_REGULATION_OF_NEURON_PROJECTION_DEVELOPMENT,6,99,50,1500,1.8181818181818183,0.10647675713075583,Apoe|Cflar|Cxcl12|Dab2|Lgals1|Mylip,0.6508634297460815
shared,GO_BP,GOBP_REGULATION_OF_NEUROTRANSMITTER_SECRETION,1,20,50,1500,1.5,0.49461650530034706,Mef2c,1.0
shared,GO_BP,GOBP_REGULATION_OF_NEUROTRANSMITTER_TRANSPORT,1,22,50,1500,1.3636363636363638,0.5281983764075895,Mef2c,1.0
shared,GO_BP,GOBP_REGULATION_OF_NEUTROPHIL_MIGRATION,1,11,50,1500,2.7272727272727275,0.31215205147852715,C5ar1,0.9827433006029385
shared,GO_BP,GOBP_REGULATION_OF_NITRIC_OXIDE_METABOLIC_PROCESS,1,14,50,1500,2.142857142857143,0.3791877227557184,Apoe,0.9827433006029385
shared,GO_BP,GOBP_REGULATION_OF_NON_CANONICAL_NF_KAPPAB_SIGNAL_TRANSDUCTION,1,10,50,1500,3.0,0.2882684421548648,Laptm5,0.9827433006029385
shared,GO_BP,GOBP_REGULATION_OF_NOTCH_SIGNALING_PATHWAY,0,17,50,1500,0.0,1.0,,1.0
shared,GO_BP,GOBP_REGULATION_OF_NUCLEAR_DIVISION,0,20,50,1500,0.0,1.0,,1.0
shared,GO_BP,GOBP_REGULATION_OF_NUCLEOCYTOPLASMIC_TRANSPORT,0,13,50,1500,0.0,1.0,,1.0
shared,GO_BP,GOBP_REGULATION_OF_OLIGODENDROCYTE_DIFFERENTIATION,0,15,50,1500,0.0,1.0,,1.0
shared,GO_BP,GOBP_REGULATION_OF_ORGANELLE_ASSEMBLY,0,19,50,1500,0.0,1.0,,1.0
shared,GO_BP,GOBP_REGULATION_OF_ORGANELLE_ORGANIZATION,2,129,50,1500,0.46511627906976744,0.9394031617568893,Bst2|Mef2c,1.0
shared,GO_BP,GOBP_REGULATION_OF_ORGANIC_ACID_TRANSPORT,0,22,50,1500,0.0,1.0,,1.0
shared,GO_BP,GOBP_REGULATION_OF_ORGAN_GROWTH,1,22,50,1500,1.3636363636363638,0.5281983764075895,Mef2c,1.0
shared,GO_BP,GOBP_REGULATION_OF_OSSIFICATION,1,24,50,1500,1.25,0.5595904961849962,Mef2c,1.0
shared,GO_BP,GOBP_REGULATION_OF_OSTEOBLAST_DIFFERENTIATION,1,25,50,1500,1.2,0.5745095173169409,Mef2c,1.0
shared,GO_BP,GOBP_REGULATION_OF_OSTEOCLAST_DIFFERENTIATION,2,13,50,1500,4.615384615384615,0.06720522304156554,Lilrb4a|Tyrobp,0.5072377043232725
shared,GO_BP,GOBP_REGULATION_OF_PATTERN_RECOGNITION_RECEPTOR_SIGNALING_PATHWAY,1,14,50,1500,2.142857142857143,0.3791877227557184,Pik3ap1,0.9827433006029385
shared,GO_BP,GOBP_REGULATION_OF_PEPTIDASE_ACTIVITY,1,11,50,1500,2.7272727272727275,0.31215205147852715,Psmb8,0.9827433006029385
shared,GO_BP,GOBP_REGULATION_OF_PEPTIDE_TRANSPORT,0,30,50,1500,0.0,1.0,,1.0
shared,GO_BP,GOBP_REGULATION_OF_PEPTIDYL_SERINE_PHOSPHORYLATION,0,10,50,1500,0.0,1.0,,1.0
shared,GO_BP,GOBP_REGULATION_OF_PEPTIDYL_TYROSINE_PHOSPHORYLATION,2,35,50,1500,1.7142857142857142,0.32686990772459135,Lilrb4a|Ptprc,0.9827433006029385
shared,GO_BP,GOBP_REGULATION_OF_PHAGOCYTOSIS,1,14,50,1500,2.142857142857143,0.3791877227557184,Ptprc,0.9827433006029385
shared,GO_BP,GOBP_REGULATION_OF_PHOSPHORUS_METABOLIC_PROCESS,5,133,50,1500,1.1278195488721805,0.46017046886322094,Apoe|Dab2|Lilrb4a|Mef2c|Ptprc,1.0
shared,GO_BP,GOBP_REGULATION_OF_PHOSPHORYLATION,4,118,50,1500,1.0169491525423728,0.5640194461142476,Apoe|Dab2|Lilrb4a|Ptprc,1.0
shared,GO_BP,GOBP_REGULATION_OF_PLASMA_LIPOPROTEIN_PARTICLE_LEVELS,2,12,50,1500,5.0,0.05807792677281182,Apoe|Mylip,0.4582722560002672
shared,GO_BP,GOBP_REGULATION_OF_POSTSYNAPSE_ASSEMBLY,0,11,50,1500,0.0,1.0,,1.0
shared,GO_BP,GOBP_REGULATION_OF_POSTSYNAPSE_ORGANIZATION,1,30,50,1500,1.0,0.6419855589414076,Apoe,1.0
shared,GO_BP,GOBP_REGULATION_OF_POSTSYNAPTIC_MEMBRANE_NEUROTRANSMITTER_RECEPTOR_LEVELS,0,25,50,1500,0.0,1.0,,1.0
shared,GO_BP,GOBP_REGULATION_OF_POSTSYNAPTIC_MEMBRANE_POTENTIAL,1,34,50,1500,0.8823529411764706,0.6883105763500479,Mef2c,1.0
shared,GO_BP,GOBP_REGULATION_OF_POST_TRANSLATIONAL_PROTEIN_MODIFICATION,1,18,50,1500,1.6666666666666667,0.45869546617711976,Laptm5,1.0
shared,GO_BP,GOBP_REGULATION_OF_POTASSIUM_ION_TRANSMEMBRANE_TRANSPORT,0,11,50,1500,0.0,1.0,,1.0
shared,GO_BP,GOBP_REGULATION_OF_POTASSIUM_ION_TRANSPORT,0,13,50,1500,0.0,1.0,,1.0
shared,GO_BP,GOBP_REGULATION_OF_PRODUCTION_OF_MOLECULAR_MEDIATOR_OF_IMMUNE_RESPONSE,4,27,50,1500,4.444444444444445,0.010886994050722444,Bst2|Laptm5|Lilrb4a|Ptprc,0.1987793857575727
shared,GO_BP,GOBP_REGULATION_OF_PROGRAMMED_CELL_DEATH,13,193,50,1500,2.0207253886010363,0.00807411757699473,Apoe|C5ar1|Cflar|Ctsd|Cxcl12|Dab2|Laptm5|Lgals1|Mef2c|Mt1|Ncf2|Ptprc|Tnfsf12,0.1695534811124645
shared,GO_BP,GOBP_REGULATION_OF_PROTEASOMAL_PROTEIN_CATABOLIC_PROCESS,2,15,50,1500,4.0,0.08674586941049843,Apoe|Dab2,0.5897993213056901
shared,GO_BP,GOBP_REGULATION_OF_PROTEASOMAL_UBIQUITIN_DEPENDENT_PROTEIN_CATABOLIC_PROCESS,1,10,50,1500,3.0,0.2882684421548648,Dab2,0.9827433006029385
shared,GO_BP,GOBP_REGULATION_OF_PROTEIN_BINDING,1,20,50,1500,1.5,0.49461650530034706,Dab2,1.0
shared,GO_BP,GOBP_REGULATION_OF_PROTEIN_CATABOLIC_PROCESS,5,39,50,1500,3.846153846153846,0.008208121737670805,Apoe|Cul4b|Dab2|Mylip|Tnfsf12,0.1695534811124645
shared,GO_BP,GOBP_REGULATION_OF_PROTEIN_CONTAINING_COMPLEX_ASSEMBLY,1,51,50,1500,0.5882352941176471,0.8277789323376701,Apoe,1.0
shared,GO_BP,GOBP_REGULATION_OF_PROTEIN_CONTAINING_COMPLEX_DISASSEMBLY,0,14,50,1500,0.0,1.0,,1.0
shared,GO_BP,GOBP_REGULATION_OF_PROTEIN_DEPOLYMERIZATION,0,11,50,1500,0.0,1.0,,1.0
shared,GO_BP,GOBP_REGULATION_OF_PROTEIN_IMPORT_INTO_NUCLEUS,0,12,50,1500,0.0,1.0,,1.0
shared,GO_BP,GOBP_REGULATION_OF_PROTEIN_LOCALIZATION_TO_CELL_PERIPHERY,1,21,50,1500,1.4285714285714286,0.5116902720131731,Dab2,1.0
shared,GO_BP,GOBP_REGULATION_OF_PROTEIN_LOCALIZATION_TO_MEMBRANE,1,22,50,1500,1.3636363636363638,0.5281983764075895,Dab2,1.0
shared,GO_BP,GOBP_REGULATION_OF_PROTEIN_LOCALIZATION_TO_NUCLEUS,1,20,50,1500,1.5,0.49461650530034706,Lilrb4a,1.0
shared,GO_BP,GOBP_REGULATION_OF_PROTEIN_LOCALIZATION_TO_PLASMA_MEMBRANE,1,15,50,1500,2.0,0.4000764265660914,Dab2,0.9873222282690042
shared,GO_BP,GOBP_REGULATION_OF_PROTEIN_MODIFICATION_PROCESS,5,130,50,1500,1.153846153846154,0.43968971141133567,Apoe|Dab2|Laptm5|Lilrb4a|Ptprc,1.0
shared,GO_BP,GOBP_REGULATION_OF_PROTEIN_POLYMERIZATION,0,24,50,1500,0.0,1.0,,1.0
shared,GO_BP,GOBP_REGULATION_OF_PROTEIN_SECRETION,1,35,50,1500,0.8571428571428571,0.6989411842507965,Apoe,1.0
shared,GO_BP,GOBP_REGULATION_OF_PROTEIN_SERINE_THREONINE_KINASE_ACTIVITY,2,35,50,1500,1.7142857142857142,0.32686990772459135,Apoe|Ptprc,0.9827433006029385
shared,GO_BP,GOBP_REGULATION_OF_PROTEIN_STABILITY,2,26,50,1500,2.3076923076923075,0.21392436250078883,Mylip|Tyrobp,0.9319761100905679
shared,GO_BP,GOBP_REGULATION_OF_PROTEIN_UBIQUITINATION,1,16,50,1500,1.875,0.4202758734830577,Laptm5,0.9912166827430607
shared,GO_BP,GOBP_REGULATION_OF_PROTEOLYSIS,4,38,50,1500,3.1578947368421053,0.034983200223598375,Apoe|Dab2|Laptm5|Psmb8,0.36675935718288616
shared,GO_BP,GOBP_REGULATION_OF_PROTEOLYSIS_INVOLVED_IN_PROTEIN_CATABOLIC_PROCESS,3,18,50,1500,5.0,0.019985074320243792,Apoe|Dab2|Laptm5,0.2683945931437699
shared,GO_BP,GOBP_REGULATION_OF_REACTIVE_OXYGEN_SPECIES_METABOLIC_PROCESS,3,16,50,1500,5.625,0.014373895602843016,Cflar|Ncf2|Tyrobp,0.2162738921724065
shared,GO_BP,GOBP_REGULATION_OF_RECEPTOR_INTERNALIZATION,1,10,50,1500,3.0,0.2882684421548648,Dab2,0.9827433006029385
shared,GO_BP,GOBP_REGULATION_OF_RECEPTOR_MEDIATED_ENDOCYTOSIS,1,15,50,1500,2.0,0.4000764265660914,Dab2,0.9873222282690042
shared,GO_BP,GOBP_REGULATION_OF_RECEPTOR_SIGNALING_PATHWAY_VIA_STAT,1,15,50,1500,2.0,0.4000764265660914,Ptprc,0.9873222282690042
shared,GO_BP,GOBP_REGULATION_OF_REGULATED_SECRETORY_PATHWAY,0,18,50,1500,0.0,1.0,,1.0
shared,GO_BP,GOBP_REGULATION_OF_RELEASE_OF_SEQUESTERED_CALCIUM_ION_INTO_CYTOSOL,0,10,50,1500,0.0,1.0,,1.0
shared,GO_BP,GOBP_REGULATION_OF_REPRODUCTIVE_PROCESS,0,28,50,1500,0.0,1.0,,1.0
shared,GO_BP,GOBP_REGULATION_OF_RESPONSE_TO_BIOTIC_STIMULUS,3,48,50,1500,1.875,0.2129617728476184,Apoe|Pik3ap1|Tyrobp,0.9319761100905679
shared,GO_BP,GOBP_REGULATION_OF_RESPONSE_TO_CYTOKINE_STIMULUS,2,20,50,1500,3.0,0.14144844471358778,Laptm5|Ptprc,0.7414636214825165
shared,GO_BP,GOBP_REGULATION_OF_RESPONSE_TO_EXTERNAL_STIMULUS,8,144,50,1500,1.6666666666666667,0.0989156936072056,Apoe|C5ar1|Ctss|Cxcl12|Lgals1|Pf4|Pik3ap1|Tyrobp,0.6278828207488637
shared,GO_BP,GOBP_REGULATION_OF_RESPONSE_TO_STRESS,8,142,50,1500,1.6901408450704225,0.09284973009835061,Apoe|Ctss|Cxcl12|Lgals1|Mef2c|Pf4|Pik3ap1|Tyrobp,0.6209086889292994
shared,GO_BP,GOBP_REGULATION_OF_RESPONSE_TO_WOUNDING,1,32,50,1500,0.9375,0.6659340944396241,Apoe,1.0
shared,GO_BP,GOBP_REGULATION_OF_RHO_PROTEIN_SIGNAL_TRANSDUCTION,1,13,50,1500,2.3076923076923075,0.3575867388571701,Apoe,0.9827433006029385
shared,GO_BP,GOBP_REGULATION_OF_SECRETION,4,96,50,1500,1.25,0.3994180946065767,Apoe|Cxcl12|Dab2|Mef2c,0.9873222282690042
shared,GO_BP,GOBP_REGULATION_OF_SIGNALING_RECEPTOR_ACTIVITY,1,15,50,1500,2.0,0.4000764265660914,Lilrb4a,0.9873222282690042
shared,GO_BP,GOBP_REGULATION_OF_SIGNAL_TRANSDUCTION_BY_P53_CLASS_MEDIATOR,0,10,50,1500,0.0,1.0,,1.0
shared,GO_BP,GOBP_REGULATION_OF_SISTER_CHROMATID_SEGREGATION,0,10,50,1500,0.0,1.0,,1.0
shared,GO_BP,GOBP_REGULATION_OF_SMALL_GTPASE_MEDIATED_SIGNAL_TRANSDUCTION,1,34,50,1500,0.8823529411764706,0.6883105763500479,Apoe,1.0
shared,GO_BP,GOBP_REGULATION_OF_SMALL_MOLECULE_METABOLIC_PROCESS,2,41,50,1500,1.4634146341463414,0.40039713749493766,Apoe|Dab2,0.9873222282690042
shared,GO_BP,GOBP_REGULATION_OF_SMOOTH_MUSCLE_CONTRACTION,0,17,50,1500,0.0,1.0,,1.0
shared,GO_BP,GOBP_REGULATION_OF_SODIUM_ION_TRANSPORT,0,14,50,1500,0.0,1.0,,1.0
shared,GO_BP,GOBP_REGULATION_OF_STEM_CELL_PROLIFERATION,1,19,50,1500,1.5789473684210527,0.4769581022710094,Ptprc,1.0
shared,GO_BP,GOBP_REGULATION_OF_STEROID_METABOLIC_PROCESS,2,10,50,1500,6.0,0.04131092728840577,Apoe|Dab2,0.38360146767805353
shared,GO_BP,GOBP_REGULATION_OF_STRIATED_MUSCLE_CELL_DIFFERENTIATION,1,16,50,1500,1.875,0.4202758734830577,Mef2c,0.9912166827430607
shared,GO_BP,GOBP_REGULATION_OF_STRIATED_MUSCLE_CONTRACTION,0,16,50,1500,0.0,1.0,,1.0
shared,GO_BP,GOBP_REGULATION_OF_SUBSTRATE_ADHESION_DEPENDENT_CELL_SPREADING,1,12,50,1500,2.5,0.33524969917904673,Dab2,0.9827433006029385
shared,GO_BP,GOBP_REGULATION_OF_SUPRAMOLECULAR_FIBER_ORGANIZATION,2,53,50,1500,1.1320754716981132,0.535155658992266,Apoe|Mef2c,1.0
shared,GO_BP,GOBP_REGULATION_OF_SYNAPSE_ASSEMBLY,1,30,50,1500,1.0,0.6419855589414076,Mef2c,1.0
shared,GO_BP,GOBP_REGULATION_OF_SYNAPSE_STRUCTURE_OR_ACTIVITY,3,59,50,1500,1.5254237288135595,0.31371481999432677,Apoe|Mef2c|Sparcl1,0.9827433006029385
shared,GO_BP,GOBP_REGULATION_OF_SYNAPTIC_PLASTICITY,4,55,50,1500,2.181818181818182,0.1071421246676448,Apoe|Mef2c|Nrgn|Tyrobp,0.6508634297460815
shared,GO_BP,GOBP_REGULATION_OF_SYNAPTIC_TRANSMISSION_GLUTAMATERGIC,1,21,50,1500,1.4285714285714286,0.5116902720131731,Mef2c,1.0
shared,GO_BP,GOBP_REGULATION_OF_SYSTEMIC_ARTERIAL_BLOOD_PRESSURE,1,22,50,1500,1.3636363636363638,0.5281983764075895,Ttr,1.0
shared,GO_BP,GOBP_REGULATION_OF_SYSTEM_PROCESS,4,102,50,1500,1.1764705882352942,0.4459635326567103,Apoe|Dab2|Mef2c|Ttr,1.0
shared,GO_BP,GOBP_REGULATION_OF_TISSUE_REMODELING,0,17,50,1500,0.0,1.0,,1.0
shared,GO_BP,GOBP_REGULATION_OF_TRANSFERASE_ACTIVITY,3,59,50,1500,1.5254237288135595,0.31371481999432677,Apoe|Lilrb4a|Ptprc,0.9827433006029385
shared,GO_BP,GOBP_REGULATION_OF_TRANSLATION,0,13,50,1500,0.0,1.0,,1.0
shared,GO_BP,GOBP_REGULATION_OF_TRANSMEMBRANE_RECEPTOR_PROTEIN_SERINE_THREONINE_KINASE_SIGNALING_PATHWAY,1,36,50,1500,0.8333333333333334,0.7092162291569126,Dab2,1.0
shared,GO_BP,GOBP_REGULATION_OF_TRANSMEMBRANE_TRANSPORT,1,67,50,1500,0.44776119402985076,0.9021004487597856,Ctss,1.0
shared,GO_BP,GOBP_REGULATION_OF_TRANSPORT,6,223,50,1500,0.8071748878923767,0.7774858117204244,Apoe|Ctss|Cxcl12|Dab2|Mef2c|Ptprc,1.0
shared,GO_BP,GOBP_REGULATION_OF_TRANSPORTER_ACTIVITY,1,30,50,1500,1.0,0.6419855589414076,Ctss,1.0
shared,GO_BP,GOBP_REGULATION_OF_TRANS_SYNAPTIC_SIGNALING,5,113,50,1500,1.3274336283185841,0.3226921737700444,Apoe|Mef2c|Nrgn|Slc6a6|Tyrobp,0.9827433006029385
shared,GO_BP,GOBP_REGULATION_OF_TUBE_SIZE,1,39,50,1500,0.7692307692307692,0.7380227031427208,Apoe,1.0
shared,GO_BP,GOBP_REGULATION_OF_T_CELL_ACTIVATION,5,50,50,1500,3.0,0.02291150058023974,Laptm5|Lgals1|Lilrb4a|Pf4|Ptprc,0.2920365588937131
shared,GO_BP,GOBP_REGULATION_OF_T_CELL_PROLIFERATION,3,29,50,1500,3.103448275862069,0.06929647406754862,Laptm5|Lilrb4a|Ptprc,0.5072377043232725
shared,GO_BP,GOBP_REGULATION_OF_UBIQUITIN_DEPENDENT_PROTEIN_CATABOLIC_PROCESS,2,11,50,1500,5.454545454545455,0.04943234891824236,Dab2|Laptm5,0.41405962367084453
shared,GO_BP,GOBP_REGULATION_OF_VASCULAR_PERMEABILITY,1,14,50,1500,2.142857142857143,0.3791877227557184,Apoe,0.9827433006029385
shared,GO_BP,GOBP_REGULATION_OF_VASCULATURE_DEVELOPMENT,4,65,50,1500,1.8461538461538463,0.16752770205961204,C5ar1|Cxcl12|Pf4|Stab1,0.822454730655195
shared,GO_BP,GOBP_REGULATION_OF_VASOCONSTRICTION,0,15,50,1500,0.0,1.0,,1.0
shared,GO_BP,GOBP_REGULATION_OF_VESICLE_FUSION,0,12,50,1500,0.0,1.0,,1.0
shared,GO_BP,GOBP_REGULATION_OF_VESICLE_MEDIATED_TRANSPORT,3,74,50,1500,1.2162162162162162,0.45251749134404146,Apoe|Dab2|Ptprc,1.0
shared,GO_BP,GOBP_REGULATION_OF_VIRAL_GENOME_REPLICATION,2,11,50,1500,5.454545454545455,0.04943234891824236,Bst2|Ifitm3,0.41405962367084453
shared,GO_BP,GOBP_REGULATION_OF_VIRAL_LIFE_CYCLE,3,14,50,1500,6.428571428571429,0.009792872234714329,Bst2|Ifitm3|Lgals1,0.187216675075421
shared,GO_BP,GOBP_REGULATION_OF_VIRAL_PROCESS,3,15,50,1500,6.0,0.011956460152065383,Bst2|Ifitm3|Lgals1,0.2057625554930393
shared,GO_BP,GOBP_REGULATION_OF_WNT_SIGNALING_PATHWAY,2,33,50,1500,1.8181818181818181,0.301829565218506,Apoe|Dab2,0.9827433006029385
shared,GO_BP,GOBP_REGULATION_OF_WOUND_HEALING,1,23,50,1500,1.3043478260869565,0.5441591891136924,Apoe,1.0
shared,GO_BP,GOBP_RENAL_SYSTEM_DEVELOPMENT,2,63,50,1500,0.9523809523809523,0.6311562472382795,Cflar|Mef2c,1.0
shared,GO_BP,GOBP_RENAL_SYSTEM_PROCESS,2,13,50,1500,4.615384615384615,0.06720522304156554,Dab2|Ttr,0.5072377043232725
shared,GO_BP,GOBP_RENAL_SYSTEM_VASCULATURE_DEVELOPMENT,1,11,50,1500,2.7272727272727275,0.31215205147852715,Cflar,0.9827433006029385
shared,GO_BP,GOBP_RENAL_TUBULE_DEVELOPMENT,1,16,50,1500,1.875,0.4202758734830577,Mef2c,0.9912166827430607
shared,GO_BP,GOBP_RENAL_TUBULE_MORPHOGENESIS,1,13,50,1500,2.3076923076923075,0.3575867388571701,Mef2c,0.9827433006029385
shared,GO_BP,GOBP_REPRODUCTIVE_PROCESS,2,173,50,1500,0.3468208092485549,0.984795835628128,Cxcl12|Junb,1.0
shared,GO_BP,GOBP_REPRODUCTIVE_SYSTEM_DEVELOPMENT,0,48,50,1500,0.0,1.0,,1.0
shared,GO_BP,GOBP_RESPIRATORY_GASEOUS_EXCHANGE_BY_RESPIRATORY_SYSTEM,0,12,50,1500,0.0,1.0,,1.0
shared,GO_BP,GOBP_RESPIRATORY_SYSTEM_DEVELOPMENT,1,45,50,1500,0.6666666666666666,0.7874965257547175,Ctsd,1.0
shared,GO_BP,GOBP_RESPONSE_TO_ABIOTIC_STIMULUS,7,161,50,1500,1.3043478260869565,0.28517697842330725,Ctss|Cul4b|Cxcl12|Ptprc|Ttr|mt-Co2|mt-Nd4,0.9827433006029385
shared,GO_BP,GOBP_RESPONSE_TO_ACID_CHEMICAL,0,31,50,1500,0.0,1.0,,1.0
shared,GO_BP,GOBP_RESPONSE_TO_ACTIVITY,0,17,50,1500,0.0,1.0,,1.0
shared,GO_BP,GOBP_RESPONSE_TO_ALCOHOL,2,37,50,1500,1.6216216216216215,0.3516951994318052,Pf4|mt-Nd4,0.9827433006029385
shared,GO_BP,GOBP_RESPONSE_TO_ALKALOID,0,23,50,1500,0.0,1.0,,1.0
shared,GO_BP,GOBP_RESPONSE_TO_AMINE,0,11,50,1500,0.0,1.0,,1.0
shared,GO_BP,GOBP_RESPONSE_TO_AMYLOID_BETA,0,12,50,1500,0.0,1.0,,1.0
shared,GO_BP,GOBP_RESPONSE_TO_ANGIOTENSIN,0,10,50,1500,0.0,1.0,,1.0
shared,GO_BP,GOBP_RESPONSE_TO_AUDITORY_STIMULUS,0,10,50,1500,0.0,1.0,,1.0
shared,GO_BP,GOBP_RESPONSE_TO_AXON_INJURY,2,20,50,1500,3.0,0.14144844471358778,Apoe|Tyrobp,0.7414636214825165
shared,GO_BP,GOBP_RESPONSE_TO_BACTERIUM,10,101,50,1500,2.9702970297029703,0.0012996553700295355,C5ar1|Cd52|Cflar|Lilrb4a|Lyz2|Mef2c|Mrc1|Ncf2|Pf4|Stab1,0.06555136997910051
shared,GO_BP,GOBP_RESPONSE_TO_BIOTIC_STIMULUS,21,177,50,1500,3.559322033898305,3.297469860473499e-08,Apoe|Bst2|C1qa|C5ar1|Cd52|Cflar|Cxcl12|Ifi27l2a|Ifitm3|Laptm5|Lilrb4a|Ly6e|Lyz2|Mef2c|Mrc1|Ncf2|Pf4|Pik3ap1|Ptprc|Stab1|Tyrobp,5.3583885232694356e-05
shared,GO_BP,GOBP_RESPONSE_TO_BMP,0,28,50,1500,0.0,1.0,,1.0
shared,GO_BP,GOBP_RESPONSE_TO_CADMIUM_ION,1,11,50,1500,2.7272727272727275,0.31215205147852715,Mt1,0.9827433006029385
shared,GO_BP,GOBP_RESPONSE_TO_CALCIUM_ION,3,29,50,1500,3.103448275862069,0.06929647406754862,Cpne2|Junb|Mef2c,0.5072377043232725
shared,GO_BP,GOBP_RESPONSE_TO_CAMP,0,14,50,1500,0.0,1.0,,1.0
shared,GO_BP,GOBP_RESPONSE_TO_CARBOHYDRATE,1,35,50,1500,0.8571428571428571,0.6989411842507965,Ncf2,1.0
shared,GO_BP,GOBP_RESPONSE_TO_CHEMOKINE,1,11,50,1500,2.7272727272727275,0.31215205147852715,Cxcl12,0.9827433006029385
shared,GO_BP,GOBP_RESPONSE_TO_COCAINE,0,15,50,1500,0.0,1.0,,1.0
shared,GO_BP,GOBP_RESPONSE_TO_COPPER_ION,1,12,50,1500,2.5,0.33524969917904673,Mt1,0.9827433006029385
shared,GO_BP,GOBP_RESPONSE_TO_CORTICOSTEROID,1,27,50,1500,1.1111111111111112,0.60287685419108,Pf4,1.0
shared,GO_BP,GOBP_RESPONSE_TO_DECREASED_OXYGEN_LEVELS,2,62,50,1500,0.9677419354838709,0.6222676450712645,mt-Co2|mt-Nd4,1.0
shared,GO_BP,GOBP_RESPONSE_TO_ENDOGENOUS_STIMULUS,9,219,50,1500,1.2328767123287672,0.30061904344447193,Apoe|Cflar|Ctsd|Dab2|Junb|Mef2c|Mylip|Ncf2|Pf4,0.9827433006029385
shared,GO_BP,GOBP_RESPONSE_TO_ENDOPLASMIC_RETICULUM_STRESS,0,17,50,1500,0.0,1.0,,1.0
shared,GO_BP,GOBP_RESPONSE_TO_ESTRADIOL,0,16,50,1500,0.0,1.0,,1.0
shared,GO_BP,GOBP_RESPONSE_TO_ESTROGEN,0,14,50,1500,0.0,1.0,,1.0
shared,GO_BP,GOBP_RESPONSE_TO_ETHANOL,1,20,50,1500,1.5,0.49461650530034706,mt-Nd4,1.0
shared,GO_BP,GOBP_RESPONSE_TO_FATTY_ACID,0,11,50,1500,0.0,1.0,,1.0
shared,GO_BP,GOBP_RESPONSE_TO_FIBROBLAST_GROWTH_FACTOR,0,34,50,1500,0.0,1.0,,1.0
shared,GO_BP,GOBP_RESPONSE_TO_GROWTH_FACTOR,3,124,50,1500,0.7258064516129031,0.7980955550459157,Cflar|Dab2|Mef2c,1.0
shared,GO_BP,GOBP_RESPONSE_TO_HEAT,0,16,50,1500,0.0,1.0,,1.0
shared,GO_BP,GOBP_RESPONSE_TO_HORMONE,6,135,50,1500,1.3333333333333333,0.29100077671755753,Ctsd|Dab2|Junb|Mef2c|Ncf2|Pf4,0.9827433006029385
shared,GO_BP,GOBP_RESPONSE_TO_HYDROGEN_PEROXIDE,0,15,50,1500,0.0,1.0,,1.0
shared,GO_BP,GOBP_RESPONSE_TO_INSULIN,1,44,50,1500,0.6818181818181819,0.7799395031997644,Ctsd,1.0
shared,GO_BP,GOBP_RESPONSE_TO_INTERFERON_BETA,2,13,50,1500,4.615384615384615,0.06720522304156554,Bst2|Ifitm3,0.5072377043232725
shared,GO_BP,GOBP_RESPONSE_TO_INTERLEUKIN_1,0,14,50,1500,0.0,1.0,,1.0
shared,GO_BP,GOBP_RESPONSE_TO_IONIZING_RADIATION,1,14,50,1500,2.142857142857143,0.3791877227557184,Ptprc,0.9827433006029385
shared,GO_BP,GOBP_RESPONSE_TO_ISCHEMIA,1,12,50,1500,2.5,0.33524969917904673,Mef2c,0.9827433006029385
shared,GO_BP,GOBP_RESPONSE_TO_KETONE,2,31,50,1500,1.9354838709677418,0.27666470071835436,Cflar|Pf4,0.9827433006029385
shared,GO_BP,GOBP_RESPONSE_TO_LEUKEMIA_INHIBITORY_FACTOR,1,15,50,1500,2.0,0.4000764265660914,Laptm5,0.9873222282690042
shared,GO_BP,GOBP_RESPONSE_TO_LIGHT_STIMULUS,2,37,50,1500,1.6216216216216215,0.3516951994318052,Cul4b|Ttr,0.9827433006029385
shared,GO_BP,GOBP_RESPONSE_TO_LIPID,8,122,50,1500,1.9672131147540985,0.04460886661746644,Cflar|Dab2|Junb|Lilrb4a|Mef2c|Mrc1|Ncf2|Pf4,0.40502846717177815
shared,GO_BP,GOBP_RESPONSE_TO_MACROPHAGE_COLONY_STIMULATING_FACTOR,0,21,50,1500,0.0,1.0,,1.0
shared,GO_BP,GOBP_RESPONSE_TO_MECHANICAL_STIMULUS,1,46,50,1500,0.6521739130434783,0.7947990506428715,Cxcl12,1.0
shared,GO_BP,GOBP_RESPONSE_TO_METAL_ION,4,64,50,1500,1.875,0.16099743971308023,Cpne2|Junb|Mef2c|Mt1,0.8063896474766488
shared,GO_BP,GOBP_RESPONSE_TO_MOLECULE_OF_BACTERIAL_ORIGIN,6,52,50,1500,3.4615384615384612,0.006373798621755152,C5ar1|Lilrb4a|Mef2c|Mrc1|Ncf2|Pf4,0.14385309389377948
shared,GO_BP,GOBP_RESPONSE_TO_NERVE_GROWTH_FACTOR,0,11,50,1500,0.0,1.0,,1.0
shared,GO_BP,GOBP_RESPONSE_TO_NICOTINE,1,11,50,1500,2.7272727272727275,0.31215205147852715,mt-Nd4,0.9827433006029385
shared,GO_BP,GOBP_RESPONSE_TO_NITROGEN_COMPOUND,7,154,50,1500,1.3636363636363635,0.24759540081017029,Apoe|C5ar1|Cflar|Ctsd|Ly6e|Mef2c|Mylip,0.9827433006029385
shared,GO_BP,GOBP_RESPONSE_TO_NUTRIENT,1,28,50,1500,1.0714285714285714,0.616356933817995,Maf,1.0
shared,GO_BP,GOBP_RESPONSE_TO_NUTRIENT_LEVELS,2,68,50,1500,0.8823529411764706,0.673235482496898,Apoe|Maf,1.0
shared,GO_BP,GOBP_RESPONSE_TO_ORGANOPHOSPHORUS,0,20,50,1500,0.0,1.0,,1.0
shared,GO_BP,GOBP_RESPONSE_TO_OSMOTIC_STRESS,0,11,50,1500,0.0,1.0,,1.0
shared,GO_BP,GOBP_RESPONSE_TO_OXIDATIVE_STRESS,2,46,50,1500,1.3043478260869565,0.4588829057877858,Apoe|Gpx3,1.0
shared,GO_BP,GOBP_RESPONSE_TO_OXYGEN_LEVELS,2,65,50,1500,0.9230769230769231,0.6484589165006058,mt-Co2|mt-Nd4,1.0
shared,GO_BP,GOBP_RESPONSE_TO_PAIN,0,13,50,1500,0.0,1.0,,1.0
shared,GO_BP,GOBP_RESPONSE_TO_PEPTIDE,8,129,50,1500,1.8604651162790697,0.058961857601757456,Bst2|Csf2rb2|Cxcl12|Ifitm3|Laptm5|Mrc1|Pf4|Ptprc,0.4606395125137301
shared,GO_BP,GOBP_RESPONSE_TO_PEPTIDE_HORMONE,1,71,50,1500,0.4225352112676056,0.9150782745587396,Ctsd,1.0
shared,GO_BP,GOBP_RESPONSE_TO_PROGESTERONE,0,10,50,1500,0.0,1.0,,1.0
shared,GO_BP,GOBP_RESPONSE_TO_PURINE_CONTAINING_COMPOUND,0,22,50,1500,0.0,1.0,,1.0
shared,GO_BP,GOBP_RESPONSE_TO_RADIATION,3,49,50,1500,1.836734693877551,0.22183535858597545,Cul4b|Ptprc|Ttr,0.9612865538725602
shared,GO_BP,GOBP_RESPONSE_TO_REACTIVE_OXYGEN_SPECIES,0,29,50,1500,0.0,1.0,,1.0
shared,GO_BP,GOBP_RESPONSE_TO_RETINOIC_ACID,1,15,50,1500,2.0,0.4000764265660914,Mef2c,0.9873222282690042
shared,GO_BP,GOBP_RESPONSE_TO_STARVATION,0,19,50,1500,0.0,1.0,,1.0
shared,GO_BP,GOBP_RESPONSE_TO_STEM_CELL_FACTOR,0,19,50,1500,0.0,1.0,,1.0
shared,GO_BP,GOBP_RESPONSE_TO_STEROID_HORMONE,3,44,50,1500,2.0454545454545454,0.17839486825642273,Dab2|Junb|Pf4,0.8476364354289092
shared,GO_BP,GOBP_RESPONSE_TO_TEMPERATURE_STIMULUS,1,22,50,1500,1.3636363636363638,0.5281983764075895,Cxcl12,1.0
shared,GO_BP,GOBP_RESPONSE_TO_TOXIC_SUBSTANCE,3,38,50,1500,2.368421052631579,0.1301690111571574,Apoe|Gpx3|Mt1,0.7074402780280293
shared,GO_BP,GOBP_RESPONSE_TO_TRANSFORMING_GROWTH_FACTOR_BETA,3,38,50,1500,2.368421052631579,0.1301690111571574,Cflar|Dab2|Mef2c,0.7074402780280293
shared,GO_BP,GOBP_RESPONSE_TO_TUMOR_NECROSIS_FACTOR,1,24,50,1500,1.25,0.5595904961849962,Laptm5,1.0
shared,GO_BP,GOBP_RESPONSE_TO_TYPE_II_INTERFERON,3,16,50,1500,5.625,0.014373895602843016,Bst2|Ifitm3|Mrc1,0.2162738921724065
shared,GO_BP,GOBP_RESPONSE_TO_UV,1,14,50,1500,2.142857142857143,0.3791877227557184,Cul4b,0.9827433006029385
shared,GO_BP,GOBP_RESPONSE_TO_VIRUS,4,33,50,1500,3.6363636363636362,0.021911536874291787,Bst2|Ifi27l2a|Ifitm3|Ptprc,0.2871471566187432
shared,GO_BP,GOBP_RESPONSE_TO_VITAMIN,0,16,50,1500,0.0,1.0,,1.0
shared,GO_BP,GOBP_RESPONSE_TO_WOUNDING,7,101,50,1500,2.0792079207920793,0.04617985790237408,Apoe|Cflar|F13a1|Lilrb4a|Pf4|Tec|Tyrobp,0.41405962367084453
shared,GO_BP,GOBP_RESPONSE_TO_XENOBIOTIC_STIMULUS,1,58,50,1500,0.5172413793103449,0.8653811294462346,Mef2c,1.0
shared,GO_BP,GOBP_RETINA_DEVELOPMENT_IN_CAMERA_TYPE_EYE,0,41,50,1500,0.0,1.0,,1.0
shared,GO_BP,GOBP_RETINA_MORPHOGENESIS_IN_CAMERA_TYPE_EYE,0,16,50,1500,0.0,1.0,,1.0
shared,GO_BP,GOBP_RHO_PROTEIN_SIGNAL_TRANSDUCTION,1,16,50,1500,1.875,0.4202758734830577,Apoe,0.9912166827430607
shared,GO_BP,GOBP_RHYTHMIC_PROCESS,0,43,50,1500,0.0,1.0,,1.0
shared,GO_BP,GOBP_RIBONUCLEOTIDE_CATABOLIC_PROCESS,0,12,50,1500,0.0,1.0,,1.0
shared,GO_BP,GOBP_RIBOSE_PHOSPHATE_METABOLIC_PROCESS,1,23,50,1500,1.3043478260869565,0.5441591891136924,mt-Nd4,1.0
shared,GO_BP,GOBP_RNA_PROCESSING,0,16,50,1500,0.0,1.0,,1.0
shared,GO_BP,GOBP_RNA_SPLICING,0,12,50,1500,0.0,1.0,,1.0
shared,GO_BP,GOBP_ROOF_OF_MOUTH_DEVELOPMENT,1,12,50,1500,2.5,0.33524969917904673,Mef2c,0.9827433006029385
shared,GO_BP,GOBP_SARCOMERE_ORGANIZATION,1,13,50,1500,2.3076923076923075,0.3575867388571701,Mef2c,0.9827433006029385
shared,GO_BP,GOBP_SECRETION,6,147,50,1500,1.2244897959183672,0.3647737631880828,Apoe|Cxcl12|Dab2|Ly6e|Mef2c|mt-Co2,0.9827433006029385
shared,GO_BP,GOBP_SECRETORY_GRANULE_LOCALIZATION,0,10,50,1500,0.0,1.0,,1.0
shared,GO_BP,GOBP_SEGMENTATION,0,16,50,1500,0.0,1.0,,1.0
shared,GO_BP,GOBP_SEMAPHORIN_PLEXIN_SIGNALING_PATHWAY,2,13,50,1500,4.615384615384615,0.06720522304156554,Mef2c|Tyrobp,0.5072377043232725
shared,GO_BP,GOBP_SENSORY_ORGAN_DEVELOPMENT,1,113,50,1500,0.26548672566371684,0.9813926121016108,Maf,1.0
shared,GO_BP,GOBP_SENSORY_ORGAN_MORPHOGENESIS,0,47,50,1500,0.0,1.0,,1.0
shared,GO_BP,GOBP_SENSORY_PERCEPTION,1,53,50,1500,0.5660377358490566,0.8394633427053331,Cxcl12,1.0
shared,GO_BP,GOBP_SENSORY_PERCEPTION_OF_LIGHT_STIMULUS,0,19,50,1500,0.0,1.0,,1.0
shared,GO_BP,GOBP_SENSORY_PERCEPTION_OF_MECHANICAL_STIMULUS,1,28,50,1500,1.0714285714285714,0.616356933817995,Cxcl12,1.0
shared,GO_BP,GOBP_SENSORY_PERCEPTION_OF_PAIN,1,13,50,1500,2.3076923076923075,0.3575867388571701,Cxcl12,0.9827433006029385
shared,GO_BP,GOBP_SENSORY_SYSTEM_DEVELOPMENT,2,80,50,1500,0.75,0.7587726552622684,C1qa|Maf,1.0
shared,GO_BP,GOBP_SEQUESTERING_OF_CALCIUM_ION,1,15,50,1500,2.0,0.4000764265660914,Ptprc,0.9873222282690042
shared,GO_BP,GOBP_SEXUAL_REPRODUCTION,1,98,50,1500,0.30612244897959184,0.9678288469722423,Cxcl12,1.0
shared,GO_BP,GOBP_SEX_DIFFERENTIATION,0,39,50,1500,0.0,1.0,,1.0
shared,GO_BP,GOBP_SIGNAL_RELEASE,3,88,50,1500,1.0227272727272727,0.5716851175464279,Cxcl12|Dab2|Mef2c,1.0
shared,GO_BP,GOBP_SIGNAL_TRANSDUCTION_BY_P53_CLASS_MEDIATOR,0,15,50,1500,0.0,1.0,,1.0
shared,GO_BP,GOBP_SIGNAL_TRANSDUCTION_IN_RESPONSE_TO_DNA_DAMAGE,0,13,50,1500,0.0,1.0,,1.0
shared,GO_BP,GOBP_SINGLE_FERTILIZATION,0,12,50,1500,0.0,1.0,,1.0
shared,GO_BP,GOBP_SISTER_CHROMATID_SEGREGATION,0,19,50,1500,0.0,1.0,,1.0
shared,GO_BP,GOBP_SKELETAL_MUSCLE_CELL_DIFFERENTIATION,1,12,50,1500,2.5,0.33524969917904673,Mef2c,0.9827433006029385
shared,GO_BP,GOBP_SKELETAL_MUSCLE_ORGAN_DEVELOPMENT,2,30,50,1500,2.0,0.26406742974514547,Cflar|Mef2c,0.9827433006029385
shared,GO_BP,GOBP_SKELETAL_SYSTEM_DEVELOPMENT,4,87,50,1500,1.3793103448275863,0.3289876516066894,Maf|Mef2c|Ptprc|Tyrobp,0.9827433006029385
shared,GO_BP,GOBP_SKELETAL_SYSTEM_MORPHOGENESIS,1,32,50,1500,0.9375,0.6659340944396241,Mef2c,1.0
shared,GO_BP,GOBP_SKIN_DEVELOPMENT,0,33,50,1500,0.0,1.0,,1.0
shared,GO_BP,GOBP_SKIN_EPIDERMIS_DEVELOPMENT,0,20,50,1500,0.0,1.0,,1.0
shared,GO_BP,GOBP_SMAD_PROTEIN_SIGNAL_TRANSDUCTION,1,10,50,1500,3.0,0.2882684421548648,Dab2,0.9827433006029385
shared,GO_BP,GOBP_SMALL_GTPASE_MEDIATED_SIGNAL_TRANSDUCTION,1,47,50,1500,0.6382978723404256,0.8018554794378209,Apoe,1.0
shared,GO_BP,GOBP_SMALL_MOLECULE_BIOSYNTHETIC_PROCESS,2,50,50,1500,1.2,0.5033344253193706,Apoe|Dab2,1.0
shared,GO_BP,GOBP_SMALL_MOLECULE_CATABOLIC_PROCESS,1,21,50,1500,1.4285714285714286,0.5116902720131731,Apoe,1.0
shared,GO_BP,GOBP_SMALL_MOLECULE_METABOLIC_PROCESS,6,128,50,1500,1.40625,0.2497655591260642,Apoe|Cbr2|Dab2|Ncf2|Ttr|mt-Nd4,0.9827433006029385
shared,GO_BP,GOBP_SMOOTH_MUSCLE_CELL_DIFFERENTIATION,1,19,50,1500,1.5789473684210527,0.4769581022710094,Mef2c,1.0
shared,GO_BP,GOBP_SMOOTH_MUSCLE_CELL_MIGRATION,1,32,50,1500,0.9375,0.6659340944396241,Mef2c,1.0
shared,GO_BP,GOBP_SMOOTH_MUSCLE_CELL_PROLIFERATION,2,43,50,1500,1.3953488372093024,0.424148062560875,Apoe|Mef2c,0.9931420773219336
shared,GO_BP,GOBP_SMOOTH_MUSCLE_CONTRACTION,0,26,50,1500,0.0,1.0,,1.0
shared,GO_BP,GOBP_SODIUM_ION_HOMEOSTASIS,0,13,50,1500,0.0,1.0,,1.0
shared,GO_BP,GOBP_SODIUM_ION_TRANSMEMBRANE_TRANSPORT,1,33,50,1500,0.9090909090909091,0.6773123609777841,Slc6a6,1.0
shared,GO_BP,GOBP_SODIUM_ION_TRANSPORT,1,39,50,1500,0.7692307692307692,0.7380227031427208,Slc6a6,1.0
shared,GO_BP,GOBP_SOMATIC_STEM_CELL_POPULATION_MAINTENANCE,0,10,50,1500,0.0,1.0,,1.0
shared,GO_BP,GOBP_SOMITE_DEVELOPMENT,0,11,50,1500,0.0,1.0,,1.0
shared,GO_BP,GOBP_SOMITOGENESIS,0,11,50,1500,0.0,1.0,,1.0
shared,GO_BP,GOBP_SPECIFICATION_OF_SYMMETRY,1,18,50,1500,1.6666666666666667,0.45869546617711976,Mef2c,1.0
shared,GO_BP,GOBP_SPERMATID_DIFFERENTIATION,0,27,50,1500,0.0,1.0,,1.0
shared,GO_BP,GOBP_SPERM_FLAGELLUM_ASSEMBLY,0,10,50,1500,0.0,1.0,,1.0
shared,GO_BP,GOBP_SPHINGOLIPID_METABOLIC_PROCESS,0,10,50,1500,0.0,1.0,,1.0
shared,GO_BP,GOBP_SPINAL_CORD_DEVELOPMENT,0,15,50,1500,0.0,1.0,,1.0
shared,GO_BP,GOBP_SPINDLE_ASSEMBLY,0,12,50,1500,0.0,1.0,,1.0
shared,GO_BP,GOBP_SPINDLE_ORGANIZATION,0,16,50,1500,0.0,1.0,,1.0
shared,GO_BP,GOBP_SPROUTING_ANGIOGENESIS,0,32,50,1500,0.0,1.0,,1.0
shared,GO_BP,GOBP_STARTLE_RESPONSE,0,10,50,1500,0.0,1.0,,1.0
shared,GO_BP,GOBP_STEM_CELL_DEVELOPMENT,1,25,50,1500,1.2,0.5745095173169409,Ptprc,1.0
shared,GO_BP,GOBP_STEM_CELL_DIFFERENTIATION,2,42,50,1500,1.4285714285714286,0.4123282859057648,Mef2c|Ptprc,0.9912166827430607
shared,GO_BP,GOBP_STEM_CELL_PROLIFERATION,2,26,50,1500,2.3076923076923075,0.21392436250078883,Dab2|Ptprc,0.9319761100905679
shared,GO_BP,GOBP_STEROID_BIOSYNTHETIC_PROCESS,2,11,50,1500,5.454545454545455,0.04943234891824236,Apoe|Dab2,0.41405962367084453
shared,GO_BP,GOBP_STEROID_METABOLIC_PROCESS,2,26,50,1500,2.3076923076923075,0.21392436250078883,Apoe|Dab2,0.9319761100905679
shared,GO_BP,GOBP_STEROL_TRANSPORT,1,10,50,1500,3.0,0.2882684421548648,Apoe,0.9827433006029385
shared,GO_BP,GOBP_STRESS_FIBER_ASSEMBLY,0,16,50,1500,0.0,1.0,,1.0
shared,GO_BP,GOBP_STRIATED_MUSCLE_CELL_DIFFERENTIATION,3,52,50,1500,1.7307692307692306,0.24889507447060455,Cflar|Cxcl12|Mef2c,0.9827433006029385
shared,GO_BP,GOBP_STRIATED_MUSCLE_CELL_PROLIFERATION,2,16,50,1500,3.75,0.0970847228115921,Cflar|Mef2c,0.6211128920032959
shared,GO_BP,GOBP_STRIATED_MUSCLE_CONTRACTION,0,30,50,1500,0.0,1.0,,1.0
shared,GO_BP,GOBP_SUBSTRATE_ADHESION_DEPENDENT_CELL_SPREADING,1,19,50,1500,1.5789473684210527,0.4769581022710094,Dab2,1.0
shared,GO_BP,GOBP_SULFUR_COMPOUND_BIOSYNTHETIC_PROCESS,0,10,50,1500,0.0,1.0,,1.0
shared,GO_BP,GOBP_SULFUR_COMPOUND_METABOLIC_PROCESS,0,18,50,1500,0.0,1.0,,1.0
shared,GO_BP,GOBP_SULFUR_COMPOUND_TRANSPORT,1,13,50,1500,2.3076923076923075,0.3575867388571701,Slc6a6,0.9827433006029385
shared,GO_BP,GOBP_SUPEROXIDE_METABOLIC_PROCESS,2,10,50,1500,6.0,0.04131092728840577,Ncf2|Tyrobp,0.38360146767805353
shared,GO_BP,GOBP_SUPRAMOLECULAR_FIBER_ORGANIZATION,3,110,50,1500,0.8181818181818182,0.7245188173478939,Apoe|Cflar|Mef2c,1.0
shared,GO_BP,GOBP_SYMBIONT_ENTRY_INTO_HOST,1,10,50,1500,3.0,0.2882684421548648,Lgals1,0.9827433006029385
shared,GO_BP,GOBP_SYNAPSE_ASSEMBLY,1,50,50,1500,0.6,0.8216281799211584,Mef2c,1.0
shared,GO_BP,GOBP_SYNAPSE_MATURATION,0,11,50,1500,0.0,1.0,,1.0
shared,GO_BP,GOBP_SYNAPSE_ORGANIZATION,5,105,50,1500,1.4285714285714286,0.2690639639768061,Apoe|C1qa|C5ar1|Mef2c|Sparcl1,0.9827433006029385
shared,GO_BP,GOBP_SYNAPTIC_SIGNALING,6,147,50,1500,1.2244897959183672,0.3647737631880828,Apoe|Ly6e|Mef2c|Nrgn|Slc6a6|Tyrobp,0.9827433006029385
shared,GO_BP,GOBP_SYNAPTIC_TRANSMISSION_GABAERGIC,0,10,50,1500,0.0,1.0,,1.0
shared,GO_BP,GOBP_SYNAPTIC_TRANSMISSION_GLUTAMATERGIC,1,31,50,1500,0.9677419354838709,0.6541629208821762,Mef2c,1.0
shared,GO_BP,GOBP_SYNAPTIC_VESICLE_CYCLE,0,30,50,1500,0.0,1.0,,1.0
shared,GO_BP,GOBP_SYNAPTIC_VESICLE_EXOCYTOSIS,0,21,50,1500,0.0,1.0,,1.0
shared,GO_BP,GOBP_TAXIS,3,84,50,1500,1.0714285714285714,0.5391501532988732,C5ar1|Cxcl12|Pf4,1.0
shared,GO_BP,GOBP_TELENCEPHALON_DEVELOPMENT,1,62,50,1500,0.48387096774193544,0.883120908666515,Cxcl12,1.0
shared,GO_BP,GOBP_TEMPERATURE_HOMEOSTASIS,0,26,50,1500,0.0,1.0,,1.0
shared,GO_BP,GOBP_TIGHT_JUNCTION_ORGANIZATION,0,16,50,1500,0.0,1.0,,1.0
shared,GO_BP,GOBP_TISSUE_HOMEOSTASIS,1,44,50,1500,0.6818181818181819,0.7799395031997644,Ctss,1.0
shared,GO_BP,GOBP_TISSUE_MIGRATION,0,15,50,1500,0.0,1.0,,1.0
shared,GO_BP,GOBP_TISSUE_MORPHOGENESIS,4,98,50,1500,1.2244897959183674,0.4150107058037434,Ctsd|Cxcl12|Ly6e|Mef2c,0.9912166827430607
shared,GO_BP,GOBP_TISSUE_REGENERATION,1,15,50,1500,2.0,0.4000764265660914,Cflar,0.9873222282690042
shared,GO_BP,GOBP_TISSUE_REMODELING,2,38,50,1500,1.5789473684210527,0.3640022098915078,Ctss|Mef2c,0.9827433006029385
shared,GO_BP,GOBP_TOR_SIGNALING,0,10,50,1500,0.0,1.0,,1.0
shared,GO_BP,GOBP_TRABECULA_MORPHOGENESIS,0,10,50,1500,0.0,1.0,,1.0
shared,GO_BP,GOBP_TRANSFORMING_GROWTH_FACTOR_BETA_RECEPTOR_SIGNALING_PATHWAY,1,22,50,1500,1.3636363636363638,0.5281983764075895,Dab2,1.0
shared,GO_BP,GOBP_TRANSLATION,0,14,50,1500,0.0,1.0,,1.0
shared,GO_BP,GOBP_TRANSMEMBRANE_TRANSPORT,6,168,50,1500,1.0714285714285714,0.49566687984114915,Ctss|Ptprc|Slc6a6|mt-Co2|mt-Co3|mt-Nd4,1.0
shared,GO_BP,GOBP_TRANSMISSION_OF_NERVE_IMPULSE,0,23,50,1500,0.0,1.0,,1.0
shared,GO_BP,GOBP_TRIGLYCERIDE_METABOLIC_PROCESS,1,11,50,1500,2.7272727272727275,0.31215205147852715,Apoe,0.9827433006029385
shared,GO_BP,GOBP_TUBE_DEVELOPMENT,9,204,50,1500,1.3235294117647058,0.23053124373526787,Apoe|C5ar1|Ctsd|Cxcl12|Junb|Mef2c|Pf4|Stab1|Tnfsf12,0.9766372060277677
shared,GO_BP,GOBP_TUBE_FORMATION,0,20,50,1500,0.0,1.0,,1.0
shared,GO_BP,GOBP_TUBE_MORPHOGENESIS,9,173,50,1500,1.560693641618497,0.11267937704680968,Apoe|C5ar1|Ctsd|Cxcl12|Junb|Mef2c|Pf4|Stab1|Tnfsf12,0.6682627288360063
shared,GO_BP,GOBP_TUMOR_NECROSIS_FACTOR_SUPERFAMILY_CYTOKINE_PRODUCTION,3,26,50,1500,3.4615384615384612,0.052849507228777036,Lilrb4a|Ptprc|Tyrobp,0.4381655573814423
shared,GO_BP,GOBP_TYPE_2_IMMUNE_RESPONSE,1,10,50,1500,3.0,0.2882684421548648,Lilrb4a,0.9827433006029385
shared,GO_BP,GOBP_TYPE_II_INTERFERON_PRODUCTION,2,17,50,1500,3.5294117647058822,0.10775612872998955,Laptm5|Lilrb4a,0.6508634297460815
shared,GO_BP,GOBP_TYPE_I_INTERFERON_PRODUCTION,1,10,50,1500,3.0,0.2882684421548648,Tyrobp,0.9827433006029385
shared,GO_BP,GOBP_TYROSINE_PHOSPHORYLATION_OF_STAT_PROTEIN,0,10,50,1500,0.0,1.0,,1.0
shared,GO_BP,GOBP_T_CELL_ACTIVATION,7,74,50,1500,2.8378378378378377,0.009656788365175096,Cxcl12|Laptm5|Lgals1|Lilrb4a|Pf4|Ptprc|Tyrobp,0.187216675075421
shared,GO_BP,GOBP_T_CELL_ACTIVATION_INVOLVED_IN_IMMUNE_RESPONSE,3,20,50,1500,4.5,0.026644162448827665,Lgals1|Pf4|Tyrobp,0.30990470697907924
shared,GO_BP,GOBP_T_CELL_DIFFERENTIATION,4,40,50,1500,3.0,0.04125384488813946,Lgals1|Lilrb4a|Pf4|Ptprc,0.38360146767805353
shared,GO_BP,GOBP_T_CELL_DIFFERENTIATION_INVOLVED_IN_IMMUNE_RESPONSE,2,11,50,1500,5.454545454545455,0.04943234891824236,Lgals1|Pf4,0.41405962367084453
shared,GO_BP,GOBP_T_CELL_DIFFERENTIATION_IN_THYMUS,1,11,50,1500,2.7272727272727275,0.31215205147852715,Ptprc,0.9827433006029385
shared,GO_BP,GOBP_T_CELL_MEDIATED_IMMUNITY,2,15,50,1500,4.0,0.08674586941049843,Lilrb4a|Ptprc,0.5897993213056901
shared,GO_BP,GOBP_T_CELL_PROLIFERATION,4,35,50,1500,3.4285714285714284,0.026699482447428365,Cxcl12|Laptm5|Lilrb4a|Ptprc,0.30990470697907924
shared,GO_BP,GOBP_T_CELL_RECEPTOR_SIGNALING_PATHWAY,4,12,50,1500,10.0,0.0004447408803799079,Laptm5|Lilrb4a|Ptprc|Tec,0.04161464625831974
shared,GO_BP,GOBP_T_HELPER_1_TYPE_IMMUNE_RESPONSE,0,10,50,1500,0.0,1.0,,1.0
shared,GO_BP,GOBP_UNSATURATED_FATTY_ACID_METABOLIC_PROCESS,0,12,50,1500,0.0,1.0,,1.0
shared,GO_BP,GOBP_VACUOLE_ORGANIZATION,2,11,50,1500,5.454545454545455,0.04943234891824236,Ctsd|Laptm5,0.41405962367084453
shared,GO_BP,GOBP_VASCULAR_ASSOCIATED_SMOOTH_MUSCLE_CELL_DIFFERENTIATION,0,10,50,1500,0.0,1.0,,1.0
shared,GO_BP,GOBP_VASCULAR_ASSOCIATED_SMOOTH_MUSCLE_CELL_MIGRATION,1,10,50,1500,3.0,0.2882684421548648,Mef2c,0.9827433006029385
shared,GO_BP,GOBP_VASCULAR_ASSOCIATED_SMOOTH_MUSCLE_CELL_PROLIFERATION,1,16,50,1500,1.875,0.4202758734830577,Mef2c,0.9912166827430607
shared,GO_BP,GOBP_VASCULAR_ENDOTHELIAL_GROWTH_FACTOR_PRODUCTION,1,11,50,1500,2.7272727272727275,0.31215205147852715,C5ar1,0.9827433006029385
shared,GO_BP,GOBP_VASCULAR_ENDOTHELIAL_GROWTH_FACTOR_RECEPTOR_SIGNALING_PATHWAY,0,30,50,1500,0.0,1.0,,1.0
shared,GO_BP,GOBP_VASCULAR_ENDOTHELIAL_GROWTH_FACTOR_SIGNALING_PATHWAY,0,29,50,1500,0.0,1.0,,1.0
shared,GO_BP,GOBP_VASCULAR_PROCESS_IN_CIRCULATORY_SYSTEM,1,55,50,1500,0.5454545454545455,0.8503698138773562,Apoe,1.0
shared,GO_BP,GOBP_VASCULATURE_DEVELOPMENT,9,152,50,1500,1.7763157894736843,0.05874749118126642,Apoe|C5ar1|Cflar|Cxcl12|Junb|Mef2c|Pf4|Stab1|Tnfsf12,0.4606395125137301
shared,GO_BP,GOBP_VASCULOGENESIS,1,22,50,1500,1.3636363636363638,0.5281983764075895,Junb,1.0
shared,GO_BP,GOBP_VASOCONSTRICTION,0,19,50,1500,0.0,1.0,,1.0
shared,GO_BP,GOBP_VASODILATION,1,18,50,1500,1.6666666666666667,0.45869546617711976,Apoe,1.0
shared,GO_BP,GOBP_VENTRICULAR_CARDIAC_MUSCLE_TISSUE_DEVELOPMENT,1,18,50,1500,1.6666666666666667,0.45869546617711976,Ly6e,1.0
shared,GO_BP,GOBP_VENTRICULAR_CARDIAC_MUSCLE_TISSUE_MORPHOGENESIS,1,12,50,1500,2.5,0.33524969917904673,Ly6e,0.9827433006029385
shared,GO_BP,GOBP_VENTRICULAR_SEPTUM_DEVELOPMENT,0,15,50,1500,0.0,1.0,,1.0
shared,GO_BP,GOBP_VENTRICULAR_SEPTUM_MORPHOGENESIS,0,11,50,1500,0.0,1.0,,1.0
shared,GO_BP,GOBP_VESICLE_LOCALIZATION,0,21,50,1500,0.0,1.0,,1.0
shared,GO_BP,GOBP_VESICLE_MEDIATED_TRANSPORT,12,153,50,1500,2.3529411764705883,0.0032036685888875223,Apoe|Cd163|Dab2|Ifitm3|Laptm5|Lilrb4a|Mrc1|Ncf2|Ptprc|Siglech|Stab1|Tyrobp,0.10746502652417324
shared,GO_BP,GOBP_VESICLE_MEDIATED_TRANSPORT_IN_SYNAPSE,0,38,50,1500,0.0,1.0,,1.0
shared,GO_BP,GOBP_VESICLE_MEDIATED_TRANSPORT_TO_THE_PLASMA_MEMBRANE,0,11,50,1500,0.0,1.0,,1.0
shared,GO_BP,GOBP_VESICLE_ORGANIZATION,1,29,50,1500,1.0344827586206897,0.6293882879681989,Apoe,1.0
shared,GO_BP,GOBP_VIRAL_GENOME_REPLICATION,2,11,50,1500,5.454545454545455,0.04943234891824236,Bst2|Ifitm3,0.41405962367084453
shared,GO_BP,GOBP_VIRAL_LIFE_CYCLE,4,23,50,1500,5.217391304347826,0.006061313828002251,Apoe|Bst2|Ifitm3|Lgals1,0.14200347779953273
shared,GO_BP,GOBP_VIRAL_PROCESS,4,27,50,1500,4.444444444444445,0.010886994050722444,Apoe|Bst2|Ifitm3|Lgals1,0.1987793857575727
shared,GO_BP,GOBP_VISUAL_BEHAVIOR,0,14,50,1500,0.0,1.0,,1.0
shared,GO_BP,GOBP_WNT_SIGNALING_PATHWAY,2,44,50,1500,1.3636363636363638,0.4358505956229922,Apoe|Dab2,1.0
shared,GO_BP,GOBP_WOUND_HEALING,6,62,50,1500,2.9032258064516125,0.014915545487544335,Apoe|Cflar|F13a1|Lilrb4a|Pf4|Tec,0.22126410383369632
drug0,Reactome,REACTOME_ADAPTIVE_IMMUNE_SYSTEM,0,52,50,1500,0.0,1.0,,1.0
drug0,Reactome,REACTOME_ADHERENS_JUNCTIONS_INTERACTIONS,1,11,50,1500,2.7272727272727275,0.31215205147852715,Zeb2,1.0
drug0,Reactome,REACTOME_ANTIGEN_PROCESSING_UBIQUITINATION_PROTEASOME_DEGRADATION,0,11,50,1500,0.0,1.0,,1.0
drug0,Reactome,REACTOME_APOPTOSIS,0,10,50,1500,0.0,1.0,,1.0
drug0,Reactome,REACTOME_ASPARAGINE_N_LINKED_GLYCOSYLATION,1,14,50,1500,2.142857142857143,0.3791877227557184,Sptbn1,1.0
drug0,Reactome,REACTOME_ASSEMBLY_OF_COLLAGEN_FIBRILS_AND_OTHER_MULTIMERIC_STRUCTURES,0,21,50,1500,0.0,1.0,,1.0
drug0,Reactome,REACTOME_A_TETRASACCHARIDE_LINKER_SEQUENCE_IS_REQUIRED_FOR_GAG_SYNTHESIS,0,10,50,1500,0.0,1.0,,1.0
drug0,Reactome,REACTOME_BASIGIN_INTERACTIONS,1,10,50,1500,3.0,0.2882684421548648,Atp1b1,1.0
drug0,Reactome,REACTOME_CARDIAC_CONDUCTION,3,21,50,1500,4.285714285714286,0.03036754457633339,Atp1b1|Atp2b1|Camk2a,0.3846555646335563
drug0,Reactome,REACTOME_CDC42_GTPASE_CYCLE,0,15,50,1500,0.0,1.0,,1.0
drug0,Reactome,REACTOME_CELLULAR_RESPONSES_TO_STIMULI,1,46,50,1500,0.6521739130434783,0.7947990506428715,Camk2a,1.0
drug0,Reactome,REACTOME_CELLULAR_RESPONSE_TO_CHEMICAL_STRESS,0,15,50,1500,0.0,1.0,,1.0
drug0,Reactome,REACTOME_CELL_CELL_COMMUNICATION,1,14,50,1500,2.142857142857143,0.3791877227557184,Zeb2,1.0
drug0,Reactome,REACTOME_CELL_CELL_JUNCTION_ORGANIZATION,1,11,50,1500,2.7272727272727275,0.31215205147852715,Zeb2,1.0
drug0,Reactome,REACTOME_CELL_CYCLE,0,25,50,1500,0.0,1.0,,1.0
drug0,Reactome,REACTOME_CELL_CYCLE_CHECKPOINTS,0,11,50,1500,0.0,1.0,,1.0
drug0,Reactome,REACTOME_CELL_JUNCTION_ORGANIZATION,1,12,50,1500,2.5,0.33524969917904673,Zeb2,1.0
drug0,Reactome,REACTOME_CELL_SURFACE_INTERACTIONS_AT_THE_VASCULAR_WALL,1,25,50,1500,1.2,0.5745095173169409,Atp1b1,1.0
drug0,Reactome,REACTOME_CHONDROITIN_SULFATE_DERMATAN_SULFATE_METABOLISM,0,10,50,1500,0.0,1.0,,1.0
drug0,Reactome,REACTOME_CLASS_A_1_RHODOPSIN_LIKE_RECEPTORS,1,43,50,1500,0.6976744186046512,0.7721193007548377,Plppr4,1.0
drug0,Reactome,REACTOME_CLASS_I_MHC_MEDIATED_ANTIGEN_PROCESSING_PRESENTATION,0,16,50,1500,0.0,1.0,,1.0
drug0,Reactome,REACTOME_COLLAGEN_BIOSYNTHESIS_AND_MODIFYING_ENZYMES,0,25,50,1500,0.0,1.0,,1.0
drug0,Reactome,REACTOME_COLLAGEN_CHAIN_TRIMERIZATION,0,23,50,1500,0.0,1.0,,1.0
drug0,Reactome,REACTOME_COLLAGEN_DEGRADATION,0,19,50,1500,0.0,1.0,,1.0
drug0,Reactome,REACTOME_COLLAGEN_FORMATION,0,28,50,1500,0.0,1.0,,1.0
drug0,Reactome,REACTOME_COMPLEMENT_CASCADE,0,11,50,1500,0.0,1.0,,1.0
drug0,Reactome,REACTOME_CYTOKINE_SIGNALING_IN_IMMUNE_SYSTEM,2,34,50,1500,1.7647058823529411,0.3143712536930831,Camk2a|Snap25,1.0
drug0,Reactome,REACTOME_DEGRADATION_OF_THE_EXTRACELLULAR_MATRIX,0,30,50,1500,0.0,1.0,,1.0
drug0,Reactome,REACTOME_DEUBIQUITINATION,0,11,50,1500,0.0,1.0,,1.0
drug0,Reactome,REACTOME_DEVELOPMENTAL_BIOLOGY,1,56,50,1500,0.5357142857142857,0.8555473289681053,Sptbn1,1.0
drug0,Reactome,REACTOME_ECM_PROTEOGLYCANS,0,19,50,1500,0.0,1.0,,1.0
drug0,Reactome,REACTOME_ER_TO_GOLGI_ANTEROGRADE_TRANSPORT,1,10,50,1500,3.0,0.2882684421548648,Sptbn1,1.0
drug0,Reactome,REACTOME_EXTRACELLULAR_MATRIX_ORGANIZATION,0,67,50,1500,0.0,1.0,,1.0
drug0,Reactome,REACTOME_FACTORS_INVOLVED_IN_MEGAKARYOCYTE_DEVELOPMENT_AND_PLATELET_PRODUCTION,1,10,50,1500,3.0,0.2882684421548648,Dock4,1.0
drug0,Reactome,REACTOME_FATTY_ACID_METABOLISM,1,12,50,1500,2.5,0.33524969917904673,Ptgds,1.0
drug0,Reactome,REACTOME_GENERIC_TRANSCRIPTION_PATHWAY,0,34,50,1500,0.0,1.0,,1.0
drug0,Reactome,REACTOME_GENE_EXPRESSION_TRANSCRIPTION,0,36,50,1500,0.0,1.0,,1.0
drug0,Reactome,REACTOME_GLYCOSAMINOGLYCAN_METABOLISM,0,18,50,1500,0.0,1.0,,1.0
drug0,Reactome,REACTOME_GPCR_LIGAND_BINDING,2,52,50,1500,1.1538461538461537,0.5246983784805676,Grm5|Plppr4,1.0
drug0,Reactome,REACTOME_G_ALPHA_I_SIGNALLING_EVENTS,0,33,50,1500,0.0,1.0,,1.0
drug0,Reactome,REACTOME_G_ALPHA_Q_SIGNALLING_EVENTS,1,27,50,1500,1.1111111111111112,0.60287685419108,Grm5,1.0
drug0,Reactome,REACTOME_G_ALPHA_S_SIGNALLING_EVENTS,0,18,50,1500,0.0,1.0,,1.0
drug0,Reactome,REACTOME_HEMOSTASIS,3,76,50,1500,1.1842105263157896,0.47037536398765967,Atp1b1|Atp2b1|Dock4,1.0
drug0,Reactome,REACTOME_HEPARAN_SULFATE_HEPARIN_HS_GAG_METABOLISM,0,12,50,1500,0.0,1.0,,1.0
drug0,Reactome,REACTOME_IMMUNE_SYSTEM,3,127,50,1500,0.7086614173228346,0.8116072253457305,Camk2a|Snap25|Ttr,1.0
drug0,Reactome,REACTOME_IMMUNOREGULATORY_INTERACTIONS_BETWEEN_A_LYMPHOID_AND_A_NON_LYMPHOID_CELL,0,15,50,1500,0.0,1.0,,1.0
drug0,Reactome,REACTOME_INNATE_IMMUNE_SYSTEM,2,71,50,1500,0.8450704225352113,0.6966202127352072,Snap25|Ttr,1.0
drug0,Reactome,REACTOME_INTEGRIN_CELL_SURFACE_INTERACTIONS,0,30,50,1500,0.0,1.0,,1.0
drug0,Reactome,REACTOME_INTERFERON_SIGNALING,1,14,50,1500,2.142857142857143,0.3791877227557184,Camk2a,1.0
drug0,Reactome,REACTOME_INTRACELLULAR_SIGNALING_BY_SECOND_MESSENGERS,0,20,50,1500,0.0,1.0,,1.0
drug0,Reactome,REACTOME_ION_CHANNEL_TRANSPORT,3,29,50,1500,3.103448275862069,0.06929647406754862,Atp1b1|Atp2b1|Camk2a,0.5266532029133695
drug0,Reactome,REACTOME_ION_HOMEOSTASIS,3,17,50,1500,5.294117647058823,0.01704917842361118,Atp1b1|Atp2b1|Camk2a,0.3239343900486124
drug0,Reactome,REACTOME_ION_TRANSPORT_BY_P_TYPE_ATPASES,3,19,50,1500,4.736842105263158,0.023183209906023995,Atp1b1|Atp2b1|Camk2a,0.33036074116084196
drug0,Reactome,REACTOME_L1CAM_INTERACTIONS,1,10,50,1500,3.0,0.2882684421548648,Sptbn1,1.0
drug0,Reactome,REACTOME_MAPK_FAMILY_SIGNALING_CASCADES,2,27,50,1500,2.2222222222222223,0.22639072579076921,Camk2a|Sptbn1,1.0
drug0,Reactome,REACTOME_METABOLISM,3,99,50,1500,0.9090909090909092,0.6538240210054442,Apoe|Ptgds|Ttr,1.0
drug0,Reactome,REACTOME_METABOLISM_OF_AMINO_ACIDS_AND_DERIVATIVES,0,13,50,1500,0.0,1.0,,1.0
drug0,Reactome,REACTOME_METABOLISM_OF_CARBOHYDRATES_AND_CARBOHYDRATE_DERIVATIVES,0,23,50,1500,0.0,1.0,,1.0
drug0,Reactome,REACTOME_METABOLISM_OF_LIPIDS,1,29,50,1500,1.0344827586206897,0.6293882879681989,Ptgds,1.0
drug0,Reactome,REACTOME_METABOLISM_OF_PROTEINS,6,93,50,1500,1.9354838709677418,0.08425389143453631,Apoe|Dcaf17|Ly6h|Opcml|Sparcl1|Sptbn1,0.6003089764710712
drug0,Reactome,REACTOME_METABOLISM_OF_VITAMINS_AND_COFACTORS,2,10,50,1500,6.0,0.04131092728840577,Apoe|Ttr,0.4709445710878258
drug0,Reactome,REACTOME_MHC_CLASS_II_ANTIGEN_PRESENTATION,0,16,50,1500,0.0,1.0,,1.0
drug0,Reactome,REACTOME_MITOTIC_G2_G2_M_PHASES,0,15,50,1500,0.0,1.0,,1.0
drug0,Reactome,REACTOME_MITOTIC_PROMETAPHASE,0,10,50,1500,0.0,1.0,,1.0
drug0,Reactome,REACTOME_MUSCLE_CONTRACTION,3,35,50,1500,2.571428571428571,0.10814346217319507,Atp1b1|Atp2b1|Camk2a,0.7251973345731905
drug0,Reactome,REACTOME_M_PHASE,0,12,50,1500,0.0,1.0,,1.0
drug0,Reactome,REACTOME_NCAM1_INTERACTIONS,0,12,50,1500,0.0,1.0,,1.0
drug0,Reactome,REACTOME_NCAM_SIGNALING_FOR_NEURITE_OUT_GROWTH,1,13,50,1500,2.3076923076923075,0.3575867388571701,Sptbn1,1.0
drug0,Reactome,REACTOME_NEGATIVE_REGULATION_OF_THE_PI3K_AKT_NETWORK,0,14,50,1500,0.0,1.0,,1.0
drug0,Reactome,REACTOME_NERVOUS_SYSTEM_DEVELOPMENT,1,38,50,1500,0.7894736842105263,0.7287458866817691,Sptbn1,1.0
drug0,Reactome,REACTOME_NEUREXINS_AND_NEUROLIGINS,3,10,50,1500,9.0,0.0035480063258161673,Dlgap1|Grm5|Nrxn1,0.10111818028576078
drug0,Reactome,REACTOME_NEURONAL_SYSTEM,9,58,50,1500,4.655172413793103,7.481231707577963e-05,Camk2a|Dlgap1|Gria2|Grin2a|Grm5|Nrxn1|Slc17a7|Snap25|Syt1,0.008528604146638879
drug0,Reactome,REACTOME_NEUROTRANSMITTER_RECEPTORS_AND_POSTSYNAPTIC_SIGNAL_TRANSMISSION,3,19,50,1500,4.736842105263158,0.023183209906023995,Camk2a|Gria2|Grin2a,0.33036074116084196
drug0,Reactome,REACTOME_NEUROTRANSMITTER_RELEASE_CYCLE,3,13,50,1500,6.9230769230769225,0.007877797294666476,Slc17a7|Snap25|Syt1,0.17961377831839567
drug0,Reactome,REACTOME_NEUTROPHIL_DEGRANULATION,2,47,50,1500,1.2765957446808511,0.4702033260751992,Snap25|Ttr,1.0
drug0,Reactome,REACTOME_NON_INTEGRIN_MEMBRANE_ECM_INTERACTIONS,0,16,50,1500,0.0,1.0,,1.0
drug0,Reactome,REACTOME_O_LINKED_GLYCOSYLATION,0,13,50,1500,0.0,1.0,,1.0
drug0,Reactome,REACTOME_PEPTIDE_LIGAND_BINDING_RECEPTORS,0,27,50,1500,0.0,1.0,,1.0
drug0,Reactome,REACTOME_PLATELET_ACTIVATION_SIGNALING_AND_AGGREGATION,0,32,50,1500,0.0,1.0,,1.0
drug0,Reactome,REACTOME_PLATELET_HOMEOSTASIS,1,11,50,1500,2.7272727272727275,0.31215205147852715,Atp2b1,1.0
drug0,Reactome,REACTOME_POST_TRANSLATIONAL_MODIFICATION_SYNTHESIS_OF_GPI_ANCHORED_PROTEINS,2,11,50,1500,5.454545454545455,0.04943234891824236,Ly6h|Opcml,0.47292026086432487
drug0,Reactome,REACTOME_POST_TRANSLATIONAL_PROTEIN_MODIFICATION,6,82,50,1500,2.1951219512195124,0.05111496319066162,Apoe|Dcaf17|Ly6h|Opcml|Sparcl1|Sptbn1,0.47292026086432487
drug0,Reactome,REACTOME_PROGRAMMED_CELL_DEATH,0,12,50,1500,0.0,1.0,,1.0
drug0,Reactome,REACTOME_PROTEIN_PROTEIN_INTERACTIONS_AT_SYNAPSES,4,18,50,1500,6.666666666666667,0.002369698940448127,Dlgap1|Grin2a|Grm5|Nrxn1,0.09004855973702883
drug0,Reactome,REACTOME_RAC1_GTPASE_CYCLE,1,22,50,1500,1.3636363636363638,0.5281983764075895,Dock4,1.0
drug0,Reactome,REACTOME_RAC2_GTPASE_CYCLE,1,11,50,1500,2.7272727272727275,0.31215205147852715,Dock4,1.0
drug0,Reactome,REACTOME_RAC3_GTPASE_CYCLE,0,13,50,1500,0.0,1.0,,1.0
drug0,Reactome,REACTOME_REGULATION_OF_INSULIN_LIKE_GROWTH_FACTOR_IGF_TRANSPORT_AND_UPTAKE_BY_INSULIN_LIKE_GROWTH_FACTOR_BINDING_PROTEINS_IGFBPS,2,24,50,1500,2.5,0.18923912647371055,Apoe|Sparcl1,1.0
drug0,Reactome,REACTOME_RESPONSE_TO_ELEVATED_PLATELET_CYTOSOLIC_CA2,0,24,50,1500,0.0,1.0,,1.0
drug0,Reactome,REACTOME_RHOA_GTPASE_CYCLE,0,20,50,1500,0.0,1.0,,1.0
drug0,Reactome,REACTOME_RHOB_GTPASE_CYCLE,0,11,50,1500,0.0,1.0,,1.0
drug0,Reactome,REACTOME_RHO_GTPASE_CYCLE,2,41,50,1500,1.4634146341463414,0.40039713749493766,Dock4|Sptbn1,1.0
drug0,Reactome,REACTOME_RHO_GTPASE_EFFECTORS,0,19,50,1500,0.0,1.0,,1.0
drug0,Reactome,REACTOME_SENSORY_PERCEPTION,2,12,50,1500,5.0,0.05807792677281182,Apoe|Ttr,0.47292026086432487
drug0,Reactome,REACTOME_SIGNALING_BY_GPCR,2,76,50,1500,0.7894736842105263,0.7325908753187785,Grm5|Plppr4,1.0
drug0,Reactome,REACTOME_SIGNALING_BY_INTERLEUKINS,1,18,50,1500,1.6666666666666667,0.45869546617711976,Snap25,1.0
drug0,Reactome,REACTOME_SIGNALING_BY_NUCLEAR_RECEPTORS,0,10,50,1500,0.0,1.0,,1.0
drug0,Reactome,REACTOME_SIGNALING_BY_PDGF,0,16,50,1500,0.0,1.0,,1.0
drug0,Reactome,REACTOME_SIGNALING_BY_RECEPTOR_TYROSINE_KINASES,0,48,50,1500,0.0,1.0,,1.0
drug0,Reactome,REACTOME_SIGNALING_BY_RHO_GTPASES_MIRO_GTPASES_AND_RHOBTB3,2,54,50,1500,1.1111111111111112,0.5454604803481333,Dock4|Sptbn1,1.0
drug0,Reactome,REACTOME_SIGNALING_BY_VEGF,0,12,50,1500,0.0,1.0,,1.0
drug0,Reactome,REACTOME_SIGNALING_BY_WNT,1,11,50,1500,2.7272727272727275,0.31215205147852715,Camk2a,1.0
drug0,Reactome,REACTOME_SLC_MEDIATED_TRANSMEMBRANE_TRANSPORT,1,39,50,1500,0.7692307692307692,0.7380227031427208,Slc17a7,1.0
drug0,Reactome,REACTOME_STIMULI_SENSING_CHANNELS,0,10,50,1500,0.0,1.0,,1.0
drug0,Reactome,REACTOME_TOLL_LIKE_RECEPTOR_4_TLR4_CASCADE,0,10,50,1500,0.0,1.0,,1.0
drug0,Reactome,REACTOME_TOLL_LIKE_RECEPTOR_CASCADES,0,12,50,1500,0.0,1.0,,1.0
drug0,Reactome,REACTOME_TRANSCRIPTIONAL_REGULATION_BY_TP53,0,14,50,1500,0.0,1.0,,1.0
drug0,Reactome,REACTOME_TRANSMISSION_ACROSS_CHEMICAL_SYNAPSES,6,36,50,1500,5.0,0.000917607865352401,Camk2a|Gria2|Grin2a|Slc17a7|Snap25|Syt1,0.05230364832508686
drug0,Reactome,REACTOME_TRANSPORT_OF_BILE_SALTS_AND_ORGANIC_ACIDS_METAL_IONS_AND_AMINE_COMPOUNDS,0,15,50,1500,0.0,1.0,,1.0
drug0,Reactome,REACTOME_TRANSPORT_OF_INORGANIC_CATIONS_ANIONS_AND_AMINO_ACIDS_OLIGOPEPTIDES,1,22,50,1500,1.3636363636363638,0.5281983764075895,Slc17a7,1.0
drug0,Reactome,REACTOME_TRANSPORT_OF_SMALL_MOLECULES,5,91,50,1500,1.6483516483516485,0.18206569245300933,Apoe|Atp1b1|Atp2b1|Camk2a|Slc17a7,1.0
drug0,Reactome,REACTOME_TRANSPORT_TO_THE_GOLGI_AND_SUBSEQUENT_MODIFICATION,1,12,50,1500,2.5,0.33524969917904673,Sptbn1,1.0
drug0,Reactome,REACTOME_VESICLE_MEDIATED_TRANSPORT,3,36,50,1500,2.5,0.11530992591822377,Apoe|Sptbn1|Syt1,0.7302961974820839
drug0,Reactome,REACTOME_VISUAL_PHOTOTRANSDUCTION,2,12,50,1500,5.0,0.05807792677281182,Apoe|Ttr,0.47292026086432487
drug0,GO_BP,GOBP_ACIDIC_AMINO_ACID_TRANSPORT,2,20,50,1500,3.0,0.14144844471358778,Grin2b|Slc17a7,0.978100947487575
drug0,GO_BP,GOBP_ACTIN_FILAMENT_BASED_MOVEMENT,1,16,50,1500,1.875,0.4202758734830577,Zeb2,1.0
drug0,GO_BP,GOBP_ACTIN_FILAMENT_BASED_PROCESS,4,114,50,1500,1.0526315789473684,0.5356176863014659,Epha5|Pclo|Sptbn1|Zeb2,1.0
drug0,GO_BP,GOBP_ACTIN_FILAMENT_BUNDLE_ORGANIZATION,1,29,50,1500,1.0344827586206897,0.6293882879681989,Zeb2,1.0
drug0,GO_BP,GOBP_ACTIN_FILAMENT_ORGANIZATION,2,60,50,1500,1.0,0.6040144176935394,Sptbn1|Zeb2,1.0
drug0,GO_BP,GOBP_ACTIN_MEDIATED_CELL_CONTRACTION,1,15,50,1500,2.0,0.4000764265660914,Zeb2,1.0
drug0,GO_BP,GOBP_ACTIN_POLYMERIZATION_OR_DEPOLYMERIZATION,1,20,50,1500,1.5,0.49461650530034706,Sptbn1,1.0
drug0,GO_BP,GOBP_ACTION_POTENTIAL,4,28,50,1500,4.285714285714286,0.01239328589341737,Dpp6|Grin2a|Grin2b|Nrcam,0.20342514724043664
drug0,GO_BP,GOBP_ACTIVATED_T_CELL_PROLIFERATION,0,10,50,1500,0.0,1.0,,1.0
drug0,GO_BP,GOBP_ACTIVATION_OF_IMMUNE_RESPONSE,0,52,50,1500,0.0,1.0,,1.0
drug0,GO_BP,GOBP_ACTIVATION_OF_INNATE_IMMUNE_RESPONSE,0,25,50,1500,0.0,1.0,,1.0
drug0,GO_BP,GOBP_ACTOMYOSIN_STRUCTURE_ORGANIZATION,1,38,50,1500,0.7894736842105263,0.7287458866817691,Zeb2,1.0
drug0,GO_BP,GOBP_ACUTE_INFLAMMATORY_RESPONSE,0,18,50,1500,0.0,1.0,,1.0
drug0,GO_BP,GOBP_ACUTE_PHASE_RESPONSE,0,10,50,1500,0.0,1.0,,1.0
drug0,GO_BP,GOBP_ADAPTIVE_IMMUNE_RESPONSE,0,46,50,1500,0.0,1.0,,1.0
drug0,GO_BP,GOBP_ADAPTIVE_IMMUNE_RESPONSE_BASED_ON_SOMATIC_RECOMBINATION_OF_IMMUNE_RECEPTORS_BUILT_FROM_IMMUNOGLOBULIN_SUPERFAMILY_DOMAINS,0,39,50,1500,0.0,1.0,,1.0
drug0,GO_BP,GOBP_ADAPTIVE_THERMOGENESIS,0,23,50,1500,0.0,1.0,,1.0
drug0,GO_BP,GOBP_ADENYLATE_CYCLASE_ACTIVATING_G_PROTEIN_COUPLED_RECEPTOR_SIGNALING_PATHWAY,0,25,50,1500,0.0,1.0,,1.0
drug0,GO_BP,GOBP_ADENYLATE_CYCLASE_INHIBITING_G_PROTEIN_COUPLED_RECEPTOR_SIGNALING_PATHWAY,0,10,50,1500,0.0,1.0,,1.0
drug0,GO_BP,GOBP_ADENYLATE_CYCLASE_MODULATING_G_PROTEIN_COUPLED_RECEPTOR_SIGNALING_PATHWAY,1,34,50,1500,0.8823529411764706,0.6883105763500479,Rims2,1.0
drug0,GO_BP,GOBP_ADHERENS_JUNCTION_ORGANIZATION,0,11,50,1500,0.0,1.0,,1.0
drug0,GO_BP,GOBP_ADRENAL_GLAND_DEVELOPMENT,0,11,50,1500,0.0,1.0,,1.0
drug0,GO_BP,GOBP_ADULT_BEHAVIOR,2,35,50,1500,1.7142857142857142,0.32686990772459135,Bc1|Nrxn1,1.0
drug0,GO_BP,GOBP_ADULT_LOCOMOTORY_BEHAVIOR,1,20,50,1500,1.5,0.49461650530034706,Bc1,1.0
drug0,GO_BP,GOBP_AEROBIC_RESPIRATION,0,15,50,1500,0.0,1.0,,1.0
drug0,GO_BP,GOBP_ALCOHOL_METABOLIC_PROCESS,1,23,50,1500,1.3043478260869565,0.5441591891136924,Apoe,1.0
drug0,GO_BP,GOBP_ALPHA_AMINO_ACID_METABOLIC_PROCESS,0,16,50,1500,0.0,1.0,,1.0
drug0,GO_BP,GOBP_ALPHA_BETA_T_CELL_ACTIVATION,0,25,50,1500,0.0,1.0,,1.0
drug0,GO_BP,GOBP_ALPHA_BETA_T_CELL_DIFFERENTIATION,0,20,50,1500,0.0,1.0,,1.0
drug0,GO_BP,GOBP_AMEBOIDAL_TYPE_CELL_MIGRATION,1,48,50,1500,0.625,0.8086739419485636,Zeb2,1.0
drug0,GO_BP,GOBP_AMIDE_BIOSYNTHETIC_PROCESS,0,11,50,1500,0.0,1.0,,1.0
drug0,GO_BP,GOBP_AMIDE_METABOLIC_PROCESS,2,34,50,1500,1.7647058823529411,0.3143712536930831,Apoe|Rtn1,1.0
drug0,GO_BP,GOBP_AMIDE_TRANSPORT,6,53,50,1500,3.3962264150943398,0.007006432718075509,Epha5|Pclo|Ptprn|Rims2|Snap25|Syt7,0.13554110912943693
drug0,GO_BP,GOBP_AMINE_METABOLIC_PROCESS,1,16,50,1500,1.875,0.4202758734830577,Grin2a,1.0
drug0,GO_BP,GOBP_AMINE_TRANSPORT,3,24,50,1500,3.75,0.04309557126901202,Grin2b|Syt1|Syt7,0.4931711500855249
drug0,GO_BP,GOBP_AMINO_ACID_BIOSYNTHETIC_PROCESS,0,10,50,1500,0.0,1.0,,1.0
drug0,GO_BP,GOBP_AMINO_ACID_IMPORT_ACROSS_PLASMA_MEMBRANE,0,20,50,1500,0.0,1.0,,1.0
drug0,GO_BP,GOBP_AMINO_ACID_METABOLIC_PROCESS,0,19,50,1500,0.0,1.0,,1.0
drug0,GO_BP,GOBP_AMINO_ACID_TRANSMEMBRANE_TRANSPORT,1,29,50,1500,1.0344827586206897,0.6293882879681989,Slc17a7,1.0
drug0,GO_BP,GOBP_AMINO_ACID_TRANSPORT,2,40,50,1500,1.5,0.3883610132921429,Grin2b|Slc17a7,1.0
drug0,GO_BP,GOBP_ANATOMICAL_STRUCTURE_FORMATION_INVOLVED_IN_MORPHOGENESIS,5,201,50,1500,0.7462686567164178,0.8221936979016258,Dcaf17|Nrcam|Nrxn1|Sptbn1|Zeb2,1.0
drug0,GO_BP,GOBP_ANATOMICAL_STRUCTURE_MATURATION,2,41,50,1500,1.4634146341463414,0.40039713749493766,Nrcam|Nrxn1,1.0
drug0,GO_BP,GOBP_ANGIOGENESIS,2,117,50,1500,0.5128205128205129,0.9134941832063828,Nrcam|Nrxn1,1.0
drug0,GO_BP,GOBP_ANIMAL_ORGAN_MORPHOGENESIS,2,151,50,1500,0.3973509933774835,0.9692116078616816,Miat|Ntng1,1.0
drug0,GO_BP,GOBP_ANIMAL_ORGAN_REGENERATION,0,15,50,1500,0.0,1.0,,1.0
drug0,GO_BP,GOBP_ANTERIOR_POSTERIOR_PATTERN_SPECIFICATION,1,22,50,1500,1.3636363636363638,0.5281983764075895,Zeb2,1.0
drug0,GO_BP,GOBP_ANTIGEN_PROCESSING_AND_PRESENTATION,0,11,50,1500,0.0,1.0,,1.0
drug0,GO_BP,GOBP_ANTIGEN_RECEPTOR_MEDIATED_SIGNALING_PATHWAY,0,18,50,1500,0.0,1.0,,1.0
drug0,GO_BP,GOBP_ANTIMICROBIAL_HUMORAL_IMMUNE_RESPONSE_MEDIATED_BY_ANTIMICROBIAL_PEPTIDE,0,14,50,1500,0.0,1.0,,1.0
drug0,GO_BP,GOBP_ANTIMICROBIAL_HUMORAL_RESPONSE,0,19,50,1500,0.0,1.0,,1.0
drug0,GO_BP,GOBP_AORTA_DEVELOPMENT,0,11,50,1500,0.0,1.0,,1.0
drug0,GO_BP,GOBP_APICAL_JUNCTION_ASSEMBLY,0,12,50,1500,0.0,1.0,,1.0
drug0,GO_BP,GOBP_APOPTOTIC_MITOCHONDRIAL_CHANGES,1,15,50,1500,2.0,0.4000764265660914,Camk2a,1.0
drug0,GO_BP,GOBP_APOPTOTIC_SIGNALING_PATHWAY,0,74,50,1500,0.0,1.0,,1.0
drug0,GO_BP,GOBP_APPENDAGE_DEVELOPMENT,0,21,50,1500,0.0,1.0,,1.0
drug0,GO_BP,GOBP_APPENDAGE_MORPHOGENESIS,0,18,50,1500,0.0,1.0,,1.0
drug0,GO_BP,GOBP_ARTERY_DEVELOPMENT,1,24,50,1500,1.25,0.5595904961849962,Apoe,1.0
drug0,GO_BP,GOBP_ARTERY_MORPHOGENESIS,1,24,50,1500,1.25,0.5595904961849962,Apoe,1.0
drug0,GO_BP,GOBP_ASSOCIATIVE_LEARNING,3,25,50,1500,3.5999999999999996,0.04784820721062824,Grin2a|Grin2b|Snap25,0.5250167777264303
drug0,GO_BP,GOBP_ASTROCYTE_DEVELOPMENT,1,11,50,1500,2.7272727272727275,0.31215205147852715,Zeb2,1.0
drug0,GO_BP,GOBP_ASTROCYTE_DIFFERENTIATION,1,24,50,1500,1.25,0.5595904961849962,Zeb2,1.0
drug0,GO_BP,GOBP_ATP_METABOLIC_PROCESS,2,15,50,1500,4.0,0.08674586941049843,Atp1b1|Zbtb20,0.7619569610381619
drug0,GO_BP,GOBP_AXONEME_ASSEMBLY,0,20,50,1500,0.0,1.0,,1.0
drug0,GO_BP,GOBP_AXON_DEVELOPMENT,9,96,50,1500,2.8125,0.0034457689287352433,Apoe|Dclk1|Epha5|Mbp|Nrcam|Ntng1|Plppr4|Snap25|Zeb2,0.08410306423630949
drug0,GO_BP,GOBP_AXON_ENSHEATHMENT_IN_CENTRAL_NERVOUS_SYSTEM,0,12,50,1500,0.0,1.0,,1.0
drug0,GO_BP,GOBP_AXON_EXTENSION,2,26,50,1500,2.3076923076923075,0.21392436250078883,Apoe|Dclk1,1.0
drug0,GO_BP,GOBP_AXON_REGENERATION,1,14,50,1500,2.142857142857143,0.3791877227557184,Apoe,1.0
drug0,GO_BP,GOBP_BEHAVIOR,9,126,50,1500,2.142857142857143,0.020204918668636086,Apoe|Bc1|Grin2a|Grin2b|Grm5|Nrxn1|Ptgds|Slc17a7|Snap25,0.29315172175476467
drug0,GO_BP,GOBP_BIOLOGICAL_PROCESS_INVOLVED_IN_INTERACTION_WITH_HOST,0,13,50,1500,0.0,1.0,,1.0
drug0,GO_BP,GOBP_BIOLOGICAL_PROCESS_INVOLVED_IN_INTRASPECIES_INTERACTION_BETWEEN_ORGANISMS,1,11,50,1500,2.7272727272727275,0.31215205147852715,Nrxn1,1.0
drug0,GO_BP,GOBP_BIOLOGICAL_PROCESS_INVOLVED_IN_SYMBIOTIC_INTERACTION,0,17,50,1500,0.0,1.0,,1.0
drug0,GO_BP,GOBP_BIOMINERAL_TISSUE_DEVELOPMENT,1,28,50,1500,1.0714285714285714,0.616356933817995,Atp2b1,1.0
drug0,GO_BP,GOBP_BLASTOCYST_DEVELOPMENT,1,12,50,1500,2.5,0.33524969917904673,Atp1b1,1.0
drug0,GO_BP,GOBP_BLOOD_VESSEL_ENDOTHELIAL_CELL_MIGRATION,1,32,50,1500,0.9375,0.6659340944396241,Apoe,1.0
drug0,GO_BP,GOBP_BLOOD_VESSEL_MORPHOGENESIS,3,136,50,1500,0.6617647058823529,0.8477624283870748,Apoe|Nrcam|Nrxn1,1.0
drug0,GO_BP,GOBP_BLOOD_VESSEL_REMODELING,0,13,50,1500,0.0,1.0,,1.0
drug0,GO_BP,GOBP_BODY_FLUID_SECRETION,0,17,50,1500,0.0,1.0,,1.0
drug0,GO_BP,GOBP_BODY_MORPHOGENESIS,0,11,50,1500,0.0,1.0,,1.0
drug0,GO_BP,GOBP_BONE_DEVELOPMENT,0,36,50,1500,0.0,1.0,,1.0
drug0,GO_BP,GOBP_BONE_MINERALIZATION,1,26,50,1500,1.1538461538461537,0.5889329235095868,Atp2b1,1.0
drug0,GO_BP,GOBP_BONE_MORPHOGENESIS,0,14,50,1500,0.0,1.0,,1.0
drug0,GO_BP,GOBP_BONE_REMODELING,1,15,50,1500,2.0,0.4000764265660914,Syt7,1.0
drug0,GO_BP,GOBP_BONE_RESORPTION,0,10,50,1500,0.0,1.0,,1.0
drug0,GO_BP,GOBP_BRAIN_DERIVED_NEUROTROPHIC_FACTOR_RECEPTOR_SIGNALING_PATHWAY,1,21,50,1500,1.4285714285714286,0.5116902720131731,Epha5,1.0
drug0,GO_BP,GOBP_BRANCHING_INVOLVED_IN_BLOOD_VESSEL_MORPHOGENESIS,0,13,50,1500,0.0,1.0,,1.0
drug0,GO_BP,GOBP_BRANCHING_MORPHOGENESIS_OF_AN_EPITHELIAL_TUBE,0,30,50,1500,0.0,1.0,,1.0
drug0,GO_BP,GOBP_BROWN_FAT_CELL_DIFFERENTIATION,0,16,50,1500,0.0,1.0,,1.0
drug0,GO_BP,GOBP_B_CELL_ACTIVATION,0,31,50,1500,0.0,1.0,,1.0
drug0,GO_BP,GOBP_B_CELL_ACTIVATION_INVOLVED_IN_IMMUNE_RESPONSE,0,10,50,1500,0.0,1.0,,1.0
drug0,GO_BP,GOBP_B_CELL_DIFFERENTIATION,0,18,50,1500,0.0,1.0,,1.0
drug0,GO_BP,GOBP_B_CELL_MEDIATED_IMMUNITY,0,16,50,1500,0.0,1.0,,1.0
drug0,GO_BP,GOBP_B_CELL_PROLIFERATION,0,16,50,1500,0.0,1.0,,1.0
drug0,GO_BP,GOBP_CALCIUM_ION_HOMEOSTASIS,4,49,50,1500,2.4489795918367347,0.0769001248594766,Apoe|Atp1b1|Atp2b1|Grin2b,0.6942372383147193
drug0,GO_BP,GOBP_CALCIUM_ION_IMPORT,0,13,50,1500,0.0,1.0,,1.0
drug0,GO_BP,GOBP_CALCIUM_ION_REGULATED_EXOCYTOSIS,5,11,50,1500,13.636363636363637,1.3371491657634872e-05,Cadps|Rims2|Snap25|Syt1|Syt7,0.0010694067442878225
drug0,GO_BP,GOBP_CALCIUM_ION_TRANSMEMBRANE_IMPORT_INTO_CYTOSOL,2,22,50,1500,2.7272727272727275,0.1650200797304365,Grin2a|Grin2b,1.0
drug0,GO_BP,GOBP_CALCIUM_ION_TRANSMEMBRANE_TRANSPORT,4,43,50,1500,2.7906976744186047,0.05179156664360612,Atp1b1|Atp2b1|Grin2a|Grin2b,0.5429761019087738
drug0,GO_BP,GOBP_CALCIUM_ION_TRANSPORT,5,67,50,1500,2.2388059701492535,0.06832007176662877,Atp1b1|Atp2b1|Camk2a|Grin2a|Grin2b,0.6307961171634758
drug0,GO_BP,GOBP_CALCIUM_MEDIATED_SIGNALING,4,38,50,1500,3.1578947368421053,0.034983200223598375,Atp1b1|Grin2a|Grin2b|Grm5,0.4476196879003729
drug0,GO_BP,GOBP_CAMERA_TYPE_EYE_MORPHOGENESIS,1,29,50,1500,1.0344827586206897,0.6293882879681989,Miat,1.0
drug0,GO_BP,GOBP_CANONICAL_NF_KAPPAB_SIGNAL_TRANSDUCTION,0,25,50,1500,0.0,1.0,,1.0
drug0,GO_BP,GOBP_CANONICAL_WNT_SIGNALING_PATHWAY,2,29,50,1500,2.0689655172413794,0.25147901761228364,Apoe|Zeb2,1.0
drug0,GO_BP,GOBP_CARBOHYDRATE_BIOSYNTHETIC_PROCESS,0,13,50,1500,0.0,1.0,,1.0
drug0,GO_BP,GOBP_CARBOHYDRATE_CATABOLIC_PROCESS,1,12,50,1500,2.5,0.33524969917904673,Zbtb20,1.0
drug0,GO_BP,GOBP_CARBOHYDRATE_DERIVATIVE_BIOSYNTHETIC_PROCESS,0,23,50,1500,0.0,1.0,,1.0
drug0,GO_BP,GOBP_CARBOHYDRATE_DERIVATIVE_CATABOLIC_PROCESS,1,19,50,1500,1.5789473684210527,0.4769581022710094,Zbtb20,1.0
drug0,GO_BP,GOBP_CARBOHYDRATE_DERIVATIVE_METABOLIC_PROCESS,2,57,50,1500,1.0526315789473684,0.5754451967732952,Atp1b1|Zbtb20,1.0
drug0,GO_BP,GOBP_CARBOHYDRATE_HOMEOSTASIS,3,36,50,1500,2.5,0.11530992591822377,Epha5|Ptprn|Zbtb20,0.892279188652922
drug0,GO_BP,GOBP_CARBOHYDRATE_METABOLIC_PROCESS,1,36,50,1500,0.8333333333333334,0.7092162291569126,Zbtb20,1.0
drug0,GO_BP,GOBP_CARBOHYDRATE_TRANSPORT,0,11,50,1500,0.0,1.0,,1.0
drug0,GO_BP,GOBP_CARDIAC_CELL_DEVELOPMENT,0,22,50,1500,0.0,1.0,,1.0
drug0,GO_BP,GOBP_CARDIAC_CHAMBER_DEVELOPMENT,0,32,50,1500,0.0,1.0,,1.0
drug0,GO_BP,GOBP_CARDIAC_CHAMBER_MORPHOGENESIS,0,29,50,1500,0.0,1.0,,1.0
drug0,GO_BP,GOBP_CARDIAC_CONDUCTION,0,12,50,1500,0.0,1.0,,1.0
drug0,GO_BP,GOBP_CARDIAC_EPITHELIAL_TO_MESENCHYMAL_TRANSITION,0,10,50,1500,0.0,1.0,,1.0
drug0,GO_BP,GOBP_CARDIAC_MUSCLE_CELL_CONTRACTION,0,12,50,1500,0.0,1.0,,1.0
drug0,GO_BP,GOBP_CARDIAC_MUSCLE_CELL_DIFFERENTIATION,0,26,50,1500,0.0,1.0,,1.0
drug0,GO_BP,GOBP_CARDIAC_MUSCLE_CELL_PROLIFERATION,0,12,50,1500,0.0,1.0,,1.0
drug0,GO_BP,GOBP_CARDIAC_MUSCLE_CONTRACTION,1,23,50,1500,1.3043478260869565,0.5441591891136924,Atp1b1,1.0
drug0,GO_BP,GOBP_CARDIAC_MUSCLE_TISSUE_DEVELOPMENT,0,48,50,1500,0.0,1.0,,1.0
drug0,GO_BP,GOBP_CARDIAC_MUSCLE_TISSUE_MORPHOGENESIS,0,15,50,1500,0.0,1.0,,1.0
drug0,GO_BP,GOBP_CARDIAC_SEPTUM_DEVELOPMENT,0,22,50,1500,0.0,1.0,,1.0
drug0,GO_BP,GOBP_CARDIAC_SEPTUM_MORPHOGENESIS,0,18,50,1500,0.0,1.0,,1.0
drug0,GO_BP,GOBP_CARDIAC_VENTRICLE_DEVELOPMENT,0,25,50,1500,0.0,1.0,,1.0
drug0,GO_BP,GOBP_CARDIAC_VENTRICLE_MORPHOGENESIS,0,16,50,1500,0.0,1.0,,1.0
drug0,GO_BP,GOBP_CARDIOCYTE_DIFFERENTIATION,0,39,50,1500,0.0,1.0,,1.0
drug0,GO_BP,GOBP_CARTILAGE_DEVELOPMENT,0,35,50,1500,0.0,1.0,,1.0
drug0,GO_BP,GOBP_CATECHOLAMINE_SECRETION,3,14,50,1500,6.428571428571429,0.009792872234714329,Cadps|Syt1|Syt7,0.16929167427032749
drug0,GO_BP,GOBP_CATECHOLAMINE_TRANSPORT,3,15,50,1500,6.0,0.011956460152065383,Cadps|Syt1|Syt7,0.19825763007251274
drug0,GO_BP,GOBP_CATECHOL_CONTAINING_COMPOUND_METABOLIC_PROCESS,1,13,50,1500,2.3076923076923075,0.3575867388571701,Grin2a,1.0
drug0,GO_BP,GOBP_CD4_POSITIVE_ALPHA_BETA_T_CELL_ACTIVATION,0,19,50,1500,0.0,1.0,,1.0
drug0,GO_BP,GOBP_CD4_POSITIVE_ALPHA_BETA_T_CELL_DIFFERENTIATION,0,15,50,1500,0.0,1.0,,1.0
drug0,GO_BP,GOBP_CELLULAR_COMPONENT_ASSEMBLY_INVOLVED_IN_MORPHOGENESIS,1,25,50,1500,1.2,0.5745095173169409,Dcaf17,1.0
drug0,GO_BP,GOBP_CELLULAR_COMPONENT_DISASSEMBLY,1,43,50,1500,0.6976744186046512,0.7721193007548377,Sptbn1,1.0
drug0,GO_BP,GOBP_CELLULAR_COMPONENT_MAINTENANCE,5,14,50,1500,10.714285714285714,5.3696564487183934e-05,Apoe|Grin2b|Nrxn1|Pclo|Rims2,0.0032317376774694036
drug0,GO_BP,GOBP_CELLULAR_EXTRAVASATION,0,13,50,1500,0.0,1.0,,1.0
drug0,GO_BP,GOBP_CELLULAR_HOMEOSTASIS,8,95,50,1500,2.5263157894736845,0.011291938560916617,Apoe|Atp1b1|Atp2b1|Epha5|Grin2b|Ptprn|Slc17a7|Zbtb20,0.18916907382978868
drug0,GO_BP,GOBP_CELLULAR_OXIDANT_DETOXIFICATION,1,10,50,1500,3.0,0.2882684421548648,Apoe,1.0
drug0,GO_BP,GOBP_CELLULAR_PROCESS_INVOLVED_IN_REPRODUCTION_IN_MULTICELLULAR_ORGANISM,3,43,50,1500,2.0930232558139537,0.17002286447600135,Dcaf17|Kcnq1ot1|Meg3,1.0
drug0,GO_BP,GOBP_CELLULAR_RESPIRATION,0,17,50,1500,0.0,1.0,,1.0
drug0,GO_BP,GOBP_CELLULAR_RESPONSE_TO_ABIOTIC_STIMULUS,0,37,50,1500,0.0,1.0,,1.0
drug0,GO_BP,GOBP_CELLULAR_RESPONSE_TO_ACID_CHEMICAL,2,22,50,1500,2.7272727272727275,0.1650200797304365,Gria2|Grin2a,1.0
drug0,GO_BP,GOBP_CELLULAR_RESPONSE_TO_ALCOHOL,1,11,50,1500,2.7272727272727275,0.31215205147852715,Epha5,1.0
drug0,GO_BP,GOBP_CELLULAR_RESPONSE_TO_BIOTIC_STIMULUS,0,34,50,1500,0.0,1.0,,1.0
drug0,GO_BP,GOBP_CELLULAR_RESPONSE_TO_CALCIUM_ION,2,20,50,1500,3.0,0.14144844471358778,Nrxn1|Syt1,0.978100947487575
drug0,GO_BP,GOBP_CELLULAR_RESPONSE_TO_CAMP,0,10,50,1500,0.0,1.0,,1.0
drug0,GO_BP,GOBP_CELLULAR_RESPONSE_TO_CARBOHYDRATE_STIMULUS,3,23,50,1500,3.913043478260869,0.03859569973016896,Epha5|Ptprn|Zbtb20,0.4787634508513325
drug0,GO_BP,GOBP_CELLULAR_RESPONSE_TO_CHEMICAL_STRESS,0,40,50,1500,0.0,1.0,,1.0
drug0,GO_BP,GOBP_CELLULAR_RESPONSE_TO_ENDOGENOUS_STIMULUS,6,167,50,1500,1.0778443113772456,0.4895427534603285,Atp2b1|Camk2a|Epha5|Gria2|Nrxn1|Zeb2,1.0
drug0,GO_BP,GOBP_CELLULAR_RESPONSE_TO_EXTERNAL_STIMULUS,0,12,50,1500,0.0,1.0,,1.0
drug0,GO_BP,GOBP_CELLULAR_RESPONSE_TO_HEAT,1,12,50,1500,2.5,0.33524969917904673,Arpp21,1.0
drug0,GO_BP,GOBP_CELLULAR_RESPONSE_TO_HORMONE_STIMULUS,3,83,50,1500,1.0843373493975903,0.5308117699803918,Atp2b1|Camk2a|Epha5,1.0
drug0,GO_BP,GOBP_CELLULAR_RESPONSE_TO_HYDROGEN_PEROXIDE,0,12,50,1500,0.0,1.0,,1.0
drug0,GO_BP,GOBP_CELLULAR_RESPONSE_TO_HYPOXIA,0,22,50,1500,0.0,1.0,,1.0
drug0,GO_BP,GOBP_CELLULAR_RESPONSE_TO_INSULIN_STIMULUS,2,36,50,1500,1.6666666666666667,0.33931461253673095,Atp2b1|Epha5,1.0
drug0,GO_BP,GOBP_CELLULAR_RESPONSE_TO_INTERLEUKIN_1,0,13,50,1500,0.0,1.0,,1.0
drug0,GO_BP,GOBP_CELLULAR_RESPONSE_TO_KETONE,1,13,50,1500,2.3076923076923075,0.3575867388571701,Epha5,1.0
drug0,GO_BP,GOBP_CELLULAR_RESPONSE_TO_LIPID,1,71,50,1500,0.4225352112676056,0.9150782745587396,Epha5,1.0
drug0,GO_BP,GOBP_CELLULAR_RESPONSE_TO_METAL_ION,3,37,50,1500,2.4324324324324325,0.12265434187292903,Grin2a|Nrxn1|Syt1,0.9227467849236559
drug0,GO_BP,GOBP_CELLULAR_RESPONSE_TO_NITROGEN_COMPOUND,6,104,50,1500,1.7307692307692306,0.12715694986369622,Atp2b1|Camk2a|Epha5|Gria2|Grm5|Ly6h,0.9443064425463428
drug0,GO_BP,GOBP_CELLULAR_RESPONSE_TO_NUTRIENT_LEVELS,0,26,50,1500,0.0,1.0,,1.0
drug0,GO_BP,GOBP_CELLULAR_RESPONSE_TO_OXIDATIVE_STRESS,0,28,50,1500,0.0,1.0,,1.0
drug0,GO_BP,GOBP_CELLULAR_RESPONSE_TO_OXYGEN_CONTAINING_COMPOUND,8,169,50,1500,1.4201183431952662,0.19310193324277747,Atp2b1|Camk2a|Epha5|Gria2|Grm5|Ly6h|Ptprn|Zbtb20,1.0
drug0,GO_BP,GOBP_CELLULAR_RESPONSE_TO_OXYGEN_LEVELS,0,23,50,1500,0.0,1.0,,1.0
drug0,GO_BP,GOBP_CELLULAR_RESPONSE_TO_PEPTIDE_HORMONE_STIMULUS,3,51,50,1500,1.7647058823529411,0.23980914780251136,Atp2b1|Camk2a|Epha5,1.0
drug0,GO_BP,GOBP_CELLULAR_RESPONSE_TO_RADIATION,0,14,50,1500,0.0,1.0,,1.0
drug0,GO_BP,GOBP_CELLULAR_RESPONSE_TO_REACTIVE_OXYGEN_SPECIES,0,21,50,1500,0.0,1.0,,1.0
drug0,GO_BP,GOBP_CELLULAR_RESPONSE_TO_STARVATION,0,17,50,1500,0.0,1.0,,1.0
drug0,GO_BP,GOBP_CELLULAR_RESPONSE_TO_STEROID_HORMONE_STIMULUS,0,17,50,1500,0.0,1.0,,1.0
drug0,GO_BP,GOBP_CELLULAR_RESPONSE_TO_STRESS,2,149,50,1500,0.40268456375838924,0.9672167591508967,Apoe|Arpp21,1.0
drug0,GO_BP,GOBP_CELLULAR_RESPONSE_TO_TOXIC_SUBSTANCE,1,17,50,1500,1.7647058823529411,0.4398083575301246,Apoe,1.0
drug0,GO_BP,GOBP_CELLULAR_RESPONSE_TO_VASCULAR_ENDOTHELIAL_GROWTH_FACTOR_STIMULUS,1,35,50,1500,0.8571428571428571,0.6989411842507965,Epha5,1.0
drug0,GO_BP,GOBP_CELLULAR_RESPONSE_TO_XENOBIOTIC_STIMULUS,0,25,50,1500,0.0,1.0,,1.0
drug0,GO_BP,GOBP_CELLULAR_SENESCENCE,0,11,50,1500,0.0,1.0,,1.0
drug0,GO_BP,GOBP_CELL_ACTIVATION,4,146,50,1500,0.8219178082191781,0.7344489499770014,Apoe|Ptgds|Rian|Zeb2,1.0
drug0,GO_BP,GOBP_CELL_ACTIVATION_INVOLVED_IN_IMMUNE_RESPONSE,1,44,50,1500,0.6818181818181819,0.7799395031997644,Ptgds,1.0
drug0,GO_BP,GOBP_CELL_ADHESION,8,251,50,1500,0.9561752988047808,0.6167014365981129,Atp1b1|Epha5|Mbp|Nrcam|Nrxn1|Ntng1|Pcdh9|Sparcl1,1.0
drug0,GO_BP,GOBP_CELL_ADHESION_MEDIATED_BY_INTEGRIN,0,18,50,1500,0.0,1.0,,1.0
drug0,GO_BP,GOBP_CELL_CELL_ADHESION,5,137,50,1500,1.094890510948905,0.4871912966846989,Mbp|Nrcam|Nrxn1|Ntng1|Sparcl1,1.0
drug0,GO_BP,GOBP_CELL_CELL_ADHESION_MEDIATED_BY_CADHERIN,0,10,50,1500,0.0,1.0,,1.0
drug0,GO_BP,GOBP_CELL_CELL_ADHESION_VIA_PLASMA_MEMBRANE_ADHESION_MOLECULES,5,42,50,1500,3.5714285714285716,0.011245414312704047,Mbp|Nrcam|Nrxn1|Ntng1|Sparcl1,0.18916907382978868
drug0,GO_BP,GOBP_CELL_CELL_JUNCTION_ASSEMBLY,0,28,50,1500,0.0,1.0,,1.0
drug0,GO_BP,GOBP_CELL_CELL_JUNCTION_ORGANIZATION,0,39,50,1500,0.0,1.0,,1.0
drug0,GO_BP,GOBP_CELL_CELL_SIGNALING,22,204,50,1500,3.235294117647059,8.152397247562648e-08,Apoe|Cadps|Camk2a|Celf4|Dlgap1|Epha5|Gria2|Grin2a|Grin2b|Grm5|Ly6h|Nrgn|Nrxn1|Ntng1|Pclo|Plppr4|Ptprn|Rims2|Slc17a7|Snap25|Syt1|Syt7,4.415881842429768e-05
drug0,GO_BP,GOBP_CELL_CHEMOTAXIS,1,69,50,1500,0.4347826086956522,0.9088153541215596,Dock4,1.0
drug0,GO_BP,GOBP_CELL_CYCLE,2,136,50,1500,0.4411764705882353,0.9509864298035903,Camk2a|Sptbn1,1.0
drug0,GO_BP,GOBP_CELL_CYCLE_CHECKPOINT_SIGNALING,0,14,50,1500,0.0,1.0,,1.0
drug0,GO_BP,GOBP_CELL_CYCLE_G1_S_PHASE_TRANSITION,1,33,50,1500,0.9090909090909091,0.6773123609777841,Camk2a,1.0
drug0,GO_BP,GOBP_CELL_CYCLE_G2_M_PHASE_TRANSITION,0,16,50,1500,0.0,1.0,,1.0
drug0,GO_BP,GOBP_CELL_CYCLE_PHASE_TRANSITION,1,56,50,1500,0.5357142857142857,0.8555473289681053,Camk2a,1.0
drug0,GO_BP,GOBP_CELL_CYCLE_PROCESS,2,103,50,1500,0.5825242718446603,0.8707040201360202,Camk2a|Sptbn1,1.0
drug0,GO_BP,GOBP_CELL_DIFFERENTIATION_INVOLVED_IN_KIDNEY_DEVELOPMENT,0,13,50,1500,0.0,1.0,,1.0
drug0,GO_BP,GOBP_CELL_DIVISION,1,50,50,1500,0.6,0.8216281799211584,Sptbn1,1.0
drug0,GO_BP,GOBP_CELL_FATE_COMMITMENT,0,41,50,1500,0.0,1.0,,1.0
drug0,GO_BP,GOBP_CELL_FATE_DETERMINATION,0,10,50,1500,0.0,1.0,,1.0
drug0,GO_BP,GOBP_CELL_FATE_SPECIFICATION,0,11,50,1500,0.0,1.0,,1.0
drug0,GO_BP,GOBP_CELL_GROWTH,5,74,50,1500,2.0270270270270268,0.095799417069994,Apoe|Dclk1|Rims2|Syt1|Zeb2,0.8049116049430468
drug0,GO_BP,GOBP_CELL_JUNCTION_ASSEMBLY,5,93,50,1500,1.6129032258064515,0.1937717481787172,Dclk1|Dock4|Nrxn1|Pclo|Snap25,1.0
drug0,GO_BP,GOBP_CELL_JUNCTION_ORGANIZATION,15,155,50,1500,2.9032258064516125,7.606854763033037e-05,Apoe|Dclk1|Dock4|Epha5|Grin2a|Grin2b|Grm5|Nrcam|Nrxn1|Ntng1|Pclo|Plppr4|Rims2|Snap25|Sparcl1,0.00440026884310765
drug0,GO_BP,GOBP_CELL_KILLING,0,20,50,1500,0.0,1.0,,1.0
drug0,GO_BP,GOBP_CELL_MATRIX_ADHESION,0,45,50,1500,0.0,1.0,,1.0
drug0,GO_BP,GOBP_CELL_MATURATION,2,33,50,1500,1.8181818181818181,0.301829565218506,Nrcam|Nrxn1,1.0
drug0,GO_BP,GOBP_CELL_MIGRATION,7,260,50,1500,0.8076923076923077,0.7911819723444035,Apoe|Camk2a|Dclk1|Dock4|Kcnq1ot1|Ntng1|Zeb2,1.0
drug0,GO_BP,GOBP_CELL_MIGRATION_INVOLVED_IN_SPROUTING_ANGIOGENESIS,0,17,50,1500,0.0,1.0,,1.0
drug0,GO_BP,GOBP_CELL_MORPHOGENESIS,14,175,50,1500,2.4,0.0010873288374654364,Apoe|Camk2a|Dcaf17|Dclk1|Epha5|Mbp|Nrcam|Nrxn1|Ntng1|Plppr4|Rims2|Snap25|Syt1|Zeb2,0.032125624743296985
drug0,GO_BP,GOBP_CELL_MORPHOGENESIS_INVOLVED_IN_NEURON_DIFFERENTIATION,10,107,50,1500,2.803738317757009,0.0020391069571597553,Apoe|Camk2a|Dclk1|Epha5|Mbp|Nrcam|Ntng1|Plppr4|Snap25|Zeb2,0.05616184415906106
drug0,GO_BP,GOBP_CELL_MOTILITY,8,294,50,1500,0.8163265306122448,0.7946417670294539,Apoe|Camk2a|Dcaf17|Dclk1|Dock4|Kcnq1ot1|Ntng1|Zeb2,1.0
drug0,GO_BP,GOBP_CELL_PROJECTION_ASSEMBLY,1,63,50,1500,0.47619047619047616,0.8871848548185834,Nrxn1,1.0
drug0,GO_BP,GOBP_CELL_PROJECTION_MORPHOGENESIS,13,130,50,1500,3.0,0.00018733985619523902,Apoe|Camk2a|Dclk1|Epha5|Mbp|Nrcam|Nrxn1|Ntng1|Plppr4|Rims2|Snap25|Syt1|Zeb2,0.00947522912698985
drug0,GO_BP,GOBP_CELL_PROJECTION_ORGANIZATION,15,255,50,1500,1.7647058823529411,0.014882985353840689,Apoe|Camk2a|Dclk1|Epha5|Grin2a|Grin2b|Mbp|Nrcam|Nrxn1|Ntng1|Plppr4|Rims2|Snap25|Syt1|Zeb2,0.23254664615376075
drug0,GO_BP,GOBP_CELL_RECOGNITION,1,22,50,1500,1.3636363636363638,0.5281983764075895,Nrcam,1.0
drug0,GO_BP,GOBP_CELL_SUBSTRATE_ADHESION,0,72,50,1500,0.0,1.0,,1.0
drug0,GO_BP,GOBP_CELL_SUBSTRATE_JUNCTION_ORGANIZATION,0,20,50,1500,0.0,1.0,,1.0
drug0,GO_BP,GOBP_CELL_SURFACE_RECEPTOR_PROTEIN_SERINE_THREONINE_KINASE_SIGNALING_PATHWAY,2,47,50,1500,1.2765957446808511,0.4702033260751992,Sptbn1|Zeb2,1.0
drug0,GO_BP,GOBP_CELL_SURFACE_RECEPTOR_PROTEIN_TYROSINE_KINASE_SIGNALING_PATHWAY,2,86,50,1500,0.6976744186046512,0.7939837083413108,Epha5|Nrxn1,1.0
drug0,GO_BP,GOBP_CELL_SURFACE_RECEPTOR_SIGNALING_PATHWAY_VIA_STAT,1,19,50,1500,1.5789473684210527,0.4769581022710094,Camk2a,1.0
drug0,GO_BP,GOBP_CENTRAL_NERVOUS_SYSTEM_DEVELOPMENT,8,175,50,1500,1.3714285714285714,0.22025726189098507,Dclk1|Epha5|Miat|Nrcam|Nrxn1|Rtn1|Sptbn1|Zeb2,1.0
drug0,GO_BP,GOBP_CENTRAL_NERVOUS_SYSTEM_NEURON_DEVELOPMENT,2,19,50,1500,3.1578947368421053,0.12996801648711176,Dclk1|Zeb2,0.9443064425463428
drug0,GO_BP,GOBP_CENTRAL_NERVOUS_SYSTEM_NEURON_DIFFERENTIATION,4,44,50,1500,2.7272727272727275,0.055605479476909164,Dclk1|Miat|Nrxn1|Zeb2,0.5756346630247259
drug0,GO_BP,GOBP_CEREBELLAR_CORTEX_DEVELOPMENT,1,10,50,1500,3.0,0.2882684421548648,Nrxn1,1.0
drug0,GO_BP,GOBP_CEREBRAL_CORTEX_DEVELOPMENT,0,24,50,1500,0.0,1.0,,1.0
drug0,GO_BP,GOBP_CHEMICAL_HOMEOSTASIS,8,120,50,1500,2.0,0.040986618735880415,Apoe|Atp1b1|Atp2b1|Epha5|Grin2b|Ptprn|Slc17a7|Zbtb20,0.4829514880838804
drug0,GO_BP,GOBP_CHEMICAL_SYNAPTIC_TRANSMISSION_POSTSYNAPTIC,8,26,50,1500,9.23076923076923,8.511085174144769e-07,Celf4|Gria2|Grin2a|Grin2b|Nrxn1|Pclo|Rims2|Slc17a7,0.00015367237119983613
drug0,GO_BP,GOBP_CHEMOKINE_PRODUCTION,1,20,50,1500,1.5,0.49461650530034706,Mbp,1.0
drug0,GO_BP,GOBP_CHLORIDE_TRANSPORT,1,15,50,1500,2.0,0.4000764265660914,Slc17a7,1.0
drug0,GO_BP,GOBP_CHONDROCYTE_DIFFERENTIATION,0,21,50,1500,0.0,1.0,,1.0
drug0,GO_BP,GOBP_CHROMATIN_ORGANIZATION,5,47,50,1500,3.1914893617021276,0.01788387116518451,Brd9|Dclk1|Kcnq1ot1|Meg3|Rian,0.26419355130386213
drug0,GO_BP,GOBP_CHROMOSOME_LOCALIZATION,0,11,50,1500,0.0,1.0,,1.0
drug0,GO_BP,GOBP_CHROMOSOME_ORGANIZATION,0,31,50,1500,0.0,1.0,,1.0
drug0,GO_BP,GOBP_CHROMOSOME_SEGREGATION,0,30,50,1500,0.0,1.0,,1.0
drug0,GO_BP,GOBP_CILIUM_MOVEMENT,0,36,50,1500,0.0,1.0,,1.0
drug0,GO_BP,GOBP_CILIUM_ORGANIZATION,0,40,50,1500,0.0,1.0,,1.0
drug0,GO_BP,GOBP_CILIUM_OR_FLAGELLUM_DEPENDENT_CELL_MOTILITY,0,31,50,1500,0.0,1.0,,1.0
drug0,GO_BP,GOBP_CIRCADIAN_RHYTHM,1,25,50,1500,1.2,0.5745095173169409,Ptgds,1.0
drug0,GO_BP,GOBP_CIRCULATORY_SYSTEM_DEVELOPMENT,3,209,50,1500,0.43062200956937796,0.9788418617115198,Apoe|Nrcam|Nrxn1,1.0
drug0,GO_BP,GOBP_CIRCULATORY_SYSTEM_PROCESS,6,101,50,1500,1.7821782178217822,0.11451833961970471,Apoe|Atp1b1|Atp2b1|Dock4|Ttr|Zeb2,0.8903937889091874
drug0,GO_BP,GOBP_COGNITION,7,66,50,1500,3.1818181818181817,0.005131946985300644,Apoe|Grin2a|Grin2b|Grm5|Nrxn1|Slc17a7|Snap25,0.11119218468151396
drug0,GO_BP,GOBP_COLLAGEN_ACTIVATED_SIGNALING_PATHWAY,1,21,50,1500,1.4285714285714286,0.5116902720131731,Epha5,1.0
drug0,GO_BP,GOBP_COLLAGEN_BIOSYNTHETIC_PROCESS,0,10,50,1500,0.0,1.0,,1.0
drug0,GO_BP,GOBP_COLLAGEN_FIBRIL_ORGANIZATION,0,18,50,1500,0.0,1.0,,1.0
drug0,GO_BP,GOBP_COLLAGEN_METABOLIC_PROCESS,0,18,50,1500,0.0,1.0,,1.0
drug0,GO_BP,GOBP_COLUMNAR_CUBOIDAL_EPITHELIAL_CELL_DIFFERENTIATION,0,22,50,1500,0.0,1.0,,1.0
drug0,GO_BP,GOBP_COMPLEMENT_ACTIVATION,0,11,50,1500,0.0,1.0,,1.0
drug0,GO_BP,GOBP_CONNECTIVE_TISSUE_DEVELOPMENT,0,48,50,1500,0.0,1.0,,1.0
drug0,GO_BP,GOBP_CRANIAL_SKELETAL_SYSTEM_DEVELOPMENT,0,13,50,1500,0.0,1.0,,1.0
drug0,GO_BP,GOBP_CYTOKINESIS,1,18,50,1500,1.6666666666666667,0.45869546617711976,Sptbn1,1.0
drug0,GO_BP,GOBP_CYTOKINE_MEDIATED_SIGNALING_PATHWAY,1,73,50,1500,0.4109589041095891,0.9209190537787387,Epha5,1.0
drug0,GO_BP,GOBP_CYTOKINE_PRODUCTION,4,112,50,1500,1.0714285714285714,0.5211047824263413,Atp2b1|Mbp|Sptbn1|Zbtb20,1.0
drug0,GO_BP,GOBP_CYTOKINE_PRODUCTION_INVOLVED_IN_IMMUNE_RESPONSE,0,22,50,1500,0.0,1.0,,1.0
drug0,GO_BP,GOBP_CYTOPLASMIC_PATTERN_RECOGNITION_RECEPTOR_SIGNALING_PATHWAY,0,16,50,1500,0.0,1.0,,1.0
drug0,GO_BP,GOBP_CYTOSKELETON_DEPENDENT_CYTOKINESIS,1,11,50,1500,2.7272727272727275,0.31215205147852715,Sptbn1,1.0
drug0,GO_BP,GOBP_CYTOSKELETON_DEPENDENT_INTRACELLULAR_TRANSPORT,0,14,50,1500,0.0,1.0,,1.0
drug0,GO_BP,GOBP_CYTOSKELETON_ORGANIZATION,4,170,50,1500,0.7058823529411764,0.8375866057392223,Epha5|Pclo|Sptbn1|Zeb2,1.0
drug0,GO_BP,GOBP_DEFENSE_RESPONSE_TO_BACTERIUM,0,35,50,1500,0.0,1.0,,1.0
drug0,GO_BP,GOBP_DEFENSE_RESPONSE_TO_GRAM_NEGATIVE_BACTERIUM,0,14,50,1500,0.0,1.0,,1.0
drug0,GO_BP,GOBP_DEFENSE_RESPONSE_TO_GRAM_POSITIVE_BACTERIUM,0,14,50,1500,0.0,1.0,,1.0
drug0,GO_BP,GOBP_DEFENSE_RESPONSE_TO_OTHER_ORGANISM,2,115,50,1500,0.5217391304347826,0.9082981124374044,Apoe|Camk2a,1.0
drug0,GO_BP,GOBP_DEFENSE_RESPONSE_TO_SYMBIONT,2,99,50,1500,0.6060606060606061,0.8553904376740875,Apoe|Camk2a,1.0
drug0,GO_BP,GOBP_DEFENSE_RESPONSE_TO_VIRUS,0,24,50,1500,0.0,1.0,,1.0
drug0,GO_BP,GOBP_DENDRITE_DEVELOPMENT,4,39,50,1500,3.0769230769230766,0.03804320919341868,Apoe|Camk2a|Dclk1|Epha5,0.47554011491773346
drug0,GO_BP,GOBP_DENDRITE_MORPHOGENESIS,3,27,50,1500,3.333333333333333,0.058094821376033876,Camk2a|Dclk1|Epha5,0.5756346630247259
drug0,GO_BP,GOBP_DENDRITIC_SPINE_DEVELOPMENT,3,19,50,1500,4.736842105263158,0.023183209906023995,Apoe|Camk2a|Epha5,0.3275888356286
drug0,GO_BP,GOBP_DENDRITIC_SPINE_MORPHOGENESIS,1,12,50,1500,2.5,0.33524969917904673,Epha5,1.0
drug0,GO_BP,GOBP_DEPHOSPHORYLATION,1,14,50,1500,2.142857142857143,0.3791877227557184,Plppr4,1.0
drug0,GO_BP,GOBP_DETECTION_OF_EXTERNAL_STIMULUS,3,16,50,1500,5.625,0.014373895602843016,Grin2a|Grin2b|Ttr,0.22899588582960687
drug0,GO_BP,GOBP_DETECTION_OF_MECHANICAL_STIMULUS,2,12,50,1500,5.0,0.05807792677281182,Grin2a|Grin2b,0.5756346630247259
drug0,GO_BP,GOBP_DETECTION_OF_MECHANICAL_STIMULUS_INVOLVED_IN_SENSORY_PERCEPTION,2,10,50,1500,6.0,0.04131092728840577,Grin2a|Grin2b,0.4829514880838804
drug0,GO_BP,GOBP_DETECTION_OF_STIMULUS,4,25,50,1500,4.8,0.008242907697159811,Grin2a|Grin2b|Syt1|Ttr,0.14719478030642522
drug0,GO_BP,GOBP_DETECTION_OF_STIMULUS_INVOLVED_IN_SENSORY_PERCEPTION,2,13,50,1500,4.615384615384615,0.06720522304156554,Grin2a|Grin2b,0.6276349853019769
drug0,GO_BP,GOBP_DETOXIFICATION,1,19,50,1500,1.5789473684210527,0.4769581022710094,Apoe,1.0
drug0,GO_BP,GOBP_DEVELOPMENTAL_CELL_GROWTH,5,51,50,1500,2.9411764705882355,0.02477317727952376,Apoe|Dclk1|Rims2|Syt1|Zeb2,0.3440719066600522
drug0,GO_BP,GOBP_DEVELOPMENTAL_GROWTH,6,121,50,1500,1.4876033057851241,0.21057372020978107,Apoe|Dclk1|Meg3|Rims2|Syt1|Zeb2,1.0
drug0,GO_BP,GOBP_DEVELOPMENTAL_GROWTH_INVOLVED_IN_MORPHOGENESIS,5,46,50,1500,3.260869565217391,0.016387636166515684,Apoe|Dclk1|Rims2|Syt1|Zeb2,0.24887765206156998
drug0,GO_BP,GOBP_DEVELOPMENTAL_MATURATION,3,54,50,1500,1.6666666666666665,0.267230303739711,Nrcam|Nrxn1|Slc17a7,1.0
drug0,GO_BP,GOBP_DEVELOPMENTAL_PROCESS_INVOLVED_IN_REPRODUCTION,4,110,50,1500,1.090909090909091,0.5064005002928904,Dcaf17|Kcnq1ot1|Meg3|Ptprn,1.0
drug0,GO_BP,GOBP_DEVELOPMENT_OF_PRIMARY_FEMALE_SEXUAL_CHARACTERISTICS,1,19,50,1500,1.5789473684210527,0.4769581022710094,Ptprn,1.0
drug0,GO_BP,GOBP_DEVELOPMENT_OF_PRIMARY_SEXUAL_CHARACTERISTICS,1,34,50,1500,0.8823529411764706,0.6883105763500479,Ptprn,1.0
drug0,GO_BP,GOBP_DICARBOXYLIC_ACID_TRANSPORT,2,24,50,1500,2.5,0.18923912647371055,Grin2b|Slc17a7,1.0
drug0,GO_BP,GOBP_DIENCEPHALON_DEVELOPMENT,1,15,50,1500,2.0,0.4000764265660914,Zeb2,1.0
drug0,GO_BP,GOBP_DIGESTION,0,11,50,1500,0.0,1.0,,1.0
drug0,GO_BP,GOBP_DIGESTIVE_SYSTEM_DEVELOPMENT,0,23,50,1500,0.0,1.0,,1.0
drug0,GO_BP,GOBP_DNA_BIOSYNTHETIC_PROCESS,0,14,50,1500,0.0,1.0,,1.0
drug0,GO_BP,GOBP_DNA_DAMAGE_RESPONSE,0,36,50,1500,0.0,1.0,,1.0
drug0,GO_BP,GOBP_DNA_METABOLIC_PROCESS,0,48,50,1500,0.0,1.0,,1.0
drug0,GO_BP,GOBP_DNA_RECOMBINATION,0,12,50,1500,0.0,1.0,,1.0
drug0,GO_BP,GOBP_DNA_REPAIR,0,15,50,1500,0.0,1.0,,1.0
drug0,GO_BP,GOBP_DNA_REPLICATION,0,12,50,1500,0.0,1.0,,1.0
drug0,GO_BP,GOBP_DORSAL_VENTRAL_PATTERN_FORMATION,0,11,50,1500,0.0,1.0,,1.0
drug0,GO_BP,GOBP_DOUBLE_STRAND_BREAK_REPAIR,0,10,50,1500,0.0,1.0,,1.0
drug0,GO_BP,GOBP_EAR_DEVELOPMENT,1,41,50,1500,0.7317073170731707,0.755653168747937,Plppr4,1.0
drug0,GO_BP,GOBP_EAR_MORPHOGENESIS,0,18,50,1500,0.0,1.0,,1.0
drug0,GO_BP,GOBP_EMBRYONIC_APPENDAGE_MORPHOGENESIS,0,15,50,1500,0.0,1.0,,1.0
drug0,GO_BP,GOBP_EMBRYONIC_HEART_TUBE_DEVELOPMENT,0,18,50,1500,0.0,1.0,,1.0
drug0,GO_BP,GOBP_EMBRYONIC_HEART_TUBE_MORPHOGENESIS,0,11,50,1500,0.0,1.0,,1.0
drug0,GO_BP,GOBP_EMBRYONIC_MORPHOGENESIS,2,90,50,1500,0.6666666666666666,0.8149282736792834,Mbp|Zeb2,1.0
drug0,GO_BP,GOBP_EMBRYONIC_ORGAN_DEVELOPMENT,0,82,50,1500,0.0,1.0,,1.0
drug0,GO_BP,GOBP_EMBRYONIC_ORGAN_MORPHOGENESIS,0,45,50,1500,0.0,1.0,,1.0
drug0,GO_BP,GOBP_EMBRYONIC_PLACENTA_DEVELOPMENT,0,21,50,1500,0.0,1.0,,1.0
drug0,GO_BP,GOBP_EMBRYONIC_PLACENTA_MORPHOGENESIS,0,10,50,1500,0.0,1.0,,1.0
drug0,GO_BP,GOBP_EMBRYONIC_SKELETAL_SYSTEM_DEVELOPMENT,0,16,50,1500,0.0,1.0,,1.0
drug0,GO_BP,GOBP_EMBRYONIC_SKELETAL_SYSTEM_MORPHOGENESIS,0,11,50,1500,0.0,1.0,,1.0
drug0,GO_BP,GOBP_EMBRYO_DEVELOPMENT,6,161,50,1500,1.1180124223602486,0.45243428785848294,Atp1b1|Celf4|Grin2b|Mbp|Meg3|Zeb2,1.0
drug0,GO_BP,GOBP_EMBRYO_DEVELOPMENT_ENDING_IN_BIRTH_OR_EGG_HATCHING,5,101,50,1500,1.4851485148514851,0.24312756562940346,Atp1b1|Celf4|Grin2b|Meg3|Zeb2,1.0
drug0,GO_BP,GOBP_ENDOCARDIAL_CUSHION_DEVELOPMENT,0,11,50,1500,0.0,1.0,,1.0
drug0,GO_BP,GOBP_ENDOCARDIAL_CUSHION_MORPHOGENESIS,0,10,50,1500,0.0,1.0,,1.0
drug0,GO_BP,GOBP_ENDOCRINE_HORMONE_SECRETION,0,12,50,1500,0.0,1.0,,1.0
drug0,GO_BP,GOBP_ENDOCRINE_PROCESS,0,18,50,1500,0.0,1.0,,1.0
drug0,GO_BP,GOBP_ENDOCRINE_SYSTEM_DEVELOPMENT,0,21,50,1500,0.0,1.0,,1.0
drug0,GO_BP,GOBP_ENDOCYTOSIS,4,84,50,1500,1.4285714285714286,0.30567542038139156,Apoe|Gria2|Slc17a7|Syt7,1.0
drug0,GO_BP,GOBP_ENDODERMAL_CELL_DIFFERENTIATION,0,12,50,1500,0.0,1.0,,1.0
drug0,GO_BP,GOBP_ENDODERM_DEVELOPMENT,0,16,50,1500,0.0,1.0,,1.0
drug0,GO_BP,GOBP_ENDODERM_FORMATION,0,14,50,1500,0.0,1.0,,1.0
drug0,GO_BP,GOBP_ENDOMEMBRANE_SYSTEM_ORGANIZATION,7,43,50,1500,4.883720930232558,0.0003831932794171149,Dcaf17|Rims2|Rtn1|Snap25|Sptbn1|Syt1|Syt7,0.015966386642379787
drug0,GO_BP,GOBP_ENDOSOMAL_TRANSPORT,1,12,50,1500,2.5,0.33524969917904673,Snap25,1.0
drug0,GO_BP,GOBP_ENDOTHELIAL_CELL_APOPTOTIC_PROCESS,0,17,50,1500,0.0,1.0,,1.0
drug0,GO_BP,GOBP_ENDOTHELIAL_CELL_CHEMOTAXIS,0,11,50,1500,0.0,1.0,,1.0
drug0,GO_BP,GOBP_ENDOTHELIAL_CELL_DEVELOPMENT,0,21,50,1500,0.0,1.0,,1.0
drug0,GO_BP,GOBP_ENDOTHELIAL_CELL_DIFFERENTIATION,0,32,50,1500,0.0,1.0,,1.0
drug0,GO_BP,GOBP_ENDOTHELIAL_CELL_MIGRATION,2,50,50,1500,1.2,0.5033344253193706,Apoe|Zeb2,1.0
drug0,GO_BP,GOBP_ENDOTHELIAL_CELL_PROLIFERATION,2,41,50,1500,1.4634146341463414,0.40039713749493766,Apoe|Zeb2,1.0
drug0,GO_BP,GOBP_ENDOTHELIUM_DEVELOPMENT,0,37,50,1500,0.0,1.0,,1.0
drug0,GO_BP,GOBP_ENERGY_DERIVATION_BY_OXIDATION_OF_ORGANIC_COMPOUNDS,0,27,50,1500,0.0,1.0,,1.0
drug0,GO_BP,GOBP_ENERGY_HOMEOSTASIS,1,18,50,1500,1.6666666666666667,0.45869546617711976,Apoe,1.0
drug0,GO_BP,GOBP_ENERGY_RESERVE_METABOLIC_PROCESS,0,11,50,1500,0.0,1.0,,1.0
drug0,GO_BP,GOBP_ENSHEATHMENT_OF_NEURONS,1,30,50,1500,1.0,0.6419855589414076,Mbp,1.0
drug0,GO_BP,GOBP_ENZYME_LINKED_RECEPTOR_PROTEIN_SIGNALING_PATHWAY,4,128,50,1500,0.9375,0.630911479949943,Epha5|Nrxn1|Sptbn1|Zeb2,1.0
drug0,GO_BP,GOBP_EPHRIN_RECEPTOR_SIGNALING_PATHWAY,1,21,50,1500,1.4285714285714286,0.5116902720131731,Epha5,1.0
drug0,GO_BP,GOBP_EPIDERMAL_CELL_DIFFERENTIATION,0,22,50,1500,0.0,1.0,,1.0
drug0,GO_BP,GOBP_EPIDERMIS_DEVELOPMENT,0,36,50,1500,0.0,1.0,,1.0
drug0,GO_BP,GOBP_EPIGENETIC_REGULATION_OF_GENE_EXPRESSION,2,12,50,1500,5.0,0.05807792677281182,Kcnq1ot1|Meg3,0.5756346630247259
drug0,GO_BP,GOBP_EPITHELIAL_CELL_APOPTOTIC_PROCESS,0,14,50,1500,0.0,1.0,,1.0
drug0,GO_BP,GOBP_EPITHELIAL_CELL_DEVELOPMENT,0,47,50,1500,0.0,1.0,,1.0
drug0,GO_BP,GOBP_EPITHELIAL_CELL_DIFFERENTIATION,1,112,50,1500,0.26785714285714285,0.9806972687571268,Zeb2,1.0
drug0,GO_BP,GOBP_EPITHELIAL_CELL_DIFFERENTIATION_INVOLVED_IN_KIDNEY_DEVELOPMENT,0,12,50,1500,0.0,1.0,,1.0
drug0,GO_BP,GOBP_EPITHELIAL_CELL_MORPHOGENESIS,0,10,50,1500,0.0,1.0,,1.0
drug0,GO_BP,GOBP_EPITHELIAL_CELL_PROLIFERATION,4,92,50,1500,1.3043478260869565,0.3681094303731707,Apoe|Ptprn|Rian|Zeb2,1.0
drug0,GO_BP,GOBP_EPITHELIAL_TO_MESENCHYMAL_TRANSITION,1,33,50,1500,0.9090909090909091,0.6773123609777841,Rian,1.0
drug0,GO_BP,GOBP_EPITHELIAL_TUBE_MORPHOGENESIS,1,60,50,1500,0.5,0.8745579719908251,Zeb2,1.0
drug0,GO_BP,GOBP_EPITHELIUM_DEVELOPMENT,1,185,50,1500,0.16216216216216214,0.998767971994388,Zeb2,1.0
drug0,GO_BP,GOBP_ERBB_SIGNALING_PATHWAY,1,27,50,1500,1.1111111111111112,0.60287685419108,Epha5,1.0
drug0,GO_BP,GOBP_ERK1_AND_ERK2_CASCADE,2,66,50,1500,0.9090909090909091,0.656874034295184,Apoe|Nrxn1,1.0
drug0,GO_BP,GOBP_ERYTHROCYTE_HOMEOSTASIS,0,25,50,1500,0.0,1.0,,1.0
drug0,GO_BP,GOBP_ESTABLISHMENT_OF_CELL_POLARITY,0,15,50,1500,0.0,1.0,,1.0
drug0,GO_BP,GOBP_ESTABLISHMENT_OF_ENDOTHELIAL_BARRIER,0,14,50,1500,0.0,1.0,,1.0
drug0,GO_BP,GOBP_ESTABLISHMENT_OF_ORGANELLE_LOCALIZATION,4,45,50,1500,2.6666666666666665,0.05956914793339073,Cadps|Pclo|Ptgds|Snap25,0.5831317192274695
drug0,GO_BP,GOBP_ESTABLISHMENT_OF_PROTEIN_LOCALIZATION,13,127,50,1500,3.0708661417322833,0.00014670630942321643,Apoe|Cadps|Camk2a|Epha5|Gria2|Grin2a|Nrxn1|Pclo|Ptprn|Rims2|Snap25|Sptbn1|Syt7,0.007690250090733119
drug0,GO_BP,GOBP_ESTABLISHMENT_OF_PROTEIN_LOCALIZATION_TO_MEMBRANE,3,14,50,1500,6.428571428571429,0.009792872234714329,Camk2a|Grin2a|Sptbn1,0.16929167427032749
drug0,GO_BP,GOBP_ESTABLISHMENT_OF_PROTEIN_LOCALIZATION_TO_ORGANELLE,1,30,50,1500,1.0,0.6419855589414076,Grin2a,1.0
drug0,GO_BP,GOBP_ESTABLISHMENT_OR_MAINTENANCE_OF_CELL_POLARITY,0,21,50,1500,0.0,1.0,,1.0
drug0,GO_BP,GOBP_EXCITATORY_SYNAPSE_ASSEMBLY,1,12,50,1500,2.5,0.33524969917904673,Nrxn1,1.0
drug0,GO_BP,GOBP_EXOCYTIC_PROCESS,7,17,50,1500,12.352941176470589,4.5010626381063684e-07,Cadps|Camk2a|Pclo|Rims2|Snap25|Syt1|Syt7,0.0001186483478668761
drug0,GO_BP,GOBP_EXOCYTOSIS,8,48,50,1500,5.0,0.00011723936000756051,Cadps|Camk2a|Pclo|Ptgds|Rims2|Snap25|Syt1|Syt7,0.00635046533374286
drug0,GO_BP,GOBP_EXPLORATION_BEHAVIOR,1,12,50,1500,2.5,0.33524969917904673,Apoe,1.0
drug0,GO_BP,GOBP_EXPORT_ACROSS_PLASMA_MEMBRANE,2,16,50,1500,3.75,0.0970847228115921,Atp1b1|Atp2b1,0.8049116049430468
drug0,GO_BP,GOBP_EXPORT_FROM_CELL,15,141,50,1500,3.1914893617021276,2.3945036806594856e-05,Apoe|Atp1b1|Atp2b1|Cadps|Camk2a|Epha5|Grin2b|Nrxn1|Pclo|Ptgds|Ptprn|Rims2|Snap25|Syt1|Syt7,0.001691768904813767
drug0,GO_BP,GOBP_EXTRACELLULAR_MATRIX_ASSEMBLY,0,13,50,1500,0.0,1.0,,1.0
drug0,GO_BP,GOBP_EXTRACELLULAR_STRUCTURE_ORGANIZATION,0,77,50,1500,0.0,1.0,,1.0
drug0,GO_BP,GOBP_EXTRACELLULAR_TRANSPORT,0,11,50,1500,0.0,1.0,,1.0
drug0,GO_BP,GOBP_EXTRINSIC_APOPTOTIC_SIGNALING_PATHWAY,0,35,50,1500,0.0,1.0,,1.0
drug0,GO_BP,GOBP_EXTRINSIC_APOPTOTIC_SIGNALING_PATHWAY_VIA_DEATH_DOMAIN_RECEPTORS,0,11,50,1500,0.0,1.0,,1.0
drug0,GO_BP,GOBP_EYE_MORPHOGENESIS,1,32,50,1500,0.9375,0.6659340944396241,Miat,1.0
drug0,GO_BP,GOBP_EYE_PHOTORECEPTOR_CELL_DIFFERENTIATION,1,10,50,1500,3.0,0.2882684421548648,Miat,1.0
drug0,GO_BP,GOBP_FACE_DEVELOPMENT,0,12,50,1500,0.0,1.0,,1.0
drug0,GO_BP,GOBP_FATTY_ACID_BIOSYNTHETIC_PROCESS,1,18,50,1500,1.6666666666666667,0.45869546617711976,Ptgds,1.0
drug0,GO_BP,GOBP_FATTY_ACID_METABOLIC_PROCESS,1,38,50,1500,0.7894736842105263,0.7287458866817691,Ptgds,1.0
drug0,GO_BP,GOBP_FATTY_ACID_TRANSPORT,1,20,50,1500,1.5,0.49461650530034706,Apoe,1.0
drug0,GO_BP,GOBP_FAT_CELL_DIFFERENTIATION,0,42,50,1500,0.0,1.0,,1.0
drug0,GO_BP,GOBP_FEAR_RESPONSE,2,11,50,1500,5.454545454545455,0.04943234891824236,Apoe|Grin2b,0.5250167777264303
drug0,GO_BP,GOBP_FEEDING_BEHAVIOR,1,20,50,1500,1.5,0.49461650530034706,Grin2b,1.0
drug0,GO_BP,GOBP_FEMALE_GAMETE_GENERATION,0,16,50,1500,0.0,1.0,,1.0
drug0,GO_BP,GOBP_FEMALE_SEX_DIFFERENTIATION,1,24,50,1500,1.25,0.5595904961849962,Ptprn,1.0
drug0,GO_BP,GOBP_FERTILIZATION,0,15,50,1500,0.0,1.0,,1.0
drug0,GO_BP,GOBP_FIBROBLAST_GROWTH_FACTOR_RECEPTOR_SIGNALING_PATHWAY,2,28,50,1500,2.142857142857143,0.2389147042643709,Epha5|Nrxn1,1.0
drug0,GO_BP,GOBP_FIBROBLAST_MIGRATION,1,12,50,1500,2.5,0.33524969917904673,Zeb2,1.0
drug0,GO_BP,GOBP_FIBROBLAST_PROLIFERATION,0,23,50,1500,0.0,1.0,,1.0
drug0,GO_BP,GOBP_FILOPODIUM_ASSEMBLY,1,13,50,1500,2.3076923076923075,0.3575867388571701,Nrxn1,1.0
drug0,GO_BP,GOBP_FOCAL_ADHESION_ASSEMBLY,0,17,50,1500,0.0,1.0,,1.0
drug0,GO_BP,GOBP_FOREBRAIN_DEVELOPMENT,3,90,50,1500,1.0,0.587439561666147,Dclk1|Epha5|Zeb2,1.0
drug0,GO_BP,GOBP_FOREBRAIN_GENERATION_OF_NEURONS,0,24,50,1500,0.0,1.0,,1.0
drug0,GO_BP,GOBP_FORMATION_OF_PRIMARY_GERM_LAYER,0,20,50,1500,0.0,1.0,,1.0
drug0,GO_BP,GOBP_GAMETE_GENERATION,4,75,50,1500,1.6,0.2375254969278539,Dcaf17|Kcnq1ot1|Meg3|Ptgds,1.0
drug0,GO_BP,GOBP_GASTRULATION,1,28,50,1500,1.0714285714285714,0.616356933817995,Mbp,1.0
drug0,GO_BP,GOBP_GENERATION_OF_NEURONS,15,255,50,1500,1.7647058823529411,0.014882985353840689,Apoe|Camk2a|Dclk1|Epha5|Mbp|Miat|Nrcam|Nrxn1|Ntng1|Plppr4|Rims2|Rtn1|Snap25|Syt1|Zeb2,0.23254664615376075
drug0,GO_BP,GOBP_GENERATION_OF_PRECURSOR_METABOLITES_AND_ENERGY,1,33,50,1500,0.9090909090909091,0.6773123609777841,Zbtb20,1.0
drug0,GO_BP,GOBP_GLAND_DEVELOPMENT,1,76,50,1500,0.39473684210526316,0.9289492663890474,Meg3,1.0
drug0,GO_BP,GOBP_GLAND_MORPHOGENESIS,0,26,50,1500,0.0,1.0,,1.0
drug0,GO_BP,GOBP_GLIAL_CELL_ACTIVATION,1,14,50,1500,2.142857142857143,0.3791877227557184,Zeb2,1.0
drug0,GO_BP,GOBP_GLIAL_CELL_DEVELOPMENT,1,36,50,1500,0.8333333333333334,0.7092162291569126,Zeb2,1.0
drug0,GO_BP,GOBP_GLIAL_CELL_DIFFERENTIATION,2,62,50,1500,0.9677419354838709,0.6222676450712645,Miat|Zeb2,1.0
drug0,GO_BP,GOBP_GLIAL_CELL_MIGRATION,0,22,50,1500,0.0,1.0,,1.0
drug0,GO_BP,GOBP_GLIAL_CELL_PROLIFERATION,0,19,50,1500,0.0,1.0,,1.0
drug0,GO_BP,GOBP_GLIOGENESIS,2,87,50,1500,0.6896551724137931,0.7994026787247901,Miat|Zeb2,1.0
drug0,GO_BP,GOBP_GLOMERULAR_EPITHELIUM_DEVELOPMENT,0,10,50,1500,0.0,1.0,,1.0
drug0,GO_BP,GOBP_GLOMERULUS_DEVELOPMENT,0,22,50,1500,0.0,1.0,,1.0
drug0,GO_BP,GOBP_GLUCOSE_METABOLIC_PROCESS,0,12,50,1500,0.0,1.0,,1.0
drug0,GO_BP,GOBP_GLUTAMATE_RECEPTOR_SIGNALING_PATHWAY,6,17,50,1500,10.588235294117647,9.477461040983662e-06,Camk2a|Gria2|Grin2a|Grin2b|Grm5|Nrxn1,0.0009625546369749032
drug0,GO_BP,GOBP_GLYCEROLIPID_BIOSYNTHETIC_PROCESS,0,16,50,1500,0.0,1.0,,1.0
drug0,GO_BP,GOBP_GLYCEROLIPID_METABOLIC_PROCESS,1,28,50,1500,1.0714285714285714,0.616356933817995,Apoe,1.0
drug0,GO_BP,GOBP_GLYCEROPHOSPHOLIPID_METABOLIC_PROCESS,0,18,50,1500,0.0,1.0,,1.0
drug0,GO_BP,GOBP_GLYCOPROTEIN_BIOSYNTHETIC_PROCESS,0,15,50,1500,0.0,1.0,,1.0
drug0,GO_BP,GOBP_GLYCOPROTEIN_METABOLIC_PROCESS,0,19,50,1500,0.0,1.0,,1.0
drug0,GO_BP,GOBP_GOLGI_VESICLE_TRANSPORT,1,12,50,1500,2.5,0.33524969917904673,Sptbn1,1.0
drug0,GO_BP,GOBP_GRANULOCYTE_CHEMOTAXIS,0,30,50,1500,0.0,1.0,,1.0
drug0,GO_BP,GOBP_GRANULOCYTE_MIGRATION,0,33,50,1500,0.0,1.0,,1.0
drug0,GO_BP,GOBP_GROWTH,6,144,50,1500,1.25,0.34608765609304076,Apoe|Dclk1|Meg3|Rims2|Syt1|Zeb2,1.0
drug0,GO_BP,GOBP_HEAD_DEVELOPMENT,5,135,50,1500,1.1111111111111112,0.47372741487837067,Dclk1|Epha5|Nrxn1|Rtn1|Zeb2,1.0
drug0,GO_BP,GOBP_HEAD_MORPHOGENESIS,0,10,50,1500,0.0,1.0,,1.0
drug0,GO_BP,GOBP_HEART_DEVELOPMENT,0,104,50,1500,0.0,1.0,,1.0
drug0,GO_BP,GOBP_HEART_GROWTH,0,26,50,1500,0.0,1.0,,1.0
drug0,GO_BP,GOBP_HEART_MORPHOGENESIS,0,51,50,1500,0.0,1.0,,1.0
drug0,GO_BP,GOBP_HEART_PROCESS,1,40,50,1500,0.75,0.7469883874978639,Atp1b1,1.0
drug0,GO_BP,GOBP_HEART_VALVE_DEVELOPMENT,0,13,50,1500,0.0,1.0,,1.0
drug0,GO_BP,GOBP_HEART_VALVE_MORPHOGENESIS,0,13,50,1500,0.0,1.0,,1.0
drug0,GO_BP,GOBP_HEMATOPOIETIC_OR_LYMPHOID_ORGAN_DEVELOPMENT,0,13,50,1500,0.0,1.0,,1.0
drug0,GO_BP,GOBP_HEMATOPOIETIC_PROGENITOR_CELL_DIFFERENTIATION,0,24,50,1500,0.0,1.0,,1.0
drug0,GO_BP,GOBP_HEMOPOIESIS,0,134,50,1500,0.0,1.0,,1.0
drug0,GO_BP,GOBP_HEMOSTASIS,1,28,50,1500,1.0714285714285714,0.616356933817995,Apoe,1.0
drug0,GO_BP,GOBP_HEPATICOBILIARY_SYSTEM_DEVELOPMENT,1,28,50,1500,1.0714285714285714,0.616356933817995,Meg3,1.0
drug0,GO_BP,GOBP_HEPATOCYTE_GROWTH_FACTOR_RECEPTOR_SIGNALING_PATHWAY,1,21,50,1500,1.4285714285714286,0.5116902720131731,Epha5,1.0
drug0,GO_BP,GOBP_HETEROPHILIC_CELL_CELL_ADHESION_VIA_PLASMA_MEMBRANE_CELL_ADHESION_MOLECULES,1,10,50,1500,3.0,0.2882684421548648,Nrxn1,1.0
drug0,GO_BP,GOBP_HETEROTYPIC_CELL_CELL_ADHESION,2,13,50,1500,4.615384615384615,0.06720522304156554,Mbp|Nrcam,0.6276349853019769
drug0,GO_BP,GOBP_HINDBRAIN_DEVELOPMENT,1,29,50,1500,1.0344827586206897,0.6293882879681989,Nrxn1,1.0
drug0,GO_BP,GOBP_HIPPOCAMPUS_DEVELOPMENT,2,25,50,1500,2.4,0.20153398901832625,Epha5|Zeb2,1.0
drug0,GO_BP,GOBP_HOMEOSTASIS_OF_NUMBER_OF_CELLS,0,57,50,1500,0.0,1.0,,1.0
drug0,GO_BP,GOBP_HOMEOSTASIS_OF_NUMBER_OF_CELLS_WITHIN_A_TISSUE,0,10,50,1500,0.0,1.0,,1.0
drug0,GO_BP,GOBP_HOMOPHILIC_CELL_ADHESION_VIA_PLASMA_MEMBRANE_ADHESION_MOLECULES,1,21,50,1500,1.4285714285714286,0.5116902720131731,Nrcam,1.0
drug0,GO_BP,GOBP_HOMOTYPIC_CELL_CELL_ADHESION,0,11,50,1500,0.0,1.0,,1.0
drug0,GO_BP,GOBP_HORMONE_MEDIATED_SIGNALING_PATHWAY,0,17,50,1500,0.0,1.0,,1.0
drug0,GO_BP,GOBP_HORMONE_METABOLIC_PROCESS,0,29,50,1500,0.0,1.0,,1.0
drug0,GO_BP,GOBP_HORMONE_TRANSPORT,6,57,50,1500,3.1578947368421053,0.010000904856733004,Epha5|Pclo|Ptprn|Rims2|Snap25|Syt7,0.1710681093914856
drug0,GO_BP,GOBP_HUMORAL_IMMUNE_RESPONSE,0,34,50,1500,0.0,1.0,,1.0
drug0,GO_BP,GOBP_ICOSANOID_METABOLIC_PROCESS,1,12,50,1500,2.5,0.33524969917904673,Ptgds,1.0
drug0,GO_BP,GOBP_IMMUNE_EFFECTOR_PROCESS,1,84,50,1500,0.35714285714285715,0.9466578341723516,Ptgds,1.0
drug0,GO_BP,GOBP_IMMUNE_RESPONSE_REGULATING_CELL_SURFACE_RECEPTOR_SIGNALING_PATHWAY,0,31,50,1500,0.0,1.0,,1.0
drug0,GO_BP,GOBP_IMMUNE_RESPONSE_REGULATING_SIGNALING_PATHWAY,0,44,50,1500,0.0,1.0,,1.0
drug0,GO_BP,GOBP_IMMUNE_SYSTEM_DEVELOPMENT,0,20,50,1500,0.0,1.0,,1.0
drug0,GO_BP,GOBP_IMMUNOGLOBULIN_PRODUCTION,0,10,50,1500,0.0,1.0,,1.0
drug0,GO_BP,GOBP_IMPORT_ACROSS_PLASMA_MEMBRANE,1,42,50,1500,0.7142857142857143,0.764026946378234,Atp1b1,1.0
drug0,GO_BP,GOBP_IMPORT_INTO_CELL,5,126,50,1500,1.1904761904761905,0.41218519550425714,Apoe|Atp1b1|Gria2|Slc17a7|Syt7,1.0
drug0,GO_BP,GOBP_IMPORT_INTO_NUCLEUS,0,17,50,1500,0.0,1.0,,1.0
drug0,GO_BP,GOBP_INFLAMMATORY_RESPONSE,2,137,50,1500,0.43795620437956206,0.9524618592145182,Apoe|Zeb2,1.0
drug0,GO_BP,GOBP_INFLAMMATORY_RESPONSE_TO_ANTIGENIC_STIMULUS,0,14,50,1500,0.0,1.0,,1.0
drug0,GO_BP,GOBP_INNATE_IMMUNE_RESPONSE_ACTIVATING_CELL_SURFACE_RECEPTOR_SIGNALING_PATHWAY,0,10,50,1500,0.0,1.0,,1.0
drug0,GO_BP,GOBP_INNERVATION,0,10,50,1500,0.0,1.0,,1.0
drug0,GO_BP,GOBP_INNER_EAR_MORPHOGENESIS,0,14,50,1500,0.0,1.0,,1.0
drug0,GO_BP,GOBP_INORGANIC_ANION_TRANSMEMBRANE_TRANSPORT,1,15,50,1500,2.0,0.4000764265660914,Slc17a7,1.0
drug0,GO_BP,GOBP_INORGANIC_ANION_TRANSPORT,1,23,50,1500,1.3043478260869565,0.5441591891136924,Slc17a7,1.0
drug0,GO_BP,GOBP_INORGANIC_ION_HOMEOSTASIS,5,75,50,1500,2.0,0.1001348551009755,Apoe|Atp1b1|Atp2b1|Grin2b|Slc17a7,0.8259854798938335
drug0,GO_BP,GOBP_INORGANIC_ION_IMPORT_ACROSS_PLASMA_MEMBRANE,1,17,50,1500,1.7647058823529411,0.4398083575301246,Atp1b1,1.0
drug0,GO_BP,GOBP_INSULIN_LIKE_GROWTH_FACTOR_RECEPTOR_SIGNALING_PATHWAY,1,25,50,1500,1.2,0.5745095173169409,Epha5,1.0
drug0,GO_BP,GOBP_INSULIN_RECEPTOR_SIGNALING_PATHWAY,1,32,50,1500,0.9375,0.6659340944396241,Epha5,1.0
drug0,GO_BP,GOBP_INSULIN_SECRETION,6,32,50,1500,5.625,0.00047287002459183965,Epha5|Pclo|Ptprn|Rims2|Snap25|Syt7,0.017870088138645105
drug0,GO_BP,GOBP_INSULIN_SECRETION_INVOLVED_IN_CELLULAR_RESPONSE_TO_GLUCOSE_STIMULUS,2,12,50,1500,5.0,0.05807792677281182,Epha5|Ptprn,0.5756346630247259
drug0,GO_BP,GOBP_INTEGRIN_MEDIATED_SIGNALING_PATHWAY,0,19,50,1500,0.0,1.0,,1.0
drug0,GO_BP,GOBP_INTERLEUKIN_1_BETA_PRODUCTION,0,17,50,1500,0.0,1.0,,1.0
drug0,GO_BP,GOBP_INTERLEUKIN_1_PRODUCTION,0,19,50,1500,0.0,1.0,,1.0
drug0,GO_BP,GOBP_INTERLEUKIN_2_PRODUCTION,1,17,50,1500,1.7647058823529411,0.4398083575301246,Sptbn1,1.0
drug0,GO_BP,GOBP_INTERLEUKIN_6_PRODUCTION,2,29,50,1500,2.0689655172413794,0.25147901761228364,Mbp|Zbtb20,1.0
drug0,GO_BP,GOBP_INTERLEUKIN_8_PRODUCTION,0,11,50,1500,0.0,1.0,,1.0
drug0,GO_BP,GOBP_INTRACELLULAR_GLUCOSE_HOMEOSTASIS,3,24,50,1500,3.75,0.04309557126901202,Epha5|Ptprn|Zbtb20,0.4931711500855249
drug0,GO_BP,GOBP_INTRACELLULAR_MONOATOMIC_ION_HOMEOSTASIS,4,64,50,1500,1.875,0.16099743971308023,Apoe|Atp1b1|Atp2b1|Grin2b,1.0
drug0,GO_BP,GOBP_INTRACELLULAR_PROTEIN_TRANSPORT,1,40,50,1500,0.75,0.7469883874978639,Rims2,1.0
drug0,GO_BP,GOBP_INTRACELLULAR_RECEPTOR_SIGNALING_PATHWAY,0,36,50,1500,0.0,1.0,,1.0
drug0,GO_BP,GOBP_INTRACELLULAR_SIGNALING_CASSETTE,11,223,50,1500,1.4798206278026906,0.11065940234190816,Apoe|Atp1b1|Dock4|Epha5|Grin2a|Grin2b|Grm5|Mbp|Nrxn1|Sptbn1|Zeb2,0.8645265807961575
drug0,GO_BP,GOBP_INTRACELLULAR_TRANSPORT,3,75,50,1500,1.2,0.4614754911113825,Rims2|Snap25|Syt7,1.0
drug0,GO_BP,GOBP_INTRINSIC_APOPTOTIC_SIGNALING_PATHWAY,0,31,50,1500,0.0,1.0,,1.0
drug0,GO_BP,GOBP_INTRINSIC_APOPTOTIC_SIGNALING_PATHWAY_BY_P53_CLASS_MEDIATOR,0,11,50,1500,0.0,1.0,,1.0
drug0,GO_BP,GOBP_INTRINSIC_APOPTOTIC_SIGNALING_PATHWAY_IN_RESPONSE_TO_DNA_DAMAGE,0,16,50,1500,0.0,1.0,,1.0
drug0,GO_BP,GOBP_IN_UTERO_EMBRYONIC_DEVELOPMENT,4,70,50,1500,1.7142857142857142,0.20155313127372476,Atp1b1|Celf4|Grin2b|Meg3,1.0
drug0,GO_BP,GOBP_IONOTROPIC_GLUTAMATE_RECEPTOR_SIGNALING_PATHWAY,5,14,50,1500,10.714285714285714,5.3696564487183934e-05,Camk2a|Gria2|Grin2a|Grin2b|Nrxn1,0.0032317376774694036
drug0,GO_BP,GOBP_JNK_CASCADE,0,17,50,1500,0.0,1.0,,1.0
drug0,GO_BP,GOBP_KERATINOCYTE_DIFFERENTIATION,0,14,50,1500,0.0,1.0,,1.0
drug0,GO_BP,GOBP_KETONE_METABOLIC_PROCESS,0,22,50,1500,0.0,1.0,,1.0
drug0,GO_BP,GOBP_KIDNEY_EPITHELIUM_DEVELOPMENT,0,27,50,1500,0.0,1.0,,1.0
drug0,GO_BP,GOBP_KIDNEY_MORPHOGENESIS,0,16,50,1500,0.0,1.0,,1.0
drug0,GO_BP,GOBP_LABYRINTHINE_LAYER_DEVELOPMENT,0,10,50,1500,0.0,1.0,,1.0
drug0,GO_BP,GOBP_LACTATION,0,11,50,1500,0.0,1.0,,1.0
drug0,GO_BP,GOBP_LEARNING,5,40,50,1500,3.75,0.00914748794093186,Grin2a|Grin2b|Grm5|Nrxn1|Snap25,0.16157247721754642
drug0,GO_BP,GOBP_LENS_DEVELOPMENT_IN_CAMERA_TYPE_EYE,1,15,50,1500,2.0,0.4000764265660914,Zeb2,1.0
drug0,GO_BP,GOBP_LEUKOCYTE_ACTIVATION_INVOLVED_IN_INFLAMMATORY_RESPONSE,0,11,50,1500,0.0,1.0,,1.0
drug0,GO_BP,GOBP_LEUKOCYTE_ADHESION_TO_VASCULAR_ENDOTHELIAL_CELL,0,12,50,1500,0.0,1.0,,1.0
drug0,GO_BP,GOBP_LEUKOCYTE_APOPTOTIC_PROCESS,0,20,50,1500,0.0,1.0,,1.0
drug0,GO_BP,GOBP_LEUKOCYTE_CELL_CELL_ADHESION,0,60,50,1500,0.0,1.0,,1.0
drug0,GO_BP,GOBP_LEUKOCYTE_CHEMOTAXIS,0,45,50,1500,0.0,1.0,,1.0
drug0,GO_BP,GOBP_LEUKOCYTE_DEGRANULATION,1,12,50,1500,2.5,0.33524969917904673,Ptgds,1.0
drug0,GO_BP,GOBP_LEUKOCYTE_DIFFERENTIATION,0,84,50,1500,0.0,1.0,,1.0
drug0,GO_BP,GOBP_LEUKOCYTE_HOMEOSTASIS,0,20,50,1500,0.0,1.0,,1.0
drug0,GO_BP,GOBP_LEUKOCYTE_MEDIATED_CYTOTOXICITY,0,11,50,1500,0.0,1.0,,1.0
drug0,GO_BP,GOBP_LEUKOCYTE_MEDIATED_IMMUNITY,1,47,50,1500,0.6382978723404256,0.8018554794378209,Ptgds,1.0
drug0,GO_BP,GOBP_LEUKOCYTE_MIGRATION,0,65,50,1500,0.0,1.0,,1.0
drug0,GO_BP,GOBP_LEUKOCYTE_PROLIFERATION,0,58,50,1500,0.0,1.0,,1.0
drug0,GO_BP,GOBP_LIGAND_GATED_ION_CHANNEL_SIGNALING_PATHWAY,5,15,50,1500,10.0,7.852787473853652e-05,Camk2a|Gria2|Grin2a|Grin2b|Nrxn1,0.00440026884310765
drug0,GO_BP,GOBP_LIMBIC_SYSTEM_DEVELOPMENT,2,33,50,1500,1.8181818181818181,0.301829565218506,Epha5|Zeb2,1.0
drug0,GO_BP,GOBP_LIPID_BIOSYNTHETIC_PROCESS,3,54,50,1500,1.6666666666666665,0.267230303739711,Apoe|Ptgds|Zbtb20,1.0
drug0,GO_BP,GOBP_LIPID_CATABOLIC_PROCESS,1,28,50,1500,1.0714285714285714,0.616356933817995,Apoe,1.0
drug0,GO_BP,GOBP_LIPID_EXPORT_FROM_CELL,0,12,50,1500,0.0,1.0,,1.0
drug0,GO_BP,GOBP_LIPID_HOMEOSTASIS,2,15,50,1500,4.0,0.08674586941049843,Apoe|Zbtb20,0.7619569610381619
drug0,GO_BP,GOBP_LIPID_LOCALIZATION,3,55,50,1500,1.6363636363636365,0.2764661602246375,Apoe|Plppr4|Syt7,1.0
drug0,GO_BP,GOBP_LIPID_METABOLIC_PROCESS,5,107,50,1500,1.4018691588785046,0.282280215719383,Apoe|Plppr4|Ptgds|Ttr|Zbtb20,1.0
drug0,GO_BP,GOBP_LIPID_MODIFICATION,1,21,50,1500,1.4285714285714286,0.5116902720131731,Plppr4,1.0
drug0,GO_BP,GOBP_LIPID_OXIDATION,0,14,50,1500,0.0,1.0,,1.0
drug0,GO_BP,GOBP_LOCALIZATION_WITHIN_MEMBRANE,8,64,50,1500,3.75,0.000912587877072789,Apoe|Atp1b1|Camk2a|Dpp6|Grin2a|Grin2b|Nrxn1|Sptbn1,0.028518371158524656
drug0,GO_BP,GOBP_LOCOMOTION,6,221,50,1500,0.8144796380090498,0.7696135738853357,Apoe|Camk2a|Dock4|Grin2a|Ntng1|Zeb2,1.0
drug0,GO_BP,GOBP_LOCOMOTORY_BEHAVIOR,5,47,50,1500,3.1914893617021276,0.01788387116518451,Apoe|Bc1|Grin2a|Grm5|Snap25,0.26419355130386213
drug0,GO_BP,GOBP_LONG_CHAIN_FATTY_ACID_METABOLIC_PROCESS,1,11,50,1500,2.7272727272727275,0.31215205147852715,Ptgds,1.0
drug0,GO_BP,GOBP_LONG_CHAIN_FATTY_ACID_TRANSPORT,1,12,50,1500,2.5,0.33524969917904673,Apoe,1.0
drug0,GO_BP,GOBP_LONG_TERM_MEMORY,3,13,50,1500,6.9230769230769225,0.007877797294666476,Apoe|Slc17a7|Snap25,0.1438361865599216
drug0,GO_BP,GOBP_LONG_TERM_SYNAPTIC_POTENTIATION,5,23,50,1500,6.521739130434782,0.0007184901473529297,Apoe|Grin2a|Grin2b|Nrgn|Snap25,0.02382747937650022
drug0,GO_BP,GOBP_LUNG_ALVEOLUS_DEVELOPMENT,1,11,50,1500,2.7272727272727275,0.31215205147852715,Meg3,1.0
drug0,GO_BP,GOBP_LUNG_EPITHELIUM_DEVELOPMENT,0,10,50,1500,0.0,1.0,,1.0
drug0,GO_BP,GOBP_LYMPHOCYTE_ACTIVATION,0,92,50,1500,0.0,1.0,,1.0
drug0,GO_BP,GOBP_LYMPHOCYTE_ACTIVATION_INVOLVED_IN_IMMUNE_RESPONSE,0,28,50,1500,0.0,1.0,,1.0
drug0,GO_BP,GOBP_LYMPHOCYTE_APOPTOTIC_PROCESS,0,12,50,1500,0.0,1.0,,1.0
drug0,GO_BP,GOBP_LYMPHOCYTE_DIFFERENTIATION,0,51,50,1500,0.0,1.0,,1.0
drug0,GO_BP,GOBP_LYMPHOCYTE_MEDIATED_IMMUNITY,0,32,50,1500,0.0,1.0,,1.0
drug0,GO_BP,GOBP_LYMPHOCYTE_MIGRATION,0,11,50,1500,0.0,1.0,,1.0
drug0,GO_BP,GOBP_LYMPH_VESSEL_DEVELOPMENT,0,10,50,1500,0.0,1.0,,1.0
drug0,GO_BP,GOBP_L_ALPHA_AMINO_ACID_TRANSMEMBRANE_TRANSPORT,1,20,50,1500,1.5,0.49461650530034706,Slc17a7,1.0
drug0,GO_BP,GOBP_L_AMINO_ACID_METABOLIC_PROCESS,0,14,50,1500,0.0,1.0,,1.0
drug0,GO_BP,GOBP_L_AMINO_ACID_TRANSPORT,1,21,50,1500,1.4285714285714286,0.5116902720131731,Slc17a7,1.0
drug0,GO_BP,GOBP_L_GLUTAMATE_IMPORT,1,11,50,1500,2.7272727272727275,0.31215205147852715,Slc17a7,1.0
drug0,GO_BP,GOBP_MACROAUTOPHAGY,0,15,50,1500,0.0,1.0,,1.0
drug0,GO_BP,GOBP_MACROMOLECULE_CATABOLIC_PROCESS,3,76,50,1500,1.1842105263157896,0.47037536398765967,Apoe|Dlgap1|Grin2a,1.0
drug0,GO_BP,GOBP_MACROPHAGE_ACTIVATION,0,22,50,1500,0.0,1.0,,1.0
drug0,GO_BP,GOBP_MACROPHAGE_CHEMOTAXIS,0,13,50,1500,0.0,1.0,,1.0
drug0,GO_BP,GOBP_MACROPHAGE_DIFFERENTIATION,0,15,50,1500,0.0,1.0,,1.0
drug0,GO_BP,GOBP_MACROPHAGE_MIGRATION,0,16,50,1500,0.0,1.0,,1.0
drug0,GO_BP,GOBP_MAINTENANCE_OF_CELL_NUMBER,2,22,50,1500,2.7272727272727275,0.1650200797304365,Brd9|Miat,1.0
drug0,GO_BP,GOBP_MAINTENANCE_OF_LOCATION,1,27,50,1500,1.1111111111111112,0.60287685419108,Apoe,1.0
drug0,GO_BP,GOBP_MALE_GAMETE_GENERATION,1,53,50,1500,0.5660377358490566,0.8394633427053331,Dcaf17,1.0
drug0,GO_BP,GOBP_MALE_SEX_DIFFERENTIATION,0,20,50,1500,0.0,1.0,,1.0
drug0,GO_BP,GOBP_MAMMARY_GLAND_DEVELOPMENT,0,26,50,1500,0.0,1.0,,1.0
drug0,GO_BP,GOBP_MAMMARY_GLAND_EPITHELIUM_DEVELOPMENT,0,13,50,1500,0.0,1.0,,1.0
drug0,GO_BP,GOBP_MAPK_CASCADE,6,118,50,1500,1.5254237288135595,0.1945407969929274,Apoe|Grin2b|Grm5|Mbp|Nrxn1|Zeb2,1.0
drug0,GO_BP,GOBP_MAST_CELL_ACTIVATION,1,12,50,1500,2.5,0.33524969917904673,Ptgds,1.0
drug0,GO_BP,GOBP_MATERNAL_PROCESS_INVOLVED_IN_FEMALE_PREGNANCY,0,11,50,1500,0.0,1.0,,1.0
drug0,GO_BP,GOBP_MEIOSIS_I_CELL_CYCLE_PROCESS,0,13,50,1500,0.0,1.0,,1.0
drug0,GO_BP,GOBP_MEIOTIC_CELL_CYCLE,0,27,50,1500,0.0,1.0,,1.0
drug0,GO_BP,GOBP_MEIOTIC_CELL_CYCLE_PROCESS,0,21,50,1500,0.0,1.0,,1.0
drug0,GO_BP,GOBP_MEIOTIC_CHROMOSOME_SEGREGATION,0,10,50,1500,0.0,1.0,,1.0
drug0,GO_BP,GOBP_MEMBRANELESS_ORGANELLE_ASSEMBLY,1,42,50,1500,0.7142857142857143,0.764026946378234,Syt1,1.0
drug0,GO_BP,GOBP_MEMBRANE_BIOGENESIS,2,11,50,1500,5.454545454545455,0.04943234891824236,Nrxn1|Sptbn1,0.5250167777264303
drug0,GO_BP,GOBP_MEMBRANE_DEPOLARIZATION,0,17,50,1500,0.0,1.0,,1.0
drug0,GO_BP,GOBP_MEMBRANE_DOCKING,3,12,50,1500,7.5,0.006204459645394968,Camk2a|Rims2|Syt1,0.12447218424403486
drug0,GO_BP,GOBP_MEMBRANE_FUSION,4,20,50,1500,6.0,0.003571145496803295,Rims2|Snap25|Syt1|Syt7,0.08410306423630949
drug0,GO_BP,GOBP_MEMBRANE_INVAGINATION,0,11,50,1500,0.0,1.0,,1.0
drug0,GO_BP,GOBP_MEMBRANE_LIPID_METABOLIC_PROCESS,0,11,50,1500,0.0,1.0,,1.0
drug0,GO_BP,GOBP_MEMBRANE_ORGANIZATION,10,85,50,1500,3.5294117647058822,0.0003181372304777664,Apoe|Camk2a|Mbp|Nrcam|Nrxn1|Rims2|Snap25|Sptbn1|Syt1|Syt7,0.013972243230442442
drug0,GO_BP,GOBP_MEMORY,5,36,50,1500,4.166666666666667,0.005796454203818615,Apoe|Grin2a|Grin2b|Slc17a7|Snap25,0.12393734317375328
drug0,GO_BP,GOBP_MESENCHYMAL_CELL_DIFFERENTIATION,2,54,50,1500,1.1111111111111112,0.5454604803481333,Rian|Zeb2,1.0
drug0,GO_BP,GOBP_MESENCHYMAL_CELL_MIGRATION,1,18,50,1500,1.6666666666666667,0.45869546617711976,Zeb2,1.0
drug0,GO_BP,GOBP_MESENCHYME_DEVELOPMENT,2,60,50,1500,1.0,0.6040144176935394,Rian|Zeb2,1.0
drug0,GO_BP,GOBP_MESENCHYME_MORPHOGENESIS,0,15,50,1500,0.0,1.0,,1.0
drug0,GO_BP,GOBP_MESODERM_DEVELOPMENT,0,13,50,1500,0.0,1.0,,1.0
drug0,GO_BP,GOBP_MESONEPHROS_DEVELOPMENT,0,16,50,1500,0.0,1.0,,1.0
drug0,GO_BP,GOBP_METANEPHROS_DEVELOPMENT,0,18,50,1500,0.0,1.0,,1.0
drug0,GO_BP,GOBP_METAPHASE_CHROMOSOME_ALIGNMENT,0,10,50,1500,0.0,1.0,,1.0
drug0,GO_BP,GOBP_METENCEPHALON_DEVELOPMENT,1,19,50,1500,1.5789473684210527,0.4769581022710094,Nrxn1,1.0
drug0,GO_BP,GOBP_MICROTUBULE_BASED_MOVEMENT,0,50,50,1500,0.0,1.0,,1.0
drug0,GO_BP,GOBP_MICROTUBULE_BASED_PROCESS,0,95,50,1500,0.0,1.0,,1.0
drug0,GO_BP,GOBP_MICROTUBULE_BASED_TRANSPORT,0,23,50,1500,0.0,1.0,,1.0
drug0,GO_BP,GOBP_MICROTUBULE_BUNDLE_FORMATION,0,24,50,1500,0.0,1.0,,1.0
drug0,GO_BP,GOBP_MICROTUBULE_CYTOSKELETON_ORGANIZATION,0,67,50,1500,0.0,1.0,,1.0
drug0,GO_BP,GOBP_MICROTUBULE_CYTOSKELETON_ORGANIZATION_INVOLVED_IN_MITOSIS,0,15,50,1500,0.0,1.0,,1.0
drug0,GO_BP,GOBP_MICROTUBULE_POLYMERIZATION,0,11,50,1500,0.0,1.0,,1.0
drug0,GO_BP,GOBP_MICROTUBULE_POLYMERIZATION_OR_DEPOLYMERIZATION,0,14,50,1500,0.0,1.0,,1.0
drug0,GO_BP,GOBP_MIRNA_METABOLIC_PROCESS,0,16,50,1500,0.0,1.0,,1.0
drug0,GO_BP,GOBP_MIRNA_TRANSCRIPTION,0,16,50,1500,0.0,1.0,,1.0
drug0,GO_BP,GOBP_MITOCHONDRIAL_TRANSPORT,1,11,50,1500,2.7272727272727275,0.31215205147852715,Camk2a,1.0
drug0,GO_BP,GOBP_MITOCHONDRION_ORGANIZATION,1,36,50,1500,0.8333333333333334,0.7092162291569126,Camk2a,1.0
drug0,GO_BP,GOBP_MITOTIC_CELL_CYCLE,2,85,50,1500,0.7058823529411764,0.7884395457005132,Camk2a|Sptbn1,1.0
drug0,GO_BP,GOBP_MITOTIC_CELL_CYCLE_CHECKPOINT_SIGNALING,0,11,50,1500,0.0,1.0,,1.0
drug0,GO_BP,GOBP_MITOTIC_CELL_CYCLE_PHASE_TRANSITION,1,45,50,1500,0.6666666666666666,0.7874965257547175,Camk2a,1.0
drug0,GO_BP,GOBP_MITOTIC_CYTOKINESIS,1,11,50,1500,2.7272727272727275,0.31215205147852715,Sptbn1,1.0
drug0,GO_BP,GOBP_MITOTIC_NUCLEAR_DIVISION,0,31,50,1500,0.0,1.0,,1.0
drug0,GO_BP,GOBP_MITOTIC_SISTER_CHROMATID_SEGREGATION,0,17,50,1500,0.0,1.0,,1.0
drug0,GO_BP,GOBP_MITOTIC_SPINDLE_ORGANIZATION,0,12,50,1500,0.0,1.0,,1.0
drug0,GO_BP,GOBP_MODIFICATION_DEPENDENT_MACROMOLECULE_CATABOLIC_PROCESS,0,26,50,1500,0.0,1.0,,1.0
drug0,GO_BP,GOBP_MODIFIED_AMINO_ACID_METABOLIC_PROCESS,0,14,50,1500,0.0,1.0,,1.0
drug0,GO_BP,GOBP_MODIFIED_AMINO_ACID_TRANSPORT,0,10,50,1500,0.0,1.0,,1.0
drug0,GO_BP,GOBP_MODULATION_OF_EXCITATORY_POSTSYNAPTIC_POTENTIAL,6,15,50,1500,12.0,4.033943984478775e-06,Celf4|Grin2a|Grin2b|Nrxn1|Pclo|Rims2,0.00046822564105557213
drug0,GO_BP,GOBP_MODULATION_OF_PROCESS_OF_ANOTHER_ORGANISM,1,11,50,1500,2.7272727272727275,0.31215205147852715,Apoe,1.0
drug0,GO_BP,GOBP_MOLTING_CYCLE,0,16,50,1500,0.0,1.0,,1.0
drug0,GO_BP,GOBP_MOLTING_CYCLE_PROCESS,0,16,50,1500,0.0,1.0,,1.0
drug0,GO_BP,GOBP_MONOAMINE_TRANSPORT,3,16,50,1500,5.625,0.014373895602843016,Cadps|Syt1|Syt7,0.22899588582960687
drug0,GO_BP,GOBP_MONOATOMIC_ANION_TRANSMEMBRANE_TRANSPORT,1,17,50,1500,1.7647058823529411,0.4398083575301246,Slc17a7,1.0
drug0,GO_BP,GOBP_MONOATOMIC_ANION_TRANSPORT,1,20,50,1500,1.5,0.49461650530034706,Slc17a7,1.0
drug0,GO_BP,GOBP_MONOATOMIC_CATION_TRANSMEMBRANE_TRANSPORT,8,99,50,1500,2.4242424242424243,0.014347138891348447,Atp1b1|Atp2b1|Dpp6|Gria2|Grin2a|Grin2b|Slc17a7|Snap25,0.22899588582960687
drug0,GO_BP,GOBP_MONOATOMIC_CATION_TRANSPORT,9,126,50,1500,2.142857142857143,0.020204918668636086,Atp1b1|Atp2b1|Camk2a|Dpp6|Gria2|Grin2a|Grin2b|Slc17a7|Snap25,0.29315172175476467
drug0,GO_BP,GOBP_MONOATOMIC_ION_HOMEOSTASIS,4,76,50,1500,1.5789473684210527,0.24491191778864405,Apoe|Atp1b1|Atp2b1|Grin2b,1.0
drug0,GO_BP,GOBP_MONOATOMIC_ION_TRANSMEMBRANE_TRANSPORT,8,120,50,1500,2.0,0.040986618735880415,Atp1b1|Atp2b1|Dpp6|Gria2|Grin2a|Grin2b|Slc17a7|Snap25,0.4829514880838804
drug0,GO_BP,GOBP_MONOATOMIC_ION_TRANSPORT,9,154,50,1500,1.753246753246753,0.0629509715078236,Atp1b1|Atp2b1|Camk2a|Dpp6|Gria2|Grin2a|Grin2b|Slc17a7|Snap25,0.6113365926341142
drug0,GO_BP,GOBP_MONOCARBOXYLIC_ACID_BIOSYNTHETIC_PROCESS,1,23,50,1500,1.3043478260869565,0.5441591891136924,Ptgds,1.0
drug0,GO_BP,GOBP_MONOCARBOXYLIC_ACID_METABOLIC_PROCESS,2,58,50,1500,1.0344827586206897,0.5851264814879288,Ptgds|Zbtb20,1.0
drug0,GO_BP,GOBP_MONOCARBOXYLIC_ACID_TRANSPORT,1,30,50,1500,1.0,0.6419855589414076,Apoe,1.0
drug0,GO_BP,GOBP_MONOCYTE_CHEMOTAXIS,0,13,50,1500,0.0,1.0,,1.0
drug0,GO_BP,GOBP_MONONUCLEAR_CELL_DIFFERENTIATION,0,69,50,1500,0.0,1.0,,1.0
drug0,GO_BP,GOBP_MONONUCLEAR_CELL_MIGRATION,0,33,50,1500,0.0,1.0,,1.0
drug0,GO_BP,GOBP_MONOSACCHARIDE_METABOLIC_PROCESS,0,15,50,1500,0.0,1.0,,1.0
drug0,GO_BP,GOBP_MONOSACCHARIDE_TRANSMEMBRANE_TRANSPORT,0,10,50,1500,0.0,1.0,,1.0
drug0,GO_BP,GOBP_MORPHOGENESIS_OF_AN_EPITHELIUM,1,83,50,1500,0.3614457831325301,0.9447067673900675,Zeb2,1.0
drug0,GO_BP,GOBP_MORPHOGENESIS_OF_A_BRANCHING_STRUCTURE,0,42,50,1500,0.0,1.0,,1.0
drug0,GO_BP,GOBP_MORPHOGENESIS_OF_EMBRYONIC_EPITHELIUM,1,18,50,1500,1.6666666666666667,0.45869546617711976,Zeb2,1.0
drug0,GO_BP,GOBP_MOTILE_CILIUM_ASSEMBLY,0,13,50,1500,0.0,1.0,,1.0
drug0,GO_BP,GOBP_MRNA_METABOLIC_PROCESS,1,21,50,1500,1.4285714285714286,0.5116902720131731,Celf4,1.0
drug0,GO_BP,GOBP_MRNA_PROCESSING,1,10,50,1500,3.0,0.2882684421548648,Celf4,1.0
drug0,GO_BP,GOBP_MULTICELLULAR_ORGANISMAL_LEVEL_CHEMICAL_HOMEOSTASIS,0,12,50,1500,0.0,1.0,,1.0
drug0,GO_BP,GOBP_MULTICELLULAR_ORGANISMAL_LEVEL_HOMEOSTASIS,3,126,50,1500,0.7142857142857143,0.8071875285767773,Apoe|Mbp|Zeb2,1.0
drug0,GO_BP,GOBP_MULTICELLULAR_ORGANISMAL_MOVEMENT,0,10,50,1500,0.0,1.0,,1.0
drug0,GO_BP,GOBP_MULTICELLULAR_ORGANISMAL_REPRODUCTIVE_PROCESS,5,104,50,1500,1.4423076923076923,0.2625142603087795,Dcaf17|Kcnq1ot1|Meg3|Ptgds|Ptprn,1.0
drug0,GO_BP,GOBP_MULTICELLULAR_ORGANISMAL_RESPONSE_TO_STRESS,2,26,50,1500,2.3076923076923075,0.21392436250078883,Apoe|Grin2b,1.0
drug0,GO_BP,GOBP_MULTICELLULAR_ORGANISM_GROWTH,1,25,50,1500,1.2,0.5745095173169409,Meg3,1.0
drug0,GO_BP,GOBP_MULTI_MULTICELLULAR_ORGANISM_PROCESS,0,31,50,1500,0.0,1.0,,1.0
drug0,GO_BP,GOBP_MUSCLE_ADAPTATION,0,20,50,1500,0.0,1.0,,1.0
drug0,GO_BP,GOBP_MUSCLE_CELL_APOPTOTIC_PROCESS,1,17,50,1500,1.7647058823529411,0.4398083575301246,Camk2a,1.0
drug0,GO_BP,GOBP_MUSCLE_CELL_DEVELOPMENT,0,43,50,1500,0.0,1.0,,1.0
drug0,GO_BP,GOBP_MUSCLE_CELL_DIFFERENTIATION,0,70,50,1500,0.0,1.0,,1.0
drug0,GO_BP,GOBP_MUSCLE_CELL_MIGRATION,1,35,50,1500,0.8571428571428571,0.6989411842507965,Dock4,1.0
drug0,GO_BP,GOBP_MUSCLE_CELL_PROLIFERATION,1,57,50,1500,0.5263157894736842,0.8605491527572983,Apoe,1.0
drug0,GO_BP,GOBP_MUSCLE_CONTRACTION,3,54,50,1500,1.6666666666666665,0.267230303739711,Atp1b1|Atp2b1|Dock4,1.0
drug0,GO_BP,GOBP_MUSCLE_HYPERTROPHY,0,21,50,1500,0.0,1.0,,1.0
drug0,GO_BP,GOBP_MUSCLE_ORGAN_DEVELOPMENT,1,54,50,1500,0.5555555555555556,0.8450105665233932,Meg3,1.0
drug0,GO_BP,GOBP_MUSCLE_ORGAN_MORPHOGENESIS,0,16,50,1500,0.0,1.0,,1.0
drug0,GO_BP,GOBP_MUSCLE_STRUCTURE_DEVELOPMENT,1,116,50,1500,0.25862068965517243,0.9833346254952163,Meg3,1.0
drug0,GO_BP,GOBP_MUSCLE_SYSTEM_PROCESS,3,70,50,1500,1.2857142857142856,0.41617005907570176,Atp1b1|Atp2b1|Dock4,1.0
drug0,GO_BP,GOBP_MUSCLE_TISSUE_DEVELOPMENT,1,85,50,1500,0.3529411764705882,0.9485413852255877,Meg3,1.0
drug0,GO_BP,GOBP_MYELOID_CELL_ACTIVATION_INVOLVED_IN_IMMUNE_RESPONSE,1,19,50,1500,1.5789473684210527,0.4769581022710094,Ptgds,1.0
drug0,GO_BP,GOBP_MYELOID_CELL_DEVELOPMENT,0,17,50,1500,0.0,1.0,,1.0
drug0,GO_BP,GOBP_MYELOID_CELL_DIFFERENTIATION,0,66,50,1500,0.0,1.0,,1.0
drug0,GO_BP,GOBP_MYELOID_CELL_HOMEOSTASIS,0,35,50,1500,0.0,1.0,,1.0
drug0,GO_BP,GOBP_MYELOID_LEUKOCYTE_ACTIVATION,1,46,50,1500,0.6521739130434783,0.7947990506428715,Ptgds,1.0
drug0,GO_BP,GOBP_MYELOID_LEUKOCYTE_CYTOKINE_PRODUCTION,0,12,50,1500,0.0,1.0,,1.0
drug0,GO_BP,GOBP_MYELOID_LEUKOCYTE_DIFFERENTIATION,0,43,50,1500,0.0,1.0,,1.0
drug0,GO_BP,GOBP_MYELOID_LEUKOCYTE_MEDIATED_IMMUNITY,1,17,50,1500,1.7647058823529411,0.4398083575301246,Ptgds,1.0
drug0,GO_BP,GOBP_MYELOID_LEUKOCYTE_MIGRATION,0,47,50,1500,0.0,1.0,,1.0
drug0,GO_BP,GOBP_MYOBLAST_DIFFERENTIATION,0,16,50,1500,0.0,1.0,,1.0
drug0,GO_BP,GOBP_MYOFIBRIL_ASSEMBLY,0,19,50,1500,0.0,1.0,,1.0
drug0,GO_BP,GOBP_MYOTUBE_DIFFERENTIATION,0,14,50,1500,0.0,1.0,,1.0
drug0,GO_BP,GOBP_NATURAL_KILLER_CELL_ACTIVATION,0,10,50,1500,0.0,1.0,,1.0
drug0,GO_BP,GOBP_NEGATIVE_REGULATION_OF_ADAPTIVE_IMMUNE_RESPONSE,0,10,50,1500,0.0,1.0,,1.0
drug0,GO_BP,GOBP_NEGATIVE_REGULATION_OF_APOPTOTIC_SIGNALING_PATHWAY,0,29,50,1500,0.0,1.0,,1.0
drug0,GO_BP,GOBP_NEGATIVE_REGULATION_OF_AXONOGENESIS,1,10,50,1500,3.0,0.2882684421548648,Mbp,1.0
drug0,GO_BP,GOBP_NEGATIVE_REGULATION_OF_BINDING,0,18,50,1500,0.0,1.0,,1.0
drug0,GO_BP,GOBP_NEGATIVE_REGULATION_OF_BLOOD_PRESSURE,0,13,50,1500,0.0,1.0,,1.0
drug0,GO_BP,GOBP_NEGATIVE_REGULATION_OF_CANONICAL_WNT_SIGNALING_PATHWAY,1,14,50,1500,2.142857142857143,0.3791877227557184,Apoe,1.0
drug0,GO_BP,GOBP_NEGATIVE_REGULATION_OF_CATABOLIC_PROCESS,1,27,50,1500,1.1111111111111112,0.60287685419108,Grin2a,1.0
drug0,GO_BP,GOBP_NEGATIVE_REGULATION_OF_CATALYTIC_ACTIVITY,2,38,50,1500,1.5789473684210527,0.3640022098915078,Apoe|Camk2a,1.0
drug0,GO_BP,GOBP_NEGATIVE_REGULATION_OF_CELLULAR_COMPONENT_ORGANIZATION,5,92,50,1500,1.6304347826086956,0.18788369136451402,Apoe|Grin2b|Mbp|Nrxn1|Sptbn1,1.0
drug0,GO_BP,GOBP_NEGATIVE_REGULATION_OF_CELLULAR_RESPONSE_TO_GROWTH_FACTOR_STIMULUS,0,16,50,1500,0.0,1.0,,1.0
drug0,GO_BP,GOBP_NEGATIVE_REGULATION_OF_CELL_ACTIVATION,2,42,50,1500,1.4285714285714286,0.4123282859057648,Apoe|Rian,1.0
drug0,GO_BP,GOBP_NEGATIVE_REGULATION_OF_CELL_ADHESION,2,55,50,1500,1.090909090909091,0.5556112094093976,Epha5|Mbp,1.0
drug0,GO_BP,GOBP_NEGATIVE_REGULATION_OF_CELL_CELL_ADHESION,1,34,50,1500,0.8823529411764706,0.6883105763500479,Mbp,1.0
drug0,GO_BP,GOBP_NEGATIVE_REGULATION_OF_CELL_COMMUNICATION,3,177,50,1500,0.5084745762711864,0.9472387825932113,Apoe|Grm5|Rian,1.0
drug0,GO_BP,GOBP_NEGATIVE_REGULATION_OF_CELL_CYCLE,0,32,50,1500,0.0,1.0,,1.0
drug0,GO_BP,GOBP_NEGATIVE_REGULATION_OF_CELL_CYCLE_PROCESS,0,22,50,1500,0.0,1.0,,1.0
drug0,GO_BP,GOBP_NEGATIVE_REGULATION_OF_CELL_DEVELOPMENT,1,56,50,1500,0.5357142857142857,0.8555473289681053,Mbp,1.0
drug0,GO_BP,GOBP_NEGATIVE_REGULATION_OF_CELL_DIFFERENTIATION,2,115,50,1500,0.5217391304347826,0.9082981124374044,Brd9|Mbp,1.0
drug0,GO_BP,GOBP_NEGATIVE_REGULATION_OF_CELL_GROWTH,0,25,50,1500,0.0,1.0,,1.0
drug0,GO_BP,GOBP_NEGATIVE_REGULATION_OF_CELL_MATRIX_ADHESION,0,10,50,1500,0.0,1.0,,1.0
drug0,GO_BP,GOBP_NEGATIVE_REGULATION_OF_CELL_POPULATION_PROLIFERATION,3,106,50,1500,0.8490566037735849,0.7001525787680938,Apoe|Ptgds|Rian,1.0
drug0,GO_BP,GOBP_NEGATIVE_REGULATION_OF_CELL_PROJECTION_ORGANIZATION,4,41,50,1500,2.926829268292683,0.04461544346076818,Apoe|Grin2b|Mbp|Nrxn1,0.5000006594741262
drug0,GO_BP,GOBP_NEGATIVE_REGULATION_OF_CELL_SUBSTRATE_ADHESION,0,14,50,1500,0.0,1.0,,1.0
drug0,GO_BP,GOBP_NEGATIVE_REGULATION_OF_COAGULATION,1,10,50,1500,3.0,0.2882684421548648,Apoe,1.0
drug0,GO_BP,GOBP_NEGATIVE_REGULATION_OF_CYTOKINE_PRODUCTION,1,43,50,1500,0.6976744186046512,0.7721193007548377,Atp2b1,1.0
drug0,GO_BP,GOBP_NEGATIVE_REGULATION_OF_CYTOSKELETON_ORGANIZATION,1,21,50,1500,1.4285714285714286,0.5116902720131731,Sptbn1,1.0
drug0,GO_BP,GOBP_NEGATIVE_REGULATION_OF_DEFENSE_RESPONSE,1,40,50,1500,0.75,0.7469883874978639,Apoe,1.0
drug0,GO_BP,GOBP_NEGATIVE_REGULATION_OF_DEVELOPMENTAL_GROWTH,0,18,50,1500,0.0,1.0,,1.0
drug0,GO_BP,GOBP_NEGATIVE_REGULATION_OF_DEVELOPMENTAL_PROCESS,3,157,50,1500,0.5732484076433121,0.9100057165903558,Apoe|Brd9|Mbp,1.0
drug0,GO_BP,GOBP_NEGATIVE_REGULATION_OF_DNA_BINDING,0,10,50,1500,0.0,1.0,,1.0
drug0,GO_BP,GOBP_NEGATIVE_REGULATION_OF_DNA_BINDING_TRANSCRIPTION_FACTOR_ACTIVITY,0,21,50,1500,0.0,1.0,,1.0
drug0,GO_BP,GOBP_NEGATIVE_REGULATION_OF_ENDOTHELIAL_CELL_APOPTOTIC_PROCESS,0,12,50,1500,0.0,1.0,,1.0
drug0,GO_BP,GOBP_NEGATIVE_REGULATION_OF_ENDOTHELIAL_CELL_MIGRATION,1,10,50,1500,3.0,0.2882684421548648,Apoe,1.0
drug0,GO_BP,GOBP_NEGATIVE_REGULATION_OF_ENDOTHELIAL_CELL_PROLIFERATION,1,12,50,1500,2.5,0.33524969917904673,Apoe,1.0
drug0,GO_BP,GOBP_NEGATIVE_REGULATION_OF_EPITHELIAL_CELL_DIFFERENTIATION,0,20,50,1500,0.0,1.0,,1.0
drug0,GO_BP,GOBP_NEGATIVE_REGULATION_OF_EPITHELIAL_CELL_PROLIFERATION,2,23,50,1500,2.608695652173913,0.17706049687331893,Apoe|Rian,1.0
drug0,GO_BP,GOBP_NEGATIVE_REGULATION_OF_ERK1_AND_ERK2_CASCADE,0,12,50,1500,0.0,1.0,,1.0
drug0,GO_BP,GOBP_NEGATIVE_REGULATION_OF_ESTABLISHMENT_OF_PROTEIN_LOCALIZATION,1,12,50,1500,2.5,0.33524969917904673,Apoe,1.0
drug0,GO_BP,GOBP_NEGATIVE_REGULATION_OF_EXTRINSIC_APOPTOTIC_SIGNALING_PATHWAY,0,16,50,1500,0.0,1.0,,1.0
drug0,GO_BP,GOBP_NEGATIVE_REGULATION_OF_FAT_CELL_DIFFERENTIATION,0,11,50,1500,0.0,1.0,,1.0
drug0,GO_BP,GOBP_NEGATIVE_REGULATION_OF_GENE_EXPRESSION,7,106,50,1500,1.9811320754716981,0.057571919728587016,Apoe|Atp2b1|Bc1|Celf4|Kcnq1ot1|Nrxn1|Zbtb20,0.5756346630247259
drug0,GO_BP,GOBP_NEGATIVE_REGULATION_OF_GLIOGENESIS,0,10,50,1500,0.0,1.0,,1.0
drug0,GO_BP,GOBP_NEGATIVE_REGULATION_OF_GROWTH,0,33,50,1500,0.0,1.0,,1.0
drug0,GO_BP,GOBP_NEGATIVE_REGULATION_OF_G_PROTEIN_COUPLED_RECEPTOR_SIGNALING_PATHWAY,1,14,50,1500,2.142857142857143,0.3791877227557184,Grm5,1.0
drug0,GO_BP,GOBP_NEGATIVE_REGULATION_OF_HEMOPOIESIS,0,21,50,1500,0.0,1.0,,1.0
drug0,GO_BP,GOBP_NEGATIVE_REGULATION_OF_HORMONE_SECRETION,0,13,50,1500,0.0,1.0,,1.0
drug0,GO_BP,GOBP_NEGATIVE_REGULATION_OF_HYDROLASE_ACTIVITY,1,13,50,1500,2.3076923076923075,0.3575867388571701,Camk2a,1.0
drug0,GO_BP,GOBP_NEGATIVE_REGULATION_OF_IMMUNE_EFFECTOR_PROCESS,0,24,50,1500,0.0,1.0,,1.0
drug0,GO_BP,GOBP_NEGATIVE_REGULATION_OF_IMMUNE_RESPONSE,0,27,50,1500,0.0,1.0,,1.0
drug0,GO_BP,GOBP_NEGATIVE_REGULATION_OF_IMMUNE_SYSTEM_PROCESS,0,78,50,1500,0.0,1.0,,1.0
drug0,GO_BP,GOBP_NEGATIVE_REGULATION_OF_INFLAMMATORY_RESPONSE,1,28,50,1500,1.0714285714285714,0.616356933817995,Apoe,1.0
drug0,GO_BP,GOBP_NEGATIVE_REGULATION_OF_INNATE_IMMUNE_RESPONSE,0,13,50,1500,0.0,1.0,,1.0
drug0,GO_BP,GOBP_NEGATIVE_REGULATION_OF_INTERLEUKIN_6_PRODUCTION,0,10,50,1500,0.0,1.0,,1.0
drug0,GO_BP,GOBP_NEGATIVE_REGULATION_OF_INTRACELLULAR_SIGNAL_TRANSDUCTION,1,73,50,1500,0.4109589041095891,0.9209190537787387,Apoe,1.0
drug0,GO_BP,GOBP_NEGATIVE_REGULATION_OF_KINASE_ACTIVITY,1,20,50,1500,1.5,0.49461650530034706,Apoe,1.0
drug0,GO_BP,GOBP_NEGATIVE_REGULATION_OF_LEUKOCYTE_CELL_CELL_ADHESION,0,24,50,1500,0.0,1.0,,1.0
drug0,GO_BP,GOBP_NEGATIVE_REGULATION_OF_LEUKOCYTE_MEDIATED_IMMUNITY,0,13,50,1500,0.0,1.0,,1.0
drug0,GO_BP,GOBP_NEGATIVE_REGULATION_OF_LEUKOCYTE_MIGRATION,0,11,50,1500,0.0,1.0,,1.0
drug0,GO_BP,GOBP_NEGATIVE_REGULATION_OF_LEUKOCYTE_PROLIFERATION,0,17,50,1500,0.0,1.0,,1.0
drug0,GO_BP,GOBP_NEGATIVE_REGULATION_OF_LIPID_METABOLIC_PROCESS,1,13,50,1500,2.3076923076923075,0.3575867388571701,Apoe,1.0
drug0,GO_BP,GOBP_NEGATIVE_REGULATION_OF_LOCOMOTION,2,55,50,1500,1.090909090909091,0.5556112094093976,Apoe|Zeb2,1.0
drug0,GO_BP,GOBP_NEGATIVE_REGULATION_OF_LYMPHOCYTE_ACTIVATION,0,30,50,1500,0.0,1.0,,1.0
drug0,GO_BP,GOBP_NEGATIVE_REGULATION_OF_LYMPHOCYTE_DIFFERENTIATION,0,12,50,1500,0.0,1.0,,1.0
drug0,GO_BP,GOBP_NEGATIVE_REGULATION_OF_LYMPHOCYTE_MEDIATED_IMMUNITY,0,10,50,1500,0.0,1.0,,1.0
drug0,GO_BP,GOBP_NEGATIVE_REGULATION_OF_MAPK_CASCADE,1,23,50,1500,1.3043478260869565,0.5441591891136924,Apoe,1.0
drug0,GO_BP,GOBP_NEGATIVE_REGULATION_OF_MITOTIC_CELL_CYCLE,0,21,50,1500,0.0,1.0,,1.0
drug0,GO_BP,GOBP_NEGATIVE_REGULATION_OF_MITOTIC_CELL_CYCLE_PHASE_TRANSITION,0,13,50,1500,0.0,1.0,,1.0
drug0,GO_BP,GOBP_NEGATIVE_REGULATION_OF_MOLECULAR_FUNCTION,2,77,50,1500,0.7792207792207791,0.7393475896182469,Apoe|Camk2a,1.0
drug0,GO_BP,GOBP_NEGATIVE_REGULATION_OF_MONOATOMIC_ION_TRANSPORT,0,13,50,1500,0.0,1.0,,1.0
drug0,GO_BP,GOBP_NEGATIVE_REGULATION_OF_MULTICELLULAR_ORGANISMAL_PROCESS,7,183,50,1500,1.1475409836065575,0.41053446532506516,Apoe|Atp2b1|Dock4|Mbp|Ptgds|Rian|Ttr,1.0
drug0,GO_BP,GOBP_NEGATIVE_REGULATION_OF_MUSCLE_CELL_APOPTOTIC_PROCESS,0,11,50,1500,0.0,1.0,,1.0
drug0,GO_BP,GOBP_NEGATIVE_REGULATION_OF_MUSCLE_CELL_DIFFERENTIATION,0,10,50,1500,0.0,1.0,,1.0
drug0,GO_BP,GOBP_NEGATIVE_REGULATION_OF_MYELOID_CELL_DIFFERENTIATION,0,12,50,1500,0.0,1.0,,1.0
drug0,GO_BP,GOBP_NEGATIVE_REGULATION_OF_NERVOUS_SYSTEM_DEVELOPMENT,1,31,50,1500,0.9677419354838709,0.6541629208821762,Mbp,1.0
drug0,GO_BP,GOBP_NEGATIVE_REGULATION_OF_NEURON_APOPTOTIC_PROCESS,1,36,50,1500,0.8333333333333334,0.7092162291569126,Apoe,1.0
drug0,GO_BP,GOBP_NEGATIVE_REGULATION_OF_NEURON_DIFFERENTIATION,0,23,50,1500,0.0,1.0,,1.0
drug0,GO_BP,GOBP_NEGATIVE_REGULATION_OF_NEURON_PROJECTION_DEVELOPMENT,2,32,50,1500,1.875,0.2892565406012864,Apoe|Mbp,1.0
drug0,GO_BP,GOBP_NEGATIVE_REGULATION_OF_NF_KAPPAB_TRANSCRIPTION_FACTOR_ACTIVITY,0,11,50,1500,0.0,1.0,,1.0
drug0,GO_BP,GOBP_NEGATIVE_REGULATION_OF_NUCLEOBASE_CONTAINING_COMPOUND_METABOLIC_PROCESS,4,123,50,1500,0.9756097560975611,0.5982407039514491,Celf4|Peg3|Zbtb20|Zeb2,1.0
drug0,GO_BP,GOBP_NEGATIVE_REGULATION_OF_ORGANELLE_ORGANIZATION,1,37,50,1500,0.8108108108108107,0.7191473688714989,Sptbn1,1.0
drug0,GO_BP,GOBP_NEGATIVE_REGULATION_OF_OSTEOBLAST_DIFFERENTIATION,0,11,50,1500,0.0,1.0,,1.0
drug0,GO_BP,GOBP_NEGATIVE_REGULATION_OF_PHOSPHORUS_METABOLIC_PROCESS,1,42,50,1500,0.7142857142857143,0.764026946378234,Apoe,1.0
drug0,GO_BP,GOBP_NEGATIVE_REGULATION_OF_PHOSPHORYLATION,1,37,50,1500,0.8108108108108107,0.7191473688714989,Apoe,1.0
drug0,GO_BP,GOBP_NEGATIVE_REGULATION_OF_PROGRAMMED_CELL_DEATH,1,125,50,1500,0.24,0.9880445054830931,Apoe,1.0
drug0,GO_BP,GOBP_NEGATIVE_REGULATION_OF_PROTEIN_CONTAINING_COMPLEX_ASSEMBLY,1,20,50,1500,1.5,0.49461650530034706,Sptbn1,1.0
drug0,GO_BP,GOBP_NEGATIVE_REGULATION_OF_PROTEIN_LOCALIZATION,2,17,50,1500,3.5294117647058822,0.10775612872998955,Apoe|Dclk1,0.853073427337097
drug0,GO_BP,GOBP_NEGATIVE_REGULATION_OF_PROTEIN_METABOLIC_PROCESS,4,68,50,1500,1.7647058823529411,0.18768294212259243,Apoe|Bc1|Grin2a|Rtn1,1.0
drug0,GO_BP,GOBP_NEGATIVE_REGULATION_OF_PROTEIN_MODIFICATION_PROCESS,1,42,50,1500,0.7142857142857143,0.764026946378234,Apoe,1.0
drug0,GO_BP,GOBP_NEGATIVE_REGULATION_OF_PROTEIN_POLYMERIZATION,1,13,50,1500,2.3076923076923075,0.3575867388571701,Sptbn1,1.0
drug0,GO_BP,GOBP_NEGATIVE_REGULATION_OF_PROTEIN_SERINE_THREONINE_KINASE_ACTIVITY,1,13,50,1500,2.3076923076923075,0.3575867388571701,Apoe,1.0
drug0,GO_BP,GOBP_NEGATIVE_REGULATION_OF_PROTEOLYSIS,0,14,50,1500,0.0,1.0,,1.0
drug0,GO_BP,GOBP_NEGATIVE_REGULATION_OF_RESPONSE_TO_BIOTIC_STIMULUS,0,15,50,1500,0.0,1.0,,1.0
drug0,GO_BP,GOBP_NEGATIVE_REGULATION_OF_RESPONSE_TO_CYTOKINE_STIMULUS,0,11,50,1500,0.0,1.0,,1.0
drug0,GO_BP,GOBP_NEGATIVE_REGULATION_OF_RESPONSE_TO_EXTERNAL_STIMULUS,2,61,50,1500,0.9836065573770493,0.6132204136383774,Apoe|Nrxn1,1.0
drug0,GO_BP,GOBP_NEGATIVE_REGULATION_OF_RESPONSE_TO_STIMULUS,4,208,50,1500,0.5769230769230769,0.9329413899676393,Apoe|Grm5|Nrxn1|Rian,1.0
drug0,GO_BP,GOBP_NEGATIVE_REGULATION_OF_RESPONSE_TO_WOUNDING,1,19,50,1500,1.5789473684210527,0.4769581022710094,Apoe,1.0
drug0,GO_BP,GOBP_NEGATIVE_REGULATION_OF_RNA_METABOLIC_PROCESS,4,118,50,1500,1.0169491525423728,0.5640194461142476,Celf4|Peg3|Zbtb20|Zeb2,1.0
drug0,GO_BP,GOBP_NEGATIVE_REGULATION_OF_SECRETION,1,28,50,1500,1.0714285714285714,0.616356933817995,Apoe,1.0
drug0,GO_BP,GOBP_NEGATIVE_REGULATION_OF_SMALL_GTPASE_MEDIATED_SIGNAL_TRANSDUCTION,0,11,50,1500,0.0,1.0,,1.0
drug0,GO_BP,GOBP_NEGATIVE_REGULATION_OF_SMALL_MOLECULE_METABOLIC_PROCESS,1,14,50,1500,2.142857142857143,0.3791877227557184,Apoe,1.0
drug0,GO_BP,GOBP_NEGATIVE_REGULATION_OF_SMOOTH_MUSCLE_CELL_MIGRATION,0,10,50,1500,0.0,1.0,,1.0
drug0,GO_BP,GOBP_NEGATIVE_REGULATION_OF_SMOOTH_MUSCLE_CELL_PROLIFERATION,1,19,50,1500,1.5789473684210527,0.4769581022710094,Apoe,1.0
drug0,GO_BP,GOBP_NEGATIVE_REGULATION_OF_SUPRAMOLECULAR_FIBER_ORGANIZATION,2,23,50,1500,2.608695652173913,0.17706049687331893,Apoe|Sptbn1,1.0
drug0,GO_BP,GOBP_NEGATIVE_REGULATION_OF_SYNAPTIC_TRANSMISSION,0,11,50,1500,0.0,1.0,,1.0
drug0,GO_BP,GOBP_NEGATIVE_REGULATION_OF_TRANSCRIPTION_BY_RNA_POLYMERASE_II,3,99,50,1500,0.9090909090909092,0.6538240210054442,Peg3|Zbtb20|Zeb2,1.0
drug0,GO_BP,GOBP_NEGATIVE_REGULATION_OF_TRANSFERASE_ACTIVITY,1,20,50,1500,1.5,0.49461650530034706,Apoe,1.0
drug0,GO_BP,GOBP_NEGATIVE_REGULATION_OF_TRANSMEMBRANE_RECEPTOR_PROTEIN_SERINE_THREONINE_KINASE_SIGNALING_PATHWAY,0,16,50,1500,0.0,1.0,,1.0
drug0,GO_BP,GOBP_NEGATIVE_REGULATION_OF_TRANSMEMBRANE_TRANSPORT,0,10,50,1500,0.0,1.0,,1.0
drug0,GO_BP,GOBP_NEGATIVE_REGULATION_OF_TRANSPORT,1,51,50,1500,0.5882352941176471,0.8277789323376701,Apoe,1.0
drug0,GO_BP,GOBP_NEGATIVE_REGULATION_OF_T_CELL_PROLIFERATION,0,12,50,1500,0.0,1.0,,1.0
drug0,GO_BP,GOBP_NEGATIVE_REGULATION_OF_VASCULATURE_DEVELOPMENT,0,23,50,1500,0.0,1.0,,1.0
drug0,GO_BP,GOBP_NEGATIVE_REGULATION_OF_VIRAL_GENOME_REPLICATION,0,10,50,1500,0.0,1.0,,1.0
drug0,GO_BP,GOBP_NEGATIVE_REGULATION_OF_VIRAL_PROCESS,0,10,50,1500,0.0,1.0,,1.0
drug0,GO_BP,GOBP_NEGATIVE_REGULATION_OF_WNT_SIGNALING_PATHWAY,1,17,50,1500,1.7647058823529411,0.4398083575301246,Apoe,1.0
drug0,GO_BP,GOBP_NEGATIVE_REGULATION_OF_WOUND_HEALING,1,12,50,1500,2.5,0.33524969917904673,Apoe,1.0
drug0,GO_BP,GOBP_NEPHRON_DEVELOPMENT,0,32,50,1500,0.0,1.0,,1.0
drug0,GO_BP,GOBP_NEPHRON_EPITHELIUM_DEVELOPMENT,0,22,50,1500,0.0,1.0,,1.0
drug0,GO_BP,GOBP_NERVE_DEVELOPMENT,0,18,50,1500,0.0,1.0,,1.0
drug0,GO_BP,GOBP_NEURAL_CREST_CELL_DIFFERENTIATION,1,24,50,1500,1.25,0.5595904961849962,Zeb2,1.0
drug0,GO_BP,GOBP_NEURAL_PRECURSOR_CELL_PROLIFERATION,1,36,50,1500,0.8333333333333334,0.7092162291569126,Zeb2,1.0
drug0,GO_BP,GOBP_NEURAL_RETINA_DEVELOPMENT,1,24,50,1500,1.25,0.5595904961849962,Miat,1.0
drug0,GO_BP,GOBP_NEURAL_TUBE_DEVELOPMENT,1,18,50,1500,1.6666666666666667,0.45869546617711976,Zeb2,1.0
drug0,GO_BP,GOBP_NEURAL_TUBE_FORMATION,1,13,50,1500,2.3076923076923075,0.3575867388571701,Zeb2,1.0
drug0,GO_BP,GOBP_NEUROBLAST_PROLIFERATION,0,15,50,1500,0.0,1.0,,1.0
drug0,GO_BP,GOBP_NEUROEPITHELIAL_CELL_DIFFERENTIATION,0,13,50,1500,0.0,1.0,,1.0
drug0,GO_BP,GOBP_NEUROINFLAMMATORY_RESPONSE,1,17,50,1500,1.7647058823529411,0.4398083575301246,Zeb2,1.0
drug0,GO_BP,GOBP_NEUROMUSCULAR_PROCESS,3,32,50,1500,2.8125,0.08778710247437263,Grin2a|Grin2b|Nrxn1,0.7669572124777179
drug0,GO_BP,GOBP_NEUROMUSCULAR_PROCESS_CONTROLLING_BALANCE,1,11,50,1500,2.7272727272727275,0.31215205147852715,Nrxn1,1.0
drug0,GO_BP,GOBP_NEURON_APOPTOTIC_PROCESS,1,54,50,1500,0.5555555555555556,0.8450105665233932,Apoe,1.0
drug0,GO_BP,GOBP_NEURON_DEVELOPMENT,14,211,50,1500,1.9905213270142181,0.0066526026886144255,Apoe|Camk2a|Dclk1|Epha5|Mbp|Miat|Nrcam|Nrxn1|Ntng1|Plppr4|Rims2|Snap25|Syt1|Zeb2,0.13183511425607855
drug0,GO_BP,GOBP_NEURON_FATE_COMMITMENT,0,19,50,1500,0.0,1.0,,1.0
drug0,GO_BP,GOBP_NEURON_MATURATION,2,12,50,1500,5.0,0.05807792677281182,Nrcam|Nrxn1,0.5756346630247259
drug0,GO_BP,GOBP_NEURON_MIGRATION,3,35,50,1500,2.571428571428571,0.10814346217319507,Camk2a|Dclk1|Ntng1,0.853073427337097
drug0,GO_BP,GOBP_NEURON_PROJECTION_EXTENSION,4,39,50,1500,3.0769230769230766,0.03804320919341868,Apoe|Dclk1|Rims2|Syt1,0.47554011491773346
drug0,GO_BP,GOBP_NEURON_PROJECTION_GUIDANCE,2,52,50,1500,1.1538461538461537,0.5246983784805676,Epha5|Nrcam,1.0
drug0,GO_BP,GOBP_NEURON_PROJECTION_ORGANIZATION,4,20,50,1500,6.0,0.003571145496803295,Apoe|Epha5|Grin2a|Grin2b,0.08410306423630949
drug0,GO_BP,GOBP_NEURON_PROJECTION_REGENERATION,1,17,50,1500,1.7647058823529411,0.4398083575301246,Apoe,1.0
drug0,GO_BP,GOBP_NEURON_RECOGNITION,1,13,50,1500,2.3076923076923075,0.3575867388571701,Nrcam,1.0
drug0,GO_BP,GOBP_NEUROPEPTIDE_SIGNALING_PATHWAY,0,12,50,1500,0.0,1.0,,1.0
drug0,GO_BP,GOBP_NEUROTRANSMITTER_RECEPTOR_LOCALIZATION_TO_POSTSYNAPTIC_SPECIALIZATION_MEMBRANE,1,11,50,1500,2.7272727272727275,0.31215205147852715,Camk2a,1.0
drug0,GO_BP,GOBP_NEUROTRANSMITTER_SECRETION,8,35,50,1500,6.857142857142857,1.0193663496098646e-05,Cadps|Camk2a|Nrxn1|Pclo|Rims2|Snap25|Syt1|Syt7,0.0009743943047741354
drug0,GO_BP,GOBP_NEUROTRANSMITTER_TRANSPORT,9,45,50,1500,6.0,8.662212255661067e-06,Cadps|Camk2a|Nrxn1|Pclo|Rims2|Slc17a7|Snap25|Syt1|Syt7,0.0009384063276966155
drug0,GO_BP,GOBP_NEUTRAL_AMINO_ACID_TRANSPORT,0,12,50,1500,0.0,1.0,,1.0
drug0,GO_BP,GOBP_NEUTRAL_LIPID_METABOLIC_PROCESS,1,16,50,1500,1.875,0.4202758734830577,Apoe,1.0
drug0,GO_BP,GOBP_NEUTROPHIL_CHEMOTAXIS,0,20,50,1500,0.0,1.0,,1.0
drug0,GO_BP,GOBP_NEUTROPHIL_MIGRATION,0,23,50,1500,0.0,1.0,,1.0
drug0,GO_BP,GOBP_NON_CANONICAL_NF_KAPPAB_SIGNAL_TRANSDUCTION,0,11,50,1500,0.0,1.0,,1.0
drug0,GO_BP,GOBP_NON_PROTEINOGENIC_AMINO_ACID_METABOLIC_PROCESS,0,10,50,1500,0.0,1.0,,1.0
drug0,GO_BP,GOBP_NOTCH_SIGNALING_PATHWAY,1,29,50,1500,1.0344827586206897,0.6293882879681989,Rian,1.0
drug0,GO_BP,GOBP_NUCLEAR_CHROMOSOME_SEGREGATION,0,27,50,1500,0.0,1.0,,1.0
drug0,GO_BP,GOBP_NUCLEAR_RECEPTOR_MEDIATED_SIGNALING_PATHWAY,0,15,50,1500,0.0,1.0,,1.0
drug0,GO_BP,GOBP_NUCLEAR_TRANSPORT,0,21,50,1500,0.0,1.0,,1.0
drug0,GO_BP,GOBP_NUCLEIC_ACID_CATABOLIC_PROCESS,0,10,50,1500,0.0,1.0,,1.0
drug0,GO_BP,GOBP_NUCLEOBASE_CONTAINING_COMPOUND_CATABOLIC_PROCESS,1,25,50,1500,1.2,0.5745095173169409,Zbtb20,1.0
drug0,GO_BP,GOBP_NUCLEOBASE_CONTAINING_SMALL_MOLECULE_METABOLIC_PROCESS,3,41,50,1500,2.1951219512195124,0.15365659133764528,Atp1b1|Ttr|Zbtb20,1.0
drug0,GO_BP,GOBP_NUCLEOSIDE_PHOSPHATE_BIOSYNTHETIC_PROCESS,0,10,50,1500,0.0,1.0,,1.0
drug0,GO_BP,GOBP_NUCLEOSIDE_PHOSPHATE_CATABOLIC_PROCESS,1,15,50,1500,2.0,0.4000764265660914,Zbtb20,1.0
drug0,GO_BP,GOBP_NUCLEOSIDE_TRIPHOSPHATE_METABOLIC_PROCESS,2,15,50,1500,4.0,0.08674586941049843,Atp1b1|Zbtb20,0.7619569610381619
drug0,GO_BP,GOBP_NUCLEOTIDE_CATABOLIC_PROCESS,1,14,50,1500,2.142857142857143,0.3791877227557184,Zbtb20,1.0
drug0,GO_BP,GOBP_NUCLEOTIDE_METABOLIC_PROCESS,2,32,50,1500,1.875,0.2892565406012864,Atp1b1|Zbtb20,1.0
drug0,GO_BP,GOBP_NUCLEUS_ORGANIZATION,0,10,50,1500,0.0,1.0,,1.0
drug0,GO_BP,GOBP_NUTRIENT_STORAGE,1,11,50,1500,2.7272727272727275,0.31215205147852715,Apoe,1.0
drug0,GO_BP,GOBP_ODONTOGENESIS,0,18,50,1500,0.0,1.0,,1.0
drug0,GO_BP,GOBP_ODONTOGENESIS_OF_DENTIN_CONTAINING_TOOTH,0,16,50,1500,0.0,1.0,,1.0
drug0,GO_BP,GOBP_OLEFINIC_COMPOUND_METABOLIC_PROCESS,1,13,50,1500,2.3076923076923075,0.3575867388571701,Ptgds,1.0
drug0,GO_BP,GOBP_OLFACTORY_LOBE_DEVELOPMENT,0,11,50,1500,0.0,1.0,,1.0
drug0,GO_BP,GOBP_OLIGODENDROCYTE_DEVELOPMENT,0,17,50,1500,0.0,1.0,,1.0
drug0,GO_BP,GOBP_OLIGODENDROCYTE_DIFFERENTIATION,0,36,50,1500,0.0,1.0,,1.0
drug0,GO_BP,GOBP_ORGANELLE_ASSEMBLY,4,97,50,1500,1.2371134020618557,0.40722188552955435,Dcaf17|Nrxn1|Syt1|Syt7,1.0
drug0,GO_BP,GOBP_ORGANELLE_FISSION,0,47,50,1500,0.0,1.0,,1.0
drug0,GO_BP,GOBP_ORGANELLE_FUSION,4,19,50,1500,6.315789473684211,0.0029283511960826723,Rims2|Snap25|Syt1|Syt7,0.0743526670880366
drug0,GO_BP,GOBP_ORGANELLE_LOCALIZATION,8,57,50,1500,4.2105263157894735,0.0004077001777662907,Cadps|Camk2a|Nrxn1|Pclo|Ptgds|Rims2|Snap25|Syt1,0.01656281972175556
drug0,GO_BP,GOBP_ORGANELLE_MEMBRANE_FUSION,4,16,50,1500,7.5,0.0014809065320289638,Rims2|Snap25|Syt1|Syt7,0.04149091576805287
drug0,GO_BP,GOBP_ORGANIC_ACID_BIOSYNTHETIC_PROCESS,1,34,50,1500,0.8823529411764706,0.6883105763500479,Ptgds,1.0
drug0,GO_BP,GOBP_ORGANIC_ACID_CATABOLIC_PROCESS,0,17,50,1500,0.0,1.0,,1.0
drug0,GO_BP,GOBP_ORGANIC_ACID_METABOLIC_PROCESS,2,76,50,1500,0.7894736842105263,0.7325908753187785,Ptgds|Zbtb20,1.0
drug0,GO_BP,GOBP_ORGANIC_ACID_TRANSMEMBRANE_TRANSPORT,1,39,50,1500,0.7692307692307692,0.7380227031427208,Slc17a7,1.0
drug0,GO_BP,GOBP_ORGANIC_ACID_TRANSPORT,3,70,50,1500,1.2857142857142856,0.41617005907570176,Apoe|Grin2b|Slc17a7,1.0
drug0,GO_BP,GOBP_ORGANIC_ANION_TRANSPORT,3,72,50,1500,1.25,0.4344399635908002,Apoe|Grin2b|Slc17a7,1.0
drug0,GO_BP,GOBP_ORGANIC_CATION_TRANSPORT,0,25,50,1500,0.0,1.0,,1.0
drug0,GO_BP,GOBP_ORGANIC_HYDROXY_COMPOUND_TRANSPORT,4,39,50,1500,3.0769230769230766,0.03804320919341868,Apoe|Cadps|Syt1|Syt7,0.47554011491773346
drug0,GO_BP,GOBP_ORGANOPHOSPHATE_BIOSYNTHETIC_PROCESS,0,27,50,1500,0.0,1.0,,1.0
drug0,GO_BP,GOBP_ORGANOPHOSPHATE_CATABOLIC_PROCESS,1,23,50,1500,1.3043478260869565,0.5441591891136924,Zbtb20,1.0
drug0,GO_BP,GOBP_ORGANOPHOSPHATE_ESTER_TRANSPORT,1,10,50,1500,3.0,0.2882684421548648,Apoe,1.0
drug0,GO_BP,GOBP_ORGANOPHOSPHATE_METABOLIC_PROCESS,3,67,50,1500,1.3432835820895521,0.3884705073158133,Atp1b1|Plppr4|Zbtb20,1.0
drug0,GO_BP,GOBP_ORGAN_GROWTH,0,41,50,1500,0.0,1.0,,1.0
drug0,GO_BP,GOBP_OSSIFICATION,1,66,50,1500,0.45454545454545453,0.898563615261223,Atp2b1,1.0
drug0,GO_BP,GOBP_OSTEOBLAST_DIFFERENTIATION,0,37,50,1500,0.0,1.0,,1.0
drug0,GO_BP,GOBP_OSTEOCLAST_DIFFERENTIATION,0,19,50,1500,0.0,1.0,,1.0
drug0,GO_BP,GOBP_OUTFLOW_TRACT_MORPHOGENESIS,0,19,50,1500,0.0,1.0,,1.0
drug0,GO_BP,GOBP_OVULATION_CYCLE,1,16,50,1500,1.875,0.4202758734830577,Ptprn,1.0
drug0,GO_BP,GOBP_OXIDATIVE_PHOSPHORYLATION,0,12,50,1500,0.0,1.0,,1.0
drug0,GO_BP,GOBP_P38MAPK_CASCADE,0,10,50,1500,0.0,1.0,,1.0
drug0,GO_BP,GOBP_PALLIUM_DEVELOPMENT,2,43,50,1500,1.3953488372093024,0.424148062560875,Epha5|Zeb2,1.0
drug0,GO_BP,GOBP_PANCREAS_DEVELOPMENT,0,14,50,1500,0.0,1.0,,1.0
drug0,GO_BP,GOBP_PATTERN_SPECIFICATION_PROCESS,1,62,50,1500,0.48387096774193544,0.883120908666515,Zeb2,1.0
drug0,GO_BP,GOBP_PEPTIDE_TRANSPORT,6,45,50,1500,4.0,0.0030489224113921134,Epha5|Pclo|Ptprn|Rims2|Snap25|Syt7,0.07622306028480283
drug0,GO_BP,GOBP_PEPTIDYL_AMINO_ACID_MODIFICATION,3,74,50,1500,1.2162162162162162,0.45251749134404146,Camk2a|Dclk1|Nrxn1,1.0
drug0,GO_BP,GOBP_PEPTIDYL_SERINE_MODIFICATION,3,22,50,1500,4.090909090909091,0.034352084177712426,Camk2a|Dclk1|Nrxn1,0.44303283165700547
drug0,GO_BP,GOBP_PEPTIDYL_THREONINE_MODIFICATION,1,10,50,1500,3.0,0.2882684421548648,Camk2a,1.0
drug0,GO_BP,GOBP_PEPTIDYL_TYROSINE_MODIFICATION,0,44,50,1500,0.0,1.0,,1.0
drug0,GO_BP,GOBP_PERIPHERAL_NERVOUS_SYSTEM_DEVELOPMENT,0,14,50,1500,0.0,1.0,,1.0
drug0,GO_BP,GOBP_PHAGOCYTOSIS,1,29,50,1500,1.0344827586206897,0.6293882879681989,Syt7,1.0
drug0,GO_BP,GOBP_PHAGOCYTOSIS_ENGULFMENT,0,10,50,1500,0.0,1.0,,1.0
drug0,GO_BP,GOBP_PHENOL_CONTAINING_COMPOUND_BIOSYNTHETIC_PROCESS,1,10,50,1500,3.0,0.2882684421548648,Zeb2,1.0
drug0,GO_BP,GOBP_PHENOL_CONTAINING_COMPOUND_METABOLIC_PROCESS,2,20,50,1500,3.0,0.14144844471358778,Grin2a|Zeb2,0.978100947487575
drug0,GO_BP,GOBP_PHOSPHATIDYLINOSITOL_3_KINASE_PROTEIN_KINASE_B_SIGNAL_TRANSDUCTION,1,51,50,1500,0.5882352941176471,0.8277789323376701,Nrxn1,1.0
drug0,GO_BP,GOBP_PHOSPHOLIPASE_C_ACTIVATING_G_PROTEIN_COUPLED_RECEPTOR_SIGNALING_PATHWAY,1,20,50,1500,1.5,0.49461650530034706,Grm5,1.0
drug0,GO_BP,GOBP_PHOSPHOLIPID_BIOSYNTHETIC_PROCESS,0,13,50,1500,0.0,1.0,,1.0
drug0,GO_BP,GOBP_PHOSPHOLIPID_METABOLIC_PROCESS,1,29,50,1500,1.0344827586206897,0.6293882879681989,Plppr4,1.0
drug0,GO_BP,GOBP_PHOSPHORYLATION,5,141,50,1500,1.0638297872340425,0.513790072341216,Apoe|Camk2a|Dclk1|Nrxn1|Zeb2,1.0
drug0,GO_BP,GOBP_PHOTORECEPTOR_CELL_DIFFERENTIATION,1,13,50,1500,2.3076923076923075,0.3575867388571701,Miat,1.0
drug0,GO_BP,GOBP_PHYSIOLOGICAL_CARDIAC_MUSCLE_HYPERTROPHY,0,10,50,1500,0.0,1.0,,1.0
drug0,GO_BP,GOBP_PLACENTA_DEVELOPMENT,0,31,50,1500,0.0,1.0,,1.0
drug0,GO_BP,GOBP_PLASMA_MEMBRANE_ORGANIZATION,2,23,50,1500,2.608695652173913,0.17706049687331893,Sptbn1|Syt7,1.0
drug0,GO_BP,GOBP_PLATELET_ACTIVATION,1,12,50,1500,2.5,0.33524969917904673,Apoe,1.0
drug0,GO_BP,GOBP_PLATELET_DERIVED_GROWTH_FACTOR_RECEPTOR_ALPHA_SIGNALING_PATHWAY,1,19,50,1500,1.5789473684210527,0.4769581022710094,Epha5,1.0
drug0,GO_BP,GOBP_PLATELET_DERIVED_GROWTH_FACTOR_RECEPTOR_BETA_SIGNALING_PATHWAY,1,19,50,1500,1.5789473684210527,0.4769581022710094,Epha5,1.0
drug0,GO_BP,GOBP_PLATELET_DERIVED_GROWTH_FACTOR_RECEPTOR_SIGNALING_PATHWAY,1,30,50,1500,1.0,0.6419855589414076,Epha5,1.0
drug0,GO_BP,GOBP_POLYOL_METABOLIC_PROCESS,0,10,50,1500,0.0,1.0,,1.0
drug0,GO_BP,GOBP_POSITIVE_CHEMOTAXIS,0,13,50,1500,0.0,1.0,,1.0
drug0,GO_BP,GOBP_POSITIVE_REGULATION_OF_ADAPTIVE_IMMUNE_RESPONSE,0,14,50,1500,0.0,1.0,,1.0
drug0,GO_BP,GOBP_POSITIVE_REGULATION_OF_ALPHA_BETA_T_CELL_ACTIVATION,0,11,50,1500,0.0,1.0,,1.0
drug0,GO_BP,GOBP_POSITIVE_REGULATION_OF_AMINE_TRANSPORT,2,13,50,1500,4.615384615384615,0.06720522304156554,Grin2b|Syt1,0.6276349853019769
drug0,GO_BP,GOBP_POSITIVE_REGULATION_OF_APOPTOTIC_SIGNALING_PATHWAY,0,20,50,1500,0.0,1.0,,1.0
drug0,GO_BP,GOBP_POSITIVE_REGULATION_OF_AXONOGENESIS,2,16,50,1500,3.75,0.0970847228115921,Apoe|Zeb2,0.8049116049430468
drug0,GO_BP,GOBP_POSITIVE_REGULATION_OF_AXON_EXTENSION,1,11,50,1500,2.7272727272727275,0.31215205147852715,Apoe,1.0
drug0,GO_BP,GOBP_POSITIVE_REGULATION_OF_BINDING,0,15,50,1500,0.0,1.0,,1.0
drug0,GO_BP,GOBP_POSITIVE_REGULATION_OF_BIOMINERAL_TISSUE_DEVELOPMENT,1,11,50,1500,2.7272727272727275,0.31215205147852715,Atp2b1,1.0
drug0,GO_BP,GOBP_POSITIVE_REGULATION_OF_BLOOD_CIRCULATION,0,12,50,1500,0.0,1.0,,1.0
drug0,GO_BP,GOBP_POSITIVE_REGULATION_OF_BLOOD_VESSEL_ENDOTHELIAL_CELL_MIGRATION,0,18,50,1500,0.0,1.0,,1.0
drug0,GO_BP,GOBP_POSITIVE_REGULATION_OF_BMP_SIGNALING_PATHWAY,0,11,50,1500,0.0,1.0,,1.0
drug0,GO_BP,GOBP_POSITIVE_REGULATION_OF_BONE_MINERALIZATION,1,10,50,1500,3.0,0.2882684421548648,Atp2b1,1.0
drug0,GO_BP,GOBP_POSITIVE_REGULATION_OF_CALCIUM_ION_TRANSPORT,2,22,50,1500,2.7272727272727275,0.1650200797304365,Atp2b1|Camk2a,1.0
drug0,GO_BP,GOBP_POSITIVE_REGULATION_OF_CALCIUM_MEDIATED_SIGNALING,1,14,50,1500,2.142857142857143,0.3791877227557184,Grm5,1.0
drug0,GO_BP,GOBP_POSITIVE_REGULATION_OF_CANONICAL_NF_KAPPAB_SIGNAL_TRANSDUCTION,0,13,50,1500,0.0,1.0,,1.0
drug0,GO_BP,GOBP_POSITIVE_REGULATION_OF_CARBOHYDRATE_METABOLIC_PROCESS,1,13,50,1500,2.3076923076923075,0.3575867388571701,Zbtb20,1.0
drug0,GO_BP,GOBP_POSITIVE_REGULATION_OF_CATABOLIC_PROCESS,2,41,50,1500,1.4634146341463414,0.40039713749493766,Apoe|Zbtb20,1.0
drug0,GO_BP,GOBP_POSITIVE_REGULATION_OF_CATALYTIC_ACTIVITY,4,65,50,1500,1.8461538461538463,0.16752770205961204,Apoe|Mbp|Nrxn1|Zeb2,1.0
drug0,GO_BP,GOBP_POSITIVE_REGULATION_OF_CELLULAR_COMPONENT_BIOGENESIS,2,70,50,1500,0.8571428571428571,0.6889781575592814,Apoe|Nrxn1,1.0
drug0,GO_BP,GOBP_POSITIVE_REGULATION_OF_CELLULAR_COMPONENT_ORGANIZATION,6,172,50,1500,1.0465116279069768,0.519945139680794,Apoe|Nrxn1|Rims2|Syt1|Syt7|Zeb2,1.0
drug0,GO_BP,GOBP_POSITIVE_REGULATION_OF_CELL_ACTIVATION,0,55,50,1500,0.0,1.0,,1.0
drug0,GO_BP,GOBP_POSITIVE_REGULATION_OF_CELL_ADHESION,0,91,50,1500,0.0,1.0,,1.0
drug0,GO_BP,GOBP_POSITIVE_REGULATION_OF_CELL_CELL_ADHESION,0,46,50,1500,0.0,1.0,,1.0
drug0,GO_BP,GOBP_POSITIVE_REGULATION_OF_CELL_CYCLE,0,51,50,1500,0.0,1.0,,1.0
drug0,GO_BP,GOBP_POSITIVE_REGULATION_OF_CELL_CYCLE_PHASE_TRANSITION,0,17,50,1500,0.0,1.0,,1.0
drug0,GO_BP,GOBP_POSITIVE_REGULATION_OF_CELL_CYCLE_PROCESS,0,39,50,1500,0.0,1.0,,1.0
drug0,GO_BP,GOBP_POSITIVE_REGULATION_OF_CELL_DEVELOPMENT,3,82,50,1500,1.0975609756097562,0.522395143279615,Apoe|Grm5|Zeb2,1.0
drug0,GO_BP,GOBP_POSITIVE_REGULATION_OF_CELL_DIFFERENTIATION,3,172,50,1500,0.5232558139534884,0.9395324040123126,Apoe|Grm5|Zeb2,1.0
drug0,GO_BP,GOBP_POSITIVE_REGULATION_OF_CELL_DIVISION,0,16,50,1500,0.0,1.0,,1.0
drug0,GO_BP,GOBP_POSITIVE_REGULATION_OF_CELL_GROWTH,3,22,50,1500,4.090909090909091,0.034352084177712426,Apoe|Rims2|Syt1,0.44303283165700547
drug0,GO_BP,GOBP_POSITIVE_REGULATION_OF_CELL_JUNCTION_ASSEMBLY,1,26,50,1500,1.1538461538461537,0.5889329235095868,Nrxn1,1.0
drug0,GO_BP,GOBP_POSITIVE_REGULATION_OF_CELL_MATRIX_ADHESION,0,16,50,1500,0.0,1.0,,1.0
drug0,GO_BP,GOBP_POSITIVE_REGULATION_OF_CELL_MIGRATION_INVOLVED_IN_SPROUTING_ANGIOGENESIS,0,11,50,1500,0.0,1.0,,1.0
drug0,GO_BP,GOBP_POSITIVE_REGULATION_OF_CELL_POPULATION_PROLIFERATION,2,162,50,1500,0.37037037037037035,0.9782911131642873,Brd9|Ptprn,1.0
drug0,GO_BP,GOBP_POSITIVE_REGULATION_OF_CELL_PROJECTION_ORGANIZATION,3,70,50,1500,1.2857142857142856,0.41617005907570176,Apoe|Nrxn1|Zeb2,1.0
drug0,GO_BP,GOBP_POSITIVE_REGULATION_OF_CELL_SUBSTRATE_ADHESION,0,37,50,1500,0.0,1.0,,1.0
drug0,GO_BP,GOBP_POSITIVE_REGULATION_OF_CELL_SUBSTRATE_JUNCTION_ORGANIZATION,0,10,50,1500,0.0,1.0,,1.0
drug0,GO_BP,GOBP_POSITIVE_REGULATION_OF_CHEMOKINE_PRODUCTION,1,13,50,1500,2.3076923076923075,0.3575867388571701,Mbp,1.0
drug0,GO_BP,GOBP_POSITIVE_REGULATION_OF_CHEMOTAXIS,0,37,50,1500,0.0,1.0,,1.0
drug0,GO_BP,GOBP_POSITIVE_REGULATION_OF_COLD_INDUCED_THERMOGENESIS,0,17,50,1500,0.0,1.0,,1.0
drug0,GO_BP,GOBP_POSITIVE_REGULATION_OF_CYTOKINE_PRODUCTION,3,68,50,1500,1.3235294117647058,0.39773762570934673,Mbp|Sptbn1|Zbtb20,1.0
drug0,GO_BP,GOBP_POSITIVE_REGULATION_OF_CYTOKINE_PRODUCTION_INVOLVED_IN_IMMUNE_RESPONSE,0,12,50,1500,0.0,1.0,,1.0
drug0,GO_BP,GOBP_POSITIVE_REGULATION_OF_CYTOSKELETON_ORGANIZATION,0,26,50,1500,0.0,1.0,,1.0
drug0,GO_BP,GOBP_POSITIVE_REGULATION_OF_CYTOSOLIC_CALCIUM_ION_CONCENTRATION,0,26,50,1500,0.0,1.0,,1.0
drug0,GO_BP,GOBP_POSITIVE_REGULATION_OF_DEFENSE_RESPONSE,0,56,50,1500,0.0,1.0,,1.0
drug0,GO_BP,GOBP_POSITIVE_REGULATION_OF_DEVELOPMENTAL_GROWTH,3,37,50,1500,2.4324324324324325,0.12265434187292903,Apoe|Rims2|Syt1,0.9227467849236559
drug0,GO_BP,GOBP_POSITIVE_REGULATION_OF_DEVELOPMENTAL_PROCESS,8,235,50,1500,1.021276595744681,0.535510173075286,Apoe|Atp2b1|Brd9|Grm5|Nrxn1|Rims2|Syt1|Zeb2,1.0
drug0,GO_BP,GOBP_POSITIVE_REGULATION_OF_DNA_BINDING_TRANSCRIPTION_FACTOR_ACTIVITY,2,22,50,1500,2.7272727272727275,0.1650200797304365,Camk2a|Epha5,1.0
drug0,GO_BP,GOBP_POSITIVE_REGULATION_OF_DNA_METABOLIC_PROCESS,0,22,50,1500,0.0,1.0,,1.0
drug0,GO_BP,GOBP_POSITIVE_REGULATION_OF_ENDOCYTOSIS,1,29,50,1500,1.0344827586206897,0.6293882879681989,Apoe,1.0
drug0,GO_BP,GOBP_POSITIVE_REGULATION_OF_ENDOTHELIAL_CELL_MIGRATION,0,27,50,1500,0.0,1.0,,1.0
drug0,GO_BP,GOBP_POSITIVE_REGULATION_OF_ENDOTHELIAL_CELL_PROLIFERATION,0,26,50,1500,0.0,1.0,,1.0
drug0,GO_BP,GOBP_POSITIVE_REGULATION_OF_EPITHELIAL_CELL_DIFFERENTIATION,1,11,50,1500,2.7272727272727275,0.31215205147852715,Zeb2,1.0
drug0,GO_BP,GOBP_POSITIVE_REGULATION_OF_EPITHELIAL_CELL_PROLIFERATION,1,46,50,1500,0.6521739130434783,0.7947990506428715,Ptprn,1.0
drug0,GO_BP,GOBP_POSITIVE_REGULATION_OF_EPITHELIAL_TO_MESENCHYMAL_TRANSITION,0,13,50,1500,0.0,1.0,,1.0
drug0,GO_BP,GOBP_POSITIVE_REGULATION_OF_ERK1_AND_ERK2_CASCADE,2,42,50,1500,1.4285714285714286,0.4123282859057648,Apoe|Nrxn1,1.0
drug0,GO_BP,GOBP_POSITIVE_REGULATION_OF_ESTABLISHMENT_OF_PROTEIN_LOCALIZATION,3,33,50,1500,2.727272727272727,0.09437465903438064,Apoe|Grin2a|Snap25,0.8049116049430468
drug0,GO_BP,GOBP_POSITIVE_REGULATION_OF_EXCITATORY_POSTSYNAPTIC_POTENTIAL,4,10,50,1500,12.0,0.00019828083502512685,Grin2a|Grin2b|Nrxn1|Rims2,0.009476657556347974
drug0,GO_BP,GOBP_POSITIVE_REGULATION_OF_EXOCYTOSIS,3,13,50,1500,6.9230769230769225,0.007877797294666476,Cadps|Syt1|Syt7,0.1438361865599216
drug0,GO_BP,GOBP_POSITIVE_REGULATION_OF_EXTRINSIC_APOPTOTIC_SIGNALING_PATHWAY,0,10,50,1500,0.0,1.0,,1.0
drug0,GO_BP,GOBP_POSITIVE_REGULATION_OF_FAT_CELL_DIFFERENTIATION,0,11,50,1500,0.0,1.0,,1.0
drug0,GO_BP,GOBP_POSITIVE_REGULATION_OF_FIBROBLAST_PROLIFERATION,0,17,50,1500,0.0,1.0,,1.0
drug0,GO_BP,GOBP_POSITIVE_REGULATION_OF_GENE_EXPRESSION,6,140,50,1500,1.2857142857142856,0.3213852966642788,Celf4|Mbp|Nrxn1|Rims2|Sptbn1|Zbtb20,1.0
drug0,GO_BP,GOBP_POSITIVE_REGULATION_OF_GLIAL_CELL_DIFFERENTIATION,0,13,50,1500,0.0,1.0,,1.0
drug0,GO_BP,GOBP_POSITIVE_REGULATION_OF_GLIOGENESIS,0,20,50,1500,0.0,1.0,,1.0
drug0,GO_BP,GOBP_POSITIVE_REGULATION_OF_GROWTH,3,41,50,1500,2.1951219512195124,0.15365659133764528,Apoe|Rims2|Syt1,1.0
drug0,GO_BP,GOBP_POSITIVE_REGULATION_OF_HEART_GROWTH,0,10,50,1500,0.0,1.0,,1.0
drug0,GO_BP,GOBP_POSITIVE_REGULATION_OF_HEMOPOIESIS,0,29,50,1500,0.0,1.0,,1.0
drug0,GO_BP,GOBP_POSITIVE_REGULATION_OF_HORMONE_SECRETION,1,23,50,1500,1.3043478260869565,0.5441591891136924,Snap25,1.0
drug0,GO_BP,GOBP_POSITIVE_REGULATION_OF_HYDROLASE_ACTIVITY,1,18,50,1500,1.6666666666666667,0.45869546617711976,Mbp,1.0
drug0,GO_BP,GOBP_POSITIVE_REGULATION_OF_IMMUNE_EFFECTOR_PROCESS,0,34,50,1500,0.0,1.0,,1.0
drug0,GO_BP,GOBP_POSITIVE_REGULATION_OF_IMMUNE_RESPONSE,0,71,50,1500,0.0,1.0,,1.0
drug0,GO_BP,GOBP_POSITIVE_REGULATION_OF_IMMUNE_SYSTEM_PROCESS,0,129,50,1500,0.0,1.0,,1.0
drug0,GO_BP,GOBP_POSITIVE_REGULATION_OF_INFLAMMATORY_RESPONSE,0,27,50,1500,0.0,1.0,,1.0
drug0,GO_BP,GOBP_POSITIVE_REGULATION_OF_INSULIN_SECRETION,1,13,50,1500,2.3076923076923075,0.3575867388571701,Snap25,1.0
drug0,GO_BP,GOBP_POSITIVE_REGULATION_OF_INTERLEUKIN_1_BETA_PRODUCTION,0,11,50,1500,0.0,1.0,,1.0
drug0,GO_BP,GOBP_POSITIVE_REGULATION_OF_INTERLEUKIN_1_PRODUCTION,0,12,50,1500,0.0,1.0,,1.0
drug0,GO_BP,GOBP_POSITIVE_REGULATION_OF_INTERLEUKIN_6_PRODUCTION,2,18,50,1500,3.3333333333333335,0.11872751053120777,Mbp|Zbtb20,0.9100575689302483
drug0,GO_BP,GOBP_POSITIVE_REGULATION_OF_INTRACELLULAR_PROTEIN_TRANSPORT,0,10,50,1500,0.0,1.0,,1.0
drug0,GO_BP,GOBP_POSITIVE_REGULATION_OF_INTRACELLULAR_SIGNAL_TRANSDUCTION,4,137,50,1500,0.8759124087591241,0.6855100390637544,Apoe|Grm5|Nrxn1|Zeb2,1.0
drug0,GO_BP,GOBP_POSITIVE_REGULATION_OF_INTRACELLULAR_TRANSPORT,0,16,50,1500,0.0,1.0,,1.0
drug0,GO_BP,GOBP_POSITIVE_REGULATION_OF_JNK_CASCADE,0,12,50,1500,0.0,1.0,,1.0
drug0,GO_BP,GOBP_POSITIVE_REGULATION_OF_KINASE_ACTIVITY,2,42,50,1500,1.4285714285714286,0.4123282859057648,Nrxn1|Zeb2,1.0
drug0,GO_BP,GOBP_POSITIVE_REGULATION_OF_LEUKOCYTE_CELL_CELL_ADHESION,0,41,50,1500,0.0,1.0,,1.0
drug0,GO_BP,GOBP_POSITIVE_REGULATION_OF_LEUKOCYTE_CHEMOTAXIS,0,23,50,1500,0.0,1.0,,1.0
drug0,GO_BP,GOBP_POSITIVE_REGULATION_OF_LEUKOCYTE_MEDIATED_IMMUNITY,0,14,50,1500,0.0,1.0,,1.0
drug0,GO_BP,GOBP_POSITIVE_REGULATION_OF_LEUKOCYTE_MIGRATION,0,33,50,1500,0.0,1.0,,1.0
drug0,GO_BP,GOBP_POSITIVE_REGULATION_OF_LEUKOCYTE_PROLIFERATION,0,29,50,1500,0.0,1.0,,1.0
drug0,GO_BP,GOBP_POSITIVE_REGULATION_OF_LIPID_BIOSYNTHETIC_PROCESS,2,22,50,1500,2.7272727272727275,0.1650200797304365,Apoe|Zbtb20,1.0
drug0,GO_BP,GOBP_POSITIVE_REGULATION_OF_LIPID_LOCALIZATION,1,21,50,1500,1.4285714285714286,0.5116902720131731,Apoe,1.0
drug0,GO_BP,GOBP_POSITIVE_REGULATION_OF_LIPID_METABOLIC_PROCESS,2,25,50,1500,2.4,0.20153398901832625,Apoe|Zbtb20,1.0
drug0,GO_BP,GOBP_POSITIVE_REGULATION_OF_LIPID_TRANSPORT,1,18,50,1500,1.6666666666666667,0.45869546617711976,Apoe,1.0
drug0,GO_BP,GOBP_POSITIVE_REGULATION_OF_LOCOMOTION,1,132,50,1500,0.22727272727272727,0.9907804716923447,Dock4,1.0
drug0,GO_BP,GOBP_POSITIVE_REGULATION_OF_LYMPHOCYTE_ACTIVATION,0,43,50,1500,0.0,1.0,,1.0
drug0,GO_BP,GOBP_POSITIVE_REGULATION_OF_LYMPHOCYTE_DIFFERENTIATION,0,18,50,1500,0.0,1.0,,1.0
drug0,GO_BP,GOBP_POSITIVE_REGULATION_OF_MAPK_CASCADE,4,83,50,1500,1.4457831325301205,0.2979517645922285,Apoe|Grm5|Nrxn1|Zeb2,1.0
drug0,GO_BP,GOBP_POSITIVE_REGULATION_OF_MAP_KINASE_ACTIVITY,1,13,50,1500,2.3076923076923075,0.3575867388571701,Zeb2,1.0
drug0,GO_BP,GOBP_POSITIVE_REGULATION_OF_MIRNA_METABOLIC_PROCESS,0,12,50,1500,0.0,1.0,,1.0
drug0,GO_BP,GOBP_POSITIVE_REGULATION_OF_MITOTIC_CELL_CYCLE,0,15,50,1500,0.0,1.0,,1.0
drug0,GO_BP,GOBP_POSITIVE_REGULATION_OF_MITOTIC_CELL_CYCLE_PHASE_TRANSITION,0,11,50,1500,0.0,1.0,,1.0
drug0,GO_BP,GOBP_POSITIVE_REGULATION_OF_MOLECULAR_FUNCTION,7,100,50,1500,2.1,0.044094116105165934,Apoe|Atp1b1|Camk2a|Epha5|Mbp|Nrxn1|Zeb2,0.5000006594741262
drug0,GO_BP,GOBP_POSITIVE_REGULATION_OF_MONOATOMIC_ION_TRANSMEMBRANE_TRANSPORT,2,23,50,1500,2.608695652173913,0.17706049687331893,Atp1b1|Dpp6,1.0
drug0,GO_BP,GOBP_POSITIVE_REGULATION_OF_MONOATOMIC_ION_TRANSPORT,4,37,50,1500,3.243243243243243,0.03207321176489885,Atp1b1|Atp2b1|Camk2a|Dpp6,0.4237314562435823
drug0,GO_BP,GOBP_POSITIVE_REGULATION_OF_MONONUCLEAR_CELL_MIGRATION,0,17,50,1500,0.0,1.0,,1.0
drug0,GO_BP,GOBP_POSITIVE_REGULATION_OF_MULTICELLULAR_ORGANISMAL_PROCESS,12,268,50,1500,1.3432835820895521,0.16648135746968495,Apoe|Atp2b1|Brd9|Grin2a|Grin2b|Grm5|Mbp|Nrxn1|Rims2|Sptbn1|Zbtb20|Zeb2,1.0
drug0,GO_BP,GOBP_POSITIVE_REGULATION_OF_MUSCLE_CELL_DIFFERENTIATION,0,14,50,1500,0.0,1.0,,1.0
drug0,GO_BP,GOBP_POSITIVE_REGULATION_OF_MUSCLE_CONTRACTION,0,13,50,1500,0.0,1.0,,1.0
drug0,GO_BP,GOBP_POSITIVE_REGULATION_OF_MYELOID_CELL_DIFFERENTIATION,0,19,50,1500,0.0,1.0,,1.0
drug0,GO_BP,GOBP_POSITIVE_REGULATION_OF_MYELOID_LEUKOCYTE_DIFFERENTIATION,0,13,50,1500,0.0,1.0,,1.0
drug0,GO_BP,GOBP_POSITIVE_REGULATION_OF_NERVOUS_SYSTEM_DEVELOPMENT,4,59,50,1500,2.0338983050847457,0.12991811378919027,Apoe|Grm5|Nrxn1|Zeb2,0.9443064425463428
drug0,GO_BP,GOBP_POSITIVE_REGULATION_OF_NERVOUS_SYSTEM_PROCESS,3,13,50,1500,6.9230769230769225,0.007877797294666476,Grin2a|Grin2b|Rims2,0.1438361865599216
drug0,GO_BP,GOBP_POSITIVE_REGULATION_OF_NEURAL_PRECURSOR_CELL_PROLIFERATION,0,12,50,1500,0.0,1.0,,1.0
drug0,GO_BP,GOBP_POSITIVE_REGULATION_OF_NEUROGENESIS,3,52,50,1500,1.7307692307692306,0.24889507447060455,Apoe|Grm5|Zeb2,1.0
drug0,GO_BP,GOBP_POSITIVE_REGULATION_OF_NEURON_APOPTOTIC_PROCESS,0,11,50,1500,0.0,1.0,,1.0
drug0,GO_BP,GOBP_POSITIVE_REGULATION_OF_NEURON_DIFFERENTIATION,0,24,50,1500,0.0,1.0,,1.0
drug0,GO_BP,GOBP_POSITIVE_REGULATION_OF_NEURON_PROJECTION_DEVELOPMENT,2,42,50,1500,1.4285714285714286,0.4123282859057648,Apoe|Nrxn1,1.0
drug0,GO_BP,GOBP_POSITIVE_REGULATION_OF_NITRIC_OXIDE_METABOLIC_PROCESS,1,12,50,1500,2.5,0.33524969917904673,Apoe,1.0
drug0,GO_BP,GOBP_POSITIVE_REGULATION_OF_NUCLEAR_DIVISION,0,13,50,1500,0.0,1.0,,1.0
drug0,GO_BP,GOBP_POSITIVE_REGULATION_OF_ORGANELLE_ORGANIZATION,3,62,50,1500,1.4516129032258063,0.34180347065176675,Rims2|Syt1|Syt7,1.0
drug0,GO_BP,GOBP_POSITIVE_REGULATION_OF_ORGANIC_ACID_TRANSPORT,1,16,50,1500,1.875,0.4202758734830577,Grin2b,1.0
drug0,GO_BP,GOBP_POSITIVE_REGULATION_OF_ORGAN_GROWTH,0,13,50,1500,0.0,1.0,,1.0
drug0,GO_BP,GOBP_POSITIVE_REGULATION_OF_OSSIFICATION,1,12,50,1500,2.5,0.33524969917904673,Atp2b1,1.0
drug0,GO_BP,GOBP_POSITIVE_REGULATION_OF_OSTEOBLAST_DIFFERENTIATION,0,13,50,1500,0.0,1.0,,1.0
drug0,GO_BP,GOBP_POSITIVE_REGULATION_OF_PEPTIDE_SECRETION,1,15,50,1500,2.0,0.4000764265660914,Snap25,1.0
drug0,GO_BP,GOBP_POSITIVE_REGULATION_OF_PEPTIDYL_TYROSINE_PHOSPHORYLATION,0,27,50,1500,0.0,1.0,,1.0
drug0,GO_BP,GOBP_POSITIVE_REGULATION_OF_PHAGOCYTOSIS,0,12,50,1500,0.0,1.0,,1.0
drug0,GO_BP,GOBP_POSITIVE_REGULATION_OF_PHOSPHATIDYLINOSITOL_3_KINASE_PROTEIN_KINASE_B_SIGNAL_TRANSDUCTION,1,36,50,1500,0.8333333333333334,0.7092162291569126,Nrxn1,1.0
drug0,GO_BP,GOBP_POSITIVE_REGULATION_OF_PHOSPHORUS_METABOLIC_PROCESS,3,99,50,1500,0.9090909090909092,0.6538240210054442,Nrxn1|Zbtb20|Zeb2,1.0
drug0,GO_BP,GOBP_POSITIVE_REGULATION_OF_PLASMA_MEMBRANE_BOUNDED_CELL_PROJECTION_ASSEMBLY,0,13,50,1500,0.0,1.0,,1.0
drug0,GO_BP,GOBP_POSITIVE_REGULATION_OF_POST_TRANSLATIONAL_PROTEIN_MODIFICATION,0,11,50,1500,0.0,1.0,,1.0
drug0,GO_BP,GOBP_POSITIVE_REGULATION_OF_PRODUCTION_OF_MOLECULAR_MEDIATOR_OF_IMMUNE_RESPONSE,0,16,50,1500,0.0,1.0,,1.0
drug0,GO_BP,GOBP_POSITIVE_REGULATION_OF_PROGRAMMED_CELL_DEATH,2,85,50,1500,0.7058823529411764,0.7884395457005132,Camk2a|Grin2a,1.0
drug0,GO_BP,GOBP_POSITIVE_REGULATION_OF_PROTEASOMAL_PROTEIN_CATABOLIC_PROCESS,0,12,50,1500,0.0,1.0,,1.0
drug0,GO_BP,GOBP_POSITIVE_REGULATION_OF_PROTEIN_CATABOLIC_PROCESS,1,25,50,1500,1.2,0.5745095173169409,Apoe,1.0
drug0,GO_BP,GOBP_POSITIVE_REGULATION_OF_PROTEIN_CONTAINING_COMPLEX_ASSEMBLY,0,26,50,1500,0.0,1.0,,1.0
drug0,GO_BP,GOBP_POSITIVE_REGULATION_OF_PROTEIN_LOCALIZATION,6,53,50,1500,3.3962264150943398,0.007006432718075509,Apoe|Dpp6|Grin2a|Nrxn1|Snap25|Sptbn1,0.13554110912943693
drug0,GO_BP,GOBP_POSITIVE_REGULATION_OF_PROTEIN_LOCALIZATION_TO_CELL_PERIPHERY,3,13,50,1500,6.9230769230769225,0.007877797294666476,Dpp6|Nrxn1|Sptbn1,0.1438361865599216
drug0,GO_BP,GOBP_POSITIVE_REGULATION_OF_PROTEIN_LOCALIZATION_TO_MEMBRANE,4,13,50,1500,9.23076923076923,0.000626667481156593,Dpp6|Grin2a|Nrxn1|Sptbn1,0.02257459783319732
drug0,GO_BP,GOBP_POSITIVE_REGULATION_OF_PROTEIN_LOCALIZATION_TO_NUCLEUS,0,12,50,1500,0.0,1.0,,1.0
drug0,GO_BP,GOBP_POSITIVE_REGULATION_OF_PROTEIN_LOCALIZATION_TO_PLASMA_MEMBRANE,3,11,50,1500,8.181818181818182,0.004764529954141202,Dpp6|Nrxn1|Sptbn1,0.10462650237134395
drug0,GO_BP,GOBP_POSITIVE_REGULATION_OF_PROTEIN_METABOLIC_PROCESS,4,123,50,1500,0.9756097560975611,0.5982407039514491,Apoe|Mbp|Nrxn1|Zeb2,1.0
drug0,GO_BP,GOBP_POSITIVE_REGULATION_OF_PROTEIN_MODIFICATION_PROCESS,2,93,50,1500,0.6451612903225806,0.8293988287870959,Nrxn1|Zeb2,1.0
drug0,GO_BP,GOBP_POSITIVE_REGULATION_OF_PROTEIN_SECRETION,1,19,50,1500,1.5789473684210527,0.4769581022710094,Snap25,1.0
drug0,GO_BP,GOBP_POSITIVE_REGULATION_OF_PROTEIN_SERINE_THREONINE_KINASE_ACTIVITY,2,24,50,1500,2.5,0.18923912647371055,Nrxn1|Zeb2,1.0
drug0,GO_BP,GOBP_POSITIVE_REGULATION_OF_PROTEIN_TRANSPORT,2,31,50,1500,1.9354838709677418,0.27666470071835436,Apoe|Snap25,1.0
drug0,GO_BP,GOBP_POSITIVE_REGULATION_OF_PROTEIN_UBIQUITINATION,0,10,50,1500,0.0,1.0,,1.0
drug0,GO_BP,GOBP_POSITIVE_REGULATION_OF_PROTEOLYSIS,2,21,50,1500,2.857142857142857,0.15314117104382513,Apoe|Mbp,1.0
drug0,GO_BP,GOBP_POSITIVE_REGULATION_OF_PROTEOLYSIS_INVOLVED_IN_PROTEIN_CATABOLIC_PROCESS,0,14,50,1500,0.0,1.0,,1.0
drug0,GO_BP,GOBP_POSITIVE_REGULATION_OF_REACTIVE_OXYGEN_SPECIES_METABOLIC_PROCESS,0,10,50,1500,0.0,1.0,,1.0
drug0,GO_BP,GOBP_POSITIVE_REGULATION_OF_REPRODUCTIVE_PROCESS,0,18,50,1500,0.0,1.0,,1.0
drug0,GO_BP,GOBP_POSITIVE_REGULATION_OF_RESPONSE_TO_BIOTIC_STIMULUS,0,34,50,1500,0.0,1.0,,1.0
drug0,GO_BP,GOBP_POSITIVE_REGULATION_OF_RESPONSE_TO_EXTERNAL_STIMULUS,0,86,50,1500,0.0,1.0,,1.0
drug0,GO_BP,GOBP_POSITIVE_REGULATION_OF_RESPONSE_TO_WOUNDING,0,16,50,1500,0.0,1.0,,1.0
drug0,GO_BP,GOBP_POSITIVE_REGULATION_OF_RNA_METABOLIC_PROCESS,5,146,50,1500,1.0273972602739727,0.5463042338019165,Apoe|Celf4|Peg3|Ptprn|Zeb2,1.0
drug0,GO_BP,GOBP_POSITIVE_REGULATION_OF_SECRETION,5,52,50,1500,2.8846153846153846,0.02673055798779702,Cadps|Grin2b|Snap25|Syt1|Syt7,0.3589847663650426
drug0,GO_BP,GOBP_POSITIVE_REGULATION_OF_SIGNAL_TRANSDUCTION,8,197,50,1500,1.218274111675127,0.3305911143695055,Apoe|Camk2a|Grin2a|Grin2b|Grm5|Nrxn1|Rims2|Zeb2,1.0
drug0,GO_BP,GOBP_POSITIVE_REGULATION_OF_SMALL_MOLECULE_METABOLIC_PROCESS,2,23,50,1500,2.608695652173913,0.17706049687331893,Apoe|Zbtb20,1.0
drug0,GO_BP,GOBP_POSITIVE_REGULATION_OF_SMOOTH_MUSCLE_CELL_MIGRATION,1,21,50,1500,1.4285714285714286,0.5116902720131731,Dock4,1.0
drug0,GO_BP,GOBP_POSITIVE_REGULATION_OF_SMOOTH_MUSCLE_CELL_PROLIFERATION,0,25,50,1500,0.0,1.0,,1.0
drug0,GO_BP,GOBP_POSITIVE_REGULATION_OF_SYNAPTIC_TRANSMISSION,8,40,50,1500,6.0,2.9316623423110575e-05,Apoe|Gria2|Grin2a|Grin2b|Nrgn|Nrxn1|Snap25|Syt1,0.0019849797109397784
drug0,GO_BP,GOBP_POSITIVE_REGULATION_OF_SYNAPTIC_TRANSMISSION_GLUTAMATERGIC,3,12,50,1500,7.5,0.006204459645394968,Grin2a|Grin2b|Nrxn1,0.12447218424403486
drug0,GO_BP,GOBP_POSITIVE_REGULATION_OF_TRANSCRIPTION_BY_RNA_POLYMERASE_II,3,121,50,1500,0.7438016528925621,0.783813211879345,Peg3|Ptprn|Zeb2,1.0
drug0,GO_BP,GOBP_POSITIVE_REGULATION_OF_TRANSFERASE_ACTIVITY,3,45,50,1500,2.0,0.18688241970806788,Apoe|Nrxn1|Zeb2,1.0
drug0,GO_BP,GOBP_POSITIVE_REGULATION_OF_TRANSMEMBRANE_RECEPTOR_PROTEIN_SERINE_THREONINE_KINASE_SIGNALING_PATHWAY,1,18,50,1500,1.6666666666666667,0.45869546617711976,Zeb2,1.0
drug0,GO_BP,GOBP_POSITIVE_REGULATION_OF_TRANSMEMBRANE_TRANSPORT,2,34,50,1500,1.7647058823529411,0.3143712536930831,Atp1b1|Dpp6,1.0
drug0,GO_BP,GOBP_POSITIVE_REGULATION_OF_TRANSPORT,12,134,50,1500,2.6865671641791042,0.0009889369580385048,Apoe|Atp1b1|Atp2b1|Cadps|Camk2a|Dpp6|Grin2b|Pclo|Rims2|Snap25|Syt1|Syt7,0.030321180317218307
drug0,GO_BP,GOBP_POSITIVE_REGULATION_OF_TRANSPORTER_ACTIVITY,1,12,50,1500,2.5,0.33524969917904673,Atp1b1,1.0
drug0,GO_BP,GOBP_POSITIVE_REGULATION_OF_TUMOR_NECROSIS_FACTOR_SUPERFAMILY_CYTOKINE_PRODUCTION,1,20,50,1500,1.5,0.49461650530034706,Zbtb20,1.0
drug0,GO_BP,GOBP_POSITIVE_REGULATION_OF_TYPE_II_INTERFERON_PRODUCTION,0,10,50,1500,0.0,1.0,,1.0
drug0,GO_BP,GOBP_POSITIVE_REGULATION_OF_T_CELL_PROLIFERATION,0,17,50,1500,0.0,1.0,,1.0
drug0,GO_BP,GOBP_POSITIVE_REGULATION_OF_UBIQUITIN_DEPENDENT_PROTEIN_CATABOLIC_PROCESS,0,10,50,1500,0.0,1.0,,1.0
drug0,GO_BP,GOBP_POSITIVE_REGULATION_OF_VASCULATURE_DEVELOPMENT,0,43,50,1500,0.0,1.0,,1.0
drug0,GO_BP,GOBP_POSITIVE_REGULATION_OF_WNT_SIGNALING_PATHWAY,1,13,50,1500,2.3076923076923075,0.3575867388571701,Zeb2,1.0
drug0,GO_BP,GOBP_POSITIVE_REGULATION_OF_WOUND_HEALING,0,13,50,1500,0.0,1.0,,1.0
drug0,GO_BP,GOBP_POSTSYNAPSE_ASSEMBLY,3,20,50,1500,4.5,0.026644162448827665,Dclk1|Dock4|Nrxn1,0.3589847663650426
drug0,GO_BP,GOBP_POSTSYNAPSE_ORGANIZATION,9,50,50,1500,5.3999999999999995,2.1572080313924622e-05,Apoe|Dclk1|Dock4|Epha5|Grin2a|Grin2b|Nrcam|Nrxn1|Plppr4,0.0015933922959148867
drug0,GO_BP,GOBP_POSTSYNAPTIC_DENSITY_ASSEMBLY,1,10,50,1500,3.0,0.2882684421548648,Nrxn1,1.0
drug0,GO_BP,GOBP_POSTSYNAPTIC_DENSITY_ORGANIZATION,1,13,50,1500,2.3076923076923075,0.3575867388571701,Nrxn1,1.0
drug0,GO_BP,GOBP_POSTSYNAPTIC_SPECIALIZATION_ASSEMBLY,1,10,50,1500,3.0,0.2882684421548648,Nrxn1,1.0
drug0,GO_BP,GOBP_POSTSYNAPTIC_SPECIALIZATION_ORGANIZATION,1,13,50,1500,2.3076923076923075,0.3575867388571701,Nrxn1,1.0
drug0,GO_BP,GOBP_POST_EMBRYONIC_DEVELOPMENT,1,21,50,1500,1.4285714285714286,0.5116902720131731,Meg3,1.0
drug0,GO_BP,GOBP_POST_TRANSCRIPTIONAL_REGULATION_OF_GENE_EXPRESSION,1,19,50,1500,1.5789473684210527,0.4769581022710094,Bc1,1.0
drug0,GO_BP,GOBP_POST_TRANSLATIONAL_PROTEIN_MODIFICATION,1,44,50,1500,0.6818181818181819,0.7799395031997644,Dcaf17,1.0
drug0,GO_BP,GOBP_POTASSIUM_ION_IMPORT_ACROSS_PLASMA_MEMBRANE,1,10,50,1500,3.0,0.2882684421548648,Atp1b1,1.0
drug0,GO_BP,GOBP_POTASSIUM_ION_TRANSMEMBRANE_TRANSPORT,4,25,50,1500,4.8,0.008242907697159811,Atp1b1|Dpp6|Slc17a7|Snap25,0.14719478030642522
drug0,GO_BP,GOBP_POTASSIUM_ION_TRANSPORT,4,30,50,1500,4.0,0.015793510905532628,Atp1b1|Dpp6|Slc17a7|Snap25,0.24211750208953323
drug0,GO_BP,GOBP_PRIMARY_NEURAL_TUBE_FORMATION,1,13,50,1500,2.3076923076923075,0.3575867388571701,Zeb2,1.0
drug0,GO_BP,GOBP_PROCESS_UTILIZING_AUTOPHAGIC_MECHANISM,0,29,50,1500,0.0,1.0,,1.0
drug0,GO_BP,GOBP_PRODUCTION_OF_MOLECULAR_MEDIATOR_OF_IMMUNE_RESPONSE,0,31,50,1500,0.0,1.0,,1.0
drug0,GO_BP,GOBP_PROTEASOMAL_PROTEIN_CATABOLIC_PROCESS,2,28,50,1500,2.142857142857143,0.2389147042643709,Apoe|Dlgap1,1.0
drug0,GO_BP,GOBP_PROTEASOME_MEDIATED_UBIQUITIN_DEPENDENT_PROTEIN_CATABOLIC_PROCESS,0,18,50,1500,0.0,1.0,,1.0
drug0,GO_BP,GOBP_PROTEIN_AUTOPHOSPHORYLATION,1,28,50,1500,1.0714285714285714,0.616356933817995,Camk2a,1.0
drug0,GO_BP,GOBP_PROTEIN_CATABOLIC_PROCESS,3,64,50,1500,1.40625,0.3605177956624396,Apoe|Dlgap1|Grin2a,1.0
drug0,GO_BP,GOBP_PROTEIN_COMPLEX_OLIGOMERIZATION,3,28,50,1500,3.2142857142857144,0.06357900563394787,Gria2|Grin2b|Syt1,0.6113365926341142
drug0,GO_BP,GOBP_PROTEIN_CONTAINING_COMPLEX_DISASSEMBLY,1,21,50,1500,1.4285714285714286,0.5116902720131731,Sptbn1,1.0
drug0,GO_BP,GOBP_PROTEIN_CONTAINING_COMPLEX_LOCALIZATION,3,33,50,1500,2.727272727272727,0.09437465903438064,Camk2a|Grin2a|Nrxn1,0.8049116049430468
drug0,GO_BP,GOBP_PROTEIN_CONTAINING_COMPLEX_ORGANIZATION,10,149,50,1500,2.013422818791946,0.021519726485080354,Apoe|Cadps|Celf4|Gria2|Grin2b|Nrxn1|Rims2|Snap25|Sptbn1|Syt1,0.3094650932588989
drug0,GO_BP,GOBP_PROTEIN_DEPOLYMERIZATION,1,14,50,1500,2.142857142857143,0.3791877227557184,Sptbn1,1.0
drug0,GO_BP,GOBP_PROTEIN_HOMOOLIGOMERIZATION,0,19,50,1500,0.0,1.0,,1.0
drug0,GO_BP,GOBP_PROTEIN_LOCALIZATION_TO_CELL_JUNCTION,5,33,50,1500,4.545454545454545,0.0039359910886258296,Camk2a|Dlgap1|Grin2a|Nrxn1|Pclo,0.09137122170024248
drug0,GO_BP,GOBP_PROTEIN_LOCALIZATION_TO_CELL_PERIPHERY,6,43,50,1500,4.186046511627907,0.0024016699623528896,Atp1b1|Camk2a|Dpp6|Grin2a|Nrxn1|Sptbn1,0.06299688486381266
drug0,GO_BP,GOBP_PROTEIN_LOCALIZATION_TO_EXTRACELLULAR_REGION,7,48,50,1500,4.375,0.0007701556181254199,Apoe|Epha5|Pclo|Ptprn|Rims2|Snap25|Syt7,0.025030057589076147
drug0,GO_BP,GOBP_PROTEIN_LOCALIZATION_TO_NUCLEUS,1,29,50,1500,1.0344827586206897,0.6293882879681989,Dclk1,1.0
drug0,GO_BP,GOBP_PROTEIN_LOCALIZATION_TO_ORGANELLE,3,75,50,1500,1.2,0.4614754911113825,Camk2a|Dclk1|Grin2a,1.0
drug0,GO_BP,GOBP_PROTEIN_LOCALIZATION_TO_PLASMA_MEMBRANE,5,26,50,1500,5.769230769230769,0.0013019111383587353,Atp1b1|Camk2a|Dpp6|Nrxn1|Sptbn1,0.03711588771636745
drug0,GO_BP,GOBP_PROTEIN_LOCALIZATION_TO_POSTSYNAPSE,2,16,50,1500,3.75,0.0970847228115921,Camk2a|Grin2a,0.8049116049430468
drug0,GO_BP,GOBP_PROTEIN_LOCALIZATION_TO_SYNAPSE,5,24,50,1500,6.25,0.0008848881766757924,Camk2a|Dlgap1|Grin2a|Nrxn1|Pclo,0.028194966413689463
drug0,GO_BP,GOBP_PROTEIN_MATURATION,0,35,50,1500,0.0,1.0,,1.0
drug0,GO_BP,GOBP_PROTEIN_MODIFICATION_BY_SMALL_PROTEIN_CONJUGATION,1,38,50,1500,0.7894736842105263,0.7287458866817691,Dcaf17,1.0
drug0,GO_BP,GOBP_PROTEIN_POLYMERIZATION,1,30,50,1500,1.0,0.6419855589414076,Sptbn1,1.0
drug0,GO_BP,GOBP_PROTEIN_PROCESSING,0,21,50,1500,0.0,1.0,,1.0
drug0,GO_BP,GOBP_PROTEIN_STABILIZATION,1,17,50,1500,1.7647058823529411,0.4398083575301246,Atp1b1,1.0
drug0,GO_BP,GOBP_PROTEIN_TARGETING,1,11,50,1500,2.7272727272727275,0.31215205147852715,Grin2a,1.0
drug0,GO_BP,GOBP_PROTEIN_TETRAMERIZATION,2,14,50,1500,4.285714285714286,0.07677394817604072,Gria2|Grin2b,0.6942372383147193
drug0,GO_BP,GOBP_PROTEIN_TRANSPORT,11,110,50,1500,3.0,0.0006532781113814384,Apoe|Cadps|Camk2a|Epha5|Grin2a|Pclo|Ptprn|Rims2|Snap25|Sptbn1|Syt7,0.02257459783319732
drug0,GO_BP,GOBP_PROTEOLYSIS,4,88,50,1500,1.3636363636363638,0.3367940361258175,Apoe|Dlgap1|Dpp6|Mbp,1.0
drug0,GO_BP,GOBP_PROTEOLYSIS_INVOLVED_IN_PROTEIN_CATABOLIC_PROCESS,2,39,50,1500,1.5384615384615383,0.3762268611656,Apoe|Dlgap1,1.0
drug0,GO_BP,GOBP_PROTON_TRANSMEMBRANE_TRANSPORT,2,16,50,1500,3.75,0.0970847228115921,Atp1b1|Slc17a7,0.8049116049430468
drug0,GO_BP,GOBP_PURINE_CONTAINING_COMPOUND_METABOLIC_PROCESS,3,37,50,1500,2.4324324324324325,0.12265434187292903,Atp1b1|Ttr|Zbtb20,0.9227467849236559
drug0,GO_BP,GOBP_PYRIDINE_CONTAINING_COMPOUND_METABOLIC_PROCESS,1,14,50,1500,2.142857142857143,0.3791877227557184,Zbtb20,1.0
drug0,GO_BP,GOBP_REACTIVE_NITROGEN_SPECIES_METABOLIC_PROCESS,1,16,50,1500,1.875,0.4202758734830577,Apoe,1.0
drug0,GO_BP,GOBP_REACTIVE_OXYGEN_SPECIES_METABOLIC_PROCESS,0,29,50,1500,0.0,1.0,,1.0
drug0,GO_BP,GOBP_RECEPTOR_CLUSTERING,3,11,50,1500,8.181818181818182,0.004764529954141202,Apoe|Grin2b|Nrxn1,0.10462650237134395
drug0,GO_BP,GOBP_RECEPTOR_INTERNALIZATION,1,27,50,1500,1.1111111111111112,0.60287685419108,Gria2,1.0
drug0,GO_BP,GOBP_RECEPTOR_LOCALIZATION_TO_SYNAPSE,2,19,50,1500,3.1578947368421053,0.12996801648711176,Camk2a|Nrxn1,0.9443064425463428
drug0,GO_BP,GOBP_RECEPTOR_MEDIATED_ENDOCYTOSIS,2,45,50,1500,1.3333333333333333,0.4474305107818257,Apoe|Gria2,1.0
drug0,GO_BP,GOBP_RECEPTOR_METABOLIC_PROCESS,3,12,50,1500,7.5,0.006204459645394968,Apoe|Gria2|Grin2a,0.12447218424403486
drug0,GO_BP,GOBP_REGENERATION,1,46,50,1500,0.6521739130434783,0.7947990506428715,Apoe,1.0
drug0,GO_BP,GOBP_REGULATED_EXOCYTOSIS,8,36,50,1500,6.666666666666667,1.2775911333886375e-05,Cadps|Camk2a|Pclo|Ptgds|Rims2|Snap25|Syt1|Syt7,0.0010694067442878225
drug0,GO_BP,GOBP_REGULATION_OF_ACTIN_FILAMENT_BASED_MOVEMENT,1,10,50,1500,3.0,0.2882684421548648,Zeb2,1.0
drug0,GO_BP,GOBP_REGULATION_OF_ACTIN_FILAMENT_BASED_PROCESS,3,61,50,1500,1.4754098360655739,0.33243753732081227,Epha5|Sptbn1|Zeb2,1.0
drug0,GO_BP,GOBP_REGULATION_OF_ACTIN_FILAMENT_BUNDLE_ASSEMBLY,0,15,50,1500,0.0,1.0,,1.0
drug0,GO_BP,GOBP_REGULATION_OF_ACTIN_FILAMENT_LENGTH,1,19,50,1500,1.5789473684210527,0.4769581022710094,Sptbn1,1.0
drug0,GO_BP,GOBP_REGULATION_OF_ACTIN_FILAMENT_ORGANIZATION,1,34,50,1500,0.8823529411764706,0.6883105763500479,Sptbn1,1.0
drug0,GO_BP,GOBP_REGULATION_OF_ACTION_POTENTIAL,0,11,50,1500,0.0,1.0,,1.0
drug0,GO_BP,GOBP_REGULATION_OF_ACTOMYOSIN_STRUCTURE_ORGANIZATION,0,17,50,1500,0.0,1.0,,1.0
drug0,GO_BP,GOBP_REGULATION_OF_ADAPTIVE_IMMUNE_RESPONSE,0,26,50,1500,0.0,1.0,,1.0
drug0,GO_BP,GOBP_REGULATION_OF_ALPHA_BETA_T_CELL_ACTIVATION,0,13,50,1500,0.0,1.0,,1.0
drug0,GO_BP,GOBP_REGULATION_OF_ALPHA_BETA_T_CELL_DIFFERENTIATION,0,10,50,1500,0.0,1.0,,1.0
drug0,GO_BP,GOBP_REGULATION_OF_AMIDE_METABOLIC_PROCESS,2,12,50,1500,5.0,0.05807792677281182,Apoe|Rtn1,0.5756346630247259
drug0,GO_BP,GOBP_REGULATION_OF_AMINO_ACID_TRANSPORT,1,16,50,1500,1.875,0.4202758734830577,Grin2b,1.0
drug0,GO_BP,GOBP_REGULATION_OF_ANATOMICAL_STRUCTURE_MORPHOGENESIS,6,144,50,1500,1.25,0.34608765609304076,Apoe|Mbp|Ntng1|Rims2|Syt1|Zeb2,1.0
drug0,GO_BP,GOBP_REGULATION_OF_ANATOMICAL_STRUCTURE_SIZE,5,82,50,1500,1.829268292682927,0.13320081574274303,Apoe|Atp2b1|Dock4|Pclo|Sptbn1,0.9535300686429842
drug0,GO_BP,GOBP_REGULATION_OF_ANIMAL_ORGAN_MORPHOGENESIS,0,10,50,1500,0.0,1.0,,1.0
drug0,GO_BP,GOBP_REGULATION_OF_APOPTOTIC_SIGNALING_PATHWAY,0,45,50,1500,0.0,1.0,,1.0
drug0,GO_BP,GOBP_REGULATION_OF_ASTROCYTE_DIFFERENTIATION,0,10,50,1500,0.0,1.0,,1.0
drug0,GO_BP,GOBP_REGULATION_OF_AUTOPHAGY,0,17,50,1500,0.0,1.0,,1.0
drug0,GO_BP,GOBP_REGULATION_OF_AXONOGENESIS,3,27,50,1500,3.333333333333333,0.058094821376033876,Apoe|Mbp|Zeb2,0.5756346630247259
drug0,GO_BP,GOBP_REGULATION_OF_BEHAVIOR,3,17,50,1500,5.294117647058823,0.01704917842361118,Apoe|Nrxn1|Ptgds,0.25652699017007563
drug0,GO_BP,GOBP_REGULATION_OF_BINDING,0,38,50,1500,0.0,1.0,,1.0
drug0,GO_BP,GOBP_REGULATION_OF_BIOMINERAL_TISSUE_DEVELOPMENT,1,18,50,1500,1.6666666666666667,0.45869546617711976,Atp2b1,1.0
drug0,GO_BP,GOBP_REGULATION_OF_BLOOD_CIRCULATION,3,42,50,1500,2.142857142857143,0.1617741692783923,Atp1b1|Atp2b1|Dock4,1.0
drug0,GO_BP,GOBP_REGULATION_OF_BLOOD_PRESSURE,2,42,50,1500,1.4285714285714286,0.4123282859057648,Atp2b1|Ttr,1.0
drug0,GO_BP,GOBP_REGULATION_OF_BLOOD_VESSEL_ENDOTHELIAL_CELL_MIGRATION,1,25,50,1500,1.2,0.5745095173169409,Apoe,1.0
drug0,GO_BP,GOBP_REGULATION_OF_BMP_SIGNALING_PATHWAY,0,22,50,1500,0.0,1.0,,1.0
drug0,GO_BP,GOBP_REGULATION_OF_BODY_FLUID_LEVELS,2,50,50,1500,1.2,0.5033344253193706,Apoe|Ttr,1.0
drug0,GO_BP,GOBP_REGULATION_OF_BONE_MINERALIZATION,1,17,50,1500,1.7647058823529411,0.4398083575301246,Atp2b1,1.0
drug0,GO_BP,GOBP_REGULATION_OF_BONE_REMODELING,1,12,50,1500,2.5,0.33524969917904673,Syt7,1.0
drug0,GO_BP,GOBP_REGULATION_OF_B_CELL_ACTIVATION,0,19,50,1500,0.0,1.0,,1.0
drug0,GO_BP,GOBP_REGULATION_OF_B_CELL_PROLIFERATION,0,12,50,1500,0.0,1.0,,1.0
drug0,GO_BP,GOBP_REGULATION_OF_CALCIUM_ION_TRANSMEMBRANE_TRANSPORT,1,20,50,1500,1.5,0.49461650530034706,Atp1b1,1.0
drug0,GO_BP,GOBP_REGULATION_OF_CALCIUM_ION_TRANSPORT,3,41,50,1500,2.1951219512195124,0.15365659133764528,Atp1b1|Atp2b1|Camk2a,1.0
drug0,GO_BP,GOBP_REGULATION_OF_CALCIUM_MEDIATED_SIGNALING,1,19,50,1500,1.5789473684210527,0.4769581022710094,Grm5,1.0
drug0,GO_BP,GOBP_REGULATION_OF_CANONICAL_WNT_SIGNALING_PATHWAY,2,23,50,1500,2.608695652173913,0.17706049687331893,Apoe|Zeb2,1.0
drug0,GO_BP,GOBP_REGULATION_OF_CARBOHYDRATE_METABOLIC_PROCESS,1,18,50,1500,1.6666666666666667,0.45869546617711976,Zbtb20,1.0
drug0,GO_BP,GOBP_REGULATION_OF_CARDIAC_MUSCLE_CONTRACTION,1,14,50,1500,2.142857142857143,0.3791877227557184,Atp1b1,1.0
drug0,GO_BP,GOBP_REGULATION_OF_CARTILAGE_DEVELOPMENT,0,15,50,1500,0.0,1.0,,1.0
drug0,GO_BP,GOBP_REGULATION_OF_CATABOLIC_PROCESS,4,73,50,1500,1.6438356164383563,0.2229332079785055,Apoe|Dlgap1|Grin2a|Zbtb20,1.0
drug0,GO_BP,GOBP_REGULATION_OF_CATALYTIC_ACTIVITY,6,100,50,1500,1.7999999999999998,0.11045862783451679,Apoe|Camk2a|Epha5|Mbp|Nrxn1|Zeb2,0.8645265807961575
drug0,GO_BP,GOBP_REGULATION_OF_CATECHOLAMINE_SECRETION,2,11,50,1500,5.454545454545455,0.04943234891824236,Syt1|Syt7,0.5250167777264303
drug0,GO_BP,GOBP_REGULATION_OF_CATION_CHANNEL_ACTIVITY,0,12,50,1500,0.0,1.0,,1.0
drug0,GO_BP,GOBP_REGULATION_OF_CD4_POSITIVE_ALPHA_BETA_T_CELL_ACTIVATION,0,11,50,1500,0.0,1.0,,1.0
drug0,GO_BP,GOBP_REGULATION_OF_CELLULAR_COMPONENT_BIOGENESIS,6,126,50,1500,1.4285714285714286,0.23833455532456013,Apoe|Dclk1|Dock4|Nrxn1|Snap25|Sptbn1,1.0
drug0,GO_BP,GOBP_REGULATION_OF_CELLULAR_COMPONENT_SIZE,3,47,50,1500,1.9148936170212767,0.20417344932098214,Apoe|Pclo|Sptbn1,1.0
drug0,GO_BP,GOBP_REGULATION_OF_CELLULAR_LOCALIZATION,10,98,50,1500,3.061224489795918,0.0010227940381427579,Apoe|Camk2a|Dclk1|Dpp6|Epha5|Grin2a|Nrxn1|Snap25|Sptbn1|Syt7,0.03077852429596262
drug0,GO_BP,GOBP_REGULATION_OF_CELLULAR_RESPONSE_TO_GROWTH_FACTOR_STIMULUS,2,53,50,1500,1.1320754716981132,0.535155658992266,Nrxn1|Zeb2,1.0
drug0,GO_BP,GOBP_REGULATION_OF_CELLULAR_RESPONSE_TO_INSULIN_STIMULUS,1,13,50,1500,2.3076923076923075,0.3575867388571701,Atp2b1,1.0
drug0,GO_BP,GOBP_REGULATION_OF_CELLULAR_RESPONSE_TO_STRESS,0,38,50,1500,0.0,1.0,,1.0
drug0,GO_BP,GOBP_REGULATION_OF_CELLULAR_RESPONSE_TO_TRANSFORMING_GROWTH_FACTOR_BETA_STIMULUS,1,14,50,1500,2.142857142857143,0.3791877227557184,Zeb2,1.0
drug0,GO_BP,GOBP_REGULATION_OF_CELL_ACTIVATION,2,92,50,1500,0.6521739130434783,0.8246892014969943,Apoe|Rian,1.0
drug0,GO_BP,GOBP_REGULATION_OF_CELL_ADHESION,2,135,50,1500,0.4444444444444444,0.9494684297827591,Epha5|Mbp,1.0
drug0,GO_BP,GOBP_REGULATION_OF_CELL_CELL_ADHESION,1,71,50,1500,0.4225352112676056,0.9150782745587396,Mbp,1.0
drug0,GO_BP,GOBP_REGULATION_OF_CELL_CYCLE,0,104,50,1500,0.0,1.0,,1.0
drug0,GO_BP,GOBP_REGULATION_OF_CELL_CYCLE_G1_S_PHASE_TRANSITION,0,23,50,1500,0.0,1.0,,1.0
drug0,GO_BP,GOBP_REGULATION_OF_CELL_CYCLE_PHASE_TRANSITION,0,41,50,1500,0.0,1.0,,1.0
drug0,GO_BP,GOBP_REGULATION_OF_CELL_CYCLE_PROCESS,0,74,50,1500,0.0,1.0,,1.0
drug0,GO_BP,GOBP_REGULATION_OF_CELL_DEVELOPMENT,4,142,50,1500,0.8450704225352113,0.7134056861250593,Apoe|Grm5|Mbp|Zeb2,1.0
drug0,GO_BP,GOBP_REGULATION_OF_CELL_DIFFERENTIATION,5,253,50,1500,0.5928853754940712,0.9430200045430598,Apoe|Brd9|Grm5|Mbp|Zeb2,1.0
drug0,GO_BP,GOBP_REGULATION_OF_CELL_DIVISION,0,23,50,1500,0.0,1.0,,1.0
drug0,GO_BP,GOBP_REGULATION_OF_CELL_GROWTH,3,54,50,1500,1.6666666666666665,0.267230303739711,Apoe|Rims2|Syt1,1.0
drug0,GO_BP,GOBP_REGULATION_OF_CELL_JUNCTION_ASSEMBLY,4,53,50,1500,2.2641509433962264,0.09651755844300068,Dclk1|Dock4|Nrxn1|Snap25,0.8049116049430468
drug0,GO_BP,GOBP_REGULATION_OF_CELL_KILLING,0,10,50,1500,0.0,1.0,,1.0
drug0,GO_BP,GOBP_REGULATION_OF_CELL_MATRIX_ADHESION,0,25,50,1500,0.0,1.0,,1.0
drug0,GO_BP,GOBP_REGULATION_OF_CELL_MIGRATION_INVOLVED_IN_SPROUTING_ANGIOGENESIS,0,13,50,1500,0.0,1.0,,1.0
drug0,GO_BP,GOBP_REGULATION_OF_CELL_MORPHOGENESIS,3,35,50,1500,2.571428571428571,0.10814346217319507,Ntng1|Rims2|Syt1,0.853073427337097
drug0,GO_BP,GOBP_REGULATION_OF_CELL_POPULATION_PROLIFERATION,5,248,50,1500,0.6048387096774193,0.935834768724814,Apoe|Brd9|Ptgds|Ptprn|Rian,1.0
drug0,GO_BP,GOBP_REGULATION_OF_CELL_PROJECTION_ASSEMBLY,1,25,50,1500,1.2,0.5745095173169409,Nrxn1,1.0
drug0,GO_BP,GOBP_REGULATION_OF_CELL_PROJECTION_ORGANIZATION,8,122,50,1500,1.9672131147540985,0.04460886661746644,Apoe|Grin2b|Mbp|Nrcam|Nrxn1|Ntng1|Snap25|Zeb2,0.5000006594741262
drug0,GO_BP,GOBP_REGULATION_OF_CELL_SHAPE,0,16,50,1500,0.0,1.0,,1.0
drug0,GO_BP,GOBP_REGULATION_OF_CELL_SIZE,1,26,50,1500,1.1538461538461537,0.5889329235095868,Apoe,1.0
drug0,GO_BP,GOBP_REGULATION_OF_CELL_SUBSTRATE_ADHESION,0,49,50,1500,0.0,1.0,,1.0
drug0,GO_BP,GOBP_REGULATION_OF_CELL_SUBSTRATE_JUNCTION_ORGANIZATION,0,17,50,1500,0.0,1.0,,1.0
drug0,GO_BP,GOBP_REGULATION_OF_CHEMOTAXIS,0,46,50,1500,0.0,1.0,,1.0
drug0,GO_BP,GOBP_REGULATION_OF_CHONDROCYTE_DIFFERENTIATION,0,13,50,1500,0.0,1.0,,1.0
drug0,GO_BP,GOBP_REGULATION_OF_CHROMOSOME_ORGANIZATION,0,13,50,1500,0.0,1.0,,1.0
drug0,GO_BP,GOBP_REGULATION_OF_CHROMOSOME_SEGREGATION,0,11,50,1500,0.0,1.0,,1.0
drug0,GO_BP,GOBP_REGULATION_OF_CIRCADIAN_RHYTHM,1,10,50,1500,3.0,0.2882684421548648,Ptgds,1.0
drug0,GO_BP,GOBP_REGULATION_OF_COAGULATION,1,13,50,1500,2.3076923076923075,0.3575867388571701,Apoe,1.0
drug0,GO_BP,GOBP_REGULATION_OF_COLLAGEN_METABOLIC_PROCESS,0,10,50,1500,0.0,1.0,,1.0
drug0,GO_BP,GOBP_REGULATION_OF_CYTOKINESIS,0,12,50,1500,0.0,1.0,,1.0
drug0,GO_BP,GOBP_REGULATION_OF_CYTOKINE_PRODUCTION_INVOLVED_IN_IMMUNE_RESPONSE,0,20,50,1500,0.0,1.0,,1.0
drug0,GO_BP,GOBP_REGULATION_OF_CYTOSKELETON_ORGANIZATION,2,67,50,1500,0.8955223880597015,0.6651326043560877,Epha5|Sptbn1,1.0
drug0,GO_BP,GOBP_REGULATION_OF_CYTOSOLIC_CALCIUM_ION_CONCENTRATION,2,17,50,1500,3.5294117647058822,0.10775612872998955,Atp2b1|Grin2b,0.853073427337097
drug0,GO_BP,GOBP_REGULATION_OF_DEFENSE_RESPONSE,1,94,50,1500,0.3191489361702128,0.9628090215275432,Apoe,1.0
drug0,GO_BP,GOBP_REGULATION_OF_DENDRITE_DEVELOPMENT,0,20,50,1500,0.0,1.0,,1.0
drug0,GO_BP,GOBP_REGULATION_OF_DENDRITE_MORPHOGENESIS,0,13,50,1500,0.0,1.0,,1.0
drug0,GO_BP,GOBP_REGULATION_OF_DENDRITIC_SPINE_DEVELOPMENT,1,10,50,1500,3.0,0.2882684421548648,Apoe,1.0
drug0,GO_BP,GOBP_REGULATION_OF_DENDRITIC_SPINE_MORPHOGENESIS,0,10,50,1500,0.0,1.0,,1.0
drug0,GO_BP,GOBP_REGULATION_OF_DEVELOPMENTAL_GROWTH,3,60,50,1500,1.5,0.3230728173079596,Apoe|Rims2|Syt1,1.0
drug0,GO_BP,GOBP_REGULATION_OF_DNA_BINDING,0,15,50,1500,0.0,1.0,,1.0
drug0,GO_BP,GOBP_REGULATION_OF_DNA_BINDING_TRANSCRIPTION_FACTOR_ACTIVITY,2,45,50,1500,1.3333333333333333,0.4474305107818257,Camk2a|Epha5,1.0
drug0,GO_BP,GOBP_REGULATION_OF_DNA_BIOSYNTHETIC_PROCESS,0,10,50,1500,0.0,1.0,,1.0
drug0,GO_BP,GOBP_REGULATION_OF_DNA_METABOLIC_PROCESS,0,30,50,1500,0.0,1.0,,1.0
drug0,GO_BP,GOBP_REGULATION_OF_ENDOCYTOSIS,3,39,50,1500,2.3076923076923075,0.13784616132080219,Apoe|Slc17a7|Syt7,0.9696970222783703
drug0,GO_BP,GOBP_REGULATION_OF_ENDOTHELIAL_CELL_DIFFERENTIATION,0,12,50,1500,0.0,1.0,,1.0
drug0,GO_BP,GOBP_REGULATION_OF_ENDOTHELIAL_CELL_MIGRATION,1,38,50,1500,0.7894736842105263,0.7287458866817691,Apoe,1.0
drug0,GO_BP,GOBP_REGULATION_OF_EPITHELIAL_CELL_DIFFERENTIATION,1,37,50,1500,0.8108108108108107,0.7191473688714989,Zeb2,1.0
drug0,GO_BP,GOBP_REGULATION_OF_EPITHELIAL_CELL_PROLIFERATION,3,72,50,1500,1.25,0.4344399635908002,Apoe|Ptprn|Rian,1.0
drug0,GO_BP,GOBP_REGULATION_OF_EPITHELIAL_TO_MESENCHYMAL_TRANSITION,0,18,50,1500,0.0,1.0,,1.0
drug0,GO_BP,GOBP_REGULATION_OF_ESTABLISHMENT_OF_PROTEIN_LOCALIZATION,5,54,50,1500,2.7777777777777777,0.030938361410388148,Apoe|Epha5|Grin2a|Snap25|Syt7,0.41208883026131754
drug0,GO_BP,GOBP_REGULATION_OF_EXOCYTOSIS,5,30,50,1500,5.0,0.0025492731845981973,Cadps|Pclo|Rims2|Syt1|Syt7,0.06575506230114397
drug0,GO_BP,GOBP_REGULATION_OF_EXTENT_OF_CELL_GROWTH,1,21,50,1500,1.4285714285714286,0.5116902720131731,Apoe,1.0
drug0,GO_BP,GOBP_REGULATION_OF_EXTRACELLULAR_MATRIX_ORGANIZATION,0,13,50,1500,0.0,1.0,,1.0
drug0,GO_BP,GOBP_REGULATION_OF_EXTRINSIC_APOPTOTIC_SIGNALING_PATHWAY,0,26,50,1500,0.0,1.0,,1.0
drug0,GO_BP,GOBP_REGULATION_OF_EXTRINSIC_APOPTOTIC_SIGNALING_PATHWAY_VIA_DEATH_DOMAIN_RECEPTORS,0,11,50,1500,0.0,1.0,,1.0
drug0,GO_BP,GOBP_REGULATION_OF_FATTY_ACID_METABOLIC_PROCESS,0,18,50,1500,0.0,1.0,,1.0
drug0,GO_BP,GOBP_REGULATION_OF_FAT_CELL_DIFFERENTIATION,0,23,50,1500,0.0,1.0,,1.0
drug0,GO_BP,GOBP_REGULATION_OF_FIBROBLAST_PROLIFERATION,0,19,50,1500,0.0,1.0,,1.0
drug0,GO_BP,GOBP_REGULATION_OF_FILOPODIUM_ASSEMBLY,1,10,50,1500,3.0,0.2882684421548648,Nrxn1,1.0
drug0,GO_BP,GOBP_REGULATION_OF_GENERATION_OF_PRECURSOR_METABOLITES_AND_ENERGY,1,11,50,1500,2.7272727272727275,0.31215205147852715,Zbtb20,1.0
drug0,GO_BP,GOBP_REGULATION_OF_GLIAL_CELL_DIFFERENTIATION,0,22,50,1500,0.0,1.0,,1.0
drug0,GO_BP,GOBP_REGULATION_OF_GLIAL_CELL_MIGRATION,0,11,50,1500,0.0,1.0,,1.0
drug0,GO_BP,GOBP_REGULATION_OF_GLIOGENESIS,0,28,50,1500,0.0,1.0,,1.0
drug0,GO_BP,GOBP_REGULATION_OF_GRANULOCYTE_CHEMOTAXIS,0,15,50,1500,0.0,1.0,,1.0
drug0,GO_BP,GOBP_REGULATION_OF_GROWTH,3,83,50,1500,1.0843373493975903,0.5308117699803918,Apoe|Rims2|Syt1,1.0
drug0,GO_BP,GOBP_REGULATION_OF_GTPASE_ACTIVITY,1,13,50,1500,2.3076923076923075,0.3575867388571701,Epha5,1.0
drug0,GO_BP,GOBP_REGULATION_OF_G_PROTEIN_COUPLED_RECEPTOR_SIGNALING_PATHWAY,2,28,50,1500,2.142857142857143,0.2389147042643709,Camk2a|Grm5,1.0
drug0,GO_BP,GOBP_REGULATION_OF_HEART_CONTRACTION,1,34,50,1500,0.8823529411764706,0.6883105763500479,Atp1b1,1.0
drug0,GO_BP,GOBP_REGULATION_OF_HEART_GROWTH,0,16,50,1500,0.0,1.0,,1.0
drug0,GO_BP,GOBP_REGULATION_OF_HEART_RATE,0,17,50,1500,0.0,1.0,,1.0
drug0,GO_BP,GOBP_REGULATION_OF_HEMOPOIESIS,0,60,50,1500,0.0,1.0,,1.0
drug0,GO_BP,GOBP_REGULATION_OF_HORMONE_LEVELS,6,77,50,1500,2.3376623376623376,0.03928723998309925,Epha5|Pclo|Ptprn|Rims2|Snap25|Syt7,0.4829514880838804
drug0,GO_BP,GOBP_REGULATION_OF_HORMONE_SECRETION,3,41,50,1500,2.1951219512195124,0.15365659133764528,Epha5|Snap25|Syt7,1.0
drug0,GO_BP,GOBP_REGULATION_OF_HYDROLASE_ACTIVITY,3,38,50,1500,2.368421052631579,0.1301690111571574,Camk2a|Epha5|Mbp,0.9443064425463428
drug0,GO_BP,GOBP_REGULATION_OF_IMMUNE_EFFECTOR_PROCESS,0,55,50,1500,0.0,1.0,,1.0
drug0,GO_BP,GOBP_REGULATION_OF_IMMUNE_RESPONSE,1,91,50,1500,0.32967032967032966,0.9585479249721874,Apoe,1.0
drug0,GO_BP,GOBP_REGULATION_OF_IMMUNE_SYSTEM_PROCESS,2,185,50,1500,0.3243243243243243,0.9897661875931945,Apoe|Zbtb20,1.0
drug0,GO_BP,GOBP_REGULATION_OF_INFLAMMATORY_RESPONSE,1,58,50,1500,0.5172413793103449,0.8653811294462346,Apoe,1.0
drug0,GO_BP,GOBP_REGULATION_OF_INNATE_IMMUNE_RESPONSE,1,40,50,1500,0.75,0.7469883874978639,Apoe,1.0
drug0,GO_BP,GOBP_REGULATION_OF_INSULIN_RECEPTOR_SIGNALING_PATHWAY,0,11,50,1500,0.0,1.0,,1.0
drug0,GO_BP,GOBP_REGULATION_OF_INSULIN_SECRETION,3,25,50,1500,3.5999999999999996,0.04784820721062824,Epha5|Snap25|Syt7,0.5250167777264303
drug0,GO_BP,GOBP_REGULATION_OF_INTRACELLULAR_PROTEIN_TRANSPORT,0,14,50,1500,0.0,1.0,,1.0
drug0,GO_BP,GOBP_REGULATION_OF_INTRACELLULAR_TRANSPORT,0,25,50,1500,0.0,1.0,,1.0
drug0,GO_BP,GOBP_REGULATION_OF_INTRINSIC_APOPTOTIC_SIGNALING_PATHWAY,0,12,50,1500,0.0,1.0,,1.0
drug0,GO_BP,GOBP_REGULATION_OF_JNK_CASCADE,0,15,50,1500,0.0,1.0,,1.0
drug0,GO_BP,GOBP_REGULATION_OF_KETONE_METABOLIC_PROCESS,0,21,50,1500,0.0,1.0,,1.0
drug0,GO_BP,GOBP_REGULATION_OF_KINASE_ACTIVITY,3,58,50,1500,1.5517241379310345,0.304369224763557,Apoe|Nrxn1|Zeb2,1.0
drug0,GO_BP,GOBP_REGULATION_OF_LEUKOCYTE_ADHESION_TO_VASCULAR_ENDOTHELIAL_CELL,0,10,50,1500,0.0,1.0,,1.0
drug0,GO_BP,GOBP_REGULATION_OF_LEUKOCYTE_APOPTOTIC_PROCESS,0,18,50,1500,0.0,1.0,,1.0
drug0,GO_BP,GOBP_REGULATION_OF_LEUKOCYTE_CHEMOTAXIS,0,29,50,1500,0.0,1.0,,1.0
drug0,GO_BP,GOBP_REGULATION_OF_LEUKOCYTE_DIFFERENTIATION,0,47,50,1500,0.0,1.0,,1.0
drug0,GO_BP,GOBP_REGULATION_OF_LEUKOCYTE_MEDIATED_IMMUNITY,0,27,50,1500,0.0,1.0,,1.0
drug0,GO_BP,GOBP_REGULATION_OF_LEUKOCYTE_MIGRATION,0,44,50,1500,0.0,1.0,,1.0
drug0,GO_BP,GOBP_REGULATION_OF_LEUKOCYTE_PROLIFERATION,0,46,50,1500,0.0,1.0,,1.0
drug0,GO_BP,GOBP_REGULATION_OF_LIPID_BIOSYNTHETIC_PROCESS,2,30,50,1500,2.0,0.26406742974514547,Apoe|Zbtb20,1.0
drug0,GO_BP,GOBP_REGULATION_OF_LIPID_LOCALIZATION,1,26,50,1500,1.1538461538461537,0.5889329235095868,Apoe,1.0
drug0,GO_BP,GOBP_REGULATION_OF_LIPID_METABOLIC_PROCESS,2,46,50,1500,1.3043478260869565,0.4588829057877858,Apoe|Zbtb20,1.0
drug0,GO_BP,GOBP_REGULATION_OF_LIPID_TRANSPORT,1,23,50,1500,1.3043478260869565,0.5441591891136924,Apoe,1.0
drug0,GO_BP,GOBP_REGULATION_OF_LOCOMOTION,5,195,50,1500,0.7692307692307693,0.8002081199048331,Apoe|Camk2a|Dock4|Ntng1|Zeb2,1.0
drug0,GO_BP,GOBP_REGULATION_OF_LONG_TERM_NEURONAL_SYNAPTIC_PLASTICITY,3,12,50,1500,7.5,0.006204459645394968,Grin2a|Grin2b|Grm5,0.12447218424403486
drug0,GO_BP,GOBP_REGULATION_OF_LONG_TERM_SYNAPTIC_POTENTIATION,2,10,50,1500,6.0,0.04131092728840577,Apoe|Nrgn,0.4829514880838804
drug0,GO_BP,GOBP_REGULATION_OF_LYMPHOCYTE_ACTIVATION,0,66,50,1500,0.0,1.0,,1.0
drug0,GO_BP,GOBP_REGULATION_OF_LYMPHOCYTE_APOPTOTIC_PROCESS,0,10,50,1500,0.0,1.0,,1.0
drug0,GO_BP,GOBP_REGULATION_OF_LYMPHOCYTE_DIFFERENTIATION,0,28,50,1500,0.0,1.0,,1.0
drug0,GO_BP,GOBP_REGULATION_OF_LYMPHOCYTE_MEDIATED_IMMUNITY,0,17,50,1500,0.0,1.0,,1.0
drug0,GO_BP,GOBP_REGULATION_OF_MACROPHAGE_ACTIVATION,0,13,50,1500,0.0,1.0,,1.0
drug0,GO_BP,GOBP_REGULATION_OF_MACROPHAGE_CHEMOTAXIS,0,10,50,1500,0.0,1.0,,1.0
drug0,GO_BP,GOBP_REGULATION_OF_MACROPHAGE_MIGRATION,0,13,50,1500,0.0,1.0,,1.0
drug0,GO_BP,GOBP_REGULATION_OF_MAP_KINASE_ACTIVITY,2,19,50,1500,3.1578947368421053,0.12996801648711176,Apoe|Zeb2,0.9443064425463428
drug0,GO_BP,GOBP_REGULATION_OF_MEIOTIC_CELL_CYCLE,0,10,50,1500,0.0,1.0,,1.0
drug0,GO_BP,GOBP_REGULATION_OF_MEMBRANE_PERMEABILITY,1,10,50,1500,3.0,0.2882684421548648,Camk2a,1.0
drug0,GO_BP,GOBP_REGULATION_OF_MEMBRANE_POTENTIAL,11,73,50,1500,4.52054794520548,1.3820025618488784e-05,Atp1b1|Celf4|Dpp6|Gria2|Grin2a|Grin2b|Nrcam|Nrxn1|Pclo|Rims2|Slc17a7,0.0010694067442878225
drug0,GO_BP,GOBP_REGULATION_OF_MICROTUBULE_BASED_PROCESS,0,26,50,1500,0.0,1.0,,1.0
drug0,GO_BP,GOBP_REGULATION_OF_MICROTUBULE_CYTOSKELETON_ORGANIZATION,0,16,50,1500,0.0,1.0,,1.0
drug0,GO_BP,GOBP_REGULATION_OF_MICROTUBULE_POLYMERIZATION_OR_DEPOLYMERIZATION,0,11,50,1500,0.0,1.0,,1.0
drug0,GO_BP,GOBP_REGULATION_OF_MITOCHONDRION_ORGANIZATION,0,14,50,1500,0.0,1.0,,1.0
drug0,GO_BP,GOBP_REGULATION_OF_MITOTIC_CELL_CYCLE,0,57,50,1500,0.0,1.0,,1.0
drug0,GO_BP,GOBP_REGULATION_OF_MITOTIC_CELL_CYCLE_PHASE_TRANSITION,0,30,50,1500,0.0,1.0,,1.0
drug0,GO_BP,GOBP_REGULATION_OF_MITOTIC_NUCLEAR_DIVISION,0,16,50,1500,0.0,1.0,,1.0
drug0,GO_BP,GOBP_REGULATION_OF_MOLECULAR_FUNCTION,7,183,50,1500,1.1475409836065575,0.41053446532506516,Apoe|Atp1b1|Camk2a|Epha5|Mbp|Nrxn1|Zeb2,1.0
drug0,GO_BP,GOBP_REGULATION_OF_MONOATOMIC_ION_TRANSMEMBRANE_TRANSPORT,4,45,50,1500,2.6666666666666665,0.05956914793339073,Atp1b1|Dpp6|Grin2a|Grin2b,0.5831317192274695
drug0,GO_BP,GOBP_REGULATION_OF_MONOATOMIC_ION_TRANSPORT,6,69,50,1500,2.608695652173913,0.024339885719462277,Atp1b1|Atp2b1|Camk2a|Dpp6|Grin2a|Grin2b,0.34096822667350174
drug0,GO_BP,GOBP_REGULATION_OF_MONONUCLEAR_CELL_MIGRATION,0,25,50,1500,0.0,1.0,,1.0
drug0,GO_BP,GOBP_REGULATION_OF_MORPHOGENESIS_OF_AN_EPITHELIUM,0,10,50,1500,0.0,1.0,,1.0
drug0,GO_BP,GOBP_REGULATION_OF_MORPHOGENESIS_OF_A_BRANCHING_STRUCTURE,0,10,50,1500,0.0,1.0,,1.0
drug0,GO_BP,GOBP_REGULATION_OF_MRNA_METABOLIC_PROCESS,1,11,50,1500,2.7272727272727275,0.31215205147852715,Celf4,1.0
drug0,GO_BP,GOBP_REGULATION_OF_MULTICELLULAR_ORGANISMAL_DEVELOPMENT,6,242,50,1500,0.7438016528925621,0.8428371057439444,Apoe|Atp2b1|Grm5|Mbp|Nrxn1|Zeb2,1.0
drug0,GO_BP,GOBP_REGULATION_OF_MULTICELLULAR_ORGANISM_GROWTH,0,10,50,1500,0.0,1.0,,1.0
drug0,GO_BP,GOBP_REGULATION_OF_MUSCLE_ADAPTATION,0,16,50,1500,0.0,1.0,,1.0
drug0,GO_BP,GOBP_REGULATION_OF_MUSCLE_CELL_DIFFERENTIATION,0,24,50,1500,0.0,1.0,,1.0
drug0,GO_BP,GOBP_REGULATION_OF_MUSCLE_CONTRACTION,3,33,50,1500,2.727272727272727,0.09437465903438064,Atp1b1|Atp2b1|Dock4,0.8049116049430468
drug0,GO_BP,GOBP_REGULATION_OF_MUSCLE_HYPERTROPHY,0,13,50,1500,0.0,1.0,,1.0
drug0,GO_BP,GOBP_REGULATION_OF_MUSCLE_SYSTEM_PROCESS,3,45,50,1500,2.0,0.18688241970806788,Atp1b1|Atp2b1|Dock4,1.0
drug0,GO_BP,GOBP_REGULATION_OF_MYELOID_CELL_DIFFERENTIATION,0,33,50,1500,0.0,1.0,,1.0
drug0,GO_BP,GOBP_REGULATION_OF_MYELOID_LEUKOCYTE_DIFFERENTIATION,0,23,50,1500,0.0,1.0,,1.0
drug0,GO_BP,GOBP_REGULATION_OF_MYELOID_LEUKOCYTE_MEDIATED_IMMUNITY,0,11,50,1500,0.0,1.0,,1.0
drug0,GO_BP,GOBP_REGULATION_OF_MYOBLAST_DIFFERENTIATION,0,12,50,1500,0.0,1.0,,1.0
drug0,GO_BP,GOBP_REGULATION_OF_NERVOUS_SYSTEM_DEVELOPMENT,5,93,50,1500,1.6129032258064515,0.1937717481787172,Apoe|Grm5|Mbp|Nrxn1|Zeb2,1.0
drug0,GO_BP,GOBP_REGULATION_OF_NERVOUS_SYSTEM_PROCESS,6,34,50,1500,5.294117647058823,0.0006668188898421362,Celf4|Grin2a|Grin2b|Nrxn1|Pclo|Rims2,0.02257459783319732
drug0,GO_BP,GOBP_REGULATION_OF_NEURAL_PRECURSOR_CELL_PROLIFERATION,0,24,50,1500,0.0,1.0,,1.0
drug0,GO_BP,GOBP_REGULATION_OF_NEUROGENESIS,4,81,50,1500,1.4814814814814814,0.28259619691189436,Apoe|Grm5|Mbp|Zeb2,1.0
drug0,GO_BP,GOBP_REGULATION_OF_NEURONAL_SYNAPTIC_PLASTICITY,4,24,50,1500,5.0,0.007096598958267543,Camk2a|Grin2a|Grin2b|Grm5,0.13567027420217362
drug0,GO_BP,GOBP_REGULATION_OF_NEURON_APOPTOTIC_PROCESS,1,48,50,1500,0.625,0.8086739419485636,Apoe,1.0
drug0,GO_BP,GOBP_REGULATION_OF_NEURON_DIFFERENTIATION,0,47,50,1500,0.0,1.0,,1.0
drug0,GO_BP,GOBP_REGULATION_OF_NEURON_MIGRATION,2,10,50,1500,6.0,0.04131092728840577,Camk2a|Ntng1,0.4829514880838804
drug0,GO_BP,GOBP_REGULATION_OF_NEURON_PROJECTION_DEVELOPMENT,7,99,50,1500,2.121212121212121,0.04207139229888297,Apoe|Mbp|Nrcam|Nrxn1|Ntng1|Snap25|Zeb2,0.4883286606120345
drug0,GO_BP,GOBP_REGULATION_OF_NEUROTRANSMITTER_SECRETION,3,20,50,1500,4.5,0.026644162448827665,Camk2a|Rims2|Syt1,0.3589847663650426
drug0,GO_BP,GOBP_REGULATION_OF_NEUROTRANSMITTER_TRANSPORT,3,22,50,1500,4.090909090909091,0.034352084177712426,Camk2a|Rims2|Syt1,0.44303283165700547
drug0,GO_BP,GOBP_REGULATION_OF_NEUTROPHIL_MIGRATION,0,11,50,1500,0.0,1.0,,1.0
drug0,GO_BP,GOBP_REGULATION_OF_NITRIC_OXIDE_METABOLIC_PROCESS,1,14,50,1500,2.142857142857143,0.3791877227557184,Apoe,1.0
drug0,GO_BP,GOBP_REGULATION_OF_NON_CANONICAL_NF_KAPPAB_SIGNAL_TRANSDUCTION,0,10,50,1500,0.0,1.0,,1.0
drug0,GO_BP,GOBP_REGULATION_OF_NOTCH_SIGNALING_PATHWAY,1,17,50,1500,1.7647058823529411,0.4398083575301246,Rian,1.0
drug0,GO_BP,GOBP_REGULATION_OF_NUCLEAR_DIVISION,0,20,50,1500,0.0,1.0,,1.0
drug0,GO_BP,GOBP_REGULATION_OF_NUCLEOCYTOPLASMIC_TRANSPORT,0,13,50,1500,0.0,1.0,,1.0
drug0,GO_BP,GOBP_REGULATION_OF_OLIGODENDROCYTE_DIFFERENTIATION,0,15,50,1500,0.0,1.0,,1.0
drug0,GO_BP,GOBP_REGULATION_OF_ORGANELLE_ASSEMBLY,1,19,50,1500,1.5789473684210527,0.4769581022710094,Nrxn1,1.0
drug0,GO_BP,GOBP_REGULATION_OF_ORGANELLE_ORGANIZATION,7,129,50,1500,1.627906976744186,0.13129700386491314,Epha5|Nrxn1|Rims2|Sptbn1|Syt1|Syt7|Zeb2,0.9482561390243726
drug0,GO_BP,GOBP_REGULATION_OF_ORGANIC_ACID_TRANSPORT,1,22,50,1500,1.3636363636363638,0.5281983764075895,Grin2b,1.0
drug0,GO_BP,GOBP_REGULATION_OF_ORGAN_GROWTH,0,22,50,1500,0.0,1.0,,1.0
drug0,GO_BP,GOBP_REGULATION_OF_OSSIFICATION,1,24,50,1500,1.25,0.5595904961849962,Atp2b1,1.0
drug0,GO_BP,GOBP_REGULATION_OF_OSTEOBLAST_DIFFERENTIATION,0,25,50,1500,0.0,1.0,,1.0
drug0,GO_BP,GOBP_REGULATION_OF_OSTEOCLAST_DIFFERENTIATION,0,13,50,1500,0.0,1.0,,1.0
drug0,GO_BP,GOBP_REGULATION_OF_PATTERN_RECOGNITION_RECEPTOR_SIGNALING_PATHWAY,0,14,50,1500,0.0,1.0,,1.0
drug0,GO_BP,GOBP_REGULATION_OF_PEPTIDASE_ACTIVITY,1,11,50,1500,2.7272727272727275,0.31215205147852715,Mbp,1.0
drug0,GO_BP,GOBP_REGULATION_OF_PEPTIDE_TRANSPORT,3,30,50,1500,3.0,0.07524124775221704,Epha5|Snap25|Syt7,0.6907741672166818
drug0,GO_BP,GOBP_REGULATION_OF_PEPTIDYL_SERINE_PHOSPHORYLATION,1,10,50,1500,3.0,0.2882684421548648,Nrxn1,1.0
drug0,GO_BP,GOBP_REGULATION_OF_PEPTIDYL_TYROSINE_PHOSPHORYLATION,0,35,50,1500,0.0,1.0,,1.0
drug0,GO_BP,GOBP_REGULATION_OF_PHAGOCYTOSIS,1,14,50,1500,2.142857142857143,0.3791877227557184,Syt7,1.0
drug0,GO_BP,GOBP_REGULATION_OF_PHOSPHORUS_METABOLIC_PROCESS,4,133,50,1500,0.9022556390977443,0.6619305381928015,Apoe|Nrxn1|Zbtb20|Zeb2,1.0
drug0,GO_BP,GOBP_REGULATION_OF_PHOSPHORYLATION,3,118,50,1500,0.7627118644067797,0.7687381254905901,Apoe|Nrxn1|Zeb2,1.0
drug0,GO_BP,GOBP_REGULATION_OF_PLASMA_LIPOPROTEIN_PARTICLE_LEVELS,1,12,50,1500,2.5,0.33524969917904673,Apoe,1.0
drug0,GO_BP,GOBP_REGULATION_OF_POSTSYNAPSE_ASSEMBLY,2,11,50,1500,5.454545454545455,0.04943234891824236,Dclk1|Dock4,0.5250167777264303
drug0,GO_BP,GOBP_REGULATION_OF_POSTSYNAPSE_ORGANIZATION,7,30,50,1500,7.0,3.3782447163356733e-05,Apoe|Dclk1|Dock4|Grin2b|Nrcam|Nrxn1|Plppr4,0.0021958590656181876
drug0,GO_BP,GOBP_REGULATION_OF_POSTSYNAPTIC_MEMBRANE_NEUROTRANSMITTER_RECEPTOR_LEVELS,1,25,50,1500,1.2,0.5745095173169409,Camk2a,1.0
drug0,GO_BP,GOBP_REGULATION_OF_POSTSYNAPTIC_MEMBRANE_POTENTIAL,9,34,50,1500,7.9411764705882355,6.773361561217385e-07,Celf4|Dpp6|Gria2|Grin2a|Grin2b|Nrxn1|Pclo|Rims2|Slc17a7,0.00013758390671222813
drug0,GO_BP,GOBP_REGULATION_OF_POST_TRANSLATIONAL_PROTEIN_MODIFICATION,0,18,50,1500,0.0,1.0,,1.0
drug0,GO_BP,GOBP_REGULATION_OF_POTASSIUM_ION_TRANSMEMBRANE_TRANSPORT,2,11,50,1500,5.454545454545455,0.04943234891824236,Atp1b1|Dpp6,0.5250167777264303
drug0,GO_BP,GOBP_REGULATION_OF_POTASSIUM_ION_TRANSPORT,2,13,50,1500,4.615384615384615,0.06720522304156554,Atp1b1|Dpp6,0.6276349853019769
drug0,GO_BP,GOBP_REGULATION_OF_PRODUCTION_OF_MOLECULAR_MEDIATOR_OF_IMMUNE_RESPONSE,0,27,50,1500,0.0,1.0,,1.0
drug0,GO_BP,GOBP_REGULATION_OF_PROGRAMMED_CELL_DEATH,4,193,50,1500,0.6217616580310881,0.9035442556334677,Apoe|Camk2a|Grin2a|Zeb2,1.0
drug0,GO_BP,GOBP_REGULATION_OF_PROTEASOMAL_PROTEIN_CATABOLIC_PROCESS,2,15,50,1500,4.0,0.08674586941049843,Apoe|Dlgap1,0.7619569610381619
drug0,GO_BP,GOBP_REGULATION_OF_PROTEASOMAL_UBIQUITIN_DEPENDENT_PROTEIN_CATABOLIC_PROCESS,0,10,50,1500,0.0,1.0,,1.0
drug0,GO_BP,GOBP_REGULATION_OF_PROTEIN_BINDING,0,20,50,1500,0.0,1.0,,1.0
drug0,GO_BP,GOBP_REGULATION_OF_PROTEIN_CATABOLIC_PROCESS,3,39,50,1500,2.3076923076923075,0.13784616132080219,Apoe|Dlgap1|Grin2a,0.9696970222783703
drug0,GO_BP,GOBP_REGULATION_OF_PROTEIN_CONTAINING_COMPLEX_ASSEMBLY,2,51,50,1500,1.1764705882352942,0.5140905590955691,Apoe|Sptbn1,1.0
drug0,GO_BP,GOBP_REGULATION_OF_PROTEIN_CONTAINING_COMPLEX_DISASSEMBLY,1,14,50,1500,2.142857142857143,0.3791877227557184,Sptbn1,1.0
drug0,GO_BP,GOBP_REGULATION_OF_PROTEIN_DEPOLYMERIZATION,1,11,50,1500,2.7272727272727275,0.31215205147852715,Sptbn1,1.0
drug0,GO_BP,GOBP_REGULATION_OF_PROTEIN_IMPORT_INTO_NUCLEUS,0,12,50,1500,0.0,1.0,,1.0
drug0,GO_BP,GOBP_REGULATION_OF_PROTEIN_LOCALIZATION_TO_CELL_PERIPHERY,4,21,50,1500,5.714285714285714,0.004303869683793261,Camk2a|Dpp6|Nrxn1|Sptbn1,0.09713594772450068
drug0,GO_BP,GOBP_REGULATION_OF_PROTEIN_LOCALIZATION_TO_MEMBRANE,5,22,50,1500,6.818181818181818,0.0005767113066653079,Camk2a|Dpp6|Grin2a|Nrxn1|Sptbn1,0.021298997121161938
drug0,GO_BP,GOBP_REGULATION_OF_PROTEIN_LOCALIZATION_TO_NUCLEUS,1,20,50,1500,1.5,0.49461650530034706,Dclk1,1.0
drug0,GO_BP,GOBP_REGULATION_OF_PROTEIN_LOCALIZATION_TO_PLASMA_MEMBRANE,4,15,50,1500,8.0,0.0011385205653101096,Camk2a|Dpp6|Nrxn1|Sptbn1,0.033037427118373715
drug0,GO_BP,GOBP_REGULATION_OF_PROTEIN_MODIFICATION_PROCESS,3,130,50,1500,0.6923076923076924,0.8243720051473609,Apoe|Nrxn1|Zeb2,1.0
drug0,GO_BP,GOBP_REGULATION_OF_PROTEIN_POLYMERIZATION,1,24,50,1500,1.25,0.5595904961849962,Sptbn1,1.0
drug0,GO_BP,GOBP_REGULATION_OF_PROTEIN_SECRETION,4,35,50,1500,3.4285714285714284,0.026699482447428365,Apoe|Epha5|Snap25|Syt7,0.3589847663650426
drug0,GO_BP,GOBP_REGULATION_OF_PROTEIN_SERINE_THREONINE_KINASE_ACTIVITY,3,35,50,1500,2.571428571428571,0.10814346217319507,Apoe|Nrxn1|Zeb2,0.853073427337097
drug0,GO_BP,GOBP_REGULATION_OF_PROTEIN_STABILITY,1,26,50,1500,1.1538461538461537,0.5889329235095868,Atp1b1,1.0
drug0,GO_BP,GOBP_REGULATION_OF_PROTEIN_UBIQUITINATION,0,16,50,1500,0.0,1.0,,1.0
drug0,GO_BP,GOBP_REGULATION_OF_PROTEOLYSIS,3,38,50,1500,2.368421052631579,0.1301690111571574,Apoe|Dlgap1|Mbp,0.9443064425463428
drug0,GO_BP,GOBP_REGULATION_OF_PROTEOLYSIS_INVOLVED_IN_PROTEIN_CATABOLIC_PROCESS,2,18,50,1500,3.3333333333333335,0.11872751053120777,Apoe|Dlgap1,0.9100575689302483
drug0,GO_BP,GOBP_REGULATION_OF_REACTIVE_OXYGEN_SPECIES_METABOLIC_PROCESS,0,16,50,1500,0.0,1.0,,1.0
drug0,GO_BP,GOBP_REGULATION_OF_RECEPTOR_INTERNALIZATION,0,10,50,1500,0.0,1.0,,1.0
drug0,GO_BP,GOBP_REGULATION_OF_RECEPTOR_MEDIATED_ENDOCYTOSIS,0,15,50,1500,0.0,1.0,,1.0
drug0,GO_BP,GOBP_REGULATION_OF_RECEPTOR_SIGNALING_PATHWAY_VIA_STAT,1,15,50,1500,2.0,0.4000764265660914,Camk2a,1.0
drug0,GO_BP,GOBP_REGULATION_OF_REGULATED_SECRETORY_PATHWAY,4,18,50,1500,6.666666666666667,0.002369698940448127,Cadps|Rims2|Syt1|Syt7,0.06299688486381266
drug0,GO_BP,GOBP_REGULATION_OF_RELEASE_OF_SEQUESTERED_CALCIUM_ION_INTO_CYTOSOL,0,10,50,1500,0.0,1.0,,1.0
drug0,GO_BP,GOBP_REGULATION_OF_REPRODUCTIVE_PROCESS,1,28,50,1500,1.0714285714285714,0.616356933817995,Ptgds,1.0
drug0,GO_BP,GOBP_REGULATION_OF_RESPONSE_TO_BIOTIC_STIMULUS,1,48,50,1500,0.625,0.8086739419485636,Apoe,1.0
drug0,GO_BP,GOBP_REGULATION_OF_RESPONSE_TO_CYTOKINE_STIMULUS,0,20,50,1500,0.0,1.0,,1.0
drug0,GO_BP,GOBP_REGULATION_OF_RESPONSE_TO_EXTERNAL_STIMULUS,2,144,50,1500,0.4166666666666667,0.9616856147128319,Apoe|Nrxn1,1.0
drug0,GO_BP,GOBP_REGULATION_OF_RESPONSE_TO_STRESS,1,142,50,1500,0.2112676056338028,0.9936546248571059,Apoe,1.0
drug0,GO_BP,GOBP_REGULATION_OF_RESPONSE_TO_WOUNDING,1,32,50,1500,0.9375,0.6659340944396241,Apoe,1.0
drug0,GO_BP,GOBP_REGULATION_OF_RHO_PROTEIN_SIGNAL_TRANSDUCTION,1,13,50,1500,2.3076923076923075,0.3575867388571701,Apoe,1.0
drug0,GO_BP,GOBP_REGULATION_OF_SECRETION,11,96,50,1500,3.4375,0.00019242003765579385,Apoe|Cadps|Camk2a|Epha5|Grin2b|Pclo|Ptprn|Rims2|Snap25|Syt1|Syt7,0.00947522912698985
drug0,GO_BP,GOBP_REGULATION_OF_SIGNALING_RECEPTOR_ACTIVITY,0,15,50,1500,0.0,1.0,,1.0
drug0,GO_BP,GOBP_REGULATION_OF_SIGNAL_TRANSDUCTION_BY_P53_CLASS_MEDIATOR,0,10,50,1500,0.0,1.0,,1.0
drug0,GO_BP,GOBP_REGULATION_OF_SISTER_CHROMATID_SEGREGATION,0,10,50,1500,0.0,1.0,,1.0
drug0,GO_BP,GOBP_REGULATION_OF_SMALL_GTPASE_MEDIATED_SIGNAL_TRANSDUCTION,3,34,50,1500,2.6470588235294117,0.10116254962527227,Apoe|Grin2a|Grin2b,0.8302481976821589
drug0,GO_BP,GOBP_REGULATION_OF_SMALL_MOLECULE_METABOLIC_PROCESS,2,41,50,1500,1.4634146341463414,0.40039713749493766,Apoe|Zbtb20,1.0
drug0,GO_BP,GOBP_REGULATION_OF_SMOOTH_MUSCLE_CONTRACTION,2,17,50,1500,3.5294117647058822,0.10775612872998955,Atp2b1|Dock4,0.853073427337097
drug0,GO_BP,GOBP_REGULATION_OF_SODIUM_ION_TRANSPORT,1,14,50,1500,2.142857142857143,0.3791877227557184,Atp1b1,1.0
drug0,GO_BP,GOBP_REGULATION_OF_STEM_CELL_PROLIFERATION,0,19,50,1500,0.0,1.0,,1.0
drug0,GO_BP,GOBP_REGULATION_OF_STEROID_METABOLIC_PROCESS,1,10,50,1500,3.0,0.2882684421548648,Apoe,1.0
drug0,GO_BP,GOBP_REGULATION_OF_STRIATED_MUSCLE_CELL_DIFFERENTIATION,0,16,50,1500,0.0,1.0,,1.0
drug0,GO_BP,GOBP_REGULATION_OF_STRIATED_MUSCLE_CONTRACTION,1,16,50,1500,1.875,0.4202758734830577,Atp1b1,1.0
drug0,GO_BP,GOBP_REGULATION_OF_SUBSTRATE_ADHESION_DEPENDENT_CELL_SPREADING,0,12,50,1500,0.0,1.0,,1.0
drug0,GO_BP,GOBP_REGULATION_OF_SUPRAMOLECULAR_FIBER_ORGANIZATION,2,53,50,1500,1.1320754716981132,0.535155658992266,Apoe|Sptbn1,1.0
drug0,GO_BP,GOBP_REGULATION_OF_SYNAPSE_ASSEMBLY,4,30,50,1500,4.0,0.015793510905532628,Dclk1|Dock4|Nrxn1|Snap25,0.24211750208953323
drug0,GO_BP,GOBP_REGULATION_OF_SYNAPSE_STRUCTURE_OR_ACTIVITY,10,59,50,1500,5.084745762711865,1.2328511509275943e-05,Apoe|Dclk1|Dock4|Grin2b|Nrcam|Nrxn1|Plppr4|Slc17a7|Snap25|Sparcl1,0.0010694067442878225
drug0,GO_BP,GOBP_REGULATION_OF_SYNAPTIC_PLASTICITY,8,55,50,1500,4.363636363636364,0.000316210529376169,Apoe|Camk2a|Grin2a|Grin2b|Grm5|Nrgn|Snap25|Syt7,0.013972243230442442
drug0,GO_BP,GOBP_REGULATION_OF_SYNAPTIC_TRANSMISSION_GLUTAMATERGIC,7,21,50,1500,10.0,2.42950502397347e-06,Gria2|Grin2a|Grin2b|Grm5|Nrxn1|Plppr4|Syt1,0.0003289954719964074
drug0,GO_BP,GOBP_REGULATION_OF_SYSTEMIC_ARTERIAL_BLOOD_PRESSURE,1,22,50,1500,1.3636363636363638,0.5281983764075895,Ttr,1.0
drug0,GO_BP,GOBP_REGULATION_OF_SYSTEM_PROCESS,11,102,50,1500,3.235294117647059,0.00033415091574466116,Apoe|Atp1b1|Atp2b1|Celf4|Dock4|Grin2a|Grin2b|Nrxn1|Pclo|Rims2|Ttr,0.014289348370659852
drug0,GO_BP,GOBP_REGULATION_OF_TISSUE_REMODELING,1,17,50,1500,1.7647058823529411,0.4398083575301246,Syt7,1.0
drug0,GO_BP,GOBP_REGULATION_OF_TRANSFERASE_ACTIVITY,3,59,50,1500,1.5254237288135595,0.31371481999432677,Apoe|Nrxn1|Zeb2,1.0
drug0,GO_BP,GOBP_REGULATION_OF_TRANSLATION,1,13,50,1500,2.3076923076923075,0.3575867388571701,Bc1,1.0
drug0,GO_BP,GOBP_REGULATION_OF_TRANSMEMBRANE_RECEPTOR_PROTEIN_SERINE_THREONINE_KINASE_SIGNALING_PATHWAY,1,36,50,1500,0.8333333333333334,0.7092162291569126,Zeb2,1.0
drug0,GO_BP,GOBP_REGULATION_OF_TRANSMEMBRANE_TRANSPORT,4,67,50,1500,1.791044776119403,0.1808741285842943,Atp1b1|Dpp6|Grin2a|Grin2b,1.0
drug0,GO_BP,GOBP_REGULATION_OF_TRANSPORT,17,223,50,1500,2.286995515695067,0.0004686769485207637,Apoe|Atp1b1|Atp2b1|Cadps|Camk2a|Dpp6|Epha5|Grin2a|Grin2b|Nrxn1|Pclo|Ptprn|Rims2|Slc17a7|Snap25|Syt1|Syt7,0.017870088138645105
drug0,GO_BP,GOBP_REGULATION_OF_TRANSPORTER_ACTIVITY,1,30,50,1500,1.0,0.6419855589414076,Atp1b1,1.0
drug0,GO_BP,GOBP_REGULATION_OF_TRANS_SYNAPTIC_SIGNALING,17,113,50,1500,4.513274336283186,3.027143981908404e-08,Apoe|Camk2a|Celf4|Dlgap1|Gria2|Grin2a|Grin2b|Grm5|Nrgn|Nrxn1|Ntng1|Pclo|Plppr4|Rims2|Snap25|Syt1|Syt7,2.4595544853005782e-05
drug0,GO_BP,GOBP_REGULATION_OF_TUBE_SIZE,3,39,50,1500,2.3076923076923075,0.13784616132080219,Apoe|Atp2b1|Dock4,0.9696970222783703
drug0,GO_BP,GOBP_REGULATION_OF_T_CELL_ACTIVATION,0,50,50,1500,0.0,1.0,,1.0
drug0,GO_BP,GOBP_REGULATION_OF_T_CELL_PROLIFERATION,0,29,50,1500,0.0,1.0,,1.0
drug0,GO_BP,GOBP_REGULATION_OF_UBIQUITIN_DEPENDENT_PROTEIN_CATABOLIC_PROCESS,0,11,50,1500,0.0,1.0,,1.0
drug0,GO_BP,GOBP_REGULATION_OF_VASCULAR_PERMEABILITY,2,14,50,1500,4.285714285714286,0.07677394817604072,Apoe|Zeb2,0.6942372383147193
drug0,GO_BP,GOBP_REGULATION_OF_VASCULATURE_DEVELOPMENT,0,65,50,1500,0.0,1.0,,1.0
drug0,GO_BP,GOBP_REGULATION_OF_VASOCONSTRICTION,2,15,50,1500,4.0,0.08674586941049843,Atp2b1|Dock4,0.7619569610381619
drug0,GO_BP,GOBP_REGULATION_OF_VESICLE_FUSION,3,12,50,1500,7.5,0.006204459645394968,Rims2|Syt1|Syt7,0.12447218424403486
drug0,GO_BP,GOBP_REGULATION_OF_VESICLE_MEDIATED_TRANSPORT,8,74,50,1500,3.243243243243243,0.0024035734532654677,Apoe|Cadps|Nrxn1|Pclo|Rims2|Slc17a7|Syt1|Syt7,0.06299688486381266
drug0,GO_BP,GOBP_REGULATION_OF_VIRAL_GENOME_REPLICATION,0,11,50,1500,0.0,1.0,,1.0
drug0,GO_BP,GOBP_REGULATION_OF_VIRAL_LIFE_CYCLE,0,14,50,1500,0.0,1.0,,1.0
drug0,GO_BP,GOBP_REGULATION_OF_VIRAL_PROCESS,0,15,50,1500,0.0,1.0,,1.0
drug0,GO_BP,GOBP_REGULATION_OF_WNT_SIGNALING_PATHWAY,2,33,50,1500,1.8181818181818181,0.301829565218506,Apoe|Zeb2,1.0
drug0,GO_BP,GOBP_REGULATION_OF_WOUND_HEALING,1,23,50,1500,1.3043478260869565,0.5441591891136924,Apoe,1.0
drug0,GO_BP,GOBP_RENAL_SYSTEM_DEVELOPMENT,0,63,50,1500,0.0,1.0,,1.0
drug0,GO_BP,GOBP_RENAL_SYSTEM_PROCESS,1,13,50,1500,2.3076923076923075,0.3575867388571701,Ttr,1.0
drug0,GO_BP,GOBP_RENAL_SYSTEM_VASCULATURE_DEVELOPMENT,0,11,50,1500,0.0,1.0,,1.0
drug0,GO_BP,GOBP_RENAL_TUBULE_DEVELOPMENT,0,16,50,1500,0.0,1.0,,1.0
drug0,GO_BP,GOBP_RENAL_TUBULE_MORPHOGENESIS,0,13,50,1500,0.0,1.0,,1.0
drug0,GO_BP,GOBP_REPRODUCTIVE_PROCESS,5,173,50,1500,0.8670520231213873,0.7023838753448217,Dcaf17|Kcnq1ot1|Meg3|Ptgds|Ptprn,1.0
drug0,GO_BP,GOBP_REPRODUCTIVE_SYSTEM_DEVELOPMENT,1,48,50,1500,0.625,0.8086739419485636,Ptprn,1.0
drug0,GO_BP,GOBP_RESPIRATORY_GASEOUS_EXCHANGE_BY_RESPIRATORY_SYSTEM,0,12,50,1500,0.0,1.0,,1.0
drug0,GO_BP,GOBP_RESPIRATORY_SYSTEM_DEVELOPMENT,1,45,50,1500,0.6666666666666666,0.7874965257547175,Meg3,1.0
drug0,GO_BP,GOBP_RESPONSE_TO_ABIOTIC_STIMULUS,7,161,50,1500,1.3043478260869565,0.28517697842330725,Arpp21|Atp1b1|Grin2a|Grin2b|Nrxn1|Ttr|Zeb2,1.0
drug0,GO_BP,GOBP_RESPONSE_TO_ACID_CHEMICAL,2,31,50,1500,1.9354838709677418,0.27666470071835436,Gria2|Grin2a,1.0
drug0,GO_BP,GOBP_RESPONSE_TO_ACTIVITY,0,17,50,1500,0.0,1.0,,1.0
drug0,GO_BP,GOBP_RESPONSE_TO_ALCOHOL,3,37,50,1500,2.4324324324324325,0.12265434187292903,Epha5|Grin2a|Grin2b,0.9227467849236559
drug0,GO_BP,GOBP_RESPONSE_TO_ALKALOID,0,23,50,1500,0.0,1.0,,1.0
drug0,GO_BP,GOBP_RESPONSE_TO_AMINE,1,11,50,1500,2.7272727272727275,0.31215205147852715,Grin2a,1.0
drug0,GO_BP,GOBP_RESPONSE_TO_AMYLOID_BETA,1,12,50,1500,2.5,0.33524969917904673,Grm5,1.0
drug0,GO_BP,GOBP_RESPONSE_TO_ANGIOTENSIN,1,10,50,1500,3.0,0.2882684421548648,Camk2a,1.0
drug0,GO_BP,GOBP_RESPONSE_TO_AUDITORY_STIMULUS,1,10,50,1500,3.0,0.2882684421548648,Nrxn1,1.0
drug0,GO_BP,GOBP_RESPONSE_TO_AXON_INJURY,1,20,50,1500,1.5,0.49461650530034706,Apoe,1.0
drug0,GO_BP,GOBP_RESPONSE_TO_BACTERIUM,0,101,50,1500,0.0,1.0,,1.0
drug0,GO_BP,GOBP_RESPONSE_TO_BIOTIC_STIMULUS,3,177,50,1500,0.5084745762711864,0.9472387825932113,Apoe|Camk2a|Dclk1,1.0
drug0,GO_BP,GOBP_RESPONSE_TO_BMP,0,28,50,1500,0.0,1.0,,1.0
drug0,GO_BP,GOBP_RESPONSE_TO_CADMIUM_ION,0,11,50,1500,0.0,1.0,,1.0
drug0,GO_BP,GOBP_RESPONSE_TO_CALCIUM_ION,2,29,50,1500,2.0689655172413794,0.25147901761228364,Nrxn1|Syt1,1.0
drug0,GO_BP,GOBP_RESPONSE_TO_CAMP,0,14,50,1500,0.0,1.0,,1.0
drug0,GO_BP,GOBP_RESPONSE_TO_CARBOHYDRATE,3,35,50,1500,2.571428571428571,0.10814346217319507,Epha5|Ptprn|Zbtb20,0.853073427337097
drug0,GO_BP,GOBP_RESPONSE_TO_CHEMOKINE,0,11,50,1500,0.0,1.0,,1.0
drug0,GO_BP,GOBP_RESPONSE_TO_COCAINE,0,15,50,1500,0.0,1.0,,1.0
drug0,GO_BP,GOBP_RESPONSE_TO_COPPER_ION,0,12,50,1500,0.0,1.0,,1.0
drug0,GO_BP,GOBP_RESPONSE_TO_CORTICOSTEROID,1,27,50,1500,1.1111111111111112,0.60287685419108,Ptgds,1.0
drug0,GO_BP,GOBP_RESPONSE_TO_DECREASED_OXYGEN_LEVELS,3,62,50,1500,1.4516129032258063,0.34180347065176675,Atp1b1|Grin2b|Zeb2,1.0
drug0,GO_BP,GOBP_RESPONSE_TO_ENDOGENOUS_STIMULUS,9,219,50,1500,1.2328767123287672,0.30061904344447193,Apoe|Atp2b1|Camk2a|Epha5|Gria2|Mbp|Nrxn1|Ptgds|Zeb2,1.0
drug0,GO_BP,GOBP_RESPONSE_TO_ENDOPLASMIC_RETICULUM_STRESS,0,17,50,1500,0.0,1.0,,1.0
drug0,GO_BP,GOBP_RESPONSE_TO_ESTRADIOL,0,16,50,1500,0.0,1.0,,1.0
drug0,GO_BP,GOBP_RESPONSE_TO_ESTROGEN,0,14,50,1500,0.0,1.0,,1.0
drug0,GO_BP,GOBP_RESPONSE_TO_ETHANOL,2,20,50,1500,3.0,0.14144844471358778,Grin2a|Grin2b,0.978100947487575
drug0,GO_BP,GOBP_RESPONSE_TO_FATTY_ACID,0,11,50,1500,0.0,1.0,,1.0
drug0,GO_BP,GOBP_RESPONSE_TO_FIBROBLAST_GROWTH_FACTOR,2,34,50,1500,1.7647058823529411,0.3143712536930831,Epha5|Nrxn1,1.0
drug0,GO_BP,GOBP_RESPONSE_TO_GROWTH_FACTOR,4,124,50,1500,0.9677419354838709,0.6049026494646711,Epha5|Gria2|Nrxn1|Zeb2,1.0
drug0,GO_BP,GOBP_RESPONSE_TO_HEAT,1,16,50,1500,1.875,0.4202758734830577,Arpp21,1.0
drug0,GO_BP,GOBP_RESPONSE_TO_HORMONE,5,135,50,1500,1.1111111111111112,0.47372741487837067,Atp2b1|Camk2a|Epha5|Mbp|Ptgds,1.0
drug0,GO_BP,GOBP_RESPONSE_TO_HYDROGEN_PEROXIDE,0,15,50,1500,0.0,1.0,,1.0
drug0,GO_BP,GOBP_RESPONSE_TO_INSULIN,2,44,50,1500,1.3636363636363638,0.4358505956229922,Atp2b1|Epha5,1.0
drug0,GO_BP,GOBP_RESPONSE_TO_INTERFERON_BETA,1,13,50,1500,2.3076923076923075,0.3575867388571701,Camk2a,1.0
drug0,GO_BP,GOBP_RESPONSE_TO_INTERLEUKIN_1,0,14,50,1500,0.0,1.0,,1.0
drug0,GO_BP,GOBP_RESPONSE_TO_IONIZING_RADIATION,0,14,50,1500,0.0,1.0,,1.0
drug0,GO_BP,GOBP_RESPONSE_TO_ISCHEMIA,1,12,50,1500,2.5,0.33524969917904673,Camk2a,1.0
drug0,GO_BP,GOBP_RESPONSE_TO_KETONE,2,31,50,1500,1.9354838709677418,0.27666470071835436,Epha5|Mbp,1.0
drug0,GO_BP,GOBP_RESPONSE_TO_LEUKEMIA_INHIBITORY_FACTOR,0,15,50,1500,0.0,1.0,,1.0
drug0,GO_BP,GOBP_RESPONSE_TO_LIGHT_STIMULUS,2,37,50,1500,1.6216216216216215,0.3516951994318052,Grin2a|Ttr,1.0
drug0,GO_BP,GOBP_RESPONSE_TO_LIPID,3,122,50,1500,0.7377049180327869,0.7886610251077835,Epha5|Mbp|Ptgds,1.0
drug0,GO_BP,GOBP_RESPONSE_TO_MACROPHAGE_COLONY_STIMULATING_FACTOR,1,21,50,1500,1.4285714285714286,0.5116902720131731,Epha5,1.0
drug0,GO_BP,GOBP_RESPONSE_TO_MECHANICAL_STIMULUS,3,46,50,1500,1.9565217391304346,0.19547782065070726,Grin2a|Grin2b|Nrxn1,1.0
drug0,GO_BP,GOBP_RESPONSE_TO_METAL_ION,3,64,50,1500,1.40625,0.3605177956624396,Grin2a|Nrxn1|Syt1,1.0
drug0,GO_BP,GOBP_RESPONSE_TO_MOLECULE_OF_BACTERIAL_ORIGIN,0,52,50,1500,0.0,1.0,,1.0
drug0,GO_BP,GOBP_RESPONSE_TO_NERVE_GROWTH_FACTOR,1,11,50,1500,2.7272727272727275,0.31215205147852715,Gria2,1.0
drug0,GO_BP,GOBP_RESPONSE_TO_NICOTINE,0,11,50,1500,0.0,1.0,,1.0
drug0,GO_BP,GOBP_RESPONSE_TO_NITROGEN_COMPOUND,8,154,50,1500,1.5584415584415583,0.13261834079213883,Apoe|Atp2b1|Camk2a|Epha5|Gria2|Grin2a|Grm5|Ly6h,0.9535300686429842
drug0,GO_BP,GOBP_RESPONSE_TO_NUTRIENT,0,28,50,1500,0.0,1.0,,1.0
drug0,GO_BP,GOBP_RESPONSE_TO_NUTRIENT_LEVELS,2,68,50,1500,0.8823529411764706,0.673235482496898,Apoe|Zeb2,1.0
drug0,GO_BP,GOBP_RESPONSE_TO_ORGANOPHOSPHORUS,0,20,50,1500,0.0,1.0,,1.0
drug0,GO_BP,GOBP_RESPONSE_TO_OSMOTIC_STRESS,0,11,50,1500,0.0,1.0,,1.0
drug0,GO_BP,GOBP_RESPONSE_TO_OXIDATIVE_STRESS,2,46,50,1500,1.3043478260869565,0.4588829057877858,Apoe|Ptprn,1.0
drug0,GO_BP,GOBP_RESPONSE_TO_OXYGEN_LEVELS,3,65,50,1500,1.3846153846153848,0.36985602599805995,Atp1b1|Grin2b|Zeb2,1.0
drug0,GO_BP,GOBP_RESPONSE_TO_PAIN,1,13,50,1500,2.3076923076923075,0.3575867388571701,Grin2b,1.0
drug0,GO_BP,GOBP_RESPONSE_TO_PEPTIDE,2,129,50,1500,0.46511627906976744,0.9394031617568893,Camk2a|Epha5,1.0
drug0,GO_BP,GOBP_RESPONSE_TO_PEPTIDE_HORMONE,3,71,50,1500,1.267605633802817,0.42532725398983623,Atp2b1|Camk2a|Epha5,1.0
drug0,GO_BP,GOBP_RESPONSE_TO_PROGESTERONE,1,10,50,1500,3.0,0.2882684421548648,Mbp,1.0
drug0,GO_BP,GOBP_RESPONSE_TO_PURINE_CONTAINING_COMPOUND,0,22,50,1500,0.0,1.0,,1.0
drug0,GO_BP,GOBP_RESPONSE_TO_RADIATION,2,49,50,1500,1.2244897959183674,0.4924325236817257,Grin2a|Ttr,1.0
drug0,GO_BP,GOBP_RESPONSE_TO_REACTIVE_OXYGEN_SPECIES,1,29,50,1500,1.0344827586206897,0.6293882879681989,Ptprn,1.0
drug0,GO_BP,GOBP_RESPONSE_TO_RETINOIC_ACID,0,15,50,1500,0.0,1.0,,1.0
drug0,GO_BP,GOBP_RESPONSE_TO_STARVATION,0,19,50,1500,0.0,1.0,,1.0
drug0,GO_BP,GOBP_RESPONSE_TO_STEM_CELL_FACTOR,1,19,50,1500,1.5789473684210527,0.4769581022710094,Epha5,1.0
drug0,GO_BP,GOBP_RESPONSE_TO_STEROID_HORMONE,2,44,50,1500,1.3636363636363638,0.4358505956229922,Mbp|Ptgds,1.0
drug0,GO_BP,GOBP_RESPONSE_TO_TEMPERATURE_STIMULUS,1,22,50,1500,1.3636363636363638,0.5281983764075895,Arpp21,1.0
drug0,GO_BP,GOBP_RESPONSE_TO_TOXIC_SUBSTANCE,2,38,50,1500,1.5789473684210527,0.3640022098915078,Apoe|Mbp,1.0
drug0,GO_BP,GOBP_RESPONSE_TO_TRANSFORMING_GROWTH_FACTOR_BETA,1,38,50,1500,0.7894736842105263,0.7287458866817691,Zeb2,1.0
drug0,GO_BP,GOBP_RESPONSE_TO_TUMOR_NECROSIS_FACTOR,0,24,50,1500,0.0,1.0,,1.0
drug0,GO_BP,GOBP_RESPONSE_TO_TYPE_II_INTERFERON,1,16,50,1500,1.875,0.4202758734830577,Camk2a,1.0
drug0,GO_BP,GOBP_RESPONSE_TO_UV,0,14,50,1500,0.0,1.0,,1.0
drug0,GO_BP,GOBP_RESPONSE_TO_VIRUS,1,33,50,1500,0.9090909090909091,0.6773123609777841,Dclk1,1.0
drug0,GO_BP,GOBP_RESPONSE_TO_VITAMIN,0,16,50,1500,0.0,1.0,,1.0
drug0,GO_BP,GOBP_RESPONSE_TO_WOUNDING,3,101,50,1500,0.8910891089108911,0.6675402166946223,Apoe|Grin2a|Syt7,1.0
drug0,GO_BP,GOBP_RESPONSE_TO_XENOBIOTIC_STIMULUS,1,58,50,1500,0.5172413793103449,0.8653811294462346,Grin2a,1.0
drug0,GO_BP,GOBP_RETINA_DEVELOPMENT_IN_CAMERA_TYPE_EYE,2,41,50,1500,1.4634146341463414,0.40039713749493766,Celf4|Miat,1.0
drug0,GO_BP,GOBP_RETINA_MORPHOGENESIS_IN_CAMERA_TYPE_EYE,1,16,50,1500,1.875,0.4202758734830577,Miat,1.0
drug0,GO_BP,GOBP_RHO_PROTEIN_SIGNAL_TRANSDUCTION,1,16,50,1500,1.875,0.4202758734830577,Apoe,1.0
drug0,GO_BP,GOBP_RHYTHMIC_PROCESS,4,43,50,1500,2.7906976744186047,0.05179156664360612,Grin2a|Grin2b|Ptgds|Ptprn,0.5429761019087738
drug0,GO_BP,GOBP_RIBONUCLEOTIDE_CATABOLIC_PROCESS,1,12,50,1500,2.5,0.33524969917904673,Zbtb20,1.0
drug0,GO_BP,GOBP_RIBOSE_PHOSPHATE_METABOLIC_PROCESS,2,23,50,1500,2.608695652173913,0.17706049687331893,Atp1b1|Zbtb20,1.0
drug0,GO_BP,GOBP_RNA_PROCESSING,1,16,50,1500,1.875,0.4202758734830577,Celf4,1.0
drug0,GO_BP,GOBP_RNA_SPLICING,1,12,50,1500,2.5,0.33524969917904673,Celf4,1.0
drug0,GO_BP,GOBP_ROOF_OF_MOUTH_DEVELOPMENT,0,12,50,1500,0.0,1.0,,1.0
drug0,GO_BP,GOBP_SARCOMERE_ORGANIZATION,0,13,50,1500,0.0,1.0,,1.0
drug0,GO_BP,GOBP_SECRETION,13,147,50,1500,2.6530612244897958,0.0006533933884103297,Apoe|Cadps|Camk2a|Epha5|Grin2b|Nrxn1|Pclo|Ptgds|Ptprn|Rims2|Snap25|Syt1|Syt7,0.02257459783319732
drug0,GO_BP,GOBP_SECRETORY_GRANULE_LOCALIZATION,2,10,50,1500,6.0,0.04131092728840577,Cadps|Snap25,0.4829514880838804
drug0,GO_BP,GOBP_SEGMENTATION,1,16,50,1500,1.875,0.4202758734830577,Zeb2,1.0
drug0,GO_BP,GOBP_SEMAPHORIN_PLEXIN_SIGNALING_PATHWAY,0,13,50,1500,0.0,1.0,,1.0
drug0,GO_BP,GOBP_SENSORY_ORGAN_DEVELOPMENT,5,113,50,1500,1.3274336283185841,0.3226921737700444,Celf4|Grin2b|Miat|Plppr4|Zeb2,1.0
drug0,GO_BP,GOBP_SENSORY_ORGAN_MORPHOGENESIS,1,47,50,1500,0.6382978723404256,0.8018554794378209,Miat,1.0
drug0,GO_BP,GOBP_SENSORY_PERCEPTION,3,53,50,1500,1.6981132075471699,0.258037725432261,Grin2a|Grin2b|Mbp,1.0
drug0,GO_BP,GOBP_SENSORY_PERCEPTION_OF_LIGHT_STIMULUS,0,19,50,1500,0.0,1.0,,1.0
drug0,GO_BP,GOBP_SENSORY_PERCEPTION_OF_MECHANICAL_STIMULUS,3,28,50,1500,3.2142857142857144,0.06357900563394787,Grin2a|Grin2b|Mbp,0.6113365926341142
drug0,GO_BP,GOBP_SENSORY_PERCEPTION_OF_PAIN,2,13,50,1500,4.615384615384615,0.06720522304156554,Grin2a|Grin2b,0.6276349853019769
drug0,GO_BP,GOBP_SENSORY_SYSTEM_DEVELOPMENT,3,80,50,1500,1.125,0.5053354098134183,Celf4|Miat|Zeb2,1.0
drug0,GO_BP,GOBP_SEQUESTERING_OF_CALCIUM_ION,0,15,50,1500,0.0,1.0,,1.0
drug0,GO_BP,GOBP_SEXUAL_REPRODUCTION,4,98,50,1500,1.2244897959183674,0.4150107058037434,Dcaf17|Kcnq1ot1|Meg3|Ptgds,1.0
drug0,GO_BP,GOBP_SEX_DIFFERENTIATION,1,39,50,1500,0.7692307692307692,0.7380227031427208,Ptprn,1.0
drug0,GO_BP,GOBP_SIGNAL_RELEASE,10,88,50,1500,3.409090909090909,0.0004252126383142352,Cadps|Camk2a|Epha5|Nrxn1|Pclo|Ptprn|Rims2|Snap25|Syt1|Syt7,0.01685293993318615
drug0,GO_BP,GOBP_SIGNAL_TRANSDUCTION_BY_P53_CLASS_MEDIATOR,0,15,50,1500,0.0,1.0,,1.0
drug0,GO_BP,GOBP_SIGNAL_TRANSDUCTION_IN_RESPONSE_TO_DNA_DAMAGE,0,13,50,1500,0.0,1.0,,1.0
drug0,GO_BP,GOBP_SINGLE_FERTILIZATION,0,12,50,1500,0.0,1.0,,1.0
drug0,GO_BP,GOBP_SISTER_CHROMATID_SEGREGATION,0,19,50,1500,0.0,1.0,,1.0
drug0,GO_BP,GOBP_SKELETAL_MUSCLE_CELL_DIFFERENTIATION,0,12,50,1500,0.0,1.0,,1.0
drug0,GO_BP,GOBP_SKELETAL_MUSCLE_ORGAN_DEVELOPMENT,1,30,50,1500,1.0,0.6419855589414076,Meg3,1.0
drug0,GO_BP,GOBP_SKELETAL_SYSTEM_DEVELOPMENT,0,87,50,1500,0.0,1.0,,1.0
drug0,GO_BP,GOBP_SKELETAL_SYSTEM_MORPHOGENESIS,0,32,50,1500,0.0,1.0,,1.0
drug0,GO_BP,GOBP_SKIN_DEVELOPMENT,0,33,50,1500,0.0,1.0,,1.0
drug0,GO_BP,GOBP_SKIN_EPIDERMIS_DEVELOPMENT,0,20,50,1500,0.0,1.0,,1.0
drug0,GO_BP,GOBP_SMAD_PROTEIN_SIGNAL_TRANSDUCTION,1,10,50,1500,3.0,0.2882684421548648,Sptbn1,1.0
drug0,GO_BP,GOBP_SMALL_GTPASE_MEDIATED_SIGNAL_TRANSDUCTION,4,47,50,1500,2.5531914893617023,0.06794193348667485,Apoe|Dock4|Grin2a|Grin2b,0.6307961171634758
drug0,GO_BP,GOBP_SMALL_MOLECULE_BIOSYNTHETIC_PROCESS,2,50,50,1500,1.2,0.5033344253193706,Apoe|Ptgds,1.0
drug0,GO_BP,GOBP_SMALL_MOLECULE_CATABOLIC_PROCESS,1,21,50,1500,1.4285714285714286,0.5116902720131731,Apoe,1.0
drug0,GO_BP,GOBP_SMALL_MOLECULE_METABOLIC_PROCESS,5,128,50,1500,1.171875,0.4259594429399392,Apoe|Atp1b1|Ptgds|Ttr|Zbtb20,1.0
drug0,GO_BP,GOBP_SMOOTH_MUSCLE_CELL_DIFFERENTIATION,0,19,50,1500,0.0,1.0,,1.0
drug0,GO_BP,GOBP_SMOOTH_MUSCLE_CELL_MIGRATION,1,32,50,1500,0.9375,0.6659340944396241,Dock4,1.0
drug0,GO_BP,GOBP_SMOOTH_MUSCLE_CELL_PROLIFERATION,1,43,50,1500,0.6976744186046512,0.7721193007548377,Apoe,1.0
drug0,GO_BP,GOBP_SMOOTH_MUSCLE_CONTRACTION,2,26,50,1500,2.3076923076923075,0.21392436250078883,Atp2b1|Dock4,1.0
drug0,GO_BP,GOBP_SODIUM_ION_HOMEOSTASIS,1,13,50,1500,2.3076923076923075,0.3575867388571701,Atp1b1,1.0
drug0,GO_BP,GOBP_SODIUM_ION_TRANSMEMBRANE_TRANSPORT,3,33,50,1500,2.727272727272727,0.09437465903438064,Atp1b1|Grin2a|Slc17a7,0.8049116049430468
drug0,GO_BP,GOBP_SODIUM_ION_TRANSPORT,3,39,50,1500,2.3076923076923075,0.13784616132080219,Atp1b1|Grin2a|Slc17a7,0.9696970222783703
drug0,GO_BP,GOBP_SOMATIC_STEM_CELL_POPULATION_MAINTENANCE,0,10,50,1500,0.0,1.0,,1.0
drug0,GO_BP,GOBP_SOMITE_DEVELOPMENT,1,11,50,1500,2.7272727272727275,0.31215205147852715,Zeb2,1.0
drug0,GO_BP,GOBP_SOMITOGENESIS,1,11,50,1500,2.7272727272727275,0.31215205147852715,Zeb2,1.0
drug0,GO_BP,GOBP_SPECIFICATION_OF_SYMMETRY,0,18,50,1500,0.0,1.0,,1.0
drug0,GO_BP,GOBP_SPERMATID_DIFFERENTIATION,1,27,50,1500,1.1111111111111112,0.60287685419108,Dcaf17,1.0
drug0,GO_BP,GOBP_SPERM_FLAGELLUM_ASSEMBLY,0,10,50,1500,0.0,1.0,,1.0
drug0,GO_BP,GOBP_SPHINGOLIPID_METABOLIC_PROCESS,0,10,50,1500,0.0,1.0,,1.0
drug0,GO_BP,GOBP_SPINAL_CORD_DEVELOPMENT,0,15,50,1500,0.0,1.0,,1.0
drug0,GO_BP,GOBP_SPINDLE_ASSEMBLY,0,12,50,1500,0.0,1.0,,1.0
drug0,GO_BP,GOBP_SPINDLE_ORGANIZATION,0,16,50,1500,0.0,1.0,,1.0
drug0,GO_BP,GOBP_SPROUTING_ANGIOGENESIS,0,32,50,1500,0.0,1.0,,1.0
drug0,GO_BP,GOBP_STARTLE_RESPONSE,3,10,50,1500,9.0,0.0035480063258161673,Grin2a|Grin2b|Nrxn1,0.08410306423630949
drug0,GO_BP,GOBP_STEM_CELL_DEVELOPMENT,1,25,50,1500,1.2,0.5745095173169409,Zeb2,1.0
drug0,GO_BP,GOBP_STEM_CELL_DIFFERENTIATION,1,42,50,1500,0.7142857142857143,0.764026946378234,Zeb2,1.0
drug0,GO_BP,GOBP_STEM_CELL_PROLIFERATION,0,26,50,1500,0.0,1.0,,1.0
drug0,GO_BP,GOBP_STEROID_BIOSYNTHETIC_PROCESS,1,11,50,1500,2.7272727272727275,0.31215205147852715,Apoe,1.0
drug0,GO_BP,GOBP_STEROID_METABOLIC_PROCESS,1,26,50,1500,1.1538461538461537,0.5889329235095868,Apoe,1.0
drug0,GO_BP,GOBP_STEROL_TRANSPORT,2,10,50,1500,6.0,0.04131092728840577,Apoe|Syt7,0.4829514880838804
drug0,GO_BP,GOBP_STRESS_FIBER_ASSEMBLY,1,16,50,1500,1.875,0.4202758734830577,Zeb2,1.0
drug0,GO_BP,GOBP_STRIATED_MUSCLE_CELL_DIFFERENTIATION,0,52,50,1500,0.0,1.0,,1.0
drug0,GO_BP,GOBP_STRIATED_MUSCLE_CELL_PROLIFERATION,0,16,50,1500,0.0,1.0,,1.0
drug0,GO_BP,GOBP_STRIATED_MUSCLE_CONTRACTION,1,30,50,1500,1.0,0.6419855589414076,Atp1b1,1.0
drug0,GO_BP,GOBP_SUBSTRATE_ADHESION_DEPENDENT_CELL_SPREADING,0,19,50,1500,0.0,1.0,,1.0
drug0,GO_BP,GOBP_SULFUR_COMPOUND_BIOSYNTHETIC_PROCESS,0,10,50,1500,0.0,1.0,,1.0
drug0,GO_BP,GOBP_SULFUR_COMPOUND_METABOLIC_PROCESS,0,18,50,1500,0.0,1.0,,1.0
drug0,GO_BP,GOBP_SULFUR_COMPOUND_TRANSPORT,0,13,50,1500,0.0,1.0,,1.0
drug0,GO_BP,GOBP_SUPEROXIDE_METABOLIC_PROCESS,0,10,50,1500,0.0,1.0,,1.0
drug0,GO_BP,GOBP_SUPRAMOLECULAR_FIBER_ORGANIZATION,3,110,50,1500,0.8181818181818182,0.7245188173478939,Apoe|Sptbn1|Zeb2,1.0
drug0,GO_BP,GOBP_SYMBIONT_ENTRY_INTO_HOST,0,10,50,1500,0.0,1.0,,1.0
drug0,GO_BP,GOBP_SYNAPSE_ASSEMBLY,5,50,50,1500,3.0,0.02291150058023974,Dclk1|Dock4|Nrxn1|Pclo|Snap25,0.32658937230604895
drug0,GO_BP,GOBP_SYNAPSE_MATURATION,1,11,50,1500,2.7272727272727275,0.31215205147852715,Nrxn1,1.0
drug0,GO_BP,GOBP_SYNAPSE_ORGANIZATION,15,105,50,1500,4.285714285714286,5.111005754265432e-07,Apoe|Dclk1|Dock4|Epha5|Grin2a|Grin2b|Grm5|Nrcam|Nrxn1|Ntng1|Pclo|Plppr4|Rims2|Snap25|Sparcl1,0.0001186483478668761
drug0,GO_BP,GOBP_SYNAPTIC_SIGNALING,20,147,50,1500,4.081632653061225,7.03334832625517e-09,Apoe|Cadps|Camk2a|Celf4|Dlgap1|Gria2|Grin2a|Grin2b|Grm5|Ly6h|Nrgn|Nrxn1|Ntng1|Pclo|Plppr4|Rims2|Slc17a7|Snap25|Syt1|Syt7,1.1429191030164652e-05
drug0,GO_BP,GOBP_SYNAPTIC_TRANSMISSION_GABAERGIC,1,10,50,1500,3.0,0.2882684421548648,Nrxn1,1.0
drug0,GO_BP,GOBP_SYNAPTIC_TRANSMISSION_GLUTAMATERGIC,8,31,50,1500,7.741935483870967,3.7836688758031263e-06,Gria2|Grin2a|Grin2b|Grm5|Nrxn1|Plppr4|Slc17a7|Syt1,0.00046822564105557213
drug0,GO_BP,GOBP_SYNAPTIC_VESICLE_CYCLE,9,30,50,1500,9.0,2.0439566463691996e-07,Cadps|Camk2a|Nrxn1|Pclo|Rims2|Slc17a7|Snap25|Syt1|Syt7,6.642859100699899e-05
drug0,GO_BP,GOBP_SYNAPTIC_VESICLE_EXOCYTOSIS,7,21,50,1500,10.0,2.42950502397347e-06,Cadps|Camk2a|Pclo|Rims2|Snap25|Syt1|Syt7,0.0003289954719964074
drug0,GO_BP,GOBP_TAXIS,1,84,50,1500,0.35714285714285715,0.9466578341723516,Dock4,1.0
drug0,GO_BP,GOBP_TELENCEPHALON_DEVELOPMENT,2,62,50,1500,0.9677419354838709,0.6222676450712645,Epha5|Zeb2,1.0
drug0,GO_BP,GOBP_TEMPERATURE_HOMEOSTASIS,0,26,50,1500,0.0,1.0,,1.0
drug0,GO_BP,GOBP_TIGHT_JUNCTION_ORGANIZATION,0,16,50,1500,0.0,1.0,,1.0
drug0,GO_BP,GOBP_TISSUE_HOMEOSTASIS,2,44,50,1500,1.3636363636363638,0.4358505956229922,Mbp|Zeb2,1.0
drug0,GO_BP,GOBP_TISSUE_MIGRATION,1,15,50,1500,2.0,0.4000764265660914,Zeb2,1.0
drug0,GO_BP,GOBP_TISSUE_MORPHOGENESIS,1,98,50,1500,0.30612244897959184,0.9678288469722423,Zeb2,1.0
drug0,GO_BP,GOBP_TISSUE_REGENERATION,0,15,50,1500,0.0,1.0,,1.0
drug0,GO_BP,GOBP_TISSUE_REMODELING,1,38,50,1500,0.7894736842105263,0.7287458866817691,Syt7,1.0
drug0,GO_BP,GOBP_TOR_SIGNALING,0,10,50,1500,0.0,1.0,,1.0
drug0,GO_BP,GOBP_TRABECULA_MORPHOGENESIS,0,10,50,1500,0.0,1.0,,1.0
drug0,GO_BP,GOBP_TRANSFORMING_GROWTH_FACTOR_BETA_RECEPTOR_SIGNALING_PATHWAY,1,22,50,1500,1.3636363636363638,0.5281983764075895,Zeb2,1.0
drug0,GO_BP,GOBP_TRANSLATION,1,14,50,1500,2.142857142857143,0.3791877227557184,Bc1,1.0
drug0,GO_BP,GOBP_TRANSMEMBRANE_TRANSPORT,8,168,50,1500,1.4285714285714286,0.18872889636052606,Atp1b1|Atp2b1|Dpp6|Gria2|Grin2a|Grin2b|Slc17a7|Snap25,1.0
drug0,GO_BP,GOBP_TRANSMISSION_OF_NERVE_IMPULSE,2,23,50,1500,2.608695652173913,0.17706049687331893,Dpp6|Nrcam,1.0
drug0,GO_BP,GOBP_TRIGLYCERIDE_METABOLIC_PROCESS,1,11,50,1500,2.7272727272727275,0.31215205147852715,Apoe,1.0
drug0,GO_BP,GOBP_TUBE_DEVELOPMENT,5,204,50,1500,0.7352941176470589,0.8324653789366003,Apoe|Meg3|Nrcam|Nrxn1|Zeb2,1.0
drug0,GO_BP,GOBP_TUBE_FORMATION,1,20,50,1500,1.5,0.49461650530034706,Zeb2,1.0
drug0,GO_BP,GOBP_TUBE_MORPHOGENESIS,4,173,50,1500,0.6936416184971098,0.8478576351784972,Apoe|Nrcam|Nrxn1|Zeb2,1.0
drug0,GO_BP,GOBP_TUMOR_NECROSIS_FACTOR_SUPERFAMILY_CYTOKINE_PRODUCTION,1,26,50,1500,1.1538461538461537,0.5889329235095868,Zbtb20,1.0
drug0,GO_BP,GOBP_TYPE_2_IMMUNE_RESPONSE,0,10,50,1500,0.0,1.0,,1.0
drug0,GO_BP,GOBP_TYPE_II_INTERFERON_PRODUCTION,0,17,50,1500,0.0,1.0,,1.0
drug0,GO_BP,GOBP_TYPE_I_INTERFERON_PRODUCTION,1,10,50,1500,3.0,0.2882684421548648,Zbtb20,1.0
drug0,GO_BP,GOBP_TYROSINE_PHOSPHORYLATION_OF_STAT_PROTEIN,0,10,50,1500,0.0,1.0,,1.0
drug0,GO_BP,GOBP_T_CELL_ACTIVATION,0,74,50,1500,0.0,1.0,,1.0
drug0,GO_BP,GOBP_T_CELL_ACTIVATION_INVOLVED_IN_IMMUNE_RESPONSE,0,20,50,1500,0.0,1.0,,1.0
drug0,GO_BP,GOBP_T_CELL_DIFFERENTIATION,0,40,50,1500,0.0,1.0,,1.0
drug0,GO_BP,GOBP_T_CELL_DIFFERENTIATION_INVOLVED_IN_IMMUNE_RESPONSE,0,11,50,1500,0.0,1.0,,1.0
drug0,GO_BP,GOBP_T_CELL_DIFFERENTIATION_IN_THYMUS,0,11,50,1500,0.0,1.0,,1.0
drug0,GO_BP,GOBP_T_CELL_MEDIATED_IMMUNITY,0,15,50,1500,0.0,1.0,,1.0
drug0,GO_BP,GOBP_T_CELL_PROLIFERATION,0,35,50,1500,0.0,1.0,,1.0
drug0,GO_BP,GOBP_T_CELL_RECEPTOR_SIGNALING_PATHWAY,0,12,50,1500,0.0,1.0,,1.0
drug0,GO_BP,GOBP_T_HELPER_1_TYPE_IMMUNE_RESPONSE,0,10,50,1500,0.0,1.0,,1.0
drug0,GO_BP,GOBP_UNSATURATED_FATTY_ACID_METABOLIC_PROCESS,1,12,50,1500,2.5,0.33524969917904673,Ptgds,1.0
drug0,GO_BP,GOBP_VACUOLE_ORGANIZATION,1,11,50,1500,2.7272727272727275,0.31215205147852715,Syt7,1.0
drug0,GO_BP,GOBP_VASCULAR_ASSOCIATED_SMOOTH_MUSCLE_CELL_DIFFERENTIATION,0,10,50,1500,0.0,1.0,,1.0
drug0,GO_BP,GOBP_VASCULAR_ASSOCIATED_SMOOTH_MUSCLE_CELL_MIGRATION,1,10,50,1500,3.0,0.2882684421548648,Dock4,1.0
drug0,GO_BP,GOBP_VASCULAR_ASSOCIATED_SMOOTH_MUSCLE_CELL_PROLIFERATION,0,16,50,1500,0.0,1.0,,1.0
drug0,GO_BP,GOBP_VASCULAR_ENDOTHELIAL_GROWTH_FACTOR_PRODUCTION,0,11,50,1500,0.0,1.0,,1.0
drug0,GO_BP,GOBP_VASCULAR_ENDOTHELIAL_GROWTH_FACTOR_RECEPTOR_SIGNALING_PATHWAY,1,30,50,1500,1.0,0.6419855589414076,Epha5,1.0
drug0,GO_BP,GOBP_VASCULAR_ENDOTHELIAL_GROWTH_FACTOR_SIGNALING_PATHWAY,1,29,50,1500,1.0344827586206897,0.6293882879681989,Epha5,1.0
drug0,GO_BP,GOBP_VASCULAR_PROCESS_IN_CIRCULATORY_SYSTEM,4,55,50,1500,2.181818181818182,0.1071421246676448,Apoe|Atp2b1|Dock4|Zeb2,0.853073427337097
drug0,GO_BP,GOBP_VASCULATURE_DEVELOPMENT,3,152,50,1500,0.5921052631578948,0.8976572507637001,Apoe|Nrcam|Nrxn1,1.0
drug0,GO_BP,GOBP_VASCULOGENESIS,0,22,50,1500,0.0,1.0,,1.0
drug0,GO_BP,GOBP_VASOCONSTRICTION,2,19,50,1500,3.1578947368421053,0.12996801648711176,Atp2b1|Dock4,0.9443064425463428
drug0,GO_BP,GOBP_VASODILATION,1,18,50,1500,1.6666666666666667,0.45869546617711976,Apoe,1.0
drug0,GO_BP,GOBP_VENTRICULAR_CARDIAC_MUSCLE_TISSUE_DEVELOPMENT,0,18,50,1500,0.0,1.0,,1.0
drug0,GO_BP,GOBP_VENTRICULAR_CARDIAC_MUSCLE_TISSUE_MORPHOGENESIS,0,12,50,1500,0.0,1.0,,1.0
drug0,GO_BP,GOBP_VENTRICULAR_SEPTUM_DEVELOPMENT,0,15,50,1500,0.0,1.0,,1.0
drug0,GO_BP,GOBP_VENTRICULAR_SEPTUM_MORPHOGENESIS,0,11,50,1500,0.0,1.0,,1.0
drug0,GO_BP,GOBP_VESICLE_LOCALIZATION,4,21,50,1500,5.714285714285714,0.004303869683793261,Cadps|Nrxn1|Pclo|Snap25,0.09713594772450068
drug0,GO_BP,GOBP_VESICLE_MEDIATED_TRANSPORT,14,153,50,1500,2.7450980392156863,0.0002636552106706056,Apoe|Cadps|Camk2a|Gria2|Grin2a|Nrxn1|Pclo|Ptgds|Rims2|Slc17a7|Snap25|Sptbn1|Syt1|Syt7,0.01224113478113526
drug0,GO_BP,GOBP_VESICLE_MEDIATED_TRANSPORT_IN_SYNAPSE,9,38,50,1500,7.105263157894737,1.9025668554522446e-06,Cadps|Camk2a|Nrxn1|Pclo|Rims2|Slc17a7|Snap25|Syt1|Syt7,0.0003091671140109897
drug0,GO_BP,GOBP_VESICLE_MEDIATED_TRANSPORT_TO_THE_PLASMA_MEMBRANE,2,11,50,1500,5.454545454545455,0.04943234891824236,Camk2a|Sptbn1,0.5250167777264303
drug0,GO_BP,GOBP_VESICLE_ORGANIZATION,9,29,50,1500,9.310344827586206,1.467331583763947e-07,Apoe|Cadps|Dcaf17|Rims2|Slc17a7|Snap25|Syt1|Syt7|Zeb2,5.961034559041034e-05
drug0,GO_BP,GOBP_VIRAL_GENOME_REPLICATION,0,11,50,1500,0.0,1.0,,1.0
drug0,GO_BP,GOBP_VIRAL_LIFE_CYCLE,1,23,50,1500,1.3043478260869565,0.5441591891136924,Apoe,1.0
drug0,GO_BP,GOBP_VIRAL_PROCESS,1,27,50,1500,1.1111111111111112,0.60287685419108,Apoe,1.0
drug0,GO_BP,GOBP_VISUAL_BEHAVIOR,1,14,50,1500,2.142857142857143,0.3791877227557184,Grin2a,1.0
drug0,GO_BP,GOBP_WNT_SIGNALING_PATHWAY,2,44,50,1500,1.3636363636363638,0.4358505956229922,Apoe|Zeb2,1.0
drug0,GO_BP,GOBP_WOUND_HEALING,2,62,50,1500,0.9677419354838709,0.6222676450712645,Apoe|Syt7,1.0
drug1,Reactome,REACTOME_ADAPTIVE_IMMUNE_SYSTEM,7,52,50,1500,4.038461538461538,0.001262860105708311,Cd33|Ctsd|Ctss|Cybb|Mrc1|Siglech|Tyrobp,0.028793210410149494
drug1,Reactome,REACTOME_ADHERENS_JUNCTIONS_INTERACTIONS,1,11,50,1500,2.7272727272727275,0.31215205147852715,Zeb2,0.9617657802311377
drug1,Reactome,REACTOME_ANTIGEN_PROCESSING_UBIQUITINATION_PROTEASOME_DEGRADATION,0,11,50,1500,0.0,1.0,,1.0
drug1,Reactome,REACTOME_APOPTOSIS,0,10,50,1500,0.0,1.0,,1.0
drug1,Reactome,REACTOME_ASPARAGINE_N_LINKED_GLYCOSYLATION,0,14,50,1500,0.0,1.0,,1.0
drug1,Reactome,REACTOME_ASSEMBLY_OF_COLLAGEN_FIBRILS_AND_OTHER_MULTIMERIC_STRUCTURES,1,21,50,1500,1.4285714285714286,0.5116902720131731,Ctss,1.0
drug1,Reactome,REACTOME_A_TETRASACCHARIDE_LINKER_SEQUENCE_IS_REQUIRED_FOR_GAG_SYNTHESIS,0,10,50,1500,0.0,1.0,,1.0
drug1,Reactome,REACTOME_BASIGIN_INTERACTIONS,1,10,50,1500,3.0,0.2882684421548648,Bsg,0.9617657802311377
drug1,Reactome,REACTOME_CARDIAC_CONDUCTION,0,21,50,1500,0.0,1.0,,1.0
drug1,Reactome,REACTOME_CDC42_GTPASE_CYCLE,0,15,50,1500,0.0,1.0,,1.0
drug1,Reactome,REACTOME_CELLULAR_RESPONSES_TO_STIMULI,6,46,50,1500,3.913043478260869,0.003417859175925551,Cybb|Fos|Gpx3|Mt3|mt-Co2|mt-Co3,0.057781817306149015
drug1,Reactome,REACTOME_CELLULAR_RESPONSE_TO_CHEMICAL_STRESS,4,15,50,1500,8.0,0.0011385205653101096,Cybb|Gpx3|mt-Co2|mt-Co3,0.028793210410149494
drug1,Reactome,REACTOME_CELL_CELL_COMMUNICATION,2,14,50,1500,4.285714285714286,0.07677394817604072,Tyrobp|Zeb2,0.4376115046034321
drug1,Reactome,REACTOME_CELL_CELL_JUNCTION_ORGANIZATION,1,11,50,1500,2.7272727272727275,0.31215205147852715,Zeb2,0.9617657802311377
drug1,Reactome,REACTOME_CELL_CYCLE,0,25,50,1500,0.0,1.0,,1.0
drug1,Reactome,REACTOME_CELL_CYCLE_CHECKPOINTS,0,11,50,1500,0.0,1.0,,1.0
drug1,Reactome,REACTOME_CELL_JUNCTION_ORGANIZATION,1,12,50,1500,2.5,0.33524969917904673,Zeb2,0.979960659138752
drug1,Reactome,REACTOME_CELL_SURFACE_INTERACTIONS_AT_THE_VASCULAR_WALL,2,25,50,1500,2.4,0.20153398901832625,Bsg|Pf4,0.7658291582696398
drug1,Reactome,REACTOME_CHONDROITIN_SULFATE_DERMATAN_SULFATE_METABOLISM,0,10,50,1500,0.0,1.0,,1.0
drug1,Reactome,REACTOME_CLASS_A_1_RHODOPSIN_LIKE_RECEPTORS,1,43,50,1500,0.6976744186046512,0.7721193007548377,Pf4,1.0
drug1,Reactome,REACTOME_CLASS_I_MHC_MEDIATED_ANTIGEN_PROCESSING_PRESENTATION,2,16,50,1500,3.75,0.0970847228115921,Cybb|Mrc1,0.5014143764035235
drug1,Reactome,REACTOME_COLLAGEN_BIOSYNTHESIS_AND_MODIFYING_ENZYMES,1,25,50,1500,1.2,0.5745095173169409,Col25a1,1.0
drug1,Reactome,REACTOME_COLLAGEN_CHAIN_TRIMERIZATION,1,23,50,1500,1.3043478260869565,0.5441591891136924,Col25a1,1.0
drug1,Reactome,REACTOME_COLLAGEN_DEGRADATION,2,19,50,1500,3.1578947368421053,0.12996801648711176,Col25a1|Ctsd,0.5698597645973362
drug1,Reactome,REACTOME_COLLAGEN_FORMATION,2,28,50,1500,2.142857142857143,0.2389147042643709,Col25a1|Ctss,0.8785895576173639
drug1,Reactome,REACTOME_COMPLEMENT_CASCADE,2,11,50,1500,5.454545454545455,0.04943234891824236,C1qc|Fcna,0.37568585177864194
drug1,Reactome,REACTOME_CYTOKINE_SIGNALING_IN_IMMUNE_SYSTEM,1,34,50,1500,0.8823529411764706,0.6883105763500479,Fos,1.0
drug1,Reactome,REACTOME_DEGRADATION_OF_THE_EXTRACELLULAR_MATRIX,4,30,50,1500,4.0,0.015793510905532628,Bsg|Col25a1|Ctsd|Ctss,0.16367820393006544
drug1,Reactome,REACTOME_DEUBIQUITINATION,0,11,50,1500,0.0,1.0,,1.0
drug1,Reactome,REACTOME_DEVELOPMENTAL_BIOLOGY,1,56,50,1500,0.5357142857142857,0.8555473289681053,Tyrobp,1.0
drug1,Reactome,REACTOME_ECM_PROTEOGLYCANS,0,19,50,1500,0.0,1.0,,1.0
drug1,Reactome,REACTOME_ER_TO_GOLGI_ANTEROGRADE_TRANSPORT,0,10,50,1500,0.0,1.0,,1.0
drug1,Reactome,REACTOME_EXTRACELLULAR_MATRIX_ORGANIZATION,4,67,50,1500,1.791044776119403,0.1808741285842943,Bsg|Col25a1|Ctsd|Ctss,0.7617234238749573
drug1,Reactome,REACTOME_FACTORS_INVOLVED_IN_MEGAKARYOCYTE_DEVELOPMENT_AND_PLATELET_PRODUCTION,0,10,50,1500,0.0,1.0,,1.0
drug1,Reactome,REACTOME_FATTY_ACID_METABOLISM,0,12,50,1500,0.0,1.0,,1.0
drug1,Reactome,REACTOME_GENERIC_TRANSCRIPTION_PATHWAY,3,34,50,1500,2.6470588235294117,0.10116254962527227,Zfhx3|mt-Co2|mt-Co3,0.5014143764035235
drug1,Reactome,REACTOME_GENE_EXPRESSION_TRANSCRIPTION,3,36,50,1500,2.5,0.11530992591822377,Zfhx3|mt-Co2|mt-Co3,0.547722148111563
drug1,Reactome,REACTOME_GLYCOSAMINOGLYCAN_METABOLISM,1,18,50,1500,1.6666666666666667,0.45869546617711976,Lyve1,1.0
drug1,Reactome,REACTOME_GPCR_LIGAND_BINDING,1,52,50,1500,0.5769230769230769,0.8337216882956524,Pf4,1.0
drug1,Reactome,REACTOME_G_ALPHA_I_SIGNALLING_EVENTS,1,33,50,1500,0.9090909090909091,0.6773123609777841,Pf4,1.0
drug1,Reactome,REACTOME_G_ALPHA_Q_SIGNALLING_EVENTS,0,27,50,1500,0.0,1.0,,1.0
drug1,Reactome,REACTOME_G_ALPHA_S_SIGNALLING_EVENTS,0,18,50,1500,0.0,1.0,,1.0
drug1,Reactome,REACTOME_HEMOSTASIS,3,76,50,1500,1.1842105263157896,0.47037536398765967,Bsg|F13a1|Pf4,1.0
drug1,Reactome,REACTOME_HEPARAN_SULFATE_HEPARIN_HS_GAG_METABOLISM,0,12,50,1500,0.0,1.0,,1.0
drug1,Reactome,REACTOME_IMMUNE_SYSTEM,14,127,50,1500,3.3070866141732282,3.218169129174654e-05,C1qc|Cd33|Ctsd|Ctss|Cybb|Fcna|Folr2|Fos|Ly86|Lyz2|Mrc1|Siglech|Ttr|Tyrobp,0.0012229042690863686
drug1,Reactome,REACTOME_IMMUNOREGULATORY_INTERACTIONS_BETWEEN_A_LYMPHOID_AND_A_NON_LYMPHOID_CELL,3,15,50,1500,6.0,0.011956460152065383,Cd33|Siglech|Tyrobp,0.13630364573354536
drug1,Reactome,REACTOME_INNATE_IMMUNE_SYSTEM,12,71,50,1500,5.070422535211268,1.4392462335752006e-06,C1qc|Cd33|Ctsd|Ctss|Cybb|Fcna|Folr2|Fos|Ly86|Lyz2|Ttr|Tyrobp,0.00016407407062757288
drug1,Reactome,REACTOME_INTEGRIN_CELL_SURFACE_INTERACTIONS,1,30,50,1500,1.0,0.6419855589414076,Bsg,1.0
drug1,Reactome,REACTOME_INTERFERON_SIGNALING,0,14,50,1500,0.0,1.0,,1.0
drug1,Reactome,REACTOME_INTRACELLULAR_SIGNALING_BY_SECOND_MESSENGERS,0,20,50,1500,0.0,1.0,,1.0
drug1,Reactome,REACTOME_ION_CHANNEL_TRANSPORT,0,29,50,1500,0.0,1.0,,1.0
drug1,Reactome,REACTOME_ION_HOMEOSTASIS,0,17,50,1500,0.0,1.0,,1.0
drug1,Reactome,REACTOME_ION_TRANSPORT_BY_P_TYPE_ATPASES,0,19,50,1500,0.0,1.0,,1.0
drug1,Reactome,REACTOME_L1CAM_INTERACTIONS,0,10,50,1500,0.0,1.0,,1.0
drug1,Reactome,REACTOME_MAPK_FAMILY_SIGNALING_CASCADES,0,27,50,1500,0.0,1.0,,1.0
drug1,Reactome,REACTOME_METABOLISM,9,99,50,1500,2.7272727272727275,0.004259101135626698,Apoe|Folr2|Glul|Lyve1|Sat1|Ttr|mt-Co2|mt-Co3|mt-Nd4,0.06069219118268045
drug1,Reactome,REACTOME_METABOLISM_OF_AMINO_ACIDS_AND_DERIVATIVES,2,13,50,1500,4.615384615384615,0.06720522304156554,Glul|Sat1,0.42563307926324845
drug1,Reactome,REACTOME_METABOLISM_OF_CARBOHYDRATES_AND_CARBOHYDRATE_DERIVATIVES,1,23,50,1500,1.3043478260869565,0.5441591891136924,Lyve1,1.0
drug1,Reactome,REACTOME_METABOLISM_OF_LIPIDS,0,29,50,1500,0.0,1.0,,1.0
drug1,Reactome,REACTOME_METABOLISM_OF_PROTEINS,5,93,50,1500,1.6129032258064515,0.1937717481787172,Apoe|Ccn1|Ctsd|Folr2|Igfbp6,0.7617234238749573
drug1,Reactome,REACTOME_METABOLISM_OF_VITAMINS_AND_COFACTORS,3,10,50,1500,9.0,0.0035480063258161673,Apoe|Folr2|Ttr,0.057781817306149015
drug1,Reactome,REACTOME_MHC_CLASS_II_ANTIGEN_PRESENTATION,2,16,50,1500,3.75,0.0970847228115921,Ctsd|Ctss,0.5014143764035235
drug1,Reactome,REACTOME_MITOTIC_G2_G2_M_PHASES,0,15,50,1500,0.0,1.0,,1.0
drug1,Reactome,REACTOME_MITOTIC_PROMETAPHASE,0,10,50,1500,0.0,1.0,,1.0
drug1,Reactome,REACTOME_MUSCLE_CONTRACTION,1,35,50,1500,0.8571428571428571,0.6989411842507965,Myl9,1.0
drug1,Reactome,REACTOME_M_PHASE,0,12,50,1500,0.0,1.0,,1.0
drug1,Reactome,REACTOME_NCAM1_INTERACTIONS,0,12,50,1500,0.0,1.0,,1.0
drug1,Reactome,REACTOME_NCAM_SIGNALING_FOR_NEURITE_OUT_GROWTH,0,13,50,1500,0.0,1.0,,1.0
drug1,Reactome,REACTOME_NEGATIVE_REGULATION_OF_THE_PI3K_AKT_NETWORK,0,14,50,1500,0.0,1.0,,1.0
drug1,Reactome,REACTOME_NERVOUS_SYSTEM_DEVELOPMENT,1,38,50,1500,0.7894736842105263,0.7287458866817691,Tyrobp,1.0
drug1,Reactome,REACTOME_NEUREXINS_AND_NEUROLIGINS,0,10,50,1500,0.0,1.0,,1.0
drug1,Reactome,REACTOME_NEURONAL_SYSTEM,1,58,50,1500,0.5172413793103449,0.8653811294462346,Glul,1.0
drug1,Reactome,REACTOME_NEUROTRANSMITTER_RECEPTORS_AND_POSTSYNAPTIC_SIGNAL_TRANSMISSION,0,19,50,1500,0.0,1.0,,1.0
drug1,Reactome,REACTOME_NEUROTRANSMITTER_RELEASE_CYCLE,0,13,50,1500,0.0,1.0,,1.0
drug1,Reactome,REACTOME_NEUTROPHIL_DEGRANULATION,9,47,50,1500,5.74468085106383,1.2660964385815563e-05,Cd33|Ctsd|Ctss|Cybb|Fcna|Folr2|Lyz2|Ttr|Tyrobp,0.0007216749699914871
drug1,Reactome,REACTOME_NON_INTEGRIN_MEMBRANE_ECM_INTERACTIONS,0,16,50,1500,0.0,1.0,,1.0
drug1,Reactome,REACTOME_O_LINKED_GLYCOSYLATION,0,13,50,1500,0.0,1.0,,1.0
drug1,Reactome,REACTOME_PEPTIDE_LIGAND_BINDING_RECEPTORS,1,27,50,1500,1.1111111111111112,0.60287685419108,Pf4,1.0
drug1,Reactome,REACTOME_PLATELET_ACTIVATION_SIGNALING_AND_AGGREGATION,2,32,50,1500,1.875,0.2892565406012864,F13a1|Pf4,0.9617657802311377
drug1,Reactome,REACTOME_PLATELET_HOMEOSTASIS,0,11,50,1500,0.0,1.0,,1.0
drug1,Reactome,REACTOME_POST_TRANSLATIONAL_MODIFICATION_SYNTHESIS_OF_GPI_ANCHORED_PROTEINS,1,11,50,1500,2.7272727272727275,0.31215205147852715,Folr2,0.9617657802311377
drug1,Reactome,REACTOME_POST_TRANSLATIONAL_PROTEIN_MODIFICATION,3,82,50,1500,1.0975609756097562,0.522395143279615,Apoe|Ccn1|Folr2,1.0
drug1,Reactome,REACTOME_PROGRAMMED_CELL_DEATH,0,12,50,1500,0.0,1.0,,1.0
drug1,Reactome,REACTOME_PROTEIN_PROTEIN_INTERACTIONS_AT_SYNAPSES,0,18,50,1500,0.0,1.0,,1.0
drug1,Reactome,REACTOME_RAC1_GTPASE_CYCLE,1,22,50,1500,1.3636363636363638,0.5281983764075895,Cybb,1.0
drug1,Reactome,REACTOME_RAC2_GTPASE_CYCLE,1,11,50,1500,2.7272727272727275,0.31215205147852715,Cybb,0.9617657802311377
drug1,Reactome,REACTOME_RAC3_GTPASE_CYCLE,1,13,50,1500,2.3076923076923075,0.3575867388571701,Cybb,1.0
drug1,Reactome,REACTOME_REGULATION_OF_INSULIN_LIKE_GROWTH_FACTOR_IGF_TRANSPORT_AND_UPTAKE_BY_INSULIN_LIKE_GROWTH_FACTOR_BINDING_PROTEINS_IGFBPS,3,24,50,1500,3.75,0.04309557126901202,Apoe|Ccn1|Igfbp6,0.3509210803333836
drug1,Reactome,REACTOME_RESPONSE_TO_ELEVATED_PLATELET_CYTOSOLIC_CA2,2,24,50,1500,2.5,0.18923912647371055,F13a1|Pf4,0.7617234238749573
drug1,Reactome,REACTOME_RHOA_GTPASE_CYCLE,0,20,50,1500,0.0,1.0,,1.0
drug1,Reactome,REACTOME_RHOB_GTPASE_CYCLE,0,11,50,1500,0.0,1.0,,1.0
drug1,Reactome,REACTOME_RHO_GTPASE_CYCLE,1,41,50,1500,0.7317073170731707,0.755653168747937,Cybb,1.0
drug1,Reactome,REACTOME_RHO_GTPASE_EFFECTORS,2,19,50,1500,3.1578947368421053,0.12996801648711176,Cybb|Myl9,0.5698597645973362
drug1,Reactome,REACTOME_SENSORY_PERCEPTION,2,12,50,1500,5.0,0.05807792677281182,Apoe|Ttr,0.3894637442412087
drug1,Reactome,REACTOME_SIGNALING_BY_GPCR,1,76,50,1500,0.39473684210526316,0.9289492663890474,Pf4,1.0
drug1,Reactome,REACTOME_SIGNALING_BY_INTERLEUKINS,1,18,50,1500,1.6666666666666667,0.45869546617711976,Fos,1.0
drug1,Reactome,REACTOME_SIGNALING_BY_NUCLEAR_RECEPTORS,0,10,50,1500,0.0,1.0,,1.0
drug1,Reactome,REACTOME_SIGNALING_BY_PDGF,0,16,50,1500,0.0,1.0,,1.0
drug1,Reactome,REACTOME_SIGNALING_BY_RECEPTOR_TYROSINE_KINASES,2,48,50,1500,1.25,0.4813877414329201,Ctsd|Cybb,1.0
drug1,Reactome,REACTOME_SIGNALING_BY_RHO_GTPASES_MIRO_GTPASES_AND_RHOBTB3,2,54,50,1500,1.1111111111111112,0.5454604803481333,Cybb|Myl9,1.0
drug1,Reactome,REACTOME_SIGNALING_BY_VEGF,1,12,50,1500,2.5,0.33524969917904673,Cybb,0.979960659138752
drug1,Reactome,REACTOME_SIGNALING_BY_WNT,0,11,50,1500,0.0,1.0,,1.0
drug1,Reactome,REACTOME_SLC_MEDIATED_TRANSMEMBRANE_TRANSPORT,1,39,50,1500,0.7692307692307692,0.7380227031427208,Bsg,1.0
drug1,Reactome,REACTOME_STIMULI_SENSING_CHANNELS,0,10,50,1500,0.0,1.0,,1.0
drug1,Reactome,REACTOME_TOLL_LIKE_RECEPTOR_4_TLR4_CASCADE,2,10,50,1500,6.0,0.04131092728840577,Fos|Ly86,0.3509210803333836
drug1,Reactome,REACTOME_TOLL_LIKE_RECEPTOR_CASCADES,3,12,50,1500,7.5,0.006204459645394968,Ctss|Fos|Ly86,0.07858982217500293
drug1,Reactome,REACTOME_TRANSCRIPTIONAL_REGULATION_BY_TP53,2,14,50,1500,4.285714285714286,0.07677394817604072,mt-Co2|mt-Co3,0.4376115046034321
drug1,Reactome,REACTOME_TRANSMISSION_ACROSS_CHEMICAL_SYNAPSES,1,36,50,1500,0.8333333333333334,0.7092162291569126,Glul,1.0
drug1,Reactome,REACTOME_TRANSPORT_OF_BILE_SALTS_AND_ORGANIC_ACIDS_METAL_IONS_AND_AMINE_COMPOUNDS,1,15,50,1500,2.0,0.4000764265660914,Bsg,1.0
drug1,Reactome,REACTOME_TRANSPORT_OF_INORGANIC_CATIONS_ANIONS_AND_AMINO_ACIDS_OLIGOPEPTIDES,0,22,50,1500,0.0,1.0,,1.0
drug1,Reactome,REACTOME_TRANSPORT_OF_SMALL_MOLECULES,2,91,50,1500,0.6593406593406593,0.8198663504306087,Apoe|Bsg,1.0
drug1,Reactome,REACTOME_TRANSPORT_TO_THE_GOLGI_AND_SUBSEQUENT_MODIFICATION,0,12,50,1500,0.0,1.0,,1.0
drug1,Reactome,REACTOME_VESICLE_MEDIATED_TRANSPORT,4,36,50,1500,3.3333333333333335,0.02931236097787959,Apoe|Cd163|Dab2|Stab1,0.2784674292898561
drug1,Reactome,REACTOME_VISUAL_PHOTOTRANSDUCTION,2,12,50,1500,5.0,0.05807792677281182,Apoe|Ttr,0.3894637442412087
drug1,GO_BP,GOBP_ACIDIC_AMINO_ACID_TRANSPORT,0,20,50,1500,0.0,1.0,,1.0
drug1,GO_BP,GOBP_ACTIN_FILAMENT_BASED_MOVEMENT,1,16,50,1500,1.875,0.4202758734830577,Zeb2,1.0
drug1,GO_BP,GOBP_ACTIN_FILAMENT_BASED_PROCESS,3,114,50,1500,0.7894736842105263,0.7473707236840768,Myl9|Tyrobp|Zeb2,1.0
drug1,GO_BP,GOBP_ACTIN_FILAMENT_BUNDLE_ORGANIZATION,2,29,50,1500,2.0689655172413794,0.25147901761228364,Myl9|Zeb2,1.0
drug1,GO_BP,GOBP_ACTIN_FILAMENT_ORGANIZATION,2,60,50,1500,1.0,0.6040144176935394,Myl9|Zeb2,1.0
drug1,GO_BP,GOBP_ACTIN_MEDIATED_CELL_CONTRACTION,1,15,50,1500,2.0,0.4000764265660914,Zeb2,1.0
drug1,GO_BP,GOBP_ACTIN_POLYMERIZATION_OR_DEPOLYMERIZATION,0,20,50,1500,0.0,1.0,,1.0
drug1,GO_BP,GOBP_ACTION_POTENTIAL,0,28,50,1500,0.0,1.0,,1.0
drug1,GO_BP,GOBP_ACTIVATED_T_CELL_PROLIFERATION,1,10,50,1500,3.0,0.2882684421548648,Lilrb4a,1.0
drug1,GO_BP,GOBP_ACTIVATION_OF_IMMUNE_RESPONSE,5,52,50,1500,2.8846153846153846,0.02673055798779702,C1qc|Fcna|Ifi207|Lilrb4a|Tyrobp,0.5171090086925019
drug1,GO_BP,GOBP_ACTIVATION_OF_INNATE_IMMUNE_RESPONSE,3,25,50,1500,3.5999999999999996,0.04784820721062824,Fcna|Ifi207|Tyrobp,0.6638641900177176
drug1,GO_BP,GOBP_ACTOMYOSIN_STRUCTURE_ORGANIZATION,2,38,50,1500,1.5789473684210527,0.3640022098915078,Myl9|Zeb2,1.0
drug1,GO_BP,GOBP_ACUTE_INFLAMMATORY_RESPONSE,1,18,50,1500,1.6666666666666667,0.45869546617711976,Cd163,1.0
drug1,GO_BP,GOBP_ACUTE_PHASE_RESPONSE,1,10,50,1500,3.0,0.2882684421548648,Cd163,1.0
drug1,GO_BP,GOBP_ADAPTIVE_IMMUNE_RESPONSE,3,46,50,1500,1.9565217391304346,0.19547782065070726,C1qc|Lilrb4a|Pf4,1.0
drug1,GO_BP,GOBP_ADAPTIVE_IMMUNE_RESPONSE_BASED_ON_SOMATIC_RECOMBINATION_OF_IMMUNE_RECEPTORS_BUILT_FROM_IMMUNOGLOBULIN_SUPERFAMILY_DOMAINS,3,39,50,1500,2.3076923076923075,0.13784616132080219,C1qc|Lilrb4a|Pf4,0.901387147684628
drug1,GO_BP,GOBP_ADAPTIVE_THERMOGENESIS,0,23,50,1500,0.0,1.0,,1.0
drug1,GO_BP,GOBP_ADENYLATE_CYCLASE_ACTIVATING_G_PROTEIN_COUPLED_RECEPTOR_SIGNALING_PATHWAY,1,25,50,1500,1.2,0.5745095173169409,Pf4,1.0
drug1,GO_BP,GOBP_ADENYLATE_CYCLASE_INHIBITING_G_PROTEIN_COUPLED_RECEPTOR_SIGNALING_PATHWAY,0,10,50,1500,0.0,1.0,,1.0
drug1,GO_BP,GOBP_ADENYLATE_CYCLASE_MODULATING_G_PROTEIN_COUPLED_RECEPTOR_SIGNALING_PATHWAY,1,34,50,1500,0.8823529411764706,0.6883105763500479,Pf4,1.0
drug1,GO_BP,GOBP_ADHERENS_JUNCTION_ORGANIZATION,0,11,50,1500,0.0,1.0,,1.0
drug1,GO_BP,GOBP_ADRENAL_GLAND_DEVELOPMENT,0,11,50,1500,0.0,1.0,,1.0
drug1,GO_BP,GOBP_ADULT_BEHAVIOR,0,35,50,1500,0.0,1.0,,1.0
drug1,GO_BP,GOBP_ADULT_LOCOMOTORY_BEHAVIOR,0,20,50,1500,0.0,1.0,,1.0
drug1,GO_BP,GOBP_AEROBIC_RESPIRATION,3,15,50,1500,6.0,0.011956460152065383,mt-Co2|mt-Co3|mt-Nd4,0.39651526014502547
drug1,GO_BP,GOBP_ALCOHOL_METABOLIC_PROCESS,2,23,50,1500,2.608695652173913,0.17706049687331893,Apoe|Dab2,0.9760661983726833
drug1,GO_BP,GOBP_ALPHA_AMINO_ACID_METABOLIC_PROCESS,1,16,50,1500,1.875,0.4202758734830577,Glul,1.0
drug1,GO_BP,GOBP_ALPHA_BETA_T_CELL_ACTIVATION,2,25,50,1500,2.4,0.20153398901832625,Lilrb4a|Pf4,1.0
drug1,GO_BP,GOBP_ALPHA_BETA_T_CELL_DIFFERENTIATION,2,20,50,1500,3.0,0.14144844471358778,Lilrb4a|Pf4,0.901387147684628
drug1,GO_BP,GOBP_AMEBOIDAL_TYPE_CELL_MIGRATION,2,48,50,1500,1.25,0.4813877414329201,Ccn3|Zeb2,1.0
drug1,GO_BP,GOBP_AMIDE_BIOSYNTHETIC_PROCESS,1,11,50,1500,2.7272727272727275,0.31215205147852715,Ccn1,1.0
drug1,GO_BP,GOBP_AMIDE_METABOLIC_PROCESS,2,34,50,1500,1.7647058823529411,0.3143712536930831,Apoe|Ccn1,1.0
drug1,GO_BP,GOBP_AMIDE_TRANSPORT,3,53,50,1500,1.6981132075471699,0.258037725432261,Ccn3|Folr2|Glul,1.0
drug1,GO_BP,GOBP_AMINE_METABOLIC_PROCESS,1,16,50,1500,1.875,0.4202758734830577,Sat1,1.0
drug1,GO_BP,GOBP_AMINE_TRANSPORT,0,24,50,1500,0.0,1.0,,1.0
drug1,GO_BP,GOBP_AMINO_ACID_BIOSYNTHETIC_PROCESS,1,10,50,1500,3.0,0.2882684421548648,Glul,1.0
drug1,GO_BP,GOBP_AMINO_ACID_IMPORT_ACROSS_PLASMA_MEMBRANE,0,20,50,1500,0.0,1.0,,1.0
drug1,GO_BP,GOBP_AMINO_ACID_METABOLIC_PROCESS,1,19,50,1500,1.5789473684210527,0.4769581022710094,Glul,1.0
drug1,GO_BP,GOBP_AMINO_ACID_TRANSMEMBRANE_TRANSPORT,0,29,50,1500,0.0,1.0,,1.0
drug1,GO_BP,GOBP_AMINO_ACID_TRANSPORT,0,40,50,1500,0.0,1.0,,1.0
drug1,GO_BP,GOBP_ANATOMICAL_STRUCTURE_FORMATION_INVOLVED_IN_MORPHOGENESIS,13,201,50,1500,1.9402985074626866,0.011356911718142708,Bsg|Ccn1|Ccn3|Cybb|Dab2|Glul|Junb|Mafb|Myl9|Pf4|Stab1|Tyrobp|Zeb2,0.38447878212462294
drug1,GO_BP,GOBP_ANATOMICAL_STRUCTURE_MATURATION,0,41,50,1500,0.0,1.0,,1.0
drug1,GO_BP,GOBP_ANGIOGENESIS,7,117,50,1500,1.794871794871795,0.08845186968546177,Bsg|Ccn1|Ccn3|Cybb|Glul|Pf4|Stab1,0.8029848504965105
drug1,GO_BP,GOBP_ANIMAL_ORGAN_MORPHOGENESIS,4,151,50,1500,0.794701986754967,0.7591652846416824,Bsg|Ccn1|Ctsd|Mafb,1.0
drug1,GO_BP,GOBP_ANIMAL_ORGAN_REGENERATION,0,15,50,1500,0.0,1.0,,1.0
drug1,GO_BP,GOBP_ANTERIOR_POSTERIOR_PATTERN_SPECIFICATION,1,22,50,1500,1.3636363636363638,0.5281983764075895,Zeb2,1.0
drug1,GO_BP,GOBP_ANTIGEN_PROCESSING_AND_PRESENTATION,1,11,50,1500,2.7272727272727275,0.31215205147852715,Ctss,1.0
drug1,GO_BP,GOBP_ANTIGEN_RECEPTOR_MEDIATED_SIGNALING_PATHWAY,1,18,50,1500,1.6666666666666667,0.45869546617711976,Lilrb4a,1.0
drug1,GO_BP,GOBP_ANTIMICROBIAL_HUMORAL_IMMUNE_RESPONSE_MEDIATED_BY_ANTIMICROBIAL_PEPTIDE,1,14,50,1500,2.142857142857143,0.3791877227557184,Pf4,1.0
drug1,GO_BP,GOBP_ANTIMICROBIAL_HUMORAL_RESPONSE,2,19,50,1500,3.1578947368421053,0.12996801648711176,Pf4|Wfdc17,0.900104864384599
drug1,GO_BP,GOBP_AORTA_DEVELOPMENT,0,11,50,1500,0.0,1.0,,1.0
drug1,GO_BP,GOBP_APICAL_JUNCTION_ASSEMBLY,0,12,50,1500,0.0,1.0,,1.0
drug1,GO_BP,GOBP_APOPTOTIC_MITOCHONDRIAL_CHANGES,0,15,50,1500,0.0,1.0,,1.0
drug1,GO_BP,GOBP_APOPTOTIC_SIGNALING_PATHWAY,2,74,50,1500,0.8108108108108107,0.7186447344321347,Dab2|Ifi207,1.0
drug1,GO_BP,GOBP_APPENDAGE_DEVELOPMENT,0,21,50,1500,0.0,1.0,,1.0
drug1,GO_BP,GOBP_APPENDAGE_MORPHOGENESIS,0,18,50,1500,0.0,1.0,,1.0
drug1,GO_BP,GOBP_ARTERY_DEVELOPMENT,1,24,50,1500,1.25,0.5595904961849962,Apoe,1.0
drug1,GO_BP,GOBP_ARTERY_MORPHOGENESIS,1,24,50,1500,1.25,0.5595904961849962,Apoe,1.0
drug1,GO_BP,GOBP_ASSOCIATIVE_LEARNING,1,25,50,1500,1.2,0.5745095173169409,Fos,1.0
drug1,GO_BP,GOBP_ASTROCYTE_DEVELOPMENT,1,11,50,1500,2.7272727272727275,0.31215205147852715,Zeb2,1.0
drug1,GO_BP,GOBP_ASTROCYTE_DIFFERENTIATION,1,24,50,1500,1.25,0.5595904961849962,Zeb2,1.0
drug1,GO_BP,GOBP_ATP_METABOLIC_PROCESS,2,15,50,1500,4.0,0.08674586941049843,Zbtb20|mt-Nd4,0.7988346799125815
drug1,GO_BP,GOBP_AXONEME_ASSEMBLY,0,20,50,1500,0.0,1.0,,1.0
drug1,GO_BP,GOBP_AXON_DEVELOPMENT,5,96,50,1500,1.5625,0.21183403930557976,Apoe|Bsg|Col25a1|Mt3|Zeb2,1.0
drug1,GO_BP,GOBP_AXON_ENSHEATHMENT_IN_CENTRAL_NERVOUS_SYSTEM,0,12,50,1500,0.0,1.0,,1.0
drug1,GO_BP,GOBP_AXON_EXTENSION,2,26,50,1500,2.3076923076923075,0.21392436250078883,Apoe|Mt3,1.0
drug1,GO_BP,GOBP_AXON_REGENERATION,1,14,50,1500,2.142857142857143,0.3791877227557184,Apoe,1.0
drug1,GO_BP,GOBP_BEHAVIOR,3,126,50,1500,0.7142857142857143,0.8071875285767773,Apoe|Fos|Zfhx3,1.0
drug1,GO_BP,GOBP_BIOLOGICAL_PROCESS_INVOLVED_IN_INTERACTION_WITH_HOST,1,13,50,1500,2.3076923076923075,0.3575867388571701,Bsg,1.0
drug1,GO_BP,GOBP_BIOLOGICAL_PROCESS_INVOLVED_IN_INTRASPECIES_INTERACTION_BETWEEN_ORGANISMS,0,11,50,1500,0.0,1.0,,1.0
drug1,GO_BP,GOBP_BIOLOGICAL_PROCESS_INVOLVED_IN_SYMBIOTIC_INTERACTION,1,17,50,1500,1.7647058823529411,0.4398083575301246,Bsg,1.0
drug1,GO_BP,GOBP_BIOMINERAL_TISSUE_DEVELOPMENT,2,28,50,1500,2.142857142857143,0.2389147042643709,Ccn1|Mgp,1.0
drug1,GO_BP,GOBP_BLASTOCYST_DEVELOPMENT,1,12,50,1500,2.5,0.33524969917904673,Junb,1.0
drug1,GO_BP,GOBP_BLOOD_VESSEL_ENDOTHELIAL_CELL_MIGRATION,1,32,50,1500,0.9375,0.6659340944396241,Apoe,1.0
drug1,GO_BP,GOBP_BLOOD_VESSEL_MORPHOGENESIS,9,136,50,1500,1.9852941176470589,0.031719377756809226,Apoe|Bsg|Ccn1|Ccn3|Cybb|Glul|Junb|Pf4|Stab1,0.5664174599430218
drug1,GO_BP,GOBP_BLOOD_VESSEL_REMODELING,0,13,50,1500,0.0,1.0,,1.0
drug1,GO_BP,GOBP_BODY_FLUID_SECRETION,1,17,50,1500,1.7647058823529411,0.4398083575301246,mt-Co2,1.0
drug1,GO_BP,GOBP_BODY_MORPHOGENESIS,0,11,50,1500,0.0,1.0,,1.0
drug1,GO_BP,GOBP_BONE_DEVELOPMENT,1,36,50,1500,0.8333333333333334,0.7092162291569126,Tyrobp,1.0
drug1,GO_BP,GOBP_BONE_MINERALIZATION,2,26,50,1500,2.3076923076923075,0.21392436250078883,Ccn1|Mgp,1.0
drug1,GO_BP,GOBP_BONE_MORPHOGENESIS,0,14,50,1500,0.0,1.0,,1.0
drug1,GO_BP,GOBP_BONE_REMODELING,1,15,50,1500,2.0,0.4000764265660914,Ctss,1.0
drug1,GO_BP,GOBP_BONE_RESORPTION,1,10,50,1500,3.0,0.2882684421548648,Ctss,1.0
drug1,GO_BP,GOBP_BRAIN_DERIVED_NEUROTROPHIC_FACTOR_RECEPTOR_SIGNALING_PATHWAY,0,21,50,1500,0.0,1.0,,1.0
drug1,GO_BP,GOBP_BRANCHING_INVOLVED_IN_BLOOD_VESSEL_MORPHOGENESIS,0,13,50,1500,0.0,1.0,,1.0
drug1,GO_BP,GOBP_BRANCHING_MORPHOGENESIS_OF_AN_EPITHELIAL_TUBE,2,30,50,1500,2.0,0.26406742974514547,Ctsd|Mgp,1.0
drug1,GO_BP,GOBP_BROWN_FAT_CELL_DIFFERENTIATION,0,16,50,1500,0.0,1.0,,1.0
drug1,GO_BP,GOBP_B_CELL_ACTIVATION,2,31,50,1500,1.9354838709677418,0.27666470071835436,Lilrb4a|Tyrobp,1.0
drug1,GO_BP,GOBP_B_CELL_ACTIVATION_INVOLVED_IN_IMMUNE_RESPONSE,1,10,50,1500,3.0,0.2882684421548648,Lilrb4a,1.0
drug1,GO_BP,GOBP_B_CELL_DIFFERENTIATION,1,18,50,1500,1.6666666666666667,0.45869546617711976,Lilrb4a,1.0
drug1,GO_BP,GOBP_B_CELL_MEDIATED_IMMUNITY,1,16,50,1500,1.875,0.4202758734830577,C1qc,1.0
drug1,GO_BP,GOBP_B_CELL_PROLIFERATION,1,16,50,1500,1.875,0.4202758734830577,Tyrobp,1.0
drug1,GO_BP,GOBP_CALCIUM_ION_HOMEOSTASIS,1,49,50,1500,0.6122448979591837,0.8152623048291225,Apoe,1.0
drug1,GO_BP,GOBP_CALCIUM_ION_IMPORT,0,13,50,1500,0.0,1.0,,1.0
drug1,GO_BP,GOBP_CALCIUM_ION_REGULATED_EXOCYTOSIS,0,11,50,1500,0.0,1.0,,1.0
drug1,GO_BP,GOBP_CALCIUM_ION_TRANSMEMBRANE_IMPORT_INTO_CYTOSOL,0,22,50,1500,0.0,1.0,,1.0
drug1,GO_BP,GOBP_CALCIUM_ION_TRANSMEMBRANE_TRANSPORT,0,43,50,1500,0.0,1.0,,1.0
drug1,GO_BP,GOBP_CALCIUM_ION_TRANSPORT,0,67,50,1500,0.0,1.0,,1.0
drug1,GO_BP,GOBP_CALCIUM_MEDIATED_SIGNALING,0,38,50,1500,0.0,1.0,,1.0
drug1,GO_BP,GOBP_CAMERA_TYPE_EYE_MORPHOGENESIS,0,29,50,1500,0.0,1.0,,1.0
drug1,GO_BP,GOBP_CANONICAL_NF_KAPPAB_SIGNAL_TRANSDUCTION,1,25,50,1500,1.2,0.5745095173169409,Lilrb4a,1.0
drug1,GO_BP,GOBP_CANONICAL_WNT_SIGNALING_PATHWAY,3,29,50,1500,3.103448275862069,0.06929647406754862,Apoe|Dab2|Zeb2,0.7442726087676064
drug1,GO_BP,GOBP_CARBOHYDRATE_BIOSYNTHETIC_PROCESS,0,13,50,1500,0.0,1.0,,1.0
drug1,GO_BP,GOBP_CARBOHYDRATE_CATABOLIC_PROCESS,1,12,50,1500,2.5,0.33524969917904673,Zbtb20,1.0
drug1,GO_BP,GOBP_CARBOHYDRATE_DERIVATIVE_BIOSYNTHETIC_PROCESS,1,23,50,1500,1.3043478260869565,0.5441591891136924,mt-Nd4,1.0
drug1,GO_BP,GOBP_CARBOHYDRATE_DERIVATIVE_CATABOLIC_PROCESS,2,19,50,1500,3.1578947368421053,0.12996801648711176,Lyve1|Zbtb20,0.900104864384599
drug1,GO_BP,GOBP_CARBOHYDRATE_DERIVATIVE_METABOLIC_PROCESS,3,57,50,1500,1.5789473684210527,0.2950418794901038,Lyve1|Zbtb20|mt-Nd4,1.0
drug1,GO_BP,GOBP_CARBOHYDRATE_HOMEOSTASIS,1,36,50,1500,0.8333333333333334,0.7092162291569126,Zbtb20,1.0
drug1,GO_BP,GOBP_CARBOHYDRATE_METABOLIC_PROCESS,2,36,50,1500,1.6666666666666667,0.33931461253673095,Cbr2|Zbtb20,1.0
drug1,GO_BP,GOBP_CARBOHYDRATE_TRANSPORT,0,11,50,1500,0.0,1.0,,1.0
drug1,GO_BP,GOBP_CARDIAC_CELL_DEVELOPMENT,0,22,50,1500,0.0,1.0,,1.0
drug1,GO_BP,GOBP_CARDIAC_CHAMBER_DEVELOPMENT,1,32,50,1500,0.9375,0.6659340944396241,Ccn1,1.0
drug1,GO_BP,GOBP_CARDIAC_CHAMBER_MORPHOGENESIS,1,29,50,1500,1.0344827586206897,0.6293882879681989,Ccn1,1.0
drug1,GO_BP,GOBP_CARDIAC_CONDUCTION,0,12,50,1500,0.0,1.0,,1.0
drug1,GO_BP,GOBP_CARDIAC_EPITHELIAL_TO_MESENCHYMAL_TRANSITION,0,10,50,1500,0.0,1.0,,1.0
drug1,GO_BP,GOBP_CARDIAC_MUSCLE_CELL_CONTRACTION,0,12,50,1500,0.0,1.0,,1.0
drug1,GO_BP,GOBP_CARDIAC_MUSCLE_CELL_DIFFERENTIATION,0,26,50,1500,0.0,1.0,,1.0
drug1,GO_BP,GOBP_CARDIAC_MUSCLE_CELL_PROLIFERATION,0,12,50,1500,0.0,1.0,,1.0
drug1,GO_BP,GOBP_CARDIAC_MUSCLE_CONTRACTION,0,23,50,1500,0.0,1.0,,1.0
drug1,GO_BP,GOBP_CARDIAC_MUSCLE_TISSUE_DEVELOPMENT,0,48,50,1500,0.0,1.0,,1.0
drug1,GO_BP,GOBP_CARDIAC_MUSCLE_TISSUE_MORPHOGENESIS,0,15,50,1500,0.0,1.0,,1.0
drug1,GO_BP,GOBP_CARDIAC_SEPTUM_DEVELOPMENT,1,22,50,1500,1.3636363636363638,0.5281983764075895,Ccn1,1.0
drug1,GO_BP,GOBP_CARDIAC_SEPTUM_MORPHOGENESIS,1,18,50,1500,1.6666666666666667,0.45869546617711976,Ccn1,1.0
drug1,GO_BP,GOBP_CARDIAC_VENTRICLE_DEVELOPMENT,1,25,50,1500,1.2,0.5745095173169409,Ccn1,1.0
drug1,GO_BP,GOBP_CARDIAC_VENTRICLE_MORPHOGENESIS,0,16,50,1500,0.0,1.0,,1.0
drug1,GO_BP,GOBP_CARDIOCYTE_DIFFERENTIATION,0,39,50,1500,0.0,1.0,,1.0
drug1,GO_BP,GOBP_CARTILAGE_DEVELOPMENT,3,35,50,1500,2.571428571428571,0.10814346217319507,Ccn1|Ccn3|Mgp,0.8489522996688019
drug1,GO_BP,GOBP_CATECHOLAMINE_SECRETION,0,14,50,1500,0.0,1.0,,1.0
drug1,GO_BP,GOBP_CATECHOLAMINE_TRANSPORT,0,15,50,1500,0.0,1.0,,1.0
drug1,GO_BP,GOBP_CATECHOL_CONTAINING_COMPOUND_METABOLIC_PROCESS,0,13,50,1500,0.0,1.0,,1.0
drug1,GO_BP,GOBP_CD4_POSITIVE_ALPHA_BETA_T_CELL_ACTIVATION,2,19,50,1500,3.1578947368421053,0.12996801648711176,Lilrb4a|Pf4,0.900104864384599
drug1,GO_BP,GOBP_CD4_POSITIVE_ALPHA_BETA_T_CELL_DIFFERENTIATION,1,15,50,1500,2.0,0.4000764265660914,Pf4,1.0
drug1,GO_BP,GOBP_CELLULAR_COMPONENT_ASSEMBLY_INVOLVED_IN_MORPHOGENESIS,1,25,50,1500,1.2,0.5745095173169409,Myl9,1.0
drug1,GO_BP,GOBP_CELLULAR_COMPONENT_DISASSEMBLY,2,43,50,1500,1.3953488372093024,0.424148062560875,C1qc|Ctss,1.0
drug1,GO_BP,GOBP_CELLULAR_COMPONENT_MAINTENANCE,1,14,50,1500,2.142857142857143,0.3791877227557184,Apoe,1.0
drug1,GO_BP,GOBP_CELLULAR_EXTRAVASATION,1,13,50,1500,2.3076923076923075,0.3575867388571701,Lyve1,1.0
drug1,GO_BP,GOBP_CELLULAR_HOMEOSTASIS,5,95,50,1500,1.5789473684210527,0.20574917511289953,Apoe|Glul|Mt1|Mt3|Zbtb20,1.0
drug1,GO_BP,GOBP_CELLULAR_OXIDANT_DETOXIFICATION,3,10,50,1500,9.0,0.0035480063258161673,Apoe|Gpx3|Mt3,0.21493005304834648
drug1,GO_BP,GOBP_CELLULAR_PROCESS_INVOLVED_IN_REPRODUCTION_IN_MULTICELLULAR_ORGANISM,1,43,50,1500,0.6976744186046512,0.7721193007548377,Folr2,1.0
drug1,GO_BP,GOBP_CELLULAR_RESPIRATION,3,17,50,1500,5.294117647058823,0.01704917842361118,mt-Co2|mt-Co3|mt-Nd4,0.4389490356851941
drug1,GO_BP,GOBP_CELLULAR_RESPONSE_TO_ABIOTIC_STIMULUS,1,37,50,1500,0.8108108108108107,0.7191473688714989,Ifi207,1.0
drug1,GO_BP,GOBP_CELLULAR_RESPONSE_TO_ACID_CHEMICAL,1,22,50,1500,1.3636363636363638,0.5281983764075895,Cybb,1.0
drug1,GO_BP,GOBP_CELLULAR_RESPONSE_TO_ALCOHOL,2,11,50,1500,5.454545454545455,0.04943234891824236,Cybb|Fos,0.6638641900177176
drug1,GO_BP,GOBP_CELLULAR_RESPONSE_TO_BIOTIC_STIMULUS,4,34,50,1500,3.5294117647058822,0.024233122928500488,Lilrb4a|Ly86|Mrc1|Pf4,0.4944039286765775
drug1,GO_BP,GOBP_CELLULAR_RESPONSE_TO_CALCIUM_ION,2,20,50,1500,3.0,0.14144844471358778,Fos|Junb,0.901387147684628
drug1,GO_BP,GOBP_CELLULAR_RESPONSE_TO_CAMP,0,10,50,1500,0.0,1.0,,1.0
drug1,GO_BP,GOBP_CELLULAR_RESPONSE_TO_CARBOHYDRATE_STIMULUS,1,23,50,1500,1.3043478260869565,0.5441591891136924,Zbtb20,1.0
drug1,GO_BP,GOBP_CELLULAR_RESPONSE_TO_CHEMICAL_STRESS,2,40,50,1500,1.5,0.3883610132921429,Fos|Mt3,1.0
drug1,GO_BP,GOBP_CELLULAR_RESPONSE_TO_ENDOGENOUS_STIMULUS,6,167,50,1500,1.0778443113772456,0.4895427534603285,Ccn1|Ctsd|Dab2|Fos|Mt3|Zeb2,1.0
drug1,GO_BP,GOBP_CELLULAR_RESPONSE_TO_EXTERNAL_STIMULUS,0,12,50,1500,0.0,1.0,,1.0
drug1,GO_BP,GOBP_CELLULAR_RESPONSE_TO_HEAT,0,12,50,1500,0.0,1.0,,1.0
drug1,GO_BP,GOBP_CELLULAR_RESPONSE_TO_HORMONE_STIMULUS,4,83,50,1500,1.4457831325301205,0.2979517645922285,Ctsd|Dab2|Fos|Mt3,1.0
drug1,GO_BP,GOBP_CELLULAR_RESPONSE_TO_HYDROGEN_PEROXIDE,0,12,50,1500,0.0,1.0,,1.0
drug1,GO_BP,GOBP_CELLULAR_RESPONSE_TO_HYPOXIA,2,22,50,1500,2.7272727272727275,0.1650200797304365,Cybb|Fos,0.9613335560775152
drug1,GO_BP,GOBP_CELLULAR_RESPONSE_TO_INSULIN_STIMULUS,1,36,50,1500,0.8333333333333334,0.7092162291569126,Ctsd,1.0
drug1,GO_BP,GOBP_CELLULAR_RESPONSE_TO_INTERLEUKIN_1,0,13,50,1500,0.0,1.0,,1.0
drug1,GO_BP,GOBP_CELLULAR_RESPONSE_TO_KETONE,1,13,50,1500,2.3076923076923075,0.3575867388571701,Fos,1.0
drug1,GO_BP,GOBP_CELLULAR_RESPONSE_TO_LIPID,6,71,50,1500,2.535211267605634,0.027637674006483023,Dab2|Fos|Lilrb4a|Ly86|Mrc1|Pf4,0.5283672971827638
drug1,GO_BP,GOBP_CELLULAR_RESPONSE_TO_METAL_ION,5,37,50,1500,4.0540540540540535,0.006535341984970801,Cybb|Fos|Junb|Mt1|Mt3,0.2654982681394388
drug1,GO_BP,GOBP_CELLULAR_RESPONSE_TO_NITROGEN_COMPOUND,4,104,50,1500,1.1538461538461537,0.4612835281471567,Ctsd|Cybb|Folr2|Fos,1.0
drug1,GO_BP,GOBP_CELLULAR_RESPONSE_TO_NUTRIENT_LEVELS,4,26,50,1500,4.615384615384615,0.009504907071487278,Folr2|Fos|Glul|Ifi207,0.3432327553592628
drug1,GO_BP,GOBP_CELLULAR_RESPONSE_TO_OXIDATIVE_STRESS,2,28,50,1500,2.142857142857143,0.2389147042643709,Fos|Mt3,1.0
drug1,GO_BP,GOBP_CELLULAR_RESPONSE_TO_OXYGEN_CONTAINING_COMPOUND,11,169,50,1500,1.9526627218934909,0.019576389125379436,Ctsd|Cybb|Folr2|Fos|Lilrb4a|Ly86|Mrc1|Mt1|Mt3|Pf4|Zbtb20,0.461038149691907
drug1,GO_BP,GOBP_CELLULAR_RESPONSE_TO_OXYGEN_LEVELS,2,23,50,1500,2.608695652173913,0.17706049687331893,Cybb|Fos,0.9760661983726833
drug1,GO_BP,GOBP_CELLULAR_RESPONSE_TO_PEPTIDE_HORMONE_STIMULUS,2,51,50,1500,1.1764705882352942,0.5140905590955691,Ctsd|Fos,1.0
drug1,GO_BP,GOBP_CELLULAR_RESPONSE_TO_RADIATION,1,14,50,1500,2.142857142857143,0.3791877227557184,Ifi207,1.0
drug1,GO_BP,GOBP_CELLULAR_RESPONSE_TO_REACTIVE_OXYGEN_SPECIES,2,21,50,1500,2.857142857142857,0.15314117104382513,Fos|Mt3,0.9206414566339818
drug1,GO_BP,GOBP_CELLULAR_RESPONSE_TO_STARVATION,3,17,50,1500,5.294117647058823,0.01704917842361118,Fos|Glul|Ifi207,0.4389490356851941
drug1,GO_BP,GOBP_CELLULAR_RESPONSE_TO_STEROID_HORMONE_STIMULUS,1,17,50,1500,1.7647058823529411,0.4398083575301246,Dab2,1.0
drug1,GO_BP,GOBP_CELLULAR_RESPONSE_TO_STRESS,7,149,50,1500,1.4093959731543624,0.22187000372047627,Apoe|Cybb|Fos|Glul|Ifi207|Igfbp6|Mt3,1.0
drug1,GO_BP,GOBP_CELLULAR_RESPONSE_TO_TOXIC_SUBSTANCE,3,17,50,1500,5.294117647058823,0.01704917842361118,Apoe|Gpx3|Mt3,0.4389490356851941
drug1,GO_BP,GOBP_CELLULAR_RESPONSE_TO_VASCULAR_ENDOTHELIAL_GROWTH_FACTOR_STIMULUS,0,35,50,1500,0.0,1.0,,1.0
drug1,GO_BP,GOBP_CELLULAR_RESPONSE_TO_XENOBIOTIC_STIMULUS,0,25,50,1500,0.0,1.0,,1.0
drug1,GO_BP,GOBP_CELLULAR_SENESCENCE,0,11,50,1500,0.0,1.0,,1.0
drug1,GO_BP,GOBP_CELL_ACTIVATION,6,146,50,1500,1.2328767123287672,0.35853321988967013,Apoe|Lilrb4a|Mafb|Pf4|Tyrobp|Zeb2,1.0
drug1,GO_BP,GOBP_CELL_ACTIVATION_INVOLVED_IN_IMMUNE_RESPONSE,3,44,50,1500,2.0454545454545454,0.17839486825642273,Lilrb4a|Pf4|Tyrobp,0.9760661983726833
drug1,GO_BP,GOBP_CELL_ADHESION,12,251,50,1500,1.4342629482071712,0.11615826646923054,Bsg|Ccn1|Ccn3|Cd33|Dab2|Folr2|Lilrb4a|Lyve1|Pf4|Siglech|Stab1|Zfhx3,0.8769645664236938
drug1,GO_BP,GOBP_CELL_ADHESION_MEDIATED_BY_INTEGRIN,1,18,50,1500,1.6666666666666667,0.45869546617711976,Ccn3,1.0
drug1,GO_BP,GOBP_CELL_CELL_ADHESION,5,137,50,1500,1.094890510948905,0.4871912966846989,Bsg|Ccn1|Ccn3|Lilrb4a|Pf4,1.0
drug1,GO_BP,GOBP_CELL_CELL_ADHESION_MEDIATED_BY_CADHERIN,0,10,50,1500,0.0,1.0,,1.0
drug1,GO_BP,GOBP_CELL_CELL_ADHESION_VIA_PLASMA_MEMBRANE_ADHESION_MOLECULES,1,42,50,1500,0.7142857142857143,0.764026946378234,Bsg,1.0
drug1,GO_BP,GOBP_CELL_CELL_JUNCTION_ASSEMBLY,0,28,50,1500,0.0,1.0,,1.0
drug1,GO_BP,GOBP_CELL_CELL_JUNCTION_ORGANIZATION,0,39,50,1500,0.0,1.0,,1.0
drug1,GO_BP,GOBP_CELL_CELL_SIGNALING,6,204,50,1500,0.8823529411764706,0.6949117453159308,Apoe|Ccn3|Dab2|Glul|Stab1|Tyrobp,1.0
drug1,GO_BP,GOBP_CELL_CHEMOTAXIS,3,69,50,1500,1.3043478260869565,0.40697219074133145,Bsg|Ccn3|Pf4,1.0
drug1,GO_BP,GOBP_CELL_CYCLE,1,136,50,1500,0.22058823529411764,0.9920575668751351,Junb,1.0
drug1,GO_BP,GOBP_CELL_CYCLE_CHECKPOINT_SIGNALING,0,14,50,1500,0.0,1.0,,1.0
drug1,GO_BP,GOBP_CELL_CYCLE_G1_S_PHASE_TRANSITION,0,33,50,1500,0.0,1.0,,1.0
drug1,GO_BP,GOBP_CELL_CYCLE_G2_M_PHASE_TRANSITION,0,16,50,1500,0.0,1.0,,1.0
drug1,GO_BP,GOBP_CELL_CYCLE_PHASE_TRANSITION,0,56,50,1500,0.0,1.0,,1.0
drug1,GO_BP,GOBP_CELL_CYCLE_PROCESS,0,103,50,1500,0.0,1.0,,1.0
drug1,GO_BP,GOBP_CELL_DIFFERENTIATION_INVOLVED_IN_KIDNEY_DEVELOPMENT,0,13,50,1500,0.0,1.0,,1.0
drug1,GO_BP,GOBP_CELL_DIVISION,0,50,50,1500,0.0,1.0,,1.0
drug1,GO_BP,GOBP_CELL_FATE_COMMITMENT,0,41,50,1500,0.0,1.0,,1.0
drug1,GO_BP,GOBP_CELL_FATE_DETERMINATION,0,10,50,1500,0.0,1.0,,1.0
drug1,GO_BP,GOBP_CELL_FATE_SPECIFICATION,0,11,50,1500,0.0,1.0,,1.0
drug1,GO_BP,GOBP_CELL_GROWTH,5,74,50,1500,2.0270270270270268,0.095799417069994,Apoe|Ccn3|Dab2|Mt3|Zeb2,0.8174231842944931
drug1,GO_BP,GOBP_CELL_JUNCTION_ASSEMBLY,0,93,50,1500,0.0,1.0,,1.0
drug1,GO_BP,GOBP_CELL_JUNCTION_ORGANIZATION,2,155,50,1500,0.3870967741935484,0.9728635522482658,Apoe|C1qc,1.0
drug1,GO_BP,GOBP_CELL_KILLING,2,20,50,1500,3.0,0.14144844471358778,Lyz2|Tyrobp,0.901387147684628
drug1,GO_BP,GOBP_CELL_MATRIX_ADHESION,0,45,50,1500,0.0,1.0,,1.0
drug1,GO_BP,GOBP_CELL_MATURATION,0,33,50,1500,0.0,1.0,,1.0
drug1,GO_BP,GOBP_CELL_MIGRATION,10,260,50,1500,1.153846153846154,0.36274641778406413,Apoe|Bsg|Ccn1|Ccn3|Dab2|Glul|Igfbp6|Lyve1|Pf4|Zeb2,1.0
drug1,GO_BP,GOBP_CELL_MIGRATION_INVOLVED_IN_SPROUTING_ANGIOGENESIS,0,17,50,1500,0.0,1.0,,1.0
drug1,GO_BP,GOBP_CELL_MORPHOGENESIS,6,175,50,1500,1.0285714285714287,0.5378928244086646,Apoe|Bsg|Col25a1|Dab2|Mt3|Zeb2,1.0
drug1,GO_BP,GOBP_CELL_MORPHOGENESIS_INVOLVED_IN_NEURON_DIFFERENTIATION,5,107,50,1500,1.4018691588785046,0.282280215719383,Apoe|Bsg|Col25a1|Mt3|Zeb2,1.0
drug1,GO_BP,GOBP_CELL_MOTILITY,10,294,50,1500,1.0204081632653061,0.5294968859490277,Apoe|Bsg|Ccn1|Ccn3|Dab2|Glul|Igfbp6|Lyve1|Pf4|Zeb2,1.0
drug1,GO_BP,GOBP_CELL_PROJECTION_ASSEMBLY,0,63,50,1500,0.0,1.0,,1.0
drug1,GO_BP,GOBP_CELL_PROJECTION_MORPHOGENESIS,5,130,50,1500,1.153846153846154,0.43968971141133567,Apoe|Bsg|Col25a1|Mt3|Zeb2,1.0
drug1,GO_BP,GOBP_CELL_PROJECTION_ORGANIZATION,6,255,50,1500,0.7058823529411765,0.8782676547511051,Apoe|Bsg|Col25a1|Dab2|Mt3|Zeb2,1.0
drug1,GO_BP,GOBP_CELL_RECOGNITION,2,22,50,1500,2.7272727272727275,0.1650200797304365,Bsg|Folr2,0.9613335560775152
drug1,GO_BP,GOBP_CELL_SUBSTRATE_ADHESION,2,72,50,1500,0.8333333333333334,0.7041110769964758,Ccn1|Dab2,1.0
drug1,GO_BP,GOBP_CELL_SUBSTRATE_JUNCTION_ORGANIZATION,0,20,50,1500,0.0,1.0,,1.0
drug1,GO_BP,GOBP_CELL_SURFACE_RECEPTOR_PROTEIN_SERINE_THREONINE_KINASE_SIGNALING_PATHWAY,5,47,50,1500,3.1914893617021276,0.01788387116518451,Ccn1|Ccn3|Dab2|Fos|Zeb2,0.44709677912961276
drug1,GO_BP,GOBP_CELL_SURFACE_RECEPTOR_PROTEIN_TYROSINE_KINASE_SIGNALING_PATHWAY,3,86,50,1500,1.0465116279069768,0.5555847147870124,Ctsd|Igfbp6|Mt3,1.0
drug1,GO_BP,GOBP_CELL_SURFACE_RECEPTOR_SIGNALING_PATHWAY_VIA_STAT,0,19,50,1500,0.0,1.0,,1.0
drug1,GO_BP,GOBP_CENTRAL_NERVOUS_SYSTEM_DEVELOPMENT,5,175,50,1500,0.8571428571428572,0.7124129630243399,Fos|Mafb|Tyrobp|Zeb2|mt-Nd4,1.0
drug1,GO_BP,GOBP_CENTRAL_NERVOUS_SYSTEM_NEURON_DEVELOPMENT,1,19,50,1500,1.5789473684210527,0.4769581022710094,Zeb2,1.0
drug1,GO_BP,GOBP_CENTRAL_NERVOUS_SYSTEM_NEURON_DIFFERENTIATION,1,44,50,1500,0.6818181818181819,0.7799395031997644,Zeb2,1.0
drug1,GO_BP,GOBP_CEREBELLAR_CORTEX_DEVELOPMENT,0,10,50,1500,0.0,1.0,,1.0
drug1,GO_BP,GOBP_CEREBRAL_CORTEX_DEVELOPMENT,1,24,50,1500,1.25,0.5595904961849962,Fos,1.0
drug1,GO_BP,GOBP_CHEMICAL_HOMEOSTASIS,5,120,50,1500,1.25,0.3707550262495498,Apoe|Glul|Mt1|Mt3|Zbtb20,1.0
drug1,GO_BP,GOBP_CHEMICAL_SYNAPTIC_TRANSMISSION_POSTSYNAPTIC,0,26,50,1500,0.0,1.0,,1.0
drug1,GO_BP,GOBP_CHEMOKINE_PRODUCTION,2,20,50,1500,3.0,0.14144844471358778,Ccn1|Lilrb4a,0.901387147684628
drug1,GO_BP,GOBP_CHLORIDE_TRANSPORT,0,15,50,1500,0.0,1.0,,1.0
drug1,GO_BP,GOBP_CHONDROCYTE_DIFFERENTIATION,1,21,50,1500,1.4285714285714286,0.5116902720131731,Ccn3,1.0
drug1,GO_BP,GOBP_CHROMATIN_ORGANIZATION,1,47,50,1500,0.6382978723404256,0.8018554794378209,Ifi207,1.0
drug1,GO_BP,GOBP_CHROMOSOME_LOCALIZATION,0,11,50,1500,0.0,1.0,,1.0
drug1,GO_BP,GOBP_CHROMOSOME_ORGANIZATION,0,31,50,1500,0.0,1.0,,1.0
drug1,GO_BP,GOBP_CHROMOSOME_SEGREGATION,0,30,50,1500,0.0,1.0,,1.0
drug1,GO_BP,GOBP_CILIUM_MOVEMENT,0,36,50,1500,0.0,1.0,,1.0
drug1,GO_BP,GOBP_CILIUM_ORGANIZATION,0,40,50,1500,0.0,1.0,,1.0
drug1,GO_BP,GOBP_CILIUM_OR_FLAGELLUM_DEPENDENT_CELL_MOTILITY,0,31,50,1500,0.0,1.0,,1.0
drug1,GO_BP,GOBP_CIRCADIAN_RHYTHM,1,25,50,1500,1.2,0.5745095173169409,Zfhx3,1.0
drug1,GO_BP,GOBP_CIRCULATORY_SYSTEM_DEVELOPMENT,9,209,50,1500,1.291866028708134,0.2531502707612301,Apoe|Bsg|Ccn1|Ccn3|Cybb|Glul|Junb|Pf4|Stab1,1.0
drug1,GO_BP,GOBP_CIRCULATORY_SYSTEM_PROCESS,3,101,50,1500,0.8910891089108911,0.6675402166946223,Apoe|Ttr|Zeb2,1.0
drug1,GO_BP,GOBP_COGNITION,2,66,50,1500,0.9090909090909091,0.656874034295184,Apoe|Fos,1.0
drug1,GO_BP,GOBP_COLLAGEN_ACTIVATED_SIGNALING_PATHWAY,0,21,50,1500,0.0,1.0,,1.0
drug1,GO_BP,GOBP_COLLAGEN_BIOSYNTHETIC_PROCESS,0,10,50,1500,0.0,1.0,,1.0
drug1,GO_BP,GOBP_COLLAGEN_FIBRIL_ORGANIZATION,0,18,50,1500,0.0,1.0,,1.0
drug1,GO_BP,GOBP_COLLAGEN_METABOLIC_PROCESS,1,18,50,1500,1.6666666666666667,0.45869546617711976,Ctss,1.0
drug1,GO_BP,GOBP_COLUMNAR_CUBOIDAL_EPITHELIAL_CELL_DIFFERENTIATION,0,22,50,1500,0.0,1.0,,1.0
drug1,GO_BP,GOBP_COMPLEMENT_ACTIVATION,2,11,50,1500,5.454545454545455,0.04943234891824236,C1qc|Fcna,0.6638641900177176
drug1,GO_BP,GOBP_CONNECTIVE_TISSUE_DEVELOPMENT,3,48,50,1500,1.875,0.2129617728476184,Ccn1|Ccn3|Mgp,1.0
drug1,GO_BP,GOBP_CRANIAL_SKELETAL_SYSTEM_DEVELOPMENT,0,13,50,1500,0.0,1.0,,1.0
drug1,GO_BP,GOBP_CYTOKINESIS,0,18,50,1500,0.0,1.0,,1.0
drug1,GO_BP,GOBP_CYTOKINE_MEDIATED_SIGNALING_PATHWAY,2,73,50,1500,0.8219178082191781,0.7114521062405648,Mt3|Pf4,1.0
drug1,GO_BP,GOBP_CYTOKINE_PRODUCTION,8,112,50,1500,2.142857142857143,0.028504334464881594,Bsg|Ccn1|Cybb|Fcna|Ifi207|Lilrb4a|Tyrobp|Zbtb20,0.532408546039455
drug1,GO_BP,GOBP_CYTOKINE_PRODUCTION_INVOLVED_IN_IMMUNE_RESPONSE,1,22,50,1500,1.3636363636363638,0.5281983764075895,Lilrb4a,1.0
drug1,GO_BP,GOBP_CYTOPLASMIC_PATTERN_RECOGNITION_RECEPTOR_SIGNALING_PATHWAY,1,16,50,1500,1.875,0.4202758734830577,Ifi207,1.0
drug1,GO_BP,GOBP_CYTOSKELETON_DEPENDENT_CYTOKINESIS,0,11,50,1500,0.0,1.0,,1.0
drug1,GO_BP,GOBP_CYTOSKELETON_DEPENDENT_INTRACELLULAR_TRANSPORT,0,14,50,1500,0.0,1.0,,1.0
drug1,GO_BP,GOBP_CYTOSKELETON_ORGANIZATION,3,170,50,1500,0.5294117647058824,0.9361764403808835,Myl9|Tyrobp|Zeb2,1.0
drug1,GO_BP,GOBP_DEFENSE_RESPONSE_TO_BACTERIUM,3,35,50,1500,2.571428571428571,0.10814346217319507,Lyz2|Stab1|Wfdc17,0.8489522996688019
drug1,GO_BP,GOBP_DEFENSE_RESPONSE_TO_GRAM_NEGATIVE_BACTERIUM,1,14,50,1500,2.142857142857143,0.3791877227557184,Lyz2,1.0
drug1,GO_BP,GOBP_DEFENSE_RESPONSE_TO_GRAM_POSITIVE_BACTERIUM,1,14,50,1500,2.142857142857143,0.3791877227557184,Lyz2,1.0
drug1,GO_BP,GOBP_DEFENSE_RESPONSE_TO_OTHER_ORGANISM,12,115,50,1500,3.1304347826086953,0.00023317016646428798,Apoe|C1qc|Cybb|Fcna|Ifi207|Ly86|Lyz2|Mrc1|Pf4|Stab1|Tyrobp|Wfdc17,0.08231798167379799
drug1,GO_BP,GOBP_DEFENSE_RESPONSE_TO_SYMBIONT,10,99,50,1500,3.0303030303030303,0.0011090618952371218,Apoe|C1qc|Cybb|Fcna|Ifi207|Ly86|Mrc1|Pf4|Tyrobp|Wfdc17,0.1511146857023532
drug1,GO_BP,GOBP_DEFENSE_RESPONSE_TO_VIRUS,1,24,50,1500,1.25,0.5595904961849962,Ifi207,1.0
drug1,GO_BP,GOBP_DENDRITE_DEVELOPMENT,1,39,50,1500,0.7692307692307692,0.7380227031427208,Apoe,1.0
drug1,GO_BP,GOBP_DENDRITE_MORPHOGENESIS,0,27,50,1500,0.0,1.0,,1.0
drug1,GO_BP,GOBP_DENDRITIC_SPINE_DEVELOPMENT,1,19,50,1500,1.5789473684210527,0.4769581022710094,Apoe,1.0
drug1,GO_BP,GOBP_DENDRITIC_SPINE_MORPHOGENESIS,0,12,50,1500,0.0,1.0,,1.0
drug1,GO_BP,GOBP_DEPHOSPHORYLATION,0,14,50,1500,0.0,1.0,,1.0
drug1,GO_BP,GOBP_DETECTION_OF_EXTERNAL_STIMULUS,1,16,50,1500,1.875,0.4202758734830577,Ttr,1.0
drug1,GO_BP,GOBP_DETECTION_OF_MECHANICAL_STIMULUS,0,12,50,1500,0.0,1.0,,1.0
drug1,GO_BP,GOBP_DETECTION_OF_MECHANICAL_STIMULUS_INVOLVED_IN_SENSORY_PERCEPTION,0,10,50,1500,0.0,1.0,,1.0
drug1,GO_BP,GOBP_DETECTION_OF_STIMULUS,1,25,50,1500,1.2,0.5745095173169409,Ttr,1.0
drug1,GO_BP,GOBP_DETECTION_OF_STIMULUS_INVOLVED_IN_SENSORY_PERCEPTION,0,13,50,1500,0.0,1.0,,1.0
drug1,GO_BP,GOBP_DETOXIFICATION,4,19,50,1500,6.315789473684211,0.0029283511960826723,Apoe|Gpx3|Mt1|Mt3,0.21493005304834648
drug1,GO_BP,GOBP_DEVELOPMENTAL_CELL_GROWTH,3,51,50,1500,1.7647058823529411,0.23980914780251136,Apoe|Mt3|Zeb2,1.0
drug1,GO_BP,GOBP_DEVELOPMENTAL_GROWTH,4,121,50,1500,0.9917355371900827,0.5847313803978706,Apoe|Ccn3|Mt3|Zeb2,1.0
drug1,GO_BP,GOBP_DEVELOPMENTAL_GROWTH_INVOLVED_IN_MORPHOGENESIS,3,46,50,1500,1.9565217391304346,0.19547782065070726,Apoe|Mt3|Zeb2,1.0
drug1,GO_BP,GOBP_DEVELOPMENTAL_MATURATION,0,54,50,1500,0.0,1.0,,1.0
drug1,GO_BP,GOBP_DEVELOPMENTAL_PROCESS_INVOLVED_IN_REPRODUCTION,2,110,50,1500,0.5454545454545455,0.8940401714016379,Bsg|Junb,1.0
drug1,GO_BP,GOBP_DEVELOPMENT_OF_PRIMARY_FEMALE_SEXUAL_CHARACTERISTICS,0,19,50,1500,0.0,1.0,,1.0
drug1,GO_BP,GOBP_DEVELOPMENT_OF_PRIMARY_SEXUAL_CHARACTERISTICS,0,34,50,1500,0.0,1.0,,1.0
drug1,GO_BP,GOBP_DICARBOXYLIC_ACID_TRANSPORT,1,24,50,1500,1.25,0.5595904961849962,Folr2,1.0
drug1,GO_BP,GOBP_DIENCEPHALON_DEVELOPMENT,1,15,50,1500,2.0,0.4000764265660914,Zeb2,1.0
drug1,GO_BP,GOBP_DIGESTION,0,11,50,1500,0.0,1.0,,1.0
drug1,GO_BP,GOBP_DIGESTIVE_SYSTEM_DEVELOPMENT,0,23,50,1500,0.0,1.0,,1.0
drug1,GO_BP,GOBP_DNA_BIOSYNTHETIC_PROCESS,0,14,50,1500,0.0,1.0,,1.0
drug1,GO_BP,GOBP_DNA_DAMAGE_RESPONSE,0,36,50,1500,0.0,1.0,,1.0
drug1,GO_BP,GOBP_DNA_METABOLIC_PROCESS,0,48,50,1500,0.0,1.0,,1.0
drug1,GO_BP,GOBP_DNA_RECOMBINATION,0,12,50,1500,0.0,1.0,,1.0
drug1,GO_BP,GOBP_DNA_REPAIR,0,15,50,1500,0.0,1.0,,1.0
drug1,GO_BP,GOBP_DNA_REPLICATION,0,12,50,1500,0.0,1.0,,1.0
drug1,GO_BP,GOBP_DORSAL_VENTRAL_PATTERN_FORMATION,0,11,50,1500,0.0,1.0,,1.0
drug1,GO_BP,GOBP_DOUBLE_STRAND_BREAK_REPAIR,0,10,50,1500,0.0,1.0,,1.0
drug1,GO_BP,GOBP_EAR_DEVELOPMENT,1,41,50,1500,0.7317073170731707,0.755653168747937,Mafb,1.0
drug1,GO_BP,GOBP_EAR_MORPHOGENESIS,1,18,50,1500,1.6666666666666667,0.45869546617711976,Mafb,1.0
drug1,GO_BP,GOBP_EMBRYONIC_APPENDAGE_MORPHOGENESIS,0,15,50,1500,0.0,1.0,,1.0
drug1,GO_BP,GOBP_EMBRYONIC_HEART_TUBE_DEVELOPMENT,0,18,50,1500,0.0,1.0,,1.0
drug1,GO_BP,GOBP_EMBRYONIC_HEART_TUBE_MORPHOGENESIS,0,11,50,1500,0.0,1.0,,1.0
drug1,GO_BP,GOBP_EMBRYONIC_MORPHOGENESIS,4,90,50,1500,1.3333333333333333,0.35244021719476254,Ccn1|Dab2|Mafb|Zeb2,1.0
drug1,GO_BP,GOBP_EMBRYONIC_ORGAN_DEVELOPMENT,3,82,50,1500,1.0975609756097562,0.522395143279615,Ccn1|Junb|Mafb,1.0
drug1,GO_BP,GOBP_EMBRYONIC_ORGAN_MORPHOGENESIS,1,45,50,1500,0.6666666666666666,0.7874965257547175,Mafb,1.0
drug1,GO_BP,GOBP_EMBRYONIC_PLACENTA_DEVELOPMENT,2,21,50,1500,2.857142857142857,0.15314117104382513,Ccn1|Junb,0.9206414566339818
drug1,GO_BP,GOBP_EMBRYONIC_PLACENTA_MORPHOGENESIS,1,10,50,1500,3.0,0.2882684421548648,Ccn1,1.0
drug1,GO_BP,GOBP_EMBRYONIC_SKELETAL_SYSTEM_DEVELOPMENT,0,16,50,1500,0.0,1.0,,1.0
drug1,GO_BP,GOBP_EMBRYONIC_SKELETAL_SYSTEM_MORPHOGENESIS,0,11,50,1500,0.0,1.0,,1.0
drug1,GO_BP,GOBP_EMBRYO_DEVELOPMENT,6,161,50,1500,1.1180124223602486,0.45243428785848294,Ccn1|Dab2|Junb|Mafb|Zeb2|mt-Nd4,1.0
drug1,GO_BP,GOBP_EMBRYO_DEVELOPMENT_ENDING_IN_BIRTH_OR_EGG_HATCHING,6,101,50,1500,1.7821782178217822,0.11451833961970471,Ccn1|Dab2|Junb|Mafb|Zeb2|mt-Nd4,0.8769645664236938
drug1,GO_BP,GOBP_ENDOCARDIAL_CUSHION_DEVELOPMENT,0,11,50,1500,0.0,1.0,,1.0
drug1,GO_BP,GOBP_ENDOCARDIAL_CUSHION_MORPHOGENESIS,0,10,50,1500,0.0,1.0,,1.0
drug1,GO_BP,GOBP_ENDOCRINE_HORMONE_SECRETION,1,12,50,1500,2.5,0.33524969917904673,Dab2,1.0
drug1,GO_BP,GOBP_ENDOCRINE_PROCESS,1,18,50,1500,1.6666666666666667,0.45869546617711976,Dab2,1.0
drug1,GO_BP,GOBP_ENDOCRINE_SYSTEM_DEVELOPMENT,0,21,50,1500,0.0,1.0,,1.0
drug1,GO_BP,GOBP_ENDOCYTOSIS,7,84,50,1500,2.5,0.018803330147020517,Apoe|Dab2|Lilrb4a|Lyve1|Mrc1|Siglech|Tyrobp,0.4560509177449006
drug1,GO_BP,GOBP_ENDODERMAL_CELL_DIFFERENTIATION,1,12,50,1500,2.5,0.33524969917904673,Dab2,1.0
drug1,GO_BP,GOBP_ENDODERM_DEVELOPMENT,1,16,50,1500,1.875,0.4202758734830577,Dab2,1.0
drug1,GO_BP,GOBP_ENDODERM_FORMATION,1,14,50,1500,2.142857142857143,0.3791877227557184,Dab2,1.0
drug1,GO_BP,GOBP_ENDOMEMBRANE_SYSTEM_ORGANIZATION,2,43,50,1500,1.3953488372093024,0.424148062560875,Folr2|Mafb,1.0
drug1,GO_BP,GOBP_ENDOSOMAL_TRANSPORT,1,12,50,1500,2.5,0.33524969917904673,Dab2,1.0
drug1,GO_BP,GOBP_ENDOTHELIAL_CELL_APOPTOTIC_PROCESS,0,17,50,1500,0.0,1.0,,1.0
drug1,GO_BP,GOBP_ENDOTHELIAL_CELL_CHEMOTAXIS,1,11,50,1500,2.7272727272727275,0.31215205147852715,Ccn3,1.0
drug1,GO_BP,GOBP_ENDOTHELIAL_CELL_DEVELOPMENT,0,21,50,1500,0.0,1.0,,1.0
drug1,GO_BP,GOBP_ENDOTHELIAL_CELL_DIFFERENTIATION,0,32,50,1500,0.0,1.0,,1.0
drug1,GO_BP,GOBP_ENDOTHELIAL_CELL_MIGRATION,5,50,50,1500,3.0,0.02291150058023974,Apoe|Bsg|Ccn3|Glul|Zeb2,0.4944039286765775
drug1,GO_BP,GOBP_ENDOTHELIAL_CELL_PROLIFERATION,2,41,50,1500,1.4634146341463414,0.40039713749493766,Apoe|Zeb2,1.0
drug1,GO_BP,GOBP_ENDOTHELIUM_DEVELOPMENT,1,37,50,1500,0.8108108108108107,0.7191473688714989,Bsg,1.0
drug1,GO_BP,GOBP_ENERGY_DERIVATION_BY_OXIDATION_OF_ORGANIC_COMPOUNDS,4,27,50,1500,4.444444444444445,0.010886994050722444,Mt3|mt-Co2|mt-Co3|mt-Nd4,0.3764120283494462
drug1,GO_BP,GOBP_ENERGY_HOMEOSTASIS,1,18,50,1500,1.6666666666666667,0.45869546617711976,Apoe,1.0
drug1,GO_BP,GOBP_ENERGY_RESERVE_METABOLIC_PROCESS,1,11,50,1500,2.7272727272727275,0.31215205147852715,Mt3,1.0
drug1,GO_BP,GOBP_ENSHEATHMENT_OF_NEURONS,0,30,50,1500,0.0,1.0,,1.0
drug1,GO_BP,GOBP_ENZYME_LINKED_RECEPTOR_PROTEIN_SIGNALING_PATHWAY,8,128,50,1500,1.875,0.05674844204015603,Ccn1|Ccn3|Ctsd|Dab2|Fos|Igfbp6|Mt3|Zeb2,0.6890809104821537
drug1,GO_BP,GOBP_EPHRIN_RECEPTOR_SIGNALING_PATHWAY,0,21,50,1500,0.0,1.0,,1.0
drug1,GO_BP,GOBP_EPIDERMAL_CELL_DIFFERENTIATION,1,22,50,1500,1.3636363636363638,0.5281983764075895,Mafb,1.0
drug1,GO_BP,GOBP_EPIDERMIS_DEVELOPMENT,1,36,50,1500,0.8333333333333334,0.7092162291569126,Mafb,1.0
drug1,GO_BP,GOBP_EPIGENETIC_REGULATION_OF_GENE_EXPRESSION,1,12,50,1500,2.5,0.33524969917904673,Ifi207,1.0
drug1,GO_BP,GOBP_EPITHELIAL_CELL_APOPTOTIC_PROCESS,0,14,50,1500,0.0,1.0,,1.0
drug1,GO_BP,GOBP_EPITHELIAL_CELL_DEVELOPMENT,0,47,50,1500,0.0,1.0,,1.0
drug1,GO_BP,GOBP_EPITHELIAL_CELL_DIFFERENTIATION,3,112,50,1500,0.8035714285714286,0.7361324621569215,Dab2|Mafb|Zeb2,1.0
drug1,GO_BP,GOBP_EPITHELIAL_CELL_DIFFERENTIATION_INVOLVED_IN_KIDNEY_DEVELOPMENT,0,12,50,1500,0.0,1.0,,1.0
drug1,GO_BP,GOBP_EPITHELIAL_CELL_MORPHOGENESIS,0,10,50,1500,0.0,1.0,,1.0
drug1,GO_BP,GOBP_EPITHELIAL_CELL_PROLIFERATION,5,92,50,1500,1.6304347826086956,0.18788369136451402,Apoe|Ccn3|Dab2|Glul|Zeb2,1.0
drug1,GO_BP,GOBP_EPITHELIAL_TO_MESENCHYMAL_TRANSITION,1,33,50,1500,0.9090909090909091,0.6773123609777841,Dab2,1.0
drug1,GO_BP,GOBP_EPITHELIAL_TUBE_MORPHOGENESIS,4,60,50,1500,2.0,0.1359128710352982,Bsg|Ctsd|Mgp|Zeb2,0.901387147684628
drug1,GO_BP,GOBP_EPITHELIUM_DEVELOPMENT,7,185,50,1500,1.135135135135135,0.4221537113158197,Bsg|Ccn1|Ctsd|Dab2|Mafb|Mgp|Zeb2,1.0
drug1,GO_BP,GOBP_ERBB_SIGNALING_PATHWAY,0,27,50,1500,0.0,1.0,,1.0
drug1,GO_BP,GOBP_ERK1_AND_ERK2_CASCADE,4,66,50,1500,1.8181818181818181,0.17415448340115017,Apoe|Ccn1|Dab2|Mt3,0.9760661983726833
drug1,GO_BP,GOBP_ERYTHROCYTE_HOMEOSTASIS,2,25,50,1500,2.4,0.20153398901832625,Glul|Mafb,1.0
drug1,GO_BP,GOBP_ESTABLISHMENT_OF_CELL_POLARITY,0,15,50,1500,0.0,1.0,,1.0
drug1,GO_BP,GOBP_ESTABLISHMENT_OF_ENDOTHELIAL_BARRIER,0,14,50,1500,0.0,1.0,,1.0
drug1,GO_BP,GOBP_ESTABLISHMENT_OF_ORGANELLE_LOCALIZATION,0,45,50,1500,0.0,1.0,,1.0
drug1,GO_BP,GOBP_ESTABLISHMENT_OF_PROTEIN_LOCALIZATION,7,127,50,1500,1.6535433070866141,0.12350962376482545,Apoe|Bsg|Ccn3|Ctsd|Dab2|Folr2|Glul,0.899847736159766
drug1,GO_BP,GOBP_ESTABLISHMENT_OF_PROTEIN_LOCALIZATION_TO_MEMBRANE,1,14,50,1500,2.142857142857143,0.3791877227557184,Folr2,1.0
drug1,GO_BP,GOBP_ESTABLISHMENT_OF_PROTEIN_LOCALIZATION_TO_ORGANELLE,1,30,50,1500,1.0,0.6419855589414076,Folr2,1.0
drug1,GO_BP,GOBP_ESTABLISHMENT_OR_MAINTENANCE_OF_CELL_POLARITY,0,21,50,1500,0.0,1.0,,1.0
drug1,GO_BP,GOBP_EXCITATORY_SYNAPSE_ASSEMBLY,0,12,50,1500,0.0,1.0,,1.0
drug1,GO_BP,GOBP_EXOCYTIC_PROCESS,0,17,50,1500,0.0,1.0,,1.0
drug1,GO_BP,GOBP_EXOCYTOSIS,0,48,50,1500,0.0,1.0,,1.0
drug1,GO_BP,GOBP_EXPLORATION_BEHAVIOR,1,12,50,1500,2.5,0.33524969917904673,Apoe,1.0
drug1,GO_BP,GOBP_EXPORT_ACROSS_PLASMA_MEMBRANE,0,16,50,1500,0.0,1.0,,1.0
drug1,GO_BP,GOBP_EXPORT_FROM_CELL,5,141,50,1500,1.0638297872340425,0.513790072341216,Apoe|Bsg|Ccn3|Dab2|Glul,1.0
drug1,GO_BP,GOBP_EXTRACELLULAR_MATRIX_ASSEMBLY,0,13,50,1500,0.0,1.0,,1.0
drug1,GO_BP,GOBP_EXTRACELLULAR_STRUCTURE_ORGANIZATION,2,77,50,1500,0.7792207792207791,0.7393475896182469,Ccn1|Ctss,1.0
drug1,GO_BP,GOBP_EXTRACELLULAR_TRANSPORT,0,11,50,1500,0.0,1.0,,1.0
drug1,GO_BP,GOBP_EXTRINSIC_APOPTOTIC_SIGNALING_PATHWAY,1,35,50,1500,0.8571428571428571,0.6989411842507965,Dab2,1.0
drug1,GO_BP,GOBP_EXTRINSIC_APOPTOTIC_SIGNALING_PATHWAY_VIA_DEATH_DOMAIN_RECEPTORS,0,11,50,1500,0.0,1.0,,1.0
drug1,GO_BP,GOBP_EYE_MORPHOGENESIS,0,32,50,1500,0.0,1.0,,1.0
drug1,GO_BP,GOBP_EYE_PHOTORECEPTOR_CELL_DIFFERENTIATION,0,10,50,1500,0.0,1.0,,1.0
drug1,GO_BP,GOBP_FACE_DEVELOPMENT,0,12,50,1500,0.0,1.0,,1.0
drug1,GO_BP,GOBP_FATTY_ACID_BIOSYNTHETIC_PROCESS,0,18,50,1500,0.0,1.0,,1.0
drug1,GO_BP,GOBP_FATTY_ACID_METABOLIC_PROCESS,0,38,50,1500,0.0,1.0,,1.0
drug1,GO_BP,GOBP_FATTY_ACID_TRANSPORT,1,20,50,1500,1.5,0.49461650530034706,Apoe,1.0
drug1,GO_BP,GOBP_FAT_CELL_DIFFERENTIATION,0,42,50,1500,0.0,1.0,,1.0
drug1,GO_BP,GOBP_FEAR_RESPONSE,1,11,50,1500,2.7272727272727275,0.31215205147852715,Apoe,1.0
drug1,GO_BP,GOBP_FEEDING_BEHAVIOR,1,20,50,1500,1.5,0.49461650530034706,Fos,1.0
drug1,GO_BP,GOBP_FEMALE_GAMETE_GENERATION,0,16,50,1500,0.0,1.0,,1.0
drug1,GO_BP,GOBP_FEMALE_SEX_DIFFERENTIATION,0,24,50,1500,0.0,1.0,,1.0
drug1,GO_BP,GOBP_FERTILIZATION,1,15,50,1500,2.0,0.4000764265660914,Folr2,1.0
drug1,GO_BP,GOBP_FIBROBLAST_GROWTH_FACTOR_RECEPTOR_SIGNALING_PATHWAY,0,28,50,1500,0.0,1.0,,1.0
drug1,GO_BP,GOBP_FIBROBLAST_MIGRATION,2,12,50,1500,5.0,0.05807792677281182,Ccn3|Zeb2,0.6890809104821537
drug1,GO_BP,GOBP_FIBROBLAST_PROLIFERATION,0,23,50,1500,0.0,1.0,,1.0
drug1,GO_BP,GOBP_FILOPODIUM_ASSEMBLY,0,13,50,1500,0.0,1.0,,1.0
drug1,GO_BP,GOBP_FOCAL_ADHESION_ASSEMBLY,0,17,50,1500,0.0,1.0,,1.0
drug1,GO_BP,GOBP_FOREBRAIN_DEVELOPMENT,3,90,50,1500,1.0,0.587439561666147,Fos|Tyrobp|Zeb2,1.0
drug1,GO_BP,GOBP_FOREBRAIN_GENERATION_OF_NEURONS,0,24,50,1500,0.0,1.0,,1.0
drug1,GO_BP,GOBP_FORMATION_OF_PRIMARY_GERM_LAYER,1,20,50,1500,1.5,0.49461650530034706,Dab2,1.0
drug1,GO_BP,GOBP_GAMETE_GENERATION,1,75,50,1500,0.4,0.9263656033486491,Bsg,1.0
drug1,GO_BP,GOBP_GASTRULATION,1,28,50,1500,1.0714285714285714,0.616356933817995,Dab2,1.0
drug1,GO_BP,GOBP_GENERATION_OF_NEURONS,8,255,50,1500,0.9411764705882353,0.6359403612709958,Apoe|Bsg|Col25a1|Dab2|Fos|Mt3|Zeb2|Zfhx3,1.0
drug1,GO_BP,GOBP_GENERATION_OF_PRECURSOR_METABOLITES_AND_ENERGY,5,33,50,1500,4.545454545454545,0.0039359910886258296,Mt3|Zbtb20|mt-Co2|mt-Co3|mt-Nd4,0.22055122479368874
drug1,GO_BP,GOBP_GLAND_DEVELOPMENT,2,76,50,1500,0.7894736842105263,0.7325908753187785,Mafb|mt-Co2,1.0
drug1,GO_BP,GOBP_GLAND_MORPHOGENESIS,0,26,50,1500,0.0,1.0,,1.0
drug1,GO_BP,GOBP_GLIAL_CELL_ACTIVATION,2,14,50,1500,4.285714285714286,0.07677394817604072,Tyrobp|Zeb2,0.7748923340749452
drug1,GO_BP,GOBP_GLIAL_CELL_DEVELOPMENT,1,36,50,1500,0.8333333333333334,0.7092162291569126,Zeb2,1.0
drug1,GO_BP,GOBP_GLIAL_CELL_DIFFERENTIATION,1,62,50,1500,0.48387096774193544,0.883120908666515,Zeb2,1.0
drug1,GO_BP,GOBP_GLIAL_CELL_MIGRATION,0,22,50,1500,0.0,1.0,,1.0
drug1,GO_BP,GOBP_GLIAL_CELL_PROLIFERATION,0,19,50,1500,0.0,1.0,,1.0
drug1,GO_BP,GOBP_GLIOGENESIS,1,87,50,1500,0.3448275862068966,0.9521150251628655,Zeb2,1.0
drug1,GO_BP,GOBP_GLOMERULAR_EPITHELIUM_DEVELOPMENT,0,10,50,1500,0.0,1.0,,1.0
drug1,GO_BP,GOBP_GLOMERULUS_DEVELOPMENT,0,22,50,1500,0.0,1.0,,1.0
drug1,GO_BP,GOBP_GLUCOSE_METABOLIC_PROCESS,1,12,50,1500,2.5,0.33524969917904673,Cbr2,1.0
drug1,GO_BP,GOBP_GLUTAMATE_RECEPTOR_SIGNALING_PATHWAY,0,17,50,1500,0.0,1.0,,1.0
drug1,GO_BP,GOBP_GLYCEROLIPID_BIOSYNTHETIC_PROCESS,0,16,50,1500,0.0,1.0,,1.0
drug1,GO_BP,GOBP_GLYCEROLIPID_METABOLIC_PROCESS,1,28,50,1500,1.0714285714285714,0.616356933817995,Apoe,1.0
drug1,GO_BP,GOBP_GLYCEROPHOSPHOLIPID_METABOLIC_PROCESS,0,18,50,1500,0.0,1.0,,1.0
drug1,GO_BP,GOBP_GLYCOPROTEIN_BIOSYNTHETIC_PROCESS,0,15,50,1500,0.0,1.0,,1.0
drug1,GO_BP,GOBP_GLYCOPROTEIN_METABOLIC_PROCESS,0,19,50,1500,0.0,1.0,,1.0
drug1,GO_BP,GOBP_GOLGI_VESICLE_TRANSPORT,0,12,50,1500,0.0,1.0,,1.0
drug1,GO_BP,GOBP_GRANULOCYTE_CHEMOTAXIS,2,30,50,1500,2.0,0.26406742974514547,Bsg|Pf4,1.0
drug1,GO_BP,GOBP_GRANULOCYTE_MIGRATION,2,33,50,1500,1.8181818181818181,0.301829565218506,Bsg|Pf4,1.0
drug1,GO_BP,GOBP_GROWTH,6,144,50,1500,1.25,0.34608765609304076,Apoe|Ccn3|Dab2|Mt1|Mt3|Zeb2,1.0
drug1,GO_BP,GOBP_HEAD_DEVELOPMENT,5,135,50,1500,1.1111111111111112,0.47372741487837067,Fos|Mafb|Tyrobp|Zeb2|mt-Nd4,1.0
drug1,GO_BP,GOBP_HEAD_MORPHOGENESIS,0,10,50,1500,0.0,1.0,,1.0
drug1,GO_BP,GOBP_HEART_DEVELOPMENT,1,104,50,1500,0.28846153846153844,0.974137744578432,Ccn1,1.0
drug1,GO_BP,GOBP_HEART_GROWTH,0,26,50,1500,0.0,1.0,,1.0
drug1,GO_BP,GOBP_HEART_MORPHOGENESIS,1,51,50,1500,0.5882352941176471,0.8277789323376701,Ccn1,1.0
drug1,GO_BP,GOBP_HEART_PROCESS,0,40,50,1500,0.0,1.0,,1.0
drug1,GO_BP,GOBP_HEART_VALVE_DEVELOPMENT,1,13,50,1500,2.3076923076923075,0.3575867388571701,Ccn1,1.0
drug1,GO_BP,GOBP_HEART_VALVE_MORPHOGENESIS,1,13,50,1500,2.3076923076923075,0.3575867388571701,Ccn1,1.0
drug1,GO_BP,GOBP_HEMATOPOIETIC_OR_LYMPHOID_ORGAN_DEVELOPMENT,1,13,50,1500,2.3076923076923075,0.3575867388571701,Mafb,1.0
drug1,GO_BP,GOBP_HEMATOPOIETIC_PROGENITOR_CELL_DIFFERENTIATION,0,24,50,1500,0.0,1.0,,1.0
drug1,GO_BP,GOBP_HEMOPOIESIS,10,134,50,1500,2.2388059701492535,0.010583567049184596,C1qc|Dab2|Fos|Glul|Ifi207|Junb|Lilrb4a|Mafb|Pf4|Tyrobp,0.37387600988967323
drug1,GO_BP,GOBP_HEMOSTASIS,4,28,50,1500,4.285714285714286,0.01239328589341737,Apoe|F13a1|Lilrb4a|Pf4,0.4027817915360645
drug1,GO_BP,GOBP_HEPATICOBILIARY_SYSTEM_DEVELOPMENT,0,28,50,1500,0.0,1.0,,1.0
drug1,GO_BP,GOBP_HEPATOCYTE_GROWTH_FACTOR_RECEPTOR_SIGNALING_PATHWAY,0,21,50,1500,0.0,1.0,,1.0
drug1,GO_BP,GOBP_HETEROPHILIC_CELL_CELL_ADHESION_VIA_PLASMA_MEMBRANE_CELL_ADHESION_MOLECULES,0,10,50,1500,0.0,1.0,,1.0
drug1,GO_BP,GOBP_HETEROTYPIC_CELL_CELL_ADHESION,0,13,50,1500,0.0,1.0,,1.0
drug1,GO_BP,GOBP_HINDBRAIN_DEVELOPMENT,2,29,50,1500,2.0689655172413794,0.25147901761228364,Mafb|mt-Nd4,1.0
drug1,GO_BP,GOBP_HIPPOCAMPUS_DEVELOPMENT,1,25,50,1500,1.2,0.5745095173169409,Zeb2,1.0
drug1,GO_BP,GOBP_HOMEOSTASIS_OF_NUMBER_OF_CELLS,4,57,50,1500,2.1052631578947367,0.11828334137462482,Ccn3|Glul|Lilrb4a|Mafb,0.8769645664236938
drug1,GO_BP,GOBP_HOMEOSTASIS_OF_NUMBER_OF_CELLS_WITHIN_A_TISSUE,0,10,50,1500,0.0,1.0,,1.0
drug1,GO_BP,GOBP_HOMOPHILIC_CELL_ADHESION_VIA_PLASMA_MEMBRANE_ADHESION_MOLECULES,1,21,50,1500,1.4285714285714286,0.5116902720131731,Bsg,1.0
drug1,GO_BP,GOBP_HOMOTYPIC_CELL_CELL_ADHESION,0,11,50,1500,0.0,1.0,,1.0
drug1,GO_BP,GOBP_HORMONE_MEDIATED_SIGNALING_PATHWAY,1,17,50,1500,1.7647058823529411,0.4398083575301246,Dab2,1.0
drug1,GO_BP,GOBP_HORMONE_METABOLIC_PROCESS,1,29,50,1500,1.0344827586206897,0.6293882879681989,Dab2,1.0
drug1,GO_BP,GOBP_HORMONE_TRANSPORT,3,57,50,1500,1.5789473684210527,0.2950418794901038,Ccn3|Dab2|Glul,1.0
drug1,GO_BP,GOBP_HUMORAL_IMMUNE_RESPONSE,4,34,50,1500,3.5294117647058822,0.024233122928500488,C1qc|Fcna|Pf4|Wfdc17,0.4944039286765775
drug1,GO_BP,GOBP_ICOSANOID_METABOLIC_PROCESS,0,12,50,1500,0.0,1.0,,1.0
drug1,GO_BP,GOBP_IMMUNE_EFFECTOR_PROCESS,5,84,50,1500,1.7857142857142858,0.14347864880897263,C1qc|Fcna|Lilrb4a|Pf4|Tyrobp,0.9072093553096519
drug1,GO_BP,GOBP_IMMUNE_RESPONSE_REGULATING_CELL_SURFACE_RECEPTOR_SIGNALING_PATHWAY,3,31,50,1500,2.9032258064516125,0.0814070006336188,Fcna|Lilrb4a|Tyrobp,0.7827596214771039
drug1,GO_BP,GOBP_IMMUNE_RESPONSE_REGULATING_SIGNALING_PATHWAY,4,44,50,1500,2.7272727272727275,0.055605479476909164,Fcna|Ifi207|Lilrb4a|Tyrobp,0.6890809104821537
drug1,GO_BP,GOBP_IMMUNE_SYSTEM_DEVELOPMENT,2,20,50,1500,3.0,0.14144844471358778,Lilrb4a|Mafb,0.901387147684628
drug1,GO_BP,GOBP_IMMUNOGLOBULIN_PRODUCTION,1,10,50,1500,3.0,0.2882684421548648,Lilrb4a,1.0
drug1,GO_BP,GOBP_IMPORT_ACROSS_PLASMA_MEMBRANE,0,42,50,1500,0.0,1.0,,1.0
drug1,GO_BP,GOBP_IMPORT_INTO_CELL,7,126,50,1500,1.6666666666666665,0.11971090422450333,Apoe|Dab2|Lilrb4a|Lyve1|Mrc1|Siglech|Tyrobp,0.8802272369448774
drug1,GO_BP,GOBP_IMPORT_INTO_NUCLEUS,0,17,50,1500,0.0,1.0,,1.0
drug1,GO_BP,GOBP_INFLAMMATORY_RESPONSE,12,137,50,1500,2.6277372262773726,0.0012097152946583646,Apoe|Ccn3|Cd163|Ctss|Cybb|Ifi207|Lilrb4a|Ly86|Pf4|Stab1|Tyrobp|Zeb2,0.1511146857023532
drug1,GO_BP,GOBP_INFLAMMATORY_RESPONSE_TO_ANTIGENIC_STIMULUS,1,14,50,1500,2.142857142857143,0.3791877227557184,Lilrb4a,1.0
drug1,GO_BP,GOBP_INNATE_IMMUNE_RESPONSE_ACTIVATING_CELL_SURFACE_RECEPTOR_SIGNALING_PATHWAY,2,10,50,1500,6.0,0.04131092728840577,Fcna|Tyrobp,0.6047770886816161
drug1,GO_BP,GOBP_INNERVATION,1,10,50,1500,3.0,0.2882684421548648,Col25a1,1.0
drug1,GO_BP,GOBP_INNER_EAR_MORPHOGENESIS,1,14,50,1500,2.142857142857143,0.3791877227557184,Mafb,1.0
drug1,GO_BP,GOBP_INORGANIC_ANION_TRANSMEMBRANE_TRANSPORT,0,15,50,1500,0.0,1.0,,1.0
drug1,GO_BP,GOBP_INORGANIC_ANION_TRANSPORT,0,23,50,1500,0.0,1.0,,1.0
drug1,GO_BP,GOBP_INORGANIC_ION_HOMEOSTASIS,4,75,50,1500,1.6,0.2375254969278539,Apoe|Glul|Mt1|Mt3,1.0
drug1,GO_BP,GOBP_INORGANIC_ION_IMPORT_ACROSS_PLASMA_MEMBRANE,0,17,50,1500,0.0,1.0,,1.0
drug1,GO_BP,GOBP_INSULIN_LIKE_GROWTH_FACTOR_RECEPTOR_SIGNALING_PATHWAY,1,25,50,1500,1.2,0.5745095173169409,Igfbp6,1.0
drug1,GO_BP,GOBP_INSULIN_RECEPTOR_SIGNALING_PATHWAY,1,32,50,1500,0.9375,0.6659340944396241,Ctsd,1.0
drug1,GO_BP,GOBP_INSULIN_SECRETION,2,32,50,1500,1.875,0.2892565406012864,Ccn3|Glul,1.0
drug1,GO_BP,GOBP_INSULIN_SECRETION_INVOLVED_IN_CELLULAR_RESPONSE_TO_GLUCOSE_STIMULUS,0,12,50,1500,0.0,1.0,,1.0
drug1,GO_BP,GOBP_INTEGRIN_MEDIATED_SIGNALING_PATHWAY,2,19,50,1500,3.1578947368421053,0.12996801648711176,Dab2|Tyrobp,0.900104864384599
drug1,GO_BP,GOBP_INTERLEUKIN_1_BETA_PRODUCTION,4,17,50,1500,7.0588235294117645,0.001889242439258249,Ccn1|Ifi207|Lilrb4a|Tyrobp,0.19187618523716593
drug1,GO_BP,GOBP_INTERLEUKIN_1_PRODUCTION,4,19,50,1500,6.315789473684211,0.0029283511960826723,Ccn1|Ifi207|Lilrb4a|Tyrobp,0.21493005304834648
drug1,GO_BP,GOBP_INTERLEUKIN_2_PRODUCTION,1,17,50,1500,1.7647058823529411,0.4398083575301246,Lilrb4a,1.0
drug1,GO_BP,GOBP_INTERLEUKIN_6_PRODUCTION,5,29,50,1500,5.172413793103448,0.002178744335142348,Bsg|Ccn1|Lilrb4a|Tyrobp|Zbtb20,0.19669219692257311
drug1,GO_BP,GOBP_INTERLEUKIN_8_PRODUCTION,1,11,50,1500,2.7272727272727275,0.31215205147852715,Fcna,1.0
drug1,GO_BP,GOBP_INTRACELLULAR_GLUCOSE_HOMEOSTASIS,1,24,50,1500,1.25,0.5595904961849962,Zbtb20,1.0
drug1,GO_BP,GOBP_INTRACELLULAR_MONOATOMIC_ION_HOMEOSTASIS,3,64,50,1500,1.40625,0.3605177956624396,Apoe|Mt1|Mt3,1.0
drug1,GO_BP,GOBP_INTRACELLULAR_PROTEIN_TRANSPORT,0,40,50,1500,0.0,1.0,,1.0
drug1,GO_BP,GOBP_INTRACELLULAR_RECEPTOR_SIGNALING_PATHWAY,2,36,50,1500,1.6666666666666667,0.33931461253673095,Dab2|Ifi207,1.0
drug1,GO_BP,GOBP_INTRACELLULAR_SIGNALING_CASSETTE,10,223,50,1500,1.3452914798206277,0.19764986016233052,Apoe|Ccn1|Ccn3|Dab2|Fos|Igfbp6|Lilrb4a|Mt1|Mt3|Zeb2,1.0
drug1,GO_BP,GOBP_INTRACELLULAR_TRANSPORT,1,75,50,1500,0.4,0.9263656033486491,Dab2,1.0
drug1,GO_BP,GOBP_INTRINSIC_APOPTOTIC_SIGNALING_PATHWAY,1,31,50,1500,0.9677419354838709,0.6541629208821762,Ifi207,1.0
drug1,GO_BP,GOBP_INTRINSIC_APOPTOTIC_SIGNALING_PATHWAY_BY_P53_CLASS_MEDIATOR,1,11,50,1500,2.7272727272727275,0.31215205147852715,Ifi207,1.0
drug1,GO_BP,GOBP_INTRINSIC_APOPTOTIC_SIGNALING_PATHWAY_IN_RESPONSE_TO_DNA_DAMAGE,0,16,50,1500,0.0,1.0,,1.0
drug1,GO_BP,GOBP_IN_UTERO_EMBRYONIC_DEVELOPMENT,5,70,50,1500,2.142857142857143,0.0794742465828963,Ccn1|Dab2|Junb|Mafb|mt-Nd4,0.7827596214771039
drug1,GO_BP,GOBP_IONOTROPIC_GLUTAMATE_RECEPTOR_SIGNALING_PATHWAY,0,14,50,1500,0.0,1.0,,1.0
drug1,GO_BP,GOBP_JNK_CASCADE,1,17,50,1500,1.7647058823529411,0.4398083575301246,Dab2,1.0
drug1,GO_BP,GOBP_KERATINOCYTE_DIFFERENTIATION,1,14,50,1500,2.142857142857143,0.3791877227557184,Mafb,1.0
drug1,GO_BP,GOBP_KETONE_METABOLIC_PROCESS,1,22,50,1500,1.3636363636363638,0.5281983764075895,Dab2,1.0
drug1,GO_BP,GOBP_KIDNEY_EPITHELIUM_DEVELOPMENT,0,27,50,1500,0.0,1.0,,1.0
drug1,GO_BP,GOBP_KIDNEY_MORPHOGENESIS,0,16,50,1500,0.0,1.0,,1.0
drug1,GO_BP,GOBP_LABYRINTHINE_LAYER_DEVELOPMENT,2,10,50,1500,6.0,0.04131092728840577,Ccn1|Junb,0.6047770886816161
drug1,GO_BP,GOBP_LACTATION,1,11,50,1500,2.7272727272727275,0.31215205147852715,mt-Co2,1.0
drug1,GO_BP,GOBP_LEARNING,1,40,50,1500,0.75,0.7469883874978639,Fos,1.0
drug1,GO_BP,GOBP_LENS_DEVELOPMENT_IN_CAMERA_TYPE_EYE,1,15,50,1500,2.0,0.4000764265660914,Zeb2,1.0
drug1,GO_BP,GOBP_LEUKOCYTE_ACTIVATION_INVOLVED_IN_INFLAMMATORY_RESPONSE,1,11,50,1500,2.7272727272727275,0.31215205147852715,Tyrobp,1.0
drug1,GO_BP,GOBP_LEUKOCYTE_ADHESION_TO_VASCULAR_ENDOTHELIAL_CELL,0,12,50,1500,0.0,1.0,,1.0
drug1,GO_BP,GOBP_LEUKOCYTE_APOPTOTIC_PROCESS,0,20,50,1500,0.0,1.0,,1.0
drug1,GO_BP,GOBP_LEUKOCYTE_CELL_CELL_ADHESION,2,60,50,1500,1.0,0.6040144176935394,Lilrb4a|Pf4,1.0
drug1,GO_BP,GOBP_LEUKOCYTE_CHEMOTAXIS,3,45,50,1500,2.0,0.18688241970806788,Bsg|Ccn3|Pf4,1.0
drug1,GO_BP,GOBP_LEUKOCYTE_DEGRANULATION,0,12,50,1500,0.0,1.0,,1.0
drug1,GO_BP,GOBP_LEUKOCYTE_DIFFERENTIATION,8,84,50,1500,2.857142857142857,0.0053758193463669035,C1qc|Fos|Ifi207|Junb|Lilrb4a|Mafb|Pf4|Tyrobp,0.25693254228959467
drug1,GO_BP,GOBP_LEUKOCYTE_HOMEOSTASIS,1,20,50,1500,1.5,0.49461650530034706,Lilrb4a,1.0
drug1,GO_BP,GOBP_LEUKOCYTE_MEDIATED_CYTOTOXICITY,1,11,50,1500,2.7272727272727275,0.31215205147852715,Tyrobp,1.0
drug1,GO_BP,GOBP_LEUKOCYTE_MEDIATED_IMMUNITY,3,47,50,1500,1.9148936170212767,0.20417344932098214,C1qc|Lilrb4a|Tyrobp,1.0
drug1,GO_BP,GOBP_LEUKOCYTE_MIGRATION,4,65,50,1500,1.8461538461538463,0.16752770205961204,Bsg|Ccn3|Lyve1|Pf4,0.9653635313718779
drug1,GO_BP,GOBP_LEUKOCYTE_PROLIFERATION,3,58,50,1500,1.5517241379310345,0.304369224763557,Junb|Lilrb4a|Tyrobp,1.0
drug1,GO_BP,GOBP_LIGAND_GATED_ION_CHANNEL_SIGNALING_PATHWAY,0,15,50,1500,0.0,1.0,,1.0
drug1,GO_BP,GOBP_LIMBIC_SYSTEM_DEVELOPMENT,1,33,50,1500,0.9090909090909091,0.6773123609777841,Zeb2,1.0
drug1,GO_BP,GOBP_LIPID_BIOSYNTHETIC_PROCESS,4,54,50,1500,2.2222222222222223,0.10176389420560962,Apoe|Ccn1|Dab2|Zbtb20,0.8437057555312022
drug1,GO_BP,GOBP_LIPID_CATABOLIC_PROCESS,1,28,50,1500,1.0714285714285714,0.616356933817995,Apoe,1.0
drug1,GO_BP,GOBP_LIPID_EXPORT_FROM_CELL,1,12,50,1500,2.5,0.33524969917904673,Dab2,1.0
drug1,GO_BP,GOBP_LIPID_HOMEOSTASIS,2,15,50,1500,4.0,0.08674586941049843,Apoe|Zbtb20,0.7988346799125815
drug1,GO_BP,GOBP_LIPID_LOCALIZATION,2,55,50,1500,1.090909090909091,0.5556112094093976,Apoe|Dab2,1.0
drug1,GO_BP,GOBP_LIPID_METABOLIC_PROCESS,5,107,50,1500,1.4018691588785046,0.282280215719383,Apoe|Ccn1|Dab2|Ttr|Zbtb20,1.0
drug1,GO_BP,GOBP_LIPID_MODIFICATION,0,21,50,1500,0.0,1.0,,1.0
drug1,GO_BP,GOBP_LIPID_OXIDATION,0,14,50,1500,0.0,1.0,,1.0
drug1,GO_BP,GOBP_LOCALIZATION_WITHIN_MEMBRANE,4,64,50,1500,1.875,0.16099743971308023,Apoe|Bsg|Dab2|Folr2,0.9548205822399831
drug1,GO_BP,GOBP_LOCOMOTION,9,221,50,1500,1.2217194570135748,0.31041388747435383,Apoe|Bsg|Ccn1|Ccn3|Dab2|Glul|Lyve1|Pf4|Zeb2,1.0
drug1,GO_BP,GOBP_LOCOMOTORY_BEHAVIOR,2,47,50,1500,1.2765957446808511,0.4702033260751992,Apoe|Zfhx3,1.0
drug1,GO_BP,GOBP_LONG_CHAIN_FATTY_ACID_METABOLIC_PROCESS,0,11,50,1500,0.0,1.0,,1.0
drug1,GO_BP,GOBP_LONG_CHAIN_FATTY_ACID_TRANSPORT,1,12,50,1500,2.5,0.33524969917904673,Apoe,1.0
drug1,GO_BP,GOBP_LONG_TERM_MEMORY,1,13,50,1500,2.3076923076923075,0.3575867388571701,Apoe,1.0
drug1,GO_BP,GOBP_LONG_TERM_SYNAPTIC_POTENTIATION,2,23,50,1500,2.608695652173913,0.17706049687331893,Apoe|Tyrobp,0.9760661983726833
drug1,GO_BP,GOBP_LUNG_ALVEOLUS_DEVELOPMENT,0,11,50,1500,0.0,1.0,,1.0
drug1,GO_BP,GOBP_LUNG_EPITHELIUM_DEVELOPMENT,0,10,50,1500,0.0,1.0,,1.0
drug1,GO_BP,GOBP_LYMPHOCYTE_ACTIVATION,4,92,50,1500,1.3043478260869565,0.3681094303731707,Lilrb4a|Mafb|Pf4|Tyrobp,1.0
drug1,GO_BP,GOBP_LYMPHOCYTE_ACTIVATION_INVOLVED_IN_IMMUNE_RESPONSE,3,28,50,1500,3.2142857142857144,0.06357900563394787,Lilrb4a|Pf4|Tyrobp,0.7136739200227588
drug1,GO_BP,GOBP_LYMPHOCYTE_APOPTOTIC_PROCESS,0,12,50,1500,0.0,1.0,,1.0
drug1,GO_BP,GOBP_LYMPHOCYTE_DIFFERENTIATION,3,51,50,1500,1.7647058823529411,0.23980914780251136,Lilrb4a|Mafb|Pf4,1.0
drug1,GO_BP,GOBP_LYMPHOCYTE_MEDIATED_IMMUNITY,2,32,50,1500,1.875,0.2892565406012864,C1qc|Lilrb4a,1.0
drug1,GO_BP,GOBP_LYMPHOCYTE_MIGRATION,0,11,50,1500,0.0,1.0,,1.0
drug1,GO_BP,GOBP_LYMPH_VESSEL_DEVELOPMENT,0,10,50,1500,0.0,1.0,,1.0
drug1,GO_BP,GOBP_L_ALPHA_AMINO_ACID_TRANSMEMBRANE_TRANSPORT,0,20,50,1500,0.0,1.0,,1.0
drug1,GO_BP,GOBP_L_AMINO_ACID_METABOLIC_PROCESS,1,14,50,1500,2.142857142857143,0.3791877227557184,Glul,1.0
drug1,GO_BP,GOBP_L_AMINO_ACID_TRANSPORT,0,21,50,1500,0.0,1.0,,1.0
drug1,GO_BP,GOBP_L_GLUTAMATE_IMPORT,0,11,50,1500,0.0,1.0,,1.0
drug1,GO_BP,GOBP_MACROAUTOPHAGY,1,15,50,1500,2.0,0.4000764265660914,Ctsd,1.0
drug1,GO_BP,GOBP_MACROMOLECULE_CATABOLIC_PROCESS,5,76,50,1500,1.973684210526316,0.10456992143363271,Apoe|Ctsd|Ctss|Dab2|Lyve1,0.8489522996688019
drug1,GO_BP,GOBP_MACROPHAGE_ACTIVATION,1,22,50,1500,1.3636363636363638,0.5281983764075895,Tyrobp,1.0
drug1,GO_BP,GOBP_MACROPHAGE_CHEMOTAXIS,0,13,50,1500,0.0,1.0,,1.0
drug1,GO_BP,GOBP_MACROPHAGE_DIFFERENTIATION,1,15,50,1500,2.0,0.4000764265660914,C1qc,1.0
drug1,GO_BP,GOBP_MACROPHAGE_MIGRATION,0,16,50,1500,0.0,1.0,,1.0
drug1,GO_BP,GOBP_MAINTENANCE_OF_CELL_NUMBER,0,22,50,1500,0.0,1.0,,1.0
drug1,GO_BP,GOBP_MAINTENANCE_OF_LOCATION,1,27,50,1500,1.1111111111111112,0.60287685419108,Apoe,1.0
drug1,GO_BP,GOBP_MALE_GAMETE_GENERATION,1,53,50,1500,0.5660377358490566,0.8394633427053331,Bsg,1.0
drug1,GO_BP,GOBP_MALE_SEX_DIFFERENTIATION,0,20,50,1500,0.0,1.0,,1.0
drug1,GO_BP,GOBP_MAMMARY_GLAND_DEVELOPMENT,1,26,50,1500,1.1538461538461537,0.5889329235095868,mt-Co2,1.0
drug1,GO_BP,GOBP_MAMMARY_GLAND_EPITHELIUM_DEVELOPMENT,0,13,50,1500,0.0,1.0,,1.0
drug1,GO_BP,GOBP_MAPK_CASCADE,7,118,50,1500,1.7796610169491527,0.09166064789555937,Apoe|Ccn1|Dab2|Igfbp6|Lilrb4a|Mt3|Zeb2,0.8174231842944931
drug1,GO_BP,GOBP_MAST_CELL_ACTIVATION,1,12,50,1500,2.5,0.33524969917904673,Lilrb4a,1.0
drug1,GO_BP,GOBP_MATERNAL_PROCESS_INVOLVED_IN_FEMALE_PREGNANCY,2,11,50,1500,5.454545454545455,0.04943234891824236,Bsg|Junb,0.6638641900177176
drug1,GO_BP,GOBP_MEIOSIS_I_CELL_CYCLE_PROCESS,0,13,50,1500,0.0,1.0,,1.0
drug1,GO_BP,GOBP_MEIOTIC_CELL_CYCLE,0,27,50,1500,0.0,1.0,,1.0
drug1,GO_BP,GOBP_MEIOTIC_CELL_CYCLE_PROCESS,0,21,50,1500,0.0,1.0,,1.0
drug1,GO_BP,GOBP_MEIOTIC_CHROMOSOME_SEGREGATION,0,10,50,1500,0.0,1.0,,1.0
drug1,GO_BP,GOBP_MEMBRANELESS_ORGANELLE_ASSEMBLY,1,42,50,1500,0.7142857142857143,0.764026946378234,Myl9,1.0
drug1,GO_BP,GOBP_MEMBRANE_BIOGENESIS,1,11,50,1500,2.7272727272727275,0.31215205147852715,Mafb,1.0
drug1,GO_BP,GOBP_MEMBRANE_DEPOLARIZATION,0,17,50,1500,0.0,1.0,,1.0
drug1,GO_BP,GOBP_MEMBRANE_DOCKING,0,12,50,1500,0.0,1.0,,1.0
drug1,GO_BP,GOBP_MEMBRANE_FUSION,1,20,50,1500,1.5,0.49461650530034706,Folr2,1.0
drug1,GO_BP,GOBP_MEMBRANE_INVAGINATION,0,11,50,1500,0.0,1.0,,1.0
drug1,GO_BP,GOBP_MEMBRANE_LIPID_METABOLIC_PROCESS,1,11,50,1500,2.7272727272727275,0.31215205147852715,Ccn1,1.0
drug1,GO_BP,GOBP_MEMBRANE_ORGANIZATION,3,85,50,1500,1.0588235294117647,0.5474083929992667,Apoe|Folr2|Mafb,1.0
drug1,GO_BP,GOBP_MEMORY,2,36,50,1500,1.6666666666666667,0.33931461253673095,Apoe|Fos,1.0
drug1,GO_BP,GOBP_MESENCHYMAL_CELL_DIFFERENTIATION,2,54,50,1500,1.1111111111111112,0.5454604803481333,Dab2|Zeb2,1.0
drug1,GO_BP,GOBP_MESENCHYMAL_CELL_MIGRATION,1,18,50,1500,1.6666666666666667,0.45869546617711976,Zeb2,1.0
drug1,GO_BP,GOBP_MESENCHYME_DEVELOPMENT,2,60,50,1500,1.0,0.6040144176935394,Dab2|Zeb2,1.0
drug1,GO_BP,GOBP_MESENCHYME_MORPHOGENESIS,0,15,50,1500,0.0,1.0,,1.0
drug1,GO_BP,GOBP_MESODERM_DEVELOPMENT,0,13,50,1500,0.0,1.0,,1.0
drug1,GO_BP,GOBP_MESONEPHROS_DEVELOPMENT,0,16,50,1500,0.0,1.0,,1.0
drug1,GO_BP,GOBP_METANEPHROS_DEVELOPMENT,0,18,50,1500,0.0,1.0,,1.0
drug1,GO_BP,GOBP_METAPHASE_CHROMOSOME_ALIGNMENT,0,10,50,1500,0.0,1.0,,1.0
drug1,GO_BP,GOBP_METENCEPHALON_DEVELOPMENT,1,19,50,1500,1.5789473684210527,0.4769581022710094,mt-Nd4,1.0
drug1,GO_BP,GOBP_MICROTUBULE_BASED_MOVEMENT,0,50,50,1500,0.0,1.0,,1.0
drug1,GO_BP,GOBP_MICROTUBULE_BASED_PROCESS,0,95,50,1500,0.0,1.0,,1.0
drug1,GO_BP,GOBP_MICROTUBULE_BASED_TRANSPORT,0,23,50,1500,0.0,1.0,,1.0
drug1,GO_BP,GOBP_MICROTUBULE_BUNDLE_FORMATION,0,24,50,1500,0.0,1.0,,1.0
drug1,GO_BP,GOBP_MICROTUBULE_CYTOSKELETON_ORGANIZATION,0,67,50,1500,0.0,1.0,,1.0
drug1,GO_BP,GOBP_MICROTUBULE_CYTOSKELETON_ORGANIZATION_INVOLVED_IN_MITOSIS,0,15,50,1500,0.0,1.0,,1.0
drug1,GO_BP,GOBP_MICROTUBULE_POLYMERIZATION,0,11,50,1500,0.0,1.0,,1.0
drug1,GO_BP,GOBP_MICROTUBULE_POLYMERIZATION_OR_DEPOLYMERIZATION,0,14,50,1500,0.0,1.0,,1.0
drug1,GO_BP,GOBP_MIRNA_METABOLIC_PROCESS,2,16,50,1500,3.75,0.0970847228115921,Fos|Lilrb4a,0.8174231842944931
drug1,GO_BP,GOBP_MIRNA_TRANSCRIPTION,2,16,50,1500,3.75,0.0970847228115921,Fos|Lilrb4a,0.8174231842944931
drug1,GO_BP,GOBP_MITOCHONDRIAL_TRANSPORT,0,11,50,1500,0.0,1.0,,1.0
drug1,GO_BP,GOBP_MITOCHONDRION_ORGANIZATION,1,36,50,1500,0.8333333333333334,0.7092162291569126,mt-Nd4,1.0
drug1,GO_BP,GOBP_MITOTIC_CELL_CYCLE,0,85,50,1500,0.0,1.0,,1.0
drug1,GO_BP,GOBP_MITOTIC_CELL_CYCLE_CHECKPOINT_SIGNALING,0,11,50,1500,0.0,1.0,,1.0
drug1,GO_BP,GOBP_MITOTIC_CELL_CYCLE_PHASE_TRANSITION,0,45,50,1500,0.0,1.0,,1.0
drug1,GO_BP,GOBP_MITOTIC_CYTOKINESIS,0,11,50,1500,0.0,1.0,,1.0
drug1,GO_BP,GOBP_MITOTIC_NUCLEAR_DIVISION,0,31,50,1500,0.0,1.0,,1.0
drug1,GO_BP,GOBP_MITOTIC_SISTER_CHROMATID_SEGREGATION,0,17,50,1500,0.0,1.0,,1.0
drug1,GO_BP,GOBP_MITOTIC_SPINDLE_ORGANIZATION,0,12,50,1500,0.0,1.0,,1.0
drug1,GO_BP,GOBP_MODIFICATION_DEPENDENT_MACROMOLECULE_CATABOLIC_PROCESS,1,26,50,1500,1.1538461538461537,0.5889329235095868,Dab2,1.0
drug1,GO_BP,GOBP_MODIFIED_AMINO_ACID_METABOLIC_PROCESS,0,14,50,1500,0.0,1.0,,1.0
drug1,GO_BP,GOBP_MODIFIED_AMINO_ACID_TRANSPORT,1,10,50,1500,3.0,0.2882684421548648,Folr2,1.0
drug1,GO_BP,GOBP_MODULATION_OF_EXCITATORY_POSTSYNAPTIC_POTENTIAL,0,15,50,1500,0.0,1.0,,1.0
drug1,GO_BP,GOBP_MODULATION_OF_PROCESS_OF_ANOTHER_ORGANISM,1,11,50,1500,2.7272727272727275,0.31215205147852715,Apoe,1.0
drug1,GO_BP,GOBP_MOLTING_CYCLE,0,16,50,1500,0.0,1.0,,1.0
drug1,GO_BP,GOBP_MOLTING_CYCLE_PROCESS,0,16,50,1500,0.0,1.0,,1.0
drug1,GO_BP,GOBP_MONOAMINE_TRANSPORT,0,16,50,1500,0.0,1.0,,1.0
drug1,GO_BP,GOBP_MONOATOMIC_ANION_TRANSMEMBRANE_TRANSPORT,0,17,50,1500,0.0,1.0,,1.0
drug1,GO_BP,GOBP_MONOATOMIC_ANION_TRANSPORT,0,20,50,1500,0.0,1.0,,1.0
drug1,GO_BP,GOBP_MONOATOMIC_CATION_TRANSMEMBRANE_TRANSPORT,4,99,50,1500,1.2121212121212122,0.42278186541479845,Ctss|mt-Co2|mt-Co3|mt-Nd4,1.0
drug1,GO_BP,GOBP_MONOATOMIC_CATION_TRANSPORT,5,126,50,1500,1.1904761904761905,0.41218519550425714,Ctss|Mt3|mt-Co2|mt-Co3|mt-Nd4,1.0
drug1,GO_BP,GOBP_MONOATOMIC_ION_HOMEOSTASIS,3,76,50,1500,1.1842105263157896,0.47037536398765967,Apoe|Mt1|Mt3,1.0
drug1,GO_BP,GOBP_MONOATOMIC_ION_TRANSMEMBRANE_TRANSPORT,5,120,50,1500,1.25,0.3707550262495498,Ctss|Cybb|mt-Co2|mt-Co3|mt-Nd4,1.0
drug1,GO_BP,GOBP_MONOATOMIC_ION_TRANSPORT,6,154,50,1500,1.1688311688311688,0.40863744080164227,Ctss|Cybb|Mt3|mt-Co2|mt-Co3|mt-Nd4,1.0
drug1,GO_BP,GOBP_MONOCARBOXYLIC_ACID_BIOSYNTHETIC_PROCESS,0,23,50,1500,0.0,1.0,,1.0
drug1,GO_BP,GOBP_MONOCARBOXYLIC_ACID_METABOLIC_PROCESS,1,58,50,1500,0.5172413793103449,0.8653811294462346,Zbtb20,1.0
drug1,GO_BP,GOBP_MONOCARBOXYLIC_ACID_TRANSPORT,1,30,50,1500,1.0,0.6419855589414076,Apoe,1.0
drug1,GO_BP,GOBP_MONOCYTE_CHEMOTAXIS,1,13,50,1500,2.3076923076923075,0.3575867388571701,Ccn3,1.0
drug1,GO_BP,GOBP_MONONUCLEAR_CELL_DIFFERENTIATION,6,69,50,1500,2.608695652173913,0.024339885719462277,C1qc|Fos|Ifi207|Lilrb4a|Mafb|Pf4,0.4944039286765775
drug1,GO_BP,GOBP_MONONUCLEAR_CELL_MIGRATION,1,33,50,1500,0.9090909090909091,0.6773123609777841,Ccn3,1.0
drug1,GO_BP,GOBP_MONOSACCHARIDE_METABOLIC_PROCESS,1,15,50,1500,2.0,0.4000764265660914,Cbr2,1.0
drug1,GO_BP,GOBP_MONOSACCHARIDE_TRANSMEMBRANE_TRANSPORT,0,10,50,1500,0.0,1.0,,1.0
drug1,GO_BP,GOBP_MORPHOGENESIS_OF_AN_EPITHELIUM,5,83,50,1500,1.8072289156626506,0.13829574339246678,Bsg|Ccn1|Ctsd|Mgp|Zeb2,0.901387147684628
drug1,GO_BP,GOBP_MORPHOGENESIS_OF_A_BRANCHING_STRUCTURE,2,42,50,1500,1.4285714285714286,0.4123282859057648,Ctsd|Mgp,1.0
drug1,GO_BP,GOBP_MORPHOGENESIS_OF_EMBRYONIC_EPITHELIUM,1,18,50,1500,1.6666666666666667,0.45869546617711976,Zeb2,1.0
drug1,GO_BP,GOBP_MOTILE_CILIUM_ASSEMBLY,0,13,50,1500,0.0,1.0,,1.0
drug1,GO_BP,GOBP_MRNA_METABOLIC_PROCESS,0,21,50,1500,0.0,1.0,,1.0
drug1,GO_BP,GOBP_MRNA_PROCESSING,0,10,50,1500,0.0,1.0,,1.0
drug1,GO_BP,GOBP_MULTICELLULAR_ORGANISMAL_LEVEL_CHEMICAL_HOMEOSTASIS,0,12,50,1500,0.0,1.0,,1.0
drug1,GO_BP,GOBP_MULTICELLULAR_ORGANISMAL_LEVEL_HOMEOSTASIS,8,126,50,1500,1.9047619047619047,0.05248616688326695,Apoe|Bsg|Ccn3|Ctss|Glul|Lilrb4a|Mafb|Zeb2,0.6878227514944257
drug1,GO_BP,GOBP_MULTICELLULAR_ORGANISMAL_MOVEMENT,0,10,50,1500,0.0,1.0,,1.0
drug1,GO_BP,GOBP_MULTICELLULAR_ORGANISMAL_REPRODUCTIVE_PROCESS,3,104,50,1500,0.8653846153846153,0.6873956086879696,Bsg|Folr2|Junb,1.0
drug1,GO_BP,GOBP_MULTICELLULAR_ORGANISMAL_RESPONSE_TO_STRESS,1,26,50,1500,1.1538461538461537,0.5889329235095868,Apoe,1.0
drug1,GO_BP,GOBP_MULTICELLULAR_ORGANISM_GROWTH,0,25,50,1500,0.0,1.0,,1.0
drug1,GO_BP,GOBP_MULTI_MULTICELLULAR_ORGANISM_PROCESS,3,31,50,1500,2.9032258064516125,0.0814070006336188,Bsg|Fos|Junb,0.7827596214771039
drug1,GO_BP,GOBP_MUSCLE_ADAPTATION,0,20,50,1500,0.0,1.0,,1.0
drug1,GO_BP,GOBP_MUSCLE_CELL_APOPTOTIC_PROCESS,0,17,50,1500,0.0,1.0,,1.0
drug1,GO_BP,GOBP_MUSCLE_CELL_DEVELOPMENT,1,43,50,1500,0.6976744186046512,0.7721193007548377,Myl9,1.0
drug1,GO_BP,GOBP_MUSCLE_CELL_DIFFERENTIATION,2,70,50,1500,0.8571428571428571,0.6889781575592814,Ccn3|Myl9,1.0
drug1,GO_BP,GOBP_MUSCLE_CELL_MIGRATION,1,35,50,1500,0.8571428571428571,0.6989411842507965,Ccn3,1.0
drug1,GO_BP,GOBP_MUSCLE_CELL_PROLIFERATION,3,57,50,1500,1.5789473684210527,0.2950418794901038,Apoe|Ccn3|Fos,1.0
drug1,GO_BP,GOBP_MUSCLE_CONTRACTION,0,54,50,1500,0.0,1.0,,1.0
drug1,GO_BP,GOBP_MUSCLE_HYPERTROPHY,0,21,50,1500,0.0,1.0,,1.0
drug1,GO_BP,GOBP_MUSCLE_ORGAN_DEVELOPMENT,2,54,50,1500,1.1111111111111112,0.5454604803481333,Fos|Zfhx3,1.0
drug1,GO_BP,GOBP_MUSCLE_ORGAN_MORPHOGENESIS,0,16,50,1500,0.0,1.0,,1.0
drug1,GO_BP,GOBP_MUSCLE_STRUCTURE_DEVELOPMENT,4,116,50,1500,1.0344827586206897,0.5499264631360978,Ccn3|Fos|Myl9|Zfhx3,1.0
drug1,GO_BP,GOBP_MUSCLE_SYSTEM_PROCESS,0,70,50,1500,0.0,1.0,,1.0
drug1,GO_BP,GOBP_MUSCLE_TISSUE_DEVELOPMENT,1,85,50,1500,0.3529411764705882,0.9485413852255877,Fos,1.0
drug1,GO_BP,GOBP_MYELOID_CELL_ACTIVATION_INVOLVED_IN_IMMUNE_RESPONSE,2,19,50,1500,3.1578947368421053,0.12996801648711176,Lilrb4a|Tyrobp,0.900104864384599
drug1,GO_BP,GOBP_MYELOID_CELL_DEVELOPMENT,1,17,50,1500,1.7647058823529411,0.4398083575301246,Tyrobp,1.0
drug1,GO_BP,GOBP_MYELOID_CELL_DIFFERENTIATION,10,66,50,1500,4.545454545454545,3.470282407331791e-05,C1qc|Dab2|Fos|Glul|Ifi207|Junb|Lilrb4a|Mafb|Pf4|Tyrobp,0.05333802893487975
drug1,GO_BP,GOBP_MYELOID_CELL_HOMEOSTASIS,3,35,50,1500,2.571428571428571,0.10814346217319507,Glul|Lilrb4a|Mafb,0.8489522996688019
drug1,GO_BP,GOBP_MYELOID_LEUKOCYTE_ACTIVATION,2,46,50,1500,1.3043478260869565,0.4588829057877858,Lilrb4a|Tyrobp,1.0
drug1,GO_BP,GOBP_MYELOID_LEUKOCYTE_CYTOKINE_PRODUCTION,0,12,50,1500,0.0,1.0,,1.0
drug1,GO_BP,GOBP_MYELOID_LEUKOCYTE_DIFFERENTIATION,7,43,50,1500,4.883720930232558,0.0003831932794171149,C1qc|Fos|Ifi207|Junb|Lilrb4a|Mafb|Tyrobp,0.08895558272183025
drug1,GO_BP,GOBP_MYELOID_LEUKOCYTE_MEDIATED_IMMUNITY,1,17,50,1500,1.7647058823529411,0.4398083575301246,Tyrobp,1.0
drug1,GO_BP,GOBP_MYELOID_LEUKOCYTE_MIGRATION,3,47,50,1500,1.9148936170212767,0.20417344932098214,Bsg|Ccn3|Pf4,1.0
drug1,GO_BP,GOBP_MYOBLAST_DIFFERENTIATION,1,16,50,1500,1.875,0.4202758734830577,Zfhx3,1.0
drug1,GO_BP,GOBP_MYOFIBRIL_ASSEMBLY,1,19,50,1500,1.5789473684210527,0.4769581022710094,Myl9,1.0
drug1,GO_BP,GOBP_MYOTUBE_DIFFERENTIATION,1,14,50,1500,2.142857142857143,0.3791877227557184,Ccn3,1.0
drug1,GO_BP,GOBP_NATURAL_KILLER_CELL_ACTIVATION,2,10,50,1500,6.0,0.04131092728840577,Lilrb4a|Tyrobp,0.6047770886816161
drug1,GO_BP,GOBP_NEGATIVE_REGULATION_OF_ADAPTIVE_IMMUNE_RESPONSE,2,10,50,1500,6.0,0.04131092728840577,Lilrb4a|Pf4,0.6047770886816161
drug1,GO_BP,GOBP_NEGATIVE_REGULATION_OF_APOPTOTIC_SIGNALING_PATHWAY,1,29,50,1500,1.0344827586206897,0.6293882879681989,Dab2,1.0
drug1,GO_BP,GOBP_NEGATIVE_REGULATION_OF_AXONOGENESIS,1,10,50,1500,3.0,0.2882684421548648,Mt3,1.0
drug1,GO_BP,GOBP_NEGATIVE_REGULATION_OF_BINDING,2,18,50,1500,3.3333333333333335,0.11872751053120777,Dab2|Ifi207,0.8769645664236938
drug1,GO_BP,GOBP_NEGATIVE_REGULATION_OF_BLOOD_PRESSURE,0,13,50,1500,0.0,1.0,,1.0
drug1,GO_BP,GOBP_NEGATIVE_REGULATION_OF_CANONICAL_WNT_SIGNALING_PATHWAY,2,14,50,1500,4.285714285714286,0.07677394817604072,Apoe|Dab2,0.7748923340749452
drug1,GO_BP,GOBP_NEGATIVE_REGULATION_OF_CATABOLIC_PROCESS,1,27,50,1500,1.1111111111111112,0.60287685419108,Mt3,1.0
drug1,GO_BP,GOBP_NEGATIVE_REGULATION_OF_CATALYTIC_ACTIVITY,3,38,50,1500,2.368421052631579,0.1301690111571574,Apoe|Lilrb4a|Mt3,0.900104864384599
drug1,GO_BP,GOBP_NEGATIVE_REGULATION_OF_CELLULAR_COMPONENT_ORGANIZATION,4,92,50,1500,1.3043478260869565,0.3681094303731707,Apoe|Dab2|Ifi207|Mt3,1.0
drug1,GO_BP,GOBP_NEGATIVE_REGULATION_OF_CELLULAR_RESPONSE_TO_GROWTH_FACTOR_STIMULUS,0,16,50,1500,0.0,1.0,,1.0
drug1,GO_BP,GOBP_NEGATIVE_REGULATION_OF_CELL_ACTIVATION,4,42,50,1500,2.857142857142857,0.048128078107932834,Apoe|Lilrb4a|Pf4|Tyrobp,0.6638641900177176
drug1,GO_BP,GOBP_NEGATIVE_REGULATION_OF_CELL_ADHESION,2,55,50,1500,1.090909090909091,0.5556112094093976,Lilrb4a|Pf4,1.0
drug1,GO_BP,GOBP_NEGATIVE_REGULATION_OF_CELL_CELL_ADHESION,2,34,50,1500,1.7647058823529411,0.3143712536930831,Lilrb4a|Pf4,1.0
drug1,GO_BP,GOBP_NEGATIVE_REGULATION_OF_CELL_COMMUNICATION,5,177,50,1500,0.847457627118644,0.7222154034567414,Apoe|Ccn3|Dab2|Ifi207|Lilrb4a,1.0
drug1,GO_BP,GOBP_NEGATIVE_REGULATION_OF_CELL_CYCLE,0,32,50,1500,0.0,1.0,,1.0
drug1,GO_BP,GOBP_NEGATIVE_REGULATION_OF_CELL_CYCLE_PROCESS,0,22,50,1500,0.0,1.0,,1.0
drug1,GO_BP,GOBP_NEGATIVE_REGULATION_OF_CELL_DEVELOPMENT,5,56,50,1500,2.6785714285714284,0.03554559475392663,C1qc|Lilrb4a|Mafb|Mt3|Pf4,0.6016832445326122
drug1,GO_BP,GOBP_NEGATIVE_REGULATION_OF_CELL_DIFFERENTIATION,7,115,50,1500,1.826086956521739,0.0822350194810879,C1qc|Ccn3|Lilrb4a|Mafb|Mt3|Pf4|Zfhx3,0.7860700391574579
drug1,GO_BP,GOBP_NEGATIVE_REGULATION_OF_CELL_GROWTH,3,25,50,1500,3.5999999999999996,0.04784820721062824,Ccn3|Dab2|Mt3,0.6638641900177176
drug1,GO_BP,GOBP_NEGATIVE_REGULATION_OF_CELL_MATRIX_ADHESION,0,10,50,1500,0.0,1.0,,1.0
drug1,GO_BP,GOBP_NEGATIVE_REGULATION_OF_CELL_POPULATION_PROLIFERATION,5,106,50,1500,1.4150943396226416,0.27565341353103295,Apoe|Ccn3|Dab2|Lilrb4a|Tyrobp,1.0
drug1,GO_BP,GOBP_NEGATIVE_REGULATION_OF_CELL_PROJECTION_ORGANIZATION,3,41,50,1500,2.1951219512195124,0.15365659133764528,Apoe|Dab2|Mt3,0.9206414566339818
drug1,GO_BP,GOBP_NEGATIVE_REGULATION_OF_CELL_SUBSTRATE_ADHESION,0,14,50,1500,0.0,1.0,,1.0
drug1,GO_BP,GOBP_NEGATIVE_REGULATION_OF_COAGULATION,1,10,50,1500,3.0,0.2882684421548648,Apoe,1.0
drug1,GO_BP,GOBP_NEGATIVE_REGULATION_OF_CYTOKINE_PRODUCTION,2,43,50,1500,1.3953488372093024,0.424148062560875,Lilrb4a|Tyrobp,1.0
drug1,GO_BP,GOBP_NEGATIVE_REGULATION_OF_CYTOSKELETON_ORGANIZATION,0,21,50,1500,0.0,1.0,,1.0
drug1,GO_BP,GOBP_NEGATIVE_REGULATION_OF_DEFENSE_RESPONSE,4,40,50,1500,3.0,0.04125384488813946,Apoe|Ccn3|Ifi207|Pf4,0.6047770886816161
drug1,GO_BP,GOBP_NEGATIVE_REGULATION_OF_DEVELOPMENTAL_GROWTH,1,18,50,1500,1.6666666666666667,0.45869546617711976,Mt3,1.0
drug1,GO_BP,GOBP_NEGATIVE_REGULATION_OF_DEVELOPMENTAL_PROCESS,9,157,50,1500,1.7197452229299364,0.06961811478933919,Apoe|C1qc|Ccn3|Lilrb4a|Mafb|Mt3|Pf4|Stab1|Zfhx3,0.7442726087676064
drug1,GO_BP,GOBP_NEGATIVE_REGULATION_OF_DNA_BINDING,1,10,50,1500,3.0,0.2882684421548648,Ifi207,1.0
drug1,GO_BP,GOBP_NEGATIVE_REGULATION_OF_DNA_BINDING_TRANSCRIPTION_FACTOR_ACTIVITY,0,21,50,1500,0.0,1.0,,1.0
drug1,GO_BP,GOBP_NEGATIVE_REGULATION_OF_ENDOTHELIAL_CELL_APOPTOTIC_PROCESS,0,12,50,1500,0.0,1.0,,1.0
drug1,GO_BP,GOBP_NEGATIVE_REGULATION_OF_ENDOTHELIAL_CELL_MIGRATION,1,10,50,1500,3.0,0.2882684421548648,Apoe,1.0
drug1,GO_BP,GOBP_NEGATIVE_REGULATION_OF_ENDOTHELIAL_CELL_PROLIFERATION,1,12,50,1500,2.5,0.33524969917904673,Apoe,1.0
drug1,GO_BP,GOBP_NEGATIVE_REGULATION_OF_EPITHELIAL_CELL_DIFFERENTIATION,0,20,50,1500,0.0,1.0,,1.0
drug1,GO_BP,GOBP_NEGATIVE_REGULATION_OF_EPITHELIAL_CELL_PROLIFERATION,2,23,50,1500,2.608695652173913,0.17706049687331893,Apoe|Dab2,0.9760661983726833
drug1,GO_BP,GOBP_NEGATIVE_REGULATION_OF_ERK1_AND_ERK2_CASCADE,1,12,50,1500,2.5,0.33524969917904673,Dab2,1.0
drug1,GO_BP,GOBP_NEGATIVE_REGULATION_OF_ESTABLISHMENT_OF_PROTEIN_LOCALIZATION,2,12,50,1500,5.0,0.05807792677281182,Apoe|Ccn3,0.6890809104821537
drug1,GO_BP,GOBP_NEGATIVE_REGULATION_OF_EXTRINSIC_APOPTOTIC_SIGNALING_PATHWAY,1,16,50,1500,1.875,0.4202758734830577,Dab2,1.0
drug1,GO_BP,GOBP_NEGATIVE_REGULATION_OF_FAT_CELL_DIFFERENTIATION,0,11,50,1500,0.0,1.0,,1.0
drug1,GO_BP,GOBP_NEGATIVE_REGULATION_OF_GENE_EXPRESSION,5,106,50,1500,1.4150943396226416,0.27565341353103295,Apoe|Ifi207|Lilrb4a|Tyrobp|Zbtb20,1.0
drug1,GO_BP,GOBP_NEGATIVE_REGULATION_OF_GLIOGENESIS,0,10,50,1500,0.0,1.0,,1.0
drug1,GO_BP,GOBP_NEGATIVE_REGULATION_OF_GROWTH,4,33,50,1500,3.6363636363636362,0.021911536874291787,Ccn3|Dab2|Mt1|Mt3,0.49237593622957776
drug1,GO_BP,GOBP_NEGATIVE_REGULATION_OF_G_PROTEIN_COUPLED_RECEPTOR_SIGNALING_PATHWAY,0,14,50,1500,0.0,1.0,,1.0
drug1,GO_BP,GOBP_NEGATIVE_REGULATION_OF_HEMOPOIESIS,4,21,50,1500,5.714285714285714,0.004303869683793261,C1qc|Lilrb4a|Mafb|Pf4,0.2331262745388016
drug1,GO_BP,GOBP_NEGATIVE_REGULATION_OF_HORMONE_SECRETION,1,13,50,1500,2.3076923076923075,0.3575867388571701,Ccn3,1.0
drug1,GO_BP,GOBP_NEGATIVE_REGULATION_OF_HYDROLASE_ACTIVITY,0,13,50,1500,0.0,1.0,,1.0
drug1,GO_BP,GOBP_NEGATIVE_REGULATION_OF_IMMUNE_EFFECTOR_PROCESS,2,24,50,1500,2.5,0.18923912647371055,Lilrb4a|Pf4,1.0
drug1,GO_BP,GOBP_NEGATIVE_REGULATION_OF_IMMUNE_RESPONSE,3,27,50,1500,3.333333333333333,0.058094821376033876,Ifi207|Lilrb4a|Pf4,0.6890809104821537
drug1,GO_BP,GOBP_NEGATIVE_REGULATION_OF_IMMUNE_SYSTEM_PROCESS,7,78,50,1500,2.692307692307692,0.012793389991754884,C1qc|Ccn3|Ifi207|Lilrb4a|Mafb|Pf4|Tyrobp,0.40763252424709184
drug1,GO_BP,GOBP_NEGATIVE_REGULATION_OF_INFLAMMATORY_RESPONSE,3,28,50,1500,3.2142857142857144,0.06357900563394787,Apoe|Ccn3|Pf4,0.7136739200227588
drug1,GO_BP,GOBP_NEGATIVE_REGULATION_OF_INNATE_IMMUNE_RESPONSE,1,13,50,1500,2.3076923076923075,0.3575867388571701,Ifi207,1.0
drug1,GO_BP,GOBP_NEGATIVE_REGULATION_OF_INTERLEUKIN_6_PRODUCTION,1,10,50,1500,3.0,0.2882684421548648,Lilrb4a,1.0
drug1,GO_BP,GOBP_NEGATIVE_REGULATION_OF_INTRACELLULAR_SIGNAL_TRANSDUCTION,5,73,50,1500,2.0547945205479454,0.09156469268057216,Apoe|Ccn3|Dab2|Ifi207|Lilrb4a,0.8174231842944931
drug1,GO_BP,GOBP_NEGATIVE_REGULATION_OF_KINASE_ACTIVITY,2,20,50,1500,3.0,0.14144844471358778,Apoe|Lilrb4a,0.901387147684628
drug1,GO_BP,GOBP_NEGATIVE_REGULATION_OF_LEUKOCYTE_CELL_CELL_ADHESION,2,24,50,1500,2.5,0.18923912647371055,Lilrb4a|Pf4,1.0
drug1,GO_BP,GOBP_NEGATIVE_REGULATION_OF_LEUKOCYTE_MEDIATED_IMMUNITY,1,13,50,1500,2.3076923076923075,0.3575867388571701,Lilrb4a,1.0
drug1,GO_BP,GOBP_NEGATIVE_REGULATION_OF_LEUKOCYTE_MIGRATION,1,11,50,1500,2.7272727272727275,0.31215205147852715,Ccn3,1.0
drug1,GO_BP,GOBP_NEGATIVE_REGULATION_OF_LEUKOCYTE_PROLIFERATION,2,17,50,1500,3.5294117647058822,0.10775612872998955,Lilrb4a|Tyrobp,0.8489522996688019
drug1,GO_BP,GOBP_NEGATIVE_REGULATION_OF_LIPID_METABOLIC_PROCESS,1,13,50,1500,2.3076923076923075,0.3575867388571701,Apoe,1.0
drug1,GO_BP,GOBP_NEGATIVE_REGULATION_OF_LOCOMOTION,3,55,50,1500,1.6363636363636365,0.2764661602246375,Apoe|Ccn3|Zeb2,1.0
drug1,GO_BP,GOBP_NEGATIVE_REGULATION_OF_LYMPHOCYTE_ACTIVATION,3,30,50,1500,3.0,0.07524124775221704,Lilrb4a|Pf4|Tyrobp,0.7748923340749452
drug1,GO_BP,GOBP_NEGATIVE_REGULATION_OF_LYMPHOCYTE_DIFFERENTIATION,2,12,50,1500,5.0,0.05807792677281182,Lilrb4a|Pf4,0.6890809104821537
drug1,GO_BP,GOBP_NEGATIVE_REGULATION_OF_LYMPHOCYTE_MEDIATED_IMMUNITY,1,10,50,1500,3.0,0.2882684421548648,Lilrb4a,1.0
drug1,GO_BP,GOBP_NEGATIVE_REGULATION_OF_MAPK_CASCADE,3,23,50,1500,3.913043478260869,0.03859569973016896,Apoe|Dab2|Lilrb4a,0.6047770886816161
drug1,GO_BP,GOBP_NEGATIVE_REGULATION_OF_MITOTIC_CELL_CYCLE,0,21,50,1500,0.0,1.0,,1.0
drug1,GO_BP,GOBP_NEGATIVE_REGULATION_OF_MITOTIC_CELL_CYCLE_PHASE_TRANSITION,0,13,50,1500,0.0,1.0,,1.0
drug1,GO_BP,GOBP_NEGATIVE_REGULATION_OF_MOLECULAR_FUNCTION,5,77,50,1500,1.9480519480519478,0.10910344097880863,Apoe|Dab2|Ifi207|Lilrb4a|Mt3,0.8523706326469423
drug1,GO_BP,GOBP_NEGATIVE_REGULATION_OF_MONOATOMIC_ION_TRANSPORT,0,13,50,1500,0.0,1.0,,1.0
drug1,GO_BP,GOBP_NEGATIVE_REGULATION_OF_MULTICELLULAR_ORGANISMAL_PROCESS,10,183,50,1500,1.639344262295082,0.07387798417410074,Apoe|C1qc|Ccn3|Lilrb4a|Mafb|Mt3|Pf4|Stab1|Ttr|Tyrobp,0.7745272534381529
drug1,GO_BP,GOBP_NEGATIVE_REGULATION_OF_MUSCLE_CELL_APOPTOTIC_PROCESS,0,11,50,1500,0.0,1.0,,1.0
drug1,GO_BP,GOBP_NEGATIVE_REGULATION_OF_MUSCLE_CELL_DIFFERENTIATION,1,10,50,1500,3.0,0.2882684421548648,Ccn3,1.0
drug1,GO_BP,GOBP_NEGATIVE_REGULATION_OF_MYELOID_CELL_DIFFERENTIATION,4,12,50,1500,10.0,0.0004447408803799079,C1qc|Lilrb4a|Mafb|Pf4,0.0903379913271688
drug1,GO_BP,GOBP_NEGATIVE_REGULATION_OF_NERVOUS_SYSTEM_DEVELOPMENT,1,31,50,1500,0.9677419354838709,0.6541629208821762,Mt3,1.0
drug1,GO_BP,GOBP_NEGATIVE_REGULATION_OF_NEURON_APOPTOTIC_PROCESS,3,36,50,1500,2.5,0.11530992591822377,Apoe|Mt1|Mt3,0.8769645664236938
drug1,GO_BP,GOBP_NEGATIVE_REGULATION_OF_NEURON_DIFFERENTIATION,0,23,50,1500,0.0,1.0,,1.0
drug1,GO_BP,GOBP_NEGATIVE_REGULATION_OF_NEURON_PROJECTION_DEVELOPMENT,3,32,50,1500,2.8125,0.08778710247437263,Apoe|Dab2|Mt3,0.8014271995553681
drug1,GO_BP,GOBP_NEGATIVE_REGULATION_OF_NF_KAPPAB_TRANSCRIPTION_FACTOR_ACTIVITY,0,11,50,1500,0.0,1.0,,1.0
drug1,GO_BP,GOBP_NEGATIVE_REGULATION_OF_NUCLEOBASE_CONTAINING_COMPOUND_METABOLIC_PROCESS,6,123,50,1500,1.4634146341463417,0.22152998545527816,Dab2|Ifi207|Lilrb4a|Zbtb20|Zeb2|Zfhx3,1.0
drug1,GO_BP,GOBP_NEGATIVE_REGULATION_OF_ORGANELLE_ORGANIZATION,0,37,50,1500,0.0,1.0,,1.0
drug1,GO_BP,GOBP_NEGATIVE_REGULATION_OF_OSTEOBLAST_DIFFERENTIATION,0,11,50,1500,0.0,1.0,,1.0
drug1,GO_BP,GOBP_NEGATIVE_REGULATION_OF_PHOSPHORUS_METABOLIC_PROCESS,2,42,50,1500,1.4285714285714286,0.4123282859057648,Apoe|Lilrb4a,1.0
drug1,GO_BP,GOBP_NEGATIVE_REGULATION_OF_PHOSPHORYLATION,2,37,50,1500,1.6216216216216215,0.3516951994318052,Apoe|Lilrb4a,1.0
drug1,GO_BP,GOBP_NEGATIVE_REGULATION_OF_PROGRAMMED_CELL_DEATH,5,125,50,1500,1.2,0.4052863605764916,Apoe|Ccn1|Dab2|Mt1|Mt3,1.0
drug1,GO_BP,GOBP_NEGATIVE_REGULATION_OF_PROTEIN_CONTAINING_COMPLEX_ASSEMBLY,1,20,50,1500,1.5,0.49461650530034706,Ifi207,1.0
drug1,GO_BP,GOBP_NEGATIVE_REGULATION_OF_PROTEIN_LOCALIZATION,4,17,50,1500,7.0588235294117645,0.001889242439258249,Apoe|Ccn3|Dab2|Lilrb4a,0.19187618523716593
drug1,GO_BP,GOBP_NEGATIVE_REGULATION_OF_PROTEIN_METABOLIC_PROCESS,2,68,50,1500,0.8823529411764706,0.673235482496898,Apoe|Lilrb4a,1.0
drug1,GO_BP,GOBP_NEGATIVE_REGULATION_OF_PROTEIN_MODIFICATION_PROCESS,2,42,50,1500,1.4285714285714286,0.4123282859057648,Apoe|Lilrb4a,1.0
drug1,GO_BP,GOBP_NEGATIVE_REGULATION_OF_PROTEIN_POLYMERIZATION,0,13,50,1500,0.0,1.0,,1.0
drug1,GO_BP,GOBP_NEGATIVE_REGULATION_OF_PROTEIN_SERINE_THREONINE_KINASE_ACTIVITY,1,13,50,1500,2.3076923076923075,0.3575867388571701,Apoe,1.0
drug1,GO_BP,GOBP_NEGATIVE_REGULATION_OF_PROTEOLYSIS,0,14,50,1500,0.0,1.0,,1.0
drug1,GO_BP,GOBP_NEGATIVE_REGULATION_OF_RESPONSE_TO_BIOTIC_STIMULUS,1,15,50,1500,2.0,0.4000764265660914,Ifi207,1.0
drug1,GO_BP,GOBP_NEGATIVE_REGULATION_OF_RESPONSE_TO_CYTOKINE_STIMULUS,0,11,50,1500,0.0,1.0,,1.0
drug1,GO_BP,GOBP_NEGATIVE_REGULATION_OF_RESPONSE_TO_EXTERNAL_STIMULUS,4,61,50,1500,1.9672131147540985,0.14202156372614208,Apoe|Ccn3|Ifi207|Pf4,0.901504066621019
drug1,GO_BP,GOBP_NEGATIVE_REGULATION_OF_RESPONSE_TO_STIMULUS,6,208,50,1500,0.8653846153846153,0.7137339098630513,Apoe|Ccn3|Dab2|Ifi207|Lilrb4a|Pf4,1.0
drug1,GO_BP,GOBP_NEGATIVE_REGULATION_OF_RESPONSE_TO_WOUNDING,1,19,50,1500,1.5789473684210527,0.4769581022710094,Apoe,1.0
drug1,GO_BP,GOBP_NEGATIVE_REGULATION_OF_RNA_METABOLIC_PROCESS,6,118,50,1500,1.5254237288135595,0.1945407969929274,Dab2|Ifi207|Lilrb4a|Zbtb20|Zeb2|Zfhx3,1.0
drug1,GO_BP,GOBP_NEGATIVE_REGULATION_OF_SECRETION,2,28,50,1500,2.142857142857143,0.2389147042643709,Apoe|Ccn3,1.0
drug1,GO_BP,GOBP_NEGATIVE_REGULATION_OF_SMALL_GTPASE_MEDIATED_SIGNAL_TRANSDUCTION,0,11,50,1500,0.0,1.0,,1.0
drug1,GO_BP,GOBP_NEGATIVE_REGULATION_OF_SMALL_MOLECULE_METABOLIC_PROCESS,1,14,50,1500,2.142857142857143,0.3791877227557184,Apoe,1.0
drug1,GO_BP,GOBP_NEGATIVE_REGULATION_OF_SMOOTH_MUSCLE_CELL_MIGRATION,0,10,50,1500,0.0,1.0,,1.0
drug1,GO_BP,GOBP_NEGATIVE_REGULATION_OF_SMOOTH_MUSCLE_CELL_PROLIFERATION,1,19,50,1500,1.5789473684210527,0.4769581022710094,Apoe,1.0
drug1,GO_BP,GOBP_NEGATIVE_REGULATION_OF_SUPRAMOLECULAR_FIBER_ORGANIZATION,1,23,50,1500,1.3043478260869565,0.5441591891136924,Apoe,1.0
drug1,GO_BP,GOBP_NEGATIVE_REGULATION_OF_SYNAPTIC_TRANSMISSION,0,11,50,1500,0.0,1.0,,1.0
drug1,GO_BP,GOBP_NEGATIVE_REGULATION_OF_TRANSCRIPTION_BY_RNA_POLYMERASE_II,5,99,50,1500,1.5151515151515151,0.23044566504118327,Dab2|Ifi207|Zbtb20|Zeb2|Zfhx3,1.0
drug1,GO_BP,GOBP_NEGATIVE_REGULATION_OF_TRANSFERASE_ACTIVITY,2,20,50,1500,3.0,0.14144844471358778,Apoe|Lilrb4a,0.901387147684628
drug1,GO_BP,GOBP_NEGATIVE_REGULATION_OF_TRANSMEMBRANE_RECEPTOR_PROTEIN_SERINE_THREONINE_KINASE_SIGNALING_PATHWAY,1,16,50,1500,1.875,0.4202758734830577,Ccn3,1.0
drug1,GO_BP,GOBP_NEGATIVE_REGULATION_OF_TRANSMEMBRANE_TRANSPORT,0,10,50,1500,0.0,1.0,,1.0
drug1,GO_BP,GOBP_NEGATIVE_REGULATION_OF_TRANSPORT,2,51,50,1500,1.1764705882352942,0.5140905590955691,Apoe|Ccn3,1.0
drug1,GO_BP,GOBP_NEGATIVE_REGULATION_OF_T_CELL_PROLIFERATION,1,12,50,1500,2.5,0.33524969917904673,Lilrb4a,1.0
drug1,GO_BP,GOBP_NEGATIVE_REGULATION_OF_VASCULATURE_DEVELOPMENT,2,23,50,1500,2.608695652173913,0.17706049687331893,Pf4|Stab1,0.9760661983726833
drug1,GO_BP,GOBP_NEGATIVE_REGULATION_OF_VIRAL_GENOME_REPLICATION,1,10,50,1500,3.0,0.2882684421548648,Ifi207,1.0
drug1,GO_BP,GOBP_NEGATIVE_REGULATION_OF_VIRAL_PROCESS,1,10,50,1500,3.0,0.2882684421548648,Ifi207,1.0
drug1,GO_BP,GOBP_NEGATIVE_REGULATION_OF_WNT_SIGNALING_PATHWAY,2,17,50,1500,3.5294117647058822,0.10775612872998955,Apoe|Dab2,0.8489522996688019
drug1,GO_BP,GOBP_NEGATIVE_REGULATION_OF_WOUND_HEALING,1,12,50,1500,2.5,0.33524969917904673,Apoe,1.0
drug1,GO_BP,GOBP_NEPHRON_DEVELOPMENT,0,32,50,1500,0.0,1.0,,1.0
drug1,GO_BP,GOBP_NEPHRON_EPITHELIUM_DEVELOPMENT,0,22,50,1500,0.0,1.0,,1.0
drug1,GO_BP,GOBP_NERVE_DEVELOPMENT,2,18,50,1500,3.3333333333333335,0.11872751053120777,Col25a1|Mafb,0.8769645664236938
drug1,GO_BP,GOBP_NEURAL_CREST_CELL_DIFFERENTIATION,1,24,50,1500,1.25,0.5595904961849962,Zeb2,1.0
drug1,GO_BP,GOBP_NEURAL_PRECURSOR_CELL_PROLIFERATION,1,36,50,1500,0.8333333333333334,0.7092162291569126,Zeb2,1.0
drug1,GO_BP,GOBP_NEURAL_RETINA_DEVELOPMENT,2,24,50,1500,2.5,0.18923912647371055,Bsg|Fos,1.0
drug1,GO_BP,GOBP_NEURAL_TUBE_DEVELOPMENT,1,18,50,1500,1.6666666666666667,0.45869546617711976,Zeb2,1.0
drug1,GO_BP,GOBP_NEURAL_TUBE_FORMATION,1,13,50,1500,2.3076923076923075,0.3575867388571701,Zeb2,1.0
drug1,GO_BP,GOBP_NEUROBLAST_PROLIFERATION,0,15,50,1500,0.0,1.0,,1.0
drug1,GO_BP,GOBP_NEUROEPITHELIAL_CELL_DIFFERENTIATION,0,13,50,1500,0.0,1.0,,1.0
drug1,GO_BP,GOBP_NEUROINFLAMMATORY_RESPONSE,2,17,50,1500,3.5294117647058822,0.10775612872998955,Tyrobp|Zeb2,0.8489522996688019
drug1,GO_BP,GOBP_NEUROMUSCULAR_PROCESS,0,32,50,1500,0.0,1.0,,1.0
drug1,GO_BP,GOBP_NEUROMUSCULAR_PROCESS_CONTROLLING_BALANCE,0,11,50,1500,0.0,1.0,,1.0
drug1,GO_BP,GOBP_NEURON_APOPTOTIC_PROCESS,3,54,50,1500,1.6666666666666665,0.267230303739711,Apoe|Mt1|Mt3,1.0
drug1,GO_BP,GOBP_NEURON_DEVELOPMENT,6,211,50,1500,0.8530805687203792,0.7273518975793534,Apoe|Bsg|Col25a1|Dab2|Mt3|Zeb2,1.0
drug1,GO_BP,GOBP_NEURON_FATE_COMMITMENT,0,19,50,1500,0.0,1.0,,1.0
drug1,GO_BP,GOBP_NEURON_MATURATION,0,12,50,1500,0.0,1.0,,1.0
drug1,GO_BP,GOBP_NEURON_MIGRATION,0,35,50,1500,0.0,1.0,,1.0
drug1,GO_BP,GOBP_NEURON_PROJECTION_EXTENSION,2,39,50,1500,1.5384615384615383,0.3762268611656,Apoe|Mt3,1.0
drug1,GO_BP,GOBP_NEURON_PROJECTION_GUIDANCE,1,52,50,1500,0.5769230769230769,0.8337216882956524,Bsg,1.0
drug1,GO_BP,GOBP_NEURON_PROJECTION_ORGANIZATION,1,20,50,1500,1.5,0.49461650530034706,Apoe,1.0
drug1,GO_BP,GOBP_NEURON_PROJECTION_REGENERATION,1,17,50,1500,1.7647058823529411,0.4398083575301246,Apoe,1.0
drug1,GO_BP,GOBP_NEURON_RECOGNITION,1,13,50,1500,2.3076923076923075,0.3575867388571701,Bsg,1.0
drug1,GO_BP,GOBP_NEUROPEPTIDE_SIGNALING_PATHWAY,0,12,50,1500,0.0,1.0,,1.0
drug1,GO_BP,GOBP_NEUROTRANSMITTER_RECEPTOR_LOCALIZATION_TO_POSTSYNAPTIC_SPECIALIZATION_MEMBRANE,0,11,50,1500,0.0,1.0,,1.0
drug1,GO_BP,GOBP_NEUROTRANSMITTER_SECRETION,0,35,50,1500,0.0,1.0,,1.0
drug1,GO_BP,GOBP_NEUROTRANSMITTER_TRANSPORT,0,45,50,1500,0.0,1.0,,1.0
drug1,GO_BP,GOBP_NEUTRAL_AMINO_ACID_TRANSPORT,0,12,50,1500,0.0,1.0,,1.0
drug1,GO_BP,GOBP_NEUTRAL_LIPID_METABOLIC_PROCESS,1,16,50,1500,1.875,0.4202758734830577,Apoe,1.0
drug1,GO_BP,GOBP_NEUTROPHIL_CHEMOTAXIS,2,20,50,1500,3.0,0.14144844471358778,Bsg|Pf4,0.901387147684628
drug1,GO_BP,GOBP_NEUTROPHIL_MIGRATION,2,23,50,1500,2.608695652173913,0.17706049687331893,Bsg|Pf4,0.9760661983726833
drug1,GO_BP,GOBP_NON_CANONICAL_NF_KAPPAB_SIGNAL_TRANSDUCTION,1,11,50,1500,2.7272727272727275,0.31215205147852715,Ccn3,1.0
drug1,GO_BP,GOBP_NON_PROTEINOGENIC_AMINO_ACID_METABOLIC_PROCESS,0,10,50,1500,0.0,1.0,,1.0
drug1,GO_BP,GOBP_NOTCH_SIGNALING_PATHWAY,1,29,50,1500,1.0344827586206897,0.6293882879681989,Ccn3,1.0
drug1,GO_BP,GOBP_NUCLEAR_CHROMOSOME_SEGREGATION,0,27,50,1500,0.0,1.0,,1.0
drug1,GO_BP,GOBP_NUCLEAR_RECEPTOR_MEDIATED_SIGNALING_PATHWAY,1,15,50,1500,2.0,0.4000764265660914,Dab2,1.0
drug1,GO_BP,GOBP_NUCLEAR_TRANSPORT,0,21,50,1500,0.0,1.0,,1.0
drug1,GO_BP,GOBP_NUCLEIC_ACID_CATABOLIC_PROCESS,0,10,50,1500,0.0,1.0,,1.0
drug1,GO_BP,GOBP_NUCLEOBASE_CONTAINING_COMPOUND_CATABOLIC_PROCESS,1,25,50,1500,1.2,0.5745095173169409,Zbtb20,1.0
drug1,GO_BP,GOBP_NUCLEOBASE_CONTAINING_SMALL_MOLECULE_METABOLIC_PROCESS,3,41,50,1500,2.1951219512195124,0.15365659133764528,Ttr|Zbtb20|mt-Nd4,0.9206414566339818
drug1,GO_BP,GOBP_NUCLEOSIDE_PHOSPHATE_BIOSYNTHETIC_PROCESS,1,10,50,1500,3.0,0.2882684421548648,mt-Nd4,1.0
drug1,GO_BP,GOBP_NUCLEOSIDE_PHOSPHATE_CATABOLIC_PROCESS,1,15,50,1500,2.0,0.4000764265660914,Zbtb20,1.0
drug1,GO_BP,GOBP_NUCLEOSIDE_TRIPHOSPHATE_METABOLIC_PROCESS,2,15,50,1500,4.0,0.08674586941049843,Zbtb20|mt-Nd4,0.7988346799125815
drug1,GO_BP,GOBP_NUCLEOTIDE_CATABOLIC_PROCESS,1,14,50,1500,2.142857142857143,0.3791877227557184,Zbtb20,1.0
drug1,GO_BP,GOBP_NUCLEOTIDE_METABOLIC_PROCESS,2,32,50,1500,1.875,0.2892565406012864,Zbtb20|mt-Nd4,1.0
drug1,GO_BP,GOBP_NUCLEUS_ORGANIZATION,0,10,50,1500,0.0,1.0,,1.0
drug1,GO_BP,GOBP_NUTRIENT_STORAGE,1,11,50,1500,2.7272727272727275,0.31215205147852715,Apoe,1.0
drug1,GO_BP,GOBP_ODONTOGENESIS,1,18,50,1500,1.6666666666666667,0.45869546617711976,Bsg,1.0
drug1,GO_BP,GOBP_ODONTOGENESIS_OF_DENTIN_CONTAINING_TOOTH,1,16,50,1500,1.875,0.4202758734830577,Bsg,1.0
drug1,GO_BP,GOBP_OLEFINIC_COMPOUND_METABOLIC_PROCESS,1,13,50,1500,2.3076923076923075,0.3575867388571701,Dab2,1.0
drug1,GO_BP,GOBP_OLFACTORY_LOBE_DEVELOPMENT,0,11,50,1500,0.0,1.0,,1.0
drug1,GO_BP,GOBP_OLIGODENDROCYTE_DEVELOPMENT,0,17,50,1500,0.0,1.0,,1.0
drug1,GO_BP,GOBP_OLIGODENDROCYTE_DIFFERENTIATION,0,36,50,1500,0.0,1.0,,1.0
drug1,GO_BP,GOBP_ORGANELLE_ASSEMBLY,2,97,50,1500,0.6185567010309279,0.8471450083363926,Ctsd|Myl9,1.0
drug1,GO_BP,GOBP_ORGANELLE_FISSION,0,47,50,1500,0.0,1.0,,1.0
drug1,GO_BP,GOBP_ORGANELLE_FUSION,0,19,50,1500,0.0,1.0,,1.0
drug1,GO_BP,GOBP_ORGANELLE_LOCALIZATION,0,57,50,1500,0.0,1.0,,1.0
drug1,GO_BP,GOBP_ORGANELLE_MEMBRANE_FUSION,0,16,50,1500,0.0,1.0,,1.0
drug1,GO_BP,GOBP_ORGANIC_ACID_BIOSYNTHETIC_PROCESS,1,34,50,1500,0.8823529411764706,0.6883105763500479,Glul,1.0
drug1,GO_BP,GOBP_ORGANIC_ACID_CATABOLIC_PROCESS,0,17,50,1500,0.0,1.0,,1.0
drug1,GO_BP,GOBP_ORGANIC_ACID_METABOLIC_PROCESS,2,76,50,1500,0.7894736842105263,0.7325908753187785,Glul|Zbtb20,1.0
drug1,GO_BP,GOBP_ORGANIC_ACID_TRANSMEMBRANE_TRANSPORT,0,39,50,1500,0.0,1.0,,1.0
drug1,GO_BP,GOBP_ORGANIC_ACID_TRANSPORT,2,70,50,1500,0.8571428571428571,0.6889781575592814,Apoe|Folr2,1.0
drug1,GO_BP,GOBP_ORGANIC_ANION_TRANSPORT,2,72,50,1500,0.8333333333333334,0.7041110769964758,Apoe|Folr2,1.0
drug1,GO_BP,GOBP_ORGANIC_CATION_TRANSPORT,0,25,50,1500,0.0,1.0,,1.0
drug1,GO_BP,GOBP_ORGANIC_HYDROXY_COMPOUND_TRANSPORT,2,39,50,1500,1.5384615384615383,0.3762268611656,Apoe|Dab2,1.0
drug1,GO_BP,GOBP_ORGANOPHOSPHATE_BIOSYNTHETIC_PROCESS,1,27,50,1500,1.1111111111111112,0.60287685419108,mt-Nd4,1.0
drug1,GO_BP,GOBP_ORGANOPHOSPHATE_CATABOLIC_PROCESS,1,23,50,1500,1.3043478260869565,0.5441591891136924,Zbtb20,1.0
drug1,GO_BP,GOBP_ORGANOPHOSPHATE_ESTER_TRANSPORT,1,10,50,1500,3.0,0.2882684421548648,Apoe,1.0
drug1,GO_BP,GOBP_ORGANOPHOSPHATE_METABOLIC_PROCESS,2,67,50,1500,0.8955223880597015,0.6651326043560877,Zbtb20|mt-Nd4,1.0
drug1,GO_BP,GOBP_ORGAN_GROWTH,0,41,50,1500,0.0,1.0,,1.0
drug1,GO_BP,GOBP_OSSIFICATION,4,66,50,1500,1.8181818181818181,0.17415448340115017,Ccn1|Ccn3|Junb|Mgp,0.9760661983726833
drug1,GO_BP,GOBP_OSTEOBLAST_DIFFERENTIATION,2,37,50,1500,1.6216216216216215,0.3516951994318052,Ccn1|Junb,1.0
drug1,GO_BP,GOBP_OSTEOCLAST_DIFFERENTIATION,5,19,50,1500,7.894736842105264,0.00027475298181858104,Fos|Junb|Lilrb4a|Mafb|Tyrobp,0.08231798167379799
drug1,GO_BP,GOBP_OUTFLOW_TRACT_MORPHOGENESIS,0,19,50,1500,0.0,1.0,,1.0
drug1,GO_BP,GOBP_OVULATION_CYCLE,0,16,50,1500,0.0,1.0,,1.0
drug1,GO_BP,GOBP_OXIDATIVE_PHOSPHORYLATION,3,12,50,1500,7.5,0.006204459645394968,mt-Co2|mt-Co3|mt-Nd4,0.258519151891457
drug1,GO_BP,GOBP_P38MAPK_CASCADE,0,10,50,1500,0.0,1.0,,1.0
drug1,GO_BP,GOBP_PALLIUM_DEVELOPMENT,2,43,50,1500,1.3953488372093024,0.424148062560875,Fos|Zeb2,1.0
drug1,GO_BP,GOBP_PANCREAS_DEVELOPMENT,0,14,50,1500,0.0,1.0,,1.0
drug1,GO_BP,GOBP_PATTERN_SPECIFICATION_PROCESS,2,62,50,1500,0.9677419354838709,0.6222676450712645,Mafb|Zeb2,1.0
drug1,GO_BP,GOBP_PEPTIDE_TRANSPORT,2,45,50,1500,1.3333333333333333,0.4474305107818257,Ccn3|Glul,1.0
drug1,GO_BP,GOBP_PEPTIDYL_AMINO_ACID_MODIFICATION,1,74,50,1500,0.4054054054054054,0.9236899348656785,Lilrb4a,1.0
drug1,GO_BP,GOBP_PEPTIDYL_SERINE_MODIFICATION,0,22,50,1500,0.0,1.0,,1.0
drug1,GO_BP,GOBP_PEPTIDYL_THREONINE_MODIFICATION,0,10,50,1500,0.0,1.0,,1.0
drug1,GO_BP,GOBP_PEPTIDYL_TYROSINE_MODIFICATION,1,44,50,1500,0.6818181818181819,0.7799395031997644,Lilrb4a,1.0
drug1,GO_BP,GOBP_PERIPHERAL_NERVOUS_SYSTEM_DEVELOPMENT,0,14,50,1500,0.0,1.0,,1.0
drug1,GO_BP,GOBP_PHAGOCYTOSIS,1,29,50,1500,1.0344827586206897,0.6293882879681989,Tyrobp,1.0
drug1,GO_BP,GOBP_PHAGOCYTOSIS_ENGULFMENT,0,10,50,1500,0.0,1.0,,1.0
drug1,GO_BP,GOBP_PHENOL_CONTAINING_COMPOUND_BIOSYNTHETIC_PROCESS,1,10,50,1500,3.0,0.2882684421548648,Zeb2,1.0
drug1,GO_BP,GOBP_PHENOL_CONTAINING_COMPOUND_METABOLIC_PROCESS,1,20,50,1500,1.5,0.49461650530034706,Zeb2,1.0
drug1,GO_BP,GOBP_PHOSPHATIDYLINOSITOL_3_KINASE_PROTEIN_KINASE_B_SIGNAL_TRANSDUCTION,0,51,50,1500,0.0,1.0,,1.0
drug1,GO_BP,GOBP_PHOSPHOLIPASE_C_ACTIVATING_G_PROTEIN_COUPLED_RECEPTOR_SIGNALING_PATHWAY,0,20,50,1500,0.0,1.0,,1.0
drug1,GO_BP,GOBP_PHOSPHOLIPID_BIOSYNTHETIC_PROCESS,0,13,50,1500,0.0,1.0,,1.0
drug1,GO_BP,GOBP_PHOSPHOLIPID_METABOLIC_PROCESS,0,29,50,1500,0.0,1.0,,1.0
drug1,GO_BP,GOBP_PHOSPHORYLATION,6,141,50,1500,1.276595744680851,0.32753308807129494,Apoe|Ccn1|Dab2|Lilrb4a|Mt3|Zeb2,1.0
drug1,GO_BP,GOBP_PHOTORECEPTOR_CELL_DIFFERENTIATION,0,13,50,1500,0.0,1.0,,1.0
drug1,GO_BP,GOBP_PHYSIOLOGICAL_CARDIAC_MUSCLE_HYPERTROPHY,0,10,50,1500,0.0,1.0,,1.0
drug1,GO_BP,GOBP_PLACENTA_DEVELOPMENT,3,31,50,1500,2.9032258064516125,0.0814070006336188,Bsg|Ccn1|Junb,0.7827596214771039
drug1,GO_BP,GOBP_PLASMA_MEMBRANE_ORGANIZATION,2,23,50,1500,2.608695652173913,0.17706049687331893,Folr2|Mafb,0.9760661983726833
drug1,GO_BP,GOBP_PLATELET_ACTIVATION,2,12,50,1500,5.0,0.05807792677281182,Apoe|Pf4,0.6890809104821537
drug1,GO_BP,GOBP_PLATELET_DERIVED_GROWTH_FACTOR_RECEPTOR_ALPHA_SIGNALING_PATHWAY,0,19,50,1500,0.0,1.0,,1.0
drug1,GO_BP,GOBP_PLATELET_DERIVED_GROWTH_FACTOR_RECEPTOR_BETA_SIGNALING_PATHWAY,0,19,50,1500,0.0,1.0,,1.0
drug1,GO_BP,GOBP_PLATELET_DERIVED_GROWTH_FACTOR_RECEPTOR_SIGNALING_PATHWAY,0,30,50,1500,0.0,1.0,,1.0
drug1,GO_BP,GOBP_POLYOL_METABOLIC_PROCESS,0,10,50,1500,0.0,1.0,,1.0
drug1,GO_BP,GOBP_POSITIVE_CHEMOTAXIS,0,13,50,1500,0.0,1.0,,1.0
drug1,GO_BP,GOBP_POSITIVE_REGULATION_OF_ADAPTIVE_IMMUNE_RESPONSE,0,14,50,1500,0.0,1.0,,1.0
drug1,GO_BP,GOBP_POSITIVE_REGULATION_OF_ALPHA_BETA_T_CELL_ACTIVATION,1,11,50,1500,2.7272727272727275,0.31215205147852715,Lilrb4a,1.0
drug1,GO_BP,GOBP_POSITIVE_REGULATION_OF_AMINE_TRANSPORT,0,13,50,1500,0.0,1.0,,1.0
drug1,GO_BP,GOBP_POSITIVE_REGULATION_OF_APOPTOTIC_SIGNALING_PATHWAY,0,20,50,1500,0.0,1.0,,1.0
drug1,GO_BP,GOBP_POSITIVE_REGULATION_OF_AXONOGENESIS,2,16,50,1500,3.75,0.0970847228115921,Apoe|Zeb2,0.8174231842944931
drug1,GO_BP,GOBP_POSITIVE_REGULATION_OF_AXON_EXTENSION,1,11,50,1500,2.7272727272727275,0.31215205147852715,Apoe,1.0
drug1,GO_BP,GOBP_POSITIVE_REGULATION_OF_BINDING,0,15,50,1500,0.0,1.0,,1.0
drug1,GO_BP,GOBP_POSITIVE_REGULATION_OF_BIOMINERAL_TISSUE_DEVELOPMENT,1,11,50,1500,2.7272727272727275,0.31215205147852715,Ccn1,1.0
drug1,GO_BP,GOBP_POSITIVE_REGULATION_OF_BLOOD_CIRCULATION,0,12,50,1500,0.0,1.0,,1.0
drug1,GO_BP,GOBP_POSITIVE_REGULATION_OF_BLOOD_VESSEL_ENDOTHELIAL_CELL_MIGRATION,0,18,50,1500,0.0,1.0,,1.0
drug1,GO_BP,GOBP_POSITIVE_REGULATION_OF_BMP_SIGNALING_PATHWAY,1,11,50,1500,2.7272727272727275,0.31215205147852715,Ccn1,1.0
drug1,GO_BP,GOBP_POSITIVE_REGULATION_OF_BONE_MINERALIZATION,1,10,50,1500,3.0,0.2882684421548648,Ccn1,1.0
drug1,GO_BP,GOBP_POSITIVE_REGULATION_OF_CALCIUM_ION_TRANSPORT,0,22,50,1500,0.0,1.0,,1.0
drug1,GO_BP,GOBP_POSITIVE_REGULATION_OF_CALCIUM_MEDIATED_SIGNALING,0,14,50,1500,0.0,1.0,,1.0
drug1,GO_BP,GOBP_POSITIVE_REGULATION_OF_CANONICAL_NF_KAPPAB_SIGNAL_TRANSDUCTION,0,13,50,1500,0.0,1.0,,1.0
drug1,GO_BP,GOBP_POSITIVE_REGULATION_OF_CARBOHYDRATE_METABOLIC_PROCESS,1,13,50,1500,2.3076923076923075,0.3575867388571701,Zbtb20,1.0
drug1,GO_BP,GOBP_POSITIVE_REGULATION_OF_CATABOLIC_PROCESS,3,41,50,1500,2.1951219512195124,0.15365659133764528,Apoe|Dab2|Zbtb20,0.9206414566339818
drug1,GO_BP,GOBP_POSITIVE_REGULATION_OF_CATALYTIC_ACTIVITY,4,65,50,1500,1.8461538461538463,0.16752770205961204,Apoe|Ccn1|Mt3|Zeb2,0.9653635313718779
drug1,GO_BP,GOBP_POSITIVE_REGULATION_OF_CELLULAR_COMPONENT_BIOGENESIS,1,70,50,1500,0.42857142857142855,0.9120014004485489,Apoe,1.0
drug1,GO_BP,GOBP_POSITIVE_REGULATION_OF_CELLULAR_COMPONENT_ORGANIZATION,4,172,50,1500,0.6976744186046512,0.8444940800378342,Apoe|Dab2|Tyrobp|Zeb2,1.0
drug1,GO_BP,GOBP_POSITIVE_REGULATION_OF_CELL_ACTIVATION,2,55,50,1500,1.090909090909091,0.5556112094093976,Lilrb4a|Tyrobp,1.0
drug1,GO_BP,GOBP_POSITIVE_REGULATION_OF_CELL_ADHESION,4,91,50,1500,1.3186813186813187,0.36027352867714224,Ccn1|Dab2|Lilrb4a|Zfhx3,1.0
drug1,GO_BP,GOBP_POSITIVE_REGULATION_OF_CELL_CELL_ADHESION,1,46,50,1500,0.6521739130434783,0.7947990506428715,Lilrb4a,1.0
drug1,GO_BP,GOBP_POSITIVE_REGULATION_OF_CELL_CYCLE,0,51,50,1500,0.0,1.0,,1.0
drug1,GO_BP,GOBP_POSITIVE_REGULATION_OF_CELL_CYCLE_PHASE_TRANSITION,0,17,50,1500,0.0,1.0,,1.0
drug1,GO_BP,GOBP_POSITIVE_REGULATION_OF_CELL_CYCLE_PROCESS,0,39,50,1500,0.0,1.0,,1.0
drug1,GO_BP,GOBP_POSITIVE_REGULATION_OF_CELL_DEVELOPMENT,5,82,50,1500,1.829268292682927,0.13320081574274303,Apoe|Fos|Lilrb4a|Tyrobp|Zeb2,0.901387147684628
drug1,GO_BP,GOBP_POSITIVE_REGULATION_OF_CELL_DIFFERENTIATION,11,172,50,1500,1.9186046511627908,0.02211904205831334,Apoe|Ccn1|Ccn3|Dab2|Fos|Glul|Junb|Lilrb4a|Tyrobp|Zeb2|Zfhx3,0.49237593622957776
drug1,GO_BP,GOBP_POSITIVE_REGULATION_OF_CELL_DIVISION,0,16,50,1500,0.0,1.0,,1.0
drug1,GO_BP,GOBP_POSITIVE_REGULATION_OF_CELL_GROWTH,1,22,50,1500,1.3636363636363638,0.5281983764075895,Apoe,1.0
drug1,GO_BP,GOBP_POSITIVE_REGULATION_OF_CELL_JUNCTION_ASSEMBLY,0,26,50,1500,0.0,1.0,,1.0
drug1,GO_BP,GOBP_POSITIVE_REGULATION_OF_CELL_MATRIX_ADHESION,0,16,50,1500,0.0,1.0,,1.0
drug1,GO_BP,GOBP_POSITIVE_REGULATION_OF_CELL_MIGRATION_INVOLVED_IN_SPROUTING_ANGIOGENESIS,0,11,50,1500,0.0,1.0,,1.0
drug1,GO_BP,GOBP_POSITIVE_REGULATION_OF_CELL_POPULATION_PROLIFERATION,3,162,50,1500,0.5555555555555555,0.9210239744459539,Ccn1|Folr2|Glul,1.0
drug1,GO_BP,GOBP_POSITIVE_REGULATION_OF_CELL_PROJECTION_ORGANIZATION,2,70,50,1500,0.8571428571428571,0.6889781575592814,Apoe|Zeb2,1.0
drug1,GO_BP,GOBP_POSITIVE_REGULATION_OF_CELL_SUBSTRATE_ADHESION,2,37,50,1500,1.6216216216216215,0.3516951994318052,Ccn1|Dab2,1.0
drug1,GO_BP,GOBP_POSITIVE_REGULATION_OF_CELL_SUBSTRATE_JUNCTION_ORGANIZATION,0,10,50,1500,0.0,1.0,,1.0
drug1,GO_BP,GOBP_POSITIVE_REGULATION_OF_CHEMOKINE_PRODUCTION,1,13,50,1500,2.3076923076923075,0.3575867388571701,Ccn1,1.0
drug1,GO_BP,GOBP_POSITIVE_REGULATION_OF_CHEMOTAXIS,0,37,50,1500,0.0,1.0,,1.0
drug1,GO_BP,GOBP_POSITIVE_REGULATION_OF_COLD_INDUCED_THERMOGENESIS,0,17,50,1500,0.0,1.0,,1.0
drug1,GO_BP,GOBP_POSITIVE_REGULATION_OF_CYTOKINE_PRODUCTION,7,68,50,1500,3.088235294117647,0.0060685343804681114,Bsg|Ccn1|Cybb|Fcna|Ifi207|Tyrobp|Zbtb20,0.258519151891457
drug1,GO_BP,GOBP_POSITIVE_REGULATION_OF_CYTOKINE_PRODUCTION_INVOLVED_IN_IMMUNE_RESPONSE,0,12,50,1500,0.0,1.0,,1.0
drug1,GO_BP,GOBP_POSITIVE_REGULATION_OF_CYTOSKELETON_ORGANIZATION,0,26,50,1500,0.0,1.0,,1.0
drug1,GO_BP,GOBP_POSITIVE_REGULATION_OF_CYTOSOLIC_CALCIUM_ION_CONCENTRATION,0,26,50,1500,0.0,1.0,,1.0
drug1,GO_BP,GOBP_POSITIVE_REGULATION_OF_DEFENSE_RESPONSE,4,56,50,1500,2.142857142857143,0.11264955004562315,Ctss|Fcna|Ifi207|Tyrobp,0.8758637264312805
drug1,GO_BP,GOBP_POSITIVE_REGULATION_OF_DEVELOPMENTAL_GROWTH,1,37,50,1500,0.8108108108108107,0.7191473688714989,Apoe,1.0
drug1,GO_BP,GOBP_POSITIVE_REGULATION_OF_DEVELOPMENTAL_PROCESS,12,235,50,1500,1.5319148936170213,0.07846000139775917,Apoe|Ccn1|Ccn3|Cybb|Dab2|Fos|Glul|Junb|Lilrb4a|Tyrobp|Zeb2|Zfhx3,0.7827596214771039
drug1,GO_BP,GOBP_POSITIVE_REGULATION_OF_DNA_BINDING_TRANSCRIPTION_FACTOR_ACTIVITY,0,22,50,1500,0.0,1.0,,1.0
drug1,GO_BP,GOBP_POSITIVE_REGULATION_OF_DNA_METABOLIC_PROCESS,0,22,50,1500,0.0,1.0,,1.0
drug1,GO_BP,GOBP_POSITIVE_REGULATION_OF_ENDOCYTOSIS,2,29,50,1500,2.0689655172413794,0.25147901761228364,Apoe|Dab2,1.0
drug1,GO_BP,GOBP_POSITIVE_REGULATION_OF_ENDOTHELIAL_CELL_MIGRATION,1,27,50,1500,1.1111111111111112,0.60287685419108,Bsg,1.0
drug1,GO_BP,GOBP_POSITIVE_REGULATION_OF_ENDOTHELIAL_CELL_PROLIFERATION,0,26,50,1500,0.0,1.0,,1.0
drug1,GO_BP,GOBP_POSITIVE_REGULATION_OF_EPITHELIAL_CELL_DIFFERENTIATION,1,11,50,1500,2.7272727272727275,0.31215205147852715,Zeb2,1.0
drug1,GO_BP,GOBP_POSITIVE_REGULATION_OF_EPITHELIAL_CELL_PROLIFERATION,1,46,50,1500,0.6521739130434783,0.7947990506428715,Glul,1.0
drug1,GO_BP,GOBP_POSITIVE_REGULATION_OF_EPITHELIAL_TO_MESENCHYMAL_TRANSITION,1,13,50,1500,2.3076923076923075,0.3575867388571701,Dab2,1.0
drug1,GO_BP,GOBP_POSITIVE_REGULATION_OF_ERK1_AND_ERK2_CASCADE,2,42,50,1500,1.4285714285714286,0.4123282859057648,Apoe|Mt3,1.0
drug1,GO_BP,GOBP_POSITIVE_REGULATION_OF_ESTABLISHMENT_OF_PROTEIN_LOCALIZATION,3,33,50,1500,2.727272727272727,0.09437465903438064,Apoe|Bsg|Glul,0.8174231842944931
drug1,GO_BP,GOBP_POSITIVE_REGULATION_OF_EXCITATORY_POSTSYNAPTIC_POTENTIAL,0,10,50,1500,0.0,1.0,,1.0
drug1,GO_BP,GOBP_POSITIVE_REGULATION_OF_EXOCYTOSIS,0,13,50,1500,0.0,1.0,,1.0
drug1,GO_BP,GOBP_POSITIVE_REGULATION_OF_EXTRINSIC_APOPTOTIC_SIGNALING_PATHWAY,0,10,50,1500,0.0,1.0,,1.0
drug1,GO_BP,GOBP_POSITIVE_REGULATION_OF_FAT_CELL_DIFFERENTIATION,0,11,50,1500,0.0,1.0,,1.0
drug1,GO_BP,GOBP_POSITIVE_REGULATION_OF_FIBROBLAST_PROLIFERATION,0,17,50,1500,0.0,1.0,,1.0
drug1,GO_BP,GOBP_POSITIVE_REGULATION_OF_GENE_EXPRESSION,8,140,50,1500,1.7142857142857142,0.08701153128893965,Bsg|Ccn1|Cybb|Fcna|Ifi207|Mt3|Tyrobp|Zbtb20,0.7988346799125815
drug1,GO_BP,GOBP_POSITIVE_REGULATION_OF_GLIAL_CELL_DIFFERENTIATION,0,13,50,1500,0.0,1.0,,1.0
drug1,GO_BP,GOBP_POSITIVE_REGULATION_OF_GLIOGENESIS,0,20,50,1500,0.0,1.0,,1.0
drug1,GO_BP,GOBP_POSITIVE_REGULATION_OF_GROWTH,1,41,50,1500,0.7317073170731707,0.755653168747937,Apoe,1.0
drug1,GO_BP,GOBP_POSITIVE_REGULATION_OF_HEART_GROWTH,0,10,50,1500,0.0,1.0,,1.0
drug1,GO_BP,GOBP_POSITIVE_REGULATION_OF_HEMOPOIESIS,3,29,50,1500,3.103448275862069,0.06929647406754862,Fos|Lilrb4a|Tyrobp,0.7442726087676064
drug1,GO_BP,GOBP_POSITIVE_REGULATION_OF_HORMONE_SECRETION,2,23,50,1500,2.608695652173913,0.17706049687331893,Dab2|Glul,0.9760661983726833
drug1,GO_BP,GOBP_POSITIVE_REGULATION_OF_HYDROLASE_ACTIVITY,1,18,50,1500,1.6666666666666667,0.45869546617711976,Ccn1,1.0
drug1,GO_BP,GOBP_POSITIVE_REGULATION_OF_IMMUNE_EFFECTOR_PROCESS,2,34,50,1500,1.7647058823529411,0.3143712536930831,Lilrb4a|Tyrobp,1.0
drug1,GO_BP,GOBP_POSITIVE_REGULATION_OF_IMMUNE_RESPONSE,5,71,50,1500,2.112676056338028,0.08340125965686701,C1qc|Fcna|Ifi207|Lilrb4a|Tyrobp,0.7925558300725667
drug1,GO_BP,GOBP_POSITIVE_REGULATION_OF_IMMUNE_SYSTEM_PROCESS,7,129,50,1500,1.627906976744186,0.13129700386491314,C1qc|Fcna|Fos|Ifi207|Lilrb4a|Lyve1|Tyrobp,0.901387147684628
drug1,GO_BP,GOBP_POSITIVE_REGULATION_OF_INFLAMMATORY_RESPONSE,1,27,50,1500,1.1111111111111112,0.60287685419108,Ctss,1.0
drug1,GO_BP,GOBP_POSITIVE_REGULATION_OF_INSULIN_SECRETION,1,13,50,1500,2.3076923076923075,0.3575867388571701,Glul,1.0
drug1,GO_BP,GOBP_POSITIVE_REGULATION_OF_INTERLEUKIN_1_BETA_PRODUCTION,3,11,50,1500,8.181818181818182,0.004764529954141202,Ccn1|Ifi207|Tyrobp,0.24975358630578878
drug1,GO_BP,GOBP_POSITIVE_REGULATION_OF_INTERLEUKIN_1_PRODUCTION,3,12,50,1500,7.5,0.006204459645394968,Ccn1|Ifi207|Tyrobp,0.258519151891457
drug1,GO_BP,GOBP_POSITIVE_REGULATION_OF_INTERLEUKIN_6_PRODUCTION,4,18,50,1500,6.666666666666667,0.002369698940448127,Bsg|Ccn1|Tyrobp|Zbtb20,0.20267161990674767
drug1,GO_BP,GOBP_POSITIVE_REGULATION_OF_INTRACELLULAR_PROTEIN_TRANSPORT,0,10,50,1500,0.0,1.0,,1.0
drug1,GO_BP,GOBP_POSITIVE_REGULATION_OF_INTRACELLULAR_SIGNAL_TRANSDUCTION,5,137,50,1500,1.094890510948905,0.4871912966846989,Apoe|Dab2|Igfbp6|Mt3|Zeb2,1.0
drug1,GO_BP,GOBP_POSITIVE_REGULATION_OF_INTRACELLULAR_TRANSPORT,1,16,50,1500,1.875,0.4202758734830577,Dab2,1.0
drug1,GO_BP,GOBP_POSITIVE_REGULATION_OF_JNK_CASCADE,1,12,50,1500,2.5,0.33524969917904673,Dab2,1.0
drug1,GO_BP,GOBP_POSITIVE_REGULATION_OF_KINASE_ACTIVITY,3,42,50,1500,2.142857142857143,0.1617741692783923,Ccn1|Mt3|Zeb2,0.9559382730086817
drug1,GO_BP,GOBP_POSITIVE_REGULATION_OF_LEUKOCYTE_CELL_CELL_ADHESION,1,41,50,1500,0.7317073170731707,0.755653168747937,Lilrb4a,1.0
drug1,GO_BP,GOBP_POSITIVE_REGULATION_OF_LEUKOCYTE_CHEMOTAXIS,0,23,50,1500,0.0,1.0,,1.0
drug1,GO_BP,GOBP_POSITIVE_REGULATION_OF_LEUKOCYTE_MEDIATED_IMMUNITY,1,14,50,1500,2.142857142857143,0.3791877227557184,Tyrobp,1.0
drug1,GO_BP,GOBP_POSITIVE_REGULATION_OF_LEUKOCYTE_MIGRATION,1,33,50,1500,0.9090909090909091,0.6773123609777841,Lyve1,1.0
drug1,GO_BP,GOBP_POSITIVE_REGULATION_OF_LEUKOCYTE_PROLIFERATION,0,29,50,1500,0.0,1.0,,1.0
drug1,GO_BP,GOBP_POSITIVE_REGULATION_OF_LIPID_BIOSYNTHETIC_PROCESS,4,22,50,1500,5.454545454545455,0.005132127100932804,Apoe|Ccn1|Dab2|Zbtb20,0.25693254228959467
drug1,GO_BP,GOBP_POSITIVE_REGULATION_OF_LIPID_LOCALIZATION,2,21,50,1500,2.857142857142857,0.15314117104382513,Apoe|Dab2,0.9206414566339818
drug1,GO_BP,GOBP_POSITIVE_REGULATION_OF_LIPID_METABOLIC_PROCESS,4,25,50,1500,4.8,0.008242907697159811,Apoe|Ccn1|Dab2|Zbtb20,0.31150523274150455
drug1,GO_BP,GOBP_POSITIVE_REGULATION_OF_LIPID_TRANSPORT,2,18,50,1500,3.3333333333333335,0.11872751053120777,Apoe|Dab2,0.8769645664236938
drug1,GO_BP,GOBP_POSITIVE_REGULATION_OF_LOCOMOTION,4,132,50,1500,0.9090909090909091,0.6558625661828892,Bsg|Ccn1|Dab2|Lyve1,1.0
drug1,GO_BP,GOBP_POSITIVE_REGULATION_OF_LYMPHOCYTE_ACTIVATION,2,43,50,1500,1.3953488372093024,0.424148062560875,Lilrb4a|Tyrobp,1.0
drug1,GO_BP,GOBP_POSITIVE_REGULATION_OF_LYMPHOCYTE_DIFFERENTIATION,1,18,50,1500,1.6666666666666667,0.45869546617711976,Lilrb4a,1.0
drug1,GO_BP,GOBP_POSITIVE_REGULATION_OF_MAPK_CASCADE,5,83,50,1500,1.8072289156626506,0.13829574339246678,Apoe|Dab2|Igfbp6|Mt3|Zeb2,0.901387147684628
drug1,GO_BP,GOBP_POSITIVE_REGULATION_OF_MAP_KINASE_ACTIVITY,1,13,50,1500,2.3076923076923075,0.3575867388571701,Zeb2,1.0
drug1,GO_BP,GOBP_POSITIVE_REGULATION_OF_MIRNA_METABOLIC_PROCESS,1,12,50,1500,2.5,0.33524969917904673,Fos,1.0
drug1,GO_BP,GOBP_POSITIVE_REGULATION_OF_MITOTIC_CELL_CYCLE,0,15,50,1500,0.0,1.0,,1.0
drug1,GO_BP,GOBP_POSITIVE_REGULATION_OF_MITOTIC_CELL_CYCLE_PHASE_TRANSITION,0,11,50,1500,0.0,1.0,,1.0
drug1,GO_BP,GOBP_POSITIVE_REGULATION_OF_MOLECULAR_FUNCTION,5,100,50,1500,1.5,0.23676077226258654,Apoe|Ccn1|Ctss|Mt3|Zeb2,1.0
drug1,GO_BP,GOBP_POSITIVE_REGULATION_OF_MONOATOMIC_ION_TRANSMEMBRANE_TRANSPORT,1,23,50,1500,1.3043478260869565,0.5441591891136924,Ctss,1.0
drug1,GO_BP,GOBP_POSITIVE_REGULATION_OF_MONOATOMIC_ION_TRANSPORT,1,37,50,1500,0.8108108108108107,0.7191473688714989,Ctss,1.0
drug1,GO_BP,GOBP_POSITIVE_REGULATION_OF_MONONUCLEAR_CELL_MIGRATION,0,17,50,1500,0.0,1.0,,1.0
drug1,GO_BP,GOBP_POSITIVE_REGULATION_OF_MULTICELLULAR_ORGANISMAL_PROCESS,13,268,50,1500,1.4552238805970148,0.09399868919689686,Apoe|Bsg|Ccn1|Ccn3|Cybb|Dab2|Fcna|Fos|Ifi207|Lilrb4a|Tyrobp|Zbtb20|Zeb2,0.8174231842944931
drug1,GO_BP,GOBP_POSITIVE_REGULATION_OF_MUSCLE_CELL_DIFFERENTIATION,0,14,50,1500,0.0,1.0,,1.0
drug1,GO_BP,GOBP_POSITIVE_REGULATION_OF_MUSCLE_CONTRACTION,0,13,50,1500,0.0,1.0,,1.0
drug1,GO_BP,GOBP_POSITIVE_REGULATION_OF_MYELOID_CELL_DIFFERENTIATION,3,19,50,1500,4.736842105263158,0.023183209906023995,Fos|Glul|Tyrobp,0.4944039286765775
drug1,GO_BP,GOBP_POSITIVE_REGULATION_OF_MYELOID_LEUKOCYTE_DIFFERENTIATION,2,13,50,1500,4.615384615384615,0.06720522304156554,Fos|Tyrobp,0.732942868741906
drug1,GO_BP,GOBP_POSITIVE_REGULATION_OF_NERVOUS_SYSTEM_DEVELOPMENT,2,59,50,1500,1.0169491525423728,0.5946496976806868,Apoe|Zeb2,1.0
drug1,GO_BP,GOBP_POSITIVE_REGULATION_OF_NERVOUS_SYSTEM_PROCESS,0,13,50,1500,0.0,1.0,,1.0
drug1,GO_BP,GOBP_POSITIVE_REGULATION_OF_NEURAL_PRECURSOR_CELL_PROLIFERATION,0,12,50,1500,0.0,1.0,,1.0
drug1,GO_BP,GOBP_POSITIVE_REGULATION_OF_NEUROGENESIS,2,52,50,1500,1.1538461538461537,0.5246983784805676,Apoe|Zeb2,1.0
drug1,GO_BP,GOBP_POSITIVE_REGULATION_OF_NEURON_APOPTOTIC_PROCESS,0,11,50,1500,0.0,1.0,,1.0
drug1,GO_BP,GOBP_POSITIVE_REGULATION_OF_NEURON_DIFFERENTIATION,0,24,50,1500,0.0,1.0,,1.0
drug1,GO_BP,GOBP_POSITIVE_REGULATION_OF_NEURON_PROJECTION_DEVELOPMENT,1,42,50,1500,0.7142857142857143,0.764026946378234,Apoe,1.0
drug1,GO_BP,GOBP_POSITIVE_REGULATION_OF_NITRIC_OXIDE_METABOLIC_PROCESS,1,12,50,1500,2.5,0.33524969917904673,Apoe,1.0
drug1,GO_BP,GOBP_POSITIVE_REGULATION_OF_NUCLEAR_DIVISION,0,13,50,1500,0.0,1.0,,1.0
drug1,GO_BP,GOBP_POSITIVE_REGULATION_OF_ORGANELLE_ORGANIZATION,0,62,50,1500,0.0,1.0,,1.0
drug1,GO_BP,GOBP_POSITIVE_REGULATION_OF_ORGANIC_ACID_TRANSPORT,0,16,50,1500,0.0,1.0,,1.0
drug1,GO_BP,GOBP_POSITIVE_REGULATION_OF_ORGAN_GROWTH,0,13,50,1500,0.0,1.0,,1.0
drug1,GO_BP,GOBP_POSITIVE_REGULATION_OF_OSSIFICATION,2,12,50,1500,5.0,0.05807792677281182,Ccn1|Ccn3,0.6890809104821537
drug1,GO_BP,GOBP_POSITIVE_REGULATION_OF_OSTEOBLAST_DIFFERENTIATION,1,13,50,1500,2.3076923076923075,0.3575867388571701,Ccn1,1.0
drug1,GO_BP,GOBP_POSITIVE_REGULATION_OF_PEPTIDE_SECRETION,1,15,50,1500,2.0,0.4000764265660914,Glul,1.0
drug1,GO_BP,GOBP_POSITIVE_REGULATION_OF_PEPTIDYL_TYROSINE_PHOSPHORYLATION,0,27,50,1500,0.0,1.0,,1.0
drug1,GO_BP,GOBP_POSITIVE_REGULATION_OF_PHAGOCYTOSIS,0,12,50,1500,0.0,1.0,,1.0
drug1,GO_BP,GOBP_POSITIVE_REGULATION_OF_PHOSPHATIDYLINOSITOL_3_KINASE_PROTEIN_KINASE_B_SIGNAL_TRANSDUCTION,0,36,50,1500,0.0,1.0,,1.0
drug1,GO_BP,GOBP_POSITIVE_REGULATION_OF_PHOSPHORUS_METABOLIC_PROCESS,5,99,50,1500,1.5151515151515151,0.23044566504118327,Ccn1|Dab2|Mt3|Zbtb20|Zeb2,1.0
drug1,GO_BP,GOBP_POSITIVE_REGULATION_OF_PLASMA_MEMBRANE_BOUNDED_CELL_PROJECTION_ASSEMBLY,0,13,50,1500,0.0,1.0,,1.0
drug1,GO_BP,GOBP_POSITIVE_REGULATION_OF_POST_TRANSLATIONAL_PROTEIN_MODIFICATION,0,11,50,1500,0.0,1.0,,1.0
drug1,GO_BP,GOBP_POSITIVE_REGULATION_OF_PRODUCTION_OF_MOLECULAR_MEDIATOR_OF_IMMUNE_RESPONSE,0,16,50,1500,0.0,1.0,,1.0
drug1,GO_BP,GOBP_POSITIVE_REGULATION_OF_PROGRAMMED_CELL_DEATH,2,85,50,1500,0.7058823529411764,0.7884395457005132,Ccn1|Ctsd,1.0
drug1,GO_BP,GOBP_POSITIVE_REGULATION_OF_PROTEASOMAL_PROTEIN_CATABOLIC_PROCESS,1,12,50,1500,2.5,0.33524969917904673,Dab2,1.0
drug1,GO_BP,GOBP_POSITIVE_REGULATION_OF_PROTEIN_CATABOLIC_PROCESS,2,25,50,1500,2.4,0.20153398901832625,Apoe|Dab2,1.0
drug1,GO_BP,GOBP_POSITIVE_REGULATION_OF_PROTEIN_CONTAINING_COMPLEX_ASSEMBLY,0,26,50,1500,0.0,1.0,,1.0
drug1,GO_BP,GOBP_POSITIVE_REGULATION_OF_PROTEIN_LOCALIZATION,4,53,50,1500,2.2641509433962264,0.09651755844300068,Apoe|Bsg|Glul|Tyrobp,0.8174231842944931
drug1,GO_BP,GOBP_POSITIVE_REGULATION_OF_PROTEIN_LOCALIZATION_TO_CELL_PERIPHERY,0,13,50,1500,0.0,1.0,,1.0
drug1,GO_BP,GOBP_POSITIVE_REGULATION_OF_PROTEIN_LOCALIZATION_TO_MEMBRANE,0,13,50,1500,0.0,1.0,,1.0
drug1,GO_BP,GOBP_POSITIVE_REGULATION_OF_PROTEIN_LOCALIZATION_TO_NUCLEUS,0,12,50,1500,0.0,1.0,,1.0
drug1,GO_BP,GOBP_POSITIVE_REGULATION_OF_PROTEIN_LOCALIZATION_TO_PLASMA_MEMBRANE,0,11,50,1500,0.0,1.0,,1.0
drug1,GO_BP,GOBP_POSITIVE_REGULATION_OF_PROTEIN_METABOLIC_PROCESS,5,123,50,1500,1.2195121951219514,0.39147513734649647,Apoe|Ccn1|Dab2|Mt3|Zeb2,1.0
drug1,GO_BP,GOBP_POSITIVE_REGULATION_OF_PROTEIN_MODIFICATION_PROCESS,4,93,50,1500,1.2903225806451613,0.37594483182011246,Ccn1|Dab2|Mt3|Zeb2,1.0
drug1,GO_BP,GOBP_POSITIVE_REGULATION_OF_PROTEIN_SECRETION,2,19,50,1500,3.1578947368421053,0.12996801648711176,Bsg|Glul,0.900104864384599
drug1,GO_BP,GOBP_POSITIVE_REGULATION_OF_PROTEIN_SERINE_THREONINE_KINASE_ACTIVITY,1,24,50,1500,1.25,0.5595904961849962,Zeb2,1.0
drug1,GO_BP,GOBP_POSITIVE_REGULATION_OF_PROTEIN_TRANSPORT,3,31,50,1500,2.9032258064516125,0.0814070006336188,Apoe|Bsg|Glul,0.7827596214771039
drug1,GO_BP,GOBP_POSITIVE_REGULATION_OF_PROTEIN_UBIQUITINATION,0,10,50,1500,0.0,1.0,,1.0
drug1,GO_BP,GOBP_POSITIVE_REGULATION_OF_PROTEOLYSIS,2,21,50,1500,2.857142857142857,0.15314117104382513,Apoe|Dab2,0.9206414566339818
drug1,GO_BP,GOBP_POSITIVE_REGULATION_OF_PROTEOLYSIS_INVOLVED_IN_PROTEIN_CATABOLIC_PROCESS,1,14,50,1500,2.142857142857143,0.3791877227557184,Dab2,1.0
drug1,GO_BP,GOBP_POSITIVE_REGULATION_OF_REACTIVE_OXYGEN_SPECIES_METABOLIC_PROCESS,1,10,50,1500,3.0,0.2882684421548648,Tyrobp,1.0
drug1,GO_BP,GOBP_POSITIVE_REGULATION_OF_REPRODUCTIVE_PROCESS,0,18,50,1500,0.0,1.0,,1.0
drug1,GO_BP,GOBP_POSITIVE_REGULATION_OF_RESPONSE_TO_BIOTIC_STIMULUS,4,34,50,1500,3.5294117647058822,0.024233122928500488,Fcna|Ifi207|Ly86|Tyrobp,0.4944039286765775
drug1,GO_BP,GOBP_POSITIVE_REGULATION_OF_RESPONSE_TO_EXTERNAL_STIMULUS,5,86,50,1500,1.744186046511628,0.1541012161258111,Ctss|Fcna|Ifi207|Ly86|Tyrobp,0.9206414566339818
drug1,GO_BP,GOBP_POSITIVE_REGULATION_OF_RESPONSE_TO_WOUNDING,0,16,50,1500,0.0,1.0,,1.0
drug1,GO_BP,GOBP_POSITIVE_REGULATION_OF_RNA_METABOLIC_PROCESS,11,146,50,1500,2.26027397260274,0.006702465676336858,Apoe|Ccn1|Dab2|Fos|Ifi207|Junb|Mafb|Mt3|Pf4|Zeb2|Zfhx3,0.26564650546457064
drug1,GO_BP,GOBP_POSITIVE_REGULATION_OF_SECRETION,3,52,50,1500,1.7307692307692306,0.24889507447060455,Bsg|Dab2|Glul,1.0
drug1,GO_BP,GOBP_POSITIVE_REGULATION_OF_SIGNAL_TRANSDUCTION,9,197,50,1500,1.3705583756345179,0.2003484599585749,Apoe|Ccn1|Ccn3|Ctsd|Dab2|Igfbp6|Ly86|Mt3|Zeb2,1.0
drug1,GO_BP,GOBP_POSITIVE_REGULATION_OF_SMALL_MOLECULE_METABOLIC_PROCESS,3,23,50,1500,3.913043478260869,0.03859569973016896,Apoe|Dab2|Zbtb20,0.6047770886816161
drug1,GO_BP,GOBP_POSITIVE_REGULATION_OF_SMOOTH_MUSCLE_CELL_MIGRATION,0,21,50,1500,0.0,1.0,,1.0
drug1,GO_BP,GOBP_POSITIVE_REGULATION_OF_SMOOTH_MUSCLE_CELL_PROLIFERATION,0,25,50,1500,0.0,1.0,,1.0
drug1,GO_BP,GOBP_POSITIVE_REGULATION_OF_SYNAPTIC_TRANSMISSION,3,40,50,1500,2.25,0.1456779707612884,Apoe|Glul|Tyrobp,0.914002712305381
drug1,GO_BP,GOBP_POSITIVE_REGULATION_OF_SYNAPTIC_TRANSMISSION_GLUTAMATERGIC,1,12,50,1500,2.5,0.33524969917904673,Glul,1.0
drug1,GO_BP,GOBP_POSITIVE_REGULATION_OF_TRANSCRIPTION_BY_RNA_POLYMERASE_II,9,121,50,1500,2.231404958677686,0.015771082816487425,Ccn1|Dab2|Fos|Ifi207|Junb|Mafb|Pf4|Zeb2|Zfhx3,0.4349907664659411
drug1,GO_BP,GOBP_POSITIVE_REGULATION_OF_TRANSFERASE_ACTIVITY,4,45,50,1500,2.6666666666666665,0.05956914793339073,Apoe|Ccn1|Mt3|Zeb2,0.696401909293237
drug1,GO_BP,GOBP_POSITIVE_REGULATION_OF_TRANSMEMBRANE_RECEPTOR_PROTEIN_SERINE_THREONINE_KINASE_SIGNALING_PATHWAY,3,18,50,1500,5.0,0.019985074320243792,Ccn1|Dab2|Zeb2,0.46393922529137377
drug1,GO_BP,GOBP_POSITIVE_REGULATION_OF_TRANSMEMBRANE_TRANSPORT,1,34,50,1500,0.8823529411764706,0.6883105763500479,Ctss,1.0
drug1,GO_BP,GOBP_POSITIVE_REGULATION_OF_TRANSPORT,5,134,50,1500,1.1194029850746268,0.4669597616131559,Apoe|Bsg|Ctss|Dab2|Glul,1.0
drug1,GO_BP,GOBP_POSITIVE_REGULATION_OF_TRANSPORTER_ACTIVITY,1,12,50,1500,2.5,0.33524969917904673,Ctss,1.0
drug1,GO_BP,GOBP_POSITIVE_REGULATION_OF_TUMOR_NECROSIS_FACTOR_SUPERFAMILY_CYTOKINE_PRODUCTION,4,20,50,1500,6.0,0.003571145496803295,Ccn1|Cybb|Tyrobp|Zbtb20,0.21493005304834648
drug1,GO_BP,GOBP_POSITIVE_REGULATION_OF_TYPE_II_INTERFERON_PRODUCTION,0,10,50,1500,0.0,1.0,,1.0
drug1,GO_BP,GOBP_POSITIVE_REGULATION_OF_T_CELL_PROLIFERATION,0,17,50,1500,0.0,1.0,,1.0
drug1,GO_BP,GOBP_POSITIVE_REGULATION_OF_UBIQUITIN_DEPENDENT_PROTEIN_CATABOLIC_PROCESS,1,10,50,1500,3.0,0.2882684421548648,Dab2,1.0
drug1,GO_BP,GOBP_POSITIVE_REGULATION_OF_VASCULATURE_DEVELOPMENT,1,43,50,1500,0.6976744186046512,0.7721193007548377,Cybb,1.0
drug1,GO_BP,GOBP_POSITIVE_REGULATION_OF_WNT_SIGNALING_PATHWAY,2,13,50,1500,4.615384615384615,0.06720522304156554,Dab2|Zeb2,0.732942868741906
drug1,GO_BP,GOBP_POSITIVE_REGULATION_OF_WOUND_HEALING,0,13,50,1500,0.0,1.0,,1.0
drug1,GO_BP,GOBP_POSTSYNAPSE_ASSEMBLY,0,20,50,1500,0.0,1.0,,1.0
drug1,GO_BP,GOBP_POSTSYNAPSE_ORGANIZATION,1,50,50,1500,0.6,0.8216281799211584,Apoe,1.0
drug1,GO_BP,GOBP_POSTSYNAPTIC_DENSITY_ASSEMBLY,0,10,50,1500,0.0,1.0,,1.0
drug1,GO_BP,GOBP_POSTSYNAPTIC_DENSITY_ORGANIZATION,0,13,50,1500,0.0,1.0,,1.0
drug1,GO_BP,GOBP_POSTSYNAPTIC_SPECIALIZATION_ASSEMBLY,0,10,50,1500,0.0,1.0,,1.0
drug1,GO_BP,GOBP_POSTSYNAPTIC_SPECIALIZATION_ORGANIZATION,0,13,50,1500,0.0,1.0,,1.0
drug1,GO_BP,GOBP_POST_EMBRYONIC_DEVELOPMENT,0,21,50,1500,0.0,1.0,,1.0
drug1,GO_BP,GOBP_POST_TRANSCRIPTIONAL_REGULATION_OF_GENE_EXPRESSION,0,19,50,1500,0.0,1.0,,1.0
drug1,GO_BP,GOBP_POST_TRANSLATIONAL_PROTEIN_MODIFICATION,0,44,50,1500,0.0,1.0,,1.0
drug1,GO_BP,GOBP_POTASSIUM_ION_IMPORT_ACROSS_PLASMA_MEMBRANE,0,10,50,1500,0.0,1.0,,1.0
drug1,GO_BP,GOBP_POTASSIUM_ION_TRANSMEMBRANE_TRANSPORT,0,25,50,1500,0.0,1.0,,1.0
drug1,GO_BP,GOBP_POTASSIUM_ION_TRANSPORT,0,30,50,1500,0.0,1.0,,1.0
drug1,GO_BP,GOBP_PRIMARY_NEURAL_TUBE_FORMATION,1,13,50,1500,2.3076923076923075,0.3575867388571701,Zeb2,1.0
drug1,GO_BP,GOBP_PROCESS_UTILIZING_AUTOPHAGIC_MECHANISM,1,29,50,1500,1.0344827586206897,0.6293882879681989,Ctsd,1.0
drug1,GO_BP,GOBP_PRODUCTION_OF_MOLECULAR_MEDIATOR_OF_IMMUNE_RESPONSE,1,31,50,1500,0.9677419354838709,0.6541629208821762,Lilrb4a,1.0
drug1,GO_BP,GOBP_PROTEASOMAL_PROTEIN_CATABOLIC_PROCESS,2,28,50,1500,2.142857142857143,0.2389147042643709,Apoe|Dab2,1.0
drug1,GO_BP,GOBP_PROTEASOME_MEDIATED_UBIQUITIN_DEPENDENT_PROTEIN_CATABOLIC_PROCESS,1,18,50,1500,1.6666666666666667,0.45869546617711976,Dab2,1.0
drug1,GO_BP,GOBP_PROTEIN_AUTOPHOSPHORYLATION,0,28,50,1500,0.0,1.0,,1.0
drug1,GO_BP,GOBP_PROTEIN_CATABOLIC_PROCESS,4,64,50,1500,1.875,0.16099743971308023,Apoe|Ctsd|Ctss|Dab2,0.9548205822399831
drug1,GO_BP,GOBP_PROTEIN_COMPLEX_OLIGOMERIZATION,1,28,50,1500,1.0714285714285714,0.616356933817995,Kctd12,1.0
drug1,GO_BP,GOBP_PROTEIN_CONTAINING_COMPLEX_DISASSEMBLY,0,21,50,1500,0.0,1.0,,1.0
drug1,GO_BP,GOBP_PROTEIN_CONTAINING_COMPLEX_LOCALIZATION,1,33,50,1500,0.9090909090909091,0.6773123609777841,Tyrobp,1.0
drug1,GO_BP,GOBP_PROTEIN_CONTAINING_COMPLEX_ORGANIZATION,8,149,50,1500,1.610738255033557,0.11507082343118712,Apoe|Dab2|Ifi207|Kctd12|Mgp|Pf4|mt-Co3|mt-Nd4,0.8769645664236938
drug1,GO_BP,GOBP_PROTEIN_DEPOLYMERIZATION,0,14,50,1500,0.0,1.0,,1.0
drug1,GO_BP,GOBP_PROTEIN_HOMOOLIGOMERIZATION,1,19,50,1500,1.5789473684210527,0.4769581022710094,Kctd12,1.0
drug1,GO_BP,GOBP_PROTEIN_LOCALIZATION_TO_CELL_JUNCTION,0,33,50,1500,0.0,1.0,,1.0
drug1,GO_BP,GOBP_PROTEIN_LOCALIZATION_TO_CELL_PERIPHERY,2,43,50,1500,1.3953488372093024,0.424148062560875,Bsg|Dab2,1.0
drug1,GO_BP,GOBP_PROTEIN_LOCALIZATION_TO_EXTRACELLULAR_REGION,4,48,50,1500,2.5,0.07234859642143912,Apoe|Bsg|Ccn3|Glul,0.7684082953257423
drug1,GO_BP,GOBP_PROTEIN_LOCALIZATION_TO_NUCLEUS,2,29,50,1500,2.0689655172413794,0.25147901761228364,Glul|Lilrb4a,1.0
drug1,GO_BP,GOBP_PROTEIN_LOCALIZATION_TO_ORGANELLE,3,75,50,1500,1.2,0.4614754911113825,Folr2|Glul|Lilrb4a,1.0
drug1,GO_BP,GOBP_PROTEIN_LOCALIZATION_TO_PLASMA_MEMBRANE,2,26,50,1500,2.3076923076923075,0.21392436250078883,Bsg|Dab2,1.0
drug1,GO_BP,GOBP_PROTEIN_LOCALIZATION_TO_POSTSYNAPSE,0,16,50,1500,0.0,1.0,,1.0
drug1,GO_BP,GOBP_PROTEIN_LOCALIZATION_TO_SYNAPSE,0,24,50,1500,0.0,1.0,,1.0
drug1,GO_BP,GOBP_PROTEIN_MATURATION,3,35,50,1500,2.571428571428571,0.10814346217319507,Ctss|F13a1|Mafb,0.8489522996688019
drug1,GO_BP,GOBP_PROTEIN_MODIFICATION_BY_SMALL_PROTEIN_CONJUGATION,0,38,50,1500,0.0,1.0,,1.0
drug1,GO_BP,GOBP_PROTEIN_POLYMERIZATION,0,30,50,1500,0.0,1.0,,1.0
drug1,GO_BP,GOBP_PROTEIN_PROCESSING,2,21,50,1500,2.857142857142857,0.15314117104382513,Ctss|Mafb,0.9206414566339818
drug1,GO_BP,GOBP_PROTEIN_STABILIZATION,2,17,50,1500,3.5294117647058822,0.10775612872998955,Mt3|Tyrobp,0.8489522996688019
drug1,GO_BP,GOBP_PROTEIN_TARGETING,1,11,50,1500,2.7272727272727275,0.31215205147852715,Folr2,1.0
drug1,GO_BP,GOBP_PROTEIN_TETRAMERIZATION,0,14,50,1500,0.0,1.0,,1.0
drug1,GO_BP,GOBP_PROTEIN_TRANSPORT,5,110,50,1500,1.3636363636363638,0.3023608766936315,Apoe|Bsg|Ccn3|Dab2|Glul,1.0
drug1,GO_BP,GOBP_PROTEOLYSIS,5,88,50,1500,1.7045454545454546,0.1650535767050011,Apoe|Ctsd|Ctss|Dab2|Mafb,0.9613335560775152
drug1,GO_BP,GOBP_PROTEOLYSIS_INVOLVED_IN_PROTEIN_CATABOLIC_PROCESS,3,39,50,1500,2.3076923076923075,0.13784616132080219,Apoe|Ctss|Dab2,0.901387147684628
drug1,GO_BP,GOBP_PROTON_TRANSMEMBRANE_TRANSPORT,3,16,50,1500,5.625,0.014373895602843016,mt-Co2|mt-Co3|mt-Nd4,0.42468327917490734
drug1,GO_BP,GOBP_PURINE_CONTAINING_COMPOUND_METABOLIC_PROCESS,3,37,50,1500,2.4324324324324325,0.12265434187292903,Ttr|Zbtb20|mt-Nd4,0.897807682628422
drug1,GO_BP,GOBP_PYRIDINE_CONTAINING_COMPOUND_METABOLIC_PROCESS,1,14,50,1500,2.142857142857143,0.3791877227557184,Zbtb20,1.0
drug1,GO_BP,GOBP_REACTIVE_NITROGEN_SPECIES_METABOLIC_PROCESS,1,16,50,1500,1.875,0.4202758734830577,Apoe,1.0
drug1,GO_BP,GOBP_REACTIVE_OXYGEN_SPECIES_METABOLIC_PROCESS,5,29,50,1500,5.172413793103448,0.002178744335142348,Ccn1|Cybb|Gpx3|Mt3|Tyrobp,0.19669219692257311
drug1,GO_BP,GOBP_RECEPTOR_CLUSTERING,1,11,50,1500,2.7272727272727275,0.31215205147852715,Apoe,1.0
drug1,GO_BP,GOBP_RECEPTOR_INTERNALIZATION,2,27,50,1500,2.2222222222222223,0.22639072579076921,Dab2|Lilrb4a,1.0
drug1,GO_BP,GOBP_RECEPTOR_LOCALIZATION_TO_SYNAPSE,1,19,50,1500,1.5789473684210527,0.4769581022710094,Tyrobp,1.0
drug1,GO_BP,GOBP_RECEPTOR_MEDIATED_ENDOCYTOSIS,6,45,50,1500,4.0,0.0030489224113921134,Apoe|Dab2|Lilrb4a|Lyve1|Mrc1|Siglech,0.21493005304834648
drug1,GO_BP,GOBP_RECEPTOR_METABOLIC_PROCESS,3,12,50,1500,7.5,0.006204459645394968,Apoe|Ctsd|Dab2,0.258519151891457
drug1,GO_BP,GOBP_REGENERATION,2,46,50,1500,1.3043478260869565,0.4588829057877858,Apoe|Ccn3,1.0
drug1,GO_BP,GOBP_REGULATED_EXOCYTOSIS,0,36,50,1500,0.0,1.0,,1.0
drug1,GO_BP,GOBP_REGULATION_OF_ACTIN_FILAMENT_BASED_MOVEMENT,1,10,50,1500,3.0,0.2882684421548648,Zeb2,1.0
drug1,GO_BP,GOBP_REGULATION_OF_ACTIN_FILAMENT_BASED_PROCESS,1,61,50,1500,0.49180327868852464,0.878913597963366,Zeb2,1.0
drug1,GO_BP,GOBP_REGULATION_OF_ACTIN_FILAMENT_BUNDLE_ASSEMBLY,0,15,50,1500,0.0,1.0,,1.0
drug1,GO_BP,GOBP_REGULATION_OF_ACTIN_FILAMENT_LENGTH,0,19,50,1500,0.0,1.0,,1.0
drug1,GO_BP,GOBP_REGULATION_OF_ACTIN_FILAMENT_ORGANIZATION,0,34,50,1500,0.0,1.0,,1.0
drug1,GO_BP,GOBP_REGULATION_OF_ACTION_POTENTIAL,0,11,50,1500,0.0,1.0,,1.0
drug1,GO_BP,GOBP_REGULATION_OF_ACTOMYOSIN_STRUCTURE_ORGANIZATION,0,17,50,1500,0.0,1.0,,1.0
drug1,GO_BP,GOBP_REGULATION_OF_ADAPTIVE_IMMUNE_RESPONSE,2,26,50,1500,2.3076923076923075,0.21392436250078883,Lilrb4a|Pf4,1.0
drug1,GO_BP,GOBP_REGULATION_OF_ALPHA_BETA_T_CELL_ACTIVATION,2,13,50,1500,4.615384615384615,0.06720522304156554,Lilrb4a|Pf4,0.732942868741906
drug1,GO_BP,GOBP_REGULATION_OF_ALPHA_BETA_T_CELL_DIFFERENTIATION,2,10,50,1500,6.0,0.04131092728840577,Lilrb4a|Pf4,0.6047770886816161
drug1,GO_BP,GOBP_REGULATION_OF_AMIDE_METABOLIC_PROCESS,2,12,50,1500,5.0,0.05807792677281182,Apoe|Ccn1,0.6890809104821537
drug1,GO_BP,GOBP_REGULATION_OF_AMINO_ACID_TRANSPORT,0,16,50,1500,0.0,1.0,,1.0
drug1,GO_BP,GOBP_REGULATION_OF_ANATOMICAL_STRUCTURE_MORPHOGENESIS,7,144,50,1500,1.4583333333333335,0.19724683140540974,Apoe|Cybb|Glul|Mt3|Pf4|Stab1|Zeb2,1.0
drug1,GO_BP,GOBP_REGULATION_OF_ANATOMICAL_STRUCTURE_SIZE,2,82,50,1500,0.7317073170731707,0.7710363237317353,Apoe|Mt3,1.0
drug1,GO_BP,GOBP_REGULATION_OF_ANIMAL_ORGAN_MORPHOGENESIS,0,10,50,1500,0.0,1.0,,1.0
drug1,GO_BP,GOBP_REGULATION_OF_APOPTOTIC_SIGNALING_PATHWAY,1,45,50,1500,0.6666666666666666,0.7874965257547175,Dab2,1.0
drug1,GO_BP,GOBP_REGULATION_OF_ASTROCYTE_DIFFERENTIATION,0,10,50,1500,0.0,1.0,,1.0
drug1,GO_BP,GOBP_REGULATION_OF_AUTOPHAGY,0,17,50,1500,0.0,1.0,,1.0
drug1,GO_BP,GOBP_REGULATION_OF_AXONOGENESIS,3,27,50,1500,3.333333333333333,0.058094821376033876,Apoe|Mt3|Zeb2,0.6890809104821537
drug1,GO_BP,GOBP_REGULATION_OF_BEHAVIOR,2,17,50,1500,3.5294117647058822,0.10775612872998955,Apoe|Zfhx3,0.8489522996688019
drug1,GO_BP,GOBP_REGULATION_OF_BINDING,2,38,50,1500,1.5789473684210527,0.3640022098915078,Dab2|Ifi207,1.0
drug1,GO_BP,GOBP_REGULATION_OF_BIOMINERAL_TISSUE_DEVELOPMENT,2,18,50,1500,3.3333333333333335,0.11872751053120777,Ccn1|Mgp,0.8769645664236938
drug1,GO_BP,GOBP_REGULATION_OF_BLOOD_CIRCULATION,0,42,50,1500,0.0,1.0,,1.0
drug1,GO_BP,GOBP_REGULATION_OF_BLOOD_PRESSURE,1,42,50,1500,0.7142857142857143,0.764026946378234,Ttr,1.0
drug1,GO_BP,GOBP_REGULATION_OF_BLOOD_VESSEL_ENDOTHELIAL_CELL_MIGRATION,1,25,50,1500,1.2,0.5745095173169409,Apoe,1.0
drug1,GO_BP,GOBP_REGULATION_OF_BMP_SIGNALING_PATHWAY,1,22,50,1500,1.3636363636363638,0.5281983764075895,Ccn1,1.0
drug1,GO_BP,GOBP_REGULATION_OF_BODY_FLUID_LEVELS,6,50,50,1500,3.5999999999999996,0.0052355097130162825,Apoe|F13a1|Lilrb4a|Pf4|Ttr|mt-Co2,0.25693254228959467
drug1,GO_BP,GOBP_REGULATION_OF_BONE_MINERALIZATION,2,17,50,1500,3.5294117647058822,0.10775612872998955,Ccn1|Mgp,0.8489522996688019
drug1,GO_BP,GOBP_REGULATION_OF_BONE_REMODELING,0,12,50,1500,0.0,1.0,,1.0
drug1,GO_BP,GOBP_REGULATION_OF_B_CELL_ACTIVATION,2,19,50,1500,3.1578947368421053,0.12996801648711176,Lilrb4a|Tyrobp,0.900104864384599
drug1,GO_BP,GOBP_REGULATION_OF_B_CELL_PROLIFERATION,1,12,50,1500,2.5,0.33524969917904673,Tyrobp,1.0
drug1,GO_BP,GOBP_REGULATION_OF_CALCIUM_ION_TRANSMEMBRANE_TRANSPORT,0,20,50,1500,0.0,1.0,,1.0
drug1,GO_BP,GOBP_REGULATION_OF_CALCIUM_ION_TRANSPORT,0,41,50,1500,0.0,1.0,,1.0
drug1,GO_BP,GOBP_REGULATION_OF_CALCIUM_MEDIATED_SIGNALING,0,19,50,1500,0.0,1.0,,1.0
drug1,GO_BP,GOBP_REGULATION_OF_CANONICAL_WNT_SIGNALING_PATHWAY,3,23,50,1500,3.913043478260869,0.03859569973016896,Apoe|Dab2|Zeb2,0.6047770886816161
drug1,GO_BP,GOBP_REGULATION_OF_CARBOHYDRATE_METABOLIC_PROCESS,1,18,50,1500,1.6666666666666667,0.45869546617711976,Zbtb20,1.0
drug1,GO_BP,GOBP_REGULATION_OF_CARDIAC_MUSCLE_CONTRACTION,0,14,50,1500,0.0,1.0,,1.0
drug1,GO_BP,GOBP_REGULATION_OF_CARTILAGE_DEVELOPMENT,1,15,50,1500,2.0,0.4000764265660914,Ccn1,1.0
drug1,GO_BP,GOBP_REGULATION_OF_CATABOLIC_PROCESS,4,73,50,1500,1.6438356164383563,0.2229332079785055,Apoe|Dab2|Mt3|Zbtb20,1.0
drug1,GO_BP,GOBP_REGULATION_OF_CATALYTIC_ACTIVITY,5,100,50,1500,1.5,0.23676077226258654,Apoe|Ccn1|Lilrb4a|Mt3|Zeb2,1.0
drug1,GO_BP,GOBP_REGULATION_OF_CATECHOLAMINE_SECRETION,0,11,50,1500,0.0,1.0,,1.0
drug1,GO_BP,GOBP_REGULATION_OF_CATION_CHANNEL_ACTIVITY,1,12,50,1500,2.5,0.33524969917904673,Ctss,1.0
drug1,GO_BP,GOBP_REGULATION_OF_CD4_POSITIVE_ALPHA_BETA_T_CELL_ACTIVATION,1,11,50,1500,2.7272727272727275,0.31215205147852715,Pf4,1.0
drug1,GO_BP,GOBP_REGULATION_OF_CELLULAR_COMPONENT_BIOGENESIS,3,126,50,1500,0.7142857142857143,0.8071875285767773,Apoe|Ccn1|Ifi207,1.0
drug1,GO_BP,GOBP_REGULATION_OF_CELLULAR_COMPONENT_SIZE,2,47,50,1500,1.2765957446808511,0.4702033260751992,Apoe|Mt3,1.0
drug1,GO_BP,GOBP_REGULATION_OF_CELLULAR_LOCALIZATION,8,98,50,1500,2.4489795918367347,0.013531943921189098,Apoe|Bsg|Ccn3|Ctsd|Dab2|Glul|Lilrb4a|Tyrobp,0.4172059844448404
drug1,GO_BP,GOBP_REGULATION_OF_CELLULAR_RESPONSE_TO_GROWTH_FACTOR_STIMULUS,3,53,50,1500,1.6981132075471699,0.258037725432261,Ccn1|Mt3|Zeb2,1.0
drug1,GO_BP,GOBP_REGULATION_OF_CELLULAR_RESPONSE_TO_INSULIN_STIMULUS,1,13,50,1500,2.3076923076923075,0.3575867388571701,Ctsd,1.0
drug1,GO_BP,GOBP_REGULATION_OF_CELLULAR_RESPONSE_TO_STRESS,1,38,50,1500,0.7894736842105263,0.7287458866817691,Igfbp6,1.0
drug1,GO_BP,GOBP_REGULATION_OF_CELLULAR_RESPONSE_TO_TRANSFORMING_GROWTH_FACTOR_BETA_STIMULUS,1,14,50,1500,2.142857142857143,0.3791877227557184,Zeb2,1.0
drug1,GO_BP,GOBP_REGULATION_OF_CELL_ACTIVATION,4,92,50,1500,1.3043478260869565,0.3681094303731707,Apoe|Lilrb4a|Pf4|Tyrobp,1.0
drug1,GO_BP,GOBP_REGULATION_OF_CELL_ADHESION,5,135,50,1500,1.1111111111111112,0.47372741487837067,Ccn1|Dab2|Lilrb4a|Pf4|Zfhx3,1.0
drug1,GO_BP,GOBP_REGULATION_OF_CELL_CELL_ADHESION,2,71,50,1500,0.8450704225352113,0.6966202127352072,Lilrb4a|Pf4,1.0
drug1,GO_BP,GOBP_REGULATION_OF_CELL_CYCLE,1,104,50,1500,0.28846153846153844,0.974137744578432,Junb,1.0
drug1,GO_BP,GOBP_REGULATION_OF_CELL_CYCLE_G1_S_PHASE_TRANSITION,0,23,50,1500,0.0,1.0,,1.0
drug1,GO_BP,GOBP_REGULATION_OF_CELL_CYCLE_PHASE_TRANSITION,0,41,50,1500,0.0,1.0,,1.0
drug1,GO_BP,GOBP_REGULATION_OF_CELL_CYCLE_PROCESS,0,74,50,1500,0.0,1.0,,1.0
drug1,GO_BP,GOBP_REGULATION_OF_CELL_DEVELOPMENT,10,142,50,1500,2.112676056338028,0.01568748662076023,Apoe|C1qc|Fos|Glul|Lilrb4a|Mafb|Mt3|Pf4|Tyrobp|Zeb2,0.4349907664659411
drug1,GO_BP,GOBP_REGULATION_OF_CELL_DIFFERENTIATION,15,253,50,1500,1.7786561264822134,0.01386407579078239,Apoe|C1qc|Ccn1|Ccn3|Dab2|Fos|Glul|Junb|Lilrb4a|Mafb|Mt3|Pf4|Tyrobp|Zeb2|Zfhx3,0.4172059844448404
drug1,GO_BP,GOBP_REGULATION_OF_CELL_DIVISION,0,23,50,1500,0.0,1.0,,1.0
drug1,GO_BP,GOBP_REGULATION_OF_CELL_GROWTH,4,54,50,1500,2.2222222222222223,0.10176389420560962,Apoe|Ccn3|Dab2|Mt3,0.8437057555312022
drug1,GO_BP,GOBP_REGULATION_OF_CELL_JUNCTION_ASSEMBLY,0,53,50,1500,0.0,1.0,,1.0
drug1,GO_BP,GOBP_REGULATION_OF_CELL_KILLING,1,10,50,1500,3.0,0.2882684421548648,Tyrobp,1.0
drug1,GO_BP,GOBP_REGULATION_OF_CELL_MATRIX_ADHESION,0,25,50,1500,0.0,1.0,,1.0
drug1,GO_BP,GOBP_REGULATION_OF_CELL_MIGRATION_INVOLVED_IN_SPROUTING_ANGIOGENESIS,0,13,50,1500,0.0,1.0,,1.0
drug1,GO_BP,GOBP_REGULATION_OF_CELL_MORPHOGENESIS,0,35,50,1500,0.0,1.0,,1.0
drug1,GO_BP,GOBP_REGULATION_OF_CELL_POPULATION_PROLIFERATION,11,248,50,1500,1.3306451612903225,0.19050734009337447,Apoe|Ccn1|Ccn3|Dab2|Folr2|Glul|Junb|Lilrb4a|Pf4|Sat1|Tyrobp,1.0
drug1,GO_BP,GOBP_REGULATION_OF_CELL_PROJECTION_ASSEMBLY,0,25,50,1500,0.0,1.0,,1.0
drug1,GO_BP,GOBP_REGULATION_OF_CELL_PROJECTION_ORGANIZATION,4,122,50,1500,0.9836065573770493,0.5915166204846214,Apoe|Dab2|Mt3|Zeb2,1.0
drug1,GO_BP,GOBP_REGULATION_OF_CELL_SHAPE,0,16,50,1500,0.0,1.0,,1.0
drug1,GO_BP,GOBP_REGULATION_OF_CELL_SIZE,2,26,50,1500,2.3076923076923075,0.21392436250078883,Apoe|Mt3,1.0
drug1,GO_BP,GOBP_REGULATION_OF_CELL_SUBSTRATE_ADHESION,2,49,50,1500,1.2244897959183674,0.4924325236817257,Ccn1|Dab2,1.0
drug1,GO_BP,GOBP_REGULATION_OF_CELL_SUBSTRATE_JUNCTION_ORGANIZATION,0,17,50,1500,0.0,1.0,,1.0
drug1,GO_BP,GOBP_REGULATION_OF_CHEMOTAXIS,1,46,50,1500,0.6521739130434783,0.7947990506428715,Ccn3,1.0
drug1,GO_BP,GOBP_REGULATION_OF_CHONDROCYTE_DIFFERENTIATION,0,13,50,1500,0.0,1.0,,1.0
drug1,GO_BP,GOBP_REGULATION_OF_CHROMOSOME_ORGANIZATION,0,13,50,1500,0.0,1.0,,1.0
drug1,GO_BP,GOBP_REGULATION_OF_CHROMOSOME_SEGREGATION,0,11,50,1500,0.0,1.0,,1.0
drug1,GO_BP,GOBP_REGULATION_OF_CIRCADIAN_RHYTHM,1,10,50,1500,3.0,0.2882684421548648,Zfhx3,1.0
drug1,GO_BP,GOBP_REGULATION_OF_COAGULATION,1,13,50,1500,2.3076923076923075,0.3575867388571701,Apoe,1.0
drug1,GO_BP,GOBP_REGULATION_OF_COLLAGEN_METABOLIC_PROCESS,0,10,50,1500,0.0,1.0,,1.0
drug1,GO_BP,GOBP_REGULATION_OF_CYTOKINESIS,0,12,50,1500,0.0,1.0,,1.0
drug1,GO_BP,GOBP_REGULATION_OF_CYTOKINE_PRODUCTION_INVOLVED_IN_IMMUNE_RESPONSE,1,20,50,1500,1.5,0.49461650530034706,Lilrb4a,1.0
drug1,GO_BP,GOBP_REGULATION_OF_CYTOSKELETON_ORGANIZATION,0,67,50,1500,0.0,1.0,,1.0
drug1,GO_BP,GOBP_REGULATION_OF_CYTOSOLIC_CALCIUM_ION_CONCENTRATION,0,17,50,1500,0.0,1.0,,1.0
drug1,GO_BP,GOBP_REGULATION_OF_DEFENSE_RESPONSE,7,94,50,1500,2.2340425531914896,0.03288090959291625,Apoe|Ccn3|Ctss|Fcna|Ifi207|Pf4|Tyrobp,0.57453202245687
drug1,GO_BP,GOBP_REGULATION_OF_DENDRITE_DEVELOPMENT,0,20,50,1500,0.0,1.0,,1.0
drug1,GO_BP,GOBP_REGULATION_OF_DENDRITE_MORPHOGENESIS,0,13,50,1500,0.0,1.0,,1.0
drug1,GO_BP,GOBP_REGULATION_OF_DENDRITIC_SPINE_DEVELOPMENT,1,10,50,1500,3.0,0.2882684421548648,Apoe,1.0
drug1,GO_BP,GOBP_REGULATION_OF_DENDRITIC_SPINE_MORPHOGENESIS,0,10,50,1500,0.0,1.0,,1.0
drug1,GO_BP,GOBP_REGULATION_OF_DEVELOPMENTAL_GROWTH,2,60,50,1500,1.0,0.6040144176935394,Apoe|Mt3,1.0
drug1,GO_BP,GOBP_REGULATION_OF_DNA_BINDING,1,15,50,1500,2.0,0.4000764265660914,Ifi207,1.0
drug1,GO_BP,GOBP_REGULATION_OF_DNA_BINDING_TRANSCRIPTION_FACTOR_ACTIVITY,0,45,50,1500,0.0,1.0,,1.0
drug1,GO_BP,GOBP_REGULATION_OF_DNA_BIOSYNTHETIC_PROCESS,0,10,50,1500,0.0,1.0,,1.0
drug1,GO_BP,GOBP_REGULATION_OF_DNA_METABOLIC_PROCESS,0,30,50,1500,0.0,1.0,,1.0
drug1,GO_BP,GOBP_REGULATION_OF_ENDOCYTOSIS,2,39,50,1500,1.5384615384615383,0.3762268611656,Apoe|Dab2,1.0
drug1,GO_BP,GOBP_REGULATION_OF_ENDOTHELIAL_CELL_DIFFERENTIATION,0,12,50,1500,0.0,1.0,,1.0
drug1,GO_BP,GOBP_REGULATION_OF_ENDOTHELIAL_CELL_MIGRATION,3,38,50,1500,2.368421052631579,0.1301690111571574,Apoe|Bsg|Glul,0.900104864384599
drug1,GO_BP,GOBP_REGULATION_OF_EPITHELIAL_CELL_DIFFERENTIATION,1,37,50,1500,0.8108108108108107,0.7191473688714989,Zeb2,1.0
drug1,GO_BP,GOBP_REGULATION_OF_EPITHELIAL_CELL_PROLIFERATION,3,72,50,1500,1.25,0.4344399635908002,Apoe|Dab2|Glul,1.0
drug1,GO_BP,GOBP_REGULATION_OF_EPITHELIAL_TO_MESENCHYMAL_TRANSITION,1,18,50,1500,1.6666666666666667,0.45869546617711976,Dab2,1.0
drug1,GO_BP,GOBP_REGULATION_OF_ESTABLISHMENT_OF_PROTEIN_LOCALIZATION,5,54,50,1500,2.7777777777777777,0.030938361410388148,Apoe|Bsg|Ccn3|Ctsd|Glul,0.5586093032431193
drug1,GO_BP,GOBP_REGULATION_OF_EXOCYTOSIS,0,30,50,1500,0.0,1.0,,1.0
drug1,GO_BP,GOBP_REGULATION_OF_EXTENT_OF_CELL_GROWTH,2,21,50,1500,2.857142857142857,0.15314117104382513,Apoe|Mt3,0.9206414566339818
drug1,GO_BP,GOBP_REGULATION_OF_EXTRACELLULAR_MATRIX_ORGANIZATION,0,13,50,1500,0.0,1.0,,1.0
drug1,GO_BP,GOBP_REGULATION_OF_EXTRINSIC_APOPTOTIC_SIGNALING_PATHWAY,1,26,50,1500,1.1538461538461537,0.5889329235095868,Dab2,1.0
drug1,GO_BP,GOBP_REGULATION_OF_EXTRINSIC_APOPTOTIC_SIGNALING_PATHWAY_VIA_DEATH_DOMAIN_RECEPTORS,0,11,50,1500,0.0,1.0,,1.0
drug1,GO_BP,GOBP_REGULATION_OF_FATTY_ACID_METABOLIC_PROCESS,0,18,50,1500,0.0,1.0,,1.0
drug1,GO_BP,GOBP_REGULATION_OF_FAT_CELL_DIFFERENTIATION,0,23,50,1500,0.0,1.0,,1.0
drug1,GO_BP,GOBP_REGULATION_OF_FIBROBLAST_PROLIFERATION,0,19,50,1500,0.0,1.0,,1.0
drug1,GO_BP,GOBP_REGULATION_OF_FILOPODIUM_ASSEMBLY,0,10,50,1500,0.0,1.0,,1.0
drug1,GO_BP,GOBP_REGULATION_OF_GENERATION_OF_PRECURSOR_METABOLITES_AND_ENERGY,1,11,50,1500,2.7272727272727275,0.31215205147852715,Zbtb20,1.0
drug1,GO_BP,GOBP_REGULATION_OF_GLIAL_CELL_DIFFERENTIATION,0,22,50,1500,0.0,1.0,,1.0
drug1,GO_BP,GOBP_REGULATION_OF_GLIAL_CELL_MIGRATION,0,11,50,1500,0.0,1.0,,1.0
drug1,GO_BP,GOBP_REGULATION_OF_GLIOGENESIS,0,28,50,1500,0.0,1.0,,1.0
drug1,GO_BP,GOBP_REGULATION_OF_GRANULOCYTE_CHEMOTAXIS,0,15,50,1500,0.0,1.0,,1.0
drug1,GO_BP,GOBP_REGULATION_OF_GROWTH,5,83,50,1500,1.8072289156626506,0.13829574339246678,Apoe|Ccn3|Dab2|Mt1|Mt3,0.901387147684628
drug1,GO_BP,GOBP_REGULATION_OF_GTPASE_ACTIVITY,0,13,50,1500,0.0,1.0,,1.0
drug1,GO_BP,GOBP_REGULATION_OF_G_PROTEIN_COUPLED_RECEPTOR_SIGNALING_PATHWAY,1,28,50,1500,1.0714285714285714,0.616356933817995,Kctd12,1.0
drug1,GO_BP,GOBP_REGULATION_OF_HEART_CONTRACTION,0,34,50,1500,0.0,1.0,,1.0
drug1,GO_BP,GOBP_REGULATION_OF_HEART_GROWTH,0,16,50,1500,0.0,1.0,,1.0
drug1,GO_BP,GOBP_REGULATION_OF_HEART_RATE,0,17,50,1500,0.0,1.0,,1.0
drug1,GO_BP,GOBP_REGULATION_OF_HEMOPOIESIS,7,60,50,1500,3.5,0.002968818312479627,C1qc|Fos|Glul|Lilrb4a|Mafb|Pf4|Tyrobp,0.21493005304834648
drug1,GO_BP,GOBP_REGULATION_OF_HORMONE_LEVELS,3,77,50,1500,1.1688311688311688,0.47921408908870855,Ccn3|Dab2|Glul,1.0
drug1,GO_BP,GOBP_REGULATION_OF_HORMONE_SECRETION,3,41,50,1500,2.1951219512195124,0.15365659133764528,Ccn3|Dab2|Glul,0.9206414566339818
drug1,GO_BP,GOBP_REGULATION_OF_HYDROLASE_ACTIVITY,1,38,50,1500,0.7894736842105263,0.7287458866817691,Ccn1,1.0
drug1,GO_BP,GOBP_REGULATION_OF_IMMUNE_EFFECTOR_PROCESS,3,55,50,1500,1.6363636363636365,0.2764661602246375,Lilrb4a|Pf4|Tyrobp,1.0
drug1,GO_BP,GOBP_REGULATION_OF_IMMUNE_RESPONSE,7,91,50,1500,2.307692307692308,0.02807909853685554,Apoe|C1qc|Fcna|Ifi207|Lilrb4a|Pf4|Tyrobp,0.5305643618882587
drug1,GO_BP,GOBP_REGULATION_OF_IMMUNE_SYSTEM_PROCESS,13,185,50,1500,2.108108108108108,0.005601489750540499,Apoe|C1qc|Ccn3|Fcna|Fos|Glul|Ifi207|Lilrb4a|Lyve1|Mafb|Pf4|Tyrobp|Zbtb20,0.258519151891457
drug1,GO_BP,GOBP_REGULATION_OF_INFLAMMATORY_RESPONSE,4,58,50,1500,2.0689655172413794,0.12404054947679236,Apoe|Ccn3|Ctss|Pf4,0.899847736159766
drug1,GO_BP,GOBP_REGULATION_OF_INNATE_IMMUNE_RESPONSE,4,40,50,1500,3.0,0.04125384488813946,Apoe|Fcna|Ifi207|Tyrobp,0.6047770886816161
drug1,GO_BP,GOBP_REGULATION_OF_INSULIN_RECEPTOR_SIGNALING_PATHWAY,1,11,50,1500,2.7272727272727275,0.31215205147852715,Ctsd,1.0
drug1,GO_BP,GOBP_REGULATION_OF_INSULIN_SECRETION,2,25,50,1500,2.4,0.20153398901832625,Ccn3|Glul,1.0
drug1,GO_BP,GOBP_REGULATION_OF_INTRACELLULAR_PROTEIN_TRANSPORT,0,14,50,1500,0.0,1.0,,1.0
drug1,GO_BP,GOBP_REGULATION_OF_INTRACELLULAR_TRANSPORT,1,25,50,1500,1.2,0.5745095173169409,Dab2,1.0
drug1,GO_BP,GOBP_REGULATION_OF_INTRINSIC_APOPTOTIC_SIGNALING_PATHWAY,0,12,50,1500,0.0,1.0,,1.0
drug1,GO_BP,GOBP_REGULATION_OF_JNK_CASCADE,1,15,50,1500,2.0,0.4000764265660914,Dab2,1.0
drug1,GO_BP,GOBP_REGULATION_OF_KETONE_METABOLIC_PROCESS,1,21,50,1500,1.4285714285714286,0.5116902720131731,Dab2,1.0
drug1,GO_BP,GOBP_REGULATION_OF_KINASE_ACTIVITY,5,58,50,1500,2.586206896551724,0.0405610319953655,Apoe|Ccn1|Lilrb4a|Mt3|Zeb2,0.6047770886816161
drug1,GO_BP,GOBP_REGULATION_OF_LEUKOCYTE_ADHESION_TO_VASCULAR_ENDOTHELIAL_CELL,0,10,50,1500,0.0,1.0,,1.0
drug1,GO_BP,GOBP_REGULATION_OF_LEUKOCYTE_APOPTOTIC_PROCESS,0,18,50,1500,0.0,1.0,,1.0
drug1,GO_BP,GOBP_REGULATION_OF_LEUKOCYTE_CHEMOTAXIS,1,29,50,1500,1.0344827586206897,0.6293882879681989,Ccn3,1.0
drug1,GO_BP,GOBP_REGULATION_OF_LEUKOCYTE_DIFFERENTIATION,6,47,50,1500,3.8297872340425534,0.0038192621776975987,C1qc|Fos|Lilrb4a|Mafb|Pf4|Tyrobp,0.22055122479368874
drug1,GO_BP,GOBP_REGULATION_OF_LEUKOCYTE_MEDIATED_IMMUNITY,2,27,50,1500,2.2222222222222223,0.22639072579076921,Lilrb4a|Tyrobp,1.0
drug1,GO_BP,GOBP_REGULATION_OF_LEUKOCYTE_MIGRATION,2,44,50,1500,1.3636363636363638,0.4358505956229922,Ccn3|Lyve1,1.0
drug1,GO_BP,GOBP_REGULATION_OF_LEUKOCYTE_PROLIFERATION,2,46,50,1500,1.3043478260869565,0.4588829057877858,Lilrb4a|Tyrobp,1.0
drug1,GO_BP,GOBP_REGULATION_OF_LIPID_BIOSYNTHETIC_PROCESS,4,30,50,1500,4.0,0.015793510905532628,Apoe|Ccn1|Dab2|Zbtb20,0.4349907664659411
drug1,GO_BP,GOBP_REGULATION_OF_LIPID_LOCALIZATION,2,26,50,1500,2.3076923076923075,0.21392436250078883,Apoe|Dab2,1.0
drug1,GO_BP,GOBP_REGULATION_OF_LIPID_METABOLIC_PROCESS,4,46,50,1500,2.608695652173913,0.06368167286356924,Apoe|Ccn1|Dab2|Zbtb20,0.7136739200227588
drug1,GO_BP,GOBP_REGULATION_OF_LIPID_TRANSPORT,2,23,50,1500,2.608695652173913,0.17706049687331893,Apoe|Dab2,0.9760661983726833
drug1,GO_BP,GOBP_REGULATION_OF_LOCOMOTION,8,195,50,1500,1.2307692307692308,0.32003218961895746,Apoe|Bsg|Ccn1|Ccn3|Dab2|Glul|Lyve1|Zeb2,1.0
drug1,GO_BP,GOBP_REGULATION_OF_LONG_TERM_NEURONAL_SYNAPTIC_PLASTICITY,0,12,50,1500,0.0,1.0,,1.0
drug1,GO_BP,GOBP_REGULATION_OF_LONG_TERM_SYNAPTIC_POTENTIATION,2,10,50,1500,6.0,0.04131092728840577,Apoe|Tyrobp,0.6047770886816161
drug1,GO_BP,GOBP_REGULATION_OF_LYMPHOCYTE_ACTIVATION,3,66,50,1500,1.3636363636363635,0.3791751470741036,Lilrb4a|Pf4|Tyrobp,1.0
drug1,GO_BP,GOBP_REGULATION_OF_LYMPHOCYTE_APOPTOTIC_PROCESS,0,10,50,1500,0.0,1.0,,1.0
drug1,GO_BP,GOBP_REGULATION_OF_LYMPHOCYTE_DIFFERENTIATION,2,28,50,1500,2.142857142857143,0.2389147042643709,Lilrb4a|Pf4,1.0
drug1,GO_BP,GOBP_REGULATION_OF_LYMPHOCYTE_MEDIATED_IMMUNITY,1,17,50,1500,1.7647058823529411,0.4398083575301246,Lilrb4a,1.0
drug1,GO_BP,GOBP_REGULATION_OF_MACROPHAGE_ACTIVATION,0,13,50,1500,0.0,1.0,,1.0
drug1,GO_BP,GOBP_REGULATION_OF_MACROPHAGE_CHEMOTAXIS,0,10,50,1500,0.0,1.0,,1.0
drug1,GO_BP,GOBP_REGULATION_OF_MACROPHAGE_MIGRATION,0,13,50,1500,0.0,1.0,,1.0
drug1,GO_BP,GOBP_REGULATION_OF_MAP_KINASE_ACTIVITY,2,19,50,1500,3.1578947368421053,0.12996801648711176,Apoe|Zeb2,0.900104864384599
drug1,GO_BP,GOBP_REGULATION_OF_MEIOTIC_CELL_CYCLE,0,10,50,1500,0.0,1.0,,1.0
drug1,GO_BP,GOBP_REGULATION_OF_MEMBRANE_PERMEABILITY,0,10,50,1500,0.0,1.0,,1.0
drug1,GO_BP,GOBP_REGULATION_OF_MEMBRANE_POTENTIAL,1,73,50,1500,0.4109589041095891,0.9209190537787387,Kctd12,1.0
drug1,GO_BP,GOBP_REGULATION_OF_MICROTUBULE_BASED_PROCESS,0,26,50,1500,0.0,1.0,,1.0
drug1,GO_BP,GOBP_REGULATION_OF_MICROTUBULE_CYTOSKELETON_ORGANIZATION,0,16,50,1500,0.0,1.0,,1.0
drug1,GO_BP,GOBP_REGULATION_OF_MICROTUBULE_POLYMERIZATION_OR_DEPOLYMERIZATION,0,11,50,1500,0.0,1.0,,1.0
drug1,GO_BP,GOBP_REGULATION_OF_MITOCHONDRION_ORGANIZATION,0,14,50,1500,0.0,1.0,,1.0
drug1,GO_BP,GOBP_REGULATION_OF_MITOTIC_CELL_CYCLE,0,57,50,1500,0.0,1.0,,1.0
drug1,GO_BP,GOBP_REGULATION_OF_MITOTIC_CELL_CYCLE_PHASE_TRANSITION,0,30,50,1500,0.0,1.0,,1.0
drug1,GO_BP,GOBP_REGULATION_OF_MITOTIC_NUCLEAR_DIVISION,0,16,50,1500,0.0,1.0,,1.0
drug1,GO_BP,GOBP_REGULATION_OF_MOLECULAR_FUNCTION,8,183,50,1500,1.3114754098360657,0.2586706326938922,Apoe|Ccn1|Ctss|Dab2|Ifi207|Lilrb4a|Mt3|Zeb2,1.0
drug1,GO_BP,GOBP_REGULATION_OF_MONOATOMIC_ION_TRANSMEMBRANE_TRANSPORT,1,45,50,1500,0.6666666666666666,0.7874965257547175,Ctss,1.0
drug1,GO_BP,GOBP_REGULATION_OF_MONOATOMIC_ION_TRANSPORT,1,69,50,1500,0.4347826086956522,0.9088153541215596,Ctss,1.0
drug1,GO_BP,GOBP_REGULATION_OF_MONONUCLEAR_CELL_MIGRATION,1,25,50,1500,1.2,0.5745095173169409,Ccn3,1.0
drug1,GO_BP,GOBP_REGULATION_OF_MORPHOGENESIS_OF_AN_EPITHELIUM,0,10,50,1500,0.0,1.0,,1.0
drug1,GO_BP,GOBP_REGULATION_OF_MORPHOGENESIS_OF_A_BRANCHING_STRUCTURE,0,10,50,1500,0.0,1.0,,1.0
drug1,GO_BP,GOBP_REGULATION_OF_MRNA_METABOLIC_PROCESS,0,11,50,1500,0.0,1.0,,1.0
drug1,GO_BP,GOBP_REGULATION_OF_MULTICELLULAR_ORGANISMAL_DEVELOPMENT,14,242,50,1500,1.7355371900826446,0.021860791474735478,Apoe|C1qc|Ccn1|Cybb|Fos|Glul|Lilrb4a|Mafb|Mgp|Mt3|Pf4|Stab1|Tyrobp|Zeb2,0.49237593622957776
drug1,GO_BP,GOBP_REGULATION_OF_MULTICELLULAR_ORGANISM_GROWTH,0,10,50,1500,0.0,1.0,,1.0
drug1,GO_BP,GOBP_REGULATION_OF_MUSCLE_ADAPTATION,0,16,50,1500,0.0,1.0,,1.0
drug1,GO_BP,GOBP_REGULATION_OF_MUSCLE_CELL_DIFFERENTIATION,1,24,50,1500,1.25,0.5595904961849962,Ccn3,1.0
drug1,GO_BP,GOBP_REGULATION_OF_MUSCLE_CONTRACTION,0,33,50,1500,0.0,1.0,,1.0
drug1,GO_BP,GOBP_REGULATION_OF_MUSCLE_HYPERTROPHY,0,13,50,1500,0.0,1.0,,1.0
drug1,GO_BP,GOBP_REGULATION_OF_MUSCLE_SYSTEM_PROCESS,0,45,50,1500,0.0,1.0,,1.0
drug1,GO_BP,GOBP_REGULATION_OF_MYELOID_CELL_DIFFERENTIATION,7,33,50,1500,6.363636363636363,6.564680484292893e-05,C1qc|Fos|Glul|Lilrb4a|Mafb|Pf4|Tyrobp,0.05333802893487975
drug1,GO_BP,GOBP_REGULATION_OF_MYELOID_LEUKOCYTE_DIFFERENTIATION,5,23,50,1500,6.521739130434782,0.0007184901473529297,C1qc|Fos|Lilrb4a|Mafb|Tyrobp,0.11675464894485107
drug1,GO_BP,GOBP_REGULATION_OF_MYELOID_LEUKOCYTE_MEDIATED_IMMUNITY,1,11,50,1500,2.7272727272727275,0.31215205147852715,Tyrobp,1.0
drug1,GO_BP,GOBP_REGULATION_OF_MYOBLAST_DIFFERENTIATION,1,12,50,1500,2.5,0.33524969917904673,Zfhx3,1.0
drug1,GO_BP,GOBP_REGULATION_OF_NERVOUS_SYSTEM_DEVELOPMENT,3,93,50,1500,0.9677419354838709,0.6104011597973595,Apoe|Mt3|Zeb2,1.0
drug1,GO_BP,GOBP_REGULATION_OF_NERVOUS_SYSTEM_PROCESS,1,34,50,1500,0.8823529411764706,0.6883105763500479,Ccn3,1.0
drug1,GO_BP,GOBP_REGULATION_OF_NEURAL_PRECURSOR_CELL_PROLIFERATION,0,24,50,1500,0.0,1.0,,1.0
drug1,GO_BP,GOBP_REGULATION_OF_NEUROGENESIS,3,81,50,1500,1.111111111111111,0.5139023026173231,Apoe|Mt3|Zeb2,1.0
drug1,GO_BP,GOBP_REGULATION_OF_NEURONAL_SYNAPTIC_PLASTICITY,0,24,50,1500,0.0,1.0,,1.0
drug1,GO_BP,GOBP_REGULATION_OF_NEURON_APOPTOTIC_PROCESS,3,48,50,1500,1.875,0.2129617728476184,Apoe|Mt1|Mt3,1.0
drug1,GO_BP,GOBP_REGULATION_OF_NEURON_DIFFERENTIATION,1,47,50,1500,0.6382978723404256,0.8018554794378209,Zfhx3,1.0
drug1,GO_BP,GOBP_REGULATION_OF_NEURON_MIGRATION,0,10,50,1500,0.0,1.0,,1.0
drug1,GO_BP,GOBP_REGULATION_OF_NEURON_PROJECTION_DEVELOPMENT,4,99,50,1500,1.2121212121212122,0.42278186541479845,Apoe|Dab2|Mt3|Zeb2,1.0
drug1,GO_BP,GOBP_REGULATION_OF_NEUROTRANSMITTER_SECRETION,0,20,50,1500,0.0,1.0,,1.0
drug1,GO_BP,GOBP_REGULATION_OF_NEUROTRANSMITTER_TRANSPORT,0,22,50,1500,0.0,1.0,,1.0
drug1,GO_BP,GOBP_REGULATION_OF_NEUTROPHIL_MIGRATION,0,11,50,1500,0.0,1.0,,1.0
drug1,GO_BP,GOBP_REGULATION_OF_NITRIC_OXIDE_METABOLIC_PROCESS,1,14,50,1500,2.142857142857143,0.3791877227557184,Apoe,1.0
drug1,GO_BP,GOBP_REGULATION_OF_NON_CANONICAL_NF_KAPPAB_SIGNAL_TRANSDUCTION,1,10,50,1500,3.0,0.2882684421548648,Ccn3,1.0
drug1,GO_BP,GOBP_REGULATION_OF_NOTCH_SIGNALING_PATHWAY,1,17,50,1500,1.7647058823529411,0.4398083575301246,Ccn3,1.0
drug1,GO_BP,GOBP_REGULATION_OF_NUCLEAR_DIVISION,0,20,50,1500,0.0,1.0,,1.0
drug1,GO_BP,GOBP_REGULATION_OF_NUCLEOCYTOPLASMIC_TRANSPORT,0,13,50,1500,0.0,1.0,,1.0
drug1,GO_BP,GOBP_REGULATION_OF_OLIGODENDROCYTE_DIFFERENTIATION,0,15,50,1500,0.0,1.0,,1.0
drug1,GO_BP,GOBP_REGULATION_OF_ORGANELLE_ASSEMBLY,0,19,50,1500,0.0,1.0,,1.0
drug1,GO_BP,GOBP_REGULATION_OF_ORGANELLE_ORGANIZATION,1,129,50,1500,0.23255813953488372,0.9896926119200473,Zeb2,1.0
drug1,GO_BP,GOBP_REGULATION_OF_ORGANIC_ACID_TRANSPORT,0,22,50,1500,0.0,1.0,,1.0
drug1,GO_BP,GOBP_REGULATION_OF_ORGAN_GROWTH,0,22,50,1500,0.0,1.0,,1.0
drug1,GO_BP,GOBP_REGULATION_OF_OSSIFICATION,3,24,50,1500,3.75,0.04309557126901202,Ccn1|Ccn3|Mgp,0.6215846486251694
drug1,GO_BP,GOBP_REGULATION_OF_OSTEOBLAST_DIFFERENTIATION,1,25,50,1500,1.2,0.5745095173169409,Ccn1,1.0
drug1,GO_BP,GOBP_REGULATION_OF_OSTEOCLAST_DIFFERENTIATION,4,13,50,1500,9.23076923076923,0.000626667481156593,Fos|Lilrb4a|Mafb|Tyrobp,0.1131482952088293
drug1,GO_BP,GOBP_REGULATION_OF_PATTERN_RECOGNITION_RECEPTOR_SIGNALING_PATHWAY,1,14,50,1500,2.142857142857143,0.3791877227557184,Ifi207,1.0
drug1,GO_BP,GOBP_REGULATION_OF_PEPTIDASE_ACTIVITY,0,11,50,1500,0.0,1.0,,1.0
drug1,GO_BP,GOBP_REGULATION_OF_PEPTIDE_TRANSPORT,2,30,50,1500,2.0,0.26406742974514547,Ccn3|Glul,1.0
drug1,GO_BP,GOBP_REGULATION_OF_PEPTIDYL_SERINE_PHOSPHORYLATION,0,10,50,1500,0.0,1.0,,1.0
drug1,GO_BP,GOBP_REGULATION_OF_PEPTIDYL_TYROSINE_PHOSPHORYLATION,1,35,50,1500,0.8571428571428571,0.6989411842507965,Lilrb4a,1.0
drug1,GO_BP,GOBP_REGULATION_OF_PHAGOCYTOSIS,0,14,50,1500,0.0,1.0,,1.0
drug1,GO_BP,GOBP_REGULATION_OF_PHOSPHORUS_METABOLIC_PROCESS,7,133,50,1500,1.5789473684210527,0.14761480856815645,Apoe|Ccn1|Dab2|Lilrb4a|Mt3|Zbtb20|Zeb2,0.9206414566339818
drug1,GO_BP,GOBP_REGULATION_OF_PHOSPHORYLATION,6,118,50,1500,1.5254237288135595,0.1945407969929274,Apoe|Ccn1|Dab2|Lilrb4a|Mt3|Zeb2,1.0
drug1,GO_BP,GOBP_REGULATION_OF_PLASMA_LIPOPROTEIN_PARTICLE_LEVELS,1,12,50,1500,2.5,0.33524969917904673,Apoe,1.0
drug1,GO_BP,GOBP_REGULATION_OF_POSTSYNAPSE_ASSEMBLY,0,11,50,1500,0.0,1.0,,1.0
drug1,GO_BP,GOBP_REGULATION_OF_POSTSYNAPSE_ORGANIZATION,1,30,50,1500,1.0,0.6419855589414076,Apoe,1.0
drug1,GO_BP,GOBP_REGULATION_OF_POSTSYNAPTIC_MEMBRANE_NEUROTRANSMITTER_RECEPTOR_LEVELS,0,25,50,1500,0.0,1.0,,1.0
drug1,GO_BP,GOBP_REGULATION_OF_POSTSYNAPTIC_MEMBRANE_POTENTIAL,1,34,50,1500,0.8823529411764706,0.6883105763500479,Kctd12,1.0
drug1,GO_BP,GOBP_REGULATION_OF_POST_TRANSLATIONAL_PROTEIN_MODIFICATION,0,18,50,1500,0.0,1.0,,1.0
drug1,GO_BP,GOBP_REGULATION_OF_POTASSIUM_ION_TRANSMEMBRANE_TRANSPORT,0,11,50,1500,0.0,1.0,,1.0
drug1,GO_BP,GOBP_REGULATION_OF_POTASSIUM_ION_TRANSPORT,0,13,50,1500,0.0,1.0,,1.0
drug1,GO_BP,GOBP_REGULATION_OF_PRODUCTION_OF_MOLECULAR_MEDIATOR_OF_IMMUNE_RESPONSE,1,27,50,1500,1.1111111111111112,0.60287685419108,Lilrb4a,1.0
drug1,GO_BP,GOBP_REGULATION_OF_PROGRAMMED_CELL_DEATH,7,193,50,1500,1.088082901554404,0.46847265304341207,Apoe|Ccn1|Ctsd|Dab2|Mt1|Mt3|Zeb2,1.0
drug1,GO_BP,GOBP_REGULATION_OF_PROTEASOMAL_PROTEIN_CATABOLIC_PROCESS,2,15,50,1500,4.0,0.08674586941049843,Apoe|Dab2,0.7988346799125815
drug1,GO_BP,GOBP_REGULATION_OF_PROTEASOMAL_UBIQUITIN_DEPENDENT_PROTEIN_CATABOLIC_PROCESS,1,10,50,1500,3.0,0.2882684421548648,Dab2,1.0
drug1,GO_BP,GOBP_REGULATION_OF_PROTEIN_BINDING,1,20,50,1500,1.5,0.49461650530034706,Dab2,1.0
drug1,GO_BP,GOBP_REGULATION_OF_PROTEIN_CATABOLIC_PROCESS,2,39,50,1500,1.5384615384615383,0.3762268611656,Apoe|Dab2,1.0
drug1,GO_BP,GOBP_REGULATION_OF_PROTEIN_CONTAINING_COMPLEX_ASSEMBLY,2,51,50,1500,1.1764705882352942,0.5140905590955691,Apoe|Ifi207,1.0
drug1,GO_BP,GOBP_REGULATION_OF_PROTEIN_CONTAINING_COMPLEX_DISASSEMBLY,0,14,50,1500,0.0,1.0,,1.0
drug1,GO_BP,GOBP_REGULATION_OF_PROTEIN_DEPOLYMERIZATION,0,11,50,1500,0.0,1.0,,1.0
drug1,GO_BP,GOBP_REGULATION_OF_PROTEIN_IMPORT_INTO_NUCLEUS,0,12,50,1500,0.0,1.0,,1.0
drug1,GO_BP,GOBP_REGULATION_OF_PROTEIN_LOCALIZATION_TO_CELL_PERIPHERY,1,21,50,1500,1.4285714285714286,0.5116902720131731,Dab2,1.0
drug1,GO_BP,GOBP_REGULATION_OF_PROTEIN_LOCALIZATION_TO_MEMBRANE,1,22,50,1500,1.3636363636363638,0.5281983764075895,Dab2,1.0
drug1,GO_BP,GOBP_REGULATION_OF_PROTEIN_LOCALIZATION_TO_NUCLEUS,2,20,50,1500,3.0,0.14144844471358778,Glul|Lilrb4a,0.901387147684628
drug1,GO_BP,GOBP_REGULATION_OF_PROTEIN_LOCALIZATION_TO_PLASMA_MEMBRANE,1,15,50,1500,2.0,0.4000764265660914,Dab2,1.0
drug1,GO_BP,GOBP_REGULATION_OF_PROTEIN_MODIFICATION_PROCESS,6,130,50,1500,1.3846153846153848,0.26136354475850765,Apoe|Ccn1|Dab2|Lilrb4a|Mt3|Zeb2,1.0
drug1,GO_BP,GOBP_REGULATION_OF_PROTEIN_POLYMERIZATION,0,24,50,1500,0.0,1.0,,1.0
drug1,GO_BP,GOBP_REGULATION_OF_PROTEIN_SECRETION,4,35,50,1500,3.4285714285714284,0.026699482447428365,Apoe|Bsg|Ccn3|Glul,0.5171090086925019
drug1,GO_BP,GOBP_REGULATION_OF_PROTEIN_SERINE_THREONINE_KINASE_ACTIVITY,2,35,50,1500,1.7142857142857142,0.32686990772459135,Apoe|Zeb2,1.0
drug1,GO_BP,GOBP_REGULATION_OF_PROTEIN_STABILITY,2,26,50,1500,2.3076923076923075,0.21392436250078883,Mt3|Tyrobp,1.0
drug1,GO_BP,GOBP_REGULATION_OF_PROTEIN_UBIQUITINATION,0,16,50,1500,0.0,1.0,,1.0
drug1,GO_BP,GOBP_REGULATION_OF_PROTEOLYSIS,2,38,50,1500,1.5789473684210527,0.3640022098915078,Apoe|Dab2,1.0
drug1,GO_BP,GOBP_REGULATION_OF_PROTEOLYSIS_INVOLVED_IN_PROTEIN_CATABOLIC_PROCESS,2,18,50,1500,3.3333333333333335,0.11872751053120777,Apoe|Dab2,0.8769645664236938
drug1,GO_BP,GOBP_REGULATION_OF_REACTIVE_OXYGEN_SPECIES_METABOLIC_PROCESS,2,16,50,1500,3.75,0.0970847228115921,Mt3|Tyrobp,0.8174231842944931
drug1,GO_BP,GOBP_REGULATION_OF_RECEPTOR_INTERNALIZATION,1,10,50,1500,3.0,0.2882684421548648,Dab2,1.0
drug1,GO_BP,GOBP_REGULATION_OF_RECEPTOR_MEDIATED_ENDOCYTOSIS,1,15,50,1500,2.0,0.4000764265660914,Dab2,1.0
drug1,GO_BP,GOBP_REGULATION_OF_RECEPTOR_SIGNALING_PATHWAY_VIA_STAT,0,15,50,1500,0.0,1.0,,1.0
drug1,GO_BP,GOBP_REGULATION_OF_REGULATED_SECRETORY_PATHWAY,0,18,50,1500,0.0,1.0,,1.0
drug1,GO_BP,GOBP_REGULATION_OF_RELEASE_OF_SEQUESTERED_CALCIUM_ION_INTO_CYTOSOL,0,10,50,1500,0.0,1.0,,1.0
drug1,GO_BP,GOBP_REGULATION_OF_REPRODUCTIVE_PROCESS,0,28,50,1500,0.0,1.0,,1.0
drug1,GO_BP,GOBP_REGULATION_OF_RESPONSE_TO_BIOTIC_STIMULUS,5,48,50,1500,3.125,0.01946864120426817,Apoe|Fcna|Ifi207|Ly86|Tyrobp,0.461038149691907
drug1,GO_BP,GOBP_REGULATION_OF_RESPONSE_TO_CYTOKINE_STIMULUS,0,20,50,1500,0.0,1.0,,1.0
drug1,GO_BP,GOBP_REGULATION_OF_RESPONSE_TO_EXTERNAL_STIMULUS,8,144,50,1500,1.6666666666666667,0.0989156936072056,Apoe|Ccn3|Ctss|Fcna|Ifi207|Ly86|Pf4|Tyrobp,0.8285464026376759
drug1,GO_BP,GOBP_REGULATION_OF_RESPONSE_TO_STRESS,8,142,50,1500,1.6901408450704225,0.09284973009835061,Apoe|Ccn3|Ctss|Fcna|Ifi207|Igfbp6|Pf4|Tyrobp,0.8174231842944931
drug1,GO_BP,GOBP_REGULATION_OF_RESPONSE_TO_WOUNDING,1,32,50,1500,0.9375,0.6659340944396241,Apoe,1.0
drug1,GO_BP,GOBP_REGULATION_OF_RHO_PROTEIN_SIGNAL_TRANSDUCTION,1,13,50,1500,2.3076923076923075,0.3575867388571701,Apoe,1.0
drug1,GO_BP,GOBP_REGULATION_OF_SECRETION,5,96,50,1500,1.5625,0.21183403930557976,Apoe|Bsg|Ccn3|Dab2|Glul,1.0
drug1,GO_BP,GOBP_REGULATION_OF_SIGNALING_RECEPTOR_ACTIVITY,1,15,50,1500,2.0,0.4000764265660914,Lilrb4a,1.0
drug1,GO_BP,GOBP_REGULATION_OF_SIGNAL_TRANSDUCTION_BY_P53_CLASS_MEDIATOR,0,10,50,1500,0.0,1.0,,1.0
drug1,GO_BP,GOBP_REGULATION_OF_SISTER_CHROMATID_SEGREGATION,0,10,50,1500,0.0,1.0,,1.0
drug1,GO_BP,GOBP_REGULATION_OF_SMALL_GTPASE_MEDIATED_SIGNAL_TRANSDUCTION,1,34,50,1500,0.8823529411764706,0.6883105763500479,Apoe,1.0
drug1,GO_BP,GOBP_REGULATION_OF_SMALL_MOLECULE_METABOLIC_PROCESS,3,41,50,1500,2.1951219512195124,0.15365659133764528,Apoe|Dab2|Zbtb20,0.9206414566339818
drug1,GO_BP,GOBP_REGULATION_OF_SMOOTH_MUSCLE_CONTRACTION,0,17,50,1500,0.0,1.0,,1.0
drug1,GO_BP,GOBP_REGULATION_OF_SODIUM_ION_TRANSPORT,0,14,50,1500,0.0,1.0,,1.0
drug1,GO_BP,GOBP_REGULATION_OF_STEM_CELL_PROLIFERATION,0,19,50,1500,0.0,1.0,,1.0
drug1,GO_BP,GOBP_REGULATION_OF_STEROID_METABOLIC_PROCESS,2,10,50,1500,6.0,0.04131092728840577,Apoe|Dab2,0.6047770886816161
drug1,GO_BP,GOBP_REGULATION_OF_STRIATED_MUSCLE_CELL_DIFFERENTIATION,1,16,50,1500,1.875,0.4202758734830577,Ccn3,1.0
drug1,GO_BP,GOBP_REGULATION_OF_STRIATED_MUSCLE_CONTRACTION,0,16,50,1500,0.0,1.0,,1.0
drug1,GO_BP,GOBP_REGULATION_OF_SUBSTRATE_ADHESION_DEPENDENT_CELL_SPREADING,1,12,50,1500,2.5,0.33524969917904673,Dab2,1.0
drug1,GO_BP,GOBP_REGULATION_OF_SUPRAMOLECULAR_FIBER_ORGANIZATION,1,53,50,1500,0.5660377358490566,0.8394633427053331,Apoe,1.0
drug1,GO_BP,GOBP_REGULATION_OF_SYNAPSE_ASSEMBLY,0,30,50,1500,0.0,1.0,,1.0
drug1,GO_BP,GOBP_REGULATION_OF_SYNAPSE_STRUCTURE_OR_ACTIVITY,1,59,50,1500,0.5084745762711864,0.870048912752537,Apoe,1.0
drug1,GO_BP,GOBP_REGULATION_OF_SYNAPTIC_PLASTICITY,2,55,50,1500,1.090909090909091,0.5556112094093976,Apoe|Tyrobp,1.0
drug1,GO_BP,GOBP_REGULATION_OF_SYNAPTIC_TRANSMISSION_GLUTAMATERGIC,1,21,50,1500,1.4285714285714286,0.5116902720131731,Glul,1.0
drug1,GO_BP,GOBP_REGULATION_OF_SYSTEMIC_ARTERIAL_BLOOD_PRESSURE,1,22,50,1500,1.3636363636363638,0.5281983764075895,Ttr,1.0
drug1,GO_BP,GOBP_REGULATION_OF_SYSTEM_PROCESS,4,102,50,1500,1.1764705882352942,0.4459635326567103,Apoe|Ccn3|Dab2|Ttr,1.0
drug1,GO_BP,GOBP_REGULATION_OF_TISSUE_REMODELING,0,17,50,1500,0.0,1.0,,1.0
drug1,GO_BP,GOBP_REGULATION_OF_TRANSFERASE_ACTIVITY,5,59,50,1500,2.5423728813559325,0.043224040181319465,Apoe|Ccn1|Lilrb4a|Mt3|Zeb2,0.6215846486251694
drug1,GO_BP,GOBP_REGULATION_OF_TRANSLATION,0,13,50,1500,0.0,1.0,,1.0
drug1,GO_BP,GOBP_REGULATION_OF_TRANSMEMBRANE_RECEPTOR_PROTEIN_SERINE_THREONINE_KINASE_SIGNALING_PATHWAY,4,36,50,1500,3.3333333333333335,0.02931236097787959,Ccn1|Ccn3|Dab2|Zeb2,0.5412793930574356
drug1,GO_BP,GOBP_REGULATION_OF_TRANSMEMBRANE_TRANSPORT,1,67,50,1500,0.44776119402985076,0.9021004487597856,Ctss,1.0
drug1,GO_BP,GOBP_REGULATION_OF_TRANSPORT,6,223,50,1500,0.8071748878923767,0.7774858117204244,Apoe|Bsg|Ccn3|Ctss|Dab2|Glul,1.0
drug1,GO_BP,GOBP_REGULATION_OF_TRANSPORTER_ACTIVITY,1,30,50,1500,1.0,0.6419855589414076,Ctss,1.0
drug1,GO_BP,GOBP_REGULATION_OF_TRANS_SYNAPTIC_SIGNALING,3,113,50,1500,0.7964601769911505,0.7417982753319027,Apoe|Glul|Tyrobp,1.0
drug1,GO_BP,GOBP_REGULATION_OF_TUBE_SIZE,1,39,50,1500,0.7692307692307692,0.7380227031427208,Apoe,1.0
drug1,GO_BP,GOBP_REGULATION_OF_T_CELL_ACTIVATION,2,50,50,1500,1.2,0.5033344253193706,Lilrb4a|Pf4,1.0
drug1,GO_BP,GOBP_REGULATION_OF_T_CELL_PROLIFERATION,1,29,50,1500,1.0344827586206897,0.6293882879681989,Lilrb4a,1.0
drug1,GO_BP,GOBP_REGULATION_OF_UBIQUITIN_DEPENDENT_PROTEIN_CATABOLIC_PROCESS,1,11,50,1500,2.7272727272727275,0.31215205147852715,Dab2,1.0
drug1,GO_BP,GOBP_REGULATION_OF_VASCULAR_PERMEABILITY,2,14,50,1500,4.285714285714286,0.07677394817604072,Apoe|Zeb2,0.7748923340749452
drug1,GO_BP,GOBP_REGULATION_OF_VASCULATURE_DEVELOPMENT,4,65,50,1500,1.8461538461538463,0.16752770205961204,Cybb|Glul|Pf4|Stab1,0.9653635313718779
drug1,GO_BP,GOBP_REGULATION_OF_VASOCONSTRICTION,0,15,50,1500,0.0,1.0,,1.0
drug1,GO_BP,GOBP_REGULATION_OF_VESICLE_FUSION,0,12,50,1500,0.0,1.0,,1.0
drug1,GO_BP,GOBP_REGULATION_OF_VESICLE_MEDIATED_TRANSPORT,2,74,50,1500,0.8108108108108107,0.7186447344321347,Apoe|Dab2,1.0
drug1,GO_BP,GOBP_REGULATION_OF_VIRAL_GENOME_REPLICATION,1,11,50,1500,2.7272727272727275,0.31215205147852715,Ifi207,1.0
drug1,GO_BP,GOBP_REGULATION_OF_VIRAL_LIFE_CYCLE,2,14,50,1500,4.285714285714286,0.07677394817604072,Bsg|Ifi207,0.7748923340749452
drug1,GO_BP,GOBP_REGULATION_OF_VIRAL_PROCESS,2,15,50,1500,4.0,0.08674586941049843,Bsg|Ifi207,0.7988346799125815
drug1,GO_BP,GOBP_REGULATION_OF_WNT_SIGNALING_PATHWAY,3,33,50,1500,2.727272727272727,0.09437465903438064,Apoe|Dab2|Zeb2,0.8174231842944931
drug1,GO_BP,GOBP_REGULATION_OF_WOUND_HEALING,1,23,50,1500,1.3043478260869565,0.5441591891136924,Apoe,1.0
drug1,GO_BP,GOBP_RENAL_SYSTEM_DEVELOPMENT,0,63,50,1500,0.0,1.0,,1.0
drug1,GO_BP,GOBP_RENAL_SYSTEM_PROCESS,2,13,50,1500,4.615384615384615,0.06720522304156554,Dab2|Ttr,0.732942868741906
drug1,GO_BP,GOBP_RENAL_SYSTEM_VASCULATURE_DEVELOPMENT,0,11,50,1500,0.0,1.0,,1.0
drug1,GO_BP,GOBP_RENAL_TUBULE_DEVELOPMENT,0,16,50,1500,0.0,1.0,,1.0
drug1,GO_BP,GOBP_RENAL_TUBULE_MORPHOGENESIS,0,13,50,1500,0.0,1.0,,1.0
drug1,GO_BP,GOBP_REPRODUCTIVE_PROCESS,4,173,50,1500,0.6936416184971098,0.8478576351784972,Bsg|Folr2|Fos|Junb,1.0
drug1,GO_BP,GOBP_REPRODUCTIVE_SYSTEM_DEVELOPMENT,0,48,50,1500,0.0,1.0,,1.0
drug1,GO_BP,GOBP_RESPIRATORY_GASEOUS_EXCHANGE_BY_RESPIRATORY_SYSTEM,1,12,50,1500,2.5,0.33524969917904673,Mafb,1.0
drug1,GO_BP,GOBP_RESPIRATORY_SYSTEM_DEVELOPMENT,2,45,50,1500,1.3333333333333333,0.4474305107818257,Ctsd|Mgp,1.0
drug1,GO_BP,GOBP_RESPONSE_TO_ABIOTIC_STIMULUS,9,161,50,1500,1.6770186335403727,0.07919259245760212,Ctss|Cybb|Fos|Ifi207|Mt3|Ttr|Zeb2|mt-Co2|mt-Nd4,0.7827596214771039
drug1,GO_BP,GOBP_RESPONSE_TO_ACID_CHEMICAL,1,31,50,1500,0.9677419354838709,0.6541629208821762,Cybb,1.0
drug1,GO_BP,GOBP_RESPONSE_TO_ACTIVITY,1,17,50,1500,1.7647058823529411,0.4398083575301246,Fos,1.0
drug1,GO_BP,GOBP_RESPONSE_TO_ALCOHOL,4,37,50,1500,3.243243243243243,0.03207321176489885,Cybb|Fos|Pf4|mt-Nd4,0.5665105338908765
drug1,GO_BP,GOBP_RESPONSE_TO_ALKALOID,0,23,50,1500,0.0,1.0,,1.0
drug1,GO_BP,GOBP_RESPONSE_TO_AMINE,0,11,50,1500,0.0,1.0,,1.0
drug1,GO_BP,GOBP_RESPONSE_TO_AMYLOID_BETA,0,12,50,1500,0.0,1.0,,1.0
drug1,GO_BP,GOBP_RESPONSE_TO_ANGIOTENSIN,1,10,50,1500,3.0,0.2882684421548648,Cybb,1.0
drug1,GO_BP,GOBP_RESPONSE_TO_AUDITORY_STIMULUS,0,10,50,1500,0.0,1.0,,1.0
drug1,GO_BP,GOBP_RESPONSE_TO_AXON_INJURY,2,20,50,1500,3.0,0.14144844471358778,Apoe|Tyrobp,0.901387147684628
drug1,GO_BP,GOBP_RESPONSE_TO_BACTERIUM,8,101,50,1500,2.376237623762376,0.016085583399799038,Fos|Lilrb4a|Ly86|Lyz2|Mrc1|Pf4|Stab1|Wfdc17,0.43565121707789056
drug1,GO_BP,GOBP_RESPONSE_TO_BIOTIC_STIMULUS,14,177,50,1500,2.3728813559322033,0.001220608081435019,Apoe|C1qc|Cybb|Fcna|Fos|Ifi207|Lilrb4a|Ly86|Lyz2|Mrc1|Pf4|Stab1|Tyrobp|Wfdc17,0.1511146857023532
drug1,GO_BP,GOBP_RESPONSE_TO_BMP,1,28,50,1500,1.0714285714285714,0.616356933817995,Ccn1,1.0
drug1,GO_BP,GOBP_RESPONSE_TO_CADMIUM_ION,4,11,50,1500,10.90909090909091,0.00030394331694940795,Cybb|Fos|Mt1|Mt3,0.08231798167379799
drug1,GO_BP,GOBP_RESPONSE_TO_CALCIUM_ION,2,29,50,1500,2.0689655172413794,0.25147901761228364,Fos|Junb,1.0
drug1,GO_BP,GOBP_RESPONSE_TO_CAMP,2,14,50,1500,4.285714285714286,0.07677394817604072,Bsg|Fos,0.7748923340749452
drug1,GO_BP,GOBP_RESPONSE_TO_CARBOHYDRATE,2,35,50,1500,1.7142857142857142,0.32686990772459135,Glul|Zbtb20,1.0
drug1,GO_BP,GOBP_RESPONSE_TO_CHEMOKINE,0,11,50,1500,0.0,1.0,,1.0
drug1,GO_BP,GOBP_RESPONSE_TO_COCAINE,0,15,50,1500,0.0,1.0,,1.0
drug1,GO_BP,GOBP_RESPONSE_TO_COPPER_ION,2,12,50,1500,5.0,0.05807792677281182,Mt1|Mt3,0.6890809104821537
drug1,GO_BP,GOBP_RESPONSE_TO_CORTICOSTEROID,3,27,50,1500,3.333333333333333,0.058094821376033876,Cybb|Fos|Pf4,0.6890809104821537
drug1,GO_BP,GOBP_RESPONSE_TO_DECREASED_OXYGEN_LEVELS,6,62,50,1500,2.9032258064516125,0.014915545487544335,Cybb|Fos|Mt3|Zeb2|mt-Co2|mt-Nd4,0.43281716816534904
drug1,GO_BP,GOBP_RESPONSE_TO_ENDOGENOUS_STIMULUS,12,219,50,1500,1.6438356164383563,0.04991842240567499,Apoe|Bsg|Ccn1|Ctsd|Cybb|Dab2|Fos|Junb|Mt3|Pf4|Zeb2|Zfhx3,0.6648970197477201
drug1,GO_BP,GOBP_RESPONSE_TO_ENDOPLASMIC_RETICULUM_STRESS,0,17,50,1500,0.0,1.0,,1.0
drug1,GO_BP,GOBP_RESPONSE_TO_ESTRADIOL,0,16,50,1500,0.0,1.0,,1.0
drug1,GO_BP,GOBP_RESPONSE_TO_ESTROGEN,0,14,50,1500,0.0,1.0,,1.0
drug1,GO_BP,GOBP_RESPONSE_TO_ETHANOL,3,20,50,1500,4.5,0.026644162448827665,Cybb|Fos|mt-Nd4,0.5171090086925019
drug1,GO_BP,GOBP_RESPONSE_TO_FATTY_ACID,0,11,50,1500,0.0,1.0,,1.0
drug1,GO_BP,GOBP_RESPONSE_TO_FIBROBLAST_GROWTH_FACTOR,0,34,50,1500,0.0,1.0,,1.0
drug1,GO_BP,GOBP_RESPONSE_TO_GROWTH_FACTOR,6,124,50,1500,1.4516129032258063,0.22708374858897806,Ccn1|Dab2|Fos|Mt3|Zeb2|Zfhx3,1.0
drug1,GO_BP,GOBP_RESPONSE_TO_HEAT,0,16,50,1500,0.0,1.0,,1.0
drug1,GO_BP,GOBP_RESPONSE_TO_HORMONE,8,135,50,1500,1.7777777777777777,0.07341326049424611,Bsg|Ctsd|Cybb|Dab2|Fos|Junb|Mt3|Pf4,0.7745272534381529
drug1,GO_BP,GOBP_RESPONSE_TO_HYDROGEN_PEROXIDE,0,15,50,1500,0.0,1.0,,1.0
drug1,GO_BP,GOBP_RESPONSE_TO_INSULIN,2,44,50,1500,1.3636363636363638,0.4358505956229922,Ctsd|Fos,1.0
drug1,GO_BP,GOBP_RESPONSE_TO_INTERFERON_BETA,1,13,50,1500,2.3076923076923075,0.3575867388571701,Ifi207,1.0
drug1,GO_BP,GOBP_RESPONSE_TO_INTERLEUKIN_1,0,14,50,1500,0.0,1.0,,1.0
drug1,GO_BP,GOBP_RESPONSE_TO_IONIZING_RADIATION,1,14,50,1500,2.142857142857143,0.3791877227557184,Ifi207,1.0
drug1,GO_BP,GOBP_RESPONSE_TO_ISCHEMIA,0,12,50,1500,0.0,1.0,,1.0
drug1,GO_BP,GOBP_RESPONSE_TO_KETONE,3,31,50,1500,2.9032258064516125,0.0814070006336188,Cybb|Fos|Pf4,0.7827596214771039
drug1,GO_BP,GOBP_RESPONSE_TO_LEUKEMIA_INHIBITORY_FACTOR,0,15,50,1500,0.0,1.0,,1.0
drug1,GO_BP,GOBP_RESPONSE_TO_LIGHT_STIMULUS,2,37,50,1500,1.6216216216216215,0.3516951994318052,Fos|Ttr,1.0
drug1,GO_BP,GOBP_RESPONSE_TO_LIPID,8,122,50,1500,1.9672131147540985,0.04460886661746644,Cybb|Dab2|Fos|Junb|Lilrb4a|Ly86|Mrc1|Pf4,0.6358720022226577
drug1,GO_BP,GOBP_RESPONSE_TO_MACROPHAGE_COLONY_STIMULATING_FACTOR,0,21,50,1500,0.0,1.0,,1.0
drug1,GO_BP,GOBP_RESPONSE_TO_MECHANICAL_STIMULUS,1,46,50,1500,0.6521739130434783,0.7947990506428715,Fos,1.0
drug1,GO_BP,GOBP_RESPONSE_TO_METAL_ION,6,64,50,1500,2.8125,0.017287838943909183,Bsg|Cybb|Fos|Junb|Mt1|Mt3,0.4389490356851941
drug1,GO_BP,GOBP_RESPONSE_TO_MOLECULE_OF_BACTERIAL_ORIGIN,5,52,50,1500,2.8846153846153846,0.02673055798779702,Fos|Lilrb4a|Ly86|Mrc1|Pf4,0.5171090086925019
drug1,GO_BP,GOBP_RESPONSE_TO_NERVE_GROWTH_FACTOR,0,11,50,1500,0.0,1.0,,1.0
drug1,GO_BP,GOBP_RESPONSE_TO_NICOTINE,1,11,50,1500,2.7272727272727275,0.31215205147852715,mt-Nd4,1.0
drug1,GO_BP,GOBP_RESPONSE_TO_NITROGEN_COMPOUND,6,154,50,1500,1.1688311688311688,0.40863744080164227,Apoe|Bsg|Ctsd|Cybb|Folr2|Fos,1.0
drug1,GO_BP,GOBP_RESPONSE_TO_NUTRIENT,3,28,50,1500,3.2142857142857144,0.06357900563394787,Cybb|Folr2|Mafb,0.7136739200227588
drug1,GO_BP,GOBP_RESPONSE_TO_NUTRIENT_LEVELS,9,68,50,1500,3.9705882352941178,0.00026830873922204933,Apoe|Cybb|Folr2|Fos|Glul|Ifi207|Mafb|Mt3|Zeb2,0.08231798167379799
drug1,GO_BP,GOBP_RESPONSE_TO_ORGANOPHOSPHORUS,2,20,50,1500,3.0,0.14144844471358778,Bsg|Fos,0.901387147684628
drug1,GO_BP,GOBP_RESPONSE_TO_OSMOTIC_STRESS,0,11,50,1500,0.0,1.0,,1.0
drug1,GO_BP,GOBP_RESPONSE_TO_OXIDATIVE_STRESS,4,46,50,1500,2.608695652173913,0.06368167286356924,Apoe|Fos|Gpx3|Mt3,0.7136739200227588
drug1,GO_BP,GOBP_RESPONSE_TO_OXYGEN_LEVELS,6,65,50,1500,2.7692307692307696,0.01856725010170662,Cybb|Fos|Mt3|Zeb2|mt-Co2|mt-Nd4,0.4560509177449006
drug1,GO_BP,GOBP_RESPONSE_TO_PAIN,0,13,50,1500,0.0,1.0,,1.0
drug1,GO_BP,GOBP_RESPONSE_TO_PEPTIDE,5,129,50,1500,1.1627906976744187,0.43283101269391866,Fos|Ifi207|Mrc1|Mt3|Pf4,1.0
drug1,GO_BP,GOBP_RESPONSE_TO_PEPTIDE_HORMONE,4,71,50,1500,1.6901408450704225,0.20860697435532818,Bsg|Ctsd|Cybb|Fos,1.0
drug1,GO_BP,GOBP_RESPONSE_TO_PROGESTERONE,1,10,50,1500,3.0,0.2882684421548648,Fos,1.0
drug1,GO_BP,GOBP_RESPONSE_TO_PURINE_CONTAINING_COMPOUND,2,22,50,1500,2.7272727272727275,0.1650200797304365,Bsg|Fos,0.9613335560775152
drug1,GO_BP,GOBP_RESPONSE_TO_RADIATION,3,49,50,1500,1.836734693877551,0.22183535858597545,Fos|Ifi207|Ttr,1.0
drug1,GO_BP,GOBP_RESPONSE_TO_REACTIVE_OXYGEN_SPECIES,2,29,50,1500,2.0689655172413794,0.25147901761228364,Fos|Mt3,1.0
drug1,GO_BP,GOBP_RESPONSE_TO_RETINOIC_ACID,0,15,50,1500,0.0,1.0,,1.0
drug1,GO_BP,GOBP_RESPONSE_TO_STARVATION,3,19,50,1500,4.736842105263158,0.023183209906023995,Fos|Glul|Ifi207,0.4944039286765775
drug1,GO_BP,GOBP_RESPONSE_TO_STEM_CELL_FACTOR,0,19,50,1500,0.0,1.0,,1.0
drug1,GO_BP,GOBP_RESPONSE_TO_STEROID_HORMONE,5,44,50,1500,3.409090909090909,0.013652438310575388,Cybb|Dab2|Fos|Junb|Pf4,0.4172059844448404
drug1,GO_BP,GOBP_RESPONSE_TO_TEMPERATURE_STIMULUS,0,22,50,1500,0.0,1.0,,1.0
drug1,GO_BP,GOBP_RESPONSE_TO_TOXIC_SUBSTANCE,5,38,50,1500,3.947368421052632,0.007338309865952823,Apoe|Fos|Gpx3|Mt1|Mt3,0.2839227031469842
drug1,GO_BP,GOBP_RESPONSE_TO_TRANSFORMING_GROWTH_FACTOR_BETA,4,38,50,1500,3.1578947368421053,0.034983200223598375,Dab2|Fos|Zeb2|Zfhx3,0.5983968459299722
drug1,GO_BP,GOBP_RESPONSE_TO_TUMOR_NECROSIS_FACTOR,1,24,50,1500,1.25,0.5595904961849962,Fos,1.0
drug1,GO_BP,GOBP_RESPONSE_TO_TYPE_II_INTERFERON,1,16,50,1500,1.875,0.4202758734830577,Mrc1,1.0
drug1,GO_BP,GOBP_RESPONSE_TO_UV,0,14,50,1500,0.0,1.0,,1.0
drug1,GO_BP,GOBP_RESPONSE_TO_VIRUS,1,33,50,1500,0.9090909090909091,0.6773123609777841,Ifi207,1.0
drug1,GO_BP,GOBP_RESPONSE_TO_VITAMIN,1,16,50,1500,1.875,0.4202758734830577,Folr2,1.0
drug1,GO_BP,GOBP_RESPONSE_TO_WOUNDING,6,101,50,1500,1.7821782178217822,0.11451833961970471,Apoe|Ccn1|F13a1|Lilrb4a|Pf4|Tyrobp,0.8769645664236938
drug1,GO_BP,GOBP_RESPONSE_TO_XENOBIOTIC_STIMULUS,2,58,50,1500,1.0344827586206897,0.5851264814879288,Cybb|Fos,1.0
drug1,GO_BP,GOBP_RETINA_DEVELOPMENT_IN_CAMERA_TYPE_EYE,2,41,50,1500,1.4634146341463414,0.40039713749493766,Bsg|Fos,1.0
drug1,GO_BP,GOBP_RETINA_MORPHOGENESIS_IN_CAMERA_TYPE_EYE,0,16,50,1500,0.0,1.0,,1.0
drug1,GO_BP,GOBP_RHO_PROTEIN_SIGNAL_TRANSDUCTION,1,16,50,1500,1.875,0.4202758734830577,Apoe,1.0
drug1,GO_BP,GOBP_RHYTHMIC_PROCESS,1,43,50,1500,0.6976744186046512,0.7721193007548377,Zfhx3,1.0
drug1,GO_BP,GOBP_RIBONUCLEOTIDE_CATABOLIC_PROCESS,1,12,50,1500,2.5,0.33524969917904673,Zbtb20,1.0
drug1,GO_BP,GOBP_RIBOSE_PHOSPHATE_METABOLIC_PROCESS,2,23,50,1500,2.608695652173913,0.17706049687331893,Zbtb20|mt-Nd4,0.9760661983726833
drug1,GO_BP,GOBP_RNA_PROCESSING,0,16,50,1500,0.0,1.0,,1.0
drug1,GO_BP,GOBP_RNA_SPLICING,0,12,50,1500,0.0,1.0,,1.0
drug1,GO_BP,GOBP_ROOF_OF_MOUTH_DEVELOPMENT,0,12,50,1500,0.0,1.0,,1.0
drug1,GO_BP,GOBP_SARCOMERE_ORGANIZATION,0,13,50,1500,0.0,1.0,,1.0
drug1,GO_BP,GOBP_SECRETION,6,147,50,1500,1.2244897959183672,0.3647737631880828,Apoe|Bsg|Ccn3|Dab2|Glul|mt-Co2,1.0
drug1,GO_BP,GOBP_SECRETORY_GRANULE_LOCALIZATION,0,10,50,1500,0.0,1.0,,1.0
drug1,GO_BP,GOBP_SEGMENTATION,2,16,50,1500,3.75,0.0970847228115921,Mafb|Zeb2,0.8174231842944931
drug1,GO_BP,GOBP_SEMAPHORIN_PLEXIN_SIGNALING_PATHWAY,1,13,50,1500,2.3076923076923075,0.3575867388571701,Tyrobp,1.0
drug1,GO_BP,GOBP_SENSORY_ORGAN_DEVELOPMENT,4,113,50,1500,1.0619469026548674,0.5283859790742791,Bsg|Fos|Mafb|Zeb2,1.0
drug1,GO_BP,GOBP_SENSORY_ORGAN_MORPHOGENESIS,1,47,50,1500,0.6382978723404256,0.8018554794378209,Mafb,1.0
drug1,GO_BP,GOBP_SENSORY_PERCEPTION,1,53,50,1500,0.5660377358490566,0.8394633427053331,Ccn3,1.0
drug1,GO_BP,GOBP_SENSORY_PERCEPTION_OF_LIGHT_STIMULUS,0,19,50,1500,0.0,1.0,,1.0
drug1,GO_BP,GOBP_SENSORY_PERCEPTION_OF_MECHANICAL_STIMULUS,0,28,50,1500,0.0,1.0,,1.0
drug1,GO_BP,GOBP_SENSORY_PERCEPTION_OF_PAIN,1,13,50,1500,2.3076923076923075,0.3575867388571701,Ccn3,1.0
drug1,GO_BP,GOBP_SENSORY_SYSTEM_DEVELOPMENT,3,80,50,1500,1.125,0.5053354098134183,Bsg|Fos|Zeb2,1.0
drug1,GO_BP,GOBP_SEQUESTERING_OF_CALCIUM_ION,0,15,50,1500,0.0,1.0,,1.0
drug1,GO_BP,GOBP_SEXUAL_REPRODUCTION,2,98,50,1500,0.6122448979591837,0.8513183888524986,Bsg|Folr2,1.0
drug1,GO_BP,GOBP_SEX_DIFFERENTIATION,0,39,50,1500,0.0,1.0,,1.0
drug1,GO_BP,GOBP_SIGNAL_RELEASE,3,88,50,1500,1.0227272727272727,0.5716851175464279,Ccn3|Dab2|Glul,1.0
drug1,GO_BP,GOBP_SIGNAL_TRANSDUCTION_BY_P53_CLASS_MEDIATOR,1,15,50,1500,2.0,0.4000764265660914,Ifi207,1.0
drug1,GO_BP,GOBP_SIGNAL_TRANSDUCTION_IN_RESPONSE_TO_DNA_DAMAGE,0,13,50,1500,0.0,1.0,,1.0
drug1,GO_BP,GOBP_SINGLE_FERTILIZATION,1,12,50,1500,2.5,0.33524969917904673,Folr2,1.0
drug1,GO_BP,GOBP_SISTER_CHROMATID_SEGREGATION,0,19,50,1500,0.0,1.0,,1.0
drug1,GO_BP,GOBP_SKELETAL_MUSCLE_CELL_DIFFERENTIATION,1,12,50,1500,2.5,0.33524969917904673,Fos,1.0
drug1,GO_BP,GOBP_SKELETAL_MUSCLE_ORGAN_DEVELOPMENT,1,30,50,1500,1.0,0.6419855589414076,Fos,1.0
drug1,GO_BP,GOBP_SKELETAL_SYSTEM_DEVELOPMENT,4,87,50,1500,1.3793103448275863,0.3289876516066894,Ccn1|Ccn3|Mgp|Tyrobp,1.0
drug1,GO_BP,GOBP_SKELETAL_SYSTEM_MORPHOGENESIS,0,32,50,1500,0.0,1.0,,1.0
drug1,GO_BP,GOBP_SKIN_DEVELOPMENT,1,33,50,1500,0.9090909090909091,0.6773123609777841,Mafb,1.0
drug1,GO_BP,GOBP_SKIN_EPIDERMIS_DEVELOPMENT,0,20,50,1500,0.0,1.0,,1.0
drug1,GO_BP,GOBP_SMAD_PROTEIN_SIGNAL_TRANSDUCTION,3,10,50,1500,9.0,0.0035480063258161673,Ccn3|Dab2|Fos,0.21493005304834648
drug1,GO_BP,GOBP_SMALL_GTPASE_MEDIATED_SIGNAL_TRANSDUCTION,1,47,50,1500,0.6382978723404256,0.8018554794378209,Apoe,1.0
drug1,GO_BP,GOBP_SMALL_MOLECULE_BIOSYNTHETIC_PROCESS,3,50,50,1500,1.7999999999999998,0.23078688437825404,Apoe|Dab2|Glul,1.0
drug1,GO_BP,GOBP_SMALL_MOLECULE_CATABOLIC_PROCESS,1,21,50,1500,1.4285714285714286,0.5116902720131731,Apoe,1.0
drug1,GO_BP,GOBP_SMALL_MOLECULE_METABOLIC_PROCESS,7,128,50,1500,1.640625,0.127371840889393,Apoe|Cbr2|Dab2|Glul|Ttr|Zbtb20|mt-Nd4,0.900104864384599
drug1,GO_BP,GOBP_SMOOTH_MUSCLE_CELL_DIFFERENTIATION,0,19,50,1500,0.0,1.0,,1.0
drug1,GO_BP,GOBP_SMOOTH_MUSCLE_CELL_MIGRATION,1,32,50,1500,0.9375,0.6659340944396241,Ccn3,1.0
drug1,GO_BP,GOBP_SMOOTH_MUSCLE_CELL_PROLIFERATION,2,43,50,1500,1.3953488372093024,0.424148062560875,Apoe|Ccn3,1.0
drug1,GO_BP,GOBP_SMOOTH_MUSCLE_CONTRACTION,0,26,50,1500,0.0,1.0,,1.0
drug1,GO_BP,GOBP_SODIUM_ION_HOMEOSTASIS,0,13,50,1500,0.0,1.0,,1.0
drug1,GO_BP,GOBP_SODIUM_ION_TRANSMEMBRANE_TRANSPORT,0,33,50,1500,0.0,1.0,,1.0
drug1,GO_BP,GOBP_SODIUM_ION_TRANSPORT,0,39,50,1500,0.0,1.0,,1.0
drug1,GO_BP,GOBP_SOMATIC_STEM_CELL_POPULATION_MAINTENANCE,0,10,50,1500,0.0,1.0,,1.0
drug1,GO_BP,GOBP_SOMITE_DEVELOPMENT,1,11,50,1500,2.7272727272727275,0.31215205147852715,Zeb2,1.0
drug1,GO_BP,GOBP_SOMITOGENESIS,1,11,50,1500,2.7272727272727275,0.31215205147852715,Zeb2,1.0
drug1,GO_BP,GOBP_SPECIFICATION_OF_SYMMETRY,0,18,50,1500,0.0,1.0,,1.0
drug1,GO_BP,GOBP_SPERMATID_DIFFERENTIATION,0,27,50,1500,0.0,1.0,,1.0
drug1,GO_BP,GOBP_SPERM_FLAGELLUM_ASSEMBLY,0,10,50,1500,0.0,1.0,,1.0
drug1,GO_BP,GOBP_SPHINGOLIPID_METABOLIC_PROCESS,1,10,50,1500,3.0,0.2882684421548648,Ccn1,1.0
drug1,GO_BP,GOBP_SPINAL_CORD_DEVELOPMENT,0,15,50,1500,0.0,1.0,,1.0
drug1,GO_BP,GOBP_SPINDLE_ASSEMBLY,0,12,50,1500,0.0,1.0,,1.0
drug1,GO_BP,GOBP_SPINDLE_ORGANIZATION,0,16,50,1500,0.0,1.0,,1.0
drug1,GO_BP,GOBP_SPROUTING_ANGIOGENESIS,1,32,50,1500,0.9375,0.6659340944396241,Glul,1.0
drug1,GO_BP,GOBP_STARTLE_RESPONSE,0,10,50,1500,0.0,1.0,,1.0
drug1,GO_BP,GOBP_STEM_CELL_DEVELOPMENT,1,25,50,1500,1.2,0.5745095173169409,Zeb2,1.0
drug1,GO_BP,GOBP_STEM_CELL_DIFFERENTIATION,1,42,50,1500,0.7142857142857143,0.764026946378234,Zeb2,1.0
drug1,GO_BP,GOBP_STEM_CELL_PROLIFERATION,1,26,50,1500,1.1538461538461537,0.5889329235095868,Dab2,1.0
drug1,GO_BP,GOBP_STEROID_BIOSYNTHETIC_PROCESS,2,11,50,1500,5.454545454545455,0.04943234891824236,Apoe|Dab2,0.6638641900177176
drug1,GO_BP,GOBP_STEROID_METABOLIC_PROCESS,2,26,50,1500,2.3076923076923075,0.21392436250078883,Apoe|Dab2,1.0
drug1,GO_BP,GOBP_STEROL_TRANSPORT,1,10,50,1500,3.0,0.2882684421548648,Apoe,1.0
drug1,GO_BP,GOBP_STRESS_FIBER_ASSEMBLY,2,16,50,1500,3.75,0.0970847228115921,Myl9|Zeb2,0.8174231842944931
drug1,GO_BP,GOBP_STRIATED_MUSCLE_CELL_DIFFERENTIATION,2,52,50,1500,1.1538461538461537,0.5246983784805676,Ccn3|Myl9,1.0
drug1,GO_BP,GOBP_STRIATED_MUSCLE_CELL_PROLIFERATION,1,16,50,1500,1.875,0.4202758734830577,Fos,1.0
drug1,GO_BP,GOBP_STRIATED_MUSCLE_CONTRACTION,0,30,50,1500,0.0,1.0,,1.0
drug1,GO_BP,GOBP_SUBSTRATE_ADHESION_DEPENDENT_CELL_SPREADING,1,19,50,1500,1.5789473684210527,0.4769581022710094,Dab2,1.0
drug1,GO_BP,GOBP_SULFUR_COMPOUND_BIOSYNTHETIC_PROCESS,0,10,50,1500,0.0,1.0,,1.0
drug1,GO_BP,GOBP_SULFUR_COMPOUND_METABOLIC_PROCESS,0,18,50,1500,0.0,1.0,,1.0
drug1,GO_BP,GOBP_SULFUR_COMPOUND_TRANSPORT,0,13,50,1500,0.0,1.0,,1.0
drug1,GO_BP,GOBP_SUPEROXIDE_METABOLIC_PROCESS,3,10,50,1500,9.0,0.0035480063258161673,Cybb|Mt3|Tyrobp,0.21493005304834648
drug1,GO_BP,GOBP_SUPRAMOLECULAR_FIBER_ORGANIZATION,3,110,50,1500,0.8181818181818182,0.7245188173478939,Apoe|Myl9|Zeb2,1.0
drug1,GO_BP,GOBP_SYMBIONT_ENTRY_INTO_HOST,1,10,50,1500,3.0,0.2882684421548648,Bsg,1.0
drug1,GO_BP,GOBP_SYNAPSE_ASSEMBLY,0,50,50,1500,0.0,1.0,,1.0
drug1,GO_BP,GOBP_SYNAPSE_MATURATION,0,11,50,1500,0.0,1.0,,1.0
drug1,GO_BP,GOBP_SYNAPSE_ORGANIZATION,2,105,50,1500,0.5714285714285714,0.8778026957301845,Apoe|C1qc,1.0
drug1,GO_BP,GOBP_SYNAPTIC_SIGNALING,3,147,50,1500,0.6122448979591836,0.8838566369231199,Apoe|Glul|Tyrobp,1.0
drug1,GO_BP,GOBP_SYNAPTIC_TRANSMISSION_GABAERGIC,0,10,50,1500,0.0,1.0,,1.0
drug1,GO_BP,GOBP_SYNAPTIC_TRANSMISSION_GLUTAMATERGIC,1,31,50,1500,0.9677419354838709,0.6541629208821762,Glul,1.0
drug1,GO_BP,GOBP_SYNAPTIC_VESICLE_CYCLE,0,30,50,1500,0.0,1.0,,1.0
drug1,GO_BP,GOBP_SYNAPTIC_VESICLE_EXOCYTOSIS,0,21,50,1500,0.0,1.0,,1.0
drug1,GO_BP,GOBP_TAXIS,4,84,50,1500,1.4285714285714286,0.30567542038139156,Bsg|Ccn1|Ccn3|Pf4,1.0
drug1,GO_BP,GOBP_TELENCEPHALON_DEVELOPMENT,2,62,50,1500,0.9677419354838709,0.6222676450712645,Fos|Zeb2,1.0
drug1,GO_BP,GOBP_TEMPERATURE_HOMEOSTASIS,0,26,50,1500,0.0,1.0,,1.0
drug1,GO_BP,GOBP_TIGHT_JUNCTION_ORGANIZATION,0,16,50,1500,0.0,1.0,,1.0
drug1,GO_BP,GOBP_TISSUE_HOMEOSTASIS,3,44,50,1500,2.0454545454545454,0.17839486825642273,Bsg|Ctss|Zeb2,0.9760661983726833
drug1,GO_BP,GOBP_TISSUE_MIGRATION,1,15,50,1500,2.0,0.4000764265660914,Zeb2,1.0
drug1,GO_BP,GOBP_TISSUE_MORPHOGENESIS,5,98,50,1500,1.530612244897959,0.22418460908611118,Bsg|Ccn1|Ctsd|Mgp|Zeb2,1.0
drug1,GO_BP,GOBP_TISSUE_REGENERATION,1,15,50,1500,2.0,0.4000764265660914,Ccn3,1.0
drug1,GO_BP,GOBP_TISSUE_REMODELING,1,38,50,1500,0.7894736842105263,0.7287458866817691,Ctss,1.0
drug1,GO_BP,GOBP_TOR_SIGNALING,0,10,50,1500,0.0,1.0,,1.0
drug1,GO_BP,GOBP_TRABECULA_MORPHOGENESIS,0,10,50,1500,0.0,1.0,,1.0
drug1,GO_BP,GOBP_TRANSFORMING_GROWTH_FACTOR_BETA_RECEPTOR_SIGNALING_PATHWAY,3,22,50,1500,4.090909090909091,0.034352084177712426,Dab2|Fos|Zeb2,0.5938525190296031
drug1,GO_BP,GOBP_TRANSLATION,0,14,50,1500,0.0,1.0,,1.0
drug1,GO_BP,GOBP_TRANSMEMBRANE_TRANSPORT,5,168,50,1500,0.8928571428571429,0.6763298604529352,Ctss|Cybb|mt-Co2|mt-Co3|mt-Nd4,1.0
drug1,GO_BP,GOBP_TRANSMISSION_OF_NERVE_IMPULSE,0,23,50,1500,0.0,1.0,,1.0
drug1,GO_BP,GOBP_TRIGLYCERIDE_METABOLIC_PROCESS,1,11,50,1500,2.7272727272727275,0.31215205147852715,Apoe,1.0
drug1,GO_BP,GOBP_TUBE_DEVELOPMENT,12,204,50,1500,1.7647058823529411,0.030685086473820216,Apoe|Bsg|Ccn1|Ccn3|Ctsd|Cybb|Glul|Junb|Mgp|Pf4|Stab1|Zeb2,0.5586093032431193
drug1,GO_BP,GOBP_TUBE_FORMATION,1,20,50,1500,1.5,0.49461650530034706,Zeb2,1.0
drug1,GO_BP,GOBP_TUBE_MORPHOGENESIS,12,173,50,1500,2.0809248554913293,0.008860021460329841,Apoe|Bsg|Ccn1|Ccn3|Ctsd|Cybb|Glul|Junb|Mgp|Pf4|Stab1|Zeb2,0.3272167016599089
drug1,GO_BP,GOBP_TUMOR_NECROSIS_FACTOR_SUPERFAMILY_CYTOKINE_PRODUCTION,5,26,50,1500,5.769230769230769,0.0013019111383587353,Ccn1|Cybb|Lilrb4a|Tyrobp|Zbtb20,0.1511146857023532
drug1,GO_BP,GOBP_TYPE_2_IMMUNE_RESPONSE,1,10,50,1500,3.0,0.2882684421548648,Lilrb4a,1.0
drug1,GO_BP,GOBP_TYPE_II_INTERFERON_PRODUCTION,1,17,50,1500,1.7647058823529411,0.4398083575301246,Lilrb4a,1.0
drug1,GO_BP,GOBP_TYPE_I_INTERFERON_PRODUCTION,2,10,50,1500,6.0,0.04131092728840577,Tyrobp|Zbtb20,0.6047770886816161
drug1,GO_BP,GOBP_TYROSINE_PHOSPHORYLATION_OF_STAT_PROTEIN,0,10,50,1500,0.0,1.0,,1.0
drug1,GO_BP,GOBP_T_CELL_ACTIVATION,4,74,50,1500,1.6216216216216215,0.23019799603042054,Lilrb4a|Mafb|Pf4|Tyrobp,1.0
drug1,GO_BP,GOBP_T_CELL_ACTIVATION_INVOLVED_IN_IMMUNE_RESPONSE,2,20,50,1500,3.0,0.14144844471358778,Pf4|Tyrobp,0.901387147684628
drug1,GO_BP,GOBP_T_CELL_DIFFERENTIATION,3,40,50,1500,2.25,0.1456779707612884,Lilrb4a|Mafb|Pf4,0.914002712305381
drug1,GO_BP,GOBP_T_CELL_DIFFERENTIATION_INVOLVED_IN_IMMUNE_RESPONSE,1,11,50,1500,2.7272727272727275,0.31215205147852715,Pf4,1.0
drug1,GO_BP,GOBP_T_CELL_DIFFERENTIATION_IN_THYMUS,1,11,50,1500,2.7272727272727275,0.31215205147852715,Mafb,1.0
drug1,GO_BP,GOBP_T_CELL_MEDIATED_IMMUNITY,1,15,50,1500,2.0,0.4000764265660914,Lilrb4a,1.0
drug1,GO_BP,GOBP_T_CELL_PROLIFERATION,1,35,50,1500,0.8571428571428571,0.6989411842507965,Lilrb4a,1.0
drug1,GO_BP,GOBP_T_CELL_RECEPTOR_SIGNALING_PATHWAY,1,12,50,1500,2.5,0.33524969917904673,Lilrb4a,1.0
drug1,GO_BP,GOBP_T_HELPER_1_TYPE_IMMUNE_RESPONSE,0,10,50,1500,0.0,1.0,,1.0
drug1,GO_BP,GOBP_UNSATURATED_FATTY_ACID_METABOLIC_PROCESS,0,12,50,1500,0.0,1.0,,1.0
drug1,GO_BP,GOBP_VACUOLE_ORGANIZATION,1,11,50,1500,2.7272727272727275,0.31215205147852715,Ctsd,1.0
drug1,GO_BP,GOBP_VASCULAR_ASSOCIATED_SMOOTH_MUSCLE_CELL_DIFFERENTIATION,0,10,50,1500,0.0,1.0,,1.0
drug1,GO_BP,GOBP_VASCULAR_ASSOCIATED_SMOOTH_MUSCLE_CELL_MIGRATION,0,10,50,1500,0.0,1.0,,1.0
drug1,GO_BP,GOBP_VASCULAR_ASSOCIATED_SMOOTH_MUSCLE_CELL_PROLIFERATION,0,16,50,1500,0.0,1.0,,1.0
drug1,GO_BP,GOBP_VASCULAR_ENDOTHELIAL_GROWTH_FACTOR_PRODUCTION,1,11,50,1500,2.7272727272727275,0.31215205147852715,Bsg,1.0
drug1,GO_BP,GOBP_VASCULAR_ENDOTHELIAL_GROWTH_FACTOR_RECEPTOR_SIGNALING_PATHWAY,1,30,50,1500,1.0,0.6419855589414076,Mt3,1.0
drug1,GO_BP,GOBP_VASCULAR_ENDOTHELIAL_GROWTH_FACTOR_SIGNALING_PATHWAY,0,29,50,1500,0.0,1.0,,1.0
drug1,GO_BP,GOBP_VASCULAR_PROCESS_IN_CIRCULATORY_SYSTEM,2,55,50,1500,1.090909090909091,0.5556112094093976,Apoe|Zeb2,1.0
drug1,GO_BP,GOBP_VASCULATURE_DEVELOPMENT,9,152,50,1500,1.7763157894736843,0.05874749118126642,Apoe|Bsg|Ccn1|Ccn3|Cybb|Glul|Junb|Pf4|Stab1,0.6917729939823039
drug1,GO_BP,GOBP_VASCULOGENESIS,1,22,50,1500,1.3636363636363638,0.5281983764075895,Junb,1.0
drug1,GO_BP,GOBP_VASOCONSTRICTION,0,19,50,1500,0.0,1.0,,1.0
drug1,GO_BP,GOBP_VASODILATION,1,18,50,1500,1.6666666666666667,0.45869546617711976,Apoe,1.0
drug1,GO_BP,GOBP_VENTRICULAR_CARDIAC_MUSCLE_TISSUE_DEVELOPMENT,0,18,50,1500,0.0,1.0,,1.0
drug1,GO_BP,GOBP_VENTRICULAR_CARDIAC_MUSCLE_TISSUE_MORPHOGENESIS,0,12,50,1500,0.0,1.0,,1.0
drug1,GO_BP,GOBP_VENTRICULAR_SEPTUM_DEVELOPMENT,1,15,50,1500,2.0,0.4000764265660914,Ccn1,1.0
drug1,GO_BP,GOBP_VENTRICULAR_SEPTUM_MORPHOGENESIS,0,11,50,1500,0.0,1.0,,1.0
drug1,GO_BP,GOBP_VESICLE_LOCALIZATION,0,21,50,1500,0.0,1.0,,1.0
drug1,GO_BP,GOBP_VESICLE_MEDIATED_TRANSPORT,9,153,50,1500,1.7647058823529413,0.06082527957145783,Apoe|Cd163|Dab2|Lilrb4a|Lyve1|Mrc1|Siglech|Stab1|Tyrobp,0.7060077093115641
drug1,GO_BP,GOBP_VESICLE_MEDIATED_TRANSPORT_IN_SYNAPSE,0,38,50,1500,0.0,1.0,,1.0
drug1,GO_BP,GOBP_VESICLE_MEDIATED_TRANSPORT_TO_THE_PLASMA_MEMBRANE,0,11,50,1500,0.0,1.0,,1.0
drug1,GO_BP,GOBP_VESICLE_ORGANIZATION,2,29,50,1500,2.0689655172413794,0.25147901761228364,Apoe|Zeb2,1.0
drug1,GO_BP,GOBP_VIRAL_GENOME_REPLICATION,1,11,50,1500,2.7272727272727275,0.31215205147852715,Ifi207,1.0
drug1,GO_BP,GOBP_VIRAL_LIFE_CYCLE,3,23,50,1500,3.913043478260869,0.03859569973016896,Apoe|Bsg|Ifi207,0.6047770886816161
drug1,GO_BP,GOBP_VIRAL_PROCESS,3,27,50,1500,3.333333333333333,0.058094821376033876,Apoe|Bsg|Ifi207,0.6890809104821537
drug1,GO_BP,GOBP_VISUAL_BEHAVIOR,0,14,50,1500,0.0,1.0,,1.0
drug1,GO_BP,GOBP_WNT_SIGNALING_PATHWAY,3,44,50,1500,2.0454545454545454,0.17839486825642273,Apoe|Dab2|Zeb2,0.9760661983726833
drug1,GO_BP,GOBP_WOUND_HEALING,5,62,50,1500,2.419354838709677,0.05184193481386405,Apoe|Ccn1|F13a1|Lilrb4a|Pf4,0.6849036103457649
